chunk_num,utza'm,wach,te',uchuch,chub'inik,kumatz,kimi'al,xpiyakok,sel,qajuyub'al,xkikojo,kanajoq,xub'ij,kakib'ano,jusu',chulkiya',saqirik,jarub',naypu,k'im,kojb'e,kojb'ek,kojcha',taqol,juch'ob',k'aslik,chiqaya',nimak'axk'ol,xekuchu,xepixab'an,tza'm,chiqab'ij,nimatz'ikin,chiqaj,tz'u'm,jalajoj,q'equmal,kub'ul,ulo,utzijel,chik'astaj,xch'akataj,ra'il,ik'oq'ij,usachik,rax,xutz'onoj,uk'utb'al,xtikarik,xutzinik,xkitzukuj,chiwila',chiwil,iwach,xe'el,atan,karaj,xtikar,chutzinik,q'alel,ukab'awil,chiwinaqir,uti'ojil,nuwach,chuchaxik,q'apoj,je,iwumal,mama',keta'm,wub',q'o'l,saqil,ajtzik',upa,kikab'ichal,kaqan,jumaj,k'echelaj,kichi',xya',xkita'o,uch'akatajik,ch'umil,kiq'aq'al,xril,xe'ulik,choq',chuch,kal,xekel,chimalmat,k'ya,chib'ek,xkikoj,kib'ix,kiwa,keki'kotik,loq',b'elejeb',kaqix,sipakna,chajal,rixoqil,ukoq,unimal,ilol,chopon,uk'amik,b'anol,xojpe,utikarik,xpetik,xe'ik'owik,uwa,chuq'ab',itzel,k'axk'ol,anim,xkina',kinawal,kiwi',chik'am,xki'kot,kojkamik,xk'is,rismal,kepetoq,nimal,ch'utijuyub',quk',kaminaq,kamik,chaq'ab',umam,qajoq,awlix,xkanaj,kati't,ajlab'al,xub'ina'j,koj,ik',alom,k'ajolom,kikab'awil,kikamik,achij,kuchumakik',k'otuja,kitinamit,ajam,chaj,nija'ib'ab',b'aq,puchi',utiw,kichaq',saqiroq,ukik'el,chib'e,chawaxoq,xkitaq,kixoqil,xil,aq'ab'al,kiwachib'al,iwib',xkikuch,chuwi,xkitikib'a',qak'u'x,xkam,qachuch,xoponik,ub'ixik,k'axtok',qati't,ajawarem,cha,xcha,kib'e,iwuk',kich'ab'al,relik,are',ub'ina'm,xraj,mixb'isonik,jujunal,kiq'ij,aponoq,ch'utichikop,a',aq,xkilo,xkitz'onoj,tulan,chowen,b'atz',nimajuyub',nimaq,ujolom,xech'akataj,utzilaj,maja',xb'ek,tz'aq,xepetik,lab'al,kej,ajpop,ral,recha',jolom,xuk'am,naj,xch'awik,xsaqirik,qamam,chiwe,chupam,jom,kiq'ab',q'aq'chekeleb',qatzij,iwech,chel,xech'awik,kajawarem,ixoq,poy,tz'ikin,q'amja,b'it,ati't,uwe,utukel,kib'anoj,k'a'm,qib',kijujunal,nimachikop,nima'amaq',ch'uti'amaq',uwi',uqajaw,xmukane,chikib'ano,aq'anoq,qaqajaw,usaqirik,chuchi',chipe,kik'ajol,ya',chinamit,k'eche',tepew,xb'an,xe'oponik,iwe,jutaq'ij,taqal,rab'inaleb',nima'q,jupacha,ojer,xk'am,xekamik,xkaj,chucha'xik,tamub',b'itol,tz'aqol,kawiqib',aqaroq,xkipixab'aj,tz'ikinaja,xwinaqir,mi,usamajel,chuxe',chok,chiya',k'olik,xek'oje',xe'ul,al,aj,releb'al,rox,xe'uxik,awilix,qech,ub'ik,uchi',rochoch,toq'ob',q'aq'al,ke'uchaxik,xch'aw,utzij,kij,xaqi,nawal,xul,junam,b'a',k'amol,samajel,tinamit,unab'e,uk'oje'ik,kich'akatajik,xe'ok,ilokab',kuk'a'm,xax,k'i,ub'aq',ja',xuchax,kiqajaw,cha',xopon,juraqan,xe',k'ajol,kixcha',q'alaj,upam,qawach,xepe,qus,kacha',kik',xk'oje',ajkajb',q'ukumatz,k'iche',jusuk',kichuch,oxib',xkib'ij,xkik'am,kik'oje'ik,ukab',lo,xkil,on,najt,keki'kot,ajilan,kochoch,tzij,uxe',rajawal,xekam,xb'e,q'aq',uk'ajol,in,kab'awil,kajib',apanoq,tojil,xqaj,saq,ajk'ixb',siwan,ula,kame,raqan,qe,chuxoq,xe'opon,k'ajolab',jaqawitz,kitzij,xecha,kaj,xel,wakamik,b'e,wa,xma,retal,kanoq,jujun,xe'uchaxik,kecha',chupan,xkib'an,q'ij,iq'ib'alam,sqaqi'n,xeb'ek,k'ute,chuxik,waral,k'itze',xe'uchax,lib'ajchi',xchiqab'ij,ajaw,majukutaj,xkib'ano,xpe,kib'il,che',at,wuqub',ab'aj,xib'alb'a,ajawab',chikop,uk'u'x,nay,wa'e,xok,ka'ib',kuk',wa',amaq',jusu,xb'alanq'e,nim,kech,mana,xeb'e,juyub',b'alam,tzatz,ix,ulew,kina'oj,ja,a,la,aq'ab',rij,taq,kib'i',naqi,rib',ke,konojel,xuxik,ajpu,oj,we,b'a,kiwach,xere,rech,kib',kik'u'x,xcha',taj,winaq,qi,utz,uwach,chuwach,nab'e,uloq,chuwi',na,maja,ruk',b'i,qitzij,ub'i',la',ronojel,pu,jun,re,ri',kumal,xecha',k'o,te,e,pa,k'a,puch,keje,chik,rumal,are,ma,k'u,xa,wi,ri,ta,k'ut,chi
0,0.0,0.0,0.0,0.07370476203255379,0.0,0.0,0.0,0.06426723435771631,0.0,0.0,0.0,0.0,0.0,0.0,0.0,0.0,0.0,0.0,0.0,0.08826164192134825,0.0,0.0,0.0,0.0,0.0,0.0,0.0,0.0,0.0,0.0,0.0,0.0,0.0,0.0,0.0,0.0,0.0,0.0,0.0,0.0,0.0,0.0,0.0,0.0,0.0,0.0,0.0,0.0,0.0,0.0,0.0,0.0,0.0,0.0,0.0,0.0,0.0,0.0,0.0,0.0,0.0,0.0,0.0,0.0,0.25706893743086523,0.0,0.0,0.0,0.0,0.0,0.0,0.07016794666876228,0.2605715364980088,0.0,0.20114726248276207,0.0,0.0,0.0,0.0,0.0,0.0,0.0,0.0,0.0,0.0,0.0,0.0,0.0,0.0,0.0,0.0,0.0,0.0,0.0,0.0,0.0,0.0,0.0,0.0,0.0,0.0,0.0,0.0,0.0,0.0,0.0,0.08253935841255593,0.0,0.0,0.0,0.0,0.0,0.0,0.0,0.0,0.0,0.0,0.0,0.0,0.0,0.0,0.0,0.0,0.0,0.0,0.0,0.0,0.0,0.0,0.0,0.0,0.0,0.0,0.0,0.0,0.0,0.0,0.0,0.0,0.0,0.0,0.0,0.0,0.10118970090902434,0.10118970090902434,0.0,0.0,0.0,0.0,0.0,0.0,0.0,0.0,0.0,0.0,0.0,0.07016794666876228,0.0,0.0,0.0,0.0,0.07016794666876228,0.0,0.0,0.0,0.14740952406510757,0.0,0.0,0.07370476203255379,0.0,0.0,0.0,0.0,0.0,0.0,0.0,0.0,0.0,0.0,0.0,0.0,0.0,0.0,0.0,0.0,0.0777730968460089,0.0,0.0,0.0,0.0,0.0,0.0,0.0,0.0,0.0777730968460089,0.0,0.0,0.0,0.0,0.0,0.0,0.06704908749425402,0.0,0.0,0.0,0.0,0.0,0.0,0.0,0.0,0.0,0.0,0.0,0.0,0.0,0.0,0.0,0.0,0.0,0.0,0.0,0.0,0.0,0.0,0.0,0.0,0.0,0.07016794666876228,0.0,0.0,0.0,0.0,0.03514831800606038,0.0,0.0,0.0,0.0,0.1913839908254952,0.0,0.05550722580361864,0.0,0.0,0.0,0.0,0.0,0.0,0.05211430729960176,0.05550722580361864,0.0,0.0,0.0,0.0,0.0,0.0,0.0,0.0,0.0,0.0,0.2605715364980088,0.12352531935567655,0.0,0.0,0.0,0.0,0.0,0.0,0.06426723435771631,0.214986840069679,0.0,0.0,0.0,0.06704908749425402,0.0,0.13979025985474108,0.13979025985474108,0.0,0.0,0.0,0.0,0.0,0.0,0.0,0.0,0.0,0.0,0.18528797903351482,0.0,0.05211430729960176,0.05550722580361864,0.0,0.0,0.05949004307213629,0.0,0.0,0.0,0.0,0.0,0.0,0.0,0.0,0.0,0.06426723435771631,0.06426723435771631,0.0,0.0,0.0,0.04430918234258227,0.0,0.0,0.0,0.0,0.0678115388680459,0.0,0.0,0.0,0.0,0.0,0.0,0.061762659677838276,0.0,0.0,0.13626022887701497,0.0,0.0,0.0,0.0,0.05211430729960176,0.0,0.04659675328491369,0.0,0.03955813849597284,0.0,0.0,0.0,0.0,0.0,0.0,0.0,0.0,0.2595489896524824,0.18126818130061279,0.0,0.0,0.04430918234258227,0.0,0.0,0.0,0.05059485045451217,0.05374671001741975,0.0,0.0,0.0,0.0,0.0,0.0,0.27252045775402994,0.03649427098945981,0.0,0.0,0.0,0.0,0.0,0.0,0.03721049104309397,0.0,0.0,0.0,0.0,0.1329275470277468,0.0,0.04226185154705789,0.0,0.0,0.0478459977063738,0.0,0.04226185154705789,0.0,0.0,0.0,0.05211430729960176,0.0,0.2133947689703899,0.0,0.0,0.0,0.0,0.0478459977063738,0.0,0.0,0.0,0.0,0.0,0.05059485045451217,0.04430918234258227,0.0,0.0,0.0,0.0,0.04226185154705789,0.0,0.15823255398389136,0.0,0.0,0.0,0.0,0.0,0.0,0.0,0.03721049104309397,0.0,0.03734843152730391,0.0,0.0,0.04041564421497444,0.0,0.0,0.03873997328479869,0.13830943297331416,0.026909781726681865,0.11387484957969458,0.0,0.0,0.08452370309411578,0.0,0.0,0.0,0.0,0.019763647905285214,0.0,0.0,0.0,0.0,0.0,0.0,0.0,0.08485021770837688,0.03873997328479869,0.0,0.03220966347553073,0.07375184753528537,0.021437638125444997,0.0,0.030685767174419037,0.0,0.05452306552509134,0.0,0.0,0.0,0.0,0.02402310282153416,0.0,0.0,0.0,0.0,0.0,0.07030064429369755,0.0,0.0,0.0,0.024583949178428457,0.036893119563610334,0.0,0.0,0.03540227008477095,0.0,0.1017945389877913,0.0,0.0,0.0,0.038046833005961324,0.0360275290318215,0.0325811459682063,0.0,0.03424319602248085,0.0,0.06888471472597398,0.0,0.022111495355785684,0.04367063966638337,0.01008013764106434,0.0,0.00970254848315023,0.0666469930617913,0.0,0.04125421684513015,0.04910408257014283,0.025736890240562423,0.056991473705596325,0.01194210235471552,0.02917276500688531,0.0370751791899515,0.02629862118784858,0.010086413184088708,0.004412933519280056,0.028153953738742597,0.029013658818383015,0.01935268828487476,0.03147371738793165,0.012257921165991493,0.015568736083347478
1,0.0,0.0,0.0,0.0,0.0,0.1191598648828475,0.0,0.0,0.0,0.0,0.0,0.0,0.0,0.0,0.0,0.0,0.0,0.0,0.0,0.09473762355639545,0.0,0.0,0.0,0.0,0.0,0.0,0.0,0.0,0.0,0.0,0.0,0.0,0.09473762355639545,0.0,0.0,0.09473762355639545,0.0,0.0,0.0,0.0,0.0,0.0,0.0,0.0,0.0,0.0,0.0,0.0,0.0,0.09473762355639545,0.0,0.0,0.0,0.0,0.0,0.0,0.0,0.0,0.0,0.0,0.0,0.1439372998859668,0.0,0.0,0.0,0.0,0.0,0.0,0.0,0.0,0.0,0.0,0.0,0.0,0.0,0.0,0.0,0.0,0.13258868688654066,0.0,0.0,0.0,0.0,0.0,0.0,0.0,0.0,0.0,0.0,0.0,0.0,0.0,0.0,0.0,0.0,0.0,0.0,0.0,0.0,0.0,0.0,0.0,0.16292137077587046,0.0,0.0,0.0,0.0,0.0,0.0,0.0,0.0,0.0,0.0,0.0,0.0,0.08859548152121752,0.0,0.0,0.0,0.0,0.08859548152121752,0.0,0.08859548152121752,0.08859548152121752,0.0,0.0,0.0,0.0,0.0,0.0,0.0,0.0,0.0,0.0,0.0,0.0,0.0,0.0,0.0,0.0,0.0,0.13258868688654066,0.0,0.2715356179597841,0.2715356179597841,0.0,0.0,0.0,0.0,0.0,0.0,0.0,0.0,0.0,0.0,0.0,0.0,0.0,0.07531634776468576,0.0,0.0,0.07531634776468576,0.0,0.0,0.0,0.0,0.0,0.0,0.0,0.0,0.0,0.0,0.0,0.0,0.0,0.0791126682865943,0.0,0.0,0.0,0.0,0.0,0.0,0.0,0.08347950719496117,0.0,0.0,0.0,0.0,0.0,0.08347950719496117,0.0,0.0,0.08347950719496117,0.0,0.0,0.0,0.0,0.0,0.0,0.0,0.0,0.0,0.0,0.0,0.0,0.0,0.0,0.05430712359195682,0.0,0.0,0.31753897920463653,0.0,0.0,0.0,0.0,0.0,0.0,0.0,0.0,0.0,0.0,0.0,0.0,0.0,0.0,0.07531634776468576,0.0,0.0,0.07531634776468576,0.0,0.0,0.0,0.30181791749271447,0.0,0.06162681444012673,0.0,0.0,0.0,0.0791126682865943,0.1191598648828475,0.0,0.0791126682865943,0.0,0.0,0.0,0.0,0.0,0.0,0.0,0.0,0.0,0.0,0.0,0.0,0.0,0.057690243124669034,0.0,0.0,0.0,0.0,0.0,0.0,0.0,0.0,0.0,0.1379653703024827,0.0,0.0,0.0,0.0,0.0,0.0,0.0,0.1500470275272085,0.1500470275272085,0.0,0.0,0.0,0.0,0.07531634776468576,0.05430712359195682,0.0,0.0,0.0,0.0,0.0,0.06629434344327033,0.0,0.0,0.0,0.0,0.0,0.0,0.0,0.0,0.0,0.0,0.05135658051122464,0.0,0.0,0.0,0.0,0.0,0.0,0.0,0.0,0.0,0.0,0.0,0.0,0.0,0.0,0.0,0.0,0.0,0.0,0.0,0.0,0.0,0.0,0.0,0.1462579891790635,0.0,0.0,0.0,0.0,0.11187613371733125,0.0,0.0,0.052783795754988434,0.0,0.0,0.0,0.0,0.0,0.05001567584240283,0.0,0.05430712359195682,0.0,0.04643212676323475,0.0,0.12770995832921633,0.0,0.0,0.0,0.0,0.0,0.0,0.057690243124669034,0.0,0.06629434344327033,0.0,0.0,0.0,0.10556759150997687,0.0,0.03917194867103729,0.0,0.0,0.0,0.0,0.0,0.0,0.0,0.0,0.0,0.0,0.0,0.0,0.0,0.09072542262989614,0.0,0.0,0.0,0.05001567584240283,0.04536271131494807,0.0,0.0,0.0,0.055938066858665626,0.03917194867103729,0.10180092759326802,0.0,0.0,0.04434712522635277,0.05001567584240283,0.0,0.0,0.0,0.0,0.1462579891790635,0.0,0.05430712359195682,0.0,0.0,0.0,0.0,0.0,0.04536271131494807,0.047560259989316095,0.042460619945897136,0.0,0.0814867583635473,0.05001567584240283,0.0,0.0,0.0,0.041582423867783984,0.0,0.052783795754988434,0.020044390572342752,0.08220078385037216,0.0,0.0,0.0,0.0,0.041582423867783984,0.148457548603059,0.028884221001451004,0.0,0.0,0.0,0.0,0.0,0.0,0.0,0.0,0.0,0.0,0.0,0.0,0.12853455097155156,0.024503804397358702,0.0,0.06977257600591824,0.25045870974753265,0.0,0.0,0.0,0.0,0.0,0.0,0.0,0.0,0.0,0.0,0.0,0.0,0.030547879002101354,0.0,0.11399049372968788,0.0,0.018836553259650092,0.0,0.0,0.0,0.021213757127026407,0.0,0.015624955269801153,0.026387736190892006,0.03960006178168562,0.0,0.04622032226604753,0.03799982487660521,0.0,0.043705385509668876,0.0,0.021009224172728942,0.04327071686405021,0.0,0.0,0.0,0.0,0.0,0.0,0.044363377094079726,0.013359211455885691,0.0,0.031249910539602306,0.03245922909818958,0.0580064409994551,0.04165779678349863,0.023845684272375076,0.010980042858466306,0.0,0.045177406515549176,0.018416847651632907,0.02621703574076639,0.03845497452997191,0.03757589415956247,0.0397954795868574,0.005645643611223193,0.05954563465587801,0.014210165098724479,0.043650650456496645,0.048129263963989165,0.031158966527676895,0.05308760954362865,0.0447348746915967,0.00928391885135358
2,0.0,0.0,0.0,0.0,0.0,0.0,0.0,0.38789269101667023,0.0,0.0,0.0,0.0,0.0,0.0,0.0,0.0,0.0,0.0,0.0,0.0,0.0,0.0,0.0,0.0,0.0,0.0,0.0,0.0,0.0,0.0,0.0,0.0,0.0,0.0,0.0,0.0,0.0,0.0,0.0,0.0,0.0,0.0,0.0,0.0,0.0,0.0,0.0,0.0,0.0,0.0,0.0,0.0,0.0,0.0,0.0,0.0,0.0,0.0,0.0,0.0,0.0,0.0,0.08093658063328722,0.0,0.0,0.0,0.0,0.0,0.13861212180741317,0.0,0.0,0.25410429368998494,0.0,0.0,0.0,0.0,0.0,0.0,0.0,0.0,0.0,0.0,0.0,0.0,0.0,0.0,0.0,0.0,0.0,0.0,0.0,0.0,0.0,0.0,0.0,0.0,0.0,0.0,0.0,0.0,0.0,0.0,0.0,0.0,0.0,0.0,0.0,0.0,0.0,0.0,0.0,0.0,0.0,0.0,0.0,0.0,0.0,0.0,0.0,0.0,0.0,0.0,0.0,0.0,0.0,0.0,0.0,0.0,0.0,0.0,0.0,0.0,0.0,0.0,0.0,0.0,0.0,0.0,0.0,0.0,0.0,0.0,0.0,0.12214854359626187,0.12214854359626187,0.0,0.0,0.0,0.0,0.0,0.0,0.0,0.0,0.0,0.0,0.0,0.16940286245998998,0.0,0.16940286245998998,0.0,0.0,0.16940286245998998,0.0,0.0,0.0,0.0,0.0,0.0,0.0,0.0,0.08897080688557112,0.0,0.0,0.0,0.0,0.08897080688557112,0.0,0.05221798067248524,0.0,0.0,0.0,0.0,0.0,0.09388179256752596,0.0,0.0,0.0,0.09388179256752596,0.0,0.0,0.09388179256752596,0.0,0.0,0.0,0.09388179256752596,0.09388179256752596,0.0,0.0,0.0,0.0,0.0,0.0,0.0,0.07757853820333405,0.0,0.0,0.0,0.12214854359626187,0.0,0.0,0.0,0.0,0.0,0.0,0.0,0.0,0.0,0.0,0.0,0.08093658063328722,0.0,0.0,0.0,0.0,0.0,0.0,0.0,0.08470143122999499,0.0,0.0,0.0,0.06700411929349023,0.0,0.0,0.27722424361482634,0.08185695418943972,0.0,0.0,0.0,0.0,0.0,0.0,0.08897080688557112,0.0,0.0,0.0,0.0,0.33502059646745114,0.0,0.0,0.0,0.07181187467164736,0.0,0.0,0.0,0.0,0.0,0.0,0.06290844502937637,0.0,0.0,0.0,0.0,0.0,0.0,0.0,0.1551570764066681,0.0,0.0,0.0,0.0,0.0,0.0,0.1124961433611459,0.1124961433611459,0.0,0.0,0.0,0.0,0.0,0.0,0.0,0.0,0.0,0.0,0.0,0.0,0.0,0.0,0.0,0.0,0.0,0.0,0.0,0.1491104106545828,0.0,0.0,0.0,0.0,0.0,0.07757853820333405,0.0,0.0,0.0,0.0,0.0,0.0,0.0,0.0,0.0,0.0,0.0,0.0,0.0,0.0,0.0,0.0,0.0,0.0,0.0,0.0,0.054827676327734304,0.0,0.0,0.06487895796451507,0.0,0.06290844502937637,0.0,0.0,0.0,0.0,0.0,0.0,0.0,0.0,0.0,0.0,0.0,0.0,0.05221798067248524,0.0,0.07181187467164736,0.0,0.0,0.12581689005875274,0.0,0.0,0.0,0.0,0.0,0.0,0.0,0.0,0.0,0.0,0.054827676327734304,0.0,0.0,0.0,0.0,0.0,0.0,0.0,0.0,0.0,0.06487895796451507,0.0,0.0,0.10697337856455598,0.0,0.0,0.0,0.0,0.057756064937854124,0.1124961433611459,0.05101530659524035,0.0,0.0,0.0,0.0,0.0,0.0,0.0,0.0,0.0,0.0,0.17326819481356237,0.0,0.0,0.0,0.054827676327734304,0.0,0.0,0.0,0.1431430740140436,0.0,0.0,0.0,0.0,0.0,0.04775158895870773,0.0,0.0,0.0,0.0,0.0,0.0,0.04676396187741118,0.0,0.05936112383154547,0.022542099026295413,0.12325830530369149,0.0,0.0,0.0,0.0,0.04676396187741118,0.0,0.0,0.0,0.0,0.0,0.0,0.0,0.0,0.0,0.0,0.0238571790023406,0.08185695418943972,0.0,0.0,0.0,0.0,0.0,0.0,0.10242475690507422,0.0,0.0,0.0,0.0,0.0,0.03704153422549538,0.0,0.032483450557509744,0.0,0.0,0.02828720458443478,0.0,0.0,0.0,0.0,0.03591472630829334,0.0,0.0,0.0,0.05657440916886956,0.0238571790023406,0.0,0.017571962973984657,0.05935176329237968,0.08906915986379527,0.031625948152789136,0.01732659448684109,0.04273493934668432,0.05852866527229546,0.04915146332763874,0.0,0.0,0.0,0.02296362771299534,0.02174485229759471,0.019664745981864525,0.0,0.027557195278782334,0.0,0.0,0.06009554971799737,0.016014793581846775,0.035143925947969314,0.024335957534114223,0.08697940919037885,0.08198527211955205,0.04022560134300169,0.02469650673940009,0.024899483146844734,0.01693563705930929,0.020711749854252746,0.0687957909550695,0.028831203116559446,0.07043030518433403,0.022377174262500136,0.03174570383969793,0.036526662382002174,0.03728871399632521,0.06797064157261967,0.03820700907371348,0.030369429573012946,0.054275268642671244,0.03255303504096302,0.03549864282326575
3,0.0,0.0,0.0,0.0,0.0,0.0,0.0,0.0,0.0,0.0,0.0,0.0,0.0,0.0,0.0,0.0,0.10897498440113577,0.0,0.0,0.0,0.0,0.0,0.0,0.0,0.0,0.0,0.0,0.0,0.0,0.0,0.0,0.0,0.0,0.0,0.0,0.0,0.0,0.0,0.0,0.0,0.0,0.0,0.0,0.0,0.0,0.0,0.0,0.0,0.10897498440113577,0.0,0.0,0.0,0.0,0.0,0.0,0.0,0.0,0.0,0.0,0.0,0.0,0.0,0.1655684871647379,0.0,0.0,0.0,0.0,0.27300563816650153,0.0,0.0,0.0,0.0,0.0,0.0,0.0,0.0,0.14177643242880641,0.0,0.0,0.0,0.0,0.0,0.0,0.0,0.0,0.0,0.0,0.0,0.0,0.0,0.0,0.0,0.0,0.0,0.0,0.0,0.0,0.0,0.08278424358236895,0.0,0.0,0.0,0.0,0.0,0.0,0.0,0.0,0.0,0.0,0.10190978889225086,0.0,0.0,0.0,0.0,0.0,0.0,0.0,0.0,0.0,0.0,0.0,0.10190978889225086,0.0,0.0,0.0,0.0,0.0,0.0,0.0,0.0,0.0,0.0,0.0,0.0,0.0,0.0,0.0,0.0,0.0,0.0,0.0,0.0,0.0,0.0,0.0,0.0,0.0,0.07088821621440321,0.0,0.0,0.0,0.36725617010309053,0.0,0.0,0.0,0.0,0.0,0.0,0.0,0.0,0.0,0.0,0.0,0.0,0.0,0.09100187938883383,0.0,0.0,0.0,0.0,0.0,0.0,0.0,0.0,0.0,0.0,0.0,0.0,0.0,0.0,0.040441259734083246,0.0,0.0,0.0,0.0,0.0,0.0,0.0,0.0,0.0,0.0,0.0,0.09602497564201642,0.0,0.0,0.0,0.0,0.0,0.0,0.0,0.0,0.0,0.0,0.0,0.0,0.0,0.0,0.0,0.0,0.0,0.0,0.0,0.0,0.0,0.0,0.0,0.0,0.1655684871647379,0.0,0.0,0.08278424358236895,0.0,0.0,0.17327008034820138,0.0,0.0,0.0,0.0,0.08663504017410069,0.0,0.14690246804123622,0.2741348986682101,0.0,0.0,0.07088821621440321,0.0,0.0,0.0,0.0,0.0,0.0,0.0,0.09100187938883383,0.0,0.0,0.0,0.0,0.0,0.0,0.0,0.0,0.0,0.0,0.0,0.0,0.0,0.0,0.0,0.06434455219075699,0.0,0.0,0.0,0.0793495419887753,0.0,0.0,0.0,0.0793495419887753,0.0,0.0,0.0,0.0,0.0,0.0,0.1725963969792918,0.1725963969792918,0.0,0.0,0.0,0.0,0.0,0.0,0.0,0.0,0.0,0.07088821621440321,0.0,0.0,0.0,0.0,0.0,0.0,0.0,0.14690246804123622,0.0,0.0,0.0,0.059074550849112686,0.0,0.0,0.0,0.0,0.0793495419887753,0.0,0.0,0.0,0.0,0.0,0.0,0.0,0.0,0.0,0.0,0.0,0.0,0.0,0.0,0.0,0.0,0.0,0.0,0.06246850748563593,0.0,0.0,0.0,0.0,0.0,0.06434455219075699,0.0,0.0,0.0,0.0,0.0,0.13272009806887616,0.06636004903443808,0.0,0.0,0.0,0.0,0.0,0.05341004027531873,0.0,0.07345123402061811,0.06071625087374585,0.0,0.12868910438151399,0.0,0.0,0.0,0.0,0.0,0.0,0.0,0.0,0.0,0.0,0.0,0.0,0.0,0.0,0.0,0.056079311439353255,0.0,0.0,0.0,0.0,0.0,0.0,0.0,0.0,0.0,0.0,0.10941542326875905,0.0,0.0,0.1150642646528612,0.052179910919941765,0.0,0.0,0.0,0.0,0.0,0.14637471999038534,0.0,0.09188618277899867,0.0,0.0575321323264306,0.0,0.0,0.0,0.0,0.0,0.0,0.0,0.0,0.0,0.0,0.0,0.0,0.0,0.05470771163437953,0.04884168741590025,0.0,0.0,0.0,0.0,0.0,0.0,0.0,0.18377236555799734,0.0,0.1383402117101469,0.03151802772606323,0.0,0.09980086710404618,0.0,0.0,0.0,0.13661443836930248,0.0,0.0,0.05341004027531873,0.0,0.0,0.0,0.0,0.0,0.0,0.0,0.16745125582294249,0.0,0.0,0.0,0.028186285466418402,0.04186281395573562,0.05350542615448379,0.10476296327506729,0.047831514262712066,0.03379412589312194,0.0,0.06070667664725519,0.0,0.0,0.0,0.0,0.022439533511789334,0.0,0.11573183923804437,0.0,0.0,0.0,0.03278030366857329,0.0,0.02166734841538,0.10261039206773767,0.027340186648547527,0.0,0.0,0.03151802772606323,0.05391931503690581,0.0,0.045551238810358385,0.0,0.017722135123925203,0.06556577262108865,0.11972957702292437,0.05027351885522644,0.05893498326519767,0.024166532688464772,0.04977352733023574,0.04697570703513509,0.0,0.0804546526977225,0.0,0.014093142733209201,0.03188804931076155,0.05103039473996474,0.07683430327709226,0.0,0.0,0.0,0.022241255254195482,0.03593866077898617,0.0137146308618856,0.01263014581015836,0.02546790168024135,0.025983379071067007,0.01059228430170658,0.040209312888148316,0.044234065540552245,0.04322287520184075,0.06866403659521725,0.04545857611372612,0.0809477766396334,0.027242828875500218,0.01931175311847749,0.03256601568952411,0.03345215884586703,0.03053286120517204,0.0363230977020248,0.02990154964078401
4,0.0,0.0,0.0,0.0,0.0,0.0,0.0,0.0,0.0,0.0,0.0,0.0,0.0,0.0,0.0,0.0,0.0,0.0,0.0,0.0,0.0,0.0,0.0,0.0,0.0,0.0,0.0,0.0,0.0,0.0,0.0,0.0,0.0,0.0,0.0,0.0,0.0,0.0,0.0,0.0,0.0,0.0,0.0,0.0,0.0,0.0,0.0,0.0,0.0,0.0,0.0,0.0,0.0,0.0,0.0,0.0,0.0,0.0,0.0,0.0,0.0,0.08636057616318196,0.0,0.17272115232636392,0.0,0.0,0.0,0.0,0.0,0.0,0.0,0.0,0.13424855648108325,0.0,0.0,0.08636057616318196,0.0,0.0,0.0795515505800991,0.0795515505800991,0.0,0.0,0.09493321912318416,0.0,0.0,0.0,0.0,0.0,0.0,0.0,0.0,0.1001733163660411,0.0,0.0,0.0,0.0,0.0,0.0,0.0,0.0,0.31130276164736964,0.1383624122332262,0.0,0.07395063275978167,0.0,0.0,0.0,0.0,0.0,0.0,0.0,0.0,0.0,0.0,0.10631235733459578,0.0,0.0,0.0,0.0,0.0,0.0,0.0,0.0,0.0,0.0,0.0,0.0,0.0,0.10631235733459578,0.0,0.0,0.0,0.0,0.0,0.0,0.0,0.0,0.0,0.0,0.0,0.0,0.0,0.3064974983364231,0.0,0.0,0.0,0.0,0.0,0.0,0.0,0.0,0.07662437458410577,0.0,0.0,0.0,0.0,0.0,0.0,0.0,0.0,0.0,0.0,0.0,0.0,0.0,0.0,0.0,0.0,0.0,0.09493321912318416,0.0,0.0,0.0,0.0,0.0,0.0,0.0,0.0,0.0,0.0,0.0,0.0,0.0,0.0,0.0,0.0,0.0,0.1001733163660411,0.0,0.0,0.0,0.0,0.0,0.0,0.0,0.0,0.0,0.0,0.0,0.0,0.0,0.08636057616318196,0.0,0.0,0.0,0.0827774932510791,0.0,0.0651671871972329,0.0,0.0,0.0,0.0,0.0,0.0827774932510791,0.0,0.0,0.1655549865021582,0.0,0.0,0.0,0.0,0.0,0.0,0.0,0.0,0.0,0.0,0.0,0.0,0.0,0.0,0.0714944256628571,0.0,0.0,0.07395063275978167,0.0,0.0,0.0,0.0,0.0,0.0,0.0,0.0,0.0,0.0,0.0,0.0,0.0,0.0,0.0,0.0,0.0,0.0,0.07662437458410577,0.0,0.06922684584451069,0.0,0.0,0.0,0.0795515505800991,0.0,0.0,0.0,0.0,0.0,0.0,0.0,0.0,0.0,0.0,0.0,0.08636057616318196,0.0,0.0,0.0,0.0,0.0,0.0,0.0,0.0,0.0,0.0,0.0,0.0,0.0,0.0,0.0,0.0,0.21448327698857134,0.0,0.0,0.0,0.0,0.0,0.0,0.0,0.0,0.0,0.0,0.0827774932510791,0.0,0.0,0.0,0.0,0.0,0.06001755745540381,0.0,0.0,0.0,0.0,0.0,0.0,0.0,0.0,0.0,0.0,0.0,0.0,0.0,0.0,0.0651671871972329,0.0,0.0,0.0,0.06922684584451069,0.0,0.0,0.0,0.06001755745540381,0.0,0.0,0.0,0.0,0.0,0.0,0.06001755745540381,0.0,0.0651671871972329,0.0,0.0,0.0,0.0,0.06333923197242004,0.0,0.0,0.0,0.0,0.0651671871972329,0.0,0.0,0.0,0.0,0.0,0.0,0.0,0.0,0.09401071325766029,0.0,0.0,0.0,0.11700394754270653,0.04989786645057927,0.32647691323564293,0.047927862494354004,0.0,0.0,0.0,0.0,0.0,0.0,0.0,0.0,0.0,0.0,0.0,0.21773646656351942,0.0,0.06899685907774827,0.0,0.0,0.0,0.1221585616496358,0.0,0.047927862494354004,0.0,0.0,0.0,0.1287480826205353,0.0,0.04148669578847607,0.0,0.0,0.0,0.0,0.1272798843334717,0.0,0.0,0.0,0.0,0.0,0.05095167973386558,0.0,0.0,0.0,0.05707111997240563,0.0,0.0,0.0,0.0,0.0,0.07215829892760724,0.0,0.17196698197415292,0.05205616438419805,0.0,0.0,0.0,0.035629067498948515,0.0693206825384721,0.04889103385655514,0.0,0.07125813499789703,0.0,0.0,0.0,0.0,0.027322197671574663,0.050911953733388686,0.0,0.05095167973386558,0.0,0.051412746557346914,0.0,0.0,0.0,0.10928879068629865,0.0,0.03525405387267056,0.0,0.0,0.02761211001193543,0.0,0.0,0.0,0.0,0.12656504451569858,0.030182882286886308,0.02852130030068137,0.0,0.030942240654249706,0.0,0.03832156526083317,0.0,0.026760806754496658,0.0855639009020441,0.0,0.0,0.0,0.03749910942314494,0.0,0.14255724489510432,0.033745373016888985,0.01848774276255999,0.11399709363186374,0.04163399059220642,0.05244536721251886,0.06148101245722963,0.05042108489559666,0.0,0.04900508780019967,0.0,0.020982586363402483,0.021495872746769114,0.04410592669771469,0.0,0.03548996041493539,0.09618431353069037,0.028480051707173788,0.0,0.02596684092266272,0.023202091789769005,0.012497078015086618,0.028614223476459876,0.0,0.04428021902872784,0.027105877762971017,0.0,0.010486595268250134,0.1538166854308505,0.007515021869562756,0.09550715620020381,0.08129557002336246,0.025983006974478643,0.03978763125288658,0.056408893175977574,0.05095933277728535,0.06231663148031187,0.0347475277659419,0.04420765870581168,0.03119331582199858
5,0.0,0.0,0.0,0.0,0.0,0.0,0.0,0.0,0.0,0.0,0.0,0.0,0.0,0.0,0.0,0.0,0.0,0.0,0.0,0.0,0.0,0.0,0.0,0.0,0.0,0.0,0.0,0.0,0.0,0.0,0.09009409819964893,0.0,0.0,0.0,0.0,0.0,0.0,0.0,0.09009409819964893,0.0,0.0,0.0,0.0,0.0,0.0,0.0,0.0,0.0,0.0,0.0,0.0,0.0,0.0,0.0,0.0,0.0,0.0,0.0,0.0,0.0,0.0,0.0,0.0,0.0,0.0,0.0,0.0,0.0,0.2930310083509324,0.0,0.07162474819216041,0.0,0.0,0.0,0.0,0.0,0.0,0.0,0.0,0.0,0.0,0.0,0.0,0.0,0.0,0.07523499363698698,0.0,0.0,0.0793877937459981,0.0,0.0,0.1587755874919962,0.0,0.0,0.0,0.0,0.0,0.0,0.0,0.0,0.5550948171048835,0.036550940054177986,0.0,0.05860620167018648,0.0,0.0,0.0,0.0,0.0,0.08425301071085309,0.0,0.0,0.0,0.08425301071085309,0.0,0.0,0.08425301071085309,0.0,0.0,0.0,0.0,0.0,0.0,0.0,0.0,0.0,0.08425301071085309,0.0,0.0,0.0,0.0,0.08425301071085309,0.0,0.0,0.0,0.0,0.0,0.0,0.0,0.0,0.0,0.0,0.0,0.0,0.0,0.0,0.06844113639181097,0.0,0.0,0.0,0.0,0.0,0.0,0.0,0.0,0.0,0.0,0.0,0.0,0.0,0.0,0.0,0.0,0.0,0.0,0.0,0.0,0.0,0.0,0.15046998727397395,0.0,0.0,0.0,0.0,0.07523499363698698,0.0,0.15046998727397395,0.0,0.0,0.0,0.0,0.0,0.0,0.0,0.0,0.0,0.0,0.0,0.0,0.0,0.0,0.0,0.0,0.0,0.0793877937459981,0.0,0.0,0.0,0.0,0.0,0.0,0.0,0.0,0.0,0.0,0.06560152742687045,0.0,0.0,0.0,0.0,0.0,0.0,0.0,0.1312030548537409,0.0,0.0,0.0,0.0,0.0,0.06844113639181097,0.0,0.0,0.0,0.0,0.0,0.0,0.0,0.0,0.0,0.0,0.0,0.0,0.0,0.0,0.0,0.17304854376296522,0.0,0.0,0.0,0.0,0.0,0.07523499363698698,0.0,0.0,0.0,0.0,0.0,0.0,0.0,0.0,0.0,0.0,0.0,0.0,0.0,0.0,0.0,0.0,0.0,0.0,0.0,0.0,0.06560152742687045,0.1312030548537409,0.0,0.0,0.0,0.0,0.0,0.0,0.0,0.0,0.0,0.0,0.0,0.0,0.0,0.0,0.0,0.0,0.05164528243545893,0.0,0.05860620167018648,0.0,0.0,0.0,0.0,0.0,0.0,0.0,0.0,0.0,0.0,0.0,0.0,0.0,0.09767871800208566,0.09767871800208566,0.0,0.0,0.0,0.0,0.0,0.06560152742687045,0.0,0.0,0.0,0.0,0.0,0.0,0.0,0.0,0.0,0.0,0.1214503076482201,0.0,0.0,0.0,0.0,0.0,0.05164528243545893,0.0,0.0,0.08434693852409678,0.0,0.05665964674436587,0.0,0.0,0.0,0.050196619881110696,0.0,0.0,0.0,0.0,0.0,0.0,0.0,0.0,0.0,0.0,0.0,0.06072515382411005,0.050196619881110696,0.0,0.05319628569385763,0.05319628569385763,0.0,0.0,0.0,0.06304495367359306,0.0,0.0,0.0,0.0,0.0,0.0,0.0,0.0,0.0,0.05860620167018648,0.09272614296851656,0.07908855718960353,0.12936719473314587,0.0,0.0,0.0,0.0,0.0,0.04522911355621627,0.0,0.0,0.04522911355621627,0.0,0.0,0.0,0.0,0.0,0.12758739989864212,0.0,0.0,0.0,0.0,0.0,0.0,0.0,0.0,0.0,0.0,0.0,0.032878388855807315,0.0,0.0,0.0,0.0,0.020173973613008135,0.0,0.0,0.039544278594801766,0.04313927681939793,0.0,0.0,0.0,0.0,0.0,0.04522911355621627,0.012938549763066805,0.0,0.07908855718960353,0.03798304179613041,0.0,0.05718576922615416,0.0,0.3236758999744517,0.0,0.0,0.0,0.0,0.0,0.0,0.03874635933635309,0.0,0.14118096338316094,0.0,0.032878388855807315,0.0,0.0,0.04330592361567595,0.0,0.0,0.0,0.0,0.02037241387065418,0.0,0.0,0.022117567369552595,0.06495888542351391,0.0,0.0,0.0,0.025094352237297227,0.0,0.03132285397100668,0.0,0.0,0.037103369124123334,0.03343445145528308,0.023920066945725762,0.0,0.0,0.0980874471649757,0.05420164846015751,0.03037000899355431,0.017913287408012773,0.0,0.0,0.023920066945725762,0.020173973613008135,0.0,0.07429552281330982,0.050188704474594455,0.012553027054936095,0.02674335651579493,0.029303234883431176,0.0,0.032995120635512735,0.04156318415162322,0.04872397274354688,0.059938397270104485,0.0,0.0,0.018387759777775764,0.01662879196680049,0.06814229473146352,0.023302760579870938,0.02636316088308664,0.014062974850404645,0.0,0.06771169866861705,0.014859104562661965,0.030868253435936837,0.07355103911110306,0.029711967853716947,0.0,0.03132558182456869,0.04211072197033055,0.02148152732897309,0.026271230244652548,0.0,0.048760159853575666,0.035734127279812906,0.0567673809708691,0.02147569891731473,0.005147911822778611,0.04054097923647826,0.031931639934152704,0.032308396261328184,0.059263445392906705,0.032127163321787854,0.037537247071718294,0.030018162815641507
6,0.0,0.0,0.0,0.0,0.08721393836796996,0.0,0.0,0.0,0.0,0.0,0.0,0.0,0.0,0.0,0.0,0.0,0.0,0.0,0.0,0.0,0.0,0.0,0.0,0.0,0.0,0.0,0.0,0.0,0.0,0.0,0.0,0.0,0.0,0.0,0.0,0.0,0.0,0.0,0.0,0.0,0.0,0.0,0.0,0.0,0.10443891529538372,0.0,0.0,0.0,0.10443891529538372,0.0,0.0,0.0,0.0,0.0,0.0,0.0,0.0,0.0,0.0,0.0,0.0,0.0,0.0,0.3173534421979265,0.0,0.0,0.08721393836796996,0.0,0.20381251117425467,0.0,0.0,0.0,0.0,0.0,0.0,0.0,0.0,0.0,0.0,0.0,0.0,0.0,0.0,0.0,0.0,0.0,0.0,0.0,0.0,0.0,0.0,0.09202794891350603,0.0,0.0,0.0,0.0,0.0,0.0,0.0,0.0,0.28598987918931856,0.16948237935966454,0.0,0.06793750372475155,0.0976678076016985,0.0,0.0,0.0,0.0,0.0976678076016985,0.0,0.0,0.0,0.0976678076016985,0.0,0.0,0.0976678076016985,0.0,0.0,0.0,0.0,0.0,0.0,0.0,0.0,0.0,0.0,0.0,0.0,0.0,0.0976678076016985,0.0,0.0,0.0,0.0,0.0,0.0,0.0,0.0,0.0,0.0,0.0,0.0,0.0,0.0,0.0,0.0,0.0,0.0,0.0,0.0,0.0,0.0,0.0,0.17456683523022343,0.166057736499401,0.0,0.0,0.0,0.0,0.0,0.0,0.0,0.0,0.0,0.0,0.0,0.0,0.0,0.0,0.0,0.0,0.17442787673593993,0.0,0.0,0.0,0.08721393836796996,0.0,0.0,0.0,0.0,0.0,0.0,0.0,0.0,0.0,0.0,0.0,0.0,0.0,0.0,0.0,0.0,0.0,0.0,0.09202794891350603,0.0,0.0,0.0,0.0,0.0,0.0,0.0,0.0,0.0,0.0,0.0,0.0,0.0,0.0,0.0,0.0,0.0,0.0,0.0,0.0760466279489261,0.0,0.0,0.0,0.15867672109896325,0.0,0.0,0.0,0.0830288682497005,0.0,0.0,0.0,0.166057736499401,0.0,0.0,0.0,0.0,0.0,0.0,0.0,0.12036083982326992,0.0,0.0,0.0,0.0,0.08721393836796996,0.0,0.0,0.0,0.0,0.0,0.0,0.0,0.0,0.07308299553569907,0.0,0.0,0.14078767251726793,0.0,0.0,0.0,0.0,0.0,0.0,0.0,0.0,0.0,0.0760466279489261,0.0,0.0,0.0,0.0,0.0,0.0,0.0,0.07933836054948162,0.0,0.0,0.0,0.0,0.0,0.0,0.0,0.0,0.0,0.0,0.0,0.0,0.06793750372475155,0.0,0.0,0.0,0.0,0.0,0.0,0.0,0.0,0.0,0.0,0.0,0.0,0.0,0.0,0.0,0.0,0.0,0.0,0.0760466279489261,0.0,0.0,0.11027473007356117,0.0,0.0,0.07933836054948162,0.0,0.0,0.0,0.06359782089615933,0.0,0.0,0.0,0.0,0.0,0.0,0.0,0.299341321211209,0.05374501762421924,0.0,0.0,0.06359782089615933,0.06568101757218377,0.0,0.0,0.055137365036780586,0.0,0.0,0.0,0.0,0.0,0.0,0.055137365036780586,0.0,0.0,0.0,0.0,0.0,0.0,0.0,0.0,0.0,0.061666218838199977,0.0,0.0,0.06359782089615933,0.0,0.07308299553569907,0.0,0.0,0.0,0.0,0.0,0.0,0.0,0.0,0.06793750372475155,0.0,0.0,0.11247381706509839,0.0,0.0,0.0,0.0,0.055137365036780586,0.0,0.0,0.0,0.05243051047711546,0.0,0.056615580595384934,0.0,0.0,0.0,0.10564422497499759,0.0,0.0,0.0,0.028056378381646343,0.05000792912828964,0.0,0.0,0.0,0.0,0.0,0.0,0.0,0.0,0.0,0.0,0.0,0.0,0.0,0.0,0.0,0.05000792912828964,0.0,0.0,0.0,0.0,0.0,0.0,0.1499863065120626,0.0,0.09168106779708353,0.0,0.0,0.0441939396524196,0.0,0.13823589010806275,0.0,0.0,0.0,0.045840533898541765,0.03273197017504987,0.03184201373541886,0.04491556962773006,0.0,0.06546394035009974,0.05000792912828964,0.0,0.0,0.05118685451428163,0.02510055474590211,0.0,0.04012027994108998,0.0,0.04782333469999879,0.023616117471810635,0.0,0.0,0.025639134984511643,0.0,0.045840533898541765,0.0,0.07622659724394086,0.02908988468807184,0.0,0.0,0.0,0.0,0.10752745469910183,0.07751579544639994,0.0,0.0,0.033676033109009955,0.028426242092190784,0.031415827926132754,0.14082213419880682,0.14535813561117591,0.0,0.07860646514167915,0.0,0.023386081479735296,0.0,0.0516749307822413,0.02908988468807184,0.0,0.031001444064381996,0.10190672176182548,0.08378214150927527,0.0,0.0,0.018827274164475393,0.0,0.04770171093266777,0.04502034953199867,0.0426309319761962,0.038552869286436815,0.019747984301151822,0.0,0.07640178384065306,0.0,0.0,0.015698556294080977,0.06889990770965505,0.023855405776363473,0.0,0.03444271884554587,0.0,0.024208835370509618,0.0406796728159043,0.049803648806261834,0.020302763777390855,0.009633901408402349,0.0423928284968127,0.05523163842705343,0.05483825440318426,0.012447533994759142,0.041772950313693505,0.0469959296011574,0.06662845434873992,0.03433150562100919,0.054959515237383225,0.045222990383078324,0.05221673044985787,0.014328450824270112
7,0.0,0.0,0.18825223300518026,0.0,0.0,0.0,0.0,0.0,0.0,0.0,0.0,0.0,0.0,0.0,0.0,0.0,0.0,0.0,0.0,0.0,0.0,0.0,0.13451048956655767,0.0,0.0,0.0,0.0,0.0,0.0,0.0,0.0,0.0,0.0,0.0,0.0,0.0,0.0,0.0,0.0,0.0,0.0,0.0,0.0,0.0,0.0,0.0,0.0,0.0,0.0,0.0,0.0,0.13451048956655767,0.0,0.0,0.0,0.0,0.0,0.0,0.0,0.0,0.0,0.0,0.0,0.0,0.0,0.0,0.0,0.0,0.0,0.0,0.0,0.0,0.0,0.0,0.0,0.0,0.0,0.18825223300518026,0.0,0.0,0.0,0.0,0.0,0.0,0.0,0.0,0.0,0.0,0.0,0.0,0.0,0.0,0.0,0.0,0.0,0.0,0.0,0.0,0.0,0.0,0.0,0.32742332332871105,0.0,0.0,0.0,0.0,0.0,0.0,0.0,0.0,0.0,0.0,0.0,0.0,0.0,0.0,0.0,0.0,0.0,0.0,0.0,0.0,0.0,0.0,0.0,0.0,0.0,0.0,0.0,0.0,0.12578974588390338,0.0,0.0,0.0,0.0,0.39177232457327327,0.0,0.0,0.0,0.0,0.0,0.0,0.0,0.0,0.0,0.0,0.0,0.0,0.0,0.0,0.0,0.0,0.0,0.0,0.0,0.0,0.0,0.0,0.0,0.0,0.0,0.0,0.10693574980970791,0.0,0.0,0.0,0.0,0.0,0.0,0.0,0.0,0.11232584629708191,0.0,0.0,0.0,0.0,0.11232584629708191,0.0,0.0,0.0,0.0,0.0,0.0,0.0,0.0,0.11852597690383142,0.0,0.0,0.0,0.0,0.0,0.0,0.0,0.0,0.0,0.0,0.0,0.0,0.0,0.0,0.0,0.0,0.0,0.0,0.0,0.0,0.0,0.0,0.0,0.0,0.0,0.0,0.0,0.0,0.0,0.0,0.19588616228663663,0.0,0.0,0.0,0.0,0.0,0.0,0.0,0.0,0.0,0.0,0.0,0.0,0.0,0.0,0.0,0.0,0.0,0.0,0.0,0.0,0.07291716350597464,0.0,0.0,0.0,0.11232584629708191,0.0,0.0,0.0,0.0,0.0,0.0,0.0,0.0,0.0,0.0,0.0,0.0906626553027354,0.0,0.0,0.0,0.0,0.0,0.0,0.0,0.0,0.0,0.0,0.0,0.0,0.09794308114331832,0.0,0.10218261735805813,0.0,0.0,0.0,0.0,0.0,0.0,0.0,0.0,0.0,0.0,0.0,0.0771064072232846,0.0,0.0,0.0,0.0,0.0,0.0,0.0,0.0,0.0,0.0,0.0,0.0,0.0,0.0,0.0,0.1458343270119493,0.0,0.0,0.0,0.0,0.0,0.0,0.0,0.0,0.0,0.0,0.0,0.0,0.0,0.0,0.0,0.08190983217236422,0.0,0.0,0.0,0.0,0.0,0.0,0.0,0.0,0.0,0.0,0.0,0.0,0.0,0.0,0.0771064072232846,0.07101331858465955,0.0,0.0,0.0,0.0,0.0,0.0,0.0,0.0,0.0,0.0,0.0,0.0,0.0,0.0,0.0,0.07942205510450562,0.0,0.0,0.0,0.08190983217236422,0.09412611650259013,0.0,0.09412611650259013,0.0,0.0,0.0,0.0,0.05561716449305634,0.0,0.0,0.0,0.0,0.0,0.0,0.0,0.0,0.08190983217236422,0.0,0.1420266371693191,0.0,0.0,0.0,0.2025812010558019,0.0,0.07291716350597464,0.0,0.06440694074839055,0.0,0.21770055931470733,0.0,0.0,0.0,0.0,0.0,0.0,0.0,0.0,0.0,0.0,0.0,0.0,0.0,0.0,0.0,0.0,0.0,0.0,0.0,0.0,0.0,0.0,0.0,0.0,0.0,0.0,0.0,0.0,0.0,0.0,0.0,0.07494355401429516,0.1422972567674834,0.03890347278233626,0.0,0.0,0.0,0.0,0.0,0.0,0.0,0.0,0.0,0.04215663596535389,0.0,0.0,0.0,0.0,0.0,0.0,0.0,0.0,0.0,0.0,0.0,0.0,0.033021528317061656,0.09698361662549869,0.05903960836098207,0.0,0.0,0.1498634726245651,0.0,0.0,0.0,0.0,0.0,0.1497529091308544,0.0,0.0,0.0,0.0,0.08092306172524243,0.045342423749124866,0.026744538289941396,0.03166362938131325,0.0,0.0,0.030119742817949807,0.0,0.15529250288633048,0.03746586815614127,0.0,0.039927831561408354,0.08749945998281865,0.0,0.0,0.0,0.21823467546693223,0.0,0.061436682605982285,0.028991632280359166,0.0,0.02482678658260316,0.025434111688998343,0.0,0.019680099738873486,0.0,0.03793538418418652,0.033697855609867246,0.06655392980842735,0.09217260541376104,0.027452925543024236,0.05914662442716829,0.08464152216192591,0.04676909399595294,0.0,0.13897832229553164,0.07844589406718187,0.07444700806486224,0.018199729794491776,0.035567368271558604,0.02825123346363897,0.04007902338883798,0.04611499443568121,0.04035178828637627,0.03337175713198783,0.03215762397363138,0.06488557137293957,0.0890794453339019,0.07098793968262351,0.05008971944904097
8,0.0,0.0,0.0,0.0,0.0,0.0,0.0,0.0,0.0649712336369451,0.0,0.0998789298166888,0.0,0.0,0.0,0.0,0.0,0.0,0.0,0.0,0.0,0.0,0.0,0.0,0.0,0.0,0.0998789298166888,0.0,0.0,0.0,0.0,0.0,0.0998789298166888,0.0,0.0998789298166888,0.0,0.0,0.0,0.0,0.0,0.0,0.0,0.0,0.0,0.0,0.0,0.0,0.0,0.0,0.0,0.0,0.0,0.0,0.0,0.0,0.0,0.0,0.0,0.0998789298166888,0.0,0.0,0.0,0.0,0.0,0.07587430913736312,0.0,0.0,0.0,0.0,0.0,0.0,0.0,0.0,0.0,0.0,0.0,0.0,0.0,0.0,0.06989206428713368,0.0,0.0,0.0,0.16681205094202123,0.0,0.0,0.0,0.0,0.0,0.0,0.0,0.0,0.0,0.0,0.0,0.17601969581375324,0.0,0.0,0.0,0.0,0.0,0.03418788268607169,0.5672886891704584,0.0,0.0,0.09340346051287537,0.0,0.0,0.0,0.0,0.0,0.0,0.0,0.0,0.0,0.0,0.0,0.0,0.0,0.0,0.0,0.0,0.0,0.0,0.0,0.0,0.0,0.09340346051287537,0.0,0.0,0.0,0.0,0.0,0.0,0.09340346051287537,0.0,0.0,0.0,0.0,0.0,0.0,0.0,0.0,0.0,0.0,0.0,0.0,0.07587430913736312,0.0,0.0,0.0,0.0,0.0,0.0,0.0,0.0,0.0,0.0,0.0,0.0,0.0,0.07940368282470554,0.0,0.0,0.0,0.0,0.0,0.0,0.0,0.0,0.0,0.0,0.0,0.0,0.0,0.0,0.0,0.0,0.0,0.0,0.0,0.0,0.0,0.0,0.0,0.0,0.0,0.0,0.0,0.0,0.0,0.0,0.08800984790687662,0.0,0.08800984790687662,0.0,0.0,0.0,0.0,0.0,0.0,0.07587430913736312,0.0,0.0,0.0,0.0,0.07272629933224095,0.0649712336369451,0.0,0.0,0.0,0.0,0.0,0.0,0.07272629933224095,0.0,0.0,0.0,0.0,0.0,0.0,0.0,0.0,0.0,0.0,0.0,0.0,0.0,0.0,0.0,0.0,0.0,0.0,0.03977465534156175,0.0,0.0,0.0,0.0,0.0,0.0,0.0,0.08340602547101061,0.0,0.0,0.0,0.0,0.08340602547101061,0.0,0.0,0.0,0.0,0.0,0.0,0.0,0.0,0.0,0.06082102894133188,0.0,0.0,0.0,0.0,0.0,0.0,0.0,0.07272629933224095,0.0,0.0,0.0,0.0,0.0,0.07587430913736312,0.0,0.0,0.0,0.0,0.0,0.0,0.0,0.0,0.0,0.0,0.0,0.0,0.1949137009108353,0.0,0.0,0.0,0.0,0.0,0.0,0.0,0.0,0.0,0.0,0.0,0.0,0.17176293373746337,0.0,0.0,0.0,0.0,0.0,0.0,0.0,0.0,0.0,0.0,0.0,0.0,0.07587430913736312,0.0,0.0,0.0,0.0,0.0,0.0,0.0556483140885692,0.0,0.0,0.0,0.06989206428713368,0.0,0.05139841627140458,0.0556483140885692,0.0,0.0,0.0,0.0,0.11450862249164226,0.05272997136374103,0.0,0.0,0.0,0.0,0.06082102894133188,0.0,0.0,0.0,0.0,0.0,0.0,0.0,0.06732031840160595,0.0,0.0,0.0,0.0,0.0,0.0,0.18246308682399562,0.0,0.06989206428713368,0.0,0.0,0.0,0.0,0.05139841627140458,0.0,0.0,0.0,0.0649712336369451,0.0,0.04383905611296951,0.0,0.0,0.0,0.06082102894133188,0.0,0.0,0.0,0.0,0.14347348676178254,0.15042390840768666,0.0,0.0541436454488673,0.0,0.0,0.045735284367821503,0.26268219528257497,0.0,0.0,0.0,0.0,0.0,0.0,0.0,0.0,0.0541436454488673,0.0,0.0,0.0,0.0,0.0,0.0,0.0,0.022365004310850884,0.0,0.05272997136374103,0.0,0.0,0.0,0.0,0.0,0.0,0.0,0.0,0.0,0.0,0.0,0.0,0.0556483140885692,0.0,0.08666172965781435,0.018885752810217062,0.045735284367821503,0.0,0.0,0.0,0.0,0.0,0.0,0.0,0.09390850554018325,0.0,0.0,0.0,0.0,0.14402772407595413,0.0,0.11510567530681218,0.0,0.0,0.022584996529678734,0.0,0.0,0.07355905669173027,0.0,0.0,0.0,0.036449205426729914,0.0556395390150882,0.0,0.0,0.06944945775462036,0.0,0.020566523638978235,0.03706566020519554,0.0,0.07517436956156125,0.03220567867720821,0.06796275676667293,0.06008831600161358,0.033668398456884026,0.0397175844270353,0.0,0.025058123187187083,0.0,0.022365004310850884,0.028887243219271448,0.09883742607406917,0.0278197695075441,0.0,0.02964786686231771,0.032485765425371384,0.020031016714481976,0.0,0.0,0.0360104849728617,0.0,0.0,0.043054682428591305,0.0,0.055304375502196544,0.018885752810217062,0.025833598815034272,0.029226379398935437,0.0,0.014084201115879028,0.04003501307624572,0.016472904345678194,0.011406918544429554,0.06115438652576763,0.03293888957521828,0.06284940809322977,0.0810314236534035,0.023342116344204272,0.03175275633395701,0.07766523858167507,0.01842653688827135,0.04054188355163081,0.05942264468975448,0.05244392042290257,0.04761621166735149,0.05136309042789551,0.0499377835788117,0.056639413016333504,0.023878205174062056,0.05036989151403939,0.022896251802070923,0.041614047320609825,0.03132079001584646
9,0.0,0.0,0.0,0.0,0.0,0.0,0.0,0.0,0.0,0.0,0.0,0.0,0.0,0.0,0.0,0.0,0.0,0.0,0.0,0.0,0.0,0.11187781877566198,0.0,0.0,0.0,0.0,0.0,0.0,0.0,0.0,0.0,0.0,0.0,0.0,0.0,0.0,0.0,0.0,0.0,0.0,0.0,0.11187781877566198,0.0,0.0,0.0,0.0,0.0,0.0,0.0,0.0,0.0,0.0,0.0,0.0,0.0,0.0,0.11187781877566198,0.0,0.0,0.0,0.0,0.0,0.0,0.0,0.0,0.0,0.0,0.0,0.0,0.0,0.0,0.0,0.0,0.0,0.0,0.0,0.0,0.0,0.0,0.0,0.0,0.0,0.09342595299699342,0.0,0.0,0.0,0.0,0.0,0.0,0.0,0.0,0.0,0.0,0.0,0.0,0.0,0.0,0.0,0.0,0.0,0.11488506386169214,0.13616561559003462,0.0,0.0,0.0,0.0,0.0,0.0,0.0,0.10462442326382551,0.0,0.0,0.10462442326382551,0.0,0.0,0.0,0.0,0.0,0.0,0.0,0.0,0.0,0.0,0.0,0.0,0.0,0.0,0.0,0.10462442326382551,0.10462442326382551,0.0,0.0,0.0,0.0,0.0,0.16292645009012655,0.0,0.0,0.0,0.0,0.0,0.0,0.0,0.0,0.0,0.0,0.0,0.0,0.0,0.0,0.0,0.0,0.0,0.0,0.0,0.08894279157262457,0.0,0.0,0.0,0.0,0.0,0.0,0.0,0.0,0.0,0.0,0.0,0.0,0.0,0.0,0.0,0.0,0.0,0.0,0.0,0.09342595299699342,0.0,0.0,0.0,0.0,0.0,0.0,0.0,0.0,0.0,0.0,0.0,0.09858285258633084,0.0,0.0,0.0,0.0,0.0,0.0,0.0,0.0,0.0,0.0,0.0,0.0,0.254968256757796,0.0,0.0,0.0,0.0,0.0,0.0,0.0,0.0,0.0,0.0,0.0,0.0,0.0,0.0,0.0,0.0,0.08498941891926533,0.0,0.0,0.0,0.0,0.0,0.0,0.0,0.0,0.0,0.0,0.0,0.0,0.0,0.0,0.04455295716859118,0.0,0.0,0.0,0.0,0.0,0.09342595299699342,0.0,0.0,0.0,0.0,0.0,0.0,0.09342595299699342,0.0,0.0,0.0,0.0,0.0,0.0,0.0,0.0,0.0,0.0,0.0,0.0,0.0,0.0,0.0,0.0,0.0,0.0,0.0,0.0,0.08146322504506327,0.06812772289547149,0.0,0.0,0.0,0.0,0.0,0.0,0.0,0.0,0.0,0.0,0.0,0.0,0.0,0.0,0.07277650967832841,0.0,0.0,0.0782885010534656,0.0,0.0,0.07035930007659359,0.0,0.10474106174601315,0.07540780018245917,0.0,0.0,0.0782885010534656,0.25653007974520875,0.0,0.0,0.0,0.0,0.0,0.0,0.08146322504506327,0.0,0.0,0.05906465148460918,0.0,0.0,0.0,0.0,0.0,0.0,0.06812772289547149,0.0,0.0,0.0,0.0,0.0,0.0,0.0,0.0,0.0,0.06233358737622146,0.0,0.0,0.0,0.19817561402991882,0.06413251993630219,0.35438790890765515,0.0,0.0,0.0,0.0,0.0,0.0,0.0,0.0,0.0,0.0,0.0,0.0,0.0,0.0,0.0,0.0,0.0,0.0,0.19239755980890658,0.06812772289547149,0.0,0.0,0.0782885010534656,0.0,0.0,0.0,0.0,0.0,0.0,0.0,0.0,0.0,0.09821126405948664,0.12048502502181987,0.0,0.0,0.0,0.0,0.0,0.056164994943541345,0.0,0.05356985963074464,0.056164994943541345,0.0,0.060648156367910204,0.0,0.0,0.0,0.09053518354165031,0.0,0.0,0.0,0.030054758872260817,0.05356985963074464,0.0,0.10474106174601315,0.0,0.0,0.0,0.0,0.0,0.0,0.0,0.0,0.0,0.10020723705384314,0.0,0.11812930296921836,0.0,0.0,0.056164994943541345,0.0,0.0,0.04811478503778487,0.0,0.056164994943541345,0.01606694283575073,0.0,0.0,0.0,0.0,0.0,0.12943037206127983,0.06346374057735554,0.05122966240775178,0.0,0.0,0.0,0.07012676102691129,0.0,0.0,0.054832756706140344,0.10519014154036693,0.0,0.0,0.0,0.054832756706140344,0.16133039913837996,0.0,0.042977939743850335,0.0,0.0,0.17708761071065346,0.0,0.0,0.0,0.05377679971279332,0.0,0.017347160511789885,0.12248401960451906,0.031161879057555256,0.0,0.03889636113942994,0.03889636113942994,0.0,0.0460745386189052,0.08303703739813677,0.05940733007672276,0.0,0.036074686515051725,0.09135290094506904,0.10096047895939651,0.03771312916487279,0.06673354511642617,0.0,0.028068464188989544,0.05940733007672276,0.0,0.0,0.14761492622934852,0.031161879057555256,0.0,0.0,0.10916526389656267,0.022437429615917017,0.06145944408191073,0.025806342908002423,0.040336580690358496,0.0,0.05109937570607751,0.0964540562665253,0.0,0.10324721659332499,0.08461832076980741,0.02893710106682215,0.06547494218978886,0.017463241024664518,0.031552394542757795,0.061661315109585564,0.03690373155733713,0.012777281134716264,0.045667418781409584,0.049194641623697265,0.02815991201234155,0.05186633140896715,0.017430870668386306,0.05335102896994525,0.032623312681500156,0.02064019667043541,0.030274903887055633,0.051769934750898916,0.023497694401520754,0.013334138415080887,0.06392617912725358,0.05593702607289052,0.06344375131603011,0.0534935950165821,0.046608689354593426,0.017097918546353234,0.043505768397014616,0.0394689288842147
10,0.0,0.0,0.0,0.0,0.0,0.0,0.0,0.17398668618876162,0.0,0.0,0.11947262667318038,0.0,0.0,0.0,0.0,0.0,0.0,0.0,0.0,0.0,0.0,0.0,0.0,0.0,0.0,0.0,0.11947262667318038,0.0,0.0,0.0,0.0,0.0,0.0,0.0,0.0,0.0,0.0,0.0,0.0,0.0,0.0,0.0,0.0,0.0,0.0,0.0,0.11947262667318038,0.0,0.0,0.11947262667318038,0.0,0.0,0.0,0.0,0.0,0.0,0.0,0.0,0.0,0.0,0.0,0.0,0.0,0.0,0.0,0.0,0.0,0.0,0.0,0.0,0.0,0.0,0.0,0.0,0.0,0.0,0.0,0.0,0.0,0.0,0.09976815892681716,0.0,0.19953631785363432,0.0,0.0,0.0,0.0,0.0,0.0,0.0,0.0,0.0,0.0,0.0,0.0,0.0,0.0,0.0,0.0,0.0,0.0,0.0,0.0,0.15543386287876942,0.0,0.0,0.0,0.0,0.0,0.0,0.0,0.0,0.0,0.0,0.0,0.0,0.0,0.0,0.0,0.0,0.0,0.0,0.0,0.0,0.0,0.0,0.0,0.0,0.0,0.0,0.0,0.0,0.0,0.0,0.0,0.08699334309438081,0.0,0.0,0.0,0.0,0.0,0.0,0.0,0.0,0.0,0.0,0.0,0.0,0.0,0.0,0.0,0.0,0.0,0.0,0.0,0.09498065880364044,0.0,0.0,0.09498065880364044,0.0,0.0,0.09498065880364044,0.0,0.0,0.0,0.09976815892681716,0.0,0.0,0.0,0.0,0.0,0.0,0.0,0.0,0.0,0.09976815892681716,0.0,0.0,0.0,0.0,0.0,0.0,0.0,0.0,0.0,0.0,0.0,0.0,0.0,0.0,0.0,0.0,0.0,0.0,0.0,0.0,0.0,0.0,0.1606399317823772,0.1606399317823772,0.09075891207776042,0.09075891207776042,0.0,0.0,0.0,0.0,0.0,0.06848614583132136,0.0,0.0,0.0,0.0,0.0,0.0,0.0,0.0,0.0,0.0,0.0,0.0,0.0,0.0,0.0,0.0,0.0,0.0,0.0,0.0,0.0,0.0,0.0,0.0,0.4757742756553661,0.0,0.07771693143938471,0.0,0.0,0.0,0.09976815892681716,0.0,0.0,0.0,0.0,0.0,0.0,0.0,0.0,0.15027125989813794,0.0,0.0,0.0,0.0,0.0,0.0,0.0,0.0,0.0,0.0,0.0,0.0,0.0,0.0,0.0,0.0,0.0,0.0,0.0,0.0,0.0,0.0,0.0,0.0,0.0,0.0,0.0,0.0,0.0,0.0,0.0,0.0,0.0,0.0,0.0,0.0,0.07771693143938471,0.0,0.0,0.0,0.07513562994906897,0.0,0.055925696014982575,0.0,0.08052684668003728,0.0,0.0,0.0,0.0,0.0,0.0,0.0,0.0,0.0,0.0,0.08699334309438081,0.0,0.0,0.0,0.0,0.0,0.0,0.0,0.0,0.0,0.07054291133497204,0.0,0.0,0.0,0.0,0.08360310347057212,0.0,0.06848614583132136,0.0,0.0,0.16777708804494773,0.0,0.0,0.0,0.0,0.06307424593745588,0.0,0.0,0.0,0.0,0.0,0.07513562994906897,0.0,0.0,0.0,0.0,0.0,0.0,0.0,0.06656509302109703,0.0,0.0,0.0,0.06848614583132136,0.06848614583132136,0.0,0.0,0.0,0.0,0.08360310347057212,0.08360310347057212,0.0,0.0,0.0,0.0,0.0,0.07771693143938471,0.061481473720798596,0.10487832006814846,0.0,0.0,0.0,0.0,0.0,0.0,0.0,0.0,0.0,0.0,0.0,0.1295304935947904,0.0,0.0,0.054707379875785174,0.12085143755962821,0.0,0.0,0.0,0.0,0.0,0.0,0.0,0.0,0.0,0.0,0.0,0.0,0.0,0.0,0.0,0.0,0.026752447342781715,0.0,0.06307424593745588,0.0,0.057206441014301605,0.0,0.053546643927459066,0.0,0.0,0.0,0.11995549334843697,0.0,0.0,0.0,0.0,0.06656509302109703,0.0,0.0,0.0677719664921766,0.0,0.0,0.0,0.0,0.03744365251152946,0.03642558914724893,0.05138104955197885,0.0,0.07488730502305892,0.0,0.043599609251661585,0.0,0.0,0.11485485838167986,0.026752447342781715,0.0,0.053546643927459066,0.0,0.0,0.0,0.0,0.0,0.11485485838167986,0.0,0.018524769738500355,0.0,0.033277298251081035,0.0,0.16614733766572998,0.0,0.03642558914724893,0.04920230133010941,0.0,0.0,0.0,0.0,0.2276268821557081,0.0,0.08054655785571053,0.0,0.0,0.029973887407163016,0.0,0.026752447342781715,0.0,0.01970446774636323,0.06655459650216207,0.0,0.0,0.01942932173973595,0.0,0.043754405765710006,0.027558202383532363,0.0,0.0,0.0,0.05150091225210485,0.0,0.08820490994972975,0.022590655497392198,0.046352237341517784,0.01747992455138574,0.0,0.0673886476355195,0.17958322816031233,0.03940893549272646,0.013644664828219827,0.04876754422732846,0.03940065902259615,0.04510731472714372,0.027693634525340776,0.09307081272868178,0.009495459178161513,0.023225294042451636,0.04408270626392286,0.0484951663687351,0.03948880608631656,0.0501856632822391,0.08543594565789098,0.027306319043734078,0.06570773239042665,0.05081296519727384,0.028562499594480498,0.0628707951200359,0.04260341871791121,0.05973319356569097,0.03278198842436105
11,0.0,0.0,0.0,0.0,0.0,0.0,0.0,0.0,0.0,0.0,0.0,0.0,0.0,0.0,0.0,0.0,0.0,0.0,0.0,0.0,0.0,0.0,0.0,0.0,0.0,0.0,0.0,0.0,0.0,0.0,0.0,0.0,0.0,0.0,0.0,0.0,0.0,0.0,0.0,0.0,0.0,0.0,0.0,0.0,0.0,0.12162177192193352,0.0,0.0,0.0,0.0,0.0,0.0,0.0,0.0,0.0,0.0,0.0,0.0,0.0,0.0,0.0,0.0,0.0,0.0,0.17711646302870465,0.0,0.0,0.0,0.0,0.0,0.0,0.0,0.0,0.0,0.0,0.0,0.0,0.0,0.0,0.0,0.0,0.0,0.0,0.0,0.0,0.0,0.0,0.0,0.0,0.0,0.0,0.0,0.0,0.0,0.0,0.0,0.0,0.0,0.0,0.0,0.0,0.0,0.0,0.0,0.0,0.0,0.11373664487660663,0.11373664487660663,0.0,0.0,0.0,0.0,0.0,0.0,0.0,0.0,0.0,0.0,0.0,0.0,0.0,0.0,0.0,0.0,0.0,0.0,0.0,0.11373664487660663,0.0,0.0,0.11373664487660663,0.0,0.11373664487660663,0.0,0.0,0.0,0.0,0.0,0.0,0.0,0.0,0.0,0.0,0.0,0.0,0.0,0.0,0.07911495020403049,0.08855823151435233,0.0,0.0,0.0,0.0,0.0,0.13552501165844907,0.09668922784807671,0.0,0.0,0.0,0.0,0.0,0.0,0.0,0.0,0.0,0.0,0.0,0.0,0.10156284839422927,0.0,0.0,0.0,0.0,0.0,0.0,0.0,0.0,0.0,0.0,0.0,0.0,0.0,0.0,0.0,0.0,0.0,0.0,0.0,0.0,0.0,0.0,0.0,0.0,0.0,0.0,0.0,0.0,0.0,0.16352961920085615,0.16352961920085615,0.0,0.09239153781057784,0.0,0.0,0.0,0.0,0.0,0.0,0.0,0.0,0.0,0.0,0.0,0.0,0.08855823151435233,0.0,0.17711646302870465,0.0,0.0,0.0,0.0,0.0,0.06776250582922454,0.0,0.0,0.0,0.0,0.0,0.0,0.3279016475398394,0.0,0.0,0.0,0.0,0.0,0.0,0.0,0.0,0.0,0.0,0.0,0.0,0.0,0.0,0.0,0.0,0.0,0.0,0.0,0.0,0.0,0.0,0.0,0.24592623565487956,0.0,0.0,0.0,0.0,0.0,0.0,0.0,0.0,0.0,0.0,0.0,0.0,0.0,0.0,0.0,0.0,0.0,0.0,0.0,0.0,0.0,0.0,0.0,0.0,0.0,0.0,0.0,0.08197541188495985,0.0,0.0,0.0,0.0,0.0,0.0,0.0,0.0,0.0,0.0,0.0,0.0,0.0,0.0,0.0,0.0,0.17711646302870465,0.0,0.08855823151435233,0.0,0.0,0.0,0.0,0.0,0.0,0.0,0.0,0.0,0.06105666234624457,0.0,0.0,0.0,0.08197541188495985,0.0,0.0,0.0,0.08510700622727892,0.0,0.0,0.0,0.0,0.0,0.0,0.0,0.14362375904834968,0.0,0.0,0.06776250582922454,0.0,0.0,0.0,0.0,0.0,0.0,0.13773916145485227,0.0,0.0,0.0,0.0,0.0,0.13552501165844907,0.0,0.0,0.07181187952417484,0.0,0.0,0.0,0.0,0.0,0.0,0.0,0.0,0.0,0.06258743933662829,0.0,0.06776250582922454,0.0,0.0,0.0,0.05338246708920517,0.0,0.0,0.054509873066952055,0.07406127922612152,0.0,0.0,0.0,0.0,0.0,0.0,0.226710209393903,0.06593028289239714,0.0,0.0,0.0,0.0,0.0,0.0,0.0,0.03267236587853457,0.0,0.0,0.11386344193998514,0.0,0.0,0.0,0.06105666234624457,0.08876781033360118,0.0,0.05127488857253738,0.0,0.0,0.0,0.0,0.0,0.0,0.0,0.0,0.21803949226780822,0.0,0.0,0.06420886329500328,0.06105666234624457,0.06986514676231832,0.0,0.0,0.0,0.0,0.0,0.0,0.18397623803729957,0.0,0.149982066426171,0.07593677961056346,0.0,0.0,0.0,0.0,0.0,0.0,0.058235504778340885,0.0,0.0,0.0,0.029230234111355686,0.0,0.0,0.0,0.0,0.0,0.0,0.0,0.029857424491077336,0.08769070233406705,0.10676493417841033,0.07543201761874348,0.0,0.0,0.0,0.08456804780184034,0.0,0.1483233379477798,0.025043690914967293,0.0,0.03229069366989652,0.09153922700184622,0.0,0.1655154078609483,0.0,0.08199547763708066,0.0,0.0,0.0,0.0,0.027233686407329413,0.0,0.0,0.06775182049261287,0.08472926772750847,0.03610196973594481,0.0,0.024391608427166967,0.06681222938004804,0.0,0.021924839394083104,0.026971112158744027,0.0,0.05242734154352604,0.024822402027846274,0.0673436945705963,0.022997029754662446,0.01572868306043786,0.0,0.018984194902640864,0.034300437518942344,0.15234473246094238,0.02005892352770425,0.04167033972296955,0.04964480405569255,0.013369807234390203,0.0,0.028191804229298602,0.028423507895012447,0.04833134595841424,0.047286169116845786,0.033656769313350786,0.0,0.040199154409129426,0.025544216543259484,0.13770696290826223,0.020848141113420177,0.05472795475752944,0.05603760422493406,0.025441761593767123,0.056001533596997624,0.03407626715458179,0.047294885609811675,0.04290645920067967
12,0.0,0.0,0.0,0.0,0.0,0.0,0.0,0.0,0.0,0.0,0.0,0.0,0.0,0.0,0.0,0.0,0.0,0.0,0.0,0.0,0.0,0.0,0.0,0.11103705136812073,0.0,0.0,0.0,0.0,0.0,0.0,0.0,0.0,0.0,0.0,0.0,0.0,0.0,0.0,0.0,0.0,0.0,0.0,0.0,0.0,0.0,0.0,0.0,0.0,0.0,0.0,0.0,0.0,0.0,0.0,0.11103705136812073,0.0,0.0,0.0,0.0,0.0,0.0,0.0,0.0,0.0,0.0,0.0,0.0,0.0,0.0,0.0,0.0,0.0,0.0,0.0,0.0,0.0,0.0,0.0,0.0,0.07770015904973919,0.0,0.0,0.0,0.0,0.0,0.0,0.0882743820424035,0.0,0.0,0.0,0.0,0.0,0.0,0.0,0.0,0.0,0.0,0.0,0.0,0.0,0.07601446457121193,0.0,0.0,0.0,0.0,0.0,0.0,0.0,0.0,0.0,0.0,0.0,0.0,0.0,0.0,0.0,0.0,0.0,0.0,0.0,0.0,0.0,0.10383816548658538,0.0,0.10383816548658538,0.0,0.0,0.10383816548658538,0.0,0.0,0.0,0.0,0.0,0.0,0.0,0.0,0.0,0.0,0.0,0.0,0.0,0.0,0.0,0.0,0.0,0.0,0.0,0.0,0.08085102483164627,0.0,0.0,0.0,0.0,0.0,0.0,0.0,0.0,0.0,0.0,0.0,0.0,0.0,0.0,0.0,0.0,0.0,0.0,0.0,0.0,0.0,0.0,0.0,0.0,0.1854477045685754,0.0,0.0,0.0,0.0,0.0,0.0,0.0,0.09784199751511038,0.0,0.0,0.0,0.0,0.0,0.0,0.09784199751511038,0.0,0.0,0.0,0.0,0.09784199751511038,0.0,0.0,0.0,0.0,0.049765888789138374,0.049765888789138374,0.0,0.0,0.05197696371237084,0.24255307449493885,0.0,0.0,0.0,0.0,0.0,0.0,0.0,0.0,0.0,0.0,0.16170204966329255,0.0,0.0,0.0,0.0,0.0,0.0,0.0,0.18559544204195066,0.0,0.0,0.0,0.0,0.0,0.0,0.0,0.0,0.0,0.0,0.0,0.0,0.0,0.0,0.12038476487477652,0.0,0.0,0.0,0.0,0.0,0.0,0.0,0.0,0.0,0.06983054641506187,0.0,0.0,0.0,0.0,0.07484110678995634,0.07484110678995634,0.0,0.06761573964814548,0.0,0.0,0.0,0.0,0.0,0.07484110678995634,0.0,0.08085102483164627,0.0,0.0,0.0,0.0,0.08435071918239904,0.0,0.0,0.0,0.0,0.0,0.0,0.0,0.0,0.0,0.0,0.0,0.0,0.14968221357991268,0.0,0.0,0.0,0.07770015904973919,0.0,0.0,0.0,0.0,0.0,0.0,0.0,0.0,0.0,0.0,0.06019238243738826,0.0,0.08085102483164627,0.0,0.08085102483164627,0.16170204966329255,0.08085102483164627,0.0,0.0,0.0,0.0,0.0,0.0,0.08435071918239904,0.1672287365865122,0.0,0.0,0.0,0.0,0.0,0.0,0.0,0.0,0.0,0.0,0.17142139783363186,0.0,0.05197696371237084,0.0,0.0,0.1311242095812467,0.0,0.0,0.06186514734731688,0.0,0.055742912195504056,0.06761573964814548,0.06761573964814548,0.13966109283012373,0.11724155534507813,0.0,0.0,0.0,0.0,0.0,0.0,0.12373029469463376,0.0,0.0,0.0,0.0,0.0,0.0,0.0,0.0,0.0,0.0,0.07770015904973919,0.06186514734731688,0.0,0.0,0.06186514734731688,0.0,0.0,0.0,0.0,0.07971971601903423,0.0,0.1990635551565535,0.06761573964814548,0.0,0.0,0.0,0.0,0.10633455890893712,0.0,0.1034898306789445,0.12038476487477652,0.11724155534507813,0.0,0.20337867572292984,0.0,0.0,0.1311242095812467,0.09182281576202218,0.0,0.0,0.0,0.20790785484948335,0.0,0.0,0.0,0.055742912195504056,0.0,0.05714046594454396,0.234062222016383,0.0,0.0,0.0,0.0,0.0,0.0974732014946433,0.0,0.0,0.0,0.0,0.047753200020099286,0.058620777672539065,0.0,0.0478385968685871,0.0,0.0,0.0,0.0,0.0,0.0,0.10497801231763453,0.0,0.09780653902252459,0.06932801557734244,0.0,0.0347998774539882,0.06770739249453671,0.0,0.0,0.0,0.05316727945446856,0.0,0.0,0.0,0.0,0.02486354366301238,0.0,0.0,0.05084466893073246,0.0,0.0,0.0,0.027258938301470803,0.0,0.0,0.017216795732325017,0.0,0.0,0.0,0.03860405303871908,0.0,0.033853696247268354,0.0,0.0,0.0,0.02785752827579336,0.0,0.09066637932228899,0.03340058530232773,0.0,0.04415469278992516,0.0,0.02785752827579336,0.0,0.0,0.0,0.0,0.0,0.0,0.0,0.018057480245783363,0.0,0.0,0.0,0.04003344926763997,0.04924764240646158,0.17750376469049725,0.047864599603096816,0.0,0.04098852343725694,0.06298680739058071,0.014359818652007054,0.04873717104167753,0.01733200389433561,0.031315276718583654,0.10014206275703735,0.018313199083833026,0.03804377768247247,0.0453242258436304,0.024412470714861065,0.027948288864175948,0.03860741499940399,0.02594981520435743,0.02647504665851873,0.043170862471885764,0.05121271139855779,0.030047386469097017,0.014680251742908693,0.0,0.04631876094133055,0.03172288534581569,0.04441332521786075,0.03541891969662446,0.0365004667312302,0.043823768893907246,0.036767091470921685,0.06785243201010047,0.03699607802445361
13,0.0,0.0,0.0,0.0,0.0,0.0,0.0,0.0,0.0,0.0,0.0,0.0,0.0,0.0,0.0,0.11427897053089521,0.11427897053089521,0.0,0.0,0.0,0.0,0.0,0.0,0.0,0.0,0.0,0.0,0.0,0.0,0.0,0.0,0.0,0.0,0.0,0.0,0.0,0.0,0.0,0.0,0.0,0.0,0.0,0.0,0.0,0.0,0.0,0.0,0.0,0.0,0.0,0.0,0.0,0.0,0.0,0.0,0.0,0.0,0.0,0.0,0.0,0.0,0.0,0.0,0.0,0.0,0.0,0.09543108585959324,0.0,0.0,0.0,0.0,0.0,0.0,0.0,0.0,0.0,0.0,0.0,0.0,0.0,0.0,0.0,0.0,0.0,0.0,0.0,0.0,0.0,0.0,0.0,0.0,0.0,0.0,0.0,0.0,0.0,0.0,0.0,0.0,0.0,0.0,0.0,0.0,0.0,0.0,0.0,0.0,0.0,0.0,0.0,0.0,0.0,0.0,0.0,0.0,0.0,0.0,0.0,0.0,0.0,0.0,0.0,0.0,0.0,0.0,0.0,0.0,0.0,0.0,0.0,0.0,0.0,0.0,0.0,0.0,0.0,0.0,0.0,0.0,0.0,0.0,0.0,0.0,0.0,0.0,0.0,0.0,0.0,0.0,0.0,0.0,0.15405244523279088,0.23107866784918632,0.0,0.06367140754805124,0.0,0.0,0.0,0.0,0.0,0.0,0.0,0.0,0.0,0.0,0.0,0.0,0.0,0.0,0.0,0.0,0.0,0.0,0.0,0.0,0.09543108585959324,0.0,0.0,0.0,0.2156081107413388,0.0,0.0,0.0,0.0,0.0,0.0,0.0,0.0,0.0,0.0,0.0,0.0,0.0,0.0,0.0,0.0,0.0,0.0,0.0,0.0,0.0,0.0,0.0,0.08321161063163018,0.0,0.0,0.0,0.0,0.0,0.0,0.0,0.0,0.0,0.0,0.0,0.0,0.0,0.0,0.0,0.0,0.0,0.32754474640629505,0.0,0.0,0.0,0.0,0.0,0.0,0.0,0.0,0.0,0.14373874049422586,0.0,0.0,0.0,0.0,0.0,0.3716988202041674,0.0,0.0,0.0,0.0,0.0,0.0,0.0,0.0,0.0,0.0,0.0,0.0,0.0,0.0,0.0,0.0,0.0,0.0,0.0,0.0,0.0,0.0,0.07702622261639544,0.0,0.0,0.0,0.0,0.0,0.0,0.0,0.0,0.0,0.0,0.0,0.0,0.0,0.0,0.0,0.0,0.0,0.0,0.0,0.0,0.0,0.0,0.07433845864968144,0.0,0.0,0.0,0.0,0.0,0.0,0.0,0.07702622261639544,0.0,0.0,0.0,0.0,0.0,0.0,0.0,0.0,0.0,0.0,0.0,0.0,0.0,0.0,0.0,0.0,0.0,0.0,0.0,0.0,0.06958989835795995,0.0,0.0,0.19101422264415377,0.0,0.0,0.0,0.0,0.0,0.0,0.0,0.0,0.0,0.07186937024711293,0.0,0.0,0.0,0.0,0.0,0.2294816925199876,0.0,0.0,0.0,0.0,0.0,0.0,0.0,0.0,0.0,0.07702622261639544,0.0,0.0,0.0,0.06747630407143725,0.0,0.065508949281259,0.0,0.0,0.0,0.0,0.0,0.0,0.0,0.0,0.0,0.12734281509610249,0.0,0.0,0.0,0.0,0.0,0.0,0.0,0.20876969507387988,0.0,0.0,0.0,0.0,0.0,0.0,0.2130227913058927,0.0,0.0,0.0,0.0,0.0,0.0,0.0,0.09450374201439453,0.0,0.10943918065406234,0.0,0.0,0.0,0.0,0.0,0.0,0.08340853632454158,0.058808780882963374,0.09635842970479194,0.0,0.0,0.0,0.0,0.0,0.0,0.0,0.0,0.0,0.0,0.09829487491991624,0.0,0.0,0.0,0.0,0.0,0.0,0.06367140754805124,0.04835781674770279,0.0,0.19447744920097762,0.052329167163533974,0.20132434089280898,0.053514125362954405,0.0,0.0,0.0,0.0,0.05600959203820231,0.0,0.10943918065406234,0.0,0.0,0.0,0.0,0.0,0.0,0.0,0.0,0.0,0.04433723533745223,0.08780068762896742,0.0,0.0,0.05015955027583006,0.17719469923673578,0.04170426816227079,0.0,0.0,0.0,0.0,0.0,0.0,0.0,0.030341173064744504,0.057341754192276335,0.0,0.15552256901413597,0.0,0.07704507691738989,0.022721932787154803,0.0,0.028670877096138168,0.0,0.025589477913448917,0.06610412071160028,0.0,0.0,0.0,0.0,0.018584699678566626,0.04583797549732385,0.02092616771862968,0.05272041112291225,0.04120229520450158,0.07602826902290977,0.02609804210686097,0.02463104477342884,0.06997131775880759,0.021092627209911792,0.043217210933550576,0.07389539222908705,0.01672004574030603,0.0,0.0,0.11451764871583114,0.0565436540139059,0.026103021139286836,0.023323772586269196,0.0,0.05752857519440748,0.052979500525625355,0.026707465035156308,0.054496063063893374,0.04443131062497217,0.0,0.0,0.052881034976625454,0.024002008221486106,0.027240638540646952,0.02611927197216815,0.04571004922423739,0.05265438597584116,0.034151055563289526,0.05763196860981471,0.014554065550267713,0.047613750929764484,0.058234253454818356
14,0.0,0.0,0.0,0.0,0.0,0.0,0.0,0.0,0.0,0.0,0.0,0.0,0.0,0.0,0.0,0.0,0.0,0.0,0.0960287857213807,0.0,0.0,0.0,0.0960287857213807,0.0,0.0,0.0,0.0,0.0,0.0,0.0,0.0,0.0,0.0,0.0,0.0,0.0,0.0,0.0,0.0,0.0,0.0,0.0,0.0,0.0,0.0,0.0,0.0,0.0,0.0,0.0,0.0,0.0,0.0,0.0960287857213807,0.0,0.0,0.0,0.0,0.0,0.0,0.0,0.0,0.0729494978298436,0.0,0.06992283785681723,0.37168797083179983,0.0,0.0,0.0,0.0,0.0,0.0,0.0,0.0,0.0,0.0,0.0,0.06719785721945805,0.0,0.0,0.0,0.0,0.0,0.0,0.0,0.08019088072456909,0.0,0.0,0.0,0.0,0.0,0.0,0.0,0.0,0.0,0.0,0.0,0.0,0.0,0.0,0.0,0.0,0.0,0.0,0.0,0.08980293352850532,0.0,0.0,0.0,0.0,0.0,0.0,0.08980293352850532,0.0,0.0,0.08980293352850532,0.0,0.0,0.0,0.0,0.0,0.0,0.0,0.0,0.0,0.08980293352850532,0.0,0.0,0.0,0.0,0.0,0.0,0.0,0.0,0.0,0.0,0.0,0.0,0.0,0.0,0.0,0.0,0.0,0.0,0.0,0.0,0.0,0.0,0.13984567571363446,0.0,0.0,0.0,0.1294504945607207,0.0,0.37452223681436353,0.0,0.0,0.0,0.0,0.0,0.0,0.0,0.0,0.0,0.0,0.0,0.0,0.0,0.0,0.0,0.0,0.0,0.0,0.0,0.0,0.0,0.0,0.0,0.0,0.0,0.0,0.0,0.0,0.0,0.0,0.0,0.0,0.0,0.0,0.0,0.0,0.0,0.0,0.0,0.0,0.0,0.0,0.0,0.0,0.0,0.0,0.0,0.40456371853860623,0.0,0.0,0.0,0.06246671529647755,0.0,0.0,0.0,0.0,0.0,0.0,0.0,0.0,0.0,0.0,0.0729494978298436,0.0,0.0,0.0,0.0,0.0,0.0,0.0,0.0,0.0,0.0,0.0,0.0,0.0,0.0,0.0,0.0,0.0,0.0,0.0,0.052056510182139804,0.0,0.0,0.0,0.0,0.0,0.0,0.0,0.0,0.1134008735788358,0.0,0.0,0.06719785721945805,0.0,0.0,0.0,0.0,0.0,0.0,0.0,0.0,0.0,0.0,0.0,0.0,0.0,0.06992283785681723,0.0,0.0,0.0,0.0,0.0,0.0,0.0,0.0,0.0,0.0,0.0,0.0,0.0,0.0,0.0,0.0,0.0,0.0,0.1249334305929551,0.0,0.06246671529647755,0.0,0.0,0.0,0.0,0.0,0.0,0.0,0.0,0.0,0.0,0.0,0.0,0.0,0.0,0.0,0.0,0.06992283785681723,0.0,0.0,0.0,0.0,0.0,0.0729494978298436,0.0,0.0,0.0,0.0,0.0,0.0567004367894179,0.0,0.0,0.0,0.0,0.0,0.0,0.0,0.0,0.05350317668776622,0.0,0.0,0.06039193670829192,0.0,0.0,0.0,0.0,0.08607861631560387,0.0,0.0,0.0,0.12078387341658384,0.05069733056287864,0.0,0.0,0.0,0.0,0.0,0.06472524728036035,0.0,0.0,0.0,0.0,0.0,0.0,0.0,0.0,0.0,0.0,0.0,0.0,0.0,0.0,0.0,0.0,0.0,0.0,0.0,0.0,0.0,0.0,0.0,0.058476493153064905,0.0,0.0,0.0,0.0,0.0,0.04820845028531304,0.13425252182259742,0.0,0.0,0.0,0.0,0.0,0.0,0.0,0.0,0.0,0.0,0.08097012911110012,0.04495152428206736,0.15209199168863594,0.0,0.036251525835031016,0.0,0.0,0.0,0.0,0.0,0.0,0.0,0.0,0.0,0.0,0.09196190322445409,0.0,0.043039308157801937,0.0,0.0,0.0,0.04820845028531304,0.055163356871152064,0.0,0.0,0.0,0.05350317668776622,0.30476357991627484,0.027773694554757995,0.05447322813113282,0.0,0.050751941242419,0.0,0.0,0.0,0.0,0.04129866342575554,0.047064941932815185,0.0,0.0,0.0,0.0,0.047064941932815185,0.0,0.043005751274391366,0.0,0.0,0.0,0.0,0.0,0.0,0.0,0.0,0.04214914330205924,0.014889696437516295,0.0,0.05349473987679375,0.0,0.0,0.033386156166393816,0.0,0.039547445996586,0.035636849013088785,0.0,0.024092179867552806,0.030964210593579174,0.09148008920382844,0.0,0.06474109057700286,0.057279819847609124,0.0,0.0,0.0,0.06450862691158706,0.027773694554757995,0.12670323997449293,0.05349473987679375,0.013379921318951058,0.05700999518602804,0.04685025078993352,0.2118474473971061,0.017584289274628122,0.0,0.017311174396484826,0.0,0.02193022287114307,0.08279001148341211,0.03919800028817275,0.07089666171236612,0.01815774271037761,0.062094405936619475,0.04214963651287333,0.014989332547866444,0.0,0.10585228208337297,0.04751371499043485,0.0,0.0,0.021112771730895718,0.048341345695852043,0.022259375806267162,0.0,0.022896560663392913,0.018667847581686364,0.0,0.025986047010222103,0.019044004657716135,0.030253383807313666,0.022890348322014056,0.06035717148434762,0.038410221074588385,0.030631539725904967,0.022957745465230564,0.05474495263811385,0.03913536807295602,0.05067921223505666,0.02446716408398818
15,0.0,0.0,0.0,0.0,0.0,0.0,0.0,0.0,0.4143156331833259,0.0,0.0,0.0,0.0,0.0,0.0,0.0,0.0,0.0,0.10615313817165839,0.0,0.0,0.0,0.0,0.0,0.0,0.0,0.0,0.0,0.0,0.0,0.0,0.0,0.0,0.0,0.0,0.0,0.0,0.0,0.0,0.0,0.0,0.0,0.0,0.0,0.0,0.0,0.10615313817165839,0.0,0.0,0.0,0.0,0.0,0.0,0.0,0.0,0.0,0.0,0.0,0.10615313817165839,0.0,0.0,0.0,0.0,0.0,0.0,0.2739167860140683,0.0,0.0,0.0,0.0,0.0,0.0,0.0,0.0,0.0,0.0,0.0,0.0,0.0,0.0,0.0,0.0,0.0,0.0,0.0,0.0,0.0,0.0,0.0,0.0,0.0,0.0,0.0,0.0935384626414396,0.0,0.0,0.0,0.0,0.0,0.0,0.0,0.0,0.0,0.0,0.0,0.0,0.0,0.0,0.0,0.0,0.0,0.0,0.0,0.0,0.0,0.0,0.0,0.0,0.0,0.0,0.0,0.0,0.0992708919461969,0.0,0.0,0.0,0.0,0.0,0.0,0.0,0.0,0.0,0.0992708919461969,0.0,0.0,0.0772948300096704,0.0,0.0,0.0,0.0,0.0,0.0,0.07154925542515816,0.0,0.0,0.0,0.0,0.20715781659166296,0.23188449002901118,0.0,0.0,0.0,0.07154925542515816,0.0,0.0,0.0,0.0,0.0,0.0,0.0,0.0,0.0,0.0,0.0,0.08864543665438496,0.0,0.0,0.0,0.08864543665438496,0.0,0.0,0.0,0.0,0.0,0.08864543665438496,0.0,0.0,0.0,0.0,0.0,0.0,0.0,0.0,0.0,0.0,0.0,0.0,0.0,0.0,0.0,0.0,0.0,0.0,0.0,0.0,0.0,0.0,0.0,0.0,0.0,0.0,0.0,0.09938156214920314,0.0,0.0,0.0,0.0,0.0,0.0,0.0,0.0,0.038738876628054496,0.16812710987901008,0.0,0.0,0.0,0.0,0.08064059192784657,0.0,0.0,0.0,0.18255276134081852,0.0,0.0,0.0,0.0,0.0843916742970659,0.0,0.0,0.0,0.0,0.0,0.0,0.0,0.0,0.0,0.0,0.0,0.0,0.0,0.0,0.0,0.0,0.0,0.0,0.0,0.1880351580732428,0.0,0.0,0.0,0.0,0.0,0.0,0.0,0.0,0.0,0.0,0.0,0.0,0.0,0.0,0.0,0.0,0.0,0.0,0.0,0.0,0.0,0.0,0.0,0.0,0.0,0.0,0.0,0.0,0.0,0.0,0.0,0.0,0.0843916742970659,0.06085092044693951,0.0,0.0,0.0,0.0,0.0,0.0,0.0,0.0,0.0,0.0,0.0,0.0,0.0,0.0,0.0,0.05754484841797473,0.11508969683594945,0.0,0.0,0.0,0.0,0.0772948300096704,0.0,0.0772948300096704,0.0,0.0,0.0,0.0,0.0,0.15987325818196696,0.0,0.0,0.06267838602441428,0.0,0.0,0.0,0.07428255359755412,0.0,0.0,0.0,0.0,0.0,0.0,0.06464169270537022,0.06675908222405029,0.0,0.0,0.0,0.0,0.0,0.0,0.0,0.0,0.0,0.0,0.04007353838738263,0.0,0.0,0.0,0.0,0.0,0.0,0.0,0.0,0.0,0.0,0.0,0.0,0.0,0.0,0.07428255359755412,0.0,0.0,0.0,0.05462716905634248,0.0,0.0,0.0,0.0,0.0,0.18637177588571066,0.0,0.0,0.04757695925619212,0.0,0.0,0.0,0.0,0.0,0.0,0.0,0.09893787848348425,0.05754484841797473,0.0,0.2541437066547392,0.0,0.0,0.0,0.0,0.0,0.0,0.0,0.04475342075159611,0.0,0.0,0.05754484841797473,0.0,0.0,0.0,0.0,0.0,0.0,0.0,0.0,0.0,0.0,0.09318588794285533,0.0,0.05329108606065565,0.04757695925619212,0.0,0.04565279766901139,0.0,0.0,0.030489625584488294,0.0,0.046592943971427665,0.0,0.0,0.06737898467737997,0.06140377207648547,0.060216361885881295,0.0,0.0,0.09941798245817025,0.0,0.1330768839486884,0.0,0.0,0.0,0.0,0.05082874133094783,0.0,0.0,0.052027017175151416,0.025512546243811815,0.0,0.0815575996366248,0.0,0.0,0.0,0.0,0.0,0.10423986618072296,0.025512546243811815,0.09318588794285533,0.03291904591716192,0.038738876628054496,0.029567355616024773,0.0,0.0,0.0,0.0,0.0437169487011132,0.03939405594760811,0.0,0.02663222781715716,0.03422877943133986,0.05778564045746494,0.0,0.07156676908676446,0.0844251382201556,0.0,0.02663222781715716,0.11273502803427093,0.0,0.0,0.1050462091036406,0.0,0.014790571658559425,0.0,0.06905292141476922,0.06386798363520041,0.058314623318341315,0.0,0.09568149143088568,0.0,0.0,0.04575929739302691,0.04333066079493982,0.039185662247661276,0.060216361885881295,0.013728208689843754,0.07765581530275144,0.0,0.014968944399337346,0.04786868029032834,0.0,0.012123479922963256,0.0,0.01166934975747308,0.0667974908579046,0.06151547626649439,0.008269474873405578,0.059057959362526995,0.051590015140246616,0.02937608642657374,0.057451532227323375,0.014034547679884867,0.04459067986517915,0.031629608376938165,0.0788516792687514,0.02653739106915329,0.026336360511943893,0.03806728432791867,0.06284430112217543,0.04866910339586363,0.04127961998591561,0.027046746766245494
16,0.0,0.0,0.0,0.1759257687184561,0.0,0.0,0.0,0.0,0.13704182830458378,0.0,0.0,0.0,0.0,0.10533578004436228,0.0,0.0,0.0,0.0,0.0,0.0,0.0,0.0,0.0,0.0,0.0,0.10533578004436228,0.0,0.0,0.0,0.0,0.0,0.0,0.0,0.0,0.0,0.0,0.0,0.10533578004436228,0.0,0.0,0.0,0.0,0.0,0.0,0.0,0.0,0.0,0.10533578004436228,0.0,0.10533578004436228,0.0,0.0,0.0,0.0,0.0,0.0,0.0,0.0,0.0,0.0,0.0,0.0,0.0,0.0,0.1533993502726009,0.2718076810445159,0.0,0.0,0.0,0.0,0.0,0.0,0.0,0.0,0.0,0.0,0.0,0.0,0.0,0.0,0.0,0.0,0.0,0.0,0.0,0.0,0.0,0.0,0.0,0.0,0.0,0.0,0.0,0.0,0.0,0.0,0.0,0.0,0.0,0.0,0.0,0.0,0.0,0.0,0.0,0.0,0.0,0.0,0.0,0.0,0.0,0.0,0.0,0.0,0.09850652575096537,0.0,0.0,0.0,0.0,0.09850652575096537,0.0,0.0,0.0,0.0,0.0,0.0,0.0,0.0,0.0,0.0,0.0,0.09850652575096537,0.0,0.0,0.0,0.07669967513630045,0.0,0.0,0.0,0.0,0.0837418751290819,0.0,0.0,0.0,0.0,0.0,0.0,0.0,0.0,0.0,0.0,0.0,0.0,0.0,0.0,0.0,0.0,0.0,0.0,0.0837418751290819,0.0,0.0,0.0,0.0,0.0,0.0,0.0,0.0,0.0,0.08796288435922806,0.0,0.0,0.0,0.0,0.0,0.0,0.08796288435922806,0.0,0.0,0.0,0.03909072952362744,0.0,0.0,0.0,0.0,0.0,0.0,0.0,0.0,0.0,0.0,0.0,0.0,0.0,0.0,0.0,0.0,0.0,0.18884250439344483,0.18884250439344483,0.0,0.0,0.0,0.07669967513630045,0.0,0.0,0.0,0.0,0.0,0.0,0.0,0.0,0.05561085481703337,0.0,0.0,0.0,0.0,0.0,0.0,0.0,0.0,0.060382380418473026,0.0,0.0,0.0,0.0,0.0837418751290819,0.0,0.0,0.0,0.2839933613498979,0.0,0.0,0.0,0.0,0.32371848912756296,0.0,0.0,0.0,0.0,0.0,0.0,0.0,0.0,0.0,0.0,0.0,0.0,0.0,0.22113177796682199,0.0,0.0,0.0,0.0,0.0,0.0,0.0,0.0,0.0,0.0,0.0,0.0,0.0,0.0,0.0,0.0,0.0,0.0,0.0,0.08001967535074446,0.0,0.0,0.0,0.0,0.0,0.0,0.0,0.0,0.0,0.0,0.0,0.0,0.0,0.0,0.06852091415229189,0.0,0.0,0.0,0.0,0.0,0.0,0.0,0.0,0.0,0.0,0.060382380418473026,0.0,0.0,0.0,0.0,0.0,0.0,0.0,0.0,0.0,0.0,0.15864226577643836,0.0,0.08001967535074446,0.0,0.05288075525881278,0.0,0.0,0.0,0.0,0.0,0.0,0.0,0.0,0.0,0.0,0.0,0.11737728034193791,0.0,0.0,0.06624505052073484,0.0,0.0,0.0,0.0,0.0,0.05288075525881278,0.0,0.0,0.06624505052073484,0.0,0.2783548605828927,0.0,0.0,0.0,0.0,0.0,0.0,0.0,0.0,0.0,0.0,0.0,0.0,0.0,0.0,0.0,0.0,0.0,0.0,0.0,0.0,0.058688640170968955,0.06852091415229189,0.0,0.054206550680207646,0.0,0.1512529082556479,0.0,0.0,0.06414396448174038,0.0,0.0,0.05288075525881278,0.0,0.0,0.0,0.07363205731944114,0.0,0.0,0.0,0.0,0.0,0.0,0.0,0.0,0.0,0.0,0.0,0.0,0.05561085481703337,0.057101764488958935,0.0,0.10576151051762556,0.0,0.0,0.04440882828070309,0.0,0.0,0.0,0.0,0.05561085481703337,0.0,0.0,0.05288075525881278,0.0,0.0,0.0,0.0,0.0,0.0,0.0,0.0,0.0,0.0,0.06686017984802148,0.15232743800007859,0.01991756927752765,0.0,0.05567075829790032,0.04932624184757291,0.0,0.033013054578613345,0.0,0.0,0.05162641945322333,0.033013054578613345,0.0,0.0,0.0,0.0,0.025316104693617825,0.0,0.0,0.0,0.04823401555540334,0.0,0.0,0.0,0.025859309967149822,0.05063220938723565,0.0,0.0,0.03844059495499591,0.11735877134886473,0.0,0.10986570670611906,0.0,0.06423091135171714,0.0,0.03909072952362744,0.02796674766484546,0.07928149482221529,0.033965224612919044,0.05734070247746342,0.03168561001403778,0.03550785957367856,0.06283131103994657,0.049591866190716066,0.02642716494073843,0.05593349532969092,0.0,0.0,0.12161026979593963,0.0,0.0,0.0,0.08565153450532616,0.021125404272694357,0.019288537425046957,0.0,0.05696685774498108,0.046718989421217764,0.04811134734913642,0.0,0.04299702329376126,0.0,0.05975270783258295,0.013622504203484473,0.0770578809141621,0.0,0.01485368649389458,0.08972241288354178,0.03474579137026846,0.0,0.0,0.01157949807688397,0.06628316341572,0.012208363857982796,0.04923480933397385,0.041859446270782176,0.010238556449477108,0.02914989638261964,0.04275687511086218,0.013926484444010212,0.03318550535014559,0.031386066660552187,0.024075242142957275,0.047399505150420296,0.02986694372016293,0.0440698694128934,0.06697970226921257,0.02951322057724951,0.05266513940465159,0.03716098916685925
17,0.0,0.0,0.0,0.0,0.0,0.0,0.0,0.0,0.0,0.0,0.0,0.0,0.0,0.0,0.0,0.0,0.0,0.0,0.0,0.0,0.0,0.0,0.0,0.0,0.0,0.0,0.0,0.10921510581347489,0.0,0.0,0.0,0.0,0.0,0.0,0.0,0.0,0.0,0.0,0.0,0.0,0.0,0.0,0.0,0.0,0.0,0.0,0.0,0.0,0.0,0.0,0.0,0.0,0.10921510581347489,0.0,0.10921510581347489,0.0,0.0,0.0,0.0,0.0,0.0,0.0,0.0,0.0,0.0,0.3287875092329021,0.0,0.0,0.0,0.2604778096119766,0.0,0.0,0.0,0.0,0.0,0.0,0.0,0.0,0.0,0.0,0.0,0.0,0.0,0.0,0.0,0.1824047957665591,0.0,0.0,0.0,0.0,0.0,0.0,0.0,0.0,0.0,0.0,0.0,0.0,0.0,0.0,0.0,0.0,0.125212307990612,0.0,0.10213434246823405,0.0,0.0,0.0,0.0,0.0,0.0,0.0,0.10213434246823405,0.0,0.0,0.0,0.0,0.0,0.10213434246823405,0.0,0.0,0.0,0.0,0.0,0.0,0.10213434246823405,0.0,0.0,0.0,0.0,0.0,0.10213434246823405,0.0,0.0,0.0,0.0,0.0,0.0,0.0,0.0,0.0,0.0,0.0,0.0,0.0,0.0,0.0,0.0,0.0,0.0,0.0,0.0,0.0,0.0,0.0,0.0,0.0,0.17365187307465108,0.0,0.0,0.0,0.0,0.0,0.0,0.0,0.0,0.0,0.0,0.0,0.0,0.0,0.0,0.0,0.0,0.09120239788327955,0.0,0.0,0.0,0.0,0.0,0.1621214808282951,0.0,0.0,0.0,0.0,0.0,0.0,0.0,0.0,0.0,0.0,0.0,0.0,0.0,0.0,0.0,0.0,0.0,0.2936958470909742,0.2936958470909742,0.0,0.24889996467233283,0.0,0.0,0.0,0.0,0.07104441516858655,0.0,0.0,0.0,0.0,0.0,0.0,0.0,0.0,0.07952438508873547,0.0,0.0,0.0,0.0,0.0,0.0,0.0,0.0,0.0,0.0,0.0,0.0,0.0,0.0,0.0,0.0,0.0,0.0,0.0,0.2517303405520558,0.0,0.0,0.0,0.0,0.0,0.0,0.0,0.0,0.0,0.09120239788327955,0.0,0.0,0.0,0.07642522012051083,0.0,0.0,0.0,0.0,0.0,0.0,0.0,0.0,0.0,0.0,0.0,0.0,0.0,0.0,0.0,0.0,0.0,0.0,0.0,0.0,0.1659333097815552,0.0,0.0,0.0,0.0,0.0,0.0,0.0,0.0,0.0,0.0,0.0,0.07104441516858655,0.0,0.0,0.0,0.0,0.0,0.0,0.0,0.0,0.0,0.14722616093549093,0.0,0.0,0.0,0.0,0.05920471892999052,0.0,0.0,0.0,0.0,0.0,0.0,0.0,0.0,0.0548282575840365,0.0,0.0,0.0,0.0,0.0,0.0,0.0,0.0,0.06085003636581873,0.0,0.0,0.15285044024102165,0.0,0.0,0.0,0.06085003636581873,0.10224820493278201,0.0,0.06868473560640112,0.0,0.0,0.0,0.0,0.048949307848495695,0.0,0.0,0.0,0.06868473560640112,0.0,0.0,0.0,0.0,0.0,0.0,0.0,0.0,0.0,0.0,0.0,0.0,0.0,0.0,0.0,0.0,0.0,0.0,0.0,0.0,0.0,0.0,0.0,0.1420888303371731,0.07104441516858655,0.0,0.0,0.07841163929663482,0.0,0.0,0.06650627037858059,0.0,0.0,0.0,0.0,0.0,0.0,0.0,0.0,0.0,0.0,0.0,0.0,0.0,0.0,0.0,0.0,0.052294886975911684,0.0,0.0,0.0,0.05920471892999052,0.04122945219218071,0.0,0.0,0.0,0.04604432489783427,0.0,0.0,0.0,0.0,0.0,0.0,0.0,0.0,0.0,0.0,0.0,0.057658901758378865,0.0548282575840365,0.0,0.0,0.0,0.09208864979566854,0.0,0.0,0.0631749525278786,0.0,0.0,0.019240337125273527,0.0,0.04793690882479618,0.034228865514745396,0.0,0.04696964417612888,0.0,0.034228865514745396,0.0,0.0,0.0,0.0,0.052496901845394565,0.0,0.0,0.0,0.050010386883484366,0.04939225500939794,0.0,0.0,0.02681166146143587,0.0,0.0,0.05080288456438729,0.07971258472239331,0.0,0.0,0.0,0.0,0.03329820967205704,0.0,0.0,0.0,0.0,0.0,0.029726228285667525,0.0,0.03681554965384117,0.02171509143027224,0.0,0.10960171801594316,0.0,0.0,0.0315874762639393,0.03602541586039068,0.0,0.0,0.0,0.0,0.021903414604449348,0.0,0.0,0.03937656254350946,0.048439565084039085,0.0249416005148101,0.0,0.0,0.0,0.04130219447326007,0.014124196331023341,0.01597915658716915,0.03409522525960894,0.04620216249789962,0.08755456626119028,0.03602541586039068,0.049892717838368364,0.06687078853996553,0.0,0.05497940170415746,0.0506319030436745,0.08508006347022838,0.09548231829706352,0.04246249566997823,0.060446868415249835,0.014777177762768726,0.021659057418880703,0.034407667335480736,0.019525175149169724,0.03744283448160837,0.06006628585654837,0.030966889098357007,0.06853932418435785,0.07184114818613743,0.044509293052380425,0.04853751199017964,0.04067009217959447
18,0.1894310174971363,0.0,0.0,0.0,0.0,0.0,0.0,0.0,0.0,0.0,0.0,0.0,0.0,0.0,0.0,0.0,0.10128193965089943,0.0,0.0,0.0,0.10128193965089943,0.0,0.0,0.0,0.0,0.0,0.0,0.10128193965089943,0.0,0.0,0.0,0.0,0.0,0.10128193965089943,0.0,0.0,0.0,0.0,0.0,0.0,0.0,0.0,0.0,0.0,0.0,0.0,0.0,0.0,0.0,0.0,0.0,0.0,0.0,0.0,0.0,0.0,0.0,0.0,0.0,0.0,0.0,0.0,0.0,0.0,0.0,0.0,0.0,0.0,0.0,0.0805190747104623,0.0,0.0,0.0,0.0,0.0,0.15388024707930062,0.0,0.0,0.0,0.0,0.0,0.0,0.0,0.0,0.0,0.0,0.0,0.0,0.0,0.0,0.0,0.0,0.0,0.0,0.0,0.0,0.08924613149889501,0.0,0.0,0.0,0.0,0.0,0.0,0.0,0.0,0.0,0.0,0.0,0.0,0.0,0.09471550874856816,0.0,0.0,0.0,0.0,0.09471550874856816,0.0,0.0,0.0,0.0,0.09471550874856816,0.0,0.0,0.0,0.0,0.0,0.0,0.0,0.0,0.09471550874856816,0.09471550874856816,0.0,0.0,0.0,0.0,0.0,0.0,0.0,0.08375576233335445,0.0,0.0,0.0,0.0,0.0,0.0,0.0,0.0,0.0,0.0,0.0,0.0,0.0,0.0,0.0,0.0,0.0,0.0,0.1610381494209246,0.0,0.0,0.0,0.0,0.0,0.0,0.0,0.0,0.0,0.0,0.0,0.08457763868495895,0.0,0.0,0.0,0.0,0.0,0.0,0.0,0.09927916036224843,0.0,0.0,0.0,0.0,0.08924613149889501,0.0,0.0,0.0,0.0,0.0,0.0,0.0,0.0,0.0,0.0,0.0,0.0,0.0,0.0,0.0,0.3177560983507352,0.3177560983507352,0.07694012353965031,0.0,0.0,0.0,0.0,0.0,0.0,0.0,0.0,0.0,0.0,0.0,0.0,0.0,0.0,0.0,0.0,0.0,0.0,0.0,0.0,0.0,0.0,0.0,0.0,0.0805190747104623,0.0,0.0,0.0,0.0,0.0,0.0,0.20166687054681806,0.0,0.0,0.03890752561224919,0.0,0.0,0.0,0.0,0.0,0.0,0.0,0.0,0.0,0.0,0.0,0.0,0.1273912284351275,0.0,0.0,0.0,0.0,0.0,0.0,0.0,0.0,0.0,0.0,0.0,0.06826597399616421,0.0,0.14749578661926174,0.0,0.0,0.0,0.07374789330963087,0.0,0.0,0.0,0.07694012353965031,0.0,0.0,0.0,0.0,0.0,0.0,0.0,0.0,0.0,0.0,0.0,0.13176778278138973,0.0,0.13176778278138973,0.0,0.0,0.05980217467028587,0.0,0.0,0.0,0.0,0.0,0.0,0.07087384546668879,0.0,0.0,0.0,0.07374789330963087,0.0,0.0,0.0,0.0,0.07374789330963087,0.0,0.0,0.0,0.0,0.0,0.0,0.0,0.0,0.0,0.0,0.06826597399616421,0.05643001181066933,0.0,0.14174769093337758,0.0,0.0,0.0,0.0,0.0,0.0,0.0,0.0,0.0,0.05805856857893706,0.0,0.0,0.0,0.10169128591560116,0.06167538833312864,0.0,0.0,0.0,0.0,0.0,0.0,0.0,0.0,0.0,0.05643001181066933,0.0,0.0,0.0,0.11611713715787413,0.0,0.0,0.07087384546668879,0.0,0.0,0.0,0.07087384546668879,0.05643001181066933,0.0,0.0,0.0,0.0,0.0,0.0,0.0,0.0,0.0,0.0,0.0,0.0,0.10694134963716267,0.05084564295780058,0.0,0.0,0.0,0.0,0.0,0.05347067481858134,0.048496291307822105,0.04637773271860221,0.0,0.0,0.0,0.041877881166677226,0.0,0.0,0.0,0.0,0.0,0.0,0.0382346275056475,0.0,0.0,0.0,0.0,0.0,0.0,0.0,0.0,0.0,0.08890973589194932,0.0,0.0,0.0,0.0,0.08711572692143045,0.0,0.0,0.0,0.0,0.04445486794597466,0.0,0.05643001181066933,0.27857730478136283,0.0,0.0,0.0,0.0,0.0,0.0,0.0,0.0,0.0,0.0,0.0,0.0,0.0,0.0,0.049639580181124215,0.1460508966674948,0.0,0.03890752561224919,0.0,0.09275546543720442,0.0,0.0,0.0,0.12432058083225575,0.0,0.04445486794597466,0.015704221652663993,0.0,0.028210556736404015,0.0,0.0,0.10563753239047782,0.0,0.04171084752018915,0.0,0.0,0.0,0.03265807523356379,0.08270092411263433,0.03046619144883305,0.034141341991860086,0.04027550151369706,0.0,0.02541011727966494,0.02689044926643054,0.022679167879161806,0.05858605072731245,0.016704300965940496,0.05642111347280803,0.0,0.0,0.06588419277948601,0.0,0.0,0.0,0.182581640217554,0.13476303678915147,0.0,0.08731895216387472,0.04134228575108104,0.09346873647132034,0.0,0.013098243047617537,0.04445538813736865,0.0,0.07141021685292627,0.10149347279133959,0.016704300965940496,0.0,0.062013428626621556,0.10020475686657186,0.0,0.046954103191895004,0.01578000367202537,0.01609939532125518,0.03937810517913446,0.028028064585566892,0.054815172873080645,0.04686683620178151,0.04254448455206792,0.018106905600667016,0.04629741614438817,0.055703191365914624,0.03948658505641691,0.027240327938344938,0.051077442678954976,0.033536934686344916,0.05907804590945873,0.027790661892076362
19,0.0,0.0,0.0,0.0,0.0,0.0,0.0,0.0,0.0,0.0,0.0,0.0,0.0,0.0,0.0,0.0,0.0,0.0,0.0,0.0,0.0,0.0,0.0,0.0,0.0,0.0,0.0,0.0,0.0,0.0,0.0,0.0,0.0,0.0,0.0,0.0,0.0,0.0,0.0,0.0,0.0,0.0,0.0,0.0,0.0,0.10163557812842619,0.0,0.0,0.0,0.0,0.0,0.0,0.0,0.0,0.0,0.0,0.0,0.0,0.0,0.0,0.0,0.0,0.0,0.0,0.0,0.0,0.0,0.0,0.0,0.0,0.0,0.0,0.0,0.0,0.0,0.0,0.0,0.0,0.07112131030487905,0.07112131030487905,0.0,0.0,0.0,0.0,0.0,0.16974590403999254,0.1616004341301357,0.0,0.0,0.0,0.0,0.0,0.0,0.0,0.0,0.0,0.0,0.0,0.0,0.0,0.0,0.0,0.0,0.0,0.0,0.0,0.0,0.0,0.09504621971665848,0.0,0.0,0.0,0.0,0.0,0.09504621971665848,0.0,0.09504621971665848,0.0,0.0,0.0,0.0,0.0,0.0,0.0,0.0,0.0,0.0,0.0,0.0,0.0,0.0,0.0,0.0,0.0,0.0,0.0,0.0,0.0,0.29416872094744495,0.0,0.08080021706506785,0.0,0.0,0.0,0.0,0.0,0.0,0.0,0.0,0.0,0.0,0.0,0.0,0.0,0.0,0.0,0.0,0.08080021706506785,0.0,0.0,0.0,0.0,0.0,0.0,0.16974590403999254,0.0,0.0,0.0,0.0,0.0,0.08487295201999627,0.0,0.0,0.08487295201999627,0.0,0.0,0.0,0.39850322354809864,0.0,0.0,0.0,0.0,0.0,0.0,0.0,0.0,0.0,0.0,0.08955774545669644,0.0,0.08955774545669644,0.0,0.0,0.0,0.0,0.0,0.0,0.0,0.13665667853670727,0.13665667853670727,0.0,0.0,0.0,0.0,0.0,0.0,0.0,0.0,0.0,0.0,0.0,0.0,0.0,0.0,0.0,0.0,0.0,0.0,0.0,0.0,0.0,0.0,0.0,0.0,0.0,0.0,0.0,0.0,0.0,0.0,0.0,0.0,0.0,0.0,0.0,0.27330363250785794,0.0,0.0,0.0,0.0,0.0,0.0,0.0,0.0,0.0,0.0,0.0,0.0,0.0,0.0,0.0,0.0,0.0,0.0,0.0,0.0,0.0,0.0,0.0,0.0,0.0,0.0,0.0,0.0,0.0,0.0,0.0,0.12378147123048416,0.0,0.0,0.0,0.0,0.0,0.0,0.0,0.0,0.0,0.0,0.0,0.0,0.291306436427274,0.0,0.0,0.0,0.0,0.07112131030487905,0.0,0.18003294418239313,0.0,0.0,0.0,0.0,0.13700866625412506,0.0,0.0,0.058261287285454794,0.05509591179316656,0.0,0.0,0.0,0.07400539324299231,0.0,0.0,0.0,0.0,0.0,0.0,0.0,0.0,0.0,0.0,0.0,0.0,0.0,0.0,0.16988113262660143,0.0,0.0,0.0,0.0,0.0,0.0,0.0,0.0,0.0,0.0,0.0,0.0,0.0,0.0,0.0,0.0,0.0,0.0,0.0,0.0,0.0,0.0,0.0,0.0,0.0,0.0,0.0,0.0,0.0,0.0,0.0,0.0,0.0,0.0,0.0,0.0,0.0,0.0,0.05662704420886713,0.0,0.0,0.0,0.0,0.0,0.0,0.0,0.0,0.0,0.0,0.0,0.0,0.0,0.0,0.0,0.0,0.0,0.0,0.0,0.0,0.04866562213504467,0.0,0.0,0.0,0.0,0.1260723089774764,0.0,0.0,0.0,0.0,0.0,0.0,0.0,0.0,0.0,0.0,0.0,0.0,0.0,0.0,0.0,0.0,0.08922017528268876,0.0,0.0,0.0,0.0,0.0,0.053657374323945746,0.0,0.0,0.0,0.04461008764134438,0.0,0.0,0.0,0.0,0.0,0.0,0.0,0.0,0.08922017528268876,0.0,0.0,0.0,0.0,0.0,0.04866562213504467,0.1112707977348133,0.0,0.09962580588702466,0.09770723434760659,0.02275835501191227,0.039043376072551136,0.0,0.04653966633525963,0.022982216404754185,0.0,0.0,0.19960745854117684,0.0,0.0,0.01575905489396183,0.0,0.08492717220203023,0.0,0.0,0.07067091930751884,0.0,0.08371297225454369,0.0,0.05396868122287212,0.0,0.0,0.0829896846655429,0.061145135883976194,0.06852110145961642,0.0,0.16747436588245596,0.10199535944637386,0.0,0.02275835501191227,0.029395305601647933,0.03352525221685984,0.0,0.014161129169226499,0.09050792077037591,0.0,0.0,0.0,0.0,0.07328765868074533,0.0,0.04642130717888689,0.0,0.041486637478949616,0.0,0.019217911212903654,0.013143977190798451,0.0,0.0,0.04299573269907647,0.061108709917866696,0.03352525221685984,0.011607540880291325,0.0,0.03351821140885234,0.0,0.07067707391651909,0.04750530454698131,0.06462243344208382,0.0592733980897022,0.04687654675969767,0.05500656686046889,0.10749823447777411,0.032019775429826,0.018170128111525432,0.02903691832859165,0.040652862531065655,0.036022233977019785,0.024298169713963706,0.05348429834809277,0.0414203483828708,0.033876756713003234,0.039839566344748896
20,0.0,0.0,0.0,0.0,0.0,0.0,0.0,0.0,0.0,0.0,0.0,0.0,0.0,0.0,0.0,0.0,0.0,0.0,0.0,0.0,0.0,0.0,0.0,0.0,0.0,0.0,0.0,0.0,0.0,0.0,0.0,0.0,0.10735225997504362,0.0,0.0,0.0,0.0,0.0,0.10735225997504362,0.0,0.0,0.0,0.0,0.0,0.0,0.0,0.0,0.0,0.0,0.0,0.0,0.0,0.0,0.0,0.0,0.0,0.0,0.0,0.0,0.0,0.0,0.0,0.0,0.0,0.0,0.0,0.0,0.0,0.0,0.0,0.0,0.0,0.0,0.0,0.0,0.0,0.06983263414109193,0.0,0.0,0.0,0.0,0.0,0.0,0.0,0.0,0.0,0.0,0.0945950871740757,0.0,0.0,0.0,0.0,0.0,0.1891901743481514,0.0,0.0,0.1891901743481514,0.0,0.32620608069751406,0.0,0.0,0.0,0.0,0.0,0.0,0.0,0.0,0.0,0.0,0.0,0.0,0.0,0.0,0.0,0.0,0.10039227086183188,0.0,0.0,0.10039227086183188,0.0,0.0,0.10039227086183188,0.0,0.0,0.0,0.0,0.0,0.0,0.0,0.10039227086183188,0.0,0.0,0.0,0.0,0.0,0.0,0.0,0.0,0.26632696026783836,0.0,0.0,0.075121660487507,0.0,0.0,0.0,0.0,0.0,0.0,0.0,0.0,0.0,0.0,0.0,0.0,0.0,0.0,0.0853449753338205,0.0,0.0,0.0,0.0,0.0,0.0,0.0,0.08964678883005957,0.0,0.0,0.0,0.0,0.0,0.17929357766011914,0.0,0.0,0.08964678883005957,0.0,0.0,0.0,0.31568833308429317,0.0,0.0,0.0,0.0,0.0,0.0,0.0,0.0,0.0,0.0,0.0945950871740757,0.0,0.0,0.0,0.0945950871740757,0.0,0.0945950871740757,0.0,0.0,0.0,0.0,0.0,0.08155152017437851,0.0,0.0,0.0,0.0,0.0,0.0,0.0,0.0,0.0,0.05140291043247742,0.0,0.0,0.0,0.0,0.0,0.0,0.0,0.0,0.0,0.0,0.0,0.0,0.0853449753338205,0.0,0.0,0.0,0.0,0.0,0.0,0.0,0.0,0.0,0.0,0.0,0.0,0.0,0.0,0.08964678883005957,0.1350264057012116,0.0,0.0,0.08964678883005957,0.0,0.0,0.0,0.0,0.0,0.20253960855181743,0.075121660487507,0.0,0.0,0.0,0.0,0.0,0.0,0.0,0.0,0.0,0.0,0.0,0.0,0.0,0.0,0.0,0.0,0.0,0.0,0.16310304034875703,0.0,0.0,0.0,0.0,0.0,0.0,0.0,0.0,0.0853449753338205,0.0,0.0,0.0,0.0,0.0,0.0,0.0,0.075121660487507,0.0,0.0,0.0,0.0,0.0,0.0,0.0,0.0,0.0,0.0,0.0,0.0,0.0,0.0,0.0,0.0,0.0,0.07816796402671349,0.07816796402671349,0.0,0.0,0.0,0.0,0.0,0.0,0.0,0.0,0.0,0.0,0.0,0.0,0.0,0.0,0.0,0.0,0.0,0.0,0.0,0.0,0.0,0.0,0.0,0.0,0.0,0.0,0.0,0.0,0.0,0.0,0.0,0.0,0.0,0.0,0.0,0.0,0.0,0.1794364124297246,0.0,0.0,0.06338641049337847,0.0,0.0,0.06537189498168344,0.0,0.0,0.0,0.0,0.0,0.11962427495314973,0.0,0.0,0.0,0.0,0.0,0.055244245768354,0.0,0.0,0.0,0.0,0.0,0.0,0.0,0.0,0.0,0.0,0.0,0.0,0.0,0.05667543299378732,0.0,0.14747212890140152,0.0,0.0,0.0,0.13316348013391918,0.0,0.0,0.0,0.0,0.0,0.0,0.0,0.0,0.0,0.0,0.04525896211875316,0.0,0.0,0.0,0.0,0.0,0.0,0.0,0.0,0.0,0.0,0.0,0.0,0.0,0.0,0.0,0.09423852973870497,0.0,0.0,0.18170695417391566,0.0,0.0,0.0,0.0,0.0,0.04711926486935249,0.0,0.0,0.0,0.0,0.0,0.0,0.0,0.0,0.05261472218071553,0.05160147960133021,0.0,0.0,0.048114395738669116,0.09831475260093435,0.0,0.013883284598525739,0.04123944327002974,0.18448040690824105,0.05160147960133021,0.09423852973870497,0.016645452203753512,0.07835295360163685,0.05980270581795216,0.026074508146409558,0.0,0.0,0.0,0.022105390962104194,0.11951717137331345,0.0,0.0,0.0,0.029219197868567644,0.09687653641323797,0.0,0.04268940863520749,0.0,0.0,0.0,0.024038440955744627,0.0,0.03541094228996811,0.0,0.0,0.0637324712419416,0.052374715195186806,0.021529815325856707,0.05897335406791316,0.02476245303298377,0.0,0.023806673743744268,0.02451617990676545,0.0,0.0438201304517886,0.0,0.10149429160023245,0.013883284598525739,0.03141321082556821,0.06702734862022393,0.07569017922536897,0.04303058853106846,0.05311641343495217,0.036781285722921386,0.0,0.05900584243106372,0.0,0.08709451006487025,0.0,0.042660776391268466,0.07304189718720151,0.04951320519002274,0.0435753850276577,0.042579252119521425,0.02254719144341181,0.03838428142443492,0.02453612298123579,0.042939458283497135,0.06468223142514129,0.025664865395414214,0.0494310442834605,0.03281258460179291,0.06858258413449457,0.04418443757988729
21,0.0,0.0,0.0,0.0,0.0,0.0,0.0,0.0,0.0,0.0,0.0,0.12470100754634264,0.12470100754634264,0.0,0.0,0.0,0.0,0.0,0.12470100754634264,0.0,0.0,0.0,0.0,0.0,0.0,0.0,0.0,0.0,0.12470100754634264,0.0,0.0,0.0,0.0,0.0,0.0,0.0,0.0,0.0,0.0,0.12470100754634264,0.0,0.0,0.0,0.0,0.0,0.0,0.0,0.0,0.0,0.0,0.0,0.0,0.0,0.0,0.0,0.0,0.0,0.0,0.0,0.0,0.0,0.0,0.0,0.0,0.0,0.0,0.0,0.10413422961939932,0.0,0.0,0.0,0.0,0.0,0.0,0.0,0.0,0.0,0.0,0.0,0.0,0.0,0.10413422961939932,0.0,0.0,0.0,0.0,0.0,0.0,0.0,0.0,0.21976440332571698,0.0,0.0,0.0,0.0,0.0,0.0,0.0,0.0,0.0,0.0,0.0,0.0,0.0,0.0,0.0,0.0,0.0,0.0,0.0,0.0,0.0,0.11661624384289712,0.11661624384289712,0.0,0.0,0.0,0.0,0.0,0.0,0.0,0.0,0.0,0.11661624384289712,0.0,0.0,0.11661624384289712,0.0,0.0,0.0,0.0,0.0,0.0,0.0,0.0,0.0,0.0,0.0,0.0,0.0,0.0,0.08726175632934173,0.0,0.0,0.0,0.0,0.09473071861780112,0.0,0.0,0.0,0.0,0.0,0.0,0.0,0.0,0.0,0.09913721812302119,0.0,0.0,0.0,0.0,0.0,0.0,0.0,0.0,0.0,0.0,0.0,0.0,0.0,0.0,0.0,0.10413422961939932,0.0,0.0,0.0,0.0,0.0611175663114256,0.0,0.0,0.09255455943393477,0.0,0.0,0.10988220166285849,0.0,0.0,0.0,0.10988220166285849,0.0,0.0,0.0,0.0,0.10988220166285849,0.0,0.10988220166285849,0.0,0.0,0.0,0.0,0.0,0.0,0.0,0.0,0.0,0.0,0.0,0.0,0.0,0.2617852689880252,0.0,0.17912975627810215,0.0,0.0,0.18160072036198377,0.0,0.18160072036198377,0.0,0.0,0.0,0.0,0.09473071861780112,0.0,0.0,0.09913721812302119,0.0,0.0,0.0,0.0,0.0,0.0,0.0,0.0,0.0,0.0,0.0,0.0,0.11674625117059306,0.0,0.0,0.15684745565875052,0.0,0.0,0.10413422961939932,0.0,0.0,0.0,0.0,0.0,0.0,0.17452351265868346,0.0,0.0,0.0,0.0,0.0,0.0,0.0,0.0,0.0,0.0,0.16810175175942152,0.08405087587971076,0.0,0.0,0.0,0.0,0.0,0.0,0.09473071861780112,0.0,0.0,0.0,0.0,0.0,0.0,0.0,0.0,0.09913721812302119,0.0,0.0,0.0,0.0,0.0,0.0,0.0,0.08726175632934173,0.0,0.0,0.0,0.0,0.0,0.0,0.0,0.0,0.0,0.0,0.0,0.0,0.0,0.0,0.0,0.0,0.0,0.0,0.0,0.0,0.0,0.0,0.0,0.0,0.0,0.0,0.07593637219490976,0.0,0.0,0.0,0.0,0.08726175632934173,0.0,0.0,0.0714832478865109,0.0,0.06947812564507881,0.0,0.0,0.0,0.0,0.1429664957730218,0.0,0.0,0.05588996102634733,0.0,0.0,0.0,0.0,0.0,0.047075486405053345,0.0,0.0,0.0,0.0,0.0,0.0,0.0,0.0,0.0,0.0,0.0,0.0,0.0,0.0,0.0,0.0,0.0,0.0,0.0,0.0,0.0,0.08111799266297423,0.0,0.06417203615511236,0.0,0.0,0.0,0.0,0.07593637219490976,0.0,0.0,0.0,0.0,0.0,0.0,0.0,0.0,0.06583451153327839,0.0,0.0,0.10091212654650765,0.0,0.0,0.15468347051973982,0.0,0.0,0.0,0.05837312558529653,0.0,0.0,0.0,0.12520500551300462,0.0,0.0,0.0,0.0,0.0,0.027923192373607082,0.0,0.0,0.0,0.0,0.0,0.0,0.0,0.0,0.06583451153327839,0.0,0.0,0.0,0.0,0.05257307277948604,0.0,0.05276796284710723,0.0,0.02357927150428608,0.0,0.021968475946455453,0.0,0.10946802247884126,0.03908226783341526,0.0,0.0,0.1222351326228512,0.0,0.0,0.0,0.0,0.1222351326228512,0.11988115571416613,0.027923192373607082,0.0,0.0,0.0,0.0,0.016126903875998976,0.0,0.030613358594759398,0.0,0.05473401123942063,0.09667726889751065,0.045507622571836694,0.10420075466361599,0.060576599652182025,0.0,0.0,0.0,0.051355500588828464,0.046277279716967386,0.0,0.0625712192631139,0.0,0.10182356891471261,0.03751078210848138,0.0,0.0991765291127631,0.05870897502711078,0.0,0.03310823359481268,0.08376957712082125,0.07213269788314251,0.020566777926943326,0.0,0.0,0.037016004037250805,0.04055918187041957,0.025009158298531942,0.0,0.0,0.0,0.05530794047302058,0.1139125468349437,0.05375470370264268,0.025450858786859872,0.046032473912850154,0.02357927150428608,0.016126903875998976,0.0547346517128473,0.03892967836934672,0.0,0.07497687165203276,0.06170033378082998,0.08545070945994943,0.050901717573719744,0.013708305729166636,0.07846884750668867,0.05781113589102016,0.009714379304785931,0.049555005175830655,0.04848336641290136,0.03450889571666213,0.0,0.032973537406096015,0.03928642244216414,0.06688110574498579,0.05700260539931558,0.09975744735492356,0.026518325297436997,0.04471868464753458,0.07929344003155644,0.06670175487446847,0.04502856762035766,0.029328513626135727
22,0.0,0.0,0.0,0.0,0.0,0.0,0.0,0.0,0.0,0.0,0.0,0.0,0.0,0.0,0.0,0.0,0.0,0.0,0.0,0.0,0.0,0.0,0.0,0.0,0.0,0.0,0.0,0.0,0.0,0.0,0.0,0.0,0.0,0.0,0.10666063949109296,0.0,0.0,0.0,0.10666063949109296,0.0,0.0,0.0,0.0,0.0,0.0,0.0,0.0,0.0,0.0,0.0,0.0,0.0,0.0,0.0,0.0,0.0,0.0,0.0,0.0,0.0,0.0,0.0,0.0,0.0,0.0,0.0,0.0,0.0,0.0,0.0,0.08479513750873087,0.0,0.0,0.0,0.0,0.0,0.0,0.0,0.0,0.0,0.0,0.0,0.0,0.0,0.0,0.0,0.0,0.09398565519764691,0.0,0.0,0.09398565519764691,0.09398565519764691,0.0,0.0,0.0,0.0,0.09398565519764691,0.0,0.0,0.0,0.0,0.0,0.0,0.0,0.0,0.0,0.0,0.0,0.0,0.0,0.0,0.0,0.0,0.0,0.0,0.0,0.0,0.0,0.0,0.0,0.0,0.0,0.0,0.0,0.0,0.09974549033784004,0.0,0.09974549033784004,0.0,0.0,0.0,0.0,0.0,0.0,0.0,0.0,0.0,0.0,0.3969167100323312,0.0,0.0,0.0,0.0,0.0,0.0,0.0,0.0,0.0,0.0,0.0,0.0,0.0,0.0,0.0,0.0,0.0,0.0,0.0,0.0,0.0,0.0,0.0,0.16959027501746174,0.0,0.0,0.0,0.0,0.0,0.0,0.0,0.0,0.08906923642930265,0.0,0.0,0.0,0.0,0.0,0.10455150018725129,0.0,0.0,0.039582392681835984,0.09398565519764691,0.0,0.0,0.0,0.0,0.0,0.0,0.0,0.0,0.0,0.0,0.0,0.09398565519764691,0.0,0.09398565519764691,0.09398565519764691,0.0,0.0,0.0,0.0,0.0,0.0,0.0,0.0,0.0,0.06938273508697385,0.0,0.0,0.0,0.0,0.0,0.0,0.0,0.0,0.0,0.0,0.0,0.0,0.0,0.0,0.0,0.17828038741048546,0.0,0.0,0.0,0.0,0.08479513750873087,0.0,0.0,0.0,0.0,0.0,0.0,0.0,0.12292127038016466,0.0,0.05781996121258245,0.0,0.0,0.0,0.0,0.0,0.0,0.0,0.0,0.0,0.06707824680925698,0.0,0.07463768670629714,0.0,0.0,0.0,0.0,0.0,0.1299014687741434,0.0,0.0,0.0,0.0,0.14378264213759132,0.0,0.0,0.0,0.0,0.0,0.0,0.0649507343870717,0.0,0.0,0.0,0.0,0.0,0.0,0.0,0.0,0.0,0.0,0.0,0.0,0.0,0.215673963206387,0.0,0.0,0.0,0.0,0.0,0.0,0.0,0.0,0.0,0.0,0.0,0.0,0.0,0.06114183904762836,0.0,0.0,0.0,0.0,0.0,0.0,0.0,0.0,0.0,0.0,0.05354586229201067,0.08102612180956507,0.0,0.0,0.26772931146005335,0.0,0.0,0.0,0.0,0.0,0.0,0.0,0.0,0.0,0.0,0.10977666577723763,0.05942679580349515,0.09985668963753636,0.0,0.13415649361851395,0.0,0.0,0.0,0.1188535916069903,0.0,0.05354586229201067,0.0649507343870717,0.1299014687741434,0.06707824680925698,0.0,0.12079537085820057,0.0,0.0,0.0,0.0,0.0,0.17828038741048546,0.0,0.0,0.0,0.0,0.0,0.0,0.07463768670629714,0.0,0.07463768670629714,0.07463768670629714,0.0,0.1188535916069903,0.0,0.0,0.05942679580349515,0.06938273508697385,0.0,0.0,0.0,0.0,0.0,0.0,0.0,0.0,0.11262059928607457,0.0,0.0,0.0,0.10709172458402134,0.04970544239528635,0.0,0.0,0.0,0.0,0.02157831793351112,0.0,0.0,0.1764074266810361,0.0,0.0,0.0,0.04992834481876818,0.0,0.05781996121258245,0.0,0.16063758687603202,0.07784816210771278,0.0,0.13490213927713082,0.0,0.0,0.0,0.0,0.0,0.04681569744767067,0.0,0.0,0.04780441715346273,0.0,0.04587105645487447,0.056310299643037284,0.0,0.0,0.0,0.04681569744767067,0.0,0.0,0.0,0.0,0.04033616450848028,0.0,0.09395159426530052,0.06659552271081666,0.04681569744767067,0.03342827585675351,0.0,0.0,0.0,0.0,0.05107174548263801,0.0,0.0,0.0,0.0,0.0,0.0,0.0,0.09768135655702102,0.0,0.0,0.0,0.052369110225091366,0.0,0.0,0.04961463998289852,0.03892408105385639,0.0,0.0,0.03708251374946014,0.0,0.0,0.06588892875008247,0.0,0.0,0.026759552274912078,0.0,0.029030952220313877,0.03208413537488708,0.03595445923022036,0.021207190354382507,0.025107803631542906,0.0,0.0,0.023883572505177343,0.0,0.05277420918537098,0.029708712454322467,0.0,0.0,0.017345763120345272,0.06417332633653511,0.039062277523115925,0.024602920110673058,0.057683357680731455,0.0,0.02435823360721218,0.0,0.06530672671899176,0.0,0.08067232901696056,0.0,0.015605415088152491,0.0,0.0,0.037409192224134066,0.08795701530895161,0.024362880715775748,0.02176890890633059,0.03517541720428248,0.0,0.08653340080443628,0.016618019842741766,0.09324905244380911,0.08293865411406942,0.009838842945736285,0.04329464916901652,0.04935575619341853,0.011200965208564189,0.01906849471118759,0.030472560247207413,0.058661376680402263,0.02646227047503234,0.019124638988718624,0.05846736088866184,0.0407514855508914,0.0681407385688706,0.03553791542670157
23,0.0,0.0,0.0,0.0,0.0,0.5154446755005121,0.0,0.0,0.0,0.0,0.0,0.0,0.0,0.0,0.0,0.0,0.0,0.0,0.0,0.0,0.0,0.0,0.0,0.0,0.0,0.0,0.0,0.0,0.0,0.0,0.0,0.0,0.10245061053007509,0.0,0.0,0.0,0.0,0.10245061053007509,0.0,0.0,0.0,0.0,0.0,0.0,0.0,0.0,0.0,0.0,0.0,0.0,0.0,0.0,0.0,0.0,0.0,0.0,0.0,0.0,0.0,0.0,0.0,0.0,0.0,0.07782791935133102,0.0,0.0,0.0,0.0,0.0,0.0,0.08144816728270798,0.0,0.0,0.0,0.0,0.0,0.0,0.0,0.0,0.0,0.0,0.0,0.0,0.0,0.0,0.0,0.0,0.0,0.0,0.0,0.0,0.09027592373353567,0.0,0.09027592373353567,0.09027592373353567,0.0,0.0,0.0,0.0,0.0,0.0,0.0,0.0,0.0,0.0,0.0,0.0,0.0,0.0,0.0,0.0,0.0,0.0,0.0,0.0958084109704479,0.0,0.0,0.0,0.0,0.0,0.0,0.0,0.0,0.0,0.0,0.0,0.0,0.0,0.0,0.0,0.0,0.0,0.0,0.0,0.0,0.0,0.0,0.0,0.0,0.0,0.08144816728270798,0.0,0.0,0.0,0.0,0.0,0.0,0.0,0.0,0.0,0.0,0.0,0.0,0.0,0.0,0.0,0.0,0.0,0.0,0.0,0.0,0.0,0.0,0.0,0.0,0.0,0.0,0.0,0.0,0.0,0.0,0.0,0.0,0.0,0.0,0.0,0.08555356216846693,0.0,0.0,0.0,0.15208010437004435,0.0,0.0,0.0,0.0,0.0,0.0,0.0,0.0,0.0,0.0,0.0,0.0,0.0,0.0,0.0,0.09027592373353567,0.0,0.0,0.0,0.0,0.0,0.0,0.0,0.0,0.0,0.333220558390733,0.0,0.0,0.0,0.0,0.0,0.0,0.14919770930377174,0.0,0.14919770930377174,0.07459885465188587,0.0,0.0,0.0,0.0,0.0,0.17124343734379935,0.0,0.0,0.0,0.0,0.0,0.0,0.0,0.0,0.0,0.0,0.0,0.0,0.0,0.0,0.0,0.0,0.0,0.0,0.0,0.0,0.0,0.0,0.0,0.0,0.0,0.0,0.0,0.0,0.0,0.0,0.0,0.0,0.0,0.0,0.0,0.0,0.0,0.0,0.0,0.0,0.07459885465188587,0.0,0.0,0.0,0.0,0.0,0.0,0.0,0.0,0.0,0.0,0.0,0.0,0.0,0.0,0.0,0.0,0.0,0.0690536806309588,0.0,0.0,0.0,0.0,0.0,0.0,0.0,0.0,0.0,0.0,0.0,0.0,0.0,0.0,0.05553773496313051,0.0,0.0,0.0,0.0,0.0,0.0,0.0,0.0,0.0,0.0,0.0,0.07782791935133102,0.0,0.1028646801547431,0.0,0.0,0.0,0.0,0.0,0.0,0.0,0.0,0.0,0.11745698824324427,0.0,0.2854057289063322,0.0,0.06238704759395262,0.19329175331269205,0.0,0.0,0.10817532325113052,0.0,0.0,0.0,0.0,0.0,0.0,0.21635064650226105,0.07735161757062188,0.0,0.0,0.0,0.0,0.0,0.0,0.0,0.0,0.0,0.0,0.0,0.0,0.0,0.07169164377878282,0.0,0.07169164377878282,0.0,0.0,0.0,0.0,0.0,0.0,0.0,0.0,0.0,0.07355502939606288,0.0,0.0,0.0,0.0,0.10817532325113052,0.0,0.0,0.0,0.0,0.0,0.0,0.0,0.0,0.0,0.04145318942485612,0.0,0.0,0.0,0.0,0.0,0.043192460988727484,0.04795761054729164,0.05408766162556526,0.05553773496313051,0.0,0.0,0.0,0.0,0.0,0.0,0.0,0.0,0.0,0.05408766162556526,0.0,0.0,0.0,0.0,0.0,0.0,0.05408766162556526,0.0,0.0,0.0,0.0,0.0,0.0,0.0,0.08889309416240737,0.0,0.0,0.018048641445765453,0.0,0.0,0.0,0.0,0.0,0.0,0.0,0.04905587975562261,0.0,0.0,0.0,0.02462269117874408,0.0,0.0,0.0,0.0,0.023166514574514314,0.0,0.0,0.0,0.0,0.0,0.0,0.07477539769715574,0.0,0.0,0.03561882051100353,0.03561882051100353,0.0,0.042192140167334344,0.0,0.0,0.0,0.033034909856073456,0.013942532097273658,0.0,0.034535291715763396,0.14259081202403734,0.0,0.0,0.02720073247283385,0.0,0.0,0.08448524180804079,0.028536072383683338,0.0,0.030411239553062408,0.06664441654459927,0.04109354987489896,0.0,0.023631812055389063,0.018468841114561735,0.04543934632217169,0.04679356726904825,0.02208162677094806,0.020909662820964067,0.018909450490320317,0.01937202280078419,0.013249380903694128,0.05995779927758562,0.0,0.014446840848199305,0.010266458450668075,0.11827933853125712,0.011700623657947664,0.0627289884628922,0.056311665756354115,0.10314824545954387,0.1306137158073517,0.0,0.05699806993521998,0.10953932221598235,0.018900982996344788,0.027723836779368245,0.02031755259075621,0.04303539636059881,0.0,0.023415816118384343,0.0665906548380648,0.00726222043808241,0.021431393138352985,0.06289873067919265,0.03914297340252686,0.0540683316534824,0.05019880796707186
24,0.0,0.0,0.0,0.0,0.0,0.07356385626235924,0.0,0.0,0.0,0.0,0.0,0.0,0.11697336059909157,0.0,0.0,0.0,0.0,0.0,0.11697336059909157,0.0,0.0,0.0,0.0,0.11697336059909157,0.0,0.11697336059909157,0.0,0.0,0.0,0.0,0.0,0.0,0.0,0.0,0.11697336059909157,0.0,0.0,0.0,0.0,0.0,0.11697336059909157,0.11697336059909157,0.0,0.0,0.0,0.11697336059909157,0.0,0.0,0.0,0.0,0.11697336059909157,0.0,0.0,0.0,0.11697336059909157,0.0,0.0,0.0,0.0,0.0,0.0,0.0,0.0,0.0,0.0,0.0,0.0,0.0,0.0,0.0929937439357527,0.1859874878715054,0.0,0.0,0.0,0.08886031257263984,0.0,0.0,0.0,0.0,0.0,0.0,0.09768109361467507,0.0,0.0,0.0,0.0,0.0,0.0,0.0,0.0,0.0,0.0,0.0,0.0,0.0,0.0,0.0,0.0,0.0,0.0,0.0,0.0,0.0,0.0,0.0,0.0,0.0,0.0,0.0,0.0,0.0,0.0,0.0,0.0,0.0,0.0,0.0,0.0,0.0,0.0,0.0,0.0,0.0,0.0,0.0,0.0,0.0,0.0,0.0,0.0,0.0,0.0,0.0,0.0,0.0,0.0,0.0,0.0,0.09673188550140763,0.0,0.0,0.0,0.0,0.0,0.0,0.0,0.0,0.0,0.08517351610035222,0.0,0.0,0.07884229330940357,0.0,0.0,0.0,0.1859874878715054,0.0,0.0,0.0,0.0929937439357527,0.0,0.0,0.0929937439357527,0.0,0.0,0.0,0.0,0.0,0.0,0.0,0.0,0.0,0.0,0.09768109361467507,0.0,0.0,0.0,0.11466029447161358,0.0,0.0,0.17363801734692932,0.10307286726416366,0.10307286726416366,0.0,0.0,0.0,0.0,0.0,0.0,0.10307286726416366,0.0,0.0,0.0,0.0,0.0,0.0,0.0,0.0,0.0,0.0,0.0,0.0,0.0,0.0,0.0,0.0,0.0,0.0,0.08185419741559675,0.0,0.0,0.0,0.0,0.08517351610035222,0.0,0.0,0.0,0.17772062514527967,0.0,0.0,0.0,0.06705347371564464,0.0,0.0,0.0,0.1859874878715054,0.0,0.0,0.0,0.0,0.0,0.07356385626235924,0.0931642962236803,0.0,0.0,0.0,0.0,0.0,0.0,0.0,0.0,0.0,0.0,0.0,0.0,0.0,0.0,0.0,0.0,0.0,0.0,0.0,0.0,0.15768458661880713,0.0,0.0,0.0,0.0,0.0,0.0,0.0,0.07884229330940357,0.0,0.0,0.0,0.0,0.0,0.0,0.0,0.08886031257263984,0.0,0.0,0.0,0.0,0.0,0.0,0.0,0.0,0.0,0.0,0.0,0.07884229330940357,0.0,0.0,0.0,0.0,0.0,0.0,0.0,0.04199086239167255,0.0,0.15768458661880713,0.0,0.0,0.0,0.0,0.12682082547066847,0.0,0.0,0.0,0.0,0.0,0.08517351610035222,0.0,0.0,0.0,0.1174461261128237,0.0,0.0,0.08886031257263984,0.0,0.0,0.0,0.0,0.0,0.0,0.0,0.0,0.0,0.0,0.0,0.0,0.0,0.0,0.0,0.0,0.0,0.0,0.0,0.13034521540350064,0.05242649352752436,0.0,0.0,0.0,0.0,0.18526435853981402,0.04415824663316796,0.0,0.0,0.0,0.0,0.0,0.0,0.0,0.0,0.0,0.0,0.1341069474312893,0.0,0.0,0.0,0.0,0.0,0.0,0.06517260770175032,0.0,0.0,0.0,0.0,0.0,0.0,0.0,0.0,0.0,0.05242649352752436,0.07123064057073471,0.0,0.0,0.0,0.0,0.056009730761688546,0.0,0.2180452944884786,0.0,0.0,0.0,0.053562947863757336,0.0709939967583606,0.0,0.0690672134284613,0.048365942750703814,0.0,0.0,0.0,0.054755777862078796,0.06175478617993801,0.0,0.13247473989950387,0.05872306305641185,0.0853750847702583,0.0,0.04931515086397125,0.0,0.0,0.0,0.0,0.0,0.1026843545167692,0.056009730761688546,0.0,0.10485298705504872,0.0,0.0,0.06175478617993801,0.0,0.0,0.0,0.0,0.0,0.0,0.024748981855259967,0.0,0.06635423440287112,0.0,0.08242841045986628,0.018258614727759692,0.0513421772583846,0.0,0.0,0.050306201550623535,0.05733014723580679,0.0,0.0,0.0,0.0,0.05733014723580679,0.02811304802645173,0.0,0.0,0.0,0.053562947863757336,0.02645045304394036,0.0,0.0,0.11486506819837208,0.05622609605290346,0.0,0.018137247258858295,0.0,0.13032466152218733,0.0,0.08133583810171328,0.0,0.035663596699945906,0.16860560813127343,0.0,0.0931696084086347,0.0,0.03771772957681497,0.01591893719559667,0.03518626134835936,0.07886159214399073,0.023257654711735704,0.0,0.0,0.0,0.0,0.06766267768393525,0.07716906793766598,0.06516233076109366,0.016298179233153298,0.0,0.01902287679900896,0.0469187113960851,0.0,0.10792683260207636,0.0,0.0,0.10685345435346948,0.0,0.04774736854191893,0.0,0.04423615626858075,0.015127529276241542,0.034228518694703745,0.0,0.0164947335629398,0.05274794977750518,0.05787680095324949,0.013359230006478037,0.023873684270959466,0.012858810211813971,0.04416370794013312,0.013557153583362765,0.027337155066516648,0.09296822221373138,0.022739440578964785,0.010790133354352773,0.03165379239815666,0.015465093494924316,0.0,0.027882899366013795,0.06015396149250763,0.04093929784553405,0.053895834458980316,0.06991249078787067,0.03077779569057748,0.03277386460297928,0.042238174182828846,0.05502208631234051
25,0.0,0.0,0.0,0.0,0.0,0.0,0.0,0.0,0.0,0.0,0.0,0.0,0.0,0.0,0.0,0.09576769245536852,0.0,0.0,0.0,0.0,0.0,0.0,0.0,0.0,0.0,0.0,0.0,0.0,0.0,0.0,0.0,0.0,0.0,0.0,0.0,0.0,0.0,0.09576769245536852,0.0,0.0,0.0,0.0,0.0,0.0,0.0,0.0,0.0,0.0,0.0,0.0,0.0,0.0,0.0,0.0,0.0,0.0,0.0,0.0,0.0,0.0,0.0,0.0,0.0,0.0,0.0,0.0,0.0,0.0,0.0,0.0,0.0,0.0,0.0,0.0,0.0,0.0,0.0,0.0,0.0,0.0,0.0,0.0,0.0,0.0,0.0,0.0,0.0,0.0,0.0,0.0,0.0,0.0,0.0,0.0,0.0,0.0,0.0,0.0,0.0,0.0,0.032780633921378505,0.0,0.0,0.0,0.0,0.0,0.0,0.0,0.0,0.0,0.0,0.0,0.0,0.0,0.0,0.0,0.0,0.0,0.0,0.0,0.0,0.0,0.0,0.0,0.0,0.0895587677709536,0.0895587677709536,0.0,0.0,0.0,0.0,0.0,0.0,0.0,0.0,0.0,0.0,0.0,0.0,0.0,0.0,0.0,0.0,0.0,0.0,0.0,0.0,0.0,0.13946544843141417,0.0,0.0,0.06454926540077159,0.19364779620231476,0.0,0.10671541313217735,0.0,0.0,0.0,0.0,0.0,0.0,0.0,0.0,0.0,0.0,0.0,0.0,0.0,0.0,0.0,0.0,0.0,0.0,0.0,0.1599456984749896,0.1599456984749896,0.0,0.0,0.0,0.0,0.6041792479446958,0.0,0.0,0.0,0.0,0.0,0.0,0.0,0.0,0.0,0.0,0.0,0.0,0.0,0.0,0.0,0.0,0.0,0.0,0.0,0.0,0.0,0.0,0.0,0.0,0.0,0.0,0.0,0.0,0.0,0.0,0.0,0.0,0.0,0.13946544843141417,0.0,0.0,0.0,0.0,0.0,0.0,0.0,0.0,0.0,0.0,0.0,0.0,0.0,0.0,0.0,0.0,0.06022773669391583,0.0,0.0,0.0,0.0,0.0,0.0,0.0,0.0,0.0,0.0,0.0,0.0,0.0,0.0,0.0,0.0,0.0,0.0,0.0,0.0,0.0,0.0,0.0,0.0,0.0,0.0,0.0,0.0,0.12909853080154318,0.0,0.0,0.0,0.0,0.0,0.0,0.0,0.0,0.0,0.07275115498400564,0.0,0.0,0.0,0.0,0.0,0.0,0.0,0.0,0.0,0.0,0.06454926540077159,0.0,0.0,0.0,0.0,0.0,0.0,0.0,0.0,0.0,0.0,0.0,0.0,0.0,0.05489759733306203,0.0,0.0,0.0,0.0,0.0,0.0,0.0,0.0,0.0,0.0,0.0,0.0,0.0,0.0,0.04807737602836161,0.0,0.0,0.0,0.06454926540077159,0.16007311969826604,0.0,0.0,0.0,0.0,0.0,0.0,0.0,0.0,0.17495250315044794,0.0,0.0,0.0,0.0,0.0,0.0,0.0,0.0,0.0,0.0,0.10111897854755274,0.1446118453389595,0.0,0.0,0.0,0.0,0.0,0.0,0.0,0.16963882085176793,0.0,0.0,0.0,0.0,0.0,0.0,0.0,0.0,0.0,0.0,0.0,0.0,0.0,0.0,0.0,0.0,0.0,0.0,0.0,0.0,0.0,0.0,0.0,0.0,0.0,0.0,0.0,0.0669437509007341,0.0,0.0,0.0,0.043852719044297404,0.0,0.0,0.0,0.07919571955427492,0.0,0.0,0.0,0.0,0.0,0.0,0.0,0.0,0.069897751246557,0.049282743930145846,0.0,0.0,0.0,0.0,0.0,0.0,0.04203454373275634,0.0,0.0,0.0,0.0,0.04118637623150679,0.0,0.0,0.05501337287519201,0.0,0.0,0.0,0.053357706566088674,0.02026233042086712,0.0,0.018108373510173238,0.043852719044297404,0.05061395147199862,0.0,0.0,0.0,0.0,0.04118637623150679,0.0,0.0,0.0,0.0,0.0,0.0,0.04603307494272577,0.0,0.03678922382288879,0.04292228831370613,0.0,0.0,0.0,0.0,0.0,0.0,0.0,0.029698425497519755,0.0,0.24007181712306444,0.0,0.0,0.0,0.08759482526073309,0.315519361586853,0.0,0.025426411502490816,0.04805335097810179,0.0,0.03909915575023844,0.0,0.0,0.03808272092481808,0.0,0.0,0.05085282300498163,0.021444411334157858,0.02769818048295075,0.07897421608936861,0.0,0.0,0.0,0.031148579566722366,0.05761948746752559,0.0,0.04418058803894004,0.0,0.021237654521723277,0.0,0.04128245660173199,0.03909142460006524,0.035351950167742674,0.018108373510173238,0.061925577068012126,0.042035035602576466,0.029897155915733047,0.0,0.038387083509698584,0.1263587457429898,0.04374953832730545,0.03909142460006524,0.02105536808380824,0.01205247752718446,0.04439770930037777,0.014920868851998642,0.022834307061421977,0.03723418290831492,0.008834029964939687,0.02591539338450272,0.14560706442343374,0.03017112769289096,0.03424216741622541,0.03830467835940857,0.009576446821077762,0.013577002418217961,0.01717149413063947,0.02099850240155365,0.08049723551918839,0.021280597982311245,0.026277612478444113
26,0.0,0.0,0.0,0.0,0.0,0.0,0.0,0.0,0.06908398619402369,0.0,0.10620137901470245,0.0,0.0,0.10620137901470245,0.0,0.0,0.0,0.0,0.0,0.0,0.0,0.10620137901470245,0.10620137901470245,0.0,0.0,0.0,0.0,0.0,0.0,0.10620137901470245,0.0,0.0,0.0,0.0,0.0,0.0,0.0,0.0,0.0,0.0,0.0,0.0,0.0,0.0,0.0,0.0,0.0,0.0,0.0,0.0,0.0,0.0,0.0,0.0,0.0,0.0,0.0,0.0,0.0,0.0,0.0,0.0,0.0,0.0,0.0,0.0,0.2660571635903732,0.0,0.0,0.0,0.0,0.0,0.0,0.0,0.0,0.0,0.0,0.0,0.0,0.0,0.0,0.0,0.0,0.0,0.0,0.0,0.0,0.0,0.0,0.0,0.0,0.0,0.0,0.0,0.0,0.0,0.0,0.0,0.0,0.0,0.0,0.0,0.0,0.0,0.0,0.0,0.0,0.0,0.0,0.0,0.09931600518165751,0.0,0.0,0.0,0.0,0.0,0.0,0.0,0.0,0.0,0.0,0.0,0.0,0.0,0.0,0.09931600518165751,0.0,0.0,0.0,0.0,0.0,0.0,0.09931600518165751,0.0,0.0,0.0,0.0,0.0,0.0,0.0,0.0,0.0,0.0,0.0,0.0,0.0,0.0,0.0,0.0,0.0,0.0,0.0,0.07158177068057438,0.0,0.0,0.0,0.0,0.0,0.0,0.0,0.0,0.0,0.0,0.0,0.0,0.0,0.0,0.0,0.0,0.0,0.0,0.08868572119679105,0.08868572119679105,0.0,0.0,0.0,0.0,0.0,0.0,0.06678942060558855,0.0394119584091139,0.0,0.0,0.0,0.0,0.0,0.0,0.0,0.0,0.0,0.0,0.0,0.0,0.0,0.0,0.09358097079873563,0.0,0.0,0.0,0.0,0.0,0.0,0.0,0.15465991263413553,0.0,0.0,0.0,0.0,0.0,0.0,0.0,0.0,0.0,0.0,0.07732995631706777,0.0,0.0,0.0,0.0,0.0,0.0,0.0,0.0,0.0,0.0,0.0,0.08443002573522504,0.0,0.0,0.0,0.0,0.0,0.0,0.0,0.0,0.0,0.0,0.0,0.0,0.0,0.0,0.0,0.0,0.0,0.0,0.0,0.0,0.0,0.0,0.0,0.0,0.0,0.0,0.0,0.0,0.0,0.0,0.0,0.0,0.0,0.0,0.0,0.0,0.07732995631706777,0.0,0.07732995631706777,0.0,0.0,0.0,0.0,0.0,0.0,0.0,0.0,0.0,0.0,0.0,0.0,0.0,0.0,0.12175714777887417,0.0,0.0,0.0,0.06908398619402369,0.0,0.0,0.0,0.0,0.0,0.0,0.0,0.0,0.0,0.0743163109887225,0.0,0.0,0.0,0.07732995631706777,0.0,0.0,0.0,0.0,0.0,0.0,0.0,0.0,0.0806772387025456,0.0806772387025456,0.0,0.0,0.0,0.0,0.0,0.0,0.05917091529610935,0.0,0.0,0.0,0.0,0.0,0.0,0.05917091529610935,0.0,0.0,0.0,0.0,0.0,0.0,0.0,0.0,0.0,0.0646710688482296,0.0646710688482296,0.0,0.0,0.04009174963679892,0.0,0.0,0.0,0.0,0.0,0.0,0.0,0.06270686995088633,0.0,0.060878573889437085,0.060878573889437085,0.0646710688482296,0.0743163109887225,0.0,0.0,0.0743163109887225,0.0,0.0,0.0,0.0,0.0,0.0,0.13816797238804737,0.0,0.0,0.0,0.0,0.0,0.0,0.0,0.11213567635361993,0.0,0.0,0.0,0.0,0.04949142019119515,0.0,0.16820351453042992,0.0,0.0,0.3867373042317345,0.0,0.0,0.1317358873293101,0.0,0.05085184023668821,0.0,0.0,0.0,0.0,0.0,0.0,0.0,0.05465199414143914,0.0,0.060878573889437085,0.0,0.0,0.0,0.0,0.0,0.0,0.0,0.0,0.0,0.045673544389125416,0.0,0.0,0.0,0.0,0.0,0.0,0.05917091529610935,0.0,0.0,0.02008124231864479,0.0,0.31805999218942466,0.03315438751276322,0.0,0.0,0.032379365102962264,0.0,0.05205066063226277,0.0,0.05085184023668821,0.11626944403829888,0.0,0.05205066063226277,0.0510482806243137,0.0,0.0,0.0,0.0,0.0,0.0,0.04079733157079229,0.10428723754543218,0.02552414031215685,0.0,0.03293400583784445,0.11626944403829888,0.08874237712583156,0.02579497369615262,0.0,0.0369228434811063,0.0,0.1093420392072026,0.0,0.1127862599892243,0.026644330720040386,0.0,0.057811900896482776,0.0,0.0,0.23227463838109447,0.024999694192935004,0.05328866144008077,0.0,0.07134220312056018,0.030715838380029677,0.03503131563582279,0.08874237712583156,0.0,0.03152461035977512,0.17271075555447707,0.04259800544617139,0.019447041383791618,0.02449698460471194,0.01914499469570367,0.023551451845787965,0.048506703349818735,0.06867013876723267,0.0,0.07840694001106943,0.06024372695593437,0.0,0.1243057690534127,0.0,0.044927240917738684,0.026605796671607593,0.03503131563582279,0.01212898938695259,0.04335035222980842,0.23349305687872787,0.0,0.036926059028137954,0.0,0.06752548343025201,0.030968076002182914,0.029389436264354904,0.014369410208068562,0.02106138843075637,0.04461094391036569,0.05063037170912631,0.06068270236898929,0.04778901157298211,0.05269665791837232,0.02538972256246251,0.034929366915588546,0.04869122086331163,0.03244872661956733,0.02914050251054448
27,0.0,0.0,0.0,0.0,0.0,0.0,0.0,0.0,0.2234745790789558,0.0,0.0,0.0,0.0,0.0,0.11451427834645513,0.0,0.0,0.0,0.0,0.0,0.0,0.0,0.0,0.0,0.0,0.11451427834645513,0.0,0.0,0.0,0.11451427834645513,0.0,0.0,0.0,0.0,0.0,0.0,0.0,0.0,0.0,0.0,0.0,0.0,0.0,0.0,0.0,0.0,0.0,0.0,0.0,0.0,0.0,0.11451427834645513,0.0,0.0,0.0,0.0,0.0,0.0,0.0,0.0,0.0,0.0,0.08699223922250304,0.0,0.0,0.0,0.0,0.0,0.0,0.0,0.0,0.0,0.0,0.0,0.0,0.0,0.0,0.0,0.0,0.400667053535441,0.0,0.0,0.0,0.0,0.0,0.0,0.0,0.0,0.0,0.0,0.0,0.0,0.0,0.0,0.0,0.10090600929479772,0.0,0.0,0.08699223922250304,0.0,0.0,0.0,0.3938630187511092,0.0,0.0,0.0,0.0,0.0,0.0,0.0,0.0,0.0,0.0,0.0,0.0,0.10708995275904866,0.0,0.0,0.0,0.10708995275904866,0.0,0.0,0.0,0.0,0.0,0.0,0.0,0.10708995275904866,0.0,0.0,0.0,0.0,0.0,0.10708995275904866,0.0,0.0,0.0,0.0,0.0,0.0,0.0,0.0,0.0,0.0,0.0,0.0,0.0,0.0,0.0,0.0,0.0,0.0,0.0,0.0,0.0,0.0,0.0,0.0,0.0,0.0,0.0,0.0,0.18207755035842685,0.0,0.0,0.0,0.0,0.0,0.0,0.0,0.0,0.0,0.0,0.0,0.0,0.0,0.0,0.0,0.0,0.21605206183155123,0.0,0.0,0.0,0.0,0.0,0.0,0.0,0.0,0.0,0.0,0.0,0.0,0.0,0.0,0.0,0.0,0.0,0.0,0.0,0.0,0.0,0.0,0.0,0.08338294873728505,0.0,0.0,0.0,0.0,0.0,0.0,0.0,0.0,0.0,0.0,0.0,0.0,0.0,0.0,0.17398447844500609,0.0,0.0,0.0,0.0,0.0,0.0,0.0,0.0,0.0,0.0,0.0,0.0,0.0,0.0,0.0,0.0,0.0,0.0,0.0,0.0,0.0,0.0,0.0,0.0,0.0,0.0,0.0,0.0,0.0,0.0,0.0,0.0,0.0,0.0,0.0,0.0,0.0,0.0,0.0,0.0,0.0,0.0,0.07718482460677473,0.0,0.0,0.0,0.0,0.0,0.0,0.0,0.17398447844500609,0.0,0.0,0.0,0.0,0.0,0.0,0.0,0.09103877517921342,0.0,0.0,0.0,0.0,0.07449152635965192,0.0,0.0,0.0,0.0,0.0,0.0,0.0,0.0,0.0,0.0,0.0,0.0,0.0,0.0,0.062077362032240874,0.0,0.0,0.0,0.0,0.0,0.0,0.0,0.0,0.057488552553824866,0.08699223922250304,0.0,0.08699223922250304,0.057488552553824866,0.0,0.0,0.0,0.07718482460677473,0.06380251110764891,0.0,0.08013341070708821,0.0,0.0,0.0,0.0,0.0,0.0,0.13946637694833847,0.0,0.0,0.0,0.0,0.0,0.0,0.0,0.0,0.0,0.0720173539438504,0.060456541024522484,0.0,0.0,0.0,0.0,0.0,0.07718482460677473,0.0,0.0,0.0,0.06761524215986545,0.0,0.0,0.06973318847416923,0.0,0.0,0.0,0.0,0.08013341070708821,0.0,0.0,0.04734916567564037,0.0,0.07449152635965192,0.0,0.0,0.0,0.0,0.0,0.10264870636855376,0.0,0.0,0.060456541024522484,0.0,0.0,0.0,0.057488552553824866,0.16009606429172515,0.0,0.0,0.0,0.05243691631421425,0.11583586587687521,0.0,0.0,0.09469833135128074,0.030763015053368002,0.0,0.04827841898198904,0.0,0.0,0.0,0.0,0.0,0.0,0.0,0.0,0.06564383645851819,0.0,0.0,0.0,0.0,0.050262832044558295,0.0,0.0,0.0,0.0,0.049248635222725365,0.060456541024522484,0.0,0.04933670635175079,0.0,0.0,0.04827841898198904,0.0,0.0726860829452809,0.033120116692726756,0.06495929696265666,0.0,0.08069555230962806,0.035749542946303905,0.050262832044558295,0.0,0.0,0.049248635222725365,0.0,0.03588966749465278,0.05483226151411285,0.0,0.0,0.0,0.027522039123952093,0.0,0.0,0.05132435318427688,0.05243691631421425,0.0,0.0,0.04399073747096597,0.0,0.0,0.0,0.05326786638603702,0.041790139956488045,0.03189622510741821,0.0278140719563705,0.0,0.039812974322608885,0.0,0.023580154662604106,0.0,0.0,0.05745982458490129,0.0,0.01558428000751525,0.0,0.0,0.09107487488450015,0.05391308410392091,0.05745982458490129,0.0,0.025642168308901023,0.06624023338545351,0.0,0.09568867532225461,0.0,0.03399219519553567,0.07449186712445204,0.045932358863168474,0.0,0.0,0.0412871334038272,0.02539493872069523,0.026151779668986592,0.02468176169285565,0.0,0.021136058297977486,0.0,0.014809509527309642,0.06701789359760581,0.07149908589260781,0.0,0.0459013791941044,0.09443346844412856,0.03923515343034495,0.07011539324231243,0.07553090879452806,0.014411757565899528,0.05308858875489646,0.04460409573105834,0.0364055159958908,0.04452279757657015,0.021126593747624944,0.04648252185162364,0.03027995454796687,0.04810285982767215,0.027296728782969567,0.039259579871945983,0.057255211476981184,0.032469418321943694,0.030799237322393126,0.057750636572756565,0.04958571327306571,0.05407336283010945,0.0403990349270792
28,0.0,0.0,0.0,0.0,0.0,0.0,0.0,0.0,0.0,0.0,0.0,0.0,0.0,0.0,0.0,0.0,0.0,0.0,0.0,0.0,0.0,0.0,0.0,0.12158973483241131,0.0,0.0,0.0,0.0,0.0,0.0,0.12158973483241131,0.0,0.0,0.0,0.0,0.0,0.0,0.0,0.0,0.0,0.0,0.0,0.0,0.0,0.0,0.0,0.12158973483241131,0.12158973483241131,0.0,0.0,0.0,0.0,0.0,0.0,0.12158973483241131,0.0,0.0,0.0,0.12158973483241131,0.0,0.0,0.0,0.0,0.0,0.0,0.0,0.0,0.0,0.0,0.0,0.2899912751495952,0.0,0.0,0.0,0.0,0.0,0.0,0.0,0.0,0.0,0.0,0.0,0.0,0.0,0.0,0.0,0.0,0.0,0.0,0.0,0.10714065608510283,0.0,0.0,0.0,0.0,0.0,0.0,0.0,0.0,0.0,0.0,0.0,0.06969975084002683,0.0,0.0,0.11370668485369062,0.0,0.11370668485369062,0.0,0.0,0.0,0.0,0.0,0.0,0.0,0.0,0.0,0.0,0.0,0.0,0.0,0.0,0.11370668485369062,0.0,0.0,0.0,0.0,0.0,0.0,0.0,0.0,0.0,0.0,0.11370668485369062,0.0,0.0,0.0,0.0,0.0,0.0,0.0,0.0,0.0,0.0,0.0,0.0,0.0,0.0,0.0,0.0,0.0,0.0,0.0,0.0,0.1354893122366894,0.0,0.0,0.0,0.0,0.0,0.0,0.0,0.0,0.0,0.0,0.0,0.0,0.0,0.0,0.0,0.0,0.0,0.0,0.0,0.0,0.0,0.0,0.0,0.0,0.0764670667781032,0.09024533610861624,0.0,0.0,0.0,0.0,0.0,0.0,0.0,0.0,0.10714065608510283,0.0,0.0,0.10714065608510283,0.0,0.10714065608510283,0.0,0.0,0.0,0.0,0.0,0.0,0.0,0.11383344851672635,0.0,0.0,0.0,0.0,0.0,0.0,0.0,0.0,0.0,0.0,0.0,0.0,0.0,0.0,0.0,0.09236720042491771,0.0,0.0,0.20909925252008046,0.0677446561183447,0.0,0.0,0.0,0.09666375838319842,0.0,0.0,0.0,0.0,0.0,0.0,0.0,0.0,0.0,0.0,0.1318258316357703,0.10153609514096945,0.0,0.0,0.0,0.10153609514096945,0.0,0.0,0.0,0.0,0.0,0.0,0.0,0.0,0.08195381827085872,0.08195381827085872,0.0,0.0,0.0,0.0,0.0,0.0,0.0,0.0,0.0,0.0,0.0,0.0,0.08853490388192173,0.17706980776384346,0.0,0.0,0.09236720042491771,0.09236720042491771,0.0,0.0,0.0,0.0,0.0,0.09666375838319842,0.0,0.0,0.0,0.06969975084002683,0.0,0.0,0.0,0.0,0.0,0.08508458770192458,0.0,0.0,0.0,0.0,0.0,0.0,0.0,0.0,0.0,0.0,0.0,0.0,0.0,0.0,0.0,0.08853490388192173,0.0,0.08853490388192173,0.0,0.0,0.0,0.0,0.09236720042491771,0.0,0.0,0.0,0.0,0.0,0.1354893122366894,0.0,0.0,0.0,0.0,0.0,0.0,0.0,0.0,0.0,0.0,0.0,0.0,0.0,0.0,0.0,0.06104057906011411,0.0,0.0,0.0,0.0,0.0,0.0,0.0,0.0,0.0,0.08195381827085872,0.0,0.0,0.0,0.0,0.0,0.0,0.07404177031916183,0.0,0.08508458770192458,0.0,0.08508458770192458,0.0,0.0,0.0,0.0,0.0677446561183447,0.07909411008057086,0.0,0.1877128584592146,0.0,0.0,0.0,0.0,0.0,0.0,0.0,0.0,0.0,0.0,0.06104057906011411,0.056662622588862864,0.0,0.0,0.0,0.0,0.024598595772381278,0.0,0.0,0.05027471318134749,0.03266375946297252,0.0,0.0,0.0,0.0,0.0,0.0,0.06104057906011411,0.0,0.0625709528197382,0.1537841458788658,0.13939950168005366,0.0,0.0,0.0,0.06419194966951505,0.053368405306926985,0.0,0.0,0.0,0.0,0.0,0.0,0.0,0.0,0.0,0.053368405306926985,0.05126138195962194,0.0,0.0,0.0,0.022990971974962707,0.0,0.10710182770612534,0.0,0.16010521592078095,0.0,0.0,0.0,0.0,0.0,0.0,0.0,0.0,0.05959269157185334,0.14611267203746803,0.0,0.0,0.0,0.05567681901452616,0.0,0.04717361963306796,0.04670877886506411,0.0,0.0,0.053368405306926985,0.09426518454713806,0.04437221374740499,0.03386698679820946,0.05906522195516915,0.0,0.04227288562331028,0.0,0.0500741880249911,0.04512266805430812,0.06456437558560645,0.09151511412827179,0.0,0.09928308509799831,0.0,0.0,0.04835104428461958,0.11448838860706415,0.09151511412827179,0.06456437558560645,0.02722651262556597,0.10549949572498425,0.08021455876576748,0.0,0.0,0.07218491981746293,0.0790944719000949,0.0,0.0,0.0,0.04383812809240954,0.05392801508634319,0.0,0.07862029703453095,0.0,0.0673259551811957,0.0,0.0,0.05336902980063115,0.03795838833363743,0.0,0.08529057737755281,0.02005363969144187,0.0833187261988678,0.0,0.026732570833344182,0.07651106072577216,0.11273751225686546,0.037888027594048995,0.06764606060935256,0.11818428298858219,0.011215967863475227,0.0493545223171346,0.05626399144655463,0.08938120728059963,0.03622912861215552,0.06252794815446112,0.06079282061401802,0.06033229250217312,0.09083949940432645,0.039990558508119306,0.03716431737744086,0.04052779490771768,0.05481047834264904
29,0.0,0.0,0.15926460310050727,0.0,0.0,0.0,0.0,0.0,0.0,0.0,0.0,0.0,0.0,0.0,0.0,0.0,0.0,0.0,0.0,0.0,0.0,0.0,0.0,0.0,0.0,0.0,0.0,0.11379817063356285,0.0,0.11379817063356285,0.0,0.0,0.0,0.0,0.0,0.11379817063356285,0.0,0.0,0.0,0.0,0.0,0.0,0.0,0.0,0.0,0.0,0.0,0.0,0.0,0.11379817063356285,0.0,0.0,0.0,0.0,0.0,0.11379817063356285,0.0,0.0,0.0,0.0,0.0,0.0,0.0,0.0,0.0,0.0,0.0,0.0,0.1480513967312204,0.0,0.0,0.0,0.0,0.0,0.0,0.25934471646114776,0.0,0.0,0.0,0.0,0.0,0.0,0.0,0.0,0.0,0.0,0.0,0.0,0.0,0.0,0.0,0.0,0.0,0.0,0.0,0.0,0.0,0.0,0.0,0.0,0.0,0.0,0.0,0.0,0.0,0.0,0.0,0.0,0.0,0.0,0.0,0.0,0.0,0.0,0.0,0.0,0.0,0.0,0.0,0.0,0.0,0.0,0.0,0.0,0.0,0.0,0.0,0.0,0.0,0.0,0.0,0.0,0.0,0.10642027259120086,0.0,0.0,0.0,0.0,0.0,0.0,0.0,0.0,0.0,0.0,0.0,0.0,0.08644823882038259,0.0,0.0,0.0,0.0,0.0,0.0,0.0,0.0,0.0,0.0,0.0,0.0,0.0,0.0,0.0,0.0,0.0,0.0,0.0,0.0,0.0,0.0,0.09502958367532914,0.09502958367532914,0.0,0.0,0.0,0.0,0.0,0.0,0.0,0.0,0.0,0.0,0.0,0.0,0.0,0.0,0.0,0.0,0.0,0.0,0.0,0.0,0.0,0.0,0.0,0.0,0.0,0.0,0.0,0.0,0.0,0.0,0.0,0.3196167394221568,0.0,0.0,0.0,0.0740256983656102,0.0,0.0,0.0,0.0,0.0,0.0,0.0,0.1657230376045752,0.0,0.0,0.08644823882038259,0.08644823882038259,0.0,0.0,0.0,0.31701763093295415,0.0,0.0,0.0,0.0,0.0,0.0,0.0,0.0,0.0,0.0,0.0,0.0,0.0,0.0,0.0,0.0,0.0,0.0,0.0,0.09502958367532914,0.0,0.0,0.0,0.0,0.0,0.0,0.0,0.0,0.0,0.0,0.0,0.0,0.0,0.0,0.0,0.0,0.07963230155025364,0.0,0.0,0.0,0.1657230376045752,0.0,0.0,0.0,0.0,0.0,0.0,0.0,0.0,0.0,0.0,0.0,0.0,0.0,0.0,0.0,0.0,0.0,0.0,0.0,0.0,0.0,0.0,0.07963230155025364,0.067192414569115,0.0,0.0,0.0,0.0,0.0,0.0,0.0,0.0,0.0,0.0,0.0,0.0,0.0828615188022876,0.0,0.0,0.0,0.0828615188022876,0.0,0.0,0.08644823882038259,0.0,0.08644823882038259,0.0,0.0,0.0,0.067192414569115,0.07670215424446475,0.0,0.0,0.0,0.0,0.0,0.06523333692718844,0.0,0.12680705237318168,0.0,0.06929711644165078,0.0,0.067192414569115,0.0,0.0,0.0,0.0,0.0,0.0,0.0,0.0,0.06007847991330046,0.3007171343673833,0.0,0.0,0.0,0.0,0.0,0.0,0.0,0.0,0.0,0.0,0.0,0.0,0.0,0.0,0.0,0.07963230155025364,0.0,0.0,0.0,0.047053070697538536,0.06340352618659084,0.0740256983656102,0.0740256983656102,0.0,0.0,0.08170207813171301,0.0,0.0,0.0,0.0,0.12015695982660092,0.0,0.0,0.0,0.0,0.0,0.0,0.0,0.0,0.0,0.0,0.0,0.067192414569115,0.0,0.09171192152094813,0.05448937147496169,0.04797651297779059,0.0,0.0,0.0,0.0,0.0,0.0,0.058561357794713505,0.04797651297779059,0.0,0.11425810313721849,0.0,0.0,0.0,0.0,0.0,0.0,0.0,0.0,0.0,0.06007847991330046,0.0,0.0,0.0,0.0,0.04797651297779059,0.0,0.0,0.0,0.0,0.05210900541301389,0.14033412371343476,0.0,0.049948516640237965,0.03566523375523468,0.0,0.0978813240666819,0.05577394582983614,0.0,0.0,0.0,0.0,0.05577394582983614,0.19144952269226187,0.0,0.0,0.0,0.05210900541301389,0.0,0.0,0.043715644208766204,0.0,0.027349931813180264,0.0,0.0,0.04152880799004846,0.0,0.0,0.039564006434959574,0.0,0.0,0.07029809302231586,0.0,0.0302135202443988,0.028550251624100638,0.07338779709003768,0.12389459767669862,0.0,0.03836046461037554,0.0,0.05357594208189442,0.028550251624100638,0.0,0.025481816649994948,0.0,0.07507434783293486,0.0,0.015855772390326397,0.13511850871095105,0.07402603699945944,0.04564512379581961,0.02083812615469245,0.0,0.0,0.07570839928860296,0.05197648237609142,0.0,0.0,0.0,0.04303538543684447,0.0,0.0,0.017762992733391793,0.016046991340053513,0.06271971455218413,0.07507434783293486,0.025993199272450536,0.02322564370557675,0.025019527029643548,0.04296490368612299,0.07913490399267449,0.0,0.06331124875403081,0.11061094277635442,0.0,0.030794564250150994,0.04513590118431806,0.035851538753559564,0.061033568480998814,0.0325117271675726,0.07396632057783825,0.05243285594933083,0.03740811098733626,0.05489430115485797,0.04637706558838599,0.06321790413567477,0.046837469171426054
30,0.0,0.0,0.24132761070693118,0.0,0.0,0.0,0.0,0.0,0.0,0.0,0.11495603369982764,0.0,0.0,0.0,0.11495603369982764,0.0,0.0,0.0,0.0,0.0,0.11495603369982764,0.0,0.0,0.0,0.0,0.0,0.0,0.0,0.0,0.0,0.0,0.0,0.0,0.0,0.0,0.0,0.0,0.0,0.0,0.0,0.11495603369982764,0.0,0.11495603369982764,0.0,0.0,0.0,0.0,0.0,0.0,0.0,0.0,0.11495603369982764,0.11495603369982764,0.0,0.0,0.11495603369982764,0.0,0.0,0.0,0.0,0.0,0.0,0.0,0.0,0.0,0.0,0.0,0.0,0.0,0.0,0.0,0.0,0.0,0.0,0.0,0.17465564867693364,0.0,0.0,0.0,0.0,0.0,0.0,0.0,0.0,0.0,0.0,0.0,0.0,0.0,0.0,0.0,0.0,0.0,0.0,0.0,0.0,0.0,0.0,0.0,0.0,0.0,0.0,0.0,0.0,0.0,0.0,0.10750306770512198,0.0,0.0,0.0,0.0,0.0,0.0,0.0,0.0,0.0,0.0,0.10750306770512198,0.10750306770512198,0.0,0.0,0.0,0.0,0.0,0.10750306770512198,0.0,0.0,0.10750306770512198,0.0,0.10750306770512198,0.0,0.0,0.0,0.0,0.0,0.0,0.0,0.0837046104943739,0.0,0.0,0.0,0.0,0.0,0.0,0.0,0.0,0.17465564867693364,0.0,0.0,0.0,0.0,0.0,0.0,0.0,0.0,0.0,0.0,0.0,0.0,0.0,0.09138997039155386,0.0,0.09138997039155386,0.0,0.09599648186470769,0.0,0.0,0.0,0.0,0.0,0.0,0.09599648186470769,0.0,0.0,0.0,0.0,0.0,0.0,0.0,0.0,0.0,0.0,0.0,0.0,0.0,0.10129526878660165,0.0,0.0,0.0,0.10129526878660165,0.0,0.0,0.0,0.10129526878660165,0.0,0.0,0.0,0.0,0.0,0.0,0.08732782433846682,0.08732782433846682,0.0,0.0,0.0,0.0,0.0,0.0,0.0,0.0,0.0,0.0,0.0,0.0,0.0,0.0,0.0837046104943739,0.0,0.0,0.0,0.0,0.0,0.0,0.09138997039155386,0.0,0.0,0.0,0.0,0.0,0.0,0.0,0.0,0.0,0.0,0.0,0.0,0.21524583077498727,0.0,0.0,0.0,0.0,0.0,0.0,0.0,0.0,0.0,0.0,0.0,0.0,0.0,0.0,0.0,0.07748257620562779,0.0,0.0,0.14000438862270803,0.0,0.0,0.0,0.0804425369023104,0.0,0.0,0.0,0.0837046104943739,0.0,0.0,0.0,0.0,0.0,0.08732782433846682,0.0,0.0,0.0,0.0,0.0,0.0,0.0,0.0,0.0,0.0,0.0,0.07748257620562779,0.0747788881718681,0.0747788881718681,0.0,0.0,0.0,0.0,0.0,0.0,0.0,0.0,0.07748257620562779,0.0,0.0,0.06589706703020051,0.0,0.0,0.0,0.0,0.0,0.0,0.0,0.0,0.0,0.0,0.05771032294102022,0.0,0.08732782433846682,0.0,0.05771032294102022,0.0,0.0,0.0,0.0,0.0,0.0,0.0,0.0804425369023104,0.0,0.0,0.059157202463598,0.0,0.0,0.0,0.0,0.0,0.0,0.0,0.19214591550324941,0.0,0.0,0.0,0.0,0.0,0.060689760855530524,0.0,0.0,0.0,0.0,0.0,0.0,0.0,0.0,0.0,0.0,0.0,0.0,0.07000219431135402,0.0,0.0,0.0,0.0804425369023104,0.0,0.0,0.0,0.0,0.06404863850108312,0.0747788881718681,0.0747788881718681,0.0,0.0,0.0,0.0,0.0,0.0,0.0,0.0,0.0,0.0,0.055043784875314125,0.0,0.08035682898096454,0.062316834414174065,0.12137952171106105,0.0,0.05263919928565358,0.09302617555588336,0.0,0.0678760777135187,0.0,0.0,0.0,0.0,0.0,0.060689760855530524,0.0,0.04339669188000725,0.0,0.0,0.059157202463598,0.1453939798496682,0.0,0.05771032294102022,0.0,0.0,0.0,0.10091345634440499,0.0,0.0,0.0,0.0,0.0,0.0,0.11542064588204044,0.016509009938631032,0.0,0.050456728172202495,0.0,0.0,0.024322159999665624,0.0,0.021736628941484405,0.15791759785696075,0.16201369409440053,0.01794372598347673,0.10091345634440499,0.0,0.0,0.049438618939778606,0.0,0.10808435119790358,0.055043784875314125,0.1258540543553257,0.0,0.0,0.027628209361360834,0.0,0.0,0.05152234428289727,0.05263919928565358,0.0,0.0,0.0,0.14110512623469512,0.0,0.050456728172202495,0.0,0.0,0.0,0.0,0.0,0.03996655861615423,0.03504854099342584,0.023671118511880983,0.0,0.061041867932825344,0.0,0.03706724821879659,0.015644398616488604,0.0,0.15500308442360108,0.09142620935666299,0.13530265401405786,0.08652222622471652,0.030520933966412672,0.025741086673371393,0.0,0.0,0.0320192693984624,0.032034200463703734,0.03412332499364766,0.13086365293963084,0.0,0.021050147986944722,0.0,0.0,0.02549290336135335,0.026252663932816486,0.0,0.0,0.0,0.04347325788296881,0.0,0.033638212396490744,0.07177490393390693,0.03242052955680768,0.011519612597002788,0.037919103670239915,0.05251534492855682,0.11730978914923879,0.05054818678298124,0.014467353000356894,0.02664669282340671,0.053731394960166816,0.03654595552723743,0.06704182603943257,0.0,0.04666183488719189,0.037995954802620927,0.060360529438501474,0.047953552243144126,0.08539056362750747,0.04023325720211071,0.044817676459223126,0.048094744171847253,0.02772641729807028,0.04684893865161338,0.05108890224011907,0.056326222269411204
31,0.0,0.0,0.0,0.0,0.0,0.0,0.0,0.0,0.0,0.0,0.0,0.0,0.0,0.1242689593156231,0.0,0.0,0.0,0.0,0.0,0.0,0.0,0.0,0.0,0.1242689593156231,0.0,0.0,0.1242689593156231,0.0,0.0,0.0,0.0,0.1242689593156231,0.0,0.1242689593156231,0.0,0.0,0.0,0.0,0.0,0.1242689593156231,0.1242689593156231,0.0,0.1242689593156231,0.0,0.0,0.0,0.0,0.0,0.0,0.0,0.0,0.0,0.0,0.0,0.0,0.1242689593156231,0.0,0.0,0.0,0.0,0.0,0.09440250764197237,0.0,0.0,0.0,0.0,0.0,0.10377343855163121,0.0,0.0,0.0,0.0,0.0,0.0,0.0,0.0,0.0,0.0,0.0,0.0,0.0,0.20754687710326242,0.0,0.0,0.0,0.0,0.0,0.0,0.0,0.0,0.0,0.0,0.10950149575077223,0.0,0.0,0.10950149575077223,0.0,0.0,0.0,0.0,0.0,0.0,0.0,0.0,0.0,0.0,0.0,0.0,0.0,0.0,0.0,0.0,0.0,0.0,0.0,0.0,0.11621220667578154,0.0,0.0,0.0,0.0,0.0,0.0,0.0,0.0,0.0,0.0,0.0,0.0,0.0,0.11621220667578154,0.0,0.0,0.0,0.0,0.0,0.0,0.0,0.0,0.0,0.0,0.0,0.0,0.0,0.0,0.0,0.0,0.0,0.0,0.0,0.0,0.0,0.0,0.0,0.0,0.0,0.0,0.0,0.0,0.0,0.0,0.0,0.0,0.0,0.0,0.0,0.10377343855163121,0.10377343855163121,0.0,0.0,0.10377343855163121,0.0,0.0,0.10377343855163121,0.10377343855163121,0.0,0.0,0.0,0.0,0.0,0.0,0.0,0.0,0.0,0.0,0.0,0.0,0.0,0.0,0.0,0.0,0.0,0.0,0.0,0.0,0.0,0.0,0.0,0.0,0.0,0.0,0.0,0.0,0.0,0.0,0.0,0.0,0.0,0.0,0.0,0.0,0.0,0.0,0.0,0.0,0.0,0.0,0.0,0.0,0.0,0.0,0.0,0.0,0.0,0.0,0.0,0.0,0.0,0.0,0.0,0.0,0.0,0.0,0.0,0.0,0.0,0.0,0.0,0.0,0.0,0.10377343855163121,0.0,0.0,0.0,0.0,0.0,0.0,0.0,0.07815201524643947,0.0,0.09048576661244902,0.0,0.0,0.0,0.0,0.0,0.0,0.0,0.0,0.0,0.16751933413619963,0.0,0.0,0.0,0.0,0.09048576661244902,0.0,0.0,0.0,0.0,0.0,0.0,0.0,0.0,0.0,0.0,0.0,0.0,0.0,0.0,0.0,0.0,0.0,0.0,0.0,0.0,0.0,0.0,0.0,0.0,0.0,0.0,0.0,0.0,0.0,0.0,0.0,0.06736530403192773,0.0,0.0,0.0,0.0,0.0,0.09048576661244902,0.0,0.0,0.06238560554703502,0.0,0.09440250764197237,0.09440250764197237,0.18715681664110506,0.0,0.0,0.0,0.0,0.0,0.0,0.0,0.0,0.0,0.07123558179797528,0.0,0.06923740664970493,0.05817088178529095,0.0,0.0,0.0,0.0,0.0,0.06923740664970493,0.0,0.0,0.15134655497243443,0.0,0.15630403049287894,0.0,0.0,0.0,0.0,0.0,0.0,0.0,0.06923740664970493,0.0,0.07337491794393715,0.0,0.0,0.0,0.0,0.0,0.08695942286649812,0.0,0.0,0.0,0.0,0.0,0.0,0.0,0.0,0.0,0.0,0.0,0.0,0.0,0.0,0.07567327748621722,0.0,0.06560641646983098,0.0,0.0,0.0,0.0,0.05791118099662907,0.0,0.0,0.0,0.11380731056739075,0.0,0.0,0.07337491794393715,0.0,0.0,0.0,0.0,0.0,0.0,0.0,0.0,0.0,0.0,0.1918491030763345,0.052390924266616755,0.0,0.12477121109407004,0.0,0.0,0.0,0.05454437578112341,0.0,0.0,0.0,0.0,0.10688757306450375,0.13121283293966196,0.0,0.10707871966574468,0.0,0.0,0.0,0.0,0.0,0.0,0.023497577035768682,0.0,0.10946181179016408,0.13578179915494873,0.0,0.0,0.07577585229074434,0.0,0.0,0.03894686055000851,0.11900608681592982,0.0,0.0,0.0,0.029866451673650728,0.0,0.0477380047622066,0.0,0.05690365528369538,0.0,0.0,0.0477380047622066,0.061014586627344575,0.0,0.0,0.05780538825673344,0.0,0.06922648873887625,0.0,0.0,0.0,0.0,0.1023551411312355,0.0,0.29694171948604536,0.0,0.0,0.016911797255168583,0.07476163901889485,0.04189008478304313,0.07412468614256278,0.08775835142785025,0.031177215220362854,0.0,0.13913223819577178,0.0,0.08198208305596758,0.06922648873887625,0.0,0.11066326704752368,0.0,0.1495350584379169,0.0,0.05732910083544121,0.0,0.0,0.056758938547108014,0.0,0.05072535976033048,0.0,0.16448303925038077,0.0,0.018181671345173005,0.09698699939639194,0.035047011790664544,0.01867927532477347,0.04099104152798379,0.0,0.02536267988016524,0.05464324372233652,0.015639395719763808,0.028805419600805165,0.029042166467364194,0.009876662656141311,0.036236540546856995,0.057315556121272364,0.05044204705539927,0.057503766034554184,0.05220041043969217,0.014810974349931137,0.08520766500566845,0.0372794326526564,0.052852895936401884,0.04456374902221582,0.03814696546626425,0.04747903935451112,0.04142082309399512,0.06088937481852855
32,0.0,0.0,0.3192905823555284,0.0,0.0,0.0,0.0,0.0,0.0,0.0,0.0,0.0,0.0,0.0,0.11407018089780532,0.0,0.0,0.0,0.0,0.0,0.0,0.0,0.0,0.0,0.0,0.0,0.0,0.0,0.0,0.0,0.0,0.0,0.0,0.0,0.0,0.0,0.0,0.0,0.0,0.0,0.11407018089780532,0.0,0.0,0.0,0.0,0.0,0.0,0.0,0.0,0.0,0.0,0.0,0.0,0.11407018089780532,0.0,0.0,0.0,0.0,0.0,0.0,0.0,0.0,0.0,0.08665487490384431,0.0,0.0,0.0,0.0,0.0,0.0,0.0,0.0,0.0,0.0,0.0,0.08665487490384431,0.07420264101469724,0.0,0.0,0.0,0.0,0.0,0.0,0.0,0.0,0.0,0.0,0.0,0.0,0.10051468602988856,0.0,0.0,0.0,0.0,0.0,0.0,0.0,0.2010293720597771,0.0,0.0,0.0,0.0,0.0,0.0,0.0,0.0,0.0,0.0,0.0,0.0,0.0,0.0,0.0,0.0,0.0,0.0,0.0,0.10667464756319844,0.0,0.0,0.0,0.0,0.0,0.0,0.0,0.0,0.0,0.0,0.0,0.0,0.0,0.10667464756319844,0.0,0.0,0.0,0.0,0.0,0.0,0.0,0.0,0.0,0.0,0.0,0.0,0.0,0.0,0.0,0.0,0.0,0.0,0.0,0.0,0.0,0.0,0.0,0.0,0.0,0.0,0.0,0.0,0.0,0.0,0.0,0.0,0.0,0.0,0.0,0.0,0.0,0.0,0.0,0.095256731634057,0.0,0.0,0.0,0.0,0.0,0.0,0.0,0.0,0.0,0.0,0.0,0.0,0.0,0.10051468602988856,0.0,0.0,0.0,0.10051468602988856,0.0,0.10051468602988856,0.0,0.0,0.0,0.0,0.0,0.0,0.0,0.0,0.0,0.0,0.10679357169765506,0.0,0.0,0.0,0.0,0.0,0.0,0.0,0.0,0.0,0.0,0.0,0.0,0.0,0.08305958159626274,0.0,0.0,0.0,0.0,0.0,0.0,0.0,0.0,0.0,0.0,0.0,0.0,0.0,0.0,0.0,0.0,0.0,0.0,0.0,0.0,0.0,0.0,0.0,0.0,0.0,0.0,0.0,0.0,0.0,0.0,0.0,0.0,0.0798226455888821,0.24917874478878824,0.0,0.0,0.0,0.06355507879781386,0.0,0.0,0.0,0.0,0.0,0.0,0.07688549439068895,0.0,0.0,0.0,0.0,0.0,0.0,0.0,0.08665487490384431,0.0,0.0,0.0,0.0,0.0,0.0,0.0,0.0,0.0,0.0,0.0,0.0,0.0,0.0,0.0,0.0,0.0,0.1347060474203918,0.0,0.0,0.0,0.0,0.0,0.0,0.0,0.0,0.0,0.06183662001739778,0.08305958159626274,0.0,0.0,0.0,0.0,0.0,0.0,0.0,0.0,0.0,0.0,0.0,0.0,0.0,0.0,0.0,0.07688549439068895,0.0,0.0,0.0,0.0,0.0,0.0,0.0,0.0,0.0,0.0,0.0,0.0,0.0,0.0,0.0,0.0,0.0,0.0,0.0,0.0,0.0,0.0,0.0,0.0,0.0,0.0,0.07688549439068895,0.0,0.0,0.0673530237101959,0.0,0.0,0.0,0.0,0.0798226455888821,0.0,0.0,0.0798226455888821,0.0798226455888821,0.0,0.0,0.0,0.25422031519125543,0.0,0.0,0.0,0.0,0.0,0.0,0.0,0.0,0.0,0.0,0.0,0.0,0.05461961669991383,0.057265606386024875,0.31895039253590296,0.0,0.06022208471033296,0.0,0.0,0.0,0.0,0.0673530237101959,0.0,0.0,0.10923923339982766,0.0,0.0,0.0,0.0,0.0,0.0,0.0,0.0,0.0,0.0,0.0,0.0,0.0,0.0,0.0,0.0,0.0,0.0,0.0,0.09811528850280202,0.1806662541309989,0.11453121277204975,0.08190895638678126,0.0,0.05006790791985335,0.0,0.0,0.0,0.03299167367640941,0.1294147570507548,0.0,0.10047825893988761,0.14244361104249958,0.0,0.10725145167726215,0.03477845644678175,0.0,0.055907261555902345,0.0,0.0,0.041628073751283086,0.0,0.0,0.13707652996980507,0.07662817649932445,0.0,0.10225062475581757,0.0,0.0,0.0,0.0,0.05600710726408251,0.0,0.0,0.0,0.0,0.0,0.0,0.0,0.0,0.0695569128935635,0.0,0.04233211721894889,0.090857217668355,0.1144739796538874,0.0,0.09314305597286308,0.13725187261674618,0.03845215712227656,0.06804125828236629,0.13426000987158176,0.02861849491347185,0.0,0.12771362749887408,0.06598334735281881,0.037626898527496656,0.0635450569221169,0.04768101670095359,0.033860370174426314,0.05565223534348388,0.06863134309853595,0.0,0.026312045015191295,0.041127017906690405,0.0,0.052100721075420256,0.0,0.0,0.0,0.021569126175125804,0.029504153633611516,0.05006849379258267,0.035610902760624896,0.12868278601206615,0.09716215956157401,0.018813449263748328,0.01302766523667931,0.0,0.07523799262394916,0.01435586737597743,0.013220676518081762,0.0355448933865275,0.03626433188327176,0.05543766732597303,0.04208932554689799,0.07717043022587458,0.015081262977591067,0.023958156142081615,0.04078630414241338,0.04562521532745821,0.08554975534267321,0.03234349877685175,0.034088661000864204,0.03751739609855164,0.029054950047326954,0.06020056240411308,0.04471373729082555
33,0.10271308269262036,0.0,0.0,0.0,0.0,0.0,0.0,0.0,0.0,0.0,0.0,0.10983396890415885,0.0,0.0,0.0,0.0,0.0,0.0,0.0,0.10983396890415885,0.0,0.0,0.0,0.0,0.0,0.0,0.0,0.0,0.0,0.0,0.0,0.0,0.0,0.0,0.0,0.0,0.0,0.0,0.0,0.0,0.0,0.0,0.0,0.0,0.10983396890415885,0.10983396890415885,0.0,0.0,0.0,0.0,0.0,0.0,0.0,0.0,0.0,0.0,0.0,0.0,0.0,0.0,0.0,0.0,0.0,0.0,0.0,0.0,0.0,0.0,0.0,0.0,0.0,0.0,0.12970348347942454,0.0,0.0834367821692981,0.0,0.0,0.0,0.0,0.0,0.0,0.0,0.0,0.0,0.0,0.0,0.0,0.0,0.09678188298577928,0.0,0.0,0.0,0.0,0.0,0.0,0.0,0.0,0.0,0.0,0.0,0.0,0.0,0.0,0.0,0.0,0.0,0.0,0.0,0.0,0.0,0.0,0.0,0.0,0.0,0.0,0.0,0.10271308269262036,0.0,0.0,0.0,0.0,0.0,0.0,0.10271308269262036,0.0,0.0,0.0,0.0,0.0,0.0,0.0,0.0,0.0,0.0,0.0,0.0,0.0,0.0,0.22706979712705566,0.07403020608561411,0.26195379684936815,0.0,0.0,0.0,0.0,0.0,0.0,0.0,0.0,0.0,0.0,0.0,0.14806041217122823,0.0,0.0,0.0,0.0,0.0,0.0,0.0,0.0,0.0,0.0,0.0,0.0,0.0,0.0,0.0,0.0,0.0,0.0,0.0,0.0,0.0,0.0,0.0,0.0,0.0,0.0,0.0,0.0,0.0,0.0,0.0,0.0,0.0,0.0,0.0,0.0,0.0,0.09678188298577928,0.0,0.0,0.0,0.0,0.0,0.0,0.0,0.0,0.0,0.0,0.0,0.0,0.0,0.0,0.0,0.0,0.0,0.0,0.07685828061683776,0.0,0.0,0.11597124730334482,0.0,0.0,0.0,0.0,0.0,0.0,0.0,0.1668735643385962,0.0,0.0,0.0,0.0,0.08731793228312272,0.08731793228312272,0.0,0.0,0.07403020608561411,0.0,0.0,0.0,0.0,0.0,0.0,0.0,0.0,0.0,0.0,0.0,0.0,0.0,0.0,0.0,0.0,0.0,0.06907393495244014,0.0,0.0,0.0,0.0,0.0,0.0,0.0,0.0,0.0,0.0,0.0,0.0,0.0,0.07403020608561411,0.0,0.0,0.0,0.0,0.0,0.20064937661191254,0.0,0.0,0.0,0.0,0.0,0.0,0.0,0.0,0.0,0.0,0.0,0.0,0.0,0.0,0.0,0.21434095663746397,0.0,0.0,0.0,0.0,0.06907393495244014,0.4337077566739374,0.0,0.0,0.0,0.0,0.0,0.0,0.05954020013533463,0.0,0.07997500688115317,0.07997500688115317,0.07997500688115317,0.07997500688115317,0.0,0.0,0.0,0.0,0.0,0.0,0.0,0.0,0.0,0.0,0.0,0.0,0.0,0.0,0.0,0.0,0.07685828061683776,0.0,0.06296090929832739,0.0,0.0,0.20565518070866806,0.0,0.0,0.0,0.0,0.05798562365167241,0.0,0.0,0.0,0.06688312553730417,0.0,0.0,0.0,0.041463077257329076,0.0,0.0,0.0,0.0,0.0,0.0,0.0,0.0,0.0,0.0,0.0,0.0,0.07685828061683776,0.0,0.0,0.0,0.0,0.061194840697537244,0.0,0.0,0.0,0.0,0.0,0.0,0.0,0.0,0.046305233249316305,0.0,0.0,0.0,0.0,0.0,0.0,0.0,0.0,0.0,0.0,0.05798562365167241,0.0,0.0,0.0,0.0,0.0,0.0,0.0,0.0,0.0,0.0,0.05798562365167241,0.0,0.0,0.11027787948745979,0.0,0.0,0.0,0.0,0.0,0.0,0.0,0.11597124730334482,0.0,0.05259121389094625,0.055138939743729895,0.0,0.0,0.09447159162563111,0.0,0.055138939743729895,0.0,0.0,0.0,0.18522093299726522,0.0,0.0,0.0,0.04153623172967591,0.0,0.09674680868468724,0.0,0.0,0.06884564406304566,0.1674344633209906,0.0,0.0,0.0,0.0,0.0,0.0,0.0,0.07919156020458226,0.09837659224133688,0.04219279343348942,0.049226677171322675,0.0,0.0,0.0,0.0,0.05392717736781884,0.07919156020458226,0.0,0.03406050473772492,0.0,0.0,0.0,0.0,0.0381857795104104,0.03348689266419812,0.0,0.0,0.0874830629842237,0.05511138591471404,0.035415652899584565,0.08968401235838312,0.0,0.0,0.043676278279249185,0.051709604151565204,0.08266707887207106,0.0,0.0,0.0,0.0,0.0,0.030606861287397584,0.0,0.01786182809580852,0.0660825883189275,0.04022444451177155,0.0506697948799159,0.0,0.04871404596959069,0.07524879333200118,0.02367299419266597,0.022416569742159158,0.020272207128906126,0.04153623172967591,0.05681692213043488,0.06427880739161575,0.051432636763725226,0.06195195363989175,0.03301900903447031,0.03622955245886281,0.0,0.022416569742159158,0.012073981235688497,0.0,0.05091880672582936,0.04278108314756576,0.008729396826252423,0.042703107727374,0.04052625880778238,0.059443648231558774,0.04356357522743392,0.06920527405145024,0.07199798387563738,0.05020667043574411,0.021966054217058106,0.04282074741228955,0.06564542815457859,0.05057376325372039,0.01958315765281632,0.04576176364501199,0.043053208056091974
34,0.0,0.0,0.0,0.0,0.0,0.0,0.0,0.0,0.0,0.0,0.0,0.0,0.0,0.0,0.09997530052872826,0.0,0.0,0.0,0.0,0.0,0.0,0.0,0.0,0.0,0.0,0.0,0.0,0.0,0.0,0.0,0.0,0.09997530052872826,0.0,0.0,0.0,0.0,0.09997530052872826,0.0,0.0,0.09997530052872826,0.0,0.0,0.09997530052872826,0.0,0.0,0.0,0.0,0.0,0.0,0.0,0.09997530052872826,0.0,0.0,0.0,0.0,0.0,0.0,0.0,0.0,0.0,0.0,0.0,0.3037900735356112,0.0,0.0,0.0,0.0,0.0,0.0,0.0,0.0,0.0794802974767289,0.2951533316572021,0.0,0.0,0.0,0.0,0.0,0.0,0.0,0.0,0.0,0.0,0.08348650188458227,0.0,0.0,0.0,0.0,0.17618953286997394,0.0,0.0,0.0,0.0,0.0,0.08809476643498697,0.0,0.0,0.0,0.0,0.05570200777213542,0.0,0.04055971800090912,0.0,0.0,0.0,0.0,0.0,0.0,0.0,0.0,0.0,0.0,0.0,0.0,0.0,0.0,0.0,0.09349358320454913,0.0,0.0,0.0,0.09349358320454913,0.0,0.0,0.0,0.0,0.0,0.0,0.0,0.0,0.0,0.0,0.0,0.0,0.0,0.0,0.0,0.07279647114188595,0.0,0.0,0.0,0.0,0.13477054822759324,0.22923821806548372,0.22923821806548372,0.0,0.0,0.06503392277527653,0.0,0.0,0.0,0.0,0.0,0.0,0.0,0.0,0.0794802974767289,0.0,0.0,0.1589605949534578,0.0,0.0,0.0,0.0,0.0,0.08348650188458227,0.0,0.0,0.0,0.0,0.0,0.0,0.0,0.0,0.0,0.0,0.0,0.0,0.0,0.0,0.0,0.0,0.0,0.0,0.0,0.0,0.0,0.0,0.0,0.0,0.0,0.08809476643498697,0.0,0.0,0.0,0.0,0.0,0.0,0.0,0.0,0.0,0.0,0.0,0.0,0.07279647114188595,0.0,0.0,0.1719286635491128,0.0,0.0,0.0,0.0,0.0,0.07279647114188595,0.0,0.0,0.0,0.0,0.0759475183839028,0.0,0.0,0.0,0.0,0.0,0.0,0.0,0.0,0.0794802974767289,0.0,0.0,0.06738527411379662,0.0,0.0,0.0,0.13006784555055306,0.0,0.0,0.05419588731483338,0.0,0.0,0.0,0.0,0.0,0.0,0.0,0.0,0.0,0.0628738765836454,0.0,0.0,0.0,0.06738527411379662,0.0,0.0,0.0,0.0,0.0,0.0,0.11806133266288084,0.06995950141339866,0.0,0.06738527411379662,0.0,0.0,0.0,0.0,0.0,0.0,0.0,0.0,0.0,0.0,0.0,0.10556169842100961,0.10556169842100961,0.0,0.0,0.0,0.0,0.0794802974767289,0.0,0.0,0.0,0.06503392277527653,0.0,0.0,0.06995950141339866,0.0,0.1257477531672908,0.0,0.0,0.06738527411379662,0.06738527411379662,0.0,0.0,0.0,0.0,0.0,0.0,0.0,0.1455929422837719,0.0,0.0,0.0,0.0,0.052780849210504806,0.0,0.0,0.0,0.0759475183839028,0.0,0.03840557930980799,0.0,0.0,0.0,0.0,0.0,0.0,0.0,0.0,0.0,0.10289601866710718,0.0,0.14039671903266135,0.0,0.0,0.0,0.0,0.10556169842100961,0.0,0.0,0.050189682906980004,0.0,0.0,0.0628738765836454,0.0,0.0,0.0,0.0,0.09799835911187005,0.0,0.0,0.05570200777213542,0.0,0.0,0.0,0.0,0.05730955451637093,0.0,0.0,0.0,0.0,0.0,0.06995950141339866,0.0,0.05144800933355359,0.0,0.0,0.06503392277527653,0.0,0.0,0.04388135533524289,0.0,0.0,0.08961620695921735,0.0,0.0,0.0,0.050189682906980004,0.0,0.0,0.0,0.0,0.05419588731483338,0.0,0.04787064026162941,0.0,0.020225819295667854,0.0,0.0,0.0,0.10742910734067297,0.04787064026162941,0.0,0.0,0.0,0.0,0.0,0.0,0.0,0.0,0.0,0.05730955451637093,0.050189682906980004,0.044773167502041356,0.03475823391038798,0.052780849210504806,0.0,0.0,0.050189682906980004,0.08961620695921735,0.025646338904186813,0.0,0.0,0.0,0.0,0.028915115806643053,0.0,0.04214888760136544,0.0,0.0,0.0,0.0,0.0,0.01761256807880088,0.0,0.08776271067048579,0.06266607702488504,0.12192447168317547,0.08599184622419787,0.14699753866780507,0.0,0.0,0.03648437436462996,0.0,0.0,0.0,0.0,0.0,0.044808103479608674,0.0,0.022606788234905934,0.025858525016355365,0.07681115861961597,0.0,0.04805556428965092,0.04388135533524289,0.0,0.0,0.0,0.02428273786394509,0.0,0.0,0.12192447168317547,0.0,0.0,0.05308707072613887,0.0,0.09671025942293046,0.0,0.03007314686667147,0.03370088426283402,0.0,0.0,0.0,0.05308707072613887,0.0,0.0,0.0,0.0,0.16715758445106,0.0,0.0,0.04010068829535452,0.0,0.09224337463884173,0.0,0.0,0.0,0.043096224828073265,0.020404464294203423,0.03690515821861147,0.0,0.025858525016355365,0.014627289605214505,0.031210704476592008,0.028195581227218564,0.010018410467841361,0.0,0.011417924798344371,0.020404464294203423,0.04396089532809286,0.012582009986902041,0.011587086981763126,0.054517490009819994,0.01589169689207265,0.009717521981474209,0.05533294859555489,0.04058100141355086,0.006608886681297701,0.041995617812943954,0.047662155373711046,0.022850066402227014,0.02999158038753486,0.03897716830340554,0.032864211413500065,0.03507373368908382,0.025464826477579354,0.041654199686864554,0.04114820150753209
35,0.0,0.10219857592886628,0.0,0.0,0.0,0.0,0.0,0.07957439888757582,0.0,0.0,0.0,0.0,0.0,0.0,0.0,0.0,0.0,0.0,0.0,0.0,0.0,0.0,0.0,0.0,0.0,0.0,0.0,0.0,0.0,0.0,0.0,0.0,0.0,0.0,0.0,0.0,0.0,0.0,0.0,0.0,0.0,0.0,0.0,0.0,0.1092837924474726,0.0,0.0,0.0,0.0,0.0,0.0,0.1092837924474726,0.0,0.0,0.0,0.0,0.1092837924474726,0.0,0.0,0.0,0.0,0.0,0.0,0.0,0.0,0.0,0.0,0.0,0.0,0.0,0.0,0.0,0.0,0.0,0.16603766714523768,0.0,0.0,0.0,0.0,0.0,0.0,0.09125975611844733,0.0,0.0,0.0,0.0,0.0,0.0,0.0,0.0,0.0,0.0,0.0,0.0,0.0,0.0,0.0,0.0,0.0,0.0,0.0,0.0,0.0,0.0,0.0,0.0,0.0,0.10219857592886628,0.10219857592886628,0.0,0.0,0.0,0.0,0.0,0.0,0.0,0.0,0.0,0.10219857592886628,0.0,0.0,0.0,0.0,0.10219857592886628,0.0,0.0,0.0,0.0,0.0,0.0,0.0,0.0,0.0,0.0,0.0,0.0,0.0,0.0,0.0,0.0,0.0,0.0,0.0,0.18793658317309586,0.18793658317309586,0.0,0.0,0.0,0.0,0.0,0.0,0.0,0.0,0.0,0.0,0.0,0.0,0.0,0.08688054236570457,0.0,0.0,0.08688054236570457,0.0,0.21326728745094445,0.0,0.0,0.18251951223689467,0.0,0.0,0.0,0.0,0.0,0.0,0.0,0.0,0.0,0.0,0.05356139106727187,0.0,0.0,0.0,0.0,0.0,0.0,0.0,0.0,0.0,0.0,0.0,0.0,0.0,0.0,0.0,0.0,0.0,0.0,0.0,0.0,0.0,0.0,0.0,0.0,0.0,0.0,0.07957439888757582,0.0,0.0,0.12529105544873056,0.0,0.0,0.0,0.0,0.0,0.0,0.0,0.0,0.07957439888757582,0.0,0.0,0.16603766714523768,0.08301883357261884,0.0,0.0,0.0,0.0,0.0,0.0,0.0,0.08688054236570457,0.0,0.07365937657923911,0.0,0.0,0.0,0.14217819163396295,0.0,0.15346876500423823,0.0,0.09125975611844733,0.0,0.0,0.0,0.0,0.0,0.0,0.0,0.0,0.06872793222522676,0.0,0.0,0.07957439888757582,0.0,0.0,0.0,0.0,0.0,0.0,0.0,0.12905377734868423,0.0,0.0,0.0,0.0,0.0,0.0,0.0,0.0,0.0,0.0,0.0,0.0,0.0,0.0,0.17308549231111364,0.17308549231111364,0.0,0.0,0.0,0.0,0.0,0.18793658317309586,0.0,0.0,0.0,0.0,0.0,0.0,0.0,0.0,0.0,0.0,0.0,0.07365937657923911,0.0,0.0,0.0,0.0,0.0,0.0,0.0,0.0,0.0,0.0,0.0,0.0,0.0,0.0,0.0,0.0,0.0,0.0,0.0,0.0,0.06452688867434211,0.0,0.0,0.0,0.0,0.0,0.0,0.06264552772436528,0.0,0.0,0.0,0.0,0.06872793222522676,0.06452688867434211,0.06264552772436528,0.0,0.0,0.09796018526042474,0.2194509588189637,0.0,0.0,0.0,0.0,0.0,0.06264552772436528,0.0,0.10712278213454374,0.0,0.07365937657923911,0.0,0.0,0.0,0.06452688867434211,0.0,0.0,0.0,0.0,0.07647328481891966,0.07647328481891966,0.0,0.0,0.0,0.0,0.18074589366411029,0.0,0.0,0.0,0.0,0.0,0.0,0.09214656540483951,0.04898009263021237,0.0,0.0,0.0,0.0,0.0,0.0,0.0,0.0,0.0,0.0,0.052327775830753806,0.0,0.0,0.0,0.0,0.0,0.26422111728125236,0.0,0.0,0.0,0.0,0.0,0.0,0.0,0.0,0.05623822628298154,0.046073282702419754,0.0,0.054862739704740926,0.0,0.0759890012916146,0.11539032820740908,0.0,0.0,0.0,0.0,0.056068432163148524,0.0,0.05769516410370454,0.0,0.0,0.06321468398086566,0.0,0.0,0.0,0.023122038919838477,0.06321468398086566,0.0,0.05004183898998891,0.0,0.0,0.0,0.13700156976506334,0.0,0.0,0.0,0.0,0.052327775830753806,0.039881358441072046,0.0,0.0,0.0,0.04894190383656809,0.0,0.0,0.0,0.04942331836566979,0.05653231680105069,0.04198144277557786,0.0,0.10505983549941508,0.04796705689714301,0.0,0.0,0.0,0.053087305979484536,0.0,0.0,0.06663830259686539,0.0,0.0,0.02901494863330049,0.0,0.10571475016751526,0.0,0.06574638981905928,0.0,0.0,0.025725291109946608,0.027417661948698473,0.0,0.0,0.03160734199043283,0.0,0.0,0.06090709294716,0.03243958795552144,0.10663413152581763,0.043834379826755636,0.0,0.05041598152430115,0.0,0.0,0.07487185972122144,0.0,0.06691284434665429,0.0,0.061992254846362255,0.0,0.0,0.10235000441471559,0.030820813045575997,0.0,0.03604807265805056,0.012481023985364853,0.0,0.012013500673248441,0.0825209683217016,0.03799780952162108,0.07662021416909127,0.07817102854635222,0.031866900615778196,0.040323256096544004,0.0739323564976384,0.050569584447129036,0.0688586134250383,0.0065124849186663485,0.07493276542022642,0.016392016972738288,0.046479546795685264,0.045721619568180424,0.02635832096666075,0.038970124775587124,0.033390525979767674,0.02784440583567108
36,0.0,0.0,0.0,0.0,0.0,0.05796224812047835,0.0,0.06710970202398475,0.0,0.0,0.0,0.0,0.0,0.0,0.0,0.0,0.0,0.0,0.0,0.0,0.0,0.0,0.09216535531185721,0.0,0.0,0.0,0.0,0.0,0.0,0.0,0.0,0.0,0.0,0.0,0.0,0.09216535531185721,0.0,0.0,0.0,0.0,0.0,0.0,0.0,0.0,0.0,0.0,0.0,0.0,0.0,0.0,0.0,0.0,0.0,0.0,0.0,0.0,0.0,0.0,0.0,0.0,0.0,0.0,0.0,0.0,0.0,0.0,0.0,0.0,0.0,0.073271396219808,0.0,0.0,0.0,0.0,0.0,0.0,0.0,0.0,0.0,0.0,0.0,0.0,0.0,0.0,0.0,0.0,0.0,0.0,0.0,0.0,0.0,0.0,0.08121291365623393,0.0,0.0,0.0,0.0,0.0,0.0,0.10270127342958033,0.0,0.0,0.0,0.2398142168398837,0.0,0.0,0.0,0.0,0.0,0.0,0.0,0.08618998162400991,0.0,0.0,0.0,0.0,0.0,0.0,0.0,0.0,0.0,0.0,0.0,0.0,0.0,0.0,0.0,0.0,0.0,0.08618998162400991,0.0,0.0,0.0,0.0,0.268438808095939,0.0,0.0,0.0,0.0,0.0,0.0,0.0,0.0,0.052832603921483486,0.052832603921483486,0.0,0.0,0.0,0.0,0.0,0.0,0.0,0.0,0.0,0.0,0.0,0.0,0.0,0.146542792439616,0.0,0.146542792439616,0.146542792439616,0.0,0.05995355420997092,0.0,0.0,0.07696464095874862,0.0,0.0,0.0,0.0,0.0,0.0,0.0,0.0,0.0,0.0,0.0,0.0,0.0,0.0,0.0,0.0,0.08121291365623393,0.0,0.08121291365623393,0.0,0.0,0.0,0.0,0.0,0.0,0.0,0.0,0.0,0.0,0.08121291365623393,0.0,0.0,0.0,0.0700145934034458,0.0,0.0,0.0,0.20132910607195426,0.20132910607195426,0.0,0.0,0.0,0.0,0.0,0.0,0.0,0.0,0.0,0.0,0.0,0.0,0.0,0.0,0.0,0.0,0.0,0.0,0.0,0.0,0.0,0.0,0.0,0.0,0.0,0.0,0.0,0.0,0.0,0.0,0.0,0.0,0.0,0.0,0.0,0.07696464095874862,0.0,0.07696464095874862,0.07696464095874862,0.0,0.21767705855185793,0.05796224812047835,0.05796224812047835,0.0,0.0,0.062121220927966354,0.0,0.0,0.05135063671479016,0.0,0.05995355420997092,0.05995355420997092,0.10883852927592896,0.0,0.0,0.0,0.0,0.0,0.06710970202398475,0.0,0.0,0.0,0.0,0.0,0.0,0.0,0.10270127342958033,0.09731535080006853,0.09731535080006853,0.05796224812047835,0.073271396219808,0.0,0.073271396219808,0.0,0.052832603921483486,0.0,0.0,0.0,0.0,0.0,0.0,0.0,0.0,0.1654266720370629,0.25885820649363184,0.0,0.062121220927966354,0.0,0.06449435281620837,0.0,0.0,0.04996217250057346,0.0,0.0,0.0,0.0,0.06710970202398475,0.0,0.0,0.0,0.0,0.0,0.0,0.0,0.0,0.03540538357300591,0.0,0.05441926463796448,0.0,0.0,0.09485791060867402,0.0,0.0,0.12898870563241674,0.0,0.0,0.0,0.0,0.0,0.0,0.05441926463796448,0.0,0.0,0.0,0.0,0.0,0.0,0.0,0.0,0.0,0.0,0.052832603921483486,0.0,0.0451714250407734,0.06309515652410198,0.0,0.05135063671479016,0.0,0.0,0.0,0.052832603921483486,0.0,0.0,0.06449435281620837,0.0,0.06449435281620837,0.0,0.0,0.0,0.04742895530433701,0.07621674329575824,0.0,0.0,0.0,0.0,0.0,0.0,0.038856269310869496,0.12392325172941789,0.0,0.0,0.0,0.23134463880816408,0.0,0.0,0.0,0.0,0.0,0.0,0.0,0.0,0.0,0.0,0.0,0.0,0.14855532011194528,0.0,0.0,0.04314303441560531,0.0,0.0,0.0,0.0,0.0,0.0,0.0,0.0,0.0,0.18573994689165493,0.032042964226379235,0.0,0.0,0.0,0.0,0.0,0.0472857580832871,0.0,0.0,0.0,0.02647201226190518,0.053312606375951165,0.04045339883600917,0.07771253862173899,0.0,0.01950015537396176,0.10662521275190233,0.0,0.04220318281128376,0.0,0.0,0.0,0.11554136320578683,0.028099971179034587,0.0,0.0451714250407734,0.0,0.0,0.0,0.05023419038391553,0.0,0.0,0.061913315630551656,0.03540538357300591,0.04130775057647263,0.04220318281128376,0.0,0.059596223601451004,0.07081076714601182,0.0,0.06645228572523423,0.0,0.057162616494226465,0.0,0.0,0.04477160161238191,0.032042964226379235,0.0,0.056199942358069174,0.0,0.0,0.0,0.04624580642251719,0.08915537512642929,0.012542808852417472,0.027723870312507667,0.0,0.0,0.04339125761560308,0.09249161284503438,0.07340996291180425,0.0,0.0,0.0,0.0513425393336233,0.12841620282315563,0.08207455332028117,0.0,0.0,0.0,0.0,0.01661471117365504,0.0,0.0,0.019864800870179396,0.09405246554287525,0.01701108674877769,0.0,0.0953539577623216,0.09439236847591656,0.0,0.0,0.01847156958859655,0.0,0.010525970818773201,0.0,0.03039504394820584,0.011599119130899137,0.0,0.06461826685195907,0.0073251287208951,0.0,0.017003469326228253,0.012470288142540252,0.024370434936480074,0.0,0.021969423756244357,0.021065047844048456,0.009216225234841814,0.03919889536426403,0.044068218754765506,0.024250363168243035,0.028170655366059887,0.015360090318579244,0.04335286349818628
37,0.0,0.0,0.0,0.0,0.16296151537251288,0.0,0.0,0.0,0.0,0.0,0.0,0.0,0.0,0.0,0.0,0.0,0.0,0.0,0.0,0.0,0.0,0.0,0.0,0.0,0.0,0.0,0.0,0.0,0.0,0.0,0.0,0.0,0.0,0.0,0.09757341669739228,0.09757341669739228,0.0,0.0,0.0,0.09757341669739228,0.0,0.0,0.0,0.09757341669739228,0.0,0.0,0.0,0.0,0.0,0.0,0.0,0.0,0.0,0.0,0.0,0.0,0.0,0.0,0.0,0.0,0.10872755943694666,0.0,0.0,0.0,0.0,0.0,0.0,0.0,0.0,0.0,0.0,0.0,0.0,0.0,0.1482457930951853,0.0,0.0,0.0682787403213639,0.0,0.0,0.0,0.16296151537251288,0.0,0.0,0.0,0.0,0.0,0.0,0.08597830973011603,0.0,0.08597830973011603,0.0,0.0,0.0,0.0,0.0,0.0,0.08597830973011603,0.0,0.0,0.0,0.0,0.05593270551820879,0.0,0.09124742115607255,0.0,0.0,0.0,0.0,0.0,0.0,0.0,0.0,0.0,0.0,0.0,0.0,0.0,0.0,0.0,0.0,0.0,0.0,0.0,0.0,0.0,0.0,0.0,0.0,0.0,0.0,0.0,0.0,0.0,0.07104755249808783,0.0,0.0,0.0,0.0,0.0,0.0,0.0,0.0,0.0,0.0,0.07412289654759265,0.0,0.0,0.0,0.0,0.0,0.0,0.0,0.0,0.0,0.0,0.0,0.0,0.0,0.0,0.0,0.0,0.0,0.0,0.0,0.0,0.0,0.0,0.0,0.0,0.0,0.0,0.0,0.0,0.08148075768625644,0.0,0.0,0.0,0.0,0.0,0.0,0.0,0.0,0.08597830973011603,0.08597830973011603,0.08597830973011603,0.08597830973011603,0.0,0.08597830973011603,0.0,0.0,0.0,0.0,0.0,0.0,0.0,0.0,0.26446921731111006,0.0,0.0,0.0,0.07412289654759265,0.0,0.0,0.07104755249808783,0.07104755249808783,0.0,0.05593270551820879,0.0682787403213639,0.0,0.0,0.0,0.0,0.0,0.0,0.07104755249808783,0.0,0.0,0.0,0.0,0.0,0.0,0.0,0.0,0.0,0.0,0.07757080142710941,0.0,0.0,0.0,0.0,0.0,0.0,0.0,0.06347149758849348,0.0,0.0,0.0,0.0,0.0,0.0,0.0,0.0,0.0,0.0,0.0,0.05761246801380963,0.0,0.0,0.0,0.0,0.0,0.0,0.0,0.0,0.0,0.0,0.06347149758849348,0.0,0.0,0.0,0.0,0.0,0.0,0.07104755249808783,0.07104755249808783,0.0,0.05941709239124357,0.0,0.0,0.0,0.0,0.27181889859236663,0.0,0.0,0.0,0.07757080142710941,0.0,0.07757080142710941,0.07757080142710941,0.0,0.0,0.0,0.0,0.0,0.0682787403213639,0.0,0.0,0.0,0.03502670943744215,0.09134914655034634,0.06576635824649636,0.0,0.13153271649299272,0.0,0.0,0.0,0.0,0.0,0.0,0.07104755249808783,0.07104755249808783,0.0,0.0,0.07104755249808783,0.05151280132615297,0.0,0.07412289654759265,0.0,0.07412289654759265,0.0,0.07496578802328929,0.0,0.0,0.0,0.0,0.15063594787129395,0.0,0.0,0.0,0.0,0.0,0.0,0.04567457327517317,0.05941709239124357,0.061363346014784784,0.0,0.0,0.0,0.0,0.08746319799217603,0.0,0.0,0.05941709239124357,0.0,0.0,0.0,0.0,0.0,0.0,0.06679744225237486,0.0,0.0,0.09796777440614995,0.0,0.0,0.11186541103641758,0.0,0.0,0.0682787403213639,0.0,0.0,0.0,0.0682787403213639,0.0,0.050211982623764646,0.0,0.0,0.0,0.06347149758849348,0.10042396524752929,0.0,0.0,0.20568135086914832,0.0,0.0,0.1857994364125683,0.0,0.0,0.052893843462222014,0.04672055902924473,0.0,0.0,0.0,0.05151280132615297,0.0,0.08935914647034054,0.0,0.06479968634668794,0.05761246801380963,0.0,0.026212036874468467,0.09344111805848947,0.08227254034765932,0.0,0.0,0.052893843462222014,0.0,0.0,0.0,0.0,0.0,0.05593270551820879,0.0,0.08739500469485402,0.16961587627481867,0.0,0.0,0.0,0.0,0.043731598996088014,0.1501811487093268,0.0,0.0,0.0,0.0,0.14110218366606525,0.0,0.04113627017382966,0.05436377971847333,0.0,0.02822043673321305,0.036899623013128276,0.0,0.0,0.03046087440806033,0.042827115764874794,0.0,0.0,0.0,0.0478219854239673,0.0,0.0,0.07121569115565189,0.07090909701301956,0.0,0.0,0.0,0.037482894011644646,0.0,0.08935914647034054,0.022063665295012858,0.15142367904415122,0.11244868203493394,0.0,0.023450520149799644,0.0,0.015129198438588419,0.0,0.0,0.14219610369491723,0.0,0.03392317525496374,0.0,0.0,0.072420141365215,0.051811665939599,0.024479704577185568,0.03146227248690935,0.0,0.05870129272140411,0.03289122819193913,0.0,0.0,0.048959409154371136,0.0,0.04369750234742701,0.02822043673321305,0.016092659011135855,0.027177603600348616,0.08157083077277694,0.028963502841440815,0.0,0.0,0.01786713402477986,0.0675204364248676,0.035179252142378464,0.0,0.0,0.0841216956787394,0.05974275505658334,0.10805556058657766,0.018449811506564138,0.11356775928311343,0.0428276169090257,0.03046087440806033,0.013759094404112437,0.00977772043749251,0.03218531802227171,0.03343083526460241,0.0,0.05363093103438423,0.06139865030913154,0.0,0.09881433663342218,0.0,0.0,0.0,0.026404034729785083,0.012900219367178719,0.03074001199288219,0.01744390610373287,0.03345164813963587,0.039028052663539245,0.03458250064528993,0.037906411893177776,0.029952208320399836,0.014911823891800078,0.0433636981587592,0.0382472622243329
38,0.0,0.0,0.0,0.0,0.0,0.0,0.0,0.0,0.0,0.11952634663677311,0.0,0.0,0.11952634663677311,0.0,0.0,0.0,0.0,0.0,0.0,0.0,0.0,0.0,0.0,0.0,0.0,0.0,0.0,0.0,0.0,0.0,0.0,0.0,0.0,0.0,0.0,0.0,0.0,0.0,0.0,0.0,0.0,0.0,0.0,0.0,0.0,0.0,0.0,0.0,0.11952634663677311,0.0,0.0,0.0,0.0,0.0,0.0,0.0,0.0,0.0,0.0,0.0,0.0,0.0,0.0,0.0,0.0,0.0,0.0,0.0,0.0,0.0,0.0,0.0,0.0,0.0,0.0,0.0,0.07775187627021096,0.0,0.0,0.08364069497416368,0.0,0.0,0.0,0.0,0.0,0.0,0.1900467322779887,0.0,0.0,0.0,0.0,0.0,0.0,0.0,0.0,0.0,0.0,0.10532246999115633,0.0,0.0,0.0,0.0,0.0,0.0,0.11177707269016679,0.0,0.0,0.0,0.0,0.0,0.11177707269016679,0.0,0.0,0.0,0.0,0.0,0.0,0.0,0.0,0.0,0.0,0.11177707269016679,0.0,0.0,0.0,0.0,0.0,0.0,0.0,0.0,0.0,0.0,0.0,0.0,0.0,0.0,0.0,0.0,0.0,0.0,0.0,0.0,0.0,0.0,0.0,0.0,0.0,0.0,0.0,0.0,0.0,0.0,0.0,0.0,0.0,0.0,0.0,0.0,0.0,0.0,0.0,0.0,0.0,0.0,0.0,0.0,0.0,0.0,0.0,0.0,0.0,0.0,0.0,0.0,0.0,0.0,0.0,0.0,0.0,0.0,0.0,0.0,0.10532246999115633,0.10532246999115633,0.0,0.0,0.0,0.0,0.10532246999115633,0.0,0.0,0.0,0.0,0.0,0.0,0.0,0.10532246999115633,0.06479436800111284,0.0,0.0,0.0,0.0,0.0,0.0,0.0,0.0,0.0,0.0,0.0,0.0,0.0,0.0,0.0,0.0,0.0,0.0,0.0,0.0,0.0,0.0,0.0,0.06851694010916652,0.0,0.09502336613899436,0.0,0.0,0.0,0.0,0.0,0.0,0.0,0.0,0.0,0.0,0.0,0.0,0.0,0.0,0.0,0.07516941411718994,0.0,0.0,0.0,0.0,0.0,0.0,0.0,0.0,0.0,0.0,0.0,0.0,0.0,0.08056305496801375,0.0,0.0,0.0,0.0,0.0,0.0,0.0,0.322252219872055,0.0,0.0,0.0,0.0,0.08703245899359531,0.0,0.0,0.0,0.0,0.0,0.0,0.1262052135908353,0.1262052135908353,0.0,0.09502336613899436,0.0,0.0,0.0,0.0,0.08056305496801375,0.0,0.0,0.0,0.0,0.0,0.14114926084376117,0.0,0.0,0.0,0.0,0.0,0.08056305496801375,0.0,0.0,0.0,0.0,0.0,0.0,0.0,0.08703245899359531,0.0,0.0,0.0,0.0,0.0,0.0,0.0,0.0,0.06000471521469033,0.0,0.0,0.0,0.0,0.0,0.0,0.0,0.0,0.0,0.0,0.0,0.0,0.0,0.0,0.0,0.0,0.06851694010916652,0.0,0.0,0.0,0.0,0.14557055029302374,0.0,0.0,0.0,0.0,0.0,0.0,0.0,0.0,0.0,0.0,0.0,0.0,0.0,0.0,0.0,0.0,0.0,0.0,0.0,0.0,0.08364069497416368,0.0,0.0,0.0,0.0,0.0,0.0,0.1230182368015431,0.0,0.12872198459799755,0.05039147192508348,0.0,0.0,0.20231309891335955,0.0,0.0,0.06479436800111284,0.0,0.0,0.0,0.0,0.0,0.11446432691625875,0.0,0.0,0.0,0.0,0.09884309400066674,0.0,0.0,0.0,0.0,0.0,0.0,0.0,0.0,0.0,0.06150911840077155,0.0,0.0,0.0,0.0,0.24933306684051976,0.06310260679541765,0.0,0.0,0.0,0.0,0.21463193652132054,0.0,0.06310260679541765,0.0,0.0,0.2074183205253258,0.0,0.0,0.0,0.025289137364169944,0.06913944017510859,0.0,0.0,0.08422744042647182,0.0,0.0,0.0,0.0,0.0,0.0,0.0,0.05723216345812938,0.0,0.13029427885410816,0.0,0.0,0.026764476378530647,0.0,0.0,0.0,0.0,0.21640770328194117,0.09183225378854651,0.0,0.0,0.0,0.018533099261200465,0.08723842697285927,0.03329226113672514,0.20322008031046043,0.0,0.0,0.0,0.0246122123865123,0.08871386503916635,0.0,0.029987364939088802,0.03854093271032744,0.0,0.0,0.0,0.023765261464625223,0.11254551086401239,0.0,0.03173435630593588,0.0,0.1037091602626629,0.07885331084542502,0.0,0.016653892908547137,0.07095993555658156,0.05831417396222005,0.0,0.0,0.0,0.021547095655331035,0.0,0.08188917732407565,0.051524069248047887,0.0,0.06618342796561767,0.06780243964467977,0.0,0.0349755685346891,0.0186571156191476,0.11798315975529292,0.02994399606692323,0.09856663855678126,0.027301600097263092,0.024394736092499168,0.039418375231129954,0.03008506459352225,0.08311826027637816,0.0372450645264732,0.018999457479225924,0.06970721136113339,0.04410252771961116,0.016172323951253176,0.0948157486308272,0.07531234332963552,0.042737180642559595,0.07512614209019454,0.05378504512554634,0.021181588692926363,0.03571917813317972,0.04193270966525022,0.057844923245683355,0.043160037660065396,0.049195092896527785
39,0.0,0.0,0.0,0.0,0.0,0.0,0.0,0.0,0.0,0.0,0.0,0.0,0.10909844482142697,0.0,0.0,0.0,0.0,0.0,0.0,0.0,0.0,0.0,0.0,0.0,0.10909844482142697,0.0,0.10909844482142697,0.0,0.0,0.0,0.0,0.0,0.0,0.0,0.0,0.0,0.10909844482142697,0.0,0.0,0.0,0.0,0.10909844482142697,0.0,0.10909844482142697,0.0,0.0,0.10909844482142697,0.0,0.0,0.0,0.0,0.0,0.0,0.10909844482142697,0.0,0.0,0.10909844482142697,0.0,0.0,0.0,0.0,0.0,0.0,0.0,0.0,0.0,0.0,0.0,0.0,0.0,0.0,0.0,0.0,0.0,0.0,0.0,0.0,0.0,0.0,0.0,0.0,0.0,0.0,0.0,0.1822099552793396,0.0,0.0,0.0,0.0,0.0,0.0,0.0,0.0,0.0,0.0,0.0961337646812291,0.0,0.0,0.0,0.0,0.0,0.0,0.0,0.0,0.0,0.0,0.0,0.0,0.10202524498006373,0.0,0.0,0.0,0.0,0.10202524498006373,0.0,0.0,0.0,0.0,0.0,0.0,0.0,0.0,0.0,0.0,0.0,0.0,0.0,0.0,0.0,0.0,0.0,0.0,0.10202524498006373,0.0,0.0,0.0,0.0,0.0,0.0,0.0,0.0,0.0,0.0,0.0,0.0,0.1657560637459567,0.0,0.0,0.0,0.0,0.0,0.0,0.0,0.0,0.0,0.0,0.0,0.0,0.0,0.08673319112618037,0.0,0.0,0.0,0.0,0.0,0.0911049776396698,0.0,0.0,0.0,0.0,0.0,0.0,0.0,0.0,0.0,0.0,0.0,0.0,0.0,0.0,0.0,0.0,0.0,0.0,0.0961337646812291,0.0,0.0,0.0,0.0,0.0,0.0,0.0,0.0,0.0,0.0,0.0,0.0961337646812291,0.2957073892499374,0.0,0.0,0.0,0.0,0.0,0.0,0.0,0.0,0.0,0.0,0.07634358450856565,0.0,0.0,0.0,0.0,0.0,0.0,0.0,0.0,0.0,0.0,0.0,0.08287803187297835,0.0,0.0,0.0,0.08673319112618037,0.0,0.0,0.0,0.0,0.07353444871684336,0.0,0.0,0.0,0.0,0.0,0.0,0.0,0.0,0.0,0.0,0.0,0.0,0.0,0.0911049776396698,0.0911049776396698,0.0,0.0,0.0,0.0,0.0,0.0,0.14706889743368673,0.0,0.0,0.0,0.0,0.0,0.0,0.0,0.0,0.0,0.0,0.0,0.0,0.0,0.0,0.0,0.0,0.0,0.0,0.0,0.0,0.0,0.0,0.0,0.0,0.08673319112618037,0.0,0.0,0.0,0.0,0.0,0.0,0.0,0.0,0.0,0.07634358450856565,0.0,0.0,0.0,0.10213898581942099,0.0,0.0,0.0,0.0,0.06253927958284267,0.0,0.0,0.0,0.07943943902209614,0.0,0.0,0.1588788780441923,0.0,0.0,0.0,0.0,0.0,0.08287803187297835,0.0,0.0,0.0,0.0,0.0,0.0,0.0,0.0,0.0,0.0,0.0,0.0,0.0,0.0,0.0,0.0,0.0,0.0,0.187617838748528,0.0,0.12157007559331647,0.0,0.0,0.0,0.0664352299540717,0.0,0.11519462376741034,0.0,0.0,0.0,0.0,0.0,0.0,0.0,0.0,0.06441744970481103,0.12883489940962206,0.0,0.0,0.0,0.0,0.07634358450856565,0.0,0.0,0.0,0.0,0.0,0.09021967240060529,0.0,0.0,0.0,0.16842853518112916,0.0,0.03916394091936176,0.04599514143936716,0.0,0.0,0.2539110579745027,0.0,0.0,0.0,0.0,0.10953938267299605,0.0,0.0,0.0,0.0,0.0,0.0,0.0,0.0,0.04510983620030264,0.0,0.0,0.0,0.0,0.0,0.0,0.0,0.054769691336498026,0.0,0.05614284506037639,0.0,0.06253927958284267,0.0,0.1465766919939891,0.15172024467275497,0.0,0.0,0.0,0.0,0.09779404271194264,0.13993334728741488,0.0938389446270027,0.0,0.054769691336498026,0.0,0.12621494107656056,0.09577140750591201,0.09199028287873431,0.0,0.0,0.03155373526914014,0.0,0.0,0.0,0.0,0.0,0.03419230305044266,0.0,0.0,0.0,0.0,0.052239026814918356,0.03981371881267901,0.09910578707882428,0.10694109962774763,0.0,0.0,0.04191024135968479,0.09779404271194264,0.0,0.0,0.141091091986749,0.0,0.0,0.0,0.0,0.0,0.0,0.0,0.13249317196108498,0.0,0.0,0.0,0.04492991161426576,0.04048707662454956,0.0,0.0,0.0,0.0,0.0,0.03677622415474087,0.08676758353350426,0.025681660471498065,0.05474232202694382,0.02896573866603473,0.02442944866566485,0.06310747053828028,0.01799346718175716,0.09116317908493896,0.015200948306957602,0.03238456972744938,0.12419549074426782,0.0,0.07991014772250285,0.02516523747604559,0.019667250715516435,0.0,0.07474487546174288,0.023514463480238817,0.0,0.0,0.02062903822315787,0.0423273275960247,0.14365879227146386,0.051088208319997296,0.015384270147014163,0.0,0.01799346718175716,0.012459855904403369,0.02226645291526033,0.07195875313034392,0.02746033700402294,0.03793336443207908,0.0,0.02601281627556241,0.053021422795934726,0.06038230050055535,0.0,0.01442394781745984,0.011456971293101154,0.032507198031720926,0.06857187137477663,0.049092647294568005,0.030933811000085305,0.05216465683799985,0.040666498530446064,0.05279832726835227,0.03939460311170167,0.04062664934936496
40,0.0,0.10661433628836231,0.0,0.0,0.0,0.0,0.0,0.0,0.0,0.0,0.0,0.0,0.0,0.0,0.0,0.0,0.0,0.0,0.0,0.0,0.0,0.11400568836665673,0.0,0.0,0.0,0.0,0.0,0.11400568836665673,0.11400568836665673,0.11400568836665673,0.0,0.0,0.0,0.0,0.0,0.0,0.11400568836665673,0.0,0.0,0.0,0.0,0.0,0.0,0.0,0.0,0.0,0.0,0.0,0.0,0.0,0.0,0.0,0.0,0.11400568836665673,0.0,0.0,0.0,0.0,0.0,0.0,0.06351914628796107,0.0,0.0,0.0,0.0,0.0,0.0,0.09520287577371146,0.0,0.0,0.0,0.0,0.0,0.0,0.0,0.0,0.0,0.0,0.0,0.0,0.0,0.0,0.0,0.09520287577371146,0.0,0.0,0.0,0.0,0.0,0.0,0.0,0.0,0.0,0.0,0.0,0.0,0.10045785744884614,0.0,0.0,0.0,0.03902337666790713,0.0,0.0,0.29664275451910793,0.0,0.0,0.0,0.0,0.0,0.0,0.10661433628836231,0.0,0.0,0.0,0.0,0.0,0.0,0.0,0.0,0.0,0.0,0.0,0.0,0.0,0.0,0.0,0.0,0.0,0.0,0.0,0.0,0.0,0.0,0.0,0.0,0.0,0.0,0.0,0.0,0.0768420251851276,0.0,0.0,0.0,0.0,0.0,0.0866058823259863,0.0,0.0,0.0,0.0,0.0,0.0,0.0,0.0,0.0,0.0,0.0,0.0,0.0,0.0,0.0,0.0,0.0,0.0,0.0,0.09520287577371146,0.0,0.0,0.09520287577371146,0.09520287577371146,0.0,0.0,0.0,0.0,0.0,0.0,0.0,0.0,0.0,0.0,0.0,0.0,0.0,0.0,0.10045785744884614,0.0,0.10045785744884614,0.0,0.0,0.0,0.0,0.0,0.0,0.0,0.0,0.0,0.0,0.0,0.0,0.0,0.0,0.0,0.0,0.0,0.0,0.0,0.0,0.0,0.15955503157763928,0.0,0.0,0.0,0.0,0.0,0.0,0.0,0.0,0.0,0.0,0.0,0.0,0.0,0.0,0.0,0.09063444648328273,0.09063444648328273,0.0,0.0,0.09063444648328273,0.0,0.0,0.0,0.0,0.0,0.0,0.0,0.05336659659298971,0.0,0.0,0.0,0.09520287577371146,0.0,0.0,0.0,0.0,0.0,0.0,0.0,0.0,0.0,0.0,0.1536840503702552,0.0,0.0,0.0,0.0,0.0,0.14832137725955397,0.0,0.0,0.0,0.0,0.0,0.0,0.08301262171059302,0.0,0.0,0.0,0.0,0.0,0.0,0.0,0.12703829257592214,0.0,0.0,0.0,0.0,0.09063444648328273,0.09063444648328273,0.0,0.0,0.0,0.0,0.0,0.0,0.0,0.0,0.06731494393382145,0.0,0.04092553336549489,0.05336659659298971,0.0,0.0,0.1536840503702552,0.0,0.0,0.0,0.0,0.08301262171059302,0.0,0.0,0.0,0.0,0.0,0.0,0.0,0.0,0.0866058823259863,0.0,0.0,0.0,0.0,0.0,0.0,0.0,0.0,0.11733629582799851,0.07977751578881964,0.07977751578881964,0.0,0.0,0.058668147913999255,0.06351914628796107,0.0,0.0,0.0,0.0,0.0,0.0,0.0,0.051096407358428124,0.0,0.0,0.0,0.0,0.0,0.0,0.0,0.06535229379728498,0.0,0.03902337666790713,0.0,0.0,0.05723322979229524,0.06731494393382145,0.06731494393382145,0.0,0.0,0.0,0.0,0.0,0.0,0.0,0.0,0.0,0.0,0.04713887477076658,0.0,0.0,0.0,0.0,0.0,0.08185106673098978,0.0,0.0,0.0,0.0482421757968151,0.0,0.05723322979229524,0.06180165908272399,0.0,0.11446645958459048,0.0,0.0,0.0,0.0,0.0,0.0,0.07571255673877661,0.0,0.0,0.0,0.0,0.24032000501472436,0.05336659659298971,0.12037607319002185,0.06180165908272399,0.08607585998547454,0.0,0.1248136147249055,0.0,0.0,0.06535229379728498,0.0,0.07658485277509744,0.07927230750808045,0.0,0.0,0.0,0.11446645958459048,0.051096407358428124,0.05849101738916431,0.0,0.0,0.0,0.0,0.06594604195844714,0.0,0.04806400100294487,0.12703829257592214,0.0,0.09891906293767072,0.0,0.10440805856786549,0.0,0.0,0.0,0.0,0.0,0.0,0.0,0.0,0.0,0.04160453824163517,0.04142542451648815,0.0,0.0,0.05105656851673162,0.08759072457255028,0.0,0.0,0.12889695959148884,0.058974945392414865,0.0,0.02798772109771308,0.0,0.0,0.0,0.0,0.0,0.05538108374699286,0.0,0.039636153754040226,0.06951758709135927,0.0,0.0,0.0,0.05720462941232691,0.07352162410328482,0.0,0.03429356842894663,0.0,0.02266759646491714,0.0,0.0,0.0,0.15316970555019488,0.06594604195844714,0.05640843777883583,0.03175456503919555,0.047654059003239956,0.0,0.018540256970286297,0.0,0.020876125717229094,0.02629716881906914,0.12331129704582418,0.07584645805799327,0.05207126458336971,0.0982885723082546,0.18614397638705418,0.08416874857573783,0.0,0.14743736348103717,0.06672024836381395,0.0,0.016076253983269354,0.005712189789305867,0.0,0.1432232967959833,0.023267997048381773,0.06266287906348446,0.04304325274363334,0.01321320186620134,0.017762398580225523,0.018121914452003982,0.011081264840986798,0.021032764628300574,0.04627607995467545,0.015072736394967218,0.011972305388999387,0.06793874091502562,0.03257101423592545,0.05130083254366878,0.04444716724543271,0.07835959261501066,0.03249669337804917,0.049365489233967816,0.047499889308145485,0.07150153155420469
41,0.0,0.0,0.0,0.0,0.0,0.05847579578446111,0.0,0.0,0.0,0.0929819437716796,0.0,0.0929819437716796,0.0,0.0,0.0,0.0,0.0929819437716796,0.0,0.0,0.0,0.0,0.0,0.0,0.0,0.0,0.0,0.0,0.0,0.0,0.0,0.0,0.0,0.0,0.0,0.0,0.0,0.0,0.0,0.0,0.0,0.0,0.0,0.0,0.0929819437716796,0.0,0.0,0.0,0.0,0.0,0.0,0.0,0.0,0.0,0.0,0.0,0.0,0.0,0.0,0.0,0.0,0.20722242102788466,0.0,0.0,0.0,0.0,0.0,0.0,0.0,0.0,0.0,0.0,0.0,0.0,0.0,0.0,0.0,0.0,0.0,0.3253288758479974,0.0,0.0,0.0,0.0,0.15529310105341074,0.0,0.0,0.0,0.0,0.0,0.0,0.0,0.0,0.0,0.0,0.0,0.0,0.0,0.0,0.0,0.0,0.0,0.0,0.0,0.0,0.0,0.0,0.0,0.0,0.0,0.0,0.0,0.0,0.0,0.0,0.08695362805176275,0.0,0.0,0.0,0.0,0.0,0.08695362805176275,0.0,0.0,0.0,0.0,0.0,0.0,0.0,0.0,0.0,0.0,0.0,0.0,0.0,0.0,0.0,0.04667887217437512,0.20311288940451377,0.0,0.0,0.0,0.0,0.12534323448995902,0.0,0.0,0.0,0.0,0.0,0.0,0.0,0.0,0.0,0.0,0.0,0.0,0.0,0.0,0.0,0.0739205835026619,0.0,0.0,0.0,0.0,0.0,0.0,0.0,0.0,0.0,0.0,0.0,0.0,0.0,0.0,0.0,0.0,0.0,0.0,0.0,0.0,0.05847579578446111,0.0,0.0,0.0,0.0,0.08193246307755213,0.0,0.08193246307755213,0.0,0.0,0.0,0.08193246307755213,0.0,0.0,0.0,0.0,0.0,0.0,0.050404839198418594,0.0,0.0,0.0,0.0,0.0,0.0,0.0,0.06770429646817125,0.0,0.0,0.0,0.0,0.0,0.0,0.0,0.0,0.0,0.0,0.0,0.0,0.07063492529278705,0.07063492529278705,0.0,0.0,0.0,0.0,0.0739205835026619,0.0,0.0,0.0739205835026619,0.0,0.0,0.0,0.0,0.0,0.0,0.0,0.0,0.0,0.0,0.0,0.0,0.0,0.0,0.0,0.07764655052670537,0.07764655052670537,0.0,0.0,0.0,0.0,0.0,0.06770429646817125,0.1880148517349385,0.0,0.0,0.0,0.0,0.0,0.0,0.0,0.0,0.0,0.0,0.0,0.0,0.06770429646817125,0.0,0.0,0.0,0.0,0.0,0.0,0.0,0.10361121051394233,0.0,0.0,0.0,0.0739205835026619,0.0,0.0739205835026619,0.0,0.0,0.0,0.0,0.0,0.0,0.0,0.19519732550879845,0.0,0.0,0.03337847169500878,0.0435252832975881,0.0,0.0,0.12534323448995902,0.0,0.0,0.0,0.0,0.0,0.0,0.0,0.0,0.0,0.0,0.0,0.0,0.04667887217437512,0.07063492529278705,0.0,0.0,0.0,0.035719076582092404,0.056621126232909234,0.0,0.0,0.0,0.14354753281214808,0.0650657751695995,0.0,0.0650657751695995,0.0,0.0,0.0,0.0,0.0,0.0,0.0,0.0,0.0,0.0,0.0,0.0,0.056621126232909234,0.11324225246581847,0.05847579578446111,0.0,0.0,0.2665035137398748,0.053300702747974965,0.0,0.0,0.0,0.0,0.0,0.0,0.0,0.0,0.053300702747974965,0.0,0.0,0.0,0.0,0.0,0.0,0.0,0.0,0.0,0.0,0.0,0.0,0.0,0.0,0.0,0.15680214918135071,0.0,0.0,0.09836463736214025,0.0,0.0,0.050404839198418594,0.22261024260897758,0.0,0.0,0.0,0.0,0.0,0.0,0.0,0.2470017345399053,0.0,0.0,0.0,0.0,0.11760161188601304,0.0,0.0,0.0,0.0,0.0,0.0,0.0,0.03920053729533768,0.0,0.0,0.10410311649822251,0.09698059822675567,0.0,0.0,0.04452204852179551,0.0,0.0,0.11926177912580022,0.0,0.0,0.0,0.0,0.10756991608391574,0.0,0.03920053729533768,0.051805605256971164,0.0,0.0,0.0,0.0,0.0,0.0,0.0,0.0,0.0,0.039988321956300074,0.04557164553878175,0.0,0.0,0.0,0.050679267170276585,0.0,0.0,0.08328249319857801,0.0,0.08334747755140504,0.0,0.08410169717518451,0.12024849669736273,0.14287630632836962,0.0,0.0,0.0,0.014417269848100005,0.0,0.0,0.09033655932002824,0.0,0.06465373215117044,0.0,0.0,0.0,0.0,0.0,0.029981765016795312,0.0,0.027969504829753366,0.0,0.0,0.0,0.0,0.0,0.020820623299644504,0.05378495804195787,0.0,0.051797436132707424,0.0,0.027600578966972947,0.0,0.018647805630816118,0.017026367503409814,0.02144771815793176,0.05028575438908139,0.12371928452812164,0.021234411479713427,0.02004080374124055,0.037954309547680455,0.01716180560708499,0.0,0.07214909801841764,0.040812295009204996,0.043541233985334375,0.013111638246717312,0.0326116496631249,0.030670786489948493,0.10619231309875889,0.07590861909536091,0.010221448387581605,0.023403775511545714,0.0,0.028973683150352873,0.12563050375288135,0.0,0.06861648277555914,0.0,0.0,0.019528994429069173,0.01662305524798843,0.0106258424738643,0.02789364399476088,0.06261481512806022,0.0889173296084831,0.024465222283608933,0.014210124207709531,0.025826968812331198,0.03826985003940713
42,0.0,0.0,0.0,0.0,0.0,0.0,0.0,0.0,0.0,0.0,0.0,0.0,0.0,0.0,0.0,0.0,0.0,0.10990771113188925,0.0,0.0,0.0,0.0,0.0,0.0,0.0,0.0,0.0,0.0,0.0,0.0,0.10990771113188925,0.0,0.10990771113188925,0.0,0.0,0.0,0.0,0.0,0.10990771113188925,0.0,0.0,0.0,0.0,0.10990771113188925,0.0,0.0,0.0,0.10990771113188925,0.0,0.0,0.0,0.0,0.0,0.0,0.0,0.0,0.0,0.10990771113188925,0.0,0.0,0.0,0.0,0.0,0.0,0.0,0.0,0.0,0.0,0.0,0.0,0.0,0.0,0.0,0.0,0.0,0.0,0.0,0.07690988305721902,0.0,0.0,0.0,0.0,0.0,0.18356154538201952,0.0,0.09178077269100976,0.0,0.0,0.0,0.0,0.0,0.0,0.09684686207855468,0.0,0.0,0.19369372415710936,0.0,0.09684686207855468,0.0,0.0,0.0,0.0,0.0,0.0,0.0,0.0,0.0,0.0,0.0,0.0,0.0,0.0,0.0,0.0,0.0,0.0,0.0,0.0,0.0,0.0,0.0,0.0,0.0,0.10278204397673295,0.0,0.0,0.0,0.0,0.0,0.0,0.0,0.0,0.0,0.0,0.0,0.0,0.0,0.0,0.0,0.0,0.0,0.23072964917165706,0.14815981952890747,0.0,0.0,0.0,0.0,0.0,0.0,0.0,0.07407990976445374,0.0,0.0,0.0,0.0,0.0,0.0,0.0,0.0,0.0,0.0,0.0,0.0,0.0,0.0,0.0,0.0,0.0,0.0,0.0,0.0,0.0,0.0,0.0,0.0,0.0,0.0,0.0,0.0,0.0,0.0,0.0,0.0,0.0,0.0,0.0,0.0,0.0,0.0,0.0,0.0,0.09684686207855468,0.09684686207855468,0.0,0.0,0.09684686207855468,0.0,0.05958017526362418,0.0,0.0,0.0,0.0,0.0,0.0,0.0,0.1600574037661278,0.0,0.0,0.0,0.0,0.0,0.0,0.0,0.0,0.0,0.0,0.0,0.0,0.16698560279542715,0.0,0.0,0.0,0.0,0.0,0.0873765573051593,0.0,0.0,0.0,0.0,0.0,0.0,0.0,0.04376840378320095,0.0,0.0,0.0,0.0,0.0,0.0,0.0,0.09178077269100976,0.0,0.09178077269100976,0.0,0.0,0.0,0.0,0.0,0.0,0.0,0.0,0.0,0.0,0.0,0.0,0.06692803068571958,0.0,0.0,0.06489528302257583,0.0,0.0,0.0,0.0,0.0,0.0800287018830639,0.0,0.0,0.0,0.0,0.0,0.0,0.08349280139771358,0.06123592674699597,0.0,0.0,0.0,0.0873765573051593,0.0,0.0873765573051593,0.0,0.0,0.0,0.0,0.0,0.0,0.0,0.07690988305721902,0.0,0.0,0.039454449716465625,0.10289662851857896,0.0,0.0,0.07407990976445374,0.0,0.0,0.0,0.0,0.0,0.0,0.0,0.0,0.0,0.0,0.0,0.0,0.0,0.0,0.0,0.0,0.0,0.0,0.06692803068571958,0.0,0.0,0.0,0.05655929932931885,0.0,0.0,0.0,0.0,0.0,0.0,0.0,0.0,0.0,0.0,0.06300318108143706,0.0,0.0,0.0,0.11035191975554741,0.0,0.13385606137143916,0.06912031100433301,0.0,0.0,0.06300318108143706,0.06300318108143706,0.0,0.0,0.0,0.0,0.055175959877773705,0.06489528302257583,0.0,0.06300318108143706,0.0,0.13385606137143916,0.0,0.0,0.0,0.0,0.07690988305721902,0.0,0.0,0.0,0.0,0.0,0.0,0.0,0.0,0.0,0.04633632245686703,0.0,0.0,0.02325404634546685,0.0,0.0,0.05958017526362418,0.05262652348878796,0.0,0.0,0.0,0.0,0.0,0.0,0.0,0.07299104048509912,0.06489528302257583,0.0,0.029525510886967882,0.26313261744393984,0.1390089673706011,0.05144831425928948,0.0,0.0,0.0,0.0,0.0,0.0,0.0,0.0,0.0,0.34454924706147866,0.11463425201647118,0.0,0.0,0.05262652348878796,0.0,0.0,0.11277707165529051,0.0,0.0,0.0,0.0,0.12715117348443247,0.0,0.0,0.0,0.0,0.0,0.0,0.05032753586826508,0.0,0.0,0.048240908511955775,0.0,0.0,0.0,0.0,0.0,0.0,0.0,0.03993637209251458,0.05386718163238499,0.0,0.04922132100878267,0.0,0.04925972782836983,0.0,0.04970548401058036,0.15635143935753454,0.0,0.0,0.026414909734175682,0.0,0.017041686433942882,0.0,0.0,0.10678077983371344,0.0,0.038211417338823724,0.0,0.0,0.0815748002551125,0.0,0.0,0.07087886174506454,0.0,0.03306087324738001,0.0,0.0,0.025872160919513915,0.0,0.0,0.0,0.12715117348443247,0.018126938440879502,0.0,0.061254821301494886,0.03262479076178345,0.0,0.06612695598883371,0.02012572554715855,0.07605572166339619,0.09906568851359498,0.024373376223722248,0.0,0.0,0.11215810083030643,0.020285817833587134,0.0415641190425886,0.042641301642963966,0.06432196400791765,0.05146716849603762,0.015498387003229735,0.022027451938167443,0.0,0.08786596106015447,0.0,0.0,0.041496046877146586,0.08916773857959287,0.03424784500026534,0.026205773158554782,0.07478061233589633,0.05069183503453084,0.02974177926758148,0.014530941231084045,0.03462586914202833,0.03274832869364427,0.050240379057601245,0.032971203249094624,0.035058679482710305,0.0525516018530724,0.026508804845126584,0.05318997269993452,0.021369827718656583,0.05385264232847585
43,0.0,0.0,0.0,0.0,0.0,0.0,0.0,0.0,0.0,0.10447325654860422,0.0,0.0,0.0,0.0,0.0,0.0,0.0,0.0,0.0,0.10447325654860422,0.0,0.0,0.0,0.0,0.0,0.0,0.10447325654860422,0.0,0.0,0.0,0.0,0.0,0.0,0.0,0.0,0.0,0.10447325654860422,0.0,0.0,0.0,0.0,0.0,0.0,0.0,0.0,0.0,0.0,0.0,0.0,0.0,0.0,0.0,0.0,0.0,0.0,0.0,0.0,0.0,0.0,0.0,0.5238727071313569,0.0,0.0,0.0,0.07607163334561728,0.0,0.0,0.0,0.0,0.0,0.0,0.0,0.0,0.0,0.0,0.0,0.0,0.0,0.07310702644073772,0.0,0.17448523152430362,0.0,0.0,0.0,0.0,0.0,0.0,0.0,0.0,0.0,0.0,0.0,0.0,0.0,0.0,0.0,0.0,0.0,0.0,0.0,0.0,0.0,0.0,0.0,0.0,0.0,0.0,0.0,0.0,0.0,0.0,0.0,0.0,0.0,0.0,0.0,0.0,0.0,0.0,0.0,0.0,0.0,0.0,0.0,0.0,0.0,0.09769992240203756,0.0,0.0,0.0,0.0,0.0,0.0,0.0,0.0,0.0,0.05244775050140795,0.0,0.0,0.0,0.0,0.0,0.0,0.0,0.0,0.07936444832262654,0.0,0.0,0.0,0.0,0.0,0.0,0.0,0.0,0.0,0.0,0.0,0.08305616952318758,0.0,0.08305616952318758,0.0,0.0,0.0,0.0,0.0,0.0,0.0,0.0,0.0,0.0,0.0,0.0,0.0,0.0,0.0,0.0,0.0,0.0,0.0,0.0,0.0,0.0,0.0,0.0,0.0,0.0,0.09205820923446074,0.0,0.0,0.0,0.0,0.0,0.0,0.0,0.0,0.0,0.0,0.2265367869614888,0.0,0.0,0.0,0.0,0.0,0.0,0.0,0.0,0.0,0.0,0.0,0.0,0.1000487451350454,0.0,0.11031099023978912,0.0,0.0,0.0,0.0,0.07936444832262654,0.07936444832262654,0.0,0.0,0.0,0.0,0.0,0.08305616952318758,0.0,0.16611233904637515,0.0,0.08305616952318758,0.0,0.0,0.0,0.04160424805569919,0.0,0.0,0.0,0.0,0.0,0.0,0.0,0.0,0.0,0.0,0.0,0.0,0.0,0.0,0.0,0.0,0.0,0.0,0.0704169829233545,0.0,0.0,0.0,0.0,0.0,0.1359196854129228,0.06168649571708447,0.0,0.0,0.0,0.0,0.0,0.15214326669123457,0.0,0.0,0.0,0.0,0.0,0.0,0.0,0.11641615714030154,0.0,0.0,0.0,0.0,0.0,0.0,0.0,0.0,0.0,0.0,0.0,0.0679598427064614,0.0,0.07310702644073772,0.0,0.0,0.0,0.04890442062026016,0.0704169829233545,0.0,0.0704169829233545,0.14621405288147543,0.0,0.0,0.0,0.07607163334561728,0.0,0.07607163334561728,0.07607163334561728,0.0,0.0,0.07607163334561728,0.0,0.0,0.0,0.0,0.0,0.0,0.0,0.0,0.0,0.0,0.0,0.053762689880335196,0.07310702644073772,0.0,0.07310702644073772,0.0,0.0,0.0,0.0,0.12723746583588497,0.0,0.0,0.0,0.0,0.0,0.0,0.0,0.12723746583588497,0.0,0.0,0.0,0.0,0.0,0.1197758998474741,0.0,0.0,0.0,0.0,0.0,0.0,0.0,0.05988794992373705,0.0,0.0,0.0,0.07310702644073772,0.0,0.0,0.0,0.0,0.0,0.04319742135585549,0.0,0.0,0.0,0.0,0.0,0.0,0.0,0.0,0.06361873291794248,0.15472964974308723,0.0,0.0,0.1132683934807444,0.0,0.0,0.0,0.0,0.0,0.0,0.04783905980823202,0.0,0.06938195345728365,0.0,0.0,0.0,0.0,0.08809038881259262,0.0,0.0,0.0,0.0,0.1048955010028159,0.0,0.0,0.0,0.0,0.0,0.046787542424943956,0.03632203023438664,0.05515549511989456,0.0,0.0500243725675227,0.05244775050140795,0.04682405019564196,0.026800184942676268,0.0,0.0,0.05244775050140795,0.0,0.030216026316739773,0.0,0.08809038881259262,0.05820807857015077,0.0,0.0,0.0,0.04783905980823202,0.0,0.0,0.0,0.0,0.06370496783877712,0.0,0.0,0.0,0.0,0.03812583090876547,0.07592338707217829,0.0,0.0,0.09357508484988791,0.0,0.0,0.04783905980823202,0.02362388284420933,0.027021917450759766,0.0,0.0,0.0,0.04585560702887751,0.0,0.07625166181753094,0.0,0.02537523457439825,0.07264406046877328,0.0,0.06370496783877712,0.0,0.0,0.0,0.0,0.0,0.0,0.0628523159462332,0.0,0.0,0.0,0.1572646245108704,0.05547549374749905,0.023393771212471978,0.030216026316739773,0.0,0.0,0.08733905830761854,0.0,0.0,0.0,0.09565298315565743,0.0,0.05650039465652377,0.046336439198901076,0.023858698024491233,0.0,0.08528989947202373,0.0,0.019754477766997975,0.12159862852841896,0.06114152481480901,0.04892234259764037,0.014732059696293492,0.0209382909874875,0.0344612815729048,0.059658124576846196,0.021322474868005932,0.045938725579508934,0.0525923323183608,0.0,0.05697026855693457,0.03321335004981718,0.0,0.05782241517296562,0.028271178642828194,0.06215602444743019,0.032913771680246805,0.04358069432872581,0.011939053129960476,0.047011382644826044,0.06665036289323224,0.07805180543485497,0.02977952620528368,0.03193260737988016,0.014509416716588914,0.053237459812931175
44,0.0,0.09001709644426757,0.0,0.0,0.16076424144525245,0.0,0.0,0.0,0.0,0.0,0.0,0.0,0.0,0.0,0.0,0.0,0.0,0.0,0.0,0.0,0.0,0.0,0.0,0.0,0.0,0.0,0.0,0.0,0.0,0.0,0.09625779611045303,0.0,0.0,0.09625779611045303,0.0,0.0,0.0,0.0,0.0,0.0,0.0,0.0,0.0,0.0,0.0,0.0,0.0,0.0,0.0,0.0,0.0,0.0,0.0,0.0,0.0,0.0,0.09625779611045303,0.09625779611045303,0.0,0.0,0.0,0.0,0.0,0.0,0.0,0.0,0.0,0.0,0.0,0.0,0.0,0.0,0.0,0.0,0.0,0.0,0.0,0.0,0.0,0.0,0.0,0.0,0.0,0.0,0.0,0.0,0.0,0.0,0.0,0.0,0.0,0.0,0.0,0.0,0.0,0.0,0.0,0.0,0.0,0.0,0.0,0.0,0.0,0.0,0.0,0.0,0.0,0.09001709644426757,0.0,0.0,0.0,0.0,0.0,0.0,0.0,0.0,0.0,0.0,0.0,0.0,0.0,0.0,0.0,0.0,0.0,0.0,0.0,0.0,0.0,0.0,0.0,0.0,0.0,0.0,0.0,0.0,0.28994050961938084,0.0,0.0,0.0,0.0,0.2020743339832661,0.0,0.0,0.0,0.0,0.0,0.0,0.0,0.0,0.0,0.0,0.0,0.0,0.0,0.07652488393485447,0.15304976786970895,0.0,0.0,0.15304976786970895,0.0,0.0,0.0,0.12523137306232304,0.0,0.0,0.0,0.08038212072262622,0.0,0.0,0.0,0.0,0.0,0.0,0.0,0.0,0.0,0.0,0.0,0.0,0.0,0.08481903051104361,0.0,0.0,0.0,0.0,0.0,0.0,0.0,0.08481903051104361,0.0,0.0,0.0,0.08481903051104361,0.0,0.0,0.0,0.0,0.0,0.0,0.0,0.0,0.0,0.0,0.14017918105127544,0.0,0.0,0.0,0.0,0.0,0.3226342520530524,0.0,0.35572763837473964,0.0,0.07008959052563772,0.0,0.0,0.0,0.0,0.0,0.0,0.0,0.0,0.0,0.0,0.0,0.0,0.0,0.0,0.0,0.0,0.0,0.11499784803236449,0.0,0.0,0.0,0.0,0.0,0.08038212072262622,0.0,0.0,0.08038212072262622,0.0,0.0,0.0,0.0,0.0,0.0,0.18160787997201072,0.0,0.0,0.0,0.0,0.0,0.0,0.0,0.0,0.0,0.0,0.0,0.06487960468424844,0.0,0.14017918105127544,0.0,0.0,0.0,0.0,0.0,0.0,0.0,0.0,0.0,0.0,0.0,0.0,0.0,0.0,0.0,0.0,0.0,0.0,0.0,0.0,0.0,0.0,0.0,0.0,0.0,0.0,0.0,0.0,0.0,0.0,0.0,0.06735811132775536,0.0,0.0,0.0,0.0,0.0,0.0,0.0,0.0,0.0,0.0,0.0,0.0,0.0,0.0,0.0,0.0,0.0,0.0,0.0,0.0,0.0,0.0,0.06735811132775536,0.0,0.06735811132775536,0.0,0.0,0.0,0.0,0.0,0.0,0.0,0.0,0.0,0.0,0.17256779488637236,0.0,0.0,0.0,0.0,0.0,0.03633797882903256,0.0551785429465405,0.1655356288396215,0.0,0.0,0.0,0.0,0.0,0.0,0.0,0.0,0.0,0.0,0.0,0.0,0.0,0.0,0.0,0.16089231476325586,0.0,0.0,0.0,0.0,0.0,0.0,0.0,0.0,0.08116322746834448,0.0,0.0,0.1425621787742663,0.0,0.0,0.1565419651730057,0.0,0.0,0.0,0.0,0.0,0.0,0.0,0.019473737809568438,0.15981491700053116,0.0,0.0,0.0,0.0,0.0,0.04505872511760743,0.050818234053534236,0.05218065505766857,0.03633797882903256,0.048323418269896806,0.07025546210383897,0.0,0.04058161373417224,0.0,0.0,0.0,0.03346577579873488,0.0,0.0,0.0,0.14497025480969042,0.0,0.024692699578426527,0.0,0.0,0.0,0.0,0.027839929533657087,0.0,0.04058161373417224,0.053630771587751945,0.0,0.0,0.0,0.13223142315835337,0.0,0.0,0.0,0.0,0.05869540213475715,0.0,0.0,0.03016794364909153,0.0,0.0,0.12241775330766377,0.04717718286747589,0.0,0.021554155905699087,0.036977497473438765,0.04314194872159309,0.08815428210556892,0.0652985167672227,0.06224248928429419,0.036977497473438765,0.0,0.0,0.0,0.0,0.035127731051919485,0.0,0.023379802990835155,0.0,0.10039732739620465,0.0,0.01982087956664102,0.0357218361197828,0.0,0.0,0.0,0.0,0.0,0.0,0.0,0.04531797023302441,0.0,0.05111306895836223,0.021554155905699087,0.05567985906731417,0.015875675387826804,0.026811157328295004,0.026823659772816234,0.0,0.0,0.0,0.08813112229990004,0.0,0.017352458254799356,0.021346340988313974,0.021982522281517113,0.0,0.01964574003165976,0.0,0.03640209094620347,0.0,0.0,0.030050158509982258,0.0814414508773224,0.004822941801946335,0.04762702616348042,0.04397343229501763,0.03929148006331952,0.021163121675781164,0.07268494591606944,0.022312460183785906,0.02249584251624069,0.02295116460560203,0.01871236684750556,0.026637717795959966,0.03907202818461259,0.031815701644359685,0.0,0.04588987489794116,0.03300060646815232,0.024063638841342487,0.06482080136860165,0.03451874298233188,0.056986105435151,0.05148766675786423,0.04545269646253112,0.04339129332171834
45,0.0,0.0,0.0,0.0,0.15110441050474788,0.0,0.0,0.0,0.0,0.0,0.0,0.0,0.0,0.0,0.0,0.0,0.0,0.0,0.0,0.0,0.0,0.0,0.0,0.0,0.09047395992416289,0.0,0.0,0.0,0.09047395992416289,0.0,0.0,0.0,0.0,0.0,0.09047395992416289,0.0,0.0,0.0,0.0,0.0,0.0,0.0,0.0,0.0,0.09047395992416289,0.0,0.0,0.0,0.0,0.0,0.0,0.0,0.0,0.0,0.0,0.0,0.0,0.0,0.09047395992416289,0.0,0.0,0.2749188128774011,0.0,0.0,0.0,0.0,0.0,0.0,0.0,0.0,0.0,0.0,0.0,0.0,0.0,0.0,0.3531198100989386,0.0,0.0,0.0,0.07555220525237394,0.0,0.0,0.0,0.0,0.0,0.0,0.0,0.0,0.07972251471929521,0.0,0.0,0.15944502943859043,0.0,0.0,0.0,0.0,0.0,0.0,0.0,0.0,0.0,0.0,0.0,0.0,0.0,0.0,0.0,0.08460824478926292,0.0,0.0,0.08460824478926292,0.0,0.0,0.0,0.0,0.0,0.0,0.0,0.0,0.0,0.0,0.0,0.0,0.0,0.0,0.0,0.0,0.0,0.0,0.0,0.0,0.0,0.0,0.0,0.0,0.3633584964220414,0.06587812167485214,0.0,0.0,0.07192673801069281,0.0,0.0,0.0,0.0,0.0,0.0,0.0,0.0,0.0,0.0,0.0,0.0,0.0,0.0,0.0,0.0,0.0,0.0,0.0,0.0,0.0,0.0,0.0,0.0,0.0,0.07555220525237394,0.07555220525237394,0.0,0.0,0.0,0.0,0.0,0.0,0.0,0.0,0.0,0.0,0.0,0.0,0.0,0.07972251471929521,0.0,0.0,0.0,0.0,0.0,0.0,0.0,0.0,0.0,0.0,0.0,0.0,0.0,0.0,0.0,0.049045279294436306,0.0,0.0,0.0,0.0,0.04235128431411892,0.0,0.0,0.0,0.0,0.0,0.0,0.0,0.04332116398419964,0.0,0.0,0.0,0.0,0.0,0.0,0.0,0.0,0.0,0.0,0.0,0.0,0.0,0.0,0.0,0.0,0.0,0.0,0.0,0.0,0.0,0.0,0.0,0.0,0.0,0.12705385294235674,0.0,0.0,0.0,0.0,0.0,0.0,0.0,0.0,0.0,0.0,0.0,0.05689853954148307,0.0,0.0,0.0,0.06098118792749698,0.0,0.05040826276309566,0.0,0.0,0.05885330168315643,0.0,0.0,0.0,0.0,0.0,0.0,0.0,0.0,0.0,0.0,0.06872970321935028,0.0,0.0,0.0,0.0,0.0,0.0,0.0,0.0,0.0,0.0,0.07192673801069281,0.0,0.0,0.0,0.05885330168315643,0.0,0.06331076869702872,0.0,0.0,0.0,0.0,0.0,0.0,0.0,0.0,0.0,0.0,0.0,0.0,0.0,0.0,0.0,0.0,0.0,0.06587812167485214,0.0,0.0,0.0,0.0,0.0,0.0,0.0,0.0,0.0,0.05342057599949592,0.0,0.0,0.0,0.0,0.0,0.0,0.0,0.139675653186489,0.0,0.0,0.0,0.0,0.0,0.0,0.04776472199613243,0.0,0.2432980868505779,0.0,0.0,0.0,0.0,0.0,0.10246362289025915,0.05186303328086358,0.15558909984259076,0.0,0.0,0.0,0.0,0.04541981205275517,0.0,0.10684115199899184,0.0,0.0,0.0,0.0,0.0,0.06331076869702872,0.0,0.0,0.05040826276309566,0.0,0.0,0.0,0.0,0.0,0.0,0.0,0.0,0.0,0.0,0.0,0.1914229343389502,0.0,0.0,0.14713583788330892,0.0,0.0,0.0,0.14713583788330892,0.04776472199613243,0.04332116398419964,0.0,0.01830362054139345,0.18025455367041343,0.0,0.0,0.0,0.0,0.0,0.12705385294235674,0.0,0.049045279294436306,0.0,0.0,0.0,0.0,0.07628637768582042,0.0,0.04541981205275517,0.0,0.0629098396346301,0.0,0.0,0.0,0.04541981205275517,0.0,0.04641798176044779,0.03890972474174878,0.04776472199613243,0.0,0.0,0.05233422685118145,0.0,0.03814318884291021,0.05040826276309566,0.0,0.0,0.0,0.04142868062972658,0.0,0.0,0.0,0.0,0.0,0.03890972474174878,0.0,0.028355244302190222,0.0,0.033017013268944025,0.23012409081244037,0.0,0.0,0.04051806537049127,0.0,0.0,0.0,0.04091661924419392,0.08190354020235227,0.03475563289095949,0.0,0.0,0.07942201649852283,0.0,0.0,0.025200156991514275,0.04394996445587514,0.0,0.03145491981731505,0.0,0.018629903613378074,0.03357542038267983,0.024020920587219094,0.0680956725459474,0.058346145424664715,0.0,0.02721508882713343,0.0,0.0,0.02129747609223421,0.0,0.0,0.14181322879671945,0.026167113425590725,0.0,0.07560047097454282,0.050423816404863965,0.0,0.0,0.0,0.0497013558333491,0.041738426072277554,0.03261960435763477,0.04012740945965846,0.0,0.019500247047806566,0.03693057535340537,0.016698903569217497,0.0,0.023401011486386368,0.013237157643362333,0.014122268255691116,0.03827394175109516,0.009066291997900367,0.029843509343577913,0.07232960597382447,0.05539586303010805,0.02983724175703751,0.022772510035982043,0.041943545563019755,0.0,0.04314419882120302,0.04396999507200447,0.016691425939688143,0.024482873110690456,0.005980798713130591,0.03800448533692529,0.05930717766804012,0.046526551630893635,0.018094182781105465,0.048099408886584344,0.03514833554643613,0.03967554435189074,0.041480511890866836,0.03518248022259158,0.03369116627742767
46,0.0,0.0,0.0,0.0,0.0,0.0,0.17096236105587237,0.0,0.0,0.0,0.0,0.0,0.0,0.0,0.0,0.0,0.0,0.10236393332955196,0.0,0.0,0.0,0.0,0.0,0.0,0.0,0.0,0.0,0.0,0.0,0.0,0.0,0.0,0.0,0.0,0.0,0.0,0.0,0.0,0.0,0.0,0.0,0.0,0.0,0.0,0.0,0.0,0.0,0.0,0.0,0.0,0.10236393332955196,0.0,0.10236393332955196,0.0,0.0,0.0,0.0,0.0,0.0,0.0,0.0,0.0,0.0,0.0,0.0,0.04402319156444774,0.0,0.08548118052793618,0.0,0.0,0.0,0.0,0.0,0.0,0.0,0.0,0.0,0.0,0.0,0.0,0.0,0.0,0.0,0.0,0.0,0.0,0.0,0.0,0.0,0.0,0.0,0.0,0.0,0.0,0.0,0.0,0.0,0.0,0.0,0.0,0.0,0.0,0.0,0.0,0.0,0.0,0.0,0.0,0.0,0.0,0.0,0.0,0.0,0.0,0.0,0.0,0.0,0.0,0.0,0.0,0.09572735332904858,0.0,0.09572735332904858,0.0,0.0,0.0,0.0,0.0,0.0,0.0,0.0,0.0,0.0,0.0,0.0,0.0,0.1541664789528233,0.0,0.0,0.0,0.0,0.0,0.0,0.0,0.0,0.0,0.0,0.0,0.0,0.0,0.0,0.0,0.0,0.0,0.0,0.0,0.0,0.0,0.0,0.0,0.08137925896589779,0.0,0.08137925896589779,0.0,0.0,0.0,0.0,0.17096236105587237,0.0,0.0,0.08548118052793618,0.17096236105587237,0.0,0.0,0.0,0.0,0.0,0.0,0.0,0.0,0.0,0.0,0.0,0.0,0.0,0.0,0.0,0.0,0.0,0.0,0.0,0.0,0.0,0.09019954679148158,0.0,0.0,0.0,0.0,0.0,0.0,0.0,0.0,0.0,0.0,0.07453574111991176,0.0,0.0,0.0,0.0,0.0,0.0,0.0,0.0,0.0,0.0,0.0,0.0,0.0,0.0,0.0,0.15552414781010396,0.0,0.0,0.0,0.0,0.0,0.0,0.0,0.16275851793179558,0.0,0.0,0.0,0.0,0.0,0.0,0.0,0.28750221926299624,0.0,0.0,0.0,0.0,0.0,0.0,0.0,0.0,0.0,0.0,0.0,0.0,0.0,0.0,0.0,0.20698577559552764,0.1379905170636851,0.0,0.3116713286281609,0.0,0.0,0.0,0.0,0.0,0.0,0.07453574111991176,0.0,0.0,0.0,0.0,0.0,0.0,0.0,0.07776207390505198,0.0,0.0,0.0,0.0,0.0,0.0,0.08137925896589779,0.0,0.0,0.0,0.0,0.0,0.0,0.1331754563361315,0.0,0.0,0.0,0.0,0.0,0.0,0.0,0.0,0.0,0.0,0.11735761506362019,0.0,0.0,0.0,0.0,0.0,0.0,0.0,0.0,0.0,0.0,0.0,0.0,0.07776207390505198,0.0,0.0,0.0,0.0,0.0,0.06899525853184255,0.0,0.0,0.0,0.0,0.0,0.0,0.0,0.0,0.0,0.0,0.0,0.0,0.0,0.0,0.11406570582442213,0.0,0.0,0.0,0.0,0.0,0.0,0.0,0.0,0.058678807531810095,0.0,0.0,0.0,0.0,0.05138882631760776,0.0,0.0,0.058678807531810095,0.0,0.0,0.0,0.0,0.0,0.07163098986026056,0.0,0.0,0.0,0.0,0.0,0.0,0.06658772816806575,0.0,0.0,0.0,0.0,0.0,0.0,0.1732635954464181,0.0,0.0,0.05549074787964616,0.0,0.0,0.0,0.0,0.05404190136051374,0.0,0.1406195563497174,0.04141811841460531,0.10197168958743943,0.060441040544951696,0.0,0.0,0.0,0.0,0.0,0.0,0.0,0.1545723501883427,0.0,0.0,0.1053544339353043,0.08631183697419657,0.0,0.0,0.0,0.0,0.05404190136051374,0.13478933621179048,0.0,0.05138882631760776,0.0458786689607631,0.0,0.04402319156444774,0.0,0.0,0.0,0.0,0.0,0.0,0.0,0.0,0.0,0.0,0.046873185449905805,0.0,0.07989099445848032,0.0,0.0,0.0,0.0,0.0,0.28873489186866413,0.04901437657370484,0.03735606740145004,0.05579286596274426,0.050169879187561786,0.0,0.0,0.15729269686255432,0.0,0.0,0.0,0.0,0.0,0.025129739204577308,0.0,0.044929778737263504,0.01587198965370059,0.14942426960580016,0.05702385951351908,0.0,0.0,0.10676605681120789,0.062418759556671984,0.06323466596402955,0.0,0.027177719595402227,0.025681573240768984,0.0,0.0,0.09237498415876806,0.0,0.04070576418631753,0.07228909040636405,0.0,0.054355439190804454,0.0,0.029605962382648263,0.016882752801615785,0.0,0.0,0.0,0.033294016388294774,0.0,0.01874434838922285,0.023611818623415826,0.03690643151355557,0.0,0.023376989045734528,0.0,0.0,0.018893452359870423,0.07742253326468605,0.026476342824437255,0.04493030448585557,0.015978198891696063,0.014434618259044919,0.010257772627585256,0.016882752801615785,0.02338144895065771,0.041783944866199685,0.1012752430151809,0.012882622254092672,0.03559178496124921,0.13556294063702834,0.04067846239397211,0.029849085733558087,0.009442496014862037,0.013850190667675623,0.020300363151172236,0.021499493370876407,0.061001138146308184,0.011698002713686642,0.046062219153149606,0.010884114475776849,0.02447229868154472,0.04937861964128044,0.08864900902970242,0.06539576410914714,0.050156337823441956
47,0.0,0.0,0.0,0.0,0.0,0.0,0.0,0.0,0.0,0.0,0.0,0.0,0.0,0.0,0.0,0.0,0.0,0.0,0.0,0.0,0.0,0.0,0.0,0.0,0.0,0.0,0.0,0.0,0.0,0.0,0.0,0.0,0.0,0.0,0.0,0.0,0.0,0.0,0.0,0.0,0.0,0.0,0.0,0.0,0.0,0.0,0.0,0.0,0.0,0.0,0.0,0.0,0.0,0.0,0.0,0.0,0.0,0.0,0.0,0.0,0.0,0.0,0.0,0.0,0.0,0.0,0.0,0.0,0.0,0.0,0.0,0.0,0.0,0.0,0.0,0.0,0.0,0.39660244942715883,0.0,0.0,0.0,0.0,0.0,0.0,0.0,0.0,0.0,0.0,0.0,0.0,0.09988235891897836,0.0,0.0,0.09988235891897836,0.09988235891897836,0.0,0.0,0.0,0.0,0.0,0.0,0.0,0.0,0.0,0.0,0.0,0.0,0.10600356879485863,0.0,0.0,0.0,0.0,0.0,0.0,0.0,0.0,0.0,0.0,0.0,0.10600356879485863,0.0,0.0,0.0,0.0,0.0,0.0,0.0,0.0,0.0,0.0,0.0,0.0,0.0,0.0,0.0,0.0,0.05690535459724818,0.0,0.0,0.0,0.0,0.0,0.0,0.0,0.0,0.0,0.0,0.0,0.0,0.0,0.0,0.0,0.0,0.0,0.0,0.0,0.0,0.0,0.0,0.0,0.09011522387560299,0.0,0.0,0.0,0.09465748175040319,0.0,0.09465748175040319,0.0,0.0,0.0,0.0,0.0,0.0,0.0,0.0,0.0,0.09465748175040319,0.0,0.0,0.0,0.0,0.0,0.09988235891897836,0.0,0.0,0.0,0.0,0.0,0.0,0.0,0.0,0.09988235891897836,0.0,0.0,0.0,0.0,0.0,0.0,0.0,0.0,0.0,0.0,0.0,0.08253706267550964,0.0,0.0,0.0,0.0,0.0,0.0,0.0,0.0,0.0,0.0,0.0,0.0,0.0,0.0,0.0,0.0,0.0,0.0,0.0,0.0,0.0,0.09011522387560299,0.0,0.0,0.09011522387560299,0.0,0.0,0.0,0.0,0.0,0.0,0.0,0.0,0.0,0.0,0.0,0.0,0.0,0.0,0.0,0.0,0.0,0.0,0.0,0.0,0.0,0.0,0.0,0.0,0.0,0.0,0.0,0.0,0.0,0.0,0.0,0.0,0.0,0.0,0.0,0.0,0.0,0.0,0.0,0.0,0.0,0.08610973837844206,0.0,0.0,0.0,0.0,0.0,0.0,0.09011522387560299,0.0,0.0,0.0,0.0,0.0,0.0,0.22120752047205036,0.0,0.0,0.0,0.0,0.0,0.0,0.15280363198090977,0.07640181599045488,0.0,0.07932048988543178,0.12995581293504715,0.06144761247204838,0.0,0.0,0.0,0.0,0.08253706267550964,0.0,0.16507412535101929,0.0,0.059843234033462214,0.0,0.0,0.0,0.0,0.0,0.0,0.0,0.0,0.15280363198090977,0.0,0.0,0.0,0.0,0.0,0.0,0.0,0.0,0.0,0.0,0.0,0.0,0.0,0.0,0.12631052122511882,0.0,0.11381070919449636,0.0,0.0,0.0,0.0,0.0,0.0,0.06497790646752358,0.0,0.0,0.0,0.0,0.05690535459724818,0.0,0.0,0.0,0.06497790646752358,0.0,0.0,0.0,0.0,0.0,0.0,0.0,0.0,0.0,0.0,0.0,0.07373584015735012,0.0,0.0,0.0,0.0,0.0,0.0,0.11991452038541565,0.0,0.0,0.06144761247204838,0.0,0.0,0.0,0.0,0.0,0.0,0.0519049651502847,0.0,0.03763940899648791,0.0,0.0,0.0,0.0,0.0,0.0,0.0,0.0,0.2567482572194052,0.0,0.0,0.05833205242349206,0.0,0.12995581293504715,0.0,0.0,0.039409087909771365,0.0,0.0,0.0,0.0,0.0,0.14538984159043047,0.2437451393610757,0.0,0.0,0.0813936759258313,0.16392063297621326,0.0,0.0,0.0,0.0,0.0,0.0,0.0,0.0,0.10616063517050366,0.099505872160534,0.0,0.034559668906816,0.09749805574443028,0.05555555496878698,0.0710511628640637,0.10855202109700837,0.0,0.08237621675405224,0.05555555496878698,0.0,0.025382038952783643,0.08708893870430971,0.0,0.0519049651502847,0.0,0.19057055008577597,0.0,0.027827386279162078,0.0,0.0,0.017575828523995994,0.04136619600338784,0.0,0.13765954761069504,0.1182272637293141,0.0,0.10367900672044798,0.07002283078585698,0.0,0.1203808595403577,0.028438459030935715,0.07310043667544747,0.0,0.0,0.0,0.06761321802305942,0.10673231563770742,0.0,0.0,0.0,0.0,0.0,0.0,0.015793686846020682,0.0,0.05530213309892257,0.06819959067892954,0.04151306298340611,0.026146518761628233,0.06130243837107257,0.0,0.025886480513132616,0.0,0.0,0.020921641593053052,0.06430031134610614,0.0,0.03316901217822254,0.03538687839016789,0.015984157050604193,0.0,0.0373901917438598,0.025891419183448908,0.02313470037618139,0.02492155949355211,0.0,0.06568753329926787,0.03532128427396428,0.036036196860276024,0.06610669788696029,0.04182454611341983,0.01533699186497141,0.014986388369470006,0.047614875901990115,0.0202648609384293,0.038861307420470684,0.07367669487179773,0.012052510985426142,0.016937106445038524,0.06959190594151145,0.057744336944695836,0.03778221923479754,0.04665407036272568
48,0.0,0.0,0.0,0.0,0.0,0.0,0.0,0.0,0.0,0.0,0.0,0.0,0.0,0.11907251708402915,0.0,0.0,0.0,0.0,0.0,0.0,0.0,0.0,0.0,0.0,0.0,0.0,0.0,0.0,0.0,0.0,0.0,0.0,0.0,0.0,0.0,0.0,0.0,0.11907251708402915,0.0,0.0,0.0,0.0,0.0,0.0,0.0,0.0,0.0,0.0,0.0,0.0,0.0,0.0,0.0,0.0,0.0,0.0,0.0,0.0,0.11907251708402915,0.0,0.0,0.0,0.0,0.0,0.0,0.0,0.0,0.0,0.0,0.0,0.0,0.0,0.0,0.0,0.0,0.0,0.0,0.0,0.0,0.0,0.0,0.0,0.0,0.0,0.0,0.0,0.0,0.0,0.0,0.0,0.0,0.0,0.10492257113375018,0.0,0.0,0.0,0.0,0.0,0.0,0.0,0.0,0.0,0.0,0.0,0.0,0.1113526663535441,0.0,0.0,0.0,0.0,0.0,0.1113526663535441,0.0,0.0,0.0,0.0,0.0,0.0,0.0,0.1113526663535441,0.0,0.1113526663535441,0.0,0.0,0.0,0.0,0.0,0.0,0.0,0.0,0.0,0.0,0.0,0.1113526663535441,0.0,0.0,0.0,0.0,0.0,0.24077149538014303,0.0,0.0,0.0,0.0,0.0,0.0,0.0,0.0,0.0,0.0,0.16051433025342868,0.08025716512671434,0.0,0.0,0.0,0.0,0.0,0.0,0.0,0.0,0.0,0.0,0.0,0.0,0.0,0.0,0.09943403890125029,0.0,0.19886807780250057,0.0,0.0,0.0,0.0,0.0,0.0,0.0,0.0,0.0,0.0,0.0,0.0,0.0,0.0,0.0,0.0,0.0,0.0,0.0,0.0,0.0,0.0,0.0,0.0,0.0,0.0,0.0,0.10492257113375018,0.0,0.0,0.0,0.0,0.0,0.0,0.0,0.0,0.0,0.0,0.0,0.0,0.0,0.0,0.0,0.0,0.0,0.0,0.0,0.0,0.0,0.0,0.0,0.0,0.0,0.0,0.0,0.0,0.0,0.0,0.0,0.0,0.0,0.0,0.22465201016807063,0.0,0.0,0.0,0.0,0.0,0.0,0.0,0.0,0.09943403890125029,0.0,0.0,0.0,0.0,0.09943403890125029,0.0,0.0,0.0,0.0,0.0,0.0,0.08025716512671434,0.0,0.0,0.0,0.0,0.07745666019253777,0.0,0.0,0.08025716512671434,0.0,0.0,0.0,0.0,0.0,0.0,0.0,0.09045496370034188,0.0,0.0,0.0,0.0,0.0,0.0,0.0,0.0,0.0,0.0,0.0,0.0,0.0,0.0,0.0,0.0,0.0,0.0,0.0,0.0,0.0,0.0,0.0,0.0,0.0,0.08332311964236952,0.0,0.0,0.0,0.0,0.0,0.0,0.0,0.0,0.0,0.0,0.0,0.0,0.0,0.0,0.0,0.0,0.0,0.0,0.0,0.08025716512671434,0.0,0.0,0.0,0.0,0.08332311964236952,0.0,0.0,0.0,0.0,0.0725089167552823,0.0,0.0,0.0,0.0,0.0,0.0,0.0,0.0,0.0,0.0,0.0,0.0,0.0,0.06825678815806889,0.0,0.0,0.0,0.0,0.0,0.0,0.0703066656269993,0.06825678815806889,0.0,0.0,0.0,0.08332311964236952,0.0,0.0,0.08332311964236952,0.0,0.0612755744459954,0.0,0.0,0.0,0.0,0.0,0.0,0.0,0.05020014055915989,0.0,0.0,0.07557935113635582,0.0,0.0,0.06454835028303071,0.0,0.0,0.0,0.0,0.0,0.05701485867240124,0.0,0.0,0.03953874949098683,0.0703066656269993,0.0,0.0,0.0,0.0,0.16721520852797445,0.0,0.0,0.044950692616670014,0.0,0.0,0.0,0.0,0.0,0.11955376665591712,0.0,0.12419318709372831,0.06286301252499317,0.052263543147085846,0.05701485867240124,0.05977688332795856,0.0,0.15272642898603103,0.0,0.0,0.0,0.0,0.13775384930736284,0.0,0.0,0.06634216888556814,0.025193117045451942,0.0,0.0,0.0,0.0,0.018586276421973268,0.0,0.0,0.03630360114117483,0.05120897623946486,0.058358970805003324,0.03731825504735809,0.0,0.0,0.15143282529956376,0.058358970805003324,0.0,0.0,0.045741787964668996,0.05336731811619311,0.0,0.13462561072983995,0.1539900178090986,0.045741787964668996,0.0,0.0,0.15679062944125752,0.0,0.08690719141342657,0.0,0.14460605288807046,0.0,0.0,0.0,0.024518762284056198,0.04418851369467229,0.06322772827437326,0.32860856513519,0.03839459665349626,0.0,0.03581769972297584,0.0,0.0,0.028029546711174576,0.17924103552828544,0.06322772827437326,0.13331427172756943,0.06887692465368142,0.0,0.033165853759551396,0.04977197924139883,0.03534525389837003,0.0,0.023880347780289232,0.0,0.0,0.0,0.0792173513643278,0.0,0.1026568750473191,0.07290633517717236,0.08790951483485002,0.04503000038679979,0.01539900178090986,0.0,0.0557588292659198,0.10074444816719637,0.011932120686589665,0.0,0.02719793865934608,0.07290633517717236,0.06544784602172053,0.08991250386006974,0.09660311333953542,0.07420729750238733,0.06624561455517952,0.08101629674768679,0.04393507484421547,0.03222183851776156,0.039356559475362825,0.037513194956957464,0.056766549137474774,0.034018588937231316,0.06548767952524014,0.06752372583881915,0.039141911595080965,0.0469951822928584,0.05155947167538222,0.023151780251879004,0.03267220270787294
49,0.0,0.0,0.0,0.0,0.0,0.0,0.0,0.0,0.0,0.0,0.0,0.0,0.0,0.0,0.0,0.0,0.0,0.1265930849863862,0.0,0.0,0.0,0.0,0.0,0.0,0.0,0.0,0.0,0.0,0.0,0.0,0.0,0.0,0.0,0.0,0.0,0.0,0.0,0.0,0.0,0.0,0.0,0.0,0.0,0.0,0.0,0.0,0.0,0.0,0.0,0.0,0.0,0.0,0.0,0.0,0.0,0.0,0.0,0.0,0.0,0.0,0.0,0.0,0.0,0.0,0.0,0.0,0.10571424914350747,0.0,0.0,0.0,0.0,0.0,0.0,0.0,0.0,0.0,0.1646975776886596,0.0,0.0,0.1771715425948965,0.10571424914350747,0.0,0.0,0.0,0.0,0.0,0.0,0.0,0.0,0.0,0.0,0.0,0.0,0.0,0.11154943466216963,0.0,0.0,0.0,0.0,0.0,0.0,0.0,0.0,0.0,0.0,0.0,0.0,0.0,0.0,0.0,0.0,0.0,0.0,0.0,0.0,0.0,0.0,0.0,0.0,0.0,0.0,0.0,0.0,0.0,0.11838565187302681,0.0,0.0,0.0,0.0,0.0,0.0,0.0,0.0,0.0,0.0,0.0,0.0,0.0,0.0,0.2559785173219113,0.0,0.0,0.0,0.0,0.0,0.0,0.0,0.0,0.0,0.0,0.08532617244063709,0.08532617244063709,0.0,0.0,0.0,0.0,0.0,0.0,0.0,0.0,0.0,0.0,0.0,0.24704636653298942,0.0,0.0,0.0,0.10571424914350747,0.0,0.0,0.0,0.0,0.10571424914350747,0.0,0.0,0.0,0.0,0.0,0.0,0.0,0.0,0.0,0.0,0.0,0.0,0.0,0.0,0.0,0.11154943466216963,0.0,0.0,0.0,0.0,0.0,0.0,0.11154943466216963,0.0,0.0,0.0,0.0,0.0,0.0,0.0,0.0,0.0,0.0,0.0,0.0,0.08858577129744825,0.0,0.0,0.0,0.0,0.0,0.0,0.0,0.0,0.0,0.0,0.0,0.0,0.07256785693120402,0.0,0.10064141843038066,0.0,0.0,0.0,0.0,0.0,0.0,0.0,0.07961364416693918,0.0,0.0,0.0,0.0,0.0,0.0,0.0,0.0,0.0,0.0,0.0,0.0,0.0,0.10571424914350747,0.0,0.0,0.0,0.0,0.0,0.0,0.17065234488127418,0.0,0.0,0.0,0.0,0.0,0.0,0.0,0.0,0.0,0.0,0.0,0.0,0.09217806607468673,0.0,0.0,0.0,0.0,0.0,0.0,0.0,0.0,0.0,0.0,0.0,0.0,0.0,0.0,0.0,0.08532617244063709,0.0823487888443298,0.0,0.0,0.08858577129744825,0.0,0.0,0.0,0.0,0.0,0.0,0.0,0.0,0.0,0.0,0.0,0.0,0.0,0.0,0.0,0.0,0.0,0.0,0.0,0.0,0.0,0.0,0.0,0.0,0.0,0.24315409605199628,0.0,0.0,0.0,0.07053231114603165,0.0,0.08858577129744825,0.0,0.0,0.07256785693120402,0.0,0.0,0.0,0.0,0.0,0.0,0.0,0.0,0.0,0.0,0.06355236503497526,0.0,0.077088548103796,0.0,0.0,0.0,0.07256785693120402,0.07256785693120402,0.0,0.0,0.0,0.0,0.0,0.0,0.0,0.0,0.0,0.0,0.08858577129744825,0.08858577129744825,0.0,0.08858577129744825,0.08858577129744825,0.0,0.0,0.0,0.0,0.0823487888443298,0.0,0.0,0.0,0.04544413175936345,0.0,0.17021392349532086,0.0,0.026784303257452846,0.0,0.0,0.06862519574810208,0.0,0.0,0.0,0.0,0.0,0.0,0.0,0.0,0.042035999550053015,0.0,0.0,0.0,0.12123178422958145,0.0,0.0,0.0,0.0,0.0,0.0,0.09239621146804233,0.0,0.0,0.07256785693120402,0.0,0.0,0.08802478284383924,0.1336668255943689,0.0,0.0,0.0,0.0,0.12989805055117376,0.05444331269635948,0.0,0.06355236503497526,0.0,0.10984074146342931,0.05556448558687697,0.0,0.0,0.05356860651490569,0.0,0.0,0.0,0.0,0.0,0.16669345676063088,0.0,0.0,0.0,0.06204489777957944,0.0,0.0,0.09239621146804233,0.1839968640703958,0.0,0.0,0.0,0.04863081921039926,0.0,0.0,0.11450280415884585,0.1309727677818748,0.04863081921039926,0.0,0.030425025491373284,0.0,0.019628828922245902,0.09239621146804233,0.035260594522126605,0.12299144616141287,0.13203717426575887,0.08802478284383924,0.0,0.0,0.0,0.03361058191658671,0.0,0.0,0.0,0.0,0.08534705838419311,0.0,0.05959976115115708,0.031760303439944015,0.06722116383317342,0.02834686852012469,0.10984074146342931,0.0,0.07052118904425321,0.07055407413171143,0.0,0.0,0.025388620061850452,0.09272425595495452,0.0,0.06846306412579452,0.05614712299835329,0.057820465953864156,0.0,0.051674044865822104,0.023365460299177656,0.0478740754416095,0.01637159597273435,0.0,0.09880088740405549,0.01785123721389647,0.0063428740952846795,0.0,0.014457874262149638,0.025837022432911052,0.013916300648547994,0.1274551175058487,0.029344149590337768,0.1380648462081776,0.0,0.024609500137573403,0.04670999488246314,0.017128477846059212,0.05857922349024127,0.03988251188093803,0.06789588689098595,0.10126812662190161,0.050635529172984486,0.053841371038281315,0.07944509531674485,0.04718763418662792,0.03546914105714332,0.03867920025861642,0.06202815122634438
50,0.0,0.0,0.0,0.0,0.0,0.0,0.0,0.0,0.0,0.0,0.0,0.0,0.0,0.0,0.0,0.0,0.0,0.0,0.0,0.0,0.10045251489424047,0.10045251489424047,0.0,0.0,0.0,0.0,0.0,0.0,0.0,0.0,0.0,0.0,0.0,0.0,0.0,0.0,0.0,0.0,0.0,0.0,0.0,0.0,0.0,0.0,0.0,0.0,0.0,0.0,0.0,0.0,0.0,0.0,0.10045251489424047,0.0,0.0,0.0,0.0,0.0,0.0,0.0,0.0,0.0,0.0,0.0,0.0,0.0,0.0,0.0,0.0,0.0,0.0,0.0,0.11862487749505721,0.0,0.0,0.0,0.0,0.0,0.0,0.0,0.0,0.0,0.08388500989421047,0.0,0.0,0.0,0.0,0.08851527117812738,0.08851527117812738,0.0,0.0,0.0,0.0,0.0,0.0,0.08851527117812738,0.0,0.0,0.07631004039290028,0.0,0.0,0.0,0.0,0.0,0.0,0.0,0.0,0.0,0.0,0.0,0.09393985824200803,0.0,0.0,0.0,0.0,0.0,0.0,0.0,0.0,0.09393985824200803,0.0,0.0,0.0,0.0,0.09393985824200803,0.0,0.0,0.0,0.0,0.0,0.0,0.0,0.0,0.0,0.14628790437148315,0.0,0.0,0.21943185655722475,0.0,0.0,0.0,0.0,0.0,0.0,0.0,0.0,0.22893012117870085,0.0,0.0,0.0,0.0,0.0,0.0,0.06534435067126525,0.0,0.0,0.0,0.0,0.0,0.0,0.15971936516030866,0.0,0.0,0.1306887013425305,0.0,0.0,0.0,0.0,0.0,0.0,0.0,0.0,0.0,0.0,0.0,0.0,0.0,0.0,0.0,0.0,0.0,0.0,0.08851527117812738,0.0,0.0,0.0,0.08851527117812738,0.0,0.0,0.0,0.0,0.0,0.0,0.0,0.0,0.0,0.0,0.0,0.0,0.0,0.0,0.0,0.0,0.0,0.0,0.0,0.0,0.0,0.0,0.0,0.04809914227260914,0.0,0.0,0.0,0.0,0.0,0.0,0.0,0.0,0.07631004039290028,0.07631004039290028,0.0,0.0,0.0,0.0,0.0,0.0,0.0,0.0,0.0,0.0,0.0,0.0,0.0,0.0,0.0,0.0,0.0,0.0,0.0,0.0,0.08388500989421047,0.0,0.0,0.0,0.0,0.11862487749505721,0.0,0.0,0.0,0.07314395218574157,0.0,0.0,0.0,0.3917752399887181,0.0,0.0,0.0,0.0,0.07029344068541866,0.0,0.0,0.0,0.0,0.0,0.0,0.0,0.0,0.0,0.0,0.0,0.07631004039290028,0.0,0.0,0.0,0.12634798776448586,0.0,0.07985968258015433,0.0,0.07985968258015433,0.057583111510465274,0.0,0.0,0.0,0.0,0.0,0.0,0.0,0.12634798776448586,0.0,0.0,0.0,0.0,0.0,0.0,0.0,0.0,0.0,0.07314395218574157,0.07314395218574157,0.0,0.0,0.0,0.0,0.0,0.0,0.0,0.0,0.0,0.0,0.0,0.0,0.061170312165192135,0.11862487749505721,0.0,0.0,0.0,0.0,0.07029344068541866,0.0,0.0,0.0,0.0,0.09404458524685508,0.0,0.0,0.0,0.0,0.0,0.0,0.18008794805771672,0.0,0.061170312165192135,0.0,0.0,0.0,0.0,0.0,0.057583111510465274,0.0,0.0,0.0,0.0,0.05042925445672324,0.0,0.0,0.0,0.11516622302093055,0.0,0.0,0.0,0.0,0.07029344068541866,0.0,0.0,0.05169358728131803,0.0,0.0,0.06534435067126525,0.0,0.0,0.22045407601081896,0.0,0.0,0.0,0.0,0.0,0.0,0.05042925445672324,0.0544545817707794,0.0,0.0,0.0,0.0,0.0,0.04809914227260914,0.0,0.0,0.10006759543027378,0.11862487749505721,0.0,0.02698547528274978,0.0,0.04235007784082815,0.0,0.0,0.1089091635415588,0.07584302793222986,0.05042925445672324,0.0,0.05169358728131803,0.0,0.057583111510465274,0.05042925445672324,0.022493442138084584,0.06984829235051777,0.0,0.0,0.0,0.05042925445672324,0.0,0.1546125429259564,0.0,0.0,0.05042925445672324,0.0,0.08715941095073339,0.0,0.0,0.0,0.0,0.0,0.0,0.0,0.0,0.01567984161944923,0.0,0.0,0.0,0.0432011565253424,0.0,0.06296520242914404,0.0,0.10997557816443576,0.07300141129554047,0.04923306844907904,0.0,0.0,0.03858890153105195,0.09004397402885836,0.0,0.06814409318705499,0.12990978049633925,0.0,0.0986419892095887,0.0,0.0,0.0,0.0,0.0,0.09759458882546497,0.03492414617525889,0.0,0.15313307065537637,0.0,0.0,0.0,0.0,0.03239062956460332,0.0,0.0,0.0,0.01997283735690053,0.0,0.02520202706719462,0.10668094488551566,0.0,0.08715941095073339,0.03313501000006,0.027979532979977583,0.013996290127788694,0.05963625747763667,0.016336162397975848,0.02014605090934872,0.018394339436814625,0.06951276152058636,0.0,0.0891062842787562,0.04588095169690413,0.021650968506884243,0.0,0.018540659222945212,0.018994209979413323,0.06495489024816962,0.014697110377857344,0.0470395248583477,0.02833016783345466,0.010066231573350097,0.08283752500015,0.08030698366104895,0.04100372277117555,0.022085367432531228,0.012642067980036479,0.011642395886391505,0.046952331067878224,0.0,0.009763906849158678,0.027798535305927952,0.054366276835167225,0.05976389726750289,0.021098038223127735,0.05986207777381881,0.028698921426904302,0.03013473987722535,0.017801463137878976,0.06003833254164512,0.019823147964107703,0.046055480958617646,0.03906282671321796,0.03346945035904376
51,0.0,0.0,0.0,0.0,0.0,0.0,0.0,0.0,0.0,0.0,0.0,0.0,0.0,0.0,0.0,0.0,0.0,0.0,0.0,0.0,0.1048437988219177,0.0,0.0,0.0,0.0,0.0,0.0,0.0,0.1048437988219177,0.0,0.0,0.0,0.0,0.0,0.0,0.0,0.0,0.0,0.0,0.0,0.0,0.0,0.0,0.0,0.0,0.0,0.0,0.0,0.0,0.0,0.0,0.0,0.0,0.0,0.0,0.0,0.0,0.0,0.0,0.0,0.0,0.0,0.0,0.0,0.0,0.0,0.0,0.0,0.0,0.0,0.0,0.0,0.0,0.0,0.0,0.0,0.0,0.0,0.0,0.0,0.17510408994304705,0.0,0.0,0.0,0.08755204497152352,0.0,0.16670150076841864,0.0,0.0,0.0,0.0,0.0,0.0,0.0,0.0,0.0,0.0,0.09238471823067487,0.0,0.0,0.0,0.0,0.0,0.0,0.0,0.09804644123896653,0.0,0.0,0.0,0.0,0.0,0.0,0.09804644123896653,0.09804644123896653,0.0,0.0,0.0,0.0,0.0,0.0,0.0,0.0,0.0,0.0,0.09804644123896653,0.0,0.0,0.0,0.0,0.0,0.0,0.0,0.0,0.0,0.0,0.0,0.0,0.0,0.0,0.0,0.0,0.07336632001181481,0.0,0.0,0.0,0.0,0.0,0.0,0.0,0.0,0.07066673553750948,0.0,0.0,0.068200880417378,0.0,0.0,0.0,0.08335075038420932,0.0,0.0,0.0,0.0,0.0,0.136401760834756,0.0,0.0,0.0,0.0,0.0,0.0,0.0,0.0,0.0,0.0,0.0,0.0,0.0,0.0,0.1318712928658931,0.0,0.0,0.09238471823067487,0.0,0.0,0.0,0.0,0.0,0.0,0.0,0.0,0.09238471823067487,0.0,0.0,0.0,0.0,0.0,0.0,0.056835065026675666,0.0,0.0,0.0,0.0,0.0,0.0,0.0,0.0,0.0,0.0,0.14673264002362962,0.0,0.05020179734918084,0.11478316301523761,0.0,0.0,0.07634144168591192,0.0,0.0,0.0,0.0,0.0,0.0,0.12020071702733298,0.0,0.0,0.08335075038420932,0.0,0.0,0.0,0.0,0.14133347107501895,0.07066673553750948,0.0,0.0,0.05395337360156523,0.0,0.0,0.0,0.0,0.0,0.0,0.0,0.0,0.0,0.0,0.0,0.0,0.0,0.0,0.0,0.0,0.07634144168591192,0.0,0.0,0.0,0.05841452904820742,0.0,0.0,0.0,0.0,0.0,0.0,0.0,0.07634144168591192,0.0,0.07634144168591192,0.0,0.0,0.0,0.0,0.07964593550961832,0.0,0.07964593550961832,0.05841452904820742,0.0,0.0,0.0,0.0,0.08335075038420932,0.08335075038420932,0.0,0.0,0.0,0.0,0.0,0.0,0.0,0.0,0.0,0.0,0.07527323326274576,0.2944672391614944,0.0,0.0,0.0,0.0,0.0,0.0,0.0,0.0,0.07634144168591192,0.0,0.0,0.0,0.0,0.07634144168591192,0.0,0.0,0.0,0.0,0.0,0.0,0.0,0.0,0.0,0.0,0.0,0.05395337360156523,0.07336632001181481,0.0,0.07336632001181481,0.0,0.0,0.0,0.19631149277432963,0.0,0.0,0.0,0.0,0.0,0.0,0.0,0.0,0.0,0.1276887474499461,0.0,0.0,0.0,0.0,0.06010035851366649,0.0,0.035887323793560584,0.0,0.0,0.21053508175744576,0.0,0.18571584998833365,0.12020071702733298,0.0,0.0,0.0,0.0,0.07336632001181481,0.0,0.0,0.0,0.05395337360156523,0.0,0.05841452904820742,0.068200880417378,0.0,0.0,0.1380547385145174,0.0,0.0,0.0,0.0,0.0,0.0,0.0,0.056835065026675666,0.0,0.05263377043936144,0.0,0.0,0.0,0.0,0.1440262013857261,0.0,0.1044420525950039,0.06190528332944455,0.0,0.0,0.0,0.0,0.0,0.0,0.0,0.15831701517764007,0.10526754087872288,0.0,0.0,0.0,0.0,0.05263377043936144,0.14086046077516384,0.03645085600376571,0.0,0.1840729846860232,0.0,0.05263377043936144,0.046990124180300095,0.08068571684313057,0.0,0.0,0.0,0.04517032976123289,0.09096958654321838,0.0460182461715058,0.08840282487523705,0.0,0.0,0.0,0.0,0.0,0.0,0.0,0.0,0.0,0.0,0.0,0.0,0.03285886382841075,0.10040359469836169,0.07652210867682507,0.09524083702189806,0.0,0.0,0.046953486925054605,0.0,0.046990124180300095,0.04800873379524204,0.04741534249310096,0.09491215261248799,0.04027581622162425,0.0,0.0,0.0460182461715058,0.0,0.0,0.0,0.0763957038385071,0.0,0.03645085600376571,0.03196545725047909,0.0,0.0,0.027836126192273127,0.07891120272656232,0.0,0.0,0.0,0.0,0.0,0.02468012122715171,0.026303734242187442,0.08350837857681939,0.046953486925054605,0.0,0.0,0.0,0.014608138262700746,0.06224325780255718,0.0,0.0,0.01919844839530278,0.04836767562659374,0.01890026279268141,0.09300156748217131,0.0,0.022597441077760395,0.0,0.019351164554145515,0.0,0.09491215261248799,0.09203756931373411,0.11455700371741782,0.014784310875885227,0.01050627711095429,0.017291753850394175,0.1077654924537757,0.021398100713042982,0.04610165952424949,0.07916829758144447,0.024302686964145667,0.09800970653414565,0.0,0.02038147250941212,0.04835624816075481,0.014185724959708724,0.05544575766105109,0.01101016971716236,0.03748736990281226,0.023962796333421778,0.020968053801772194,0.04087523989063682,0.04386403671086568,0.01839085983930174,0.050739286076144946,0.023297405173538514,0.04931656676826314
52,0.0,0.0,0.0,0.0,0.0,0.0,0.1743535314496117,0.0,0.0,0.0,0.0,0.10439440095967809,0.0,0.0,0.0,0.0,0.0,0.0,0.0,0.0,0.0,0.0,0.0,0.0,0.10439440095967809,0.0,0.0,0.0,0.0,0.0,0.0,0.0,0.0,0.0,0.0,0.0,0.0,0.0,0.0,0.0,0.0,0.0,0.10439440095967809,0.0,0.0,0.0,0.0,0.0,0.0,0.0,0.10439440095967809,0.0,0.0,0.0,0.0,0.0,0.0,0.0,0.0,0.05116503746630559,0.0,0.0,0.0,0.0,0.0,0.0,0.08717676572480584,0.0,0.0,0.0,0.0,0.0,0.0,0.0,0.0,0.0,0.0,0.0,0.0,0.0,0.0,0.0,0.0,0.0,0.1743535314496117,0.0,0.0,0.0,0.0,0.0,0.0,0.0,0.0,0.0,0.0,0.0,0.0,0.0,0.0,0.05816414357216617,0.0,0.0,0.0,0.0,0.0,0.0,0.0,0.0,0.0,0.0,0.0,0.0,0.0,0.0,0.0,0.0,0.0,0.09762617927223032,0.0,0.0,0.0,0.0,0.0,0.0,0.0,0.0,0.0,0.0,0.0,0.0,0.0,0.0,0.0,0.0,0.0,0.0,0.0,0.0,0.0,0.0,0.0,0.0,0.0,0.0,0.0,0.0,0.0,0.0,0.0,0.2037256414617748,0.35181916370394256,0.0,0.0,0.06790854715392493,0.0,0.0,0.0,0.0,0.0,0.0,0.0,0.0,0.0,0.0,0.08717676572480584,0.0,0.0,0.0,0.0,0.0,0.0,0.0,0.08717676572480584,0.08717676572480584,0.0,0.0,0.0,0.0,0.13130604553824365,0.0,0.0,0.0,0.0,0.0,0.0,0.0,0.0,0.09198872442519485,0.0,0.0,0.0,0.09198872442519485,0.0,0.0,0.0,0.0,0.0,0.0,0.0,0.0,0.0,0.0,0.0,0.0,0.07601421507757229,0.0,0.0,0.0,0.0,0.14610369166914086,0.04998661456619499,0.07619410766541719,0.0,0.0,0.0,0.07601421507757229,0.0,0.0,0.0,0.0,0.0,0.0,0.0,0.0,0.0,0.0,0.0,0.0,0.0,0.07036383274078852,0.0,0.0,0.0,0.05372211022662454,0.0,0.0,0.0,0.0,0.0,0.0,0.0,0.0,0.0,0.0,0.0,0.0,0.0,0.0,0.06565302276912183,0.0,0.07601421507757229,0.0,0.0,0.0,0.05816414357216617,0.0,0.06790854715392493,0.0,0.0,0.0,0.0,0.0,0.0,0.0,0.0,0.0,0.0,0.06357071400078884,0.0,0.0,0.07930454466384315,0.0,0.0,0.0,0.0,0.06565302276912183,0.0,0.0,0.0,0.08299347938239875,0.0,0.0,0.0,0.0,0.0,0.0,0.07305184583457043,0.1849198057119284,0.0,0.0,0.04886750794981701,0.0,0.0,0.0,0.0,0.0,0.0,0.0,0.0,0.07601421507757229,0.0,0.0,0.0,0.07601421507757229,0.15202843015514458,0.0,0.0,0.0,0.0,0.07930454466384315,0.0,0.28072225810247026,0.0,0.0,0.0,0.0,0.21488844090649817,0.0,0.0,0.07305184583457043,0.0,0.0,0.0,0.0,0.0,0.0,0.0,0.0,0.0,0.0,0.0,0.0,0.0,0.0,0.0,0.0,0.0,0.0,0.0,0.0,0.03573349794238439,0.0,0.0,0.05240816335355528,0.0,0.0,0.05984274697212217,0.0,0.0,0.0,0.0,0.07305184583457043,0.0,0.0,0.0,0.0,0.0,0.0,0.0,0.0,0.0,0.0,0.0,0.0,0.0467887077723648,0.0,0.0,0.11022772837557858,0.05240816335355528,0.0,0.0,0.0,0.0,0.0,0.0,0.0,0.0,0.0,0.03466479225339206,0.0,0.0,0.0,0.04998661456619499,0.0,0.0,0.11022772837557858,0.0,0.039409603016356286,0.05240816335355528,0.038097053832708595,0.0,0.0,0.0,0.05240816335355528,0.023376113778721893,0.0,0.0,0.04582099557885399,0.0,0.0,0.0,0.0,0.0,0.0,0.0,0.11993790304081046,0.0,0.22910497789426995,0.0,0.0,0.0,0.0,0.0,0.0,0.0,0.0,0.0,0.0,0.09548532574827945,0.0,0.0,0.032718019035241894,0.0,0.0,0.01896652017481241,0.0,0.0,0.09350445511488757,0.0,0.0467887077723648,0.0,0.141636310344102,0.0,0.0,0.0,0.0,0.0,0.11330775973812159,0.0,0.0,0.0,0.03629461465283259,0.18147307326416295,0.03182844191609315,0.0,0.0,0.0,0.026190987069057668,0.0336616795872522,0.0,0.0,0.0,0.0,0.02457433343765988,0.0,0.027716810641478486,0.023376113778721893,0.030193219498718307,0.0,0.0,0.014545522579366825,0.030988230515729766,0.016977214451148477,0.0,0.019116157007885378,0.12040088635634957,0.0188192495349567,0.06945219723082975,0.0,0.13500348238285645,0.042612761664755625,0.09634109285440456,0.0,0.09450532532309283,0.0,0.0,0.1177675204318936,0.04184497386163631,0.0,0.13114880921029365,0.021306380832377812,0.022952025696129925,0.026276318020647293,0.0,0.08132466835453124,0.0,0.030441165388955152,0.06740856648244517,0.014124919890235416,0.0207030365236926,0.03288892862533142,0.03732668568414975,0.02982510406737784,0.0574149874521615,0.05550004643809724,0.043676019827191465,0.03204605261210653,0.03722658905003451,0.023197544197511674,0.06342752209848243
53,0.0,0.0,0.0,0.0,0.0,0.0,0.18737483504416344,0.0,0.0,0.0,0.0,0.0,0.0,0.0,0.0,0.0,0.0,0.11219092321629888,0.0,0.0,0.0,0.0,0.0,0.0,0.0,0.0,0.0,0.0,0.0,0.0,0.0,0.0,0.0,0.0,0.0,0.0,0.0,0.0,0.0,0.0,0.0,0.0,0.0,0.0,0.0,0.0,0.0,0.0,0.11219092321629888,0.0,0.0,0.0,0.0,0.0,0.0,0.0,0.0,0.11219092321629888,0.0,0.0,0.0,0.0,0.0,0.0,0.0,0.0,0.0,0.0,0.0,0.0,0.0,0.0,0.0,0.0,0.0,0.0,0.0,0.07850760147568424,0.0,0.0,0.0,0.0,0.0,0.0,0.09368741752208172,0.0,0.08919170939484161,0.0,0.0,0.0,0.0,0.0,0.0,0.0,0.0,0.0,0.0988587493570511,0.0,0.0,0.0,0.0,0.0,0.0,0.0,0.0,0.0,0.0,0.0,0.0,0.10491722814580721,0.0,0.0,0.0,0.0,0.0,0.0,0.0,0.0,0.0,0.0,0.0,0.0,0.0,0.0,0.0,0.0,0.0,0.0,0.10491722814580721,0.0,0.0,0.10491722814580721,0.0,0.0,0.0,0.0,0.0,0.0,0.0,0.0,0.0,0.0,0.0,0.0,0.0,0.0,0.0,0.07298018408495972,0.0,0.2189405522548792,0.0,0.0,0.0,0.07298018408495972,0.06250803592394885,0.0,0.0,0.0,0.0,0.0,0.0,0.0,0.0,0.0,0.0,0.0,0.0,0.0,0.0,0.0,0.0,0.0,0.0,0.0,0.0,0.0,0.0,0.0,0.14111241922358328,0.0,0.0,0.0,0.0,0.0,0.0,0.0,0.0,0.0988587493570511,0.0,0.0,0.0,0.0,0.0,0.0,0.0,0.0,0.0,0.0,0.0,0.0,0.0,0.0,0.052517096527881654,0.0,0.0,0.0,0.0,0.0,0.0,0.15701520295136848,0.0,0.0,0.0,0.0,0.0,0.0,0.0,0.0,0.0,0.0,0.0,0.0,0.0,0.0,0.0,0.08919170939484161,0.0,0.0,0.0,0.0756188385934165,0.0756188385934165,0.0,0.0,0.0,0.0,0.0,0.0,0.0,0.0,0.0,0.09368741752208172,0.0,0.0,0.09368741752208172,0.09368741752208172,0.09368741752208172,0.0,0.0,0.0,0.0,0.0,0.0,0.0,0.0,0.0,0.0,0.14596036816991945,0.0,0.0,0.15701520295136848,0.0,0.0,0.0,0.0,0.0,0.0,0.0,0.0,0.0,0.0,0.0,0.08522727272051016,0.0,0.0,0.0,0.07055620961179164,0.0,0.0,0.0,0.08919170939484161,0.0,0.0,0.0,0.07298018408495972,0.0,0.0,0.0,0.13248682262064387,0.14111241922358328,0.0,0.0,0.0,0.0,0.0,0.0,0.0,0.0,0.0608178880205563,0.0,0.0816912103399979,0.0,0.0,0.0,0.0,0.0,0.05922995149552185,0.0,0.0,0.0,0.0,0.0,0.25858931415881115,0.0,0.0,0.0,0.0,0.05773425670386992,0.0,0.07850760147568424,0.07850760147568424,0.0,0.0,0.0,0.0,0.0,0.0,0.0,0.0,0.0,0.0,0.0,0.0,0.0,0.0,0.0,0.0,0.0,0.06431200302777679,0.0,0.05498621321615223,0.23041316892764802,0.0,0.0,0.16896653967994857,0.06624341131032194,0.0,0.0,0.0,0.0,0.07850760147568424,0.0,0.07850760147568424,0.0,0.0,0.06250803592394885,0.0,0.23194254408171033,0.06250803592394885,0.0,0.0,0.0,0.0,0.0,0.18919563482295856,0.050283044615646914,0.0,0.0,0.0,0.05632217989331619,0.0,0.053719781761138646,0.0,0.0,0.0,0.0,0.0,0.0,0.0,0.0,0.0,0.0,0.030138870973910256,0.0,0.0,0.0,0.0,0.1216357760411126,0.04235284369034884,0.0,0.0,0.0,0.0,0.06431200302777679,0.16896653967994857,0.0,0.0,0.0,0.0,0.0,0.0,0.0,0.0,0.0,0.0,0.0,0.11278335766758386,0.0,0.04924306044600182,0.0,0.0,0.0,0.0,0.0,0.0,0.0,0.05253634244070731,0.0,0.0,0.06841099235737876,0.0,0.05498621321615223,0.0,0.0,0.0,0.06114900959395259,0.0,0.0,0.10048767987306209,0.0,0.0,0.0,0.0,0.0,0.04309821902646852,0.0,0.0,0.0,0.0869785438390406,0.0,0.0,0.0,0.07801043520052119,0.0,0.0,0.0,0.041634713604507254,0.05957358911767441,0.0,0.036175646157151076,0.0,0.10124302982280227,0.0,0.0,0.026409626670122973,0.0,0.05957358911767441,0.20097535974612418,0.0,0.0,0.0,0.04689549224406174,0.06660506997385866,0.0,0.0450004472871984,0.041087630818260994,0.0,0.04044946779052251,0.04975941273412966,0.0,0.0,0.06869283737465375,0.0,0.0,0.043527127889398484,0.04924363666672728,0.035024228293804874,0.07910174492530818,0.0056212620197324484,0.0,0.12813039996538264,0.04579522491643583,0.03699923935854977,0.028238721141760566,0.02600574299845217,0.03495930639605184,0.008916723112439628,0.032714613210779744,0.14488572637672054,0.015179816046397484,0.08158043073778942,0.07069036714902129,0.026742911427001755,0.019231525424244143,0.01121871460450206,0.03578698507504779,0.06034871667449386,0.017219679383854016,0.048579679589066165,0.02181376243794519,0.08355648524872322
54,0.08786801654832714,0.0,0.0,0.15692613498633093,0.0,0.05909071658984636,0.0,0.0,0.0,0.0,0.0,0.0,0.0,0.0,0.0,0.0,0.0,0.0,0.0,0.0,0.0,0.0,0.0,0.0,0.0,0.0,0.0,0.0,0.0,0.0,0.0,0.09395972493708891,0.0,0.0,0.0,0.0,0.0,0.0,0.0,0.0,0.0,0.0,0.0,0.0,0.0,0.0,0.0,0.0,0.0,0.0,0.0,0.0,0.0,0.0,0.0,0.0,0.0,0.0,0.0,0.1381526059597808,0.0,0.0,0.0,0.0,0.0,0.0,0.0,0.0,0.0,0.0,0.0,0.0,0.0,0.1314999899930271,0.0,0.0,0.0,0.0,0.0,0.0,0.0,0.0,0.0,0.0,0.0,0.0,0.0,0.0,0.0,0.0,0.0,0.0,0.0,0.0,0.0,0.0,0.0,0.0,0.07137770928685985,0.26175191777540585,0.0,0.0,0.0,0.0,0.0,0.08786801654832714,0.0,0.0,0.0,0.0,0.0,0.0,0.0,0.0,0.0,0.0,0.0,0.0,0.0,0.0,0.08786801654832714,0.0,0.0,0.0,0.0,0.0,0.0,0.0,0.0,0.0,0.0,0.0,0.0,0.0,0.0,0.06841626250392571,0.0,0.0,0.0,0.0,0.0,0.0,0.0,0.0,0.0,0.07137770928685985,0.0,0.0,0.0,0.061120791467778296,0.06333066054373389,0.0,0.0,0.24448316587111318,0.0,0.0,0.0,0.0746979188793287,0.0,0.0,0.0,0.0,0.0,0.0,0.0,0.0,0.0,0.0,0.0,0.0,0.0,0.0,0.0,0.0,0.0,0.0,0.0,0.0,0.0,0.0,0.0,0.0,0.0,0.0,0.0,0.0,0.0,0.0,0.0,0.0,0.0,0.0,0.0,0.0,0.0,0.0,0.0,0.0,0.0,0.0,0.0,0.0,0.0,0.0,0.0,0.0,0.0,0.0,0.0,0.06574999499651354,0.0,0.06857817404244448,0.0992099858172456,0.0,0.0,0.0,0.0,0.0,0.0,0.0,0.0,0.0,0.05235038355508117,0.0,0.0,0.0,0.0,0.0,0.0,0.0,0.0,0.0,0.0,0.19340940332166945,0.0,0.0,0.0,0.0,0.0,0.0,0.0,0.07846306749316546,0.0,0.07846306749316546,0.07846306749316546,0.0,0.0,0.0,0.0,0.0,0.0,0.0,0.0,0.0,0.0,0.0,0.12224158293555659,0.0,0.0,0.0,0.0,0.0,0.0,0.0,0.0,0.0,0.0,0.0,0.0,0.0,0.0,0.0,0.0,0.0,0.0,0.1772721497695391,0.0,0.0,0.0,0.0,0.0,0.0,0.0,0.0,0.0,0.0,0.0,0.0,0.0,0.06745894723355235,0.0,0.0,0.0,0.06333066054373389,0.0,0.0,0.0,0.10186977459217421,0.0,0.13683252500785142,0.0,0.0,0.0,0.0,0.0,0.0496049929086228,0.04716973868225033,0.0,0.0,0.0,0.0,0.14437876751216863,0.05721654367149008,0.05547875467262447,0.0,0.0,0.0,0.0,0.0,0.06574999499651354,0.0,0.0,0.0,0.0,0.0,0.0,0.0,0.0,0.0,0.0,0.0,0.0,0.0,0.0,0.0,0.0,0.0,0.0,0.0,0.09210173730652052,0.16080889429133724,0.0,0.0,0.0,0.0,0.0,0.0,0.0,0.0,0.0,0.0,0.0,0.0,0.0,0.10470076711016234,0.04835235083041736,0.0,0.0,0.0,0.0,0.04835235083041736,0.08248197415483238,0.0,0.0396127629973022,0.16844788885378123,0.0,0.0,0.0496049929086228,0.0,0.0,0.08998046853087564,0.0,0.0,0.0,0.0,0.0,0.0,0.0,0.031199894967433053,0.0,0.0,0.025241257897159516,0.0,0.0,0.0,0.0,0.0,0.0,0.0,0.13715634808488897,0.0,0.0,0.0,0.09433947736450066,0.0,0.0,0.0,0.0,0.04499023426543782,0.04716973868225033,0.0,0.0,0.0,0.0,0.0,0.21589917228604102,0.0,0.0,0.0,0.0,0.0,0.0,0.0,0.0,0.016552808977496898,0.337326476743251,0.0,0.0,0.28647050226068427,0.08081766371621288,0.0,0.08834313068835432,0.0,0.13715634808488897,0.017070733700818366,0.0,0.0,0.14727698424330357,0.03609469187804216,0.08422394442689062,0.0,0.0,0.0,0.10828407563412648,0.0,0.0,0.0,0.0874132753729671,0.0,0.0,0.0,0.03266680950441945,0.0653336190088389,0.08594115067820528,0.0,0.03486900834724256,0.0,0.02357308359660039,0.151485238952627,0.0,0.0,0.0,0.0,0.02211802155181359,0.0,0.0,0.021039569177614795,0.0,0.0,0.026171064262898155,0.05236653644485791,0.027890821622413308,0.0,0.018843902554395157,0.08602706839655462,0.04334651690216162,0.0,0.02083671566065994,0.0,0.0,0.019176715072950365,0.0,0.10659906804375956,0.012151300796127197,0.0,0.014666368554054392,0.06624758921803724,0.009415596521210086,0.0,0.03219270362972873,0.0,0.0,0.023649885347137547,0.010889884800253637,0.014639182559499786,0.022403225509689765,0.02739843804281625,0.09533980664475374,0.025426144993303833,0.012422451774209664,0.029601536660048285,0.033595720531511344,0.021475163791385886,0.004697828078098823,0.019981029822982412,0.022463092008134053,0.012361247049950275,0.03350562899286428,0.020878848405443077,0.07366150248361805
55,0.0,0.0,0.0,0.0,0.0,0.0,0.0,0.0,0.0,0.1133914978383939,0.0,0.0,0.0,0.0,0.0,0.0,0.0,0.0,0.0,0.0,0.0,0.0,0.0,0.0,0.1133914978383939,0.0,0.0,0.0,0.0,0.0,0.0,0.0,0.0,0.0,0.0,0.0,0.0,0.0,0.0,0.0,0.0,0.1133914978383939,0.0,0.0,0.0,0.0,0.0,0.1133914978383939,0.0,0.0,0.0,0.0,0.0,0.0,0.0,0.0,0.0,0.0,0.0,0.0,0.0,0.0,0.0,0.0,0.0,0.0,0.0,0.0,0.0,0.0,0.0,0.0,0.0,0.0,0.0,0.0,0.0,0.0,0.0,0.0,0.0,0.0,0.0,0.0,0.0,0.0,0.0,0.0,0.0,0.0,0.0,0.0,0.0,0.09991665406313241,0.0,0.0,0.0,0.0,0.0,0.0,0.0,0.0,0.0,0.0,0.0,0.0,0.10603996568928534,0.0,0.0,0.0,0.0,0.10603996568928534,0.0,0.0,0.0,0.0,0.0,0.0,0.10603996568928534,0.0,0.0,0.0,0.0,0.0,0.0,0.0,0.0,0.0,0.10603996568928534,0.0,0.0,0.0,0.0,0.0,0.08256540221908014,0.0,0.0,0.08256540221908014,0.0,0.22928414689241686,0.0,0.0,0.0,0.0,0.0,0.0,0.0,0.07376115775391957,0.0,0.0,0.0,0.0,0.0,0.0,0.0,0.0,0.0,0.0,0.0,0.0,0.0,0.0,0.0,0.0,0.0,0.0,0.0,0.09468998290493161,0.09468998290493161,0.0,0.0,0.0,0.09468998290493161,0.0,0.0,0.0,0.0,0.0,0.07131124390746117,0.07131124390746117,0.0,0.0,0.09991665406313241,0.0,0.09991665406313241,0.0,0.0,0.0,0.0,0.0,0.09991665406313241,0.0,0.0,0.0,0.0,0.0,0.0,0.0,0.0,0.0,0.0,0.0,0.05307909113056382,0.0,0.0,0.0,0.07376115775391957,0.0,0.0,0.0793477250014666,0.0,0.08276079861772069,0.0,0.0,0.0,0.16513080443816028,0.0,0.0,0.0,0.0,0.0,0.0,0.0,0.0,0.1802923308430099,0.0,0.0,0.09014616542150496,0.0,0.0,0.0,0.0,0.0,0.05835208104684774,0.0,0.0,0.05307909113056382,0.06146871083967265,0.0,0.0,0.0,0.0,0.0,0.09468998290493161,0.09468998290493161,0.0,0.0,0.0,0.0,0.0,0.0,0.0,0.0,0.07642804896413895,0.06317694531034024,0.0,0.07376115775391957,0.0,0.0,0.0,0.0,0.07642804896413895,0.0,0.0,0.16513080443816028,0.08256540221908014,0.0,0.06904947404209745,0.0,0.0,0.0,0.0,0.0,0.0,0.0,0.0,0.0,0.0,0.0,0.0,0.0,0.0,0.0,0.0,0.0,0.0,0.0,0.0,0.0,0.04070505248145031,0.0,0.0,0.0,0.0,0.0,0.0,0.0,0.0,0.0,0.0,0.0,0.0,0.0,0.0,0.08256540221908014,0.29931890764568236,0.0,0.0,0.0,0.0,0.0,0.174237682317903,0.0,0.2678091743989129,0.0,0.06317694531034024,0.0,0.0,0.0,0.0,0.0,0.0,0.0,0.0,0.0,0.0,0.0,0.0,0.0,0.0,0.05082113223946323,0.0,0.0,0.0,0.0,0.0,0.04280606885197941,0.0650002169805436,0.0,0.1111492605336719,0.0776262868016677,0.0,0.0,0.0,0.0,0.0,0.0,0.0,0.0,0.0,0.0,0.0793477250014666,0.0,0.0,0.0,0.0,0.0,0.0,0.0,0.0,0.05835208104684774,0.04977001901796918,0.0,0.0,0.0,0.0,0.0,0.059863781529136476,0.0,0.0,0.054294646508107204,0.0,0.0,0.0,0.0,0.054294646508107204,0.0,0.0,0.0,0.0,0.0,0.0,0.054294646508107204,0.14341518771331666,0.0,0.059863781529136476,0.06146871083967265,0.12841820655593825,0.0,0.041380399308860345,0.0,0.0,0.0,0.05692489335624598,0.0,0.0,0.0,0.0,0.054294646508107204,0.17077468006873797,0.0,0.0,0.0,0.059863781529136476,0.0,0.14655892118656144,0.0,0.0,0.0,0.0,0.023991138735950407,0.0,0.0,0.10384557399744251,0.0,0.1238966003269326,0.0,0.0,0.069143070309338,0.0,0.0,0.0355377793311359,0.0,0.0,0.16480900214062422,0.05557463026683595,0.0,0.0,0.04355942057947575,0.0,0.05192278699872126,0.051281017725668315,0.014664306423632877,0.0871188411589515,0.0,0.0,0.04977001901796918,0.01758186327907568,0.0,0.0,0.0,0.07884523846334636,0.03942261923167318,0.034571535154669,0.0,0.08416050786186546,0.0,0.08534467058554822,0.10968830415423036,0.0,0.0,0.0382233784227837,0.0,0.0,0.028448223528516076,0.06021109647737323,0.0,0.0,0.018701514933462296,0.0,0.015799109693187794,0.0,0.0,0.02274100245817306,0.06229097507466699,0.0,0.0,0.025145948440961366,0.0,0.09775905565857607,0.02314264379975437,0.10464412575506012,0.0857631856042714,0.05865722569453151,0.016590200468311018,0.1238966003269326,0.04796893589021577,0.022725664497141314,0.0,0.0,0.0,0.024930116444795807,0.04281136292726086,0.01314201749329404,0.017666706013271166,0.0180242850409643,0.033064697988287046,0.05229863349482909,0.07671128951732505,0.08994920415822724,0.07144683708787784,0.05405818396593219,0.019437325329500366,0.005669384012347374,0.02009441546629498,0.037274428161219515,0.02237650736657823,0.05487595558414739,0.03464559263238878,0.03778054847143843
56,0.0676903404760404,0.1353806809520808,0.0,0.0,0.0,0.0,0.0,0.0,0.0,0.0,0.0,0.0,0.0,0.0,0.0,0.07238317219245048,0.0,0.0,0.0,0.0,0.0,0.0,0.0,0.0,0.0,0.0,0.0,0.0,0.0,0.0,0.0,0.0,0.0,0.0,0.0,0.0,0.0,0.0,0.0,0.0,0.0,0.0,0.0,0.0,0.0,0.0,0.0,0.0,0.0,0.0,0.0,0.0,0.0,0.0,0.0,0.0,0.0,0.0,0.0,0.42571107451487583,0.040328841210906054,0.0,0.0,0.0,0.0,0.0,0.0,0.0,0.0,0.0,0.0,0.0,0.0,0.20260566802092847,0.0,0.0,0.0,0.0,0.0,0.0,0.0,0.0,0.0,0.0,0.0,0.0,0.0,0.0,0.0,0.1275630803687364,0.0,0.0,0.0,0.0,0.0,0.0,0.0,0.0,0.0,0.0,0.0,0.0,0.1659708880450564,0.0,0.0,0.0,0.0676903404760404,0.0,0.0676903404760404,0.0,0.0,0.0,0.0,0.0,0.0,0.0,0.0,0.0,0.0,0.0,0.0,0.0,0.0,0.0,0.0,0.0,0.0,0.0,0.0,0.0,0.0,0.0,0.0,0.0,0.05270541301500513,0.0,0.0,0.0,0.0,0.04878764928556362,0.0,0.0,0.0,0.0,0.0,0.0,0.0,0.23542623056385267,0.0,0.0,0.0,0.0,0.0,0.0,0.0,0.0,0.0,0.0,0.0,0.0,0.0,0.0,0.0,0.0,0.0,0.0,0.0,0.0,0.0,0.0,0.0,0.0,0.0,0.0,0.0,0.0,0.0,0.0,0.0,0.18208539953738423,0.0,0.0,0.0,0.0,0.0637815401843682,0.0,0.0,0.0,0.0,0.0,0.0,0.0,0.0,0.0,0.0,0.0,0.0,0.0,0.0,0.0,0.0,0.0,0.0,0.0,0.0,0.0,0.09417049222554107,0.0,0.0,0.15195425101569635,0.0,0.3698110066389817,0.07642778319570874,0.0,0.0,0.0,0.0,0.0,0.0,0.0,0.0,0.0,0.0,0.0,0.0,0.0,0.0,0.0,0.0,0.0,0.0,0.0,0.0,0.18624450733605513,0.0,0.0,0.0,0.0,0.0,0.18208539953738423,0.0,0.0,0.0,0.0,0.0,0.06044510803866579,0.04273882512087003,0.0,0.0,0.0,0.0,0.0,0.0,0.0,0.08065768242181211,0.0,0.04708524611277053,0.09417049222554107,0.0,0.10130283401046423,0.0,0.0,0.0,0.0,0.0,0.0,0.0,0.0,0.05498680445768363,0.0,0.0,0.05498680445768363,0.08065768242181211,0.0,0.0,0.04552134988434606,0.0,0.0,0.0,0.0,0.0,0.0,0.0,0.09417049222554107,0.0,0.0,0.0,0.0,0.04552134988434606,0.23385569386869265,0.0,0.0,0.0,0.0,0.0,0.0,0.2354303646732211,0.0,0.0,0.0,0.0,0.0,0.0,0.0,0.0,0.0,0.07267571972132256,0.05498680445768363,0.0,0.0,0.0,0.02780604454931172,0.17631021953728776,0.0,0.0,0.0,0.07449780293442206,0.0,0.0,0.0,0.0,0.0,0.0,0.0,0.0,0.0,0.0,0.0829854440225282,0.03821389159785437,0.0,0.0,0.0,0.0,0.0,0.0,0.0,0.0,0.0,0.0,0.0,0.09910508267972,0.0,0.0,0.0,0.0,0.0,0.0,0.0,0.0,0.0,0.0,0.0,0.0,0.0,0.0,0.0,0.0,0.0,0.0,0.04708524611277053,0.0,0.06354112830811205,0.051967931970820586,0.0,0.03244153958656684,0.0,0.0,0.0,0.0,0.0,0.0,0.0,0.0,0.0,0.0,0.0,0.0,0.0,0.0,0.0,0.0,0.0,0.03465884852253769,0.03051623923944292,0.0,0.0,0.0,0.0,0.0,0.13207535951392202,0.0,0.0,0.0,0.03633785986066128,0.0,0.0,0.0,0.031770564154056026,0.03465884852253769,0.0,0.0,0.0,0.0,0.0,0.0,0.07276539816644863,0.0,0.0,0.0,0.0,0.0,0.020934848860949103,0.0,0.0,0.0,0.045193758546945816,0.0,0.0,0.022068650910883905,0.0,0.0709518457524793,0.022685450405893967,0.0,0.026415071902784408,0.0,0.0,0.0,0.01620812278513944,0.0,0.03244153958656684,0.0,0.16367553154343847,0.0,0.0,0.0,0.01739636773476686,0.031770564154056026,0.0,0.0,0.020161240917525143,0.0,0.07549598401611593,0.0,0.04413730182176781,0.0,0.02686182230810444,0.0,0.018159850619211708,0.0,0.009850646046657457,0.0,0.024399795706876583,0.0,0.0,0.0,0.03843559920541294,0.0,0.0,0.0,0.0,0.07059724842223113,0.021486079758489887,0.0,0.0,0.05301771250717288,0.016696294071597662,0.0,0.03210370355171894,0.049590726979712396,0.0,0.0295460947792326,0.0,0.0,0.04680461221428869,0.0,0.06779063782041872,0.020413898235289926,0.014506869719887086,0.0,0.01653339599657464,0.0295460947792326,0.00795703798698077,0.03643803181756325,0.00838917320352396,0.028193741325617718,0.034517268559905494,0.0070355884218307515,0.05341551796528863,0.03917476413373469,0.014354711017306784,0.022803952721871332,0.00862697581610996,0.008271844556876597,0.021714220572818833,0.017958106097398917,0.021630941580132956,0.011109767013301646,0.03318624538313956,0.01809484798261734,0.022698462439290055
57,0.0,0.0,0.0,0.0,0.0,0.0,0.08056609838826378,0.0,0.0,0.0,0.0,0.0,0.0,0.0,0.0,0.09647810983779205,0.0,0.0,0.0,0.0,0.0,0.0,0.0,0.0,0.0,0.0,0.0,0.0,0.0,0.0,0.0,0.0,0.0,0.0,0.0,0.0,0.0,0.0,0.0,0.0,0.0,0.0,0.0,0.0,0.0,0.0,0.0,0.0,0.0,0.0,0.0,0.0,0.0,0.0,0.0,0.0,0.0,0.0,0.0,0.04728516145646168,0.05375352107575194,0.07329083265365516,0.0,0.0,0.0,0.0,0.0,0.0,0.0,0.15340006640333687,0.0,0.15340006640333687,0.0,0.0675122797917425,0.0,0.0,0.0,0.0,0.0,0.0,0.0,0.0,0.0,0.0,0.0,0.0,0.0,0.17002632664869116,0.0,0.08501316332434558,0.0,0.0,0.0,0.0,0.0,0.0,0.0,0.0,0.0,0.0,0.0,0.0,0.0,0.0,0.0,0.0,0.0,0.0,0.0,0.0,0.0,0.0,0.0,0.0,0.0,0.0,0.0,0.0,0.0,0.0,0.0,0.0,0.0,0.0,0.0,0.0,0.0,0.0,0.0,0.0,0.0,0.0,0.09022312653059031,0.0,0.0,0.0,0.09686804069835521,0.0,0.0,0.0,0.07670003320166843,0.0,0.0,0.0,0.0,0.2198724979609655,0.0,0.0,0.0,0.06275900058827688,0.06502810037097564,0.0,0.0,0.06275900058827688,0.0,0.0,0.0,0.0,0.0,0.0,0.0,0.0,0.0,0.0,0.0,0.0,0.0,0.0,0.0,0.0,0.0,0.0,0.0,0.0,0.0,0.0,0.0,0.0,0.060674513993800396,0.0,0.0,0.0,0.0,0.0,0.0,0.0,0.0,0.0,0.0,0.0,0.0,0.0,0.0,0.0,0.0,0.0,0.0,0.0,0.0,0.0,0.0,0.0,0.0,0.0,0.0,0.0,0.0,0.33182900973405255,0.0,0.0675122797917425,0.0,0.14083252398135782,0.0,0.0,0.0,0.0,0.0,0.0,0.0,0.0,0.0,0.0,0.0,0.0,0.0,0.0,0.0,0.0,0.0,0.06502810037097564,0.06502810037097564,0.0,0.0,0.09929665965829278,0.0,0.0,0.22580927502532602,0.0,0.0,0.060674513993800396,0.0,0.0,0.0,0.0,0.0,0.0,0.0,0.0,0.12134902798760079,0.0,0.0,0.0,0.0,0.0,0.10750704215150388,0.05875010796990815,0.0,0.0,0.0,0.0,0.0,0.0,0.07025001076753323,0.0,0.0,0.14050002153506647,0.0,0.0,0.0,0.0,0.0,0.0,0.0,0.0,0.0,0.060674513993800396,0.07670003320166843,0.0,0.0,0.0,0.0,0.0,0.0,0.12551800117655376,0.0,0.0,0.0,0.0,0.0,0.0,0.0,0.0,0.0,0.06502810037097564,0.0,0.0,0.0,0.31380051321463776,0.0,0.07025001076753323,0.0,0.0,0.0,0.07025001076753323,0.0,0.1528036387147372,0.0,0.0,0.0,0.0,0.0,0.0,0.0,0.0,0.0,0.0,0.0,0.0,0.0675122797917425,0.0,0.0,0.0,0.0,0.0,0.0,0.0,0.05696574133814417,0.11060966991135085,0.05093454623824573,0.0,0.04324069151346645,0.09686804069835521,0.0,0.0,0.0,0.0,0.0,0.055304834955675425,0.0,0.04728516145646168,0.0660476099806437,0.0,0.0,0.0,0.0,0.0,0.16591450486702627,0.0,0.0,0.0,0.0,0.0,0.0,0.0,0.0,0.0,0.0,0.0,0.0,0.0,0.0,0.0,0.0,0.1626979858440847,0.0,0.0,0.10206319531114835,0.0,0.048434020349177605,0.0,0.046196099083891023,0.0,0.0,0.0,0.0,0.0,0.0,0.0,0.06407227981161098,0.0,0.0,0.15550676761623397,0.046196099083891023,0.0,0.045161855005065206,0.05093454623824573,0.0,0.03642114877352832,0.0,0.0,0.0,0.0,0.055304834955675425,0.0,0.0,0.0,0.0,0.0,0.09239219816778205,0.0,0.0,0.0,0.0,0.0,0.048434020349177605,0.06927683667007178,0.0,0.0,0.0,0.0,0.020412639062229673,0.25113284317337425,0.0,0.04417802430201909,0.0,0.06023787392851592,0.0,0.09071097506588266,0.058829743490413505,0.0,0.0,0.0,0.0,0.10562439298601836,0.052584832132128174,0.0,0.0,0.0432069776155016,0.0,0.0,0.0,0.0,0.0,0.0,0.0,0.06956183155241066,0.0,0.04487809850635973,0.0,0.0,0.0,0.03354237187824673,0.03354237187824673,0.0,0.0,0.0,0.0,0.0,0.0,0.0,0.0,0.0,0.0,0.06813254021654344,0.02420490853896202,0.10246011191556881,0.0216034888077508,0.05580729848297205,0.0,0.1343626119711601,0.06721263363550817,0.0,0.01568982192052902,0.0,0.10599940294856963,0.022254162736068697,0.0,0.0,0.0660985068706848,0.04158869531342157,0.019690704973592793,0.08903548899993446,0.018242703814884718,0.08733892884063096,0.0,0.03011893696425796,0.06802321093794324,0.0,0.01591201144952827,0.011018519544212573,0.039381409947185586,0.0,0.03642565318864082,0.022363528683874485,0.037578884566141536,0.038339491608272616,0.01875519549571997,0.053397371791013844,0.026107637193042585,0.03188852105328457,0.020263294066812456,0.040245543722454424,0.033076137873495365,0.004823743083766461,0.05129144405288052,0.025948311810690912,0.012692563238299053,0.024574052920183484,0.0321576904002592,0.022690751379454206
58,0.0,0.0,0.0,0.0,0.0,0.0,0.0,0.0,0.0,0.0,0.0,0.0,0.0,0.0,0.0,0.0,0.0,0.0,0.0,0.0,0.0,0.0,0.0,0.0,0.0,0.0,0.0,0.0,0.0,0.0,0.0,0.0,0.0,0.0,0.0,0.0,0.0,0.0,0.0,0.0,0.0,0.0,0.0,0.0,0.0,0.0,0.0,0.0,0.0,0.0,0.0,0.0,0.0,0.0,0.0,0.09432610038399988,0.0,0.0,0.0,0.0924608679360487,0.0,0.0,0.0,0.0,0.0,0.0,0.0,0.0,0.06135911865854596,0.0,0.0,0.07498918711612969,0.0,0.13201274551284944,0.0,0.0,0.0,0.0,0.0,0.0,0.0,0.0,0.0,0.07876901710549203,0.07876901710549203,0.0,0.0,0.08311688725220485,0.0,0.08311688725220485,0.0,0.0,0.0,0.0,0.0,0.0,0.0,0.0,0.07165603109077065,0.1576635373612602,0.0,0.0,0.0,0.0,0.0,0.0,0.0,0.0,0.0,0.0,0.0,0.08821063870748765,0.0,0.0,0.0,0.0,0.0,0.08821063870748765,0.0,0.0,0.0,0.0,0.0,0.0,0.0,0.0,0.0,0.0,0.08821063870748765,0.0,0.0,0.0,0.0,0.0,0.0,0.0,0.0,0.0,0.0,0.0,0.0,0.0,0.06357760463680581,0.0,0.0,0.0,0.0,0.0,0.0,0.12271823731709192,0.0,0.0,0.0,0.0,0.0,0.0,0.0,0.0,0.0,0.0,0.0,0.0,0.0,0.0,0.0,0.0,0.0,0.0,0.0,0.0,0.0,0.0,0.0,0.0,0.0,0.0,0.0,0.0,0.2966056397327839,0.0,0.0,0.0,0.0,0.0,0.0,0.0,0.08311688725220485,0.0,0.0,0.0,0.0,0.0,0.0,0.0,0.0,0.0,0.0,0.0,0.0,0.0,0.0,0.0,0.0,0.0,0.0,0.0,0.0,0.0,0.0,0.0,0.0,0.2753823186779307,0.0,0.0,0.0,0.0,0.0,0.0,0.0,0.07165603109077065,0.0,0.0,0.0,0.0,0.0,0.0,0.0,0.0,0.0,0.06357760463680581,0.06357760463680581,0.0,0.0,0.19416356109114144,0.0,0.0,0.0,0.0,0.0,0.05932112794655679,0.0,0.0,0.0,0.07876901710549203,0.07876901710549203,0.0,0.0,0.0,0.0,0.0,0.0686830367922459,0.0,0.0,0.0,0.052554512453753394,0.0,0.12271823731709192,0.18407735597563787,0.0,0.0,0.0,0.0,0.0,0.0,0.0,0.0,0.0,0.0,0.07165603109077065,0.0,0.0,0.0,0.052554512453753394,0.0,0.0,0.1779633838396704,0.0,0.0,0.07498918711612969,0.0,0.0,0.0,0.0,0.0,0.0,0.0,0.0,0.0,0.0,0.033860994339923164,0.0,0.0,0.0,0.0,0.0,0.0,0.0,0.0,0.0,0.0,0.0,0.0,0.0,0.0,0.0,0.14939525026640602,0.3314756675060128,0.0,0.0,0.0,0.0,0.03623543525374686,0.0,0.0,0.0,0.0,0.04854089027278536,0.0,0.0,0.0,0.0,0.0,0.0,0.0,0.0,0.0,0.0,0.0,0.0,0.0,0.0,0.0,0.0,0.0,0.0,0.0,0.0,0.054071223228982904,0.0,0.0924608679360487,0.09686156009324727,0.0,0.0,0.047353666786573254,0.0,0.0,0.0,0.0,0.0,0.0,0.0,0.0,0.0,0.0,0.0,0.09708178054557072,0.23401075669044816,0.052554512453753394,0.0,0.0,0.0,0.0,0.0,0.0,0.0,0.0,0.0,0.04979841675546867,0.047353666786573254,0.0,0.0,0.0,0.0,0.1022669935518712,0.0,0.0,0.0,0.0,0.0,0.0,0.0,0.0,0.04516566386781975,0.0,0.0,0.09959683351093734,0.0,0.0,0.047353666786573254,0.13769115933896536,0.0,0.0,0.0,0.047353666786573254,0.042243216774263355,0.0327941866007163,0.04979841675546867,0.0,0.22582831933909875,0.0,0.0,0.07259150385639294,0.0,0.0,0.09470733357314651,0.02709262800033605,0.027281239483832827,0.08280359461682615,0.0,0.0,0.0,0.0,0.01783578797523604,0.0,0.0,0.22085335287402372,0.0,0.0,0.057517506296210656,0.16226558912555336,0.0,0.0,0.0,0.0,0.0685491892093149,0.0,0.0,0.042243216774263355,0.0,0.08455235732189074,0.0,0.0,0.060993410711829135,0.0,0.0,0.0,0.0,0.029251374789377137,0.0,0.0,0.022910618495161784,0.0327941866007163,0.0327941866007163,0.028758753148105328,0.0,0.0,0.02504366746548241,0.023665001692822533,0.0,0.0,0.0,0.0,0.0,0.022204265951062924,0.0,0.05008733493096482,0.021121608387131677,0.027281239483832827,0.0,0.026273112617891475,0.07885609249229927,0.08399872738802105,0.0,0.03783476048194697,0.05181750730803731,0.04351553718731779,0.017004230154752376,0.041835927774293576,0.0,0.0,0.07700596195732211,0.0,0.0,0.012198682142365826,0.0,0.08834134114960948,0.03990354434282898,0.00945231058551478,0.015557083278507855,0.0107727440178698,0.019251490489330527,0.0,0.0,0.0,0.014696264857859418,0.0,0.0,0.06960840975939811,0.05105057739626923,0.037412671243579804,0.019811307595787402,0.04496895961824678,0.026948626883824406,0.004716146233699818,0.036774726063610236,0.031007187659716204,0.008272964690532555,0.02642850326500966,0.015720195689531646,0.04067180119244723
59,0.0,0.0,0.0,0.14299630588977746,0.0,0.0,0.0,0.0,0.0,0.0,0.0,0.0,0.0,0.0,0.0,0.0,0.0,0.0,0.0,0.0,0.0,0.0,0.0,0.0,0.0,0.0,0.0,0.0,0.0,0.0,0.0,0.0,0.0,0.0,0.0,0.0,0.0,0.0,0.0,0.0,0.0,0.0,0.0,0.0,0.0,0.0,0.0,0.0,0.0,0.0,0.0,0.0,0.0,0.0,0.0,0.0,0.0,0.0,0.0,0.16785232366820643,0.0,0.0,0.0,0.0,0.0,0.0,0.0,0.0,0.0,0.0,0.0,0.0,0.0,0.1198271581415263,0.0,0.0,0.0,0.0,0.0,0.0,0.0,0.0,0.0,0.0,0.0,0.0,0.0,0.0,0.0,0.0,0.0,0.0,0.0,0.0,0.0,0.0,0.0,0.0,0.0,0.2862204486566228,0.0,0.0,0.0,0.0,0.0,0.0,0.0,0.0,0.0,0.0,0.0,0.0,0.0,0.0,0.0,0.0,0.0,0.0,0.0,0.0,0.0,0.0,0.0,0.0,0.0,0.0,0.0,0.0,0.0,0.0,0.0,0.0,0.0,0.0,0.06234317057320533,0.0,0.0,0.0,0.0,0.0,0.0,0.0,0.0,0.0,0.0,0.0,0.0,0.0,0.0,0.16708588522325543,0.0,0.0,0.0,0.2227811802976739,0.0,0.0,0.0,0.0,0.0,0.0,0.0,0.0,0.0,0.0,0.0,0.0,0.0,0.0,0.0,0.0,0.0,0.0,0.0,0.0,0.0,0.0,0.0,0.0,0.053845423424618434,0.0,0.0,0.0,0.0,0.0,0.0,0.0,0.0,0.0,0.0,0.0,0.0,0.0,0.0,0.0,0.0,0.0,0.0,0.0,0.0,0.0,0.0,0.0,0.0,0.0,0.0,0.0,0.0,0.0,0.0,0.0,0.0,0.06249070974436463,0.04520171697492922,0.0,0.0,0.0,0.0,0.0,0.0,0.0,0.0,0.0,0.04770340810943712,0.0,0.0,0.0,0.0,0.0,0.0,0.0,0.0,0.0,0.0,0.13218080373492522,0.0,0.0,0.0,0.0,0.0,0.0,0.0,0.0,0.0,0.0,0.0,0.0,0.10110816753680395,0.0,0.0,0.0,0.0,0.0,0.0,0.0,0.0,0.0,0.16708588522325543,0.0,0.050554083768401974,0.0,0.0,0.0,0.0,0.0,0.0,0.0,0.0,0.05213761481805997,0.0,0.0,0.0,0.13008347846946566,0.0,0.0,0.0,0.053845423424618434,0.0,0.0,0.06806722448321743,0.0,0.0,0.0,0.0,0.0,0.0,0.0,0.0,0.0,0.0,0.09220624965801578,0.0,0.11541800233724307,0.0,0.057709001168621536,0.0,0.0,0.0,0.0,0.0,0.0,0.0,0.0,0.0,0.0,0.0,0.0,0.0,0.0,0.0,0.0,0.0,0.0,0.10427522963611995,0.10110816753680395,0.0,0.0,0.0,0.0,0.0,0.0,0.0,0.0,0.0,0.0,0.0,0.0,0.0,0.0,0.0,0.0,0.0,0.0,0.0,0.0,0.0,0.0,0.0,0.0,0.0,0.04196308091705161,0.20514816716691273,0.0,0.0,0.17193052978550627,0.0,0.0,0.0,0.09816023432577504,0.0,0.0,0.0,0.0,0.0,0.0,0.0,0.08812053582328347,0.10620506315443312,0.09540681621887424,0.0,0.0,0.0,0.03758015708366392,0.0,0.0,0.07674765533198366,0.0,0.01811513799075456,0.0,0.04298263244637657,0.0,0.0,0.0,0.0,0.0,0.0,0.0,0.0,0.0,0.028430380477290174,0.0,0.0,0.0,0.0,0.03609646522674435,0.0,0.04520171697492922,0.0,0.0,0.0,0.12498141948872926,0.0,0.0,0.04908011716288752,0.0,0.057515862545905475,0.0,0.04520171697492922,0.0,0.04099659563802856,0.0,0.0,0.0,0.0,0.0,0.08596526489275313,0.33198946206237767,0.024763013489541408,0.0,0.0,0.0,0.0,0.0,0.016189435179039716,0.0,0.0,0.0801868926764986,0.0,0.0,0.0,0.0,0.0,0.0,0.0,0.06249070974436463,0.0,0.0,0.0,0.30675126691149585,0.0,0.0,0.0,0.0,0.011072668843548936,0.0328906819838478,0.0,0.0,0.0,0.4248206912600063,0.0,0.0,0.020795827667054418,0.059534163442487666,0.0,0.02610414356616582,0.0,0.03177379844427966,0.022731983113994585,0.021480576661359718,0.0,0.0,0.0,0.0,0.0,0.0,0.021480576661359718,0.04546396622798917,0.01917195418196849,0.0,0.0,0.0,0.09543625431811399,0.0,0.0,0.0,0.1411032991983834,0.09874696446735631,0.0,0.0,0.0,0.018453884188157174,0.0,0.015802857870470248,0.0,0.06643601306129363,0.0,0.026728964225499533,0.0,0.09866774890357198,0.014121068924009366,0.029335060702646007,0.01747445965435634,0.0,0.01077528048356006,0.0,0.053358837326538844,0.006804854373429281,0.0,0.007897890741359982,0.011584573874125587,0.028299376550002725,0.017982602202904503,0.06122707259858191,0.0,0.02568490178893093,0.009103688983383287,0.0076759182982135505,0.01689596826386918,0.0,0.028538250114976942,0.0369175440936021
