doc_id,doc_str
0,POPOL WUJ
1,OJER TAQ TZIJ
2,"XB'AN PA TINAMIT K'ICHE',"
3,RAMAQ' K'ICHE' WINAQ
4,
5,Versión crítica y actualizada
6,Ajtz'ib'ab'
7,Nab'e
8,Are' uxe' ojer tzij waral K'iche' ub'i'.
9,Waral xchiqatz'ib'aj wi
10,xchiqatikib'a' wi ojer tzij
11,utikarib'al uxe'nab'al puch
12,ronojel xb'an pa tinamit K'iche'
13,ramaq' K'iche' winaq
14,are k'ut xchiqak'am wi
15,uk'utunisaxik uq'alajob'isaxik utzijoxik puch
16,ewaxib'al saqirib'al rumal tz'aqol b'itol
17,alom k'ajolom
18,"Jun Ajpu Wuch', Jun Ajpu Utiw"
19,"Saqinim Aq, Saqinim Tzis,"
20,Tepew Q'ukumatz
21,uk'u'x cho uk'u'x palo
22,ajraxalaq ajraxatzel
23,chuchaxik rachb'ixik rachtzijoxik ri iyom mamon
24,Xpiyakok Xmukane ub'i'
25,"matzanel ch'uqunel,"
26,kamul iyom kamul mamom chuchaxik pa K'iche' tzij.
27,Ta xkitzijoj ronojel
28,ruk' xkib'an chik
29,chi saqil k'olem saqil tzij
30,wa'e xchiqatz'ib'aj chupan chik uch'ab'al dios
31,pa kristyano'il chik
32,xchiqelesaj
33,rumal maja b'i chik ilb'al re Popo Wuj.
34,Ilb'al saq petenaq ch'aqa palo.
35,Utzijoxik qamujib'al
36,ilb'al saq k'aslem chuchaxik.
37,K'o nab'e wujil ojer tz'ib'am puch
38,xa ewal uwach ilol re b'isol re
39,nim upeyoxik utzijoxik puch
40,ta chik'istz'uk ronojel kaj ulew
41,ukaj tz'ukuxik ukaj xukutaxik
42,retaxik ukaj che'xik
43,umej k'a'maxik uyuq k'a'maxik upa kaj upa ulew
44,kajtz'uk kajxukut chucha'xik
45,rumal tz'aqol b'itol
46,uchuch uqajaw k'aslem winaqirem ab'anel k'u'xlanel
47,alay rech k'u'xla'y rech
48,saqil amaq'il saqil al saqil k'ajol
49,ajb'is ajna'oj chi rech ronojel
50,a toq'ol wi kaj ulew cho palo.
51,Are utzijoxik wa'e k'a katz'ininoq k'a kachamamoq
52,katz'inonik
53,k'a tolona
54,Wa'e k'ute nab'e tzij nab'e uchan.
55,Majab'i'oq
56,"jun chikop tz'ikin,"
57,"kar tap,"
58,"che' ab'aj,"
59,"jul siwan,"
60,k'im k'iche'laj
61,xa utukel kaj k'olik.
62,Ma wi q'alaj uwach ulew
63,xa utukel remanik palo upa kaj ronojel
64,maja b'i naqi la kamolob'ik kakotzob'ik
65,jun ta kasilob'ik
66,kamalkab'an
67,Xa ma k'o wi
68,naqi la k'olik yakalik
69,xa remanik ja' xa li'anik palo
70,xa utukel remanik
71,xma
72,naqi la lo k'olik
73,xa kachamanik katz'ininik chi q'equ'm chi aq'ab'
74,xa utukel ri tz'aqol b'itol Tepew Q'ukumatz
75,e alom e k'ajolom k'o pa ja'
76,saqtetoj e k'o wi
77,e muqutal pa q'uq' pa raxon
78,are ub'inam wi ri Q'ukumatz
79,e nimaq
80,keje k'ut xax k'o wi ri kaj
81,k'o wi nay puch uk'u'x kaj
82,are ub'i' ri kab'awil chuchaxik.
83,Ta xpe k'ut utzij
84,waral xul kuk' ri Tepew Q'ukumatz
85,waral chi q'equ'mal chi aq'ab'al
86,xch'aw ruk' ri Tepew Q'ukumatz
87,xecha' k'ut
88,ta xena'ojinik ta xeb'isonik
89,xeriqo
90,xkikuch kitzij kina'oj
91,ta xq'alaj
92,xe wi
93,ta xq'alaj puch winaq
94,ta xkina'ojij utz'ukik uwinaqirik che' k'a'm
95,utz'ukukik puch k'aslem winaqirem
96,chi q'equ'mal chi aq'ab'al
97,rumal ri uk'u'x kaj Jun Raqan
98,Kaqulja Juraqan nab'e
99,ukab' k'ut Ch'ipakaqulja
100,rox chik Raxakaqulja.
101,Chi e k'u oxib' ri' uk'u'x kaj
102,ta xe'ul kuk' ri Tepew Q'ukumatz
103,ta xna'ojixik saq k'aslem
104,jupacha ta chawaxoq ta saqiro
105,apachinaq tzuqul q'o'l
106,ta chuxoq
107,kixno'jin taj.
108,Are ri ja' chel taj chijamataj
109,chiwinaqir wa ulew
110,ulaq'el
111,ch'a ta k'ut
112,ta chawaxoq ta saqiroq kaj ulew
113,ma ta k'ut uq'ijilab'al uq'ala'ib'al ri qatz'aq qab'it
114,ta winaqiroq winaq tz'aq winaq b'it
115,xecha k'ut
116,ta xwinaqirik k'u ri ulew kumal
117,xa kitzij xk'oje' wi uwinaqirik
118,chiwinaqir ulew
119,ulew xecha'
120,Lib'ajchi'
121,keje ri xa ta tzutz
122,xa mayuy uwinaqirik chik upupuje'ik
123,ta xtape
124,jusuk' nima'q juyub' xuxik
125,xa kinawal
126,una'ojixik juyub' taq'aj
127,jusuk' rachwinaqirik uk'isisil upachajil uwach.
128,Keje' k'ut xki'kot wi ri Q'ukumatz
129,utz mixatulik uk'u'x kaj at Juraqan at puch Ch'ipiKaqulja RaxaKaqulja
130,xchutzinik qatz'aq qab'it
131,xecha' k'ut.
132,Nab'e k'ut xwinaqir ulew juyub' taq'aj
133,xch'ob'och'ox ub'e ja'
134,xb'inije'ik k'oleje'
135,xa ch'ob'ol chik
136,xek'oje' wi ja'
137,ta xk'utunije'ik nima'q juyub'
138,keje' k'ut uwinaqirik ulew ri'
139,ta xwinaqirik kumal ri uk'u'x kaj uk'u'x ulew
140,ke'ucha'xik
141,ri k'ute nab'e xkino'jij xk'olo
142,xk'olo nay puch ulew chupan ja'
143,keje' k'ut una'ojixik ri'
144,ta xkino'jij
145,ta xkib'isoj rutzinik ub'ana tajik kumal.
146,Ta xkino'jij chik uchikopil juyub'
147,chajal re k'iche'laj
148,ronojel uwinaqil juyub'
149,"ri kyej  tz'ikin,"
150,"koj b'alam,"
151,"kumatz sochoj k'anti',"
152,chajal k'a'm
153,kacha' ri alom k'ajolom
154,xa pa chilolinik
155,ma xa on chitz'ininik uxe' che' k'a'm
156,k'a te utz chik'oje' chajal re
157,xecha' k'ut
158,ta xkino'jij xkitzijoj puch
159,jusuk'u kej tz'ikin
160,ta xkisipaj k'ut rochoch kej tz'ikin.
161,At kej
162,pa b'e ya' pa siwan katwar wi
163,waral katk'oje' wi
164,pa k'im pa saq'ul
165,pa k'echelaj kipoq'o
166,kajkaj ib'inib'al ichakab'al chuxik
167,xe'uchaxik
168,ta xkich'ik k'ut kochoch ch'utitz'ikin nimatz'ikin
169,"ix, ix tz'ikin"
170,chuwi'
171,chi ri' kixpoq' wi kixk'iritaj wi
172,chuq'ab'
173,xe'uchaxik kej tz'ikin
174,ta xkib'ano kib'anoj
175,ronojel xuk'amo uwarab'al uyakalib'al
176,keje k'ut kochoch wi chikop
177,ri ulew xuya'o alom k'ajolom.
178,Xutzininaqa chik ronojel ri kej tz'ikin
179,ta xe'uchax chi k'ut ri kej tz'ikin
180,rumal tz'aqol b'itol alom k'ajolom
181,kixch'awoq kixsik'inoq
182,mixyonolikinik
183,kixch'awajetaj chi jujunal
184,chujutaq
185,xe'uchaxik ri kej tz'ikin
186,koj b'alam
187,kumatz
188,chib'ij na k'ut ri qab'i'
189,kojiq'ajarisaj
190,oj ichuch oj iqajaw
191,kixcha' b'a na k'ut
192,Juraqan Ch'ipikaqulja Raxakaqulja
193,uk'u'x kaj uk'u'x ulew
194,tz'aqol b'itol
195,alom k'ajolom.
196,Kixch'a'oq
197,xe'ucha'xik
198,ma k'u xutzinik
199,xech'awik
200,keje ta ri winaq
201,xa kewachelajik xa kek'aralajik xa kewojonik
202,ma wi xwachinik uwach kich'ab'al
203,jalajoj xkoq'ib'ej chi kijujunal.
204,Ta xkita' ri tz'aqol b'itol
205,ma wi mixutzinik
206,mixech'awik
207,xecha' chik chi kib'il kib'
208,ma wi mixutzin ub'ixik qab'i'
209,rumal oj kajtz'aq oj pu kajb'it
210,ma wi utz xcha' alom k'ajolom
211,xe'uchax k'ut
212,xa kixjalatajik
213,rumal ma wi mixutzinik
214,ma wi mixixch'awik
215,mi k'u xqajal qatzij
216,iwecha' ik'uxun
217,iwarab'al iyakalib'al xiwech
218,mixe'uxik siwan k'echelaj
219,rumal ma wi xutzin qaq'ijiloxik
220,ma wi ix sik'iy qe
221,k'a k'o
222,k'o wi lo q'ijilonel nimanel chiqab'an chik
223,xa chik'am ipatan
224,xa iti'o'jil
225,ta chuxoq.
226,Are k'ut chipatanij xe'ucha'xik
227,ta xepixab'axik
228,ch'utichikop nimachikop k'o chuwach ulew.
229,Ta xraj k'u
230,kitij chik kiq'ij
231,xrajkitijtob'ej chik
232,xrajpukinuk' chik q'ijilab'al
233,xma xkita wi kich'ab'al chi kib'il kib'.
234,Xma xnawachir wi k'ut
235,xma b'anataj wi puch
236,keje k'ut xech'akataj wi kitio'jil
237,xkipatanij
238,xeti'ik xekamisaxik ri chikop
239,k'o waral chuwach ulew
240,keje k'ut utijob'exik chik winaq tz'aq winaq b'it
241,kumal tz'aqol b'itol
242,alom k'ajolom
243,xa k'u tija chik
244,mixyopij rawexik usaqirik
245,qab'ana' tzuqul qe q'o'l qe.
246,Jupacha ta kojsik'ixoq
247,ta kojnab'ax puch chuwach ulew
248,mixqatijo chi rech ri nab'e qatz'aq qab'it.
249,Ma wi mixutzinik qaq'ijiloxik qaq'ala'ixik puch kumal
250,keje' k'ut qatija' wi ub'anik ajnim ajxob'
251,ta utz'aqik k'ut ub'anik puch ulew
252,xoq'o'l uti'ojil xkib'ano
253,ma k'u utz xkilo
254,xa chiyojomanik
255,xa tzub'ulik
256,xa neb'elik
257,xa lub'anik
258,xa wulanik
259,xa pu chi'umarik
260,xa jun b'enaq wi uwach
261,xa ku'l uwach
262,ma wi chimuqun chi rij
263,chich'aw nab'e
264,maja b'i una'oj
265,xa jusuk' chi'umar pa ja'
266,ma wi k'o
267,xecha' chi k'u ri ajtz'aq ajb'it.
268,Qawachlab'eq
269,xa lab'e ma wi chib'inik
270,ma pu chipoq'otajik
271,ta chuxo
272,xa una'oj chi ri'
273,xecha'
274,ta xkiyoj k'ut
275,xkiyoq' chik ri kitz'aq kib'it.
276,Xecha' chi k'ut
277,jupacha qi
278,chutzin ta wi chinawachir ta wi
279,q'ijiloy qech sik'iy qech
280,xecha'
281,ta xkina'ojij chik
282,"xa qab'ij chi ke Xpiyakok, Xmukane"
283,"Junajpu Wuch', Junajpu Utiw"
284,kitija chik uq'ijixik ub'itaxik
285,xe'uchan ki Ajtz'aq Ajb'it
286,ta xkib'ij k'ut chi re Xpiyakok Xmukane
287,k'a te k'ut ub'ixik ri' chi kech ri e nik'wachinel
288,rati't q'ij rati't saq ke'uchaxik
289,kumal ri tz'aqol b'itol
290,are kib'i' ri Xpiyakok Xmukane.
291,Xecha' k'u ri Juraqan ruk' Tepew Q'ukumatz
292,ta xkib'ij chi rech ajq'ij ajb'it
293,e nik'wachinel
294,xuk'ulu
295,che ta chik
296,chiqawinaqb'itoj chiqawinaqtz'aqoj ta chik tzuqul q'o'l
297,kojsik'ixtaj kojnab'axtaj puch
298,katok ta k'ut pa tzij iyom mamom
299,qati't qamam Xpiyakok Xmukane
300,cha'
301,ta chawaxoq ta saqiroq
302,qasik'ixik qatoq'exik qanab'axik
303,rumal winaq tz'aq winaq b'it
304,winaq poy winaq anom
305,ta chuxoq
306,"chik'utun ib'i' Junajpu Wuch', Junajpu Utiw"
307,kamul alom kamul k'ajolom
308,Nim Aq Nimatzis
309,ajk'uwa'l ajyamanik
310,ajch'ut ajtz'alam
311,ajraxalaq ajraxatzel
312,ajq'ol ajtoltekat
313,rati't q'ij rati't saq kixuchaxik
314,rumal
315,chimala' chi ixim chi tz'ite'
316,xa chib'anatajik xa pu chel apanoq
317,chiq'ajaj
318,xe'uchaxik e ajq'ij
319,k'a te puch uqajik uq'ijiloxik ri xmalik chi ixim chi tz'ite'
320,q'ij b'it xecha' k'u ri jun ati't jun mama' chi kech
321,are ri mama' are ajtz'ite' Xpiyakok ub'i'.
322,Are k'u ri ati't ajq'ij ajb'it chi raqan Xmukane ub'i'
323,xecha' k'ut ta xkitikib'a' q'ij
324,xa chuk'ulu xa pu churiqo
325,chab'ij
326,kata' qaxikin
327,kach'awik katzijon taj
328,xa chuk'ulu ri che' chajawaxik
329,chik'otox puch kumal ajtz'aq ajb'it.
330,We are tzuqul q'o'l
331,ta chawaxoq ta saqiroq
332,at ixim at tz'ite'
333,at q'ij at b'it
334,katchokonik kattaqen taj
335,xcha' chi re ixim tz'ite' q'ij b'it.
336,Katk'ix la uloq at uk'u'x kaj
337,maqajisaj uchi' uwach Tepew Q'ukumatz
338,xecha'
339,ta xkib'ij k'ut usuk'ulikil
340,utz are chuxik ri ipoy ajam che'
341,chich'awik chitzijon b'a la' chuwach ulew
342,ta chuxoq
343,xecha' k'ut
344,ta xkib'ij
345,jusuk' xb'anik poy ajam che'
346,xewinaqwachinik xewinaqtzijonik puch
347,are winaqil uwach ulew xe'uxik xepoq'ik
348,xeme'alanik xek'ajolanik ri poy ajam che'
349,ma k'u ja b'i kik'u'x
350,ma pu ja b'i kina'oj
351,ma wi na'tal kajtz'aq kajb'it
352,xa loq' xeb'inik xechakanik
353,ma wi xkina'taj chik ri uk'u'x kaj
354,keje k'ut xepaj chi wi
355,xa utijtob'exik
356,xa pu uwab'ab'exik chi winaq
357,kech'aw nab'ek
358,ma na sonol kaqan kiq'ab'
359,maja b'i kikik'el kikomajil
360,maja b'i kitiqowal kikab'chijal
361,chaqi'j kotz
362,Kapich'ipoj kaqan kiq'ab'
363,kayeyoj kitio'jil
364,keje k'ut ma wi xena'w chi wi'
365,chuwach tz'aqol b'itol
366,alay kech k'u'xla'y kech
367,e nab'e tzatz chi winaq xe'uxik waral chuwach ulew.
368,K'a te k'ut kik'isik chik
369,kimayxik kiq'utuxik puch
370,xekamisax chik poy ajam che'
371,ta xna'ojix kib'utik rumal uk'u'x kaj
372,nimab'utik
373,xpe pa kiwi' ri e poy e ajam che'
374,tz'ite' uti'ojil ri achij
375,ta xajaxik rumal tz'aqol b'itol
376,ixoq sib'aq k'ut uti'ojil ixoq.
377,Xrajokik rumal tz'aqol b'itol.
378,Ma wi xena'wik
379,ma pu xech'awik chuwach kajtz'aq kajb'it
380,b'anol ke winaqirisay kech
381,keje k'ut kikamisaxik
382,xeb'utik
383,xpe nimaq'ol chi la' chi kaj.
384,Xek'otk'owach ub'i
385,xk'otin uloq ub'aq' kiwach
386,xepe Kamalotz
387,xqupin ula kijolom
388,xpe Kotz B'alam
389,xti'o
390,xpe Tukum B'alam
391,xtukuwik xkichowik kib'aqil kib'ochil
392,xqajixik xmuchulixik kib'aqil
393,k'ajisab'al kiwach
394,rumal ma wi kina'wik
395,chuwach kichuch chuwach puch kikajaw
396,ri uk'u'x kaj Juraqan ub'i'
397,kumal xq'equ'marik uwach ulew
398,xtikarik q'eqal jab' q'ijil jab' aq'ab'al jab'
399,xok ula ch'utichikop nimachikop
400,xk'ut kiwach rumal che' ab'aj.
401,"Xch'awik ronojel kiq'eb'al kixot, kilaq, kib'o'j, kitz'i', kika',"
402,jarujpa la ronojel xk'utu
403,K'ax xib'an chi qe
404,xojiti'o
405,ix chi k'ut xkixqati' chik
406,"xcha' ri kitz'i', kak' chi kech."
407,Are k'u ri ka' xojk'ok'onik iwumal jutaq'ij
408,xq'eq saqirik amaq'el joli joli
409,juk'i juk'i qawach iwumal
410,are ta nab'e qapatan chiwach
411,ix ta na winaq
412,wakamik k'ut xchitij qachuq'ab'
413,xchiqake'j xchiqajok' puch iti'ojil
414,xcha' ri kika' chi ke.
415,Are k'u ri kitz'i' xcha' chik
416,ta xch'awik
417,naqi pa rumal ma wi chiya' qawa
418,xa kojmuqunik
419,xa pu kojikuxij
420,kojitzaq pu uloq
421,yakal ub'i qache'el iwumal
422,ta kixwa'ik
423,xere
424,ma wi kojch'awik
425,mata k'u mixojkamik chiwe
426,jupacha ma wi mixixna'wik
427,xixna'w ta k'ut
428,chiwij
429,wakamik k'ut xchitij qab'aq k'o pa qachi'
430,xkixqati'o
431,xecha' ri tz'i' chi ke
432,ta xk'ut kiwach.
433,Are chi k'u ri kixot kib'o'j
434,xch'aw chik chi ke
435,k'ax wa xib'an chi qe
436,xaq qachi' xaq qawach
437,amaq'el oj tzakal chuwi' q'aq'
438,kojik'ato
439,ma wi k'ax xqana'o
440,xchitij k'ut
441,xkixqaporoj
442,xcha ri kib'o'j
443,ronojel xk'utu
444,Are ri ab'aj ri kixk'ub'
445,chitaninik
446,chipe pa q'aq'
447,tak'al chi kijolom
448,k'ax xb'an chi ke.
449,Anilab'ik
450,kerajaq'anik chuwi' ja
451,xa chiwulij ja
452,ketzaq uloq
453,kerajaq'an chuwi che'
454,kech'akix uloq ruma
455,keraj ok pa jul
456,xa chiyuch
457,keje k'ut uka'yojik
458,e tzixel e tzalatzoxel chi winaq
459,xmayxik
460,xk'utuxik kichi' kiwach konojel
461,xcha' k'ut
462,are retal ri k'oy k'o pa k'echelaj wakamik
463,are xk'oje' wi retal
464,rumal xa che' kiti'ojil xkojik
465,rumal ajtz'aq ajb'it
466,are k'u ri k'oy keje ri winaq chiwachinik
467,retal jule' winaq tz'aq winaq b'it
468,xa poy xa pu ajam che'.
469,Are k'ut xa jub'iq' saqnatanoj uwach ulew
470,maja b'i q'ij
471,jun k'ut kunimarisaj rib'
472,Wuqub' Kaqix
473,k'o nab'e kaj ulew
474,xa kamoymot uwach q'ij ik'
475,kacha' k'u ri'
476,xa wi xere usaqetal winaq
477,ri xb'utik
478,keje ri nawal
479,In nim kik'oje'
480,in uq'ij in pu usaq
481,in nay pu rik'il
482,ta chuxoq
483,nim nusaqil
484,in b'inib'al in pu chakab'al
485,rumal winaq
486,rumal puwaq ub'aq' nuwach
487,xa katiltotik chi yamanik raxak'uwal
488,nay pu we raxkawakoj chi ab'aj
489,keje ri uwa kaj
490,"are k'u ri nutza'm, saqjulujuj chi naj"
491,keje ri ik'
492,puwaq k'ut nuq'alib'al
493,kasaqpake' uwach ulew
494,ta kinel uloq chuwach nuq'alib'al
495,keje k'ut in q'ij wi in pu ik'
496,rumal saqil al saqil k'ajol
497,ta chuxoq
498,rumal chi naj kopon wi nuwach
499,cha' Wuqub' Kaqix
500,ma k'u qitzij
501,are ta q'ij ri Wuqub' Kaqix
502,xere kunimarisaj rib' ri uxik' upuwaq
503,xere k'ut toq'ol wi uwach ri chikub'e' wi
504,mana ronojel ta uxe' kaj kopon wi uwach.
505,Maja k'ut qi
506,maja'oq kasariroq
507,keje k'ut kukob'isaj wi rib' ri Wuqub' Kaqix
508,chi q'ijil chi ik'il
509,xa maja' chik'utunoq chiq'alajob'oq usaqil q'ij Ik'
510,xa xurayij nimal ik'owen
511,Keje k'ut xchiqab'ij chik
512,ta xkamik Wuqub' Kaqix
513,ta xch'akatajik
514,ta xb'anatajik winaq rumal ajtz'aq ajb'it
515,wa'e uxe' uch'akatajik
516,uyiqoxik chi puch uq'ij Wuqub' Kaqix
517,kumal e ka'ib' k'ajolab' Jun Ajpu ub'i' jun
518,Xb'alanq'e
519,xa wi e kab'awil
520,xraj ub'an uk'u'x kaj
521,xcha' k'u ri k'ajolab'
522,ma wi utz ta chuxoq
523,ma wi chik'ase' winaq waral chuwach ulew
524,keje k'ut chiqatij uwub'axik chuwi' recha'
525,chiqawub'aj wi chi ri'
526,chiqakoj wi uyab'
527,ta k'isoq uq'inomal uxit upuwaq
528,uk'uwal uyamanik
529,ri kukakab'ej
530,keje k'ut chub'ano ronojel winaq.
531,Ma wi are chiwinaqir wi q'aq'al
532,ri xa puwaq
533,ta chuxoq
534,xecha' ri k'ajolab'
535,jujun chi ub' kitelen kikab'ichal
536,are k'u ri Wuqub' Kaqix
537,e ka'ib' uk'ajol
538,are nab'e al ri Sipakna
539,ukab' al chi k'ut ri Kab'raqan
540,Chimalmat k'ut ub'i' kichuch
541,rixoqil ri Wuqub' Kaqix
542,are k'u ri Sipakna are chirecha'j ri nimaq juyub'.
543,"Ri chi Q'aq', Jun Ajpu, Pekul Ya', Xkanul, Makamob', Julisnab'"
544,chucha'xik ub'i' juyub'
545,xk'olik
546,ta chisaqirik
547,xa jun aq'ab' chiwinaqirik rumal ri Sipakna
548,are ri chi k'u ri Kab'raqan
549,chisilab' juyub'
550,rumal chineb'owik
551,rumal xa wi keje nimarisab'al kib'
552,xkib'ano uk'ajol Wuqub' Kaqix
553,ix
554,in q'ij
555,xcha' Wuqub' Kaqix
556,in wa' in b'anol ulew
557,xcha' ri Sipakna
558,in chi k'ut kiyow
559,chinwulij ronojel ulew
560,xcha' ri Kab'raqan
561,xa wi uk'ajol Wuqub' Kaqix
562,xa wi chi ri' xkik'am wi kinimal
563,chi rij kiqajaw
564,are k'ut itzel xkil ri k'ajolab'
565,maja' chib'antajoq qanab'e chuch qanab'e qajaw
566,keje k'ut xno'jix wi kikamik kisachik
567,kumal k'ajolab'.
568,Wa'e k'ute uwub'axik Wuqub' Kaqix
569,kumal ka'ib' k'ajolab'
570,xchiqab'ij kich'akatajik chi kijujunal ri nimarisay rib'
571,are ri Wuqub' Kaqix jun nimache'
572,ri tapa'l
573,are k'u recha' ri Wuqub' Kaqix
574,are chulo'
575,chaq'an chuwi' che' jutaq'ij
576,xiloma
577,"kumal ri Jun Ajpu, Xb'alanq'e"
578,kik'ak'alen
579,ri Wuqub' Kaqix
580,e matzamoj ulo ri ka'ib' k'ajolab' pa xaq che'
581,ta xopon k'ut Wuqub' Kaqix
582,tak'al chuwi' recha' ri tapa'l
583,k'a te k'ut ta xub'axik kumal ri Jun Jun Ajpu
584,taqal ub'aq' wub'
585,churaquj uchi'
586,ta xpe chuwi che'
587,taqal chuwach ulew
588,chimalmat Jun Jun Ajpu
589,qitzij wi xb'e'uchapa'
590,k'a te k'ut ta xqupix ula uq'ab' ri Jun Jun Ajpu Wuqub' Kaqix
591,jusuk' xtzaq uloq
592,xmejo uloq tza'm uteleb'
593,ta xutzoqopij chi k'ut Jun Jun Ajpu Wuqub' Kaqix
594,xa wi utz xkib'ano
595,ma nab'e kich'akatajik taj
596,rumal Wuqub' Kaqix.
597,Uk'a'am chi k'ut uq'ab' ri Jun Jun Ajpu Wuqub' Kaqix
598,ta xb'e chi rochoch
599,xa chi k'u ulot'em ukakate' xoponik.
600,Naqi pa mixk'amow chi la'
601,xcha' k'u ri Chimalmat
602,rixoqil Wuqub' Kaqix.
603,Naqi pa ri' ri e ka'ib' k'axtok'
604,mixikiwub'aj mixsilib'ataj nukakate'
605,rumal xa kachuywaj e we
606,kaq'oxow chik
607,mi nab'e mixnuk'am uloq
608,chuwi' q'aq' k'ut chixeke' wi
609,chitzayab'a' chuwi q'aq'
610,ta kulkik'ama' chik
611,qitzij chi e k'axtok'
612,xcha' ri Wuqub' Kaqix
613,ta xuxekeb'a' uq'ab' ri Jun Ajpu.
614,Kina'ojinik chik ri Jujun Ajpu Xb'alanq'e
615,ta xkib'ij k'ut chi rech jun mama'
616,qitzij saq chik rismal wi chi mama'
617,jun k'u ati't
618,qitzij kemel ati't chik
619,xa keluq'ukila chik chi rijitaq winaq.
620,Saqinim Aq ub'i' mama'
621,Saqinimatzis k'ut ub'i' ati't
622,xecha' k'u ri k'ajolab' chi ke ri ati't mama'
623,kixqachb'ilaj taj
624,chib'etak'ama' qaq'ab' ruk' Wuqub' Kaqix
625,xa kojtere' chiwij
626,qi ri' qamam ri qachb'ilan
627,kaminaq kichuch kiqajaw
628,keje k'ut keterekotila' wi
629,chi qij ta la keqasipaj wi
630,rumal xa elesan uchikopil eyaj
631,kaqab'ano
632,kixcha'
633,keje k'u ri oj ak'alab'
634,chirilo ri Wuqub' Kaqix
635,xa wi oj kojya'wik
636,xecha' ri e ka'ib' k'ajolab'
637,utz b'a la' xecha' k'ut.
638,K'a te k'ut ta xeb'ek
639,tzamal k'u b'i ri Wuqub' Kaqix chuwach uq'alib'al
640,ta xe'ik'owik ri ati't mama'
641,ke'etzeyaj e ka'ib' k'ajolab' chi kij
642,ta xe'ik'ow chuxe' rochoch ajaw
643,kuraquj k'u uchi' ri Wuqub' Kaqix rumal re
644,ta xril k'ut Wuqub' Kaqix
645,ri mama' ati't kachb'ilan kib'
646,a pa kixpe wi qamam
647,xcha' k'u ri ajaw
648,xa oj tzuqub'ey qib'
649,lal ajaw xecha' k'ut.
650,Naqi pa itzuqub'al
651,ma iwalk'wal ri iwachb'ilan
652,maja b'i lal ajaw
653,e qamam ri'
654,xere nare
655,ri ya'xel jupir
656,kaqaya' chi kech lal ajaw
657,xecha' k'ut ri ati't mama'
658,kutzin k'u ri ajaw rumal uq'oxom re
659,xa kunimaqwachij chik kach'awik
660,in ta b'a' kanij
661,chitoq'ob'aj ta nuwach
662,naqi pa qi chib'ano
663,naqi on
664,xcha' k'ut ajaw
665,xa uchikopil eyaj chiqelesaj
666,xa k'u ub'aq' uwach chiqakunaj
667,xa b'aq chiqawiqo lal ajaw
668,xecha' k'ut
669,utz b'a la'
670,chikunaj ta b'a we
671,qitzij kaq'oxowik jutaq'ij
672,ma wi chokiitajik
673,maja b'i nuwaram rumal
674,ruk' ub'aq' nuwach
675,xa xiki'ub'aj e ka'ib' k'axtok'
676,ta xtikarik
677,ma wi kinechajik rumal
678,keje ta k'ut chitoq'ob'aj wi nuwach
679,xa kachuyub'
680,je chik ri we
681,utz b'a la' lal ajaw
682,chikop b'a kak'uxuwik
683,xa chok uk'exel
684,chel ri e la
685,ma b'a utz lo chel ri we
686,rumal xere in ajaw wi
687,nukawb'al ri we
688,ruk' ub'aq' nuwach
689,xchiqakoj chik na k'ut uk'exel
690,jok'om b'aq xchok chik
691,are k'ut jok'om b'aq
692,ri saqi'ixim
693,utz b'a la' chiwelesaj
694,chito' uloq
695,xcha' k'ut
696,ta xel k'u ri re Wuqub' Kaqix.
697,Xa saqi'ixim uk'exel re xokik
698,xa chi k'u saqjulujuj chi ula ixim puchi'
699,jusu k'u xqaj uwach
700,ma wi ajaw chik xwachinik
701,xk'iselik ri re k'uwal
702,raxkawakoj puchi'
703,ta xkunax chi k'ut ub'aq' uwach Wuqub' Kaqix
704,ta xch'olik ub'aq' uwach
705,xk'iselik ri puwaq
706,ma na k'ax taj xuna'o
707,xa wi xere kamuqunik
708,ta xk'isk'u'elik ri unimarisab'al rib'
709,"xa wi kina'oj ri Jun Ajpu, Xb'alanq'e"
710,ta xkam k'ut ri Wuqub' Kaqix
711,ta xuk'am k'ut uq'ab' ri Jun Ajpu
712,xkam nay puch Chimalmat
713,rixoqil Wuqub' Kaqix
714,keje k'ut usachik uq'inomal Wuqub' Kaqix ri'
715,xa ajkun xk'amowik ri k'uwal yamanik
716,xupunab'ej
717,Nawal ati't nawal mama' xb'anowik
718,ta xkik'am k'ut kiq'ab'
719,xtikitax ukoq
720,utz chik xuxik
721,xa rumal ukamik Wuqub' Kaqix
722,xkaj
723,keje xkib'ano
724,itzel xkilo nimarisab'al rib'
725,k'a te k'ut xeb'e chik
726,e ka'ib' k'ajolab'
727,xa utzij ri uk'u'x kaj
728,ta xkib'ano.
729,Wa'e chi k'ute ub'anoj chik Sipakna
730,unab'e k'ajol Wuqub' Kaqix
731,in b'anol juyub' kacha' ri Sipakna
732,are k'u ri Sipakna
733,katinik chuchi' ja'
734,ta xe'ik'owik omuch' k'ajolab'
735,e juruy che' raqan kikab'al
736,omuch' chub'inik
737,ta xkiq'at k'ut jun nimache'
738,uwapalil
739,k'a te k'ut xb'e ri Sipakna
740,xopon k'u chi la' kuk' ri omuch' k'ajolab'
741,naqi pa kib'ano ix k'ajolab'
742,xa che' ma wi kaqayako
743,chiteleb'a'
744,xchintelej
745,a pa kopon wi
746,naqi pa uchak chi ik'u'x
747,xa uwapalil qakab'al
748,utz b'a la' cha' k'ut
749,ta xujuruj k'ut
750,xuteleb'a' k'u aq'anoq chuchi' kikab'al omuch' k'ajolab'
751,xa ta wi katk'oje' quk'
752,at k'ajol
753,k'o pa' achuch aqajaw
754,maja b'i xcha' k'ut
755,kaqachakimaj
756,chuwab'axik chik jun qache' raqan qakab'al
757,utz xcha' chi k'ut
758,k'a te xk'am kina'oj ri omuch' k'ajolab'
759,are ri ala jupacha chiqab'an chi re
760,chiqakamisaj taj
761,rumal ma wi utz ri kub'ano
762,xa utukel mixuyak ri che'
763,qak'oto jun nimajul
764,chi ri' ta k'ut chiqatzaq wi qajoq
765,pa jul
766,jak'ama' k'aja'ulew pa jul
767,kojcha' ta chi re
768,chi are ta k'ut pachal qajoq
769,pa jul taqatarij
770,chi ri' ta k'ut chikam wi pa jul
771,xecha' k'ut omuch' k'ajolab'
772,ta xkik'ot k'ut jun nimajul
773,najt xqajik
774,ta xkitaq k'ut ri Sipakna
775,ojkanij
776,chib'eta'ak'oto chik ulew
777,ma wi kaqariqo xucha'xik
778,utz b'a la' xcha' k'ut
779,k'a te' k'ut xqaj pa jul
780,kasik'in uloq
781,ta k'ototajoq ri ulew
782,naj ta chi uqajik awumal
783,xucha'xik
784,we xcha' k'ut
785,ta xutikib'a' uk'otik jul
786,xa k'u ujul xuk'oto
787,ukolb'al rib'
788,xreta'maj ri ukamisaxik
789,ta xuk'ot k'ut jun wi chi jul
790,chutzalanem ukajul xuk'oto
791,xkolotaj wi
792,kajanikan
793,kumal omuch' k'ajolab'
794,kinanuk'oto
795,xkixnujiq'ij aqanoq
796,ta chutzinoq uk'ototajik.
797,Xcha' uloq Sipakna chi ri' pa jul
798,ma k'u are kuk'ot uxe' jul
799,ri umoqikil
800,xa ujul kuk'oto
801,kolb'al rib'.
802,K'a te' k'ut ta xsik'in uloq ri Sipakna
803,kolon chuqa
804,ta xsik'in uloq
805,kixpetoq
806,chulik'ama' ulew rachaq jul.
807,Mixk'ototajik
808,qitzij naj mixqaj wumal.
809,Ma pa kita' nusik'ib'al lo
810,are' k'u ri isik'ib'al
811,xa ub'i kaxojanik
812,keje ri jun eleb'al
813,ka'ib' eleb'al
814,ix k'o wi
815,kanuta'o
816,xcha' ula ri Sipakna pa ujul
817,chi ri' k'ut matzal chi wi uloq
818,kasik'iyaj chi ula pa jul.
819,Are k'ut kajurux uloq ri kinimache'
820,rumal k'ajolab'
821,k'a te puch xkitarij qajoq ri che' pa jul
822,ma k'o mach'awik
823,chiqata' na
824,ta churaquj uchi'
825,ta kamoq
826,xecha' chi kib'il kib'.
827,Xa kejaslajik
828,xa pu chimatzalaj kiwach chi kijujunal
829,ta xkitarij qajoq ri che'
830,are k'u ri xcha' k'ut
831,ta xuraquj uchi'
832,xa jupaj chik xsik'inik
833,ta xqaj apanoq ri che'
834,oka
835,qi utz mixqab'ano chi re
836,mixkamik
837,ata
838,chub'ano
839,chuchakuj
840,ta chuxoq
841,unab'e la xukoj ula rib' quk'
842,chi qaxo'l puch
843,la oj omuch' k'ajolab'.
844,Xecha' k'ut
845,kekikot chik
846,k'o ri ub'anik kaki'oxij
847,kelekowik oxij puch
848,chiquk'a'j la qab'eb'al qakab'al
849,la oj omuch' chi k'ajolab'
850,xecha'
851,chwe'q k'ut chiqilo
852,kab'ij puch chiqilo
853,ma pa chipe sanik pu
854,ta chuwinoq ta q'eyoq
855,k'a te k'ut kul chi qak'u'x
856,ta quk'a'j ri qaki
857,kuta' k'u uloq ri Sipakna chi ri' pa jul
858,ta xkib'ij k'ajolab' ri'
859,k'a chukab'ij puch
860,ta xtub'ukij sanik
861,keb'inowik keb'uchuwik
862,ta xek'ulun xe' che'
863,jumaj
864,kikayelo'n puch rixk'aq Sipakna
865,ta xkil k'u ri k'ajolab'
866,mi pa xutzin ri k'axtok'
867,chiwila' na sanik
868,mixek'ulun uloq
869,mixetub'ukij uloq
870,jumaj is kika'yen
871,k'o rixk'aq richilana
872,mixqab'ano k'a
873,xecha' chi kib'il kib'
874,are k'u ri Sipakna
875,xa wi k'aslik
876,xuq'at uloq rismal uwi'
877,xa pu kuk'ux uloq rixk'aq chi re
878,kuya' ula chi kech ri sanik
879,keje k'u ri xkamik
880,xkina'o omuch' k'ajolab'
881,k'a te k'ut xtikar kiki chi roxij
882,ta xeq'ab'ar puch konojel k'ajolab'
883,e k'u q'ab'arinaq chik konojel omuch' k'ajolab'
884,maja b'i kakina' chik
885,k'a te puch xulix
886,rumal ri Sipakna
887,xek'isch'ayatajik konojel
888,maja' b'i chik jun ka'ib' xkolotaj chi kech
889,xekamisaxik rumal Sipakna
890,uk'ajol ri Wuqub' Kaqix.
891,Keje k'ut kikamik omuch' k'ajolab' ri'
892,xcha' chi k'ut
893,are ri xe'ok chi ch'umilal
894,ri motz ub'i' kumal
895,we k'ut xa saqb'al tzij lo.
896,Are chi k'ut chiqab'ij
897,uch'akatajik chik Sipakna
898,"rumal ri e ka'ib' k'ajolab' Jun Ajpu, Xb'alanq'e."
899,Are chik uch'akatajik ukamik Sipakna
900,ta xch'ak chik kumal
901,"ri e ka'ib' k'ajolab' Junajpu, Xb'alanq'e"
902,are chik uyoq' kik'u'x k'ajolab'
903,ri omuch' chi k'ajolab' xekamik
904,rumal Sipakna
905,xa kar xa tap chutzukuj chi taq a'
906,xere chirecha'j
907,pa q'ij chiwa'katik
908,ta chutzukuj recha'
909,chaq'ab' k'ut chireqaj juyub'
910,k'a te k'ut ujalwachixik jun nimatap
911,"kumal Jun Ajpu, Xb'alanq'e."
912,Are k'ut xkikoj ri uwach ek'
913,ri maq ek' k'o pa taq k'echelaj
914,are uxul tap xuxik
915,pajaq
916,xkikojo
917,sel ab'aj k'u ri uwarachaq tap
918,ri jowojik
919,k'a te k'ut ta xkikoj ukoq
920,chuxe' pek
921,Me'awan ub'i'
922,k'a te k'ut ta xepe ri k'ajolab'
923,xkik'u' ri Sipakna chi ya'
924,a pa katb'e wi
925,at k'ajol
926,xchax Sipakna
927,maja b'i kinb'e wi
928,xa wecha' kanutzukuj
929,ix k'ajolab'
930,xcha' k'u ri Sipakna.
931,Naqi pa awecha'
932,xa kar xa tap
933,xma k'o chi wi kanuriqo
934,kab'ijir chinkanaj rechaxik
935,ma wi kanuch'ij chik wa'ij
936,"xcha' Sipakna chi kech Jun Ajpu, Xb'alanq'e."
937,Jun are la tap
938,k'o ula xe' siwan
939,qitzij chi nimatap
940,kaq'ij ta la' chawecha'j lo.
941,Xa kojuti'o
942,mixrajqachapo
943,kaqaxib'ij qib' rumal
944,ma chib'e on qachapa'
945,"xecha' ri Jun Ajpu, Xb'alanq'e"
946,kitoq'ob'a' nuwach
947,kib'eta'iwab'a' ix k'ajolab'
948,xcha' ri Sipakna
949,ma b'a chiqaj
950,xa ta katb'ek
951,ma sachib'al taj
952,xa raqan ja' katb'ek
953,at k'u taqal aponoq xe' nimajuyub'
954,jowol ula chuxe' siwan xa katel apanoq
955,"xecha' Jun Ajpu, Xb'alanq'e"
956,laqi
957,ma b'a' xuk'ulu
958,ix k'ajolab'
959,kixb'enak'unuwab'a'
960,k'o k'i xo tz'ikin
961,chib'etajiwub'aj
962,weta'm k'o wi
963,xcha' chi k'ut Sipakna.
964,Xelajik k'ajolab'
965,la ma qi k'u xchachup lo
966,ta xa keje xkojtzalij awumal
967,ma xa ma wi xqatijo
968,xa jusuk' chiti'onik
969,ri oj jupulik
970,kojok ub'ik
971,k'a te k'ut kuxib'ij rib'
972,ri oj pak'alik
973,kojok ub'ik
974,xa k'u sqaqi'n chik
975,ma wi chiqariqo
976,k'a te k'u utz at pak'alik
977,katok ub'ik
978,xuchax k'ut
979,utz b'a la'
980,xcha' k'u ri Sipakna
981,ta xb'e k'ut
982,achb'ilan chi k'ut ri Sipakna
983,xb'ek
984,xe'opon chuxe' siwan
985,tzalam tap
986,kaqwak'awoj ula rij xe' siwan
987,ri k'u te kikumatzij
988,utz b'a la'
989,chikikot k'u ri Sipakna
990,karaj taj
991,xkok ta puchi'
992,rumal qitzij kutzin chi wa'ij
993,xraj kutij ri'
994,xa xrajjupunik
995,xrajokik
996,pak'al k'u ri tap
997,xaq'anik
998,k'a te k'ut xel chu uloq
999,ma wi xariqo
1000,xuchax k'ut
1001,maja b'i
1002,xa pak'alik
1003,kaq'anik
1004,xa nab'e sqaqi'n chik
1005,ma wi mixnuriqo.
1006,K'a te utz lo kipak'e'ik
1007,kinok ub'ik
1008,xcha' chi k'ut.
1009,K'a te k'ut pak'al chik
1010,ta xok ub'ik
1011,xk'isk'u'ok ub'ik
1012,xa uwi' uch'ek chik xk'utun uloq
1013,xk'isb'iq'itajik
1014,xlilob' k'u qajoq nimajuyub' chi uk'u'x
1015,ma wi xsolkopij chik
1016,ab'aj k'ut xuxik ri Sipakna
1017,keje uch'akatajik chik Sipakna
1018,"kumal k'ajolab' Jun Ajpu, Xb'alanq'e"
1019,ri b'anol juyub'
1020,xcha' utzijoxik ojer
1021,unab'e k'ajol Wuqub' Kaqix
1022,chuxe' juyub' Me'awan ub'i'
1023,xch'akataj wi
1024,xa nawal
1025,Ukab' nimarisay rib'.
1026,Jun chi k'ut xchiqab'ij ub'ixik.
1027,Rox chi k'ut nimarisay rib'.
1028,Ukab' uk'ajol Wuqub' Kaqix
1029,Kab'raqan ub'i'
1030,in yojol juyub'
1031,xcha'
1032,"xa wi k'u xere Jun Ajpu, Xb'alanq'e"
1033,xch'akow re Kab'raqan
1034,"xcha' ri Juraqan, Ch'ipikaqulja', Raxakaqulja'"
1035,"ta xch'awik chi kech ri Jun Ajpu, Xb'alanq'e"
1036,ukab' uk'ajol Wuqub' Kaqix
1037,"jun chik, jun chik"
1038,xa wi nutzij rumal
1039,ma wi utz kib'anoj chuwach ulew
1040,kakik'owisaj q'ij chi nimal chi alal
1041,ma k'u keje chuxik
1042,chib'ochij k'u ub'ik chi la' releb'al q'ij
1043,xcha' k'ut ri Juraqan chi ke ri e ka'ib' k'ajolab'
1044,utz b'a la' lal ajaw
1045,ke' wi na k'ut
1046,ma wi utz wi kaqilo
1047,ma pa lal k'olik
1048,lal pu yakalik
1049,lal uk'u'x kaj
1050,xecha' k'ut ri k'ajolab'
1051,ta xkik'ulub'a utzij Juraqan.
1052,Are puch katajin ri Kab'raqan
1053,yojol juyub'
1054,xa sqaqi'n ch'utinij raqan chuwach ulew
1055,jusu chib'ulij
1056,ta xk'ulutaj kumal ri k'ajolab'.
1057,A pa katb'e wi al k'ajol
1058,xecha' chi rech ri Kab'raqan
1059,maja b'i kinb'e wi
1060,xa in uliy
1061,in puch yojol rech
1062,chi b'e q'ij chi b'e saq
1063,xcha' k'ut
1064,ta ch'awik
1065,"xcha' chi k'ut ri Kab'raqan chi ke ri Jun Ajpu, Xb'alanq'e"
1066,jupacha xpetik
1067,ma wi weta'm uwach
1068,naqi pa ib'i'
1069,xcha' Kab'raqan.
1070,Maja b'i qab'i'
1071,xa oj ub'om
1072,xa pu oj tzarab'om pa taq juyub'
1073,xa oj meb'a'
1074,maja b'i
1075,naqi la qech at k'ajol
1076,xa ch'utijuyub'
1077,xa nimajuyub' kojb'ek at k'ajol
1078,are k'u ri jun nimajuyub'
1079,xqilo
1080,xa kok il
1081,qitzij najt kaq'anik
1082,xa kakupupik
1083,ma k'u ja b'i jun ka'ib' tz'ikin
1084,mixqak'am chuwach at k'ajol
1085,we k'ut qitzij kawulij ronojel juyub'
1086,at k'ajol
1087,"xecha' ri Jun Ajpu, Xb'alanq'e chi re Kab'raqan"
1088,ma qitzij xiwilo ri juyub'
1089,kib'ij
1090,a pa k'o wi
1091,xchiwil na
1092,xchinwulij qajoq
1093,a pa xiwil wi.
1094,Chi la' b'a k'o wi
1095,chi releb'al q'ij
1096,"xecha' k'ut Jun Ajpu, Xb'alanq'e."
1097,Utz xchik'ama' qab'e
1098,xe'uchax k'u ri e ka'ib' chi k'ajolab'
1099,maja b'i
1100,xa kachap e nik'aj
1101,chi qaxo'l k'ut koje' wi
1102,jun chamox
1103,rumal k'o qawub'
1104,we k'o tz'ikin chiqawub'aj
1105,xecha' k'ut
1106,keki'kot chikitijtob'ela' kiwub'anik
1107,are k'u ri ta kewub'anik
1108,mana ulew taj ub'aq' kiwub'
1109,xa chikuxlab'ij ri tz'ikin
1110,ta chikiwub'aj
1111,chumayjaj k'u ri Kab'raqan
1112,ta xkib'aq k'ajolab'
1113,xkib'ol k'ut kitz'ikin chuwach q'aq'
1114,jun k'ut tz'ikin xkiq'ul sajkab' chi rij
1115,saqi'ulew xkikojo
1116,are k'ut chiqaya' chi re
1117,ta jiq'onoq
1118,ta chutziqa' qatz'ikin
1119,ta ch'aq'ajoq
1120,are k'u ri ulew xchok chi rij tz'ikin qumal
1121,pulew
1122,keje k'ut
1123,pulew chimuq wi
1124,we nima'etamanel jun tz'aq jun b'it
1125,ta chawaxoq ta saqiroq
1126,xecha' ri k'ajolab'
1127,rumal xax chirayin wi
1128,uk'uxlal ri chitiyik chich'akuxik
1129,keje xchurayij uk'u'x ri Kab'raqan
1130,"xecha' chi kib'il kib' Jun Ajpu, Xb'alanq'e."
1131,Ta xkib'ol ri tz'ikin
1132,xchaq'aj k'ut
1133,q'an ub'olik
1134,chiyipowik chikab'chiyanik kij ri tz'ikin
1135,chik'o'inik
1136,are k'u ri Kab'raqan kurayij chik rechaxik
1137,xa kawajin uwa'l puchi'
1138,kakurulaj puch uchub' uk'axaj
1139,rumal usimsojil tz'ikin
1140,ta xutz'onoj k'ut
1141,naqi pa ri iwecha'
1142,qitzij qus ruxlab' kanuna'o
1143,chiya' ta sqaqi'n wech
1144,xcha' k'ut
1145,ta xya' k'ut jun tz'ikin chi re Kab'raqan
1146,uch'akatajik k'u ri'.
1147,K'a te k'ut xuk'is ri tz'ikin
1148,ta xb'e chi k'ut
1149,xe'opon k'u chi la' releb'al q'ij
1150,k'o wi ri nimajuyub'
1151,are k'u ri Kab'raqan xa tub'ul chik raqan uq'ab'
1152,ma b'i chikowin chik
1153,rumal ri ulew xq'ul chi rij tz'ikin
1154,xuti'o
1155,ma k'u ja b'i chik
1156,naqi la yub'jan
1157,ma wi xutzinik
1158,xuwulij taj.
1159,Ta xim k'ajolab'
1160,chi rij xim wi uq'ab'
1161,xrilij uq'ab' kumal k'ajolab'
1162,xim k'ut uqul raqan ukab'ichal
1163,k'a te k'ut xkitarij qajoq pulew
1164,xkimuqu
1165,keje k'ut uch'akatajik Kab'raqan
1166,"ri xa wi xere Jun Ajpu, Xb'alanq'e"
1167,ma wi ajilan kib'anoj waral chuwach ulew.
1168,Are chi k'ut xchiqab'ij chik
1169,"ub'i' kiqajaw ri jun Ajpu, Xb'alanq'e"
1170,xqakamuj
1171,xa pu xqakamuj ub'ixik utzijoxik puch
1172,"kik'ajolaxik ri Jun Ajpu, Xb'alanq'e"
1173,xa nik'aj xchiqab'ij
1174,xa ch'aqa'b' kiqajaw.
1175,Wa'e k'ute utzijoxik
1176,"are kib'i' ri Jun Jun Ajpu, ke'ucha'xik"
1177,"are k'ut kiqajaw Xpiyakok, Xmukane"
1178,chi q'equ'mal chi aq'ab'al xe'alaxik
1179,"ri Jun Jun Ajpu, Wuqub' Jun Ajpu"
1180,"kumal Xpiyakok, Xmukane."
1181,Are k'u ri Jun Jun Ajpu
1182,e ka'ib' xeralk'wa'laj
1183,e pu ka'ib' uk'ajol
1184,Jun B'atz' ub'i' nab'e al
1185,Jun Chowen
1186,are k'ut ub'i' kichuch wa'
1187,Xb'aqiyalo
1188,rixoqil Jun Jun Ajpu.
1189,Are k'u ri Wuqub' Jun Ajpu maja b'i rixoqil
1190,xa ulaq'el
1191,xa pu ukab'
1192,xa k'ajol uk'oje'ik
1193,e nimaq ajna'oj
1194,nim puch ketamab'al
1195,e nik'wachinel
1196,xa utz kik'oje'ik kiyake'ik puch
1197,"xkik'utu nawikil Jun B'atz', Jun Chowen"
1198,uk'ajol Jun Jun Ajpu
1199,e ajsu' e ajb'ix
1200,e ajpu ajtz'ib'
1201,e nay pu ajk'ot
1202,e ajxit
1203,xe'uxik ri Jun B'atz' Jun Chowen.
1204,"Are k'u ri Jun Jun Ajpu, Wuqub' Jun Ajpu"
1205,xa sak xa cha'j
1206,xa e kakab' chikik'ulelaj kib'
1207,e kajib' chi konojel
1208,ta kekuchmayjik pa jom
1209,chul k'u ri wok
1210,ilol ke
1211,usamajel Juraqan chi Ch'ipi Kaqul Ja Raxakaqul Ja.
1212,Are k'u ri wok
1213,ma wi naj waral chuwach ulew
1214,ma wi naj chi xib'alb'a chi re
1215,lib'ajchi' chopon chik chi kaj ruk' Juraqan
1216,xeyaluj waral chuwach ulew
1217,"xkaminaq k'a k'ut kichuch ri Jun B'atz', Jun Chowen."
1218,Are k'ut ub'e'el xib'alb'a xecha'j wi
1219,"ta xkita' k'ut Jun Kame, Wuqub' Kame"
1220,rajawal xib'alb'a
1221,naqi pa ri kab'an chuwach ulew
1222,xa kenik'notik
1223,xa pu kejuminik keb'etataqoq
1224,waral taj ke'ulcha'j wi
1225,keqach'ak ta k'ut
1226,xa maja b'i qanimaxik kumal
1227,maja b'i kinim
1228,ma pu ja b'i kixob'
1229,xax kejikik uloq pa qawi'
1230,xecha' k'ut konojel xib'alb'a.
1231,Ta xkik'am kina'oj konojel
1232,"ri kib'i' Jun Kame, Wuqub' Kame"
1233,e nimaq q'atol tzij
1234,are k'u ri ajawab'
1235,ronojel ya'ol upatan
1236,rajawarem puch jujun chi ajawab'
1237,"rumal Jun Kame, Wuqub' Kame."
1238,Are k'u ri Xikiripat Kuchumakik' ub'i' ajaw
1239,are k'ut kipatan ri kik' chuyab'ij wi winaq.
1240,"Are chi k'u ri Ajal Puj, Ajal Q'ana chik"
1241,qi ajawab'
1242,are k'ut kajawarem ri chisipojik winaq
1243,chipe puj chi rij raqan
1244,chipe q'ana chi rij uwach
1245,chuq'anal chuchaxik.
1246,K'a te k'ut rajawarem Ajal Puj Ajal Q'ana ri'.
1247,Are chi k'u ri ajaw Ch'amiyab'aq Ch'amiyajolom
1248,rajch'ami xib'alb'a
1249,xa b'aq kich'ami'y
1250,are k'ut kajch'ami'yal ri chib'aqir winaq.
1251,Qitzij chi b'aq chi jolom chik
1252,ta chikamik
1253,tziyaj
1254,chik'amowik
1255,"are upatan ri Ch'amiyab'aq, Ch'amiyajolom kib'i'."
1256,"Are chi k'u ri ajaw Ajal Mes, Ajal Toq'ob' kib'i'"
1257,are kipatan ri
1258,xa chik'ulwachij winaq
1259,we tza'mes
1260,chuwa ja chik'ulwachij wi
1261,xa chikitoq'o'
1262,ta chikamik
1263,"are k'ut kajawarem Ajal Mes, Ajal Toq'ob'"
1264,ke'uchaxik.
1265,"Are chi k'u ri ajaw Xik, Patan kib'i'"
1266,are kajawarem ri winaq chikam pa b'e
1267,xa rax kamik chuchaxik
1268,chipe kik' puchi'
1269,ta chikamik
1270,chuxawaj kik'
1271,xa jujun chi patan kitelela'on
1272,xa chikiq'osij uqulel
1273,ta chikam pa b'e.
1274,Xa chikik'ulmaj apanoq
1275,we chib'inik chi qul
1276,"are k'ut kajawarem Xik, Patan ri'."
1277,Are k'ut xkikuch kina'oj ri'
1278,ta xetzayixik
1279,"ta xekotob'ax puch Jun Jun Ajpu, Wuqub' Jun Ajpu"
1280,are xkirayij xib'alb'a
1281,"ri ketz'ab'a'l Jun Jun Ajpu, Wuqub' Jun Ajpu"
1282,ri kitz'u'm kib'ate
1283,kipachq'ab' kiyachwach
1284,wachsot puch
1285,"kikawub'al Jun Jun Ajpu, Wuqub' Jun Ajpu."
1286,Are chi k'ut xchiqab'ij chik
1287,kib'e'ik chi xib'alb'a
1288,"xekanaj k'u kanoq ri Jun B'atz', Jun Chowen"
1289,uk'ajol Jun Jun Ajpu
1290,xkaminaqoq kichuch
1291,"k'a chuwi' chik kich'akatajik Jun B'atz', Jun Chowen"
1292,"kumal Jun Ajpu, Xb'alanq'e."
1293,K'a te k'ut kipetik samajel
1294,"rumal Jun Kame, Wuqub' Kame"
1295,kixb'ek
1296,ix rajpop achij
1297,"je'itaqa' ri Jun Jun Ajpu, Wuqub' Jun Ajpu"
1298,kixcha'
1299,ta kixopon kuk'
1300,kepetoq
1301,kecha' ajawab' chiwech
1302,waral taj ke'ulcha'ja wi quk'
1303,chiqak'astaj ta qawach kuk'
1304,qitzij kaqamayjaj kichi'
1305,keje ta k'ut kepe wi
1306,kecha' ajawab'
1307,"chikik'am k'u uloq ri kichoko'nisa'n,"
1308,"kib'ate, kipachq'ab'"
1309,chipe nay puch ri kikik'
1310,kecha' ajawab'
1311,kixcha'
1312,ta kixoponoq
1313,xe'uchaxik ri samajel
1314,are k'ut kisamajel ri tukur
1315,"Ch'ab'itukur, Juraqan Tukur,"
1316,"Kaqix Tukur, Jolom Tukur"
1317,ke'uchaxik usamajel xib'alb'a
1318,are ri Ch'ab'itukur
1319,keje ri ch'ab'
1320,xa kopkik
1321,are k'u ri Juraqan Tukur
1322,xa jun raqan
1323,k'o uxik'
1324,are k'u ri Kaqix Tukur
1325,q'a' rij
1326,k'o uxik'
1327,are chi nay puch ri Jolom Tukur
1328,xa utukel ujolom
1329,maja b'i raqan
1330,xa uxik' k'olik.
1331,E kajib' ri samajel
1332,rajpop achijab' keqalem
1333,ta xepe k'ut chi la' chi xib'alb'a
1334,lib'ajchi' xe'ulik
1335,e k'u taqal chuwi' jom
1336,"kecha'j k'ut Jun Jun Ajpu, Wuqub' Jun Ajpu"
1337,pa jom
1338,ri Nim Xob' Karchaj
1339,e k'u tak'atoj ri tukur chuwi' jom
1340,ta xkitzaq k'ut kitzij
1341,"xa wi xere ucholik utzij Jun Kame, Wuqub' Kame,"
1342,"Ajal Puj, Ajal Q'ana'"
1343,"Ch'amiyab'aq, Ch'amiyajolom"
1344,"Xikiripat, Kuchumakik'"
1345,"Ajal Mes, Ajal Toq'ob'"
1346,Xik Patan kib'i' konojel ajawab'
1347,xtzaq kitzij kumal tukur.
1348,"Ma qitzij kacha' ajaw Jun Kame, Wuqub' Kame"
1349,qitzij b'a la'
1350,kecha'
1351,oj na k'u achb'ilay iwe
1352,chik'am uloq ri ronojel ketz'ab'a'l
1353,kecha' ajawab'
1354,utz b'a la'
1355,kojiwoyob'ej na
1356,jo' na
1357,qapixab'aj kan na qachuch
1358,xecha k'ut
1359,xeb'e k'ut chi kochoch
1360,xecha k'ut chi re kichuch
1361,xkaminaqoq kiqajaw
1362,jo' na
1363,ix qachuch
1364,xa et
1365,mixul usamajel ajaw
1366,k'amol qe
1367,kepetoq kacha' k'ut
1368,kecha' taqol qe
1369,xchikanaj k'u kana qakik'
1370,xecha' k'ut
1371,k'a te xb'ekixima' kanoq puwi' ja
1372,kojul na
1373,k'a te chiqachokonisaj chik
1374,xa kixtzu'nanoq
1375,xa pu kixb'ixanoq
1376,kixtz'ib'anoq
1377,kixk'otonoq
1378,chimeq'oj qachoch
1379,chimeq'oj puch uk'u'x iwati't.
1380,"Xe'uchax k'ut Jun B'atz', Jun Chowen"
1381,ta xepixab'axik
1382,qus qus kichuch
1383,ri Xmukane
1384,jo' na
1385,maja b'i kojkamik
1386,mixb'isonik xecha'
1387,"ta xeb'ek Jun Jun Ajpu, Wuqub' Jun Ajpu."
1388,K'a te puch
1389,"ta xeb'ek Jun Jun Ajpu, Wuqub' Jun Ajpu"
1390,xk'am kib'e kumal ri samajel
1391,ta xeqaj k'ut pub'e'al xib'alb'a
1392,xuluxuj uchi' kumuk
1393,xeqaj k'ut
1394,ta xe'el chi k'u apanoq chuchi'
1395,Siwan ub'
1396,Nusiwan K'ulk'u
1397,Siwan ub'i' xe'ek'o wi
1398,xe'ek'o chi k'ut chi upam Jaljal Ja' Simaj
1399,ma wi ajilan simaj xe'ik'o
1400,ma wi xetoq'otajik
1401,ta xe'opon chi k'ut chi a'
1402,chikik' ya'
1403,xe'ik'o wi chi ri'
1404,ma wi xkuk'a'j
1405,xe'opon chi ja'
1406,utukel puch chi ja'
1407,ma wi xech'akatajik
1408,xa wi xe'ik'ow chik
1409,ta xe'opon chi k'ut
1410,"pa kajib' xalq'at b'e,"
1411,k'a chi ri' k'ut xech'akataj wi
1412,pu kajib' xalq'at b'e
1413,"jun kaqab'e, jun k'ut q'eqab'e"
1414,"saqib'e jun, jun k'ut q'anab'e"
1415,kajib' b'e.
1416,Are k'ut xch'aw ri q'eqab'e
1417,in kinik'amo
1418,in ub'e ajaw
1419,xch'aw ri b'e
1420,chi ri' k'ut xech'akataj wi
1421,are xkitaqej ri ub'e xib'alb'a.
1422,Ta xe'opon k'ut pa kipopob'al
1423,rajawal xib'alb'a
1424,xech'akataj chi k'ut chi ri'.
1425,Are nab'e kub'ulel ri
1426,xa poy xa ajam che'
1427,kawutalik kumal xib'alb'a
1428,are k'ut nab'e xkiq'ijila'.
1429,Q'ala Jun Kame xecha chi re ri poy
1430,q'ala Wuqub' Kame
1431,xecha chik chi re ri ajam che'
1432,ma k'u xech'akowik
1433,k'a te k'ut
1434,xejumujub' rajawal xib'alb'a chi tze'
1435,xa kejumin chik chi tze'
1436,konojel ajawab'
1437,rumal xech'akomajik
1438,"chi kik'u'x xkich'ak ri Jun Jun Ajpu, Wuqub' Jun Ajpu"
1439,xetze'n na
1440,"k'a te k'ut xech'aw chik Jun Kame, Wuqub' Kame"
1441,utz b'a la'
1442,mixixulik
1443,chuwe'q chiqasaj uwach ib'ate ipachq'ab'
1444,xe'uchax k'ut
1445,kixku'loq chuwi'
1446,xe'ucha'xik
1447,utukel k'u k'atanalaj ab'aj kitem
1448,xya'ik
1449,xek'at chi k'ut chuwi' tem
1450,qitzij wi xepisk'alij chik chuwi' tem
1451,ma wi xeyakamarik
1452,qitzij wi xewa'lejik
1453,xk'at kiku'lib'al.
1454,K'a te k'ut
1455,xetze'n chik xib'alb'a
1456,xepichicharik chi tze'
1457,xwinaqirije'ik ukumatz tze' chi kik'u'x
1458,chikiki'
1459,konojel rajawal xib'alb'a
1460,xa jix chi ja
1461,we chib'eya'oq ichaj isik' chi warab'al
1462,xe'uchax k'ut.
1463,K'a te k'ut xe'oponik pa q'equmaja
1464,utukel q'equ'm upam chi ja
1465,ta xkik'am k'ut kina'oj xib'alb'a
1466,xa keqapusu chwe'q
1467,xa lab'e
1468,rumal ri qetz'ab'al ri qachajib'al
1469,kecha' k'u ri xib'alb'a chi kib'il kib'.
1470,Are k'u ri kichaj
1471,xa k'olok'ik cha
1472,Saqitoq' ub'i' ri chaj
1473,uchaj Xib'alb'a
1474,xa jukul
1475,xa jusuk' chiyojyox b'aq
1476,chik'ow wi ri kicha'j xib'alb'a
1477,"xe'ok k'ut ri Jun Jun Ajpu, Wuqub' Jun Ajpu"
1478,chupam q'equmaja
1479,ta xb'ek'uya'oq kichaj
1480,xa jun kichaj tzijom chik
1481,"xel ruk' Jun Kame, Wuqub' Kame"
1482,ruk' jujun kisik'
1483,xa wi tzijon chik
1484,xel kuk' ajawab'
1485,"ta xb'ek'uya'oq kuk' ri Jun Jun Ajpu, Wuqub' Jun Ajpu"
1486,e ch'okochoj chi uloq pa q'equ'm
1487,ta xopon ri ya'ol kichaj ruk' kisik'
1488,kajuljut ri chaj
1489,xok apanoq ri kichaj
1490,e kitzija' ri jujun kisik'
1491,je chulkiya' chi saqirik
1492,ma wi chik'isik
1493,xa wi xere uwach chulkimolob'a'
1494,kecha' ajawab' chi we
1495,xe'uchaxik
1496,xech'akataj k'ut
1497,xkik'is ri chaj
1498,xkik'is k'u ri sik'
1499,xb'eya'o chi ke
1500,tzatz k'u ri utijob'al xib'alb'a
1501,k'iyamolaj chi tijob'al
1502,are unab'e ri Q'equmaja
1503,utukel
1504,q'equ'm upam
1505,ukab' chi k'ut Xuxulim Ja ub'i'
1506,tzatz chi tew upam
1507,saqxuruxuj
1508,chixurulaj tew
1509,chok uloq chupam
1510,rox chi k'ut B'alam Ja ub'i'
1511,utukel b'alam k'o chupam
1512,keq'ichowik
1513,keb'uchuwik
1514,kech'ikitit
1515,ke'etz'apim b'alam pa ja.
1516,Tzotz'ija utijob'al
1517,utukel sotz' upam chi ja
1518,ketzitzotik ketz'itilajik
1519,keropop pa ja
1520,e tz'apim sotz'
1521,maja b'i ke'el wi.
1522,Ro' chi k'ut Chayim Ja ub'i'
1523,utukel cha k'o chupam
1524,saqleloj re chi cha
1525,chitzininik chiyojojik chi ri' pa ja.
1526,Kinab'e utijob'al xib'alb'a
1527,"ma k'u xe'ok ri Jun Jun Ajpu, Wuqub' Jun Ajpu chupam"
1528,xa ub'ixik apanoq ub'i' tijob'al ja
1529,"ta xe'ok k'u apanoq Jun Jun Ajpu, Wuqub' Jun Ajpu"
1530,"chuwach Jun Kame, Wuqub' Kame"
1531,a pa k'o wi ri nusik'
1532,a'on k'o wi ri nuchaj
1533,xb'eya'oq chi wech xq'eq
1534,xuchax k'ut.
1535,Xqak'iso at ajaw
1536,utz b'a la'
1537,wakamik b'a la' xk'is iq'ij
1538,kixkamik xkisachik xkiqaqup
1539,waral xchiwewaj wi iwach
1540,kixpusik
1541,"xcha' Jun Kame, Wuqub' Kame"
1542,ta xepus k'ut
1543,xemuq k'ut
1544,chi Pukb'al Chaj ub'i'
1545,xemuq wi
1546,xq'at ujolom ri Jun Jun Ajpu
1547,xa unimal
1548,chiya' ri ujolom xo'l che'
1549,ri tikil pa b'e
1550,"xcha' k'ut Jun Kame, Wuqub' Kame."
1551,Ta xb'ek'uya'oq ujolom xo'l che'.
1552,Ta xwachin k'u ri che'
1553,maja b'i uwach
1554,maja choko Jun Jun Ajpu
1555,chuxo'l che'.
1556,Are k'u ri tzima kojcha' chi re wakamik
1557,ujolom Jun Jun Ajpu chuchaxik.
1558,"Ta xumayjaj k'ut Jun Kame, Wuqub' Kame"
1559,uwach ri che'
1560,jumaj k'olok'a'q uwach
1561,ma k'u q'alaj k'o chi wi ri ujolom Jun Jun Ajpu
1562,xa junam chik uwach ruk' uwach tzima
1563,kurilo ronojel xib'alb'a ta chulkika'ij.
1564,Nim uk'oje'ik ri che' xux chi kik'u'x
1565,rumal jusu xub'anik
1566,ta xok ujolom Jun Jun Ajpu
1567,chuxo'l
1568,xecha' k'u ri xib'alb'a chi kib'il kib'
1569,ma k'o mach'upuwik ri uwach
1570,ma k'o naypu ma ok apanoq chuxe' che'
1571,xecha'
1572,xkiq'ataj kib'
1573,xkiq'il kib' xib'alb'a konojel.
1574,Ma k'u q'alaj chi ri ujolom Jun Jun Ajpu
1575,xa junamatal chik ruk' uwach che'
1576,ri tzima ub'i' xuxik
1577,nim k'ut utzijoxik
1578,xuta' jun q'apoj
1579,wa k'ute xchiqab'ij roponik.
1580,Wa chi k'ute utzijoxik jun q'apoj
1581,ume'al jun ajaw Kuchumakik' ub'i'.
1582,Are k'ut ta xuta' jun q'apoj
1583,ume'al jun ajaw
1584,Kuchumakik' ub'i' uqajaw
1585,Xkik' k'ut ub'i' ri q'apoj
1586,ta xuta k'ut utzijoxik ri uwach che'
1587,ta chitzijox chik rumal uqajaw
1588,chumayjaj k'ut
1589,ta chitzijoxik
1590,ma kina'oj wi la ri che'
1591,kab'ixik
1592,qitzij qus uwach kacha'
1593,kanuta'o
1594,xcha' k'ut
1595,k'a te xb'ek
1596,xa utukel
1597,xopon k'ut chuxe' che'
1598,tikil
1599,chi Pukb'al Chaj tikil wi
1600,jiya'
1601,naqi pe uwach wa'e che'
1602,ma qi pa qus chiwachin wa che'.
1603,Ma kikam taj ma kisach taj
1604,la qi ta xchinch'up junoq
1605,xcha' k'u ri q'apoj
1606,ta xch'aw k'ut ri b'aq
1607,k'o ula xo'l che'
1608,naqi pa karayij chi re ri xa b'aq
1609,ri k'olok'oxinaq chuq'ab' taq che'
1610,xcha' ri ujolom Jun Jun Ajpu
1611,ta xch'awik chi re ri q'apoj
1612,ma karayij xucha'xik.
1613,Kanurayij
1614,xcha' k'ut ri q'apoj
1615,utz b'a la'
1616,chalik'ib'a' uloq ri awikiq'ab'
1617,wila na
1618,xcha' ri b'aq
1619,we xcha' k'u q'apoj
1620,xulik'ib'a' aq'anoq uwikiq'ab' chuwach b'aq
1621,k'a te k'ut chipitzkab'an b'aq
1622,ta xpetik
1623,taqal k'ut puq'ab' q'apoj
1624,ta xril k'ut upuq'ab'
1625,jusuk' xunik'oj
1626,ma k'u ja b'i uchub' b'aq puq'ab'.
1627,Xa retal mixnuya' chawe
1628,ri nuchub' nuk'axaj
1629,are ri nujolom
1630,maja b'i kachokon chi wi
1631,xa b'aq
1632,maja b'i chi uchak.
1633,Xa wi keje ujolom
1634,we kinim ajaw
1635,xa uti'ojil utz wi uwach
1636,are k'ut ta chikamik
1637,chuxib'ij chi rib' winaq rumal ub'aqil.
1638,Keje k'ut xa uk'ajol
1639,keje ri uchub' uk'axaj uk'oje'ik
1640,we uk'ajol ajaw
1641,we puch uk'ajol Na'ol Ajuchan
1642,xma chisach wi chib'ek
1643,chitz'aqatajik
1644,ma wi chupel ma pu mayxel uwach ajaw
1645,achij Na'ol Ajuchan
1646,xaxi chikanajik umi'al uk'ajol
1647,ta chuxoq.
1648,Keje mixnub'an chawe.
1649,Kataq'an k'ut chi la' chuwach ulew
1650,ma wi kakamik
1651,katok pa tzij
1652,ta chuxoq
1653,"xcha' ri ujolom Jun Jun Ajpu, Wuqub' Jun Ajpu."
1654,Xa wi kina'oj
1655,ta xkib'ano
1656,"are utzij Jun Raqan, Ch'ipikaqul Ja, Raxakaqul Ja"
1657,chi kech.
1658,Keje k'u utzalijik chik q'apoj chi rochoch
1659,k'iya pixab' xb'ix chi rech.
1660,Jusu k'u xwinaqir ral chupam
1661,rumal ri xa chub'.
1662,"Are k'ut kiwinaqirik Jun Ajpu, Xb'alanq'e"
1663,ta xopon k'ut chi rochoch ri q'apoj
1664,xtz'aqat k'ut waqib' ik'
1665,ta xna'wachil uqajaw
1666,ri Kuchumakik' ub'i' uqajaw.
1667,K'a te puch una'tajik q'apoj rumal uqajaw
1668,ta xil ri ral
1669,k'o chik
1670,ta xkikuch k'ut kina'oj konojel ajawab'
1671,Jun Kame Wuqub' Kame ruk' ri Kuchumakik'
1672,are ri nume'al k'o chi ral
1673,ix ajawab'
1674,xa ujoxb'al xcha' k'u ri Kuchumakik'
1675,ta xoponik kuk' ajawab'
1676,utz b'a la' chak'oto uchi' ri'
1677,ta ma kub'ij
1678,chipus k'ut
1679,chi najt chib'epusu wi
1680,utz b'a la' alaq ajawab'
1681,xcha' k'ut
1682,k'a te k'ut xutz'onoj chi rech ume'al
1683,a pa ajchoq'e ri awal k'o chapam at nume'al
1684,xcha' k'ut
1685,maja b'i wal lal nuqajaw
1686,maja b'i achij weta'm uwach
1687,xcha' k'ut
1688,utz b'a la'
1689,qitzij wi chi at joxol ch'ek
1690,chipusu' ix ajpop achij
1691,chik'ama' uloq ri uk'u'x chupam sel
1692,chikik'ololej ajawab' wakamik
1693,xe'uchax k'ut ri tukur
1694,e kajib'
1695,ta xeb'ek
1696,kitik'em ri sel
1697,ta xeb'ek
1698,kich'elem ri q'apoj
1699,kuk'a'm ri saqitok'
1700,Ma wi chutzinik kinikamisaj
1701,ix samajel
1702,rumal ma wi nujoxb'al ri k'o chi nupam
1703,xaqi xwinaqirik
1704,xere xb'enumayjaj ri ujolom Jun Jun Ajpu
1705,k'o chi pukb'al chaj
1706,keke
1707,ma wi kipus ix samajel
1708,xcha' ri q'apoj
1709,ta xch'awik.
1710,Naqi pa xchiqakoj uk'exel ri k'u'x
1711,mi xb'ix uloq rumal aqajaw
1712,chik'am uloq ri uk'u'x
1713,xchikitzololej ajawab'
1714,xchikitz'aqixtaj
1715,xchikijunamwachij utz'aqik
1716,chanim chik'ama' uloq pa sel
1717,chik'olob'a' qajoq uk'u'x
1718,chupam sel
1719,ma pa mixojuchax uloq
1720,naqi la k'ut xchiqaya' pa sel
1721,kaqaj ta nab'ek
1722,ma ta katkamik
1723,xecha' k'u ri samajel.
1724,Utz b'a la'
1725,ma wi kech ri k'u'x
1726,ta chuxoq ruk'
1727,ma wi waral iwochoch
1728,chuxik
1729,ma k'u xa chich'ij winaq chi kamik
1730,k'a te qitzij iwech ri qitzij joxol
1731,"k'a te naypu rech Jun Kame, Wuqub' Kame"
1732,xa kik' xa jolomax rech
1733,ta chuxoq
1734,are chik'at chuwach
1735,ma wi are ri k'u'x chik'at chuwach
1736,ta chuxoq.
1737,Chikojo ri uwach che'
1738,cha' q'apoj
1739,kaq k'ut uwa'l ri che' xelik
1740,xk'ul pa sel
1741,k'a te puch xuwon rib'
1742,k'olok'ik xuxik
1743,uk'exel uk'u'x
1744,ta yitz' chi k'ut uwa'l kaq che'
1745,keje ri kik' uwa'l che'
1746,xelik uk'exel ukik'el
1747,ta xuk'olo chi la' ri kik'
1748,chupam ri uwa'l kaq che'
1749,keje k'u ri kik' rij xuxik
1750,kaqlujluj chik
1751,k'olom chi pa sel
1752,ta xkop q'apoj.
1753,Ch'u'j kaq che' chuchaxik.
1754,Are k'u ri kik' xub'ina'j
1755,rumal Kik' Jolomax chuchaxik
1756,chi la' k'ut kixloq'ox wi
1757,chuwach ulew
1758,k'o iwech chuxik
1759,xcha' k'ut chi ke ri tukur
1760,utz b'a la'
1761,at q'apoj.
1762,Xkab'e b'a'
1763,kawab'a' aq'anoq
1764,xa kab'in apanoq
1765,oj
1766,qaya'ixtaj uwa
1767,uk'exewach ak'u'x
1768,chi kiwach ajawab'
1769,xecha' k'ut ri samajel
1770,ta xopon k'ut chi kiwach ajawab'
1771,keselewachin konojel.
1772,Ma wi xutzinik
1773,xcha' k'ut Jun Kame.
1774,Mixutzinik ix ajawab'
1775,wana
1776,xek'o pa sel
1777,utz b'a la'
1778,wila k'ut
1779,xcha' k'u ri Jun Kame
1780,ta xuchuyej k'u aq'anoq
1781,katurur rij chi komaj
1782,kaqlujluj rij chi kik'
1783,utz
1784,chilu'u
1785,chiya' chuwi q'aq'
1786,xcha' k'ut Jun Kame.
1787,K'a te puch xkich'aqij
1788,k'ok' k'ut xkina' xib'alb'a
1789,xek'isyakataj uloq
1790,konojel xech'ike' chuwi'
1791,qitzij chi qus xkina'o
1792,ri usib'el kik'.
1793,Are k'ut e ch'ikich'oj wi kanoq
1794,ta xeb'e ri tukur
1795,e wab'ay rech q'apoj
1796,xukiya' aq'anoq chi jul
1797,chuwi' ulew
1798,xtzalij chi k'u qajoq ri wab'anel.
1799,Keje k'ut xech'akataj wi rajawal xib'alb'a
1800,ri rumal q'apoj
1801,xemoywachixik konojel.
1802,"Are k'ut e k'o ri uchuch Jun B'atz', Jun Chowen"
1803,ta xul ri ixoq Xkik' ub'i'.
1804,Ta xul k'ut ri ixoq Xkik'
1805,"ruk' ri uchuch Jun B'atz', Jun Chowen"
1806,xk'o loq ral chi upam
1807,xa sqaqi'n chik
1808,"ma wi keyake'ik ri Jun Ajpu, Xb'alanq'e kib'i'."
1809,Ta xul k'u ri ixoq ati't
1810,xcha' k'u ri ixoq chi re ri ati't
1811,mixinulik lal chichu'
1812,in alib' la
1813,in puch alk'wa'l la
1814,lal chichu'
1815,xcha'
1816,ta xok uloq ruk' ri ati't.
1817,A pa katpe wi uloq
1818,k'o chi pa ri wal
1819,ma pa xekamik chi xib'alb'a.
1820,E k'u ka'ib' kanoq
1821,"ketal kitzijel puch Jun B'atz', Jun Chowen kib'i'"
1822,we awila katpe wi
1823,katel ub'ik
1824,xuchax ri q'apoj rumal ati't.
1825,Xere la qitzij wi chi in alib' la
1826,xk'o na re in k'o wi
1827,rech Jun Jun Ajpu wa uk'a'm
1828,e k'aslik
1829,"ma wi e kaminaq ri Jun Jun Ajpu, Wuqub' Jun Ajpu"
1830,xa uk'utb'al rib'
1831,saq mixkib'ano lal walib'
1832,keje k'ut iwila'
1833,ta chiloq' uwach ri uk'a'm
1834,xuchaxik ri ati't.
1835,"Are k'ut keq'aq'at Jun B'atz', Jun Chowen"
1836,xa su' xa b'ix kakib'ano
1837,xa tz'ib'anik
1838,xa pu k'otonik kichakij
1839,are k'ut kub'ul wi uk'u'x ri ati't
1840,xcha chi k'ut ati't
1841,xma kawaj wi
1842,at ta walib'
1843,xa ajoxb'al ri k'o chapam
1844,at k'axtok'
1845,xekam wi wal
1846,kab'ij
1847,xcha' chi k'ut ri ati't
1848,qitzij ib'a
1849,utz b'a la'
1850,at walib' kanuta'o
1851,ujat
1852,jak'ama' kecha'
1853,wi chikiwe'ej
1854,jajach'a'
1855,chipetik
1856,at na k'u walib' kanuta'o
1857,xuchax k'ut ri q'apoj.
1858,Utz b'a la'
1859,xcha' k'ut
1860,k'a te puch
1861,ta xb'ek pa ab'ix
1862,"k'o wi kab'ix ri Jun B'atz', Jun Chowen"
1863,jokam
1864,xutaqej k'ut q'apoj
1865,xopon puch chi ri' pa ab'ix.
1866,Xa k'u juwi' ri ab'ix
1867,xma k'o chi wi
1868,"ukawi', roxwi'"
1869,xuwachela'm wi uwach chi juwi'
1870,ta xk'is k'ut uk'u'x ri q'apoj
1871,kil
1872,in makol in k'asb'ol
1873,a pa xchink'am wi ri jun k'at echa'
1874,kab'ixik
1875,xcha' k'ut
1876,k'a te puch usik'ixik chajal echa' rumal
1877,"tatulwa'uloq tatultak'aloq Xtoj, Xq'anil, Xkakaw, Ix Putziya"
1878,"at chajal re kecha' Jun B'atz', Jun Chowen"
1879,xcha ri q'apoj.
1880,Ta xuk'am k'ut ri tzami'y
1881,utzami'yal uwi' jal
1882,xub'oq aq'anoq
1883,ma wi xujach' ri jal
1884,chikaw k'ut ri jal echa' pa k'at
1885,xq'axinik
1886,ta xpe k'ut ri q'apoj
1887,xa k'u chikop xeqan ri k'at
1888,ta xpetik
1889,xb'ekiya' ukoq xukut ja
1890,keje ri reqa'n xoponik
1891,xril ri ati't
1892,k'a te puch
1893,ta xril ri ati't ri echa'
1894,jun chi nimak'at
1895,a pa mixpe wi ri echa' awumal
1896,mixe'alk'alab'a'
1897,we mixk'isak'am uloq ri qab'ix
1898,chib'enawila'
1899,xcha ri ati't
1900,ta xb'e puch
1901,xb'erila ri abix
1902,xa wi xere k'o wi ri juwi' ab'ix
1903,xa wi k'u xere q'alaj uk'olib'al k'at chuxe'
1904,anim chi k'ut xpe ri ati't
1905,xul chi k'ut chi rochoch
1906,xcha chi k'ut chi re ri q'apoj
1907,xere wi retal ri qitzij wi chi at walib'
1908,chiwil chi na ab'anoj
1909,ri e k'o ri wi
1910,xuchax k'ut q'apoj.
1911,"Are chik xchiqatzijoj kalaxik Jun Ajpu, Xb'alanq'e."
1912,Are k'ut kalaxik wa'e xchiqab'ij
1913,ta xuriq uq'ij kalaxik
1914,ta xalan puch ri q'apoj Xkik' ub'i'.
1915,Ma k'u xuwachij ati't
1916,ta xe'alaxik
1917,lib'ajchi' xeyake'ik
1918,e ka'ib' chi kalaxik
1919,"Jun Ajpu, Xb'alanq'e kib'i'"
1920,pa juyub' xeyake' wi
1921,ta xe'ok k'ut pa ja
1922,ma k'u kewarik
1923,je'atzaqa' uloq
1924,qitzij chach
1925,xcha ri ati't
1926,k'a te k'ut ta xeya' pa sanik
1927,qus k'u kiwaram chi ri'
1928,xe'el chi k'u chi ri'
1929,xeya' chik chuwi' k'ix
1930,"are ta k'ut xkaj Jun B'atz', Jun Chowen"
1931,xekam ta chi ri' pa sanik
1932,xekam ta pu chuwi' k'ix
1933,xkaj rumal kichakimal
1934,"kumal Jun B'atz', Jun Chowen"
1935,ma wi xek'ulax pa ja
1936,kumal kichaq' nab'ek
1937,xa ma wi keta'm
1938,xa wi k'u pa juyub' xek'iy wi
1939,"e k'u nimaq ajsu', ajb'ix"
1940,"ri Jun B'atz', Jun Chowen"
1941,xenima'qir k'ut
1942,nimak'axk'ol rayil xe'ik'ow wi
1943,xek'axk'ob'isaxik
1944,e nimaq etamanel chik xe'uxik.
1945,"Xa wi xere e ajsu', e ajb'ix"
1946,"e pu ajtz'ib'ab', ajk'ot xe'uxik"
1947,ronojel chutzin kumal
1948,xax keta'm wi xe'alaxik
1949,xax e na'winaq
1950,e pu uk'exel kiqajaw
1951,ri xeb'e chi xib'alb'a
1952,kaminaq wi kiqajaw
1953,nab'ek e k'u nimaq etamanel
1954,"ri Jun B'atz', Jun Chowen"
1955,chi kik'u'x ronojel nab'ek keta'm
1956,ta xewinaqir ri kichaq'
1957,ma k'u xel apanoq kina'wikil
1958,rumal kikaqwachib'al
1959,xa chi kij xqaj wi uyoq' kik'u'x
1960,ma wi b'anoj xepoysaxik
1961,"kumal ri Jun Ajpu, Xb'alanq'e."
1962,Xa k'u wub'anik chikib'ano jutaq'ij
1963,ma wi keloq'oxik
1964,"rumal ri kati't Jun B'atz', Jun Chowen"
1965,ma wi chiya' kiwa
1966,xb'aninaq wa'im
1967,"xe pu wa'inaq ri Jun B'atz', Jun Chowen"
1968,ta ke'ulik
1969,ma k'u keq'aq'arik oyowarik
1970,xa chikikuyu
1971,xere keta'm ri kik'oje'ik
1972,keje ri saq kakilo
1973,kuk'a'm k'ut kitz'ikin
1974,ta ke'ulik
1975,jutaq'ij chikiti' k'ut
1976,"ri Jun B'atz', Jun Chowen"
1977,maja b'i naqi la chiya' chi kech kikab'ichal
1978,"ri Jun Ajpu, Xb'alanq'e"
1979,"xa k'u su' xa pu b'ix chikib'ano Jun B'atz', Jun Chowen"
1980,"ta xe'ul chi puch ri Jun Ajpu, Xb'alanq'e"
1981,maja b'i chik kitz'ikin kuk'a'm xe'ok uloq
1982,xq'aq'ar k'u ri ati't
1983,naqi pa
1984,rumal maja b'i chi tz'ikin iwuk'a'm
1985,"xe'uchax k'ut ri Jun Ajpu, Xb'alanq'e"
1986,are wi ix qati't
1987,xa mixetanatob' qatz'ikin chuwi' che'
1988,xcha' k'ut
1989,ma k'u ja b'i chaq'an chwi' che' chi
1990,qech ix qati't
1991,chiqaj ta pu ri qatz
1992,keb'e ta quk'
1993,chib'etakiqasaj uloq ri tz'ikin
1994,xecha' k'ut
1995,utz b'a la'
1996,kojb'e iwuk' saqirik
1997,xecha' k'u ri katz
1998,ta xech'akowik
1999,xkaminaq k'ut kina'oj kikab'ichal
2000,"chi rech kich'akik Jun B'atz', Jun Chowen"
2001,xa qatzolq'omij kik'oje'ik
2002,e upam qatzij
2003,ta chuxoq
2004,rumal nimak'axk'ol mixkib'an chi qe
2005,xojkam taj
2006,xojsach taj puch
2007,xkaj ri oj kichaq'
2008,keje ri ala xojpe wi uloq chi kik'u'x
2009,keje k'ut keqach'ak wi
2010,xa retal chiqab'ano
2011,xecha' chi kib'il kib'
2012,ta xeb'e k'ut chi la' chuxe' che'
2013,q'ante' ub'i'
2014,kachb'ilan k'u ri katz
2015,ta xeb'ek
2016,xkitik'ib'a' chi k'ut wub'anik
2017,ma wi ajilan chi tz'ikin chuwi' che'
2018,kech'ititik
2019,xemayjan k'ut ri katz
2020,ta xkil ri tz'ikin
2021,are k'u ri tz'ikin maja b'i junoq
2022,xqaj uloq chuxe' che'
2023,ri qatz'ikin e ma wi keqaj uloq
2024,xa jixqasaj uloq
2025,xecha k'ut chi re katz.
2026,Utz b'a la'
2027,xecha' k'ut.
2028,K'a te puch xe'aq'anik chuwi' che'
2029,xnimar k'ut ri che'
2030,xsipoj upam
2031,k'a te k'ut xerajqaj uloq
2032,ma k'u utz chik kiqajik uloq chuwi che'
2033,"Jun B'atz', Jun Chowen"
2034,xecha' k'u uloq chuwi' che'
2035,jupacha kojuchanik
2036,ix qachaq'
2037,toq'ob' qawach
2038,are ri che' kaxib'in chik
2039,kaqilo ix qachaq'
2040,xecha' uloq chuwi' che'
2041,"xecha' k'u ri Jun Ajpu, Xb'alanq'e"
2042,chikira' iwex
2043,chixima' xe' ipam
2044,najtik utza'm chijureje' chiwij
2045,k'a te k'ut utz ib'inik
2046,xe'uchax chik kumal kichaq'
2047,we xecha' k'ut
2048,ta xkijurub'a' k'ut utza'm kito'q
2049,xa pu jusu kije' chi xuxik
2050,xa k'oy xkiwachib'ej chik
2051,k'a te k'ut xeb'e chuwi' taq che'
2052,ch'utijuyub' nimajuyub'
2053,xeb'ek pa taq k'ichelaj
2054,kewojon chik
2055,kisilaj chik chuq'ab' taq che'
2056,"keje k'ut kich'akatajik Jun B'atz', Jun Chowen"
2057,"kumal Jun Ajpu, Xb'alanq'e"
2058,xa rumal kinawal
2059,ta xkib'ano
2060,ta xe'opon k'ut chi kochoch
2061,xecha' k'ut
2062,xe'oponik ruk' kati't
2063,ruk' pu kichuch
2064,ix qati't
2065,naqi la mixkik'ulwachij ri qatz
2066,xa rax kiwach
2067,mixeb'ek
2068,keje ri e chikop chik
2069,xecha' k'ut
2070,we naqi la mixib'an chi ke iwatz
2071,mi xiniq'alab'a' mi pu xinich'ikib'a'
2072,ma ta keje xib'an chi ke iwatz
2073,ix wi
2074,"xcha' ri ati't chi kech Jun Ajpu, Xb'alanq'e"
2075,xecha' chi k'ut chi re kati't
2076,mixb'isonik ix qati't
2077,xchiwil chik kiwach ri qatz
2078,xke'ulik
2079,xere chi k'ut utijowik wa' chi we ix qati't
2080,la qi mixtze'nik
2081,qatija' na kiq'ij
2082,xecha' k'ut
2083,k'a te puch xkitikib'a' su'anik
2084,Jun Ajpu K'oy xkisu'aj.
2085,"K'a te puch xeb'ixanik, xesu'anik, xeq'ojomanik"
2086,ta uk'amik ri kisu' kiq'ojom
2087,ta xkub'e' puch ri kati't kuk'
2088,ta xesu'anik
2089,xesik'ix pa su' pa b'ix
2090,ta xub'ina'j ri jun
2091,Ajpu K'oy
2092,ub'i' su'
2093,"ta xe'ok k'u uloq ri Jun B'atz', Jun Chowen"
2094,kexajowik
2095,ta xe'ulik
2096,k'a te puch ta xmuqun ri ati't
2097,itzel kiwach xril ati't
2098,ta xtze'nik
2099,ma wi xukuy utze' ati't
2100,xa k'u jusu xeb'ek
2101,ma wi xil chi kiwach
2102,keyakatik
2103,naqi pa chib'ano ix qati't
2104,xa kajmul xchiqatijo
2105,xa oxmul chik xkeqasik'ij pa su' pa b'ix
2106,qi chikuyu itze'
2107,qatija' chi na
2108,"xecha chik Jun Ajpu, Xb'alanq'e"
2109,k'a te xesu'an chik
2110,ta xe'ok chi uloq
2111,kexajow chik
2112,xe'ul chik chi unik'ajal uwa ja
2113,xa wi ququs
2114,xa wi kakitaqchi'j ri kati't chi tze'
2115,lib'ajchi' xtze'n chi ri kati't
2116,qitzij tze'b'al kiwach ri k'oy
2117,chixiririk
2118,chichili ta
2119,ta xe'ok uloq
2120,are k'ut qi chutze'j ati't
2121,k'a te xeb'e chik pa taq juyub'.
2122,Naqi pa chiqab'ano ix qati't
2123,xere chi wa' roxmul chik xchiqatijo
2124,"xcha' ri Jun Ajpu, Xb'alanq'e."
2125,Xesu'an chik
2126,xe'ul chik
2127,kexajowik.
2128,Xa k'u chukuyuka' utze' ri kati't
2129,xe'aq'an k'u uloq
2130,chukatanaj
2131,kaqruxruj uchi' taq kiwach
2132,mutzuma'q kichi'
2133,chik'imal
2134,makama'
2135,ta xril chi k'ut ri ati't
2136,k'a te xpoq'olij chi utze' ri kati't
2137,ma chi k'u xil chi kiwach rumal utze'b'al ati't
2138,xere wi k'u wa' ix qati't
2139,xkeqapixab'aj ub'ik
2140,chukajmul k'ut xesu'ax chik
2141,ma k'u xe'ul chik chukajmul
2142,jusu xeb'ek pa k'echelaj
2143,xecha k'ut chi re kati't
2144,mi k'u xqatijo
2145,ix qati't
2146,minab'e xe'ulik
2147,mi pu xqatij chik kisik'ixik
2148,mixb'ison k'ut
2149,oj k'olik
2150,oj iwiy
2151,xa chiloq'oj ri qachuch
2152,ix qati't
2153,kenab'ax ri qatz
2154,ta chuxoq
2155,mixek'o b'ik
2156,mi pu xeb'inajik
2157,"Jun B'atz', Jun Chowen ke'uchaxik"
2158,"xecha ri Jun Ajpu, Xb'alanq'e"
2159,xesik'ix k'ut rumal ri ajsu' ajb'ix
2160,ri ojer winaq
2161,are puch chusik'ij ri ajtz'ib' ajk'ot
2162,ojer xechikopirik
2163,e k'oy xe'uxik
2164,rumal xa xkinimarisaj kib'
2165,xkiyoq' ri kichaq'
2166,keje wi kalab'il chi kik'u'x
2167,keje k'ut kimayxik ri'
2168,"ta xesachik ri Jun B'atz', Jun Chowen."
2169,E chikop xe'uxik
2170,are k'ut e ramaq'elal kochoch chik
2171,xa wi xere e ajsu' e ajb'ix
2172,nim chik xkib'ano
2173,ta xek'oje'ik ruk' rati't ruk' pu kichuch
2174,ta xkitikib'a' chi k'ut kib'anoj
2175,kik'utb'al kib' chuwach kati't chuwach pu kichuch
2176,nab'e xkib'ano ri ab'ix.
2177,Xa kojab'ixik
2178,ix qati't ix pu qachuch
2179,xecha'
2180,mixb'isonik
2181,oj k'olik
2182,oj iwiy
2183,oj kik'exel qatz
2184,"xecha k'u ri Jun Ajpu, Xb'alanq'e"
2185,ta xkik'am k'ut kikaj kimixkina'
2186,kixokem kiwub'
2187,xkitelej xe'l chi kochoch
2188,ta xkipixab' kati't chi re uya'ik kiwa
2189,chitikoj
2190,chib'eya' qawa ix qati't
2191,xecha'
2192,utz b'a la' ix wiy
2193,xcha' k'ut ri kati't.
2194,K'a te k'ut xe'opon chi ri'
2195,ke'ab'ix wi
2196,xaqi xkich'ik'ib'a' ri mixkina' pu
2197,xa k'u qi chitajin ri mixkina' pu ulew
2198,ma k'u qi chitajin ri mixkina' chutukel
2199,are k'u ri ikaj xa wi chi kich'ikib'a' chutolok' che'
2200,xa wi chuq'ab' rib' che' chib'ek
2201,chilajajik chib'ek ronojel che' k'a'm
2202,q'aq' chakachoj chik chi q'atoj che'
2203,chub'an ri xa juna'ikaj
2204,are k'u ri mixkina' tzatz chi q'upuj
2205,ma wi ajilam tum
2206,kub'an ri xa jun chi mixkina'
2207,xa ch'utijuyub' nimajuyub' kab'ek
2208,ta xkipixab'aj k'ut jun chikop
2209,Xmukur ub'i'
2210,xkit'uyub'a' aq'anoq chuwi' nimakuta'm
2211,"xecha' k'ut Jun Ajpu, Xb'alanq'e"
2212,xa chawil ri qati't
2213,chipetik
2214,ya'ol qawa
2215,jusu katoq'ik
2216,ta petoq
2217,k'a te k'ut chiqachap ri mixkina' ruk' ikaj
2218,utz b'a la'
2219,xcha' k'u ri Xmukur
2220,are k'ut xa wub'anik chikib'ano
2221,mana qitzij ab'ixik ta chikib'ano
2222,k'a te puch choq' ri Xmukur
2223,anim k'ut kepetik
2224,jun chichapo mixkina'
2225,jun k'ut chichapow ri ikaj
2226,chikipis la kiwi'
2227,xa loq' chub'aq'ala'
2228,xa keje chutz'iloj uwach
2229,keje ri qitzij ab'ixom.
2230,Are k'u ri jun chik
2231,xa loq' chupuk'ij uweb'al
2232,keje wi ri qitzij q'atoj che'nel
2233,ta xil rumal kati't
2234,k'a te k'ut kewa'ik
2235,ma qitzij ab'ixik chikib'ano
2236,xa loq' chibeya'oq kiwa
2237,ta xeb'e k'ut chi kochoch
2238,qitzij mixojkosik ix qati't
2239,kecha'
2240,ke'oponik
2241,xa loq' chikikikij kij chikiyuq puch kaqan kiq'ab' chuwach kati't
2242,ta xeb'e chi k'ut chukaq'ij
2243,xe'opon k'ut pa kab'ix
2244,k'isyakatajinaq chik ronojel che' k'a'm
2245,uchapom chi rib' ronojel tun
2246,A pa chinaq kojmich'owik
2247,xecha' k'ut
2248,are k'ut keb'anow ri ronojel ch'utichikop nimachikop
2249,"koj, b'alam, kej, umul, yak, utiw, aq, sis"
2250,ch'utitz'ikin nimatz'ikin
2251,are xeb'anowik
2252,xa jun aq'ab' xkib'ano
2253,k'a te chi k'ut xkitikib'a' chik ab'ixik.
2254,Xa wi xub'an chi rib' ulew ruk' q'atoj che'
2255,ta xk'am chi k'u kina'oj chi ri'
2256,pa q'atoj che' pa q'upuj puch
2257,xa qawaraj ri qab'ix
2258,a na wi china kab'ano ulo
2259,la kita' chiqariqo
2260,xecha k'ut
2261,ta xk'am kina'oj
2262,xe'opon chi k'ut chi ja
2263,naqi ri' lo kojmich'owik
2264,ix qati't
2265,nimak'im chik nimak'echelaj chi puch ri qab'ix
2266,ta xojopon myer
2267,ix qati't
2268,xecha k'ut chi re kati't chi re puch kichuch
2269,xkojb'e k'ut
2270,xchiqawaraj
2271,rumal ma wi utz kab'an chi qe
2272,xecha'
2273,k'a te k'ut xeb'atz'onik
2274,k'a te k'ut kib'ik chik pa kiq'atoj che'
2275,chi ri' k'ut xematzeje' wi
2276,e muqumuxinaq chik chi ri'
2277,ta xekuchu k'u kib' ronojel chikop
2278,xa jun xkisep wi kib'
2279,ronojel ch'utichikop nimachikop
2280,are puch tik'il uk'u'x aq'ab'
2281,ta xepetik
2282,xech'awije'ik konojel
2283,ta xepetik
2284,are kich'ab'al ri yaklin che' yaklin k'a'm
2285,xecha'
2286,ta xepetik
2287,keneb'eb'ik xe' che' xe' k'a'm
2288,ta xeyopijik
2289,ta xek'utun k'u chi kiwach
2290,are k'ut unab'e ri koj b'alam
2291,xraj k'u kichapo
2292,ma wi xuya' rib'
2293,ta xyopij chik kej umul
2294,xa k'u chuje' xkichap wi
2295,xa k'u xq'upuq'ub' kanajoq uje' kej pa kiq'ab'
2296,ta xuk'am ri uje' kej ruk' uje' umul
2297,ri xq'ataq
2298,"ma k'u xkiya' kib' ri yak, utiw, aq, sis"
2299,"xe'ik'owik konojel chikop chi kiwach ri Jun Ajpu, Xb'alanq'e"
2300,chiq'atat chi k'ut kik'u'x
2301,rumal ri maja b'i xkichapo.
2302,Xpe k'u ri jun chik
2303,uxam b'e chik
2304,katzotzotik
2305,ta xpetik
2306,k'a te k'ut xkiq'atej
2307,xkise k'ut pa k'at ch'o
2308,k'a te puch xkichapo
2309,xkiyotej
2310,xrajkib'iyo
2311,xkiporoj uje' chuwi' q'aq'
2312,ta xuk'am ri uje' ch'o
2313,maja b'i rismal uje'
2314,are naypu ub'aq' uwach
2315,ta xrajb'iyik kumal k'ajolab'
2316,"ri Jun Ajpu, Xb'alanq'e"
2317,ma ta kikamik iwumal
2318,ma wi are ipatan ri ab'ixik
2319,k'o iwe
2320,xcha' ri' ri ch'o
2321,a pa k'o wi qe
2322,chab'ij na k'ut
2323,xecha k'u ri k'ajolab' chi re ch'o.
2324,La kinitzoqopij ta na b'a la'
2325,k'o nutzij chi nupam
2326,k'a te k'ut chinb'ij chiwe
2327,chiya ta na sqi'n wecha'
2328,xcha ri ch'o
2329,k'a te chiqaya'o awecha'
2330,chab'ij na xuchaxik
2331,utz b'a la'
2332,"are b'a ri rech iqajaw ri Jun Jun Ajpu, Wuqub' Jun Ajpu ub'i'"
2333,ri xekam chi xib'alb'a
2334,k'o k'u kanoq ri ketz'ab'al
2335,xekel kanoq chuwi' ja
2336,"ri kib'ate, kipachq'ab', kikik' puch"
2337,xa ma wi kak'ut chiwach rumal iwati't
2338,rumal ri
2339,are xkam wi iqajaw
2340,ma qitzij aweta'm
2341,xecha k'u ri k'ajolab' chi re ch'o
2342,nim xki'kot kik'u'x
2343,ta xkita'o utzijel kik'
2344,ta xub'ij ch'o
2345,ta xkiya' k'ut recha' ch'o
2346,"are k'u ri recha' ri ixim, sakil, ik, kinaq', peq, kakaw"
2347,are k'ut awech ri'
2348,uwe naqi la k'u'un
2349,chimesk'utajinaq
2350,awech k'ut
2351,chak'uxu'.
2352,"Xuchax k'u ri ch'o kumal Jun Ajpu, Xb'alanq'e."
2353,Utz b'a la' ix k'ajolab'
2354,naqi la k'u kinwuchaj
2355,uwe kiril iwati't
2356,xcha k'ut
2357,ma wi chitzaq ak'u'x
2358,oj k'olik
2359,kojno'jinik
2360,k'o ruchaxik ri qati't
2361,xa jusu kaqaya aq'anoq xikin ja
2362,ta kujoko apanoq
2363,jusu katopon
2364,chi ri' xekel wi
2365,chi ri' k'ut kaqil wi putum ja
2366,xa pa qati' kaqil wi
2367,xecha k'ut chi re ch'o
2368,ta xkipixab'aj
2369,"jun aq'ab' xk'am kina'oj ri Jun Ajpu, Xb'alanq'e"
2370,qi k'u tik'il q'ij xe'oponik.
2371,Ma k'u q'alaj ri ch'o kuk'a'm
2372,ta xe'oponik
2373,jun ri yakalik
2374,xok pa ja
2375,jun k'u xok xikin ja
2376,lib'ajchi' xuya aq'anoq ri ch'o
2377,ta xkitz'onoj k'ut kiwa chi re kati't
2378,xa chik'utu qati'
2379,kaqarayij ri q'utum ik
2380,ix qati't
2381,xecha' k'ut
2382,k'a te k'ut xk'ut kiti'
2383,jun laq uwa'l xtik'ib'ax chi kiwach
2384,xa wi kimich'b'al re kati't kichuch puch
2385,xkitzajisaj k'u ja' pa q'eb'al
2386,qitzij chaqij qachi'
2387,chik'ama quk'ya'
2388,xecha chi re kati't
2389,we xcha' k'ut
2390,ta xb'ek
2391,are k'ut kewa' kanoq
2392,ma k'u qitzij ta kenumik
2393,xa kimoywachib'al xkib'ano
2394,ta xkil k'ut ri ch'o chi upam q'utum ik
2395,k'olon uloq ri ch'o
2396,chi rij kik' xekel wi puwi' ja
2397,ta xkilo pa q'utum ik
2398,ta xkitaq k'ut jun xa'n
2399,ri chikop ri xa'n
2400,keje ri us xopon chi a'.
2401,Are k'u xworo uwach q'eb'al ati't
2402,xa yakal ja' chel chuwach uq'eb'al chutijo
2403,xma chitz'apitaj wi uwach q'eb'al
2404,naqi pa mixub'an ri qati't
2405,oj jisab'aj
2406,kojutzin rumal chaqij chi'
2407,xecha chik chi re kichuch
2408,ta xkitaq ub'ik.
2409,K'a te k'ut xukaq'at ula ch'o ri kik'
2410,"xqaj ula putum ja ruk' b'ate, pachq'ab', tz'u'm"
2411,xkimajixtaj k'ut
2412,k'a te xb'ekewaj pa b'e
2413,ub'e'l jom
2414,k'a te k'ut xeb'e chik ruk' kati't chi ya'
2415,katajin k'u ri kati't kichuch
2416,tz'api'uwach q'eb'al jujun
2417,k'a te k'ut ta xe'oponik jujun chi k'u chi wub'
2418,ta xe'oponik chi ya'
2419,naqi pa mixib'ano
2420,xa mixkos qak'u'x
2421,xojpetik
2422,xecha'
2423,chiwila na uwach nuq'eb'al
2424,ma wi katz'apitajik
2425,xcha' kati't
2426,lib'ajchi' k'ut xkitz'apij chik
2427,junam k'ut xepe chik
2428,e nab'e chuwach kati't
2429,keje k'ut ukana'ik kik' ri'.
2430,Keki'kot chi k'ut xeb'ek
2431,e cha'jel pa jom
2432,najt k'u xecha'jik
2433,kitukel xkimes ri jom kiqajaw
2434,ta xkita k'u uloq rajawal xib'alb'a
2435,a pa china chi ri'
2436,mixutikib'a' chik etz'anem pa qawi'
2437,ma pa kek'ixb'ik
2438,keniknot
2439,"ma pa xekam ri Jun Jun Ajpu, Wuqub' Jun Ajpu"
2440,xrajkinimarisaj kib' chi qawach
2441,jek'u'itaqa chik
2442,"xecha chik ri Jun Kame, Wuqub' Kame"
2443,konojel ajawab' xetaqo uloq
2444,xecha k'ut chi re kisamajel
2445,kixcha'
2446,kixoponik
2447,kepetoq kecha' ajawab'
2448,waral taj kojcha'j wi kuk'
2449,wuqub'ix kojetz'anik
2450,kecha' ajawab'
2451,kixcha'
2452,kixoponik
2453,xe'uchax k'ut ri samajel
2454,ta xepe k'ut
2455,nimajok k'u kib'e ri k'ajolab' chi kochoch
2456,k'a toq'ol chi kochoch
2457,xa k'u yakal ri samajel
2458,xopon ruk' kati't
2459,are k'ut kecha'jik
2460,ta xul kanoq usamajel xib'alb'a
2461,qitzij kepetik
2462,kecha' ri ajawab'
2463,xecha' k'ut ri usamajel xib'alb'a
2464,ta xchoye'
2465,kumal ri usamajel xib'alb'a
2466,wuqub'ix ketzelawachixik
2467,xuchax kanoq Xmukane
2468,utz b'a la'
2469,xkeb'etaqoq ix samajel
2470,xcha' ri ati't
2471,xeb'e k'u ri samajel
2472,xetzalijik
2473,ta xk'is k'ut uk'u'x ri ati't
2474,naqi xchiwucha'j kitaqik ri wiy
2475,ma wi qitzij ri xib'alb'a
2476,xa keje rulik samajel ojer
2477,ta xeb'ekamoq ri kiqajaw
2478,xcha ri kati't
2479,qus choq' pa ja utukel
2480,k'a te k'ut xqaj ulo jun uk'
2481,chukayak
2482,k'a te k'u xuchap aq'anoq
2483,ta xuya' k'ut puq'ab'
2484,chimalmat uk'
2485,xb'inik
2486,at wiy chawaj taj kanutaqo
2487,keb'eta'ataqa' ri wiy pa jom
2488,xuchax ri uk'
2489,ta xb'ek taqonel
2490,mixul samajel ruk' iwati't
2491,kacha'
2492,katoponik
2493,wuqub'ix k'ut ke'oponik
2494,kacha' usamajel xib'alb'a
2495,kacha' iwati't
2496,kacha'
2497,xuchax ri uk'
2498,ta xb'ek
2499,chimalmat k'ut xb'ek
2500,kub'ul k'u ri k'ajol pa b'e
2501,Tamasul ub'i' ri xpeq
2502,a pa katb'e wi
2503,xcha k'u ri xpeq chi re uk'
2504,k'o b'a nutzij chi nupam
2505,kinb'e kuk' k'ajolab'
2506,xcha ri uk' chi re Tamasul
2507,utz b'a la'
2508,ma b'a katana'ik
2509,kawilo
2510,xuchax k'u uk' la' xpeq
2511,ma chawaj kanub'iq'o
2512,chawila na pe
2513,kinanik wa
2514,xkojopon chanim
2515,utz b'a la'
2516,xcha ri uk' chi rech xpeq
2517,k'a te k'ut ta xriq'taxik xpeq
2518,chib'ek naj k'u ri xpeq
2519,ta xb'ek
2520,chi ma wi ka'anik
2521,k'a te k'ut ta xuk'ul chi k'ut jun nimakumatz
2522,Saqikas
2523,a pa katb'e wi at Tamasul k'ajol
2524,xuchax chik ri xpeq rumal Saqikas
2525,in samajel
2526,k'o nutzij chi nupam
2527,xcha' chi k'ut xpeq chi re kumatz
2528,ma b'a katanik kawilo
2529,in ta on xkinopon chanim
2530,xcha k'u kumatz chi re xpeq
2531,katojo' xuchaxik
2532,k'a te k'u xb'iq' chi ri xpeq rumal Saqikas
2533,ta xuk'am ri recha' kumatz
2534,keb'iq'ow xpeq wakamik
2535,cha' k'u ri kumatz
2536,ta xb'ek
2537,xk'ulutaj chi wi k'ut ri kumatz rumal Wak nimatz'ikin
2538,xb'iq' chi wi ri kumatz rumal Wak
2539,k'a te pu xopon ri' chuwi' jom
2540,ta xuk'am recha' ri xik
2541,keti'ow kumatz pa taq juyub'
2542,ta xopon puch ri Wak
2543,xchakachob' chuwi' usutz'il jom
2544,"keki'kot k'u ri Jun Ajpu, Xb'alanq'e kecha'jik"
2545,ta xopon k'ut ri Wak
2546,ta xoq' k'u ri Wak
2547,"wak k'o, wak k'o"
2548,xcha' roq'ib'al
2549,wak k'o
2550,naqi pa ri choq'ik
2551,peta qawub'
2552,xecha'.
2553,K'a te puch xkiwub'aj ri Wak
2554,qi k'u taqal ub'aq' wub' chub'aq' uwach
2555,chisetet k'ut xqaj uloq
2556,qitzij wi k'ut xb'ekichapa'
2557,k'a te xkitz'onoj
2558,jupa apetik
2559,xecha' chi re Wak
2560,k'o b'a nutzij chi nupam
2561,chikunaj ta na ub'aq' nuwach nab'e
2562,k'a te k'ut xchinb'ij
2563,xcha' ri Wak
2564,utz b'a la'
2565,xecha' k'ut
2566,k'a te xkelesaj sqaqi'n rij kik'
2567,ri cha'j xkikoj chi uwach ri Wak
2568,Lotz Kik' xub'ina'j kumal
2569,lib'ajchi' k'ut xk'achoj kumal
2570,utz chik umuqub'al ri Wak xuxik
2571,chab'ij k'ut
2572,xecha' chi re Wak
2573,k'a te k'ut xuxawaj nimakumatz
2574,kach'awoq
2575,xecha' chik chi re kumatz
2576,we xcha' chi k'ut
2577,ta xuxawaj chi xpeq
2578,naqi pa ataqikil kattzijonoq
2579,xuchax chi k'u ri xpeq
2580,k'o b'a' nutzij chi nupam
2581,xcha' chi k'u ri xpeq
2582,k'a te k'ut xutij xab'ik
2583,maja b'i xuxawaj
2584,xa keje chukatz uchi'
2585,chutijo
2586,xma k'o wi chuxawaj
2587,k'a te k'ut xrajch'ayik kumal k'ajolab'
2588,at k'axtok' xuchaxik
2589,ta xyik
2590,xqaj k'u ub'aqil uwa rachaq chi aqan
2591,xutij chi k'ut
2592,xa keje chuchub' uchi'
2593,k'a te puch xkirech' uchi' ri xpeq
2594,xrech' kumal k'ajolab'
2595,xkitzukuj puchi'
2596,xa k'u nak'al ri uk' chuware xpeq
2597,xa puchi' k'o wi
2598,ma na xub'iq'o
2599,xa keje
2600,xa b'iq'
2601,keje k'ut xch'akataj wi ri xpeq
2602,ma wi q'alaj uwach recha'
2603,xkiya'o ruk'
2604,ma wi chanik
2605,xa uchaq' kumatz xuxik
2606,katzijonoq uk'
2607,ta xub'ij k'u utzij
2608,kacha' wi iwati't ix k'ajolab'
2609,je'ataqa'
2610,xul taqol ke
2611,kape chi xib'alb'a
2612,"usamajel Jun Kame, Wuqub' Kame"
2613,wuqub'ix ke'ulik
2614,waral kojcha'j wi
2615,"chipe ri ketz'ab'al kik', b'ate, pachq'ab', tz'u'm"
2616,are chik'astaj uwach waral
2617,kecha' ajawab'
2618,xul kitzij
2619,kacha' ri iwati't
2620,ta xinpetik
2621,qitzij kacha' ri iwati't
2622,koq'ik kasik'inik iwati't
2623,xipetik
2624,ma qitzij xecha k'ut k'ajolab' chi kik'u'x
2625,ta xkita'o
2626,jusu xepetik
2627,xe'opon k'ut ruk' kati't
2628,xa e pixab'ay chi re kati't
2629,xeb'ek.
2630,Jo' na ix qati't
2631,xa oj pixab'ay iwe
2632,wa'e k'ute retal qatzij
2633,xchiqakanaj jujun
2634,xchiqatik chi re wa aj
2635,chunik'ajal qochoch
2636,xchiqatik wi
2637,are retal qakamik we chichaqijik
2638,mipa xekamik
2639,kixcha'
2640,ta chichaqijik
2641,we k'ut ta chipe utux
2642,e pa k'aslik
2643,kixcha' k'ut
2644,ix qati't ix pu qachuch
2645,mixoq'ik
2646,k'o retal qatzij kakanajik iwuk'
2647,xecha'
2648,ta xeb'ek
2649,jun xutik Jun Ajpu
2650,jun chi k'u xtikow Xb'alanq'e
2651,xa pa ja xutik wi
2652,ma na pa juyub' taj
2653,ma naypu pa rax ulew taj
2654,xa pa chaqi'j ulew
2655,chunik'ajal upa kochoch
2656,xkitik wi kanoq
2657,ta xeb'e k'ut jujun chi wub' chi ke
2658,xeqaj chi xib'alb'a
2659,lib'ajchi' xeqaj chuwa kumuk
2660,xe'ik'ow chi wi k'ut chupam Jalja' Siwan
2661,xa chuxo'l tz'ikin xe'ik'ow wi
2662,are ri tz'ikin Molay kib'i'
2663,xe'ik'ow chi k'ut pa Pujiya' pa Kik'iya'
2664,ch'akb'al ta ke chi kik'u'x xib'alb'a
2665,ma wi xkiyikow
2666,xa chi rij wub' xe'ik'ow wi
2667,xe'el chi k'u apanoq pa kajib' xalq'at
2668,xa keta'm wi k'ut kib'e xib'alb'a
2669,q'eqab'e saqib'e kaqab'e raxab'e
2670,chi ri' k'ut xkitaq wi jun chikop
2671,xa'n ub'i'
2672,are k'amol kita
2673,jujunal ke'ati'o
2674,nab'e chati' ri nab'e kub'ulel
2675,chatz'aqonisaj
2676,xa awech wi k'ut
2677,chatz'ub'aj wi ukik'el ri winaq pa b'e
2678,xuchaxik ri xa'n
2679,utz b'a la' xcha' ri xa'n
2680,ta xok pa q'eqab'e
2681,tak'al k'u chi rij ri poy ajam che'
2682,nab'e ku'lel e kawtalik
2683,nab'e k'ut xkiti'o
2684,ma wi xch'awik
2685,xuti' chi k'u
2686,ta xuti' chi ukab' ku'lel
2687,ma chi wi xch'awik
2688,xuti' chi k'u rox
2689,k'a chi rox ku'lel k'o wi Jun Kame
2690,aqi xcha' k'ut Jun Kame
2691,ta xti'ik
2692,aji Jun Kame
2693,naqi Jun Kame
2694,naqi la mixiti'owik
2695,xaji naqi chi la'
2696,xcha chik ukab' ku'lel
2697,naqi la Wuqub' Kame
2698,naqi la mixiti'owik
2699,xcha chi ro' ku'lel
2700,aji aji xcha' na Xikiripat
2701,xcha' Wuqub' Kame chi re
2702,naqi la mixiti'owik
2703,xcha chik
2704,xti'ik uwaqaq ku'lel
2705,aji naqi Kuchumakik'
2706,xcha Xikiripat chi re
2707,naqi la mixiti'owik
2708,xcha chik
2709,ta xti' uwuq ku'lel
2710,aji xcha chik
2711,naqi Ajal Puj
2712,xcha Kuchumakik' chi re
2713,naqi la mixiti'owik
2714,xcha chik
2715,ta xti' chik uwajxaq ku'lel
2716,aji xcha chik
2717,Naqi Ajal Q'ana'
2718,xcha chi Ajal Puj chi re
2719,naqi la mixiti'owik
2720,cha'
2721,ta xti' chik ub'elej ku'lel
2722,aji xcha'
2723,naqi Ch'amiya b'aq
2724,xcha Ajal Q'ana' chi re
2725,naqi la mixiti'owik
2726,xcha chik
2727,ta xti' chik ulajuj kub'ulel
2728,aji naqi Ch'amiya Jolom
2729,xcha' Ch'amiya B'aq
2730,naqi la mixiti'owik
2731,xcha chik
2732,ta xti' chik ujulaj ku'lel
2733,aji xcha chik
2734,naqi cha' chik Ch'amiya Jolom chi re
2735,naqi la mixiti'owik
2736,xcha' chik
2737,ta xti' chik ukab'lajuj ku'lel
2738,aji xcha chik
2739,naqi Patan xcha chik chi re
2740,naqi la mixiti'owik
2741,xcha chik
2742,ta xti' chik roxlajuj ku'lel
2743,aji naqi Kik' Xik
2744,cha' Patan chi rech
2745,naqi la mixiti'owik
2746,xcha chik
2747,ta xti' chik ukajlajuj ku'lel
2748,aji naqi la mixiti'owik
2749,xcha chik Kik' Rixk'aq
2750,xcha' Kik' Re chi rech
2751,keje k'ut ub'ixik kib'i'
2752,ri xkib'ij konojel chi kib'il kib'
2753,xkik'ut uwach
2754,xkib'ij kib'i'
2755,jujun chi joloman ub'ixik kumal
2756,are chib'in ub'i' jun ri kub'ul chuxukut
2757,maja b'i junoq xkisach ub'i'
2758,k'iskib'ij
2759,ta xeti' rumal rismal uwach uch'ek
2760,Jun Ajpu xumich' ub'ik
2761,mana qitzij xa'n ri xeti'owik
2762,"xb'eta'o kib'i' konojel rumal Jun Ajpu, Xb'alanq'e"
2763,k'a te k'ut ta xeb'ek
2764,ta xe'opon puch
2765,chi la' e k'o wi xib'alb'a
2766,chiq'ijila' ajaw
2767,xcha ri kub'ulik
2768,xcha jun taqchi'nel
2769,ma wi are ajaw ri'
2770,xa poy ajam che' ri'
2771,xecha'
2772,ta xe'oponik
2773,k'a te k'ut ta xeq'alaynik
2774,q'ala ta Jun Kame
2775,"q'ala ta Wuqub' Kame,"
2776,q'ala ta Xikiritap
2777,q'ala ta Kuchumakik'
2778,q'ala ta Ajal Puj
2779,q'ala ta Ajal Q'ana'
2780,q'ala ta Ch'amiyab'aq
2781,q'ala ta Ch'amiyajolom
2782,q'ala ta q'ala Xik
2783,q'ala ta Patan
2784,q'ala ta Kik' Re
2785,q'ala ta Rixk'aq
2786,xecha'
2787,ta xe'oponik.
2788,Ronojel xk'is k'ut uwach
2789,xkib'ij ub'i' ronojel
2790,maja b'i jun xkisach ub'i'
2791,are ta xajawax chi kech
2792,ma ta xkanay ub'i' kumal
2793,kixku'loq
2794,xe'uchax k'ut
2795,xeraj'ok chuwi' tem
2796,ma k'u xkaj
2797,ma wi are qatem ri'
2798,xa chojim ab'aj ri tem
2799,"xecha Jun Ajpu, Xb'alanq'e"
2800,ma wi xech'akatajik
2801,utz b'a la'
2802,xa jix pa ja
2803,xe'uchaxik
2804,k'a te k'ut ta xe'ok pa q'equ'maja
2805,ma wi xech'akatajik chi ri'.
2806,Are nab'e utijob'al xib'alb'a
2807,ri xe'ok wi
2808,ke
2809,kich'akatajik ta chik chi kik'u'x xib'alb'a
2810,nab'e xe'ok pa q'equ'm ja
2811,k'a te k'ut ta xb'eya'oq kichaj
2812,katilowik
2813,ta xoponik ruk' jujun kisik'
2814,rumal usamajel Jun Kame
2815,wa'e kichaj
2816,e kacha' ajaw
2817,chulkiya' chik ri chaj
2818,saqarik ruk' ri sik'
2819,chulkimolob'a' kacha' ajaw
2820,xcha' samajel
2821,ta xoponik
2822,utz b'a la' xecha k'ut
2823,ma k'u xkitzij ri chaj
2824,xa q'aq'aj
2825,are uje' kaqix
2826,keje ri chaj xkilo waranel
2827,are chi k'u ri sik'
2828,xa q'aq'achikop xkikojo chuwi' sik'
2829,junaq'ab' chiyoq'owik kumal
2830,mixeqach'ako
2831,xecha' waranel
2832,ma k'u ja b'i xk'is ri chaj
2833,xa wi xere uwach
2834,are k'u ri sik' maja b'i
2835,naqi la xkitzij chi re
2836,xa wi xere uwach xb'eya'oq kuk' ajawab'
2837,naqi pa ke'uxik
2838,a pa xepe wi
2839,achinaq xek'ajolanik xe'alanik
2840,qitzij kaq'atat qak'u'x
2841,rumal ma utz kakib'ano chi qe
2842,jalan kiwach
2843,jalan nay pu kik'oje'ik
2844,xecha chi kib'il kib'
2845,ta xetaqon k'ut konojel ajawab'
2846,ojocha'joq ix k'ajolab'
2847,xe'uchaxik
2848,"ta xetz'onox k'ut rumal Jun Kame, Wuqub' Kame"
2849,a pa kixixpe
2850,chib'ij taj
2851,ix k'ajolab'
2852,xcha k'ut xib'alb'a
2853,ala b'a xojpe wi lo
2854,ma wi qeta'm
2855,xa xecha'
2856,ma wi xkib'ij
2857,utz b'a la'
2858,xa qab'e kaqacha'j ix k'ajolab'
2859,xecha' xib'alb'a chi ke
2860,utz xecha'
2861,re b'a' chiqakoj ri'
2862,wa' qakik'
2863,xecha' xib'alb'a.
2864,Ma taj are ta chikoj wa' qe
2865,xecha k'ajolab'.
2866,Maja b'i are chiqakoj wa' qe
2867,xecha' chik xib'alb'a.
2868,Utz b'a la' xecha' k'ajolab'
2869,je b'a la' xa juchil xecha' xib'alb'a
2870,ma b'a la xa jolom kojcha' chik
2871,xecha' k'ajolab'
2872,maja b'i xecha' xib'alb'a
2873,utz b'a la' xcha' Jun Ajpu
2874,ta xtzaq uloq rumal xib'alb'a
2875,qi k'u taqal chuwach ub'ate Jun Ajpu
2876,k'a te puch ta xkil xib'alb'a ri saqitoq'
2877,ta xel chupan ri kik'
2878,chitz'ininik xb'e je chwa taq ulew ri cha
2879,"Naqi pa la xcha' ri Jun Ajpu, Xb'alanq'e"
2880,xa kamik kiwaj chi qech
2881,ma ta xojb'e'itaqa'
2882,ma ta pu xb'e isamajel
2883,qitzij toq'ob' qawach
2884,xa kojb'ek
2885,xecha' k'ajolab' chi ke
2886,are ta k'u xajawax chi ke k'ajolab'
2887,jusu ta xkam
2888,xech'akataj taj
2889,ma wi keje
2890,xa xib'alb'a xech'akataj chik kumal k'ajolab'
2891,ma b'a kixb'ek ix k'ajolab'
2892,kojcha'j na
2893,xa are kaqakojo ri iwech
2894,xuchax k'ut k'ajolab'
2895,utz b'a la' xecha' k'ut
2896,are k'u xok ri kikik'
2897,ta xqaj k'u cha'j
2898,k'a te k'ut ta xkichoy kich'akon
2899,naqi pa chiqach'ako
2900,xecha xib'alb'a
2901,je na kik'ut
2902,xa xecha' k'ajolab'
2903,xa qach'aka' kajkaj sel
2904,xecha' xib'alb'a
2905,utz b'a la'
2906,naqi pa chi kotz'ijal
2907,xecha' k'ajolab' chi ke xib'alb'a
2908,jutiq'ab' kaqamuchij
2909,jutiq'ab' saqimuchit
2910,jutiq'ab' q'anamuchit
2911,jutiq'ab' k'u ri nima'q
2912,xecha' xib'alb'a.
2913,Utz b'a la'
2914,xecha' k'ut k'ajolab'
2915,ta xqaj k'ut kicha
2916,junam kichuq'ab'
2917,tzatz pu kicha ri k'ajolab'
2918,xa k'u kirutz
2919,ta xkiya' kib' chi ch'akatajik ri k'ajolab'
2920,keki'kot k'ut ri xib'alb'a
2921,ta xech'akatajik
2922,utz mi xqab'ano
2923,nab'e mi xeqach'ako
2924,xecha' xib'alb'a
2925,a pa xchib'ekik'ama' wi ri kotz'i'j
2926,xecha' chi kik'u'x
2927,qitzij ta aq'ab' chiya' ri qakotz'i'j
2928,qach'akom puch
2929,"xe'uchax puch k'ajolab' Jun Ajpu, Xb'alanq'e rumal xib'alb'a"
2930,utz b'a la'
2931,aq'ab'a kojcha'jik
2932,xecha' k'ut
2933,ta xepixab'an kib'
2934,k'a te chi k'ut
2935,ta xe'ok chi k'ajolab' pa chayim ja
2936,ukab' tijob'al xib'alb'a
2937,are ta k'ut xajawax chik
2938,xeq'ataq'ox taj
2939,chanim taj chi kik'u'x
2940,xekam taj chi kik'u'x
2941,ma k'u xekamik
2942,ta xecha' chi re cha
2943,ta xkipixab'aj
2944,are iwe ri ronojel uti'ojil chikop
2945,xecha' chi re cha
2946,ma k'u xesilab' chik
2947,xa jun kaj chi wi cha ronojel
2948,are k'ut e k'o chi chi ri' pa chayim ja
2949,chaq'ab' ta xkisik'ij ronojel sanik.
2950,Chay sanik ch'eken sanik
2951,kixpetoq
2952,kixojo' iwonojel
2953,ojik'ama' ronojel uwach kotz'i'j
2954,kich'akon ajawab'
2955,utz b'a la' xecha' k'ut
2956,ta xeb'e k'u ri sanik konojel
2957,e k'amol kotz'i'j
2958,"utiko'n Jun Kame, Wuqub' Kame"
2959,myeroq k'ut chikipixab'aj chajal kikotz'i'j ri xib'alb'a
2960,la qi chiwila' kotz'i'j
2961,miya' chi eleq'axik
2962,rumal ri mixeqach'ako ri k'ajolab'
2963,a na wi xpe wi ri lo qach'akon kumal
2964,maja b'i chiwaraj jun aq'ab'
2965,utz b'a la' xecha k'ut
2966,ma k'u xkina' ri chajal tiko'n
2967,xa loq' chikiraquj kichi' chuq'ab' taq che' tiko'n puch.
2968,Keb'echakala chi ri'
2969,xa wi xere chikich'ab'ej ri kib'ix
2970,xpurpuweq xpurpuweq cha' ri jun
2971,ta choq'ik.
2972,Pujuyu' pujuyu' cha' chik
2973,ta choq'ik ri Pujuyu' ub'i'.
2974,E ka'ib' chi chajal tiko'n
2975,"utiko'n Jun Kame, Wuqub' Kame"
2976,ma k'u kakina' ri sanik
2977,eleq'ay kichajem
2978,kab'olowik katukuwik eray kotz'i'j
2979,ri kab'eq'atowa uloq kotz'i'j chuwi' che'
2980,re kasik'ow kuk' chuxe' che'
2981,ri kotz'i'j
2982,xa keje chikiraquj kichi' ri chajal ib'
2983,mana re kakina'o qak'ux kije' qak'ux kixik'
2984,are kakirixik kotz'i'j
2985,kaqaqaj
2986,kasik'owik
2987,re kab'eq'atowa uloq
2988,lib'ajchi' k'ut xnoj kajib' sel kotz'i'j
2989,tik'itoj chi k'ut ta xsaqirik
2990,k'a te k'ut ta xul samajel taqonel
2991,kepetoq kacha' ajaw
2992,jusuk' chikik'am ula ri qach'akon
2993,xe'uchax k'ut k'ajolab'.
2994,Utz b'a la' xecha k'ut
2995,kitik'ela'on k'u ri kotz'i'j
2996,kajib' sel
2997,ta xeb'ek
2998,ta xe'opon k'u chi kiwach ajaw
2999,ajawab' kuk'a'm kotz'i'j
3000,qus uwach
3001,keje k'ut xech'akataj wi xib'alb'a
3002,xa sanik xkitaq ri k'ajolab'
3003,xa jun aq'ab'il xkichap sanik
3004,ta kiya pa sel
3005,keje k'ut xesaqkaje ri konojel xib'alb'a
3006,saqb'u e kiwach rumal ri kotz'i'j
3007,k'a te k'ut xkitaq ri chajal kotz'i'j.
3008,Naqi pa rumal mixiya' qakotz'i'j
3009,are qakotz'i'j wa'e kawilo
3010,xe'ucha'x chajal.
3011,Mab'a xqana'o at ajaw
3012,Minare xkuyu
3013,xecha' k'ut
3014,k'a te puch xjix kichi'
3015,kitojb'al kichajin chi eleq'axik
3016,"keje' k'ut kich'akatajik Jun Kame, Wuqub' Kame"
3017,"kumal Jun Ajpu, Xb'alanq'e"
3018,uxe' ri b'anoj ri'
3019,ta xkik'am ri kichi'
3020,jereb'aq kichi'
3021,Purpuweq jereb'aq wakamik.
3022,K'a te chi k'ut ta xqaj cha'j
3023,xa wi xere junam kecha'jik
3024,xkelej chi k'u cha'j
3025,ta xepixab'an chi k'u kib'
3026,saqarik chik
3027,xecha' xib'alb'a
3028,utz b'a la' xecha' k'ajolab'
3029,ta xkelej.
3030,Xe'ok chi k'ut pa tew ja
3031,ma wi ajilan tew
3032,tzatz chi saqb'oqom chupan ja
3033,rochoch tew
3034,jusu' k'u stzaj
3035,rumal kutz mamay
3036,xsach ri tew kumal k'ajolab'
3037,ma wi xekamik
3038,xa wi e k'aslik
3039,ta xsaqirik
3040,are ta k'u xkaj xib'alb'a
3041,chi ri' ta xekam wi
3042,ma wi keje
3043,xa wi utz qutz
3044,ta xsaqarik.
3045,Xekel chi ula taqol ke
3046,xeb'e chik e chajal
3047,naqipa' la' ma wi mixekamik
3048,xcha' chi rajawal xib'alb'a.
3049,"Xkimayjaj chik kib'anoj k'ajolab' Jun Ajpu, Xb'alanq'e"
3050,k'a te xe'ok chi k'ut pa b'alamija
3051,tzatz chi b'alam
3052,b'alam rachoch.
3053,Ma wi kojiti'o
3054,k'o iwech
3055,xe'uchaxik b'alam
3056,k'a te k'ut xkipuk'ij b'aq chi kiwach chikop
3057,k'a te k'ut kepaq'aq'ik chi ri' chuwi' b'aq
3058,mi k'u xe'utzinik
3059,mixutij kik'u'x
3060,k'a te wi ri' mixxkiya'
3061,are kib'aqil ri kak'uxuxik
3062,xecha' ri waranel
3063,konojel ki' kik'u'x chi re
3064,ma k'u xekamik
3065,xa wi xere utz kiwach
3066,xe'el uloq pa b'alamija
3067,naqi pa qi chi e winaqil
3068,a pa kixepe wi
3069,xecha' ri xib'alb'a konojel
3070,k'a te chik xe'ok chupam q'aq'
3071,jun ja chi q'aq'
3072,xa utukel q'aq' upam
3073,ma wi xek'atik rumal
3074,xa b'olol xa tzimaj wi
3075,xa wi xere utz chi kiwach
3076,ta xsaqirik.
3077,Are ta kajawaxik jusuk'
3078,ta kekamik chupan ri'
3079,ke'ik'ow wi
3080,ma wi keje
3081,xa wi kasach kik'u'x xib'alb'a rumal.
3082,Xekoj chik chupan sotz'in ja
3083,utukel sotz' chupam chi ja
3084,jun ja chi kamasotz'
3085,nima'q chikop
3086,keje ri cha kitza'm kikamisab'al
3087,jusu chutzinik
3088,chopon chi kiwach
3089,xek'oje' k'u chi ri' chupam
3090,xa pa wub' xewar wi
3091,ma wi xeti'ik rumal ri e k'o pa ja
3092,chi ri k'ut xkiya' wi kib'
3093,jun wi
3094,rumal jun chi kamasotz'
3095,chi kaj xpe wi
3096,xa wi uk'utb'al rib'
3097,ta xkib'ano
3098,rumal k'o kakitz'onoj wi kina'oj
3099,jun aq'ab' k'u ri sotz' keb'ujujik
3100,kilitz' kilitz' kecha'
3101,kecha' jun aq'ab'.
3102,Xtane' k'u ri sqaqi'n
3103,maja b'i chik kesilob'ik ri sotz'
3104,chi ri' k'u chakal wi ri jun tza'm wub'
3105,xcha' k'u ri Xb'alanq'e
3106,Jun Ajpu k'a janik'pa usaqirik kawilo
3107,k'a janik'an la b'a lo
3108,wila'
3109,xcha' k'ut
3110,qi k'u are kakaj
3111,muqum uloq chuchi' wub'
3112,karajril
3113,k'a te puch ta xqupix ujolom rumal kamasotz'
3114,qupul chi kanoq unimal ri Jun Ajpu
3115,juchalik ma mixsaqirik
3116,xcha' ri Xb'alanq'e
3117,maja b'i chik chisilonik ri Jun Ajpu
3118,jupacha
3119,ma xa on mixb'ek Jun Ajpu
3120,jupacha mixab'ano
3121,maja b'i chik chisilab'ik
3122,xaqi chikosos
3123,k'a te k'ut xuk'ixb'ij Xb'alanq'e
3124,aqaroq
3125,mixqaya' yan
3126,xcha k'ut
3127,chi la' k'ut xb'ek'olana
3128,chuwi' jom
3129,"xa wi utzij Jun Kame, Wuqub' Kame"
3130,keki'kot k'u ri xib'alb'a konojel
3131,rumal ujolom Jun Ajpu
3132,"k'a te k'ut ta xutaq chikop ronojel sis, aq"
3133,ronojel ch'utichikop nimachikop
3134,chaq'ab'
3135,xa wi xere raq'ab'al
3136,ta xutz'onoj k'ut
3137,kecha'
3138,naqi taq pa iwecha' chi jujunal
3139,are kixnutaq wi
3140,chik'am
3141,xcha k'ut Xb'alanq'e chi ke
3142,utz b'a la'
3143,xecha k'ut
3144,ta xeb'ek e k'amol rech
3145,ta xe'ulje'
3146,k'o xa q'uma'r rech xb'e'uk'ama'
3147,k'o xa tz'alik xb'e'uk'ama'
3148,k'o xa ab'aj xb'e'uk'ama'
3149,k'o xa ulew xb'e'uk'ama'
3150,jalajoj kecha' ri chikop
3151,ri nimachikop.
3152,Qi pu k'a uxamb'e tzis
3153,q'oq' xb'e'uk'ama'
3154,kab'alkatij chutza'm
3155,kapetik
3156,are k'ut xok jalwachib'al ujolom Jun Ajpu
3157,lib'ajchi' xk'otox ub'aq' uwach
3158,tzatz chi ajna'oj
3159,chi kaj xpe wi
3160,are uk'u'x kaj Juraqan xulk'oloq
3161,xuluk'uloq chi ri' pa sotz'ija
3162,ma k'u atan xutzinik uwach
3163,utz chik xuxik
3164,xa wi xa re uch'u'k jeb'el xwachinik
3165,xa wi xa re xch'awik
3166,are k'ut ta chirajsaqirik
3167,chi kaqtarin uxe' kaj
3168,kaxaqin na chik ama  wuch'
3169,we xcha' ri mama'
3170,ta chixaqinik
3171,k'a te ta chiq'equmar chik
3172,kajmul xaqin ri mama'
3173,kaxaqin wuch'
3174,kacha' winaq wakamik
3175,xa k'u kaqraxatzinik
3176,ta xutikib'a' uk'oje'ik
3177,ma utz cha'
3178,chux Jun Ajpu
3179,je' utz xcha' k'ut
3180,xa wi xare chub'aq'itila' ujolom
3181,keje ri qitzij ujolom xuxik.
3182,K'a te k'ut ta xkib'an kitzij
3183,xepixab'an kib'
3184,ma naqi katcha'jik
3185,xaqi chayekuj awib'
3186,xa in jun qi kib'anowik
3187,xcha' Xb'alanq'e chi re
3188,k'a te k'ut ta xupixab'aj jun umul
3189,katk'ole' ta chi ri' chuwi' jom
3190,chiwi'
3191,xuchax umul rumal Xb'alanq'e
3192,chupon
3193,k'a te katelik
3194,k'a in kib'anowik
3195,xuchax ri umul
3196,ta xpixab'axik chaq'ab'
3197,k'a te k'ut ta xsaqirik
3198,xa wi xare utz kiwach kikab'ichal.
3199,Xqaj chi k'u kicha'j
3200,k'olan chi k'u ujolom Jun Ajpu
3201,chuwi' jom
3202,mixqach'ako yan
3203,mixib'ano qi yan
3204,mixiya'o
3205,xe'uchaxik
3206,xa wi k'u xere chisik'in Jun Ajpu
3207,chak'aqa' ri jolom chi kik'
3208,ke'uchaxik
3209,ma k'u chi qi kaq'axow chik
3210,chiyeko'ub'
3211,are k'u xetzaqow kik' rajawal xib'alb'a
3212,xuk'ul k'ut Xb'alanq'e
3213,taqal k'u ri kik' chuwach b'ate
3214,chitanenik
3215,ta xelik
3216,jusu k'u xik'ow kik' chuwi' jom
3217,xa jun xa kanab' wi taqal pa pix
3218,ta xel k'u ri umul
3219,chik'oxk'otik ta xb'ek
3220,oqotal k'ut
3221,ta xb'e kumal ri xib'alb'a
3222,kejuminik kech'aninik
3223,xeb'e chi rij ri umul
3224,xek'isb'e konojel xib'alb'a
3225,k'a te' k'ut xkik'amixtaj ri ujolom Jun Ajpu
3226,xtikixtaj chik uq'oq' Xb'alanq'e
3227,are chi k'ut xb'ekikub'a' ri q'oq' chuwi jom
3228,qitzij jolom chi k'u ujolom ri Jun Ajpu
3229,keki'kot chi k'u kikab'ichal
3230,are k'ut keb'etzukun na kik'
3231,ri xib'alb'a
3232,k'a te' k'ut xkik'amixtaj chi ri kik' pa pix
3233,ta xesik'in chi k'ut
3234,kixpetoq
3235,wa'e kik' kemixqariqo
3236,xecha'
3237,kik'olem chi k'ut
3238,ta xe'ul xib'alb'a
3239,naqi pa ri mixqilo
3240,xecha' k'ut
3241,ta xkitikib'a' chi k'ut cha'jik
3242,junam cha'jik chi k'ut xkib'an chik kikab'ichal
3243,k'a te k'ut xk'aqataj ri q'oq' rumal Xb'alanq'e
3244,chipuk'ab'in ri q'oq'
3245,xqaj pa jom
3246,saqiram k'u ri usaqilal chi kiwach
3247,naqi pa chib'e'ik'ama'
3248,a pa k'o wi ri k'amol re
3249,xcha' xib'alb'a
3250,keje k'ut kich'akatajik rajal xib'alb'a
3251,"rumal Jun Ajpu, Xb'alanq'e"
3252,nimak'axk'ol xek'oje' wi
3253,ma wi are xekam wi
3254,ri ronojel xb'an chi ke.
3255,"Are k'ut wa'e kinab'al kikamik Jun Ajpu, Xb'alanq'e"
3256,are wa' kinab'al kikamik xchiqab'ij chik.
3257,Ta xepixab'aj k'ut
3258,xkib'ano
3259,ronojel k'axk'ol ra'il xb'an chi ke
3260,ma wi xekamik rumal utijob'al xib'alb'a
3261,ma wi xech'akatajik
3262,rumal ronojel ti'onel chikop k'o chi xib'alb'a
3263,k'a te k'ut ta xkitaq chi ka'ib' nik'wachinel
3264,keje ri e ilol
3265,"are kib'i' wa' Xulu, Pakam e eta'manel"
3266,uwe
3267,kumal rajawal xib'alb'a
3268,rumal ri qakamik
3269,kina'oj kakinuk'
3270,rumal ri ma wi mixojkamik
3271,ma pu mixojch'akatajik
3272,mixqasach kitijob'al
3273,ma xa chikop chok chi qe
3274,are k'u retal wa chi qak'u'x
3275,chojim ab'aj kamisab'al qe kumal
3276,mixekuchu kib' ronojel xib'alb'a
3277,ma k'u qitzij ta kojkamik
3278,are' k'u ina'oj wa' xchiqab'ij
3279,uwe kixultz'onob'exoq kumal chi rech qakamik
3280,ta kojk'atoq
3281,naqi xchikuchaj ix Xulu ix Pakam
3282,uwe kecha' chi re
3283,ma utz lo chiqatix ta kib'aqil pa siwan
3284,uwe ma b'a' utz
3285,xa wi xere chik chik'astaj kiwach
3286,kixcha'
3287,we b'a are utz
3288,xa chiqaxekeb'a' chuwi' che'
3289,ta kecha' chik chi we
3290,xax ma utz wi
3291,xa wi xere chiwil chi kiwach
3292,kixcha'
3293,ta kecha' chi k'ut chi roxmul
3294,xa b'a re rutzil
3295,xa chiqatix kib'aqil pa raqan ja'
3296,we k'ut kixuchax chik kumal
3297,are utz b'a la' kekamik
3298,k'a te' k'u utz chijok' kib'aqil chuwach ab'aj
3299,keje' ri chike'x k'ajim jal
3300,jujunal k'u chike'ik
3301,k'a te' k'u chitix ub'ik chi raqana'
3302,chi ri' qaj k'wa'
3303,chib'e ch'utijuyub' nimajuyub'
3304,kixcha' k'ut
3305,ta chik'utunisaj ri qapixab'
3306,mixqab'ij chi we
3307,"xecha' Xjun Ajpu, Xb'alanq'e"
3308,ta xepixab'ik
3309,xqetamaj kikamik.
3310,Are kab'an ri nimachojim ab'aj
3311,keje ri chojib'al qi xkib'an xib'alb'a
3312,nimaq xaq xkikojo
3313,k'a te' k'ut xul samajel achb'ilay ke
3314,"usamajel Jun Kame, Wuqub' Kame"
3315,kepetoq
3316,kojb'e ta kuk' k'ajolab'
3317,chib'etaqila'
3318,"k'a kixqachojij,"
3319,kacha' ajaw
3320,ix k'ajolab' xe'uchaxik
3321,utz b'a la' xecha' k'ut
3322,anim xeb'ek
3323,xe'opon k'ut chuchi' choj
3324,chi ri' k'ut xerajch'ij
3325,qach'opij wa'e ri qaki
3326,kajtaq mul taj chiqaxik'aj chi qajujunal ix k'ajolab'
3327,xechax Jun Kame
3328,ma wi are kojimich' wi ri'
3329,ma pa qeta'm qakamik ix ajawab'
3330,chiwila' na
3331,xecha' k'ut
3332,ta xkik'ulawachij kiwach
3333,xkirip kiq'ab' kikab'ichal
3334,e pu jupujuj
3335,ta xeb'ek pa choj
3336,chi ri' k'ut xekam wi kikab'ichal
3337,keki'kot chi k'ut ronojel xib'alb'a
3338,taqal kiyuyub'
3339,mixeqach'ako
3340,qitzij ma wi atan
3341,xecha'
3342,"k'a te k'ut kitaqik ri Xulu', Pakam"
3343,xkanaj wi kitzij
3344,xa wi xa are xtz'onox ri xb'e wi kib'aqil
3345,ta xeq'ijin xib'alb'a
3346,xjok' kib'aqil
3347,xb'etixoq chi raqana'
3348,ma k'u xeb'e ta chi naj
3349,xa jusu' xeqaj chuxe' a'
3350,e cha'om k'ajolab' xe'uxik
3351,xa wi xere kiwach xuxik
3352,xek'utun chi k'ut
3353,chi rob'ix k'ut xek'utun chik
3354,xe'il chi ya' rumal winaq
3355,e ka'ib'
3356,keje ri xa winaq kar xewachinik
3357,ta xil kiwach kumal xib'alb'a
3358,xetzukux k'ut chi taq ya'
3359,xchweqa'
3360,e ka'ib' chi meb'a'
3361,atz'iyaq
3362,mana chib'anan
3363,ta qi xe'ilik rumal xib'alb'a.
3364,Jala
3365,xa xajoj Pujuy xajoj Kux
3366,xa Ib'oy xkixajo
3367,xa Xtzul xa Chitik
3368,xkixaj
3369,k'ya mayjab'al xkib'an chik
3370,xkiporoj ja
3371,keje ri qitzij chik'atik
3372,lib'ajchi' k'ut chiwinaqir chik
3373,tzatz chi xib'alb'a chika'yik
3374,k'a te chikipus kib'
3375,chikam jun chi ke
3376,chipune' na chi kaminaqil
3377,nab'e chikikamisaj kib'
3378,xa wi xere lib'ajchi' k'astaj wi chi uwach
3379,xa kika'y xib'alb'a
3380,ta chikib'ano
3381,ronojel xkib'an chik
3382,uxena'jik chik ch'akb'al kech xib'alb'a kumal
3383,k'a te chi puch roponik chik utzijel kixajoj chi xikin ajawab'
3384,"Jun Kame, Wuqub' Kame"
3385,xcha'
3386,ta xkita'o
3387,naqi ri e ka'ib' meb'a' la'
3388,qitzij wi chi qus qitzij wi pu chi jeb'elik kixajowik
3389,ronojel kakib'ano
3390,xcha' k'ut
3391,kitzijoxik xoponik kuk' ajawab'
3392,qus xkita'o
3393,ta xb'ochi kisamajel
3394,taqol chi ke
3395,petoq chultakib'ana' qaka'y
3396,keqamayjaj taj
3397,keqaka'yij ta puch
3398,kecha' ajawab'
3399,kixcha' chi ke
3400,xuchax ri samajel
3401,xe'opon k'ut kuk' ri xajol
3402,ta xch'a'o k'ut kitzij ajawab' chi ke
3403,ma b'a chiqaj rumal ri qitzij kojxob'ik
3404,ma xa ma wi kojk'ixb'ik
3405,kojok apanoq chi ajawal ja
3406,rumal qi itzel qawach
3407,ma xa qi nima'q ub'aq' qawach chi meb'a'
3408,ma xa on ril chi re
3409,xa oj xajol
3410,naqi ta chiqab'ij chi ke qachmeb'a'
3411,k'o kam kurayij nay pu ri qaxajoj
3412,kakik'astaj kiwach quk'
3413,ma keje la k'u xchiqab'an chi ke ri ajawab'
3414,keje k'u ma wi kaqaj wi ix samajel
3415,"xecha' k'ut ri Jun Ajpu, Xb'alanq'e"
3416,xelejeb'ex
3417,kaq ra'il xeb'ek
3418,ma wi atan xqaj b'enam
3419,k'iyamul xech'ijik
3420,xa chimachka'y samajel chi kiwach k'amol ke
3421,xeb'e k'ut ruk' ajaw
3422,xe'opon puch ruk' ajawab'
3423,kemochochik chikixulela' kiwach
3424,xe'oponik
3425,xkikemelaj kib'
3426,chikiluk kib'
3427,chikipach kib'
3428,chimayo kij chi atz'iyaq
3429,qitzij wi chi meb'a' kiwachib'al xe'oponik
3430,ta xtz'onox k'ut kijuyub'al kamaq' puch
3431,xtz'onox nay puch kichuch kiqajaw
3432,apa kixpe wi
3433,xe'uchaxik
3434,ma b'a qeta'on ajaw
3435,ma wi xqeta'maj uwach qachuch qaqajaw
3436,k'a oj ch'uti'qoq
3437,xa xecha'
3438,ma wi naqi la xkib'ij
3439,chib'an
3440,naqi chiwaj iwajil chiqaya'o
3441,xe'uchaxik
3442,ma b'a kaqaj qitzij chi kaqaxib'ij qib'
3443,xecha' chik chi re ajaw
3444,mixib'ij iwib'
3445,mixxob'ik kixxajowoq
3446,are ta nab'e chixaj ri kixpusu'
3447,chiporoj ta k'u ri wochoch
3448,chib'ana' ronojel ri iweta'm
3449,kojka'y taj
3450,kaqaj are uma
3451,kixb'etaqoq
3452,rumal ix meb'a'
3453,chiqaya' iwajil
3454,xe'uchax k'ut
3455,ta xkitikib'a' k'ut kib'ix kixajoj
3456,ta xul k'ut ronojel ri xib'alb'a
3457,xepulik e ka'yel
3458,ronojel k'ut xkixajo
3459,xkixaj Kux
3460,xkixaj Pujuy
3461,xkixaj Ib'oy
3462,xcha' k'u ajaw chi ke
3463,chipusu' ri nutz'i'
3464,chik'astaj chi uwach iwumal
3465,xe'uchaxik
3466,we xecha'
3467,ta xkipus tz'i'
3468,xk'astaj chi uwach
3469,qitzij k'u chiki'kot ri tz'i'
3470,ta xk'astaj uwach
3471,chusaqb'isala' uje'
3472,ta xk'astaj uwach
3473,xcha' k'u ajaw chi ke
3474,chiporoj na b'a' wochoch
3475,xe'uchax chik
3476,ta xkiporoj k'ut rochoch ajaw
3477,e pulinaq ajawab' pa ja konojel
3478,ma wi xek'atik
3479,lib'ajchi' chik xkutzinisaj
3480,mana jusu' sachik ri rochoch Jun Kame
3481,xkimayjaj k'ut konojel ajawab'
3482,xa wi k'u xere kexajowik
3483,nim keki'kotik
3484,xe'uchax chi k'ut rumal ajaw
3485,chikamisaj na k'u jun winaq
3486,chipusu'
3487,ma ta k'u chikamik
3488,xe'uchax k'ut
3489,utz b'a la' xecha'
3490,ta xkichap k'ut jun winaq
3491,k'a te' xkipusu
3492,xkipoq'oj k'u aq'anoq uk'u'x ri jun winaq
3493,xkik'olob'a' k'ut chi kiwach ajawab'
3494,"xkimayja Jun Kame, Wuqub' Kame"
3495,lib'ajchi' k'ut xk'asta
3496,nim chiki'kot uk'u'x
3497,ta xk'astaj uwach
3498,xkimayjaj k'ut ajawab'
3499,chipusu'
3500,chiqil taj
3501,qitzij kurayij qak'u'x ri ixajoj
3502,xecha' chi k'u ajawab'
3503,utz b'a la' at ajaw
3504,xecha' k'ut
3505,k'a te' puch xkipus kib'
3506,are k'u xpus Xjun Ajpu rumal Xb'alanq'e
3507,jujunal k'u xperepoxik
3508,xel ujolom
3509,xk'ole' aponoq chi naj
3510,xk'otix uloq uk'u'x
3511,xch'eke'
3512,keq'ab'ar k'u ri ronojel rajawal xib'alb'a
3513,chi ka'y
3514,xa k'u jun chi kaxajowilab'ik
3515,ri Xb'alanq'e
3516,kawa'lijoq
3517,xcha' k'ut
3518,lib'ajchi' k'ut xk'astaj uwach
3519,nim keki'kotik
3520,xa wi keje keki'kot ajawab'
3521,xa wi are keb'anowik
3522,"kaki'kot kik'u'x Jun Kame, Wuqub' Kame"
3523,keje ri are' kexajowik
3524,kakina'o.
3525,K'a te' puch uraynik umalinik pu kik'u'x ajawab'
3526,"chi re kixajoj Xjun Ajpu, Xb'alanq'e"
3527,"ta xel k'u kitzij Jun Kame, Wuqub' Kame"
3528,chib'ana' chi qe
3529,kojipusu
3530,xecha' k'ut
3531,junal taj kojipusu
3532,"xecha' k'ut Jun Kame, Wuqub' Kame"
3533,"chi ke ri Xjun Ajpu, Xb'alanq'e"
3534,utz b'a la'
3535,chik'astaj iwach
3536,ma pa ix k'o kam
3537,oj pu kikotirisay iwe
3538,ix pu rajawal iwal ik'ajol
3539,xecha' k'ut chi ke ajawab'.
3540,Are k'u nab'e xpus ri qi ujolom ajaw
3541,Jun Kame ub'i' rajawal xib'alb'a
3542,kaminaq chi k'ut Jun Kame
3543,ta xchap chik Wuqub' Kame
3544,ma wi xk'astaj chi kiwach
3545,k'a te' pu kelik xib'alb'a chi kaqan
3546,are xkil ri ajawab'
3547,xekamik
3548,e xaraxoj chub'ik
3549,e pu xaraxoxinaq kikab'ichal
3550,xa k'u k'ajisab'al kiwach xb'anik
3551,jusuk' xukamib'ej ri jun ajaw
3552,mana xkik'astaj chi uwach
3553,are k'u ri jun ajaw xelaj
3554,xok na chi kiwach ri e xajol
3555,ma wi xuk'ulu'
3556,ma pu xuriqo
3557,toq'ob' nuwach xcha'
3558,ta xuna' rib'
3559,xek'isk'ub'ek rojonel kal kik'ajol pa nimasiwan
3560,xa jun xkib'alij wi kib' pa Nimaxolob'achan
3561,chi ri' k'ut e tub'ul wi
3562,ta xk'ulun k'ut
3563,ma wi ajilan chi sanik
3564,tukuliy ula ke pa siwan
3565,keje ri xeb'eyox uloq
3566,ta xe'ul k'ut
3567,xkixulkiya' chi kib' konojel
3568,xe'ulelajoq
3569,xe'ul pu okoq
3570,keje k'ut kich'akatajik rajawal xib'alb'a
3571,xa mayjab'al xa pu kijalwachib'al kib'
3572,ta xkib'ano.
3573,K'a te puch ta xkib'ij kib'i'
3574,xkikojisaj kib' chi kiwach konojel xib'alb'a.
3575,Chita' qab'i'
3576,xchiqab'ij
3577,xchiqab'ij nay puch ub'i' qaqajaw chi we
3578,"oj wa' oj Xjun Ajpu, Xb'alanq'e qab'i'"
3579,are k'u qaqajaw ri xikamisaj
3580,"Jun Jun Ajpu, Wuqub' Jun Ajpu kib'i'"
3581,oj k'u pakol
3582,kira'il kik'axk'ol ri qaqajaw
3583,keje k'ut mixqakuyu wi ronojel k'axk'ol
3584,mixib'an chi qe
3585,keje k'ut kixqasach wi
3586,iwonojel kixqakamisaj
3587,maja b'i chik kolotajel chiwe
3588,xe'uchax k'ut
3589,k'a te puch kelajik
3590,koq'ik konojel xib'alb'a
3591,toq'ob' qawach
3592,"ix Jun Ajpu, Xb'alanq'e"
3593,qitzij wi xojmakunik chi ke ri iqajaw
3594,kib'ij la'
3595,k'a te e muqul chi Puk'b'al Chaj
3596,xecha' k'ut
3597,utz b'a la'
3598,are b'a ri qatzij xchiqab'ij chiwe
3599,chita' iwonojel ix xib'alb'a
3600,rumal mana nim chi iq'ij iwalaxik chuxik
3601,ruk' nay puch
3602,ma wi nim chi ikochib'al
3603,sqaqi'n chik chikik'jolomax
3604,ma wi ch'ajom kik' iwe
3605,xa xot xa akam
3606,xa chuch chi re
3607,xjeraxik
3608,xa nay pu ral k'im ral tolob' chiwechaj
3609,ma k'u iwech ri ronojel saqil al saqil k'ajol
3610,xa no'j
3611,are ri ajmak ajlab'al ajb'is ajmoken chok na umak
3612,kixok wi
3613,ma na xa rax chapom ronojel winaq chib'ano
3614,kixta'on puch chuwi' ri kik'jolomax
3615,xe'uchax k'ut konojel xib'alb'a
3616,keje k'ut tikarinaq kisachik
3617,umayxik nay puch kisik'ixik
3618,ma wi nim kiq'ij ojer
3619,xax rajtza wi winaq ojer
3620,qitzij ma na kab'awil kib'i' ojer
3621,xa wi xib'al itzel kiwach
3622,e ajtza ajtukur
3623,e taq chi'nel chi mak chi lab'al
3624,e nay pu ajmuqulik k'u'x
3625,e q'eqa'il saqi'il
3626,ajmoxwach ajlatz'ab' ke'uchaxik
3627,chixe'on kiwach kek'ulutajik
3628,keje k'ut usachik kinimal q'aq'al
3629,ma wi nim chi kajawarem xuxik.
3630,"Are xeb'anow ri Xjun Ajpu, Xb'alanq'e"
3631,are k'ut koq'ik
3632,kasik'in ri kati't chuwach ri aj
3633,ri xkitik kanoq
3634,xpe utux ri aj
3635,k'a te xchaqij chik
3636,are k'ut ta xek'at pa choj
3637,ta xpe chi k'ut utux ri aj
3638,k'a te k'ut xk'aton ri kati't
3639,xuk'at ri pom chuwach ri aj
3640,una'tab'al kech riy.
3641,Are xki'kot wi uk'u'x kati't
3642,ri chukamul xpe utux ri aj
3643,ta xkab'awilax rumal kati't
3644,ta xub'inatisaj k'ut nik'aj ja
3645,nik'aj b'i' chok
3646,"K'asam Aj, Ch'atam Ulew"
3647,are k'ut xub'ina'j wi nik'aj ja
3648,nik'aj b'i' chok
3649,rumal xa chunik'ajal upa kochoch xkitik aj
3650,are chi k'u xub'ina'j wi Ch'atam Ulew K'asam Aj chuwi'
3651,ch'ata ulew kitik wi aj.
3652,Are nay pu xub'ina'j wi K'asam Aj
3653,rumal xpe utux aj
3654,ta xkoj ub'i' rumal Xmukane
3655,"xkitik kanoq Jun Ajpu, Xb'alanq'e"
3656,xa na'tab'al ke rumal kati't
3657,are k'u ri nab'e kiqajaw xojeroq
3658,"kekamoq ri Jun Jun Ajpu, Wuqub' Jun Ajpu"
3659,xkil chi k'ut uwach ri kiqajaw chi la' chi xib'alb'a
3660,xch'aw chik kiqajaw chi ke
3661,ta x xib'alb'a.
3662,Wa k'ute uwiqik chik kiqajaw kumal
3663,are xkiwiq ri Wuqub' Jun Ajpu
3664,chi la' xb'ekiwiqa' wi chi Puk'b'al Chaj
3665,xa wi xere uwach xrajuxik
3666,"xtz'onox k'ut chi re ub'i' ronojel uchi' utza'm, ub'aq' uwach"
3667,xuriq nab'e ub'i'
3668,xa k'u sqaqi'n chik xcha'taj wi
3669,xere ma wi xu b'ij chi ub'i' ri ujunal pu'il
3670,xere pu xcha'taj chi wi
3671,keje k'ut ta xkinimaj wi kanajoq uk'u'x kiqajaw
3672,xa wi xkanaj chi puk'b'a
3673,chi ri' kixsik'ix wi
3674,chuxik
3675,xecha' chi uk'ajol chi rech
3676,ta xkub'ax uk'u'x
3677,nab'e chel iwe
3678,nab'e nay puch kixq'ijiloxik rumal saqil al saqil k'ajol
3679,ma wi chisachik ib'i'
3680,ta chuxoq
3681,xecha' chi rech kiqajaw
3682,ta xkikub'a' uk'u'x
3683,xa oj pakol ikamik isachik
3684,k'axk'ol ra'il xb'an chi we
3685,keje k'ut kipixab'ik
3686,ri xch'akatajinaqoq ronojel xib'alb'a
3687,ta xe'aq'an k'u loq waral
3688,e nik'aj saq
3689,jusu' k'u xe'aq'an chi kaj
3690,"jun k'u q'ij, jun nay pu ik' chi ke"
3691,ta xsaqirik upam kaj uwach ulew
3692,chi kaj xek'oje' wi
3693,are k'ut kach'akanik ri omuch' k'ajolab'
3694,xekam rumal Sipakna
3695,are k'ut kachb'il xuxik
3696,e uch'umilal kaj
3697,xe'uxik.
3698,Wa'e k'ut utikerik
3699,ta xna'ojix winaq
3700,ta xtzukux puch ri chok uti'ojil winaq
3701,xecha' k'ut ri alom k'ajolom
3702,e tz'aqol b'itol
3703,Tepew Q'ukumatz kib'i'
3704,mixyopijik usaqirik
3705,mixtz'aqutzinik
3706,mipuxq'ale'ik tzuqul q'o'l
3707,saqil al saqil k'ajol
3708,mixq'ale' winaq
3709,uwinaqil uwach ulew xecha'
3710,xmolomanik
3711,xulik
3712,xb'ekina'oj chi q'equmal chi aq'ab'al
3713,ta xkitzukuj
3714,xkipukuj puch
3715,xena'ojinik
3716,xeb'ison puch waral
3717,keje k'ut xel wi aponoq kina'oj
3718,saqil q'alal xkiriqo
3719,xkikana'isaj puch
3720,ri xok uti'ojil winaq
3721,xa sqaqi'n chik
3722,ma wi kawachin q'ij ik' ch'umil pa kiwi' e tz'aqol b'itol.
3723,Pan Paxil pan Kayala' ub'i'
3724,xpe wi q'anajal saqijal
3725,are k'u kib'i' chikop wa'
3726,"k'amol recha' yak, utiw, k'el, joj"
3727,e kajib' chi chikop
3728,xb'in utzijel q'anajal saqijal chi ke
3729,chi la' kepe wi Pan Paxil
3730,xk'ut ub'e'el Paxil
3731,are k'ut xkiriqo ri echa'
3732,are k'ut xok uti'ojil winaq tz'aq winaq b'it
3733,ja' k'ut ukik'el
3734,ukik'el winaq xuxik
3735,are xok kumal alom k'ajolom ri jal
3736,keje k'ut xeki'kot wi
3737,rumal ri uriqitajik
3738,utzilaj juyub'
3739,nojinaq chi qus
3740,tzatz chi q'anajal saqijal
3741,tzatz nay puch chi peq chi kako
3742,"ma wi ajilan tulul, k'awex, q'inom, tapa'l, ajache', kab'"
3743,nojinaq k'ilaj echa' chupan ri tinamit Pan Paxil Pan Kayala' ub'i'
3744,k'o wi echa' uwachinel
3745,"ronojel ch'uti'echa' nima'echa', ch'utitiko'n nimatiko'n"
3746,xk'ut ub'e'el kuma
3747,ta xke'x k'ut ri q'anajal saqijal
3748,b'elejeb' k'u uka'l xub'an Xmukane
3749,echa' xokik
3750,ruk' ja' rapenal xwinaqir uq'ab'chi'al
3751,winaq xuxik
3752,ta xkib'an ri alom k'ajolom Tepew Q'ukumatz
3753,ke'uchaxik
3754,k'a te k'ut xkikoj pa tzij
3755,utz'ukik qanab'e chuch qajaw
3756,xa q'anajal saqijal uti'ojil
3757,xa echa' raqan uq'ab' winaq
3758,ri e qanab'e qajaw
3759,e kajib' chi winaq tz'aq
3760,xa echa' okinaq kiti'ojil.
3761,Wa'e kib'i' nab'e winaq
3762,xetz'aqik xeb'itik
3763,are nab'e winaq ri B'alam K'itze'
3764,ukab' chi k'ut B'alam Aq'ab'
3765,rox chi k'ut Majukutaj
3766,Ukaj k'ut Iq'ib'alam
3767,are k'u kib'i' ri qanab'e chuch qajaw.
3768,Xa tz'aq xa b'it ke'uchaxik
3769,maja b'i kichuch maja b'i kiqajaw
3770,xa utukel achij chiqab'ij
3771,mana ixoq xe'alanik
3772,ma nay pu xek'ajolaxik
3773,rumal ri ajtz'aq ajb'it
3774,ri alom k'ajolom
3775,xa pus xa nawal kitz'aqik kib'itik
3776,"rumal tz'aqol b'itol, alom k'ajolom, Tepew Q'ukumatz"
3777,ta xewinaqwachin k'ut
3778,e winaq xe'uxik
3779,xech'awik xetzijon puch.
3780,Xemuqunik
3781,xeta'on puch
3782,xeb'inik
3783,xechapanik
3784,e utzilaj winaq
3785,e cha'om achijil wach kiwachib'al
3786,k'o kuxlab' xuxik
3787,xemuqum
3788,jusuk' xopon kimuqub'al
3789,xk'iskilo xk'isketamaj ronojel xe'
3790,uwe kemuqunik
3791,lib'ajchi' chikisolwachij
3792,chisolmuquj upam kaj upam ulew
3793,maj uq'atajil na
3794,chikilixtaj ronojel
3795,ma keb'in ta na on nab'e
3796,k'a te ta chikil ri uxe' kaj
3797,xa wi chi re e k'o wi
3798,ta kemuqunik
3799,tzatz ketamab'al xuxik
3800,xik'ow kiwachib'al pa che' pa ab'aj
3801,pa cho pa palo
3802,pa juyub' pa taq'aj
3803,qitzij wi chi e loq'olaj winaq ri B'alam K'itze'
3804,B'alam Aq'ab'
3805,"Majukutaj, Iq'ib'alam"
3806,ta xetz'onox k'ut rumal ri ajtz'aq ajb'it
3807,juchalik ik'ojey
3808,ma kixmuqunik
3809,ma kixta'onik
3810,ma utz ich'ab'al ruk' ib'inib'al
3811,kixmuqunana k'ut
3812,chiwila' uxe' kaj
3813,ma q'alaj juyub' taq'aj kiwilo
3814,chitija' na k'ut
3815,xe'ucha'xik
3816,k'a te puch xk'iskil ronojel uxe' kaj
3817,k'a te k'ut kik'amowanik ri' chi re tz'aqol b'itol
3818,qitzij wi chi kamul k'amo oxmul k'amo
3819,mi
3820,mi pu xojchi'nik
3821,xojwachinik
3822,kojch'awik
3823,kojta'onik
3824,kojb'isonik
3825,kojsilab'ik
3826,utz kaqana'o
3827,xqeta'maj naj naqaj
3828,mi pu xqilo nim ch'uti'n
3829,upa kaj upa ulew
3830,k'amo k'ut chiwe mixojwinaqirik
3831,oj tz'aq oj b'it
3832,mixojuxik at qati't at qamam
3833,xecha'
3834,ta xkik'amowaj kitz'ukik kib'itik
3835,xk'isketa'maj ronojel
3836,xkimuquj kajtz'uk kajxukut
3837,upam kaj upam ulew
3838,ma k'u utz xkita'o ri ajtz'aq ajb'it
3839,ma wi utz ri mixkib'ij qatz'aq qab'it
3840,mixketa'maj ronojel nim ch'uti'n
3841,kecha'.
3842,Keje chi k'ut uk'amik chik kina'oj alom k'ajolom
3843,jucha chik chiqab'an chi ke
3844,xa ta naqaj chopon wi kimuqub'al
3845,xa ta sqaqi'n uwach uwachulew chikilo
3846,ma wi utz ri kakib'ij
3847,ma pa xa tz'aq xa b'it kib'i'
3848,xa lab'e e kab'awil ke'uxi
3849,uwe ma wi kepoq'otajik
3850,kek'iritajik
3851,ta chawaxoq
3852,ta saqiroq
3853,uwe ma wi chik'i'arik
3854,ta chuxoq
3855,xa qayojo' chi sqaqi'n chik
3856,k'o chi karaj
3857,ma wi utz kaqana'o
3858,xa pa xchijunamataj kib'anoj kuk'
3859,ri najt kopon wi keta'mab'al
3860,kilon
3861,xe'uchaxik
3862,rumal uk'u'x kaj
3863,"Juraqan, Ch'ipikaqulja, Raxakaqulja,"
3864,Tepew Q'ukumatz
3865,alom k'ajolom
3866,Xpiyakok Xmukane
3867,tz'aqol b'itol ke'ucha'xik
3868,ta xkib'an k'ut uk'oje'ik chik kitz'aq kib'it
3869,Xa k'u xwab'ax
3870,rumal ri uk'u'x kaj
3871,xmoyik
3872,keje ri xuxlab'ix uwach lemo
3873,xmoyomob'ik ub'aq' kiwach
3874,xa naqaj chik xemuqun wi
3875,xere chi q'alaj ri e k'o wi
3876,keje k'ut usachik ketamab'al
3877,ruk' ronojel kina'ob'al
3878,e kajib' chi winaq
3879,uxe' utikarib'al
3880,keje k'ut kitz'aqik kib'itik
3881,nab'e qamam qaqajaw
3882,rumal uk'u'x kaj uk'u'x ulew
3883,ta xk'oje' chi k'ut kik'ulel
3884,kixoqil puch xuxik
3885,xa wi kab'awil xna'ojin chik
3886,keje ri xa pa waram xkik'am
3887,Qitzij e jeb'el chi ixoq
3888,k'o ruk' B'alam K'itze'
3889,B'alam Aq'ab'
3890,"Majukutaj, Iq'ib'alam"
3891,k'o chi kixoqil
3892,ta qi xek'astajik
3893,anim xki'kot chik kik'u'x rumal kik'ulel
3894,are k'u kib'i' kixoqil wa'
3895,Kajapaluna' ub'i' rixoqil B'alam K'itze'
3896,Chomija' ub'i' rixoqil B'alam Aq'ab'
3897,Tz'ununija' ub'i' rixoqil Majukutaj
3898,Kaqixaja' ub'i' rixoqil Iq'ib'alam.
3899,Are k'ut ub'i' kixoqil ri e xok kojawab'
3900,xe'uxik
3901,e poq'ol winaq ch'uti'amaq' nima'amaq'
3902,are k'ut uxe' qech
3903,ri oj K'eche' winaq
3904,tzatz k'ut xuxik ri ajk'ix
3905,mana xa e kajib' chik xuxik
3906,xere kajib' ri kichuch
3907,aj K'iche' winaq
3908,jalajoj chi kib'i' chi kijujunal
3909,ta xpoq'otajik chi la' chi releb'al q'ij
3910,qi ub'i' xuxik ri winaq
3911,"Tepew, Oloman"
3912,"K'ojaj,"
3913,Ajaw chuchax chik ub'i' winaq chi la' releb'al q'ij
3914,xpoq'otajik
3915,reta'm k'ut utikarik chik
3916,rech Tamub' rech Ilokab'
3917,xa jun xpe wi chi la' releb'al q'ij
3918,B'alam K'itze' umam uqajaw b'elejeb'
3919,nim ja chi Kawiqib'
3920,B'alam Aq'ab' umam uqajaw b'elejeb'
3921,nim ja chi Nimja'ib'ab'
3922,Majukutaj umam uqajaw kajib'
3923,nim ja chi Ajaw K'iche'
3924,oxch'ob' chinamit chi uk'oje'ik
3925,ma wi sachel ub'i' umam uqajaw
3926,are' poq'ol
3927,"xa wi xere xpe wi Tamub', Ilokab'"
3928,ruk' oxlajuj uq'a
3929,"Oxlajuj Tekpan ruk' Rab'inaleb', Kaqchikeleb',"
3930,Aj Tz'ikinaja ruk' puch Saqajib'
3931,"ruk' nay puch Lamakib', Kumatz,"
3932,"Tujal Ja, Uch'ab'aja"
3933,"Aj Ch'umilaja ruk' Aj Kib'aja,"
3934,"Aj B'atenaja, Akul Winaq,"
3935,"B'alamija, Kanchajeleb'"
3936,B'alam Kolob'
3937,xere k'ut unima'qil amaq'
3938,ri uq'a
3939,kojcha' chi rech
3940,xa unima'qil ri mixqacholo
3941,qi chik elenaq chi rij ri jutaq ch'ob' chi tinamit
3942,ma wi mi xqatz'ib'aj kib'i'
3943,xa wi k'u chi la' xpoq'otaj wi uloq releb'al q'ij
3944,k'ya
3945,ta xk'iyarik
3946,maja' chalaxoq q'ij saq
3947,ta xek'iyarik
3948,xa jun xek'oje wi konojel
3949,e tzatz chi kik'oje'ik kib'inowik
3950,chi la' releb'al q'ij
3951,are maja'
3952,xa wi chi kaj chikipaqab'a' kiwach
3953,ma wi keta'm xeb'e wi
3954,najt xkib'ano
3955,ta xk'oje' pa k'i
3956,chi ri' q'eqawinaq saqiwinaq kiwachib'al winaq
3957,k'i uch'ab'al winaq
3958,ka'y uxikin
3959,k'oley uxe' kaj.
3960,K'o k'ut juyub'al winaq
3961,ma wi ilo w
3962,maja b'i rochoch
3963,xa ch'utijuyub' nimajuyub' keb'ek
3964,keje ri e ch'u'j xecha'
3965,ta xkiyajob'ej ri juyub'al winaq
3966,xecha'
3967,chi la' xkil wi releb'al q'ij
3968,xa k'u jun kich'ab'al konojel
3969,maja' chikisik'ijoq che' ab'aj
3970,are na'tal chi kech ri utzij tz'aqol b'itol
3971,uk'u'x kaj uk'u'x ulew
3972,xere kik'u'xla'n ri rewaxik usaqirik
3973,xa tz'ononik chikib'ano
3974,"e ajloq' tzij, e ajloq'"
3975,e ajnim e ajxob'
3976,chikipaqab'a' kiwach chi kaj
3977,ta xkitz'onoj kime'al kik'ajol
3978,aqaroq
3979,at tz'aqol at b'itol
3980,kojawila'
3981,kojata'
3982,mojasaqo
3983,at kab'awil chi kaj chi ulew
3984,"uk'u'x kaj uk'u'x ulew
      chaya'"
3985,chib'e q'ij chib'e saq
3986,ta chawaxoq ta saqiroq
3987,qi ta raxal b'e raxal jok kojaya' wi
3988,li'anik saq li'anik amaq' taj
3989,utzilaj saq utzilaj amaq' taj
3990,utzilaj k'aslem
3991,"at Juraqan, Ch'ipakaqulja, Raxakaqulja,"
3992,"Ch'ipinanawak Raxanawawak,"
3993,"Wok, Jun Ajpu, Tepew, Q'ukumatz,"
3994,"alom, k'ajolom, Xpiyakok, Xmukane"
3995,rati't q'ij rati't saq
3996,ta chawaxoq ta saqiroq
3997,xecha'
3998,ta xeq'ilonik xesik'inik
3999,xa selawachin
4000,xa wi chi la' kemuqun wi releb'al q'ij
4001,kilawachin ri ik'oq'ij
4002,nimach'umil chalaxik q'ij
4003,tzijol re upa kaj upa ulew
4004,ub'inib'al winaq tz'aq winaq b'it
4005,"xecha' e B'alam K'itze', B'alam Aq'ab',"
4006,Majukutaj Iq'ib'alam.
4007,Qoyob'ej
4008,xecha' e nimaq etamanel e na'onel
4009,e ajk'ixb' e ajnim ke'uchaxik
4010,maja' b'i k'u jab'i'oq
4011,chichajin e qanab'e chuch qajaw
4012,e xa k'u xkos kik'u'x chi ri'
4013,chi royob'exik q'ij
4014,e k'iy chik ronojel amaq' ruk' Yaki
4015,ajk'ix ajkab'
4016,xa jo'
4017,ojqatzukuj oj pu qila'
4018,we k'o chichajin qetala'
4019,chiqariq ri kojtzijon ta chuwach
4020,xa qi keje oj k'olik
4021,maja b'i chajal qe
4022,"xecha' k'ut e B'alam K'itze', B'alam Aq'ab', Majukutaj, Iq'ib'alam"
4023,xkita'o utzijel jun tinamit
4024,xeb'e wi.
4025,Are' k'ut ub'i' juyub' wa' xeb'e wi
4026,"B'alam K'itze', B'alam Aq'ab', Majukutaj, Iq'ib'alam"
4027,"ruk' Tamub', Ilokab', Tulan Suywa'"
4028,Wuqub' Pek Wuqub' Siwan ub'i' tinamit
4029,xe'opon wi e k'amol re kab'awil.
4030,Xe'opon k'ut chi la' Tulan konojel
4031,ma wi ajilan chi winaq xoponik
4032,tzatz k'ut chub'inik
4033,cholon k'ut relik uloq kikab'awil
4034,"nab'e ri B'alam K'itze', B'alam Aq'ab', Majukutaj, Iq'ib'alam"
4035,keki'kotik
4036,are qatzukum wa'
4037,mixqariqo
4038,xecha'
4039,are k'ut nab'e xel ri Tojil ub'i' kab'awil
4040,xekel ukoq riqaxik rumal B'alam K'itze'
4041,xel chi k'u uloq Awilix
4042,xruk'a'j B'alam Aq'ab'
4043,Jaqawitz
4044,xuk'amo Majukutaj
4045,Nik'aqaj Taq'aj ub'i' kab'awil
4046,xuk'amo Iq'ib'alam
4047,xere k'ut rachk'eche' winaq ri xuk'am Tamub'
4048,xa wi xere Tojil chi Tamub' k'o ub'i' xk'amowik
4049,umam uqajaw Tamub'
4050,ajawab' qeta'm k'ut wakamik
4051,rox chi k'ut Ilokab'
4052,xa wi Tojil ub'i' kab'awil
4053,xuk'amo kimam kiqajaw ajawab'
4054,Keje k'ut ub'ina'm wi oxib' chi K'iche'
4055,xma xutzoqopij wi rib'
4056,rumal xa junam ub'i' kab'awil Tojil K'iche'
4057,"Tojil chi Tamub', chi Ilokab'"
4058,xa jun ub'i' ukab'awil ke
4059,k'u ma wi xujach wi rib' roxichal K'eche'
4060,oxib' ri kitzij
4061,"nima'q kik'oje'ik, Tojil, Awilix, Jaqawitz"
4062,ta xok chi k'ut ronojel amaq'
4063,"Rab'inaleb', Kaqchekeleb'"
4064,"Aj Tz'ikinaja, ruk' Yaki winaq ub'i' wakamik."
4065,Chi ri' k'ut xjalk'atij uch'ab'al ri amaq'
4066,jalajoj kich'ab'al xuxik
4067,ma wi q'alaj chik xkita'o chi kib'il kib'
4068,ta xepetik chi Tulan
4069,chi ri' k'ut xkipaxij wi kib'
4070,k'o xb'e chi la' releb'al q'ij
4071,tzatz k'u ri xpe waral
4072,xa k'u jumaj tz'u'm kiq'u'
4073,maja b'i ri utzilaj taq k'ul taj kikojom
4074,xa utz'u'mal chikop kikawub'al
4075,e meb'a'
4076,maja b'i kech
4077,xa e nawal winaq chi kik'oje'ik
4078,ta xepe chi la' Tulan Suwa'
4079,cha' chupan ojer tzij
4080,tzatz chub'inik xopon chi Tulan
4081,ma k'u ja b'i q'aq'
4082,xaqi e k'o ri Tojil
4083,are k'u ri ukab'awil amaq'
4084,nab'e xwinaqir uq'aq'
4085,ma wi q'alaj uwinaqirik
4086,kanikow
4087,"ta xkil ri B'alam K'itze', B'alam Aq'ab'"
4088,aqaroq
4089,maja b'i qaq'aq' mixuxik
4090,xkojkam rumal tew
4091,xecha' k'ut
4092,ta xch'aw k'ut ri Tojil
4093,mixb'isonik
4094,k'o iwech
4095,chisach ri q'aq'
4096,kib'i'j
4097,xcha' k'ut Tojil chi ke
4098,ma qitzij at kab'awil
4099,at qatzuquj
4100,xecha chi re
4101,ta xkik'amowaj
4102,ri xub'ij Tojil.
4103,Utz b'a la'
4104,qitzij in ikab'awil
4105,ta chuxoq
4106,in iwajawal
4107,ta chuxoq
4108,xe'uchaxik ri ajk'ixb' ajkaj Tojil
4109,are k'ut keq'aq'al
4110,keki'kotik rumal kiq'aq'
4111,k'a te puch ta xtikarik nimajab'
4112,are katilo
4113,tzatz k'ut chi saqb'och
4114,xqajik pa kiwi' ronojel amaq'
4115,ta xchup k'ut kiq'aq' rumal saqb'och
4116,maja b'i chik kiq'aq' xuxik
4117,ta xkitz'onoj chi k'ut kiq'aq'
4118,"ri B'alam K'itze', B'alam Aq'ab'"
4119,at Tojil qitzij kojutzinik rumal tew
4120,xecha' k'ut chi re Tojil
4121,utz mixb'isonik
4122,xcha' Tojil
4123,k'a te ta xre lesaj q'aq'
4124,xub'aq uloq chupam uxajab'
4125,"k'a te k'ut xeki'kot ri B'alam K'itze', B'alam Aq'ab', Majukutaj, Iq'ib'alam"
4126,k'a te k'ut xemiq'ik
4127,are k'ut chupinaq chik uq'aq' amaq'
4128,ke'utzin chik rumal tew
4129,k'a te pu kipetik chik
4130,"e tz'onoy kiq'aq' kuk' ri B'alam K'itze', B'alam Aq'ab', Majukutaj, Iq'ib'alam"
4131,ma k'u kakich'ij chik rumal tew saqb'och
4132,xa kelexlot chik
4133,kesiksot chi puch
4134,maja b'i e k'as chi wi
4135,kaqoykot chik kaqan kiq'ab'
4136,ma wi kechapon chik
4137,ta xe'ulik
4138,ma qi kojk'ix na iwuk'.
4139,Chiqatz'onoj ta ukoq
4140,xecha'
4141,ta xe'ulik
4142,ma k'u ja b'i xek'ulaxik
4143,ta xk'oqon k'u kik'u'x ri amaq'
4144,"jalan chik kich'ab'al ri B'alam K'itze', B'alam Aq'ab', Majukutaj, Iq'ib'alam"
4145,aqaroq
4146,a xqakanaj wi qach'ab'al
4147,jupacha xqab'ano
4148,mixojsachik
4149,a pa xojk'axtok'ax wi
4150,xa jun qach'ab'al
4151,ta xojpe chi la' Tulan
4152,xa pu jun qatzukib'al
4153,ma wi utz xqab'ano
4154,xecha k'ut konojel amaq'
4155,xe' che' xe k'a'm
4156,ta xuk'ut k'u rib' jun winaq
4157,"chi kiwach ri B'alam K'itze', B'alam Aq'ab', Majukutaj, Iq'ib'alam"
4158,xcha' k'u ri usamajel xib'alb'a
4159,qitzij chi are ikab'awil ri'
4160,are itzuqu'n
4161,are pu uk'exwach natab'al re tz'aqol iwe b'itol pu iwe
4162,miya' k'u kiq'aq' ri amaq'
4163,q'ana
4164,chikiya'o chi re Tojil
4165,miwajawaj
4166,chitz'onoj na chi rech Tojil
4167,chi re na chipe wi
4168,chikiya'o k'amb'al q'aq'
4169,xcha' ri xib'alb'a
4170,k'o uxik'
4171,keje ri uxik' sotz'
4172,in samajel kumal tz'aqol iwe b'itol iwe
4173,xcha' k'u ri xib'alb'a
4174,xeki'kot chi k'ut
4175,"xnimar chik chi kik'u'x ri Tojil, Awilix, Aqawitz"
4176,ta xch'aw ri xib'alb'a
4177,lib'ajchi' k'ut xusach rib' chi kiwach
4178,ma wi xmaynik
4179,ta xe'ul chi k'ut ri amaq'
4180,ke'utzin chik rumal tew
4181,tzatz chi saqb'och chi q'eqal jab' saqb'oqom puch
4182,ma wi ajilan tew kakik'ulu
4183,keluklutik
4184,kechakchot
4185,ta xe'ul chi ri'
4186,"e k'o wi B'alam K'itze', B'alam Aq'ab', Majukutaj, Iq'ib'alam"
4187,nim uq'atat kik'u'x
4188,chikimaj kichi' chikimaj kiwach
4189,k'a te puch kulik chik
4190,"e eleq'om chi kiwach B'alam K'itze', B'alam Aq'ab', Majukutaj, Iq'ib'alam"
4191,ma qi chitoq'ob'aj qawach
4192,chiqatz'onoj tukoq sqaqi'n iq'aq'
4193,ma wi xuk'ulu
4194,ma pu xuriqo
4195,ma pu xa jun qochoch
4196,xa pu jun qajuyub'al
4197,ta xixtz'aqik
4198,ta xixb'itik
4199,chitoq'ob'aj ta k'u qawach
4200,xecha' k'ut
4201,naqi la k'u chi kuya'o
4202,chiqatoq'ob'aj k'u iwach
4203,xe'uchaxik k'ut
4204,utz chiqaya' puwaq chi we
4205,xecha k'u ri amaq'
4206,ma wi kaqaj ri puwaq
4207,"xecha' k'ut B'alam K'itze', B'alam Aq'ab'"
4208,naqi pa qi chiwaj
4209,xa ta b'a' chiqatz'onoj
4210,xecha' chi k'ut ri amaq'
4211,utz b'a la'
4212,qatz'onoj na chi rech Tojil
4213,k'a te k'ut xchiqab'ij chiwe
4214,xe'uchax chik
4215,k'a te puch xkitz'onoj chi re Tojil
4216,naqi pa chikiya' ri amaq'
4217,at Tojil kulkitz'onoj ri aq'aq'
4218,"xecha' k'u ri B'alam K'itze', B'alam Aq'ab', Majukutaj, Iq'ib'alam"
4219,Utz b'a la'
4220,ma chikaj kitu'nik
4221,xe' kitolok' xe' pu kimeske'l
4222,ma karaj on kik'u'x kinkiq'aluj
4223,ri in Tojil
4224,ta ma k'u chiraj
4225,ma k'u chinya' kiq'aq'
4226,kacha' Tojil
4227,kixcha'
4228,k'a tikal
4229,mana kamik taj xkitu'nik
4230,xe' kitolok' kimeske'l
4231,kacha' chiwech
4232,kixcha'
4233,"xe'uchax k'ut B'alam K'itze', B'alam Aq'ab', Majukutaj Iq'ib'alam"
4234,ta xkib'ij k'ut utzij Tojil
4235,utz b'a la'
4236,chitu'nik
4237,utz puch chiqaq'aluj
4238,xecha' k'ut ta xkichokob'ej
4239,xkik'ulub'a' puch utzij Tojil
4240,ma wi xkikiyaluj
4241,utz xa jusu xecha'
4242,ta xkik'am k'ut q'aq'
4243,k'a te xemiq'ik
4244,xa k'u juch'ob' ri'
4245,xa xreleq'aj ub'ik q'aq' pa sib'
4246,are ri Sotz'ilaja
4247,Chamalkan ub'i' kikab'awil kaqchekeleb'
4248,xa sotz' uwachib'al
4249,ta xe'ik'o
4250,chilib'lutik xe'ik'owik
4251,ta xuluk'ama' q'aq'
4252,ma wi xutz'onoj uq'aq' ri q'aq'chekeleb'
4253,ma wi xuya' rib' chi ch'akik
4254,xere xch'akataj ri amaq' ronojel
4255,ta xuya'o uxe' utolok' uxe' umeske'l chi tu'xik
4256,are k'ut utu'xik ri xub'ij Tojil
4257,ta xpus ronojel amaq' chuwach
4258,ta xk'otix uloq uk'u'x
4259,chutolok' chumeske'l.
4260,Maja chitijowoq ub'anik
4261,ta xnik'wachixik rumal Tojil
4262,uk'amik puch q'aq'al tepewal
4263,"kumal ri B'alam K'itze', B'alam Aq'ab', Majukutaj, Iq'ib'alam"
4264,chi la' petenaq wi Tulan Suwa
4265,ma k'u kewa' taj
4266,junelik mewajik xkib'ano
4267,xere kiselawachin ri usaqirik
4268,kilawachin relik ula q'ij
4269,kejalow kib' chi rilik
4270,ri nimach'umil Ik'oq'ij ub'i'
4271,are nab'e chuwach q'ij
4272,ta chalaxoq ri q'ij.
4273,Raxa'ik'oq'ij amaq'el k'u chi la'
4274,k'o wi kiwach chi releb'al q'ij
4275,ta xek'oje' chi la' Tulan Suwa ub'i'
4276,xpe wi kikab'awil
4277,mana xa ta k'a waral taj
4278,xkik'am wi kiq'aq'al kajawarem puch
4279,xa wi chi la' xcha'taj wi
4280,xyoq'otaj wi nima'amaq' ch'uti'amaq'
4281,ta xpusik chuwach Tojil
4282,xuya'o ukik'el ukomajil
4283,utolok' umeske'l ronojel winaq
4284,jusu chi Tulan xpe wi kiq'aq'al
4285,nima'etamab'al k'o kuk'
4286,chi q'equmal k'ut chi aq'ab'al puch xkib'ano
4287,xepe chi k'ut
4288,xeb'oqotaj chi ula chi la'
4289,xkikanaj chik releb'al q'ij
4290,ma wi are qachoch wa'
4291,xa jo'
4292,chiqil na
4293,kojtik'e' wi
4294,xcha' k'u ri Tojil
4295,qitzij chich'awik chi kech
4296,"B'alam K'itze', B'alam Aq'ab' Majukutaj, Iq'ib'alam"
4297,kixk'amowan na kanoq
4298,chitaja'
4299,chisisa'
4300,kixkajb'oq
4301,are ik'amowab'al chuwach kab'awil
4302,utz b'a la' xecha' k'ut
4303,ta xkijut kixikin
4304,xoq' k'ut chupan kib'ix kipetik Tulan
4305,xoq' kik'u'x
4306,ta xepetik
4307,ta xkoqotaj Tulan
4308,aqaroq
4309,ma wi waral xchiqil wi usaqirik
4310,ta chalaxoq ri q'ij
4311,saqirisay uwachulew xecha' k'ut
4312,ta xpe k'ut
4313,xa k'u xukanajib'ej ri' pa b'e
4314,xax k'o wi winaq chikanaj
4315,chi ri' kewar wi
4316,jujun chi amaq' keyakataj wi uloq
4317,amaq'el k'ut chikil ri ch'umil retal q'ij
4318,are retal usaqirik chi kik'u'x
4319,ta xepetik chi la' releb'al q'ij
4320,kijunam wach xe'ik'ow ula chi la'
4321,Nim Xo'l kab'ixik wakamik.
4322,Ta xe'ul puch chi ri' chuwi' jun juyub'
4323,chi ri' xkikuch wi kib' konojel K'eche' winaq ruk' amaq'
4324,chi ri' k'u xepopon
4325,ta xkipixab'aj kib'
4326,ub'ina'm juyub' wakamik
4327,Chi Pixab' ub'i' juyub'.
4328,Xekuchu
4329,chi ri' k'ut xkikob'isaj wi kib'
4330,in wa' in K'eche' winaq
4331,at k'u ri' at Tamub'
4332,are ab'i' chuxik
4333,xuchax ri Tamub'
4334,xcha' chi k'ut Ilokab'
4335,at Ilokab'
4336,are ab'i' ri' chuxik
4337,ma wi sachel oxib' chi K'iche'
4338,xa junam qatzij
4339,xecha' k'ut
4340,ta xkoj kib'i'
4341,ta xb'ina'j chi k'u ri Q'aq'chekeleb'
4342,Q'aqchekeleb' ub'i' xuxik ruk' chik Rab'inaleb'
4343,are chi k'u ub'i' xuxik
4344,ma wi sachinaq wakamik
4345,are chi k'u ri Aj Tz'ikinaja ub'i' wakamik
4346,are k'u kib'i' ri xkib'ij chi kib'il kib'
4347,chi ri' na xepopon wi
4348,xa chikoyob'ej na usariqik
4349,chikilawachij relik ula
4350,are nab'e chuwach q'ij
4351,ta chalaxoq
4352,chi la' xojpe wi
4353,xa xojpaxin qib'
4354,xecha' chi kib'il kib'
4355,are chiq'atatat wi kik'u'x
4356,ri nimak'axk'ol xe'ik'ow wi uloq
4357,maja b'i wa maja b'i echa'
4358,xa uxe' kich'ami'y chikisiqo
4359,keje ri kewa'ik chikina'o
4360,xma kewa' wi
4361,ta xepetik
4362,ma k'u q'alaj kik'owik palo
4363,keje ri maja b'i palo
4364,xe'ik'ow wi uloq
4365,xa chuwi' taq ab'aj xe'ik'ow wi uloq
4366,k'oleje'
4367,"ta xkib'inatisaj k'ut Cholochik Ab'aj,"
4368,B'oqotajinaq Sanayeb' ub'i' kumal
4369,ri xe'ik'ow wi uloq chupan palo
4370,ujachon
4371,xe'ik'ow wi uloq.
4372,Are k'ut chiq'atat
4373,ta xepixab'an kib'
4374,chi maja b'i kiwa
4375,ju'uk' juna'ixim
4376,chi ri' k'ut e q'a'l
4377,chuwi' juyub' Chi Pixab' ub'i'
4378,"xa wi k'u kuk'a'm ri Tojil, Awilix, Jaqawitz"
4379,nimamewajik kakib'an ri B'alam K'itze' ruk' rixoqil
4380,Kajapaluna
4381,xa wi keje kub'ano B'alam Aq'ab' ruk' rixoqil
4382,Chomija ub'i'.
4383,Ruk' chik Majukutaj nimamewajik k'o wi ruk' rixoqil
4384,Tz'ununija' ub'i'
4385,ruk' Iq'ib'alam Kaqix Ja' ub'i' rixoqil.
4386,Are k'ut e ajmewa ri chi q'equmal chi aq'ab'al
4387,nim kib'is
4388,ta xek'oje'ik chuwi juyub'
4389,Chi Pixab' ub'i' wakamik
4390,xcha' chi k'ut kikab'awil chi ri'.
4391,"Ta xcha' k'ut ruk' Tojil, Awilix, Jaqawitz"
4392,"chi kech ri B'alam K'itze', B'alam Aq'ab', Majukutaj, Iq'ib'alam"
4393,xa ta kojb'ek
4394,xa ta pu kojyakatajik
4395,ma ta waral kojk'oje' wi
4396,chi ewal taj kojiya wi
4397,mixyopij usaqirik
4398,ma pa toq'ob' iwach
4399,uwe kojkanab'ixik rumal ajlab'al chi saq
4400,wa oj k'o wi iwumal ix ajk'ixb' ajkajb'
4401,jujun ta k'ut kojiya' wi
4402,xecha' k'ut
4403,ta xech'awik.
4404,Utz b'a la' xa kojb'oqotajik
4405,qatzukuj
4406,xecha' k'ut konojel
4407,k'a te puch xkik'am chi reqaxik ukab'awil jujun chi kech
4408,ta xok k'ut Awlix pa siwan
4409,ub'ina'm Ewab'al Siwan
4410,chuchax kumal pa nimasiwan
4411,chi k'echelaj Pa Ulix
4412,chi ri' xkanaj wi
4413,xa k'u kanajoq pa siwan rumal B'alam Aq'ab'
4414,cholom ukanajik
4415,unab'e ri xkanaj chi k'ut Jaqawitz
4416,chuwi' jun nimakaq ja
4417,Jaqawitz ub'i' juyub' wakamik
4418,xa k'i tinamit k'u ri' xuxik
4419,chi ri' k'ut xk'oje' wi kab'awil Jaqawitz ub'i'
4420,xa wi xkanaj ri Majukutaj ruk' ukab'awil
4421,ukab' k'ut kab'awil ri xewax kumal
4422,mana pa k'echelaj xk'oje' wi Jaqawitz
4423,xa Saqijuyub' xewax wi Jaqawitz
4424,ta xpe chi k'ut B'alam K'itze'
4425,xul chi ri' pa nimak'echelaj
4426,xulewaxawi Tojil rumal B'alam K'itze'
4427,pa Tojil chuchax wakamik ub'i' juyub'
4428,ta xkikob'isaj ri ewab'al siwan
4429,kunab'al Tojil
4430,tzatz chi kumatz
4431,"tzatz puch chi b'alam, sochoj, k'anti'"
4432,chi ri' pa k'echelaj xek'oje wi
4433,xewax wi kumal ajk'ixb' ajkajb'
4434,"xa k'u jun xek'oje' wi B'alam K'itze', B'alam Aq'ab', Majukutaj, Iq'ib'alam"
4435,xa jun xkoyob'ej wi usaqirik
4436,chi ri' chuwi' juyub' Jaqawitz ub'i'
4437,xa wi k'u kok uxo'l ri xk'oje' wi kab'awil Tamub' ruk' Ilokab'
4438,Amaq' T'an ub'i'
4439,ri xk'oje' wi ri ukab'awil Tamub'
4440,chi ri' xsaqir wi Amaq' Ukin K'ut
4441,ri xsaqirik wi ri Ilokab'
4442,chi ri' xk'oje' wi ukab'awil Ilokab'
4443,xa kok uxo'l juyub'
4444,"xa wi chi ri' ronojel Rab'inaleb', Q'aq'chekeleb', Aj Tz'ikinaja"
4445,ronojel ch'uti'amaq' nima'amaq'
4446,xa jun xtak'atob' wi
4447,xa pu jun saqirik wi
4448,xa jun xkoyob'ej wi relik uloq
4449,nimach'umil ik'oq'ij ub'i'
4450,nab'e chel uloq chuwach q'ij
4451,ta saqiroq xecha'
4452,"xa k'u jun xek'oje' wi B'alam K'itze', B'alam Aq'ab', Majukutaj, Iq'ib'alam"
4453,maja b'i kiwaran kiyakalem
4454,nim roq'ej kik'u'x kipam chi re usaqirik upakatajik puch
4455,xa wi chi la' xk'ixb' wi uwach
4456,xepe wi nimab'is nimamokem
4457,e ch'ikarinaq
4458,Xa e k'o wi uloq
4459,ma wi qus mixojpe wi
4460,aqaroq
4461,oj taj xkojilowik ralaxik q'ij
4462,jula cha xqab'ano
4463,junam qawach chi qajuyub'al
4464,xa xqoqotaj
4465,kecha'
4466,ta qi kech'awik chi kib'il kib'
4467,chuwi' b'is chuwi' mokem
4468,chuwi' puch oq'ej sik'
4469,Maja' k'ut chikub'axoq
4470,are k'ut e kub'ukuxinaq
4471,pa taq siwan pa taq k'echelaj
4472,xa pa ek' xa pa atz'yaq e k'o wi
4473,ma na pa tz'alam taj xeya' wi
4474,"kech'aw nab'ek ri Tojil, Awilix, Jaqawitz"
4475,nim kiq'ij nim puch kab' kuxlab'
4476,chuwi' ronojel ukab'awil amaq'
4477,tzatz kinawal tzatz puch kib'inib'al kichakab'al
4478,chitewnik
4479,"kub'ulik kik'u'xlal kumal ri B'alam K'itze', B'alam Aq'ab', Majukutaj, Iq'ib'alam"
4480,mana chilik kayal ta kik'u'x chi re ri kab'awil
4481,kuk'a'm keqam puch
4482,xepe chi la' Tulan Suywa
4483,chi la' releb'al q'ij
4484,xa wi k'u chi ri' xek'oje' wi pa k'echelaj
4485,"are Saqirib'al pa Tojil, pa Awilix, pa Jaqawitz kucha'xik wakamik"
4486,are k'ut xe'ajawax wi
4487,xesaqir wi qamam qaqajaw
4488,uwa uwachinik puch q'ij ik' ch'umil.
4489,"Wa'e k'ute usaqirik uwachinik puch q'ij, ik', ch'umil."
4490,"Nim k'ut xeki'kotik B'alam K'itze', B'alam Aq'ab', Majukutaj, Iq'ib'alam"
4491,ta xril ri ik'oq'ij
4492,nab'e xel uloq
4493,chitiltotik uwach ta xel uloq
4494,nab'e k'ut chuwach q'ij
4495,k'a te k'ut ta xkikir kipom
4496,chi la' petenaq wi releb'al q'ij
4497,k'a te uchak chi kik'u'x
4498,ta xkikiro koxichal
4499,kik'amowab'al chi kik'u'x
4500,Mixtam Pom ub'i' pom ruk'a'm B'alam K'itze'
4501,Kawistan Pom chik ub'i' pom ruk'a'm B'alam Aq'ab'
4502,Kab'awil Pom chucha'xik chik ruk'a'm Majukutaj
4503,e oxib' k'o kipom
4504,are k'ut xkik'ato
4505,ta xesaqb'isani
4506,qus ke'oq'ik ta xesaqb'isanik
4507,xkik'at kipom
4508,loq'olaj pom
4509,k'a te k'ut xkoq'ej ri'
4510,ma wi xkilo
4511,ma pu xkiwachij ralaxik q'ij
4512,k'a te puch ta xel ulo q'ij
4513,xki'kotik ch'utichikop nimachikop
4514,xk'isyakataj uloq pa b'e ya' pa siwan
4515,xek'oje'ik tza'm taq juyub'
4516,xa jun xkixe' wi kiwach
4517,chi la' xel wi uloq q'ij
4518,k'a te ta xe'oq'ik koj b'alam
4519,nab'e k'ut xoq' ri tz'ikin Keletzu
4520,qitzij chi xki'kot
4521,"xkirip kixik' kot, saqk'uch, ch'utitz'ikin nimatz'ikin"
4522,e k'u xa k'uxuxinaq ri ajk'ixb' ajkajb'
4523,nim keki'kotik ruk' rajk'ixb' rajkajb' Tamub' Ilokab'
4524,"ruk' Rab'inaleb', Q'aq'chekeleb'"
4525,aj Tz'ikinaja ruk' Tujal Ja
4526,"Uch'ab'aja, Kib'aja, Ajb'atena ruk' Yaki Tepew"
4527,jarub' pa chi amaq' k'o wakamik
4528,ma wi ajilan chi winaq
4529,xa jun xsaqir wi ronojel amaq'
4530,k'a te puch xchaqijik uwach ulew rumal ri q'ij
4531,keje ri jun chi winaq ri q'ij
4532,ta xuk'ut rib'
4533,k'atan uwach
4534,are xchaqij wi uwachulew
4535,maja' chela'ula q'ij
4536,ch'aqalik yitz'il puch uwachulew
4537,maja' chela'ula q'ij
4538,xa k'u xka'oj
4539,keje ri jun chi winaq
4540,ma k'u xch'ijtajik uk'atanal
4541,xa k'u uk'utb'al rib' ta xalaxik
4542,xa chi k'u ulemo ri xkanajik
4543,ma wi qitzij are chi q'ij ri kawachinik
4544,xcha' chi upam kitzij.
4545,"K'a te puch jusu xab'ajir ri Tojil, Awilix, Jaqawitz"
4546,"ruk' ukab'awilal Koj B'alam, Sochoj K'anti' Saqik'oxol"
4547,xa xuchap chi uka
4548,ta xwachin q'ij ik' ch'umil
4549,jumaj ab'aj xuxik ronojel
4550,ma ta oj yakamarinaq lo wakamik
4551,"rumal ri ti'onel koj b'alam, sochoj kanti', saqik'oxol"
4552,ma ta b'i qaq'ij lo wakamik
4553,ma ta xajab'arik unab'e chikop
4554,rumal q'ij ta xel uloq
4555,"nimaki'kotem xk'oje' wi kik'u'x B'alam K'itze', B'alam Aq'ab', Majukutaj, Iq'ib'alam"
4556,nim xeki'kotik ta xsaqirik
4557,mana e ta k'ya winaq chi kik'oje'ik
4558,xa e ch'uti'n
4559,ta xek'oje' chi ri' chuwi' juyub' Jaqawitz
4560,chi ri' xesaqir wi
4561,chi ri' puch xek'aton wi
4562,xesaqb'isan aponoq
4563,chi la' chi releb'al q'ij xepe wi
4564,are kijuyub'al kitaq'ajal
4565,"chi la' xepe wi B'alam K'itze', B'alam Aq'ab', Majukutaj, Iq'ib'alam"
4566,chi ri' k'ute xek'iyar
4567,are k'ut kitinamit xuxik
4568,chi ri' k'u k'o wi
4569,ta qi xwachin q'ij ik' ch'umil
4570,xsaqirik xpakatajik uwachulew
4571,ronojel xe' kaj
4572,chi ri' k'ut xtikar wi kib'ix
4573,Qamuqu' ub'i' xkib'ixaj
4574,xa roq'ej kik'u'x kipam
4575,xkib'ij chi upam kib'ix
4576,Aqaroq
4577,xojsachik
4578,chi Tulan xojpaxin wi qib'
4579,xeqakanaj chik qatz qachaq'.
4580,A wi mixkil wi q'ij
4581,a wi on e k'o wi
4582,ta mixsaqirik
4583,xecha' chi re rajk'ixb' rajkajb' Yaki winaq
4584,xa wi xere Tojil ub'i' ukab'awil Yaki winaq
4585,Yolkwat Kitzalkwat Tulan chi Suywa'
4586,are qach-'elik uloq
4587,are puch utz'aqat qawach
4588,ta xojpetik
4589,xecha' chi kib'il kib'
4590,ta xkina'taj chi apanoq katz kichaq'
4591,ri Yaki winaq ri xsaqirik chi la'
4592,Mexiko ub'ina'm wakamik
4593,k'o chi nay puch ch'ajkar winaq
4594,xkikanaj chi la' releb'al q'ij
4595,Tepew Oliman kib'i'
4596,xeqakanaj kanoq
4597,xecha'
4598,nim uq'atat kik'u'x chi ri' chuwi' Jaqawitz
4599,xa wi keje kakib'an ri rech Tamub' Ilokab'
4600,xa wi xere e k'o wi chi ri' pa k'echelaj
4601,Amaq' T'an ub'i' xsaqir wi
4602,rajk'ixb' rajkajb' Tamub' ruk' ukab'awil
4603,xa wi xere Tojil
4604,xa jun ub'i'
4605,rox ch'ob'ichal K'eche' winaq.
4606,Xa wi k'u xere chik ub'i' ukab'awil Rab'inaleb'
4607,xsqaqi'n ujalk'at ub'i'
4608,Jun Toj chuchaxik ub'i' ukab'awil Rab'inaleb'
4609,xa k'u cha' ri'
4610,xa chiraj junamataj chi K'eche' chi uch'ab'al.
4611,Are k'ut jalk'atajinaq wi ch'ab'al ruk' Q'aq'chekeleb'
4612,rumal jalan ub'i' ukab'awil
4613,ta xpe chi la' Tulan Suywa Tzotzija
4614,Chimalkan
4615,xa k'u cha'
4616,jalan uch'ab'al wakamik ruk'
4617,nay puch chi rij ukab'awil xk'amon wi ub'i' uchinamit
4618,Ajposotz'il Ajpoxa ke'uchaxik
4619,xa wi ukab'awil xjalk'atij wi uch'ab'al
4620,ta xya' uloq ukab'awil chi la' Tulan
4621,chi rij ab'aj xjalk'atij wi uch'ab'al
4622,ta xpe Tulan chi q'equmal
4623,xa k'u jun xawax wi
4624,xsaqir wi ronojel amaq'
4625,K'oleje ub'i' ukab'awil
4626,chujutaq ch'ob'il
4627,are k'ut xchiqab'ij chik
4628,kiyalub'ik kib'ayatajik puch chi ri' chuwi' juyub'
4629,xa jun xek'oje' wi kikajichal
4630,"B'alam K'itze', B'alam Aq'ab', Majukutaj, Iq'ib'alam kib'i'."
4631,"Koq' Tojil, Awilix, Jaqawitz"
4632,are k'o chik pa ek' pa tz'iyaq kumal.
4633,Wa' k'ute kik'atonik uxe' chi puch
4634,k'ojb'al rech Tojil
4635,"ta xeb'e k'ut chuwach Tojil, Awlix"
4636,xb'ekila'
4637,xb'epukiq'ijila'
4638,xek'amowan chik chuwach chi re usaqirik
4639,e k'u wonowoj chik chi ab'ajil
4640,chi ri' pa k'eche'laj
4641,xaqi nawalwach chik xch'awik
4642,ta xe'opon ri ajk'ixb' ajkajb' chuwach ri Tojil
4643,ma k'u nim ri kuk'a'm kik'atoj puch
4644,xa q'ol xa rachaq noj
4645,ruk' iya xkik'ato chuwach kikab'awil
4646,ta xch'aw Tojil
4647,xa unawal chik
4648,ta xya' uloq kina'oj ri e ajk'ixb' e ajkajb'.
4649,Xecha'
4650,ta xech'awik
4651,xa wi waral qajuyub'al qataq'ajal chuxik
4652,oj iwech chik
4653,mixuxik nim qaq'ij nim pu qalaxik
4654,rumal ronojel winaq
4655,iwech ri ronojel amaq'
4656,xa wi k'u oj
4657,iwachb'il chi na itinamit
4658,xa wi chiqaya' ina'oj
4659,mojik'ut chuwach amaq'
4660,ta kojq'aq'anij
4661,rumal ri qitzij wi chi e k'i chi kik'oje'ik.
4662,Keje k'u ma wi kojiralajob'isaj wi
4663,xere k'ut chiya' chi qech ri ral
4664,k'im ral torob'
4665,xere k'u ri xnam
4666,kej xnam tz'ikin
4667,chulta'iya' sqaqi'n ukik'el chi qech
4668,toq'ob' qawach
4669,chikanaj k'ut rismal ri kej
4670,chichajij
4671,are e ri umuquwach chimich' kanoq
4672,are ukej chuxik
4673,are nay puch qak'exwach chi k'ut chuwach amaq'
4674,a pa k'o wi Tojil
4675,ta kixucha'xik
4676,are k'ut chik'ut ri k'u' kej chi kiwach
4677,mik'ut nay pu iwib'
4678,k'o chi k'ut chib'an chik
4679,nim ik'oje'ik chuxik
4680,chich'ak ri ronojel amaq'
4681,chikuk'a'j ukik'el ukomajil
4682,chul wi kojkiq'aluj
4683,e qech chik
4684,"xcha' k'ut ri Tojil, Awlix, Jaqawitz"
4685,k'ajolal wach chikiwachib'ej
4686,ta ke'ilik
4687,ta chopon puch k'atoj chi kiwach
4688,ta xtikar k'ut utzukuxik ri ral taq tz'ikin ral kej
4689,k'amob' ajk'ixb' ajkajb'
4690,are k'ut ta chikiriq ri tz'ikinal kej
4691,k'a te k'ut chib'ekik'ulu' ri ukik'el kej tz'ikin
4692,puchi' ri ab'aj
4693,"ri Tojil, Awlix"
4694,xuqa ri  kik' kumal kab'awil
4695,jusu chich'aw ri ab'aj
4696,ta xe'oponik ri ajk'ixb' ajkajb'
4697,ta chib'ekiya' kik'atoj
4698,xa wi keje chik chikib'ano chuwach ri k'u' kej
4699,"chikik'at q'ol chikik'at puch iya, jolom okox"
4700,xk'oje' kik'u' kej chi kijujunal
4701,chi ri' kul wi kumal
4702,chuwi' juyub'
4703,ma wi kilaq'ab'en ri kochoch chi q'ijil
4704,xa pa taq juyub' keb'in wi
4705,are k'ut chikecha'j ri'
4706,xa ral worom sita'l xa pu ral aqaj chikitzukuj
4707,ma na utzilaj wa utzilaj a'
4708,ma wi q'alaj ub'e'l kochoch
4709,ma wi q'alaj k'o wi kanoq kixoqila
4710,are k'ut tzatz chik ri amaq'
4711,jujun chisepesoj wi
4712,kikuchun
4713,keb'olo
4714,q'alaj chi kib'e.
4715,"Are k'u ri B'alam K'itze', B'alam Aq'ab', Majukutaj, Iq'ib'alam"
4716,xma q'alaj e k'o wi.
4717,Are k'ut ta chikil ri amaq' chik'owik pa b'e
4718,k'a te k'ut ta ke'ok uloq tza'm taq juyub'
4719,xa roq'ib'al utiw xa pu roq'ib'al yak chikoq'ib'ej
4720,xa pu roq'ib'al koj b'alam chikib'ano
4721,ta chikil ri amaq' k'i chub'inik
4722,xa utiw ri koq'ik
4723,xa pu yak
4724,ri xa koj xa b'alam kecha' k'ut ri amaq'
4725,keje ri ma winaq chuk'u'x ri ronojel amaq'
4726,xa k'u mich'b'al
4727,k'o karaj kik'u'x ri'
4728,mana qitzij ta chixib'in ta rib' chikib'ano
4729,k'o kakaj chi re roq'ib'al koj roq'ib'al b'alam
4730,chikoq'eb'ej ta chikil k'u ri winaq
4731,xa jun xa ka'ib' chub'inik
4732,chiqaj kimayij chi kech
4733,jutaq'ij ta ke'ul chi k'ut chi ri'
4734,chi kochoch ruk' kixoqil
4735,xa wi ral wonon ral sita'l
4736,xa pu ral aqaj k'u kuk'a'm
4737,chikiya'o chi rech kixoqil jutaq'ij.
4738,"Ta xeb'e chi k'ut chuwach Tojil, Awlix, Jaqawitz"
4739,xecha' k'ut chi kik'u'x.
4740,"Are ri Tojil, Awlix, Jaqawitz xa uk'ik'el kej, tz'ikin kaqaya' chi re"
4741,xa qasisa' qaxikin qach'u'k.
4742,"Qatz'onoj qakowil qachijilal chi re Tojil, Awlix, Jaqawitz"
4743,naqi taj chikuchaj
4744,xa ta jujunal keqakamisaj
4745,xecha' chi kib'il kib'
4746,"ta xeb'e k'ut chuwach Tojil, Awlix, Jaqawitz."
4747,Ta xkisis kixikin kich'u'k chuwach kab'awil
4748,xkiwaquj ri kikik'el
4749,xkijik
4750,Ma k'u qitzij ta chi ab'aj chuxik
4751,keje ri e jujun chi k'ajolab' ta ke'ulik.
4752,Xeki'kot chik chi rech ri kikik'el ajk'ixb' ajkajb'.
4753,Ta xpe chi k'ut retal kib'anoj ri'
4754,chich'akonisaj
4755,are ikolb'al iwib'.
4756,Chi la' xpe wi chi Tulan
4757,ta xojik'am uloq
4758,xe'uchax k'ut
4759,ta xya' uloq ri tz'u'm Pa Silisib' ub'i'
4760,ruk' kik' chok chi kij
4761,kijab' kik'
4762,"xuxik uya'on Tojil ruk' Awlix, Jaqawitz."
4763,Wa'e utikarik chi releq'axik winaq amaq'
4764,"kumal B'alam K'itze', B'alam Aq'ab', Majukutaj Iq'ib'alam."
4765,K'a te puch ukamisaxik amaq' ri'
4766,are xkik'am ri'
4767,xa jun chub'inik xa ka'ib' chub'inik
4768,ma wi q'alaj ta chikik'amo
4769,"k'a te k'ut ta chib'ekipusu' chuwach Tojil, Awlix."
4770,K'a te k'ut ta chikiya' kik' pa b'e
4771,k'olik ujolom
4772,chikik'olob'a' pa b'e
4773,kecha' k'ut ri amaq'
4774,b'alam mixti'owik
4775,xa kecha'
4776,rumal keje ri raqan b'alam
4777,kaqan ta chikib'ano
4778,ma wi chikik'ut kib'.
4779,Tzatz chi amaq' xkeleq'aj
4780,k'a unajt k'ut xuna' wi rib' amaq'.
4781,Uwe are ri Tojil Awlix kok chi qe
4782,xa keqatzukuj ri ajk'ixb' ajkajb'.
4783,Ta la k'o wi kochoch
4784,chiqataqej ri kaqan
4785,xecha' k'ut konojel amaq'.
4786,Ta xkik'am kina'oj chi kib'il kib'
4787,K'a te k'ut xkitik'ib'a' utaqexik kaqan ri ajk'ixb' ajkajb'
4788,ma k'u q'alaj
4789,xa raqan kej xa raqan b'alam chikilo
4790,ma wi q'alaj kaqan
4791,xma k'o wi q'alaj wi
4792,are nab'e kaqan ri'
4793,xa kipi'ch keje ri kaqan
4794,xa sachb'al re kumal
4795,ma wi q'alaj kib'e.
4796,Xa chiwinaqir sutz'
4797,xa chiwinaqir q'eqal jab'
4798,xa pu chiwinaqir xoq'o'l
4799,xa chiwinaqir musmul jab'
4800,chikilo chi kiwach amaq'
4801,xa k'u chikos kik'u'x chi kitzukuxik
4802,ta chi koqotaj puch
4803,"rumal nim uk'oje'ik ri Tojil, Awlix, Jaqawitz"
4804,najt k'ut xkib'an chi ri' chuwi' juyub'
4805,chuxikin ri amaq' xkikamisaj.
4806,Are ta xwinaqir ri eleq'ik
4807,echalamiq'at
4808,ta chikik'am ri amaq' pa taq b'e
4809,"chikipus chuwach ri Tojil, Awlix, Jaqawitz"
4810,xkolo k'ut kik'ajol chi ri' chuwi' juyub'.
4811,"Are Tojil, Awlix, Jaqawitz"
4812,oxib' chi k'ajolab' kiwachib'al keb'inik
4813,xa unawal ri ab'aj
4814,xk'oje' jun ja'.
4815,Are ke'atin wi
4816,chi ri' chuchi' ja'
4817,xa kik'utb'al kib'
4818,xub'ina'j k'ut Chi Ratinib'al Tojil
4819,ub'i' ja' xuxik.
4820,K'ya mul k'ut chikilo amaq'
4821,lib'ajchi' chikisachixtaj
4822,ta ke'ilik rumal amaq'
4823,ta xux taj
4824,"ri B'alam K'itze', B'alam Aq'ab', Majukutaj, Iq'ib'alam."
4825,Are k'u wa' uk'amik una'oj amaq' chi re
4826,ukamisaxik taj.
4827,"Nab'e k'ut xrajkina'ojij amaq' uch'akik Tojil, Awlix, Jaqawitz"
4828,xecha' ronojel ri ajk'ixb' ajkajb' chuwach amaq'
4829,xkejek' kib'
4830,xketaq pu kib' konojel
4831,maja b'i juch'ob' kach'ob' ta chik xkanaj chi ke.
4832,Konojel xekuchu
4833,xetaqo pu kib'
4834,ta xk'am kina'oj
4835,xecha' k'ut
4836,ta xkitz'onob'ej kib'
4837,naqi pa chikuch'aj kich'akik ri Kaweq K'eche' winaq
4838,rumal mixk'is kal k'ajol
4839,ma wi q'alaj usachik winaq kumal
4840,uwe kojk'isik chi elaq'axik
4841,ta chuxoq
4842,"uwe are nim uq'aq'al ri Tojil, Awlix Jaqawitz."
4843,Are ta k'ut qakab'awil ri Tojil chuxik
4844,chikanab'ij taj
4845,ma wi chutzinik kojkich'ako
4846,ma pa oj k'ya winaq chi qak'oje'ik
4847,are k'u ri Kaweq ma wi jarub' chi kik'oje'ik
4848,xecha' k'ut
4849,ta xeponik konojel
4850,xcha' chik ch'ajkar chi kech ri amaq'
4851,ta xech'awik
4852,a pa china rilo
4853,ke'atin chuchi' ya' jutaq'ij
4854,"uwe are Tojil, Awlix, Jaqawitz"
4855,are ta keqach'ak na nab'e
4856,chi ri' ta k'ut chitikar wi kich'akatajik ri e ajk'ixb' e ajkajb'
4857,xecha' chi k'ut ch'ajkar chik
4858,ta xech'awik.
4859,Naqi la k'ut chiqach'akb'ej kech
4860,xecha' chi k'ut.
4861,Are ta qach'akb'al kech chuxik
4862,rumal ri e k'ajolab' kewachinik
4863,ta ke'ilitaj chi a'
4864,keb'e ta k'ut e ka'ib' q'apojib'
4865,are ta ri qitzij chi e cha'om
4866,e ta saqloq'oj chi q'apojib'
4867,chib'e ta k'ut kirayb'al chi re
4868,xecha' k'ut.
4869,Utz b'a la'
4870,xa b'a keqatzukuj
4871,e ta ka'ib' chi utzilaj taq q'apojib'
4872,xecha' k'ut
4873,ta xkitzukuj k'ut kime'al.
4874,Are ri qitzij e saqilaj taq q'apojib'
4875,ta xkipixab'aj k'ut ri q'apojib'
4876,kixb'ek ix qami'al
4877,oj ich'aja' ri k'ul chi' ya'.
4878,Uwe k'ut ta ke'iwil ri e oxib' k'ajolab'
4879,chisonob'a'
4880,uwe k'ut chirayin kik'u'x chiwe
4881,kixch'ako
4882,kojopon ta chiwij
4883,ta kecha' chiwech.
4884,Uwe kixcha' k'ut
4885,ta kixtz'onox k'ut
4886,a pa kixpe wi
4887,a pa ajchoq'
4888,ta kecha'
4889,oj kimi'al ajawab'
4890,kixcha' k'u chi ke
4891,chipe k'u retal iwumal
4892,ta naqi la chikiya' chiwe
4893,taseq
4894,qitzij chiya' iwib' chi kech.
4895,Uwe k'ut ta ma wi chiya' iwib'
4896,kixqakamisaj k'ut.
4897,K'a te utz qak'u'x
4898,ta k'o retal chik'am uloq.
4899,Are k'ut retal chi qak'u'x
4900,ta ke'apon chiwij
4901,xecha' k'u ri ajawab'
4902,ta xepixab'ax ri q'apojib'
4903,e ka'ib'
4904,are kib'i' wa'
4905,Xtaj ub'i' jun q'apoj.
4906,Xpuch chi k'ut ub'i' jun chik
4907,e pu ka'ib' Xtaj
4908,Xpuch kib'i'
4909,xetaq ub'ik chi ya'
4910,"Chi Ratinib'al Tojil, Awlix, Jaqawitz."
4911,Are kina'oj ronojel amaq' ri'.
4912,K'a te puch xeb'ek xekawuxik
4913,qitzij wi chi jeb'elik chi wachinik
4914,ta xeb'ek chi la' chatin wi Tojil
4915,kiqarilo'n
4916,ta xeb'ek.
4917,Keki'kot chi k'u ri ajawab'
4918,kumal ri e ka'ib' kimi'al xkitaq ub'ik
4919,ta xe'opon k'ut chi ya'
4920,k'a te xkitikib'a' ch'ajonik
4921,xkitzonob'a'
4922,e chakachaxinaq chuwach taq ab'aj
4923,"ta xek'ulun Tojil, Awlix, Jaqawitz"
4924,xe'opon chi la' chuchi' ya'
4925,xa k'u sqaqi'n xroq'oyb'ej kiwach
4926,ri e ka'ib' q'apojib' kech'ajonik
4927,are k'u ri q'apojib'
4928,xa jusu xek'ixb'ik
4929,ta xe'opon ri Tojil
4930,ma k'u ja b'i xb'e kirayb'al ri Tojil chi rech ri e ka'ib' q'apojib'
4931,ta xetz'onox k'ut
4932,a pa kixpe wi
4933,xe'uchaxik chi rech ri e ka'ib' q'apojib'
4934,xe'uchaxik
4935,naqi pa kiwaj
4936,kixul waral chuchi' wi qa'a'
4937,xe'uchax k'ut
4938,oj b'a' taqon uloq kumal ajawab'
4939,ta xojpetik
4940,chib'e'iwila' kiwach ri Tojil
4941,kixch'aw kuk'
4942,xecha' ajawab' chi qe
4943,keje k'ut chipe wi retal kitzij
4944,uwe chiwil kiwach
4945,xojojuchaxik
4946,xecha' k'u ri e ka'ib' q'apojib'
4947,ta xkisuk'ub'a' kitaqikil
4948,are ta k'u xkaj ri amaq'
4949,xejox ta ri q'apojib' rumal kinawal Tojil
4950,"xecha' k'u ri Tojil, Awlix, Jaqawitz"
4951,ta xech'awik chik chi kech ri Xtaj
4952,Xpuch kib'i' re e ka'ib' q'apojib'.
4953,Utz chib'ek retal qatzij iwuk'
4954,chiwoyob'ej na
4955,chiya' aponoq chi kech ajawab'
4956,xe'uchax k'ut
4957,k'a te puch kina'ojinik chik ri ajk'ixb' ajkajb'
4958,"xe'uchax ri B'alam K'itze', B'alam Aq'ab', Majukutaj, Iq'ib'alam"
4959,kixtz'ib'anoq oxib' k'ul
4960,chitz'ib'aj retal ik'oje'ik
4961,chopon kuk' amaq'
4962,chib'e kuk'
4963,re e ka'ib' q'apojib' kech'ajonik
4964,chiya' ub'ik chi ke
4965,"xe'uchax k'ut B'alam K'itze', B'alam Aq'ab', Majukutaj."
4966,K'a te k'ut xetz'ib'anik koxichal
4967,nab'e xtz'ib'an ri B'alam K'itze'
4968,b'alam uwachib'al xuxik
4969,xutz'ib'aj chuwach k'ul.
4970,Are k'u ri chi B'alam Aq'ab'
4971,kot
4972,ta xtz'ib'an chi k'u ri Makujutaj
4973,jumaj wonon jumaj sita'l uwachib'al utz'ib'
4974,xutz'ib'aj chuwach k'ul.
4975,Xutzin k'ut kitz'ib' koxichal
4976,oxb'usaj xkitz'ib'aj
4977,k'a te k'ut ta xeb'ekiya' k'ul ri Xtaj
4978,Xpuch kib'i'
4979,"xecha' k'u ri B'alam K'itze', B'alam Aq'ab', Majukutaj"
4980,wa'e retal itzij kixoponik chi kiwach ajawab'
4981,qitzij xch'aw ri Tojil chi qech
4982,kixcha'
4983,wa'e k'u retal xqak'am uloq
4984,kixcha' chi ke
4985,chikiq'u'j
4986,chiya' chi ke
4987,xe'uchax k'ut ri q'apojib'
4988,ta xkipixab'aj ub'ik
4989,ta xeb'e k'ut
4990,xkuk'a'j ub'i ri tz'ib'an k'ul
4991,ta xe'opon k'ut
4992,jusu k'u xeki'kot ri ajawab'
4993,ta xil kiwach
4994,xekel uka kitz'onoxik ri q'apojib'.
4995,Ma xiwil uwach ri Tojil xe'uchaxik
4996,xqil b'a la'
4997,"xecha' k'u ri Xtaj, Xpuch"
4998,utz b'a la'
4999,naqi pa retal xik'am uloq
5000,ma qitzij xech'aw ri ajawab'
5001,keje ri b'a ri retal kimakunik
5002,xkina' ri ajawab'
5003,ta xkiritaj k'u ri tz'ib'an k'ul kumal q'apojib'
5004,jumaj b'alam jumaj kot
5005,Jumaj nay puch
5006,wonon sita'l utz'ib'al upam k'ul
5007,chiyulinik uwach
5008,ta xkirayij k'ut uwach k'ul
5009,xkikoj chi kij
5010,ma k'u ja b'i xub'an ri b'alam
5011,utz'ib'al nab'e'oq chi rij ajaw
5012,ta xukoj chi k'ut ajaw
5013,ri ukab' tz'ib'an k'ul
5014,kot utz'ib'al.
5015,Xa utz xuna' ajaw chupan
5016,xa wi kasolowik chi kiwach
5017,katz'onon uq'u'xik chi kiwach konojel
5018,ta xok chi k'ut rox tz'ib'am k'ul chi rij ajaw
5019,are ri wonon sita'l upam xukoj k'u chi rij
5020,k'a te puch ta xti'ik wonon sita'l
5021,ma wi xch'ijtajik
5022,ma pu xkuyutaj kiti'ob'al chikop
5023,ta xuraquj k'u uchi' ajaw rumal chikop
5024,xa tz'ib'am kiwachib'al chupan k'ul
5025,utz'ib' Majukutaj
5026,k'a rox tz'ib' ta xech'akataj wi
5027,k'a te puch kiyajik q'apojib' ri' rumal ajawab'
5028,"ri Xtaj, Xpuch kib'i'"
5029,naqi pa chi k'ulal ri iwuk'a'm uloq
5030,a pa xb'e'ik'ama' wi
5031,ix k'axtok'
5032,xe'uchax ri q'apojib'
5033,ta xeyajik
5034,kich'akatajik chi k'u ri' ronojel amaq' rumal Tojil
5035,are ta xkaj
5036,"xb'e ta ki'ib'al wi Tojil chi kij Xtaj, Xpuch"
5037,e ta joxol ch'ek xe'uxik chuk'u'x amaq'
5038,taqchib'al ta ke xuxik.
5039,Ma k'u xb'anatajik kich'akatajik
5040,"rumal e nawal winaq ri B'alam K'itze', B'alam Aq'ab', Majukutaj"
5041,ta xena'ojin chi k'ut ronojel amaq'
5042,naqi pa kequch'aj
5043,qitzij nim kik'oje'ik
5044,ta chuxoq
5045,xecha' k'ut
5046,ta xkikuch chik kina'oj
5047,xa ta keqokib'ej
5048,keqakamisaj
5049,chiqawiq
5050,ma pa oj k'i
5051,maja b'i jun ka'ib' chik chiqakanaj chi ke
5052,xecha' k'ut
5053,ta xk'am kina'oj
5054,xa xuwiq rib' ronojel amaq'
5055,tzatz chi kamisanel
5056,ta xemolotajik ronojel amaq'
5057,e kamisanel
5058,"are k'ut e k'o ri B'alam K'itze', B'alam Aq'ab', Majukutaj Iq'ib'alam."
5059,Are e k'o chuwi' juyub'
5060,Jaqawitz ub'i' juyub' e k'o wi
5061,xkolo juyub'
5062,ma wi e ta k'ya winaq
5063,mana keje ta kik'yal ri uk'yal amaq'
5064,xa sqaqi'n uwi' juyub' kiq'atem
5065,xa k'u cha'
5066,ta xna'ojix kikamisaxik rumal amaq'
5067,ta xkikuch kib' konojel
5068,xepoponik
5069,xetaqo kib' konojel.
5070,Wa'e k'ute kimolowik kib' konojel amaq'
5071,e kawutal chik chi ch'ab' chi pokob' konojel
5072,ma wi ajilan chi puwaq kikawub'al
5073,jeb'ejoj kiwachib'al konojel ajawab' achijab'
5074,qitzij b'anoj kitzij konojel
5075,qitzij e kalab'il chuxik
5076,are k'u ri Tojil
5077,are kab'awil
5078,are pu chiqaq'ijila'
5079,xere ta chiqakanab'ij
5080,xecha' chi kib'il kib'
5081,xuwi k'u kareta'maj ri Tojil
5082,"kaqeta'maj nay pu ri B'alam K'itze', B'alam Aq'ab', Makujutaj"
5083,kakita'o
5084,ta kana'ojixik rumal
5085,maja b'i kiwaram kiyakalem
5086,ta xekawtaj
5087,k'a te k'ut xeyakatajik ronojel ajlab'al
5088,chaq'ab' taj xkokib'ej chi kik'u'x
5089,ta xeb'ek.
5090,Ma k'u xe'oponik
5091,xa pa b'e xewaraj wi konojel ri ajlab'al
5092,"k'a te puch kich'akatajik chik kumal ri B'alam K'itze', B'alam Aq'ab', Majukutaj."
5093,Xa k'u jun xewaraj ri' pa b'e
5094,maja b'i chik xkina' chi kib'
5095,xek'iswarik konojel
5096,k'a te k'u utikarik umich'ik kimuquwach
5097,rumal ruk' kismachi'
5098,ta xkir k'u ri puwaq chi kiqul
5099,ruk' kiyachwach
5100,ruk' puch kichachal
5101,are k'u ri uqul kich'ami
5102,xere xkik'am ri puwaq
5103,k'ajisab'al kiwach
5104,xa pu mich'b'al kech
5105,xb'anik retal unimal K'eche' winaq
5106,k'a te puch xek'astajik
5107,jusu xkichapala' kiyachwach
5108,maja b'i chi puwaq kiyachwach
5109,naqi pa mixojk'amowik
5110,a on chinaq mixojmich'owik
5111,a pa mixpe wi
5112,mixeleq'an qapuwaq
5113,xecha' k'ut konojel ajlab'al
5114,are lay
5115,ke'eleq'an
5116,ma k'u chutzinik
5117,chiqaxib'ij ta qib' chi ke
5118,qi wi chikokib'ej kitinamit
5119,xa wi xere chiqil uwach ri qapuwaq
5120,chiq'ab'an qech
5121,xecha' k'ut konojel amaq'
5122,xa wi xere b'anoj tzij konojel
5123,xa wi k'u kub'ul kik'u'x ri ajk'ixb' ajkajb'
5124,e k'o chuwi' juyub'
5125,xa wi xere nimana'oj kakib'ano
5126,"ri B'alam K'itze', B'alam Aq'ab', Majukutaj, Iq'ib'alam"
5127,"ta xena'ojin k'ut B'alam K'itze', B'alam Aq'ab', Majukutaj, Iq'ib'alam"
5128,xkib'an k'oxtun chuchi' kitinamit
5129,xa tz'alam xa ch'ut
5130,xchikejb'ej
5131,k'a te xkib'an ri poy
5132,keje ri winaq xuxik kumal.
5133,K'a te xkichol chi ri' chuwi' k'oxtun
5134,xa wi xere k'o kipokob' k'o pu kich'ab'
5135,xekawxik
5136,kok ri yachwach puwaq pa kiwi'
5137,xok pu k'u xa poy xa pu ajam che'
5138,xkojow ri puwaq rech amaq'
5139,ri xb'ekik'ama' pa b'e
5140,are xukawub'ej poy kumal
5141,xekotkomijik
5142,k'a te puch ta xkitz'onoj chi kina'oj chi rech Tojil
5143,we kojkamik
5144,we puch kojch'akatajik
5145,xechaxoq kik'u'x chuwach ri Tojil
5146,mixb'isonik
5147,in k'olik
5148,are k'ut chikoj wa' chi kech
5149,mixib'ij iwib'
5150,"xe'uchax ri B'alam K'itze', B'alam Aq'ab', Majukutaj, Iq'ib'alam"
5151,ta xya' uloq ri wonon sita'l
5152,are k'ut xb'ekik'ama'
5153,kuk'a'm ta xepetik
5154,k'a te xkiya'o chi upam kajib' nima'q kokob'
5155,kajib' xk'oje' wi
5156,chi rij tinamit xkitz'apij wi ri wonon sita'l
5157,chupan kokob'
5158,are k'ulelab'al rech amaq' kumal.
5159,Xenik'wachix k'ut
5160,xemuqche'x puch
5161,xnik'ox kitinamit rumal usamajel amaq'
5162,ma wi e jarub' xecha' k'ut
5163,xere k'ut xulkila' ri poy ajam che'
5164,kesilaje'ik
5165,kuk'ala'on kich'ab' kipokob'
5166,qitzij winaq kewachinik
5167,qitzij chi e kamisanel
5168,kewachinik
5169,ta xkil amaq'
5170,keki'kot k'ut ronojel amaq'
5171,ma wi janik' xkilo
5172,tzatz ri amaq' chuk'oje'ik
5173,ma wi ajilan chi winaq
5174,e ajlab'al e pu kamisanel
5175,"e kamisay rech ri B'alam K'itze', B'alam Aq'ab', Majukutaj"
5176,are k'o chuwi' juyub'
5177,Jaqawitz ub'i' e k'o wi
5178,are k'ut kokib'exik wa'
5179,xchiqab'ij chik.
5180,"Are k'ut e k'o chi ri' B'alam K'itze', B'alam Aq'ab', Majukutaj, Iq'ib'alam"
5181,xa jun e k'o wi chuwi' juyub'
5182,ruk' kixoqil kalk'wa'l
5183,ta xepe k'ut ronojel ajlab'al
5184,e kamisanel
5185,ma wi xa kachuy oxchuy chi amaq'
5186,xkotkomij chi rij tinamit
5187,ke'ominik
5188,e wiqitalik chi ch'ab' chi pokob'
5189,chikiq'osij kichi'
5190,kelulutik kech'aninik
5191,chi'ominik kiyuyub'
5192,ta xe'ok chuxe' tinamit
5193,ma k'u ja b'i kakixib'ij kib'
5194,ri ajk'ixb' ajkajb'
5195,xa keka'y uloq chuchi' k'oxtum
5196,e cholon uloq ruk' kixoqil kalk'wa'l
5197,xa ku'l kik'u'x
5198,b'anoj k'usuy
5199,ta xe'aq'an k'ut chuwach juyub'
5200,xa k'u sqaqi'n chik
5201,ma wi ketz'aqonik chuchi' tinamit
5202,k'a te puch ta xjaq uwi' ri kokob'
5203,kajib' k'o wi chi tinamit
5204,ta xe'l k'u ri wonon sita'l
5205,keje ri sib'
5206,ta xel chupam ri jujun chi kokob'
5207,kutzin k'u ri ajlab'al rumal chikop
5208,tak'atoj chub'aq' kiwach
5209,"tak'atoj puch chi kitza'm chi kichi', chi kaqan chi kiq'ab'"
5210,a k'o wi xchib'ekichapa'
5211,a on k'o wi xchib'ekimaja'
5212,ronojel k'o wi wonon sita'l.
5213,E tak'atoj chuti'o ma ub'aq' uwach
5214,xchikilij chub'uchu je taq chikop
5215,chi rij ri jujun chi winaq
5216,xeq'ab'arik rumal wonon sita'l
5217,ma wi xchapataj chik kich'ab' kipokob'
5218,kewonq'oyeje'ik chuwach taq ulew
5219,kelajajik
5220,xeqajik chuwach juyub'
5221,are k'ut ma wi kakina' chik
5222,ta xek'aq chi ch'ab'
5223,xechoy chi ikaj
5224,"xa b'olaj che' xkikoj chik B'alam K'itze', B'alam Aq'ab'"
5225,xa e kixoqil e kamisanel
5226,xa wi k'u xetzalij ri ch'ajkar chik
5227,xa xel chik chi kaqan ronojel amaq'
5228,are xkiriq kinab'e
5229,xe'utzinik xekamisaxik
5230,ma na xa sqaqi'n chi winaq xkamik
5231,ma wi are xkam wi
5232,ri xkitza'ij chi kik'u'x
5233,xa k'u chikop xok chi ke.
5234,Ma na k'u la achijilal taj xkib'ano
5235,ma wi ch'ab' ma wi pokob' taj
5236,xekam wi
5237,ta xeyoq'otajik ronojel amaq'
5238,xa k'u xe'elaj
5239,"chi kiwach ri B'alam K'itze', B'alam Aq'ab', Majukutaj."
5240,Toq'ob' qawach
5241,ma ta kojkamik
5242,xecha'
5243,utz b'a la'
5244,xax ix wi kamel chuxik
5245,ix ajpatan chib'e q'ij chib'e saq
5246,xe'uchaxik
5247,keje k'ut uch'akatajik ronojel amaq' ri'
5248,kumal qanab'e chuch qajaw
5249,chi ri' xb'an wi chuwi' juyub'
5250,Jaqawitz ub'ina'm wakamik.
5251,Are nab'e xetik'e' wi
5252,chi ri' xepoq' wi
5253,xekiritaj wi
5254,xemi'alanik xek'ajolanik chuwi' Jaqawitz.
5255,Keki'kot chik
5256,ta xkich'ako ronojel amaq'
5257,chi ri' ch'akatajinaq wi chuwi' juyub'
5258,keje k'ut xkib'an ri xkich'ak na amaq'
5259,ronojel amaq'.
5260,K'a te k'ut xkub'e' kik'u'x
5261,xetzijon chi re kik'ajol
5262,xnaqajoq kekamoq
5263,ta qi xerajkamisaxik.
5264,Are chik wi xchiqab'ij chik
5265,"kikamik B'alam K'itze', B'alam Aq'ab', Majukutaj, Iq'ib'alam kib'i'."
5266,Xkina' k'ut kikamik kisachik
5267,ta xepixab'ik chi rech kik'ajol
5268,mana e ta yab'
5269,ma pu kejilowik
5270,kepolow taj
5271,ta xkanaj kitzij chi re kik'ajol
5272,are kib'i' kik'ajol wa'
5273,e ka'ib' xuk'ajolaj B'alam K'itze'
5274,K'oka'ib' ub'i' nab'e al
5275,K'okawib' chik ub'i' ukab' al
5276,uk'ajol B'alam K'itze'
5277,umam uqajaw kawiqib'.
5278,E chi wi k'u ka'ib' chik xuk'ajolaj B'alam Aq'ab'
5279,are kib'i' wa'
5280,K'o'akul ub'i' unab'e uk'ajol
5281,K'o'akutek chuchax chik ukab' uk'ajol B'alam Aq'ab'
5282,rech Nija'ib'ab'.
5283,Xa k'u jun xuk'ajolaj Majukutaj
5284,K'o'ajaw ub'i'.
5285,E oxib' xek'ajolanik
5286,maja b'i uk'ajol ri Iq'ib'alam
5287,qitzij ajk'ixb' ajkajb'
5288,are k'ut kib'i' kik'ajol ri'
5289,are xkipixab'aj kanoq
5290,xa jun e k'o wi
5291,kikajichal xeb'ixanik
5292,chiq'atat kik'u'x
5293,choq' pu kik'u'x chupan kib'ixik
5294,Qamuqu' ub'i' kib'ix xkib'ixaj
5295,ta xepixab' k'ut chi re kik'ajol
5296,ix qak'ajol kojb'ek
5297,kojtzalij puch
5298,saqil tzij saqil pixab'
5299,qapixab' chiwe
5300,mi k'u xixulqakanajt chi juyub'al
5301,ix qixoqil xecha' chi re kixoqil
5302,chi kijujunal xepixab'ik
5303,kojb'e chi qamaq'
5304,cholan chik qajawal kej
5305,leman chi kaj
5306,xa tzalijem xchiqab'ano
5307,mixb'anatajik qapatan
5308,mixtz'aqat qaq'ij
5309,kojina' k'ut
5310,mojisacho mojimesk'utaj puch
5311,chiwil na iwochoch ijuyub'al puch
5312,kixtik'e' wi
5313,ta chuxoq.
5314,Kixb'e k'ut
5315,chib'e'iwila' chik
5316,xojpe wi
5317,xcha' k'u kitzij
5318,ta xepixab'ik
5319,ta xkanaj k'ut retal uk'oje'ik ri B'alam K'itze'
5320,are itanab'al wech wa'
5321,xchinkanaj iwuk'
5322,are iq'aq'al wa'e
5323,mixnupixab'aj
5324,xnub'isoj
5325,xcha' k'ut
5326,ta xukanaj ri retal uk'oje'ik
5327,pisom q'aq'al chucha'xik
5328,ma wi q'alaj uwach
5329,xa wi qi pislik
5330,xma kiron wi
5331,ma wi q'alaj tzisb'al re
5332,rumal maji xilowik
5333,ta xpisik
5334,keje k'ut kipixab'ik ri'
5335,ta xesach k'ut chi ri' chuwi' juyub' Jaqawitz
5336,mana xemuqtaj rumal kixoqil kalk'wa'l
5337,ma wi q'alaj kisachik
5338,ta xesachik
5339,xere q'alaj ri kipixab'ik
5340,loq' k'u ri pisom chi kech xuxik
5341,are nab'ab'al rech kiqajaw
5342,xa jusu xek'aton chuwach kinab'ab'al rech kiqajaw.
5343,Are ta xwinaqir wi winaq kumal ajawab'
5344,ta xekam chi rij B'alam K'itze'
5345,tikarinaq wi umam uqajaw Kawiqib'
5346,xma k'u wi k'ut xkisach wi ri uk'ajol
5347,"ri K'oka'ib', K'okawib' kib'i'"
5348,keje k'ut kikamik ri kikajichal
5349,e nab'e qamam qaqajaw
5350,ta xesachik
5351,ta xkanaj chik kik'ajol chi ri'
5352,chuwi' juyub' Jaqawitz
5353,xeyaluj chi wi kik'ajol chi ri'.
5354,Qajinaq chik
5355,yoq'otajinaq chi puch kiq'ij konojel amaq'
5356,maja b'i chik kiq'aq'al
5357,xaqi e k'o chik
5358,xa wi kuk'a'm kib' konojel jutaq'ij.
5359,Chikinab'aj kiqajaw
5360,nim uq'ij ri pisom chi ke
5361,ma wi chikikiro
5362,xa wi pislik chi ri' kuk'
5363,Pisom Q'aq'al chucha'xik kumal
5364,ta xkob'ik
5365,xb'ina'j puch kik'u'n
5366,xya' kanoq rumal kiqajaw
5367,xa retal qi kik'oje'ik
5368,ta xkib'ano
5369,keje k'u kisachik kima'ixik
5370,"B'alam K'itze', B'alam Aq'ab', Majukutaj, Iq'ib'alam."
5371,E nab'e winaq xepe chi la' ch'aqa' palo
5372,chi releb'al q'ij
5373,ojeroq ke'ul waral
5374,ta xekamik
5375,e ri'j chik
5376,e ajk'ixb' ajkajb' kib'ina'am.
5377,K'a te puch ta xkik'u'xlaj kib'ik
5378,chi la' releb'al q'ij
5379,are kik'uxlan ri upixab' kiqajaw
5380,ma wi xkisacho
5381,xojeroq kekamoq kiqajaw
5382,xya' kixoqil amaq'
5383,xkiji'aj ta xechoko ixoq
5384,e oxib' xecha' k'ut
5385,ta xeb'ek
5386,kojb'e chi la' releb'al q'ij
5387,chi la' xepe wi qaqajaw
5388,xecha'
5389,ta xkik'am kib'e
5390,e oxib' chi k'ajolaxel
5391,k'o ka'ib' ub'i' jun uk'ajol B'alam K'itze'
5392,rech ronojel Kaweqib'
5393,K'o'akutek ub'i' uk'ajol B'alam Aq'ab'
5394,xa rech Nija'ib'ab'.
5395,K'o'ajaw ub'i' jun chik uk'ajol Majukutaj
5396,rech ajaw K'iche'.
5397,Are k'u kib'i' ri xeb'e chi la' ch'aqa' palo
5398,e oxib' ta xeb'ek
5399,xa wi k'o kina'oj
5400,k'o pu ketamab'al
5401,mana xa et
5402,xkipixab'aj kanoq ronojel katz kichaq'
5403,keki'kotik xeb'ek
5404,ma wi kojkamik
5405,kojulik xecha'
5406,ta xeb'ek e oxib'
5407,xa wi xere xe'ik'owik chuwi' palo
5408,ta xe'opon k'ut chi la' releb'al q'ij
5409,ta xb'ekik'ama' ri ajawarem.
5410,Are k'u ub'i' ajaw wa'
5411,Rajawal Aj Releb'al Q'ij xe'opon wi.
5412,Ta xe'opon k'ut chuwach ajaw
5413,Nakxit ub'i' nima'ajaw
5414,xa juq'atol tzij
5415,tzatz rajawarem
5416,are k'ut xya'w
5417,ronojel uwachinel
5418,ta xpetik retal ajpopol
5419,ajpop q'amja'il
5420,ta xpe k'ut retal uq'aq'al rajawarem puch
5421,"ajpop, ajpop q'amja"
5422,xk'isuya' uloq Nakxit uwachinel rajawarem
5423,are taq ub'i' wa'
5424,Mu'j Q'alib'al
5425,Sub'aq Chamcham
5426,"Tatil Q'anab'aj,"
5427,Tzikwil Koj Tzikwil B'alam
5428,Jolom Pich Kej
5429,Makutax T'ot' Tatam
5430,K'us B'us
5431,"Kaxkon Chiyom, Astapulul"
5432,ronojel k'u kek'a'm ri xepetik
5433,ta xkik'am ula ri ch'aqa' palo
5434,utz'ib'al Tulan
5435,utz'ib'al xecha' chi re
5436,qi okinaq chupam
5437,chupam kitzij.
5438,K'a te puch ta xe'ulik chi ri'
5439,chuwi' kitinamit Jaqawitz ub'i'
5440,chi ri' k'ut xekuch wi ronojel Tamub' Ilokab'
5441,xekuchu kib' ronojel amaq'
5442,xeki'kotik
5443,"ta xe'ulik K'oka'ib', K'o'akutek, K'o'ajaw"
5444,xa wi chi ri' chik xkik'am wi kajawarem amaq'
5445,"xeki'kotik e Rab'inaleb' e Q'aq'chekeleb', Aj Tz'ikinaja"
5446,xa retal xk'utun chi kiwach ri unimal ajawarem
5447,nim chik kik'oje'ik chuxik amaq'
5448,ma nab'e
5449,ta kik'ut kajawarem
5450,are e k'o chi ri' Jaqawitz
5451,xa k'o kuk'
5452,ronojel ri xpe releb'al q'ij
5453,najt chi k'ut xkib'an chi ri' chuwi' juyub'
5454,e k'i chik chi konojel
5455,"chi ri' k'ut xekam wi kixoqil B'alam K'itze', B'alam Aq'ab', Majukutaj"
5456,ta xepetik
5457,xkoqotaj chi kanoq ri kijuyub'al.
5458,Jun chi juyub' xkitzukuj
5459,are ketik'e' wi
5460,ma wi ajilam juyub' xetik'e' wi
5461,ta xekob'ik
5462,ta xeb'ina'j puch chi ri'
5463,ri xemolomanik xech'ijomanik
5464,e nab'e qachuch e nab'e qaqajaw
5465,xecha' ojer taq winaq
5466,ta xkitzijoj
5467,ta xkitolob'a pu kanajoq
5468,nab'e kitinamit Jaqawitz ub'i'
5469,ta xe'ul chi k'u chi ri'
5470,xkitikilib'ej chik jun tinamit
5471,Chi K'ix ub'i'
5472,najt chi xkib'an chi ri'
5473,chuwi' juch'ob' tinamit
5474,kemi'alanik kek'ajolanik puch
5475,chi ri' ke'ek'o taq wi
5476,are taq kaji'
5477,xa jun xchok wi ub'i' ri kitinamit.
5478,Xkik'ulub'a' kimi'al kik'ajol
5479,xaqi chikisipaj
5480,xa toq'ob'anik xa pu mayjanik chikib'ano
5481,rajil kimi'al chikik'amo
5482,xa utz kik'oje'ik xkib'ano
5483,ta xe'ik'o chi ri' chuwi' jutaq ch'ob' chi tinamit.
5484,"Wa taq ub'i' e Chi K'ix, Chi Chak, JumetaJa, K'ulb'a, Kawinal"
5485,ub'i' juyub' xeyaluj wi
5486,are k'ut kakinik'wachij ri juyub' kitinamit puch
5487,ulaj juyub' kakitzukuj
5488,e k'u k'i chik chi konojel
5489,xa k'u kaminaqoq ri k'amol ajawarem releb'al q'ij
5490,e mamaxel chik
5491,xe'ul chi ri' chuwi' jujun tinamit
5492,mana xuk'am kiwach
5493,ri xe'ik'o wi
5494,je taq wi uloq k'axk'ol ra'il xkib'ano
5495,k'a unajt xkiriq wi kitinamit
5496,e mamaxel e pu qajawixel
5497,wa k'u ub'i' tinamit
5498,e xe'ul wi
5499,chi Ismachi' k'ut ub'i' juyub' kitinamit
5500,xek'oje' wi
5501,chi nay puch xe'amaq'elab' wi
5502,chi ri' k'ut xkitij wi q'aq'al
5503,xqaj kichun kisajkab'
5504,chukajle'oq
5505,"xecha' k'u ri K'onache' Xu, B'elejeb' Kej ruk' puch Q'alel ajaw"
5506,ta xajawar k'ut ajaw K'otuja
5507,"ruk' Istayul kib'i' ajpop, ajpop q'amja"
5508,xe'ajawar chi ri' chi Ismachi'
5509,utzilaj tinamit xuxik xkib'ano
5510,xa k'u oxib' ri nim ja xux chi ri' chi Ismachi'
5511,maja b'i'oq ri juwinaq kajib' chi nim ja.
5512,K'a oxib'oq
5513,xa jun unim ja Kawiqib'
5514,xa k'u jun nim ja chuwach Nija'ib'ab'
5515,xa nay pu jun rech Ajaw K'iche'
5516,xaqi ka'ib' chi kumatzil nim ja
5517,ri kach'ob' chi chinamit
5518,are e k'o chi Ismachi'
5519,xa jun kik'u‘x
5520,maja b'i kitzelal
5521,ma pu ja b'i kik'ayewal
5522,xa li'anik ajawarem
5523,maja b'i kich'a'oj kiyujuj puch
5524,xa saq xa amaq' k'o chi kik'u'x
5525,maja b'i moxwachinik
5526,ma pu ja b'i q'aq'wachinik xkib'ano
5527,k'a ch'utinoq kiq'aq'al
5528,maja qi kanuk'mayjoq maja pu kanimaroq
5529,ta xkitij k'ut
5530,xkikowisaj pokob' chi ri' chi Ismachi'
5531,xretal k'ut kajawarem ri'
5532,ta xkib'ano
5533,xretal kiq'aq'al
5534,retal nay pu kinimal
5535,ta xil k'ut rumal Ilokab'
5536,ta xwinaqir lab'al rumal Ilokab'
5537,xrajulkamisaxoq ri ajaw K'otuja
5538,xa k'u jun ajaw xraj k'u kib'
5539,are ri ajaw Istayul xrajkitijoj
5540,xrajtijox kumal Ilokab' chi kamisanik
5541,ma k'u xel aponoq kimoxwachib'al chi rij ajaw K'otuja
5542,xa chi kij xqaj wi.
5543,Ma nab'e xkam ta ri ajaw rumal Ilokab'
5544,keje k'ut uxe'najik yujuj ch'akimal lab'al puch
5545,xkokib'ej nab'e tinamit
5546,xeb'ek
5547,e kamisanel
5548,are ta k'u xkaj ri sach ta uwach K'iche'
5549,xa ta kitukel xajawarik chi kik'u‘x
5550,xa k'u are xe'ulk'amoq
5551,xeteleche'xik xekanab'ix puch
5552,ma wi jarub' chik xkolotaj chi ke
5553,ta xtiker k'ut pusunik
5554,xepus ri Ilokab' chuwach kab'awil
5555,are chik tojb'al kimak xuxik rumal ajaw K'otuja
5556,qi chi k'ut xok chi munil
5557,xe'alab'ilaxik xewinaqix puch
5558,xa xb'ekiya' kib' chi ch'akix
5559,rumal kinuk'b'al lab'al
5560,chi rij ajaw chi rij siwan tinamit.
5561,Xma'ixik xk'utux ta uwach rajawal K'iche'
5562,xraj kik'u‘x ma k'u xb'anatajik
5563,keje k'ut uwinaqirik upusik winaq chuwach kab'awil
5564,ta xb'an ri pokob' lab'al uxe'
5565,ta xtikarik upokob'axik tinamit chi Ismachi'
5566,chi la' xtikar wi uxe'najik q'aq'al
5567,rumal ri xax nim wi rajawarem K'iche' ajaw
5568,jumaj e nawal ajawab'
5569,xma k'o wi kiyoq'otaj wi
5570,xma k'o wi alachinaq chok chi ke
5571,xa wi b'anol rech nimal ajawarem
5572,chi ri' xe'najinaq wi chi Ismachi'
5573,chi ri' xnimar wi uk'ixik kab'awil
5574,chixib'in chik
5575,xuxib'ij pu rib' ronojel amaq'
5576,ch'uti'amaq' nima'amaq'
5577,xkiwachij rokik teleche' winaq
5578,xkipusu xkikamisaj
5579,rumal kiq'aq'al kitepewal ri ajaw K'otuja
5580,ajaw Istayul ruk' Nija'ib'ab' Ajaw K'iche'
5581,xa oxch'ob' chi chinamit xk'oje' chi ri'
5582,chi Ismachi' ub'i' tinamit
5583,k'a chi ri' chi nay puch xkitik'ib'a wi wa'im
5584,uk'aja' chi rech kimi'al
5585,ta xkisi'j uloq.
5586,Are kikuchb'al kib' ri oxib' chi nim ja ub'i' kumal
5587,chi ri' k'ut chikuk'aj wi kuk'ya'
5588,chi ri' puch chikiwe'j wi kiwa
5589,rajil kanab' rajil pu mi'al
5590,xa ki'kotem chi kik'u‘x
5591,ta xkib'ano
5592,xewa'ik xecha' chupan kinim ja
5593,xa qak'amowab'al
5594,xa pu qapakub'al
5595,retal qatzij chuwi' ixoq al achij al
5596,xecha'
5597,chi la' xkob'
5598,chi la' puch xkib'ij wi kichinamit kib'
5599,wuq amaq' kib' kitikpan
5600,qak'ulel qib' oj Kawiqib' oj Nija'ib'
5601,oj pu Ajaw K'iche'
5602,xecha' e oxib' chinamit
5603,oxib' puch nim ja
5604,najt k'ut xkib'an chi ri' chi Ismachi'
5605,ta xkiriq chik
5606,ta xkil puch jun chik tinamit
5607,xkoqotaj chi wi ri chi Ismachi'.
5608,K'a te puch ta xeyakataj chi uloq
5609,xe'ul chi ri' pa tinamit
5610,Q'uma'r kaj ub'i' kumal K'iche' chucha'xik
5611,ta xe'ul chik ajawab' K'otuja
5612,ruk' Q'ukumatz ruk' puch ronojel ajawab'
5613,xrokexoq xrole'a puch winaq
5614,uxe' saq uxe' amaq'
5615,uxe' k'aslem winaqirem
5616,chi ri' k'ut qi xkib'an wi kochoch
5617,chi ri' nay puch xkib'an wi rochoch kab'awil
5618,chunik'ajal uwi' tinamit xkiya' wi
5619,ta xe'ulik
5620,ta xkitikilib'ej puch
5621,k'a te puch unimarik chik kajawarem
5622,e k'i chik e pu tzatz chik
5623,ta xkina'ojij chik kinim Ja
5624,xemoloxik xejachajox puch
5625,rumal xwinaqir kich'a'oj
5626,xeq'aq'wachin chi kib'
5627,chuwi' rajil kanab' rajil kimi'al
5628,rumal xa ma wi chi tzaqon kuk'ya' chi kiwach
5629,are chi k'ut uxe' chik
5630,kijachowik kib'
5631,ta xkitzolb'ej kib'
5632,tzolkaqb'ej b'aq ujolom kaminaq
5633,xkiq'aq'b'ej kib'
5634,ta xkipax ri b'eletaq
5635,xb'anomoq uch'a'ojil anam
5636,ta xb'an una'ojixik ajawarem
5637,juwinaq kajib' chi nim ja xuxik
5638,xojeroq ke'ulik konojel chi ri' chuwi' kitinamit
5639,ta xetz'aqat juwinaq kajib' nim ja
5640,chi ri' pa tinamit Q'uma'rkaj
5641,xutzirisaxik rumal Sr. obispo
5642,ri tinamit
5643,xeq'aq'ar chi ri'
5644,xnuk'mayjinaqoq kitem kich'akat
5645,xjachatzox kiwach jutaq wi chi q'aq' jujun chi ajawab'
5646,b'elejeb' taq chi chinamit xuk'olela' rib'
5647,b'elejeb' chi ajawab' Kawiqib'
5648,b'elejeb' chi ajawab' Nija'ib'ab'.
5649,Kaji' chi ajawab' ajaw K'iche'
5650,ka'ib' chi ajaw Saqikib'
5651,k'iya taq xuxik
5652,k'i chi nay puch chi rij jujun ajawab'
5653,xa unab'e ri k'o chi wi ral uk'ajol
5654,tzatz tzatz uchinamital jujun chi ajawab'
5655,chiqab'ij kib'i' ri ajawab' chujujunal
5656,jujun unim ja.
5657,Wa'e k'ute kib'i' ajawab' chuwach kawiqib'
5658,are nab'e ajaw wa'
5659,"ajpop, ajpop q'amja"
5660,ajtojil ajq'ukumatz
5661,Nim Ch'okoj Kaweq
5662,popol winaq chi Tuy
5663,Lolmet Kejnay
5664,popol winaq pa Jom Tzalatz
5665,uchuch q'amja
5666,Are k'ut ajawab' ri chuwach Kawiqib' b'elejeb' chi ajawab'
5667,k'oleje' unim ja chujujunal
5668,k'a te chik chiwachin uwach.
5669,Are chi k'u ajawab' wa' chuwach nija'ib'ab'
5670,are nab'e ajaw wa'
5671,Ajaw Q'alel
5672,Ajaw Ajtzik' Winaq
5673,Q'alel Q'amja
5674,Nimaq'amja
5675,uchuch q'amja
5676,Nim Ch'okoj Nija'ib'ab'
5677,Awilix
5678,Yakolatam
5679,utza'm Pop Saqlatol
5680,Nimalolmet Ye'oltux.
5681,B'elejeb' k'ut chi ajawab' chuwach Nija'ib'ab'.
5682,Are chi k'ut ajaw k'iche' wa'
5683,wa'e kib'i' ajawab'.
5684,Ajtzik' Winaq
5685,Ajaw Lolmet
5686,Ajaw Nim Ch'okoj Ajaw
5687,Ajaw Jaqawitz.
5688,Kajib' ajawab' chuwach ajaw K'iche'eb'
5689,k'oleje' unim ja.
5690,Ka'ib' chinamit chi nay puch
5691,Saqikib' ajawab'
5692,Tz'utuja
5693,Q'alel Saqik
5694,xa jun chi nim ja
5695,e ka'ib' chi ajawab'.
5696,Keje k'ut xtz'aqat wi juwinaq kajib' chi ajawab'
5697,juwinaq kajib' nay puch
5698,chi nim ja xuxik
5699,ta xnimarik q'aq'al tepewal pa K'iche'
5700,ta xq'aq'arik ta xtepewarik unimal ralal K'iche'
5701,ta xchunaxik ta xsajkab'ix puch siwan tinamit
5702,xul ch'uti'amaq' nima'amaq'
5703,k'o k'ut ub'i' ajaw xnimarisan K'iche'
5704,ta xwinaqirik q'aq'al tepewal
5705,ta xwinaqirik rochoch kab'awil
5706,kochoch nay pu ajawab'
5707,ma nay pu are xeb'anowik
5708,ma wi xechakun taj
5709,ma pu xkib'an ta kochoch
5710,ma nay pu xa ta xkib'an rochoch kikab'awil
5711,Mana xa kib'ochi
5712,xa ta pu keleq'
5713,kiq'upun ta puch
5714,qitzij wi chi kech ajawab' chi kijujunal
5715,tzatz nay puch
5716,katz kichaq' xuxik
5717,xmolomoxik uk'oje'ik
5718,xmolomox nay puch utab'al tzij
5719,jun chi ajawab'
5720,qitzij wi chi e loq'
5721,qitzij puch chi nim kiqalem ajawab'
5722,nimatalik xowatal puch uq'ij ralaxik ajawab'
5723,rumal ral uk'ajol
5724,ta xk'iyarik aj siwan aj tinamit ruk' nay puch.
5725,Mana xa ta qi
5726,keje xulkiya' kib' ronojel amaq'
5727,k'a lab'al k'ut xqaj wi usiwan utinamit
5728,k'a rumal kinawal ajawab' xeq'aq'arik
5729,ri Ajaw Q'ukumatz Ajaw K'otuja
5730,qitzij chi nawal ajaw ri Q'ukumatz xuxik
5731,juwuq chaq'an chi kaj
5732,juwuq k'ut chib'e'ub'ana' qajoq chi Xib'alb'a
5733,juwuq chi k'ut chik'oje' chi kumatzil
5734,qitzij chi kumatz chuxik
5735,juwuq chi nay puch chub'ano chi kotal
5736,juwuq chik chi b'alamil
5737,qitzij wi chi kot chi b'alam uwachib'al chuxik
5738,juwuq chik chi remelik chik kik'el
5739,utukel remanik kik' chuxik.
5740,Qitzij chi nawal ajaw uk'oje'ik
5741,xib'ixib' chuwach rumal ronojel ajawab'
5742,xpaxin rib' uta'ik
5743,xuta' ronojel ajawab' amaq'
5744,uk'oje'ik nawal ajaw
5745,are k'ut utikarik unimarik puch K'iche'
5746,ta xub'an ajaw Q'ukumatz retal nimal
5747,xma sachel uwach umam uk'ajol chuk'u'x
5748,maja b'i atala
5749,ri xk'oje' ta jun ajaw
5750,nawal ta uk'oje'ik
5751,xa yoq'b'al rech ronojel amaq'
5752,ta xub'ano xa uk'utb'al rib'
5753,rumal xere juk'isik ujolom amaq'
5754,xuxik ukajle ajaw
5755,ri nawal ajaw Q'ukumatz ub'i'
5756,"xa wi xare ajpop, ajpop q'amja"
5757,xkanaj chi k'ut ketal kitzijel
5758,xeq'aq'arik xetepewar puch
5759,ta xek'ajolan chi k'ut
5760,k'a kik'ajol k'ut
5761,tzatz chik xub'ano
5762,"xk'ajolax ri Tepepul, Istayul"
5763,xaqi ajawarem xub'ano
5764,ro'le ajaw xuxik
5765,xa wi xek'ajolanik
5766,jutaqle chi ajawab'.
5767,Wa chi k'ute kib'i' chik uwaqle ajaw
5768,e ka'ib' chi nima'q ajawab'
5769,e Q'aq' Kikab' ub'i' jun ajaw
5770,Kawisimaj ub'i' jun chik.
5771,Are k'ut tzatz chik xub'an ri Kikab' Kawisimaj
5772,are chi xnimarisan K'iche'
5773,rumal qitzij nawal uk'oje'ik
5774,are q'ajowik
5775,are puch xpaxinik usiwan utinamit
5776,ch'uti'amaq' nima'amaq'
5777,naqaj taq uxo'l k'o wi tinamit ojer
5778,are ujuyub'al Q'aq'chekeleb' ri Chuwila wakamik
5779,ujuyub'al chi nay pu Rab'inaleb' ri pa Maq'a'
5780,ujuyub' k'u Ka'oqeb' Saqab'aja
5781,utinamit chi k'ut Saqulewab'
5782,Chuwi' Miq'ina'
5783,"Xelaju, Chuwatz'aq ruk' Tz'olojche'"
5784,are xrixowaj Kikab' xub'an lab'al
5785,qitzij wi xqajik
5786,"xpaxik usiwan utinamit Rab'inaleb', Q'aq'chekeleb', Saqulewab'"
5787,xule'ik xpaqa'ik ronojel amaq'
5788,k'a xtoq'e' chi najt ukamisa Kikab'
5789,juch'ob' kach'ob' ta chik
5790,ma wi kuk'an
5791,xqaj utinamit
5792,"xuk'am upatan chuwach Kikab', Kawisimaj"
5793,xe'ok chi munil
5794,xelotzik
5795,maja b'i kiq'ij
5796,maja b'i kalaxik xuxik
5797,xa cha mixk'oje'
5798,paxib'al tinamit
5799,jusu chijixtajik
5800,keje ri chiq'osin kaqulja
5801,chupaxij ab'aj
5802,chixib'inik
5803,lib'ajchi' chel aj amaq' chuwach Q'ol Che'
5804,retal tinamit
5805,rumal wakamik jun juyub' ab'aj
5806,xsqaqi'n
5807,ma wi xq'atatajik
5808,keje ri xchoy chi ikaj
5809,rumal chi la' k'o wi pa taq'aj
5810,Petatayub' ub'i'
5811,q'alaj wakamik
5812,karil ronojel winaq
5813,ke'ik'ow wi retal rachijilal Kikab'
5814,maja b'i xkam wi
5815,ma pu ja b'i xch'akataj wi
5816,qitzij wi chi achij
5817,xuk'am k'ut upatan ronojel amaq'
5818,ta xena'ojin k'ut ajawab' konojel
5819,ta xb'ek q'atey rij siwan rij tinamit
5820,xqajinaqoq utinamit ronojel amaq'.
5821,K'a te k'ut ta relik waranel
5822,ilol ajlab'al
5823,ta xkib'an
5824,laq'ab'ey juyub'
5825,we chipe chik
5826,ta chululaq'ab'ej utinamit amaq'
5827,xecha'
5828,ta xkikuch kina'oj konojel ajawab'
5829,ta xel kiwab'an
5830,keje ri qakejoj
5831,keje pu qaqachinamit
5832,keje nay puch qatz'alam qak'oxtun chuxik
5833,are chik koyowal kachijilal
5834,ta chuxoq
5835,xecha' konojel ajawab'
5836,ta xe'elik uwab'an jujun chi chinamit
5837,k'ulela'y rech ajlab'al
5838,ta xepixab'ax k'ut
5839,ta xeb'e puch
5840,wab'an laq'ab'ey
5841,chib'ek rumal qajuyub'al chik
5842,mixib'ij iwib'
5843,uwe k'o chik ajlab'al
5844,chul chik iwuk'
5845,ta kamisay iwe
5846,anim chulib'ij
5847,chib'enukamisaj
5848,xcha' k'ut Kikab' chi kech
5849,ta xepixab'axik
5850,konojel wach ruk' q'alel atzij winaq
5851,ta xb'e'ije'ik ri uchi' cha
5852,uchi' k'a'm chucha'xik.
5853,Ta xpaxin rib' umam uqajaw
5854,ri ronojel K'eche' winaq
5855,k'o pa jujun chi juyub'
5856,xa chajal juyub'
5857,xa pu chajal cha k'a'm
5858,chajal lab'al puch ta xb'ek
5859,mana jun ta saqir wi
5860,ma nay puch jun ta ukab'awil
5861,xa q'atey rij tinamit
5862,ta xelik ronojel aj uwi' La
5863,aj Chulimal Saqiya'
5864,Xajb'akyej chi Temaj
5865,Wajxalajuj aj Kab'raqan
5866,"Ch'ab'iq'aq' chi Jun Ajpu ruk' aj Maq'a',"
5867,aj Xayab'aj
5868,aj Saqkab'aja
5869,aj Siyaja'
5870,aj Miq'ina'
5871,aj Xelajuj
5872,taq'ajal juyub'
5873,ri xelik waray lab'al chajal ulew
5874,ta xb'ek rumal Kikab'
5875,Kawisimaj
5876,ajpop
5877,ajpop q'amja
5878,q'alel ajtzik' winaq
5879,e kajib' chi ajawab' xetaqonik
5880,xewaran puch ajlab'al
5881,Kikab' Kawisimaj ub'i' ajaw
5882,chuwach Kawiqib'
5883,e ka'ib' Ke'ma ub'i' ajaw
5884,chuwach Nija'ib'
5885,Achaq Ib'oy k'ut ub'i' ajaw
5886,chuwach Ajaw K'iche'
5887,are k'ut kib'i' ajaw ri xetaqowik
5888,xesamajelan puch
5889,ta xeb'ek kal kik'ajol pa juyub'
5890,pa jujun chi juyub'
5891,xb'e na k'u nab'e
5892,xul na kanab'
5893,xul na pu teleche' chuwach Kikab' Kawisimaj
5894,q'alel ajtzik' winaq xkib'an chi wi lab'al
5895,ri uchi' cha uchi' k'a'm
5896,xekanab' chik
5897,xeteleche'n chik
5898,e achij xe'ux chik ri e wab'an
5899,xeya'ik
5900,xek'iyar k'ut
5901,qi chi k'ut kik'u'xlal kumal ajawab'
5902,ta chulkiya' kikanab' kiteleche' ronojel
5903,k'a te k'ut ta xkuch na'oj
5904,kumal ajawab'
5905,"ajpop, ajpop q'amja"
5906,q'alel ajtzik' winaq
5907,ta xel k'u na'oj
5908,xa qachapa' kinab'e
5909,chik'oje' ta keqalem
5910,wachinel chinamit chok wi
5911,"in ajpop, in ajpop q'amja"
5912,ajpop chireqalej
5913,we chok chi k'u awe
5914,at ajaw q'alel
5915,q'alel riqalem xchuxik
5916,xecha' k'ut ronojel ajawab'
5917,ta xk'am kina'oj
5918,"xa wi k'u keje xub'ano Tamub', Ilokab'"
5919,junam wach oxch'ob' chi K'iche'.
5920,Ta xb'an chaponik
5921,kikob'isaj unab'e kal kik'ajol
5922,keje k'ut uk'amik na'oj
5923,ma k'u chi ri' xchap wi K'iche'
5924,k'o ub'i' juyub'
5925,xchap wi unab'e al k'ajol
5926,ta xetaq k'ut
5927,ronojel k'o pa jujun chi juyub'
5928,xa jun xekuch wi.
5929,Xe' B'alax Xe' Kamak ub'i' juyub'
5930,xechap wi
5931,ta xok kiqalem
5932,chi ri' Chulimal xb'an wi.
5933,Wa' k'ute kikob'ik
5934,kichapik
5935,ketaxik puch
5936,juwinaq q'alel
5937,juwinaq ajpop xchapik
5938,"rumal ajpop, ajpop q'amja"
5939,rumal puch q'alel ajtzik' winaq
5940,xok keqalem ronojel q'alel ajpop
5941,Julajuj Nim Ch'okoj
5942,q'alel Ajaw
5943,q'alel Sakik
5944,uq'alel achij
5945,rajpop achij
5946,rajtz'alam achij
5947,utza'm achij kib'i' achijab' xokik
5948,ta xekob'ik
5949,xeb'ina'j puch chuwi' kitem
5950,chuwi' kich'akat
5951,e unab'e ral uk'ajol K'eche' Winaq
5952,ilol rech ta'ol rech
5953,uchi' cha uchi' k'a'm
5954,kejoj tz'apib' tz'alam
5955,k'oxtum chi rij k'iche'.
5956,Xa wi k'u keje xub'ano Tamub' Ilokab'
5957,xuchapo xukob'isaj puch unab'e ral uk'ajol
5958,k'o pa jujun chi juyub'.
5959,Are k'ut uxe'najik q'alel ajpop
5960,reqalem pa jujun chi juyub' wakamik
5961,keje relik
5962,"ri ta xe'elik chi rij ajpop, ajpop q'amja"
5963,chi rij puch q'alel ajtzik' winaq xel wi.
5964,Are k'ut xchiqab'ij chik ub'i' rochoch kab'awil
5965,xa wi xere xub'ina'j rochoch
5966,ri ub'i' kab'awil
5967,Nima'q Tz'aq Tojil ub'i' tz'aq
5968,rochoch Tojil rech Kawiqib'
5969,Awlix k'ut ub'i' tz'aq
5970,rochoch Awilix rech Nija'ib'ab'.
5971,Jaqawitz chi k'ut ub'i' tz'aq
5972,rochoch ukab'awil Ajaw K'iche'
5973,Tz'utuja kil na
5974,Kajb'aja ub'i' chik
5975,nima'q tz'aq xk'oje' wi ab'aj
5976,xq'ijiloxik rumal ajawab' K'iche'
5977,q'ijilox puch rumal ronojel amaq'.
5978,Chok na uk'atoj amaq'
5979,nab'e chuwach ri Tojil
5980,"k'a te k'ut ta chuq'ijila' chik ajpop, ajpop q'amja"
5981,k'a te chulkiya' kiq'uq' kipatan chuwach ajaw
5982,are ajaw chik
5983,"are chi puch kitzuqu'n kiq'o'n ajpop, ajpop q'amja"
5984,xqasan kitinamit
5985,e nima'ajawab'
5986,e nawal taq winaq
5987,nawal ajaw ri Q'ukumatz K'otuja
5988,nawal ajaw k'u ri Kikab' Kawisimaj
5989,keta'm uwe lab'al chib'anik
5990,q'alaj chi kiwach
5991,ronojel chikilo
5992,uwe kamik uwe wa'ij
5993,uwe ch'a'oj chib'anik
5994,xax keta'm wi
5995,k'o k'utib'al
5996,k'o wuj Popol Wuj ub'i' kumal
5997,ma na xa keje e ajawab'
5998,nim kik'oje'ik
5999,nim nay puch kimewajik
6000,are loq'b'al tz'aq
6001,loq'b'al pu ajawarem kumal
6002,najtik chik xemewajik
6003,xekajb'ik chuwach kikab'awil
6004,wa' k'ute kimewajib'al b'elej winaq
6005,kemewajik
6006,jub'elej k'ut kekajb'ik
6007,kek'atonik.
6008,Oxlaju
6009,oxlaju chi k'ut kekajb'ik
6010,kek'atonik chuwach Tojil
6011,chuwach pu kikab'awil
6012,"xa tulul, xa ajache', xa q'inom chikilo'"
6013,are maja b'i wa chikiwe'j
6014,uwe k'ut wuqlajuj winaq kekajb'ik
6015,wuqlajuj k'ut kemewajik
6016,ma wi kewa'ik
6017,qitzij wi chi nima'awasinik chikib'ano
6018,are retal kik'oje'ik e ajawab'
6019,ruk' k'ut maja b'i ixoq chiwar k'ut
6020,xa kitukel chikichajij kib'
6021,kemewajik
6022,xa pa rochoch kab'awil kek'oje' wi jutaq'ij
6023,xa q'ijilonik xa k'atonik
6024,xa pu kajb'ik chikib'ano
6025,xa wi chi ri' e k'o wi
6026,xq'eqsaqirik
6027,xa choq' kik'u'x
6028,xa pu choq' kipam
6029,ta ketz'ononik chi rech usaq uk'aslem kal kik'ajol
6030,chi re nay puch kajawarem.
6031,Chikipaqab'a' kiwach chi kaj
6032,wa' k'ute kitz'onob'al chuwach kikab'awil
6033,ta ketz'ononik
6034,are k'ut roq'ej kik'u'x wa'.
6035,Aqaroq ato'b'
6036,"at Juraqan, at uk'u'x kaj ulew"
6037,at ya'ol rech q'anal raxal
6038,at pu ya'ol mi'al k'ajol
6039,"chatziloj,"
6040,chaya' taj uk'ase'ik winaqirik wal nuk'ajol
6041,chipoq' taj chiwinaqir taj
6042,tzuqul awe q'o'l awe
6043,sik'i
6044,pa b'e ya' pa siwan
6045,xe' che' xe' k'a'm
6046,chaya' kimi'al kik'ajol
6047,ma ta ja b'i il
6048,ma ta chok k'axtok'onel chi kij chi kiwach
6049,mepajik
6050,mesokotajik
6051,mejoxowik
6052,meq'atowik
6053,meqajik rekem
6054,Ma ta ja b'i pak toxkom
6055,Ke'aya' taj pa raxab'e pa raxajok
6056,ma ta ja b'i kil kitz'ap
6057,ak'wil
6058,Utz taj kik'oje'ik
6059,tzuqul awe q'o'l awe chachi' chawach
6060,at uk'u'x kaj at uk'u'x ulew
6061,at pisom q'aq'al
6062,"at puch Tojil, Awlix Jaqawitz"
6063,pam kaj upam ulew
6064,kaj tz'uq kaj xukut
6065,"xa ta saq, xa ta amaq' upam chachi' chawach"
6066,at Kab'awil
6067,keje k'ut ri ajawab'
6068,ta kemewajik
6069,chupan ri b'elej winaq
6070,oxlaju
6071,wuqlajuj winaq puch
6072,qi mewa'ij q'ij choq' kik'u'x
6073,chuwi' kal kik'ajol
6074,chuwi' puch ronojel ixoq alk'wa'l
6075,ta xkib'an kipatan
6076,jujun chi ajawab'
6077,are loq'b'al saq k'aslem
6078,loq'b'al puch ajawarem
6079,"are rajawarem ajpop, ajpop q'amja"
6080,q'alel ajtzik' winaq
6081,e kakab' ta ke'okik
6082,kejalow kib' chi reqalixik amaq'
6083,ruk' ronojel K'eche' winaq
6084,xa jun xel wi uxe' tzij
6085,uxe' puch tzuquj q'o'j
6086,xa wi uxe' tzij
6087,xa wi keje kub'ano Tamub' Ilokab'
6088,"ruk' Rab'ineleb', Q'aq'chikeleb', Aj Tz'ikinaja, Tujalaja"
6089,Uch'ab'aja
6090,xa jun che'el wi
6091,ta xikin K'eche'
6092,ta chub'an rech ronojel
6093,mana xa qi keje xe'ajawarik
6094,mana xa xkikaqkochij q'o'l ke
6095,xa ta kiwa'in uk'aja' xkib'ano.
6096,Ma pu xa loq' taj xkitz'ub'u
6097,xkelaq'aj kajawarem
6098,kiq'aq'al kitepewal
6099,ma nay pu xa ta keje xqaj usiwan utinamit
6100,ch'uti'amaq' nima'amaq'
6101,nim rajil xkiya'o
6102,xul xit xul pwaq
6103,xul puch kajq'ab'
6104,raqan tu'ik raqan chi k'wa'l chi yamanik
6105,xul puch raxon
6106,k'ub'ul ch'aktik upatan ronojel amaq'
6107,xul chi kiwach nawal ajawab' Q'ukumatz K'otuj
6108,chuwach puch Kikab' Kawisimaj
6109,ri ajpop ajpop q'amja
6110,q'alel ajtzik' winaq
6111,ma wi xa ch'uti'n xkib'ano
6112,ma nay pu xa ta sqaqi'n chi amaq' xkiqasaj
6113,k'iya ch'ob' chi amaq'
6114,xul upatan K'eche'
6115,k'axk'ol k'ut xk'am wi
6116,xyakex wi kumal
6117,ma wi atan
6118,Q'aq'akumatz uxe' nimal chi ajawarem
6119,keje k'ut utikarik unimarik
6120,ri unimarik puch K'iche'
6121,are chi k'ut xchiqacholo ule'el ajawab'
6122,ruk' kib'i' konojel ajawab'
6123,xchiqab'ij chik.
6124,Wa'e k'ute ule'el utasel ajawarem
6125,chi ronojel kisaqirijem
6126,"B'alam K'itze', B'alam Aq'ab'"
6127,"Majukutaj, Iq'ib'alam."
6128,Nab'e qamam nab'e qaqajaw
6129,ta xwachin q'ij
6130,xwachin ik' ch'umil.
6131,Wa'e k'ute ule'el utasel ajawarem
6132,xchiqatikib'a' uloq
6133,qi chi uxe' k'uluk'uj chi rokik ajawab'
6134,ta chokik ta chikamije'ik jutaqle chi ajawab'
6135,ri mama' ruk' rajawal chi tinamit
6136,ronojel chi jujun chi ajawab'
6137,wa'e k'ute xchiwachin uwach
6138,chujujunal ajawab'
6139,wa'e k'ute xchiwachin uwach
6140,jujun chujujunal ajawab' K'iche'.
6141,B'alam K'itze' uxe'nab'al Kawiqib'
6142,K'okawib' ukale chik B'alam K'itze'
6143,B'alam K'onache' xtikib'an ajpopol
6144,roxle k'u ri'
6145,K'otuja Stayub' ukajle
6146,Q'ukumatz K'otuja uxe' nawal ajaw
6147,ro'le xk'oje' wi
6148,Tepepel Stayul chik uwaq tas
6149,Kikab' Kawisimaj
6150,wuq jal nawal chi wi
6151,Tepepul Xtayub' chik
6152,uwajxaqle Tekum
6153,Tepepul ub'elejle
6154,Wajxaqi' K'a'm Kikab' k'ut
6155,ulajule ajawab'
6156,Wuqub' Noj Kawatepech chik
6157,ujulaju tas ajawab'
6158,"Oxib' Kyej, B'elejeb' Tz'i'"
6159,ukab'lajule ajawab'.
6160,Are k'ut ke'ajawarik
6161,ta xul Donadiu
6162,xejitz'axik rumal kastilan winaq
6163,"Tekum, Tepepul xepatanijik"
6164,chuwach kastilan winaq
6165,are xek'ajolan kanoq
6166,roxlajule ajawab'
6167,Don Juan de Rojas
6168,Don Juan Cortes
6169,kajlajule ajawab'
6170,"e k'ajolaxel rumal Tekum, Tepepul"
6171,Are k'ut ule'el utasel ajawarem
6172,ri ajaw ajpop ajpop q'amja
6173,chuwach Kawiqib' K'iche'
6174,are chi xchiqab'ij chik re chinamit
6175,wa chi k'ute nim ja
6176,rech jujun chi ajawab'
6177,chi rij ajpop ajpop q'amja
6178,are ub'ina'm wi
6179,b'elejeb' chinamit chi Kawiqib'
6180,b'elejeb' unim ja wa taq ub'i'
6181,e rajawal jujun chi nim ja
6182,Ajaw Ajpop jun unim ja
6183,K'u Ja ub'i' nim ja
6184,Ajaw Ajpop Q'amja
6185,Tz'ikinaja ub'i' unim ja
6186,Nim Ch'okoj Kaweq jun unim ja
6187,Ajaw aj Tojil jun unim ja
6188,Ajaw aj Q'ukumatz jun unim ja
6189,Popol Winaq Chi Tuy jun unim ja
6190,Lolmet Kejnay jun unim ja
6191,Popol Winaq Pa Jom
6192,Tzalatz Xkuxeb'a jun unim ja.
6193,Tepew Yaki jun unim ja.
6194,Are k'u ri b'elejeb' chinamit chi Kawiqib'
6195,tzatz ral uk'ajol ajilatal chi rij b'elejeb' chi nim ja.
6196,Wa' k'ute rech Nija'ib'ab'
6197,b'elejeb' chi wi chi nim ja
6198,are nab'e xchiqab'ij ule'ab'al rib' ajawarem.
6199,Xa jun uxe' xchitikar
6200,chuwach uxe' q'ij uxe' saq chi winaq.
6201,B'alam Aq'ab' nab'e mamaxel qajawixel.
6202,K'o'akul K'o'akutak ukale.
6203,K'ochajuj K'otzib'aja roxle.
6204,B'elejeb' Q'ij ukajle chik.
6205,K'otuja ro'le ajaw.
6206,B'atz'a chi k'ut uwaqle chik
6207,Stayul chi k'ut uwuqle ajaw
6208,K'otuja
6209,B'elejeb' Q'ij ub'elej tas
6210,Kema
6211,Ajaw K'otuja ujulajule.
6212,Don Christowal chucha'xik
6213,xajawarik chuwach kaxtilan winaq.
6214,Don Pedro de Robles Ajaw Q'alel wakamik.
6215,Are k'u ri chi ronojel ajawab'
6216,elenaq chi rij ri Ajaw Q'alel.
6217,Are chik xchiqab'ij rajawal jujun chi nim ja.
6218,Ajaw Q'alel unab'e ajaw
6219,chuwach Nija'ib'ab' jun unim ja.
6220,Ajaw Ajtzik' Winaq jun unim ja.
6221,Ajaw Q'alel Q'amja jun unim ja.
6222,Nimaq'amja jun unim ja.
6223,Uchuch Q'amja jun unim ja.
6224,Nimaq'amja jun unim ja.
6225,Nim Ch'okoj Nija'ib' jun unim ja.
6226,Ajaw Awilix jun unim ja.
6227,Yakolatam jun unim ja.
6228,Are k'ut nim ja ri chuwach Nija'ib'ab'
6229,are ub'i'na'm wi b'elejeb' chinamit
6230,chi Nija'ib'ab' chucha'xik
6231,k'iyataq k'ut uchinamital
6232,jujun chi ke ajawab'
6233,are unab'e ri mixqab'ij kib'i'.
6234,Are chi k'ut rech ajaw K'iche'
6235,wa umam uqajaw
6236,Majukutaj nab'e winaq
6237,K'o'ajaw ub'i' ukale ajaw
6238,Kaqlakan
6239,Kokosom
6240,Komajkun
6241,Wuqub' Aj
6242,Kokamel
6243,Koyab'akoj
6244,Winaq B'am.
6245,Are k'ut ajawab' ri' chuwach ajaw K'iche'
6246,are ule'el utasel puch
6247,are k'ut ub'i' ajawab' wa' chupan nim ja
6248,xa kajib' unim ja.
6249,Ajtzik' Winaq Ajaw ub'i' nab'e ajaw
6250,jun unim ja.
6251,Lolmet Ajaw ukab' ajaw
6252,jun unim ja.
6253,Nim Ch'okoj Ajaw rox ajaw
6254,jun unim ja.
6255,Jaqawitz k'ut ukaj ajaw
6256,jun unim ja
6257,chi kajib' k'ut nim ja chuwach Ajaw K'iche'.
6258,Are k'u ri e oxib' chi Nim Ch'okoj
6259,keje ri e qajawixel
6260,rumal ronojel ajawab' K'iche'
6261,xa jun chikikuch wi kib'
6262,e oxib' chik Ch'okojib'
6263,e alanel e uchuch tzij e uqajaw tzij
6264,nim sqaqi'n uk'oje'ik
6265,e oxib' chi Ch'okojib'.
6266,Nim Ch'okoj k'ut chuwach Nija'ib'
6267,ukab' k'u ri'
6268,Nim Ch'okoj Ajaw chuwach Ajaw K'iche'
6269,rox Nim Ch'okoj
6270,chi oxib' k'ut ri Ch'okojib'
6271,jujun chuwach chinamit.
6272,Xare k'ut uk'oje'ik K'iche' ri'
6273,rumal maja b'i chi ilb'al re
6274,k'o nab'e ojer kumal ajawab'
6275,sachinaq chik.
6276,Xere k'u ri mixutzinik chi konojel
6277,K'iche' Sta. Cruz ub'i'.
