doc_id,token_num,token_str,term_str,chunk_num
0,0,ARE',are',0
0,1,U,u,0
0,2,XE',xe',0
0,3,OJER,ojer,0
0,4,"TZIJ,",tzij,0
1,0,Waral,waral,0
1,1,K'iche',k'iche',0
1,2,u,u,0
1,3,b'i'.,b'i',0
2,0,WARAL,waral,0
2,1,xchiqatz'ib'aj,xchiqatz'ib'aj,0
2,2,"wi,",wi,0
3,0,Xchiqatikib'a',xchiqatikib'a',0
3,1,wi,wi,0
3,2,ojer,ojer,0
3,3,"tzij,",tzij,0
4,0,U,u,0
4,1,"tikarib'al,",tikarib'al,0
5,0,U,u,0
5,1,xe'nab'al,xe'nab'al,0
5,2,"puch,",puch,0
6,0,Ronojel,ronojel,0
6,1,xb'an,xb'an,0
6,2,pa,pa,0
7,0,Tinamit,tinamit,0
7,1,"K'iche',",k'iche',0
8,0,Ramaq',ramaq',0
8,1,K'iche',k'iche',0
8,2,winaq.,winaq,0
9,0,Are',are',0
9,1,k'ut,k'ut,0
9,2,xchiqak'am,xchiqak'am,0
9,3,wi,wi,0
10,0,U,u,0
10,1,"k'utunisaxik,",k'utunisaxik,0
11,0,U,u,0
11,1,"q'alajob'isaxik,",q'alajob'isaxik,0
12,0,U,u,0
12,1,tzijoxik,tzijoxik,0
12,2,"puch,",puch,0
13,0,"Awaxib'al,",awaxib'al,0
14,0,"Saqirib'al,",saqirib'al,0
15,0,Rumal,rumal,0
15,1,"Tz'aqol,",tz'aqol,0
16,0,B'itol;,b'itol,0
17,0,"Alom,",alom,0
18,0,"K'ajolom,",k'ajolom,0
18,1,ki,ki,0
18,2,b'i'.,b'i',0
19,0,Junajpu,junajpu,0
19,1,"Wuch',",wuch',0
20,0,Junajpu,junajpu,0
20,1,"Utiw,",utiw,0
21,0,Saqi,saqi,0
21,1,Nim,nim,0
21,2,"Aq,",aq,0
22,0,"Sis,",sis,0
23,0,"Tepew,",tepew,0
24,0,"Q'ukumatz,",q'ukumatz,0
25,0,U,u,0
25,1,K'u'x,k'u'x,0
25,2,"Cho,",cho,0
26,0,U,u,0
26,1,K'u'x,k'u'x,0
26,2,"Palo,",palo,0
27,0,Aj,aj,0
27,1,Raxa,raxa,0
27,2,"Laq,",laq,0
28,0,Aj,aj,0
28,1,Raxa,raxa,0
28,2,"Sel,",sel,0
28,3,"chuchaxik,",chuchaxik,0
29,0,Rach,rach,0
29,1,"b'i'xik,",b'i'xik,0
30,0,Rach,rach,0
30,1,tzijoxik,tzijoxik,0
30,2,ri':,ri',0
31,0,"I'yom,",i'yom,0
32,0,"Mamom,",mamom,0
33,0,"Xpiyakok,",xpiyakok,0
34,0,"Xmuqane,",xmuqane,0
34,1,u,u,0
34,2,"b'i',",b'i',0
35,0,"Matzanel,",matzanel,0
36,0,"Chuqenel,",chuqenel,0
37,0,Kamul,kamul,0
37,1,"I'yom,",i'yom,0
38,0,Kamul,kamul,0
38,1,"Mamom,",mamom,0
39,0,Chuchaxik,chuchaxik,0
40,0,Pa,pa,0
40,1,K'iche',k'iche',0
40,2,tzij.,tzij,0
41,0,Ta,ta,0
41,1,xkitzijoj,xkitzijoj,0
41,2,"ronojel,",ronojel,0
42,0,Ruk',ruk',0
42,1,xkib'an,xkib'an,0
42,2,"chik,",chik,0
43,0,Chi,chi,0
43,1,saqil,saqil,0
43,2,"k'olem,",k'olem,0
44,0,Saqil,saqil,0
44,1,tzij.,tzij,0
45,0,Wa'e,wa'e,0
45,1,xchiqatz'ib'aj,xchiqatz'ib'aj,0
46,0,Chupan,chupan,0
46,1,chik,chik,0
46,2,u,u,0
46,3,ch'ab'al,ch'ab'al,0
46,4,"Dios,",dios,0
47,0,Pa,pa,0
47,1,christianoil,christianoil,0
47,2,chik.,chik,0
48,0,"Xchiqelesaj,",xchiqelesaj,0
49,0,Rumal,rumal,0
49,1,maja,maja,0
49,2,b'i,b'i,0
49,3,chik,chik,0
50,0,Ilb'al,ilb'al,0
50,1,re,re,0
50,2,Popo,popo,0
50,3,"Wuj,",wuj,0
51,0,Ilb'al,ilb'al,0
51,1,saq,saq,0
52,0,Petenaq,petenaq,0
52,1,ch'aqa,ch'aqa,0
52,2,"palo,",palo,0
53,0,U,u,0
53,1,tzijoxik,tzijoxik,0
53,2,qa,qa,0
53,3,"mujib'al,",mujib'al,0
54,0,Ilb'al,ilb'al,0
54,1,saq,saq,0
54,2,"k'aslem,",k'aslem,0
54,3,chuchaxik.,chuchaxik,0
55,0,K'o,k'o,0
55,1,nab'e,nab'e,0
55,2,wujil,wujil,0
55,3,ojer,ojer,0
55,4,tz'ib'am,tz'ib'am,0
55,5,"puch,",puch,0
56,0,Xa,xa,0
56,1,ewal,ewal,0
56,2,u,u,0
56,3,wach,wach,0
57,0,Ilol,ilol,0
57,1,"re,",re,0
58,0,B'isol,b'isol,0
58,1,re.,re,0
59,0,Nim,nim,0
59,1,u,u,0
59,2,"pe'oxik,",pe'oxik,0
60,0,U,u,0
60,1,tzijoxik,tzijoxik,0
60,2,"puch,",puch,0
61,0,Ta,ta,0
61,1,chik'is,chik'is,0
62,0,"Tz'uk,",tz'uk,0
63,0,Ronojel,ronojel,0
63,1,"kaj,",kaj,0
64,0,Ulew.,ulew,0
65,0,U,u,0
65,1,kaj,kaj,0
65,2,"tz'ukuxik,",tz'ukuxik,0
66,0,U,u,0
66,1,kaj,kaj,0
66,2,"xukutaxik,",xukutaxik,0
67,0,"Retaxik,",retaxik,0
68,0,U,u,0
68,1,kaj,kaj,0
68,2,"che'xik,",che'xik,0
69,0,U,u,0
69,1,mej,mej,0
69,2,"k'a'amaxik,",k'a'amaxik,0
70,0,U,u,0
70,1,yuq,yuq,0
70,2,"k'a'amaxik,",k'a'amaxik,0
71,0,U,u,0
71,1,pa,pa,0
71,2,"kaj,",kaj,0
72,0,U,u,0
72,1,pa,pa,0
72,2,ulew.,ulew,0
73,0,Kaj,kaj,0
73,1,"tz'uk,",tz'uk,0
74,0,Kaj,kaj,0
74,1,"xukut,",xukut,0
74,2,"chuchaxik,",chuchaxik,0
75,0,Rumal,rumal,0
75,1,ri,ri,0
75,2,"Tz'aqol,",tz'aqol,0
76,0,"B'itol,",b'itol,0
77,0,U,u,0
77,1,"chuch,",chuch,0
78,0,U,u,0
78,1,"qajaw,",qajaw,0
79,0,"K'aslem,",k'aslem,0
80,0,"Winaqirem,",winaqirem,0
81,0,"Ab'anel,",ab'anel,0
82,0,"K'u'xlanel,",k'u'xlanel,0
83,0,Alay,alay,0
83,1,"rech,",rech,0
84,0,K'u'xlay,k'u'xlay,0
84,1,rech,rech,0
85,0,Saqil,saqil,0
85,1,"amaq'il,",amaq'il,0
86,0,Saqil,saqil,0
86,1,"al,",al,0
87,0,Saqil,saqil,0
87,1,"k'ajol,",k'ajol,0
88,0,Aj,aj,0
88,1,"b'is,",b'is,0
89,0,Aj,aj,0
89,1,na'oj,na'oj,0
90,0,Chirech,chirech,0
90,1,"ronojel,",ronojel,0
91,0,Atok'ol,atok'ol,0
91,1,wi:,wi,0
92,0,"Kaj,",kaj,0
93,0,"Ulew,",ulew,0
94,0,"Cho,",cho,0
95,0,Palo.,palo,0
96,0,ARE',are',0
96,1,U,u,0
96,2,TZIJOXIK,tzijoxik,0
97,0,Wa'e.,wa'e,0
98,0,K'a,k'a,0
98,1,"katz'ininoq,",katz'ininoq,0
99,0,K'a,k'a,0
99,1,"kachamamoq,",kachamamoq,0
100,0,"Katz'inonik,",katz'inonik,0
101,0,K'a,k'a,0
101,1,"kasilanik,",kasilanik,0
102,0,K'a,k'a,0
102,1,"kalolinik,",kalolinik,0
103,0,Katolona',katolona',0
103,1,puch,puch,0
103,2,u,u,0
103,3,pa,pa,0
103,4,kaj.,kaj,0
104,0,WA'E,wa'e,0
104,1,k'ut,k'ut,0
104,2,e,e,0
104,3,nab'e,nab'e,0
104,4,"tzij,",tzij,0
105,0,Nab'e,nab'e,0
105,1,ucha'n.,ucha'n,0
106,0,Maja,maja,0
106,1,b'i'oq,b'i'oq,0
106,2,jun,jun,0
106,3,"winaq,",winaq,0
107,0,Jun,jun,0
107,1,"chikop,",chikop,0
108,0,"Tz'ikin,",tz'ikin,0
109,0,"Kar,",kar,0
110,0,"Tap,",tap,0
111,0,"Che',",che',0
112,0,Ab'aj,ab'aj,0
113,0,"Jul,",jul,0
114,0,"Siwan,",siwan,0
115,0,"K'im,",k'im,0
116,0,K'eche'laj.,k'eche'laj,0
117,0,Xa,xa,0
117,1,u,u,0
117,2,tukel,tukel,0
117,3,kaj,kaj,0
117,4,"k'olik,",k'olik,0
118,0,Mawi,mawi,0
118,1,q'alaj,q'alaj,0
118,2,u,u,0
118,3,wach,wach,0
118,4,"ulew,",ulew,0
119,0,Xa,xa,0
119,1,u,u,0
119,2,tukel,tukel,0
119,3,remanik,remanik,0
119,4,"palo,",palo,0
120,0,U,u,0
120,1,pa,pa,0
120,2,kaj,kaj,0
120,3,ronojel.,ronojel,0
121,0,Maja,maja,0
121,1,b'i,b'i,0
121,2,naqi,naqi,0
121,3,la',la',0
122,0,"Kamolob'ik,",kamolob'ik,0
123,0,"Kakotz'ob'ik,",kakotz'ob'ik,0
124,0,Jun,jun,0
124,1,ta,ta,0
124,2,"kasilob'ik,",kasilob'ik,0
125,0,Kamal,kamal,0
125,1,"kab'antaj,",kab'antaj,0
126,0,Kakotz',kakotz',0
126,1,kab'antaj,kab'antaj,0
126,2,pa,pa,0
126,3,kaj.,kaj,0
127,0,Xma,xma,0
127,1,k'o,k'o,0
127,2,wi,wi,0
127,3,naqi,naqi,0
127,4,la',la',0
127,5,k'olik,k'olik,0
127,6,yakalik.,yakalik,0
128,0,Xa,xa,0
128,1,remanik,remanik,0
128,2,"ja',",ja',0
129,0,Xa,xa,0
129,1,li'anik,li'anik,0
129,2,"palo,",palo,0
130,0,Xa,xa,0
130,1,u,u,0
130,2,tukel,tukel,0
130,3,remanik.,remanik,0
131,0,Xma,xma,0
131,1,k'o,k'o,0
131,2,wi,wi,0
131,3,naqi,naqi,0
131,4,la',la',0
131,5,lo,lo,0
131,6,k'olik.,k'olik,0
132,0,Xa,xa,0
132,1,"kachamanik,",kachamanik,0
133,0,"Katz'ininik,",katz'ininik,0
134,0,Chi,chi,0
134,1,"q'equ'm,",q'equ'm,0
135,0,Chi,chi,0
135,1,aq'ab'.,aq'ab',0
136,0,Xa,xa,0
136,1,u,u,0
136,2,tukel,tukel,0
136,3,ri,ri,0
136,4,"Tz'aqol,",tz'aqol,0
137,0,"B'itol,",b'itol,0
138,0,"Tepew,",tepew,0
139,0,"Q'ukumatz,",q'ukumatz,0
140,0,E,e,0
140,1,"Alom,",alom,0
141,0,E,e,0
141,1,"K'ajolom,",k'ajolom,0
142,0,K'o,k'o,0
142,1,pa,pa,0
142,2,ja'.,ja',0
143,0,Saqtetoj,saqtetoj,0
143,1,e,e,0
143,2,k'o,k'o,0
143,3,wi.,wi,0
144,0,E,e,0
144,1,muqutal,muqutal,0
144,2,pa,pa,0
144,3,"q'uq',",q'uq',0
145,0,Pa,pa,0
145,1,raxon.,raxon,0
146,0,Are',are',0
146,1,u,u,0
146,2,b'i'nam,b'i'nam,0
146,3,wi,wi,0
147,0,Ri,ri,0
147,1,Q'ukumatz.,q'ukumatz,0
148,0,E,e,0
148,1,nima'q,nima'q,0
148,2,"eta'manel,",eta'manel,0
149,0,E,e,0
149,1,nima'q,nima'q,0
149,2,aj,aj,0
149,3,na'oj,na'oj,0
149,4,chi,chi,0
149,5,ki,ki,0
149,6,k'oje'ik.,k'oje'ik,0
150,0,Keje',keje',0
150,1,k'ut,k'ut,0
150,2,xax,xax,0
150,3,k'o,k'o,0
150,4,wi,wi,0
150,5,ri,ri,0
150,6,"kaj,",kaj,0
151,0,K'o,k'o,0
151,1,nay,nay,0
151,2,puch,puch,0
151,3,u,u,0
151,4,K'u'x,k'u'x,0
151,5,Kaj.,kaj,0
152,0,Are',are',0
152,1,u,u,0
152,2,b'i',b'i',0
153,0,Ri,ri,0
153,1,k'ab'awil,k'ab'awil,0
153,2,chuchaxik.,chuchaxik,0
154,0,TA,ta,0
154,1,xpe,xpe,0
154,2,k'ut,k'ut,0
154,3,u,u,0
154,4,tzij,tzij,0
154,5,"waral,",waral,0
155,0,Xul,xul,0
155,1,kuk',kuk',0
156,0,Ri,ri,0
156,1,"Tepew,",tepew,0
157,0,"Q'ukumatz,",q'ukumatz,0
158,0,Waral,waral,0
158,1,chi,chi,0
158,2,"q'equ'mal,",q'equ'mal,0
159,0,Chi,chi,0
159,1,aq'ab'al.,aq'ab'al,0
160,0,Xch'aw,xch'aw,0
160,1,ruk',ruk',0
161,0,Ri,ri,0
161,1,"Tepew,",tepew,0
162,0,"Q'ukumatz,",q'ukumatz,0
163,0,Xecha',xecha',0
163,1,"k'ut,",k'ut,0
164,0,Ta,ta,0
164,1,"xena'ojinik,",xena'ojinik,0
165,0,Ta,ta,0
165,1,"xeb'isonik,",xeb'isonik,0
166,0,Xeriqo,xeriqo,0
166,1,"kib',",kib',0
167,0,Xkikuch,xkikuch,0
168,0,Ki,ki,0
168,1,"tzij,",tzij,0
169,0,Ki,ki,0
169,1,na'oj.,na'oj,0
170,0,Ta,ta,0
170,1,"xkalaj,",xkalaj,0
171,0,Ta,ta,0
171,1,xkik'u'xlaj,xkik'u'xlaj,0
171,2,kib'.,kib',0
172,0,Xe',xe',0
172,1,wi,wi,0
172,2,saq,saq,0
172,3,"ta,",ta,0
173,0,Xkalaj,xkalaj,0
173,1,puch,puch,0
173,2,winaq.,winaq,0
174,0,Ta,ta,0
174,1,xkina'ojij,xkina'ojij,0
174,2,u,u,0
174,3,"tz'ukik,",tz'ukik,0
175,0,U,u,0
175,1,winaqirik,winaqirik,0
176,0,"Che',",che',0
177,0,"K'a'am,",k'a'am,0
178,0,U,u,0
178,1,tz'ukuxik,tz'ukuxik,0
178,2,puch,puch,0
178,3,"k'aslem,",k'aslem,0
179,0,"Winaqirem,",winaqirem,0
180,0,Chi,chi,0
180,1,"q'equ'mal,",q'equ'mal,0
181,0,Chi,chi,0
181,1,"aq'ab'al,",aq'ab'al,0
182,0,Rumal,rumal,0
182,1,"ri',",ri',0
182,2,u,u,0
182,3,K'u'x,k'u'x,0
182,4,"Kaj,",kaj,0
183,0,Juraqan,juraqan,0
183,1,u,u,0
183,2,b'i'.,b'i',0
184,0,Kaqulja,kaqulja,0
184,1,Juraqan,juraqan,0
184,2,"nab'e,",nab'e,0
185,0,U,u,0
185,1,kab',kab',0
185,2,k'ut,k'ut,0
185,3,Ch'i'pi,ch'i'pi,0
185,4,"Kaqulja,",kaqulja,0
186,0,Rox,rox,0
186,1,chik,chik,0
186,2,Raxa,raxa,0
186,3,Kaqulja.,kaqulja,0
187,0,Chi,chi,0
187,1,e,e,0
187,2,k'u,k'u,0
187,3,oxib',oxib',0
187,4,"ri',",ri',0
188,0,U,u,0
188,1,K'u'x,k'u'x,0
188,2,Kaj.,kaj,0
189,0,Ta,ta,0
189,1,xe'ul,xe'ul,0
189,2,kuk',kuk',0
190,0,Ri,ri,0
190,1,"Tepew,",tepew,0
191,0,"Q'ukumatz,",q'ukumatz,0
192,0,Ta,ta,0
192,1,xna'ojixik,xna'ojixik,0
193,0,"Saq,",saq,0
194,0,"K'aslem,",k'aslem,0
195,0,“Jupacha,jupacha,1
195,1,ta,ta,1
195,2,chawaxoq?,chawaxoq,1
196,0,Ta,ta,1
196,1,saqiro,saqiro,1
196,2,puch,puch,1
196,3,apachinaq?,apachinaq,1
197,0,Tzuqul?,tzuqul,1
198,0,Q'o'l?,q'o'l,1
199,0,Ta,ta,1
199,1,chuxoq.,chuxoq,1
200,0,"Kixno'jintaj,",kixno'jintaj,1
201,0,Are',are',1
201,1,ri,ri,1
201,2,ja',ja',1
201,3,"cheltaj,",cheltaj,1
202,0,"Chijamataj,",chijamataj,1
203,0,"Chiwinaqir,",chiwinaqir,1
204,0,Wa',wa',1
204,1,"ulew,",ulew,1
205,0,U,u,1
205,1,"laqel,",laqel,1
206,0,Ta,ta,1
206,1,k'u',k'u',1
206,2,"rib',",rib',1
207,0,Ch'ata,ch'ata,1
207,1,k'ut.,k'ut,1
208,0,Ta,ta,1
208,1,"chawaxoq,",chawaxoq,1
209,0,Ta,ta,1
209,1,"saqiroq,",saqiroq,1
210,0,"Kaj,",kaj,1
211,0,Ulew.,ulew,1
212,0,Ma,ma,1
212,1,ta,ta,1
212,2,k'ut,k'ut,1
212,3,u,u,1
212,4,"q'ijilab'al,",q'ijilab'al,1
213,0,U,u,1
213,1,q'ala'ib'al,q'ala'ib'al,1
213,2,ri',ri',1
214,0,Qa,qa,1
214,1,"tz'aq,",tz'aq,1
215,0,Qa,qa,1
215,1,"b'it,",b'it,1
216,0,Ta,ta,1
216,1,winaqiroq,winaqiroq,1
216,2,winaq,winaq,1
216,3,"tz'aq,",tz'aq,1
217,0,Winaq,winaq,1
217,1,"b'it,”",b'it,1
217,2,xecha',xecha',1
217,3,k'ut.,k'ut,1
218,0,Ta,ta,1
218,1,xwinaqir,xwinaqir,1
218,2,k'u,k'u,1
219,0,Ri,ri,1
219,1,ulew,ulew,1
220,0,Kumal.,kumal,1
221,0,Xa,xa,1
221,1,ki,ki,1
221,2,tzij,tzij,1
222,0,Xk'oje',xk'oje',1
222,1,wi,wi,1
223,0,U,u,1
223,1,winaqirik.,winaqirik,1
224,0,Chiwinaqir,chiwinaqir,1
225,0,"Ulew,",ulew,1
226,0,"“Uleuj,”",uleuj,1
226,1,xecha'.,xecha',1
227,0,Lib'aj,lib'aj,1
227,1,chi,chi,1
227,2,xwinaqirik.,xwinaqirik,1
228,0,Keje',keje',1
228,1,ri,ri,1
228,2,xa,xa,1
228,3,"sutz',",sutz',1
229,0,Xa,xa,1
229,1,may,may,1
229,2,"wi,",wi,1
230,0,U,u,1
230,1,winaqirik,winaqirik,1
230,2,"chik,",chik,1
231,0,U,u,1
231,1,pupuje'ik.,pupuje'ik,1
232,0,Ta,ta,1
232,1,xta',xta',1
232,2,pe,pe,1
232,3,pa,pa,1
232,4,ja',ja',1
233,0,Ri,ri,1
233,1,juyub'.,juyub',1
234,0,Ju,ju,1
234,1,suk',suk',1
234,2,nima'q,nima'q,1
234,3,juyub',juyub',1
235,0,Xuxik.,xuxik,1
236,0,Xa,xa,1
236,1,ki,ki,1
236,2,"nawal,",nawal,1
237,0,Xa,xa,1
237,1,ki,ki,1
237,2,"pus,",pus,1
238,0,Xb'antaj,xb'antaj,1
238,1,wi,wi,1
238,2,u,u,1
238,3,na'ojixik,na'ojixik,1
239,0,"Juyub',",juyub',1
240,0,Taq'aj.,taq'aj,1
241,0,Ju,ju,1
241,1,suk',suk',1
241,2,rach,rach,1
241,3,winaqirik,winaqirik,1
242,0,U,u,1
242,1,"k'isisil,",k'isisil,1
243,0,U,u,1
243,1,pachajil,pachajil,1
243,2,u,u,1
243,3,wach.,wach,1
244,0,Keje',keje',1
244,1,k'ut,k'ut,1
244,2,xki'kot,xki'kot,1
244,3,wi,wi,1
244,4,ri,ri,1
244,5,Q'ukumatz:,q'ukumatz,1
245,0,“Utz,utz,1
245,1,mi,mi,1
245,2,"xatulik,",xatulik,1
246,0,At,at,1
246,1,u,u,1
246,2,K'u'x,k'u'x,1
246,3,Kaj:,kaj,1
247,0,At,at,1
247,1,"Juraqan,",juraqan,1
248,0,At,at,1
248,1,pu,pu,1
248,2,Ch'i'pi,ch'i'pi,1
248,3,"Kaqulja,",kaqulja,1
249,0,Raxa,raxa,1
249,1,Kaqulja.,kaqulja,1
250,0,Xchutzinik,xchutzinik,1
250,1,qa,qa,1
250,2,"tz'aq,",tz'aq,1
251,0,Qa,qa,1
251,1,"b'it,”",b'it,1
251,2,xecha',xecha',1
251,3,k'ut.,k'ut,1
252,0,Nab'e,nab'e,1
252,1,k'ut,k'ut,1
252,2,xwinaqir,xwinaqir,1
253,0,"Ulew,",ulew,1
254,0,"Juyub',",juyub',1
254,1,"taq'aj,",taq'aj,1
255,0,Xch'ob'och'ox,xch'ob'och'ox,1
255,1,u,u,1
255,2,b'e,b'e,1
255,3,"ja',",ja',1
256,0,Xb'inije'ik,xb'inije'ik,1
256,1,k'oleje',k'oleje',1
256,2,raqan,raqan,1
257,0,Xo'l,xo'l,1
257,1,taq,taq,1
257,2,juyub'.,juyub',1
258,0,Xa,xa,1
258,1,ch'ob'ol,ch'ob'ol,1
258,2,chik,chik,1
258,3,xek'oje',xek'oje',1
258,4,wi,wi,1
258,5,"ja',",ja',1
259,0,Ta,ta,1
259,1,xk'utunije'ik,xk'utunije'ik,1
259,2,nima'q,nima'q,1
259,3,juyub'.,juyub',1
260,0,Keje',keje',1
260,1,k'ut,k'ut,1
260,2,u,u,1
260,3,winaqirik,winaqirik,1
260,4,ulew,ulew,1
260,5,"ri',",ri',1
261,0,Ta,ta,1
261,1,xwinaqirik,xwinaqirik,1
261,2,kumal,kumal,1
262,0,Ri,ri,1
262,1,u,u,1
262,2,K'u'x,k'u'x,1
262,3,"Kaj,",kaj,1
263,0,U,u,1
263,1,K'u'x,k'u'x,1
263,2,"Ulew,",ulew,1
263,3,ke'uchaxik.,ke'uchaxik,1
264,0,Ri',ri',1
264,1,"k'ut,",k'ut,1
265,0,E,e,1
265,1,nab'e,nab'e,1
266,0,Xkino'jij.,xkino'jij,1
267,0,Xk'olo,xk'olo,1
267,1,wi,wi,1
267,2,ri,ri,1
267,3,"kaj,",kaj,1
268,0,Xk'olo,xk'olo,1
268,1,nay,nay,1
268,2,puch,puch,1
268,3,ulew,ulew,1
268,4,chupan,chupan,1
268,5,"ja',",ja',1
269,0,Keje',keje',1
269,1,k'ut,k'ut,1
269,2,u,u,1
269,3,no'jixik,no'jixik,1
269,4,"ri',",ri',1
270,0,Ta,ta,1
270,1,"xkino'jij,",xkino'jij,1
271,0,Ta,ta,1
271,1,xkib'isoj,xkib'isoj,1
272,0,"Rutzinik,",rutzinik,1
273,0,U,u,1
273,1,b'anatajik,b'anatajik,1
273,2,kumal.,kumal,1
274,0,TA,ta,1
274,1,xkino'jij,xkino'jij,1
274,2,chik,chik,1
275,0,U,u,1
275,1,chikopil,chikopil,1
275,2,"juyub',",juyub',1
276,0,Chajal,chajal,1
276,1,re,re,1
276,2,"k'eche'laj,",k'eche'laj,1
277,0,Ronojel,ronojel,1
277,1,u,u,1
277,2,winaqil,winaqil,1
277,3,juyub':,juyub',1
278,0,Ri,ri,1
278,1,"kiej,",kiej,1
279,0,"Tz'ikin,",tz'ikin,1
280,0,"Koj,",koj,1
281,0,"B'alam,",b'alam,1
282,0,"Kumatz,",kumatz,1
283,0,"Sochoj,",sochoj,1
284,0,K'an,k'an,1
284,1,"Ti',",ti',1
285,0,Chajal,chajal,1
285,1,k'a'am.,k'a'am,1
286,0,Kacha',kacha',1
286,1,ri,ri,1
286,2,"Alom,",alom,1
287,0,K'ajolom:,k'ajolom,1
288,0,“Xa,xa,1
288,1,pa,pa,1
288,2,chilolinik?,chilolinik,1
289,0,Ma,ma,1
289,1,xa'on,xa'on,1
289,2,chitz'ininik,chitz'ininik,1
290,0,U,u,1
290,1,xe',xe',1
290,2,"che',",che',1
291,0,K'a'am?,k'a'am,1
292,0,K'ate,k'ate,1
292,1,utz,utz,1
292,2,chik'oje',chik'oje',1
293,0,Chajal,chajal,1
293,1,"re,”",re,1
293,2,xecha',xecha',1
293,3,k'ut.,k'ut,1
294,0,Ta,ta,1
294,1,"xkino'jij,",xkino'jij,1
295,0,Xkitzijoj,xkitzijoj,1
295,1,"puch,",puch,1
296,0,Ju,ju,1
296,1,suk'u,suk'u,1
296,2,xwinaqir,xwinaqir,1
297,0,"Kiej,",kiej,1
298,0,Tz'ikin.,tz'ikin,1
299,0,Ta,ta,1
299,1,xkisipaj,xkisipaj,1
299,2,k'ut,k'ut,1
299,3,rochoch,rochoch,1
300,0,"Kiej,",kiej,1
301,0,Tz'ikin.,tz'ikin,1
302,0,“At,at,1
302,1,"kiej,",kiej,1
303,0,Pa,pa,1
303,1,b'e,b'e,1
303,2,"ya',",ya',1
304,0,Pa,pa,1
304,1,siwan,siwan,1
305,0,Katwar,katwar,1
305,1,wi.,wi,1
306,0,Waral,waral,1
306,1,katk'oje',katk'oje',1
306,2,wi,wi,1
307,0,Pa,pa,1
307,1,"k'im,",k'im,1
308,0,Pa,pa,1
308,1,"saq'ul,",saq'ul,1
309,0,Pa,pa,1
309,1,k'eche'laj,k'eche'laj,1
310,0,Kipoq'o',kipoq'o',1
310,1,wi,wi,1
310,2,iwib'.,iwib',1
311,0,Kajkaj,kajkaj,1
311,1,i,i,1
311,2,"b'inib'al,",b'inib'al,1
312,0,I,i,1
312,1,chakab'al,chakab'al,1
312,2,"chuxik,”",chuxik,1
312,3,xe'uchaxik.,xe'uchaxik,1
313,0,Ta,ta,1
313,1,xkich'ik,xkich'ik,1
313,2,k'ut,k'ut,1
314,0,Kochoch,kochoch,1
315,0,Ch'uti,ch'uti,1
315,1,"tz'ikin,",tz'ikin,1
316,0,Nima,nima,1
316,1,tz'ikin.,tz'ikin,1
317,0,"“Ix,",ix,1
317,1,ix,ix,1
317,2,"tz'ikin,",tz'ikin,1
317,3,chuwi',chuwi',1
317,4,"che',",che',1
318,0,Chuwi',chuwi',1
318,1,k'a'am,k'a'am,1
319,0,Kixochochin,kixochochin,1
319,1,"wi,",wi,1
320,0,Kixjain,kixjain,1
320,1,wi.,wi,1
321,0,Chiri',chiri',1
321,1,kixpoq',kixpoq',1
321,2,"wi,",wi,1
322,0,Kixk'iritaj,kixk'iritaj,1
322,1,wi,wi,1
323,0,Chuq'ab',chuq'ab',1
323,1,"che',",che',1
324,0,Chuq'ab',chuq'ab',1
324,1,"k'a'am,”",k'a'am,1
325,0,Xe'uchaxik,xe'uchaxik,1
325,1,"kiej,",kiej,1
326,0,Tz'ikin.,tz'ikin,1
327,0,Ta,ta,1
327,1,xkib'ano,xkib'ano,1
328,0,Ki,ki,1
328,1,"b'anoj,",b'anoj,1
329,0,Ronojel,ronojel,1
329,1,xuk'amo,xuk'amo,1
329,2,u,u,1
329,3,"warab'al,",warab'al,1
330,0,U,u,1
330,1,yakalib'al.,yakalib'al,1
331,0,Keje',keje',1
331,1,k'ut,k'ut,1
331,2,kochoch,kochoch,1
331,3,wi,wi,1
332,0,Chikop,chikop,1
332,1,ri,ri,1
332,2,ulew.,ulew,1
333,0,"Xuya'o,",xuya'o,1
334,0,"Alom,",alom,1
335,0,K'ajolom.,k'ajolom,1
336,0,Xutzininaqa,xutzininaqa,1
336,1,chik,chik,1
336,2,ronojel,ronojel,1
337,0,Ri,ri,1
337,1,"kiej,",kiej,1
338,0,Tz'ikin.,tz'ikin,1
339,0,TA,ta,1
339,1,xe'uchax,xe'uchax,1
339,2,chi,chi,1
339,3,k'ut,k'ut,1
339,4,ri,ri,1
339,5,"kiej,",kiej,1
340,0,Tz'ikin,tz'ikin,1
341,0,Rumal,rumal,1
341,1,"Tz'aqol,",tz'aqol,1
342,0,"B'itol,",b'itol,1
343,0,"Alom,",alom,1
344,0,"K'ajolom,",k'ajolom,1
345,0,“Kixch'awoq!,kixch'awoq,1
346,0,Kixsik'inoq!,kixsik'inoq,1
347,0,"Mixyonolikinik,",mixyonolikinik,1
348,0,Mixsik'inik.,mixsik'inik,1
349,0,Kixch'awajetaj,kixch'awajetaj,1
350,0,Chi,chi,1
350,1,"jujunal,",jujunal,1
351,0,Chi,chi,1
351,1,ju,ju,1
351,2,taq,taq,1
351,3,"ch'ob'il,",ch'ob'il,1
352,0,Chi,chi,1
352,1,ju,ju,1
352,2,taq,taq,1
352,3,"molajil,”",molajil,1
353,0,Xe'uchaxik,xe'uchaxik,1
353,1,ri,ri,1
353,2,"kiej,",kiej,1
354,0,"Tz'ikin,",tz'ikin,1
355,0,"Koj,",koj,1
356,0,"B'alam,",b'alam,1
357,0,"Kumatz,",kumatz,1
358,0,“Chib'ij,chib'ij,1
358,1,na,na,1
358,2,k'ut,k'ut,1
358,3,ri,ri,1
358,4,qa,qa,1
358,5,b'i'.,b'i',1
359,0,"Kojiq'ijarisaj,",kojiq'ijarisaj,1
360,0,Oj,oj,1
360,1,i,i,1
360,2,"chuch,",chuch,1
361,0,Oj,oj,1
361,1,i,i,1
361,2,qajaw.,qajaw,1
362,0,Kixcha',kixcha',1
362,1,wa',wa',1
362,2,na,na,1
362,3,k'ut:,k'ut,1
363,0,"‘Juraqan,",juraqan,1
364,0,Ch'i'pi,ch'i'pi,1
364,1,"Kaqulja,",kaqulja,1
365,0,Raxa,raxa,1
365,1,"Kaqulja,",kaqulja,1
366,0,U,u,1
366,1,K'u'x,k'u'x,1
366,2,"Kaj,",kaj,1
367,0,U,u,1
367,1,K'u'x,k'u'x,1
367,2,"Ulew,",ulew,1
368,0,"Tz'aqol,",tz'aqol,1
369,0,"B'itol,",b'itol,1
370,0,"Alom,",alom,1
371,0,K'ajolom.’,k'ajolom,1
372,0,Kixch'awoq!,kixch'awoq,1
373,0,Kojisik'ij!,kojisik'ij,1
374,0,Kojiq'ijila'!”,kojiq'ijila',1
374,1,xe'uchaxik.,xe'uchaxik,1
375,0,Ma,ma,1
375,1,k'u,k'u,1
375,2,"xutzinik,",xutzinik,1
376,0,Xech'awik,xech'awik,1
376,1,keje',keje',1
376,2,ta,ta,1
376,3,ri',ri',1
376,4,winaq.,winaq,1
377,0,Xa,xa,1
377,1,"kewech'elajik,",kewech'elajik,1
378,0,Xa,xa,1
378,1,"kek'aralajik,",kek'aralajik,1
379,0,Xa,xa,1
379,1,kewojonik.,kewojonik,1
380,0,Mawi,mawi,1
380,1,xwachinik,xwachinik,1
380,2,u,u,1
380,3,wach,wach,1
380,4,ki,ki,1
380,5,ch'ab'al.,ch'ab'al,1
382,0,Ri,ri,1
382,1,"Tz'aqol,",tz'aqol,1
383,0,B'itol:,b'itol,1
384,0,“Mawi,mawi,1
384,1,mi,mi,1
384,2,xutzinik,xutzinik,1
385,0,Mi,mi,1
385,1,"xech'awik,”",xech'awik,1
386,0,Xecha',xecha',1
386,1,chik,chik,1
386,2,chi,chi,1
386,3,kib'il,kib'il,1
386,4,kib':,kib',1
387,0,“Mawi,mawi,1
387,1,mi,mi,1
387,2,xutzin,xutzin,1
388,0,U,u,1
388,1,b'ixik,b'ixik,1
388,2,qa,qa,1
388,3,b'i',b'i',1
388,4,rumal.,rumal,1
389,0,Oj,oj,1
389,1,Kaj,kaj,1
389,2,"Tz'aq,",tz'aq,1
390,0,Oj,oj,1
390,1,pu,pu,1
390,2,Kaj,kaj,1
390,3,"B'it,",b'it,1
391,0,Mawi,mawi,1
391,1,"utz,”",utz,1
391,2,xcha',xcha',1
391,3,chik,chik,1
391,4,chi,chi,1
391,5,kib'il,kib'il,1
391,6,"kib',",kib',1
392,0,Ri,ri,1
392,1,"Alom,",alom,2
393,0,K'ajolom.,k'ajolom,2
394,0,Xe'uchax,xe'uchax,2
394,1,k'ut:,k'ut,2
395,0,“Xa,xa,2
395,1,kixjalatajik,kixjalatajik,2
396,0,Rumal,rumal,2
396,1,mawi,mawi,2
396,2,mi,mi,2
396,3,"xutzinik,",xutzinik,2
397,0,Mawi,mawi,2
397,1,mi,mi,2
397,2,xixch'awik.,xixch'awik,2
398,0,Mi,mi,2
398,1,k'u,k'u,2
398,2,xqajal,xqajal,2
398,3,qa,qa,2
398,4,tzij.,tzij,2
399,0,"Iwecha',",iwecha',2
400,0,I,i,2
400,1,"k'uxun,",k'uxun,2
401,0,I,i,2
401,1,"warab'al,",warab'al,2
402,0,I,i,2
402,1,yakalib'al.,yakalib'al,2
403,0,Xiwech,xiwech,2
403,1,wi,wi,2
404,0,Mi,mi,2
404,1,xe'uxik,xe'uxik,2
405,0,"Siwan,",siwan,2
406,0,K'eche'laj.,k'eche'laj,2
407,0,Rumal,rumal,2
407,1,mawi,mawi,2
407,2,xutzin,xutzin,2
407,3,qa,qa,2
407,4,"q'ijiloxik,",q'ijiloxik,2
408,0,Mawi,mawi,2
408,1,ix,ix,2
408,2,sik'iy,sik'iy,2
408,3,qe.,qe,2
409,0,K'a,k'a,2
409,1,"k'o,",k'o,2
410,0,K'o,k'o,2
410,1,wi,wi,2
410,2,"lo,",lo,2
411,0,"Q'ijilonel,",q'ijilonel,2
412,0,Nimanel,nimanel,2
412,1,chiqab'an,chiqab'an,2
412,2,"chik,",chik,2
413,0,Xa,xa,2
413,1,chik'am,chik'am,2
413,2,i,i,2
413,3,patan.,patan,2
414,0,Xa,xa,2
414,1,i,i,2
414,2,tio'jil,tio'jil,2
414,3,chikach'ik.,chikach'ik,2
415,0,Ta,ta,2
415,1,chuxoq.,chuxoq,2
416,0,Are',are',2
416,1,k'ut,k'ut,2
416,2,"chipatanij,”",chipatanij,2
417,0,Xe'uchaxik.,xe'uchaxik,2
418,0,Ta,ta,2
418,1,"xepixab'axik,",xepixab'axik,2
419,0,Ch'uti,ch'uti,2
419,1,"chikop,",chikop,2
420,0,Nima,nima,2
420,1,chikop,chikop,2
420,2,k'o,k'o,2
420,3,chuwach,chuwach,2
420,4,ulew.,ulew,2
421,0,Ta,ta,2
421,1,xraj,xraj,2
421,2,k'u,k'u,2
421,3,kitij,kitij,2
421,4,chik,chik,2
421,5,ki,ki,2
421,6,"q'ij,",q'ij,2
422,0,Xraj,xraj,2
422,1,kitijitob'ej,kitijitob'ej,2
422,2,"chik,",chik,2
423,0,Xraj,xraj,2
423,1,pu,pu,2
423,2,kinuk',kinuk',2
423,3,chik,chik,2
423,4,q'ijilab'al.,q'ijilab'al,2
424,0,Xma,xma,2
424,1,xkita,xkita,2
424,2,wi,wi,2
424,3,ki,ki,2
424,4,ch'ab'al,ch'ab'al,2
424,5,chi,chi,2
424,6,kib'il,kib'il,2
424,7,"kib',",kib',2
425,0,Xma,xma,2
425,1,xnawachir,xnawachir,2
425,2,wi,wi,2
425,3,"k'ut,",k'ut,2
426,0,Xma,xma,2
426,1,xb'anataj,xb'anataj,2
426,2,wi,wi,2
426,3,puch.,puch,2
427,0,Keje',keje',2
427,1,k'ut,k'ut,2
427,2,xech'akataj,xech'akataj,2
427,3,wi,wi,2
427,4,ki,ki,2
427,5,"tio'jil,",tio'jil,2
428,0,"Xkipatanij,",xkipatanij,2
429,0,"Xeti'ik,",xeti'ik,2
430,0,"Xekamisaxik,",xekamisaxik,2
431,0,Ri,ri,2
431,1,chikop,chikop,2
431,2,k'o,k'o,2
431,3,waral,waral,2
432,0,Chuwach,chuwach,2
432,1,ulew.,ulew,2
433,0,KEJE',keje',2
433,1,k'ut,k'ut,2
433,2,u,u,2
433,3,tijtob'exik,tijtob'exik,2
433,4,chik,chik,2
433,5,winaq,winaq,2
433,6,"tz'aq,",tz'aq,2
434,0,Winaq,winaq,2
434,1,"b'it,",b'it,2
435,0,Kumal,kumal,2
435,1,"Tz'aqol,",tz'aqol,2
436,0,"B'itol,",b'itol,2
437,0,"Alom,",alom,2
438,0,K'ajolom.,k'ajolom,2
439,0,“Xa,xa,2
439,1,qa,qa,2
439,2,tija',tija',2
439,3,chik.,chik,2
440,0,Mi,mi,2
440,1,xyopij,xyopij,2
441,0,"Rawaxik,",rawaxik,2
442,0,U,u,2
442,1,saqirik.,saqirik,2
443,0,Qa,qa,2
443,1,b'ana',b'ana',2
443,2,tzuqul,tzuqul,2
443,3,"qe,",qe,2
444,0,Q'o'l,q'o'l,2
444,1,qe.,qe,2
445,0,Jupacha,jupacha,2
445,1,ta,ta,2
445,2,"kojsik'ixoq,",kojsik'ixoq,2
446,0,Ta,ta,2
446,1,kojna'b'ax,kojna'b'ax,2
446,2,puch,puch,2
446,3,chuwach,chuwach,2
446,4,ulew?,ulew,2
447,0,Mi,mi,2
447,1,xqatijo,xqatijo,2
447,2,chirech,chirech,2
447,3,ri,ri,2
447,4,nab'e,nab'e,2
447,5,qa,qa,2
447,6,"tz'aq,",tz'aq,2
448,0,Qa,qa,2
448,1,b'it.,b'it,2
449,0,Mawi,mawi,2
449,1,mi,mi,2
449,2,xutzinik,xutzinik,2
449,3,qa,qa,2
449,4,"q'ijiloxik,",q'ijiloxik,2
450,0,Qa,qa,2
450,1,q'ala'ixik,q'ala'ixik,2
450,2,puch,puch,2
450,3,kumal.,kumal,2
451,0,Keje',keje',2
451,1,k'ut,k'ut,2
451,2,qa,qa,2
451,3,tija',tija',2
451,4,wi,wi,2
452,0,U,u,2
452,1,b'anik,b'anik,2
453,0,Aj,aj,2
453,1,"nim,",nim,2
454,0,Aj,aj,2
454,1,"xob',",xob',2
455,0,"Tzuqul,",tzuqul,2
456,0,"Q'o'l,”",q'o'l,2
456,1,xecha'.,xecha',2
457,0,Ta,ta,2
457,1,u,u,2
457,2,tz'aqik,tz'aqik,2
457,3,"k'ut,",k'ut,2
458,0,U,u,2
458,1,b'anik,b'anik,2
458,2,puch.,puch,2
459,0,"Ulew,",ulew,2
460,0,Xoq'o'l,xoq'o'l,2
461,0,U,u,2
461,1,tio'jil,tio'jil,2
461,2,xkib'ano.,xkib'ano,2
462,0,Ma,ma,2
462,1,k'u,k'u,2
462,2,utz,utz,2
462,3,xkilo.,xkilo,2
463,0,Xa,xa,2
463,1,"chiyojomanik,",chiyojomanik,2
464,0,Xa,xa,2
464,1,"tzub'ulik,",tzub'ulik,2
465,0,Xa,xa,2
465,1,"neb'elik,",neb'elik,2
466,0,Xa,xa,2
466,1,"lub'anik,",lub'anik,2
467,0,Xa,xa,2
467,1,"wulanik,",wulanik,2
468,0,Xa,xa,2
468,1,pu,pu,2
468,2,chi'umarik.,chi'umarik,2
469,0,Mawi,mawi,2
469,1,chi,chi,2
469,2,k'olol,k'olol,2
469,3,u,u,2
469,4,jolom.,jolom,2
470,0,Xa,xa,2
470,1,jun,jun,2
470,2,b'enaq,b'enaq,2
470,3,wi,wi,2
470,4,u,u,2
470,5,"wach,",wach,2
471,0,Xa,xa,2
471,1,k'u'l,k'u'l,2
471,2,u,u,2
471,3,"wach,",wach,2
472,0,Mawi,mawi,2
472,1,chimuqun,chimuqun,2
472,2,chirij.,chirij,2
473,0,Chich'aw,chich'aw,2
473,1,"nab'ek,",nab'ek,2
474,0,Maja,maja,2
474,1,b'i,b'i,2
474,2,u,u,2
474,3,na'oj.,na'oj,2
475,0,Xa,xa,2
475,1,ju,ju,2
475,2,suk',suk',2
475,3,chi'umar,chi'umar,2
475,4,pa,pa,2
475,5,ja'.,ja',2
476,0,Mawi,mawi,2
476,1,ko.,ko,2
477,0,Xecha',xecha',2
477,1,chi,chi,2
477,2,k'u,k'u,2
477,3,ri,ri,2
477,4,Aj,aj,2
477,5,"Tz'aq,",tz'aq,2
478,0,Aj,aj,2
478,1,B'it:,b'it,2
479,0,“Qa,qa,2
479,1,"wachlab'eq,",wachlab'eq,2
480,0,Ta,ta,2
480,1,chuxoq,chuxoq,2
480,2,xa,xa,2
480,3,lab'e.,lab'e,2
481,0,Mawi,mawi,2
481,1,"chib'inik,",chib'inik,2
482,0,Ma,ma,2
482,1,pu,pu,2
482,2,chipoq'otajik.,chipoq'otajik,2
483,0,Ta,ta,2
483,1,chuxoq.,chuxoq,2
484,0,Xa,xa,2
484,1,u,u,2
484,2,na'oj,na'oj,2
484,3,chi,chi,2
484,4,"ri',”",ri',2
484,5,xecha'.,xecha',2
485,0,Ta,ta,2
485,1,xkiyoj,xkiyoj,2
485,2,"k'ut,",k'ut,2
486,0,Xkiyoq',xkiyoq',2
486,1,chik,chik,2
487,0,Ri,ri,2
487,1,ki,ki,2
487,2,"tz'aq,",tz'aq,2
488,0,Ki,ki,2
488,1,b'it.,b'it,2
489,0,Xecha',xecha',2
489,1,chi,chi,2
489,2,k'ut:,k'ut,2
490,0,“Jupacha,jupacha,2
490,1,qi,qi,2
490,2,chiqab'ano.,chiqab'ano,2
491,0,Chutzin,chutzin,2
491,1,ta,ta,2
491,2,"wi,",wi,2
492,0,Chinawachir,chinawachir,2
492,1,ta,ta,2
492,2,"wi,",wi,2
493,0,Q'ijiloy,q'ijiloy,2
493,1,"qech,",qech,2
494,0,Sik'iy,sik'iy,2
494,1,qech?”,qech,2
494,2,xecha'.,xecha',2
495,0,Ta,ta,2
495,1,xkina'ojij,xkina'ojij,2
495,2,chik:,chik,2
496,0,“Xa,xa,2
496,1,qab'ij,qab'ij,2
496,2,chike,chike,2
497,0,"Xpiyakok,",xpiyakok,2
498,0,"Xmuqane,",xmuqane,2
499,0,Junajpu,junajpu,2
499,1,"Wuch',",wuch',2
500,0,Junajpu,junajpu,2
500,1,Utiw:,utiw,2
501,0,‘Kitija',kitija',2
501,1,chik,chik,2
501,2,u,u,2
501,3,"q'ijixik,",q'ijixik,2
502,0,U,u,2
502,1,"b'itaxik,’”",b'itaxik,2
503,0,Xe'ucha'n,xe'ucha'n,2
503,1,ki,ki,2
503,2,"kib',",kib',2
504,0,Aj,aj,2
504,1,"Tz'aq,",tz'aq,2
505,0,Aj,aj,2
505,1,B'it.,b'it,2
506,0,Ta,ta,2
506,1,xkib'ij,xkib'ij,2
506,2,k'ut,k'ut,2
506,3,chire,chire,2
507,0,"Xpiyakok,",xpiyakok,2
508,0,Xmuqane.,xmuqane,2
509,0,K'ate,k'ate,2
509,1,k'ut,k'ut,2
509,2,u,u,2
509,3,b'ixik,b'ixik,2
509,4,ri',ri',2
509,5,"chikech,",chikech,2
510,0,Ri,ri,2
510,1,e,e,2
510,2,nik'wachinel:,nik'wachinel,2
511,0,“Rati't,rati't,2
511,1,"Q'ij,",q'ij,2
512,0,Rati't,rati't,2
512,1,"Saq,”",saq,2
513,0,Ke'uchaxik,ke'uchaxik,2
513,1,kumal,kumal,2
513,2,ri,ri,2
513,3,"Tz'aqol,",tz'aqol,2
514,0,B'itol.,b'itol,2
515,0,Are',are',2
515,1,ki,ki,2
515,2,b'i',b'i',2
515,3,ri,ri,2
515,4,"Xpiyakok,",xpiyakok,2
516,0,Xmuqane.,xmuqane,2
517,0,XECHA',xecha',2
517,1,k'u,k'u,2
518,0,Ri,ri,2
518,1,"Juraqan,",juraqan,2
519,0,Ruk',ruk',2
519,1,"Tepew,",tepew,2
520,0,Q'ukumatz.,q'ukumatz,2
521,0,Ta,ta,2
521,1,xkib'ij,xkib'ij,2
521,2,chirech,chirech,2
521,3,Aj,aj,2
521,4,"Q'ij,",q'ij,2
522,0,Aj,aj,2
522,1,"B'it,",b'it,2
522,2,e,e,2
522,3,nik'wachinel:,nik'wachinel,2
523,0,“Xa,xa,2
523,1,"k'ulu',",k'ulu',2
524,0,Xa,xa,2
524,1,pu,pu,2
524,2,"churiqo,",churiqo,2
525,0,Che,che,2
525,1,ta,ta,2
525,2,chik,chik,2
526,0,Chiqawinaq,chiqawinaq,2
526,1,"b'itoj,",b'itoj,2
527,0,Chiqawinaq,chiqawinaq,2
527,1,"tz'aqoj,",tz'aqoj,2
528,0,Ta,ta,2
528,1,"chik,",chik,2
529,0,"Tzuqul,",tzuqul,2
530,0,Q'o'l.,q'o'l,2
531,0,Kojsik'ix,kojsik'ix,2
531,1,"taj,",taj,2
532,0,Kojna'b'ax,kojna'b'ax,2
532,1,taj,taj,2
532,2,puch.,puch,2
533,0,Katoq',katoq',2
533,1,ta,ta,2
533,2,k'ut,k'ut,2
534,0,Pa,pa,2
534,1,"tzij,",tzij,2
535,0,"I'yom,",i'yom,2
536,0,"Mamom,",mamom,2
537,0,"Qati't,",qati't,2
538,0,Qa,qa,2
538,1,"mam,",mam,2
539,0,"Xpiyakok,",xpiyakok,2
540,0,Xmuqane.,xmuqane,2
541,0,Cha',cha',2
541,1,"taj,",taj,2
542,0,Ta,ta,2
542,1,chawaxoq.,chawaxoq,2
543,0,Ta,ta,2
543,1,"saqiroq,",saqiroq,2
544,0,Qa,qa,2
544,1,"sik'ixik,",sik'ixik,2
545,0,Qa,qa,2
545,1,"toq'exik,",toq'exik,2
546,0,Qa,qa,2
546,1,na'b'axik,na'b'axik,2
547,0,Rumal,rumal,2
547,1,winaq,winaq,2
547,2,"tz'aq,",tz'aq,2
548,0,Winaq,winaq,2
548,1,"b'it,",b'it,2
549,0,Winaq,winaq,2
549,1,"poy,",poy,2
550,0,Winaq,winaq,2
550,1,anom.,anom,2
551,0,Chata!,chata,2
552,0,Chuxoq!,chuxoq,2
553,0,Chik'utun,chik'utun,2
553,1,i,i,2
553,2,b'i':,b'i',2
554,0,Junajpu,junajpu,2
554,1,"Wuch',",wuch',2
555,0,Junajpu,junajpu,2
555,1,"Utiw,",utiw,2
556,0,Kamul,kamul,2
556,1,"Alom,",alom,2
557,0,Kamul,kamul,2
557,1,"K'ajolom,",k'ajolom,2
558,0,Nim,nim,2
558,1,"Aq,",aq,2
559,0,Nima,nima,2
559,1,"Sis,",sis,2
560,0,Aj,aj,2
560,1,"K'uwal,",k'uwal,2
561,0,Aj,aj,2
561,1,"Yamanik,",yamanik,2
562,0,Aj,aj,2
562,1,"Ch'ut,",ch'ut,2
563,0,Aj,aj,2
563,1,"Tz'alam,",tz'alam,2
564,0,Aj,aj,2
564,1,Raxa,raxa,2
564,2,"Laq,",laq,2
565,0,Aj,aj,2
565,1,Raxa,raxa,2
565,2,"Sel,",sel,2
566,0,Aj,aj,2
566,1,"Q'ol,",q'ol,2
567,0,Aj,aj,2
567,1,"Toltecat,",toltecat,2
568,0,Rati't,rati't,2
568,1,"Q'ij,",q'ij,2
569,0,Rati't,rati't,2
569,1,Saq.,saq,2
570,0,Kixuchaxik,kixuchaxik,2
570,1,rumal,rumal,2
570,2,qa,qa,2
570,3,"tz'aq,",tz'aq,2
571,0,Qa,qa,2
571,1,b'it.,b'it,2
572,0,Chimala',chimala',2
572,1,chi,chi,2
572,2,"ixim,",ixim,2
573,0,Chi,chi,2
573,1,"tz'ite,",tz'ite,2
574,0,Xa,xa,2
574,1,"chib'anatajik,",chib'anatajik,2
575,0,Xa,xa,2
575,1,pu,pu,2
575,2,chel,chel,2
575,3,"apanoq,",apanoq,2
576,0,"Chiq'ajaj,",chiq'ajaj,2
577,0,Chiqak'otaj,chiqak'otaj,2
577,1,puch,puch,2
578,0,U,u,2
578,1,"chi',",chi',2
579,0,U,u,2
579,1,wach,wach,3
579,2,"che',”",che',3
580,0,"Xe'uchaxik,",xe'uchaxik,3
581,0,E,e,3
581,1,Aj,aj,3
581,2,Q'ij.,q'ij,3
582,0,K'ate,k'ate,3
582,1,puch,puch,3
582,2,u,u,3
582,3,"qajik,",qajik,3
583,0,U,u,3
583,1,"q'ijilo'xik,",q'ijilo'xik,3
584,0,Ri,ri,3
584,1,xmalik,xmalik,3
584,2,chi,chi,3
584,3,"ixim,",ixim,3
585,0,Chi,chi,3
585,1,"tz'ite,",tz'ite,3
586,0,"Q'ij,",q'ij,3
587,0,B'it.,b'it,3
588,0,Xecha',xecha',3
588,1,k'u,k'u,3
588,2,ri,ri,3
588,3,Jun,jun,3
588,4,"Ati't,",ati't,3
589,0,Jun,jun,3
589,1,Mama',mama',3
589,2,chikech.,chikech,3
590,0,Are',are',3
590,1,ri,ri,3
590,2,"mama',",mama',3
591,0,Are',are',3
591,1,aj,aj,3
591,2,"tz'ite,",tz'ite,3
592,0,Xpiyakok,xpiyakok,3
592,1,u,u,3
592,2,b'i'.,b'i',3
593,0,Are',are',3
593,1,k'u,k'u,3
593,2,ri,ri,3
593,3,"ati't,",ati't,3
594,0,Aj,aj,3
594,1,"Q'ij,",q'ij,3
595,0,Aj,aj,3
595,1,B'it,b'it,3
595,2,chi,chi,3
595,3,"raqan,",raqan,3
596,0,Xmuqane,xmuqane,3
596,1,u,u,3
596,2,b'i'.,b'i',3
597,0,Xecha',xecha',3
597,1,"k'ut,",k'ut,3
598,0,Ta,ta,3
598,1,xkitikib'a',xkitikib'a',3
598,2,q'ij:,q'ij,3
599,0,“Xa,xa,3
599,1,"chuk'ulu,",chuk'ulu,3
600,0,Xa,xa,3
600,1,pu,pu,3
600,2,churiqo.,churiqo,3
601,0,Chab'ij!,chab'ij,3
602,0,Kata,kata,3
602,1,qa,qa,3
602,2,xikin.,xikin,3
603,0,"Kach'awik,",kach'awik,3
604,0,Katzijon,katzijon,3
604,1,taj.,taj,3
605,0,Xa,xa,3
605,1,chuk'ulu,chuk'ulu,3
605,2,ri,ri,3
605,3,che',che',3
605,4,"chajawaxik,",chajawaxik,3
606,0,Chik'otox,chik'otox,3
606,1,puch,puch,3
607,0,Kumal,kumal,3
607,1,Aj,aj,3
607,2,"Tz'aq,",tz'aq,3
608,0,Aj,aj,3
608,1,B'it.,b'it,3
609,0,We,we,3
609,1,are',are',3
609,2,"tzuqul,",tzuqul,3
610,0,"Q'o'l,",q'o'l,3
611,0,Ta,ta,3
611,1,"chawaxoq,",chawaxoq,3
612,0,Ta,ta,3
612,1,saqiroq.,saqiroq,3
613,0,At,at,3
613,1,"ixim,",ixim,3
614,0,At,at,3
614,1,"tz'ite,",tz'ite,3
615,0,At,at,3
615,1,"q'ij,",q'ij,3
616,0,At,at,3
616,1,b'it.,b'it,3
617,0,"Katchokonik,",katchokonik,3
618,0,"Kattaqentaj,”",kattaqentaj,3
619,0,Xcha',xcha',3
619,1,chire,chire,3
619,2,"ixim,",ixim,3
620,0,"Tz'ite,",tz'ite,3
621,0,"Q'ij,",q'ij,3
622,0,B'it.,b'it,3
623,0,“Katk'ix,katk'ix,3
623,1,la,la,3
623,2,"uloq,",uloq,3
624,0,At,at,3
624,1,u,u,3
624,2,K'u'x,k'u'x,3
624,3,Kaj.,kaj,3
625,0,Mak'ajisaj,mak'ajisaj,3
625,1,u,u,3
625,2,"chi',",chi',3
626,0,U,u,3
626,1,wach,wach,3
627,0,"Tepew,",tepew,3
628,0,"Q'ukumatz,”",q'ukumatz,3
629,0,Xecha'.,xecha',3
630,0,Ta,ta,3
630,1,xkib'ij,xkib'ij,3
630,2,k'ut,k'ut,3
630,3,u,u,3
630,4,suk'ulikil:,suk'ulikil,3
631,0,“Utz,utz,3
631,1,are',are',3
631,2,chuxik,chuxik,3
631,3,ri,ri,3
631,4,i,i,3
631,5,poy,poy,3
632,0,Ajam,ajam,3
632,1,che'.,che',3
633,0,"Chich'awik,",chich'awik,3
634,0,Chitzijon,chitzijon,3
634,1,b'a,b'a,3
634,2,la',la',3
634,3,chuwach,chuwach,3
634,4,ulew.,ulew,3
635,0,Ta,ta,3
635,1,"chuxoq,”",chuxoq,3
635,2,xecha',xecha',3
635,3,k'ut.,k'ut,3
636,0,Ta,ta,3
636,1,xkib'ij.,xkib'ij,3
637,0,Ju,ju,3
637,1,suk',suk',3
637,2,xb'anik,xb'anik,3
637,3,"poy,",poy,3
638,0,Ajam,ajam,3
638,1,che'.,che',3
639,0,Xe,xe,3
639,1,winaq,winaq,3
639,2,"wachinik,",wachinik,3
640,0,Xe,xe,3
640,1,winaq,winaq,3
640,2,tzijonik,tzijonik,3
640,3,puch.,puch,3
641,0,Are',are',3
641,1,winaqil,winaqil,3
642,0,U,u,3
642,1,wach,wach,3
642,2,ulew.,ulew,3
643,0,"Xe'uxik,",xe'uxik,3
644,0,"Xepoq'ik,",xepoq'ik,3
645,0,"Xeme'alanik,",xeme'alanik,3
646,0,Xek'ajolanik.,xek'ajolanik,3
647,0,Ri,ri,3
647,1,"poy,",poy,3
648,0,Ajam,ajam,3
648,1,che'.,che',3
649,0,Ma,ma,3
649,1,k'u,k'u,3
649,2,ja,ja,3
649,3,b'i,b'i,3
649,4,ki,ki,3
649,5,"k'u'x,",k'u'x,3
650,0,Ma,ma,3
650,1,pu,pu,3
650,2,ja,ja,3
650,3,b'i,b'i,3
650,4,ki,ki,3
650,5,na'oj.,na'oj,3
651,0,Mawi,mawi,3
651,1,na'tal,na'tal,3
651,2,Kaj,kaj,3
651,3,"Tz'aq,",tz'aq,3
652,0,Kaj,kaj,3
652,1,B'it.,b'it,3
653,0,Xaloq',xaloq',3
653,1,"xeb'inik,",xeb'inik,3
654,0,Xechakanik.,xechakanik,3
655,0,Mawi,mawi,3
655,1,xkina'taj,xkina'taj,3
655,2,chik,chik,3
655,3,ri,ri,3
655,4,u,u,3
655,5,K'u'x,k'u'x,3
655,6,Kaj.,kaj,3
656,0,Keje',keje',3
656,1,k'ut,k'ut,3
656,2,xepaj,xepaj,3
656,3,chi,chi,3
656,4,wi.,wi,3
657,0,Xa,xa,3
657,1,u,u,3
657,2,"tijtob'exik,",tijtob'exik,3
658,0,Xa,xa,3
658,1,pu,pu,3
658,2,u,u,3
658,3,wab'ab'exik,wab'ab'exik,3
658,4,chi,chi,3
658,5,winaq.,winaq,3
659,0,Kech'aw,kech'aw,3
659,1,"nab'ek,",nab'ek,3
660,0,Xa,xa,3
660,1,chaqi'j,chaqi'j,3
660,2,ki,ki,3
660,3,wach.,wach,3
661,0,Ma,ma,3
661,1,na,na,3
661,2,sonol,sonol,3
661,3,"kaqan,",kaqan,3
662,0,Ki,ki,3
662,1,q'ab'.,q'ab',3
663,0,Maja,maja,3
663,1,b'i,b'i,3
663,2,ki,ki,3
663,3,"kik'el,",kik'el,3
664,0,Ki,ki,3
664,1,komajil.,komajil,3
665,0,Maja,maja,3
665,1,b'i,b'i,3
665,2,ki,ki,3
665,3,"tiqowal,",tiqowal,3
666,0,Ki,ki,3
666,1,kab'chiyal.,kab'chiyal,3
667,0,Chaqi'j,chaqi'j,3
667,1,"q'o'tz,",q'o'tz,3
668,0,K'oj,k'oj,3
668,1,ki,ki,3
668,2,wach.,wach,3
669,0,Kapichipoj,kapichipoj,3
669,1,"kaqan,",kaqan,3
670,0,Ki,ki,3
670,1,q'ab'.,q'ab',3
671,0,Kayeyoj,kayeyoj,3
671,1,ki,ki,3
671,2,"tio'jil,",tio'jil,3
672,0,Keje',keje',3
672,1,k'ut,k'ut,3
672,2,mawi,mawi,3
672,3,xena'w,xena'w,3
672,4,chi,chi,3
672,5,wi,wi,3
673,0,Chuwach,chuwach,3
673,1,"Tz'aqol,",tz'aqol,3
674,0,"B'itol,",b'itol,3
675,0,Alay,alay,3
675,1,"kech,",kech,3
676,0,K'u'xlay,k'u'xlay,3
676,1,kech.,kech,3
677,0,E,e,3
677,1,nab'e,nab'e,3
677,2,tzatz,tzatz,3
677,3,chi,chi,3
677,4,"winaq,",winaq,3
678,0,Xe'uxik,xe'uxik,3
678,1,waral,waral,3
678,2,chuwach,chuwach,3
678,3,ulew.,ulew,3
679,0,K'ATE,k'ate,3
679,1,k'ut,k'ut,3
679,2,ki,ki,3
679,3,k'isik,k'isik,3
679,4,"chik,",chik,3
680,0,Ki,ki,3
680,1,"ma'ixik,",ma'ixik,3
681,0,Ki,ki,3
681,1,k'utuxik,k'utuxik,3
681,2,"puch,",puch,3
682,0,Xekamisax,xekamisax,3
682,1,"chik,",chik,3
683,0,"Poy,",poy,3
684,0,Ajam,ajam,3
684,1,che'.,che',3
685,0,Ta,ta,3
685,1,xna'ojix,xna'ojix,3
685,2,ki,ki,3
685,3,b'utik,b'utik,3
685,4,rumal,rumal,3
685,5,u,u,3
685,6,K'u'x,k'u'x,3
685,7,Kaj.,kaj,3
686,0,Nima,nima,3
686,1,b'utik,b'utik,3
686,2,"xb'anik,",xb'anik,3
686,3,xpe,xpe,3
686,4,pa,pa,3
686,5,ki,ki,3
686,6,"wi',",wi',3
687,0,Ri,ri,3
687,1,e,e,3
687,2,"poy,",poy,3
688,0,E,e,3
688,1,ajam,ajam,3
688,2,che'.,che',3
689,0,Tz'ite,tz'ite,3
689,1,u,u,3
689,2,tio'jil,tio'jil,3
689,3,ri,ri,3
689,4,achij,achij,3
690,0,Ta,ta,3
690,1,xajaxik,xajaxik,3
691,0,Rumal,rumal,3
691,1,"Tz'aqol,",tz'aqol,3
692,0,B'itol.,b'itol,3
693,0,"Ixoq,",ixoq,3
694,0,Sib'aq,sib'aq,3
694,1,k'ut,k'ut,3
695,0,U,u,3
695,1,tio'jil,tio'jil,3
696,0,"Ixoq,",ixoq,3
697,0,Xraj,xraj,3
697,1,okik,okik,3
697,2,rumal,rumal,3
697,3,"Tz'aqol,",tz'aqol,3
698,0,B'itol.,b'itol,3
699,0,Mawi,mawi,3
699,1,"xena'wik,",xena'wik,3
700,0,Ma,ma,3
700,1,pu,pu,3
700,2,xech'awik,xech'awik,3
701,0,Chuwach,chuwach,3
701,1,Kaj,kaj,3
701,2,"Tz'aq,",tz'aq,3
702,0,Kaj,kaj,3
702,1,"B'it,",b'it,3
703,0,B'anol,b'anol,3
703,1,"ke,",ke,3
704,0,Winaqirisay,winaqirisay,3
704,1,kech.,kech,3
705,0,Keje',keje',3
705,1,k'ut,k'ut,3
705,2,ki,ki,3
705,3,"kamisaxik,",kamisaxik,3
706,0,Xeb'utik.,xeb'utik,3
707,0,Xpe,xpe,3
707,1,nima,nima,3
707,2,q'ol,q'ol,3
708,0,Chila',chila',3
708,1,chi,chi,3
708,2,kaj.,kaj,3
709,0,Xe[pe],xepe,3
709,1,K'otk'o[l],k'otk'ol,3
709,2,Wach,wach,3
709,3,u,u,3
709,4,b'i',b'i',3
710,0,Xk'otin,xk'otin,3
710,1,uloq,uloq,3
710,2,u,u,3
710,3,b'aq',b'aq',3
710,4,ki,ki,3
710,5,wach.,wach,3
711,0,Xepe,xepe,3
711,1,Kama,kama,3
711,2,"Lotz,",lotz,3
712,0,Xqupin,xqupin,3
712,1,ula,ula,3
712,2,ki,ki,3
712,3,jolom.,jolom,3
713,0,Xpe,xpe,3
713,1,Kotz',kotz',3
713,2,"B'alam,",b'alam,3
714,0,Xti'ow,xti'ow,3
714,1,ki,ki,3
714,2,tio'jil.,tio'jil,3
715,0,Xpe,xpe,3
715,1,Tukum,tukum,3
715,2,"B'alam,",b'alam,3
716,0,Xtukuwik.,xtukuwik,3
717,0,Xkich'o'wik,xkich'o'wik,3
717,1,ki,ki,3
717,2,"b'aqil,",b'aqil,3
718,0,Kib'och'il.,kib'och'il,3
719,0,"Xq'ajixik,",xq'ajixik,3
720,0,Xmuchu'lixik,xmuchu'lixik,3
721,0,Ki,ki,3
721,1,b'aqil.,b'aqil,3
722,0,K'ajisab'al,k'ajisab'al,3
722,1,ki,ki,3
722,2,"wach,",wach,3
723,0,Rumal,rumal,3
723,1,mawi,mawi,3
723,2,ki,ki,3
723,3,na'wik,na'wik,3
723,4,chuwach,chuwach,3
723,5,ki,ki,3
723,6,"chuch,",chuch,3
724,0,Chuwach,chuwach,3
724,1,puch,puch,3
724,2,ki,ki,3
724,3,"qajaw,",qajaw,3
725,0,Ri,ri,3
725,1,u,u,3
725,2,K'u'x,k'u'x,3
725,3,"Kaj,",kaj,3
726,0,Juraqan,juraqan,3
726,1,u,u,3
726,2,b'i'.,b'i',3
727,0,Kumal,kumal,3
727,1,xq'equ'marik,xq'equ'marik,3
727,2,u,u,3
727,3,wach,wach,3
727,4,ulew.,ulew,3
728,0,Xtikarik,xtikarik,3
728,1,q'eqal,q'eqal,3
728,2,"jab',",jab',3
729,0,Q'ijil,q'ijil,3
729,1,"jab',",jab',3
730,0,Aq'ab'al,aq'ab'al,3
730,1,jab'.,jab',3
731,0,Xok,xok,3
731,1,ula,ula,3
731,2,ch'uti,ch'uti,3
731,3,"chikop,",chikop,3
732,0,Nima,nima,3
732,1,chikop.,chikop,3
733,0,Xq'ut,xq'ut,3
733,1,ki,ki,3
733,2,wach,wach,3
733,3,rumal,rumal,3
733,4,"che',",che',3
734,0,Ab'aj.,ab'aj,3
735,0,Xch'awik,xch'awik,3
735,1,ronojel,ronojel,3
735,2,ki,ki,3
735,3,"ke'b'al,",ke'b'al,3
736,0,Ki,ki,3
736,1,"xot,",xot,3
737,0,Ki,ki,3
737,1,"laq,",laq,3
738,0,Ki,ki,3
738,1,"b'o'j,",b'o'j,3
739,0,Ki,ki,3
739,1,"tz'i',",tz'i',3
740,0,Ki,ki,3
740,1,"ka',",ka',3
741,0,Jaruj,jaruj,3
741,1,pa,pa,3
741,2,"la',",la',3
742,0,Ronojel,ronojel,3
742,1,xq'utu,xq'utu,3
742,2,ki,ki,3
742,3,wach.,wach,3
743,0,“K'ax,k'ax,3
743,1,xib'an,xib'an,3
743,2,chiqe.,chiqe,3
744,0,"Xojiti'o,",xojiti'o,3
745,0,Ix,ix,3
745,1,chi,chi,3
745,2,"k'ut,",k'ut,3
746,0,Xkixqati',xkixqati',3
746,1,"chik,”",chik,3
747,0,Xcha',xcha',3
747,1,ri,ri,3
747,2,ki,ki,3
747,3,"tz'i',",tz'i',3
748,0,Kak',kak',3
748,1,chikech.,chikech,3
749,0,Are',are',3
749,1,k'u,k'u,3
749,2,ri,ri,3
749,3,ka':,ka',3
750,0,“Xojk'ok'onik,xojk'ok'onik,3
750,1,"iwumal,",iwumal,3
751,0,Ju,ju,3
751,1,ta,ta,3
751,2,"q'ij,",q'ij,3
752,0,Ju,ju,3
752,1,ta,ta,3
752,2,"q'ij,",q'ij,3
753,0,"Xq'eq,",xq'eq,3
754,0,"Saqirik,",saqirik,3
755,0,"Amaq'el,",amaq'el,3
756,0,Joli!,joli,3
757,0,Joli!,joli,3
758,0,Juki!,juki,3
759,0,Juki!,juki,3
760,0,Qa,qa,3
760,1,wach,wach,4
761,0,Iwumal.,iwumal,4
762,0,Are',are',4
762,1,ta,ta,4
762,2,nab'e,nab'e,4
762,3,qa,qa,4
762,4,patan,patan,4
762,5,chiwach,chiwach,4
763,0,Ix,ix,4
763,1,ta,ta,4
763,2,na,na,4
763,3,winaq.,winaq,4
764,0,Wakamik,wakamik,4
764,1,k'ut,k'ut,4
764,2,xchitij,xchitij,4
765,0,Qa,qa,4
765,1,chuq'ab'.,chuq'ab',4
766,0,"Xchiqake'j,",xchiqake'j,4
767,0,Xchiqajok',xchiqajok',4
767,1,puch,puch,4
767,2,i,i,4
767,3,"tio'jil,”",tio'jil,4
768,0,Xcha',xcha',4
768,1,ri,ri,4
768,2,ki,ki,4
768,3,ka',ka',4
768,4,chike.,chike,4
769,0,Are',are',4
769,1,k'u,k'u,4
769,2,ri,ri,4
769,3,ki,ki,4
769,4,tz'i',tz'i',4
769,5,xcha',xcha',4
769,6,chik,chik,4
769,7,ta,ta,4
769,8,xch'awik:,xch'awik,4
770,0,“Naqi,naqi,4
770,1,pa,pa,4
770,2,rumal,rumal,4
770,3,mawi,mawi,4
770,4,chiya',chiya',4
770,5,qa,qa,4
770,6,wa?,wa,4
771,0,Xa,xa,4
771,1,"kojmuqunik,",kojmuqunik,4
772,0,Xa,xa,4
772,1,pu,pu,4
772,2,kojikuxij,kojikuxij,4
772,3,"uloq,",uloq,4
773,0,Kojitzaq,kojitzaq,4
773,1,pu,pu,4
773,2,uloq.,uloq,4
774,0,Yakal,yakal,4
774,1,"ub'i,",ub'i,4
775,0,Qa,qa,4
775,1,che'el,che'el,4
775,2,iwumal,iwumal,4
776,0,Ta,ta,4
776,1,kixwa'ik.,kixwa'ik,4
777,0,Xere,xere,4
777,1,kojiwucha'j,kojiwucha'j,4
777,2,wi.,wi,4
778,0,Mawi,mawi,4
778,1,"kojch'awik,",kojch'awik,4
779,0,Ma,ma,4
779,1,ta,ta,4
779,2,k'u,k'u,4
779,3,mi,mi,4
779,4,xojk'amik,xojk'amik,4
779,5,chiwe.,chiwe,4
780,0,Jupacha,jupacha,4
780,1,mawi,mawi,4
780,2,mi,mi,4
780,3,xixna'wik?,xixna'wik,4
781,0,Xixna'w,xixna'w,4
781,1,ta,ta,4
781,2,k'ut.,k'ut,4
782,0,Chiwij,chiwij,4
782,1,ta,ta,4
782,2,k'ut,k'ut,4
782,3,xojsach,xojsach,4
782,4,wi.,wi,4
783,0,Wakamik,wakamik,4
783,1,k'ut,k'ut,4
783,2,xchitij,xchitij,4
784,0,Qa,qa,4
784,1,b'aq,b'aq,4
785,0,K'o,k'o,4
785,1,pa,pa,4
785,2,qa,qa,4
785,3,chi'.,chi',4
786,0,"Xkixqati'o,”",xkixqati'o,4
787,0,Xecha',xecha',4
787,1,ri,ri,4
787,2,tz'i',tz'i',4
787,3,chike.,chike,4
788,0,Ta,ta,4
788,1,xq'ut,xq'ut,4
788,2,ki,ki,4
788,3,wach.,wach,4
789,0,Are',are',4
789,1,chi,chi,4
789,2,k'u,k'u,4
789,3,ri,ri,4
789,4,ki,ki,4
789,5,"xot,",xot,4
790,0,Ki,ki,4
790,1,"b'o'j,",b'o'j,4
790,2,xch'aw,xch'aw,4
790,3,chik,chik,4
790,4,chike:,chike,4
791,0,“K'ax,k'ax,4
791,1,wa',wa',4
792,0,Xib'an,xib'an,4
792,1,chiqe.,chiqe,4
793,0,Xaq,xaq,4
793,1,qa,qa,4
793,2,"chi',",chi',4
794,0,Xaq,xaq,4
794,1,qa,qa,4
794,2,wach.,wach,4
795,0,Amaq'el,amaq'el,4
795,1,oj,oj,4
795,2,tzaqal,tzaqal,4
795,3,chuwi',chuwi',4
795,4,q'aq'.,q'aq',4
796,0,Kojik'ato.,kojik'ato,4
797,0,Mawi,mawi,4
797,1,k'ax,k'ax,4
797,2,"xqana'o,",xqana'o,4
797,3,xchitij,xchitij,4
797,4,k'ut.,k'ut,4
798,0,"Xkixqaporoj,”",xkixqaporoj,4
798,1,xcha',xcha',4
798,2,ri,ri,4
798,3,ki,ki,4
798,4,b'o'j.,b'o'j,4
799,0,"Ronojel,",ronojel,4
800,0,Xq'utu,xq'utu,4
800,1,ki,ki,4
800,2,wach.,wach,4
801,0,Are',are',4
801,1,ri,ri,4
801,2,"ab'aj,",ab'aj,4
802,0,Ri,ri,4
802,1,ki,ki,4
802,2,"xk'ub',",xk'ub',4
803,0,"Chitaninik,",chitaninik,4
804,0,Chipe,chipe,4
804,1,pa,pa,4
804,2,"q'aq',",q'aq',4
805,0,Taqal,taqal,4
805,1,chi,chi,4
805,2,ki,ki,4
805,3,"jolom,",jolom,4
806,0,K'ax,k'ax,4
806,1,xb'an,xb'an,4
806,2,chike.,chike,4
807,0,"Anilab'ik,",anilab'ik,4
808,0,Kemalmalijab',kemalmalijab',4
808,1,chik.,chik,4
809,0,Keraj,keraj,4
809,1,aq'anik,aq'anik,4
809,2,chuwi',chuwi',4
809,3,"ja,",ja,4
810,0,Xa,xa,4
810,1,chiwulij,chiwulij,4
810,2,"ja,",ja,4
810,3,ketzaq,ketzaq,4
810,4,uloq.,uloq,4
811,0,Keraj,keraj,4
811,1,aq'an,aq'an,4
811,2,chuwi',chuwi',4
811,3,"che',",che',4
812,0,Kech'akix,kech'akix,4
812,1,uloq,uloq,4
812,2,ruma,ruma,4
812,3,che'.,che',4
813,0,Keraj,keraj,4
813,1,ok,ok,4
813,2,pa,pa,4
813,3,"jul,",jul,4
814,0,Xa,xa,4
814,1,chiyuch,chiyuch,4
814,2,jul,jul,4
814,3,chikiwach.,chikiwach,4
815,0,Keje',keje',4
815,1,k'ut,k'ut,4
815,2,u,u,4
815,3,kayojik,kayojik,4
815,4,winaq,winaq,4
815,5,"tz'aq,",tz'aq,4
816,0,Winaq,winaq,4
816,1,b'it.,b'it,4
817,0,E,e,4
817,1,"tzixel,",tzixel,4
818,0,E,e,4
818,1,tzalatzoxel,tzalatzoxel,4
818,2,chi,chi,4
818,3,winaq.,winaq,4
819,0,"Xma'ixik,",xma'ixik,4
820,0,Xq'utuxik,xq'utuxik,4
821,0,Ki,ki,4
821,1,"chi',",chi',4
822,0,Ki,ki,4
822,1,wach,wach,4
822,2,konojel.,konojel,4
823,0,Xcha',xcha',4
823,1,k'ut,k'ut,4
823,2,are',are',4
823,3,"retal,",retal,4
824,0,Ri,ri,4
824,1,k'oy,k'oy,4
825,0,K'o,k'o,4
825,1,pa,pa,4
825,2,k'eche'laj,k'eche'laj,4
825,3,"wakamik,",wakamik,4
826,0,Are',are',4
826,1,xk'oje',xk'oje',4
826,2,wi,wi,4
826,3,retal.,retal,4
827,0,Rumal,rumal,4
827,1,xa,xa,4
827,2,che',che',4
828,0,Ki,ki,4
828,1,tio'jil,tio'jil,4
828,2,xkojik,xkojik,4
829,0,Rumal,rumal,4
829,1,Aj,aj,4
829,2,"Tz'aq,",tz'aq,4
830,0,Aj,aj,4
830,1,B'it.,b'it,4
831,0,Are',are',4
831,1,k'u,k'u,4
831,2,ri,ri,4
831,3,"k'oy,",k'oy,4
832,0,Keje',keje',4
832,1,ri',ri',4
832,2,winaq,winaq,4
832,3,chiwachinik.,chiwachinik,4
833,0,Retal,retal,4
833,1,ju,ju,4
833,2,le',le',4
833,3,winaq,winaq,4
833,4,"tz'aq,",tz'aq,4
834,0,Winaq,winaq,4
834,1,b'it.,b'it,4
835,0,Xa,xa,4
835,1,"poy,",poy,4
836,0,Xa,xa,4
836,1,pu,pu,4
836,2,ajam,ajam,4
836,3,che'.,che',4
838,0,Maja,maja,4
838,1,b'i,b'i,4
838,2,"q'ij,",q'ij,4
839,0,Jun,jun,4
839,1,k'ut,k'ut,4
839,2,kunimarisaj,kunimarisaj,4
839,3,"rib',",rib',4
840,0,Wuqub',wuqub',4
840,1,Kaqix,kaqix,4
840,2,u,u,4
840,3,b'i'.,b'i',4
841,0,K'o,k'o,4
841,1,nab'e,nab'e,4
841,2,"kaj,",kaj,4
842,0,"Ulew,",ulew,4
843,0,Xa,xa,4
843,1,kamoymot,kamoymot,4
843,2,u,u,4
843,3,wach,wach,4
843,4,"q'ij,",q'ij,4
844,0,Ik'.,ik',4
845,0,Kacha',kacha',4
845,1,k'u,k'u,4
845,2,"ri',",ri',4
846,0,Xa,xa,4
846,1,wi,wi,4
846,2,xere,xere,4
846,3,u,u,4
846,4,saq,saq,4
846,5,etal,etal,4
846,6,winaq,winaq,4
846,7,ri,ri,4
846,8,xb'utik.,xb'utik,4
847,0,Keje',keje',4
847,1,ri',ri',4
847,2,nawal,nawal,4
847,3,winaq,winaq,4
848,0,U,u,4
848,1,k'oje'ik.,k'oje'ik,4
849,0,“In,in,4
849,1,"nim,",nim,4
850,0,Kik'oje',kik'oje',4
850,1,chik,chik,4
850,2,chuwi',chuwi',4
851,0,Winaq,winaq,4
851,1,"tz'aq,",tz'aq,4
852,0,Winaq,winaq,4
852,1,b'it.,b'it,4
853,0,In,in,4
853,1,u,u,4
853,2,"q'ij,",q'ij,4
854,0,In,in,4
854,1,pu,pu,4
854,2,u,u,4
854,3,"saq,",saq,4
855,0,In,in,4
855,1,nay,nay,4
855,2,pu,pu,4
855,3,rik'il.,rik'il,4
856,0,Ta,ta,4
856,1,chuxoq.,chuxoq,4
857,0,Nim,nim,4
857,1,nu,nu,4
857,2,saqil.,saqil,4
858,0,In,in,4
858,1,"b'inib'al,",b'inib'al,4
859,0,In,in,4
859,1,pu,pu,4
859,2,chakab'al,chakab'al,4
859,3,rumal,rumal,4
859,4,"winaq,",winaq,4
860,0,Rumal,rumal,4
860,1,puwaq.,puwaq,4
861,0,U,u,4
861,1,b'aq',b'aq',4
861,2,nu,nu,4
861,3,wach,wach,4
861,4,xa,xa,4
861,5,katiltotik,katiltotik,4
862,0,Chi,chi,4
862,1,yamanik,yamanik,4
862,2,raxa,raxa,4
862,3,"k'uwal,",k'uwal,4
863,0,Nay,nay,4
863,1,pu,pu,4
863,2,"we',",we',4
864,0,Rax,rax,4
864,1,kawakoj,kawakoj,4
864,2,chi,chi,4
864,3,"ab'aj,",ab'aj,4
865,0,Keje',keje',4
865,1,ri',ri',4
865,2,u,u,4
865,3,wa,wa,4
865,4,kaj.,kaj,4
866,0,Are',are',4
866,1,k'u,k'u,4
866,2,ri,ri,4
866,3,nu,nu,4
866,4,"tza'm,",tza'm,4
867,0,Saq,saq,4
867,1,julujuj,julujuj,4
867,2,chi,chi,4
867,3,"naj,",naj,4
868,0,Keje',keje',4
868,1,ri,ri,4
868,2,ik'.,ik',4
869,0,Puwaq,puwaq,4
869,1,k'ut,k'ut,4
869,2,nu,nu,4
869,3,q'alib'al.,q'alib'al,4
870,0,K'a,k'a,4
870,1,saq,saq,4
870,2,pak'e,pak'e,4
870,3,u,u,4
870,4,wach,wach,4
870,5,ulew,ulew,4
871,0,Ta,ta,4
871,1,kinel,kinel,4
871,2,uloq,uloq,4
872,0,Chuwach,chuwach,4
872,1,nu,nu,4
872,2,q'alib'al.,q'alib'al,4
873,0,Keje',keje',4
873,1,k'ut,k'ut,4
873,2,in,in,4
873,3,q'ij,q'ij,4
873,4,"wi,",wi,4
874,0,In,in,4
874,1,pu,pu,4
874,2,"ik',",ik',4
875,0,Rumal,rumal,4
875,1,saqil,saqil,4
875,2,"al,",al,4
876,0,Saqil,saqil,4
876,1,k'ajol.,k'ajol,4
877,0,Ta,ta,4
877,1,chuxoq.,chuxoq,4
878,0,Rumal,rumal,4
878,1,chi,chi,4
878,2,naj,naj,4
879,0,Kopon,kopon,4
879,1,wi,wi,4
879,2,nu,nu,4
879,3,"wach,”",wach,4
879,4,cha',cha',4
879,5,ri,ri,4
879,6,Wuqub',wuqub',4
879,7,Kaqix.,kaqix,4
880,0,Ma,ma,4
880,1,k'u,k'u,4
880,2,qitzij,qitzij,4
880,3,are',are',4
880,4,ta,ta,4
880,5,q'ij,q'ij,4
880,6,ri,ri,4
880,7,Wuqub',wuqub',4
880,8,"Kaqix,",kaqix,4
881,0,Xere,xere,4
881,1,kunimarisaj,kunimarisaj,4
881,2,"rib',",rib',4
882,0,Ri,ri,4
882,1,u,u,4
882,2,"xik',",xik',4
883,0,U,u,4
883,1,puwaq.,puwaq,4
884,0,Xere,xere,4
884,1,k'ut,k'ut,4
884,2,tokol,tokol,4
884,3,wi,wi,4
884,4,u,u,4
884,5,wach,wach,4
884,6,ri,ri,4
884,7,chiku'b'e,chiku'b'e,4
884,8,wi.,wi,4
885,0,Ma,ma,4
885,1,na,na,4
885,2,ronojel,ronojel,4
885,3,ta,ta,4
885,4,u,u,4
885,5,xe',xe',4
885,6,kaj,kaj,4
885,7,kopon,kopon,4
885,8,wi,wi,4
885,9,u,u,4
885,10,wach,wach,4
886,0,Maja',maja',4
886,1,k'ut,k'ut,4
886,2,qi,qi,4
886,3,kiloq,kiloq,4
886,4,u,u,4
886,5,wach,wach,4
886,6,"q'ij,",q'ij,4
887,0,"Ik',",ik',4
888,0,"Ch'umil,",ch'umil,4
889,0,Maja'oq,maja'oq,4
889,1,kasaqiroq.,kasaqiroq,4
890,0,Keje',keje',4
890,1,k'ut,k'ut,4
890,2,kuq'ob'isaj,kuq'ob'isaj,4
890,3,wi,wi,4
890,4,rib',rib',4
891,0,Ri,ri,4
891,1,Wuqub',wuqub',4
891,2,Kaqix,kaqix,4
892,0,Chi,chi,4
892,1,"q'ijil,",q'ijil,4
893,0,Chi,chi,4
893,1,ik'il.,ik'il,4
894,0,Xa,xa,4
894,1,maja',maja',4
894,2,"chik'utunoq,",chik'utunoq,4
895,0,Chiq'alajob'oq,chiq'alajob'oq,4
896,0,U,u,4
896,1,saqil,saqil,4
896,2,"q'ij,",q'ij,4
897,0,"Ik',",ik',4
898,0,Xa,xa,4
898,1,xurayij,xurayij,4
898,2,"nimal,",nimal,4
899,0,Ik'owen.,ik'owen,4
900,0,Are,are,4
900,1,ta,ta,4
900,2,xb'anik,xb'anik,4
900,3,b'utik,b'utik,4
901,0,Kumal,kumal,4
901,1,poy,poy,4
901,2,ajam,ajam,4
901,3,che'.,che',4
902,0,Keje',keje',4
902,1,k'ut,k'ut,4
902,2,xchiqab'ij,xchiqab'ij,4
902,3,chik,chik,4
902,4,ta,ta,4
902,5,xkamik,xkamik,4
902,6,Wuqub',wuqub',4
902,7,"Kaqix,",kaqix,5
903,0,Ta,ta,5
903,1,"xch'akatajik,",xch'akatajik,5
904,0,Ta,ta,5
904,1,xb'anatajik,xb'anatajik,5
904,2,winaq,winaq,5
905,0,Rumal,rumal,5
905,1,Aj,aj,5
905,2,"Tz'aq,",tz'aq,5
906,0,Aj,aj,5
906,1,B'it.,b'it,5
907,0,WA'E,wa'e,5
907,1,u,u,5
907,2,xe',xe',5
908,0,U,u,5
908,1,"ch'akatajik,",ch'akatajik,5
909,0,U,u,5
909,1,yiqoxik,yiqoxik,5
909,2,chi,chi,5
909,3,puch,puch,5
909,4,u,u,5
909,5,q'ij,q'ij,5
909,6,Wuqub',wuqub',5
909,7,Kaqix,kaqix,5
910,0,Kumal,kumal,5
910,1,e,e,5
910,2,kaib',kaib',5
910,3,"k'ajolab',",k'ajolab',5
911,0,Junajpu,junajpu,5
911,1,u,u,5
911,2,b'i',b'i',5
911,3,"jun,",jun,5
912,0,Xb'alanke,xb'alanke,5
912,1,u,u,5
912,2,b'i',b'i',5
912,3,u,u,5
912,4,kab'.,kab',5
913,0,Xa,xa,5
913,1,wi,wi,5
913,2,e,e,5
913,3,k'ab'awil.,k'ab'awil,5
914,0,Rumal,rumal,5
914,1,itzel,itzel,5
914,2,"xkilo,",xkilo,5
915,0,Ri,ri,5
915,1,nimarisay,nimarisay,5
915,2,rib'.,rib',5
916,0,Xraj,xraj,5
916,1,u,u,5
916,2,b'an,b'an,5
917,0,Chuwach,chuwach,5
917,1,u,u,5
917,2,K'u'x,k'u'x,5
917,3,Kaj.,kaj,5
918,0,Xcha',xcha',5
918,1,k'u,k'u,5
918,2,ri,ri,5
918,3,k'ajolab':,k'ajolab',5
919,0,“Mawi,mawi,5
919,1,utz,utz,5
919,2,ta,ta,5
919,3,chuxoq.,chuxoq,5
920,0,Mawi,mawi,5
920,1,chik'ase',chik'ase',5
920,2,winaq,winaq,5
921,0,Waral,waral,5
922,0,Chuwach,chuwach,5
922,1,ulew.,ulew,5
923,0,Keje',keje',5
923,1,k'ut,k'ut,5
923,2,chiqatij,chiqatij,5
923,3,wub'axik.,wub'axik,5
924,0,Chuwi',chuwi',5
924,1,recha',recha',5
924,2,chiqawub'aj,chiqawub'aj,5
924,3,wi.,wi,5
925,0,Chiri',chiri',5
925,1,chiqakoj,chiqakoj,5
925,2,wi,wi,5
925,3,u,u,5
925,4,yab'.,yab',5
926,0,Ta,ta,5
926,1,k'isoq,k'isoq,5
926,2,u,u,5
926,3,"q'inomal,",q'inomal,5
927,0,U,u,5
927,1,"xit,",xit,5
928,0,U,u,5
928,1,"puwaq,",puwaq,5
929,0,U,u,5
929,1,"k'uwal,",k'uwal,5
930,0,U,u,5
930,1,"yamanik,",yamanik,5
931,0,Ri,ri,5
931,1,kuk'ak'ab'ej.,kuk'ak'ab'ej,5
932,0,Keje',keje',5
932,1,k'ut,k'ut,5
932,2,chub'ano.,chub'ano,5
933,0,Ronojel,ronojel,5
933,1,winaq,winaq,5
933,2,mawi,mawi,5
934,0,Are',are',5
934,1,chiwinaqir,chiwinaqir,5
934,2,wi,wi,5
935,0,Q'aq'al,q'aq'al,5
935,1,"ri',",ri',5
936,0,Xa,xa,5
936,1,puwaq.,puwaq,5
937,0,Ta,ta,5
937,1,"chuxoq,”",chuxoq,5
938,0,Xecha',xecha',5
938,1,ri,ri,5
938,2,k'ajolab'.,k'ajolab',5
939,0,Jujun,jujun,5
939,1,chi,chi,5
939,2,wub',wub',5
940,0,Kitelen,kitelen,5
940,1,ki,ki,5
940,2,kab',kab',5
940,3,ichal.,ichal,5
941,0,Are',are',5
941,1,k'u,k'u,5
941,2,ri,ri,5
941,3,Wuqub',wuqub',5
941,4,"Kaqix,",kaqix,5
942,0,E,e,5
942,1,kaib',kaib',5
942,2,u,u,5
942,3,k'ajol.,k'ajol,5
943,0,Are',are',5
943,1,nab'e,nab'e,5
943,2,al,al,5
943,3,ri,ri,5
943,4,Sipakna.,sipakna,5
944,0,U,u,5
944,1,kab',kab',5
944,2,al,al,5
944,3,chi,chi,5
944,4,k'ut,k'ut,5
944,5,ri,ri,5
944,6,Kab'raqan.,kab'raqan,5
945,0,Chimalmat,chimalmat,5
945,1,k'ut,k'ut,5
945,2,u,u,5
945,3,b'i',b'i',5
945,4,ki,ki,5
945,5,"chuch,",chuch,5
946,0,Rixoqil,rixoqil,5
946,1,ri,ri,5
946,2,Wuqub',wuqub',5
946,3,Kaqix.,kaqix,5
947,0,Are',are',5
947,1,k'u,k'u,5
947,2,ri,ri,5
947,3,"Sipakna,",sipakna,5
948,0,Are',are',5
948,1,chirecha'j,chirecha'j,5
949,0,Ri,ri,5
949,1,nima'q,nima'q,5
949,2,juyub'--,juyub',5
950,0,Ri,ri,5
950,1,Chi',chi',5
950,2,"Q'aq',",q'aq',5
951,0,"Junajpu,",junajpu,5
952,0,"Pekulya',",pekulya',5
953,0,"Xkanul,",xkanul,5
954,0,"Makamob',",makamob',5
955,0,"Julisnab',",julisnab',5
956,0,Chuchaxik,chuchaxik,5
956,1,u,u,5
956,2,b'i',b'i',5
956,3,juyub',juyub',5
957,0,Xk'olik,xk'olik,5
957,1,ta,ta,5
957,2,chisaqirik.,chisaqirik,5
958,0,Xa,xa,5
958,1,jun,jun,5
958,2,aq'ab',aq'ab',5
958,3,chiwinaqirik,chiwinaqirik,5
959,0,Rumal,rumal,5
959,1,ri,ri,5
959,2,Sipakna.,sipakna,5
961,0,Rumal,rumal,5
961,1,"chineb'owik,",chineb'owik,5
962,0,Ch'uti,ch'uti,5
962,1,"juyub',",juyub',5
963,0,Nima,nima,5
963,1,juyub',juyub',5
963,2,rumal.,rumal,5
964,0,Xa,xa,5
964,1,wi,wi,5
964,2,keje',keje',5
964,3,nimarisab'al,nimarisab'al,5
964,4,kib',kib',5
965,0,Xkib'ano,xkib'ano,5
965,1,u,u,5
965,2,k'ajol,k'ajol,5
965,3,Wuqub',wuqub',5
965,4,Kaqix.,kaqix,5
966,0,“In,in,5
966,1,"wa',",wa',5
967,0,In,in,5
967,1,q'ij!”,q'ij,5
968,0,Xcha',xcha',5
968,1,Wuqub',wuqub',5
968,2,Kaqix.,kaqix,5
969,0,“In,in,5
969,1,"wa',",wa',5
970,0,In,in,5
970,1,b'anol,b'anol,5
970,2,ulew!”,ulew,5
971,0,Xcha',xcha',5
971,1,ri,ri,5
971,2,Sipakna.,sipakna,5
972,0,“In,in,5
972,1,chi,chi,5
972,2,"k'ut,",k'ut,5
973,0,Kiyojow,kiyojow,5
973,1,"kaj,",kaj,5
974,0,Chinwulij,chinwulij,5
974,1,ronojel,ronojel,5
974,2,"ulew,”",ulew,5
975,0,Xcha',xcha',5
975,1,ri,ri,5
975,2,Kab'raqan.,kab'raqan,5
976,0,Xa,xa,5
976,1,wi,wi,5
976,2,u,u,5
976,3,k'ajol,k'ajol,5
976,4,Wuqub',wuqub',5
976,5,"Kaqix,",kaqix,5
977,0,Xa,xa,5
977,1,wi,wi,5
977,2,chiri',chiri',5
977,3,xkik'am,xkik'am,5
977,4,wi,wi,5
977,5,ki,ki,5
977,6,nimal,nimal,5
977,7,chirij,chirij,5
977,8,ki,ki,5
977,9,qajaw.,qajaw,5
978,0,Are',are',5
978,1,k'ut,k'ut,5
978,2,itzel,itzel,5
978,3,xkil,xkil,5
978,4,wi,wi,5
978,5,"k'ajolab',",k'ajolab',5
979,0,Maja',maja',5
979,1,chib'antajoq,chib'antajoq,5
980,0,Qa,qa,5
980,1,nab'e,nab'e,5
980,2,"chuch,",chuch,5
981,0,Qa,qa,5
981,1,nab'e,nab'e,5
981,2,qajaw.,qajaw,5
982,0,Keje',keje',5
982,1,k'ut,k'ut,5
982,2,xno'jix,xno'jix,5
982,3,wi,wi,5
982,4,ki,ki,5
982,5,"kamik,",kamik,5
983,0,Ki,ki,5
983,1,sachik,sachik,5
983,2,kumal,kumal,5
983,3,k'ajolab'.,k'ajolab',5
984,0,WA'E,wa'e,5
984,1,k'ute,k'ute,5
984,2,u,u,5
984,3,wub'axik,wub'axik,5
985,0,Wuqub',wuqub',5
985,1,Kaqix,kaqix,5
985,2,kumal,kumal,5
985,3,kaib',kaib',5
985,4,k'ajolab'.,k'ajolab',5
986,0,Xchiqab'ij,xchiqab'ij,5
986,1,ki,ki,5
986,2,ch'akatajik,ch'akatajik,5
986,3,chi,chi,5
986,4,ki,ki,5
986,5,"jujunal,",jujunal,5
987,0,Ri,ri,5
987,1,nimarisay,nimarisay,5
987,2,rib'.,rib',5
988,0,Are',are',5
988,1,ri,ri,5
988,2,Wuqub',wuqub',5
988,3,"Kaqix,",kaqix,5
989,0,Jun,jun,5
989,1,nima,nima,5
989,2,che',che',5
989,3,ri,ri,5
989,4,"tapa'l,",tapa'l,5
990,0,Are',are',5
990,1,k'u,k'u,5
990,2,recha',recha',5
991,0,Ri,ri,5
991,1,Wuqub',wuqub',5
991,2,Kaqix.,kaqix,5
992,0,Are',are',5
992,1,chulo,chulo,5
993,0,Ri,ri,5
993,1,u,u,5
993,2,wach,wach,5
993,3,tapa'l.,tapa'l,5
994,0,Chaq'an,chaq'an,5
994,1,chuwi',chuwi',5
994,2,che',che',5
994,3,ju,ju,5
994,4,ta,ta,5
994,5,q'ij.,q'ij,5
995,0,Xiloma,xiloma,5
995,1,k'ut,k'ut,5
995,2,recha'b'al,recha'b'al,5
996,0,Kumal,kumal,5
996,1,ri,ri,5
996,2,"Junajpu,",junajpu,5
997,0,Xb'alanke.,xb'alanke,5
998,0,Kik'ak'alen,kik'ak'alen,5
998,1,chi,chi,5
998,2,k'ut,k'ut,5
999,0,Chuxe',chuxe',5
999,1,che',che',5
999,2,ri,ri,5
999,3,Wuqub',wuqub',5
999,4,Kaqix.,kaqix,5
1000,0,E,e,5
1000,1,matzamoj,matzamoj,5
1000,2,ulo,ulo,5
1000,3,ri,ri,5
1000,4,kaib',kaib',5
1000,5,k'ajolab',k'ajolab',5
1001,0,Pa,pa,5
1001,1,xaq,xaq,5
1001,2,che'.,che',5
1002,0,Ta,ta,5
1002,1,xopon,xopon,5
1002,2,k'ut,k'ut,5
1002,3,Wuqub',wuqub',5
1002,4,"Kaqix,",kaqix,5
1003,0,Tak'al,tak'al,5
1004,0,Chuwi',chuwi',5
1004,1,"recha',",recha',5
1005,0,Ri,ri,5
1005,1,tapa'l.,tapa'l,5
1006,0,K'ate,k'ate,5
1006,1,k'ut,k'ut,5
1006,2,ta,ta,5
1006,3,xub'axik,xub'axik,5
1006,4,"kumal,",kumal,5
1007,0,Ri,ri,5
1007,1,"Junajpu,",junajpu,5
1007,2,taqal,taqal,5
1007,3,u,u,5
1007,4,b'aq',b'aq',5
1007,5,wub',wub',5
1008,0,Chu,chu,5
1008,1,kakate'.,kakate',5
1009,0,Churaquj,churaquj,5
1009,1,u,u,5
1009,2,chi'.,chi',5
1010,0,Ta,ta,5
1010,1,xpe,xpe,5
1010,2,chuwi',chuwi',5
1010,3,che',che',5
1011,0,Taqal,taqal,5
1011,1,chuwach,chuwach,5
1011,2,ulew.,ulew,5
1012,0,Chimalmat,chimalmat,5
1012,1,k'ut,k'ut,5
1012,2,ri,ri,5
1012,3,Junajpu,junajpu,5
1012,4,anim,anim,5
1012,5,"xb'ek,",xb'ek,5
1013,0,Qitzij,qitzij,5
1013,1,wi,wi,5
1013,2,xb'e,xb'e,5
1013,3,u,u,5
1013,4,chapa'.,chapa',5
1014,0,K'ate,k'ate,5
1014,1,k'ut,k'ut,5
1014,2,ta,ta,5
1014,3,xqupix,xqupix,5
1014,4,ula,ula,5
1015,0,U,u,5
1015,1,q'ab',q'ab',5
1015,2,ri,ri,5
1015,3,Junajpu,junajpu,5
1015,4,rumal,rumal,5
1015,5,ri,ri,5
1015,6,Wuqub',wuqub',5
1015,7,Kaqix.,kaqix,5
1016,0,Ju,ju,5
1016,1,suk',suk',5
1016,2,xtzaq,xtzaq,5
1016,3,"uloq,",uloq,5
1017,0,Xmejo,xmejo,5
1017,1,uloq,uloq,5
1017,2,tza'm,tza'm,5
1017,3,u,u,5
1017,4,teleb'.,teleb',5
1018,0,Ta,ta,5
1018,1,xutzoqopij,xutzoqopij,5
1018,2,chi,chi,5
1018,3,k'ut,k'ut,5
1018,4,Junajpu,junajpu,5
1019,0,Ri,ri,5
1019,1,Wuqub',wuqub',5
1019,2,Kaqix.,kaqix,5
1020,0,Xa,xa,5
1020,1,wi,wi,5
1020,2,utz,utz,5
1020,3,xkib'ano.,xkib'ano,5
1021,0,Ma,ma,5
1021,1,nab'e,nab'e,5
1021,2,ki,ki,5
1021,3,ch'akatajik,ch'akatajik,5
1021,4,taj,taj,5
1021,5,rumal,rumal,5
1021,6,Wuqub',wuqub',5
1021,7,Kaqix,kaqix,5
1022,0,Uk'a'am,uk'a'am,5
1022,1,chi,chi,5
1022,2,k'ut,k'ut,5
1022,3,u,u,5
1022,4,q'ab',q'ab',5
1022,5,ri,ri,5
1022,6,Junajpu,junajpu,5
1023,0,Rumal,rumal,5
1023,1,ri,ri,5
1023,2,Wuqub',wuqub',5
1023,3,Kaqix.,kaqix,5
1024,0,Ta,ta,5
1024,1,xb'e,xb'e,5
1024,2,chi,chi,5
1024,3,"rochoch,",rochoch,5
1026,0,“Naqi,naqi,5
1026,1,pa,pa,5
1026,2,mi,mi,5
1026,3,xk'amow,xk'amow,5
1026,4,chila'?”,chila',5
1027,0,Xcha',xcha',5
1027,1,k'u,k'u,5
1027,2,ri,ri,5
1027,3,"Chimalmat,",chimalmat,5
1028,0,Rixoqil,rixoqil,5
1028,1,Wuqub',wuqub',5
1028,2,Kaqix.,kaqix,5
1029,0,“Naqi,naqi,5
1029,1,pa,pa,5
1029,2,ri'?”,ri',5
1030,0,“Ri,ri,5
1030,1,e,e,5
1030,2,kaib',kaib',5
1030,3,k'axtok',k'axtok',5
1030,4,mi,mi,5
1030,5,"xikiwub'aj,",xikiwub'aj,5
1031,0,Mi,mi,5
1031,1,xsilib'ataj,xsilib'ataj,5
1031,2,nu,nu,5
1031,3,kakate',kakate',5
1031,4,rumal.,rumal,5
1032,0,Xa,xa,5
1032,1,kachuywaj,kachuywaj,5
1032,2,e,e,5
1032,3,"we',",we',5
1033,0,Kaq'oxow,kaq'oxow,5
1033,1,chik.,chik,5
1034,0,Mi,mi,5
1034,1,nab'e,nab'e,5
1034,2,mi,mi,5
1034,3,xnuk'am,xnuk'am,5
1034,4,uloq.,uloq,5
1035,0,Chuwi',chuwi',5
1035,1,q'aq',q'aq',5
1035,2,k'ut,k'ut,5
1036,0,Chixeke,chixeke,5
1036,1,"wi,",wi,5
1037,0,Chitzayab'a',chitzayab'a',5
1038,0,Chuwi',chuwi',5
1038,1,q'aq',q'aq',5
1039,0,Ta,ta,5
1039,1,kul,kul,5
1039,2,ki,ki,5
1039,3,k'ama,k'ama,5
1039,4,chik.,chik,5
1040,0,Qitzij,qitzij,5
1040,1,chi,chi,5
1040,2,e,e,5
1040,3,"k'axtok',”",k'axtok',5
1040,4,xcha',xcha',6
1040,5,ri,ri,6
1040,6,Wuqub',wuqub',6
1040,7,"Kaqix,",kaqix,6
1041,0,Ta,ta,6
1041,1,xuxekeb'a',xuxekeb'a',6
1041,2,u,u,6
1041,3,q'ab',q'ab',6
1041,4,ri,ri,6
1041,5,Junajpu.,junajpu,6
1042,0,Kina'ojinik,kina'ojinik,6
1042,1,"chik,",chik,6
1043,0,Ri,ri,6
1043,1,Ju,ju,6
1043,2,"Junajpu,",junajpu,6
1044,0,Xb'alanke.,xb'alanke,6
1045,0,Ta,ta,6
1045,1,xkib'ij,xkib'ij,6
1045,2,k'ut,k'ut,6
1045,3,chirech,chirech,6
1046,0,Jun,jun,6
1046,1,Mama'.,mama',6
1047,0,Qitzij,qitzij,6
1047,1,saq,saq,6
1047,2,chik,chik,6
1048,0,Rismal,rismal,6
1048,1,wi',wi',6
1048,2,chi,chi,6
1049,0,Mama'.,mama',6
1050,0,Jun,jun,6
1050,1,k'u,k'u,6
1050,2,"Ati't,",ati't,6
1051,0,Qitzij,qitzij,6
1051,1,kemel,kemel,6
1051,2,ati't,ati't,6
1051,3,chik.,chik,6
1052,0,Xa,xa,6
1052,1,keluq'uq'ila',keluq'uq'ila',6
1052,2,"chik,",chik,6
1053,0,Chi,chi,6
1053,1,ri'jitaq,ri'jitaq,6
1053,2,winaq.,winaq,6
1054,0,Saqi,saqi,6
1054,1,Nim,nim,6
1054,2,Aq,aq,6
1054,3,u,u,6
1054,4,b'i',b'i',6
1054,5,mama'.,mama',6
1055,0,Saqi,saqi,6
1055,1,Nima,nima,6
1055,2,Sis,sis,6
1055,3,k'ut,k'ut,6
1055,4,u,u,6
1055,5,b'i',b'i',6
1055,6,ati't.,ati't,6
1056,0,Xecha',xecha',6
1056,1,k'u,k'u,6
1057,0,Ri,ri,6
1057,1,k'ajolab',k'ajolab',6
1057,2,"chike,",chike,6
1058,0,Ri,ri,6
1058,1,"ati't,",ati't,6
1059,0,Mama':,mama',6
1060,0,“Kixqachb'ilaj,kixqachb'ilaj,6
1060,1,taj.,taj,6
1061,0,Chib'e,chib'e,6
1061,1,ta,ta,6
1061,2,k'ama,k'ama,6
1061,3,qa,qa,6
1061,4,q'ab',q'ab',6
1061,5,ruk',ruk',6
1061,6,Wuqub',wuqub',6
1061,7,Kaqix.,kaqix,6
1062,0,Xa,xa,6
1062,1,kojtere,kojtere,6
1063,0,Chiwij.,chiwij,6
1064,0,‘Q'i',q'i',6
1064,1,ri,ri,6
1064,2,qa,qa,6
1064,3,mam,mam,6
1065,0,Ri,ri,6
1065,1,qachb'ilan.,qachb'ilan,6
1066,0,Kaminaq,kaminaq,6
1066,1,ki,ki,6
1066,2,"chuch,",chuch,6
1067,0,Ki,ki,6
1067,1,qajaw.,qajaw,6
1068,0,Keje',keje',6
1068,1,k'ut,k'ut,6
1068,2,"ketere,",ketere,6
1069,0,Kotila',kotila',6
1069,1,wi,wi,6
1069,2,chiqij.,chiqij,6
1070,0,Ta,ta,6
1070,1,la',la',6
1070,2,keqasipaj,keqasipaj,6
1070,3,"wi,",wi,6
1072,0,Keje',keje',6
1072,1,k'u,k'u,6
1072,2,ri,ri,6
1072,3,oj,oj,6
1072,4,ak'alab',ak'alab',6
1073,0,Chirilo,chirilo,6
1073,1,ri,ri,6
1073,2,Wuqub',wuqub',6
1073,3,Kaqix.,kaqix,6
1074,0,Xa,xa,6
1074,1,wi,wi,6
1074,2,oj,oj,6
1074,3,kojya'wik,kojya'wik,6
1074,4,i,i,6
1074,5,"na'oj,”",na'oj,6
1075,0,Xecha',xecha',6
1075,1,ri,ri,6
1075,2,e,e,6
1075,3,kaib',kaib',6
1075,4,k'ajolab'.,k'ajolab',6
1076,0,“Utz,utz,6
1076,1,b'a,b'a,6
1076,2,"la',”",la',6
1076,3,xecha',xecha',6
1076,4,k'ut.,k'ut,6
1077,0,K'ate,k'ate,6
1077,1,k'ut,k'ut,6
1077,2,ta,ta,6
1077,3,xeb'ek.,xeb'ek,6
1078,0,Tza'mal,tza'mal,6
1078,1,ku'bi',ku'bi',6
1078,2,ri,ri,6
1078,3,Wuqub',wuqub',6
1078,4,Kaqix,kaqix,6
1079,0,Chuwach,chuwach,6
1079,1,u,u,6
1079,2,q'alib'al.,q'alib'al,6
1080,0,Ta,ta,6
1080,1,xe'ik'owik,xe'ik'owik,6
1080,2,ri,ri,6
1080,3,"ati't,",ati't,6
1081,0,Mama'.,mama',6
1082,0,Ke'etz'eyaj,ke'etz'eyaj,6
1082,1,k'u,k'u,6
1083,0,Ri,ri,6
1083,1,e,e,6
1083,2,kaib',kaib',6
1083,3,k'ajolab',k'ajolab',6
1083,4,chikij.,chikij,6
1084,0,Ta,ta,6
1084,1,xe'ik'ow,xe'ik'ow,6
1085,0,Chuxe',chuxe',6
1085,1,rochoch,rochoch,6
1086,0,Ajaw.,ajaw,6
1087,0,Kuraquj,kuraquj,6
1087,1,k'u,k'u,6
1087,2,u,u,6
1087,3,chi',chi',6
1088,0,Ri,ri,6
1088,1,Wuqub',wuqub',6
1088,2,Kaqix,kaqix,6
1088,3,rumal,rumal,6
1088,4,re'.,re',6
1089,0,Ta,ta,6
1089,1,xril,xril,6
1089,2,k'ut,k'ut,6
1089,3,Wuqub',wuqub',6
1089,4,Kaqix,kaqix,6
1089,5,ri,ri,6
1089,6,"mama',",mama',6
1090,0,Ati't,ati't,6
1090,1,kachb'ilan,kachb'ilan,6
1090,2,kib'.,kib',6
1091,0,“Apa,apa,6
1091,1,kixpe,kixpe,6
1091,2,wi,wi,6
1091,3,qa,qa,6
1091,4,mam?”,mam,6
1092,0,Xcha',xcha',6
1092,1,k'u,k'u,6
1092,2,ri,ri,6
1092,3,ajaw.,ajaw,6
1094,0,“Naqi,naqi,6
1094,1,pa,pa,6
1094,2,i,i,6
1094,3,tzuqub'al?,tzuqub'al,6
1095,0,Ma,ma,6
1095,1,iwalk'wal,iwalk'wal,6
1095,2,ri,ri,6
1095,3,iwachb'ilan?”,iwachb'ilan,6
1096,0,“Maja,maja,6
1096,1,b'i,b'i,6
1096,2,lal,lal,6
1096,3,ajaw.,ajaw,6
1097,0,E,e,6
1097,1,qa,qa,6
1097,2,mam,mam,6
1098,0,Ri'.,ri',6
1099,0,Xere,xere,6
1099,1,na,na,6
1099,2,"re,",re,6
1100,0,Kaqatoq'ob'aj,kaqatoq'ob'aj,6
1100,1,ki,ki,6
1100,2,wach.,wach,6
1101,0,Ri,ri,6
1101,1,ya'axel,ya'axel,6
1101,2,ju,ju,6
1101,3,"pir,",pir,6
1102,0,Ch'aqa'p,ch'aqa'p,6
1102,1,kaqaya',kaqaya',6
1102,2,chikech,chikech,6
1102,3,lal,lal,6
1102,4,"ajaw,”",ajaw,6
1103,0,Xecha',xecha',6
1103,1,k'ut,k'ut,6
1103,2,ri,ri,6
1103,3,"ati't,",ati't,6
1104,0,Mama'.,mama',6
1105,0,Kutzin,kutzin,6
1105,1,k'u,k'u,6
1105,2,ri,ri,6
1105,3,ajaw,ajaw,6
1106,0,Rumal,rumal,6
1106,1,u,u,6
1106,2,q'oxom,q'oxom,6
1106,3,re'.,re',6
1107,0,Xa,xa,6
1107,1,k'u,k'u,6
1107,2,nima'q,nima'q,6
1107,3,wa',wa',6
1107,4,ch'ij,ch'ij,6
1107,5,"chik,",chik,6
1108,0,Kach'awik:,kach'awik,6
1109,0,“In,in,6
1109,1,ta,ta,6
1109,2,b'a,b'a,6
1109,3,kanij,kanij,6
1109,4,"chiwech,",chiwech,6
1110,0,Chitoq'ob'aj,chitoq'ob'aj,6
1110,1,ta,ta,6
1110,2,nu,nu,6
1110,3,wach.,wach,6
1111,0,Naqi,naqi,6
1111,1,pa,pa,6
1111,2,ki',ki',6
1111,3,chib'ano?,chib'ano,6
1112,0,Naqi,naqi,6
1112,1,on,on,6
1112,2,ki',ki',6
1112,3,chikunaj?”,chikunaj,6
1113,0,Xcha',xcha',6
1113,1,k'ut,k'ut,6
1114,0,Ajaw.,ajaw,6
1115,0,“Xa,xa,6
1115,1,u,u,6
1115,2,chikopil,chikopil,6
1115,3,e'yaj,e'yaj,6
1115,4,chiqelesaj.,chiqelesaj,6
1116,0,Xa,xa,6
1116,1,k'u,k'u,6
1116,2,u,u,6
1116,3,b'aq',b'aq',6
1116,4,u,u,6
1116,5,wach,wach,6
1116,6,chiqakunaj.,chiqakunaj,6
1117,0,Xa,xa,6
1117,1,b'aq,b'aq,6
1117,2,"chiqawiqo,",chiqawiqo,6
1118,0,Lal,lal,6
1118,1,"ajaw,”",ajaw,6
1119,0,Xecha',xecha',6
1119,1,k'ut.,k'ut,6
1120,0,“Utz,utz,6
1120,1,b'a,b'a,6
1120,2,"la',",la',6
1121,0,Chikunaj,chikunaj,6
1121,1,ta,ta,6
1121,2,b'a,b'a,6
1121,3,we'.,we',6
1122,0,Qitzij,qitzij,6
1122,1,kaq'oxowik,kaq'oxowik,6
1122,2,ju,ju,6
1122,3,ta,ta,6
1122,4,q'ij.,q'ij,6
1123,0,Mawi,mawi,6
1123,1,choq'itajik.,choq'itajik,6
1124,0,Maja,maja,6
1124,1,b'i,b'i,6
1124,2,nu,nu,6
1124,3,waram,waram,6
1124,4,"rumal,",rumal,6
1125,0,Ruk',ruk',6
1125,1,u,u,6
1125,2,b'aq',b'aq',6
1125,3,nu,nu,6
1125,4,wach.,wach,6
1126,0,Xa,xa,6
1126,1,"xiki'ub'aj,",xiki'ub'aj,6
1127,0,E,e,6
1127,1,kaib',kaib',6
1127,2,k'axtok'.,k'axtok',6
1128,0,Ta,ta,6
1128,1,xtikarik,xtikarik,6
1129,0,Mawi,mawi,6
1129,1,kinecha'jik,kinecha'jik,6
1129,2,rumal.,rumal,6
1130,0,Keje',keje',6
1130,1,ta,ta,6
1130,2,k'ut,k'ut,6
1130,3,chitoq'ob'aj,chitoq'ob'aj,6
1130,4,wi,wi,6
1130,5,nu,nu,6
1130,6,wach.,wach,6
1131,0,Xa,xa,6
1131,1,kachuyub',kachuyub',6
1132,0,We,we,6
1132,1,je,je,6
1132,2,"chik,",chik,6
1133,0,Ri,ri,6
1133,1,we'.”,we',6
1134,0,“Utz,utz,6
1134,1,b'a,b'a,6
1134,2,la',la',6
1134,3,lal,lal,6
1134,4,ajaw.,ajaw,6
1135,0,Chikop,chikop,6
1135,1,b'a,b'a,6
1135,2,kaq'axuwik.,kaq'axuwik,6
1136,0,Xa,xa,6
1136,1,chok,chok,6
1136,2,u,u,6
1136,3,"k'exel,",k'exel,6
1137,0,Chel,chel,6
1137,1,ri,ri,6
1137,2,e',e',6
1137,3,la.”,la,6
1138,0,“Ma,ma,6
1138,1,b'a,b'a,6
1138,2,utz,utz,6
1138,3,lo,lo,6
1138,4,chel,chel,6
1138,5,ri,ri,6
1138,6,"we',",we',6
1139,0,Rumal,rumal,6
1139,1,xere,xere,6
1139,2,in,in,6
1139,3,ajaw,ajaw,6
1139,4,wi.,wi,6
1140,0,Nu,nu,6
1140,1,kawub'al,kawub'al,6
1140,2,ri,ri,6
1140,3,"we',",we',6
1141,0,Ruk',ruk',6
1141,1,u,u,6
1141,2,b'aq',b'aq',6
1141,3,nu,nu,6
1141,4,wach.”,wach,6
1142,0,“Xchiqakoj,xchiqakoj,6
1142,1,chik,chik,6
1142,2,na,na,6
1142,3,k'ut,k'ut,6
1143,0,U,u,6
1143,1,k'exel,k'exel,6
1143,2,jok'om,jok'om,6
1143,3,b'aq.”,b'aq,6
1144,0,Xchok,xchok,6
1144,1,chik,chik,6
1144,2,are',are',6
1144,3,k'ut,k'ut,6
1144,4,jok'om,jok'om,6
1144,5,b'aq,b'aq,6
1145,0,Ri,ri,6
1145,1,xa,xa,6
1145,2,saqi,saqi,6
1145,3,ixim.,ixim,6
1146,0,“Utz,utz,6
1146,1,b'a,b'a,6
1146,2,"la',",la',6
1146,3,"chiwelesaj,",chiwelesaj,6
1146,4,chito'o',chito'o',6
1146,5,"uloq,”",uloq,6
1146,6,xcha',xcha',6
1146,7,k'ut.,k'ut,6
1147,0,Ta,ta,6
1147,1,xel,xel,6
1147,2,k'u,k'u,6
1147,3,ri,ri,6
1147,4,re',re',6
1147,5,Wuqub',wuqub',6
1147,6,Kaqix.,kaqix,6
1148,0,Xa,xa,6
1148,1,saqi,saqi,6
1148,2,ixim,ixim,6
1148,3,u,u,6
1148,4,k'exel,k'exel,6
1148,5,re',re',6
1148,6,"xokik,",xokik,6
1149,0,Xa,xa,6
1149,1,chi,chi,6
1149,2,k'u,k'u,6
1149,3,saq,saq,6
1149,4,julujuj,julujuj,6
1149,5,chi,chi,6
1149,6,ula,ula,6
1149,7,ixim,ixim,6
1149,8,pu,pu,6
1149,9,chi'.,chi',6
1150,0,Ju,ju,6
1150,1,su,su,6
1150,2,k'u,k'u,6
1150,3,xqaj,xqaj,6
1150,4,u,u,6
1150,5,"wach,",wach,6
1151,0,Mawi,mawi,6
1151,1,ajaw,ajaw,6
1151,2,chik,chik,6
1151,3,xwachinik.,xwachinik,6
1152,0,Xk'is,xk'is,6
1152,1,elik,elik,6
1152,2,ri,ri,6
1152,3,"re',",re',6
1153,0,K'uwal,k'uwal,6
1153,1,rax,rax,6
1153,2,kawakoj,kawakoj,6
1153,3,pu,pu,6
1153,4,chi'.,chi',6
1154,0,Ta,ta,6
1154,1,xkunax,xkunax,6
1154,2,chi,chi,6
1154,3,k'ut,k'ut,6
1154,4,u,u,6
1154,5,b'aq',b'aq',6
1154,6,u,u,6
1154,7,wach,wach,6
1154,8,Wuqub',wuqub',6
1154,9,Kaqix.,kaqix,6
1155,0,Ta,ta,6
1155,1,xch'olik,xch'olik,6
1155,2,u,u,6
1155,3,b'aq',b'aq',6
1155,4,u,u,6
1155,5,wach.,wach,6
1156,0,Xk'is,xk'is,6
1156,1,elik,elik,6
1157,0,Ri,ri,6
1157,1,puwaq.,puwaq,6
1158,0,Ma,ma,6
1158,1,na,na,6
1158,2,k'ax,k'ax,6
1158,3,taj,taj,6
1158,4,"xuna'o,",xuna'o,6
1159,0,Xa,xa,6
1159,1,wi,wi,6
1159,2,xere,xere,6
1159,3,kamuqunik.,kamuqunik,6
1160,0,Ta,ta,6
1160,1,xk'is,xk'is,6
1160,2,k'u,k'u,6
1160,3,elik,elik,6
1161,0,Ri,ri,6
1161,1,u,u,6
1161,2,nimarisab'al,nimarisab'al,6
1161,3,rib'.,rib',6
1162,0,Xa,xa,6
1162,1,wi,wi,6
1162,2,ki,ki,6
1162,3,na'oj,na'oj,6
1162,4,ri,ri,6
1162,5,"Junajpu,",junajpu,6
1163,0,Xb'alanke.,xb'alanke,6
1164,0,Ta,ta,6
1164,1,xkam,xkam,6
1164,2,k'ut,k'ut,6
1164,3,ri,ri,6
1164,4,Wuqub',wuqub',6
1164,5,Kaqix.,kaqix,6
1165,0,Ta,ta,6
1165,1,xuk'am,xuk'am,6
1165,2,k'ut,k'ut,6
1165,3,u,u,6
1165,4,q'ab',q'ab',6
1165,5,ri,ri,6
1165,6,Junajpu.,junajpu,6
1166,0,Xkam,xkam,6
1166,1,nay,nay,6
1166,2,puch,puch,6
1166,3,"Chimalmat,",chimalmat,6
1167,0,Rixoqil,rixoqil,6
1167,1,Wuqub',wuqub',6
1167,2,Kaqix.,kaqix,6
1168,0,Keje',keje',6
1168,1,k'ut,k'ut,7
1168,2,u,u,7
1168,3,sachik,sachik,7
1168,4,u,u,7
1168,5,q'inomal,q'inomal,7
1168,6,Wuqub',wuqub',7
1168,7,Kaqix.,kaqix,7
1169,0,Ri,ri,7
1169,1,xa,xa,7
1169,2,aj,aj,7
1169,3,kun,kun,7
1169,4,xk'amowik:,xk'amowik,7
1170,0,Ri,ri,7
1170,1,"k'uwal,",k'uwal,7
1171,0,Yamanik.,yamanik,7
1172,0,Xupunab'ej,xupunab'ej,7
1172,1,waral,waral,7
1173,0,Chuwach,chuwach,7
1173,1,ulew.,ulew,7
1174,0,Nawal,nawal,7
1174,1,"ati't,",ati't,7
1175,0,Nawal,nawal,7
1175,1,mama',mama',7
1175,2,xb'anowik.,xb'anowik,7
1176,0,Ta,ta,7
1176,1,xkik'am,xkik'am,7
1176,2,k'ut,k'ut,7
1177,0,Ki,ki,7
1177,1,"q'ab',",q'ab',7
1178,0,Xtikitax,xtikitax,7
1178,1,u,u,7
1178,2,"kok,",kok,7
1179,0,Utz,utz,7
1179,1,chik,chik,7
1179,2,xuxik.,xuxik,7
1180,0,Xa,xa,7
1180,1,rumal,rumal,7
1180,2,u,u,7
1180,3,kamik,kamik,7
1180,4,Wuqub',wuqub',7
1180,5,Kaqix,kaqix,7
1180,6,"xkaj,",xkaj,7
1181,0,Keje',keje',7
1181,1,xkib'ano.,xkib'ano,7
1182,0,Itzel,itzel,7
1182,1,"xkilo,",xkilo,7
1183,0,Nimarisab'al,nimarisab'al,7
1183,1,ib'.,ib',7
1184,0,K'ate,k'ate,7
1184,1,k'ut,k'ut,7
1184,2,xeb'e,xeb'e,7
1184,3,"chik,",chik,7
1185,0,E,e,7
1185,1,kaib',kaib',7
1185,2,k'ajolab'.,k'ajolab',7
1186,0,Xa,xa,7
1186,1,u,u,7
1186,2,tzij,tzij,7
1186,3,ri,ri,7
1186,4,u,u,7
1186,5,K'u'x,k'u'x,7
1186,6,"Kaj,",kaj,7
1187,0,Ta,ta,7
1187,1,xkib'ano.,xkib'ano,7
1188,0,WA'E,wa'e,7
1188,1,chi,chi,7
1188,2,k'ute,k'ute,7
1188,3,u,u,7
1188,4,b'anoj,b'anoj,7
1188,5,chik,chik,7
1188,6,"Sipakna,",sipakna,7
1189,0,U,u,7
1189,1,nab'e,nab'e,7
1189,2,k'ajol,k'ajol,7
1189,3,Wuqub',wuqub',7
1189,4,Kaqix.,kaqix,7
1190,0,“In,in,7
1190,1,b'anol,b'anol,7
1190,2,"juyub',”",juyub',7
1191,0,Kacha',kacha',7
1191,1,ri,ri,7
1191,2,Sipakna.,sipakna,7
1192,0,Are',are',7
1192,1,k'u,k'u,7
1192,2,ri,ri,7
1192,3,Sipakna,sipakna,7
1193,0,Katinik,katinik,7
1193,1,chuchi',chuchi',7
1193,2,ja',ja',7
1194,0,Ta,ta,7
1194,1,xe'ik'owik,xe'ik'owik,7
1195,0,O',o',7
1195,1,much',much',7
1195,2,k'ajolab'.,k'ajolab',7
1196,0,E,e,7
1196,1,jur,jur,7
1196,2,wi,wi,7
1196,3,"che',",che',7
1197,0,Raqan,raqan,7
1197,1,ki,ki,7
1197,2,kab'al.,kab'al,7
1198,0,O',o',7
1198,1,much',much',7
1199,0,Chub'inik.,chub'inik,7
1200,0,Ta,ta,7
1200,1,xkiq'at,xkiq'at,7
1200,2,k'ut,k'ut,7
1200,3,jun,jun,7
1200,4,nima,nima,7
1200,5,"che',",che',7
1201,0,U,u,7
1201,1,wapalil,wapalil,7
1201,2,ki,ki,7
1201,3,kab'al.,kab'al,7
1202,0,K'ate,k'ate,7
1202,1,k'ut,k'ut,7
1202,2,xb'e,xb'e,7
1202,3,ri,ri,7
1202,4,"Sipakna,",sipakna,7
1204,0,“Naqi,naqi,7
1204,1,pa,pa,7
1204,2,"kib'ano,",kib'ano,7
1205,0,Ix,ix,7
1205,1,k'ajolab'?”,k'ajolab',7
1206,0,“Xa,xa,7
1206,1,"che',",che',7
1207,0,Mawi,mawi,7
1207,1,kaqayako,kaqayako,7
1208,0,Chiteleb'a'.”,chiteleb'a',7
1209,0,“Xchintelej.,xchintelej,7
1210,0,Apa,apa,7
1210,1,kopon,kopon,7
1210,2,wi?,wi,7
1211,0,Naqi,naqi,7
1211,1,pa,pa,7
1211,2,u,u,7
1211,3,chak,chak,7
1211,4,chi,chi,7
1211,5,i,i,7
1211,6,k'u'x?”,k'u'x,7
1212,0,“Xa,xa,7
1212,1,u,u,7
1212,2,wapalil,wapalil,7
1213,0,Qa,qa,7
1213,1,kab'al.”,kab'al,7
1214,0,“Utz,utz,7
1214,1,b'a,b'a,7
1214,2,"la',”",la',7
1215,0,Cha',cha',7
1215,1,k'ut.,k'ut,7
1216,0,Ta,ta,7
1216,1,xujuruj,xujuruj,7
1216,2,"k'ut,",k'ut,7
1217,0,Xuteleb'a',xuteleb'a',7
1217,1,k'u,k'u,7
1217,2,aq'anoq,aq'anoq,7
1218,0,Chuchi',chuchi',7
1218,1,ki,ki,7
1218,2,kab'al,kab'al,7
1219,0,O',o',7
1219,1,much',much',7
1219,2,k'ajolab'.,k'ajolab',7
1220,0,“Xa,xa,7
1220,1,ta,ta,7
1220,2,wi,wi,7
1220,3,katk'oje',katk'oje',7
1220,4,"quk',",quk',7
1221,0,At,at,7
1221,1,k'ajol.,k'ajol,7
1222,0,K'o,k'o,7
1222,1,pa,pa,7
1222,2,a,a,7
1222,3,"chuch,",chuch,7
1223,0,A,a,7
1223,1,qajaw?”,qajaw,7
1224,0,“Maja,maja,7
1224,1,"b'i,”",b'i,7
1225,0,Xcha',xcha',7
1225,1,k'ut.,k'ut,7
1226,0,“Kaqacha'kimaj,kaqacha'kimaj,7
1226,1,ta,ta,7
1226,2,na,na,7
1226,3,b'a,b'a,7
1226,4,la'.,la',7
1227,0,Chuwe'q,chuwe'q,7
1227,1,chuwab'axik,chuwab'axik,7
1227,2,chik,chik,7
1228,0,Jun,jun,7
1228,1,qa,qa,7
1228,2,"che',",che',7
1229,0,Raqan,raqan,7
1229,1,qa,qa,7
1229,2,kab'al.”,kab'al,7
1230,0,"“Utz,”",utz,7
1231,0,Xcha',xcha',7
1231,1,chi,chi,7
1231,2,k'ut.,k'ut,7
1232,0,K'ate,k'ate,7
1232,1,k'ut,k'ut,7
1232,2,xk'am,xk'am,7
1232,3,ki,ki,7
1232,4,"na'oj,",na'oj,7
1233,0,Ri,ri,7
1233,1,o',o',7
1233,2,much',much',7
1233,3,k'ajolab'.,k'ajolab',7
1234,0,“Are',are',7
1234,1,ri,ri,7
1234,2,"ala,",ala,7
1234,3,jupacha,jupacha,7
1234,4,chiqab'an,chiqab'an,7
1234,5,chire?,chire,7
1235,0,Chiqakamisaj,chiqakamisaj,7
1235,1,"taj,",taj,7
1236,0,Rumal,rumal,7
1236,1,mawi,mawi,7
1236,2,utz,utz,7
1236,3,ri,ri,7
1236,4,kub'ano.,kub'ano,7
1237,0,Xa,xa,7
1237,1,u,u,7
1237,2,tukel,tukel,7
1237,3,mi,mi,7
1237,4,xuyak,xuyak,7
1237,5,ri,ri,7
1237,6,che'.,che',7
1238,0,Qa,qa,7
1238,1,k'oto',k'oto',7
1238,2,jun,jun,7
1238,3,nima,nima,7
1238,4,jul,jul,7
1238,5,"chiri',",chiri',7
1239,0,Ta,ta,7
1239,1,k'ut,k'ut,7
1239,2,chiqatzaq,chiqatzaq,7
1239,3,wi,wi,7
1239,4,qajoq,qajoq,7
1239,5,pa,pa,7
1239,6,jul.,jul,7
1240,0,"‘Jak'ama',",jak'ama',7
1241,0,Qaja,qaja,7
1241,1,ulew,ulew,7
1241,2,pa,pa,7
1241,3,"jul,’",jul,7
1241,4,kojcha',kojcha',7
1241,5,ta,ta,7
1241,6,chire,chire,7
1241,7,chi.,chi,7
1242,0,Are,are,7
1242,1,ta,ta,7
1242,2,k'ut,k'ut,7
1242,3,pachal,pachal,7
1242,4,qajoq,qajoq,7
1242,5,pa,pa,7
1242,6,"jul,",jul,7
1243,0,Ta,ta,7
1243,1,qatarij,qatarij,7
1243,2,qajoq,qajoq,7
1243,3,ri,ri,7
1243,4,nima,nima,7
1243,5,che',che',7
1243,6,chiri'.,chiri',7
1244,0,Ta,ta,7
1244,1,k'ut,k'ut,7
1244,2,chikam,chikam,7
1244,3,wi,wi,7
1244,4,pa,pa,7
1244,5,"jul,”",jul,7
1245,0,Xecha',xecha',7
1245,1,k'ut,k'ut,7
1245,2,o',o',7
1245,3,much',much',7
1245,4,k'ajolab'.,k'ajolab',7
1246,0,Ta,ta,7
1246,1,xkik'ot,xkik'ot,7
1246,2,k'ut,k'ut,7
1246,3,jun,jun,7
1246,4,nima,nima,7
1246,5,jul,jul,7
1246,6,najt,najt,7
1246,7,xqajik.,xqajik,7
1247,0,Ta,ta,7
1247,1,xkitaq,xkitaq,7
1247,2,k'ut,k'ut,7
1247,3,ri,ri,7
1247,4,Sipakna:,sipakna,7
1248,0,“Oj,oj,7
1248,1,kanij,kanij,7
1248,2,"chawech,",chawech,7
1249,0,Chib'e,chib'e,7
1249,1,ta,ta,7
1249,2,a,a,7
1249,3,k'oto,k'oto,7
1249,4,chik,chik,7
1249,5,ulew.,ulew,7
1250,0,Mawi,mawi,7
1250,1,"kaqariqo,”",kaqariqo,7
1250,2,xuchaxik.,xuchaxik,7
1251,0,“Utz,utz,7
1251,1,b'a,b'a,7
1251,2,"la',”",la',7
1251,3,xcha',xcha',7
1251,4,k'ut.,k'ut,7
1252,0,K'ate,k'ate,7
1252,1,k'ut,k'ut,7
1252,2,xqaj,xqaj,7
1252,3,pa,pa,7
1252,4,jul.,jul,7
1253,0,“Kasik'in,kasik'in,7
1253,1,uloq,uloq,7
1254,0,Ta,ta,7
1254,1,k'ototajoq,k'ototajoq,7
1254,2,ri,ri,7
1254,3,"ulew,",ulew,7
1255,0,Naj,naj,7
1255,1,ta,ta,7
1255,2,chiqajik,chiqajik,7
1255,3,"awumal,”",awumal,7
1256,0,Xuchaxik.,xuchaxik,7
1257,0,"“We',”",we',7
1257,1,xcha',xcha',7
1257,2,k'ut.,k'ut,7
1258,0,Ta,ta,7
1258,1,xutikib'a',xutikib'a',7
1258,2,u,u,7
1258,3,k'otik,k'otik,7
1258,4,jul.,jul,7
1260,0,Xreta'maj,xreta'maj,7
1260,1,ri,ri,7
1260,2,u,u,7
1260,3,kamisaxik.,kamisaxik,7
1261,0,Ta,ta,7
1261,1,xuk'ot,xuk'ot,7
1261,2,k'ut,k'ut,7
1261,3,jun,jun,7
1261,4,wi',wi',7
1261,5,chi,chi,7
1261,6,jul,jul,7
1261,7,chu,chu,7
1261,8,tzalanem.,tzalanem,7
1262,0,U,u,7
1262,1,ka,ka,7
1262,2,jul,jul,7
1262,3,"xuk'oto,",xuk'oto,7
1263,0,Xkolotaj,xkolotaj,7
1263,1,wi.,wi,7
1264,0,“K'a,k'a,7
1264,1,janik'an,janik'an,7
1264,2,pa,pa,7
1264,3,la'?”,la',7
1265,0,Xuchax,xuchax,7
1265,1,k'u,k'u,7
1265,2,qajoq,qajoq,7
1265,3,kumal,kumal,7
1265,4,o',o',7
1265,5,much',much',7
1265,6,k'ajolab'.,k'ajolab',7
1266,0,“Kinan,kinan,7
1266,1,u,u,7
1266,2,k'oto.,k'oto,7
1267,0,We,we,7
1267,1,xkixnusik'ij,xkixnusik'ij,7
1267,2,"aq'anoq,",aq'anoq,7
1268,0,Ta,ta,7
1268,1,chutzinoq,chutzinoq,7
1268,2,u,u,7
1268,3,"k'ototajik,”",k'ototajik,7
1269,0,Xcha',xcha',7
1269,1,uloq,uloq,7
1269,2,Sipakna,sipakna,7
1269,3,chiri',chiri',7
1269,4,pa,pa,7
1269,5,jul.,jul,7
1270,0,Ma,ma,7
1270,1,k'u,k'u,7
1270,2,are',are',7
1270,3,kuk'ot,kuk'ot,7
1270,4,u,u,7
1270,5,xe',xe',7
1270,6,jul,jul,7
1271,0,Ri,ri,7
1271,1,u,u,7
1271,2,muqikil.,muqikil,7
1272,0,Xa,xa,7
1272,1,u,u,7
1272,2,jul,jul,7
1272,3,kuk'oto,kuk'oto,7
1273,0,Kolb'al,kolb'al,7
1273,1,rib'.,rib',7
1274,0,K'ate,k'ate,7
1274,1,k'ut,k'ut,7
1274,2,ta,ta,7
1274,3,xsik'in,xsik'in,7
1274,4,uloq,uloq,7
1274,5,ri,ri,7
1274,6,"Sipakna,",sipakna,7
1275,0,Kolon,kolon,7
1275,1,chuka,chuka,7
1275,2,chiri',chiri',7
1275,3,pa,pa,7
1275,4,jul,jul,7
1275,5,ta,ta,7
1275,6,xsik'in,xsik'in,7
1275,7,uloq.,uloq,7
1276,0,“Kixpetoq.,kixpetoq,7
1277,0,Chul,chul,7
1278,0,I,i,7
1278,1,k'ama',k'ama',7
1278,2,"ulew,",ulew,7
1279,0,Rachaq,rachaq,7
1279,1,jul.,jul,7
1280,0,Mi,mi,7
1280,1,xk'ototajik.,xk'ototajik,7
1281,0,Qitzij,qitzij,7
1281,1,naj,naj,7
1281,2,mi,mi,7
1281,3,xqaj,xqaj,7
1281,4,wumal.,wumal,7
1282,0,Ma,ma,7
1282,1,pa,pa,7
1282,2,kita,kita,7
1282,3,nu,nu,7
1282,4,sik'ib'al,sik'ib'al,7
1282,5,lo?,lo,7
1283,0,Are',are',7
1283,1,k'u,k'u,7
1283,2,ri,ri,7
1283,3,i,i,7
1283,4,sik'ib'al.,sik'ib'al,7
1284,0,Xa,xa,7
1284,1,ub'i,ub'i,7
1285,0,"Kaxojanik,",kaxojanik,7
1286,0,Keje',keje',7
1286,1,ri',ri',7
1286,2,jun,jun,7
1286,3,"eleb'al,",eleb'al,7
1287,0,Kaib',kaib',7
1287,1,eleb'al,eleb'al,7
1287,2,ix,ix,7
1287,3,k'o,k'o,7
1287,4,wi.,wi,7
1288,0,"Kanuta'o,”",kanuta'o,7
1289,0,Xcha',xcha',7
1289,1,ula,ula,7
1289,2,ri,ri,7
1289,3,Sipakna,sipakna,7
1289,4,pa,pa,7
1289,5,u,u,7
1289,6,jul.,jul,7
1290,0,Chiri',chiri',7
1290,1,k'ut,k'ut,7
1290,2,matzal,matzal,7
1290,3,chi,chi,7
1290,4,wi,wi,7
1290,5,"uloq,",uloq,7
1291,0,Kasik'iyaj,kasik'iyaj,7
1291,1,chi,chi,7
1291,2,ula,ula,7
1291,3,pa,pa,7
1291,4,jul.,jul,7
1292,0,Are',are',7
1292,1,k'ut,k'ut,7
1292,2,kajurux,kajurux,7
1292,3,uloq,uloq,7
1292,4,ri,ri,7
1292,5,ki,ki,7
1292,6,nima,nima,7
1292,7,che',che',7
1292,8,rumal,rumal,7
1292,9,"k'ajolab',",k'ajolab',7
1293,0,K'ate,k'ate,7
1293,1,puch,puch,7
1293,2,xkitarij,xkitarij,7
1293,3,qajoq,qajoq,7
1293,4,ri,ri,7
1293,5,che',che',7
1293,6,pa,pa,7
1293,7,jul.,jul,7
1294,0,“Ma,ma,7
1294,1,"k'o,",k'o,7
1295,0,Ma,ma,7
1295,1,"ch'awik,",ch'awik,7
1296,0,Chiqata,chiqata,7
1296,1,na,na,7
1296,2,ta,ta,7
1296,3,churaquj,churaquj,7
1296,4,u,u,7
1296,5,"chi',",chi',7
1297,0,Ta,ta,7
1297,1,"kamoq,”",kamoq,8
1298,0,Xecha',xecha',8
1298,1,chi,chi,8
1298,2,kib'il,kib'il,8
1298,3,kib'.,kib',8
1299,0,Xa,xa,8
1299,1,kejaslajik.,kejaslajik,8
1300,0,Xa,xa,8
1300,1,pu,pu,8
1300,2,chimatzalaj,chimatzalaj,8
1300,3,ki,ki,8
1300,4,wach,wach,8
1301,0,Chi,chi,8
1301,1,ki,ki,8
1301,2,jujunal.,jujunal,8
1302,0,Ta,ta,8
1302,1,xkitarij,xkitarij,8
1302,2,qajoq,qajoq,8
1302,3,ri,ri,8
1302,4,che'.,che',8
1303,0,Are,are,8
1303,1,k'u,k'u,8
1303,2,xcha',xcha',8
1303,3,k'ut.,k'ut,8
1304,0,Ta,ta,8
1304,1,xuraquj,xuraquj,8
1304,2,u,u,8
1304,3,chi'.,chi',8
1305,0,Xa,xa,8
1305,1,ju,ju,8
1305,2,paj,paj,8
1305,3,chik,chik,8
1305,4,"xsik'inik,",xsik'inik,8
1306,0,Ta,ta,8
1306,1,xqaj,xqaj,8
1306,2,apanoq,apanoq,8
1306,3,ri,ri,8
1306,4,che'.,che',8
1307,0,"“Oka,",oka,8
1307,1,mi,mi,8
1307,2,xutzinik!,xutzinik,8
1308,0,Qi,qi,8
1308,1,utz!,utz,8
1309,0,Mi,mi,8
1309,1,xqab'ano,xqab'ano,8
1309,2,chire.,chire,8
1310,0,Mi,mi,8
1310,1,xkamik.,xkamik,8
1311,0,Ata,ata,8
1311,1,lab'e,lab'e,8
1312,0,Chitaqen,chitaqen,8
1313,0,"Chub'ano,",chub'ano,8
1314,0,Chuchakuj?,chuchakuj,8
1315,0,Ta,ta,8
1315,1,chuxoq,chuxoq,8
1316,0,U,u,8
1316,1,nab'e,nab'e,8
1316,2,la'.,la',8
1317,0,Xukoj,xukoj,8
1317,1,ula,ula,8
1317,2,rib',rib',8
1317,3,"quk',",quk',8
1318,0,Chiqaxo'l,chiqaxo'l,8
1318,1,"puch,",puch,8
1319,0,La',la',8
1319,1,"oj,",oj,8
1320,0,O',o',8
1320,1,much',much',8
1320,2,chi,chi,8
1320,3,k'ajolab'!”,k'ajolab',8
1321,0,Xecha',xecha',8
1321,1,k'ut.,k'ut,8
1322,0,Keki'kot,keki'kot,8
1322,1,chik.,chik,8
1323,0,“K'o,k'o,8
1323,1,ri',ri',8
1323,2,u,u,8
1323,3,b'anik,b'anik,8
1323,4,qa,qa,8
1323,5,ki',ki',8
1323,6,oxij.,oxij,8
1324,0,Ke'ek'owik,ke'ek'owik,8
1324,1,oxij,oxij,8
1324,2,"puch,",puch,8
1325,0,Chiquk'aj,chiquk'aj,8
1325,1,"laq'ab'eb'al,",laq'ab'eb'al,8
1326,0,Qa,qa,8
1326,1,"kab'al,",kab'al,8
1327,0,La',la',8
1327,1,"oj,",oj,8
1328,0,O',o',8
1328,1,much',much',8
1328,2,chi,chi,8
1328,3,k'ajolab'!”,k'ajolab',8
1328,4,xecha'.,xecha',8
1329,0,“Chuwe'q,chuwe'q,8
1329,1,k'ut,k'ut,8
1329,2,chiqilo.,chiqilo,8
1330,0,Kab'ij,kab'ij,8
1330,1,puch,puch,8
1330,2,"chiqilo,",chiqilo,8
1331,0,Ma,ma,8
1331,1,pa,pa,8
1331,2,chipe,chipe,8
1331,3,sanik,sanik,8
1332,0,Pu,pu,8
1332,1,ulew.,ulew,8
1333,0,Ta,ta,8
1333,1,"chuwinoq,",chuwinoq,8
1334,0,Ta,ta,8
1334,1,q'eyoq.,q'eyoq,8
1335,0,K'ate,k'ate,8
1335,1,k'ut,k'ut,8
1335,2,ku'ul,ku'ul,8
1335,3,chi,chi,8
1335,4,qa,qa,8
1335,5,"k'u'x,",k'u'x,8
1336,0,Ta,ta,8
1336,1,quk'aj,quk'aj,8
1336,2,ri,ri,8
1336,3,qa,qa,8
1336,4,"ki',”",ki',8
1336,5,xecha',xecha',8
1336,6,k'ut.,k'ut,8
1337,0,Kuta',kuta',8
1337,1,k'u,k'u,8
1337,2,uloq,uloq,8
1338,0,Ri,ri,8
1338,1,Sipakna,sipakna,8
1338,2,chiri',chiri',8
1338,3,pa,pa,8
1338,4,jul,jul,8
1339,0,Ta,ta,8
1339,1,xkib'ij,xkib'ij,8
1339,2,k'ajolab',k'ajolab',8
1339,3,ri'.,ri',8
1340,0,K'a,k'a,8
1340,1,chukab'ij,chukab'ij,8
1340,2,"puch,",puch,8
1341,0,Ta,ta,8
1341,1,xtub'ukij,xtub'ukij,8
1341,2,sanik.,sanik,8
1342,0,"Keb'inowik,",keb'inowik,8
1343,0,Keb'uchuwik.,keb'uchuwik,8
1344,0,Ta,ta,8
1344,1,xek'ulun,xek'ulun,8
1344,2,xe',xe',8
1344,3,che'.,che',8
1345,0,Jumaj,jumaj,8
1345,1,ki,ki,8
1345,2,kayelo'n,kayelo'n,8
1345,3,"is,",is,8
1346,0,Ki,ki,8
1346,1,kayelo'n,kayelo'n,8
1346,2,puch,puch,8
1346,3,rixk'aq,rixk'aq,8
1346,4,Sipakna.,sipakna,8
1347,0,Ta,ta,8
1347,1,xkil,xkil,8
1347,2,k'u,k'u,8
1348,0,Ri,ri,8
1348,1,k'ajolab':,k'ajolab',8
1349,0,“Mi,mi,8
1349,1,pa,pa,8
1349,2,xutzin,xutzin,8
1349,3,ri,ri,8
1349,4,k'axtok'.,k'axtok',8
1350,0,Chiwila',chiwila',8
1350,1,na,na,8
1350,2,sanik!,sanik,8
1351,0,Mi,mi,8
1351,1,xek'ulun,xek'ulun,8
1351,2,"uloq,",uloq,8
1352,0,Mi,mi,8
1352,1,xetub'ukij,xetub'ukij,8
1352,2,uloq.,uloq,8
1353,0,Jumaj,jumaj,8
1353,1,is,is,8
1353,2,ki,ki,8
1353,3,kayen.,kayen,8
1354,0,K'o,k'o,8
1354,1,rixk'aq,rixk'aq,8
1354,2,ri,ri,8
1354,3,chila',chila',8
1354,4,na.,na,8
1355,0,Mi,mi,8
1355,1,xqab'ano,xqab'ano,8
1355,2,"k'a,”",k'a,8
1356,0,Xecha',xecha',8
1356,1,chi,chi,8
1356,2,kib'il,kib'il,8
1356,3,kib'.,kib',8
1357,0,Are',are',8
1357,1,k'u,k'u,8
1357,2,ri,ri,8
1357,3,Sipakna,sipakna,8
1357,4,xa,xa,8
1357,5,wi,wi,8
1357,6,k'aslik.,k'aslik,8
1358,0,Xuq'at,xuq'at,8
1358,1,uloq,uloq,8
1358,2,rismal,rismal,8
1358,3,u,u,8
1358,4,wi'.,wi',8
1359,0,Xa,xa,8
1359,1,pu,pu,8
1359,2,kuk'ux,kuk'ux,8
1359,3,uloq,uloq,8
1359,4,"rixk'aq,",rixk'aq,8
1360,0,Chire,chire,8
1360,1,kuya',kuya',8
1360,2,ula,ula,8
1360,3,chikech,chikech,8
1360,4,ri,ri,8
1360,5,sanik.,sanik,8
1361,0,Keje',keje',8
1361,1,k'u,k'u,8
1361,2,ri',ri',8
1361,3,xkamik,xkamik,8
1362,0,Xkina'o,xkina'o,8
1362,1,o',o',8
1362,2,much',much',8
1362,3,k'ajolab'.,k'ajolab',8
1363,0,K'ate,k'ate,8
1363,1,k'ut,k'ut,8
1363,2,xtikar,xtikar,8
1363,3,ki,ki,8
1363,4,ki',ki',8
1363,5,chi,chi,8
1363,6,roxij.,roxij,8
1364,0,Ta,ta,8
1364,1,xeq'ab'ar,xeq'ab'ar,8
1364,2,puch,puch,8
1364,3,konojel,konojel,8
1364,4,"k'ajolab',",k'ajolab',8
1365,0,E,e,8
1365,1,k'u,k'u,8
1365,2,q'ab'arinaq,q'ab'arinaq,8
1365,3,chik,chik,8
1365,4,konojel,konojel,8
1365,5,o',o',8
1365,6,much',much',8
1365,7,"k'ajolab',",k'ajolab',8
1366,0,Maja,maja,8
1366,1,b'i,b'i,8
1366,2,kakina',kakina',8
1366,3,chik.,chik,8
1367,0,K'ate,k'ate,8
1367,1,puch,puch,8
1367,2,xulix,xulix,8
1367,3,ri,ri,8
1367,4,kab'al,kab'al,8
1368,0,Pa,pa,8
1368,1,ki,ki,8
1368,2,wi',wi',8
1368,3,rumal,rumal,8
1368,4,ri,ri,8
1368,5,Sipakna.,sipakna,8
1369,0,"Xek'is,",xek'is,8
1370,0,Ch'ayatajik,ch'ayatajik,8
1370,1,konojel.,konojel,8
1371,0,Maja,maja,8
1371,1,b'i,b'i,8
1371,2,chik,chik,8
1371,3,"jun,",jun,8
1372,0,Kaib',kaib',8
1372,1,xkolotaj,xkolotaj,8
1372,2,chikech,chikech,8
1372,3,ri,ri,8
1372,4,o',o',8
1372,5,much',much',8
1372,6,chi,chi,8
1372,7,k'ajolab'.,k'ajolab',8
1373,0,Xekamisaxik,xekamisaxik,8
1373,1,rumal,rumal,8
1373,2,"Sipakna,",sipakna,8
1374,0,U,u,8
1374,1,k'ajol,k'ajol,8
1374,2,ri,ri,8
1374,3,Wuqub',wuqub',8
1374,4,Kaqix.,kaqix,8
1375,0,Keje',keje',8
1375,1,k'ut,k'ut,8
1375,2,ki,ki,8
1375,3,"kamik,",kamik,8
1376,0,O',o',8
1376,1,much',much',8
1376,2,k'ajolab',k'ajolab',8
1376,3,ri'.,ri',8
1378,0,Ri,ri,8
1378,1,Motz,motz,8
1378,2,u,u,8
1378,3,b'i',b'i',8
1378,4,kumal.,kumal,8
1379,0,We,we,8
1379,1,k'ut,k'ut,8
1379,2,xa,xa,8
1379,3,saqb'al,saqb'al,8
1379,4,tzij,tzij,8
1379,5,lo.,lo,8
1380,0,Are',are',8
1380,1,chi,chi,8
1380,2,k'ut,k'ut,8
1380,3,chiqab'ij,chiqab'ij,8
1381,0,U,u,8
1381,1,ch'akatajik,ch'akatajik,8
1381,2,chik,chik,8
1381,3,Sipakna,sipakna,8
1382,0,Rumal,rumal,8
1382,1,ri,ri,8
1382,2,e,e,8
1382,3,kaib',kaib',8
1382,4,"k'ajolab',",k'ajolab',8
1383,0,"Junajpu,",junajpu,8
1384,0,Xb'alanke.,xb'alanke,8
1385,0,ARE',are',8
1385,1,chik,chik,8
1385,2,u,u,8
1385,3,"ch'akatajik,",ch'akatajik,8
1386,0,U,u,8
1386,1,kamik,kamik,8
1386,2,"Sipakna,",sipakna,8
1387,0,Ta,ta,8
1387,1,xch'ak,xch'ak,8
1387,2,chik,chik,8
1388,0,Kumal,kumal,8
1388,1,ri,ri,8
1388,2,e,e,8
1388,3,kaib',kaib',8
1388,4,"k'ajolab',",k'ajolab',8
1389,0,"Junajpu,",junajpu,8
1390,0,Xb'alanke.,xb'alanke,8
1391,0,Are',are',8
1391,1,chi,chi,8
1391,2,kuyoq',kuyoq',8
1391,3,ki,ki,8
1391,4,k'u'x,k'u'x,8
1391,5,"k'ajolab',",k'ajolab',8
1392,0,Ri,ri,8
1392,1,o',o',8
1392,2,much',much',8
1392,3,chi,chi,8
1392,4,k'ajolab',k'ajolab',8
1392,5,xekamik,xekamik,8
1392,6,rumal,rumal,8
1392,7,Sipakna.,sipakna,8
1393,0,Xa,xa,8
1393,1,"kar,",kar,8
1394,0,Xa,xa,8
1394,1,"tap,",tap,8
1395,0,Chutzukuj,chutzukuj,8
1395,1,chi,chi,8
1395,2,taq,taq,8
1395,3,a'.,a',8
1396,0,Xere,xere,8
1396,1,chirecha'j,chirecha'j,8
1396,2,ju,ju,8
1396,3,ta,ta,8
1396,4,"q'ij,",q'ij,8
1399,0,K'ate,k'ate,8
1399,1,k'ut,k'ut,8
1399,2,u,u,8
1399,3,jalwachixik,jalwachixik,8
1400,0,Jun,jun,8
1400,1,nima,nima,8
1400,2,tap,tap,8
1401,0,Kumal,kumal,8
1401,1,"Junajpu,",junajpu,8
1402,0,Xb'alanke.,xb'alanke,8
1403,0,Are',are',8
1403,1,k'ut,k'ut,8
1403,2,xkikoj,xkikoj,8
1403,3,ri,ri,8
1403,4,u,u,8
1403,5,wach,wach,8
1403,6,"ek',",ek',8
1404,0,Ri,ri,8
1404,1,mak,mak,8
1404,2,ek',ek',8
1404,3,k'o,k'o,8
1404,4,pa,pa,8
1404,5,taq,taq,8
1404,6,k'eche'laj.,k'eche'laj,8
1405,0,Are',are',8
1405,1,u,u,8
1405,2,xul,xul,8
1405,3,tap,tap,8
1405,4,xuxik,xuxik,8
1405,5,pa,pa,8
1405,6,jaq.,jaq,8
1406,0,Chi,chi,8
1406,1,k'ut,k'ut,8
1406,2,u,u,8
1406,3,kok,kok,8
1406,4,q'ab',q'ab',8
1406,5,xkikojo.,xkikojo,8
1407,0,Sel,sel,8
1407,1,ab'aj,ab'aj,8
1407,2,k'u,k'u,8
1407,3,ri,ri,8
1407,4,u,u,8
1407,5,wa,wa,8
1407,6,rachaq,rachaq,8
1407,7,"tap,",tap,8
1408,0,Ri,ri,8
1408,1,jowojik.,jowojik,8
1409,0,K'ate,k'ate,8
1409,1,k'ut,k'ut,8
1409,2,ta,ta,8
1409,3,xkikoj,xkikoj,8
1409,4,u,u,8
1409,5,kok,kok,8
1409,6,chuxe',chuxe',8
1409,7,"pek,",pek,8
1410,0,Chuxe',chuxe',8
1410,1,nima,nima,8
1410,2,juyub'.,juyub',8
1411,0,Meawan,meawan,8
1411,1,u,u,8
1411,2,b'i',b'i',8
1411,3,"juyub',",juyub',8
1412,0,Xch'akataj,xch'akataj,8
1412,1,wi.,wi,8
1413,0,K'ate,k'ate,8
1413,1,k'ut,k'ut,8
1413,2,ta,ta,8
1413,3,xepe,xepe,8
1413,4,ri,ri,8
1413,5,"k'ajolab',",k'ajolab',8
1414,0,Xkik'u,xkik'u,8
1414,1,ri,ri,8
1414,2,Sipakna,sipakna,8
1414,3,chi,chi,8
1414,4,ya'.,ya',8
1415,0,“Apa,apa,8
1415,1,katb'e,katb'e,8
1415,2,"wi,",wi,8
1416,0,At,at,8
1416,1,k'ajol?”,k'ajol,8
1417,0,Xcha'x,xcha'x,8
1417,1,k'u,k'u,8
1417,2,ri,ri,8
1417,3,Sipakna.,sipakna,8
1418,0,“Maja,maja,8
1418,1,b'i,b'i,8
1418,2,kinb'e,kinb'e,8
1418,3,wi.,wi,8
1419,0,Xa,xa,8
1419,1,wecha',wecha',8
1419,2,"kanutzukuj,",kanutzukuj,8
1420,0,Ix,ix,8
1420,1,"k'ajolab',”",k'ajolab',8
1421,0,Xcha',xcha',8
1421,1,k'u,k'u,8
1421,2,ri,ri,8
1421,3,Sipakna.,sipakna,8
1422,0,“Naqi,naqi,8
1422,1,pa,pa,8
1422,2,awecha'?”,awecha',8
1423,0,“Xa,xa,8
1423,1,"kar,",kar,8
1424,0,Xa,xa,8
1424,1,tap.,tap,8
1425,0,Xma,xma,8
1425,1,k'o,k'o,8
1425,2,chi,chi,8
1425,3,wi,wi,8
1426,0,Kanuriqo.,kanuriqo,8
1427,0,Kab'ijir,kab'ijir,8
1427,1,chinkanaj,chinkanaj,8
1427,2,recha'xik.,recha'xik,8
1428,0,Mawi,mawi,8
1428,1,kanuch'ij,kanuch'ij,8
1428,2,chik,chik,8
1428,3,"waij,”",waij,8
1429,0,Xcha',xcha',8
1429,1,Sipakna,sipakna,8
1429,2,chikech,chikech,8
1429,3,"Junajpu,",junajpu,8
1430,0,Xb'alanke.,xb'alanke,8
1431,0,“Jun,jun,8
1431,1,are',are',8
1431,2,la',la',8
1431,3,tap,tap,8
1431,4,k'o,k'o,8
1431,5,ula,ula,8
1431,6,xe',xe',8
1431,7,siwan.,siwan,8
1432,0,Qitzij,qitzij,8
1432,1,chi,chi,9
1432,2,nima,nima,9
1432,3,tap.,tap,9
1433,0,Kaq'ij,kaq'ij,9
1433,1,ta,ta,9
1433,2,"la',",la',9
1434,0,Chawecha'j,chawecha'j,9
1434,1,lo.,lo,9
1435,0,Xa,xa,9
1435,1,kojuti'o.,kojuti'o,9
1436,0,Mi,mi,9
1436,1,xraj,xraj,9
1436,2,qa,qa,9
1436,3,chapo.,chapo,9
1437,0,Kaqaxib'ij,kaqaxib'ij,9
1437,1,qib',qib',9
1437,2,rumal.,rumal,9
1438,0,Ma,ma,9
1438,1,chib'e,chib'e,9
1438,2,"on,",on,9
1438,3,"kachapa',”",kachapa',9
1439,0,Xecha',xecha',9
1439,1,ri,ri,9
1439,2,"Junajpu,",junajpu,9
1440,0,Xb'alanke.,xb'alanke,9
1441,0,“Kitoq'ob'a',kitoq'ob'a',9
1441,1,nu,nu,9
1441,2,wach.,wach,9
1442,0,Kib'e,kib'e,9
1442,1,ta,ta,9
1442,2,i,i,9
1442,3,"wab'a',",wab'a',9
1443,0,Ix,ix,9
1443,1,"k'ajolab',”",k'ajolab',9
1444,0,Xcha',xcha',9
1444,1,ri,ri,9
1444,2,Sipakna.,sipakna,9
1445,0,“Ma,ma,9
1445,1,b'a,b'a,9
1445,2,chiqaj.,chiqaj,9
1446,0,Xa,xa,9
1446,1,ta,ta,9
1446,2,katb'ek.,katb'ek,9
1447,0,Ma,ma,9
1447,1,sachib'al,sachib'al,9
1447,2,"taj,",taj,9
1448,0,Xa,xa,9
1448,1,raqan,raqan,9
1448,2,ja',ja',9
1448,3,"katb'ek,",katb'ek,9
1449,0,At,at,9
1449,1,k'u,k'u,9
1449,2,tak'al,tak'al,9
1449,3,aponoq,aponoq,9
1449,4,xe',xe',9
1449,5,nima,nima,9
1449,6,"juyub',",juyub',9
1450,0,Jowol,jowol,9
1450,1,ula,ula,9
1450,2,chuxe',chuxe',9
1450,3,siwan.,siwan,9
1451,0,Xa,xa,9
1451,1,katel,katel,9
1451,2,"apanoq,”",apanoq,9
1452,0,Xecha',xecha',9
1452,1,"Junajpu,",junajpu,9
1453,0,Xb'alanke.,xb'alanke,9
1454,0,“La,la,9
1454,1,qi,qi,9
1454,2,"b'a,",b'a,9
1455,0,Toq'ob',toq'ob',9
1455,1,nu,nu,9
1455,2,wach.,wach,9
1456,0,Ma,ma,9
1456,1,b'a,b'a,9
1456,2,xuk'ulu,xuk'ulu,9
1456,3,ix,ix,9
1456,4,k'ajolab'.,k'ajolab',9
1457,0,Kixb'e,kixb'e,9
1457,1,na,na,9
1457,2,k'u,k'u,9
1457,3,nu,nu,9
1457,4,wab'a'.,wab'a',9
1458,0,K'o,k'o,9
1458,1,k'i,k'i,9
1458,2,xo,xo,9
1458,3,wi,wi,9
1458,4,ri,ri,9
1458,5,tz'ikin.,tz'ikin,9
1459,0,Chib'e,chib'e,9
1459,1,taj,taj,9
1459,2,iwub'aj.,iwub'aj,9
1460,0,Weta'm,weta'm,9
1460,1,k'o,k'o,9
1460,2,"wi,”",wi,9
1461,0,Xcha',xcha',9
1461,1,chi,chi,9
1461,2,k'ut,k'ut,9
1461,3,Sipakna.,sipakna,9
1462,0,"Xelajik,",xelajik,9
1463,0,Xoq',xoq',9
1463,1,na,na,9
1463,2,chikiwach,chikiwach,9
1463,3,k'ajolab'.,k'ajolab',9
1464,0,“La,la,9
1464,1,ma,ma,9
1464,2,qi,qi,9
1464,3,k'u,k'u,9
1464,4,xchachap,xchachap,9
1464,5,"lo,",lo,9
1465,0,Ta,ta,9
1465,1,xa,xa,9
1465,2,keje',keje',9
1465,3,xkojtzalij,xkojtzalij,9
1465,4,awumal.,awumal,9
1466,0,Ma,ma,9
1466,1,xa,xa,9
1466,2,mawi,mawi,9
1466,3,"xqatijo,",xqatijo,9
1467,0,Xa,xa,9
1467,1,ju,ju,9
1467,2,suk',suk',9
1467,3,chiti'onik,chiti'onik,9
1467,4,ri'.,ri',9
1468,0,Oj,oj,9
1468,1,jupulik,jupulik,9
1469,0,Kojok,kojok,9
1469,1,ub'ik.,ub'ik,9
1470,0,K'ate,k'ate,9
1470,1,k'ut,k'ut,9
1470,2,kuxib'ij,kuxib'ij,9
1470,3,rib',rib',9
1470,4,ri',ri',9
1471,0,Oj,oj,9
1471,1,pak'alik,pak'alik,9
1472,0,Kojok,kojok,9
1472,1,ub'ik.,ub'ik,9
1473,0,Xa,xa,9
1473,1,k'u,k'u,9
1473,2,sqaqi'n,sqaqi'n,9
1473,3,"chik,",chik,9
1474,0,Mawi,mawi,9
1474,1,chiqariqo.,chiqariqo,9
1475,0,K'ate,k'ate,9
1475,1,k'u,k'u,9
1475,2,utz,utz,9
1475,3,at,at,9
1475,4,pak'alik,pak'alik,9
1476,0,Katok,katok,9
1476,1,"ub'ik,”",ub'ik,9
1477,0,Xuchax,xuchax,9
1477,1,k'ut.,k'ut,9
1478,0,“Utz,utz,9
1478,1,b'a,b'a,9
1478,2,"la',”",la',9
1478,3,xcha',xcha',9
1478,4,k'u,k'u,9
1478,5,ri,ri,9
1478,6,Sipakna.,sipakna,9
1479,0,Ta,ta,9
1479,1,xb'e,xb'e,9
1479,2,"k'ut,",k'ut,9
1480,0,Achb'ilan,achb'ilan,9
1480,1,chi,chi,9
1480,2,k'ut,k'ut,9
1480,3,ri,ri,9
1480,4,Sipakna.,sipakna,9
1481,0,"Xb'ek,",xb'ek,9
1482,0,Xe'opon,xe'opon,9
1482,1,chuxe',chuxe',9
1482,2,siwan.,siwan,9
1483,0,Tzalam,tzalam,9
1483,1,k'u,k'u,9
1483,2,la',la',9
1483,3,ri,ri,9
1483,4,tap.,tap,9
1484,0,Kaq,kaq,9
1484,1,wakawoj,wakawoj,9
1484,2,ula,ula,9
1484,3,rij,rij,9
1484,4,xe',xe',9
1484,5,siwan.,siwan,9
1485,0,Ri',ri',9
1485,1,k'ute,k'ute,9
1485,2,ki,ki,9
1485,3,kumatzij.,kumatzij,9
1487,0,Karaj,karaj,9
1487,1,"taj,",taj,9
1488,0,Xkok,xkok,9
1488,1,ta,ta,9
1488,2,pu,pu,9
1488,3,"chi',",chi',9
1489,0,Rumal,rumal,9
1489,1,qitzij,qitzij,9
1489,2,kutzin,kutzin,9
1489,3,chi,chi,9
1489,4,waij.,waij,9
1490,0,Xraj,xraj,9
1490,1,kutij,kutij,9
1490,2,ri'.,ri',9
1491,0,Xa,xa,9
1491,1,xraj,xraj,9
1491,2,jupunik,jupunik,9
1492,0,Xraj,xraj,9
1492,1,okik.,okik,9
1493,0,Paqal,paqal,9
1493,1,k'u,k'u,9
1493,2,ri,ri,9
1493,3,tap,tap,9
1493,4,xaq'anik.,xaq'anik,9
1494,0,K'ate,k'ate,9
1494,1,k'ut,k'ut,9
1494,2,xel,xel,9
1494,3,chu,chu,9
1494,4,uloq.,uloq,9
1495,0,“Mawi,mawi,9
1495,1,xariqo?”,xariqo,9
1495,2,xuchax,xuchax,9
1495,3,k'ut.,k'ut,9
1496,0,“Maja,maja,9
1496,1,b'i.,b'i,9
1497,0,Xa,xa,9
1497,1,paqalik,paqalik,9
1498,0,Kaq'anik.,kaq'anik,9
1499,0,Xa,xa,9
1499,1,nab'e,nab'e,9
1499,2,sqaqi'n,sqaqi'n,9
1499,3,chik,chik,9
1500,0,Mawi,mawi,9
1500,1,mi,mi,9
1500,2,xnuriqo.,xnuriqo,9
1501,0,K'ate,k'ate,9
1501,1,utz,utz,9
1501,2,lo,lo,9
1501,3,kipak'e'ik,kipak'e'ik,9
1502,0,Kinok,kinok,9
1502,1,"ub'ik,”",ub'ik,9
1502,2,xcha,xcha,9
1502,3,chi,chi,9
1502,4,k'ut.,k'ut,9
1503,0,K'ate,k'ate,9
1503,1,k'ut,k'ut,9
1503,2,pak'al,pak'al,9
1503,3,chik,chik,9
1504,0,Ta,ta,9
1504,1,xok,xok,9
1504,2,ub'ik.,ub'ik,9
1505,0,Xk'is,xk'is,9
1505,1,k'u,k'u,9
1505,2,ok,ok,9
1505,3,ub'ik.,ub'ik,9
1506,0,Xa,xa,9
1506,1,u,u,9
1506,2,wi',wi',9
1506,3,u,u,9
1506,4,ch'ek,ch'ek,9
1506,5,chik,chik,9
1506,6,xk'utun,xk'utun,9
1506,7,uloq.,uloq,9
1507,0,Xk'is,xk'is,9
1507,1,b'iq'itajik.,b'iq'itajik,9
1508,0,Xlilob',xlilob',9
1508,1,k'u,k'u,9
1508,2,qajoq,qajoq,9
1508,3,nima,nima,9
1508,4,juyub',juyub',9
1508,5,chi,chi,9
1508,6,u,u,9
1508,7,k'u'x.,k'u'x,9
1509,0,Mawi,mawi,9
1509,1,xsolkopij,xsolkopij,9
1509,2,chik.,chik,9
1510,0,Ab'aj,ab'aj,9
1510,1,k'ut,k'ut,9
1510,2,xuxik,xuxik,9
1510,3,ri,ri,9
1510,4,Sipakna.,sipakna,9
1511,0,Keje',keje',9
1511,1,u,u,9
1511,2,ch'akatajik,ch'akatajik,9
1511,3,chik,chik,9
1511,4,Sipakna,sipakna,9
1512,0,Kumal,kumal,9
1512,1,k'ajolab',k'ajolab',9
1512,2,"Junajpu,",junajpu,9
1513,0,"Xb'alanke,",xb'alanke,9
1514,0,“Ri,ri,9
1514,1,B'anol,b'anol,9
1514,2,"Juyub',”",juyub',9
1514,3,xcha'.,xcha',9
1515,0,U,u,9
1515,1,tzijoxik,tzijoxik,9
1515,2,ojer,ojer,9
1515,3,u,u,9
1515,4,nab'e,nab'e,9
1515,5,k'ajol,k'ajol,9
1515,6,Wuqub',wuqub',9
1515,7,Kaqix.,kaqix,9
1516,0,Chuxe',chuxe',9
1516,1,"juyub',",juyub',9
1517,0,Meawan,meawan,9
1517,1,u,u,9
1517,2,"b'i',",b'i',9
1518,0,Xch'akataj,xch'akataj,9
1518,1,wi.,wi,9
1519,0,Xa,xa,9
1519,1,nawal,nawal,9
1519,2,xch'akataj,xch'akataj,9
1519,3,wi,wi,9
1520,0,U,u,9
1520,1,kab',kab',9
1520,2,nimarisay,nimarisay,9
1520,3,rib'.,rib',9
1521,0,Jun,jun,9
1521,1,chi,chi,9
1521,2,k'ut,k'ut,9
1522,0,Xchiqab'ij,xchiqab'ij,9
1523,0,U,u,9
1523,1,b'ixik.,b'ixik,9
1524,0,ROX,rox,9
1524,1,chi,chi,9
1524,2,k'ut,k'ut,9
1524,3,nimarisay,nimarisay,9
1524,4,"rib',",rib',9
1525,0,U,u,9
1525,1,kab',kab',9
1525,2,u,u,9
1525,3,k'ajol,k'ajol,9
1525,4,Wuqub',wuqub',9
1525,5,"Kaqix,",kaqix,9
1526,0,Kab'raqan,kab'raqan,9
1526,1,u,u,9
1526,2,b'i'.,b'i',9
1527,0,“In,in,9
1527,1,yojol,yojol,9
1527,2,"juyub',”",juyub',9
1527,3,xcha'.,xcha',9
1528,0,Xa,xa,9
1528,1,wi,wi,9
1528,2,k'u,k'u,9
1528,3,xere,xere,9
1528,4,"Junajpu,",junajpu,9
1529,0,"Xb'alanke,",xb'alanke,9
1530,0,Xch'akow,xch'akow,9
1530,1,re,re,9
1530,2,Kab'raqan.,kab'raqan,9
1531,0,Xcha',xcha',9
1531,1,ri,ri,9
1531,2,"Juraqan,",juraqan,9
1532,0,Ch'i'pi,ch'i'pi,9
1532,1,"Kaqulja,",kaqulja,9
1533,0,Raxa,raxa,9
1533,1,Kaqulja,kaqulja,9
1533,2,ta,ta,9
1533,3,xch'awik,xch'awik,9
1534,0,Chikech,chikech,9
1534,1,ri,ri,9
1534,2,"Junajpu,",junajpu,9
1535,0,Xb'alanke:,xb'alanke,9
1536,0,“U,u,9
1536,1,kab',kab',9
1536,2,u,u,9
1536,3,k'ajol,k'ajol,9
1536,4,Wuqub',wuqub',9
1536,5,Kaqix,kaqix,9
1536,6,jun,jun,9
1536,7,"chik,",chik,9
1537,0,Jun,jun,9
1537,1,chik,chik,9
1537,2,chich'akatajik.,chich'akatajik,9
1538,0,Xa,xa,9
1538,1,wi,wi,9
1538,2,nu,nu,9
1538,3,"tzij,",tzij,9
1539,0,Rumal,rumal,9
1539,1,mawi,mawi,9
1539,2,utz,utz,9
1540,0,Ki,ki,9
1540,1,b'anoj,b'anoj,9
1540,2,chuwach,chuwach,9
1540,3,ulew.,ulew,9
1541,0,Kakik'owisaj,kakik'owisaj,9
1541,1,q'ij,q'ij,9
1542,0,Chi,chi,9
1542,1,"nimal,",nimal,9
1543,0,Chi,chi,9
1543,1,alal.,alal,9
1544,0,Ma,ma,9
1544,1,k'u,k'u,9
1544,2,keje',keje',9
1544,3,chuxik.,chuxik,9
1545,0,Chib'ochi'j,chib'ochi'j,9
1545,1,k'u,k'u,9
1545,2,ub'ik,ub'ik,9
1546,0,Chila',chila',9
1547,0,Releb'al,releb'al,9
1547,1,"q'ij,”",q'ij,9
1548,0,Xcha',xcha',9
1548,1,k'ut,k'ut,9
1548,2,ri,ri,9
1548,3,Juraqan,juraqan,9
1549,0,Chike,chike,9
1549,1,ri,ri,9
1549,2,e,e,9
1549,3,kaib',kaib',9
1549,4,k'ajolab'.,k'ajolab',9
1550,0,“Utz,utz,9
1550,1,b'a,b'a,9
1550,2,"la',",la',9
1551,0,Lal,lal,9
1551,1,ajaw.,ajaw,9
1552,0,Qe,qe,9
1552,1,wi,wi,9
1552,2,na,na,9
1552,3,"k'ut,",k'ut,9
1553,0,Mawi,mawi,9
1553,1,utz,utz,9
1553,2,wi,wi,9
1553,3,kaqilo.,kaqilo,9
1554,0,Ma,ma,9
1554,1,pa,pa,9
1554,2,lal,lal,9
1554,3,"k'olik,",k'olik,9
1555,0,Lal,lal,9
1555,1,pu,pu,9
1555,2,"yakalik,",yakalik,9
1556,0,Lal,lal,9
1556,1,u,u,9
1556,2,K'u'x,k'u'x,9
1556,3,"Kaj,”",kaj,9
1557,0,Xecha',xecha',9
1557,1,k'ut,k'ut,9
1557,2,ri,ri,9
1557,3,"k'ajolab',",k'ajolab',9
1558,0,Ta,ta,9
1558,1,xkik'ulub'a',xkik'ulub'a',9
1559,0,U,u,9
1559,1,tzij,tzij,9
1559,2,Juraqan.,juraqan,9
1560,0,Are',are',9
1560,1,puch,puch,9
1560,2,katajin,katajin,9
1560,3,ri,ri,9
1560,4,"Kab'raqan,",kab'raqan,9
1561,0,Yojol,yojol,9
1561,1,juyub'.,juyub',9
1562,0,Xa,xa,9
1562,1,sqaqi'n,sqaqi'n,9
1562,2,chutinij,chutinij,9
1562,3,raqan,raqan,9
1562,4,chuwach,chuwach,9
1562,5,"ulew,",ulew,9
1563,0,Ju,ju,9
1563,1,su,su,9
1563,2,chiwulij,chiwulij,9
1564,0,Nima,nima,9
1564,1,"juyub',",juyub',9
1565,0,Ch'uti,ch'uti,9
1565,1,juyub',juyub',9
1565,2,rumal.,rumal,9
1566,0,Ta,ta,9
1566,1,xk'ulutaj,xk'ulutaj,9
1567,0,Kumal,kumal,9
1567,1,ri,ri,9
1567,2,k'ajolab'.,k'ajolab',9
1568,0,“Apa,apa,9
1568,1,katb'e,katb'e,9
1568,2,wi,wi,9
1568,3,at,at,9
1568,4,k'ajol?”,k'ajol,9
1569,0,Xecha',xecha',9
1569,1,"chirech,",chirech,9
1570,0,Ri,ri,9
1570,1,Kab'raqan.,kab'raqan,9
1571,0,“Maja,maja,9
1571,1,b'i,b'i,9
1571,2,kinb'e,kinb'e,9
1571,3,wi.,wi,9
1572,0,Xa,xa,9
1572,1,in,in,9
1572,2,uliy,uliy,9
1572,3,"juyub',",juyub',9
1573,0,In,in,9
1573,1,puch,puch,9
1573,2,yojol,yojol,9
1573,3,"rech,",rech,9
1574,0,Chi,chi,9
1574,1,b'e,b'e,9
1574,2,"q'ij,",q'ij,9
1575,0,Chi,chi,10
1575,1,b'e,b'e,10
1575,2,"saq,”",saq,10
1576,0,Xcha',xcha',10
1576,1,k'ut,k'ut,10
1577,0,Ta,ta,10
1577,1,xch'awik.,xch'awik,10
1578,0,Xcha',xcha',10
1578,1,chi,chi,10
1578,2,k'ut,k'ut,10
1579,0,Ri,ri,10
1579,1,Kab'raqan,kab'raqan,10
1580,0,Chike,chike,10
1580,1,ri,ri,10
1580,2,"Junajpu,",junajpu,10
1581,0,Xb'alanke.,xb'alanke,10
1582,0,“Jupacha,jupacha,10
1582,1,xpetik?,xpetik,10
1583,0,Mawi,mawi,10
1583,1,weta'm,weta'm,10
1583,2,i,i,10
1583,3,wach.,wach,10
1584,0,Naqi,naqi,10
1584,1,pa,pa,10
1584,2,i,i,10
1584,3,b'i'?”,b'i',10
1584,4,xcha',xcha',10
1584,5,Kab'raqan.,kab'raqan,10
1585,0,“Maja,maja,10
1585,1,b'i,b'i,10
1585,2,qa,qa,10
1585,3,b'i'.,b'i',10
1586,0,Xa,xa,10
1586,1,oj,oj,10
1586,2,"ub'om,",ub'om,10
1587,0,Xa,xa,10
1587,1,pu,pu,10
1587,2,oj,oj,10
1587,3,tzarab'om,tzarab'om,10
1587,4,pa,pa,10
1587,5,taq,taq,10
1587,6,juyub'.,juyub',10
1588,0,Xa,xa,10
1588,1,oj,oj,10
1588,2,meb'a'.,meb'a',10
1589,0,Maja,maja,10
1589,1,b'i,b'i,10
1589,2,naqi,naqi,10
1589,3,la',la',10
1589,4,qech,qech,10
1589,5,at,at,10
1589,6,k'ajol.,k'ajol,10
1590,0,Xa,xa,10
1590,1,ch'uti,ch'uti,10
1590,2,"juyub',",juyub',10
1591,0,Xa,xa,10
1591,1,nima,nima,10
1591,2,juyub',juyub',10
1591,3,kojb'ek,kojb'ek,10
1591,4,at,at,10
1591,5,k'ajol.,k'ajol,10
1592,0,Are',are',10
1592,1,k'u,k'u,10
1592,2,ri,ri,10
1592,3,jun,jun,10
1592,4,nima,nima,10
1592,5,juyub',juyub',10
1592,6,xqilo.,xqilo,10
1593,0,Xa,xa,10
1593,1,kokil,kokil,10
1594,0,"Kak'iyik,",kak'iyik,10
1595,0,Qitzij,qitzij,10
1595,1,najt,najt,10
1595,2,kaq'anik.,kaq'anik,10
1596,0,Xa,xa,10
1596,1,"kaq'upupik,",kaq'upupik,10
1597,0,Kik'owik,kik'owik,10
1597,1,chuwi',chuwi',10
1597,2,juyub',juyub',10
1597,3,ronojel.,ronojel,10
1598,0,Ma,ma,10
1598,1,k'u,k'u,10
1598,2,ja,ja,10
1598,3,b'i,b'i,10
1598,4,"jun,",jun,10
1599,0,Kaib',kaib',10
1599,1,tz'ikin,tz'ikin,10
1600,0,Mi,mi,10
1600,1,xqak'am,xqak'am,10
1600,2,chuwach,chuwach,10
1600,3,at,at,10
1600,4,k'ajol.,k'ajol,10
1601,0,We,we,10
1601,1,k'ut,k'ut,10
1601,2,qitzij,qitzij,10
1601,3,kawulij,kawulij,10
1601,4,ronojel,ronojel,10
1601,5,juyub',juyub',10
1601,6,at,at,10
1601,7,k'ajol?”,k'ajol,10
1602,0,Xecha',xecha',10
1602,1,ri,ri,10
1602,2,"Junajpu,",junajpu,10
1603,0,Xb'alanke,xb'alanke,10
1603,1,chire,chire,10
1603,2,Kab'raqan.,kab'raqan,10
1604,0,“Ma,ma,10
1604,1,qitzij,qitzij,10
1604,2,xiwilo,xiwilo,10
1605,0,Ri,ri,10
1605,1,juyub',juyub',10
1605,2,kib'ij?,kib'ij,10
1606,0,Apa,apa,10
1606,1,k'o,k'o,10
1606,2,wi?,wi,10
1607,0,Xchiwil,xchiwil,10
1607,1,"na,",na,10
1608,0,Xchinwulij,xchinwulij,10
1608,1,qajoq.,qajoq,10
1609,0,Apa,apa,10
1609,1,xiwil,xiwil,10
1609,2,wi?”,wi,10
1610,0,“Chila',chila',10
1610,1,b'a,b'a,10
1610,2,k'o,k'o,10
1610,3,wi,wi,10
1611,0,Chi,chi,10
1611,1,releb'al,releb'al,10
1611,2,"q'ij,”",q'ij,10
1612,0,Xecha',xecha',10
1612,1,k'ut,k'ut,10
1612,2,"Junajpu,",junajpu,10
1613,0,Xb'alanke.,xb'alanke,10
1614,0,“Utz.,utz,10
1615,0,Chik'ama',chik'ama',10
1615,1,qa,qa,10
1615,2,"b'e,”",b'e,10
1616,0,Xe'uchax,xe'uchax,10
1616,1,"k'u,",k'u,10
1617,0,Ri,ri,10
1617,1,e,e,10
1617,2,kaib',kaib',10
1617,3,chi,chi,10
1617,4,k'ajolab'.,k'ajolab',10
1618,0,“Maja,maja,10
1618,1,"b'i,",b'i,10
1618,2,xa,xa,10
1618,3,kachape,kachape,10
1618,4,nik'aj,nik'aj,10
1619,0,Chiqaxo'l,chiqaxo'l,10
1619,1,katk'oje',katk'oje',10
1619,2,"wi,",wi,10
1620,0,Jun,jun,10
1620,1,"chamox,",chamox,10
1621,0,Jun,jun,10
1621,1,chawikiq'ab',chawikiq'ab',10
1621,2,chiqe.,chiqe,10
1622,0,Rumal,rumal,10
1622,1,k'o,k'o,10
1622,2,qa,qa,10
1622,3,"wub',",wub',10
1623,0,We,we,10
1623,1,k'o,k'o,10
1623,2,tz'ikin,tz'ikin,10
1623,3,"chiqawub'aj,”",chiqawub'aj,10
1624,0,Xecha',xecha',10
1624,1,k'ut.,k'ut,10
1625,0,Keki'kot,keki'kot,10
1626,0,Chikitijtob'ela',chikitijtob'ela',10
1627,0,Ki,ki,10
1627,1,wub'anik.,wub'anik,10
1628,0,Are',are',10
1628,1,k'u,k'u,10
1628,2,ri,ri,10
1628,3,ta,ta,10
1628,4,"kewub'anik,",kewub'anik,10
1629,0,Ma,ma,10
1629,1,na,na,10
1629,2,ulew,ulew,10
1629,3,taj,taj,10
1629,4,u,u,10
1629,5,b'aq',b'aq',10
1629,6,ki,ki,10
1629,7,wub'.,wub',10
1630,0,Xa,xa,10
1630,1,chikuxlab'ij,chikuxlab'ij,10
1630,2,ri,ri,10
1630,3,tz'ikin,tz'ikin,10
1630,4,ta,ta,10
1630,5,chikiwub'aj.,chikiwub'aj,10
1631,0,Chumayijaj,chumayijaj,10
1631,1,k'u,k'u,10
1631,2,ri,ri,10
1631,3,Kab'raqan.,kab'raqan,10
1632,0,Ta,ta,10
1632,1,xkib'aq,xkib'aq,10
1632,2,k'u,k'u,10
1633,0,Ki,ki,10
1633,1,q'aq',q'aq',10
1633,2,ri,ri,10
1633,3,k'ajolab'.,k'ajolab',10
1634,0,Xkib'ol,xkib'ol,10
1634,1,k'ut,k'ut,10
1634,2,ki,ki,10
1634,3,tz'ikin,tz'ikin,10
1634,4,chuwach,chuwach,10
1634,5,q'aq'.,q'aq',10
1635,0,Jun,jun,10
1635,1,k'ut,k'ut,10
1635,2,tz'ikin,tz'ikin,10
1635,3,xkik'u'l,xkik'u'l,10
1635,4,sajkab',sajkab',10
1636,0,Chirij.,chirij,10
1637,0,Saqi,saqi,10
1637,1,ulew,ulew,10
1637,2,xkikojo.,xkikojo,10
1638,0,“Are',are',10
1638,1,k'ut,k'ut,10
1638,2,chiqaya',chiqaya',10
1638,3,chire,chire,10
1639,0,Ta,ta,10
1639,1,"jiq'onoq,",jiq'onoq,10
1640,0,Ta,ta,10
1640,1,chutziqa',chutziqa',10
1640,2,puch,puch,10
1640,3,ruxlab',ruxlab',10
1640,4,qa,qa,10
1640,5,tz'ikin.,tz'ikin,10
1641,0,Ta,ta,10
1641,1,ch'akajoq.,ch'akajoq,10
1642,0,Are',are',10
1642,1,k'u,k'u,10
1642,2,ri,ri,10
1642,3,ulew,ulew,10
1642,4,xchok,xchok,10
1643,0,Chirij,chirij,10
1644,0,Tz'ikin,tz'ikin,10
1644,1,qumal,qumal,10
1644,2,pulew,pulew,10
1645,0,Chiqatzak,chiqatzak,10
1645,1,wi.,wi,10
1646,0,Keje',keje',10
1646,1,k'ut,k'ut,10
1646,2,pulew,pulew,10
1647,0,Chimuq,chimuq,10
1647,1,wi.,wi,10
1648,0,We,we,10
1648,1,"nima,",nima,10
1649,0,"Eta'manel,",eta'manel,10
1650,0,Jun,jun,10
1650,1,"tz'aq,",tz'aq,10
1651,0,Jun,jun,10
1651,1,"b'it,",b'it,10
1652,0,Ta,ta,10
1652,1,"chawaxoq,",chawaxoq,10
1653,0,Ta,ta,10
1653,1,"saqiroq,”",saqiroq,10
1653,2,xecha',xecha',10
1653,3,ri,ri,10
1653,4,k'ajolab'.,k'ajolab',10
1654,0,“Rumal,rumal,10
1654,1,xa,xa,10
1654,2,xchirayin,xchirayin,10
1654,3,wi,wi,10
1655,0,U,u,10
1655,1,k'u'xlal,k'u'xlal,10
1656,0,Ri',ri',10
1656,1,"chiti'k,",chiti'k,10
1657,0,"Chichaq'uxik,",chichaq'uxik,10
1658,0,Keje',keje',10
1658,1,xchurayij,xchurayij,10
1659,0,U,u,10
1659,1,k'u'x,k'u'x,10
1659,2,ri,ri,10
1659,3,"Kab'raqan,”",kab'raqan,10
1660,0,Xecha',xecha',10
1660,1,chi,chi,10
1660,2,kib'il,kib'il,10
1660,3,kib',kib',10
1660,4,"Junajpu,",junajpu,10
1661,0,Xb'alanke.,xb'alanke,10
1662,0,Ta,ta,10
1662,1,xkib'ol,xkib'ol,10
1662,2,ri,ri,10
1662,3,"tz'ikin,",tz'ikin,10
1663,0,Xchaq'aj,xchaq'aj,10
1663,1,k'ut,k'ut,10
1663,2,q'an,q'an,10
1663,3,u,u,10
1663,4,b'olik.,b'olik,10
1664,0,Chiyipowik,chiyipowik,10
1664,1,chi,chi,10
1664,2,kab'chiyanik,kab'chiyanik,10
1664,3,kij,kij,10
1664,4,ri,ri,10
1664,5,"tz'ikin,",tz'ikin,10
1665,0,Chik'owinik,chik'owinik,10
1665,1,simisoj,simisoj,10
1665,2,ruxlab'.,ruxlab',10
1666,0,Are',are',10
1666,1,k'u,k'u,10
1666,2,ri,ri,10
1666,3,Kab'raqan,kab'raqan,10
1667,0,Kurayij,kurayij,10
1667,1,chik,chik,10
1667,2,recha'xik.,recha'xik,10
1668,0,Xa,xa,10
1668,1,kawajin,kawajin,10
1669,0,U,u,10
1669,1,wa'l,wa'l,10
1669,2,pu,pu,10
1669,3,chi'.,chi',10
1670,0,Xa,xa,10
1670,1,"kab'iq'ilajik,",kab'iq'ilajik,10
1671,0,Kaqurulaj,kaqurulaj,10
1671,1,puch,puch,10
1672,0,U,u,10
1672,1,"chub',",chub',10
1673,0,U,u,10
1673,1,"k'axaj,",k'axaj,10
1674,0,Rumal,rumal,10
1674,1,u,u,10
1674,2,simsojil,simsojil,10
1674,3,tz'ikin.,tz'ikin,10
1675,0,Ta,ta,10
1675,1,xutz'onoj,xutz'onoj,10
1675,2,k'ut:,k'ut,10
1676,0,“Naqi,naqi,10
1676,1,pa,pa,10
1676,2,ri,ri,10
1676,3,iwecha'?,iwecha',10
1677,0,Qitzij,qitzij,10
1677,1,kus,kus,10
1677,2,ruxlab',ruxlab',10
1677,3,kanuna'o.,kanuna'o,10
1678,0,Chiya',chiya',10
1678,1,ta,ta,10
1678,2,sqaqi'n,sqaqi'n,10
1678,3,"wech,”",wech,10
1678,4,xcha',xcha',10
1678,5,k'ut.,k'ut,10
1679,0,Ta,ta,10
1679,1,xya',xya',10
1679,2,k'ut,k'ut,10
1679,3,jun,jun,10
1679,4,tz'ikin,tz'ikin,10
1679,5,chire,chire,10
1679,6,Kab'raqan.,kab'raqan,10
1680,0,U,u,10
1680,1,ch'akatajik,ch'akatajik,10
1680,2,k'u,k'u,10
1680,3,ri'.,ri',10
1681,0,K'ate,k'ate,10
1681,1,k'ut,k'ut,10
1681,2,xuk'is,xuk'is,10
1681,3,ri,ri,10
1681,4,tz'ikin.,tz'ikin,10
1682,0,Ta,ta,10
1682,1,xb'e,xb'e,10
1682,2,chi,chi,10
1682,3,"k'ut,",k'ut,10
1683,0,Xe'opon,xe'opon,10
1683,1,k'u,k'u,10
1684,0,Chila',chila',10
1684,1,releb'al,releb'al,10
1684,2,"q'ij,",q'ij,10
1685,0,K'o,k'o,10
1685,1,wi,wi,10
1685,2,ri,ri,10
1685,3,nima,nima,10
1685,4,juyub'.,juyub',10
1686,0,Are',are',10
1686,1,"k'u,",k'u,10
1687,0,Ri,ri,10
1687,1,"Kab'raqan,",kab'raqan,10
1688,0,Xa,xa,10
1688,1,tub'ul,tub'ul,10
1688,2,chik,chik,10
1688,3,"raqan,",raqan,10
1689,0,U,u,10
1689,1,q'ab'.,q'ab',10
1690,0,Ma,ma,10
1690,1,b'i,b'i,10
1690,2,chikowin,chikowin,10
1690,3,chik,chik,10
1691,0,Rumal,rumal,10
1691,1,ri,ri,10
1691,2,ulew,ulew,10
1691,3,xk'u'l,xk'u'l,10
1692,0,Chirij,chirij,10
1692,1,tz'ikin,tz'ikin,10
1693,0,Xuti'o.,xuti'o,10
1694,0,Ma,ma,10
1694,1,k'u,k'u,10
1694,2,ja,ja,10
1694,3,b'i',b'i',10
1694,4,chik,chik,10
1695,0,Naqi,naqi,10
1695,1,la',la',10
1695,2,xub'an,xub'an,10
1695,3,chik,chik,10
1695,4,chire,chire,10
1695,5,juyub'.,juyub',10
1696,0,Mawi,mawi,10
1696,1,xutzinik,xutzinik,10
1697,0,Xwulijtaj.,xwulijtaj,10
1698,0,Ta,ta,10
1698,1,xim,xim,10
1698,2,k'ut,k'ut,10
1698,3,kumal,kumal,10
1698,4,k'ajolab'.,k'ajolab',10
1699,0,Chirij,chirij,10
1699,1,xim,xim,10
1699,2,wi,wi,10
1699,3,u,u,10
1699,4,q'ab'.,q'ab',10
1700,0,Xrilij,xrilij,10
1700,1,u,u,10
1700,2,q'ab',q'ab',10
1700,3,kumal,kumal,10
1700,4,k'ajolab'.,k'ajolab',10
1701,0,Xim,xim,10
1701,1,k'ut,k'ut,10
1701,2,u,u,10
1701,3,qul,qul,10
1701,4,raqan,raqan,10
1701,5,u,u,10
1701,6,kab',kab',10
1701,7,ichal.,ichal,10
1702,0,K'ate,k'ate,10
1702,1,k'ut,k'ut,10
1702,2,xkitarij,xkitarij,10
1702,3,qajoq,qajoq,10
1702,4,"pulew,",pulew,10
1703,0,Xkimuqu.,xkimuqu,10
1704,0,Keje',keje',10
1704,1,k'ut,k'ut,10
1704,2,u,u,10
1704,3,ch'akatajik,ch'akatajik,10
1704,4,"Kab'raqan,",kab'raqan,10
1705,0,Ri',ri',10
1705,1,xa,xa,10
1705,2,wi,wi,10
1705,3,xere,xere,10
1706,0,"Junajpu,",junajpu,10
1707,0,Xb'alanke.,xb'alanke,10
1708,0,Mawi,mawi,10
1708,1,ajilan,ajilan,10
1708,2,ki,ki,10
1708,3,b'anoj,b'anoj,10
1709,0,Waral,waral,10
1709,1,chuwach,chuwach,10
1709,2,ulew.,ulew,10
1710,0,Are',are',10
1710,1,chi,chi,10
1710,2,k'ut,k'ut,10
1710,3,xchiqab'ij,xchiqab'ij,10
1710,4,chik,chik,10
1711,0,Kalaxik,kalaxik,10
1712,0,"Junajpu,",junajpu,10
1713,0,Xb'alanke.,xb'alanke,10
1714,0,Are',are',10
1714,1,nab'e,nab'e,10
1714,2,mi,mi,10
1714,3,xqab'ij,xqab'ij,10
1715,0,Ri,ri,10
1715,1,ki,ki,10
1715,2,ch'akatajik,ch'akatajik,10
1715,3,Wuqub',wuqub',10
1715,4,"Kaqix,",kaqix,10
1716,0,Ruk',ruk',10
1716,1,"Sipakna,",sipakna,10
1717,0,Ruk',ruk',10
1717,1,"Kab'raqan,",kab'raqan,10
1718,0,Waral,waral,10
1719,0,Chuwach,chuwach,10
1719,1,ulew.,ulew,10
1720,0,ARE',are',10
1720,1,chi,chi,10
1720,2,k'ut,k'ut,10
1720,3,xchiqab'i'j,xchiqab'i'j,10
1720,4,chik,chik,10
1721,0,U,u,10
1721,1,b'i',b'i',10
1721,2,ki,ki,10
1721,3,qajaw,qajaw,10
1722,0,Ri,ri,10
1722,1,"Junajpu,",junajpu,10
1723,0,Xb'alanke.,xb'alanke,11
1724,0,Xqakamuluj,xqakamuluj,11
1724,1,chuwi'.,chuwi',11
1725,0,Xa,xa,11
1725,1,pu,pu,11
1725,2,xqakamuluj,xqakamuluj,11
1726,0,U,u,11
1726,1,"b'ixik,",b'ixik,11
1727,0,U,u,11
1727,1,tzijoxik,tzijoxik,11
1727,2,"puch,",puch,11
1728,0,Ki,ki,11
1728,1,k'ajolaxik,k'ajolaxik,11
1728,2,ri,ri,11
1728,3,"Junajpu,",junajpu,11
1729,0,Xb'alanke.,xb'alanke,11
1730,0,Xa,xa,11
1730,1,nik'aj,nik'aj,11
1730,2,"xchiqab'ij,",xchiqab'ij,11
1731,0,Xa,xa,11
1731,1,ch'aqa'p,ch'aqa'p,11
1731,2,u,u,11
1731,3,b'ixik,b'ixik,11
1731,4,ki,ki,11
1731,5,qajaw.,qajaw,11
1732,0,WA'E,wa'e,11
1732,1,k'ute,k'ute,11
1732,2,u,u,11
1732,3,tzijoxik,tzijoxik,11
1733,0,Are',are',11
1733,1,ki,ki,11
1733,2,b'i',b'i',11
1733,3,ri,ri,11
1733,4,Jun,jun,11
1733,5,"Junajpu,",junajpu,11
1733,6,ke'uchaxik.,ke'uchaxik,11
1734,0,Are',are',11
1734,1,k'ut,k'ut,11
1734,2,ki,ki,11
1734,3,"qajaw,",qajaw,11
1734,4,ri,ri,11
1734,5,"Xpiyakok,",xpiyakok,11
1735,0,Xmuqane.,xmuqane,11
1736,0,Chi,chi,11
1736,1,"q'equ'mal,",q'equ'mal,11
1737,0,Chi,chi,11
1737,1,"aq'ab'al,",aq'ab'al,11
1738,0,Xe'alaxik,xe'alaxik,11
1738,1,ri,ri,11
1738,2,Jun,jun,11
1738,3,"Junajpu,",junajpu,11
1739,0,Wuqub',wuqub',11
1739,1,"Junajpu,",junajpu,11
1740,0,Kumal,kumal,11
1740,1,"Xpiyakok,",xpiyakok,11
1741,0,Xmuqane.,xmuqane,11
1742,0,Are',are',11
1742,1,k'u,k'u,11
1742,2,ri,ri,11
1742,3,Jun,jun,11
1742,4,Junajpu,junajpu,11
1742,5,e,e,11
1742,6,kaib',kaib',11
1742,7,"xeralk'u'alaj,",xeralk'u'alaj,11
1743,0,E,e,11
1743,1,pu,pu,11
1743,2,kaib',kaib',11
1743,3,u,u,11
1743,4,k'ajol.,k'ajol,11
1744,0,Jun,jun,11
1744,1,B'atz',b'atz',11
1744,2,u,u,11
1744,3,b'i',b'i',11
1744,4,nab'e,nab'e,11
1744,5,"al,",al,11
1745,0,Jun,jun,11
1745,1,Chowen,chowen,11
1745,2,chi,chi,11
1745,3,k'ut,k'ut,11
1745,4,u,u,11
1745,5,b'i',b'i',11
1745,6,u,u,11
1745,7,kab',kab',11
1745,8,al.,al,11
1746,0,Are',are',11
1746,1,k'ut,k'ut,11
1746,2,u,u,11
1746,3,b'i',b'i',11
1746,4,ki,ki,11
1746,5,chuch,chuch,11
1746,6,wa':,wa',11
1747,0,Xb'akiyalo,xb'akiyalo,11
1747,1,"chuchaxik,",chuchaxik,11
1748,0,Rixoqil,rixoqil,11
1749,0,Jun,jun,11
1749,1,Junajpu.,junajpu,11
1750,0,Are',are',11
1750,1,k'u,k'u,11
1750,2,ri,ri,11
1750,3,Wuqub',wuqub',11
1750,4,Junajpu,junajpu,11
1751,0,Maja,maja,11
1751,1,b'i,b'i,11
1751,2,rixoqil.,rixoqil,11
1752,0,Xa,xa,11
1752,1,u,u,11
1752,2,"laq'el,",laq'el,11
1753,0,Xa,xa,11
1753,1,pu,pu,11
1753,2,u,u,11
1753,3,"kab',",kab',11
1754,0,Xa,xa,11
1754,1,k'ajol,k'ajol,11
1754,2,u,u,11
1754,3,k'oje'ik.,k'oje'ik,11
1755,0,E,e,11
1755,1,nima'q,nima'q,11
1755,2,aj,aj,11
1755,3,"na'oj,",na'oj,11
1756,0,Nim,nim,11
1756,1,puch,puch,11
1756,2,keta'mab'al.,keta'mab'al,11
1757,0,E,e,11
1757,1,nik'wachinel,nik'wachinel,11
1758,0,Waral,waral,11
1758,1,chuwach,chuwach,11
1758,2,ulew.,ulew,11
1759,0,Xa,xa,11
1759,1,utz,utz,11
1759,2,ki,ki,11
1759,3,"k'oje'ik,",k'oje'ik,11
1760,0,Ki,ki,11
1760,1,yake'ik,yake'ik,11
1760,2,puch.,puch,11
1761,0,Xkik'utu,xkik'utu,11
1761,1,na'wikil,na'wikil,11
1762,0,Chikiwach,chikiwach,11
1763,0,Ri,ri,11
1763,1,Jun,jun,11
1763,2,"B'atz',",b'atz',11
1764,0,Jun,jun,11
1764,1,"Chowen,",chowen,11
1765,0,U,u,11
1765,1,k'ajol,k'ajol,11
1766,0,Jun,jun,11
1766,1,Junajpu.,junajpu,11
1767,0,E,e,11
1767,1,aj,aj,11
1767,2,"su',",su',11
1768,0,E,e,11
1768,1,aj,aj,11
1768,2,"b'ix,",b'ix,11
1769,0,E,e,11
1769,1,aj,aj,11
1769,2,pu,pu,11
1769,3,aj,aj,11
1769,4,"tz'ib',",tz'ib',11
1770,0,E,e,11
1770,1,nay,nay,11
1770,2,pu,pu,11
1770,3,aj,aj,11
1770,4,"k'ot,",k'ot,11
1771,0,E,e,11
1771,1,aj,aj,11
1771,2,"xit,",xit,11
1772,0,E,e,11
1772,1,aj,aj,11
1772,2,"puwaq,",puwaq,11
1773,0,Xe'uxik,xe'uxik,11
1773,1,ri,ri,11
1773,2,Jun,jun,11
1773,3,"B'atz',",b'atz',11
1774,0,Jun,jun,11
1774,1,Chowen.,chowen,11
1775,0,Are',are',11
1775,1,k'u,k'u,11
1775,2,ri,ri,11
1775,3,Jun,jun,11
1775,4,"Junajpu,",junajpu,11
1776,0,Wuqub',wuqub',11
1776,1,"Junajpu,",junajpu,11
1777,0,Xa,xa,11
1777,1,"sak,",sak,11
1778,0,Xa,xa,11
1778,1,"cha'j,",cha'j,11
1779,0,Chikib'ano,chikib'ano,11
1780,0,Ju,ju,11
1780,1,ta,ta,11
1780,2,q'ij.,q'ij,11
1781,0,Xa,xa,11
1781,1,e,e,11
1781,2,kakab',kakab',11
1781,3,chikik'ulelaj,chikik'ulelaj,11
1781,4,"kib',",kib',11
1782,0,E,e,11
1782,1,kajib',kajib',11
1782,2,chi,chi,11
1782,3,"konojel,",konojel,11
1783,0,Ta,ta,11
1783,1,kekuchmayijik,kekuchmayijik,11
1784,0,Pa,pa,11
1784,1,jom.,jom,11
1785,0,Chul,chul,11
1785,1,k'u,k'u,11
1785,2,ri,ri,11
1785,3,"Wok,",wok,11
1786,0,Ilol,ilol,11
1786,1,"ke,",ke,11
1787,0,U,u,11
1787,1,samajel,samajel,11
1788,0,Juraqan,juraqan,11
1788,1,"chi,",chi,11
1789,0,Ch'i'pi,ch'i'pi,11
1789,1,"Kaqulja,",kaqulja,11
1790,0,Raxa,raxa,11
1790,1,Kaqulja.,kaqulja,11
1791,0,Are',are',11
1791,1,k'u,k'u,11
1791,2,ri,ri,11
1791,3,"Wok,",wok,11
1792,0,Mawi,mawi,11
1792,1,naj,naj,11
1792,2,waral,waral,11
1792,3,chuwach,chuwach,11
1792,4,"ulew,",ulew,11
1793,0,Mawi,mawi,11
1793,1,naj,naj,11
1793,2,chi,chi,11
1793,3,Xib'alb'a,xib'alb'a,11
1793,4,chire.,chire,11
1794,0,Lib'aj,lib'aj,11
1794,1,chi,chi,11
1794,2,chopon,chopon,11
1794,3,chik,chik,11
1795,0,Chi,chi,11
1795,1,kaj,kaj,11
1795,2,ruk',ruk',11
1795,3,Juraqan.,juraqan,11
1796,0,Xeyaluj,xeyaluj,11
1796,1,waral,waral,11
1797,0,Chuwach,chuwach,11
1797,1,ulew.,ulew,11
1798,0,Xkaminaq,xkaminaq,11
1799,0,K'a,k'a,11
1799,1,k'ut,k'ut,11
1799,2,ki,ki,11
1799,3,chuch,chuch,11
1800,0,Ri,ri,11
1800,1,Jun,jun,11
1800,2,"B'atz',",b'atz',11
1801,0,Jun,jun,11
1801,1,Chowen.,chowen,11
1802,0,Are',are',11
1802,1,k'ut,k'ut,11
1802,2,u,u,11
1802,3,b'e'el,b'e'el,11
1802,4,Xib'alb'a,xib'alb'a,11
1803,0,Xecha'j,xecha'j,11
1803,1,wi.,wi,11
1804,0,Ta,ta,11
1804,1,xkita,xkita,11
1804,2,k'ut,k'ut,11
1805,0,Jun,jun,11
1805,1,"Kame,",kame,11
1806,0,Wuqub',wuqub',11
1806,1,"Kame,",kame,11
1807,0,Rajawal,rajawal,11
1807,1,Xib'alb'a.,xib'alb'a,11
1808,0,“Naqi,naqi,11
1808,1,pa,pa,11
1808,2,ri',ri',11
1808,3,kab'an,kab'an,11
1809,0,Chuwach,chuwach,11
1809,1,ulew?,ulew,11
1810,0,Xa,xa,11
1810,1,"keniknotik,",keniknotik,11
1811,0,Xa,xa,11
1811,1,pu,pu,11
1811,2,kejuminik.,kejuminik,11
1812,0,Keb'e,keb'e,11
1812,1,ta,ta,11
1812,2,taqoq,taqoq,11
1813,0,Waral,waral,11
1813,1,taj.,taj,11
1814,0,Ke'ul,ke'ul,11
1814,1,cha'j,cha'j,11
1814,2,wi.,wi,11
1815,0,Keqach'ak,keqach'ak,11
1815,1,ta,ta,11
1815,2,k'ut.,k'ut,11
1816,0,Xa,xa,11
1816,1,maja,maja,11
1816,2,b'i,b'i,11
1816,3,qa,qa,11
1816,4,nimaxik,nimaxik,11
1816,5,"kumal,",kumal,11
1817,0,Maja,maja,11
1817,1,b'i,b'i,11
1817,2,ki,ki,11
1817,3,"nim,",nim,11
1818,0,Ma,ma,11
1818,1,pu,pu,11
1818,2,ja,ja,11
1818,3,b'i',b'i',11
1818,4,ki,ki,11
1818,5,xob',xob',11
1819,0,Kuxik.,kuxik,11
1820,0,Xax,xax,11
1820,1,kejikik,kejikik,11
1820,2,uloq,uloq,11
1820,3,pa,pa,11
1820,4,qa,qa,11
1820,5,"wi',”",wi',11
1821,0,Xecha',xecha',11
1821,1,k'ut,k'ut,11
1821,2,kono[jel],konojel,11
1821,3,Xib'alb'a.,xib'alb'a,11
1822,0,Ta,ta,11
1822,1,xkik'am,xkik'am,11
1823,0,Ki,ki,11
1823,1,na'oj,na'oj,11
1823,2,"konojel,",konojel,11
1824,0,Ri',ri',11
1824,1,ki,ki,11
1824,2,b'i',b'i',11
1824,3,Jun,jun,11
1824,4,"Kame,",kame,11
1825,0,Wuqub',wuqub',11
1825,1,Kame.,kame,11
1826,0,E,e,11
1826,1,nima'q,nima'q,11
1826,2,q'atol,q'atol,11
1826,3,"tzij,",tzij,11
1827,0,Are',are',11
1827,1,k'u,k'u,11
1827,2,ri,ri,11
1827,3,ajawab',ajawab',11
1827,4,ronojel.,ronojel,11
1828,0,Ya'ol,ya'ol,11
1828,1,u,u,11
1828,2,"patan,",patan,11
1829,0,Rajawarem,rajawarem,11
1829,1,"puch,",puch,11
1830,0,Jujun,jujun,11
1830,1,chi,chi,11
1830,2,ajawab',ajawab',11
1830,3,rumal,rumal,11
1830,4,Jun,jun,11
1830,5,"Kame,",kame,11
1831,0,Wuqub',wuqub',11
1831,1,Kame.,kame,11
1832,0,Are',are',11
1832,1,k'u,k'u,11
1832,2,ri,ri,11
1832,3,Xik'iri,xik'iri,11
1832,4,"Pat,",pat,11
1833,0,Kuchuma,kuchuma,11
1833,1,Kik',kik',11
1833,2,u,u,11
1833,3,b'i',b'i',11
1833,4,ajaw.,ajaw,11
1834,0,Are',are',11
1834,1,k'ut,k'ut,11
1834,2,ki,ki,11
1834,3,"patan,",patan,11
1835,0,Ri,ri,11
1835,1,kik',kik',11
1835,2,chuyab'ij,chuyab'ij,11
1835,3,winaq.,winaq,11
1836,0,Are',are',11
1836,1,chi,chi,11
1836,2,k'u,k'u,11
1836,3,ri,ri,11
1836,4,Ajal,ajal,11
1836,5,"Puj,",puj,11
1837,0,Ajal,ajal,11
1837,1,Q'ana,q'ana,11
1837,2,chik,chik,11
1837,3,ki,ki,11
1837,4,ajawab'.,ajawab',11
1838,0,Are',are',11
1838,1,k'ut,k'ut,11
1838,2,"kajawarem,",kajawarem,11
1839,0,Ri',ri',11
1839,1,chisipojik,chisipojik,11
1839,2,winaq.,winaq,11
1840,0,Chipe,chipe,11
1840,1,puj,puj,11
1840,2,chirij,chirij,11
1840,3,"raqan,",raqan,11
1841,0,Chipe,chipe,11
1841,1,q'ana,q'ana,11
1841,2,chirij,chirij,11
1841,3,u,u,11
1841,4,"wach,",wach,11
1842,0,Chuq'anel,chuq'anel,11
1842,1,chuchaxik.,chuchaxik,11
1843,0,K'ate,k'ate,11
1843,1,k'ut,k'ut,11
1843,2,rajawarem,rajawarem,11
1844,0,Ajal,ajal,11
1844,1,"Puj,",puj,11
1845,0,Ajal,ajal,11
1845,1,Q'ana,q'ana,11
1845,2,wi.,wi,11
1846,0,Are',are',11
1846,1,chi,chi,11
1846,2,k'u,k'u,11
1846,3,ri,ri,11
1846,4,ajaw,ajaw,11
1846,5,Ch'ami'ya,ch'ami'ya,11
1846,6,"B'aq,",b'aq,11
1847,0,Ch'ami'ya,ch'ami'ya,11
1847,1,"Jolom,",jolom,11
1848,0,Raj,raj,11
1848,1,ch'ami'y,ch'ami'y,11
1848,2,"Xib'alb'a,",xib'alb'a,11
1849,0,Xa,xa,11
1849,1,b'aq,b'aq,11
1849,2,ki,ki,11
1849,3,ch'ami'y.,ch'ami'y,11
1850,0,Are',are',11
1850,1,k'ut,k'ut,11
1850,2,kaj,kaj,11
1850,3,"ch'ami'yal,",ch'ami'yal,11
1851,0,Ri',ri',11
1851,1,chib'aqir,chib'aqir,11
1851,2,"winaq,",winaq,11
1852,0,Qitzij,qitzij,11
1852,1,chi,chi,11
1852,2,"b'aq,",b'aq,11
1853,0,Chi,chi,11
1853,1,jolom,jolom,11
1853,2,chik.,chik,11
1854,0,Ta,ta,11
1854,1,chikamik,chikamik,11
1854,2,siyaj,siyaj,11
1854,3,"b'aq,",b'aq,11
1855,0,Xupan,xupan,11
1855,1,chik'amowik.,chik'amowik,11
1856,0,Are',are',11
1856,1,u,u,11
1856,2,patan,patan,11
1856,3,wi,wi,11
1856,4,Ch'ami'ya,ch'ami'ya,11
1856,5,"B'aq,",b'aq,11
1857,0,Ch'ami'ya,ch'ami'ya,11
1857,1,Jolom,jolom,11
1857,2,ki,ki,11
1857,3,b'i'.,b'i',11
1858,0,Are',are',11
1858,1,chi,chi,11
1858,2,k'u,k'u,11
1858,3,ri,ri,11
1858,4,ajaw,ajaw,11
1858,5,Ajal,ajal,11
1858,6,"Mes,",mes,11
1859,0,Ajal,ajal,11
1859,1,Toq'ob',toq'ob',11
1859,2,ki,ki,11
1859,3,b'i'.,b'i',11
1860,0,Are',are',11
1860,1,ki,ki,11
1860,2,"patan,",patan,11
1861,0,Ri',ri',11
1861,1,xa,xa,11
1861,2,chik'ulwachij,chik'ulwachij,11
1861,3,winaq.,winaq,11
1862,0,We,we,11
1862,1,tza,tza,11
1862,2,"mes,",mes,11
1863,0,We,we,11
1863,1,pe,pe,11
1863,2,"pu,",pu,11
1864,0,Chirij,chirij,11
1864,1,"ja,",ja,11
1865,0,Chuwa,chuwa,11
1865,1,"ja,",ja,11
1866,0,Chik'ulwachix,chik'ulwachix,11
1866,1,"wi,",wi,11
1867,0,Xa,xa,11
1867,1,chikitoq'o.,chikitoq'o,11
1868,0,Ta,ta,11
1868,1,chib'e,chib'e,11
1868,2,jupuloq,jupuloq,11
1868,3,chuwach,chuwach,11
1868,4,"ulew,",ulew,11
1869,0,Ta,ta,11
1869,1,chikamik.,chikamik,11
1870,0,Are',are',12
1870,1,k'ut,k'ut,12
1870,2,kajawarem,kajawarem,12
1870,3,Ajal,ajal,12
1870,4,"Mes,",mes,12
1871,0,Ajal,ajal,12
1871,1,Toq'ob',toq'ob',12
1871,2,ke'uchaxik.,ke'uchaxik,12
1872,0,Are',are',12
1872,1,chi,chi,12
1872,2,k'u,k'u,12
1872,3,ri,ri,12
1872,4,Ajaw,ajaw,12
1872,5,"Xik',",xik',12
1873,0,Patan,patan,12
1873,1,ki,ki,12
1873,2,b'i'.,b'i',12
1874,0,Are',are',12
1874,1,kajawarem,kajawarem,12
1874,2,ri,ri,12
1874,3,winaq,winaq,12
1874,4,chikam,chikam,12
1874,5,pa,pa,12
1874,6,"b'e,",b'e,12
1875,0,Xa,xa,12
1875,1,rax,rax,12
1875,2,kamik,kamik,12
1875,3,chuchaxik.,chuchaxik,12
1876,0,Chipe,chipe,12
1876,1,kik',kik',12
1876,2,pu,pu,12
1876,3,"chi',",chi',12
1877,0,Ta,ta,12
1877,1,chikamik,chikamik,12
1877,2,chuxawaj,chuxawaj,12
1877,3,kik'.,kik',12
1878,0,Xa,xa,12
1878,1,jujun,jujun,12
1878,2,chi,chi,12
1878,3,"patan,",patan,12
1879,0,Ki,ki,12
1879,1,telela'on.,telela'on,12
1880,0,Xa,xa,12
1880,1,chikikosij,chikikosij,12
1880,2,u,u,12
1880,3,"qulel,",qulel,12
1881,0,U,u,12
1881,1,k'u'x,k'u'x,12
1881,2,winaq.,winaq,12
1882,0,Ta,ta,12
1882,1,chikam,chikam,12
1882,2,pa,pa,12
1882,3,b'e.,b'e,12
1883,0,Xa,xa,12
1883,1,chikik'ulmaj,chikik'ulmaj,12
1883,2,apanoq,apanoq,12
1884,0,We,we,12
1884,1,"chib'inik,",chib'inik,12
1885,0,Chikul.,chikul,12
1886,0,Are',are',12
1886,1,k'ut,k'ut,12
1886,2,kajawarem,kajawarem,12
1886,3,"Xik',",xik',12
1887,0,Patan,patan,12
1887,1,ri'.,ri',12
1888,0,Are',are',12
1888,1,k'ut,k'ut,12
1888,2,xkikuch,xkikuch,12
1889,0,Ki,ki,12
1889,1,na'oj,na'oj,12
1889,2,ri',ri',12
1890,0,Ta,ta,12
1890,1,"xetza'ixik,",xetza'ixik,12
1891,0,Ta,ta,12
1891,1,xek'otob'ax,xek'otob'ax,12
1891,2,puch,puch,12
1892,0,Jun,jun,12
1892,1,"Junajpu,",junajpu,12
1893,0,Wuqub',wuqub',12
1893,1,Junajpu.,junajpu,12
1894,0,Are',are',12
1894,1,xkirayij,xkirayij,12
1894,2,"Xib'alb'a,",xib'alb'a,12
1895,0,Ri,ri,12
1895,1,ketz'ab'al,ketz'ab'al,12
1896,0,Jun,jun,12
1896,1,"Junajpu,",junajpu,12
1897,0,Wuqub',wuqub',12
1897,1,Junajpu:,junajpu,12
1898,0,Ri,ri,12
1898,1,ki,ki,12
1898,2,"tz'um,",tz'um,12
1899,0,Ki,ki,12
1899,1,"b'ate,",b'ate,12
1900,0,Ki,ki,12
1900,1,pach',pach',12
1900,2,"q'ab',",q'ab',12
1901,0,Ki,ki,12
1901,1,yach,yach,12
1901,2,"wach,",wach,12
1902,0,Wach,wach,12
1902,1,sot,sot,12
1902,2,puch.,puch,12
1903,0,Ki,ki,12
1903,1,kawub'al,kawub'al,12
1904,0,Jun,jun,12
1904,1,"Junajpu,",junajpu,12
1905,0,Wuqub',wuqub',12
1905,1,Junajpu.,junajpu,12
1906,0,Are',are',12
1906,1,chi,chi,12
1906,2,k'ut,k'ut,12
1906,3,xchiqab'ij,xchiqab'ij,12
1906,4,chik,chik,12
1907,0,Ki,ki,12
1907,1,b'e'ik,b'e'ik,12
1907,2,chi,chi,12
1907,3,Xib'alb'a.,xib'alb'a,12
1908,0,Xekanaj,xekanaj,12
1908,1,k'u,k'u,12
1908,2,kanoq,kanoq,12
1908,3,ri,ri,12
1908,4,Jun,jun,12
1908,5,"B'atz',",b'atz',12
1909,0,[Jun],jun,12
1909,1,"Chowen,",chowen,12
1910,0,U,u,12
1910,1,k'ajol,k'ajol,12
1911,0,Jun,jun,12
1911,1,Junajpu.,junajpu,12
1912,0,Xkaminaqoq,xkaminaqoq,12
1912,1,ki,ki,12
1912,2,chuch.,chuch,12
1913,0,K'a,k'a,12
1913,1,chuwi',chuwi',12
1913,2,chik,chik,12
1913,3,ki,ki,12
1913,4,ch'akatajik,ch'akatajik,12
1913,5,chik,chik,12
1914,0,Jun,jun,12
1914,1,"B'atz',",b'atz',12
1915,0,Jun,jun,12
1915,1,"Chowen,",chowen,12
1916,0,Kumal,kumal,12
1916,1,"Junajpu,",junajpu,12
1917,0,Xb'alanke.,xb'alanke,12
1918,0,K'ATE,k'ate,12
1918,1,k'ut,k'ut,12
1918,2,ki,ki,12
1918,3,petik,petik,12
1918,4,samajel,samajel,12
1918,5,rumal,rumal,12
1918,6,Jun,jun,12
1918,7,"Kame,",kame,12
1919,0,Wuqub',wuqub',12
1919,1,Kame.,kame,12
1920,0,“Kixb'ek,kixb'ek,12
1920,1,ix,ix,12
1920,2,raj,raj,12
1920,3,pop,pop,12
1920,4,achij.,achij,12
1921,0,Je',je',12
1921,1,i,i,12
1921,2,taqa,taqa,12
1922,0,Ri,ri,12
1922,1,Jun,jun,12
1922,2,"Junajpu,",junajpu,12
1923,0,Wuqub',wuqub',12
1923,1,Junajpu.,junajpu,12
1924,0,Kixcha',kixcha',12
1924,1,ta,ta,12
1924,2,kixopon,kixopon,12
1924,3,"kuk',",kuk',12
1925,0,‘Kepetoq,kepetoq,12
1925,1,kecha',kecha',12
1925,2,ajawab',ajawab',12
1925,3,chiwech.,chiwech,12
1926,0,Waral,waral,12
1926,1,taj,taj,12
1926,2,ke'ul,ke'ul,12
1926,3,cha'ja,cha'ja,12
1926,4,wi,wi,12
1926,5,quk'.,quk',12
1927,0,Chiqak'astaj,chiqak'astaj,12
1927,1,ta,ta,12
1927,2,qa,qa,12
1927,3,wach,wach,12
1927,4,kuk'.,kuk',12
1928,0,Qitzij,qitzij,12
1928,1,kaqamayijaj,kaqamayijaj,12
1928,2,k'i,k'i,12
1928,3,"chi,",chi,12
1929,0,Keje',keje',12
1929,1,ta,ta,12
1929,2,k'ut,k'ut,12
1929,3,kepe,kepe,12
1929,4,"wi,",wi,12
1929,5,kecha',kecha',12
1929,6,ajawab'.,ajawab',12
1930,0,Chikik'am,chikik'am,12
1930,1,k'u,k'u,12
1930,2,uloq,uloq,12
1931,0,Ri,ri,12
1931,1,ki,ki,12
1931,2,chokonisan:,chokonisan,12
1932,0,Ki,ki,12
1932,1,"b'ate,",b'ate,12
1933,0,Ki,ki,12
1933,1,pach',pach',12
1933,2,"q'ab',",q'ab',12
1934,0,Chipe,chipe,12
1934,1,nay,nay,12
1934,2,puch,puch,12
1934,3,ri,ri,12
1934,4,ki,ki,12
1934,5,"kik',",kik',12
1935,0,Kecha',kecha',12
1935,1,"ajawab',’",ajawab',12
1936,0,Kixcha',kixcha',12
1936,1,ta,ta,12
1936,2,"kixoponoq,”",kixoponoq,12
1937,0,Xe'uchaxik,xe'uchaxik,12
1937,1,ri,ri,12
1937,2,samajel.,samajel,12
1938,0,Are',are',12
1938,1,k'ut,k'ut,12
1938,2,ki,ki,12
1938,3,samajel,samajel,12
1938,4,ri,ri,12
1938,5,tukur:,tukur,12
1939,0,Ch'ab'i,ch'ab'i,12
1939,1,"Tukur,",tukur,12
1940,0,Juraqan,juraqan,12
1940,1,"Tukur,",tukur,12
1941,0,Kaqix,kaqix,12
1941,1,"Tukur,",tukur,12
1942,0,Jolom,jolom,12
1942,1,"Tukur,",tukur,12
1943,0,"Ke'uchaxik,",ke'uchaxik,12
1944,0,U,u,12
1944,1,samajel,samajel,12
1944,2,Xib'alb'a.,xib'alb'a,12
1945,0,Are',are',12
1945,1,ri,ri,12
1945,2,Ch'ab'i,ch'ab'i,12
1945,3,"Tukur,",tukur,12
1946,0,Keje',keje',12
1946,1,ri',ri',12
1946,2,"ch'ab',",ch'ab',12
1947,0,Xa,xa,12
1947,1,kopkik.,kopkik,12
1948,0,Are',are',12
1948,1,k'u,k'u,12
1948,2,ri,ri,12
1948,3,Juraqan,juraqan,12
1948,4,Tukur,tukur,12
1949,0,Xa,xa,12
1949,1,jun,jun,12
1949,2,"raqan,",raqan,12
1950,0,K'o,k'o,12
1950,1,u,u,12
1950,2,xik'.,xik',12
1951,0,Are',are',12
1951,1,k'u,k'u,12
1951,2,ri,ri,12
1951,3,Kaqix,kaqix,12
1951,4,Tukur,tukur,12
1952,0,Q'aq',q'aq',12
1952,1,"rij,",rij,12
1953,0,K'o,k'o,12
1953,1,u,u,12
1953,2,xik'.,xik',12
1954,0,Are',are',12
1954,1,chi,chi,12
1954,2,nay,nay,12
1954,3,puch,puch,12
1954,4,ri,ri,12
1954,5,Jolom,jolom,12
1954,6,"Tukur,",tukur,12
1955,0,Xa,xa,12
1955,1,u,u,12
1955,2,tukel,tukel,12
1955,3,u,u,12
1955,4,jolom.,jolom,12
1956,0,Maja,maja,12
1956,1,b'i,b'i,12
1956,2,"raqan,",raqan,12
1957,0,Xa,xa,12
1957,1,u,u,12
1957,2,xik',xik',12
1957,3,k'olik.,k'olik,12
1958,0,E,e,12
1958,1,kajib',kajib',12
1958,2,ri,ri,12
1958,3,"samajel,",samajel,12
1959,0,Raj,raj,12
1959,1,pop,pop,12
1959,2,achijab',achijab',12
1959,3,keqalem.,keqalem,12
1960,0,Ta,ta,12
1960,1,xepe,xepe,12
1960,2,k'ut,k'ut,12
1960,3,"chila',",chila',12
1961,0,Chi,chi,12
1961,1,Xib'alb'a.,xib'alb'a,12
1962,0,Lib'aj,lib'aj,12
1962,1,chi,chi,12
1962,2,"xe'ulik,",xe'ulik,12
1963,0,E,e,12
1963,1,k'u,k'u,12
1963,2,tak'al,tak'al,12
1964,0,Chuwi',chuwi',12
1964,1,jom.,jom,12
1965,0,Kecha'j,kecha'j,12
1965,1,"k'ut,",k'ut,12
1966,0,Jun,jun,12
1966,1,"Junajpu,",junajpu,12
1967,0,Wuqub',wuqub',12
1967,1,"Junajpu,",junajpu,12
1968,0,Pa,pa,12
1968,1,"jom,",jom,12
1969,0,Ri,ri,12
1969,1,"Nim,",nim,12
1970,0,"Xob',",xob',12
1971,0,"Karchaj,",karchaj,12
1971,1,chuchaxik.,chuchaxik,12
1972,0,E,e,12
1972,1,k'u,k'u,12
1972,2,tak'atoj,tak'atoj,12
1972,3,ri,ri,12
1972,4,tukur,tukur,12
1973,0,Chuwi',chuwi',12
1973,1,jom.,jom,12
1974,0,Ta,ta,12
1974,1,xkitz'aq,xkitz'aq,12
1974,2,k'ut,k'ut,12
1974,3,ki,ki,12
1974,4,"tzij,",tzij,12
1975,0,Xa,xa,12
1975,1,wi,wi,12
1975,2,xere,xere,12
1975,3,u,u,12
1975,4,cholik,cholik,12
1975,5,u,u,12
1975,6,tzij,tzij,12
1976,0,Jun,jun,12
1976,1,"Kame,",kame,12
1977,0,Wuqub',wuqub',12
1977,1,"Kame,",kame,12
1978,0,Ajal,ajal,12
1978,1,"Puj,",puj,12
1979,0,Ajal,ajal,12
1979,1,"Q'ana,",q'ana,12
1980,0,Ch'ami'ya,ch'ami'ya,12
1980,1,"B'aq,",b'aq,12
1981,0,Ch'ami'ya,ch'ami'ya,12
1981,1,"Jolom,",jolom,12
1982,0,Xik'iri,xik'iri,12
1982,1,"Pat,",pat,12
1983,0,Kuchuma,kuchuma,12
1983,1,"Kik',",kik',12
1984,0,Ajal,ajal,12
1984,1,"Mes,",mes,12
1985,0,Ajal,ajal,12
1985,1,"Toq'ob',",toq'ob',12
1986,0,"Xik',",xik',12
1987,0,"Patan,",patan,12
1988,0,Ki,ki,12
1988,1,b'i',b'i',12
1988,2,konojel,konojel,12
1988,3,"ajawab',",ajawab',12
1989,0,Xtz'aq,xtz'aq,12
1989,1,ki,ki,12
1989,2,tzij,tzij,12
1989,3,kumal,kumal,12
1989,4,tukur.,tukur,12
1990,0,“Ma,ma,12
1990,1,ki,ki,12
1990,2,tzij,tzij,12
1990,3,kacha',kacha',12
1990,4,ajaw,ajaw,12
1991,0,Jun,jun,12
1991,1,"Kame,",kame,12
1992,0,Wuqub',wuqub',12
1992,1,Kame?,kame,12
1993,0,Ki,ki,12
1993,1,tzij,tzij,12
1993,2,b'a,b'a,12
1993,3,la',la',12
1993,4,kecha'.,kecha',12
1994,0,Oj,oj,12
1994,1,na,na,12
1994,2,k'u,k'u,12
1994,3,achb'ilay,achb'ilay,12
1994,4,iwe.,iwe,12
1995,0,‘Chik'am,chik'am,12
1995,1,uloq,uloq,12
1995,2,ri,ri,12
1995,3,ronojel,ronojel,12
1995,4,"ketz'ab'al,’",ketz'ab'al,12
1996,0,Kecha',kecha',12
1996,1,ajawab'.”,ajawab',12
1997,0,“Utz,utz,12
1997,1,b'a,b'a,12
1997,2,la'.,la',12
1998,0,Kojiwoyob'ej,kojiwoyob'ej,12
1998,1,"na,",na,12
1999,0,Oj,oj,12
1999,1,na,na,12
1999,2,qa,qa,12
1999,3,pixab'aj,pixab'aj,12
1999,4,kan,kan,12
1999,5,na,na,12
1999,6,qa,qa,12
1999,7,"chuch,”",chuch,12
1999,8,xecha',xecha',12
1999,9,k'ut.,k'ut,12
2000,0,Xeb'e,xeb'e,12
2000,1,k'ut,k'ut,12
2000,2,chi,chi,12
2000,3,"kochoch,",kochoch,12
2001,0,Xecha',xecha',12
2001,1,k'ut,k'ut,12
2001,2,chire,chire,12
2001,3,ki,ki,12
2001,4,chuch.,chuch,12
2002,0,Xkaminaqoq,xkaminaqoq,12
2002,1,ki,ki,12
2002,2,qajaw.,qajaw,12
2003,0,“Jo',jo',12
2003,1,na,na,12
2003,2,ix,ix,12
2003,3,qa,qa,12
2003,4,chuch.,chuch,12
2004,0,Xa,xa,12
2004,1,et,et,12
2004,2,"kulik,",kulik,12
2005,0,Mi,mi,12
2005,1,xul,xul,12
2005,2,u,u,12
2005,3,samajel,samajel,12
2005,4,"ajaw,",ajaw,12
2006,0,K'amol,k'amol,12
2006,1,qe.,qe,12
2007,0,"‘Kepetoq,’",kepetoq,12
2007,1,kacha',kacha',12
2007,2,k'ut.,k'ut,12
2008,0,Kecha',kecha',12
2009,0,Taqol,taqol,12
2009,1,qe.,qe,12
2010,0,Xchikanaj,xchikanaj,12
2010,1,k'u,k'u,12
2010,2,kan,kan,12
2010,3,wa',wa',12
2010,4,qa,qa,12
2010,5,"kik',”",kik',12
2010,6,xecha',xecha',12
2010,7,k'ut.,k'ut,12
2011,0,K'ate,k'ate,12
2011,1,xb'e,xb'e,12
2011,2,ki,ki,12
2011,3,xima,xima,12
2011,4,kanoq,kanoq,12
2011,5,puwi',puwi',12
2011,6,ja.,ja,12
2012,0,“Kojul,kojul,12
2012,1,"na,",na,12
2013,0,K'ate,k'ate,12
2013,1,chiqachokonisaj,chiqachokonisaj,12
2013,2,chik.”,chik,12
2014,0,“Xa,xa,12
2014,1,"kixsu'anoq,",kixsu'anoq,12
2015,0,Xa,xa,12
2015,1,pu,pu,12
2015,2,"kixb'ixanoq,",kixb'ixanoq,12
2016,0,"Kixtz'ib'anoq,",kixtz'ib'anoq,12
2017,0,Kixk'otonoq.,kixk'otonoq,12
2018,0,Chimeq'oj,chimeq'oj,12
2018,1,"qochoch,",qochoch,12
2019,0,Chimeq'oj,chimeq'oj,12
2019,1,puch,puch,12
2019,2,u,u,12
2019,3,k'u'x,k'u'x,12
2019,4,"iwati't,”",iwati't,12
2020,0,Xe'uchax,xe'uchax,12
2020,1,k'ut,k'ut,12
2020,2,Jun,jun,12
2020,3,"B'atz',",b'atz',12
2021,0,Jun,jun,12
2021,1,Chowen,chowen,13
2021,2,ta,ta,13
2021,3,xepixab'axik.,xepixab'axik,13
2022,0,Q'usq'us,q'usq'us,13
2022,1,k'ut,k'ut,13
2023,0,Choq',choq',13
2024,0,Ki,ki,13
2024,1,"chuch,",chuch,13
2025,0,Ri,ri,13
2025,1,Xmuqane.,xmuqane,13
2026,0,“Jo',jo',13
2026,1,"na,",na,13
2027,0,Maja,maja,13
2027,1,b'i,b'i,13
2027,2,kojkamik.,kojkamik,13
2028,0,"Mixb'isonik,”",mixb'isonik,13
2029,0,Xecha',xecha',13
2029,1,ta,ta,13
2029,2,"xeb'ek,",xeb'ek,13
2030,0,Jun,jun,13
2030,1,"Junajpu,",junajpu,13
2031,0,Wuqub',wuqub',13
2031,1,Junajpu.,junajpu,13
2032,0,K'ATE,k'ate,13
2032,1,puch,puch,13
2032,2,ta,ta,13
2032,3,xeb'ek,xeb'ek,13
2032,4,Jun,jun,13
2032,5,"Junajpu,",junajpu,13
2033,0,Wuqub',wuqub',13
2033,1,Junajpu.,junajpu,13
2034,0,Xk'am,xk'am,13
2034,1,ki,ki,13
2034,2,b'e,b'e,13
2034,3,kumal,kumal,13
2034,4,ri,ri,13
2034,5,"samajel,",samajel,13
2035,0,Ta,ta,13
2035,1,xeqaj,xeqaj,13
2035,2,k'ut,k'ut,13
2035,3,pu,pu,13
2035,4,b'e'al,b'e'al,13
2035,5,Xib'alb'a.,xib'alb'a,13
2036,0,Xuluxuj,xuluxuj,13
2036,1,u,u,13
2036,2,chi',chi',13
2036,3,"kumuk,",kumuk,13
2037,0,Xeqaj,xeqaj,13
2037,1,k'ut.,k'ut,13
2038,0,Ta,ta,13
2038,1,xe'el,xe'el,13
2038,2,chi,chi,13
2038,3,k'u,k'u,13
2038,4,aponoq,aponoq,13
2039,0,Chuchi',chuchi',13
2039,1,jal,jal,13
2039,2,ja',ja',13
2039,3,"siwanub',",siwanub',13
2040,0,Nu',nu',13
2040,1,"Siwan,",siwan,13
2041,0,K'ulk'u,k'ulk'u,13
2041,1,Siwan,siwan,13
2041,2,u,u,13
2041,3,b'i'.,b'i',13
2042,0,Xe'ik'ow,xe'ik'ow,13
2042,1,wi.,wi,13
2043,0,Xe'ik'ow,xe'ik'ow,13
2043,1,chi,chi,13
2043,2,k'ut,k'ut,13
2044,0,Chupan,chupan,13
2044,1,jal,jal,13
2044,2,ja'l:,ja'l,13
2045,0,Ja',ja',13
2045,1,"Simaj,",simaj,13
2046,0,Mawi,mawi,13
2046,1,ajilan,ajilan,13
2046,2,simaj.,simaj,13
2047,0,Xe'ik'ow,xe'ik'ow,13
2047,1,"wi,",wi,13
2048,0,Mawi,mawi,13
2048,1,xetoq'otajik.,xetoq'otajik,13
2049,0,Ta,ta,13
2049,1,xe'opon,xe'opon,13
2049,2,chi,chi,13
2049,3,k'ut,k'ut,13
2049,4,chi,chi,13
2049,5,"a',",a',13
2050,0,Chi,chi,13
2050,1,Kik'i,kik'i,13
2050,2,A'.,a',13
2051,0,Xe'ik'ow,xe'ik'ow,13
2051,1,"chiri',",chiri',13
2052,0,Mawi,mawi,13
2052,1,xkuk'aj.,xkuk'aj,13
2053,0,Xe'opon,xe'opon,13
2053,1,chi,chi,13
2053,2,"a',",a',13
2054,0,U,u,13
2054,1,tukel,tukel,13
2054,2,puj,puj,13
2054,3,chi,chi,13
2054,4,a'.,a',13
2055,0,Mawi,mawi,13
2055,1,"xech'akatajik,",xech'akatajik,13
2056,0,Xa,xa,13
2056,1,wi,wi,13
2056,2,xe'ik'ow,xe'ik'ow,13
2056,3,chik.,chik,13
2057,0,Ta,ta,13
2057,1,xe'opon,xe'opon,13
2057,2,chi,chi,13
2057,3,k'ut,k'ut,13
2057,4,pa,pa,13
2057,5,kajib',kajib',13
2057,6,xalkat,xalkat,13
2057,7,"b'e,",b'e,13
2058,0,K'a,k'a,13
2058,1,chiri',chiri',13
2058,2,k'ut,k'ut,13
2058,3,xech'akataj,xech'akataj,13
2058,4,wi,wi,13
2058,5,pa,pa,13
2058,6,kajib',kajib',13
2058,7,xalkat,xalkat,13
2058,8,b'e:,b'e,13
2059,0,Jun,jun,13
2059,1,kaqa,kaqa,13
2059,2,"b'e,",b'e,13
2060,0,Jun,jun,13
2060,1,k'ut,k'ut,13
2060,2,q'eqa,q'eqa,13
2060,3,"b'e,",b'e,13
2061,0,Saqi,saqi,13
2061,1,b'e,b'e,13
2061,2,"jun,",jun,13
2062,0,Jun,jun,13
2062,1,k'ut,k'ut,13
2062,2,q'ana,q'ana,13
2062,3,b'e.,b'e,13
2063,0,Kajib',kajib',13
2063,1,b'e.,b'e,13
2064,0,Are',are',13
2064,1,k'ut,k'ut,13
2064,2,xch'aw,xch'aw,13
2064,3,ri,ri,13
2064,4,q'eqa,q'eqa,13
2064,5,b'e:,b'e,13
2065,0,“In,in,13
2065,1,kinik'amo.,kinik'amo,13
2066,0,In,in,13
2066,1,u,u,13
2066,2,b'e,b'e,13
2066,3,"ajaw,”",ajaw,13
2067,0,Xch'aw,xch'aw,13
2067,1,ri,ri,13
2067,2,b'e.,b'e,13
2068,0,Chiri',chiri',13
2068,1,k'ut,k'ut,13
2069,0,Xech'akataj,xech'akataj,13
2069,1,wi.,wi,13
2070,0,Are',are',13
2070,1,xkitaqej,xkitaqej,13
2070,2,ri,ri,13
2070,3,b'e,b'e,13
2070,4,Xib'alb'a.,xib'alb'a,13
2071,0,Ta,ta,13
2071,1,xe'opon,xe'opon,13
2071,2,k'ut,k'ut,13
2071,3,pa,pa,13
2071,4,ki,ki,13
2071,5,popob'al,popob'al,13
2071,6,rajawal,rajawal,13
2071,7,Xib'alb'a.,xib'alb'a,13
2072,0,Xech'akataj,xech'akataj,13
2072,1,chi,chi,13
2073,0,K'ut,k'ut,13
2073,1,chiri'.,chiri',13
2074,0,Are',are',13
2074,1,nab'e,nab'e,13
2074,2,ku'b'ulel,ku'b'ulel,13
2074,3,"ri',",ri',13
2075,0,Xa,xa,13
2075,1,"poy,",poy,13
2076,0,Xa,xa,13
2076,1,ajam,ajam,13
2076,2,"che',",che',13
2077,0,Kawutalik,kawutalik,13
2077,1,kumal,kumal,13
2077,2,Xib'alb'a.,xib'alb'a,13
2078,0,Are',are',13
2078,1,k'ut,k'ut,13
2078,2,nab'e,nab'e,13
2078,3,xkiq'ijila:,xkiq'ijila,13
2079,0,"“Q'ala,",q'ala,13
2079,1,Jun,jun,13
2079,2,"Kame,”",kame,13
2080,0,Xecha',xecha',13
2080,1,chire,chire,13
2080,2,ri,ri,13
2080,3,poy.,poy,13
2081,0,"“Q'ala,",q'ala,13
2081,1,Wuqub',wuqub',13
2081,2,"Kame,”",kame,13
2082,0,Xecha',xecha',13
2082,1,chik,chik,13
2082,2,chire,chire,13
2082,3,ri,ri,13
2082,4,ajam,ajam,13
2082,5,che'.,che',13
2083,0,Ma,ma,13
2083,1,k'u,k'u,13
2083,2,xech'akowik.,xech'akowik,13
2085,0,Xa,xa,13
2085,1,kejumin,kejumin,13
2085,2,chik,chik,13
2085,3,chi,chi,13
2085,4,tze',tze',13
2085,5,konojel,konojel,13
2085,6,"ajawab',",ajawab',13
2086,0,Rumal,rumal,13
2086,1,"xech'akomajik,",xech'akomajik,13
2087,0,Chi,chi,13
2087,1,ki,ki,13
2087,2,k'u'x,k'u'x,13
2087,3,xkich'ak,xkich'ak,13
2088,0,Ri,ri,13
2088,1,Jun,jun,13
2088,2,"Junajpu,",junajpu,13
2089,0,Wuqub',wuqub',13
2089,1,Junajpu.,junajpu,13
2090,0,Xetze'n,xetze'n,13
2090,1,na.,na,13
2091,0,K'ate,k'ate,13
2091,1,k'ut,k'ut,13
2091,2,xech'aw,xech'aw,13
2091,3,"chik,",chik,13
2092,0,Jun,jun,13
2092,1,"Kame,",kame,13
2093,0,Wuqub',wuqub',13
2093,1,Kame:,kame,13
2094,0,“Utz,utz,13
2094,1,b'a,b'a,13
2094,2,"la',",la',13
2095,0,Mi,mi,13
2095,1,xixulik.,xixulik,13
2096,0,Chuwe'q,chuwe'q,13
2096,1,chiqasa',chiqasa',13
2096,2,u,u,13
2096,3,wach,wach,13
2096,4,i,i,13
2096,5,"b'ate,",b'ate,13
2097,0,I,i,13
2097,1,pach',pach',13
2097,2,"q'ab',”",q'ab',13
2097,3,xe'uchax,xe'uchax,13
2097,4,k'ut.,k'ut,13
2098,0,“Kixku'loq,kixku'loq,13
2098,1,chi,chi,13
2098,2,qa,qa,13
2098,3,"tem,”",tem,13
2098,4,xe'uchaxik.,xe'uchaxik,13
2099,0,U,u,13
2099,1,tukel,tukel,13
2099,2,k'u,k'u,13
2099,3,k'atanalaj,k'atanalaj,13
2099,4,ab'aj,ab'aj,13
2099,5,ki,ki,13
2099,6,tem,tem,13
2099,7,xya'ik.,xya'ik,13
2100,0,Xek'at,xek'at,13
2100,1,chi,chi,13
2100,2,k'ut,k'ut,13
2100,3,chuwi',chuwi',13
2100,4,tem.,tem,13
2101,0,Qitzij,qitzij,13
2101,1,wi,wi,13
2101,2,xepiskalij,xepiskalij,13
2101,3,chik,chik,13
2101,4,chuwi',chuwi',13
2101,5,tem.,tem,13
2102,0,Mawi,mawi,13
2102,1,"xeyakamarik,",xeyakamarik,13
2103,0,Qitzij,qitzij,13
2103,1,wi,wi,13
2103,2,xewalejik.,xewalejik,13
2104,0,Xk'at,xk'at,13
2104,1,ki,ki,13
2104,2,ku'lib'al.,ku'lib'al,13
2105,0,K'ate,k'ate,13
2105,1,k'ut,k'ut,13
2105,2,xetze'n,xetze'n,13
2105,3,chik,chik,13
2105,4,Xib'alb'a.,xib'alb'a,13
2106,0,Xepichicharik,xepichicharik,13
2106,1,chi,chi,13
2106,2,"tze',",tze',13
2107,0,Xwinaqirije'ik,xwinaqirije'ik,13
2107,1,u,u,13
2107,2,kumatz,kumatz,13
2107,3,tze',tze',13
2107,4,chi,chi,13
2107,5,ki,ki,13
2107,6,k'u'x.,k'u'x,13
2108,0,Chikikiy,chikikiy,13
2108,1,"kib',",kib',13
2109,0,Chikib'a',chikib'a',13
2109,1,kib',kib',13
2109,2,chi,chi,13
2109,3,"tze',",tze',13
2110,0,Konojel,konojel,13
2111,0,Rajawal,rajawal,13
2111,1,Xib'alb'a.,xib'alb'a,13
2112,0,“Xa,xa,13
2112,1,jix,jix,13
2112,2,chi,chi,13
2112,3,ja.,ja,13
2113,0,We,we,13
2113,1,chib'e,chib'e,13
2113,2,ya'oq,ya'oq,13
2114,0,I,i,13
2114,1,"chaj,",chaj,13
2115,0,I,i,13
2115,1,"sik',",sik',13
2116,0,Chi,chi,13
2116,1,"warab'al,”",warab'al,13
2117,0,Xe'uchax,xe'uchax,13
2117,1,k'ut.,k'ut,13
2118,0,K'ate,k'ate,13
2118,1,k'ut,k'ut,13
2118,2,xe'oponik,xe'oponik,13
2118,3,pa,pa,13
2118,4,Q'equ'ma,q'equ'ma,13
2118,5,"Ja,",ja,13
2119,0,U,u,13
2119,1,tukel,tukel,13
2119,2,q'equ'm,q'equ'm,13
2119,3,u,u,13
2119,4,pam,pam,13
2119,5,chi,chi,13
2119,6,ja.,ja,13
2120,0,Ta,ta,13
2120,1,xkik'am,xkik'am,13
2120,2,k'ut,k'ut,13
2120,3,ki,ki,13
2120,4,na'oj,na'oj,13
2120,5,Xib'alb'a:,xib'alb'a,13
2121,0,“Xa,xa,13
2121,1,keqapusu,keqapusu,13
2121,2,chuwe'q.,chuwe'q,13
2122,0,Xa,xa,13
2122,1,lab'e,lab'e,13
2122,2,ju,ju,13
2122,3,"su,",su,13
2123,0,Ju,ju,13
2123,1,su,su,13
2123,2,"kekamik,",kekamik,13
2124,0,Rumal,rumal,13
2124,1,ri,ri,13
2124,2,"qetz'ab'al,",qetz'ab'al,13
2125,0,Ri,ri,13
2125,1,qa,qa,13
2125,2,"cha'jib'al,”",cha'jib'al,13
2126,0,Kecha',kecha',13
2126,1,k'u,k'u,13
2126,2,ri,ri,13
2126,3,Xib'alb'a,xib'alb'a,13
2127,0,Chi,chi,13
2127,1,kib'il,kib'il,13
2127,2,kib'.,kib',13
2128,0,Are',are',13
2128,1,k'u,k'u,13
2128,2,ri,ri,13
2128,3,ki,ki,13
2128,4,"cha'j,",cha'j,13
2129,0,Xa,xa,13
2129,1,k'olok'ik,k'olok'ik,13
2129,2,cha.,cha,13
2130,0,Saqi,saqi,13
2130,1,Toq',toq',13
2130,2,u,u,13
2130,3,b'i',b'i',13
2130,4,ri,ri,13
2130,5,"cha'j,",cha'j,13
2131,0,U,u,13
2131,1,cha'j,cha'j,13
2131,2,Xib'alb'a.,xib'alb'a,13
2132,0,Xa,xa,13
2132,1,juq'ul,juq'ul,13
2132,2,ki,ki,13
2132,3,"cha'j,",cha'j,13
2133,0,Xa,xa,13
2133,1,ju,ju,13
2133,2,suk',suk',13
2133,3,chiyojyox,chiyojyox,13
2133,4,b'aq,b'aq,13
2134,0,Chik'ow,chik'ow,13
2134,1,wi,wi,13
2135,0,Ri,ri,13
2135,1,ki,ki,13
2135,2,cha'j,cha'j,13
2135,3,Xib'alb'a.,xib'alb'a,13
2136,0,Xe'ok,xe'ok,13
2136,1,k'ut,k'ut,13
2137,0,Ri,ri,13
2137,1,Jun,jun,13
2137,2,"Junajpu,",junajpu,13
2138,0,Wuqub',wuqub',13
2138,1,"Junajpu,",junajpu,13
2139,0,Chupan,chupan,13
2139,1,ri,ri,13
2139,2,Q'equ'ma,q'equ'ma,13
2139,3,Ja.,ja,13
2140,0,Ta,ta,13
2140,1,xb'e,xb'e,13
2140,2,k'u,k'u,13
2140,3,ya'oq,ya'oq,13
2140,4,ki,ki,13
2140,5,chaj.,chaj,13
2141,0,Xa,xa,13
2141,1,jun,jun,13
2141,2,chi,chi,13
2141,3,chaj,chaj,13
2141,4,tzijom,tzijom,13
2141,5,chik.,chik,13
2142,0,Xel,xel,13
2142,1,ruk',ruk',13
2142,2,Jun,jun,13
2142,3,"Kame,",kame,13
2143,0,Wuqub',wuqub',13
2143,1,Kame.,kame,13
2144,0,Ruk',ruk',13
2144,1,jujun,jujun,13
2144,2,ki,ki,13
2144,3,"sik',",sik',13
2145,0,Xa,xa,13
2145,1,wi,wi,13
2145,2,tzijom,tzijom,13
2145,3,chik,chik,13
2146,0,Xel,xel,13
2146,1,kuk',kuk',13
2146,2,"ajawab',",ajawab',13
2147,0,Ta,ta,13
2147,1,xb'e,xb'e,13
2147,2,k'u,k'u,13
2147,3,ya'oq,ya'oq,13
2148,0,Kuk',kuk',13
2148,1,ri,ri,13
2148,2,Jun,jun,13
2148,3,"Junajpu,",junajpu,13
2149,0,Wuqub',wuqub',13
2149,1,Junajpu.,junajpu,13
2150,0,E,e,13
2150,1,ch'okoch'oj,ch'okoch'oj,13
2150,2,chi,chi,13
2150,3,uloq,uloq,13
2151,0,Pa,pa,13
2151,1,"q'equ'm,",q'equ'm,13
2152,0,Ta,ta,13
2152,1,xopon,xopon,13
2152,2,ri,ri,13
2152,3,ya'ol,ya'ol,13
2152,4,ki,ki,13
2152,5,"chaj,",chaj,13
2153,0,Ruk',ruk',13
2153,1,ki,ki,13
2153,2,sik'.,sik',13
2154,0,Kajuljut,kajuljut,13
2154,1,ri,ri,13
2154,2,"chaj,",chaj,13
2155,0,Xok,xok,13
2155,1,aponoq.,aponoq,13
2156,0,Ri,ri,13
2156,1,ki,ki,13
2156,2,chaj,chaj,13
2156,3,e,e,13
2156,4,ki,ki,13
2156,5,"tzija,",tzija,13
2157,0,Ri,ri,13
2157,1,jujun,jujun,13
2157,2,ki,ki,13
2157,3,sik'.,sik',13
2158,0,“Je,je,13
2158,1,chul,chul,13
2158,2,ki,ki,13
2158,3,ya',ya',13
2158,4,chi,chi,13
2158,5,"saqirik,",saqirik,13
2159,0,Mawi,mawi,13
2159,1,"chik'isik,",chik'isik,14
2160,0,Xa,xa,14
2160,1,wi,wi,14
2160,2,xere,xere,14
2160,3,u,u,14
2160,4,wach,wach,14
2160,5,chul,chul,14
2160,6,ki,ki,14
2160,7,"molob'a',",molob'a',14
2161,0,Kecha',kecha',14
2161,1,ajawab',ajawab',14
2161,2,"chiwe,”",chiwe,14
2162,0,Xe'uchaxik.,xe'uchaxik,14
2163,0,Xech'akataj,xech'akataj,14
2163,1,k'ut.,k'ut,14
2164,0,Xkik'is,xkik'is,14
2164,1,ri,ri,14
2164,2,"chaj,",chaj,14
2166,0,Tzatz,tzatz,14
2166,1,k'u,k'u,14
2166,2,ri,ri,14
2166,3,u,u,14
2166,4,tijob'al,tijob'al,14
2166,5,"Xib'alb'a,",xib'alb'a,14
2167,0,K'iya,k'iya,14
2167,1,molaj,molaj,14
2167,2,chi,chi,14
2167,3,tijob'al.,tijob'al,14
2168,0,Are',are',14
2168,1,u,u,14
2168,2,nab'e,nab'e,14
2168,3,ri,ri,14
2168,4,Q'equ'ma,q'equ'ma,14
2168,5,"Ja,",ja,14
2169,0,U,u,14
2169,1,tukel,tukel,14
2169,2,q'equ'm,q'equ'm,14
2169,3,u,u,14
2169,4,pam.,pam,14
2170,0,U,u,14
2170,1,kab',kab',14
2170,2,chi,chi,14
2170,3,k'ut,k'ut,14
2170,4,Xuxulim,xuxulim,14
2170,5,Ja,ja,14
2170,6,u,u,14
2170,7,"b'i',",b'i',14
2171,0,Tzatz,tzatz,14
2171,1,chi,chi,14
2171,2,tew,tew,14
2171,3,u,u,14
2171,4,pam.,pam,14
2172,0,Saq,saq,14
2172,1,"xuruxuj,",xuruxuj,14
2173,0,Saq,saq,14
2173,1,k'arak'oj,k'arak'oj,14
2174,0,Chixurulaj,chixurulaj,14
2174,1,"tew,",tew,14
2175,0,Chok,chok,14
2175,1,uloq,uloq,14
2175,2,chupan.,chupan,14
2176,0,Rox,rox,14
2176,1,chi,chi,14
2176,2,k'ut,k'ut,14
2176,3,B'alami,b'alami,14
2176,4,Ja,ja,14
2176,5,u,u,14
2176,6,"b'i',",b'i',14
2177,0,U,u,14
2177,1,tukel,tukel,14
2177,2,b'alam,b'alam,14
2177,3,k'o,k'o,14
2177,4,chupan.,chupan,14
2178,0,"Keq'ichowik,",keq'ichowik,14
2179,0,"Keb'uchuwik,",keb'uchuwik,14
2180,0,Chimatat,chimatat,14
2180,1,ke,ke,14
2181,0,Chiqit'it,chiqit'it,14
2181,1,"ke,",ke,14
2182,0,E,e,14
2182,1,tz'apim,tz'apim,14
2182,2,b'alam,b'alam,14
2183,0,Pa,pa,14
2183,1,ja.,ja,14
2184,0,Sotz'i,sotz'i,14
2184,1,Ja,ja,14
2184,2,u,u,14
2184,3,b'i',b'i',14
2184,4,u,u,14
2184,5,kaj,kaj,14
2184,6,u,u,14
2184,7,"tijob'al,",tijob'al,14
2185,0,U,u,14
2185,1,tukel,tukel,14
2185,2,sotz',sotz',14
2185,3,u,u,14
2185,4,pam.,pam,14
2186,0,Chi,chi,14
2186,1,"ja,",ja,14
2187,0,"Ketz'itz'otik,",ketz'itz'otik,14
2188,0,"Ketz'itilajik,",ketz'itilajik,14
2189,0,Keropop,keropop,14
2190,0,Pa,pa,14
2190,1,ja.,ja,14
2191,0,E,e,14
2191,1,tz'apin,tz'apin,14
2191,2,"sotz',",sotz',14
2192,0,Maja,maja,14
2192,1,b'i,b'i,14
2192,2,ke'el,ke'el,14
2192,3,wi.,wi,14
2193,0,Ro',ro',14
2193,1,chi,chi,14
2193,2,k'ut,k'ut,14
2193,3,Chaim,chaim,14
2193,4,Ja,ja,14
2193,5,u,u,14
2193,6,"b'i',",b'i',14
2194,0,U,u,14
2194,1,tukel,tukel,14
2194,2,cha,cha,14
2194,3,k'o,k'o,14
2194,4,chupan.,chupan,14
2195,0,Saqleloj,saqleloj,14
2196,0,Re,re,14
2196,1,chi,chi,14
2196,2,cha.,cha,14
2197,0,"Chitzininik,",chitzininik,14
2198,0,Chiyojojik,chiyojojik,14
2198,1,chiri',chiri',14
2198,2,pa,pa,14
2198,3,ja.,ja,14
2199,0,K'i,k'i,14
2199,1,nab'ek,nab'ek,14
2199,2,u,u,14
2199,3,tijob'al,tijob'al,14
2199,4,Xib'alb'a.,xib'alb'a,14
2200,0,Ma,ma,14
2200,1,k'u,k'u,14
2200,2,"xe'ok,",xe'ok,14
2201,0,Ri,ri,14
2201,1,Jun,jun,14
2201,2,"Junajpu,",junajpu,14
2202,0,Wuqub',wuqub',14
2202,1,Junajpu,junajpu,14
2202,2,chupan.,chupan,14
2203,0,Xa,xa,14
2203,1,u,u,14
2203,2,b'ixik,b'ixik,14
2203,3,aponoq,aponoq,14
2204,0,U,u,14
2204,1,b'i',b'i',14
2204,2,tijob'al,tijob'al,14
2204,3,ja.,ja,14
2205,0,Ta,ta,14
2205,1,xe'ok,xe'ok,14
2205,2,k'u,k'u,14
2205,3,apanoq,apanoq,14
2205,4,Jun,jun,14
2205,5,"Junajpu,",junajpu,14
2206,0,Wuqub',wuqub',14
2206,1,"Junajpu,",junajpu,14
2207,0,Chuwach,chuwach,14
2207,1,Jun,jun,14
2207,2,"Kame,",kame,14
2208,0,Wuqub',wuqub',14
2208,1,Kame.,kame,14
2209,0,“Apa,apa,14
2209,1,k'o,k'o,14
2209,2,wi,wi,14
2209,3,ri,ri,14
2209,4,nu,nu,14
2209,5,"sik',",sik',14
2210,0,A,a,14
2210,1,on,on,14
2210,2,k'o,k'o,14
2210,3,wi,wi,14
2210,4,ri,ri,14
2210,5,nu,nu,14
2210,6,"chaj,",chaj,14
2211,0,Xb'e,xb'e,14
2211,1,ya'oq,ya'oq,14
2211,2,chiwech,chiwech,14
2211,3,xq'eq?”,xq'eq,14
2211,4,xuchax,xuchax,14
2211,5,k'ut.,k'ut,14
2212,0,“Xqak'iso,xqak'iso,14
2212,1,at,at,14
2212,2,ajaw.”,ajaw,14
2213,0,“Utz,utz,14
2213,1,b'a,b'a,14
2213,2,"la',",la',14
2214,0,Wakamik,wakamik,14
2214,1,b'a,b'a,14
2214,2,"la',",la',14
2215,0,Xk'is,xk'is,14
2215,1,i,i,14
2215,2,"q'ij,",q'ij,14
2216,0,Kixkamik.,kixkamik,14
2217,0,"Xkisachik,",xkisachik,14
2218,0,Xkiqaq'up,xkiqaq'up,14
2218,1,puch.,puch,14
2219,0,Waral,waral,14
2219,1,xchiwewaj,xchiwewaj,14
2219,2,wi,wi,14
2219,3,i,i,14
2219,4,"wach,",wach,14
2220,0,"Kixpusik,”",kixpusik,14
2221,0,Xcha',xcha',14
2221,1,Jun,jun,14
2221,2,"Kame,",kame,14
2222,0,Wuqub',wuqub',14
2222,1,Kame.,kame,14
2223,0,Ta,ta,14
2223,1,xepus,xepus,14
2223,2,"k'ut,",k'ut,14
2224,0,Xemuq,xemuq,14
2224,1,k'ut.,k'ut,14
2225,0,Chi,chi,14
2225,1,Puk'b'al,puk'b'al,14
2225,2,"Cha'j,",cha'j,14
2226,0,U,u,14
2226,1,"b'i',",b'i',14
2227,0,Xemuq,xemuq,14
2227,1,wi.,wi,14
2228,0,Xq'at,xq'at,14
2228,1,u,u,14
2228,2,jolom,jolom,14
2228,3,ri,ri,14
2228,4,Jun,jun,14
2228,5,Junajpu.,junajpu,14
2229,0,Xa,xa,14
2229,1,u,u,14
2229,2,nimal,nimal,14
2229,3,xmuqik,xmuqik,14
2230,0,Ruk',ruk',14
2230,1,ri,ri,14
2230,2,u,u,14
2230,3,chaq'.,chaq',14
2231,0,“Chiya',chiya',14
2231,1,ri,ri,14
2231,2,u,u,14
2231,3,jolom,jolom,14
2231,4,xo'l,xo'l,14
2231,5,che',che',14
2232,0,Ri,ri,14
2232,1,tikil,tikil,14
2232,2,pa,pa,14
2232,3,"b'e,”",b'e,14
2233,0,Xcha',xcha',14
2233,1,k'ut,k'ut,14
2233,2,Jun,jun,14
2233,3,"Kame,",kame,14
2234,0,Wuqub',wuqub',14
2234,1,Kame.,kame,14
2235,0,Ta,ta,14
2235,1,xb'e,xb'e,14
2235,2,k'u,k'u,14
2235,3,ya'oq,ya'oq,14
2235,4,u,u,14
2235,5,jolom,jolom,14
2235,6,xo'l,xo'l,14
2235,7,"che',",che',14
2236,0,Ta,ta,14
2236,1,xwachin,xwachin,14
2236,2,k'u,k'u,14
2236,3,ri,ri,14
2236,4,che'.,che',14
2237,0,Maja,maja,14
2237,1,b'i,b'i,14
2237,2,u,u,14
2237,3,"wach,",wach,14
2239,0,Are',are',14
2239,1,k'u,k'u,14
2239,2,ri,ri,14
2239,3,tzima,tzima,14
2239,4,kojcha',kojcha',14
2239,5,chire,chire,14
2239,6,wakamik.,wakamik,14
2240,0,U,u,14
2240,1,jolom,jolom,14
2240,2,Jun,jun,14
2240,3,Junajpu,junajpu,14
2240,4,chuchaxik.,chuchaxik,14
2241,0,Ta,ta,14
2241,1,xumayijaj,xumayijaj,14
2241,2,k'ut,k'ut,14
2241,3,Jun,jun,14
2241,4,"Kame,",kame,14
2242,0,Wuqub',wuqub',14
2242,1,"Kame,",kame,14
2243,0,U,u,14
2243,1,wach,wach,14
2243,2,ri,ri,14
2243,3,che'.,che',14
2244,0,Jumaj,jumaj,14
2244,1,k'olok'a'q,k'olok'a'q,14
2244,2,u,u,14
2244,3,"wach,",wach,14
2245,0,Ma,ma,14
2245,1,k'u,k'u,14
2245,2,q'alaj,q'alaj,14
2246,0,K'o,k'o,14
2246,1,chi,chi,14
2246,2,wi,wi,14
2246,3,ri,ri,14
2246,4,u,u,14
2246,5,jolom,jolom,14
2246,6,Jun,jun,14
2246,7,Junajpu.,junajpu,14
2247,0,Xa,xa,14
2247,1,junam,junam,14
2247,2,chik,chik,14
2247,3,u,u,14
2247,4,"wach,",wach,14
2248,0,Ruk',ruk',14
2248,1,u,u,14
2248,2,wach,wach,14
2248,3,tzima.,tzima,14
2249,0,Karilo,karilo,14
2249,1,ronojel,ronojel,14
2249,2,"Xib'alb'a,",xib'alb'a,14
2250,0,Ta,ta,14
2250,1,chul,chul,14
2250,2,ki,ki,14
2250,3,ka'yij.,ka'yij,14
2251,0,Nim,nim,14
2251,1,u,u,14
2251,2,k'oje'ik,k'oje'ik,14
2251,3,ri,ri,14
2251,4,"che',",che',14
2252,0,Xux,xux,14
2252,1,chi,chi,14
2252,2,ki,ki,14
2252,3,"k'u'x,",k'u'x,14
2253,0,Rumal,rumal,14
2253,1,ju,ju,14
2253,2,su,su,14
2253,3,"xub'anik,",xub'anik,14
2254,0,Ta,ta,14
2254,1,xok,xok,14
2254,2,u,u,14
2254,3,jolom,jolom,14
2254,4,Jun,jun,14
2254,5,Junajpu,junajpu,14
2254,6,chuxo'l.,chuxo'l,14
2255,0,Xecha',xecha',14
2255,1,k'u,k'u,14
2255,2,ri,ri,14
2255,3,Xib'alb'a,xib'alb'a,14
2256,0,Chi,chi,14
2256,1,kib'il,kib'il,14
2256,2,kib':,kib',14
2257,0,“Ma,ma,14
2257,1,k'o,k'o,14
2257,2,mach'upuwik,mach'upuwik,14
2257,3,ri,ri,14
2257,4,u,u,14
2257,5,"wach,",wach,14
2258,0,Ma,ma,14
2258,1,k'o,k'o,14
2258,2,nay,nay,14
2258,3,pu,pu,14
2258,4,ma,ma,14
2258,5,ok,ok,14
2258,6,apanoq,apanoq,14
2258,7,chuxe',chuxe',14
2258,8,"che',”",che',14
2258,9,xecha'.,xecha',14
2259,0,Xkiq'ataj,xkiq'ataj,14
2259,1,"kib',",kib',14
2260,0,Xkiq'il,xkiq'il,14
2260,1,kib',kib',14
2260,2,Xib'alb'a,xib'alb'a,14
2260,3,konojel.,konojel,14
2261,0,Ma,ma,14
2261,1,k'u,k'u,14
2261,2,q'alaj,q'alaj,14
2261,3,chi,chi,14
2261,4,ri,ri,14
2261,5,u,u,14
2261,6,jolom,jolom,14
2261,7,Jun,jun,14
2261,8,Junajpu.,junajpu,14
2262,0,Xa,xa,14
2262,1,junamatal,junamatal,14
2262,2,chik,chik,14
2262,3,ruk',ruk',14
2262,4,u,u,14
2262,5,wach,wach,14
2262,6,che'.,che',14
2263,0,Ri,ri,14
2263,1,tzima,tzima,14
2263,2,u,u,14
2263,3,b'i',b'i',14
2263,4,xuxik.,xuxik,14
2264,0,Nim,nim,14
2264,1,k'ut,k'ut,14
2264,2,u,u,14
2264,3,tzijoxik,tzijoxik,14
2265,0,Xuta,xuta,14
2265,1,jun,jun,14
2265,2,q'apoj.,q'apoj,14
2266,0,Wa',wa',14
2266,1,k'ute,k'ute,14
2266,2,xchiqab'ij,xchiqab'ij,14
2266,3,roponik.,roponik,14
2267,0,WA',wa',14
2267,1,chi,chi,14
2267,2,k'ute,k'ute,14
2267,3,u,u,14
2267,4,tzijoxik,tzijoxik,14
2268,0,Jun,jun,14
2268,1,"q'apoj,",q'apoj,14
2269,0,U,u,14
2269,1,me'al,me'al,14
2269,2,jun,jun,14
2269,3,"ajaw,",ajaw,14
2270,0,Kuchuma,kuchuma,14
2270,1,Kik',kik',14
2270,2,u,u,14
2270,3,b'i'.,b'i',14
2271,0,ARE',are',14
2271,1,k'ut,k'ut,14
2271,2,ta,ta,14
2271,3,xuta,xuta,14
2272,0,Jun,jun,14
2272,1,"q'apoj,",q'apoj,14
2273,0,U,u,14
2273,1,me'al,me'al,14
2273,2,jun,jun,14
2273,3,ajaw.,ajaw,14
2274,0,Kuchuma,kuchuma,14
2274,1,Kik',kik',14
2274,2,u,u,14
2274,3,b'i',b'i',14
2274,4,u,u,14
2274,5,"qajaw,",qajaw,14
2275,0,Xkik',xkik',14
2275,1,k'ut,k'ut,14
2275,2,u,u,14
2275,3,b'i',b'i',14
2276,0,Ri,ri,14
2276,1,q'apoj.,q'apoj,14
2277,0,Ta,ta,14
2277,1,xuta,xuta,14
2277,2,k'ut,k'ut,14
2277,3,u,u,14
2277,4,tzijoxik,tzijoxik,14
2277,5,ri,ri,14
2277,6,u,u,14
2277,7,wach,wach,14
2277,8,"che',",che',14
2278,0,Ta,ta,14
2278,1,chitzijox,chitzijox,14
2278,2,chik,chik,14
2278,3,rumal,rumal,14
2278,4,u,u,14
2278,5,qajaw.,qajaw,14
2279,0,Chumayijaj,chumayijaj,14
2279,1,k'ut,k'ut,14
2280,0,Ta,ta,14
2280,1,chitzijoxik.,chitzijoxik,14
2281,0,“Ma,ma,14
2281,1,"kina'ojwila',",kina'ojwila',14
2282,0,Ri,ri,14
2282,1,che',che',14
2282,2,kab'ixik?,kab'ixik,14
2283,0,Qitzij,qitzij,14
2283,1,kus,kus,14
2284,0,U,u,14
2284,1,wach,wach,14
2284,2,"kacha',",kacha',14
2285,0,"Kanuta'o,”",kanuta'o,14
2286,0,Xcha',xcha',14
2286,1,k'ut.,k'ut,14
2287,0,K'ate,k'ate,14
2287,1,xb'ek,xb'ek,14
2287,2,xa,xa,14
2287,3,u,u,14
2287,4,"tukel,",tukel,14
2288,0,Xopon,xopon,14
2288,1,k'ut,k'ut,14
2289,0,Chuxe',chuxe',14
2289,1,che',che',14
2289,2,"tikil,",tikil,14
2290,0,Chi,chi,14
2290,1,Puk'b'al,puk'b'al,14
2290,2,Cha'j,cha'j,14
2290,3,tikil,tikil,15
2290,4,wi.,wi,15
2291,0,“Ji'a'!,ji'a',15
2291,1,Naqi,naqi,15
2291,2,pe,pe,15
2291,3,u,u,15
2291,4,wach,wach,15
2291,5,wa'e,wa'e,15
2291,6,che'?,che',15
2292,0,Maki,maki,15
2292,1,pa,pa,15
2292,2,kus,kus,15
2292,3,chiwachin,chiwachin,15
2292,4,wa',wa',15
2292,5,che'?,che',15
2293,0,Ma,ma,15
2293,1,kikam,kikam,15
2293,2,"taj,",taj,15
2294,0,Ma,ma,15
2294,1,kisach,kisach,15
2294,2,taj.,taj,15
2295,0,La,la,15
2295,1,kata,kata,15
2295,2,xchinch'up,xchinch'up,15
2295,3,junoq?”,junoq,15
2296,0,Xcha',xcha',15
2296,1,k'u,k'u,15
2296,2,ri,ri,15
2296,3,q'apoj.,q'apoj,15
2297,0,Ta,ta,15
2297,1,xch'aw,xch'aw,15
2297,2,k'ut,k'ut,15
2297,3,ri,ri,15
2297,4,"b'aq,",b'aq,15
2298,0,K'o,k'o,15
2298,1,ula,ula,15
2298,2,xo'l,xo'l,15
2298,3,che':,che',15
2299,0,“Naqi,naqi,15
2299,1,pa,pa,15
2299,2,karayij,karayij,15
2299,3,chire,chire,15
2299,4,ri'?,ri',15
2301,0,Xcha',xcha',15
2301,1,ri,ri,15
2301,2,u,u,15
2301,3,jolom,jolom,15
2301,4,"Junajpu,",junajpu,15
2302,0,Ta,ta,15
2302,1,xch'awik,xch'awik,15
2302,2,chire,chire,15
2302,3,ri,ri,15
2302,4,q'apoj.,q'apoj,15
2303,0,“Ma,ma,15
2303,1,"karayij,”",karayij,15
2304,0,Xuchaxik.,xuchaxik,15
2305,0,"“Kanurayij,”",kanurayij,15
2306,0,Xcha',xcha',15
2306,1,k'ut,k'ut,15
2306,2,ri,ri,15
2306,3,q'apoj.,q'apoj,15
2307,0,“Utz,utz,15
2307,1,b'a,b'a,15
2307,2,"la',",la',15
2307,3,chalik'ib'a',chalik'ib'a',15
2307,4,uloq,uloq,15
2307,5,ri,ri,15
2307,6,a,a,15
2307,7,"wikiq'ab',",wikiq'ab',15
2308,0,Wila',wila',15
2308,1,"na,”",na,15
2308,2,xcha',xcha',15
2308,3,ri,ri,15
2308,4,b'aq.,b'aq,15
2309,0,"“We',”",we',15
2310,0,Xcha',xcha',15
2310,1,k'u,k'u,15
2310,2,q'apoj.,q'apoj,15
2311,0,Xulik'ib'a',xulik'ib'a',15
2311,1,aq'anoq,aq'anoq,15
2312,0,U,u,15
2312,1,wikiq'ab',wikiq'ab',15
2312,2,chuwach,chuwach,15
2312,3,b'aq.,b'aq,15
2313,0,K'ate,k'ate,15
2313,1,k'ut,k'ut,15
2313,2,"chipitz',",chipitz',15
2314,0,Kab'an,kab'an,15
2314,1,u,u,15
2314,2,chub',chub',15
2314,3,b'aq.,b'aq,15
2315,0,Ta,ta,15
2315,1,xpetik,xpetik,15
2315,2,taqal,taqal,15
2315,3,k'ut,k'ut,15
2316,0,Pu,pu,15
2316,1,q'ab',q'ab',15
2316,2,q'apoj.,q'apoj,15
2317,0,Ta,ta,15
2317,1,xril,xril,15
2317,2,k'ut,k'ut,15
2317,3,u,u,15
2317,4,pu,pu,15
2317,5,"q'ab',",q'ab',15
2318,0,Ju,ju,15
2318,1,suk',suk',15
2318,2,xunik'oj.,xunik'oj,15
2319,0,Ma,ma,15
2319,1,k'u,k'u,15
2319,2,ja,ja,15
2319,3,b'i',b'i',15
2319,4,u,u,15
2319,5,chub',chub',15
2319,6,b'aq,b'aq,15
2319,7,pu,pu,15
2319,8,q'ab'.,q'ab',15
2320,0,“Xa,xa,15
2320,1,retal,retal,15
2320,2,mi,mi,15
2320,3,xnuya',xnuya',15
2320,4,"chawe,",chawe,15
2321,0,Ri,ri,15
2321,1,nu,nu,15
2321,2,"chub',",chub',15
2322,0,Nu,nu,15
2322,1,k'axaj.,k'axaj,15
2323,0,Are',are',15
2323,1,ri,ri,15
2323,2,nu,nu,15
2323,3,jolom,jolom,15
2323,4,maja,maja,15
2323,5,b'i,b'i,15
2323,6,kachoko'n,kachoko'n,15
2323,7,chi,chi,15
2323,8,"wi,",wi,15
2324,0,Xa,xa,15
2324,1,b'aq,b'aq,15
2324,2,maja,maja,15
2324,3,b'i,b'i,15
2324,4,chi,chi,15
2324,5,u,u,15
2324,6,chak.,chak,15
2325,0,Xa,xa,15
2325,1,wi,wi,15
2325,2,keje',keje',15
2325,3,u,u,15
2325,4,jolom,jolom,15
2325,5,we,we,15
2325,6,qi,qi,15
2325,7,nim,nim,15
2325,8,"ajaw,",ajaw,15
2326,0,Xa,xa,15
2326,1,u,u,15
2326,2,tio'jil,tio'jil,15
2326,3,utz,utz,15
2326,4,wi,wi,15
2326,5,u,u,15
2326,6,wach.,wach,15
2327,0,Are',are',15
2327,1,k'ut,k'ut,15
2327,2,ta,ta,15
2327,3,"chikamik,",chikamik,15
2328,0,Chuxib'ij,chuxib'ij,15
2328,1,chi,chi,15
2328,2,rib',rib',15
2328,3,winaq,winaq,15
2328,4,rumal,rumal,15
2328,5,u,u,15
2328,6,b'aqil.,b'aqil,15
2329,0,Keje',keje',15
2329,1,k'ut,k'ut,15
2329,2,xa,xa,15
2329,3,u,u,15
2329,4,"k'ajol,",k'ajol,15
2330,0,Keje',keje',15
2330,1,ri,ri,15
2330,2,u,u,15
2330,3,"chub',",chub',15
2331,0,U,u,15
2331,1,"k'axaj,",k'axaj,15
2332,0,U,u,15
2332,1,k'oje'ik.,k'oje'ik,15
2333,0,We,we,15
2333,1,u,u,15
2333,2,k'ajol,k'ajol,15
2333,3,"ajaw,",ajaw,15
2334,0,We,we,15
2334,1,puch,puch,15
2334,2,u,u,15
2334,3,k'ajol,k'ajol,15
2334,4,"na'ol,",na'ol,15
2335,0,Aj,aj,15
2335,1,"ucha'n,",ucha'n,15
2336,0,Xma,xma,15
2336,1,chisach,chisach,15
2336,2,"wi,",wi,15
2337,0,"Chib'ek,",chib'ek,15
2338,0,Chitz'aqatajik.,chitz'aqatajik,15
2339,0,Mawi,mawi,15
2339,1,"chupel,",chupel,15
2340,0,Ma,ma,15
2340,1,pu,pu,15
2340,2,"ma'ixel,",ma'ixel,15
2341,0,U,u,15
2341,1,wach,wach,15
2341,2,"ajaw,",ajaw,15
2342,0,"Achij,",achij,15
2343,0,"Na'ol,",na'ol,15
2344,0,Aj,aj,15
2344,1,ucha'n.,ucha'n,15
2345,0,Xa,xa,15
2345,1,xichikanajik,xichikanajik,15
2345,2,u,u,15
2345,3,"mi'al,",mi'al,15
2346,0,U,u,15
2346,1,k'ajol.,k'ajol,15
2347,0,Ta,ta,15
2347,1,"chuxoq,",chuxoq,15
2348,0,Keje',keje',15
2348,1,mi,mi,15
2348,2,xnub'an,xnub'an,15
2348,3,chawe.,chawe,15
2349,0,Kataq'an,kataq'an,15
2349,1,k'ut,k'ut,15
2349,2,chila',chila',15
2349,3,chuwach,chuwach,15
2349,4,"ulew,",ulew,15
2350,0,Mawi,mawi,15
2350,1,kakamik.,kakamik,15
2351,0,Katok,katok,15
2351,1,pa,pa,15
2351,2,tzij.,tzij,15
2352,0,Ta,ta,15
2352,1,"chuxoq,”",chuxoq,15
2353,0,Xcha',xcha',15
2353,1,ri,ri,15
2353,2,u,u,15
2353,3,jolom,jolom,15
2353,4,Jun,jun,15
2353,5,"Junajpu,",junajpu,15
2354,0,Wuqub',wuqub',15
2354,1,Junajpu.,junajpu,15
2355,0,Xa,xa,15
2355,1,wi,wi,15
2355,2,ki,ki,15
2355,3,na'oj,na'oj,15
2355,4,ta,ta,15
2355,5,xkib'ano.,xkib'ano,15
2356,0,Are',are',15
2356,1,u,u,15
2356,2,tzij,tzij,15
2357,0,"Juraqan,",juraqan,15
2358,0,Ch'i'pi,ch'i'pi,15
2358,1,"Kaqulja,",kaqulja,15
2359,0,Raxa,raxa,15
2359,1,Kaqulja,kaqulja,15
2359,2,chikech.,chikech,15
2360,0,Keje',keje',15
2360,1,k'u,k'u,15
2360,2,u,u,15
2360,3,tzalijik,tzalijik,15
2360,4,chik,chik,15
2360,5,q'apoj,q'apoj,15
2361,0,Chi,chi,15
2361,1,rochoch.,rochoch,15
2362,0,K'iya,k'iya,15
2362,1,pixab',pixab',15
2363,0,Xb'ix,xb'ix,15
2363,1,chirech.,chirech,15
2364,0,Ju,ju,15
2364,1,su,su,15
2364,2,k'u,k'u,15
2364,3,xwinaqir,xwinaqir,15
2365,0,Ral,ral,15
2365,1,chupan,chupan,15
2366,0,Rumal,rumal,15
2366,1,ri,ri,15
2366,2,xa,xa,15
2366,3,chub'.,chub',15
2367,0,Are',are',15
2367,1,k'ut,k'ut,15
2367,2,ki,ki,15
2367,3,winaqirik,winaqirik,15
2368,0,"Junajpu,",junajpu,15
2369,0,Xb'alanke.,xb'alanke,15
2370,0,Ta,ta,15
2370,1,xopon,xopon,15
2370,2,k'ut,k'ut,15
2370,3,chi,chi,15
2370,4,rochoch,rochoch,15
2370,5,ri,ri,15
2370,6,q'apoj.,q'apoj,15
2371,0,Xtz'aqat,xtz'aqat,15
2371,1,k'ut,k'ut,15
2371,2,waqib',waqib',15
2371,3,"ik',",ik',15
2372,0,Ta,ta,15
2372,1,xnawachil,xnawachil,15
2372,2,rumal,rumal,15
2372,3,u,u,15
2372,4,qajaw.,qajaw,15
2373,0,Ri,ri,15
2373,1,Kuchuma,kuchuma,15
2373,2,Kik',kik',15
2373,3,u,u,15
2373,4,b'i',b'i',15
2373,5,u,u,15
2373,6,qajaw.,qajaw,15
2374,0,K'ATE,k'ate,15
2374,1,puch,puch,15
2374,2,u,u,15
2374,3,natajik,natajik,15
2374,4,q'apoj,q'apoj,15
2374,5,rumal,rumal,15
2374,6,u,u,15
2374,7,"qajaw,",qajaw,15
2375,0,Ta,ta,15
2375,1,xil,xil,15
2375,2,ri,ri,15
2375,3,ral,ral,15
2375,4,k'o,k'o,15
2375,5,chik.,chik,15
2376,0,Ta,ta,15
2376,1,xkikuch,xkikuch,15
2376,2,k'ut,k'ut,15
2377,0,Ki,ki,15
2377,1,na'oj,na'oj,15
2377,2,konojel,konojel,15
2377,3,"ajawab',",ajawab',15
2378,0,Jun,jun,15
2378,1,"Kame,",kame,15
2379,0,Wuqub',wuqub',15
2379,1,Kame,kame,15
2379,2,ruk',ruk',15
2379,3,ri,ri,15
2379,4,Kuchuma,kuchuma,15
2379,5,Kik'.,kik',15
2380,0,“Are',are',15
2380,1,ri,ri,15
2380,2,nu,nu,15
2380,3,me'al,me'al,15
2380,4,k'o,k'o,15
2380,5,chi,chi,15
2380,6,ral,ral,15
2380,7,ix,ix,15
2380,8,"ajawab',",ajawab',15
2381,0,Xa,xa,15
2381,1,u,u,15
2381,2,"joxb'al,”",joxb'al,15
2382,0,Xcha',xcha',15
2382,1,k'u,k'u,15
2382,2,ri,ri,15
2382,3,Kuchuma,kuchuma,15
2382,4,"Kik',",kik',15
2383,0,Ta,ta,15
2383,1,xoponik,xoponik,15
2383,2,kuk',kuk',15
2383,3,ajawab'.,ajawab',15
2384,0,“Utz,utz,15
2384,1,b'a,b'a,15
2384,2,"la',",la',15
2384,3,chak'oto',chak'oto',15
2384,4,u,u,15
2384,5,chi',chi',15
2384,6,ri'.,ri',15
2385,0,Ta,ta,15
2385,1,ma,ma,15
2385,2,"kub'ij,",kub'ij,15
2386,0,Chipus,chipus,15
2386,1,"k'ut,",k'ut,15
2387,0,Chi,chi,15
2387,1,najt,najt,15
2387,2,chib'e,chib'e,15
2387,3,pusu,pusu,15
2387,4,wi.”,wi,15
2388,0,“Utz,utz,15
2388,1,b'a,b'a,15
2388,2,"la',",la',15
2388,3,alaq,alaq,15
2388,4,"ajawab',”",ajawab',15
2389,0,Xcha',xcha',15
2389,1,k'ut.,k'ut,15
2390,0,K'ate,k'ate,15
2390,1,k'ut,k'ut,15
2390,2,xutz'onoj,xutz'onoj,15
2391,0,Chirech,chirech,15
2391,1,u,u,15
2391,2,me'al:,me'al,15
2392,0,“Apa,apa,15
2392,1,aj,aj,15
2392,2,choq'e,choq'e,15
2392,3,ri,ri,15
2392,4,awal,awal,15
2393,0,K'o,k'o,15
2393,1,"chapam,",chapam,15
2394,0,At,at,15
2394,1,nu,nu,15
2394,2,me'al?”,me'al,15
2395,0,Xcha',xcha',15
2395,1,k'ut.,k'ut,15
2396,0,“Maja,maja,15
2396,1,b'i,b'i,15
2396,2,wal,wal,15
2396,3,lal,lal,15
2396,4,nu,nu,15
2396,5,"qajaw,",qajaw,15
2397,0,Maja,maja,15
2397,1,b'i,b'i,15
2397,2,achij,achij,15
2397,3,weta'm,weta'm,15
2397,4,u,u,15
2397,5,"wach,”",wach,15
2397,6,xcha',xcha',15
2397,7,k'ut.,k'ut,15
2398,0,“Utz,utz,15
2398,1,b'a,b'a,15
2398,2,"la',",la',15
2399,0,Qitzij,qitzij,15
2399,1,wi,wi,15
2399,2,chi,chi,15
2399,3,at,at,15
2399,4,joxol,joxol,15
2399,5,ch'ek.”,ch'ek,15
2400,0,"“Chipusu',",chipusu',15
2401,0,Ix,ix,15
2401,1,raj,raj,15
2401,2,pop,pop,15
2401,3,achij.,achij,15
2402,0,Chik'ama',chik'ama',15
2402,1,uloq,uloq,15
2402,2,ri,ri,15
2402,3,u,u,15
2402,4,k'u'x,k'u'x,15
2402,5,chupan,chupan,15
2402,6,"sel,",sel,15
2403,0,Chikitzololej,chikitzololej,15
2403,1,ajawab',ajawab',15
2403,2,"wakamik,”",wakamik,15
2404,0,Xe'uchax,xe'uchax,15
2404,1,k'ut,k'ut,15
2404,2,ri,ri,15
2404,3,tukur.,tukur,15
2405,0,E,e,15
2405,1,kajib'.,kajib',15
2406,0,Ta,ta,15
2406,1,xeb'ek,xeb'ek,15
2406,2,ki,ki,15
2406,3,tik'em,tik'em,15
2406,4,ri,ri,15
2406,5,"sel,",sel,15
2407,0,Ta,ta,15
2407,1,xeb'ek,xeb'ek,15
2407,2,ki,ki,15
2407,3,ch'elem,ch'elem,15
2407,4,ri,ri,15
2407,5,q'apoj.,q'apoj,15
2408,0,Kuk'a'am,kuk'a'am,15
2408,1,ri,ri,15
2408,2,Saqi,saqi,15
2408,3,"Toq',",toq',15
2409,0,Pusb'al,pusb'al,15
2409,1,re.,re,15
2410,0,“Mawi,mawi,15
2410,1,chutzinik,chutzinik,15
2410,2,kinikamisaj,kinikamisaj,15
2410,3,ix,ix,15
2410,4,"samajel,",samajel,15
2411,0,Rumal,rumal,15
2411,1,mawi,mawi,15
2411,2,nu,nu,15
2411,3,joxb'al,joxb'al,15
2412,0,Ri',ri',15
2412,1,k'o,k'o,15
2412,2,chi,chi,15
2412,3,nu,nu,15
2412,4,pam.,pam,15
2413,0,Xaqi,xaqi,15
2413,1,xwinaqirik.,xwinaqirik,15
2414,0,Xere,xere,15
2414,1,xb'e,xb'e,15
2414,2,nu,nu,15
2414,3,mayijaj,mayijaj,15
2414,4,ri,ri,15
2414,5,u,u,15
2414,6,jolom,jolom,15
2414,7,Jun,jun,15
2414,8,"Junajpu,",junajpu,15
2415,0,K'o,k'o,15
2415,1,chi,chi,15
2415,2,Puk'b'al,puk'b'al,16
2415,3,Cha'j.,cha'j,16
2416,0,K'ek'e,k'ek'e,16
2416,1,ta,ta,16
2416,2,"k'ut,",k'ut,16
2417,0,Mawi,mawi,16
2417,1,"kinipus,",kinipus,16
2417,2,ix,ix,16
2417,3,"samajel,”",samajel,16
2418,0,Xcha',xcha',16
2418,1,ri,ri,16
2418,2,q'apoj,q'apoj,16
2419,0,Ta,ta,16
2419,1,xch'awik.,xch'awik,16
2420,0,“Naqi,naqi,16
2420,1,pa,pa,16
2420,2,xchiqakoj,xchiqakoj,16
2421,0,U,u,16
2421,1,k'exel,k'exel,16
2421,2,ri,ri,16
2421,3,i,i,16
2421,4,k'u'x?,k'u'x,16
2422,0,Mi,mi,16
2422,1,xb'ix,xb'ix,16
2422,2,"uloq,",uloq,16
2423,0,Rumal,rumal,16
2423,1,a,a,16
2423,2,qajaw:,qajaw,16
2424,0,‘Chik'am,chik'am,16
2424,1,uloq,uloq,16
2424,2,ri,ri,16
2424,3,u,u,16
2424,4,"k'u'x,",k'u'x,16
2425,0,Xchikitzololej,xchikitzololej,16
2425,1,"ajawab',",ajawab',16
2426,0,Xchikitz'aqix,xchikitz'aqix,16
2426,1,"taj,",taj,16
2427,0,Xchikijunamwachij,xchikijunamwachij,16
2427,1,u,u,16
2427,2,tz'aqik.,tz'aqik,16
2428,0,Chanim,chanim,16
2428,1,chik'ama',chik'ama',16
2428,2,uloq,uloq,16
2428,3,pa,pa,16
2428,4,"sel,",sel,16
2429,0,Chik'olob'a',chik'olob'a',16
2429,1,qajoq,qajoq,16
2429,2,u,u,16
2429,3,k'u'x,k'u'x,16
2429,4,chupan,chupan,16
2429,5,sel.’,sel,16
2430,0,Ma,ma,16
2430,1,pa,pa,16
2430,2,mi,mi,16
2430,3,xojuchax,xojuchax,16
2430,4,uloq?,uloq,16
2431,0,Naqi,naqi,16
2431,1,la',la',16
2431,2,k'ut,k'ut,16
2432,0,Xchiqaya',xchiqaya',16
2432,1,pa,pa,16
2432,2,sel?,sel,16
2433,0,Kaqaj,kaqaj,16
2433,1,ta,ta,16
2433,2,nab'ek,nab'ek,16
2433,3,ma,ma,16
2433,4,ta,ta,16
2433,5,"katkamik,”",katkamik,16
2434,0,Xecha',xecha',16
2434,1,k'u,k'u,16
2434,2,ri,ri,16
2434,3,samajel.,samajel,16
2435,0,“Utz,utz,16
2435,1,b'a,b'a,16
2435,2,"la',",la',16
2435,3,mawi,mawi,16
2435,4,kech,kech,16
2435,5,ri,ri,16
2435,6,k'u'x,k'u'x,16
2435,7,ta,ta,16
2435,8,"chuxoq,",chuxoq,16
2436,0,Ruk',ruk',16
2436,1,mawi,mawi,16
2436,2,waral,waral,16
2436,3,iwochoch,iwochoch,16
2436,4,chuxik.,chuxik,16
2437,0,Ma,ma,16
2437,1,k'u,k'u,16
2437,2,xa,xa,16
2437,3,chichi'j,chichi'j,16
2437,4,winaq,winaq,16
2438,0,Chikamik.,chikamik,16
2439,0,K'ate,k'ate,16
2439,1,qitzij,qitzij,16
2439,2,iwech,iwech,16
2439,3,ri,ri,16
2439,4,qitzij,qitzij,16
2439,5,joxol.,joxol,16
2440,0,K'ate,k'ate,16
2440,1,nay,nay,16
2440,2,pu,pu,16
2440,3,rech,rech,16
2441,0,Jun,jun,16
2441,1,"Kame,",kame,16
2442,0,Wuqub',wuqub',16
2442,1,"Kame,",kame,16
2443,0,Xa,xa,16
2443,1,"kik',",kik',16
2444,0,Xa,xa,16
2444,1,jolomax,jolomax,16
2444,2,rech.,rech,16
2445,0,Ta,ta,16
2445,1,"chuxoq,",chuxoq,16
2446,0,Are',are',16
2446,1,chik'at,chik'at,16
2446,2,chuwach.,chuwach,16
2447,0,Mawi,mawi,16
2447,1,are',are',16
2447,2,ri,ri,16
2447,3,k'u'x,k'u'x,16
2447,4,chik'at,chik'at,16
2447,5,"chuwach,",chuwach,16
2448,0,Ta,ta,16
2448,1,chuxoq.,chuxoq,16
2449,0,Chikojo',chikojo',16
2449,1,ri,ri,16
2449,2,u,u,16
2449,3,wach,wach,16
2449,4,"che',”",che',16
2450,0,Cha',cha',16
2450,1,k'ut,k'ut,16
2450,2,ri,ri,16
2450,3,q'apoj.,q'apoj,16
2451,0,Kaq,kaq,16
2451,1,k'ut,k'ut,16
2451,2,u,u,16
2451,3,wa'l,wa'l,16
2451,4,ri,ri,16
2451,5,che',che',16
2451,6,"xelik,",xelik,16
2452,0,Xk'ol,xk'ol,16
2452,1,pa,pa,16
2452,2,sel.,sel,16
2453,0,K'ate,k'ate,16
2453,1,puch,puch,16
2453,2,xuwon,xuwon,16
2453,3,"rib',",rib',16
2454,0,K'olok'ik,k'olok'ik,16
2454,1,xuxik.,xuxik,16
2455,0,U,u,16
2455,1,k'exel,k'exel,16
2455,2,u,u,16
2455,3,k'u'x,k'u'x,16
2455,4,ta,ta,16
2455,5,yitz',yitz',16
2455,6,chi,chi,16
2455,7,"k'ut,",k'ut,16
2456,0,U,u,16
2456,1,wa'l,wa'l,16
2456,2,kaq,kaq,16
2456,3,che'.,che',16
2457,0,Keje',keje',16
2457,1,ri,ri,16
2457,2,kik',kik',16
2457,3,u,u,16
2457,4,wa'l,wa'l,16
2457,5,che',che',16
2457,6,"xelik,",xelik,16
2458,0,U,u,16
2458,1,k'exel,k'exel,16
2458,2,u,u,16
2458,3,kik'el.,kik'el,16
2459,0,Ta,ta,16
2459,1,xuk'olo,xuk'olo,16
2459,2,chila',chila',16
2459,3,ri,ri,16
2459,4,kik',kik',16
2459,5,"chupan,",chupan,16
2460,0,Ri,ri,16
2460,1,u,u,16
2460,2,wa'l,wa'l,16
2460,3,kaq,kaq,16
2460,4,che'.,che',16
2461,0,Keje',keje',16
2461,1,k'u,k'u,16
2461,2,ri,ri,16
2461,3,kik',kik',16
2461,4,rij,rij,16
2461,5,"xuxik,",xuxik,16
2462,0,Kaqlujluj,kaqlujluj,16
2462,1,chik,chik,16
2462,2,k'olom,k'olom,16
2462,3,chi,chi,16
2462,4,pa,pa,16
2462,5,sel.,sel,16
2463,0,Ta,ta,16
2463,1,xqop,xqop,16
2463,2,k'ut,k'ut,16
2463,3,ri,ri,16
2463,4,che',che',16
2463,5,rumal,rumal,16
2463,6,"q'apoj,",q'apoj,16
2464,0,Chuj,chuj,16
2464,1,Kaq,kaq,16
2464,2,Che',che',16
2464,3,chuchaxik.,chuchaxik,16
2465,0,Are',are',16
2465,1,k'u,k'u,16
2465,2,ri,ri,16
2465,3,kik',kik',16
2465,4,"xub'i'naj,",xub'i'naj,16
2466,0,Rumal,rumal,16
2466,1,kik',kik',16
2466,2,jolomax,jolomax,16
2466,3,chuchaxik.,chuchaxik,16
2467,0,“Chila',chila',16
2467,1,k'ut,k'ut,16
2467,2,kixloq'ox,kixloq'ox,16
2467,3,"wi,",wi,16
2468,0,Chuwach,chuwach,16
2468,1,ulew,ulew,16
2468,2,k'o,k'o,16
2468,3,iwech,iwech,16
2468,4,"chuxik,”",chuxik,16
2469,0,Xcha',xcha',16
2469,1,k'ut,k'ut,16
2470,0,Chike,chike,16
2470,1,ri,ri,16
2470,2,tukur.,tukur,16
2471,0,“Utz,utz,16
2471,1,b'a,b'a,16
2471,2,"la',",la',16
2472,0,At,at,16
2472,1,q'apoj.,q'apoj,16
2473,0,Xqab'e,xqab'e,16
2473,1,b'a,b'a,16
2474,0,Qawab'a',qawab'a',16
2474,1,"aq'anoq,",aq'anoq,16
2475,0,Xa,xa,16
2475,1,qab'in,qab'in,16
2475,2,apanoq,apanoq,16
2475,3,"oj,",oj,16
2476,0,Na,na,16
2476,1,qa,qa,16
2476,2,ya'ix,ya'ix,16
2476,3,taj,taj,16
2477,0,U,u,16
2477,1,wa,wa,16
2477,2,u,u,16
2477,3,k'exewach,k'exewach,16
2477,4,a,a,16
2477,5,k'u'x,k'u'x,16
2478,0,Chikiwach,chikiwach,16
2478,1,"ajawab',”",ajawab',16
2479,0,Xecha',xecha',16
2479,1,k'ut,k'ut,16
2480,0,Ri,ri,16
2480,1,samajel.,samajel,16
2481,0,Ta,ta,16
2481,1,xopon,xopon,16
2481,2,k'ut,k'ut,16
2481,3,chikiwach,chikiwach,16
2481,4,"ajawab',",ajawab',16
2482,0,Ketz'elewachin,ketz'elewachin,16
2482,1,konojel.,konojel,16
2483,0,“Mawi,mawi,16
2483,1,xutzinik?”,xutzinik,16
2484,0,Xcha',xcha',16
2484,1,k'ut,k'ut,16
2484,2,Jun,jun,16
2484,3,Kame.,kame,16
2485,0,“Mi,mi,16
2485,1,"xutzinik,",xutzinik,16
2486,0,Ix,ix,16
2486,1,ajawab'.,ajawab',16
2487,0,Wa',wa',16
2487,1,na,na,16
2487,2,k'u,k'u,16
2487,3,u,u,16
2487,4,k'u'x.,k'u'x,16
2488,0,Xe',xe',16
2488,1,k'o,k'o,16
2488,2,pa,pa,16
2488,3,sel.”,sel,16
2489,0,“Utz,utz,16
2489,1,b'a,b'a,16
2489,2,"la',",la',16
2490,0,Wila',wila',16
2490,1,"k'ut,”",k'ut,16
2491,0,Xcha',xcha',16
2491,1,k'u,k'u,16
2491,2,ri,ri,16
2491,3,Jun,jun,16
2491,4,Kame.,kame,16
2492,0,Ta,ta,16
2492,1,xuchuyej,xuchuyej,16
2492,2,k'u,k'u,16
2492,3,"aq'anoq,",aq'anoq,16
2493,0,Katurur,katurur,16
2493,1,rij,rij,16
2493,2,chi,chi,16
2493,3,"komaj,",komaj,16
2494,0,Kaqlujluj,kaqlujluj,16
2494,1,rij,rij,16
2494,2,chi,chi,16
2494,3,kik'.,kik',16
2495,0,“Utz,utz,16
2495,1,chilu',chilu',16
2495,2,u,u,16
2495,3,wach,wach,16
2495,4,"q'aq',",q'aq',16
2496,0,Chiya',chiya',16
2496,1,chuwi',chuwi',16
2496,2,"q'aq',”",q'aq',16
2496,3,xcha',xcha',16
2496,4,k'ut,k'ut,16
2496,5,Jun,jun,16
2496,6,Kame.,kame,16
2497,0,K'ate,k'ate,16
2497,1,puch,puch,16
2497,2,xkichaqij,xkichaqij,16
2497,3,chuwi',chuwi',16
2497,4,"q'aq',",q'aq',16
2498,0,K'ok',k'ok',16
2498,1,k'ut,k'ut,16
2498,2,xkina',xkina',16
2498,3,Xib'alb'a.,xib'alb'a,16
2499,0,Xek'is,xek'is,16
2499,1,yakataj,yakataj,16
2499,2,uloq,uloq,16
2499,3,"konojel,",konojel,16
2500,0,Xechiqe,xechiqe,16
2500,1,chuwi'.,chuwi',16
2501,0,Qitzij,qitzij,16
2501,1,chi,chi,16
2501,2,kus,kus,16
2501,3,"xkina'o,",xkina'o,16
2502,0,Ri,ri,16
2502,1,u,u,16
2502,2,sib'el,sib'el,16
2502,3,kik'.,kik',16
2503,0,Are',are',16
2503,1,k'ut,k'ut,16
2503,2,e,e,16
2503,3,chiqichoj,chiqichoj,16
2503,4,wi,wi,16
2503,5,"kanoq,",kanoq,16
2504,0,Ta,ta,16
2504,1,xeb'e,xeb'e,16
2504,2,ri,ri,16
2504,3,tukur,tukur,16
2504,4,e,e,16
2504,5,wab'ay,wab'ay,16
2504,6,rech,rech,16
2504,7,q'apoj.,q'apoj,16
2505,0,Xukiya',xukiya',16
2505,1,aq'anoq,aq'anoq,16
2505,2,chi,chi,16
2505,3,jul,jul,16
2505,4,chuwi',chuwi',16
2505,5,ulew.,ulew,16
2506,0,Xtzalij,xtzalij,16
2506,1,chi,chi,16
2506,2,k'u,k'u,16
2506,3,qajoq,qajoq,16
2506,4,ri,ri,16
2506,5,wab'anel.,wab'anel,16
2507,0,Keje',keje',16
2507,1,k'ut,k'ut,16
2507,2,xech'akataj,xech'akataj,16
2507,3,wi,wi,16
2507,4,rajawal,rajawal,16
2507,5,Xib'alb'a.,xib'alb'a,16
2508,0,Ri',ri',16
2508,1,rumal,rumal,16
2508,2,q'apoj,q'apoj,16
2508,3,xemoywachixik,xemoywachixik,16
2508,4,konojel.,konojel,16
2509,0,ARE',are',16
2509,1,k'ute,k'ute,16
2509,2,k'o,k'o,16
2509,3,ri,ri,16
2509,4,u,u,16
2509,5,chuch,chuch,16
2510,0,Jun,jun,16
2510,1,"B'atz',",b'atz',16
2511,0,Jun,jun,16
2511,1,Chowen.,chowen,16
2512,0,Ta,ta,16
2512,1,xul,xul,16
2512,2,ri,ri,16
2512,3,"ixoq,",ixoq,16
2513,0,Xkik',xkik',16
2513,1,u,u,16
2513,2,b'i'.,b'i',16
2514,0,Ta,ta,16
2514,1,xul,xul,16
2514,2,k'ut,k'ut,16
2514,3,ri,ri,16
2514,4,ixoq,ixoq,16
2515,0,Xkik',xkik',16
2516,0,Ruk',ruk',16
2516,1,ri,ri,16
2516,2,u,u,16
2516,3,chuch,chuch,16
2517,0,Jun,jun,16
2517,1,"B'atz',",b'atz',16
2518,0,Jun,jun,16
2518,1,Chowen.,chowen,16
2519,0,Xk'o,xk'o,16
2519,1,loq,loq,16
2519,2,ral,ral,16
2519,3,chupan.,chupan,16
2520,0,Xa,xa,16
2520,1,sqaqi'n,sqaqi'n,16
2520,2,chik,chik,16
2520,3,mawi,mawi,16
2520,4,"keyake'ik,",keyake'ik,16
2521,0,Ri,ri,16
2521,1,"Junajpu,",junajpu,16
2522,0,Xb'alanke,xb'alanke,16
2522,1,ki,ki,16
2522,2,b'i'.,b'i',16
2523,0,Ta,ta,16
2523,1,xul,xul,16
2524,0,K'u,k'u,16
2524,1,ri,ri,16
2524,2,ixoq,ixoq,16
2525,0,Chire,chire,16
2525,1,ri,ri,16
2525,2,ati't.,ati't,16
2526,0,Xcha',xcha',16
2526,1,k'u,k'u,16
2526,2,ri,ri,16
2526,3,ixoq,ixoq,16
2527,0,Chire,chire,16
2527,1,ri,ri,16
2527,2,ati't:,ati't,16
2528,0,“Mi,mi,16
2528,1,"xinulik,",xinulik,16
2529,0,Lal,lal,16
2529,1,chichu'.,chichu',16
2530,0,In,in,16
2530,1,alib',alib',16
2530,2,"la,",la,16
2531,0,In,in,16
2531,1,puch,puch,16
2531,2,alk'u'al,alk'u'al,16
2531,3,"la,",la,16
2532,0,Lal,lal,16
2532,1,"chichu',”",chichu',16
2533,0,Xcha',xcha',16
2533,1,ta,ta,16
2533,2,xok,xok,16
2533,3,uloq,uloq,16
2534,0,Ruk',ruk',16
2534,1,ri,ri,16
2534,2,ati't.,ati't,16
2535,0,“Apa,apa,16
2535,1,katpe,katpe,16
2535,2,wi,wi,16
2535,3,uloq?,uloq,16
2536,0,K'o,k'o,16
2536,1,chi,chi,16
2536,2,pa,pa,16
2536,3,ri,ri,16
2536,4,wal?,wal,16
2537,0,Ma,ma,16
2537,1,pa,pa,16
2537,2,xekamik,xekamik,16
2537,3,chi,chi,16
2537,4,Xib'alb'a?,xib'alb'a,16
2538,0,E,e,16
2538,1,k'u,k'u,16
2538,2,kaib',kaib',16
2538,3,"kanoq,",kanoq,16
2539,0,"Ketal,",ketal,16
2540,0,Ki,ki,16
2540,1,tzijel,tzijel,16
2540,2,"puch,",puch,16
2541,0,Jun,jun,16
2541,1,"B'atz',",b'atz',16
2542,0,Jun,jun,16
2542,1,Chowen,chowen,16
2542,2,ki,ki,16
2542,3,b'i'.,b'i',16
2543,0,We,we,16
2543,1,awila,awila,16
2543,2,katpe,katpe,17
2543,3,"wi,",wi,17
2544,0,Katel,katel,17
2544,1,"ub'ik,”",ub'ik,17
2545,0,Xuchax,xuchax,17
2545,1,ri,ri,17
2545,2,q'apoj,q'apoj,17
2546,0,Rumal,rumal,17
2546,1,ati't.,ati't,17
2547,0,“Xere,xere,17
2547,1,la',la',17
2547,2,qitzij,qitzij,17
2547,3,wi,wi,17
2547,4,chi,chi,17
2547,5,in,in,17
2548,0,Alib',alib',17
2548,1,la.,la,17
2549,0,Xk'o,xk'o,17
2549,1,na,na,17
2549,2,re.,re,17
2550,0,In,in,17
2550,1,k'o,k'o,17
2550,2,wi,wi,17
2550,3,rech,rech,17
2550,4,Jun,jun,17
2550,5,"Junajpu,",junajpu,17
2551,0,Wa',wa',17
2552,0,Wuk'a'am.,wuk'a'am,17
2553,0,E,e,17
2553,1,"k'aslik,",k'aslik,17
2554,0,Mawi,mawi,17
2554,1,e,e,17
2554,2,kaminaq,kaminaq,17
2555,0,Ri,ri,17
2555,1,Jun,jun,17
2555,2,"Junajpu,",junajpu,17
2556,0,Wuqub',wuqub',17
2556,1,Junajpu.,junajpu,17
2557,0,Xa,xa,17
2557,1,u,u,17
2557,2,k'utb'al,k'utb'al,17
2557,3,rib',rib',17
2557,4,saq,saq,17
2558,0,Mi,mi,17
2558,1,xkib'ano,xkib'ano,17
2558,2,lal,lal,17
2558,3,walib'.,walib',17
2559,0,Keje',keje',17
2559,1,k'ut,k'ut,17
2559,2,"iwila',",iwila',17
2560,0,Ta,ta,17
2560,1,chiloq,chiloq,17
2560,2,u,u,17
2560,3,wach,wach,17
2561,0,Ri,ri,17
2561,1,"wuk'a'am,”",wuk'a'am,17
2562,0,Xuchaxik,xuchaxik,17
2562,1,ri,ri,17
2562,2,ati't.,ati't,17
2563,0,Are',are',17
2563,1,k'ut,k'ut,17
2563,2,keq'aq'al,keq'aq'al,17
2563,3,ri,ri,17
2563,4,Jun,jun,17
2563,5,"B'atz',",b'atz',17
2564,0,Jun,jun,17
2564,1,"Chowen,",chowen,17
2565,0,Xa,xa,17
2565,1,"su',",su',17
2566,0,Xa,xa,17
2566,1,b'ix,b'ix,17
2566,2,kakib'ano.,kakib'ano,17
2567,0,Xa,xa,17
2567,1,"tz'ib'anik,",tz'ib'anik,17
2568,0,Xa,xa,17
2568,1,pu,pu,17
2568,2,k'otonik,k'otonik,17
2568,3,ki,ki,17
2568,4,chakij,chakij,17
2568,5,chi,chi,17
2568,6,ju,ju,17
2568,7,ta,ta,17
2568,8,q'ij.,q'ij,17
2569,0,Are',are',17
2569,1,k'ut,k'ut,17
2569,2,ku'b'ul,ku'b'ul,17
2569,3,wi,wi,17
2569,4,u,u,17
2569,5,k'u'x,k'u'x,17
2569,6,ri,ri,17
2569,7,ati't.,ati't,17
2570,0,Xcha',xcha',17
2570,1,chi,chi,17
2570,2,k'ut,k'ut,17
2570,3,"ati't,",ati't,17
2571,0,“Xma,xma,17
2571,1,kawaj,kawaj,17
2571,2,wi.,wi,17
2572,0,At,at,17
2572,1,ta,ta,17
2572,2,walib'.,walib',17
2573,0,Xa,xa,17
2573,1,a,a,17
2573,2,"joxb'al,",joxb'al,17
2574,0,Ri',ri',17
2574,1,k'o,k'o,17
2574,2,chapam.,chapam,17
2575,0,At,at,17
2575,1,k'axtok'.,k'axtok',17
2576,0,Xekam,xekam,17
2576,1,"wi,",wi,17
2577,0,Wal,wal,17
2577,1,"kab'ij,”",kab'ij,17
2578,0,Xcha',xcha',17
2578,1,chi,chi,17
2578,2,k'ut,k'ut,17
2578,3,ri,ri,17
2578,4,ati't.,ati't,17
2579,0,“Qitzij,qitzij,17
2579,1,ib'a,ib'a,17
2579,2,"re,",re,17
2580,0,Wa',wa',17
2580,1,kanub'ij.”,kanub'ij,17
2581,0,“Utz,utz,17
2581,1,b'a,b'a,17
2581,2,"la',",la',17
2582,0,At,at,17
2582,1,walib',walib',17
2582,2,kanuta'o.,kanuta'o,17
2583,0,Jat,jat,17
2583,1,b'a,b'a,17
2583,2,la'.,la',17
2584,0,Ja',ja',17
2584,1,k'ama',k'ama',17
2585,0,Kecha',kecha',17
2585,1,"wi,",wi,17
2586,0,Chikiwa'ej.,chikiwa'ej,17
2587,0,Ja',ja',17
2587,1,jach'a,jach'a,17
2587,2,jun,jun,17
2587,3,chi,chi,17
2587,4,nima,nima,17
2587,5,"k'at,",k'at,17
2588,0,"Chipetik,",chipetik,17
2589,0,At,at,17
2589,1,na,na,17
2589,2,k'u,k'u,17
2589,3,walib',walib',17
2589,4,"kanuta'o,”",kanuta'o,17
2590,0,Xuchax,xuchax,17
2590,1,k'ut,k'ut,17
2590,2,ri,ri,17
2590,3,q'apoj.,q'apoj,17
2591,0,“Utz,utz,17
2591,1,b'a,b'a,17
2591,2,"la',”",la',17
2592,0,Xcha',xcha',17
2592,1,k'ut.,k'ut,17
2593,0,K'ate,k'ate,17
2593,1,puch,puch,17
2593,2,ta,ta,17
2593,3,xb'ek,xb'ek,17
2593,4,pa,pa,17
2593,5,"ab'ix,",ab'ix,17
2594,0,K'o,k'o,17
2594,1,wi,wi,17
2594,2,kab'ix,kab'ix,17
2595,0,Ri,ri,17
2595,1,Jun,jun,17
2595,2,"B'atz',",b'atz',17
2596,0,Jun,jun,17
2596,1,Chowen.,chowen,17
2597,0,Jokam,jokam,17
2598,0,U,u,17
2598,1,b'e'el,b'e'el,17
2598,2,kumal.,kumal,17
2599,0,Xutaqej,xutaqej,17
2599,1,k'ut,k'ut,17
2599,2,"q'apoj,",q'apoj,17
2600,0,Xopon,xopon,17
2600,1,"puch,",puch,17
2601,0,Chiri',chiri',17
2602,0,Pa,pa,17
2602,1,ab'ix.,ab'ix,17
2603,0,Xa,xa,17
2603,1,k'u,k'u,17
2603,2,ju,ju,17
2603,3,wi',wi',17
2603,4,ri,ri,17
2603,5,ab'ix.,ab'ix,17
2604,0,Xma,xma,17
2604,1,k'o,k'o,17
2604,2,chi,chi,17
2604,3,"wi',",wi',17
2605,0,U,u,17
2605,1,ka,ka,17
2605,2,"wi',",wi',17
2606,0,Rox,rox,17
2606,1,wi'.,wi',17
2607,0,Xuwachelam,xuwachelam,17
2607,1,"wi,",wi,17
2608,0,U,u,17
2608,1,wach,wach,17
2608,2,chi,chi,17
2608,3,ju,ju,17
2608,4,wi'.,wi',17
2609,0,Ta,ta,17
2609,1,xk'is,xk'is,17
2609,2,k'ut,k'ut,17
2610,0,U,u,17
2610,1,k'u'x,k'u'x,17
2610,2,ri,ri,17
2610,3,q'apoj.,q'apoj,17
2611,0,“Kila',kila',17
2611,1,in,in,17
2611,2,makol!,makol,17
2612,0,In,in,17
2612,1,k'asb'ol!,k'asb'ol,17
2613,0,Apa,apa,17
2613,1,xchink'am,xchink'am,17
2613,2,wi,wi,17
2613,3,ri,ri,17
2613,4,jun,jun,17
2613,5,k'at,k'at,17
2613,6,echa',echa',17
2614,0,Kab'ixik?”,kab'ixik,17
2614,1,xcha',xcha',17
2614,2,k'ut.,k'ut,17
2615,0,K'ate,k'ate,17
2615,1,puch,puch,17
2615,2,u,u,17
2615,3,sik'ixik,sik'ixik,17
2616,0,Chajal,chajal,17
2616,1,echa',echa',17
2616,2,rumal.,rumal,17
2617,0,"“Tatul,",tatul,17
2617,1,"waloq,",waloq,17
2618,0,"Tatul,",tatul,17
2618,1,tak'aloq,tak'aloq,17
2619,0,"Xtoj,",xtoj,17
2620,0,"Xq'anil,",xq'anil,17
2621,0,"Xkakaw,",xkakaw,17
2622,0,Ix,ix,17
2622,1,pu,pu,17
2622,2,"Tz'i'a,",tz'i'a,17
2623,0,At,at,17
2623,1,chajal,chajal,17
2624,0,Re,re,17
2624,1,kecha',kecha',17
2625,0,Jun,jun,17
2625,1,"B'atz',",b'atz',17
2626,0,Jun,jun,17
2626,1,"Chowen,”",chowen,17
2626,2,xcha',xcha',17
2626,3,ri,ri,17
2626,4,q'apoj.,q'apoj,17
2627,0,Ta,ta,17
2627,1,xuk'am,xuk'am,17
2627,2,k'ut,k'ut,17
2628,0,Ri,ri,17
2628,1,"tzami'y,",tzami'y,17
2629,0,U,u,17
2629,1,tzami'yal,tzami'yal,17
2629,2,u,u,17
2629,3,wi',wi',17
2629,4,"jal,",jal,17
2630,0,Xub'oq,xub'oq,17
2630,1,aq'anoq.,aq'anoq,17
2631,0,Mawi,mawi,17
2631,1,xujach',xujach',17
2631,2,ri,ri,17
2631,3,jal.,jal,17
2632,0,Chikaw,chikaw,17
2632,1,k'ut,k'ut,17
2632,2,ri,ri,17
2632,3,"jal,",jal,17
2633,0,Echa',echa',17
2633,1,pa,pa,17
2633,2,"k'at,",k'at,17
2634,0,Xq'axinik,xq'axinik,17
2634,1,ri,ri,17
2634,2,nima,nima,17
2634,3,k'at.,k'at,17
2635,0,Ta,ta,17
2635,1,xpe,xpe,17
2635,2,k'ut,k'ut,17
2635,3,ri,ri,17
2635,4,"q'apoj,",q'apoj,17
2636,0,Xa,xa,17
2636,1,k'u,k'u,17
2636,2,chikop,chikop,17
2637,0,Xeqan,xeqan,17
2637,1,ri,ri,17
2637,2,k'at.,k'at,17
2638,0,Ta,ta,17
2638,1,"xpetik,",xpetik,17
2639,0,Xb'e,xb'e,17
2639,1,ki,ki,17
2639,2,ya',ya',17
2639,3,u,u,17
2639,4,ko'k.,ko'k,17
2640,0,Xuk'ut,xuk'ut,17
2640,1,ja',ja',17
2640,2,keje',keje',17
2640,3,ri',ri',17
2640,4,reqan.,reqan,17
2641,0,"Xoponik,",xoponik,17
2642,0,Xril,xril,17
2642,1,ri,ri,17
2642,2,ati't.,ati't,17
2643,0,K'ate,k'ate,17
2643,1,puch,puch,17
2643,2,ta,ta,17
2643,3,xril,xril,17
2643,4,ri,ri,17
2643,5,ati't,ati't,17
2643,6,ri,ri,17
2643,7,"echa',",echa',17
2644,0,Jun,jun,17
2644,1,chi,chi,17
2644,2,nima,nima,17
2644,3,k'at.,k'at,17
2645,0,“Apa,apa,17
2645,1,mi,mi,17
2645,2,xpe,xpe,17
2645,3,wi,wi,17
2645,4,ri,ri,17
2645,5,echa',echa',17
2645,6,"awumal,",awumal,17
2646,0,Mi,mi,17
2646,1,xe'elaq'alab'a',xe'elaq'alab'a',17
2646,2,wi?,wi,17
2647,0,We,we,17
2647,1,mi,mi,17
2647,2,xk'is,xk'is,17
2647,3,a,a,17
2647,4,k'am,k'am,17
2647,5,uloq,uloq,17
2647,6,ri,ri,17
2647,7,"qab'ix,",qab'ix,17
2648,0,Chib'e,chib'e,17
2648,1,na,na,17
2648,2,"wila',”",wila',17
2648,3,xcha',xcha',17
2648,4,ri,ri,17
2648,5,ati't.,ati't,17
2649,0,Ta,ta,17
2649,1,xb'e,xb'e,17
2649,2,"puch,",puch,17
2650,0,Xb'e,xb'e,17
2650,1,rila,rila,17
2650,2,ri,ri,17
2650,3,ab'ix.,ab'ix,17
2651,0,Xa,xa,17
2651,1,wi,wi,17
2651,2,xere,xere,17
2651,3,k'o,k'o,17
2651,4,wi,wi,17
2651,5,ri,ri,17
2651,6,ju,ju,17
2651,7,wi',wi',17
2651,8,"ab'ix,",ab'ix,17
2652,0,Xa,xa,17
2652,1,wi,wi,17
2652,2,k'u,k'u,17
2652,3,xere,xere,17
2652,4,q'alaj,q'alaj,17
2652,5,u,u,17
2652,6,k'olib'al,k'olib'al,17
2652,7,k'at,k'at,17
2652,8,chuxe'.,chuxe',17
2653,0,Anim,anim,17
2653,1,chi,chi,17
2653,2,k'ut,k'ut,17
2653,3,xpe,xpe,17
2653,4,ri,ri,17
2653,5,"ati't,",ati't,17
2654,0,Xul,xul,17
2654,1,chi,chi,17
2654,2,k'ut,k'ut,17
2654,3,chi,chi,17
2654,4,rochoch.,rochoch,17
2655,0,Xcha',xcha',17
2655,1,chi,chi,17
2655,2,k'ut,k'ut,17
2656,0,Chire,chire,17
2656,1,ri,ri,17
2656,2,q'apoj:,q'apoj,17
2657,0,“Xere,xere,17
2657,1,wi,wi,17
2657,2,retal,retal,17
2657,3,ri',ri',17
2658,0,Qitzij,qitzij,17
2658,1,wi,wi,17
2658,2,chi,chi,17
2658,3,at,at,17
2658,4,walib'.,walib',17
2659,0,Chiwil,chiwil,17
2659,1,chi,chi,17
2659,2,na,na,17
2660,0,A,a,17
2660,1,b'anoj.,b'anoj,17
2661,0,Ri',ri',17
2661,1,e,e,17
2661,2,k'o,k'o,17
2661,3,ri,ri,17
2661,4,"wi'y,",wi'y,17
2662,0,E,e,17
2662,1,nawinaq,nawinaq,17
2662,2,"chik,”",chik,17
2662,3,xuchax,xuchax,17
2662,4,k'ut,k'ut,17
2662,5,q'apoj.,q'apoj,17
2663,0,ARE',are',17
2663,1,chik,chik,17
2663,2,xchiqatzijoj,xchiqatzijoj,17
2664,0,Kalaxik,kalaxik,17
2665,0,"Junajpu,",junajpu,17
2666,0,Xb'alanke.,xb'alanke,17
2667,0,ARE',are',17
2667,1,k'ut,k'ut,17
2667,2,"kalaxik,",kalaxik,17
2668,0,Wa'e,wa'e,17
2668,1,xchiqab'ij,xchiqab'ij,17
2669,0,Ta,ta,17
2669,1,xuriq,xuriq,17
2669,2,u,u,17
2669,3,q'ij,q'ij,17
2670,0,"Kalaxik,",kalaxik,17
2671,0,Ta,ta,17
2671,1,xalan,xalan,17
2671,2,puch,puch,17
2671,3,ri,ri,17
2671,4,"q'apoj,",q'apoj,17
2672,0,Xkik',xkik',17
2672,1,u,u,17
2672,2,b'i'.,b'i',17
2673,0,Ma,ma,17
2673,1,k'u,k'u,17
2673,2,xuwachij,xuwachij,17
2673,3,"ati't,",ati't,17
2674,0,Ta,ta,17
2674,1,xe'alaxik.,xe'alaxik,17
2675,0,Lib'aj,lib'aj,17
2675,1,chi,chi,17
2675,2,"xeyake'ik,",xeyake'ik,17
2676,0,E,e,17
2676,1,kaib',kaib',17
2676,2,chi,chi,17
2676,3,"kalaxik,",kalaxik,17
2677,0,"Junajpu,",junajpu,17
2678,0,Xb'alanke,xb'alanke,17
2678,1,ki,ki,17
2678,2,b'i'.,b'i',17
2679,0,Pa,pa,17
2679,1,juyub',juyub',17
2679,2,xeyake',xeyake',17
2679,3,"wi,",wi,17
2680,0,Ta,ta,17
2680,1,xe'ok,xe'ok,17
2680,2,k'ut,k'ut,17
2680,3,pa,pa,17
2680,4,ja.,ja,17
2681,0,Ma,ma,17
2681,1,k'u,k'u,17
2681,2,kewarik.,kewarik,17
2682,0,“Je',je',17
2682,1,a,a,17
2682,2,tzaqa,tzaqa,17
2682,3,"uloq,",uloq,17
2683,0,Qitzij,qitzij,17
2683,1,chach,chach,17
2683,2,ki,ki,17
2683,3,"chi',”",chi',17
2684,0,Xcha',xcha',17
2684,1,ri,ri,17
2684,2,ati't.,ati't,17
2685,0,K'ate,k'ate,17
2685,1,k'ut,k'ut,17
2685,2,ta,ta,17
2685,3,xeya',xeya',17
2685,4,pa,pa,17
2685,5,"sanik,",sanik,17
2686,0,Kus,kus,17
2686,1,k'u,k'u,17
2686,2,ki,ki,17
2686,3,waram,waram,17
2686,4,chiri'.,chiri',17
2687,0,Xe'el,xe'el,17
2687,1,chi,chi,18
2687,2,k'u,k'u,18
2687,3,"chiri',",chiri',18
2688,0,Xeya',xeya',18
2688,1,chik,chik,18
2688,2,chuwi',chuwi',18
2688,3,k'ix.,k'ix,18
2689,0,Are',are',18
2689,1,ta,ta,18
2689,2,k'ut,k'ut,18
2689,3,xkaj,xkaj,18
2689,4,Jun,jun,18
2689,5,"B'atz',",b'atz',18
2690,0,Jun,jun,18
2690,1,Chowen:,chowen,18
2691,0,Xekam,xekam,18
2691,1,ta,ta,18
2691,2,chiri',chiri',18
2691,3,pa,pa,18
2691,4,"sanik,",sanik,18
2692,0,Xekam,xekam,18
2692,1,ta,ta,18
2692,2,pu,pu,18
2692,3,chuwi',chuwi',18
2692,4,k'ix.,k'ix,18
2693,0,Xkaj,xkaj,18
2693,1,rumal,rumal,18
2693,2,ki,ki,18
2693,3,"ch'aqimal,",ch'aqimal,18
2694,0,Ki,ki,18
2694,1,kaqwachib'al,kaqwachib'al,18
2694,2,"puch,",puch,18
2695,0,Kumal,kumal,18
2695,1,Jun,jun,18
2695,2,"B'atz',",b'atz',18
2696,0,Jun,jun,18
2696,1,Chowen.,chowen,18
2697,0,Mawi,mawi,18
2697,1,xek'ulax,xek'ulax,18
2697,2,pa,pa,18
2697,3,ja,ja,18
2697,4,kumal,kumal,18
2697,5,ki,ki,18
2697,6,chaq',chaq',18
2697,7,"nab'ek,",nab'ek,18
2698,0,Xa,xa,18
2698,1,mawi,mawi,18
2698,2,keta'm.,keta'm,18
2699,0,Xa,xa,18
2699,1,wi,wi,18
2699,2,k'u,k'u,18
2699,3,pa,pa,18
2699,4,juyub',juyub',18
2699,5,xek'iy,xek'iy,18
2699,6,wi.,wi,18
2700,0,E,e,18
2700,1,k'u,k'u,18
2700,2,nima'q,nima'q,18
2701,0,Aj,aj,18
2701,1,"su',",su',18
2702,0,Aj,aj,18
2702,1,"b'ix,",b'ix,18
2703,0,Ri,ri,18
2703,1,Jun,jun,18
2703,2,"B'atz',",b'atz',18
2704,0,Jun,jun,18
2704,1,Chowen.,chowen,18
2705,0,Xenimaqir,xenimaqir,18
2705,1,"k'ut,",k'ut,18
2706,0,Nima,nima,18
2706,1,"k'axk'ol,",k'axk'ol,18
2707,0,"Ra'il,",ra'il,18
2708,0,Xe'ik'ow,xe'ik'ow,18
2708,1,wi.,wi,18
2709,0,Xek'axk'ob'isaxik.,xek'axk'ob'isaxik,18
2710,0,E,e,18
2710,1,nima'q,nima'q,18
2710,2,eta'manel,eta'manel,18
2710,3,chik,chik,18
2710,4,xe'uxik.,xe'uxik,18
2711,0,Xa,xa,18
2711,1,wi,wi,18
2711,2,xere,xere,18
2711,3,e,e,18
2711,4,aj,aj,18
2711,5,su'.,su',18
2712,0,E,e,18
2712,1,aj,aj,18
2712,2,"b'ix,",b'ix,18
2713,0,E,e,18
2713,1,pu,pu,18
2713,2,aj,aj,18
2713,3,"tz'ib'ab',",tz'ib'ab',18
2714,0,Aj,aj,18
2714,1,k'ot,k'ot,18
2714,2,xe'uxik.,xe'uxik,18
2715,0,Ronojel,ronojel,18
2716,0,Chutzin,chutzin,18
2716,1,kumal.,kumal,18
2717,0,Xa,xa,18
2717,1,xketa'm,xketa'm,18
2717,2,wi,wi,18
2717,3,"xe'alaxik,",xe'alaxik,18
2718,0,Xa,xa,18
2718,1,xenawinaq.,xenawinaq,18
2719,0,E,e,18
2719,1,pu,pu,18
2719,2,u,u,18
2719,3,k'exel,k'exel,18
2720,0,Ki,ki,18
2720,1,qajaw,qajaw,18
2721,0,Ri,ri,18
2721,1,xeb'e,xeb'e,18
2721,2,chi,chi,18
2721,3,Xib'alb'a.,xib'alb'a,18
2722,0,Kaminaq,kaminaq,18
2722,1,wi,wi,18
2722,2,ki,ki,18
2722,3,qajaw.,qajaw,18
2723,0,E,e,18
2723,1,k'u,k'u,18
2723,2,"nima'q,",nima'q,18
2724,0,"Eta'manel,",eta'manel,18
2725,0,Ri,ri,18
2725,1,Jun,jun,18
2725,2,"B'atz',",b'atz',18
2726,0,Jun,jun,18
2726,1,Chowen.,chowen,18
2727,0,Chi,chi,18
2727,1,ki,ki,18
2727,2,k'u'x,k'u'x,18
2728,0,Ronojel,ronojel,18
2728,1,nab'ek,nab'ek,18
2728,2,keta'm.,keta'm,18
2729,0,Ta,ta,18
2729,1,xewinaqir,xewinaqir,18
2730,0,Ri,ri,18
2730,1,ki,ki,18
2730,2,chaq'.,chaq',18
2731,0,Ma,ma,18
2731,1,k'u,k'u,18
2731,2,xel,xel,18
2731,3,apanoq,apanoq,18
2731,4,ki,ki,18
2731,5,"na'wikil,",na'wikil,18
2732,0,Rumal,rumal,18
2732,1,ki,ki,18
2732,2,kaqwachib'al.,kaqwachib'al,18
2733,0,Xa,xa,18
2733,1,chikij,chikij,18
2733,2,xqaj,xqaj,18
2733,3,wi,wi,18
2734,0,U,u,18
2734,1,yoq',yoq',18
2734,2,ki,ki,18
2734,3,k'u'x.,k'u'x,18
2735,0,Mawi,mawi,18
2735,1,b'anoj.,b'anoj,18
2736,0,Xepoysaxik,xepoysaxik,18
2737,0,Kumal,kumal,18
2737,1,ri,ri,18
2737,2,"Junajpu,",junajpu,18
2738,0,Xb'alanke.,xb'alanke,18
2739,0,Xa,xa,18
2739,1,k'u,k'u,18
2739,2,wub'anik,wub'anik,18
2740,0,Chikib'ano,chikib'ano,18
2740,1,ju,ju,18
2740,2,ta,ta,18
2740,3,q'ij.,q'ij,18
2741,0,Mawi,mawi,18
2741,1,keloq'oxik,keloq'oxik,18
2742,0,Rumal,rumal,18
2742,1,ri,ri,18
2742,2,"kati't,",kati't,18
2743,0,Jun,jun,18
2743,1,"B'atz',",b'atz',18
2744,0,Jun,jun,18
2744,1,Chowen.,chowen,18
2745,0,Mawi,mawi,18
2745,1,chiya',chiya',18
2745,2,ki,ki,18
2745,3,"wa,",wa,18
2746,0,Xb'aninaq,xb'aninaq,18
2746,1,wa'im.,wa'im,18
2747,0,Xe,xe,18
2747,1,pu,pu,18
2747,2,wainaq,wainaq,18
2747,3,ri,ri,18
2747,4,Jun,jun,18
2747,5,"B'atz',",b'atz',18
2748,0,Jun,jun,18
2748,1,Chowen,chowen,18
2748,2,ta,ta,18
2748,3,ke'ulik.,ke'ulik,18
2749,0,Ma,ma,18
2749,1,k'u,k'u,18
2749,2,"keq'aq'arik,",keq'aq'arik,18
2750,0,Oyowarik.,oyowarik,18
2751,0,Xa,xa,18
2751,1,chikikuyu.,chikikuyu,18
2752,0,Xere,xere,18
2752,1,keta'm,keta'm,18
2753,0,Ri',ri',18
2753,1,ki,ki,18
2753,2,k'oje'ik.,k'oje'ik,18
2754,0,Keje',keje',18
2754,1,ri,ri,18
2754,2,saq,saq,18
2754,3,kakilo.,kakilo,18
2755,0,Kuk'a'am,kuk'a'am,18
2755,1,k'ut,k'ut,18
2755,2,ki,ki,18
2755,3,tz'ikin,tz'ikin,18
2756,0,Ta,ta,18
2756,1,ke'ulik,ke'ulik,18
2756,2,ju,ju,18
2756,3,ta,ta,18
2756,4,"q'ij,",q'ij,18
2757,0,Chikiti',chikiti',18
2757,1,k'ut,k'ut,18
2757,2,ri,ri,18
2757,3,Jun,jun,18
2757,4,"B'a'tz,",b'a'tz,18
2758,0,Jun,jun,18
2758,1,Chowen.,chowen,18
2759,0,Maja,maja,18
2759,1,b'i,b'i,18
2759,2,naqi,naqi,18
2759,3,la',la',18
2759,4,chiya',chiya',18
2760,0,Chikech,chikech,18
2760,1,ki,ki,18
2760,2,kab',kab',18
2760,3,"ichal,",ichal,18
2761,0,Ri,ri,18
2761,1,"Junajpu,",junajpu,18
2762,0,Xb'alanke.,xb'alanke,18
2763,0,Xa,xa,18
2763,1,k'u,k'u,18
2763,2,"su',",su',18
2764,0,Xa,xa,18
2764,1,pu,pu,18
2764,2,"b'ix,",b'ix,18
2765,0,Chikib'ano,chikib'ano,18
2765,1,Jun,jun,18
2765,2,"B'atz',",b'atz',18
2766,0,Jun,jun,18
2766,1,Chowen.,chowen,18
2767,0,Ta,ta,18
2767,1,xe'ul,xe'ul,18
2767,2,chi,chi,18
2767,3,puch,puch,18
2767,4,ri,ri,18
2767,5,"Junajpu,",junajpu,18
2768,0,Xb'alanke.,xb'alanke,18
2769,0,Maja,maja,18
2769,1,b'i,b'i,18
2769,2,chik,chik,18
2769,3,ki,ki,18
2769,4,tz'ikin,tz'ikin,18
2769,5,"kuk'a'am,",kuk'a'am,18
2770,0,Xe'ok,xe'ok,18
2770,1,uloq.,uloq,18
2771,0,Xq'aq'ar,xq'aq'ar,18
2771,1,k'u,k'u,18
2771,2,ri,ri,18
2771,3,ati't.,ati't,18
2772,0,“Naqi,naqi,18
2772,1,pa,pa,18
2772,2,rumal,rumal,18
2772,3,maja,maja,18
2772,4,b'i,b'i,18
2772,5,chi,chi,18
2772,6,tz'ikin,tz'ikin,18
2773,0,Iwuk'a'am?”,iwuk'a'am,18
2774,0,Xe'uchax,xe'uchax,18
2774,1,k'ut,k'ut,18
2775,0,Ri,ri,18
2775,1,"Junajpu,",junajpu,18
2776,0,Xb'alanke.,xb'alanke,18
2777,0,"“Are',",are',18
2777,1,wi,wi,18
2777,2,ix,ix,18
2777,3,"qati't,",qati't,18
2778,0,Xa,xa,18
2778,1,mi,mi,18
2778,2,xetanatob',xetanatob',18
2778,3,qa,qa,18
2778,4,tz'ikin,tz'ikin,18
2779,0,Chuwi',chuwi',18
2779,1,"che',”",che',18
2780,0,Xcha',xcha',18
2780,1,k'ut.,k'ut,18
2781,0,“Ma,ma,18
2781,1,k'u,k'u,18
2781,2,ja,ja,18
2781,3,b'i,b'i,18
2782,0,Chaq'an,chaq'an,18
2782,1,chuwi',chuwi',18
2782,2,che',che',18
2783,0,"Chikech,",chikech,18
2784,0,Ix,ix,18
2784,1,qati't.,qati't,18
2785,0,Chikaj,chikaj,18
2785,1,ta,ta,18
2785,2,pu,pu,18
2785,3,ri,ri,18
2785,4,qatz,qatz,18
2786,0,Keb'e,keb'e,18
2786,1,ta,ta,18
2786,2,quk'.,quk',18
2787,0,Chib'e,chib'e,18
2787,1,ta,ta,18
2788,0,Ki,ki,18
2788,1,qasaj,qasaj,18
2788,2,uloq,uloq,18
2788,3,ri,ri,18
2788,4,"tz'ikin,”",tz'ikin,18
2788,5,xecha',xecha',18
2788,6,k'ut.,k'ut,18
2789,0,“Utz,utz,18
2789,1,b'a,b'a,18
2789,2,la'.,la',18
2790,0,Kojb'e,kojb'e,18
2790,1,iwuk',iwuk',18
2791,0,"Saqirik,”",saqirik,18
2792,0,Xecha',xecha',18
2792,1,k'u,k'u,18
2792,2,ri,ri,18
2792,3,katz.,katz,18
2793,0,Ta,ta,18
2793,1,xech'akowik.,xech'akowik,18
2794,0,Xk'aminaq,xk'aminaq,18
2794,1,k'ut,k'ut,18
2795,0,Ki,ki,18
2795,1,na'oj,na'oj,18
2795,2,ki,ki,18
2795,3,kab',kab',18
2795,4,ichal,ichal,18
2796,0,Chirech,chirech,18
2796,1,ki,ki,18
2796,2,"ch'akik,",ch'akik,18
2797,0,Jun,jun,18
2797,1,"B'atz',",b'atz',18
2798,0,Jun,jun,18
2798,1,Chowen.,chowen,18
2799,0,“Xa,xa,18
2799,1,qa,qa,18
2799,2,tzolq'omij,tzolq'omij,18
2800,0,Ki,ki,18
2800,1,k'oje'ik.,k'oje'ik,18
2801,0,E,e,18
2801,1,u,u,18
2801,2,pam,pam,18
2801,3,qa,qa,18
2801,4,"tzij,",tzij,18
2802,0,Ta,ta,18
2802,1,chuxoq.,chuxoq,18
2803,0,Rumal,rumal,18
2803,1,nima,nima,18
2803,2,k'axk'ol,k'axk'ol,18
2804,0,Mi,mi,18
2804,1,xkib'an,xkib'an,18
2804,2,chiqe.,chiqe,18
2805,0,Xojkam,xojkam,18
2805,1,"taj,",taj,18
2806,0,Xojsach,xojsach,18
2806,1,taj,taj,18
2806,2,"puch,",puch,18
2807,0,Xkaj,xkaj,18
2807,1,"ri',",ri',18
2808,0,Oj,oj,18
2808,1,ki,ki,18
2808,2,chaq'.,chaq',18
2809,0,Keje',keje',18
2809,1,ri',ri',18
2809,2,ala,ala,18
2809,3,xojpe,xojpe,18
2809,4,wi,wi,18
2809,5,uloq,uloq,18
2809,6,chi,chi,18
2809,7,ki,ki,18
2809,8,"k'u'x,",k'u'x,18
2810,0,Keje',keje',18
2810,1,k'ut,k'ut,18
2810,2,keqachak,keqachak,18
2810,3,wi.,wi,18
2811,0,Xa,xa,18
2811,1,retal,retal,18
2811,2,"chiqab'ano,”",chiqab'ano,18
2812,0,Xecha',xecha',18
2812,1,chi,chi,18
2812,2,kib'il,kib'il,18
2812,3,kib'.,kib',18
2813,0,Ta,ta,18
2813,1,xeb'e,xeb'e,18
2813,2,k'ut,k'ut,18
2814,0,Chila',chila',18
2814,1,chuxe',chuxe',18
2814,2,"che',",che',18
2815,0,Q'an,q'an,18
2815,1,Te',te',18
2815,2,u,u,18
2815,3,"b'i',",b'i',18
2816,0,Kachb'ilan,kachb'ilan,18
2816,1,k'u,k'u,18
2816,2,ri,ri,18
2816,3,katz.,katz,18
2817,0,Ta,ta,18
2817,1,xeb'ek,xeb'ek,18
2817,2,xkitikib'a',xkitikib'a',18
2817,3,chi,chi,18
2817,4,k'ut,k'ut,18
2817,5,wub'anik.,wub'anik,18
2818,0,Mawi,mawi,18
2818,1,ajilan,ajilan,18
2818,2,chi,chi,18
2818,3,tz'ikin,tz'ikin,18
2818,4,chuwi',chuwi',18
2818,5,che'.,che',18
2819,0,"Kech'ititik,",kech'ititik,18
2820,0,Xemayijan,xemayijan,18
2820,1,k'ut,k'ut,18
2820,2,ri,ri,18
2820,3,"katz,",katz,18
2821,0,Ta,ta,18
2821,1,xkil,xkil,18
2821,2,ri,ri,18
2821,3,tz'ikin.,tz'ikin,18
2822,0,Are',are',18
2822,1,k'u,k'u,18
2822,2,ri,ri,18
2822,3,"tz'ikin,",tz'ikin,18
2823,0,Maja,maja,18
2823,1,b'i,b'i,18
2823,2,junoq,junoq,18
2823,3,xqaj,xqaj,18
2823,4,uloq,uloq,18
2823,5,chuxe',chuxe',18
2823,6,che'.,che',18
2824,0,“Ri',ri',18
2824,1,qa,qa,18
2824,2,tz'ikin,tz'ikin,18
2824,3,e,e,18
2824,4,mawi,mawi,18
2824,5,keqaj,keqaj,18
2824,6,uloq.,uloq,18
2825,0,Xa,xa,18
2825,1,jix,jix,18
2825,2,qasaj,qasaj,18
2825,3,"uloq,”",uloq,18
2826,0,Xecha',xecha',18
2826,1,k'ut,k'ut,18
2826,2,chire,chire,18
2826,3,katz.,katz,18
2827,0,“Utz,utz,18
2827,1,b'a,b'a,18
2827,2,"la',”",la',18
2827,3,xecha',xecha',18
2827,4,k'ut.,k'ut,18
2828,0,K'ate,k'ate,18
2828,1,puch,puch,18
2828,2,xe'aq'anik,xe'aq'anik,18
2828,3,chuwi',chuwi',18
2828,4,che'.,che',18
2829,0,Xnimar,xnimar,18
2829,1,k'ut,k'ut,18
2829,2,ri,ri,18
2829,3,"che',",che',18
2830,0,Xsipoj,xsipoj,18
2830,1,u,u,18
2830,2,pam.,pam,18
2831,0,K'ate,k'ate,18
2831,1,k'ut,k'ut,18
2831,2,xeraj,xeraj,18
2831,3,qaj,qaj,18
2831,4,"uloq,",uloq,18
2832,0,Ma,ma,18
2832,1,k'u,k'u,18
2832,2,utz,utz,18
2832,3,chik,chik,18
2832,4,ki,ki,18
2832,5,qajik,qajik,18
2832,6,uloq,uloq,18
2832,7,chuwi',chuwi',18
2832,8,"che',",che',18
2833,0,Jun,jun,18
2833,1,"B'atz',",b'atz',18
2834,0,Jun,jun,19
2834,1,Chowen.,chowen,19
2835,0,Xecha',xecha',19
2835,1,k'u,k'u,19
2835,2,uloq,uloq,19
2835,3,chuwi',chuwi',19
2835,4,che':,che',19
2836,0,“Jupacha,jupacha,19
2836,1,"kojucha'nik,",kojucha'nik,19
2837,0,Ix,ix,19
2837,1,qa,qa,19
2837,2,chaq'?,chaq',19
2838,0,Toq'ob',toq'ob',19
2838,1,qa,qa,19
2838,2,wach.,wach,19
2839,0,Are',are',19
2839,1,ri,ri,19
2839,2,che',che',19
2839,3,kaxib'in,kaxib'in,19
2839,4,chik,chik,19
2839,5,"kaqilo,",kaqilo,19
2840,0,Ix,ix,19
2840,1,qa,qa,19
2840,2,"chaq',”",chaq',19
2841,0,Xecha',xecha',19
2841,1,uloq,uloq,19
2841,2,chuwi',chuwi',19
2841,3,che'.,che',19
2842,0,Xecha',xecha',19
2842,1,k'u,k'u,19
2842,2,ri,ri,19
2843,0,"Junajpu,",junajpu,19
2844,0,Xb'alanke:,xb'alanke,19
2845,0,“Chikira',chikira',19
2845,1,i,i,19
2845,2,"we'x,",we'x,19
2846,0,Chixima',chixima',19
2846,1,xe',xe',19
2846,2,i,i,19
2846,3,pam.,pam,19
2847,0,Najtik,najtik,19
2847,1,u,u,19
2847,2,tza'm,tza'm,19
2848,0,Chijure',chijure',19
2848,1,je',je',19
2848,2,chiwij.,chiwij,19
2849,0,K'ate,k'ate,19
2849,1,k'ut,k'ut,19
2849,2,utz,utz,19
2849,3,i,i,19
2849,4,"b'inik,”",b'inik,19
2850,0,Xe'uchax,xe'uchax,19
2850,1,chik,chik,19
2850,2,kumal,kumal,19
2850,3,ki,ki,19
2850,4,chaq'.,chaq',19
2851,0,"“We',”",we',19
2851,1,xecha',xecha',19
2851,2,"k'ut,",k'ut,19
2852,0,Ta,ta,19
2852,1,xkijurub'a',xkijurub'a',19
2852,2,k'ut,k'ut,19
2852,3,u,u,19
2852,4,tza'm,tza'm,19
2852,5,ki,ki,19
2852,6,to'q.,to'q,19
2853,0,Xa,xa,19
2853,1,pu,pu,19
2853,2,ju,ju,19
2853,3,su,su,19
2853,4,ki,ki,19
2853,5,je',je',19
2853,6,chi,chi,19
2853,7,"xuxik,",xuxik,19
2854,0,Xa,xa,19
2854,1,k'oy,k'oy,19
2854,2,xkiwachib'ej,xkiwachib'ej,19
2854,3,chik.,chik,19
2855,0,K'ate,k'ate,19
2855,1,k'ut,k'ut,19
2855,2,xeb'e,xeb'e,19
2855,3,chuwi',chuwi',19
2855,4,taq,taq,19
2855,5,che',che',19
2856,0,Ch'uti,ch'uti,19
2856,1,"juyub',",juyub',19
2857,0,Nima,nima,19
2857,1,"juyub',",juyub',19
2858,0,Xeb'ek,xeb'ek,19
2858,1,pa,pa,19
2858,2,taq,taq,19
2858,3,k'iche'laj.,k'iche'laj,19
2859,0,Kewojon,kewojon,19
2859,1,"chik,",chik,19
2860,0,Kisiloj,kisiloj,19
2860,1,chik,chik,19
2860,2,chuq'ab',chuq'ab',19
2860,3,taq,taq,19
2860,4,che'.,che',19
2861,0,Keje',keje',19
2861,1,k'ut,k'ut,19
2861,2,ki,ki,19
2861,3,ch'akatajik,ch'akatajik,19
2861,4,Jun,jun,19
2861,5,"B'atz',",b'atz',19
2862,0,Jun,jun,19
2862,1,"Chowen,",chowen,19
2863,0,Kumal,kumal,19
2863,1,"Junajpu,",junajpu,19
2864,0,Xb'alanke.,xb'alanke,19
2865,0,Xa,xa,19
2865,1,rumal,rumal,19
2865,2,ki,ki,19
2865,3,nawal,nawal,19
2866,0,Ta,ta,19
2866,1,xkib'ano.,xkib'ano,19
2867,0,Ta,ta,19
2867,1,xe'opon,xe'opon,19
2868,0,K'ut,k'ut,19
2868,1,chi,chi,19
2868,2,kochoch.,kochoch,19
2869,0,Xecha',xecha',19
2869,1,k'ut.,k'ut,19
2870,0,Xe'oponik,xe'oponik,19
2871,0,Ruk',ruk',19
2871,1,"kati't,",kati't,19
2872,0,Ruk',ruk',19
2872,1,pu,pu,19
2872,2,ki,ki,19
2872,3,chuch.,chuch,19
2873,0,“Ix,ix,19
2873,1,qati't,qati't,19
2873,2,naqi,naqi,19
2873,3,la',la',19
2873,4,mi,mi,19
2873,5,xkik'ulwachij,xkik'ulwachij,19
2873,6,ri,ri,19
2873,7,"qatz,",qatz,19
2874,0,Xa,xa,19
2874,1,rax,rax,19
2874,2,ki,ki,19
2874,3,wach.,wach,19
2875,0,Mi,mi,19
2875,1,xeb'ek,xeb'ek,19
2875,2,keje',keje',19
2875,3,ri',ri',19
2875,4,e,e,19
2875,5,chikop,chikop,19
2875,6,"chik,”",chik,19
2876,0,Xecha',xecha',19
2876,1,k'ut.,k'ut,19
2877,0,“We,we,19
2877,1,naqi,naqi,19
2877,2,la',la',19
2877,3,mi,mi,19
2877,4,xib'an,xib'an,19
2878,0,Chike,chike,19
2878,1,"iwatz,",iwatz,19
2879,0,Mi,mi,19
2879,1,"xiniq'alab'a',",xiniq'alab'a',19
2880,0,Mi,mi,19
2880,1,pu,pu,19
2880,2,xinich'iqib'a'.,xinich'iqib'a',19
2881,0,Ma,ma,19
2881,1,ta,ta,19
2881,2,keje',keje',19
2881,3,xib'an,xib'an,19
2882,0,Chike,chike,19
2882,1,"iwatz,",iwatz,19
2883,0,Ix,ix,19
2883,1,"wi'y,”",wi'y,19
2884,0,Xcha',xcha',19
2884,1,ri,ri,19
2884,2,ati't,ati't,19
2885,0,Chikech,chikech,19
2885,1,"Junajpu,",junajpu,19
2886,0,Xb'alanke.,xb'alanke,19
2887,0,Xecha',xecha',19
2887,1,chi,chi,19
2887,2,k'ut,k'ut,19
2887,3,chire,chire,19
2887,4,kati't:,kati't,19
2888,0,“Mixb'isonik,mixb'isonik,19
2888,1,ix,ix,19
2888,2,qati't.,qati't,19
2889,0,Xchiwil,xchiwil,19
2889,1,chik,chik,19
2890,0,Ki,ki,19
2890,1,wach,wach,19
2891,0,Ri,ri,19
2891,1,qatz.,qatz,19
2892,0,Xke'ulik.,xke'ulik,19
2893,0,Xere,xere,19
2893,1,chi,chi,19
2893,2,k'ut,k'ut,19
2893,3,u,u,19
2893,4,tijowik,tijowik,19
2894,0,Wa',wa',19
2894,1,"chiwe,",chiwe,19
2894,2,ix,ix,19
2894,3,qati't.,qati't,19
2895,0,La,la,19
2895,1,qi,qi,19
2895,2,mixtze'nik.,mixtze'nik,19
2896,0,Qatija',qatija',19
2896,1,na,na,19
2896,2,ki,ki,19
2896,3,"q'ij,”",q'ij,19
2896,4,xecha',xecha',19
2896,5,k'ut.,k'ut,19
2897,0,K'ate,k'ate,19
2897,1,puch,puch,19
2897,2,xkitikib'a',xkitikib'a',19
2897,3,"su'anik,",su'anik,19
2898,0,Junajpu,junajpu,19
2898,1,K'oy,k'oy,19
2898,2,xkisu'aj.,xkisu'aj,19
2899,0,K'ATE,k'ate,19
2899,1,puch,puch,19
2899,2,"xeb'ixanik,",xeb'ixanik,19
2900,0,"Xesu'anik,",xesu'anik,19
2901,0,Xeq'ojomanik.,xeq'ojomanik,19
2902,0,Ta,ta,19
2902,1,u,u,19
2902,2,k'amik,k'amik,19
2902,3,ri,ri,19
2902,4,ki,ki,19
2902,5,"su',",su',19
2903,0,Ki,ki,19
2903,1,q'ojom.,q'ojom,19
2904,0,Ta,ta,19
2904,1,xku'b'e',xku'b'e',19
2904,2,puch,puch,19
2905,0,Ri,ri,19
2905,1,kati't,kati't,19
2905,2,kuk'.,kuk',19
2906,0,Ta,ta,19
2906,1,"xesu'anik,",xesu'anik,19
2907,0,Xesik'ix,xesik'ix,19
2907,1,pa,pa,19
2907,2,"su',",su',19
2908,0,Pa,pa,19
2908,1,b'ix,b'ix,19
2908,2,ta,ta,19
2908,3,xub'i'naj.,xub'i'naj,19
2909,0,Ri,ri,19
2909,1,Junajpu,junajpu,19
2909,2,"K'oy,",k'oy,19
2910,0,U,u,19
2910,1,b'i',b'i',19
2910,2,su'.,su',19
2911,0,Ta,ta,19
2911,1,xe'ok,xe'ok,19
2911,2,k'u,k'u,19
2911,3,uloq,uloq,19
2912,0,Ri,ri,19
2912,1,Jun,jun,19
2912,2,"B'atz',",b'atz',19
2913,0,Jun,jun,19
2913,1,"Chowen,",chowen,19
2914,0,Kexajowik,kexajowik,19
2914,1,ta,ta,19
2914,2,xe'ulik.,xe'ulik,19
2915,0,K'ate,k'ate,19
2915,1,puch,puch,19
2915,2,ta,ta,19
2915,3,xmuqun,xmuqun,19
2915,4,ri,ri,19
2915,5,"ati't,",ati't,19
2916,0,Itzel,itzel,19
2916,1,ki,ki,19
2916,2,wach,wach,19
2916,3,xril,xril,19
2916,4,ati't.,ati't,19
2917,0,Ta,ta,19
2917,1,"xtze'nik,",xtze'nik,19
2918,0,Mawi,mawi,19
2918,1,xukuy,xukuy,19
2918,2,u,u,19
2918,3,tze',tze',19
2918,4,ati't.,ati't,19
2919,0,Xa,xa,19
2919,1,k'u,k'u,19
2919,2,ju,ju,19
2919,3,su,su,19
2919,4,"xeb'ek,",xeb'ek,19
2920,0,Mawi,mawi,19
2920,1,xil,xil,19
2920,2,chikiwach.,chikiwach,19
2921,0,E,e,19
2921,1,"yakatik,",yakatik,19
2922,0,Xeb'e,xeb'e,19
2922,1,pa,pa,19
2922,2,k'eche'laj.,k'eche'laj,19
2923,0,“Naqi,naqi,19
2923,1,pa,pa,19
2923,2,"chib'ano,",chib'ano,19
2924,0,Ix,ix,19
2924,1,qati't?,qati't,19
2925,0,Xa,xa,19
2925,1,kaj,kaj,19
2925,2,mul,mul,19
2925,3,"xchiqatijo,",xchiqatijo,19
2926,0,Xa,xa,19
2926,1,ox,ox,19
2926,2,mul,mul,19
2926,3,chik.,chik,19
2927,0,Xkeqasik'ij,xkeqasik'ij,19
2927,1,pa,pa,19
2927,2,"su',",su',19
2928,0,Pa,pa,19
2928,1,b'ix.,b'ix,19
2929,0,Qi,qi,19
2929,1,chikuyu',chikuyu',19
2929,2,i,i,19
2929,3,tze'.,tze',19
2930,0,Qatija',qatija',19
2930,1,chi,chi,19
2930,2,"na,”",na,19
2931,0,Xecha',xecha',19
2931,1,chik,chik,19
2931,2,"Junajpu,",junajpu,19
2932,0,Xb'alanke.,xb'alanke,19
2933,0,K'ate,k'ate,19
2933,1,xesu'an,xesu'an,19
2933,2,"chik,",chik,19
2934,0,Ta,ta,19
2934,1,xe'ok,xe'ok,19
2934,2,chi,chi,19
2934,3,uloq.,uloq,19
2935,0,Kexajow,kexajow,19
2935,1,"chik,",chik,19
2936,0,Xe'ul,xe'ul,19
2936,1,chik,chik,19
2937,0,Chi,chi,19
2937,1,u,u,19
2937,2,"nik'ajal,",nik'ajal,19
2938,0,U,u,19
2938,1,wa,wa,19
2938,2,ja.,ja,19
2939,0,Xa,xa,19
2939,1,wi,wi,19
2939,2,kukus,kukus,19
2939,3,"kakib'ano,",kakib'ano,19
2940,0,Xa,xa,19
2940,1,wi,wi,19
2940,2,kakitaqchi'j,kakitaqchi'j,19
2941,0,Ri,ri,19
2941,1,kati't,kati't,19
2942,0,Chi,chi,19
2942,1,tze'.,tze',19
2943,0,Lib'aj,lib'aj,19
2943,1,chi,chi,19
2943,2,xtze'n,xtze'n,19
2943,3,chi,chi,19
2944,0,Ri,ri,19
2944,1,kati't.,kati't,19
2945,0,Qitzij,qitzij,19
2945,1,tze'b'al,tze'b'al,19
2945,2,ki,ki,19
2945,3,wach,wach,19
2946,0,Ri,ri,19
2946,1,k'oy.,k'oy,19
2947,0,Chixiririk,chixiririk,19
2947,1,xe',xe',19
2947,2,ki,ki,19
2947,3,"pam,",pam,19
2948,0,Chich'ilita,chich'ilita,19
2948,1,xe',xe',19
2948,2,pu,pu,19
2948,3,chuchi',chuchi',19
2948,4,ki,ki,19
2948,5,k'u'x.,k'u'x,19
2949,0,Ta,ta,19
2949,1,xe'ok,xe'ok,19
2949,2,"uloq,",uloq,19
2950,0,Are',are',19
2950,1,k'ut,k'ut,19
2950,2,k'i,k'i,19
2951,0,Chutze'j,chutze'j,19
2951,1,ati't.,ati't,19
2952,0,K'ate,k'ate,19
2952,1,xeb'e,xeb'e,19
2952,2,chik,chik,19
2952,3,pa,pa,19
2952,4,taq,taq,19
2952,5,juyub'.,juyub',19
2953,0,“Naqi,naqi,19
2953,1,pa,pa,19
2953,2,qi,qi,19
2953,3,chiqab'ano,chiqab'ano,19
2953,4,ix,ix,19
2953,5,qati't?,qati't,19
2954,0,Xere,xere,19
2954,1,chi,chi,19
2954,2,wa',wa',19
2954,3,rox,rox,19
2954,4,mul,mul,19
2954,5,chik,chik,19
2954,6,"xchiqatijo,”",xchiqatijo,19
2955,0,Xcha',xcha',19
2955,1,ri,ri,19
2955,2,"Junajpu,",junajpu,19
2956,0,Xb'alanke.,xb'alanke,19
2957,0,Xesu'an,xesu'an,19
2957,1,"chik,",chik,19
2958,0,Xe'ul,xe'ul,19
2958,1,chik.,chik,19
2959,0,Kexajowik.,kexajowik,19
2960,0,Xa,xa,19
2960,1,k'u,k'u,19
2960,2,chukuyuka',chukuyuka',19
2960,3,u,u,19
2960,4,tze',tze',19
2960,5,ri,ri,19
2960,6,kati't.,kati't,19
2961,0,Xe'aq'an,xe'aq'an,19
2961,1,k'u,k'u,19
2961,2,"uloq,",uloq,19
2962,0,Chukatanaj,chukatanaj,19
2962,1,tz'aq.,tz'aq,19
2963,0,Kaqruxruj,kaqruxruj,19
2963,1,u,u,19
2963,2,"chi',",chi',19
2964,0,Tak,tak,19
2964,1,ki,ki,19
2964,2,"wach,",wach,19
2965,0,Mutzuma'q,mutzuma'q,19
2965,1,ki,ki,19
2965,2,"chi',",chi',19
2966,0,Chik'imal,chik'imal,19
2966,1,ki,ki,19
2966,2,chi'.,chi',19
2967,0,Ki,ki,19
2967,1,wach,wach,19
2967,2,"mak'ama,",mak'ama,19
2968,0,Chikijoq'ij,chikijoq'ij,19
2968,1,chike.,chike,19
2969,0,Ta,ta,19
2969,1,xril,xril,19
2969,2,chi,chi,19
2969,3,k'ut,k'ut,19
2969,4,ri,ri,19
2969,5,"ati't,",ati't,19
2970,0,K'ate,k'ate,19
2970,1,xpoq'olij,xpoq'olij,19
2970,2,chi,chi,19
2970,3,u,u,19
2970,4,tze',tze',19
2970,5,ri,ri,19
2970,6,kati't.,kati't,19
2971,0,Ma,ma,19
2971,1,chi,chi,19
2971,2,k'u,k'u,19
2971,3,xil,xil,19
2971,4,"chikiwach,",chikiwach,19
2972,0,Rumal,rumal,19
2972,1,u,u,19
2972,2,tze'b'al,tze'b'al,19
2972,3,ati't.,ati't,19
2973,0,“Xere,xere,19
2973,1,wi,wi,19
2973,2,k'u,k'u,19
2973,3,wa',wa',19
2973,4,ix,ix,19
2973,5,"qati't,",qati't,19
2974,0,Xkeqapixab'aj,xkeqapixab'aj,19
2974,1,ub'ik.”,ub'ik,19
2975,0,Chu,chu,19
2975,1,kaj,kaj,19
2975,2,mul,mul,19
2975,3,k'ut,k'ut,19
2976,0,Xesu'ax,xesu'ax,19
2976,1,chik.,chik,19
2977,0,Ma,ma,19
2977,1,k'u,k'u,19
2977,2,xe'ul,xe'ul,19
2977,3,chik,chik,19
2978,0,Chu,chu,19
2978,1,kaj,kaj,19
2978,2,mul.,mul,19
2979,0,Ju,ju,19
2979,1,su,su,19
2979,2,xeb'ek,xeb'ek,19
2979,3,pa,pa,19
2979,4,k'eche'laj.,k'eche'laj,19
2980,0,Xecha',xecha',19
2980,1,k'ut,k'ut,19
2980,2,chire,chire,19
2980,3,kati't:,kati't,20
2981,0,“Mi,mi,20
2981,1,k'u,k'u,20
2981,2,xqatijo,xqatijo,20
2981,3,ix,ix,20
2981,4,qati't.,qati't,20
2982,0,Mi,mi,20
2982,1,nab'e,nab'e,20
2982,2,xe'ulik.,xe'ulik,20
2983,0,Mi,mi,20
2983,1,pu,pu,20
2983,2,xqatij,xqatij,20
2983,3,chik,chik,20
2983,4,ki,ki,20
2983,5,sik'ixik.,sik'ixik,20
2984,0,Mixb'ison,mixb'ison,20
2984,1,k'ut.,k'ut,20
2985,0,Oj,oj,20
2985,1,"k'olik,",k'olik,20
2986,0,Oj,oj,20
2986,1,iwi'y.,iwi'y,20
2987,0,Xa,xa,20
2987,1,chiloq'oj,chiloq'oj,20
2987,2,ri,ri,20
2987,3,qa,qa,20
2987,4,"chuch,",chuch,20
2988,0,Ix,ix,20
2988,1,qati't.,qati't,20
2989,0,Kena'b'ax,kena'b'ax,20
2989,1,ri,ri,20
2989,2,"qatz,",qatz,20
2990,0,Ta,ta,20
2990,1,chuxoq.,chuxoq,20
2991,0,Mi,mi,20
2991,1,"xekob'i'k,",xekob'i'k,20
2992,0,Mi,mi,20
2992,1,pu,pu,20
2992,2,xeb'i'najik,xeb'i'najik,20
2993,0,Jun,jun,20
2993,1,"B'atz',",b'atz',20
2994,0,Jun,jun,20
2994,1,"Chowen,",chowen,20
2995,0,"Ke'uchaxik,”",ke'uchaxik,20
2995,1,xecha',xecha',20
2996,0,Ri,ri,20
2996,1,"Junajpu,",junajpu,20
2997,0,Xb'alanke.,xb'alanke,20
2998,0,Xesik'ix,xesik'ix,20
2998,1,k'ut,k'ut,20
2998,2,rumal,rumal,20
2999,0,Ri,ri,20
2999,1,aj,aj,20
2999,2,"su',",su',20
3000,0,Aj,aj,20
3000,1,"b'ix,",b'ix,20
3001,0,Ri,ri,20
3001,1,ojer,ojer,20
3001,2,winaq.,winaq,20
3002,0,Are',are',20
3002,1,puch,puch,20
3002,2,"chusik'ij,",chusik'ij,20
3003,0,Ri,ri,20
3003,1,aj,aj,20
3003,2,"tz'ib',",tz'ib',20
3004,0,Aj,aj,20
3004,1,k'ot.,k'ot,20
3005,0,Ojer,ojer,20
3005,1,"xechikopirik,",xechikopirik,20
3006,0,E,e,20
3006,1,k'oy,k'oy,20
3006,2,"xe'uxik,",xe'uxik,20
3007,0,Rumal,rumal,20
3007,1,xa,xa,20
3007,2,xkinimarisaj,xkinimarisaj,20
3007,3,"kib',",kib',20
3008,0,Xkiyoq',xkiyoq',20
3008,1,ri,ri,20
3008,2,ki,ki,20
3008,3,chaq'.,chaq',20
3009,0,Keje',keje',20
3009,1,wi,wi,20
3009,2,q'alab'il,q'alab'il,20
3009,3,chi,chi,20
3009,4,ki,ki,20
3009,5,"k'u'x,",k'u'x,20
3010,0,Keje',keje',20
3010,1,k'ut,k'ut,20
3010,2,ki,ki,20
3010,3,ma'ixik,ma'ixik,20
3010,4,"ri',",ri',20
3011,0,Ta,ta,20
3011,1,"xesachik,",xesachik,20
3012,0,Ri,ri,20
3012,1,Jun,jun,20
3012,2,"B'atz',",b'atz',20
3013,0,Jun,jun,20
3013,1,Chowen.,chowen,20
3014,0,E,e,20
3014,1,chikop,chikop,20
3014,2,xe'uxik.,xe'uxik,20
3015,0,Are',are',20
3015,1,k'ut,k'ut,20
3015,2,e,e,20
3015,3,"ramaq'elal,",ramaq'elal,20
3016,0,K'o,k'o,20
3016,1,kochoch,kochoch,20
3016,2,chik.,chik,20
3017,0,Xa,xa,20
3017,1,wi,wi,20
3017,2,xere,xere,20
3017,3,e,e,20
3017,4,aj,aj,20
3017,5,"su',",su',20
3018,0,E,e,20
3018,1,aj,aj,20
3018,2,b'ix.,b'ix,20
3019,0,Nim,nim,20
3019,1,chik,chik,20
3019,2,"xkib'ano,",xkib'ano,20
3020,0,Ta,ta,20
3020,1,xek'oje'ik,xek'oje'ik,20
3021,0,Ruk',ruk',20
3021,1,"rati't,",rati't,20
3022,0,Ruk',ruk',20
3022,1,pu,pu,20
3022,2,ki,ki,20
3022,3,chuch.,chuch,20
3023,0,TA,ta,20
3023,1,xkitikib'a',xkitikib'a',20
3023,2,chi,chi,20
3023,3,k'ut,k'ut,20
3023,4,ki,ki,20
3023,5,"b'anoj,",b'anoj,20
3024,0,Ki,ki,20
3024,1,k'utb'al,k'utb'al,20
3024,2,"kib',",kib',20
3025,0,Chuwach,chuwach,20
3025,1,"kati't,",kati't,20
3026,0,Chuwach,chuwach,20
3026,1,pu,pu,20
3026,2,ki,ki,20
3026,3,chuch.,chuch,20
3027,0,Nab'e,nab'e,20
3027,1,xkib'ano,xkib'ano,20
3027,2,ri,ri,20
3027,3,ab'ix.,ab'ix,20
3028,0,“Xa,xa,20
3028,1,"kojab'ixik,",kojab'ixik,20
3029,0,Ix,ix,20
3029,1,"qati't,",qati't,20
3030,0,Ix,ix,20
3030,1,pu,pu,20
3030,2,qa,qa,20
3030,3,"chuch,”",chuch,20
3030,4,xecha'.,xecha',20
3031,0,"“Mixb'isonik,",mixb'isonik,20
3031,1,oj,oj,20
3031,2,"k'olik,",k'olik,20
3032,0,Oj,oj,20
3032,1,iwi'y.,iwi'y,20
3033,0,Oj,oj,20
3033,1,ki,ki,20
3033,2,k'exel,k'exel,20
3034,0,"Qatz,”",qatz,20
3035,0,Xecha',xecha',20
3035,1,k'u,k'u,20
3035,2,ri,ri,20
3035,3,"Junajpu,",junajpu,20
3036,0,Xb'alanke.,xb'alanke,20
3037,0,Ta,ta,20
3037,1,xkik'am,xkik'am,20
3037,2,k'ut,k'ut,20
3037,3,ki,ki,20
3037,4,"kaj,",kaj,20
3038,0,Ki,ki,20
3038,1,mixk'ina',mixk'ina',20
3038,2,ki,ki,20
3038,3,"xokem,",xokem,20
3039,0,Xeb'ek,xeb'ek,20
3039,1,ruk',ruk',20
3039,2,jujun,jujun,20
3040,0,Ki,ki,20
3040,1,wub',wub',20
3040,2,"xkitelej,",xkitelej,20
3041,0,Xe'el,xe'el,20
3041,1,chi,chi,20
3041,2,kochoch.,kochoch,20
3042,0,Ta,ta,20
3042,1,xkipixab',xkipixab',20
3042,2,k'u,k'u,20
3042,3,kati't,kati't,20
3042,4,chire,chire,20
3043,0,U,u,20
3043,1,ya'ik,ya'ik,20
3043,2,ki,ki,20
3043,3,wa.,wa,20
3044,0,“Chitik'oj,chitik'oj,20
3044,1,na,na,20
3044,2,q'ij,q'ij,20
3045,0,Chib'e,chib'e,20
3045,1,ya',ya',20
3045,2,qa,qa,20
3045,3,wa,wa,20
3046,0,Ix,ix,20
3046,1,"qati't,”",qati't,20
3046,2,xecha'.,xecha',20
3047,0,“Utz,utz,20
3047,1,b'a,b'a,20
3047,2,la',la',20
3047,3,ix,ix,20
3047,4,"wi'y,”",wi'y,20
3048,0,Xcha',xcha',20
3048,1,k'ut,k'ut,20
3048,2,ri,ri,20
3048,3,kati't.,kati't,20
3049,0,K'ate,k'ate,20
3049,1,k'ut,k'ut,20
3049,2,xe'opon,xe'opon,20
3049,3,"chiri',",chiri',20
3050,0,Ke'ab'ix,ke'ab'ix,20
3050,1,wi.,wi,20
3051,0,Xa,xa,20
3051,1,qi,qi,20
3051,2,xkich'ikib'a',xkich'ikib'a',20
3051,3,ri,ri,20
3051,4,mixk'ina',mixk'ina',20
3051,5,pu,pu,20
3051,6,"ulew,",ulew,20
3052,0,Xa,xa,20
3052,1,k'u,k'u,20
3052,2,qi,qi,20
3052,3,chitajin,chitajin,20
3052,4,ri,ri,20
3052,5,mixk'ina',mixk'ina',20
3052,6,pu,pu,20
3052,7,"ulew,",ulew,20
3053,0,Xa,xa,20
3053,1,k'u,k'u,20
3053,2,qi,qi,20
3053,3,chitajin,chitajin,20
3053,4,ri,ri,20
3053,5,mixk'ina',mixk'ina',20
3053,6,chutukel.,chutukel,20
3054,0,Are',are',20
3054,1,k'u,k'u,20
3054,2,ri,ri,20
3054,3,"ikaj,",ikaj,20
3055,0,Xa,xa,20
3055,1,wi,wi,20
3055,2,chikich'ikib'a',chikich'ikib'a',20
3055,3,chutolok',chutolok',20
3055,4,"che',",che',20
3056,0,Xa,xa,20
3056,1,wi,wi,20
3056,2,chuq'ab',chuq'ab',20
3056,3,rib',rib',20
3056,4,che',che',20
3056,5,chib'ek.,chib'ek,20
3057,0,"Chilajajik,",chilajajik,20
3058,0,Chib'ek,chib'ek,20
3059,0,Ronojel,ronojel,20
3059,1,"che',",che',20
3060,0,K'a'am.,k'a'am,20
3061,0,Kaqchakachoj,kaqchakachoj,20
3061,1,chik,chik,20
3062,0,Chiq'atoj,chiq'atoj,20
3062,1,che'.,che',20
3063,0,Chub'an,chub'an,20
3063,1,ri,ri,20
3063,2,xa,xa,20
3063,3,juna,juna,20
3063,4,ikaj.,ikaj,20
3064,0,Are',are',20
3064,1,k'u,k'u,20
3064,2,ri,ri,20
3064,3,mixk'ina',mixk'ina',20
3064,4,tzatz,tzatz,20
3064,5,"chiq'upuj,",chiq'upuj,20
3065,0,Mawi,mawi,20
3065,1,ajilan,ajilan,20
3065,2,tum,tum,20
3065,3,k'ixik,k'ixik,20
3065,4,kub'an,kub'an,20
3065,5,ri,ri,20
3065,6,xa,xa,20
3065,7,jun,jun,20
3065,8,chi,chi,20
3065,9,"mixk'ina',",mixk'ina',20
3066,0,Mawi,mawi,20
3066,1,ajilan,ajilan,20
3066,2,q'upuj.,q'upuj,20
3067,0,Xa,xa,20
3067,1,ch'uti,ch'uti,20
3067,2,"juyub',",juyub',20
3068,0,Nima,nima,20
3068,1,juyub',juyub',20
3068,2,kab'ek.,kab'ek,20
3069,0,Ta,ta,20
3069,1,xkipixab'aj,xkipixab'aj,20
3069,2,k'ut,k'ut,20
3069,3,jun,jun,20
3069,4,"chikop,",chikop,20
3070,0,Xmukur,xmukur,20
3070,1,u,u,20
3070,2,b'i'.,b'i',20
3071,0,Xkit'uyub'a',xkit'uyub'a',20
3071,1,aq'anoq,aq'anoq,20
3072,0,Chuwi',chuwi',20
3072,1,nima,nima,20
3072,2,kuta'm.,kuta'm,20
3073,0,Xecha',xecha',20
3073,1,k'ut,k'ut,20
3073,2,"Junajpu,",junajpu,20
3074,0,Xb'alanke:,xb'alanke,20
3075,0,“Xa,xa,20
3075,1,chawil,chawil,20
3075,2,ri,ri,20
3075,3,qati't,qati't,20
3075,4,chipetik,chipetik,20
3075,5,ya'ol,ya'ol,20
3075,6,qa,qa,20
3075,7,"wa,",wa,20
3076,0,Ju,ju,20
3076,1,su,su,20
3076,2,katoq'ik,katoq'ik,20
3076,3,ta,ta,20
3076,4,petoq.,petoq,20
3077,0,K'ate,k'ate,20
3077,1,k'ut,k'ut,20
3077,2,chiqachap,chiqachap,20
3077,3,ri,ri,20
3077,4,"mixk'ina',",mixk'ina',20
3078,0,Ruk',ruk',20
3078,1,ikaj.”,ikaj,20
3079,0,“Utz,utz,20
3079,1,b'a,b'a,20
3079,2,"la',”",la',20
3080,0,Xcha',xcha',20
3080,1,k'u,k'u,20
3080,2,ri,ri,20
3080,3,xmukur.,xmukur,20
3081,0,Are',are',20
3081,1,k'ut,k'ut,20
3081,2,xa,xa,20
3081,3,wub'anik,wub'anik,20
3081,4,chikib'ano.,chikib'ano,20
3082,0,Ma,ma,20
3082,1,na,na,20
3082,2,qitzij,qitzij,20
3082,3,ab'ixik,ab'ixik,20
3082,4,ta,ta,20
3082,5,chikib'ano.,chikib'ano,20
3083,0,K'ate,k'ate,20
3083,1,puch,puch,20
3083,2,choq',choq',20
3083,3,ri,ri,20
3083,4,"xmukur,",xmukur,20
3084,0,Anim,anim,20
3084,1,k'ut,k'ut,20
3084,2,kepetik.,kepetik,20
3085,0,Jun,jun,20
3085,1,chichapo,chichapo,20
3085,2,"mixk'ina',",mixk'ina',20
3086,0,Jun,jun,20
3086,1,k'ut,k'ut,20
3086,2,chichapow,chichapow,20
3086,3,ri,ri,20
3086,4,ikaj.,ikaj,20
3087,0,Chikipisla,chikipisla,20
3087,1,ki,ki,20
3087,2,"wi',",wi',20
3088,0,Xaloq',xaloq',20
3088,1,chub'aqala',chub'aqala',20
3088,2,ulew,ulew,20
3088,3,pu,pu,20
3088,4,q'ab'.,q'ab',20
3089,0,Ri,ri,20
3089,1,jun,jun,20
3089,2,xa,xa,20
3089,3,keje',keje',20
3089,4,chutz'iloj,chutz'iloj,20
3089,5,u,u,20
3089,6,"wach,",wach,20
3090,0,Keje',keje',20
3090,1,ri',ri',20
3090,2,qitzij,qitzij,20
3090,3,ab'ixom.,ab'ixom,20
3091,0,Are',are',20
3091,1,k'u,k'u,20
3091,2,ri,ri,20
3091,3,jun,jun,20
3091,4,chik,chik,20
3091,5,xaloq',xaloq',20
3091,6,chupuk'ij,chupuk'ij,20
3091,7,u,u,20
3091,8,web'al,web'al,20
3091,9,che',che',20
3091,10,pu,pu,20
3091,11,"jolom,",jolom,20
3092,0,Keje',keje',20
3092,1,wi,wi,20
3092,2,ri',ri',20
3092,3,qitzij,qitzij,20
3092,4,q'atoj,q'atoj,20
3092,5,che'nel.,che'nel,20
3093,0,Ta,ta,20
3093,1,xil,xil,20
3093,2,rumal,rumal,20
3093,3,"kati't,",kati't,20
3094,0,K'ate,k'ate,20
3094,1,k'ut,k'ut,20
3094,2,kewa'ik.,kewa'ik,20
3095,0,Ma,ma,20
3095,1,qitzij,qitzij,20
3095,2,ab'ixik,ab'ixik,20
3095,3,chikib'ano.,chikib'ano,20
3096,0,Xaloq',xaloq',20
3096,1,chib'e,chib'e,20
3096,2,ya'oq,ya'oq,20
3096,3,ki,ki,20
3096,4,wa.,wa,20
3097,0,Ta,ta,20
3097,1,xeb'e,xeb'e,20
3097,2,k'ut,k'ut,20
3097,3,chi,chi,20
3097,4,kochoch.,kochoch,20
3098,0,“Qitzij,qitzij,20
3098,1,mi,mi,20
3098,2,"xojkosik,",xojkosik,20
3099,0,Ix,ix,20
3099,1,"qati't,”",qati't,20
3100,0,Kecha',kecha',20
3100,1,ke'oponik.,ke'oponik,20
3101,0,Xaloq',xaloq',20
3101,1,"chikikikij,",chikikikij,20
3102,0,Chikiyuq,chikiyuq,20
3102,1,"puch,",puch,20
3103,0,"Kaqan,",kaqan,20
3104,0,Ki,ki,20
3104,1,q'ab',q'ab',20
3104,2,chuwach,chuwach,20
3104,3,kati't.,kati't,20
3105,0,Ta,ta,20
3105,1,xeb'e,xeb'e,20
3105,2,chi,chi,20
3105,3,k'ut,k'ut,20
3105,4,chu,chu,20
3105,5,ka,ka,20
3105,6,"q'ij,",q'ij,20
3106,0,Xe'opon,xe'opon,20
3106,1,k'ut,k'ut,20
3106,2,pa,pa,20
3106,3,kab'ix.,kab'ix,20
3107,0,K'is,k'is,20
3107,1,yakatajinaq,yakatajinaq,20
3107,2,chik,chik,20
3107,3,ronojel,ronojel,20
3107,4,"che',",che',20
3108,0,K'a'am.,k'a'am,20
3110,0,Ta,ta,20
3110,1,xe'oponik.,xe'oponik,20
3111,0,“Apachinaq,apachinaq,20
3111,1,kojmich'owik?”,kojmich'owik,20
3112,0,Xecha',xecha',20
3112,1,k'ut.,k'ut,20
3113,0,Are',are',20
3113,1,k'ut,k'ut,20
3113,2,keb'anow,keb'anow,20
3113,3,ri,ri,20
3113,4,ronojel,ronojel,20
3113,5,ch'uti,ch'uti,20
3113,6,"chikop,",chikop,20
3114,0,Nima,nima,20
3114,1,chikop:,chikop,20
3115,0,"Koj,",koj,20
3116,0,"B'alam,",b'alam,20
3117,0,"Kej,",kej,20
3118,0,"Umul,",umul,20
3119,0,"Yak,",yak,20
3120,0,"Utiw,",utiw,20
3121,0,"Aq,",aq,20
3122,0,"Sis,",sis,20
3123,0,Ch'uti,ch'uti,20
3123,1,"tz'ikin,",tz'ikin,20
3124,0,Nima,nima,20
3124,1,tz'ikin.,tz'ikin,20
3125,0,Are',are',20
3125,1,"xeb'anowik,",xeb'anowik,20
3126,0,Xa,xa,21
3126,1,jun,jun,21
3126,2,aq'ab',aq'ab',21
3126,3,xkib'ano.,xkib'ano,21
3127,0,K'ate,k'ate,21
3127,1,chi,chi,21
3127,2,k'ut,k'ut,21
3127,3,xkitikib'a',xkitikib'a',21
3127,4,chik,chik,21
3127,5,ab'ixik.,ab'ixik,21
3128,0,Xa,xa,21
3128,1,wi,wi,21
3128,2,xub'an,xub'an,21
3128,3,chi,chi,21
3128,4,rib',rib',21
3128,5,"ulew,",ulew,21
3129,0,Ruk',ruk',21
3129,1,q'atoj,q'atoj,21
3129,2,che'.,che',21
3130,0,Ta,ta,21
3130,1,xk'am,xk'am,21
3130,2,chi,chi,21
3130,3,k'u,k'u,21
3130,4,ki,ki,21
3130,5,na'oj,na'oj,21
3130,6,chiri',chiri',21
3130,7,pa,pa,21
3130,8,q'atoj,q'atoj,21
3130,9,"che',",che',21
3131,0,Pa,pa,21
3131,1,q'upuj,q'upuj,21
3131,2,puch.,puch,21
3133,0,Ana,ana,21
3133,1,wi,wi,21
3133,2,chi,chi,21
3133,3,na,na,21
3133,4,kab'ano,kab'ano,21
3133,5,"ulo,",ulo,21
3134,0,Laqi,laqi,21
3134,1,ta,ta,21
3134,2,"chiqariqo,”",chiqariqo,21
3135,0,Xecha',xecha',21
3135,1,k'ut.,k'ut,21
3136,0,Ta,ta,21
3136,1,xk'am,xk'am,21
3136,2,ki,ki,21
3136,3,na'oj.,na'oj,21
3137,0,Xe'opon,xe'opon,21
3137,1,chi,chi,21
3137,2,k'ut,k'ut,21
3137,3,chi,chi,21
3137,4,ja.,ja,21
3139,0,Nima,nima,21
3139,1,k'im,k'im,21
3139,2,"chik,",chik,21
3140,0,Nima,nima,21
3140,1,k'eche'laj,k'eche'laj,21
3140,2,chi,chi,21
3140,3,"puch,",puch,21
3141,0,Ri,ri,21
3141,1,"qab'ix,",qab'ix,21
3142,0,Ta,ta,21
3142,1,xojopon,xojopon,21
3142,2,mier,mier,21
3142,3,ix,ix,21
3142,4,"qati't,”",qati't,21
3143,0,Xecha',xecha',21
3143,1,k'ut,k'ut,21
3143,2,chire,chire,21
3143,3,"kati't,",kati't,21
3144,0,Chire,chire,21
3144,1,pu,pu,21
3144,2,ki,ki,21
3144,3,chuch.,chuch,21
3145,0,“Xkojb'e,xkojb'e,21
3145,1,"k'ut,",k'ut,21
3146,0,"Xchiqawaraj,",xchiqawaraj,21
3147,0,Rumal,rumal,21
3147,1,mawi,mawi,21
3147,2,utz,utz,21
3147,3,kab'an,kab'an,21
3147,4,"chiqe,”",chiqe,21
3148,0,Xecha'.,xecha',21
3149,0,K'ate,k'ate,21
3149,1,k'ut,k'ut,21
3149,2,"xeb'atz'onik,",xeb'atz'onik,21
3150,0,K'ate,k'ate,21
3150,1,k'ut,k'ut,21
3150,2,ki,ki,21
3150,3,b'ik,b'ik,21
3150,4,chik,chik,21
3150,5,pa,pa,21
3150,6,ki,ki,21
3150,7,q'atoj,q'atoj,21
3150,8,che'.,che',21
3151,0,Chiri',chiri',21
3151,1,k'ut,k'ut,21
3151,2,xematzeje',xematzeje',21
3151,3,"wi,",wi,21
3152,0,E,e,21
3152,1,muqumuxinaq,muqumuxinaq,21
3152,2,chik,chik,21
3152,3,chiri'.,chiri',21
3154,0,Xa,xa,21
3154,1,jun,jun,21
3154,2,xkisep,xkisep,21
3154,3,wi,wi,21
3154,4,"kib',",kib',21
3155,0,Ronojel,ronojel,21
3155,1,ch'uti,ch'uti,21
3155,2,"chikop,",chikop,21
3156,0,Nima,nima,21
3156,1,chikop.,chikop,21
3157,0,Are',are',21
3157,1,puch,puch,21
3157,2,tik'il,tik'il,21
3157,3,u,u,21
3157,4,k'u'x,k'u'x,21
3157,5,aq'ab',aq'ab',21
3157,6,ta,ta,21
3157,7,xepetik.,xepetik,21
3158,0,Xech'awije'ik,xech'awije'ik,21
3158,1,konojel,konojel,21
3158,2,ta,ta,21
3158,3,xepetik.,xepetik,21
3159,0,Are',are',21
3159,1,ki,ki,21
3159,2,ch'ab'al,ch'ab'al,21
3159,3,ri':,ri',21
3160,0,“Yaklin,yaklin,21
3160,1,"che',",che',21
3161,0,Yaklin,yaklin,21
3161,1,"k'a'am,”",k'a'am,21
3162,0,Xecha',xecha',21
3162,1,ta,ta,21
3162,2,xepetik.,xepetik,21
3163,0,Keneb'eb'ik,keneb'eb'ik,21
3163,1,xe',xe',21
3163,2,"che',",che',21
3164,0,Xe',xe',21
3164,1,k'a'am.,k'a'am,21
3165,0,Ta,ta,21
3165,1,"xeyopijik,",xeyopijik,21
3166,0,Ta,ta,21
3166,1,xek'utun,xek'utun,21
3166,2,k'u,k'u,21
3166,3,chikiwach.,chikiwach,21
3167,0,Are',are',21
3167,1,k'ut,k'ut,21
3167,2,u,u,21
3167,3,nab'e,nab'e,21
3167,4,ri,ri,21
3167,5,"koj,",koj,21
3168,0,B'alam.,b'alam,21
3169,0,Xraj,xraj,21
3169,1,k'u,k'u,21
3169,2,ki,ki,21
3169,3,"chapo,",chapo,21
3170,0,Mawi,mawi,21
3170,1,xuya',xuya',21
3170,2,rib'.,rib',21
3171,0,Ta,ta,21
3171,1,xyopij,xyopij,21
3171,2,chik,chik,21
3171,3,"kej,",kej,21
3172,0,Umul.,umul,21
3173,0,Xa,xa,21
3173,1,k'u,k'u,21
3173,2,chu,chu,21
3173,3,je',je',21
3173,4,xkichap,xkichap,21
3173,5,"wi,",wi,21
3174,0,Xa,xa,21
3174,1,k'u,k'u,21
3174,2,xq'upuq'ub'.,xq'upuq'ub',21
3175,0,Kanajoq,kanajoq,21
3175,1,u,u,21
3175,2,je',je',21
3175,3,kej,kej,21
3175,4,pa,pa,21
3175,5,ki,ki,21
3175,6,q'ab',q'ab',21
3176,0,Ta,ta,21
3176,1,xuk'am,xuk'am,21
3176,2,ri,ri,21
3176,3,u,u,21
3176,4,je',je',21
3176,5,kej.,kej,21
3177,0,Ruk',ruk',21
3177,1,u,u,21
3177,2,je',je',21
3177,3,"umul,",umul,21
3178,0,Ri',ri',21
3178,1,xskataq,xskataq,21
3178,2,ki,ki,21
3178,3,je'.,je',21
3179,0,Ma,ma,21
3179,1,k'u,k'u,21
3179,2,xkiya',xkiya',21
3179,3,kib',kib',21
3179,4,ri,ri,21
3179,5,"yak,",yak,21
3180,0,"Utiw,",utiw,21
3181,0,"Aq,",aq,21
3182,0,Sis.,sis,21
3183,0,"Xe'ik'owik,",xe'ik'owik,21
3184,0,Konojel,konojel,21
3184,1,"chikop,",chikop,21
3185,0,Chikiwach,chikiwach,21
3185,1,ri,ri,21
3185,2,"Junajpu,",junajpu,21
3186,0,Xb'alanke.,xb'alanke,21
3187,0,Chik'atat,chik'atat,21
3187,1,chi,chi,21
3187,2,k'ut,k'ut,21
3187,3,ki,ki,21
3187,4,"k'u'x,",k'u'x,21
3188,0,Rumal,rumal,21
3188,1,ri',ri',21
3188,2,maja,maja,21
3188,3,b'i,b'i,21
3188,4,xkichapo.,xkichapo,21
3189,0,Xpe,xpe,21
3189,1,k'u,k'u,21
3189,2,ri',ri',21
3189,3,jun,jun,21
3189,4,"chik,",chik,21
3190,0,U,u,21
3190,1,xam,xam,21
3190,2,b'e,b'e,21
3190,3,"chik,",chik,21
3191,0,Katzotzotik,katzotzotik,21
3192,0,Ta,ta,21
3192,1,xpetik.,xpetik,21
3193,0,K'ate,k'ate,21
3193,1,k'ut,k'ut,21
3193,2,"xkik'atej,",xkik'atej,21
3194,0,Xkise,xkise,21
3194,1,k'ut,k'ut,21
3194,2,pa,pa,21
3194,3,k'at,k'at,21
3194,4,ri,ri,21
3194,5,ch'o.,ch'o,21
3195,0,K'ate,k'ate,21
3195,1,puch,puch,21
3195,2,"xkichapo,",xkichapo,21
3196,0,Xkiyotej,xkiyotej,21
3196,1,puch,puch,21
3196,2,chirij,chirij,21
3196,3,u,u,21
3196,4,wi'.,wi',21
3197,0,Xraj,xraj,21
3197,1,ki,ki,21
3197,2,b'iyo.,b'iyo,21
3198,0,Xkiporoj,xkiporoj,21
3198,1,u,u,21
3198,2,je',je',21
3198,3,chuwi',chuwi',21
3198,4,q'aq'.,q'aq',21
3199,0,Ta,ta,21
3199,1,xuk'am,xuk'am,21
3199,2,ri,ri,21
3199,3,u,u,21
3199,4,je',je',21
3199,5,"ch'o,",ch'o,21
3200,0,Maja,maja,21
3200,1,b'i,b'i,21
3200,2,rismal,rismal,21
3200,3,u,u,21
3200,4,je'.,je',21
3201,0,Are',are',21
3201,1,nay,nay,21
3201,2,pu,pu,21
3201,3,u,u,21
3201,4,b'aq',b'aq',21
3201,5,u,u,21
3201,6,"wach,",wach,21
3202,0,Ta,ta,21
3202,1,xraj,xraj,21
3202,2,b'iyik,b'iyik,21
3202,3,kumal,kumal,21
3202,4,"k'ajolab',",k'ajolab',21
3203,0,Ri,ri,21
3203,1,"Junajpu,",junajpu,21
3204,0,Xb'alanke.,xb'alanke,21
3205,0,“Ma,ma,21
3205,1,ta,ta,21
3205,2,kikamik,kikamik,21
3205,3,iwumal.,iwumal,21
3206,0,Mawi,mawi,21
3206,1,are',are',21
3206,2,i,i,21
3206,3,patan,patan,21
3206,4,ri,ri,21
3206,5,ab'ixik,ab'ixik,21
3207,0,K'o,k'o,21
3207,1,"iwe,”",iwe,21
3207,2,xcha',xcha',21
3207,3,ri',ri',21
3207,4,ri,ri,21
3207,5,ch'o.,ch'o,21
3208,0,“Apa,apa,21
3208,1,k'o,k'o,21
3208,2,wi,wi,21
3208,3,qe?,qe,21
3209,0,Chab'ij,chab'ij,21
3209,1,na,na,21
3209,2,"k'ut,”",k'ut,21
3210,0,Xecha',xecha',21
3210,1,k'u,k'u,21
3210,2,ri,ri,21
3210,3,k'ajolab',k'ajolab',21
3210,4,chire,chire,21
3210,5,ch'o.,ch'o,21
3211,0,“La,la,21
3211,1,kinitzoqopij,kinitzoqopij,21
3211,2,ta,ta,21
3211,3,na,na,21
3211,4,b'a,b'a,21
3211,5,la'?,la',21
3212,0,K'o,k'o,21
3212,1,nu,nu,21
3212,2,tzij,tzij,21
3212,3,chi,chi,21
3212,4,nu,nu,21
3212,5,"pam,",pam,21
3213,0,K'ate,k'ate,21
3213,1,k'ut,k'ut,21
3213,2,chinb'ij,chinb'ij,21
3213,3,"chiwe,",chiwe,21
3214,0,Chiya',chiya',21
3214,1,ta,ta,21
3214,2,na,na,21
3214,3,sqi'n,sqi'n,21
3214,4,"wecha',”",wecha',21
3214,5,xcha',xcha',21
3214,6,ri,ri,21
3214,7,ch'o.,ch'o,21
3215,0,“K'ate,k'ate,21
3215,1,chiqaya'o,chiqaya'o,21
3215,2,awecha'.,awecha',21
3216,0,Chab'ij,chab'ij,21
3216,1,"na,”",na,21
3216,2,xuchaxik.,xuchaxik,21
3217,0,“Utz,utz,21
3217,1,b'a,b'a,21
3217,2,la'.,la',21
3218,0,Are',are',21
3218,1,b'a,b'a,21
3218,2,ri,ri,21
3218,3,rech,rech,21
3218,4,i,i,21
3218,5,"qajaw,",qajaw,21
3219,0,Ri,ri,21
3219,1,Jun,jun,21
3219,2,"Junajpu,",junajpu,21
3220,0,Wuqub',wuqub',21
3220,1,Junajpu,junajpu,21
3220,2,u,u,21
3220,3,"b'i',",b'i',21
3221,0,Ri,ri,21
3221,1,xekam,xekam,21
3221,2,chi,chi,21
3221,3,Xib'alb'a.,xib'alb'a,21
3222,0,K'o,k'o,21
3222,1,k'u,k'u,21
3222,2,kanoq,kanoq,21
3223,0,Ri,ri,21
3223,1,ketz'ab'al.,ketz'ab'al,21
3224,0,"Xekel,",xekel,21
3225,0,Kanoq,kanoq,21
3225,1,chuwi',chuwi',21
3225,2,ja:,ja,21
3226,0,Ri,ri,21
3226,1,ki,ki,21
3226,2,"b'ate,",b'ate,21
3227,0,Ki,ki,21
3227,1,pach',pach',21
3227,2,"q'ab',",q'ab',21
3228,0,Ki,ki,21
3228,1,kik',kik',21
3228,2,puch.,puch,21
3229,0,Xa,xa,21
3229,1,mawi,mawi,21
3229,2,kak'ut,kak'ut,21
3229,3,chiwach,chiwach,21
3230,0,Rumal,rumal,21
3230,1,"iwati't,",iwati't,21
3231,0,Rumal,rumal,21
3231,1,ri',ri',21
3231,2,are',are',21
3231,3,xkam,xkam,21
3231,4,wi,wi,21
3231,5,i,i,21
3231,6,qajaw.”,qajaw,21
3232,0,“Ma,ma,21
3232,1,qitzij,qitzij,21
3232,2,aweta'm?”,aweta'm,21
3233,0,Xecha',xecha',21
3233,1,k'u,k'u,21
3233,2,ri,ri,21
3233,3,k'ajolab',k'ajolab',21
3233,4,chire,chire,21
3233,5,ch'o.,ch'o,21
3234,0,Nim,nim,21
3234,1,xki'kot,xki'kot,21
3234,2,ki,ki,21
3234,3,k'u'x,k'u'x,21
3234,4,ta,ta,21
3234,5,xkita'o,xkita'o,21
3234,6,u,u,21
3234,7,tzijel,tzijel,21
3234,8,"kik',",kik',21
3235,0,Ta,ta,21
3235,1,xub'ij,xub'ij,21
3235,2,ch'o.,ch'o,21
3236,0,Ta,ta,21
3236,1,xkiya',xkiya',21
3236,2,k'ut,k'ut,21
3236,3,recha',recha',21
3236,4,"ch'o,",ch'o,21
3237,0,Are',are',21
3237,1,k'u,k'u,21
3237,2,ri,ri,21
3237,3,recha':,recha',21
3238,0,Ri,ri,21
3238,1,"ixim,",ixim,21
3239,0,"Sakil,",sakil,21
3240,0,"Ik,",ik,21
3241,0,"Kinaq',",kinaq',21
3242,0,"Peq,",peq,21
3243,0,Kakaw.,kakaw,21
3244,0,“Are',are',21
3244,1,k'ut,k'ut,21
3245,0,Awech,awech,21
3245,1,ri'.,ri',21
3246,0,We,we,21
3246,1,naqi,naqi,21
3246,2,la',la',21
3246,3,k'u'n,k'u'n,21
3246,4,chi,chi,21
3246,5,"mes,",mes,21
3247,0,"K'utajinaq,",k'utajinaq,21
3248,0,Awech,awech,21
3248,1,"k'ut,",k'ut,21
3249,0,"Chak'uxu',”",chak'uxu',21
3250,0,Xuchax,xuchax,21
3250,1,k'u,k'u,21
3250,2,ri,ri,21
3250,3,ch'o,ch'o,21
3250,4,kumal,kumal,21
3250,5,"Junajpu,",junajpu,21
3251,0,Xb'alanke.,xb'alanke,21
3252,0,“Utz,utz,21
3252,1,b'a,b'a,21
3252,2,"la',",la',21
3253,0,Ix,ix,21
3253,1,k'ajolab'.,k'ajolab',21
3254,0,Naqi,naqi,21
3254,1,la',la',21
3254,2,k'u,k'u,21
3254,3,kinwucha'j,kinwucha'j,21
3255,0,We,we,21
3255,1,kiril,kiril,21
3255,2,ri,ri,21
3255,3,iwati't?”,iwati't,21
3255,4,xcha',xcha',21
3255,5,k'ut.,k'ut,21
3256,0,“Mawi,mawi,21
3256,1,chitzaq,chitzaq,21
3256,2,a,a,21
3256,3,"k'u'x,",k'u'x,21
3257,0,Oj,oj,21
3257,1,k'olik.,k'olik,21
3258,0,Kojno'jinik,kojno'jinik,21
3259,0,K'o,k'o,21
3259,1,ruchaxik,ruchaxik,21
3259,2,ri,ri,21
3259,3,qati't.,qati't,21
3260,0,Xa,xa,21
3260,1,ju,ju,21
3260,2,su,su,21
3260,3,kaqaya',kaqaya',21
3260,4,aq'anoq,aq'anoq,21
3260,5,xikin,xikin,21
3260,6,"ja,",ja,21
3261,0,Ta,ta,21
3261,1,k'u,k'u,21
3261,2,joko,joko,21
3261,3,"apanoq,",apanoq,22
3262,0,Ju,ju,22
3262,1,su,su,22
3262,2,katopon,katopon,22
3262,3,chiri',chiri',22
3263,0,Xekel,xekel,22
3263,1,wi.,wi,22
3264,0,Chiri',chiri',22
3264,1,k'ut,k'ut,22
3264,2,kaqil,kaqil,22
3264,3,wi,wi,22
3264,4,pu,pu,22
3264,5,tum,tum,22
3264,6,"ja,",ja,22
3266,0,Ta,ta,22
3266,1,xkipixab'aj,xkipixab'aj,22
3266,2,jun,jun,22
3266,3,"aq'ab',",aq'ab',22
3267,0,Xk'am,xk'am,22
3267,1,ki,ki,22
3267,2,"na'oj,",na'oj,22
3268,0,Ri,ri,22
3268,1,"Junajpu,",junajpu,22
3269,0,Xb'alanke.,xb'alanke,22
3270,0,Qi,qi,22
3270,1,k'u,k'u,22
3270,2,tik'il,tik'il,22
3270,3,"q'ij,",q'ij,22
3271,0,Xe'oponik.,xe'oponik,22
3272,0,MA,ma,22
3272,1,k'u,k'u,22
3272,2,q'alaj,q'alaj,22
3272,3,ri,ri,22
3272,4,ch'o,ch'o,22
3273,0,Kuk'a'am,kuk'a'am,22
3273,1,ta,ta,22
3273,2,xe'oponik.,xe'oponik,22
3274,0,Jun,jun,22
3274,1,ri',ri',22
3274,2,yakalik,yakalik,22
3274,3,xok,xok,22
3274,4,pa,pa,22
3274,5,"ja,",ja,22
3275,0,Jun,jun,22
3275,1,k'u,k'u,22
3275,2,xok,xok,22
3275,3,xikin,xikin,22
3275,4,ja.,ja,22
3276,0,Lib'aj,lib'aj,22
3276,1,chi,chi,22
3276,2,xuya',xuya',22
3276,3,aq'anoq,aq'anoq,22
3277,0,Ri,ri,22
3277,1,ch'o.,ch'o,22
3278,0,Ta,ta,22
3278,1,xkitz'onoj,xkitz'onoj,22
3278,2,k'ut,k'ut,22
3278,3,ki,ki,22
3278,4,wa,wa,22
3279,0,Chire,chire,22
3279,1,kati't.,kati't,22
3280,0,“Xa,xa,22
3280,1,chiq'utu',chiq'utu',22
3280,2,qa,qa,22
3280,3,ti'.,ti',22
3281,0,Kaqarayij,kaqarayij,22
3281,1,ri,ri,22
3281,2,q'utum,q'utum,22
3281,3,"ik,",ik,22
3282,0,Ix,ix,22
3282,1,"qati't,”",qati't,22
3283,0,Xecha',xecha',22
3283,1,k'ut.,k'ut,22
3284,0,K'ate,k'ate,22
3284,1,k'ut,k'ut,22
3284,2,xq'ut,xq'ut,22
3284,3,ki,ki,22
3284,4,ti'.,ti',22
3285,0,Jun,jun,22
3285,1,laq,laq,22
3285,2,u,u,22
3285,3,wa'l,wa'l,22
3285,4,xtikib'ax,xtikib'ax,22
3285,5,chikiwach.,chikiwach,22
3286,0,Xa,xa,22
3286,1,wi,wi,22
3286,2,ki,ki,22
3286,3,mich'b'al,mich'b'al,22
3286,4,re,re,22
3286,5,"kati't,",kati't,22
3287,0,Ki,ki,22
3287,1,chuch,chuch,22
3287,2,puch.,puch,22
3288,0,Xkitzajisaj,xkitzajisaj,22
3288,1,k'u,k'u,22
3288,2,ja',ja',22
3288,3,pa,pa,22
3288,4,q'eb'al.,q'eb'al,22
3289,0,“Qitzij,qitzij,22
3289,1,chaqi'j,chaqi'j,22
3289,2,qa,qa,22
3289,3,chi'.,chi',22
3290,0,Chik'ama',chik'ama',22
3290,1,"quk'ia',”",quk'ia',22
3290,2,xecha',xecha',22
3290,3,chire,chire,22
3290,4,kati't.,kati't,22
3291,0,"“We',”",we',22
3291,1,xcha',xcha',22
3291,2,k'ut.,k'ut,22
3292,0,Ta,ta,22
3292,1,xb'ek.,xb'ek,22
3293,0,Are',are',22
3293,1,k'ut,k'ut,22
3293,2,kewa,kewa,22
3293,3,kanoq.,kanoq,22
3294,0,Ma,ma,22
3294,1,k'u,k'u,22
3294,2,qitzij,qitzij,22
3294,3,ta,ta,22
3294,4,kenumik.,kenumik,22
3295,0,Xa,xa,22
3295,1,ki,ki,22
3295,2,moywachib'al,moywachib'al,22
3295,3,xkib'ano,xkib'ano,22
3296,0,Ta,ta,22
3296,1,xkil,xkil,22
3296,2,k'ut,k'ut,22
3296,3,ri,ri,22
3296,4,ch'o,ch'o,22
3296,5,chupan,chupan,22
3296,6,q'utum,q'utum,22
3296,7,ik.,ik,22
3297,0,K'olon,k'olon,22
3297,1,uloq,uloq,22
3297,2,ri,ri,22
3297,3,ch'o,ch'o,22
3297,4,chirij,chirij,22
3297,5,kik',kik',22
3298,0,Xekel,xekel,22
3298,1,wi,wi,22
3298,2,puwi',puwi',22
3298,3,"ja,",ja,22
3299,0,Ta,ta,22
3299,1,xkilo,xkilo,22
3299,2,pa,pa,22
3299,3,q'utum,q'utum,22
3299,4,ik.,ik,22
3300,0,Ta,ta,22
3300,1,xkitaq,xkitaq,22
3300,2,k'ut,k'ut,22
3300,3,jun,jun,22
3300,4,xa'n.,xa'n,22
3301,0,Ri,ri,22
3301,1,chikop,chikop,22
3301,2,ri,ri,22
3301,3,xa'n,xa'n,22
3301,4,keje',keje',22
3301,5,ri,ri,22
3301,6,us.,us,22
3302,0,Xopon,xopon,22
3302,1,chi,chi,22
3302,2,"ya',",ya',22
3303,0,Are',are',22
3303,1,k'u,k'u,22
3303,2,xworo,xworo,22
3303,3,u,u,22
3303,4,wach,wach,22
3303,5,q'eb'al,q'eb'al,22
3303,6,ati't.,ati't,22
3304,0,Xa,xa,22
3304,1,yakal,yakal,22
3304,2,ja',ja',22
3304,3,chel,chel,22
3304,4,chuwach,chuwach,22
3304,5,u,u,22
3304,6,q'eb'al.,q'eb'al,22
3305,0,Chutijo,chutijo,22
3305,1,xma,xma,22
3305,2,chitz'apitaj,chitz'apitaj,22
3305,3,wi,wi,22
3305,4,u,u,22
3305,5,wach,wach,22
3305,6,q'eb'al.,q'eb'al,22
3306,0,“Naqi,naqi,22
3306,1,pa,pa,22
3306,2,mi,mi,22
3306,3,xub'an,xub'an,22
3307,0,Ri,ri,22
3307,1,qati't?,qati't,22
3308,0,Oj,oj,22
3308,1,jisab'aj,jisab'aj,22
3308,2,chi,chi,22
3308,3,ya'!,ya',22
3309,0,Kojutzin,kojutzin,22
3309,1,rumal,rumal,22
3309,2,chaqi'j,chaqi'j,22
3309,3,chi'!”,chi',22
3310,0,Xecha',xecha',22
3310,1,chik,chik,22
3310,2,chire,chire,22
3310,3,ki,ki,22
3310,4,chuch.,chuch,22
3311,0,Ta,ta,22
3311,1,xkitaq,xkitaq,22
3311,2,ub'ik.,ub'ik,22
3312,0,K'ate,k'ate,22
3312,1,k'ut,k'ut,22
3312,2,xuk'aqat,xuk'aqat,22
3312,3,ula,ula,22
3312,4,ch'o,ch'o,22
3313,0,Ri,ri,22
3313,1,kik'.,kik',22
3314,0,Xqaj,xqaj,22
3314,1,ula,ula,22
3314,2,pu,pu,22
3314,3,tum,tum,22
3314,4,"ja,",ja,22
3315,0,Ruk',ruk',22
3315,1,"b'ate,",b'ate,22
3316,0,Pach',pach',22
3316,1,"q'ab',",q'ab',22
3317,0,Tz'um.,tz'um,22
3318,0,Xkimajix,xkimajix,22
3318,1,taj,taj,22
3318,2,k'ut.,k'ut,22
3319,0,K'ate,k'ate,22
3319,1,xb'e,xb'e,22
3319,2,kewaj,kewaj,22
3319,3,pa,pa,22
3319,4,"b'e,",b'e,22
3320,0,U,u,22
3320,1,b'e'el,b'e'el,22
3320,2,jom.,jom,22
3321,0,K'ate,k'ate,22
3321,1,k'ut,k'ut,22
3321,2,xeb'e,xeb'e,22
3321,3,chik,chik,22
3322,0,Ruk',ruk',22
3322,1,kati't,kati't,22
3322,2,chi,chi,22
3322,3,ya'.,ya',22
3323,0,Katajin,katajin,22
3323,1,k'u,k'u,22
3324,0,Ri,ri,22
3324,1,"kati't,",kati't,22
3325,0,Ki,ki,22
3325,1,chuch,chuch,22
3326,0,Tz'api,tz'api,22
3326,1,u,u,22
3326,2,wach,wach,22
3326,3,q'eb'al,q'eb'al,22
3326,4,jujun.,jujun,22
3327,0,K'ate,k'ate,22
3327,1,k'ut,k'ut,22
3327,2,ta,ta,22
3327,3,"xe'oponik,",xe'oponik,22
3328,0,Jujun,jujun,22
3328,1,chi,chi,22
3328,2,k'u,k'u,22
3328,3,chi,chi,22
3328,4,wub',wub',22
3328,5,ta,ta,22
3328,6,xe'oponik,xe'oponik,22
3328,7,chi,chi,22
3328,8,a'.,a',22
3329,0,“Naqi,naqi,22
3329,1,pa,pa,22
3329,2,mi,mi,22
3329,3,xib'ano?,xib'ano,22
3330,0,Xa,xa,22
3330,1,mi,mi,22
3330,2,xkos,xkos,22
3330,3,qa,qa,22
3330,4,"k'u'x,",k'u'x,22
3331,0,"Xojpetik,”",xojpetik,22
3331,1,xecha'.,xecha',22
3332,0,“Chiwila',chiwila',22
3332,1,na,na,22
3332,2,u,u,22
3332,3,wach,wach,22
3332,4,nu,nu,22
3332,5,q'eb'al.,q'eb'al,22
3333,0,Mawi,mawi,22
3333,1,"katz'apitajik,”",katz'apitajik,22
3333,2,xcha',xcha',22
3333,3,kati't.,kati't,22
3334,0,Lib'aj,lib'aj,22
3334,1,chi,chi,22
3334,2,k'ut,k'ut,22
3334,3,xkitz'apij,xkitz'apij,22
3334,4,chik.,chik,22
3335,0,Junam,junam,22
3335,1,k'ut,k'ut,22
3335,2,xepe,xepe,22
3335,3,"chik,",chik,22
3336,0,E,e,22
3336,1,nab'e,nab'e,22
3336,2,chuwach,chuwach,22
3336,3,kati't.,kati't,22
3337,0,Keje',keje',22
3337,1,k'ut,k'ut,22
3337,2,u,u,22
3337,3,kana'ik,kana'ik,22
3337,4,kik',kik',22
3337,5,ri'.,ri',22
3338,0,KEKI'KOT,keki'kot,22
3338,1,chi,chi,22
3338,2,"k'ut,",k'ut,22
3339,0,Xeb'ek,xeb'ek,22
3339,1,e,e,22
3339,2,cha'jel,cha'jel,22
3339,3,pa,pa,22
3339,4,jom.,jom,22
3340,0,Najt,najt,22
3340,1,k'u,k'u,22
3340,2,xecha'jik,xecha'jik,22
3340,3,ki,ki,22
3340,4,tukel.,tukel,22
3341,0,Xkimes,xkimes,22
3341,1,ri,ri,22
3341,2,jom,jom,22
3341,3,ki,ki,22
3341,4,qajaw.,qajaw,22
3342,0,Ta,ta,22
3342,1,xkita,xkita,22
3342,2,k'u,k'u,22
3342,3,uloq,uloq,22
3342,4,rajawal,rajawal,22
3342,5,Xib'alb'a.,xib'alb'a,22
3343,0,“Apachina,apachina,22
3343,1,chiri',chiri',22
3343,2,mi,mi,22
3343,3,xutikib'a',xutikib'a',22
3343,4,chik,chik,22
3343,5,etz'anem,etz'anem,22
3343,6,pa,pa,22
3343,7,qa,qa,22
3343,8,wi'.,wi',22
3344,0,Ma,ma,22
3344,1,pu,pu,22
3344,2,kek'ix,kek'ix,22
3344,3,"b'ik,",b'ik,22
3345,0,Keniknot,keniknot,22
3345,1,uloq?,uloq,22
3346,0,Ma,ma,22
3346,1,pu,pu,22
3346,2,xekam,xekam,22
3346,3,ri,ri,22
3346,4,Jun,jun,22
3346,5,"Junajpu,",junajpu,22
3347,0,Wuqub',wuqub',22
3347,1,Junajpu?,junajpu,22
3348,0,Xraj,xraj,22
3348,1,ki,ki,22
3348,2,nimarisaj,nimarisaj,22
3348,3,kib',kib',22
3348,4,chi,chi,22
3348,5,qa,qa,22
3348,6,wach.,wach,22
3349,0,Je',je',22
3349,1,k'u,k'u,22
3349,2,i,i,22
3349,3,taqa,taqa,22
3349,4,"chik,”",chik,22
3349,5,xecha',xecha',22
3349,6,"chik,",chik,22
3350,0,Ri,ri,22
3350,1,Jun,jun,22
3350,2,"Kame,",kame,22
3351,0,Wuqub',wuqub',22
3351,1,"Kame,",kame,22
3352,0,Konojel,konojel,22
3352,1,ajawab'.,ajawab',22
3353,0,“Xetaqa',xetaqa',22
3353,1,"uloq,”",uloq,22
3354,0,Xecha',xecha',22
3354,1,k'ut,k'ut,22
3355,0,Chire,chire,22
3355,1,ki,ki,22
3355,2,samajel.,samajel,22
3356,0,"“Kixcha',",kixcha',22
3356,1,"‘kixoponik,",kixoponik,22
3357,0,"Kepetoq,",kepetoq,22
3357,1,kecha',kecha',22
3357,2,ajawab'.,ajawab',22
3358,0,Waral,waral,22
3358,1,taj,taj,22
3358,2,kojcha'j,kojcha'j,22
3358,3,wi,wi,22
3358,4,kuk'.,kuk',22
3359,0,Wuqub'ix,wuqub'ix,22
3359,1,"kojetz'anik,",kojetz'anik,22
3359,2,kecha',kecha',22
3359,3,ajawab'.’,ajawab',22
3360,0,Kixcha',kixcha',22
3360,1,"kixoponik,”",kixoponik,22
3361,0,Xe'uchax,xe'uchax,22
3361,1,k'ut,k'ut,22
3362,0,Ri,ri,22
3362,1,samajel.,samajel,22
3363,0,Ta,ta,22
3363,1,xepe,xepe,22
3363,2,k'ut.,k'ut,22
3364,0,Nima,nima,22
3364,1,jok,jok,22
3364,2,k'u,k'u,22
3365,0,Ki,ki,22
3365,1,b'e,b'e,22
3365,2,ri,ri,22
3365,3,k'ajolab',k'ajolab',22
3366,0,Chi,chi,22
3366,1,"kochoch,",kochoch,22
3367,0,K'a,k'a,22
3367,1,toq'ol,toq'ol,22
3367,2,chi,chi,22
3367,3,kochoch.,kochoch,22
3368,0,Xa,xa,22
3368,1,k'u,k'u,22
3368,2,yakal,yakal,22
3368,3,ri,ri,22
3368,4,"samajel,",samajel,22
3369,0,Xopon,xopon,22
3369,1,ruk',ruk',22
3369,2,kati't.,kati't,22
3370,0,Are,are,22
3370,1,k'ut,k'ut,22
3370,2,"kecha'jik,",kecha'jik,22
3371,0,Ta,ta,22
3371,1,xul,xul,22
3371,2,kanoq,kanoq,22
3371,3,u,u,22
3371,4,samajel,samajel,22
3371,5,Xib'alb'a.,xib'alb'a,22
3372,0,“‘Qitzij,qitzij,22
3372,1,"kepetik,’",kepetik,22
3372,2,kecha',kecha',22
3372,3,ri,ri,22
3372,4,"ajawab',”",ajawab',22
3373,0,Xecha',xecha',22
3373,1,k'ut,k'ut,22
3373,2,ri,ri,22
3373,3,u,u,22
3373,4,samajel,samajel,22
3373,5,Xib'alb'a.,xib'alb'a,22
3374,0,Ta,ta,22
3374,1,xchoye',xchoye',22
3374,2,k'u,k'u,22
3374,3,kanoq,kanoq,22
3374,4,ki,ki,22
3374,5,q'ij,q'ij,22
3375,0,Kumal,kumal,22
3375,1,ri,ri,22
3375,2,u,u,22
3375,3,samajel,samajel,22
3375,4,Xib'alb'a.,xib'alb'a,22
3376,0,“Wuqub'ix,wuqub'ix,22
3376,1,"ketz'elawachixik,”",ketz'elawachixik,22
3377,0,Xuchax,xuchax,22
3377,1,kanoq,kanoq,22
3377,2,Xmuqane.,xmuqane,22
3378,0,“Utz,utz,22
3378,1,b'a,b'a,22
3378,2,"la',",la',22
3378,3,xkeb'e,xkeb'e,22
3378,4,"taqoq,",taqoq,22
3379,0,Ix,ix,22
3379,1,"samajel,”",samajel,22
3379,2,xcha',xcha',22
3379,3,ri,ri,22
3379,4,ati't.,ati't,22
3380,0,Xeb'e,xeb'e,22
3380,1,k'u,k'u,22
3380,2,ri,ri,22
3380,3,"samajel,",samajel,22
3381,0,Xetzalijik.,xetzalijik,22
3382,0,Ta,ta,22
3382,1,xk'is,xk'is,22
3382,2,k'ut,k'ut,22
3382,3,u,u,22
3382,4,k'u'x,k'u'x,22
3382,5,ri,ri,22
3382,6,ati't.,ati't,22
3383,0,“Naqi,naqi,22
3383,1,xchiwuchaj,xchiwuchaj,22
3384,0,Ki,ki,22
3384,1,taqik,taqik,22
3384,2,ri,ri,22
3384,3,wi'y?,wi'y,22
3385,0,Mawi,mawi,23
3385,1,qitzij,qitzij,23
3385,2,ri,ri,23
3385,3,Xib'alb'a?,xib'alb'a,23
3386,0,Xa,xa,23
3386,1,keje',keje',23
3386,2,rulik,rulik,23
3386,3,samajel,samajel,23
3386,4,"ojer,",ojer,23
3387,0,Ta,ta,23
3387,1,xeb'e,xeb'e,23
3387,2,kamoq,kamoq,23
3387,3,ri,ri,23
3387,4,ki,ki,23
3387,5,"qajaw,”",qajaw,23
3388,0,Xcha',xcha',23
3388,1,ri,ri,23
3388,2,ati't.,ati't,23
3389,0,Q'us,q'us,23
3389,1,choq',choq',23
3389,2,pa,pa,23
3389,3,ja,ja,23
3389,4,u,u,23
3389,5,tukel.,tukel,23
3390,0,K'ate,k'ate,23
3390,1,k'ut,k'ut,23
3390,2,xqaj,xqaj,23
3390,3,ulo,ulo,23
3390,4,jun,jun,23
3390,5,"uk',",uk',23
3391,0,Chuk'ayaq.,chuk'ayaq,23
3392,0,K'ate,k'ate,23
3392,1,k'u,k'u,23
3392,2,xuchap,xuchap,23
3392,3,"aq'anoq,",aq'anoq,23
3393,0,Ta,ta,23
3393,1,xuya',xuya',23
3393,2,k'ut,k'ut,23
3393,3,pu,pu,23
3393,4,q'ab'.,q'ab',23
3394,0,Chimalmatib',chimalmatib',23
3394,1,k'u,k'u,23
3395,0,Ri,ri,23
3395,1,uk',uk',23
3395,2,xb'inik.,xb'inik,23
3396,0,“At,at,23
3396,1,"wi'y,",wi'y,23
3397,0,Chawaj,chawaj,23
3397,1,taj,taj,23
3398,0,Kanutaqo,kanutaqo,23
3399,0,Keb'e,keb'e,23
3399,1,ta,ta,23
3399,2,a,a,23
3399,3,taqa',taqa',23
3400,0,Ri,ri,23
3400,1,wi'y,wi'y,23
3400,2,pa,pa,23
3400,3,jom?”,jom,23
3401,0,Xuchax,xuchax,23
3401,1,ri,ri,23
3401,2,uk'.,uk',23
3402,0,Ta,ta,23
3402,1,xb'ek,xb'ek,23
3402,2,taqonel.,taqonel,23
3403,0,“Mi,mi,23
3403,1,xul,xul,23
3403,2,samajel,samajel,23
3403,3,ruk',ruk',23
3403,4,"iwati't,",iwati't,23
3404,0,Kacha',kacha',23
3404,1,katoponik.,katoponik,23
3405,0,‘Wuqub'ix,wuqub'ix,23
3405,1,k'ut,k'ut,23
3405,2,"ke'oponik,’",ke'oponik,23
3406,0,Kacha',kacha',23
3406,1,u,u,23
3406,2,samajel,samajel,23
3406,3,"Xib'alb'a,",xib'alb'a,23
3406,4,kacha',kacha',23
3407,0,Iwati't,iwati't,23
3407,1,"kacha',”",kacha',23
3407,2,xuchax,xuchax,23
3407,3,ri,ri,23
3407,4,uk'.,uk',23
3408,0,Ta,ta,23
3408,1,"xb'ek,",xb'ek,23
3409,0,Chimalmat,chimalmat,23
3409,1,k'ut,k'ut,23
3409,2,xb'ek.,xb'ek,23
3410,0,Ku'b'ul,ku'b'ul,23
3410,1,k'u,k'u,23
3410,2,ri,ri,23
3410,3,k'ajol,k'ajol,23
3410,4,pa,pa,23
3410,5,"b'e,",b'e,23
3411,0,Tamasul,tamasul,23
3411,1,u,u,23
3411,2,b'i',b'i',23
3411,3,ri,ri,23
3411,4,xpeq.,xpeq,23
3412,0,“Apa,apa,23
3412,1,katb'e,katb'e,23
3412,2,wi?”,wi,23
3412,3,cha',cha',23
3412,4,k'u,k'u,23
3412,5,ri,ri,23
3412,6,xpeq,xpeq,23
3412,7,chire,chire,23
3412,8,uk'.,uk',23
3413,0,“K'o,k'o,23
3413,1,"b'a,",b'a,23
3414,0,Nu,nu,23
3414,1,tzij,tzij,23
3414,2,chi,chi,23
3414,3,nu,nu,23
3414,4,pam.,pam,23
3415,0,Kinb'e,kinb'e,23
3415,1,kuk',kuk',23
3415,2,"k'ajolab',”",k'ajolab',23
3415,3,xcha',xcha',23
3415,4,ri,ri,23
3415,5,uk',uk',23
3415,6,chire,chire,23
3415,7,Tamasul.,tamasul,23
3416,0,“Utz,utz,23
3416,1,b'a,b'a,23
3416,2,la'.,la',23
3417,0,Ma,ma,23
3417,1,b'a,b'a,23
3417,2,"katana'ik,",katana'ik,23
3418,0,"Kawilo,”",kawilo,23
3418,1,xuchax,xuchax,23
3418,2,k'u,k'u,23
3418,3,uk',uk',23
3418,4,rumal,rumal,23
3418,5,xpeq.,xpeq,23
3419,0,“Ma,ma,23
3419,1,chawaj,chawaj,23
3419,2,kanub'iq'o?,kanub'iq'o,23
3420,0,Chawila',chawila',23
3420,1,na,na,23
3420,2,pe,pe,23
3420,3,kinanik,kinanik,23
3420,4,wa.,wa,23
3421,0,Xkojopon,xkojopon,23
3421,1,chanim.”,chanim,23
3422,0,“Utz,utz,23
3422,1,b'a,b'a,23
3422,2,"la',”",la',23
3422,3,xcha',xcha',23
3422,4,ri,ri,23
3422,5,uk',uk',23
3422,6,chirech,chirech,23
3422,7,xpeq.,xpeq,23
3423,0,K'ate,k'ate,23
3423,1,k'ut,k'ut,23
3423,2,ta,ta,23
3423,3,xriq'taxik,xriq'taxik,23
3423,4,rumal,rumal,23
3423,5,xpeq.,xpeq,23
3424,0,Chib'eqnaj,chib'eqnaj,23
3424,1,k'u,k'u,23
3424,2,ri,ri,23
3424,3,xpeq.,xpeq,23
3425,0,Ta,ta,23
3425,1,xb'ek,xb'ek,23
3425,2,"chi,",chi,23
3426,0,Mawi,mawi,23
3426,1,ka'anik.,ka'anik,23
3427,0,K'ate,k'ate,23
3427,1,k'ut,k'ut,23
3427,2,ta,ta,23
3427,3,xuk'ul,xuk'ul,23
3427,4,chi,chi,23
3427,5,k'ut,k'ut,23
3427,6,jun,jun,23
3427,7,nima,nima,23
3427,8,"kumatz,",kumatz,23
3428,0,Saqi,saqi,23
3428,1,K'as,k'as,23
3428,2,u,u,23
3428,3,b'i'.,b'i',23
3429,0,“Apa,apa,23
3429,1,katb'e,katb'e,23
3429,2,"wi,",wi,23
3430,0,At,at,23
3430,1,Tamasul,tamasul,23
3430,2,k'ajol?”,k'ajol,23
3431,0,Xuchax,xuchax,23
3431,1,chik,chik,23
3431,2,ri,ri,23
3431,3,xpeq,xpeq,23
3432,0,Rumal,rumal,23
3432,1,Saqi,saqi,23
3432,2,K'as.,k'as,23
3433,0,“In,in,23
3433,1,"samajel,",samajel,23
3434,0,K'o,k'o,23
3434,1,nu,nu,23
3434,2,tzij,tzij,23
3434,3,chi,chi,23
3434,4,nu,nu,23
3434,5,"pam,”",pam,23
3435,0,Xcha',xcha',23
3435,1,chi,chi,23
3435,2,k'ut,k'ut,23
3435,3,xpeq,xpeq,23
3436,0,Chire,chire,23
3436,1,kumatz.,kumatz,23
3437,0,“Ma,ma,23
3437,1,b'a,b'a,23
3437,2,katanik,katanik,23
3437,3,kawilo.,kawilo,23
3438,0,In,in,23
3438,1,ta,ta,23
3438,2,on,on,23
3438,3,xkinopon,xkinopon,23
3438,4,"chanim,”",chanim,23
3439,0,Xcha',xcha',23
3439,1,k'u,k'u,23
3439,2,kumatz,kumatz,23
3440,0,Chire,chire,23
3440,1,xpeq.,xpeq,23
3441,0,"“Katojo',”",katojo',23
3442,0,Xuchaxik.,xuchaxik,23
3443,0,K'ate,k'ate,23
3443,1,k'u,k'u,23
3443,2,xb'iq',xb'iq',23
3443,3,chik,chik,23
3444,0,Ri,ri,23
3444,1,xpeq,xpeq,23
3444,2,rumal,rumal,23
3444,3,Saqi,saqi,23
3444,4,K'as.,k'as,23
3445,0,Ta,ta,23
3445,1,xuk'am,xuk'am,23
3445,2,ri,ri,23
3445,3,recha',recha',23
3445,4,"kumatz,",kumatz,23
3446,0,Keb'iq'ow,keb'iq'ow,23
3446,1,xpeq,xpeq,23
3446,2,wakamik.,wakamik,23
3447,0,Chan,chan,23
3447,1,k'u,k'u,23
3447,2,ri,ri,23
3447,3,"kumatz,",kumatz,23
3448,0,Ta,ta,23
3448,1,xb'ek.,xb'ek,23
3449,0,Xk'ulutaj,xk'ulutaj,23
3449,1,chi,chi,23
3449,2,wi,wi,23
3449,3,k'ut,k'ut,23
3449,4,ri,ri,23
3449,5,kumatz,kumatz,23
3449,6,rumal,rumal,23
3449,7,"wak,",wak,23
3450,0,Nima,nima,23
3450,1,tz'ikin.,tz'ikin,23
3451,0,Xb'iq',xb'iq',23
3451,1,chi,chi,23
3451,2,wi,wi,23
3451,3,ri,ri,23
3451,4,kumatz,kumatz,23
3452,0,Rumal,rumal,23
3452,1,wak.,wak,23
3453,0,K'ate,k'ate,23
3453,1,pu,pu,23
3453,2,xopon,xopon,23
3453,3,ri',ri',23
3454,0,Chuwi',chuwi',23
3454,1,jom.,jom,23
3455,0,Ta,ta,23
3455,1,xuk'am,xuk'am,23
3455,2,recha',recha',23
3455,3,ri,ri,23
3455,4,"xik',",xik',23
3456,0,Keti'ow,keti'ow,23
3456,1,kumatz,kumatz,23
3456,2,pa,pa,23
3456,3,taq,taq,23
3456,4,juyub'.,juyub',23
3457,0,Ta,ta,23
3457,1,xopon,xopon,23
3457,2,puch,puch,23
3457,3,ri,ri,23
3457,4,"wak,",wak,23
3458,0,Xchakachob',xchakachob',23
3458,1,chuwi',chuwi',23
3458,2,u,u,23
3458,3,tzutz'il,tzutz'il,23
3458,4,jom.,jom,23
3459,0,Keki'kot,keki'kot,23
3459,1,k'u,k'u,23
3460,0,Ri,ri,23
3460,1,"Junajpu,",junajpu,23
3461,0,Xb'alanke.,xb'alanke,23
3462,0,Kecha'jik.,kecha'jik,23
3463,0,Ta,ta,23
3463,1,xopon,xopon,23
3463,2,k'ut,k'ut,23
3463,3,ri,ri,23
3463,4,wak.,wak,23
3464,0,Ta,ta,23
3464,1,xoq',xoq',23
3464,2,k'u,k'u,23
3464,3,ri,ri,23
3464,4,wak:,wak,23
3465,0,“Wako!,wako,23
3465,1,Wako!”,wako,23
3466,0,Xcha',xcha',23
3466,1,roq'ib'al,roq'ib'al,23
3466,2,wak,wak,23
3466,3,ko.,ko,23
3467,0,“Naqi,naqi,23
3467,1,pa,pa,23
3467,2,ri',ri',23
3467,3,choq'ik?,choq'ik,23
3468,0,Peta',peta',23
3468,1,qa,qa,23
3468,2,wub'!”,wub',23
3468,3,xecha'.,xecha',23
3469,0,K'ATE,k'ate,23
3469,1,puch,puch,23
3469,2,xkiwub'aj,xkiwub'aj,23
3469,3,ri,ri,23
3469,4,"wak,",wak,23
3470,0,Kek'u',kek'u',23
3470,1,taqal,taqal,23
3470,2,u,u,23
3470,3,b'aq',b'aq',23
3470,4,wub',wub',23
3470,5,chu,chu,23
3470,6,b'aq',b'aq',23
3470,7,u,u,23
3470,8,wach.,wach,23
3471,0,Chiselet,chiselet,23
3471,1,"k'ut,",k'ut,23
3472,0,Xqaj,xqaj,23
3472,1,uloq.,uloq,23
3473,0,Qitzij,qitzij,23
3473,1,wi,wi,23
3473,2,k'ut,k'ut,23
3473,3,xb'e,xb'e,23
3473,4,ki,ki,23
3473,5,chapa'.,chapa',23
3474,0,K'ate,k'ate,23
3474,1,xkitz'onoj:,xkitz'onoj,23
3475,0,“Ju,ju,23
3475,1,pa,pa,23
3475,2,a,a,23
3475,3,petik?”,petik,23
3476,0,Xecha',xecha',23
3476,1,chire,chire,23
3476,2,wak.,wak,23
3477,0,“K'o,k'o,23
3477,1,b'a,b'a,23
3477,2,nu,nu,23
3477,3,tzij,tzij,23
3477,4,chi,chi,23
3477,5,nu,nu,23
3477,6,pam.,pam,23
3478,0,Chikunaj,chikunaj,23
3478,1,ta,ta,23
3478,2,na,na,23
3478,3,u,u,23
3478,4,b'aq',b'aq',23
3478,5,nu,nu,23
3478,6,wach,wach,23
3478,7,"nab'e,",nab'e,23
3479,0,K'ate,k'ate,23
3479,1,k'ut,k'ut,23
3479,2,"xchinb'ij,”",xchinb'ij,23
3480,0,Xcha',xcha',23
3480,1,ri,ri,23
3480,2,wak.,wak,23
3481,0,“Utz,utz,23
3481,1,b'a,b'a,23
3481,2,"la',”",la',23
3482,0,Xecha',xecha',23
3482,1,k'ut.,k'ut,23
3483,0,K'ate,k'ate,23
3483,1,xkelesaj,xkelesaj,23
3483,2,sqaqi'n,sqaqi'n,23
3484,0,Rij,rij,23
3484,1,kik',kik',23
3484,2,ri,ri,23
3484,3,cha'j.,cha'j,23
3485,0,Xkikoj,xkikoj,23
3485,1,chi,chi,23
3485,2,u,u,23
3485,3,wach,wach,23
3485,4,ri,ri,23
3485,5,"wak,",wak,23
3486,0,Lotz,lotz,23
3486,1,Kik',kik',23
3486,2,xub'i'naj,xub'i'naj,23
3486,3,kumal.,kumal,23
3487,0,Lib'aj,lib'aj,23
3487,1,chi,chi,23
3487,2,k'ut,k'ut,23
3487,3,xkach'oj,xkach'oj,23
3487,4,"kumal,",kumal,23
3488,0,Utz,utz,23
3488,1,chik,chik,23
3488,2,u,u,23
3488,3,muqub'al,muqub'al,23
3488,4,ri,ri,23
3488,5,wak,wak,23
3488,6,xuxik.,xuxik,23
3489,0,“Chab'ij,chab'ij,23
3489,1,"k'ut,”",k'ut,23
3490,0,Xecha',xecha',23
3490,1,chire,chire,23
3490,2,wak.,wak,23
3491,0,K'ate,k'ate,23
3491,1,k'ut,k'ut,23
3491,2,xuxawaj,xuxawaj,23
3491,3,nima,nima,23
3491,4,kumatz.,kumatz,23
3492,0,"“Kach'awoq,”",kach'awoq,23
3492,1,xecha',xecha',23
3492,2,chik,chik,23
3492,3,chire,chire,23
3492,4,kumatz.,kumatz,23
3493,0,"“We',”",we',23
3493,1,xcha',xcha',23
3493,2,chi,chi,23
3493,3,k'ut.,k'ut,23
3494,0,Ta,ta,23
3494,1,xuxawaj,xuxawaj,23
3494,2,chi,chi,23
3494,3,xpeq.,xpeq,23
3495,0,“Naqi,naqi,23
3495,1,pa,pa,23
3495,2,a,a,23
3495,3,taqikil?,taqikil,23
3496,0,"Kattzijonoq,”",kattzijonoq,23
3497,0,Xuchax,xuchax,23
3497,1,chi,chi,23
3497,2,k'u,k'u,23
3497,3,ri,ri,23
3497,4,xpeq.,xpeq,23
3499,0,K'ate,k'ate,23
3499,1,k'ut,k'ut,23
3499,2,xutij,xutij,23
3499,3,xab'ik.,xab'ik,23
3500,0,Maja,maja,23
3500,1,b'i,b'i,23
3500,2,xuxawaj.,xuxawaj,23
3501,0,Xa,xa,23
3501,1,keje',keje',23
3501,2,chuk'axaj,chuk'axaj,23
3501,3,u,u,23
3501,4,chi'.,chi',23
3502,0,"Chutijo,",chutijo,23
3503,0,Xma,xma,23
3503,1,k'o,k'o,23
3503,2,wi,wi,23
3503,3,chuxawaj.,chuxawaj,23
3504,0,K'ate,k'ate,23
3504,1,k'ut,k'ut,23
3504,2,xraj,xraj,23
3504,3,ch'ayik,ch'ayik,23
3504,4,kumal,kumal,23
3504,5,"k'ajolab',",k'ajolab',23
3505,0,“At,at,23
3505,1,"k'axtok',”",k'axtok',23
3505,2,xuchaxik.,xuchaxik,23
3506,0,Ta,ta,23
3506,1,xyik',xyik',23
3506,2,u,u,23
3506,3,wa,wa,23
3506,4,rachaq,rachaq,23
3506,5,chi,chi,23
3506,6,aqan.,aqan,23
3507,0,Xk'aj,xk'aj,23
3507,1,k'u,k'u,23
3507,2,b'aqil,b'aqil,23
3507,3,u,u,23
3507,4,wa,wa,23
3507,5,rachaq,rachaq,23
3507,6,chi,chi,23
3507,7,aqan.,aqan,23
3508,0,Xutij,xutij,23
3508,1,chi,chi,23
3508,2,"k'ut,",k'ut,23
3509,0,Xa,xa,23
3509,1,keje',keje',23
3509,2,chuchub',chuchub',24
3509,3,u,u,24
3509,4,chi'.,chi',24
3510,0,K'ate,k'ate,24
3510,1,puch,puch,24
3510,2,xkirech',xkirech',24
3510,3,u,u,24
3510,4,chi',chi',24
3510,5,ri,ri,24
3510,6,"xpeq,",xpeq,24
3511,0,Xrech',xrech',24
3511,1,kumal,kumal,24
3511,2,k'ajolab'.,k'ajolab',24
3512,0,Xkitzukuj,xkitzukuj,24
3512,1,pu,pu,24
3512,2,"chi',",chi',24
3513,0,Xa,xa,24
3513,1,k'u,k'u,24
3513,2,nak'al,nak'al,24
3513,3,ri,ri,24
3513,4,uk',uk',24
3514,0,Chuwa,chuwa,24
3514,1,re',re',24
3514,2,xpeq.,xpeq,24
3515,0,Xa,xa,24
3515,1,pu,pu,24
3515,2,chi',chi',24
3515,3,k'o,k'o,24
3515,4,wi.,wi,24
3516,0,Ma,ma,24
3516,1,na,na,24
3516,2,"xub'iq'o,",xub'iq'o,24
3517,0,Xa,xa,24
3517,1,keje',keje',24
3517,2,xab'iq'.,xab'iq',24
3518,0,Keje',keje',24
3518,1,k'ut,k'ut,24
3518,2,xch'akataj,xch'akataj,24
3518,3,wi,wi,24
3518,4,ri,ri,24
3518,5,"xpeq,",xpeq,24
3519,0,Mawi,mawi,24
3519,1,q'alaj,q'alaj,24
3519,2,u,u,24
3519,3,wach,wach,24
3519,4,recha',recha',24
3519,5,xkiya'o.,xkiya'o,24
3520,0,Ruk',ruk',24
3520,1,mawi,mawi,24
3520,2,"chanik,",chanik,24
3521,0,Xa,xa,24
3521,1,u,u,24
3521,2,ch'ak,ch'ak,24
3521,3,kumatz,kumatz,24
3521,4,xuxik.,xuxik,24
3522,0,“Katzijonoq!”,katzijonoq,24
3523,0,Xuchax,xuchax,24
3523,1,chi,chi,24
3523,2,k'ut,k'ut,24
3523,3,ri,ri,24
3523,4,uk'.,uk',24
3524,0,Ta,ta,24
3524,1,xub'ij,xub'ij,24
3524,2,k'u,k'u,24
3524,3,u,u,24
3524,4,tzij.,tzij,24
3525,0,“Kacha',kacha',24
3525,1,ri,ri,24
3525,2,iwati't,iwati't,24
3525,3,ix,ix,24
3525,4,k'ajolab':,k'ajolab',24
3526,0,‘Je',je',24
3526,1,a,a,24
3526,2,taqa.,taqa,24
3527,0,Xul,xul,24
3527,1,taqol,taqol,24
3527,2,ke.,ke,24
3528,0,Kape,kape,24
3528,1,chi,chi,24
3528,2,"Xib'alb'a,",xib'alb'a,24
3529,0,U,u,24
3529,1,samajel,samajel,24
3530,0,Jun,jun,24
3530,1,Kame,kame,24
3531,0,Wuqub',wuqub',24
3531,1,Kame.,kame,24
3532,0,‘Wuqub'ix,wuqub'ix,24
3532,1,ke'ulik,ke'ulik,24
3532,2,"waral,",waral,24
3533,0,Kojcha'j,kojcha'j,24
3533,1,wi.,wi,24
3534,0,Chipe,chipe,24
3534,1,ri,ri,24
3534,2,ketz'ab'al:,ketz'ab'al,24
3535,0,"Kik',",kik',24
3536,0,"B'ate,",b'ate,24
3537,0,Pach',pach',24
3537,1,"q'ab',",q'ab',24
3538,0,Tz'um.,tz'um,24
3539,0,Are',are',24
3539,1,chik'astaj,chik'astaj,24
3539,2,u,u,24
3539,3,wach,wach,24
3539,4,"waral,’",waral,24
3540,0,Kecha',kecha',24
3540,1,ajawab'.,ajawab',24
3541,0,‘Xul,xul,24
3541,1,ki,ki,24
3541,2,"tzij,’",tzij,24
3542,0,Kacha',kacha',24
3542,1,ri,ri,24
3542,2,iwati't.,iwati't,24
3543,0,‘Ta,ta,24
3543,1,"xipetik,’",xipetik,24
3544,0,Qitzij,qitzij,24
3544,1,kacha',kacha',24
3544,2,ri,ri,24
3544,3,iwati't.,iwati't,24
3545,0,"Koq'ik,",koq'ik,24
3546,0,"Kasik'inik,",kasik'inik,24
3547,0,Iwati't,iwati't,24
3548,0,Xipetik.”,xipetik,24
3549,0,“Ma,ma,24
3549,1,qitzij!”,qitzij,24
3549,2,xecha',xecha',24
3549,3,k'ut,k'ut,24
3549,4,k'ajolab',k'ajolab',24
3549,5,chi,chi,24
3549,6,ki,ki,24
3549,7,k'u'x,k'u'x,24
3550,0,Ta,ta,24
3550,1,xkita'o.,xkita'o,24
3551,0,Ju,ju,24
3551,1,su,su,24
3551,2,"xepetik,",xepetik,24
3552,0,Xe'opon,xe'opon,24
3552,1,k'ut,k'ut,24
3552,2,ruk',ruk',24
3552,3,kati't.,kati't,24
3553,0,Xa,xa,24
3553,1,e,e,24
3553,2,pixab'ay,pixab'ay,24
3553,3,chire,chire,24
3554,0,Kati't,kati't,24
3555,0,Xeb'ek.,xeb'ek,24
3556,0,“JO',jo',24
3556,1,"na,",na,24
3557,0,Ix,ix,24
3557,1,"qati't,",qati't,24
3558,0,Xa,xa,24
3558,1,oj,oj,24
3558,2,pixab'ay,pixab'ay,24
3558,3,iwe.,iwe,24
3559,0,Wa'e,wa'e,24
3559,1,k'ute,k'ute,24
3559,2,retal,retal,24
3559,3,qa,qa,24
3559,4,"tzij,",tzij,24
3560,0,Xchiqakanaj.,xchiqakanaj,24
3561,0,Jujun,jujun,24
3561,1,xchiqatik,xchiqatik,24
3561,2,chire,chire,24
3561,3,wa',wa',24
3561,4,"aj,",aj,24
3562,0,Chu,chu,24
3562,1,nik'ajal,nik'ajal,24
3562,2,qochoch,qochoch,24
3562,3,xchiqatik,xchiqatik,24
3562,4,wi.,wi,24
3563,0,Are',are',24
3563,1,retal,retal,24
3563,2,qa,qa,24
3563,3,kamik,kamik,24
3564,0,We,we,24
3564,1,chichaqijik.,chichaqijik,24
3565,0,‘Mi,mi,24
3565,1,pa,pa,24
3565,2,"xekamik,’",xekamik,24
3566,0,Kixcha',kixcha',24
3566,1,ta,ta,24
3566,2,chichaqijik.,chichaqijik,24
3567,0,We,we,24
3567,1,k'ut,k'ut,24
3567,2,ta,ta,24
3567,3,chipe,chipe,24
3567,4,u,u,24
3567,5,"tux,",tux,24
3568,0,‘E,e,24
3568,1,pa,pa,24
3568,2,"k'aslik,’",k'aslik,24
3568,3,kixcha',kixcha',24
3568,4,"k'ut,",k'ut,24
3569,0,Ix,ix,24
3569,1,"qati't,",qati't,24
3570,0,Ix,ix,24
3570,1,pu,pu,24
3570,2,qa,qa,24
3570,3,chuch.,chuch,24
3571,0,"Mixoq'ik,",mixoq'ik,24
3571,1,k'o,k'o,24
3571,2,retal,retal,24
3571,3,qa,qa,24
3571,4,"tzij,",tzij,24
3572,0,Kakanajik,kakanajik,24
3572,1,"iwuk',”",iwuk',24
3572,2,xecha'.,xecha',24
3573,0,Ta,ta,24
3573,1,xeb'ek,xeb'ek,24
3573,2,jun,jun,24
3573,3,xutik,xutik,24
3573,4,"Junajpu,",junajpu,24
3574,0,Jun,jun,24
3574,1,chi,chi,24
3574,2,k'u,k'u,24
3574,3,xtikow,xtikow,24
3574,4,Xb'alanke.,xb'alanke,24
3575,0,Xa,xa,24
3575,1,pa,pa,24
3575,2,ja,ja,24
3575,3,xutik,xutik,24
3575,4,wi.,wi,24
3576,0,Ma,ma,24
3576,1,na,na,24
3576,2,pa,pa,24
3576,3,juyub',juyub',24
3576,4,"taj,",taj,24
3577,0,Ma,ma,24
3577,1,nay,nay,24
3577,2,pu,pu,24
3577,3,pa,pa,24
3577,4,rax,rax,24
3577,5,ulew,ulew,24
3577,6,taj.,taj,24
3578,0,Xa,xa,24
3578,1,pa,pa,24
3578,2,chaqi'j,chaqi'j,24
3578,3,"ulew,",ulew,24
3579,0,Chu,chu,24
3579,1,nik'ajal,nik'ajal,24
3579,2,u,u,24
3579,3,pa,pa,24
3579,4,"kochoch,",kochoch,24
3580,0,Xkitik,xkitik,24
3580,1,wi,wi,24
3580,2,kanoq.,kanoq,24
3581,0,Ta,ta,24
3581,1,xeb'e,xeb'e,24
3581,2,"k'ut,",k'ut,24
3582,0,Jujun,jujun,24
3582,1,chi,chi,24
3582,2,wub',wub',24
3582,3,chike.,chike,24
3583,0,Xeqaj,xeqaj,24
3583,1,chi,chi,24
3583,2,"Xib'alb'a,",xib'alb'a,24
3584,0,Lib'aj,lib'aj,24
3584,1,chi,chi,24
3584,2,xeqaj,xeqaj,24
3584,3,chuwa,chuwa,24
3584,4,kumuk.,kumuk,24
3585,0,Xe'ik'ow,xe'ik'ow,24
3585,1,chiwi',chiwi',24
3585,2,k'ut,k'ut,24
3586,0,Chupan,chupan,24
3586,1,jal,jal,24
3586,2,ja',ja',24
3586,3,siwan.,siwan,24
3587,0,Xa,xa,24
3587,1,chuxo'l,chuxo'l,24
3587,2,tz'ikin,tz'ikin,24
3588,0,Xe'ik'ow,xe'ik'ow,24
3588,1,wi.,wi,24
3589,0,Are',are',24
3589,1,ri,ri,24
3589,2,"tz'ikin,",tz'ikin,24
3590,0,Molay,molay,24
3590,1,ki,ki,24
3590,2,b'i'.,b'i',24
3591,0,Xe'ik'ow,xe'ik'ow,24
3591,1,chi,chi,24
3591,2,k'ut,k'ut,24
3591,3,pa,pa,24
3591,4,Puj,puj,24
3591,5,"Ya',",ya',24
3592,0,Pa,pa,24
3592,1,Kik',kik',24
3592,2,"Ya',",ya',24
3593,0,Ch'akb'al,ch'akb'al,24
3593,1,ta,ta,24
3593,2,ke,ke,24
3594,0,Chi,chi,24
3594,1,ki,ki,24
3594,2,k'u'x,k'u'x,24
3594,3,Xib'alb'a.,xib'alb'a,24
3595,0,Mawi,mawi,24
3595,1,xkiyikow.,xkiyikow,24
3596,0,Xa,xa,24
3596,1,chirij,chirij,24
3596,2,wub',wub',24
3596,3,xe'ik'ow,xe'ik'ow,24
3596,4,wi.,wi,24
3597,0,Xe'el,xe'el,24
3597,1,chi,chi,24
3597,2,k'u,k'u,24
3597,3,apanoq,apanoq,24
3597,4,pa,pa,24
3597,5,kajib',kajib',24
3597,6,xalkat,xalkat,24
3597,7,b'e.,b'e,24
3598,0,Xa,xa,24
3598,1,xketa'm,xketa'm,24
3598,2,wi,wi,24
3598,3,k'ut,k'ut,24
3598,4,ki,ki,24
3598,5,b'e,b'e,24
3598,6,Xib'alb'a:,xib'alb'a,24
3599,0,Q'eqa,q'eqa,24
3599,1,"B'e,",b'e,24
3600,0,Saqi,saqi,24
3600,1,"B'e,",b'e,24
3601,0,Kaqa,kaqa,24
3601,1,"B'e,",b'e,24
3602,0,Raxa,raxa,24
3602,1,B'e.,b'e,24
3603,0,Chiri',chiri',24
3603,1,k'ut,k'ut,24
3603,2,xkitaq,xkitaq,24
3603,3,wi,wi,24
3603,4,jun,jun,24
3603,5,"chikop,",chikop,24
3604,0,Xa'n,xa'n,24
3604,1,u,u,24
3604,2,b'i'.,b'i',24
3605,0,Are',are',24
3605,1,k'amol,k'amol,24
3605,2,ki,ki,24
3605,3,"ta,",ta,24
3606,0,Xkitaq,xkitaq,24
3606,1,ub'ik.,ub'ik,24
3607,0,“Jujunal,jujunal,24
3607,1,ke'ati'o.,ke'ati'o,24
3608,0,Nab'e,nab'e,24
3608,1,chati',chati',24
3609,0,Ri,ri,24
3609,1,nab'e,nab'e,24
3609,2,ku'b'ulel.,ku'b'ulel,24
3610,0,Chatz'akonisaj,chatz'akonisaj,24
3610,1,ki,ki,24
3610,2,ti'ik,ti'ik,24
3610,3,konojel.,konojel,24
3611,0,Xawech,xawech,24
3611,1,wi,wi,24
3611,2,k'ut,k'ut,24
3611,3,chatz'ub'aj,chatz'ub'aj,24
3611,4,wi,wi,24
3611,5,u,u,24
3611,6,kik'el,kik'el,24
3612,0,Winaq,winaq,24
3612,1,pa,pa,24
3612,2,"b'e,”",b'e,24
3612,3,xuchaxik,xuchaxik,24
3612,4,ri,ri,24
3612,5,xa'n.,xa'n,24
3613,0,“Utz,utz,24
3613,1,b'a,b'a,24
3613,2,"la',”",la',24
3613,3,xcha',xcha',24
3613,4,k'u,k'u,24
3613,5,ri,ri,24
3613,6,xa'n.,xa'n,24
3614,0,Ta,ta,24
3614,1,xok,xok,24
3614,2,pa,pa,24
3614,3,Q'eqa,q'eqa,24
3614,4,"B'e,",b'e,24
3615,0,Tak'al,tak'al,24
3615,1,k'u,k'u,24
3615,2,chirij,chirij,24
3616,0,Ri,ri,24
3616,1,poy,poy,24
3616,2,ajam,ajam,24
3616,3,che'.,che',24
3617,0,Nab'e,nab'e,24
3617,1,ku'lel,ku'lel,24
3617,2,e,e,24
3617,3,"kawutalik,",kawutalik,24
3618,0,Nab'e,nab'e,24
3618,1,k'ut,k'ut,24
3618,2,xuti'o.,xuti'o,24
3619,0,Mawi,mawi,24
3619,1,xch'awik.,xch'awik,24
3620,0,Xuti',xuti',24
3620,1,chi,chi,24
3620,2,k'u.,k'u,24
3621,0,Ta,ta,24
3621,1,xuti',xuti',24
3621,2,chi,chi,24
3621,3,u,u,24
3621,4,kab',kab',24
3621,5,"ku'lel,",ku'lel,24
3622,0,Ma,ma,24
3622,1,chi,chi,24
3622,2,wi,wi,24
3622,3,xch'awik.,xch'awik,24
3623,0,Xuti',xuti',24
3623,1,chi,chi,24
3623,2,k'u,k'u,24
3623,3,"rox,",rox,24
3624,0,K'a,k'a,24
3624,1,chi,chi,24
3624,2,rox,rox,24
3624,3,ku'lel,ku'lel,24
3624,4,k'o,k'o,24
3624,5,wi,wi,24
3624,6,Jun,jun,24
3624,7,Kame.,kame,24
3625,0,“Aki!”,aki,24
3626,0,Xcha',xcha',24
3626,1,k'ut,k'ut,24
3626,2,jun,jun,24
3626,3,ta,ta,24
3626,4,xti'ik.,xti'ik,24
3627,0,“Naqi?”,naqi,24
3628,0,“Aji!”,aji,24
3628,1,xcha',xcha',24
3628,2,Jun,jun,24
3628,3,Kame.,kame,24
3629,0,"“Naqi,",naqi,24
3629,1,Jun,jun,24
3629,2,Kame?,kame,24
3630,0,Naqi,naqi,24
3630,1,la'?”,la',24
3631,0,“Mi,mi,24
3631,1,xiti'owik!”,xiti'owik,24
3632,0,“Xa...aji!,xaaji,24
3632,1,Naqi,naqi,24
3632,2,chila'?,chila',24
3633,0,Mi,mi,24
3633,1,xiti'owik!”,xiti'owik,24
3634,0,Xcha',xcha',24
3634,1,chik,chik,24
3634,2,u,u,24
3634,3,kaj,kaj,24
3634,4,ku'lel.,ku'lel,24
3635,0,"“Naqi,",naqi,24
3635,1,Wuqub',wuqub',24
3635,2,Kame?,kame,24
3636,0,Naqi,naqi,24
3636,1,la'?”,la',24
3637,0,“Mi,mi,24
3637,1,xiti'owik!”,xiti'owik,24
3638,0,Xcha',xcha',24
3638,1,chi,chi,24
3638,2,ro',ro',24
3638,3,ku'lel.,ku'lel,24
3639,0,“Aji!,aji,24
3639,1,Aji!”,aji,24
3640,0,Xcha',xcha',24
3640,1,na.,na,24
3641,0,“Xik'iri,xik'iri,24
3641,1,"Pat,”",pat,24
3642,0,Xcha',xcha',24
3642,1,Wuqub',wuqub',24
3642,2,Kame,kame,24
3642,3,"chire,",chire,24
3643,0,“Naqi,naqi,24
3643,1,la'?”,la',24
3644,0,“Mi,mi,24
3644,1,xiti'owik!”,xiti'owik,24
3644,2,xcha',xcha',24
3644,3,chik.,chik,24
3645,0,Xti'ik,xti'ik,24
3645,1,u,u,24
3645,2,waqaq,waqaq,24
3645,3,ku'lel.,ku'lel,24
3646,0,“Aji!”,aji,24
3647,0,"“Naqi,",naqi,24
3647,1,Kuchuma,kuchuma,24
3647,2,Kik'?”,kik',24
3648,0,Xcha',xcha',24
3648,1,Xik'iri,xik'iri,24
3648,2,Pat,pat,24
3648,3,"chire,",chire,24
3649,0,“Naqi,naqi,24
3649,1,la'?”,la',24
3650,0,“Mi,mi,24
3650,1,xiti'owik!”,xiti'owik,24
3650,2,xcha',xcha',24
3650,3,chik.,chik,24
3651,0,Ta,ta,25
3651,1,xti',xti',25
3651,2,u,u,25
3651,3,wuq,wuq,25
3651,4,ku'lel.,ku'lel,25
3652,0,“Aji!”,aji,25
3652,1,xcha',xcha',25
3652,2,chik.,chik,25
3653,0,"“Naqi,",naqi,25
3653,1,Ajal,ajal,25
3653,2,Puj?”,puj,25
3654,0,Xcha',xcha',25
3654,1,Kuchuma,kuchuma,25
3654,2,Kik',kik',25
3654,3,"chire,",chire,25
3655,0,“Naqi,naqi,25
3655,1,la'?”,la',25
3656,0,“Mi,mi,25
3656,1,xiti'owik!”,xiti'owik,25
3656,2,xcha',xcha',25
3656,3,chik.,chik,25
3657,0,Ta,ta,25
3657,1,xti',xti',25
3657,2,u,u,25
3657,3,wajxaq,wajxaq,25
3657,4,ku'lel.,ku'lel,25
3658,0,“Aji!”,aji,25
3658,1,xcha',xcha',25
3658,2,chik.,chik,25
3659,0,"“Naqi,",naqi,25
3659,1,Ajal,ajal,25
3659,2,Q'ana?”,q'ana,25
3660,0,Xcha',xcha',25
3660,1,chi,chi,25
3660,2,Ajal,ajal,25
3660,3,Puj,puj,25
3660,4,"chire,",chire,25
3661,0,“Naqi,naqi,25
3661,1,la'?”,la',25
3662,0,“Mi,mi,25
3662,1,xiti'owik!”,xiti'owik,25
3662,2,cha',cha',25
3662,3,chik.,chik,25
3663,0,Ta,ta,25
3663,1,xti',xti',25
3663,2,chik,chik,25
3663,3,u,u,25
3663,4,b'elej,b'elej,25
3663,5,ku'lel.,ku'lel,25
3664,0,“Aji!”,aji,25
3664,1,xcha'.,xcha',25
3665,0,"“Naqi,",naqi,25
3665,1,Ch'ami'ya,ch'ami'ya,25
3665,2,B'aq?”,b'aq,25
3666,0,Xcha',xcha',25
3666,1,Ajal,ajal,25
3666,2,Q'ana,q'ana,25
3666,3,"chire,",chire,25
3667,0,“Naqi,naqi,25
3667,1,la'?”,la',25
3668,0,“Mi,mi,25
3668,1,xiti'owik!”,xiti'owik,25
3668,2,xcha',xcha',25
3668,3,chik.,chik,25
3669,0,Ta,ta,25
3669,1,xti',xti',25
3669,2,chik,chik,25
3669,3,u,u,25
3669,4,lajuj,lajuj,25
3669,5,ku'b'ulel.,ku'b'ulel,25
3670,0,“Aji!”,aji,25
3671,0,"“Naqi,",naqi,25
3671,1,Ch'ami'ya,ch'ami'ya,25
3671,2,Jolom?”,jolom,25
3672,0,Xcha',xcha',25
3672,1,Ch'ami'ya,ch'ami'ya,25
3672,2,"B'aq,",b'aq,25
3673,0,“Naqi,naqi,25
3673,1,la'?”,la',25
3674,0,“Mi,mi,25
3674,1,xiti'owik!”,xiti'owik,25
3674,2,xcha',xcha',25
3674,3,chik.,chik,25
3675,0,Ta,ta,25
3675,1,xti',xti',25
3675,2,chik,chik,25
3675,3,u,u,25
3675,4,julaj,julaj,25
3675,5,ku'lel.,ku'lel,25
3676,0,“Aji!”,aji,25
3676,1,xcha',xcha',25
3676,2,chik.,chik,25
3677,0,"“Naqi,",naqi,25
3677,1,[Xik']?”,xik',25
3678,0,Cha',cha',25
3678,1,chik,chik,25
3678,2,Ch'ami'ya,ch'ami'ya,25
3678,3,Jolom,jolom,25
3678,4,"chire,",chire,25
3679,0,“Naqi,naqi,25
3679,1,la'?”,la',25
3680,0,“Mi,mi,25
3680,1,xiti'owik!”,xiti'owik,25
3680,2,xcha',xcha',25
3680,3,chik.,chik,25
3681,0,Ta,ta,25
3681,1,xti',xti',25
3681,2,chik,chik,25
3681,3,u,u,25
3681,4,kab'lajuj,kab'lajuj,25
3681,5,ku'lel.,ku'lel,25
3682,0,“Aji!”,aji,25
3682,1,xcha',xcha',25
3682,2,chik.,chik,25
3683,0,"“Naqi,",naqi,25
3683,1,Patan?”,patan,25
3684,0,Xcha',xcha',25
3684,1,chik,chik,25
3684,2,[Xik'],xik',25
3684,3,"chire,",chire,25
3685,0,“Naqi,naqi,25
3685,1,la'?”,la',25
3686,0,“Mi,mi,25
3686,1,xiti'owik!”,xiti'owik,25
3686,2,xcha',xcha',25
3686,3,chik.,chik,25
3687,0,Ta,ta,25
3687,1,xti',xti',25
3687,2,chik,chik,25
3687,3,roxlajuj,roxlajuj,25
3687,4,ku'lel.,ku'lel,25
3688,0,“Aji!”,aji,25
3689,0,"“Naqi,",naqi,25
3689,1,Kik',kik',25
3689,2,"[Re'],”",re',25
3690,0,Cha',cha',25
3690,1,Patan,patan,25
3690,2,"chirech,",chirech,25
3691,0,“Naqi,naqi,25
3691,1,la'?”,la',25
3692,0,“Mi,mi,25
3692,1,xiti'owik!”,xiti'owik,25
3692,2,xcha',xcha',25
3692,3,chik.,chik,25
3693,0,Ta,ta,25
3693,1,xti',xti',25
3693,2,chik,chik,25
3693,3,u,u,25
3693,4,kajlajuj,kajlajuj,25
3693,5,ku'lel.,ku'lel,25
3694,0,“Aji!”,aji,25
3695,0,“Naqi,naqi,25
3695,1,la'?”,la',25
3696,0,“Mi,mi,25
3696,1,xitiowik!”,xitiowik,25
3697,0,Xcha',xcha',25
3697,1,chik,chik,25
3697,2,Kik',kik',25
3697,3,"Rixk'aq,",rixk'aq,25
3698,0,Xcha',xcha',25
3698,1,Kik',kik',25
3698,2,Re',re',25
3698,3,chirech.,chirech,25
3699,0,Keje',keje',25
3699,1,k'ut,k'ut,25
3699,2,u,u,25
3699,3,b'i'xik,b'i'xik,25
3699,4,ki,ki,25
3699,5,"b'i',",b'i',25
3700,0,Ri',ri',25
3700,1,xkib'i'j.,xkib'i'j,25
3701,0,Konojel,konojel,25
3701,1,chi,chi,25
3701,2,kib'il,kib'il,25
3701,3,kib',kib',25
3701,4,xkik'ut,xkik'ut,25
3701,5,u,u,25
3701,6,"wach,",wach,25
3702,0,Xkib'i'j,xkib'i'j,25
3702,1,ki,ki,25
3702,2,b'i'.,b'i',25
3703,0,Jujun,jujun,25
3703,1,chijoloman,chijoloman,25
3703,2,u,u,25
3703,3,b'i'xik,b'i'xik,25
3703,4,"kumal,",kumal,25
3704,0,Are',are',25
3704,1,chib'i'n,chib'i'n,25
3704,2,u,u,25
3704,3,b'i',b'i',25
3704,4,jun,jun,25
3704,5,ri,ri,25
3704,6,ku'b'ul,ku'b'ul,25
3704,7,chu,chu,25
3704,8,xukut.,xukut,25
3705,0,Maja,maja,25
3705,1,b'i,b'i,25
3705,2,junoq,junoq,25
3705,3,xkisach,xkisach,25
3705,4,u,u,25
3705,5,"b'i',",b'i',25
3706,0,K'is,k'is,25
3706,1,ki,ki,25
3706,2,b'i'j,b'i'j,25
3706,3,ki,ki,25
3706,4,b'i',b'i',25
3706,5,konojel,konojel,25
3707,0,Ta,ta,25
3707,1,xeti',xeti',25
3707,2,rumal,rumal,25
3707,3,rismal,rismal,25
3707,4,u,u,25
3707,5,wach,wach,25
3707,6,u,u,25
3707,7,ch'ek,ch'ek,25
3707,8,"Junajpu,",junajpu,25
3708,0,Xumich',xumich',25
3708,1,ub'ik.,ub'ik,25
3709,0,Ma,ma,25
3709,1,na,na,25
3709,2,qitzij,qitzij,25
3709,3,xa'n,xa'n,25
3709,4,ri,ri,25
3709,5,xeti'owik.,xeti'owik,25
3710,0,Xb'e,xb'e,25
3710,1,ta'o,ta'o,25
3710,2,ki,ki,25
3710,3,b'i',b'i',25
3710,4,konojel,konojel,25
3711,0,Rumal,rumal,25
3711,1,Junajpu,junajpu,25
3712,0,Xb'alanke.,xb'alanke,25
3713,0,K'ate,k'ate,25
3713,1,k'ut,k'ut,25
3713,2,ta,ta,25
3713,3,"xeb'ek,",xeb'ek,25
3714,0,Ta,ta,25
3714,1,xe'opon,xe'opon,25
3714,2,"puch,",puch,25
3715,0,Chila',chila',25
3715,1,e,e,25
3715,2,k'o,k'o,25
3715,3,wi,wi,25
3716,0,Xib'alb'a.,xib'alb'a,25
3717,0,“Chiq'ijila',chiq'ijila',25
3717,1,"ajaw,”",ajaw,25
3717,2,"xcha',",xcha',25
3718,0,“Ri',ri',25
3718,1,"ku'b'ulik,”",ku'b'ulik,25
3718,2,xcha',xcha',25
3718,3,jun,jun,25
3718,4,taqchi'nel.,taqchi'nel,25
3719,0,“Mawi,mawi,25
3719,1,are',are',25
3719,2,ajaw,ajaw,25
3719,3,"ri',",ri',25
3720,0,Xa,xa,25
3720,1,poy,poy,25
3720,2,ajam,ajam,25
3720,3,che',che',25
3720,4,"ri',”",ri',25
3721,0,Xecha',xecha',25
3721,1,ta,ta,25
3721,2,xe'oponik.,xe'oponik,25
3722,0,K'ate,k'ate,25
3722,1,k'ut,k'ut,25
3722,2,ta,ta,25
3722,3,xeq'ala'inik:,xeq'ala'inik,25
3723,0,“Q'ala,q'ala,25
3723,1,ta,ta,25
3723,2,Jun,jun,25
3723,3,"Kame,",kame,25
3724,0,Q'ala,q'ala,25
3724,1,ta,ta,25
3724,2,Wuqub',wuqub',25
3724,3,"Kame,",kame,25
3725,0,Q'ala,q'ala,25
3725,1,ta,ta,25
3725,2,Xik'iri,xik'iri,25
3725,3,"Pat,",pat,25
3726,0,Q'ala,q'ala,25
3726,1,ta,ta,25
3726,2,Kuchuma,kuchuma,25
3726,3,"Kik',",kik',25
3727,0,Q'ala,q'ala,25
3727,1,ta,ta,25
3727,2,Ajal,ajal,25
3727,3,"Puj,",puj,25
3728,0,Q'ala,q'ala,25
3728,1,ta,ta,25
3728,2,Ajal,ajal,25
3728,3,"Q'ana,",q'ana,25
3729,0,Q'ala,q'ala,25
3729,1,ta,ta,25
3729,2,Ch'ami'ya,ch'ami'ya,25
3729,3,"B'aq,",b'aq,25
3730,0,Q'ala,q'ala,25
3730,1,ta,ta,25
3730,2,Ch'ami'ya,ch'ami'ya,25
3730,3,"Jolom,",jolom,25
3731,0,Q'ala,q'ala,25
3731,1,"ta,",ta,25
3731,2,Q'ala,q'ala,25
3731,3,"Xik',",xik',25
3732,0,Q'ala,q'ala,25
3732,1,ta,ta,25
3732,2,"patan,",patan,25
3733,0,Q'ala,q'ala,25
3733,1,ta,ta,25
3733,2,Kik',kik',25
3733,3,"Re',",re',25
3734,0,Q'ala,q'ala,25
3734,1,ta,ta,25
3734,2,Kik',kik',25
3734,3,"Rixk'aq,”",rixk'aq,25
3735,0,Xecha',xecha',25
3735,1,ta,ta,25
3735,2,xe'oponik.,xe'oponik,25
3736,0,Ronojel,ronojel,25
3736,1,xk'isk'ut,xk'isk'ut,25
3736,2,u,u,25
3736,3,wach.,wach,25
3737,0,Xkib'i'j,xkib'i'j,25
3737,1,u,u,25
3737,2,b'i',b'i',25
3737,3,"ronojel,",ronojel,25
3738,0,Maja,maja,25
3738,1,b'i,b'i,25
3738,2,jun,jun,25
3738,3,xkisach,xkisach,25
3738,4,u,u,25
3738,5,b'i'.,b'i',25
3739,0,Are,are,25
3739,1,ta,ta,25
3739,2,xajawax,xajawax,25
3739,3,"chikech,",chikech,25
3740,0,Ma,ma,25
3740,1,ta,ta,25
3740,2,xkanaj,xkanaj,25
3740,3,u,u,25
3740,4,b'i',b'i',25
3740,5,kumal.,kumal,25
3741,0,“Kixku',kixku',25
3741,1,"uloq,”",uloq,25
3742,0,Xe'uchax,xe'uchax,25
3742,1,k'ut.,k'ut,25
3743,0,Xerajoq,xerajoq,25
3743,1,chuwi',chuwi',25
3743,2,tem.,tem,25
3744,0,Ma,ma,25
3744,1,k'u,k'u,25
3744,2,xkaj:,xkaj,25
3745,0,“Mawi,mawi,25
3745,1,are',are',25
3745,2,qa,qa,25
3745,3,tem,tem,25
3745,4,"ri',",ri',25
3746,0,Xa,xa,25
3746,1,chojim,chojim,25
3746,2,ab'aj,ab'aj,25
3746,3,ri,ri,25
3746,4,"tem,”",tem,25
3747,0,Xecha',xecha',25
3747,1,Junajpu,junajpu,25
3748,0,Xb'alanke.,xb'alanke,25
3749,0,Mawi,mawi,25
3749,1,xech'akatajik.,xech'akatajik,25
3751,0,K'ate,k'ate,25
3751,1,k'ut,k'ut,25
3751,2,ta,ta,25
3751,3,xe'ok,xe'ok,25
3751,4,pa,pa,25
3751,5,Q'equ'ma,q'equ'ma,25
3751,6,Ja.,ja,25
3752,0,Mawi,mawi,25
3752,1,xech'akatajik,xech'akatajik,25
3752,2,chiri',chiri',25
3753,0,Are,are,25
3753,1,nab'e,nab'e,25
3753,2,u,u,25
3753,3,tijob'al,tijob'al,25
3753,4,Xib'alb'a,xib'alb'a,25
3753,5,ri,ri,25
3753,6,xe'ok,xe'ok,25
3753,7,wi.,wi,25
3755,0,Chi,chi,25
3755,1,ki,ki,25
3755,2,k'u'x,k'u'x,25
3755,3,Xib'alb'a.,xib'alb'a,25
3756,0,Nab'e,nab'e,25
3756,1,xe'ok,xe'ok,25
3756,2,pa,pa,25
3756,3,Q'equ'ma,q'equ'ma,25
3756,4,"Ja,",ja,25
3757,0,K'ate,k'ate,25
3757,1,k'ut,k'ut,25
3757,2,ta,ta,25
3757,3,xb'e,xb'e,25
3757,4,ya'oq,ya'oq,25
3757,5,ki,ki,25
3757,6,chaj.,chaj,25
3758,0,Katilowik,katilowik,25
3758,1,ta,ta,25
3758,2,"xoponik,",xoponik,25
3759,0,Ruk',ruk',25
3759,1,jujun,jujun,25
3759,2,ki,ki,25
3759,3,sik',sik',25
3759,4,rumal,rumal,25
3759,5,u,u,25
3759,6,samajel,samajel,25
3759,7,Jun,jun,25
3759,8,Kame.,kame,25
3760,0,“‘Wa'e,wa'e,25
3760,1,ki,ki,25
3760,2,"chaje,’",chaje,25
3760,3,kacha',kacha',25
3760,4,ajaw.,ajaw,25
3761,0,‘Chul,chul,25
3761,1,ki,ki,25
3761,2,ya',ya',25
3761,3,chik,chik,25
3762,0,Ri,ri,25
3762,1,chaj,chaj,25
3762,2,"saqarik,",saqarik,25
3763,0,Ruk',ruk',25
3763,1,ri,ri,25
3763,2,sik'.,sik',25
3764,0,Chul,chul,25
3764,1,ki,ki,25
3764,2,"molob'a',’",molob'a',25
3764,3,kacha',kacha',25
3764,4,"ajaw,”",ajaw,25
3765,0,Xcha',xcha',25
3765,1,samajel,samajel,25
3765,2,ta,ta,25
3765,3,xoponik.,xoponik,25
3766,0,“Utz,utz,25
3766,1,b'a,b'a,25
3766,2,"la',”",la',25
3766,3,xecha',xecha',25
3766,4,"k'ut,",k'ut,25
3767,0,Ma,ma,25
3767,1,k'u,k'u,25
3767,2,xkitzij,xkitzij,25
3767,3,ri,ri,25
3767,4,chaj.,chaj,25
3768,0,Xa,xa,25
3768,1,kaqaj,kaqaj,25
3768,2,u,u,25
3768,3,k'exwach,k'exwach,25
3768,4,xokik.,xokik,25
3769,0,Are',are',25
3769,1,u,u,25
3769,2,je',je',25
3769,3,kaqix.,kaqix,25
3770,0,Keje',keje',25
3770,1,ri',ri',25
3770,2,chaj,chaj,25
3770,3,xkilo,xkilo,25
3770,4,waranel.,waranel,25
3771,0,Are',are',25
3771,1,chi,chi,25
3771,2,k'u,k'u,25
3771,3,ri,ri,25
3771,4,"sik',",sik',25
3772,0,Xa,xa,25
3772,1,q'aq'a,q'aq'a,25
3772,2,chikop,chikop,25
3772,3,xkikojo,xkikojo,25
3772,4,chuwi',chuwi',25
3772,5,sik'.,sik',25
3773,0,Jun,jun,25
3773,1,aq'ab',aq'ab',25
3773,2,chiyok'owik,chiyok'owik,25
3773,3,kumal.,kumal,25
3774,0,“Mi,mi,25
3774,1,"xeqach'ako,”",xeqach'ako,25
3774,2,xecha',xecha',25
3774,3,waranel.,waranel,25
3775,0,Ma,ma,25
3775,1,k'u,k'u,25
3775,2,ja,ja,25
3775,3,b'i,b'i,25
3775,4,xk'is,xk'is,25
3775,5,ri,ri,25
3775,6,"chaj,",chaj,25
3776,0,Xa,xa,25
3776,1,wi,wi,25
3776,2,xere,xere,26
3776,3,u,u,26
3776,4,wach.,wach,26
3777,0,Are',are',26
3777,1,k'u,k'u,26
3777,2,ri,ri,26
3777,3,"sik',",sik',26
3778,0,Maja,maja,26
3778,1,b'i,b'i,26
3778,2,naqi,naqi,26
3778,3,la',la',26
3778,4,xkitzij,xkitzij,26
3778,5,chire.,chire,26
3779,0,Xa,xa,26
3779,1,wi,wi,26
3779,2,xere,xere,26
3779,3,u,u,26
3779,4,"wach,",wach,26
3780,0,Xb'e,xb'e,26
3780,1,ya'oq,ya'oq,26
3780,2,kuk',kuk',26
3780,3,ajawab'.,ajawab',26
3781,0,“Naqi,naqi,26
3781,1,pa,pa,26
3781,2,ke'uxik?,ke'uxik,26
3782,0,Apa,apa,26
3782,1,xepe,xepe,26
3782,2,wi?,wi,26
3783,0,Achinaq,achinaq,26
3783,1,xek'ajolanik?,xek'ajolanik,26
3784,0,Xe'alanik?,xe'alanik,26
3785,0,Qitzij,qitzij,26
3785,1,kaq'atat,kaq'atat,26
3785,2,qa,qa,26
3785,3,"k'u'x,",k'u'x,26
3786,0,Rumal,rumal,26
3786,1,ma,ma,26
3786,2,utz,utz,26
3786,3,kakib'ano,kakib'ano,26
3786,4,chiqe.,chiqe,26
3787,0,Jalan,jalan,26
3787,1,ki,ki,26
3787,2,"wach,",wach,26
3788,0,Jalan,jalan,26
3788,1,nay,nay,26
3788,2,pu,pu,26
3788,3,ki,ki,26
3788,4,"k'oje'ik,”",k'oje'ik,26
3789,0,Xecha',xecha',26
3789,1,chikib'il,chikib'il,26
3789,2,kib'.,kib',26
3790,0,Ta,ta,26
3790,1,xetaqon,xetaqon,26
3790,2,k'ut,k'ut,26
3790,3,konojel,konojel,26
3790,4,ajawab'.,ajawab',26
3791,0,“Oj,oj,26
3791,1,o,o,26
3791,2,"cha'joq,",cha'joq,26
3791,3,ix,ix,26
3791,4,"k'ajolab',”",k'ajolab',26
3791,5,xe'uchaxik.,xe'uchaxik,26
3792,0,Ta,ta,26
3792,1,xetz'onox,xetz'onox,26
3792,2,k'ut,k'ut,26
3793,0,Rumal,rumal,26
3793,1,Jun,jun,26
3793,2,Kame,kame,26
3794,0,Wuqub',wuqub',26
3794,1,Kame:,kame,26
3795,0,“Apa,apa,26
3795,1,qi,qi,26
3795,2,xixpe,xixpe,26
3795,3,wi?,wi,26
3797,0,“Ala',ala',26
3797,1,b'a,b'a,26
3797,2,xojpe,xojpe,26
3797,3,wi,wi,26
3797,4,"lo,",lo,26
3798,0,Mawi,mawi,26
3798,1,"qeta'm,”",qeta'm,26
3799,0,Xa,xa,26
3799,1,"xecha',",xecha',26
3800,0,Mawi,mawi,26
3800,1,xkib'ij.,xkib'ij,26
3801,0,“Utz,utz,26
3801,1,b'a,b'a,26
3801,2,"la',",la',26
3802,0,Xa,xa,26
3802,1,qab'e,qab'e,26
3802,2,"kaqacha'j,",kaqacha'j,26
3803,0,Ix,ix,26
3803,1,"k'ajolab',”",k'ajolab',26
3803,2,xecha',xecha',26
3803,3,Xib'alb'a,xib'alb'a,26
3803,4,chike.,chike,26
3804,0,"“Utz,”",utz,26
3804,1,xecha'.,xecha',26
3805,0,“Are',are',26
3805,1,b'a,b'a,26
3805,2,chiqakoj,chiqakoj,26
3805,3,ri,ri,26
3805,4,wa',wa',26
3805,5,qa,qa,26
3805,6,"kik',”",kik',26
3805,7,xecha',xecha',26
3805,8,Xib'alb'a.,xib'alb'a,26
3806,0,“Ma,ma,26
3806,1,"taj,",taj,26
3806,2,are',are',26
3806,3,ta,ta,26
3806,4,chikoj,chikoj,26
3806,5,wa',wa',26
3806,6,"qe,”",qe,26
3806,7,xecha',xecha',26
3806,8,k'ajolab'.,k'ajolab',26
3807,0,“Maja,maja,26
3807,1,"b'i,",b'i,26
3807,2,are',are',26
3807,3,chiqakoj,chiqakoj,26
3807,4,wa',wa',26
3807,5,"qe,”",qe,26
3807,6,xecha',xecha',26
3807,7,chik,chik,26
3807,8,Xib'alb'a.,xib'alb'a,26
3808,0,“Utz,utz,26
3808,1,b'a,b'a,26
3808,2,"la',”",la',26
3808,3,xecha',xecha',26
3808,4,k'ajolab'.,k'ajolab',26
3809,0,“Je,je,26
3809,1,b'a,b'a,26
3809,2,la',la',26
3809,3,xa,xa,26
3809,4,"juch'il,”",juch'il,26
3809,5,xecha',xecha',26
3809,6,Xib'alb'a.,xib'alb'a,26
3810,0,“Ma,ma,26
3810,1,b'a,b'a,26
3810,2,"la',",la',26
3810,3,xa,xa,26
3810,4,jolom,jolom,26
3810,5,kojcha',kojcha',26
3810,6,"chik,”",chik,26
3810,7,xecha',xecha',26
3810,8,k'ajolab'.,k'ajolab',26
3811,0,“Maja,maja,26
3811,1,"b'i,”",b'i,26
3811,2,xecha',xecha',26
3811,3,Xib'alb'a.,xib'alb'a,26
3812,0,“Utz,utz,26
3812,1,b'a,b'a,26
3812,2,"la',”",la',26
3812,3,xcha',xcha',26
3812,4,Junajpu.,junajpu,26
3813,0,Ta,ta,26
3813,1,xtzaq,xtzaq,26
3813,2,k'u,k'u,26
3813,3,uloq,uloq,26
3813,4,rumal,rumal,26
3813,5,Xib'alb'a,xib'alb'a,26
3814,0,Kik',kik',26
3814,1,u,u,26
3814,2,taqal,taqal,26
3814,3,chuwach,chuwach,26
3814,4,u,u,26
3814,5,b'ate,b'ate,26
3814,6,Junajpu.,junajpu,26
3815,0,K'ate,k'ate,26
3815,1,puch,puch,26
3815,2,ta,ta,26
3815,3,xkil,xkil,26
3815,4,"Xib'alb'a,",xib'alb'a,26
3816,0,Ri,ri,26
3816,1,Saqi,saqi,26
3816,2,Toq',toq',26
3816,3,ta,ta,26
3816,4,xel,xel,26
3816,5,chupan,chupan,26
3816,6,ri,ri,26
3816,7,kik'.,kik',26
3817,0,Chitzininik.,chitzininik,26
3818,0,Xb'e,xb'e,26
3818,1,je',je',26
3818,2,chuwa,chuwa,26
3818,3,taq,taq,26
3818,4,ulew,ulew,26
3818,5,ri,ri,26
3818,6,cha'.,cha',26
3819,0,“Naqi,naqi,26
3819,1,pa,pa,26
3819,2,la'?”,la',26
3819,3,xcha',xcha',26
3819,4,ri,ri,26
3819,5,"Junajpu,",junajpu,26
3820,0,Xb'alanke.,xb'alanke,26
3821,0,“Xa,xa,26
3821,1,kamik,kamik,26
3822,0,Kiwaj,kiwaj,26
3822,1,chiqech.,chiqech,26
3823,0,Ma,ma,26
3823,1,ta,ta,26
3823,2,xojb'e,xojb'e,26
3823,3,i,i,26
3823,4,taqa'?,taqa',26
3824,0,Ma,ma,26
3824,1,ta,ta,26
3824,2,pu,pu,26
3824,3,xb'e,xb'e,26
3824,4,i,i,26
3824,5,samajel?,samajel,26
3825,0,Qitzij,qitzij,26
3825,1,toq'ob',toq'ob',26
3825,2,qa,qa,26
3825,3,wach!,wach,26
3826,0,Xa,xa,26
3826,1,"kojb'ek,”",kojb'ek,26
3827,0,Xecha',xecha',26
3827,1,k'ajolab',k'ajolab',26
3827,2,chike.,chike,26
3828,0,Are',are',26
3828,1,ta,ta,26
3828,2,k'u,k'u,26
3828,3,xajawax,xajawax,26
3828,4,chike,chike,26
3828,5,"k'ajolab',",k'ajolab',26
3829,0,Ju,ju,26
3829,1,su,su,26
3829,2,ta,ta,26
3829,3,xkam,xkam,26
3829,4,ri',ri',26
3829,5,"chiri',",chiri',26
3830,0,Chi,chi,26
3830,1,cha,cha,26
3830,2,xech'akataj,xech'akataj,26
3830,3,taj.,taj,26
3831,0,Mawi,mawi,26
3831,1,keje'.,keje',26
3832,0,Xa,xa,26
3832,1,Xib'alb'a,xib'alb'a,26
3832,2,xech'akataj,xech'akataj,26
3832,3,chik,chik,26
3832,4,kumal,kumal,26
3832,5,k'ajolab'.,k'ajolab',26
3833,0,“Ma,ma,26
3833,1,b'a,b'a,26
3833,2,"kixb'ek,",kixb'ek,26
3834,0,Ix,ix,26
3834,1,k'ajolab'.,k'ajolab',26
3835,0,Kojcha'j,kojcha'j,26
3835,1,"na,",na,26
3836,0,Xa,xa,26
3836,1,are',are',26
3836,2,kaqakojo,kaqakojo,26
3836,3,ri,ri,26
3836,4,"iwech,”",iwech,26
3837,0,Xuchax,xuchax,26
3837,1,k'ut,k'ut,26
3837,2,k'ajolab'.,k'ajolab',26
3838,0,“Utz,utz,26
3838,1,b'a,b'a,26
3838,2,"la',”",la',26
3838,3,xecha',xecha',26
3838,4,k'ut.,k'ut,26
3839,0,Are',are',26
3839,1,k'u,k'u,26
3839,2,xok,xok,26
3839,3,ri,ri,26
3839,4,ki,ki,26
3839,5,kik'.,kik',26
3840,0,Ta,ta,26
3840,1,xqaj,xqaj,26
3840,2,k'u,k'u,26
3840,3,cha'j.,cha'j,26
3841,0,K'ate,k'ate,26
3841,1,k'ut,k'ut,26
3841,2,ta,ta,26
3841,3,xkicho'y,xkicho'y,26
3841,4,ki,ki,26
3841,5,ch'ako'n.,ch'ako'n,26
3842,0,“Naqi,naqi,26
3842,1,pa,pa,26
3842,2,chiqach'ako?”,chiqach'ako,26
3842,3,xecha',xecha',26
3842,4,Xib'alb'a.,xib'alb'a,26
3843,0,“Je,je,26
3843,1,na,na,26
3843,2,"kik'ut,”",kik'ut,26
3843,3,xa,xa,26
3843,4,xecha',xecha',26
3843,5,k'ajolab'.,k'ajolab',26
3844,0,“Xa,xa,26
3844,1,qa,qa,26
3844,2,ch'aka,ch'aka,26
3844,3,kajkaj,kajkaj,26
3844,4,sel,sel,26
3844,5,"kotz'i'j,”",kotz'i'j,26
3844,6,xecha',xecha',26
3844,7,Xib'alb'a.,xib'alb'a,26
3845,0,“Utz,utz,26
3845,1,b'a,b'a,26
3845,2,"la',",la',26
3846,0,Naqi,naqi,26
3846,1,pa,pa,26
3846,2,chi,chi,26
3846,3,kotz'i'jal?”,kotz'i'jal,26
3846,4,xecha',xecha',26
3846,5,k'ajolab',k'ajolab',26
3846,6,chike,chike,26
3846,7,Xib'alb'a.,xib'alb'a,26
3847,0,“Ju,ju,26
3847,1,tik'ab',tik'ab',26
3847,2,kaqa,kaqa,26
3847,3,"much'ij,",much'ij,26
3848,0,Ju,ju,26
3848,1,tik'ab',tik'ab',26
3848,2,saqi,saqi,26
3848,3,"much'it,",much'it,26
3849,0,Ju,ju,26
3849,1,tik'ab',tik'ab',26
3849,2,q'ana,q'ana,26
3849,3,"much'it,",much'it,26
3850,0,Ju,ju,26
3850,1,tik'ab',tik'ab',26
3850,2,k'u,k'u,26
3850,3,ri,ri,26
3850,4,"nima'q,”",nima'q,26
3851,0,Xecha',xecha',26
3851,1,Xib'alb'a.,xib'alb'a,26
3852,0,“Utz,utz,26
3852,1,b'a,b'a,26
3852,2,"la',”",la',26
3852,3,xecha',xecha',26
3852,4,k'ut,k'ut,26
3852,5,k'ajolab'.,k'ajolab',26
3853,0,Ta,ta,26
3853,1,xqaj,xqaj,26
3853,2,k'ut,k'ut,26
3853,3,ki,ki,26
3853,4,"cha',",cha',26
3854,0,Junam,junam,26
3854,1,ki,ki,26
3854,2,chuq'ab'.,chuq'ab',26
3855,0,Tzatz,tzatz,26
3855,1,pu,pu,26
3855,2,ki,ki,26
3855,3,cha',cha',26
3855,4,ri,ri,26
3855,5,"k'ajolab',",k'ajolab',26
3856,0,Xa,xa,26
3856,1,k'u,k'u,26
3856,2,k'i,k'i,26
3856,3,rutz,rutz,26
3856,4,ki,ki,26
3856,5,k'u'x.,k'u'x,26
3857,0,Ta,ta,26
3857,1,xkiya',xkiya',26
3857,2,kib',kib',26
3857,3,chich'akatajik,chich'akatajik,26
3857,4,ri,ri,26
3857,5,k'ajolab'.,k'ajolab',26
3858,0,Keki'kot,keki'kot,26
3858,1,k'ut,k'ut,26
3859,0,Ri,ri,26
3859,1,"Xib'alb'a,",xib'alb'a,26
3860,0,Ta,ta,26
3860,1,xech'akatajik.,xech'akatajik,26
3861,0,“Utz,utz,26
3861,1,mi,mi,26
3861,2,xqab'ano.,xqab'ano,26
3862,0,Nab'e,nab'e,26
3862,1,mi,mi,26
3862,2,"xeqach'ako,”",xeqach'ako,26
3862,3,xecha',xecha',26
3862,4,Xib'alb'a.,xib'alb'a,26
3863,0,“Apa,apa,26
3863,1,xchib'e,xchib'e,26
3864,0,Ki,ki,26
3864,1,k'ama',k'ama',26
3864,2,wi,wi,26
3864,3,ri,ri,26
3864,4,kotz'i'j?”,kotz'i'j,26
3865,0,Xecha',xecha',26
3865,1,chi,chi,26
3865,2,ki,ki,26
3865,3,k'u'x.,k'u'x,26
3866,0,“Qitzij,qitzij,26
3866,1,ta,ta,26
3866,2,aq'ab',aq'ab',26
3867,0,Chiya',chiya',26
3867,1,ri,ri,26
3867,2,qa,qa,26
3867,3,"kotz'i'j,",kotz'i'j,26
3868,0,Qa,qa,26
3868,1,chakom,chakom,26
3868,2,"puch,”",puch,26
3869,0,Xe'uchax,xe'uchax,26
3869,1,puch,puch,26
3869,2,"k'ajolab',",k'ajolab',26
3870,0,"Junajpu,",junajpu,26
3871,0,"Xb'alanke,",xb'alanke,26
3872,0,Rumal,rumal,26
3872,1,Xib'alb'a.,xib'alb'a,26
3873,0,“Utz,utz,26
3873,1,b'a,b'a,26
3873,2,"la',",la',26
3874,0,Aq'ab'a',aq'ab'a',26
3874,1,chi,chi,26
3874,2,k'ut,k'ut,26
3874,3,"kojcha'jik,”",kojcha'jik,26
3875,0,Xecha',xecha',26
3875,1,k'ut,k'ut,26
3875,2,ta,ta,26
3875,3,xepixab'an,xepixab'an,26
3875,4,kib'.,kib',26
3876,0,K'ate,k'ate,26
3876,1,chi,chi,26
3876,2,k'ut,k'ut,26
3876,3,ta,ta,26
3876,4,xe'ok,xe'ok,26
3876,5,chi,chi,26
3876,6,k'ajolab',k'ajolab',26
3876,7,pa,pa,26
3876,8,Chaim,chaim,26
3876,9,"Ja,",ja,26
3877,0,U,u,26
3877,1,kab',kab',26
3877,2,tijob'al,tijob'al,26
3877,3,Xib'alb'a.,xib'alb'a,26
3878,0,Are',are',26
3878,1,ta,ta,26
3878,2,k'ut,k'ut,26
3878,3,xajawax,xajawax,26
3878,4,"chik,",chik,26
3879,0,Xeq'ataq'ox,xeq'ataq'ox,26
3879,1,taj,taj,26
3879,2,rumal,rumal,26
3879,3,cha.,cha,26
3880,0,Chanim,chanim,26
3880,1,taj,taj,26
3880,2,chi,chi,26
3880,3,ki,ki,26
3880,4,"k'u'x,",k'u'x,26
3881,0,Xekam,xekam,26
3881,1,taj,taj,26
3881,2,chi,chi,26
3881,3,ki,ki,26
3881,4,"k'u'x,",k'u'x,26
3882,0,Ma,ma,26
3882,1,k'u,k'u,26
3882,2,xekamik.,xekamik,26
3883,0,Ta,ta,26
3883,1,xecha',xecha',26
3883,2,chire,chire,26
3883,3,"cha,",cha,26
3884,0,Ta,ta,26
3884,1,xkipixab'aj:,xkipixab'aj,26
3885,0,“Are',are',26
3885,1,"iwe,",iwe,26
3886,0,Ri,ri,26
3886,1,ronojel,ronojel,26
3886,2,u,u,26
3886,3,tio'jil,tio'jil,26
3886,4,"chikop,”",chikop,26
3886,5,xecha',xecha',26
3886,6,chire,chire,26
3886,7,cha.,cha,26
3887,0,Ma,ma,26
3887,1,k'u,k'u,26
3887,2,xesilab',xesilab',26
3887,3,"chik,",chik,26
3888,0,Xa,xa,26
3888,1,jun,jun,26
3888,2,qaj,qaj,26
3888,3,chi,chi,26
3888,4,wi',wi',26
3888,5,cha,cha,26
3888,6,ronojel.,ronojel,26
3889,0,Are',are',26
3889,1,k'ut,k'ut,26
3889,2,e,e,26
3889,3,k'o,k'o,26
3889,4,"chi,",chi,26
3890,0,Chiri',chiri',26
3890,1,pa,pa,26
3890,2,Chaim,chaim,26
3890,3,Ja,ja,26
3890,4,chaq'ab'.,chaq'ab',26
3891,0,Ta,ta,27
3891,1,xkisik'ij,xkisik'ij,27
3891,2,ronojel,ronojel,27
3891,3,sanik:,sanik,27
3892,0,“Chay,chay,27
3892,1,"sanik,",sanik,27
3893,0,Ch'eken,ch'eken,27
3893,1,"sanik,",sanik,27
3894,0,Kixpetoq!,kixpetoq,27
3894,1,Kixojo',kixojo',27
3894,2,iwonojel,iwonojel,27
3894,3,ojik'ama',ojik'ama',27
3895,0,Ronojel,ronojel,27
3895,1,u,u,27
3895,2,wach,wach,27
3895,3,"kotz'i'j,",kotz'i'j,27
3896,0,Ki,ki,27
3896,1,ch'ako'n,ch'ako'n,27
3896,2,ajawab'.”,ajawab',27
3897,0,“Utz,utz,27
3897,1,b'a,b'a,27
3897,2,"la',”",la',27
3898,0,Xecha',xecha',27
3898,1,k'ut.,k'ut,27
3899,0,Ta,ta,27
3899,1,xeb'e,xeb'e,27
3899,2,k'u,k'u,27
3899,3,ri,ri,27
3899,4,"sanik,",sanik,27
3900,0,Konojel,konojel,27
3900,1,e,e,27
3900,2,k'amol,k'amol,27
3900,3,kotz'i'j,kotz'i'j,27
3900,4,u,u,27
3900,5,tiko'n,tiko'n,27
3901,0,Jun,jun,27
3901,1,"Kame,",kame,27
3902,0,Wuqub',wuqub',27
3902,1,Kame.,kame,27
3903,0,Mieroq,mieroq,27
3903,1,k'ut,k'ut,27
3903,2,chikipixab'aj,chikipixab'aj,27
3904,0,Chajal,chajal,27
3904,1,ki,ki,27
3904,2,kotz'i'j,kotz'i'j,27
3904,3,ri,ri,27
3904,4,Xib'alb'a:,xib'alb'a,27
3905,0,“Laq'i,laq'i,27
3905,1,chiwila',chiwila',27
3905,2,qa,qa,27
3905,3,"kotz'i'j,",kotz'i'j,27
3906,0,Miya',miya',27
3906,1,chi,chi,27
3906,2,eleq'axik.,eleq'axik,27
3907,0,Rumal,rumal,27
3907,1,ri',ri',27
3907,2,mi,mi,27
3907,3,xeqach'ako,xeqach'ako,27
3907,4,ri,ri,27
3907,5,k'ajolab'.,k'ajolab',27
3908,0,Ana,ana,27
3908,1,wi,wi,27
3908,2,xpe,xpe,27
3908,3,wi,wi,27
3908,4,ri',ri',27
3908,5,lo,lo,27
3908,6,qa,qa,27
3908,7,ch'ako'n,ch'ako'n,27
3908,8,kumal?,kumal,27
3909,0,Maja,maja,27
3909,1,b'i,b'i,27
3909,2,chiwaraj,chiwaraj,27
3909,3,jun,jun,27
3909,4,aq'ab'.”,aq'ab',27
3910,0,“Utz,utz,27
3910,1,b'a,b'a,27
3910,2,"la',”",la',27
3910,3,xecha',xecha',27
3910,4,k'ut.,k'ut,27
3911,0,Ma,ma,27
3911,1,k'u,k'u,27
3911,2,xkina',xkina',27
3911,3,ri,ri,27
3911,4,chajal,chajal,27
3911,5,tiko'n.,tiko'n,27
3912,0,Xaloq',xaloq',27
3912,1,chikiraquj,chikiraquj,27
3912,2,ki,ki,27
3912,3,chi',chi',27
3913,0,Chuq'ab',chuq'ab',27
3913,1,taq,taq,27
3913,2,"che',",che',27
3914,0,Tiko'n,tiko'n,27
3914,1,puch.,puch,27
3915,0,Keb'e,keb'e,27
3915,1,chakala,chakala,27
3915,2,"chiri',",chiri',27
3916,0,Xa,xa,27
3916,1,wi,wi,27
3916,2,xere,xere,27
3916,3,chikich'ab'ej,chikich'ab'ej,27
3916,4,ri,ri,27
3916,5,ki,ki,27
3916,6,b'ix:,b'ix,27
3917,0,"“Xpurpuweq,",xpurpuweq,27
3918,0,"Xpurpuweq,”",xpurpuweq,27
3919,0,Cha',cha',27
3919,1,ri,ri,27
3919,2,jun,jun,27
3920,0,Ta,ta,27
3920,1,choq'ik.,choq'ik,27
3921,0,"“Pujuyu,",pujuyu,27
3922,0,"Pujuyu,”",pujuyu,27
3923,0,Cha',cha',27
3923,1,chik,chik,27
3924,0,Ta,ta,27
3924,1,"choq'ik,",choq'ik,27
3925,0,Ri,ri,27
3925,1,"pujuyu,",pujuyu,27
3926,0,U,u,27
3926,1,b'i'.,b'i',27
3927,0,E,e,27
3927,1,kaib',kaib',27
3927,2,chi,chi,27
3928,0,Chajal,chajal,27
3928,1,"tiko'n,",tiko'n,27
3929,0,U,u,27
3929,1,tiko'n,tiko'n,27
3929,2,Jun,jun,27
3929,3,"Kame,",kame,27
3930,0,Wuqub',wuqub',27
3930,1,Kame.,kame,27
3931,0,Ma,ma,27
3931,1,k'u,k'u,27
3931,2,kakina',kakina',27
3932,0,Ri,ri,27
3932,1,sanik,sanik,27
3932,2,eleq'ay,eleq'ay,27
3932,3,ki,ki,27
3932,4,chajem.,chajem,27
3933,0,"Kab'olowik,",kab'olowik,27
3934,0,"Katukuwik,",katukuwik,27
3935,0,Eray,eray,27
3935,1,"kotz'i'j,",kotz'i'j,27
3936,0,Ri,ri,27
3936,1,kab'e,kab'e,27
3936,2,q'atowa,q'atowa,27
3936,3,"uloq,",uloq,27
3937,0,Kotz'i'j,kotz'i'j,27
3938,0,Chuwi',chuwi',27
3938,1,che',che',27
3938,2,re,re,27
3939,0,Kasik'ow,kasik'ow,27
3939,1,kuk',kuk',27
3939,2,chuxe',chuxe',27
3939,3,che',che',27
3940,0,Ri,ri,27
3940,1,kotz'i'j.,kotz'i'j,27
3941,0,Xa,xa,27
3941,1,keje',keje',27
3941,2,chikiraquj,chikiraquj,27
3941,3,ki,ki,27
3941,4,chi',chi',27
3941,5,ri,ri,27
3941,6,chajalib'.,chajalib',27
3942,0,Ma,ma,27
3942,1,na,na,27
3942,2,re,re,27
3942,3,kakina'o,kakina'o,27
3943,0,Kak'ux,kak'ux,27
3943,1,ki,ki,27
3943,2,"je',",je',27
3944,0,Kak'ux,kak'ux,27
3944,1,ki,ki,27
3944,2,xik'.,xik',27
3945,0,Are',are',27
3945,1,kakirixik,kakirixik,27
3945,2,"kotz'i'j,",kotz'i'j,27
3946,0,K'a,k'a,27
3946,1,kaqaj,kaqaj,27
3946,2,uloq,uloq,27
3947,0,Re,re,27
3947,1,"kasik'owik,",kasik'owik,27
3948,0,Re,re,27
3948,1,kab'e,kab'e,27
3948,2,q'atowa,q'atowa,27
3948,3,uloq.,uloq,27
3950,0,Tik'itoj,tik'itoj,27
3950,1,chi,chi,27
3950,2,k'ut,k'ut,27
3950,3,ta,ta,27
3950,4,xsaqirik.,xsaqirik,27
3951,0,K'ate,k'ate,27
3951,1,k'ut,k'ut,27
3951,2,ta,ta,27
3951,3,xul,xul,27
3951,4,"samajel,",samajel,27
3952,0,"Taqonel,",taqonel,27
3953,0,“‘Kepetoq!’,kepetoq,27
3953,1,kacha',kacha',27
3953,2,"ajaw,",ajaw,27
3954,0,‘Ju,ju,27
3954,1,suk',suk',27
3954,2,chikik'am,chikik'am,27
3954,3,ula,ula,27
3954,4,ri,ri,27
3954,5,qa,qa,27
3954,6,"ch'ako'n,’”",ch'ako'n,27
3955,0,Xe'uchax,xe'uchax,27
3955,1,k'ut,k'ut,27
3955,2,k'ajolab'.,k'ajolab',27
3956,0,“Utz,utz,27
3956,1,b'a,b'a,27
3956,2,"la',”",la',27
3956,3,xecha',xecha',27
3956,4,k'ut.,k'ut,27
3957,0,Ki,ki,27
3957,1,tik'ela'on,tik'ela'on,27
3957,2,k'u,k'u,27
3958,0,Ri,ri,27
3958,1,kotz'i'j,kotz'i'j,27
3958,2,kajib',kajib',27
3958,3,sel.,sel,27
3959,0,Ta,ta,27
3959,1,"xeb'ek,",xeb'ek,27
3960,0,Ta,ta,27
3960,1,xe'opon,xe'opon,27
3960,2,k'u,k'u,27
3961,0,Chikiwach,chikiwach,27
3961,1,ajaw.,ajaw,27
3962,0,Ajawab',ajawab',27
3962,1,kuk'am,kuk'am,27
3962,2,kotz'i'j,kotz'i'j,27
3962,3,q'us,q'us,27
3962,4,u,u,27
3962,5,wach.,wach,27
3963,0,Keje',keje',27
3963,1,k'ut,k'ut,27
3963,2,xech'akataj,xech'akataj,27
3963,3,wi,wi,27
3963,4,Xib'alb'a.,xib'alb'a,27
3964,0,Xa,xa,27
3964,1,sanik,sanik,27
3964,2,xkitaq,xkitaq,27
3964,3,ri,ri,27
3964,4,k'ajolab'.,k'ajolab',27
3965,0,Xa,xa,27
3965,1,jun,jun,27
3965,2,aq'ab'il,aq'ab'il,27
3965,3,xkichap,xkichap,27
3965,4,"sanik,",sanik,27
3966,0,Ta,ta,27
3966,1,kiya',kiya',27
3966,2,pa,pa,27
3966,3,sel.,sel,27
3967,0,Keje',keje',27
3967,1,k'ut,k'ut,27
3967,2,xesaqkaje',xesaqkaje',27
3967,3,ri,ri,27
3967,4,konojel,konojel,27
3967,5,"Xib'alb'a,",xib'alb'a,27
3968,0,Saqb'uk,saqb'uk,27
3968,1,ki,ki,27
3968,2,wach,wach,27
3968,3,rumal,rumal,27
3968,4,ri,ri,27
3968,5,kotz'i'j.,kotz'i'j,27
3969,0,K'ate,k'ate,27
3969,1,k'ut,k'ut,27
3969,2,xkitaq,xkitaq,27
3969,3,ri,ri,27
3969,4,chajal,chajal,27
3969,5,kotz'i'j:,kotz'i'j,27
3970,0,“Naqi,naqi,27
3970,1,pa,pa,27
3970,2,rumal,rumal,27
3970,3,mi,mi,27
3970,4,xiya',xiya',27
3970,5,qa,qa,27
3970,6,kotz'i'j,kotz'i'j,27
3970,7,chi,chi,27
3970,8,eleq'axik?,eleq'axik,27
3971,0,Are',are',27
3971,1,qa,qa,27
3971,2,kotz'i'j,kotz'i'j,27
3971,3,wa'e,wa'e,27
3971,4,"kawilo,”",kawilo,27
3972,0,Xe'uchax,xe'uchax,27
3972,1,chajal.,chajal,27
3973,0,“Ma,ma,27
3973,1,b'a,b'a,27
3973,2,xqana'o,xqana'o,27
3973,3,at,at,27
3973,4,"ajaw,",ajaw,27
3974,0,Mi,mi,27
3974,1,na,na,27
3974,2,re,re,27
3974,3,xkuyu,xkuyu,27
3974,4,qa,qa,27
3974,5,"je',”",je',27
3975,0,Xecha',xecha',27
3975,1,k'ut.,k'ut,27
3976,0,K'ate,k'ate,27
3976,1,puch,puch,27
3976,2,xjix,xjix,27
3976,3,ki,ki,27
3976,4,"chi',",chi',27
3977,0,Ki,ki,27
3977,1,tojb'al,tojb'al,27
3978,0,Ki,ki,27
3978,1,chajin,chajin,27
3978,2,chi,chi,27
3978,3,eleq'axik.,eleq'axik,27
3979,0,Keje',keje',27
3979,1,k'ut,k'ut,27
3979,2,ki,ki,27
3979,3,ch'akatajik,ch'akatajik,27
3979,4,Jun,jun,27
3979,5,"Kame,",kame,27
3980,0,Wuqub',wuqub',27
3980,1,"Kame,",kame,27
3981,0,Kumal,kumal,27
3981,1,"Junajpu,",junajpu,27
3982,0,Xb'alanke.,xb'alanke,27
3983,0,U,u,27
3983,1,xe',xe',27
3983,2,ri,ri,27
3983,3,b'anoj,b'anoj,27
3983,4,"ri',",ri',27
3984,0,Ta,ta,27
3984,1,xkik'am,xkik'am,27
3984,2,ri,ri,27
3984,3,ki,ki,27
3984,4,chi',chi',27
3984,5,jereb'aq.,jereb'aq,27
3985,0,Ki,ki,27
3985,1,chi',chi',27
3985,2,purpuweq,purpuweq,27
3986,0,Jereb'aq,jereb'aq,27
3986,1,wakamik.,wakamik,27
3987,0,K'ate,k'ate,27
3987,1,chi,chi,27
3987,2,k'ut,k'ut,27
3987,3,ta,ta,27
3987,4,xqaj,xqaj,27
3987,5,"cha'j,",cha'j,27
3988,0,Xa,xa,27
3988,1,wi,wi,27
3988,2,xere,xere,27
3988,3,junam,junam,27
3988,4,kecha'jik.,kecha'jik,27
3989,0,Xkelej,xkelej,27
3989,1,chi,chi,27
3989,2,k'u,k'u,27
3989,3,"cha'j,",cha'j,27
3990,0,Ta,ta,27
3990,1,xepixab'an,xepixab'an,27
3990,2,chi,chi,27
3990,3,k'u,k'u,27
3990,4,kib'.,kib',27
3991,0,“Saqirik,saqirik,27
3991,1,"chik,”",chik,27
3991,2,xecha',xecha',27
3991,3,Xib'alb'a.,xib'alb'a,27
3992,0,“Utz,utz,27
3992,1,b'a,b'a,27
3992,2,"la',”",la',27
3992,3,xecha',xecha',27
3992,4,k'ajolab',k'ajolab',27
3992,5,ta,ta,27
3992,6,xkelej.,xkelej,27
3993,0,XE'OK,xe'ok,27
3993,1,chi,chi,27
3993,2,k'ut,k'ut,27
3993,3,pa,pa,27
3993,4,Tew,tew,27
3993,5,Ja.,ja,27
3994,0,Mawi,mawi,27
3994,1,ajilan,ajilan,27
3994,2,tew.,tew,27
3995,0,Tzatz,tzatz,27
3995,1,chi,chi,27
3995,2,saqb'oqom,saqb'oqom,27
3995,3,chupan,chupan,27
3995,4,"ja,",ja,27
3996,0,Rochoch,rochoch,27
3996,1,tew.,tew,27
3997,0,Ju,ju,27
3997,1,su,su,27
3997,2,k'u,k'u,27
3997,3,stzaj,stzaj,27
3997,4,tew.,tew,27
3998,0,Rumal,rumal,27
3998,1,"kutzina[q],",kutzinaq,27
3999,0,"Ma'ina[q],",ma'inaq,27
4000,0,Xsach,xsach,27
4000,1,ri,ri,27
4000,2,tew,tew,27
4000,3,kumal,kumal,27
4000,4,k'ajolab'.,k'ajolab',27
4001,0,Mawi,mawi,27
4001,1,"xekamik,",xekamik,27
4002,0,Xa,xa,27
4002,1,wi,wi,27
4002,2,e,e,27
4002,3,k'aslik,k'aslik,27
4003,0,Ta,ta,27
4003,1,xsaqirik.,xsaqirik,27
4004,0,Are',are',27
4004,1,ta,ta,27
4004,2,k'u,k'u,27
4004,3,xkaj,xkaj,27
4004,4,"Xib'alb'a,",xib'alb'a,27
4005,0,Chiri',chiri',27
4005,1,ta,ta,27
4005,2,xekam,xekam,27
4005,3,wi.,wi,27
4006,0,Mawi,mawi,27
4006,1,keje'.,keje',27
4007,0,Xa,xa,27
4007,1,wi,wi,27
4007,2,k'u,k'u,27
4007,3,utz,utz,27
4007,4,ki,ki,27
4007,5,wach,wach,27
4008,0,Ta,ta,27
4008,1,xsaqirik.,xsaqirik,27
4009,0,Xekel,xekel,27
4009,1,chi,chi,27
4009,2,ula,ula,27
4009,3,taqol,taqol,27
4009,4,"ke,",ke,27
4010,0,Xeb'e,xeb'e,27
4010,1,chik,chik,27
4010,2,e,e,27
4010,3,chajal.,chajal,27
4011,0,“Naqi,naqi,27
4011,1,pa,pa,27
4011,2,"la',",la',27
4012,0,Mawi,mawi,27
4012,1,mi,mi,27
4012,2,xekamik?”,xekamik,27
4012,3,xcha',xcha',27
4012,4,chi,chi,27
4012,5,rajawal,rajawal,27
4012,6,Xib'alb'a.,xib'alb'a,27
4013,0,Xkimayijaj,xkimayijaj,27
4013,1,chik,chik,27
4014,0,Ki,ki,27
4014,1,b'anoj,b'anoj,27
4014,2,"k'ajolab',",k'ajolab',27
4015,0,"Junajpu,",junajpu,27
4016,0,Xb'alanke.,xb'alanke,27
4017,0,K'ATE,k'ate,27
4017,1,xe'ok,xe'ok,27
4017,2,chi,chi,27
4017,3,k'ut,k'ut,27
4017,4,pa,pa,27
4017,5,B'alami,b'alami,27
4017,6,Ja.,ja,27
4018,0,Tzatz,tzatz,27
4018,1,chi,chi,27
4018,2,b'alam,b'alam,27
4018,3,B'alam,b'alam,27
4018,4,Rochoch.,rochoch,27
4019,0,“Mawi,mawi,27
4019,1,kojiti'o.,kojiti'o,27
4020,0,K'o,k'o,27
4020,1,iwech,iwech,27
4020,2,"chuxik,”",chuxik,27
4020,3,xe'uchaxik,xe'uchaxik,27
4020,4,b'alam.,b'alam,27
4021,0,K'ate,k'ate,27
4021,1,k'ut,k'ut,27
4021,2,xkipuk'ij,xkipuk'ij,27
4021,3,b'aq,b'aq,27
4021,4,chikiwach,chikiwach,27
4021,5,"chikop,",chikop,27
4022,0,K'ate,k'ate,27
4022,1,k'ut,k'ut,27
4022,2,kepaq'aq'ik,kepaq'aq'ik,27
4022,3,chiri',chiri',27
4022,4,chuwi',chuwi',27
4022,5,b'aq.,b'aq,27
4023,0,“Mi,mi,27
4023,1,k'u,k'u,27
4023,2,"xe'utzinik,",xe'utzinik,27
4024,0,Mi,mi,27
4024,1,xutij,xutij,27
4024,2,ki,ki,28
4024,3,k'u'x.,k'u'x,28
4025,0,K'ate,k'ate,28
4025,1,wi,wi,28
4025,2,ri,ri,28
4025,3,mi,mi,28
4025,4,xkiya',xkiya',28
4025,5,kib'.,kib',28
4026,0,Are',are',28
4026,1,ki,ki,28
4026,2,b'aqil,b'aqil,28
4026,3,ri,ri,28
4026,4,"kak'uxixik,”",kak'uxixik,28
4027,0,Xecha',xecha',28
4027,1,ri,ri,28
4027,2,waranel.,waranel,28
4028,0,Konojel,konojel,28
4028,1,ki',ki',28
4028,2,ki,ki,28
4028,3,k'u'x,k'u'x,28
4028,4,chire.,chire,28
4029,0,Ma,ma,28
4029,1,k'u,k'u,28
4029,2,"xekamik,",xekamik,28
4030,0,Xa,xa,28
4030,1,wi,wi,28
4030,2,xere,xere,28
4030,3,utz,utz,28
4030,4,ki,ki,28
4030,5,wach.,wach,28
4031,0,Xe'el,xe'el,28
4031,1,uloq,uloq,28
4032,0,Pa,pa,28
4032,1,B'alami,b'alami,28
4032,2,Ja.,ja,28
4033,0,“Naqi,naqi,28
4033,1,pa,pa,28
4033,2,k'u,k'u,28
4033,3,chi,chi,28
4033,4,e,e,28
4033,5,winaqil?,winaqil,28
4034,0,Apa,apa,28
4034,1,k'u,k'u,28
4034,2,xepe,xepe,28
4034,3,wi?”,wi,28
4035,0,Xecha',xecha',28
4035,1,ri,ri,28
4035,2,"Xib'alb'a,",xib'alb'a,28
4036,0,Konojel.,konojel,28
4037,0,K'ATE,k'ate,28
4037,1,chik,chik,28
4037,2,xe'ok,xe'ok,28
4037,3,chupam,chupam,28
4037,4,"q'aq',",q'aq',28
4038,0,Jun,jun,28
4038,1,ja,ja,28
4038,2,chi,chi,28
4038,3,q'aq'.,q'aq',28
4039,0,Xa,xa,28
4039,1,u,u,28
4039,2,tukel,tukel,28
4039,3,q'aq',q'aq',28
4039,4,u,u,28
4039,5,"pam,",pam,28
4040,0,Mawi,mawi,28
4040,1,xek'atik,xek'atik,28
4040,2,rumal.,rumal,28
4041,0,Xa,xa,28
4041,1,"b'olol,",b'olol,28
4042,0,Xa,xa,28
4042,1,tzimaj,tzimaj,28
4042,2,wi.,wi,28
4043,0,Xa,xa,28
4043,1,wi,wi,28
4043,2,xere,xere,28
4043,3,utz,utz,28
4043,4,chi,chi,28
4044,0,Ki,ki,28
4044,1,wach,wach,28
4045,0,Ta,ta,28
4045,1,xsaqirik.,xsaqirik,28
4046,0,Are',are',28
4046,1,ta,ta,28
4046,2,kajawaxik,kajawaxik,28
4047,0,Ju,ju,28
4047,1,suk',suk',28
4047,2,ta,ta,28
4047,3,kekamik,kekamik,28
4047,4,chupan,chupan,28
4048,0,Ri',ri',28
4048,1,ke'ik'ow,ke'ik'ow,28
4048,2,wi.,wi,28
4049,0,Mawi,mawi,28
4049,1,keje'.,keje',28
4050,0,Xa,xa,28
4050,1,wi,wi,28
4050,2,kasach,kasach,28
4050,3,ki,ki,28
4050,4,k'u'x,k'u'x,28
4050,5,Xib'alb'a,xib'alb'a,28
4050,6,rumal.,rumal,28
4051,0,XEKOJ,xekoj,28
4051,1,chik,chik,28
4051,2,chupan,chupan,28
4051,3,Sotz'in,sotz'in,28
4051,4,"Ja,",ja,28
4052,0,U,u,28
4052,1,tukel,tukel,28
4052,2,sotz',sotz',28
4052,3,chupam,chupam,28
4052,4,chi,chi,28
4052,5,ja.,ja,28
4053,0,Jun,jun,28
4053,1,ja,ja,28
4053,2,chi,chi,28
4053,3,kama,kama,28
4053,4,"sotz',",sotz',28
4054,0,Nima'q,nima'q,28
4054,1,chikop.,chikop,28
4055,0,Keje',keje',28
4055,1,ri,ri,28
4055,2,cha,cha,28
4055,3,ki,ki,28
4055,4,"tza'm,",tza'm,28
4056,0,Ki,ki,28
4056,1,kamisab'al.,kamisab'al,28
4057,0,Ju,ju,28
4057,1,su,su,28
4057,2,chutzinik,chutzinik,28
4058,0,Chopon,chopon,28
4058,1,chikiwach.,chikiwach,28
4059,0,Xek'oje',xek'oje',28
4059,1,k'u,k'u,28
4059,2,chiri',chiri',28
4059,3,chupan,chupan,28
4060,0,Xa,xa,28
4060,1,pa,pa,28
4060,2,wub',wub',28
4060,3,xewar,xewar,28
4060,4,wi.,wi,28
4061,0,Mawi,mawi,28
4061,1,xeti'ik,xeti'ik,28
4062,0,Rumal,rumal,28
4062,1,ri',ri',28
4062,2,e,e,28
4062,3,k'o,k'o,28
4062,4,pa,pa,28
4062,5,ja.,ja,28
4063,0,Chiri',chiri',28
4063,1,k'ut,k'ut,28
4063,2,xkiya',xkiya',28
4063,3,wi,wi,28
4063,4,kib',kib',28
4063,5,jun,jun,28
4063,6,wi,wi,28
4064,0,Rumal,rumal,28
4064,1,jun,jun,28
4064,2,chi,chi,28
4064,3,kama,kama,28
4064,4,sotz'.,sotz',28
4065,0,"Chiqaj,",chiqaj,28
4066,0,Xpe,xpe,28
4066,1,wi.,wi,28
4067,0,Xa,xa,28
4067,1,wi,wi,28
4067,2,u,u,28
4067,3,k'utb'al,k'utb'al,28
4067,4,rib',rib',28
4068,0,Ta,ta,28
4068,1,xkib'ano.,xkib'ano,28
4069,0,Rumal,rumal,28
4069,1,ko,ko,28
4069,2,kakitz'onoj,kakitz'onoj,28
4069,3,wi,wi,28
4070,0,Ki,ki,28
4070,1,na'oj.,na'oj,28
4071,0,Jun,jun,28
4071,1,aq'ab',aq'ab',28
4071,2,k'u,k'u,28
4072,0,Ri,ri,28
4072,1,sotz',sotz',28
4072,2,keb'ujujik:,keb'ujujik,28
4073,0,“Kilitz!,kilitz,28
4074,0,Kilitz,kilitz,28
4074,1,!”,,28
4075,0,"Kecha',",kecha',28
4076,0,Kecha',kecha',28
4076,1,jun,jun,28
4076,2,aq'ab'.,aq'ab',28
4077,0,Xtane',xtane',28
4077,1,k'u,k'u,28
4077,2,ri',ri',28
4077,3,sqaqi'n.,sqaqi'n,28
4078,0,Maja,maja,28
4078,1,b'i,b'i,28
4078,2,chik,chik,28
4078,3,kesilob'ik,kesilob'ik,28
4078,4,ri,ri,28
4078,5,sotz'.,sotz',28
4079,0,Chiri',chiri',28
4079,1,k'u,k'u,28
4079,2,chakal,chakal,28
4079,3,wi,wi,28
4079,4,ri,ri,28
4079,5,jun,jun,28
4080,0,Tza'm,tza'm,28
4080,1,wub'.,wub',28
4081,0,Xcha',xcha',28
4081,1,k'u,k'u,28
4081,2,ri,ri,28
4081,3,Xb'alanke:,xb'alanke,28
4082,0,"“Junajpu,",junajpu,28
4083,0,K'a,k'a,28
4083,1,janik',janik',28
4083,2,pa,pa,28
4083,3,u,u,28
4083,4,saqirik,saqirik,28
4083,5,kawilo?”,kawilo,28
4084,0,“K'a,k'a,28
4084,1,janik'an,janik'an,28
4084,2,la',la',28
4084,3,b'a,b'a,28
4084,4,lo,lo,28
4084,5,wila',wila',28
4084,6,"na,”",na,28
4084,7,xcha',xcha',28
4084,8,k'ut.,k'ut,28
4085,0,Qi,qi,28
4085,1,k'u,k'u,28
4085,2,are',are',28
4085,3,karaj,karaj,28
4085,4,muqum,muqum,28
4085,5,uloq,uloq,28
4085,6,chuchi',chuchi',28
4085,7,"wub',",wub',28
4086,0,Karaj,karaj,28
4086,1,ril,ril,28
4086,2,uloq,uloq,28
4086,3,u,u,28
4086,4,saqirik.,saqirik,28
4087,0,K'ate,k'ate,28
4087,1,puch,puch,28
4087,2,ta,ta,28
4087,3,xqupix,xqupix,28
4087,4,u,u,28
4087,5,jolom,jolom,28
4087,6,rumal,rumal,28
4087,7,kama,kama,28
4087,8,"sotz',",sotz',28
4088,0,Qupul,qupul,28
4088,1,chi,chi,28
4088,2,kanoq,kanoq,28
4088,3,u,u,28
4088,4,nimal,nimal,28
4088,5,ri,ri,28
4088,6,Junajpu.,junajpu,28
4089,0,"“Jucha'lik,",jucha'lik,28
4089,1,ma,ma,28
4089,2,mi,mi,28
4089,3,xsaqirik?”,xsaqirik,28
4089,4,xcha',xcha',28
4089,5,ri,ri,28
4089,6,Xb'alanke.,xb'alanke,28
4090,0,Maja,maja,28
4090,1,b'i,b'i,28
4090,2,chik,chik,28
4090,3,chisilob'ik,chisilob'ik,28
4090,4,ri,ri,28
4090,5,Junajpu.,junajpu,28
4091,0,"“Jupacha',",jupacha',28
4091,1,ma,ma,28
4091,2,xa,xa,28
4091,3,on,on,28
4091,4,mi,mi,28
4091,5,xb'ek,xb'ek,28
4091,6,Junajpu?,junajpu,28
4092,0,Jupacha',jupacha',28
4092,1,mi,mi,28
4092,2,xab'ano?”,xab'ano,28
4093,0,Maja,maja,28
4093,1,b'i,b'i,28
4093,2,"chisilab'ik,",chisilab'ik,28
4094,0,Xaqi,xaqi,28
4094,1,chiqosos,chiqosos,28
4094,2,chik.,chik,28
4095,0,K'ate,k'ate,28
4095,1,k'ut,k'ut,28
4095,2,xuk'ixb'ij,xuk'ixb'ij,28
4095,3,Xb'alanke.,xb'alanke,28
4096,0,"“Akarok,",akarok,28
4096,1,mi,mi,28
4096,2,xqaya',xqaya',28
4096,3,"yan,”",yan,28
4096,4,xcha',xcha',28
4096,5,k'ut.,k'ut,28
4097,0,Chila',chila',28
4097,1,k'ut,k'ut,28
4097,2,xb'e,xb'e,28
4097,3,k'ola,k'ola,28
4097,4,na,na,28
4097,5,wi,wi,28
4097,6,u,u,28
4097,7,"jolom,",jolom,28
4098,0,Chuwi',chuwi',28
4098,1,jom.,jom,28
4099,0,Xa,xa,28
4099,1,wi,wi,28
4099,2,u,u,28
4099,3,tzij,tzij,28
4099,4,Jun,jun,28
4099,5,"Kame,",kame,28
4100,0,Wuqub',wuqub',28
4100,1,Kame.,kame,28
4101,0,Keki'kot,keki'kot,28
4101,1,k'u,k'u,28
4101,2,ri,ri,28
4101,3,Xib'alb'a,xib'alb'a,28
4101,4,konojel,konojel,28
4102,0,Rumal,rumal,28
4102,1,u,u,28
4102,2,jolom,jolom,28
4102,3,Junajpu.,junajpu,28
4103,0,K'ate,k'ate,28
4103,1,k'ut,k'ut,28
4103,2,ta,ta,28
4103,3,xutaq,xutaq,28
4103,4,"chikop,",chikop,28
4104,0,Ronojel:,ronojel,28
4105,0,"Sis,",sis,28
4106,0,"Aq,",aq,28
4107,0,Ronojel,ronojel,28
4107,1,ch'uti,ch'uti,28
4107,2,"chikop,",chikop,28
4108,0,Nima,nima,28
4108,1,"chikop,",chikop,28
4109,0,"Chaq'ab',",chaq'ab',28
4110,0,Xa,xa,28
4110,1,wi,wi,28
4110,2,xare,xare,28
4110,3,raq'ab'al.,raq'ab'al,28
4111,0,Ta,ta,28
4111,1,xutz'onoj,xutz'onoj,28
4111,2,k'ut,k'ut,28
4112,0,Kecha'.,kecha',28
4113,0,“Naqi,naqi,28
4113,1,taq,taq,28
4113,2,pa,pa,28
4113,3,iwecha',iwecha',28
4113,4,chi,chi,28
4113,5,jujunal,jujunal,28
4114,0,Are',are',28
4114,1,kixnutaq,kixnutaq,28
4114,2,wi,wi,28
4114,3,chik'am,chik'am,28
4114,4,uloq,uloq,28
4114,5,ri,ri,28
4114,6,"iwecha',”",iwecha',28
4115,0,Xcha',xcha',28
4115,1,k'ut,k'ut,28
4115,2,Xb'alanke,xb'alanke,28
4115,3,chike.,chike,28
4116,0,“Utz,utz,28
4116,1,b'a,b'a,28
4116,2,"la',”",la',28
4116,3,xecha',xecha',28
4116,4,k'ut.,k'ut,28
4117,0,Ta,ta,28
4117,1,xeb'ek,xeb'ek,28
4117,2,e,e,28
4117,3,k'amol,k'amol,28
4117,4,"rech,",rech,28
4118,0,Ta,ta,28
4118,1,xe'ul,xe'ul,28
4118,2,je,je,28
4118,3,k'ut,k'ut,28
4118,4,konojel.,konojel,28
4119,0,K'o,k'o,28
4119,1,xa,xa,28
4119,2,q'umar,q'umar,28
4119,3,rech,rech,28
4119,4,xb'e,xb'e,28
4119,5,u,u,28
4119,6,"k'ama',",k'ama',28
4120,0,K'o,k'o,28
4120,1,xa,xa,28
4120,2,tz'alik,tz'alik,28
4120,3,xb'e,xb'e,28
4120,4,u,u,28
4120,5,"k'ama',",k'ama',28
4121,0,K'o,k'o,28
4121,1,xa,xa,28
4121,2,ab'aj,ab'aj,28
4121,3,xb'e,xb'e,28
4121,4,u,u,28
4121,5,"k'ama',",k'ama',28
4122,0,K'o,k'o,28
4122,1,xa,xa,28
4122,2,ulew,ulew,28
4122,3,xb'e,xb'e,28
4122,4,u,u,28
4122,5,k'ama'.,k'ama',28
4123,0,Jalajoj,jalajoj,28
4123,1,kecha',kecha',28
4123,2,ri,ri,28
4123,3,[ch'uti],ch'uti,28
4123,4,"chikop,",chikop,28
4124,0,Nima,nima,28
4124,1,chikop.,chikop,28
4125,0,K'i,k'i,28
4125,1,pu,pu,28
4125,2,k'a,k'a,28
4125,3,u,u,28
4125,4,xamb'e,xamb'e,28
4125,5,kanajoq,kanajoq,28
4125,6,ri,ri,28
4125,7,"sis,",sis,28
4126,0,Q'oq',q'oq',28
4126,1,xb'e,xb'e,28
4126,2,u,u,28
4126,3,k'ama'.,k'ama',28
4127,0,Kub'alka'tij,kub'alka'tij,28
4127,1,chutza'm,chutza'm,28
4127,2,kapetik.,kapetik,28
4128,0,Are',are',28
4128,1,k'ut,k'ut,28
4128,2,xok,xok,28
4128,3,jalwachib'al,jalwachib'al,28
4128,4,u,u,28
4128,5,jolom,jolom,28
4128,6,Junajpu.,junajpu,28
4129,0,Lib'aj,lib'aj,28
4129,1,chi,chi,28
4129,2,xk'otox,xk'otox,28
4129,3,u,u,28
4129,4,b'aq',b'aq',28
4129,5,u,u,28
4129,6,wach.,wach,28
4130,0,Tzatz,tzatz,28
4130,1,chi,chi,28
4130,2,aj,aj,28
4130,3,na'oj,na'oj,28
4130,4,chi,chi,28
4130,5,kaj,kaj,28
4130,6,xpe,xpe,28
4130,7,wi.,wi,28
4131,0,Are',are',28
4131,1,u,u,28
4131,2,K'u'x,k'u'x,28
4131,3,"Kaj,",kaj,28
4132,0,Juraqan.,juraqan,28
4133,0,Xulk'o,xulk'o,28
4133,1,"loq,",loq,28
4134,0,Xulu,xulu,28
4134,1,k'u,k'u,28
4134,2,loq,loq,28
4135,0,Chiri',chiri',28
4136,0,Pa,pa,28
4136,1,Sotz'i,sotz'i,28
4136,2,Ja.,ja,28
4138,0,Utz,utz,28
4138,1,chik,chik,28
4138,2,xuxik.,xuxik,28
4139,0,Xa,xa,28
4139,1,wi,wi,28
4139,2,xare,xare,28
4139,3,u,u,28
4139,4,ch'uq,ch'uq,28
4139,5,jeb'el,jeb'el,28
4139,6,"xwachinik,",xwachinik,28
4140,0,Xa,xa,28
4140,1,wi,wi,28
4140,2,xare,xare,28
4140,3,xch'awik.,xch'awik,28
4141,0,Are,are,28
4141,1,k'ut,k'ut,28
4141,2,ta,ta,28
4141,3,chiraj,chiraj,28
4141,4,"saqirik,",saqirik,28
4142,0,Chikaqtarin,chikaqtarin,28
4142,1,u,u,28
4142,2,xe',xe',28
4142,3,kaj.,kaj,28
4143,0,“Kaxaqi',kaxaqi',28
4143,1,na,na,28
4143,2,"chik,",chik,28
4144,0,"Ama',”",ama',28
4144,1,xuchax,xuchax,28
4144,2,ri,ri,28
4144,3,wuch'.,wuch',28
4145,0,"“We',”",we',29
4145,1,xcha',xcha',29
4145,2,ri,ri,29
4145,3,mama'.,mama',29
4146,0,Ta,ta,29
4146,1,chi,chi,29
4146,2,xaqinik.,xaqinik,29
4147,0,K'ate,k'ate,29
4147,1,ta,ta,29
4147,2,chiq'equ'mar,chiq'equ'mar,29
4147,3,chik.,chik,29
4148,0,Kaj,kaj,29
4148,1,mul,mul,29
4148,2,xaqin,xaqin,29
4148,3,ri,ri,29
4148,4,mama'.,mama',29
4149,0,“Kaxaqin,kaxaqin,29
4149,1,"wuch',”",wuch',29
4150,0,Kacha',kacha',29
4150,1,winaq,winaq,29
4150,2,wakamik.,wakamik,29
4151,0,Xa,xa,29
4151,1,k'u,k'u,29
4151,2,kaq,kaq,29
4151,3,rax,rax,29
4151,4,utzinik,utzinik,29
4152,0,Ta,ta,29
4152,1,xutikib'a',xutikib'a',29
4152,2,u,u,29
4152,3,k'ojik.,k'ojik,29
4153,0,“Ma,ma,29
4153,1,utz?”,utz,29
4153,2,chuchax,chuchax,29
4153,3,k'ut,k'ut,29
4153,4,Junajpu.,junajpu,29
4154,0,“Je',je',29
4154,1,"utz,”",utz,29
4154,2,xcha',xcha',29
4154,3,k'ut.,k'ut,29
4155,0,Xa,xa,29
4155,1,wi,wi,29
4155,2,xare,xare,29
4155,3,chub'aqitila',chub'aqitila',29
4155,4,u,u,29
4155,5,"jolom,",jolom,29
4156,0,Keje',keje',29
4156,1,ri',ri',29
4156,2,qitzij,qitzij,29
4156,3,u,u,29
4156,4,jolom,jolom,29
4156,5,xuxik.,xuxik,29
4157,0,K'ate,k'ate,29
4157,1,k'ut,k'ut,29
4157,2,ta,ta,29
4157,3,xkib'an,xkib'an,29
4157,4,ki,ki,29
4157,5,"tzij,",tzij,29
4158,0,Xepixab'an,xepixab'an,29
4158,1,kib'.,kib',29
4159,0,“Ma,ma,29
4159,1,naqi,naqi,29
4159,2,"katcha'jik,",katcha'jik,29
4160,0,Xaqi,xaqi,29
4160,1,chayekuj,chayekuj,29
4160,2,awib'.,awib',29
4161,0,Xa,xa,29
4161,1,in,in,29
4161,2,"jun,",jun,29
4162,0,Qi,qi,29
4162,1,"kinb'anowik,”",kinb'anowik,29
4162,2,xcha',xcha',29
4162,3,Xb'alanke,xb'alanke,29
4162,4,chire.,chire,29
4163,0,K'ate,k'ate,29
4163,1,k'ut,k'ut,29
4163,2,ta,ta,29
4163,3,xupixab'aj,xupixab'aj,29
4163,4,jun,jun,29
4163,5,umul:,umul,29
4164,0,“Katk'oje',katk'oje',29
4164,1,ta,ta,29
4164,2,chiri',chiri',29
4165,0,Chuwi',chuwi',29
4165,1,jom.,jom,29
4166,0,Chi,chi,29
4166,1,"wi',",wi',29
4167,0,Katk'oje',katk'oje',29
4167,1,wi,wi,29
4167,2,chupan,chupan,29
4167,3,"pixk,”",pixk,29
4168,0,Xuchax,xuchax,29
4168,1,umul,umul,29
4168,2,rumal,rumal,29
4168,3,Xb'alanke.,xb'alanke,29
4169,0,“Chopon,chopon,29
4169,1,na,na,29
4169,2,kik',kik',29
4169,3,"awuk',",awuk',29
4170,0,K'ate,k'ate,29
4170,1,katelik,katelik,29
4171,0,K'a,k'a,29
4171,1,in,in,29
4171,2,"kib'anowik,”",kib'anowik,29
4172,0,Xuchax,xuchax,29
4172,1,ri,ri,29
4172,2,"umul,",umul,29
4173,0,Ta,ta,29
4173,1,xpixab'axik,xpixab'axik,29
4174,0,Chaq'ab'.,chaq'ab',29
4175,0,K'ate,k'ate,29
4175,1,k'ut,k'ut,29
4175,2,ta,ta,29
4175,3,"xsaqirik,",xsaqirik,29
4176,0,Xa,xa,29
4176,1,wi,wi,29
4176,2,xare,xare,29
4176,3,utz,utz,29
4176,4,ki,ki,29
4176,5,wach,wach,29
4176,6,ki,ki,29
4176,7,kab',kab',29
4176,8,ichal.,ichal,29
4177,0,XQAJ,xqaj,29
4177,1,chi,chi,29
4177,2,k'u,k'u,29
4177,3,ki,ki,29
4177,4,"cha'j,",cha'j,29
4178,0,K'olan,k'olan,29
4178,1,chi,chi,29
4178,2,k'u,k'u,29
4178,3,u,u,29
4178,4,jolom,jolom,29
4178,5,Junajpu,junajpu,29
4178,6,chuwi',chuwi',29
4178,7,jom.,jom,29
4179,0,“Mi,mi,29
4179,1,xqach'ako,xqach'ako,29
4179,2,"yan,",yan,29
4180,0,Mi,mi,29
4180,1,"xib'ano,",xib'ano,29
4181,0,"Kiya'n,",kiya'n,29
4182,0,Mi,mi,29
4182,1,"xiya'o,”",xiya'o,29
4183,0,Xe'uchaxik.,xe'uchaxik,29
4184,0,Xa,xa,29
4184,1,wi,wi,29
4184,2,k'u,k'u,29
4184,3,xere,xere,29
4184,4,chisik'in,chisik'in,29
4184,5,Junajpu:,junajpu,29
4185,0,“Chak'aqa',chak'aqa',29
4185,1,ri,ri,29
4185,2,jolom,jolom,29
4185,3,chi,chi,29
4185,4,"kik',”",kik',29
4186,0,Ke'uchaxik.,ke'uchaxik,29
4187,0,“Ma,ma,29
4187,1,k'u,k'u,29
4187,2,chikiqaq'axow,chikiqaq'axow,29
4187,3,"chik,",chik,29
4188,0,Chiyekow,chiyekow,29
4188,1,qib'.”,qib',29
4189,0,Are',are',29
4189,1,k'u,k'u,29
4189,2,xetzaqow,xetzaqow,29
4189,3,kik',kik',29
4189,4,rajawal,rajawal,29
4189,5,Xib'alb'a.,xib'alb'a,29
4190,0,Xuk'ul,xuk'ul,29
4190,1,k'ut,k'ut,29
4190,2,Xb'alanke.,xb'alanke,29
4191,0,Taqal,taqal,29
4191,1,k'u,k'u,29
4191,2,ri,ri,29
4191,3,kik',kik',29
4191,4,chuwach,chuwach,29
4191,5,"b'ate,",b'ate,29
4192,0,Chitanenik.,chitanenik,29
4193,0,Ta,ta,29
4193,1,"xelik,",xelik,29
4194,0,Ju,ju,29
4194,1,su,su,29
4194,2,k'u,k'u,29
4194,3,xik'ow,xik'ow,29
4194,4,kik',kik',29
4194,5,chuwi',chuwi',29
4194,6,jom.,jom,29
4195,0,Xa,xa,29
4195,1,"jun,",jun,29
4196,0,Xa,xa,29
4196,1,ka,ka,29
4196,2,nab',nab',29
4196,3,wi,wi,29
4196,4,taqal,taqal,29
4196,5,pa,pa,29
4196,6,pix.,pix,29
4197,0,Ta,ta,29
4197,1,xel,xel,29
4197,2,k'u,k'u,29
4197,3,ri,ri,29
4197,4,umul,umul,29
4198,0,"Chik'oxk'otik,",chik'oxk'otik,29
4199,0,Ta,ta,29
4199,1,xb'ek,xb'ek,29
4199,2,oq'otal,oq'otal,29
4199,3,"k'ut,",k'ut,29
4200,0,Ta,ta,29
4200,1,xb'e,xb'e,29
4200,2,kumal,kumal,29
4200,3,ri,ri,29
4200,4,Xib'alb'a.,xib'alb'a,29
4201,0,"Kejuminik,",kejuminik,29
4202,0,Kechaninik.,kechaninik,29
4203,0,Xeb'e,xeb'e,29
4203,1,chirij,chirij,29
4203,2,ri,ri,29
4203,3,"umul,",umul,29
4204,0,Xek'is,xek'is,29
4204,1,b'e,b'e,29
4204,2,konojel,konojel,29
4204,3,Xib'alb'a.,xib'alb'a,29
4205,0,K'ate,k'ate,29
4205,1,k'ut,k'ut,29
4205,2,xkik'amixtaj,xkik'amixtaj,29
4205,3,ri,ri,29
4205,4,u,u,29
4205,5,jolom,jolom,29
4205,6,"Junajpu,",junajpu,29
4206,0,Xtikixtaj,xtikixtaj,29
4206,1,chik,chik,29
4206,2,u,u,29
4206,3,q'oq',q'oq',29
4206,4,Xb'alanke.,xb'alanke,29
4207,0,Are',are',29
4207,1,chi,chi,29
4207,2,k'ut,k'ut,29
4207,3,xb'e,xb'e,29
4208,0,Kikub'a',kikub'a',29
4208,1,ri,ri,29
4208,2,q'oq',q'oq',29
4208,3,chuwi',chuwi',29
4208,4,jom.,jom,29
4209,0,Qitzij,qitzij,29
4209,1,jolom,jolom,29
4209,2,chi,chi,29
4209,3,k'u,k'u,29
4210,0,U,u,29
4210,1,jolom,jolom,29
4210,2,ri,ri,29
4210,3,Junajpu.,junajpu,29
4211,0,Keki'kot,keki'kot,29
4211,1,chi,chi,29
4211,2,"k'u,",k'u,29
4212,0,Ki,ki,29
4212,1,kab',kab',29
4212,2,ichal.,ichal,29
4213,0,Are',are',29
4213,1,k'ut,k'ut,29
4213,2,keb'e,keb'e,29
4213,3,tzuku,tzuku,29
4213,4,na,na,29
4213,5,kik',kik',29
4214,0,Ri,ri,29
4214,1,Xib'alb'a.,xib'alb'a,29
4215,0,K'ate,k'ate,29
4215,1,k'ut,k'ut,29
4215,2,xkik'amixtaj,xkik'amixtaj,29
4215,3,"chi,",chi,29
4216,0,Ri,ri,29
4216,1,kik',kik',29
4216,2,pa,pa,29
4216,3,pix.,pix,29
4217,0,Ta,ta,29
4217,1,xesik'in,xesik'in,29
4217,2,chi,chi,29
4217,3,k'ut:,k'ut,29
4218,0,“Kixpetoq!,kixpetoq,29
4219,0,Wa'e,wa'e,29
4219,1,kik',kik',29
4219,2,"qe,",qe,29
4220,0,Mi,mi,29
4220,1,xqariqo!”,xqariqo,29
4220,2,xecha'.,xecha',29
4221,0,Ki,ki,29
4221,1,k'olem,k'olem,29
4221,2,chi,chi,29
4221,3,k'ut,k'ut,29
4222,0,Ta,ta,29
4222,1,xe'ul,xe'ul,29
4222,2,Xib'alb'a.,xib'alb'a,29
4223,0,“Naqi,naqi,29
4223,1,pa,pa,29
4223,2,ri',ri',29
4223,3,mi,mi,29
4223,4,xqilo?”,xqilo,29
4224,0,Xecha',xecha',29
4224,1,k'ut.,k'ut,29
4225,0,Ta,ta,29
4225,1,xkitikib'a',xkitikib'a',29
4225,2,chi,chi,29
4225,3,k'ut,k'ut,29
4225,4,"cha'jik,",cha'jik,29
4227,0,K'ate,k'ate,29
4227,1,k'ut,k'ut,29
4227,2,xk'aqataj,xk'aqataj,29
4227,3,ri,ri,29
4227,4,q'oq',q'oq',29
4227,5,rumal,rumal,29
4227,6,Xb'alanke.,xb'alanke,29
4228,0,Chipuk'ab'in,chipuk'ab'in,29
4228,1,ri,ri,29
4228,2,q'oq',q'oq',29
4228,3,xqaj,xqaj,29
4228,4,pa,pa,29
4228,5,jom.,jom,29
4229,0,Saqiram,saqiram,29
4229,1,k'u,k'u,29
4230,0,Ri,ri,29
4230,1,u,u,29
4230,2,sakilal,sakilal,29
4230,3,chikiwach.,chikiwach,29
4231,0,“Naqi,naqi,29
4231,1,pa,pa,29
4231,2,ri',ri',29
4231,3,chib'e,chib'e,29
4231,4,i,i,29
4231,5,k'ama'?,k'ama',29
4232,0,Apa,apa,29
4232,1,k'o,k'o,29
4232,2,wi,wi,29
4232,3,ri,ri,29
4232,4,k'amol,k'amol,29
4232,5,re?”,re,29
4232,6,xcha',xcha',29
4232,7,Xib'alb'a.,xib'alb'a,29
4233,0,Keje',keje',29
4233,1,k'ut,k'ut,29
4233,2,ki,ki,29
4233,3,ch'akatajik,ch'akatajik,29
4234,0,Rajawal,rajawal,29
4234,1,"Xib'alb'a,",xib'alb'a,29
4235,0,Rumal,rumal,29
4235,1,"Junajpu,",junajpu,29
4236,0,Xb'alanke.,xb'alanke,29
4237,0,Nima,nima,29
4237,1,k'axk'ol,k'axk'ol,29
4237,2,xek'oje',xek'oje',29
4237,3,"wi,",wi,29
4238,0,Mawi,mawi,29
4238,1,are',are',29
4238,2,xekam,xekam,29
4238,3,wi.,wi,29
4239,0,Ri,ri,29
4239,1,ronojel,ronojel,29
4240,0,Xb'an,xb'an,29
4240,1,chike.,chike,29
4241,0,ARE',are',29
4241,1,k'ut,k'ut,29
4241,2,wa'e,wa'e,29
4241,3,ki,ki,29
4241,4,nab'al,nab'al,29
4241,5,ki,ki,29
4241,6,kamik,kamik,29
4242,0,"Junajpu,",junajpu,29
4243,0,Xb'alanke.,xb'alanke,29
4244,0,Are',are',29
4244,1,wa',wa',29
4244,2,ki,ki,29
4244,3,nab'al,nab'al,29
4244,4,ki,ki,29
4244,5,kamik,kamik,29
4244,6,xchiqab'ij,xchiqab'ij,29
4244,7,chik.,chik,29
4245,0,Ta,ta,29
4245,1,xepixab'aj,xepixab'aj,29
4245,2,"k'ut,",k'ut,29
4246,0,Xkib'ano.,xkib'ano,29
4247,0,Ronojel,ronojel,29
4247,1,"k'axk'ol,",k'axk'ol,29
4248,0,Ra'il,ra'il,29
4248,1,xb'an,xb'an,29
4248,2,"chike,",chike,29
4249,0,Mawi,mawi,29
4249,1,xekamik,xekamik,29
4249,2,rumal,rumal,29
4250,0,U,u,29
4250,1,tijob'al,tijob'al,29
4250,2,Xib'alb'a.,xib'alb'a,29
4251,0,Mawi,mawi,29
4251,1,xech'akatajik,xech'akatajik,29
4251,2,rumal,rumal,29
4252,0,Ronojel,ronojel,29
4252,1,ti'onel,ti'onel,29
4252,2,chikop,chikop,29
4252,3,e,e,29
4252,4,k'o,k'o,29
4252,5,chi,chi,29
4252,6,Xib'alb'a.,xib'alb'a,29
4253,0,K'ate,k'ate,29
4253,1,k'ut,k'ut,29
4253,2,ta,ta,29
4253,3,xkitaq,xkitaq,29
4253,4,chi,chi,29
4253,5,kaib',kaib',29
4253,6,"nik'wachinel,",nik'wachinel,29
4254,0,Keje',keje',29
4254,1,ri',ri',29
4254,2,e,e,29
4254,3,ilol.,ilol,29
4255,0,Are',are',29
4255,1,ki,ki,29
4255,2,b'i',b'i',29
4255,3,wa':,wa',29
4256,0,"Xulu,",xulu,29
4257,0,Paqam.,paqam,29
4258,0,E,e,29
4258,1,eta'manel.,eta'manel,29
4259,0,“We,we,29
4259,1,kojtz'onoxik,kojtz'onoxik,29
4259,2,chiwe,chiwe,29
4259,3,kumal,kumal,29
4259,4,rajawal,rajawal,29
4259,5,"Xib'alb'a,",xib'alb'a,29
4260,0,Rumal,rumal,29
4260,1,ri',ri',29
4260,2,qa,qa,29
4260,3,kamik.,kamik,29
4261,0,Ki,ki,29
4261,1,na'oj,na'oj,29
4261,2,kakinuk',kakinuk',29
4262,0,Rumal,rumal,29
4262,1,ri',ri',29
4262,2,mawi,mawi,29
4262,3,mi,mi,29
4262,4,"xojkamik,",xojkamik,29
4263,0,Ma,ma,29
4263,1,pu,pu,29
4263,2,mi,mi,29
4263,3,xojch'akatajik.,xojch'akatajik,29
4264,0,Mi,mi,29
4264,1,xqasach,xqasach,29
4264,2,ki,ki,29
4264,3,"tijob'al,",tijob'al,29
4265,0,Ma,ma,29
4265,1,xa,xa,29
4265,2,chikop,chikop,29
4265,3,chok,chok,29
4265,4,chiqe.,chiqe,29
4266,0,Are',are',29
4266,1,k'u,k'u,29
4266,2,retal,retal,29
4266,3,wa',wa',29
4266,4,chi,chi,29
4266,5,qa,qa,29
4266,6,k'u'x:,k'u'x,29
4267,0,Chojim,chojim,29
4267,1,ab'aj,ab'aj,29
4267,2,kamisab'al,kamisab'al,29
4267,3,qe,qe,29
4267,4,kumal.,kumal,29
4268,0,Mi,mi,29
4268,1,xekuchu,xekuchu,29
4268,2,kib',kib',29
4268,3,ronojel,ronojel,29
4268,4,"Xib'alb'a,",xib'alb'a,29
4269,0,Ma,ma,29
4269,1,k'u,k'u,29
4269,2,qitzij,qitzij,29
4269,3,ta,ta,29
4269,4,kojkamik.,kojkamik,29
4270,0,Are',are',29
4270,1,k'u,k'u,29
4270,2,i,i,29
4270,3,na'oj,na'oj,29
4271,0,Wa',wa',29
4271,1,xchiqab'ij.,xchiqab'ij,29
4272,0,We,we,29
4272,1,kixul,kixul,29
4272,2,tz'onob'exoq,tz'onob'exoq,29
4272,3,kumal,kumal,29
4273,0,Chirech,chirech,29
4273,1,qa,qa,29
4273,2,kamik,kamik,29
4273,3,ta,ta,29
4273,4,"kojk'atoq,",kojk'atoq,29
4274,0,Naqi,naqi,29
4274,1,"xchikucha'j,",xchikucha'j,29
4275,0,Ix,ix,29
4275,1,"Xulu,",xulu,29
4276,0,Ix,ix,30
4276,1,"Paqam,",paqam,30
4277,0,We,we,30
4277,1,kecha',kecha',30
4277,2,chiwe?,chiwe,30
4278,0,‘Ma,ma,30
4278,1,utz,utz,30
4278,2,lo,lo,30
4279,0,Chiqatix,chiqatix,30
4279,1,ta,ta,30
4280,0,Ki,ki,30
4280,1,b'aqil,b'aqil,30
4280,2,pa,pa,30
4280,3,"siwan,’",siwan,30
4281,0,‘We,we,30
4281,1,ma,ma,30
4281,2,b'a,b'a,30
4281,3,utz?,utz,30
4283,0,‘We,we,30
4283,1,b'a,b'a,30
4283,2,are',are',30
4283,3,utz,utz,30
4284,0,Xa,xa,30
4284,1,chiqaxekeb'a',chiqaxekeb'a',30
4285,0,Chuwi',chuwi',30
4285,1,che'?’,che',30
4285,2,ta,ta,30
4285,3,kecha',kecha',30
4285,4,chik,chik,30
4285,5,chiwe.,chiwe,30
4286,0,‘Xax,xax,30
4286,1,ma,ma,30
4286,2,utz,utz,30
4286,3,"wi,",wi,30
4287,0,Xa,xa,30
4287,1,wi,wi,30
4287,2,xere,xere,30
4287,3,chiwil,chiwil,30
4287,4,"chikiwach,’",chikiwach,30
4287,5,kixcha'.,kixcha',30
4288,0,Ta,ta,30
4288,1,kecha',kecha',30
4288,2,chi,chi,30
4288,3,k'ut,k'ut,30
4289,0,Chi,chi,30
4289,1,rox,rox,30
4289,2,"mul,",mul,30
4290,0,‘Xa,xa,30
4290,1,b'a,b'a,30
4290,2,are',are',30
4290,3,rutzil,rutzil,30
4291,0,Xa,xa,30
4291,1,chiqatix,chiqatix,30
4291,2,ki,ki,30
4291,3,b'aqil,b'aqil,30
4291,4,pa,pa,30
4291,5,raqan,raqan,30
4291,6,ja'?’,ja',30
4292,0,We,we,30
4292,1,k'ut,k'ut,30
4292,2,kixuchax,kixuchax,30
4292,3,chik,chik,30
4292,4,"kumal,",kumal,30
4293,0,‘Are',are',30
4293,1,utz,utz,30
4293,2,b'a,b'a,30
4293,3,la',la',30
4293,4,"kekamik,",kekamik,30
4294,0,K'ate,k'ate,30
4294,1,k'u,k'u,30
4294,2,utz,utz,30
4295,0,Chijok',chijok',30
4295,1,ki,ki,30
4295,2,b'aqil,b'aqil,30
4295,3,chuwach,chuwach,30
4295,4,"ab'aj,",ab'aj,30
4296,0,Keje',keje',30
4296,1,ri',ri',30
4296,2,chike'x,chike'x,30
4296,3,k'ajim,k'ajim,30
4296,4,"jal,",jal,30
4297,0,Jujunal,jujunal,30
4297,1,k'u,k'u,30
4297,2,chike'ik.,chike'ik,30
4299,0,Chirikaj,chirikaj,30
4299,1,k'u,k'u,30
4299,2,"a',",a',30
4300,0,Chib'e,chib'e,30
4300,1,ch'uti,ch'uti,30
4300,2,"juyub',",juyub',30
4301,0,Nima,nima,30
4301,1,"juyub',’",juyub',30
4302,0,Kixcha',kixcha',30
4302,1,k'ut.,k'ut,30
4303,0,Ta,ta,30
4303,1,chik'utunisaj,chik'utunisaj,30
4304,0,Ri,ri,30
4304,1,qa,qa,30
4304,2,"pixab',",pixab',30
4305,0,Mi,mi,30
4305,1,xqab'ij,xqab'ij,30
4305,2,"chiwe,”",chiwe,30
4306,0,Xecha',xecha',30
4306,1,"Xjunajpu,",xjunajpu,30
4307,0,Xb'alanke.,xb'alanke,30
4308,0,Ta,ta,30
4308,1,"xepixab'ik,",xepixab'ik,30
4309,0,Xketa'maj,xketa'maj,30
4309,1,ki,ki,30
4309,2,kamik.,kamik,30
4310,0,Are',are',30
4310,1,kab'an,kab'an,30
4310,2,ri,ri,30
4310,3,nima,nima,30
4310,4,chojim,chojim,30
4310,5,"ab'aj,",ab'aj,30
4311,0,Keje',keje',30
4311,1,ri,ri,30
4311,2,chojib'al.,chojib'al,30
4312,0,Qi,qi,30
4312,1,xkib'an,xkib'an,30
4312,2,"Xib'alb'a,",xib'alb'a,30
4313,0,Nima'q,nima'q,30
4313,1,xaq,xaq,30
4313,2,xkikojo.,xkikojo,30
4314,0,K'ate,k'ate,30
4314,1,k'ut,k'ut,30
4314,2,xul,xul,30
4314,3,"samajel,",samajel,30
4315,0,Achb'ilay,achb'ilay,30
4315,1,"ke,",ke,30
4316,0,U,u,30
4316,1,samajel,samajel,30
4316,2,Jun,jun,30
4316,3,"Kame,",kame,30
4317,0,Wuqub',wuqub',30
4317,1,Kame.,kame,30
4318,0,“‘Kepetoq!,kepetoq,30
4319,0,Kojb'e,kojb'e,30
4319,1,ta,ta,30
4319,2,kuk',kuk',30
4319,3,"k'ajolab',",k'ajolab',30
4320,0,Chib'e,chib'e,30
4320,1,ta,ta,30
4321,0,Kila',kila',30
4322,0,K'a,k'a,30
4322,1,"kixqachojij,’",kixqachojij,30
4323,0,Kacha',kacha',30
4323,1,"ajaw,",ajaw,30
4324,0,Ix,ix,30
4324,1,"k'ajolab',”",k'ajolab',30
4325,0,Xe'uchaxik.,xe'uchaxik,30
4326,0,“Utz,utz,30
4326,1,b'a,b'a,30
4326,2,"la',”",la',30
4327,0,Xecha',xecha',30
4327,1,k'ut.,k'ut,30
4328,0,Anim,anim,30
4328,1,"xeb'ek,",xeb'ek,30
4329,0,Xe'opon,xe'opon,30
4329,1,k'ut,k'ut,30
4329,2,chuchi',chuchi',30
4329,3,choj.,choj,30
4330,0,Chiri',chiri',30
4330,1,k'ut,k'ut,30
4330,2,xeraj,xeraj,30
4330,3,ch'ij,ch'ij,30
4330,4,wi,wi,30
4331,0,Chi,chi,30
4331,1,etz'anem.,etz'anem,30
4332,0,“Qach'opij,qach'opij,30
4332,1,wa'e,wa'e,30
4332,2,ri,ri,30
4332,3,qa,qa,30
4332,4,"ki',",ki',30
4333,0,Kaj,kaj,30
4333,1,taq,taq,30
4333,2,mul,mul,30
4333,3,"taj,",taj,30
4334,0,Chi,chi,30
4334,1,q'axiq'aj,q'axiq'aj,30
4335,0,"Chiqajujunal,",chiqajujunal,30
4336,0,Ix,ix,30
4336,1,"k'ajolab',”",k'ajolab',30
4336,2,xecha'x,xecha'x,30
4336,3,k'ut,k'ut,30
4337,0,Rumal,rumal,30
4337,1,Jun,jun,30
4337,2,Kame.,kame,30
4338,0,“Mawi,mawi,30
4338,1,are',are',30
4338,2,kojimich',kojimich',30
4338,3,wi,wi,30
4338,4,ri'.,ri',30
4339,0,Ma,ma,30
4339,1,pa,pa,30
4339,2,qeta'm,qeta'm,30
4339,3,qa,qa,30
4339,4,"kamik,",kamik,30
4340,0,Ix,ix,30
4340,1,ajawab'?,ajawab',30
4341,0,Chiwila',chiwila',30
4341,1,"na,”",na,30
4341,2,xecha',xecha',30
4341,3,k'ut.,k'ut,30
4342,0,Ta,ta,30
4342,1,xkik'ulawachij,xkik'ulawachij,30
4342,2,ki,ki,30
4342,3,"wach,",wach,30
4343,0,Xkirip,xkirip,30
4343,1,ki,ki,30
4343,2,q'ab',q'ab',30
4343,3,ki,ki,30
4343,4,kab',kab',30
4343,5,"ichal,",ichal,30
4344,0,E,e,30
4344,1,pu,pu,30
4344,2,jupujuj,jupujuj,30
4344,3,ta,ta,30
4344,4,xeb'ek,xeb'ek,30
4344,5,pa,pa,30
4344,6,"choj,",choj,30
4345,0,Chiri',chiri',30
4345,1,k'ut,k'ut,30
4345,2,xekam,xekam,30
4345,3,wi,wi,30
4345,4,ki,ki,30
4345,5,kab',kab',30
4345,6,ichal.,ichal,30
4346,0,Keki'kot,keki'kot,30
4346,1,chi,chi,30
4346,2,k'ut,k'ut,30
4347,0,Ronojel,ronojel,30
4347,1,Xib'alb'a.,xib'alb'a,30
4348,0,Taqal,taqal,30
4348,1,ki,ki,30
4348,2,"yuyub',",yuyub',30
4349,0,Taqal,taqal,30
4349,1,ki,ki,30
4349,2,xulq'ab'.,xulq'ab',30
4350,0,“Mi,mi,30
4350,1,xeqach'ako!,xeqach'ako,30
4351,0,Qitzij,qitzij,30
4351,1,mawi,mawi,30
4351,2,ata'n,ata'n,30
4351,3,xkiya',xkiya',30
4351,4,"kib',”",kib',30
4351,5,xecha'.,xecha',30
4352,0,K'ate,k'ate,30
4352,1,k'ut,k'ut,30
4352,2,ki,ki,30
4352,3,taqik,taqik,30
4352,4,ri,ri,30
4352,5,"Xulu,",xulu,30
4353,0,"Paqam,",paqam,30
4354,0,Xkanaj,xkanaj,30
4354,1,wi,wi,30
4354,2,ki,ki,30
4354,3,tzij.,tzij,30
4355,0,Xa,xa,30
4355,1,wi,wi,30
4355,2,xare,xare,30
4355,3,xtz'onox,xtz'onox,30
4356,0,Ri,ri,30
4356,1,xb'e,xb'e,30
4356,2,wi,wi,30
4356,3,ki,ki,30
4356,4,"b'aqil,",b'aqil,30
4357,0,Ta,ta,30
4357,1,xeq'ijin,xeq'ijin,30
4357,2,Xib'alb'a.,xib'alb'a,30
4358,0,Xjok',xjok',30
4358,1,ki,ki,30
4358,2,"b'aqil,",b'aqil,30
4359,0,Xb'e,xb'e,30
4359,1,tixoq,tixoq,30
4359,2,chi,chi,30
4359,3,raqan,raqan,30
4359,4,"a',",a',30
4360,0,Ma,ma,30
4360,1,k'u,k'u,30
4360,2,xeb'e,xeb'e,30
4360,3,ta,ta,30
4360,4,chi,chi,30
4360,5,naj.,naj,30
4361,0,Xa,xa,30
4361,1,ju,ju,30
4361,2,su,su,30
4361,3,xeqaj,xeqaj,30
4361,4,chuxe',chuxe',30
4361,5,a'.,a',30
4362,0,E,e,30
4362,1,cha'om,cha'om,30
4362,2,k'ajolab',k'ajolab',30
4362,3,"xe'uxik,",xe'uxik,30
4363,0,Xa,xa,30
4363,1,wi,wi,30
4363,2,xere,xere,30
4363,3,ki,ki,30
4363,4,wach,wach,30
4363,5,xuxik.,xuxik,30
4364,0,Xek'utun,xek'utun,30
4364,1,chi,chi,30
4364,2,"k'ut,",k'ut,30
4365,0,CHI,chi,30
4365,1,ro',ro',30
4365,2,b'ix,b'ix,30
4365,3,k'ut,k'ut,30
4365,4,xek'utun,xek'utun,30
4365,5,chik.,chik,30
4366,0,Xe'il,xe'il,30
4366,1,chi,chi,30
4366,2,ya',ya',30
4366,3,rumal,rumal,30
4366,4,"winaq,",winaq,30
4367,0,E,e,30
4367,1,kaib',kaib',30
4367,2,keje',keje',30
4367,3,ri,ri,30
4367,4,xa,xa,30
4367,5,winaq,winaq,30
4367,6,kar,kar,30
4367,7,xewachinik.,xewachinik,30
4368,0,Ta,ta,30
4368,1,xil,xil,30
4368,2,ki,ki,30
4368,3,wach,wach,30
4368,4,kumal,kumal,30
4368,5,"Xib'alb'a,",xib'alb'a,30
4369,0,Xetzukux,xetzukux,30
4369,1,k'ut,k'ut,30
4369,2,chi,chi,30
4369,3,taq,taq,30
4369,4,ya'.,ya',30
4370,0,Xchuweqa,xchuweqa,30
4370,1,k'ut,k'ut,30
4370,2,"kek'utunoq,",kek'utunoq,30
4371,0,E,e,30
4371,1,kaib',kaib',30
4371,2,chi,chi,30
4371,3,meb'a'.,meb'a',30
4372,0,Atz'iyaq,atz'iyaq,30
4372,1,ki,ki,30
4372,2,"wach,",wach,30
4373,0,Atz'iyaq,atz'iyaq,30
4373,1,pu,pu,30
4373,2,"kij,",kij,30
4374,0,Atz'iyaq,atz'iyaq,30
4374,1,k'ut,k'ut,30
4374,2,ki,ki,30
4374,3,q'u'.,q'u',30
4376,0,Ta,ta,30
4376,1,qi,qi,30
4376,2,xe'ilik,xe'ilik,30
4376,3,rumal,rumal,30
4376,4,Xib'alb'a.,xib'alb'a,30
4377,0,Jala,jala,30
4377,1,chi,chi,30
4377,2,k'ut,k'ut,30
4377,3,xkib'ano,xkib'ano,30
4378,0,Xa,xa,30
4378,1,Xajoj,xajoj,30
4378,2,"Pujuy,",pujuy,30
4379,0,Xajoj,xajoj,30
4379,1,"Kux,",kux,30
4380,0,Xa,xa,30
4380,1,Ib'oy,ib'oy,30
4380,2,"xkixajo,",xkixajo,30
4381,0,Xa,xa,30
4381,1,"Xtz'ul,",xtz'ul,30
4382,0,Xa,xa,30
4382,1,Ch'itik,ch'itik,30
4382,2,xkixaj,xkixaj,30
4382,3,chik.,chik,30
4383,0,K'iya,k'iya,30
4383,1,mayijab'al,mayijab'al,30
4383,2,xkib'an,xkib'an,30
4383,3,chik.,chik,30
4384,0,Xkiporoj,xkiporoj,30
4384,1,ja,ja,30
4384,2,keje',keje',30
4384,3,ri',ri',30
4384,4,qitzij,qitzij,30
4384,5,"chik'atik,",chik'atik,30
4385,0,Lib'aj,lib'aj,30
4385,1,chi,chi,30
4385,2,k'ut,k'ut,30
4385,3,chiwinaqir,chiwinaqir,30
4385,4,chik.,chik,30
4386,0,Tzatz,tzatz,30
4386,1,chi,chi,30
4386,2,Xib'alb'a,xib'alb'a,30
4386,3,chika'yik.,chika'yik,30
4387,0,K'ate,k'ate,30
4387,1,chikipus,chikipus,30
4387,2,kib'.,kib',30
4388,0,Chikam,chikam,30
4388,1,jun,jun,30
4388,2,"chike,",chike,30
4389,0,Chipune',chipune',30
4389,1,na,na,30
4389,2,chi,chi,30
4389,3,kaminaqil.,kaminaqil,30
4390,0,Nab'e,nab'e,30
4390,1,chikikamisaj,chikikamisaj,30
4390,2,"kib',",kib',30
4392,0,Xa,xa,30
4392,1,kika'y,kika'y,30
4392,2,"Xib'alb'a,",xib'alb'a,30
4393,0,Ta,ta,30
4393,1,chikib'ano.,chikib'ano,30
4394,0,Ronojel,ronojel,30
4394,1,xkib'an,xkib'an,30
4394,2,"chik,",chik,30
4395,0,U,u,30
4395,1,xe'najik,xe'najik,30
4395,2,"chik,",chik,30
4396,0,Ch'akb'al,ch'akb'al,30
4396,1,kech,kech,30
4397,0,Xib'alb'a,xib'alb'a,30
4397,1,kumal.,kumal,30
4398,0,K'ATE,k'ate,30
4398,1,chi,chi,30
4398,2,puch,puch,30
4398,3,roponik,roponik,30
4398,4,chik,chik,30
4399,0,U,u,30
4399,1,tzijel,tzijel,30
4399,2,ki,ki,30
4399,3,xajoj,xajoj,30
4400,0,Chi,chi,30
4400,1,xikin,xikin,30
4400,2,ajawab',ajawab',30
4400,3,Jun,jun,30
4400,4,"Kame,",kame,30
4401,0,Wuqub',wuqub',30
4401,1,Kame.,kame,30
4402,0,Xcha',xcha',30
4402,1,ta,ta,30
4402,2,"xkita'o,",xkita'o,30
4403,0,“Naqi,naqi,30
4403,1,ri,ri,30
4403,2,e,e,30
4403,3,kaib',kaib',30
4403,4,meb'a'?,meb'a',30
4404,0,La,la,30
4404,1,qitzij,qitzij,30
4404,2,wi,wi,30
4404,3,chi,chi,30
4404,4,kus?,kus,30
4405,0,Qitzij,qitzij,30
4405,1,wi,wi,30
4405,2,pu,pu,30
4405,3,chi,chi,30
4405,4,jeb'elik,jeb'elik,30
4406,0,Ki,ki,30
4406,1,"xajowik,",xajowik,30
4407,0,Ronojel,ronojel,30
4407,1,kakib'ano?”,kakib'ano,30
4407,2,xcha',xcha',30
4407,3,k'ut.,k'ut,30
4408,0,Ki,ki,30
4408,1,tzijoxik,tzijoxik,30
4408,2,xoponik,xoponik,30
4408,3,kuk',kuk',30
4408,4,"ajawab',",ajawab',30
4409,0,Kus,kus,30
4409,1,xkita'o.,xkita'o,30
4410,0,Ta,ta,30
4410,1,xb'ochi',xb'ochi',30
4410,2,k'ut,k'ut,30
4410,3,ki,ki,30
4410,4,"samajel,",samajel,30
4411,0,Taqol,taqol,30
4411,1,chi,chi,30
4411,2,kepetoq:,kepetoq,30
4412,0,“‘Chul,chul,30
4412,1,ta,ta,30
4412,2,ki,ki,30
4412,3,"b'ana',",b'ana',30
4413,0,Qaka'y.,qaka'y,30
4414,0,Keqamayijaj,keqamayijaj,30
4414,1,"taj,",taj,30
4415,0,Keqaka'yij,keqaka'yij,30
4415,1,ta,ta,30
4415,2,"puch,",puch,30
4416,0,Kecha',kecha',30
4416,1,"ajawab',’",ajawab',30
4417,0,Kixcha',kixcha',31
4417,1,"chike,”",chike,31
4418,0,Xuchax,xuchax,31
4418,1,ri,ri,31
4418,2,samajel.,samajel,31
4419,0,Xe'opon,xe'opon,31
4419,1,k'ut,k'ut,31
4419,2,kuk',kuk',31
4419,3,ri,ri,31
4419,4,xajol.,xajol,31
4420,0,Ta,ta,31
4420,1,xch'aw,xch'aw,31
4420,2,k'ut,k'ut,31
4421,0,Ki,ki,31
4421,1,tzij,tzij,31
4421,2,ajawab',ajawab',31
4421,3,chike.,chike,31
4422,0,“Ma,ma,31
4422,1,b'a,b'a,31
4422,2,chiqaj,chiqaj,31
4423,0,Rumal,rumal,31
4423,1,ri,ri,31
4423,2,qitzij,qitzij,31
4423,3,kojxob'ik.,kojxob'ik,31
4424,0,Ma,ma,31
4424,1,xa,xa,31
4424,2,mawi,mawi,31
4424,3,kojk'ixb'ik,kojk'ixb'ik,31
4425,0,Kojok,kojok,31
4425,1,apanoq,apanoq,31
4425,2,chi,chi,31
4425,3,ajawal,ajawal,31
4425,4,ja.,ja,31
4426,0,Rumal,rumal,31
4426,1,qi,qi,31
4426,2,itzel,itzel,31
4426,3,qa,qa,31
4426,4,"wach,",wach,31
4427,0,Ma,ma,31
4427,1,xa,xa,31
4427,2,ki,ki,31
4427,3,nima'q,nima'q,31
4427,4,u,u,31
4427,5,b'aq',b'aq',31
4427,6,qa,qa,31
4427,7,wach,wach,31
4427,8,chi,chi,31
4427,9,meb'a'.,meb'a',31
4428,0,Ma,ma,31
4428,1,xa,xa,31
4428,2,on,on,31
4428,3,ril,ril,31
4428,4,chire,chire,31
4428,5,xa,xa,31
4428,6,oj,oj,31
4428,7,xajol?,xajol,31
4429,0,Naqi,naqi,31
4429,1,ta,ta,31
4429,2,chiqab'ij,chiqab'ij,31
4429,3,chike,chike,31
4429,4,qach,qach,31
4429,5,meb'a'?,meb'a',31
4430,0,K'o,k'o,31
4430,1,"k'am,",k'am,31
4430,2,kurayij,kurayij,31
4430,3,nay,nay,31
4430,4,pu,pu,31
4430,5,ri,ri,31
4430,6,qa,qa,31
4430,7,"xajoj,",xajoj,31
4431,0,Kakik'astaj,kakik'astaj,31
4431,1,ki,ki,31
4431,2,wach,wach,31
4431,3,quk'.,quk',31
4432,0,Ma,ma,31
4432,1,keje',keje',31
4432,2,la',la',31
4432,3,k'u,k'u,31
4432,4,xchiqab'an,xchiqab'an,31
4432,5,chike,chike,31
4432,6,ri,ri,31
4432,7,"ajawab',",ajawab',31
4433,0,Keje',keje',31
4433,1,k'u,k'u,31
4433,2,mawi,mawi,31
4433,3,kaqaj,kaqaj,31
4433,4,"wi,",wi,31
4434,0,Ix,ix,31
4434,1,"samajel,”",samajel,31
4435,0,Xecha',xecha',31
4435,1,"k'ut,",k'ut,31
4436,0,Ri,ri,31
4436,1,"Junajpu,",junajpu,31
4437,0,Xb'alanke.,xb'alanke,31
4438,0,Xelejeb'ex,xelejeb'ex,31
4438,1,na,na,31
4438,2,ki,ki,31
4438,3,wach,wach,31
4438,4,chuwi',chuwi',31
4438,5,"ra',",ra',31
4439,0,Chuwi',chuwi',31
4439,1,k'ax.,k'ax,31
4440,0,Kaq,kaq,31
4440,1,ra'il,ra'il,31
4440,2,"xeb'ek,",xeb'ek,31
4441,0,Mawi,mawi,31
4441,1,ata'n,ata'n,31
4441,2,xkaj,xkaj,31
4441,3,b'enam.,b'enam,31
4442,0,K'iya,k'iya,31
4442,1,mul,mul,31
4442,2,"xech'ijik,",xech'ijik,31
4443,0,Xa,xa,31
4443,1,"chimachka'y,",chimachka'y,31
4444,0,Samajel,samajel,31
4444,1,"chikiwach,",chikiwach,31
4445,0,K'amol,k'amol,31
4445,1,ke.,ke,31
4446,0,Ta,ta,31
4446,1,xeb'e,xeb'e,31
4446,2,k'ut,k'ut,31
4446,3,ruk',ruk',31
4446,4,ajaw.,ajaw,31
4447,0,XE'OPON,xe'opon,31
4447,1,puch,puch,31
4447,2,kuk',kuk',31
4447,3,ajawab'.,ajawab',31
4448,0,"Kemoch'och'ik,",kemoch'och'ik,31
4449,0,Chikixulela,chikixulela,31
4449,1,ki,ki,31
4449,2,wach,wach,31
4449,3,"xe'oponik,",xe'oponik,31
4450,0,Xkikemelaj,xkikemelaj,31
4450,1,"kib',",kib',31
4451,0,Chikiluk,chikiluk,31
4451,1,"kib',",kib',31
4452,0,Chikipach,chikipach,31
4452,1,"kib',",kib',31
4453,0,Chimayo,chimayo,31
4453,1,kib',kib',31
4453,2,chi,chi,31
4453,3,"atz'iyaq,",atz'iyaq,31
4454,0,Qitzij,qitzij,31
4454,1,wi,wi,31
4454,2,chi,chi,31
4454,3,meb'a',meb'a',31
4454,4,ki,ki,31
4454,5,wachib'al,wachib'al,31
4454,6,xe'oponik.,xe'oponik,31
4455,0,Ta,ta,31
4455,1,xtz'onox,xtz'onox,31
4455,2,k'ut,k'ut,31
4456,0,Ki,ki,31
4456,1,"juyub'al,",juyub'al,31
4457,0,Kamaq',kamaq',31
4457,1,puch.,puch,31
4458,0,Xtz'onox,xtz'onox,31
4458,1,nay,nay,31
4458,2,puch,puch,31
4458,3,ki,ki,31
4458,4,"chuch,",chuch,31
4459,0,Ki,ki,31
4459,1,qajaw.,qajaw,31
4460,0,“Apa,apa,31
4460,1,kixpe,kixpe,31
4460,2,wi?”,wi,31
4461,0,Xe'uchaxik.,xe'uchaxik,31
4462,0,“Ma,ma,31
4462,1,b'a,b'a,31
4462,2,qeta'on,qeta'on,31
4462,3,at,at,31
4462,4,ajaw.,ajaw,31
4463,0,Mawi,mawi,31
4463,1,xqeta'maj,xqeta'maj,31
4463,2,u,u,31
4463,3,wach,wach,31
4464,0,Qa,qa,31
4464,1,"chuch,",chuch,31
4465,0,Qa,qa,31
4465,1,qajaw.,qajaw,31
4466,0,K'a,k'a,31
4466,1,oj,oj,31
4466,2,ch'uti'koq,ch'uti'koq,31
4467,0,Ta,ta,31
4467,1,"xekamik,”",xekamik,31
4468,0,Xa,xa,31
4468,1,xecha'.,xecha',31
4469,0,Mawi,mawi,31
4469,1,naqi,naqi,31
4469,2,la',la',31
4469,3,xkib'ij.,xkib'ij,31
4470,0,“Utz,utz,31
4470,1,b'a,b'a,31
4470,2,"la',",la',31
4471,0,Chib'an,chib'an,31
4471,1,ta,ta,31
4471,2,b'a,b'a,31
4471,3,qa,qa,31
4471,4,ka'y.,ka'y,31
4472,0,Naqi,naqi,31
4472,1,"chiwaj,",chiwaj,31
4473,0,Iwajil,iwajil,31
4473,1,chiqaya'o?”,chiqaya'o,31
4473,2,xe'uchaxik.,xe'uchaxik,31
4474,0,“Ma,ma,31
4474,1,b'a,b'a,31
4474,2,kaqaj.,kaqaj,31
4475,0,Qitzij,qitzij,31
4475,1,chi,chi,31
4475,2,kaqaxib'ij,kaqaxib'ij,31
4475,3,"qib',”",qib',31
4475,4,xecha',xecha',31
4475,5,chik,chik,31
4475,6,chire,chire,31
4475,7,ajaw.,ajaw,31
4476,0,“Mixib'ij,mixib'ij,31
4476,1,"iwib',",iwib',31
4477,0,Mixxob'ik.,mixxob'ik,31
4478,0,Kixxajowoq!,kixxajowoq,31
4479,0,Are',are',31
4479,1,ta,ta,31
4479,2,nab'e,nab'e,31
4479,3,chixaj,chixaj,31
4480,0,Ri,ri,31
4480,1,kixpusu',kixpusu',31
4480,2,ta,ta,31
4480,3,"iwib',",iwib',31
4481,0,Chiporoj,chiporoj,31
4481,1,ta,ta,31
4481,2,k'u,k'u,31
4481,3,ri,ri,31
4481,4,wochoch.,wochoch,31
4482,0,Chib'ana',chib'ana',31
4482,1,ronojel,ronojel,31
4483,0,Ri,ri,31
4483,1,iweta'm.,iweta'm,31
4484,0,Kojka'y,kojka'y,31
4484,1,taj,taj,31
4485,0,Kaqaj.,kaqaj,31
4486,0,Are',are',31
4486,1,uma,uma,31
4486,2,qa,qa,31
4486,3,k'u'x,k'u'x,31
4487,0,Kixb'e,kixb'e,31
4487,1,taqoq.,taqoq,31
4488,0,Rumal,rumal,31
4488,1,ix,ix,31
4488,2,"meb'a',",meb'a',31
4489,0,Chiqaya',chiqaya',31
4489,1,"iwajil,”",iwajil,31
4489,2,xe'uchax,xe'uchax,31
4489,3,k'ut.,k'ut,31
4490,0,Ta,ta,31
4490,1,xkitikib'a',xkitikib'a',31
4490,2,k'ut,k'ut,31
4490,3,ki,ki,31
4490,4,"b'ix,",b'ix,31
4491,0,Ki,ki,31
4491,1,xajoj.,xajoj,31
4492,0,Ta,ta,31
4492,1,xul,xul,31
4492,2,k'ut,k'ut,31
4492,3,ronojel,ronojel,31
4492,4,ri,ri,31
4492,5,"Xib'alb'a,",xib'alb'a,31
4493,0,Xepulik,xepulik,31
4493,1,e,e,31
4493,2,ka'yel.,ka'yel,31
4494,0,Ronojel,ronojel,31
4494,1,k'ut,k'ut,31
4495,0,Xkixajo:,xkixajo,31
4496,0,Xkixaj,xkixaj,31
4496,1,"Kux,",kux,31
4497,0,Xkixaj,xkixaj,31
4497,1,"Pujuy,",pujuy,31
4498,0,Xkixaj,xkixaj,31
4498,1,Ib'oy.,ib'oy,31
4499,0,Xcha',xcha',31
4499,1,k'u,k'u,31
4499,2,ajaw,ajaw,31
4499,3,chike:,chike,31
4500,0,“Chipusu',chipusu',31
4500,1,ri,ri,31
4500,2,nu,nu,31
4500,3,"tz'i',",tz'i',31
4501,0,Chik'astaj,chik'astaj,31
4501,1,chi,chi,31
4501,2,u,u,31
4501,3,wach,wach,31
4501,4,"iwumal,”",iwumal,31
4502,0,Xe'uchaxik.,xe'uchaxik,31
4503,0,"“We',”",we',31
4504,0,Xecha'.,xecha',31
4505,0,Ta,ta,31
4505,1,xkipus,xkipus,31
4505,2,"tz'i',",tz'i',31
4506,0,Xk'astaj,xk'astaj,31
4506,1,chi,chi,31
4506,2,u,u,31
4506,3,wach.,wach,31
4507,0,Qitzij,qitzij,31
4507,1,k'u,k'u,31
4507,2,chiki'kot,chiki'kot,31
4507,3,ri,ri,31
4507,4,tz'i',tz'i',31
4508,0,Ta,ta,31
4508,1,xk'astaj,xk'astaj,31
4508,2,u,u,31
4508,3,wach.,wach,31
4509,0,Chusaqb'isala',chusaqb'isala',31
4509,1,u,u,31
4509,2,je',je',31
4510,0,Ta,ta,31
4510,1,xk'astaj,xk'astaj,31
4510,2,u,u,31
4510,3,wach.,wach,31
4511,0,Xcha',xcha',31
4511,1,k'u,k'u,31
4511,2,ajaw,ajaw,31
4511,3,chike:,chike,31
4512,0,“Chiporoj,chiporoj,31
4512,1,na,na,31
4512,2,b'a,b'a,31
4512,3,"wochoch,”",wochoch,31
4513,0,Xe'uchax,xe'uchax,31
4513,1,chik.,chik,31
4514,0,Ta,ta,31
4514,1,xkiporoj,xkiporoj,31
4514,2,k'ut,k'ut,31
4514,3,rochoch,rochoch,31
4514,4,ajaw.,ajaw,31
4515,0,E,e,31
4515,1,pulinaq,pulinaq,31
4515,2,ajawab',ajawab',31
4515,3,pa,pa,31
4515,4,ja,ja,31
4515,5,"konojel,",konojel,31
4516,0,Mawi,mawi,31
4516,1,xek'atik.,xek'atik,31
4517,0,Lib'aj,lib'aj,31
4517,1,chi,chi,31
4517,2,chik,chik,31
4517,3,"xkutzinisaj,",xkutzinisaj,31
4518,0,Ma,ma,31
4518,1,na,na,31
4518,2,ju,ju,31
4518,3,su,su,31
4518,4,sachik,sachik,31
4518,5,ri,ri,31
4518,6,rochoch,rochoch,31
4518,7,Jun,jun,31
4518,8,Kame.,kame,31
4519,0,Xkimayijaj,xkimayijaj,31
4519,1,k'ut,k'ut,31
4520,0,Konojel,konojel,31
4520,1,ajawab'.,ajawab',31
4521,0,Xa,xa,31
4521,1,wi,wi,31
4521,2,k'u,k'u,31
4521,3,xere,xere,31
4521,4,"kexajowik,",kexajowik,31
4522,0,Nim,nim,31
4522,1,keki'kotik.,keki'kotik,31
4523,0,Xe'uchax,xe'uchax,31
4523,1,chi,chi,31
4523,2,k'ut,k'ut,31
4524,0,Rumal,rumal,31
4524,1,"ajaw,",ajaw,31
4525,0,“Chikamisaj,chikamisaj,31
4525,1,na,na,31
4525,2,k'u,k'u,31
4525,3,jun,jun,31
4525,4,"winaq,",winaq,31
4526,0,Chipusu',chipusu',31
4526,1,ma,ma,31
4526,2,ta,ta,31
4526,3,k'u,k'u,31
4526,4,"chikamik,”",chikamik,31
4527,0,Xe'uchax,xe'uchax,31
4527,1,k'ut.,k'ut,31
4528,0,“Utz,utz,31
4528,1,b'a,b'a,31
4528,2,"la',”",la',31
4528,3,xecha'.,xecha',31
4529,0,Ta,ta,31
4529,1,xkichap,xkichap,31
4529,2,k'ut,k'ut,31
4529,3,jun,jun,31
4529,4,"winaq,",winaq,31
4530,0,K'ate,k'ate,31
4530,1,xkipusu.,xkipusu,31
4531,0,Xkipoq'oj,xkipoq'oj,31
4531,1,k'u,k'u,31
4531,2,aq'anoq,aq'anoq,31
4531,3,u,u,31
4531,4,k'u'x,k'u'x,31
4531,5,ri,ri,31
4531,6,jun,jun,31
4531,7,"winaq,",winaq,31
4532,0,Xkik'olob'a',xkik'olob'a',31
4532,1,k'ut,k'ut,31
4532,2,chikiwach,chikiwach,31
4532,3,ajawab'.,ajawab',31
4533,0,Xkimayijaj,xkimayijaj,31
4533,1,chi,chi,31
4533,2,k'ut,k'ut,31
4533,3,Jun,jun,31
4533,4,"Kame,",kame,31
4534,0,Wuqub',wuqub',31
4534,1,Kame.,kame,31
4535,0,Lib'aj,lib'aj,31
4535,1,chi,chi,31
4535,2,k'ut,k'ut,31
4535,3,xk'astaj,xk'astaj,31
4535,4,chi,chi,31
4535,5,u,u,31
4535,6,wach,wach,31
4536,0,Ri,ri,31
4536,1,jun,jun,31
4536,2,winaq,winaq,31
4536,3,kumal.,kumal,31
4537,0,Nim,nim,31
4537,1,chiki'kot,chiki'kot,31
4537,2,u,u,31
4537,3,k'u'x,k'u'x,31
4538,0,Ta,ta,31
4538,1,xk'astaj,xk'astaj,31
4538,2,u,u,31
4538,3,wach.,wach,31
4539,0,Xkimayijaj,xkimayijaj,31
4539,1,k'ut,k'ut,31
4540,0,Ajawab'.,ajawab',31
4541,0,“Chipusu',chipusu',31
4541,1,chi,chi,31
4541,2,na,na,31
4541,3,k'u,k'u,31
4541,4,"iwib',",iwib',31
4542,0,Chiqil,chiqil,31
4542,1,taj.,taj,31
4543,0,Qitzij,qitzij,31
4543,1,kurayij,kurayij,31
4543,2,qa,qa,31
4543,3,k'u'x,k'u'x,31
4543,4,ri,ri,31
4543,5,i,i,31
4543,6,"xajoj,”",xajoj,31
4544,0,Xecha',xecha',31
4544,1,chi,chi,31
4544,2,k'u,k'u,31
4544,3,ajawab'.,ajawab',31
4545,0,“Utz,utz,31
4545,1,b'a,b'a,31
4545,2,"la',",la',31
4545,3,at,at,31
4545,4,"ajaw,”",ajaw,31
4546,0,Xecha',xecha',31
4546,1,k'ut.,k'ut,31
4547,0,K'ate,k'ate,31
4547,1,puch,puch,31
4547,2,xkipus,xkipus,31
4547,3,kib'.,kib',31
4548,0,Are',are',31
4548,1,k'u,k'u,31
4548,2,"xpus,",xpus,31
4549,0,Ri,ri,31
4549,1,Xjunajpu,xjunajpu,31
4550,0,Rumal,rumal,31
4550,1,Xb'alanke.,xb'alanke,31
4551,0,Jujunal,jujunal,31
4551,1,k'u,k'u,31
4552,0,Xperepoxik,xperepoxik,31
4553,0,"Raqan,",raqan,31
4554,0,U,u,31
4554,1,q'ab'.,q'ab',31
4555,0,Xel,xel,31
4555,1,u,u,31
4555,2,"jolom,",jolom,31
4556,0,Xk'ole',xk'ole',31
4556,1,aponoq,aponoq,31
4556,2,chi,chi,31
4556,3,naj.,naj,31
4557,0,Xk'otix,xk'otix,31
4557,1,uloq,uloq,31
4557,2,u,u,31
4557,3,"k'u'x,",k'u'x,31
4558,0,Xch'eqe',xch'eqe',31
4558,1,chuwach,chuwach,31
4558,2,tz'alik.,tz'alik,31
4559,0,Keq'ab'ar,keq'ab'ar,31
4559,1,k'u,k'u,32
4559,2,"ri',",ri',32
4560,0,Ronojel,ronojel,32
4560,1,rajawal,rajawal,32
4560,2,Xib'alb'a,xib'alb'a,32
4560,3,chi,chi,32
4560,4,ka'y.,ka'y,32
4561,0,Xa,xa,32
4561,1,k'u,k'u,32
4561,2,jun,jun,32
4561,3,chi,chi,32
4561,4,"kaxajowilab'ik,",kaxajowilab'ik,32
4562,0,Ri,ri,32
4562,1,Xb'alanke.,xb'alanke,32
4563,0,“Kawa'lijoq!”,kawa'lijoq,32
4563,1,xcha',xcha',32
4563,2,k'ut.,k'ut,32
4564,0,Lib'aj,lib'aj,32
4564,1,chi,chi,32
4564,2,k'ut,k'ut,32
4564,3,xk'astaj,xk'astaj,32
4564,4,u,u,32
4564,5,wach.,wach,32
4565,0,Nim,nim,32
4565,1,keki'kotik.,keki'kotik,32
4566,0,Xa,xa,32
4566,1,wi,wi,32
4566,2,keje',keje',32
4566,3,keki'kot,keki'kot,32
4566,4,"ajawab',",ajawab',32
4567,0,Xa,xa,32
4567,1,wi,wi,32
4567,2,are',are',32
4567,3,keb'anowik.,keb'anowik,32
4568,0,Kaki'kot,kaki'kot,32
4568,1,ki,ki,32
4568,2,k'u'x,k'u'x,32
4569,0,Jun,jun,32
4569,1,"Kame,",kame,32
4570,0,Wuqub',wuqub',32
4570,1,Kame.,kame,32
4571,0,Keje',keje',32
4571,1,ri',ri',32
4571,2,are',are',32
4571,3,"kexajowik,",kexajowik,32
4572,0,Kakina'o.,kakina'o,32
4573,0,K'ATE,k'ate,32
4573,1,puch,puch,32
4573,2,u,u,32
4573,3,"rayinik,",rayinik,32
4574,0,U,u,32
4574,1,malinik,malinik,32
4574,2,pu,pu,32
4574,3,ki,ki,32
4574,4,k'u'x,k'u'x,32
4574,5,ajawab',ajawab',32
4575,0,Chire,chire,32
4575,1,ki,ki,32
4575,2,xajoj,xajoj,32
4575,3,"Xjunajpu,",xjunajpu,32
4576,0,Xb'alanke.,xb'alanke,32
4577,0,Ta,ta,32
4577,1,xel,xel,32
4577,2,k'u,k'u,32
4577,3,ki,ki,32
4577,4,tzij,tzij,32
4577,5,Jun,jun,32
4577,6,"Kame,",kame,32
4578,0,Wuqub',wuqub',32
4578,1,Kame:,kame,32
4579,0,“Chib'ana',chib'ana',32
4579,1,chiqe!,chiqe,32
4580,0,Kojipusu'!”,kojipusu',32
4580,1,xecha',xecha',32
4580,2,k'ut.,k'ut,32
4581,0,“Junal,junal,32
4581,1,taj,taj,32
4581,2,"kojipusu',”",kojipusu',32
4582,0,Xecha',xecha',32
4582,1,k'ut,k'ut,32
4583,0,Jun,jun,32
4583,1,"Kame,",kame,32
4584,0,Wuqub',wuqub',32
4584,1,Kame,kame,32
4585,0,Chike,chike,32
4585,1,ri,ri,32
4585,2,"Xjunajpu,",xjunajpu,32
4586,0,Xb'alanke.,xb'alanke,32
4587,0,“Utz,utz,32
4587,1,b'a,b'a,32
4587,2,"la',",la',32
4587,3,chik'astaj,chik'astaj,32
4587,4,i,i,32
4587,5,wach.,wach,32
4588,0,Ma,ma,32
4588,1,pa,pa,32
4588,2,ix,ix,32
4588,3,k'o,k'o,32
4588,4,kam?,kam,32
4589,0,Oj,oj,32
4589,1,pu,pu,32
4589,2,ki'kotirisay,ki'kotirisay,32
4589,3,"iwe,",iwe,32
4590,0,Ix,ix,32
4590,1,pu,pu,32
4590,2,rajawal,rajawal,32
4591,0,"Iwal,",iwal,32
4592,0,I,i,32
4592,1,"k'ajol,”",k'ajol,32
4593,0,Xecha',xecha',32
4593,1,k'ut,k'ut,32
4594,0,Chike,chike,32
4594,1,ajawab'.,ajawab',32
4595,0,Are',are',32
4595,1,k'u,k'u,32
4595,2,nab'e,nab'e,32
4595,3,"xpus,",xpus,32
4596,0,Ri,ri,32
4596,1,qi,qi,32
4596,2,u,u,32
4596,3,jolom,jolom,32
4596,4,"ajaw,",ajaw,32
4597,0,Jun,jun,32
4597,1,Kame,kame,32
4598,0,U,u,32
4598,1,"b'i',",b'i',32
4599,0,Rajawal,rajawal,32
4599,1,Xib'alb'a.,xib'alb'a,32
4600,0,Kaminaq,kaminaq,32
4600,1,chi,chi,32
4600,2,k'ut,k'ut,32
4600,3,Jun,jun,32
4600,4,Kame.,kame,32
4601,0,Ta,ta,32
4601,1,xchap,xchap,32
4601,2,chik,chik,32
4601,3,Wuqub',wuqub',32
4601,4,Kame.,kame,32
4602,0,Mawi,mawi,32
4602,1,xk'astaj,xk'astaj,32
4602,2,chi,chi,32
4602,3,ki,ki,32
4602,4,wach.,wach,32
4603,0,K'ate,k'ate,32
4603,1,pu,pu,32
4603,2,kelik,kelik,32
4604,0,Xib'alb'a,xib'alb'a,32
4604,1,chi,chi,32
4604,2,kaqan.,kaqan,32
4605,0,Are',are',32
4605,1,xkil,xkil,32
4605,2,ri,ri,32
4605,3,"ajawab',",ajawab',32
4606,0,Xekamik.,xekamik,32
4607,0,E,e,32
4607,1,xaraxoj,xaraxoj,32
4607,2,"chub'ik,",chub'ik,32
4608,0,E,e,32
4608,1,pu,pu,32
4608,2,xaraxoxinaq,xaraxoxinaq,32
4608,3,ki,ki,32
4608,4,kab',kab',32
4608,5,ichal.,ichal,32
4609,0,Xa,xa,32
4609,1,k'u,k'u,32
4609,2,k'ajisab'al,k'ajisab'al,32
4609,3,ki,ki,32
4609,4,wach,wach,32
4610,0,Xb'anik.,xb'anik,32
4611,0,Ju,ju,32
4611,1,suk',suk',32
4611,2,xukamib'ej,xukamib'ej,32
4611,3,ri,ri,32
4611,4,jun,jun,32
4611,5,"ajaw,",ajaw,32
4612,0,Ma,ma,32
4612,1,na,na,32
4612,2,xkik'astaj,xkik'astaj,32
4612,3,chi,chi,32
4612,4,u,u,32
4612,5,wach.,wach,32
4613,0,Are',are',32
4613,1,k'u,k'u,32
4613,2,ri,ri,32
4613,3,jun,jun,32
4613,4,ajaw,ajaw,32
4613,5,xelaj,xelaj,32
4613,6,"na,",na,32
4614,0,Xoq',xoq',32
4614,1,na,na,32
4614,2,chikiwach,chikiwach,32
4614,3,ri,ri,32
4614,4,e,e,32
4614,5,xajol.,xajol,32
4615,0,Mawi,mawi,32
4615,1,"xuk'ulu,",xuk'ulu,32
4616,0,Ma,ma,32
4616,1,pu,pu,32
4616,2,xuriqo.,xuriqo,32
4617,0,“Toq'ob',toq'ob',32
4617,1,nu,nu,32
4617,2,"wach,”",wach,32
4618,0,Xcha',xcha',32
4618,1,ta,ta,32
4618,2,xuna',xuna',32
4618,3,rib'.,rib',32
4619,0,Xek'is,xek'is,32
4619,1,k'u,k'u,32
4619,2,b'ek,b'ek,32
4619,3,ronojel,ronojel,32
4619,4,"kal,",kal,32
4620,0,Ki,ki,32
4620,1,k'ajol,k'ajol,32
4620,2,pa,pa,32
4620,3,nima,nima,32
4620,4,siwan.,siwan,32
4621,0,Xa,xa,32
4621,1,jun,jun,32
4621,2,xkib'alij,xkib'alij,32
4621,3,wi,wi,32
4621,4,kib',kib',32
4622,0,Pa,pa,32
4622,1,nima,nima,32
4622,2,xolob'achan.,xolob'achan,32
4623,0,Chiri',chiri',32
4623,1,k'ut,k'ut,32
4623,2,e,e,32
4623,3,tub'ul,tub'ul,32
4623,4,wi.,wi,32
4624,0,Ta,ta,32
4624,1,xk'ulun,xk'ulun,32
4624,2,k'ut,k'ut,32
4625,0,Mawi,mawi,32
4625,1,ajilan,ajilan,32
4625,2,chi,chi,32
4625,3,sanik,sanik,32
4625,4,tukuliy,tukuliy,32
4625,5,"ula,",ula,32
4626,0,Ke,ke,32
4626,1,pa,pa,32
4626,2,siwan,siwan,32
4627,0,Keje',keje',32
4627,1,ri',ri',32
4627,2,xeb'eyo'x,xeb'eyo'x,32
4627,3,"uloq,",uloq,32
4628,0,Ta,ta,32
4628,1,xe'ul,xe'ul,32
4628,2,k'ut.,k'ut,32
4629,0,Xkixul,xkixul,32
4630,0,Ki,ki,32
4630,1,ya',ya',32
4630,2,chi,chi,32
4630,3,kib',kib',32
4630,4,konojel.,konojel,32
4631,0,Xe'ul,xe'ul,32
4631,1,"elajoq,",elajoq,32
4632,0,Xe'ul,xe'ul,32
4632,1,pu,pu,32
4632,2,oq'oq.,oq'oq,32
4633,0,Keje',keje',32
4633,1,k'ut,k'ut,32
4633,2,kech'akatajik,kech'akatajik,32
4634,0,Rajawal,rajawal,32
4634,1,Xib'alb'a.,xib'alb'a,32
4635,0,Xa,xa,32
4635,1,"mayijab'al,",mayijab'al,32
4636,0,Xa,xa,32
4636,1,pu,pu,32
4636,2,ki,ki,32
4636,3,jalwachib'al,jalwachib'al,32
4636,4,kib',kib',32
4636,5,ta,ta,32
4636,6,xkib'ano.,xkib'ano,32
4637,0,K'ate,k'ate,32
4637,1,puch,puch,32
4637,2,ta,ta,32
4637,3,xkib'i'j,xkib'i'j,32
4637,4,ki,ki,32
4637,5,"b'i',",b'i',32
4638,0,Xkikob'isaj,xkikob'isaj,32
4638,1,kib',kib',32
4638,2,chikiwach,chikiwach,32
4638,3,konojel,konojel,32
4638,4,Xib'alb'a.,xib'alb'a,32
4639,0,“CHITA',chita',32
4639,1,qa,qa,32
4639,2,b'i'!,b'i',32
4640,0,Xchiqab'i'j.,xchiqab'i'j,32
4641,0,Xchiqab'i'j,xchiqab'i'j,32
4641,1,nay,nay,32
4641,2,puch,puch,32
4642,0,U,u,32
4642,1,b'i',b'i',32
4642,2,qa,qa,32
4642,3,qajaw,qajaw,32
4642,4,chiwe.,chiwe,32
4643,0,Oj,oj,32
4643,1,wa'.,wa',32
4644,0,Oj,oj,32
4645,0,"Xjunajpu,",xjunajpu,32
4646,0,Xb'alanke,xb'alanke,32
4646,1,qa,qa,32
4646,2,b'i'.,b'i',32
4647,0,Are',are',32
4647,1,k'u,k'u,32
4647,2,qa,qa,32
4647,3,qajaw,qajaw,32
4648,0,Ri',ri',32
4648,1,xikamisaj:,xikamisaj,32
4649,0,Jun,jun,32
4649,1,"Junajpu,",junajpu,32
4650,0,Wuqub',wuqub',32
4650,1,Junajpu,junajpu,32
4650,2,ki,ki,32
4650,3,b'i'.,b'i',32
4651,0,Oj,oj,32
4651,1,k'u,k'u,32
4651,2,paq'ol,paq'ol,32
4651,3,re,re,32
4651,4,wa'e,wa'e,32
4651,5,ki,ki,32
4651,6,"ra'il,",ra'il,32
4652,0,Ki,ki,32
4652,1,k'axk'ol,k'axk'ol,32
4652,2,ri,ri,32
4652,3,qa,qa,32
4652,4,qajaw.,qajaw,32
4653,0,Keje',keje',32
4653,1,k'ut,k'ut,32
4653,2,mi,mi,32
4653,3,xqakuyu,xqakuyu,32
4653,4,wi,wi,32
4654,0,Ronojel,ronojel,32
4654,1,k'axk'ol,k'axk'ol,32
4654,2,mi,mi,32
4654,3,xib'an,xib'an,32
4654,4,chiqe.,chiqe,32
4655,0,Keje',keje',32
4655,1,k'ut,k'ut,32
4655,2,kixqasach,kixqasach,32
4655,3,wi,wi,32
4655,4,iwonojel.,iwonojel,32
4656,0,Kixqakamisaj.,kixqakamisaj,32
4657,0,Maja,maja,32
4657,1,b'i,b'i,32
4657,2,chik,chik,32
4657,3,kolotajel,kolotajel,32
4657,4,"chiwe,”",chiwe,32
4658,0,Xe'uchax,xe'uchax,32
4658,1,k'ut.,k'ut,32
4659,0,K'ate,k'ate,32
4659,1,puch,puch,32
4659,2,"kelajik,",kelajik,32
4660,0,Koq'ik,koq'ik,32
4660,1,konojel,konojel,32
4660,2,Xib'alb'a.,xib'alb'a,32
4661,0,“Toq'ob',toq'ob',32
4661,1,qa,qa,32
4661,2,"wach,",wach,32
4662,0,"Ix,",ix,32
4663,0,"Junajpu,",junajpu,32
4664,0,Xb'alanke.,xb'alanke,32
4665,0,Qitzij,qitzij,32
4665,1,wi,wi,32
4665,2,xojmakunik,xojmakunik,32
4665,3,"chike,",chike,32
4666,0,Ri,ri,32
4666,1,i,i,32
4666,2,qajaw,qajaw,32
4666,3,kib'i'j.,kib'i'j,32
4667,0,La',la',32
4667,1,k'ute,k'ute,32
4667,2,e,e,32
4667,3,"muqul,",muqul,32
4668,0,Chi,chi,32
4668,1,Puk'b'al,puk'b'al,32
4668,2,"Cha'j,”",cha'j,32
4669,0,Xecha,xecha,32
4669,1,k'ut.,k'ut,32
4670,0,“Utz,utz,32
4670,1,b'a,b'a,32
4670,2,la'.,la',32
4671,0,Are',are',32
4671,1,b'a,b'a,32
4671,2,ri,ri,32
4671,3,qa,qa,32
4671,4,tzij,tzij,32
4672,0,Xchiqab'ij,xchiqab'ij,32
4672,1,chiwe.,chiwe,32
4673,0,Chita',chita',32
4673,1,"iwonojel,",iwonojel,32
4674,0,Ix,ix,32
4674,1,Xib'alb'a.,xib'alb'a,32
4675,0,Rumal,rumal,32
4675,1,ma,ma,32
4675,2,na,na,32
4675,3,nim,nim,32
4675,4,chi,chi,32
4675,5,i,i,32
4675,6,"q'ij,",q'ij,32
4676,0,Iwalaxik,iwalaxik,32
4676,1,"chuxik,",chuxik,32
4677,0,Ruk',ruk',32
4677,1,nay,nay,32
4677,2,puch,puch,32
4677,3,mawi,mawi,32
4677,4,nim,nim,32
4677,5,chi,chi,32
4677,6,i,i,32
4677,7,kochib'al.,kochib'al,32
4678,0,Xsqaqi'n,xsqaqi'n,32
4678,1,chik,chik,32
4679,0,Chi,chi,32
4679,1,kik',kik',32
4679,2,jolomax.,jolomax,32
4680,0,Mawi,mawi,32
4680,1,ch'ajom,ch'ajom,32
4680,2,kik',kik',32
4680,3,iwe.,iwe,32
4681,0,Xa,xa,32
4681,1,"xot,",xot,32
4682,0,Xa,xa,32
4682,1,"aq'am,",aq'am,32
4683,0,Xa,xa,32
4683,1,"ch'uch',",ch'uch',32
4684,0,Chire,chire,32
4684,1,xjeraxik.,xjeraxik,32
4685,0,Xa,xa,32
4685,1,nay,nay,32
4685,2,pu,pu,32
4685,3,ral,ral,32
4685,4,"k'im,",k'im,32
4686,0,Ral,ral,32
4686,1,tolob',tolob',32
4686,2,chiwecha'j.,chiwecha'j,32
4687,0,Ma,ma,32
4687,1,k'u,k'u,32
4687,2,iwech,iwech,32
4687,3,ri,ri,32
4687,4,ronojel,ronojel,32
4687,5,saqil,saqil,32
4687,6,"al,",al,32
4688,0,Saqil,saqil,32
4688,1,k'ajol.,k'ajol,32
4689,0,Xa,xa,32
4689,1,no'j,no'j,32
4690,0,Chitzaqo,chitzaqo,32
4690,1,rib',rib',32
4690,2,chiwach.,chiwach,32
4691,0,Are',are',32
4691,1,ri,ri,32
4691,2,aj,aj,32
4691,3,"mak,",mak,32
4692,0,Aj,aj,32
4692,1,"lab'al,",lab'al,32
4693,0,Aj,aj,32
4693,1,"b'is,",b'is,32
4694,0,Aj,aj,32
4694,1,moken.,moken,32
4695,0,Chak,chak,32
4695,1,na,na,32
4695,2,u,u,32
4695,3,"mak,",mak,32
4696,0,Kixok,kixok,32
4696,1,wi.,wi,32
4697,0,Ma,ma,32
4697,1,na,na,32
4697,2,xa,xa,32
4697,3,rax,rax,32
4697,4,chapom,chapom,32
4697,5,ronojel,ronojel,32
4697,6,winaq,winaq,32
4697,7,"chib'ano,",chib'ano,32
4698,0,Kixta'on,kixta'on,32
4698,1,puch,puch,32
4698,2,chuwi',chuwi',32
4698,3,ri,ri,32
4698,4,kik',kik',32
4698,5,"jolomax,”",jolomax,32
4699,0,Xe'uchax,xe'uchax,32
4699,1,k'ut,k'ut,32
4700,0,Konojel,konojel,32
4700,1,Xib'alb'a.,xib'alb'a,32
4701,0,Keje',keje',32
4701,1,k'ut,k'ut,32
4701,2,tikarinaq,tikarinaq,32
4701,3,ki,ki,32
4701,4,"sachik,",sachik,32
4702,0,U,u,32
4702,1,ma'ixik,ma'ixik,33
4702,2,nay,nay,33
4702,3,puch,puch,33
4702,4,ki,ki,33
4702,5,sik'ixik.,sik'ixik,33
4703,0,Mawi,mawi,33
4703,1,nim,nim,33
4703,2,ki,ki,33
4703,3,q'ij,q'ij,33
4703,4,"ojer,",ojer,33
4704,0,Xa,xa,33
4704,1,xraj,xraj,33
4704,2,tza,tza,33
4704,3,wi,wi,33
4704,4,winaq,winaq,33
4704,5,ojer.,ojer,33
4705,0,Qitzij,qitzij,33
4705,1,ma,ma,33
4705,2,na,na,33
4705,3,k'ab'awil,k'ab'awil,33
4706,0,Ki,ki,33
4706,1,b'i',b'i',33
4706,2,ojer.,ojer,33
4707,0,Xa,xa,33
4707,1,wi,wi,33
4707,2,"xib'al,",xib'al,33
4708,0,Itzel,itzel,33
4708,1,ki,ki,33
4708,2,wach.,wach,33
4709,0,E,e,33
4709,1,aj,aj,33
4709,2,"tza,",tza,33
4710,0,Aj,aj,33
4710,1,"tukur,",tukur,33
4711,0,E,e,33
4711,1,taqchi'nel,taqchi'nel,33
4711,2,chi,chi,33
4711,3,"mak,",mak,33
4712,0,Chi,chi,33
4712,1,lab'al.,lab'al,33
4713,0,E,e,33
4713,1,nay,nay,33
4713,2,pu,pu,33
4713,3,aj,aj,33
4713,4,muqulik,muqulik,33
4713,5,"k'u'x,",k'u'x,33
4714,0,E,e,33
4714,1,q'eqa,q'eqa,33
4714,2,"il,",il,33
4715,0,Saqi,saqi,33
4715,1,"il,",il,33
4716,0,Aj,aj,33
4716,1,mox,mox,33
4716,2,"wach,",wach,33
4717,0,Aj,aj,33
4717,1,"latz'ab',",latz'ab',33
4717,2,ke'uchaxik.,ke'uchaxik,33
4718,0,Chi,chi,33
4718,1,xe'on,xe'on,33
4719,0,Ki,ki,33
4719,1,wach,wach,33
4719,2,kek'u'lutajik.,kek'u'lutajik,33
4720,0,Keje',keje',33
4720,1,k'ut,k'ut,33
4720,2,u,u,33
4720,3,sachik,sachik,33
4720,4,ki,ki,33
4720,5,"nimal,",nimal,33
4721,0,Q'aq'al.,q'aq'al,33
4722,0,Mawi,mawi,33
4722,1,nim,nim,33
4722,2,chi,chi,33
4722,3,kajawarem,kajawarem,33
4722,4,xuxik.,xuxik,33
4723,0,Are',are',33
4723,1,xeb'anow,xeb'anow,33
4724,0,Ri,ri,33
4724,1,"Xjunajpu,",xjunajpu,33
4725,0,Xb'alanke.,xb'alanke,33
4726,0,Are',are',33
4726,1,k'ut,k'ut,33
4726,2,"koq'ik,",koq'ik,33
4727,0,Kasik'in,kasik'in,33
4727,1,ri,ri,33
4727,2,kati't,kati't,33
4728,0,Chuwach,chuwach,33
4728,1,ri,ri,33
4728,2,aj,aj,33
4729,0,Ri,ri,33
4729,1,xkitik,xkitik,33
4729,2,kanoq.,kanoq,33
4730,0,Xpe,xpe,33
4730,1,u,u,33
4730,2,tux,tux,33
4730,3,ri,ri,33
4730,4,aj.,aj,33
4731,0,K'ate,k'ate,33
4731,1,xchaqij,xchaqij,33
4731,2,"chik,",chik,33
4732,0,Are',are',33
4732,1,k'ut,k'ut,33
4732,2,ta,ta,33
4732,3,xek'at,xek'at,33
4732,4,pa,pa,33
4732,5,choj.,choj,33
4733,0,Ta,ta,33
4733,1,xpe,xpe,33
4733,2,chi,chi,33
4733,3,k'ut,k'ut,33
4733,4,u,u,33
4733,5,tux,tux,33
4733,6,ri,ri,33
4733,7,aj.,aj,33
4734,0,K'ate,k'ate,33
4734,1,k'ut,k'ut,33
4734,2,xk'aton,xk'aton,33
4734,3,ri,ri,33
4734,4,"kati't,",kati't,33
4736,0,U,u,33
4736,1,na'tab'al,na'tab'al,33
4736,2,kech,kech,33
4736,3,ri'.,ri',33
4737,0,Are',are',33
4737,1,xki'kot,xki'kot,33
4737,2,wi,wi,33
4737,3,u,u,33
4737,4,k'u'x,k'u'x,33
4737,5,kati't,kati't,33
4738,0,Ri',ri',33
4738,1,chu,chu,33
4738,2,ka,ka,33
4738,3,mul,mul,33
4738,4,xpe,xpe,33
4738,5,u,u,33
4738,6,tux,tux,33
4738,7,ri,ri,33
4738,8,aj.,aj,33
4739,0,Ta,ta,33
4739,1,xk'ab'awilax,xk'ab'awilax,33
4739,2,rumal,rumal,33
4739,3,kati't.,kati't,33
4740,0,Ta,ta,33
4740,1,xub'i'natisaj,xub'i'natisaj,33
4740,2,k'ut,k'ut,33
4741,0,Nik'aj,nik'aj,33
4741,1,"Ja,",ja,33
4742,0,Nik'aj,nik'aj,33
4742,1,"B'ichoq',",b'ichoq',33
4743,0,K'asam,k'asam,33
4743,1,"Aj,",aj,33
4744,0,Ch'atam,ch'atam,33
4744,1,Ulew,ulew,33
4745,0,U,u,33
4745,1,b'i',b'i',33
4745,2,xuxik.,xuxik,33
4746,0,Are',are',33
4746,1,k'ut,k'ut,33
4746,2,xub'i'naj,xub'i'naj,33
4746,3,wi,wi,33
4746,4,Nik'aj,nik'aj,33
4746,5,"Ja,",ja,33
4747,0,Nik'aj,nik'aj,33
4747,1,"B'ichoq',",b'ichoq',33
4748,0,Rumal,rumal,33
4748,1,xa,xa,33
4748,2,chu,chu,33
4748,3,nik'ajal,nik'ajal,33
4749,0,U,u,33
4749,1,pa,pa,33
4749,2,kochoch,kochoch,33
4749,3,xkitik,xkitik,33
4749,4,aj.,aj,33
4750,0,Are',are',33
4750,1,chi,chi,33
4750,2,k'u,k'u,33
4750,3,xub'i'naj,xub'i'naj,33
4750,4,wi,wi,33
4750,5,Ch'atam,ch'atam,33
4750,6,"Ulew,",ulew,33
4751,0,K'asam,k'asam,33
4751,1,"Aj,",aj,33
4752,0,Chuwi',chuwi',33
4752,1,ch'ata,ch'ata,33
4752,2,ulew,ulew,33
4753,0,Kitik,kitik,33
4753,1,wi,wi,33
4753,2,aj.,aj,33
4754,0,Are',are',33
4754,1,nay,nay,33
4754,2,pu,pu,33
4754,3,xub'i'naj,xub'i'naj,33
4754,4,wi,wi,33
4754,5,K'asam,k'asam,33
4754,6,Aj,aj,33
4755,0,Rumal,rumal,33
4755,1,xpe,xpe,33
4755,2,u,u,33
4755,3,tux,tux,33
4755,4,aj.,aj,33
4756,0,Ta,ta,33
4756,1,xkoj,xkoj,33
4756,2,u,u,33
4756,3,b'i',b'i',33
4756,4,rumal,rumal,33
4756,5,Xmuqane.,xmuqane,33
4757,0,Xkitik,xkitik,33
4757,1,kanoq,kanoq,33
4758,0,"Junajpu,",junajpu,33
4759,0,Xb'alanke.,xb'alanke,33
4760,0,Xa,xa,33
4760,1,na'tab'al,na'tab'al,33
4760,2,ke,ke,33
4761,0,Rumal,rumal,33
4761,1,kati't.,kati't,33
4762,0,Are',are',33
4762,1,k'u,k'u,33
4762,2,ri,ri,33
4762,3,nab'e,nab'e,33
4762,4,ki,ki,33
4762,5,"qajaw,",qajaw,33
4763,0,Xojeroq,xojeroq,33
4763,1,"kekamoq,",kekamoq,33
4764,0,Ri,ri,33
4764,1,Jun,jun,33
4764,2,"Junajpu,",junajpu,33
4765,0,Wuqub',wuqub',33
4765,1,Junajpu.,junajpu,33
4766,0,Xkil,xkil,33
4766,1,chi,chi,33
4766,2,k'ut,k'ut,33
4767,0,U,u,33
4767,1,wach,wach,33
4767,2,ri,ri,33
4767,3,ki,ki,33
4767,4,qajaw,qajaw,33
4768,0,Chila',chila',33
4769,0,Chi,chi,33
4769,1,Xib'alb'a.,xib'alb'a,33
4770,0,Xch'aw,xch'aw,33
4770,1,chik,chik,33
4770,2,ki,ki,33
4770,3,qajaw,qajaw,33
4770,4,"chike,",chike,33
4771,0,Ta,ta,33
4771,1,xkich'ak,xkich'ak,33
4771,2,Xib'alb'a.,xib'alb'a,33
4772,0,WA',wa',33
4772,1,k'ute,k'ute,33
4772,2,u,u,33
4772,3,wiqik,wiqik,33
4772,4,chik,chik,33
4772,5,ki,ki,33
4772,6,qajaw,qajaw,33
4772,7,kumal,kumal,33
4773,0,Are,are,33
4773,1,xkiwiq,xkiwiq,33
4773,2,ri,ri,33
4773,3,Wuqub',wuqub',33
4773,4,Junajpu.,junajpu,33
4774,0,Chila',chila',33
4774,1,xb'e,xb'e,33
4774,2,ki,ki,33
4774,3,wiqa,wiqa,33
4774,4,wi,wi,33
4775,0,Chi,chi,33
4775,1,Puk'b'al,puk'b'al,33
4775,2,Cha'j.,cha'j,33
4776,0,Xa,xa,33
4776,1,wi,wi,33
4776,2,xere,xere,33
4776,3,u,u,33
4776,4,wach,wach,33
4776,5,xraj,xraj,33
4776,6,uxik.,uxik,33
4777,0,Xtz'onox,xtz'onox,33
4777,1,k'ut,k'ut,33
4777,2,chire,chire,33
4777,3,u,u,33
4777,4,b'i',b'i',33
4777,5,ronojel:,ronojel,33
4778,0,U,u,33
4778,1,"chi',",chi',33
4779,0,U,u,33
4779,1,"tza'm,",tza'm,33
4780,0,U,u,33
4780,1,b'aq',b'aq',33
4780,2,u,u,33
4780,3,wach.,wach,33
4781,0,Xuriq,xuriq,33
4781,1,nab'e,nab'e,33
4781,2,u,u,33
4781,3,"b'i',",b'i',33
4782,0,Xa,xa,33
4782,1,k'u,k'u,33
4782,2,sqaqi'n,sqaqi'n,33
4782,3,chik,chik,33
4782,4,xcha'taj,xcha'taj,33
4782,5,wi.,wi,33
4783,0,Xere,xere,33
4783,1,mawi,mawi,33
4783,2,xub'ij,xub'ij,33
4783,3,chi,chi,33
4784,0,U,u,33
4784,1,b'i',b'i',33
4784,2,ri,ri,33
4784,3,u,u,33
4784,4,junal,junal,33
4784,5,puwi'l,puwi'l,33
4784,6,u,u,33
4784,7,chi'.,chi',33
4785,0,Xere,xere,33
4785,1,pu,pu,33
4785,2,xcha'taj,xcha'taj,33
4785,3,chi,chi,33
4785,4,"wi,",wi,33
4786,0,Keje',keje',33
4786,1,k'ut,k'ut,33
4786,2,ta,ta,33
4786,3,xkinimaj,xkinimaj,33
4786,4,wi.,wi,33
4787,0,Kanajoq,kanajoq,33
4787,1,u,u,33
4787,2,k'u'x,k'u'x,33
4787,3,ki,ki,33
4787,4,qajaw.,qajaw,33
4788,0,Xa,xa,33
4788,1,wi,wi,33
4788,2,xkanaj,xkanaj,33
4788,3,chi,chi,33
4788,4,Puk'b'a[l],puk'b'al,33
4788,5,Cha'j.,cha'j,33
4789,0,“Chiri',chiri',33
4789,1,kixsik'ix,kixsik'ix,33
4789,2,wi.,wi,33
4790,0,"Chuxik,”",chuxik,33
4791,0,Xecha',xecha',33
4791,1,chi,chi,33
4791,2,u,u,33
4791,3,k'ajol,k'ajol,33
4791,4,chirech.,chirech,33
4792,0,Ta,ta,33
4792,1,xku'b'ax,xku'b'ax,33
4792,2,u,u,33
4792,3,k'u'x.,k'u'x,33
4793,0,“Nab'e,nab'e,33
4793,1,chel,chel,33
4793,2,"iwe,",iwe,33
4794,0,Nab'e,nab'e,33
4794,1,nay,nay,33
4794,2,puch,puch,33
4794,3,kixq'ijiloxik,kixq'ijiloxik,33
4795,0,Rumal,rumal,33
4795,1,saqil,saqil,33
4795,2,"al,",al,33
4796,0,Saqil,saqil,33
4796,1,k'ajol.,k'ajol,33
4797,0,Mawi,mawi,33
4797,1,chisachik,chisachik,33
4797,2,i,i,33
4797,3,b'i'.,b'i',33
4798,0,Ta,ta,33
4798,1,"chuxoq,”",chuxoq,33
4799,0,Xecha',xecha',33
4799,1,chirech,chirech,33
4799,2,ki,ki,33
4799,3,qajaw,qajaw,33
4800,0,Ta,ta,33
4800,1,xkiku'b'a',xkiku'b'a',33
4800,2,u,u,33
4800,3,k'u'x.,k'u'x,33
4801,0,“Xa,xa,33
4801,1,oj,oj,33
4801,2,paq'ol,paq'ol,33
4801,3,i,i,33
4801,4,"kamik,",kamik,33
4802,0,I,i,33
4802,1,"sachik,",sachik,33
4803,0,"K'axk'ol,",k'axk'ol,33
4804,0,Ra'il,ra'il,33
4804,1,xb'an,xb'an,33
4804,2,chiwe.”,chiwe,33
4805,0,Keje',keje',33
4805,1,k'ut,k'ut,33
4805,2,ki,ki,33
4805,3,pixab'ik,pixab'ik,33
4806,0,Ri,ri,33
4806,1,xch'akatajinaqoq,xch'akatajinaqoq,33
4806,2,ronojel,ronojel,33
4806,3,Xib'alb'a.,xib'alb'a,33
4807,0,Ta,ta,33
4807,1,xe'aq'an,xe'aq'an,33
4807,2,k'u,k'u,33
4807,3,"loq,",loq,33
4808,0,Waral,waral,33
4808,1,e,e,33
4808,2,nik'aj,nik'aj,33
4808,3,saq.,saq,33
4809,0,Ju,ju,33
4809,1,su,su,33
4809,2,k'u,k'u,33
4810,0,Xe'aq'an,xe'aq'an,33
4810,1,chi,chi,33
4810,2,kaj.,kaj,33
4811,0,Jun,jun,33
4811,1,k'u,k'u,33
4811,2,"q'ij,",q'ij,33
4812,0,Jun,jun,33
4812,1,nay,nay,33
4812,2,pu,pu,33
4812,3,ik',ik',33
4812,4,chike.,chike,33
4813,0,Ta,ta,33
4813,1,xsaqirik,xsaqirik,33
4813,2,u,u,33
4813,3,pam,pam,33
4813,4,"kaj,",kaj,33
4814,0,U,u,33
4814,1,wach,wach,33
4814,2,ulew.,ulew,33
4815,0,Chi,chi,33
4815,1,kaj,kaj,33
4815,2,xek'oje',xek'oje',33
4815,3,wi.,wi,33
4816,0,Are',are',33
4816,1,k'ut,k'ut,33
4816,2,k'a,k'a,33
4816,3,"chaq'anik,",chaq'anik,33
4817,0,Ri,ri,33
4817,1,o',o',33
4817,2,much',much',33
4817,3,"k'ajolab',",k'ajolab',33
4818,0,Xekam,xekam,33
4818,1,rumal,rumal,33
4818,2,Sipakna.,sipakna,33
4819,0,Are',are',33
4819,1,k'ut,k'ut,33
4819,2,kachb'il,kachb'il,33
4819,3,"xuxik,",xuxik,33
4820,0,E,e,33
4820,1,u,u,33
4820,2,ch'umilal,ch'umilal,33
4820,3,kaj,kaj,33
4820,4,xe'uxik.,xe'uxik,33
4821,0,WA'E,wa'e,33
4821,1,k'ut,k'ut,33
4821,2,u,u,33
4821,3,tikerik,tikerik,33
4821,4,ta,ta,33
4821,5,xna'ojix,xna'ojix,33
4821,6,"winaq,",winaq,33
4822,0,Ta,ta,33
4822,1,xtzukux,xtzukux,33
4822,2,puch,puch,33
4822,3,ri,ri,33
4822,4,chok,chok,33
4822,5,u,u,33
4822,6,tio'jil,tio'jil,33
4822,7,winaq.,winaq,33
4823,0,Xecha',xecha',33
4823,1,k'ut,k'ut,33
4823,2,ri,ri,33
4823,3,"Alom,",alom,33
4824,0,"K'ajolom,",k'ajolom,33
4825,0,E,e,33
4825,1,"Tz'aqol,",tz'aqol,33
4826,0,"B'itol,",b'itol,33
4827,0,"Tepew,",tepew,33
4828,0,Q'ukumatz,q'ukumatz,33
4828,1,ki,ki,33
4828,2,b'i':,b'i',33
4829,0,“Mi,mi,33
4829,1,xyopijik,xyopijik,33
4829,2,u,u,33
4829,3,"saqirik,",saqirik,33
4830,0,Mi,mi,33
4830,1,xtz'aq,xtz'aq,33
4830,2,"utzinik,",utzinik,33
4831,0,Mi,mi,33
4831,1,pu,pu,33
4831,2,xq'ale'ik,xq'ale'ik,33
4832,0,"Tzuqul,",tzuqul,33
4833,0,"Q'o'l,",q'o'l,33
4834,0,Saqil,saqil,33
4834,1,"al,",al,33
4835,0,Saqil,saqil,33
4835,1,k'ajol.,k'ajol,33
4836,0,Mi,mi,33
4836,1,xq'ale',xq'ale',33
4836,2,"winaq,",winaq,34
4837,0,U,u,34
4837,1,winaqil,winaqil,34
4837,2,u,u,34
4837,3,wach,wach,34
4837,4,"ulew,”",ulew,34
4837,5,xecha'.,xecha',34
4838,0,Xmolomanik,xmolomanik,34
4838,1,"xulik,",xulik,34
4839,0,Xb'e,xb'e,34
4839,1,ki,ki,34
4839,2,"na'oj,",na'oj,34
4840,0,Chi,chi,34
4840,1,"q'equ'mal,",q'equ'mal,34
4841,0,Chi,chi,34
4841,1,aq'ab'al.,aq'ab'al,34
4842,0,Ta,ta,34
4842,1,"xkitzukuj,",xkitzukuj,34
4843,0,Xkipuk'uj,xkipuk'uj,34
4843,1,puch.,puch,34
4844,0,"Xena'ojinik,",xena'ojinik,34
4845,0,Xeb'ison,xeb'ison,34
4845,1,puch,puch,34
4845,2,waral.,waral,34
4846,0,Keje',keje',34
4846,1,k'ut,k'ut,34
4846,2,xel,xel,34
4846,3,wi,wi,34
4846,4,apanoq,apanoq,34
4846,5,ki,ki,34
4846,6,na'oj,na'oj,34
4847,0,"Saqil,",saqil,34
4848,0,Q'alal.,q'alal,34
4849,0,"Xkiriqo,",xkiriqo,34
4850,0,Xkikana'isaj,xkikana'isaj,34
4850,1,"puch,",puch,34
4851,0,Ri',ri',34
4851,1,xok,xok,34
4852,0,U,u,34
4852,1,tio'jil,tio'jil,34
4852,2,winaq.,winaq,34
4853,0,Xa,xa,34
4853,1,sqaqi'n,sqaqi'n,34
4853,2,chik,chik,34
4854,0,Mawi,mawi,34
4854,1,kawachin,kawachin,34
4855,0,"Q'ij,",q'ij,34
4856,0,"Ik',",ik',34
4857,0,Ch'umil,ch'umil,34
4858,0,Pa,pa,34
4858,1,ki,ki,34
4858,2,wi',wi',34
4859,0,E,e,34
4859,1,"Tz'aqol,",tz'aqol,34
4860,0,B'itol.,b'itol,34
4861,0,PAN,pan,34
4861,1,"Paxil,",paxil,34
4862,0,Pan,pan,34
4862,1,K'ayala',k'ayala',34
4862,2,u,u,34
4862,3,b'i',b'i',34
4862,4,",",,34
4863,0,Xpe,xpe,34
4863,1,wi,wi,34
4863,2,q'ana,q'ana,34
4863,3,"jal,",jal,34
4864,0,Saqi,saqi,34
4864,1,jal.,jal,34
4865,0,ARE',are',34
4865,1,k'u,k'u,34
4865,2,ki,ki,34
4865,3,b'i',b'i',34
4865,4,"chikop,",chikop,34
4866,0,Wa',wa',34
4866,1,k'amol,k'amol,34
4866,2,recha':,recha',34
4867,0,"Yak,",yak,34
4868,0,"Utiw,",utiw,34
4869,0,"K'el,",k'el,34
4870,0,Joj.,joj,34
4871,0,E,e,34
4871,1,kajib',kajib',34
4871,2,chi,chi,34
4871,3,"chikop,",chikop,34
4872,0,Xb'i'n,xb'i'n,34
4872,1,u,u,34
4872,2,"tzijel,",tzijel,34
4873,0,Q'ana,q'ana,34
4873,1,"jal,",jal,34
4874,0,Saqi,saqi,34
4874,1,jal,jal,34
4874,2,chike.,chike,34
4875,0,Chila',chila',34
4875,1,kepe,kepe,34
4875,2,wi,wi,34
4875,3,pan,pan,34
4875,4,"Paxil,",paxil,34
4876,0,Xk'ut,xk'ut,34
4876,1,u,u,34
4876,2,b'e'el,b'e'el,34
4876,3,"Paxil,",paxil,34
4877,0,Are',are',34
4877,1,k'ut,k'ut,34
4877,2,xkiriqo,xkiriqo,34
4877,3,ri,ri,34
4877,4,"echa',",echa',34
4878,0,Are',are',34
4878,1,k'ut,k'ut,34
4878,2,xok,xok,34
4878,3,u,u,34
4878,4,tio'jil,tio'jil,34
4879,0,Winaq,winaq,34
4879,1,"tz'aq,",tz'aq,34
4880,0,Winaq,winaq,34
4880,1,b'it.,b'it,34
4881,0,Ja',ja',34
4881,1,k'ut,k'ut,34
4882,0,U,u,34
4882,1,kik'el.,kik'el,34
4883,0,U,u,34
4883,1,kik'el,kik'el,34
4884,0,Winaq,winaq,34
4884,1,xuxik.,xuxik,34
4885,0,Are',are',34
4885,1,xok,xok,34
4885,2,kumal,kumal,34
4886,0,"Alom,",alom,34
4887,0,"K'ajolom,",k'ajolom,34
4888,0,Ri,ri,34
4888,1,jal.,jal,34
4889,0,Keje',keje',34
4889,1,k'ut,k'ut,34
4889,2,xeki'kot,xeki'kot,34
4889,3,wi,wi,34
4890,0,Rumal,rumal,34
4890,1,ri,ri,34
4890,2,u,u,34
4890,3,riqitajik,riqitajik,34
4891,0,Utzilaj,utzilaj,34
4891,1,"juyub',",juyub',34
4892,0,Nojinaq,nojinaq,34
4892,1,chi,chi,34
4892,2,"kus,",kus,34
4893,0,Tzatz,tzatz,34
4893,1,chi,chi,34
4893,2,q'ana,q'ana,34
4893,3,"jal,",jal,34
4894,0,Saqi,saqi,34
4894,1,"jal,",jal,34
4895,0,Tzatz,tzatz,34
4895,1,nay,nay,34
4895,2,puch,puch,34
4895,3,chi,chi,34
4895,4,"peq,",peq,34
4896,0,Chi,chi,34
4896,1,"kako,",kako,34
4897,0,Mawi,mawi,34
4897,1,ajilan,ajilan,34
4897,2,"tulul,",tulul,34
4898,0,"K'awex,",k'awex,34
4899,0,"Q'inom,",q'inom,34
4900,0,"Tapa'l,",tapa'l,34
4901,0,"Ajache',",ajache',34
4902,0,Kab'.,kab',34
4903,0,Nojinaq,nojinaq,34
4903,1,ki'laj,ki'laj,34
4903,2,"echa',",echa',34
4904,0,Chupan,chupan,34
4904,1,ri,ri,34
4904,2,"tinamit,",tinamit,34
4905,0,Pan,pan,34
4905,1,"Paxil,",paxil,34
4906,0,Pan,pan,34
4906,1,K'ayala',k'ayala',34
4906,2,u,u,34
4906,3,b'i'.,b'i',34
4907,0,K'o,k'o,34
4907,1,wi,wi,34
4907,2,"echa',",echa',34
4908,0,U,u,34
4908,1,wachinel,wachinel,34
4908,2,ronojel,ronojel,34
4909,0,Ch'uti,ch'uti,34
4909,1,"echa',",echa',34
4910,0,Nima,nima,34
4910,1,"echa',",echa',34
4911,0,Ch'uti,ch'uti,34
4911,1,"tiko'n,",tiko'n,34
4912,0,Nima,nima,34
4912,1,tiko'n.,tiko'n,34
4913,0,Xk'ut,xk'ut,34
4913,1,u,u,34
4913,2,b'e'el,b'e'el,34
4914,0,Kumal,kumal,34
4914,1,chikop.,chikop,34
4916,0,Saqi,saqi,34
4916,1,"jal,",jal,34
4917,0,B'elejeb',b'elejeb',34
4917,1,k'u,k'u,34
4917,2,u,u,34
4917,3,ka'l,ka'l,34
4918,0,Xub'an,xub'an,34
4918,1,Xmuqane.,xmuqane,34
4919,0,Echa',echa',34
4919,1,"xokik,",xokik,34
4920,0,Ruk',ruk',34
4920,1,ja',ja',34
4920,2,"rope'nal,",rope'nal,34
4921,0,Xwinaqir,xwinaqir,34
4921,1,u,u,34
4921,2,q'ab',q'ab',34
4921,3,"chiyal,",chiyal,34
4922,0,U,u,34
4922,1,q'anal,q'anal,34
4922,2,winaq,winaq,34
4922,3,"xuxik,",xuxik,34
4923,0,Ta,ta,34
4923,1,xkib'an,xkib'an,34
4923,2,ri,ri,34
4923,3,"Alom,",alom,34
4924,0,"K'ajolom,",k'ajolom,34
4925,0,"Tepew,",tepew,34
4926,0,Q'ukumatz,q'ukumatz,34
4926,1,ke'uchaxik.,ke'uchaxik,34
4927,0,K'ate,k'ate,34
4927,1,k'ut,k'ut,34
4927,2,xkikoj,xkikoj,34
4927,3,pa,pa,34
4927,4,tzij,tzij,34
4927,5,u,u,34
4927,6,"tz'aqik,",tz'aqik,34
4928,0,U,u,34
4928,1,"b'itik,",b'itik,34
4929,0,Qa,qa,34
4929,1,nab'e,nab'e,34
4929,2,"chuch,",chuch,34
4930,0,Qajaw.,qajaw,34
4931,0,Xa,xa,34
4931,1,q'ana,q'ana,34
4931,2,"jal,",jal,34
4932,0,Saqi,saqi,34
4932,1,jal,jal,34
4932,2,u,u,34
4932,3,tio'jil.,tio'jil,34
4933,0,Xa,xa,34
4933,1,echa',echa',34
4933,2,"raqan,",raqan,34
4934,0,U,u,34
4934,1,q'ab',q'ab',34
4934,2,winaq.,winaq,34
4935,0,Ri',ri',34
4935,1,e,e,34
4935,2,qa,qa,34
4935,3,nab'e,nab'e,34
4935,4,"qajaw,",qajaw,34
4936,0,E,e,34
4936,1,kajib',kajib',34
4936,2,chi,chi,34
4936,3,winaq,winaq,34
4936,4,tz'aq.,tz'aq,34
4937,0,Xa,xa,34
4937,1,echa',echa',34
4937,2,okinaq,okinaq,34
4938,0,Ki,ki,34
4938,1,tio'jil.,tio'jil,34
4939,0,WA'E,wa'e,34
4939,1,ki,ki,34
4939,2,b'i',b'i',34
4939,3,nab'e,nab'e,34
4939,4,winaq,winaq,34
4939,5,"xetz'aqik,",xetz'aqik,34
4940,0,Xeb'itik.,xeb'itik,34
4941,0,Are',are',34
4941,1,nab'e,nab'e,34
4941,2,winaq,winaq,34
4941,3,ri,ri,34
4941,4,B'alam,b'alam,34
4941,5,"Kitze,",kitze,34
4942,0,U,u,34
4942,1,kab',kab',34
4942,2,chi,chi,34
4942,3,k'ut,k'ut,34
4942,4,B'alam,b'alam,34
4942,5,"Aq'ab',",aq'ab',34
4943,0,Rox,rox,34
4943,1,chi,chi,34
4943,2,k'ut,k'ut,34
4943,3,"Majukutaj,",majukutaj,34
4944,0,U,u,34
4944,1,kaj,kaj,34
4944,2,k'ut,k'ut,34
4944,3,Ik'i,ik'i,34
4944,4,B'alam.,b'alam,34
4945,0,Are',are',34
4945,1,k'u,k'u,34
4945,2,ki,ki,34
4945,3,b'i',b'i',34
4945,4,ri,ri,34
4945,5,qa,qa,34
4945,6,nab'e,nab'e,34
4945,7,"chuch,",chuch,34
4946,0,Qajaw.,qajaw,34
4947,0,XA,xa,34
4947,1,"tz'aq,",tz'aq,34
4948,0,Xa,xa,34
4948,1,b'it,b'it,34
4948,2,ke'uchaxik.,ke'uchaxik,34
4949,0,Maja,maja,34
4949,1,b'i,b'i,34
4949,2,ki,ki,34
4949,3,"chuch,",chuch,34
4950,0,Maja,maja,34
4950,1,b'i,b'i,34
4950,2,ki,ki,34
4950,3,qajaw.,qajaw,34
4951,0,Xa,xa,34
4951,1,u,u,34
4951,2,tukel,tukel,34
4951,3,achij,achij,34
4951,4,chiqab'ij.,chiqab'ij,34
4952,0,Ma,ma,34
4952,1,na,na,34
4952,2,ixoq,ixoq,34
4952,3,"xe'alanik,",xe'alanik,34
4953,0,Ma,ma,34
4953,1,nay,nay,34
4953,2,pu,pu,34
4953,3,xek'ajolaxik,xek'ajolaxik,34
4954,0,Rumal,rumal,34
4954,1,ri,ri,34
4954,2,Aj,aj,34
4954,3,"Tz'aq,",tz'aq,34
4955,0,Aj,aj,34
4955,1,"B'it,",b'it,34
4956,0,Ri,ri,34
4956,1,"Alom,",alom,34
4957,0,K'ajolom.,k'ajolom,34
4958,0,Xa,xa,34
4958,1,"pus,",pus,34
4959,0,Xa,xa,34
4959,1,"nawal,",nawal,34
4960,0,Ki,ki,34
4960,1,"tz'aqik,",tz'aqik,34
4961,0,Ki,ki,34
4961,1,"b'itik,",b'itik,34
4962,0,Rumal,rumal,34
4962,1,ri,ri,34
4962,2,"Tz'aqol,",tz'aqol,34
4963,0,"B'itol,",b'itol,34
4964,0,"Alom,",alom,34
4965,0,"K'ajolom,",k'ajolom,34
4966,0,"Tepew,",tepew,34
4967,0,Q'ukumatz.,q'ukumatz,34
4968,0,Ta,ta,34
4968,1,xewinaqwachin,xewinaqwachin,34
4968,2,k'ut;,k'ut,34
4969,0,E,e,34
4969,1,winaq,winaq,34
4969,2,xe'uxik.,xe'uxik,34
4970,0,"Xech'awik,",xech'awik,34
4971,0,Xetzijon,xetzijon,34
4971,1,puch.,puch,34
4972,0,"Xemuqunik,",xemuqunik,34
4973,0,Xeta'on,xeta'on,34
4973,1,puch.,puch,34
4974,0,"Xeb'inik,",xeb'inik,34
4975,0,Xechapanik.,xechapanik,34
4976,0,E,e,34
4976,1,utzilaj,utzilaj,34
4976,2,"winaq,",winaq,34
4977,0,E,e,34
4977,1,cha'om.,cha'om,34
4978,0,Achijil,achijil,34
4978,1,wach,wach,34
4979,0,Ki,ki,34
4979,1,wachib'al.,wachib'al,34
4980,0,K'o,k'o,34
4980,1,"kuxlab',",kuxlab',34
4981,0,Xuxik.,xuxik,34
4982,0,Xemuqum,xemuqum,34
4982,1,nay,nay,34
4982,2,"puch,",puch,34
4983,0,Ju,ju,34
4983,1,suk',suk',34
4983,2,xopon,xopon,34
4983,3,ki,ki,34
4983,4,muqub'al.,muqub'al,34
4984,0,Xk'is,xk'is,34
4984,1,"kilo,",kilo,34
4985,0,Xk'is,xk'is,34
4985,1,keta'maj,keta'maj,34
4986,0,Ronojel,ronojel,34
4986,1,xe',xe',34
4986,2,kaj.,kaj,34
4987,0,We,we,34
4987,1,kemuqunik,kemuqunik,34
4988,0,Lib'aj,lib'aj,34
4988,1,chi,chi,34
4988,2,"chikisolwachij,",chikisolwachij,34
4989,0,Chisolmuquj,chisolmuquj,34
4989,1,"puch,",puch,34
4990,0,U,u,34
4990,1,pam,pam,34
4990,2,"kaj,",kaj,34
4991,0,U,u,34
4991,1,pam,pam,34
4991,2,ulew.,ulew,34
4992,0,Ma,ma,34
4992,1,ju,ju,34
4992,2,q'atajil,q'atajil,34
4992,3,na,na,34
4993,0,Chikil,chikil,34
4993,1,ixtaj,ixtaj,34
4993,2,ronojel.,ronojel,34
4994,0,Ma,ma,34
4994,1,keb'in,keb'in,34
4994,2,ta,ta,34
4994,3,na'on,na'on,34
4994,4,"nab'e,",nab'e,34
4995,0,K'ate,k'ate,34
4995,1,ta,ta,34
4995,2,chikil,chikil,34
4995,3,ri,ri,34
4995,4,u,u,34
4995,5,xe',xe',34
4995,6,"kaj,",kaj,34
4996,0,Xa,xa,34
4996,1,wi,wi,34
4996,2,chire,chire,34
4996,3,e,e,34
4996,4,k'o,k'o,34
4996,5,wi,wi,34
4996,6,ta,ta,34
4996,7,kemuqunik.,kemuqunik,34
4997,0,Tzatz,tzatz,34
4997,1,keta'mab'al,keta'mab'al,34
4997,2,xuxik.,xuxik,34
4998,0,Xik'ow,xik'ow,34
4998,1,ki,ki,34
4998,2,wachib'al,wachib'al,34
4998,3,pa,pa,34
4998,4,"che',",che',34
4999,0,Pa,pa,34
4999,1,"ab'aj,",ab'aj,34
5000,0,Pa,pa,34
5000,1,"cho,",cho,34
5001,0,Pa,pa,34
5001,1,"palo,",palo,34
5002,0,Pa,pa,34
5002,1,"juyub',",juyub',34
5003,0,Pa,pa,34
5003,1,taq'aj.,taq'aj,34
5004,0,Qitzij,qitzij,34
5004,1,wi,wi,34
5004,2,chi,chi,34
5005,0,E,e,34
5005,1,loq'olaj,loq'olaj,34
5005,2,"winaq,",winaq,34
5006,0,Ri,ri,34
5006,1,B'alam,b'alam,34
5006,2,"Kitze,",kitze,34
5007,0,B'alam,b'alam,34
5007,1,"Aq'ab',",aq'ab',34
5008,0,"Majukutaj,",majukutaj,34
5009,0,Ik'i,ik'i,34
5009,1,B'alam.,b'alam,34
5010,0,TA,ta,34
5010,1,xetz'onox,xetz'onox,34
5010,2,k'ut,k'ut,34
5010,3,rumal,rumal,34
5010,4,ri,ri,34
5010,5,Aj,aj,34
5010,6,"Tz'aq,",tz'aq,34
5011,0,Aj,aj,34
5011,1,B'it:,b'it,34
5012,0,“Juchalik,juchalik,34
5012,1,i,i,34
5012,2,k'oje'ik?,k'oje'ik,34
5013,0,Kina'o?,kina'o,34
5014,0,Ma,ma,34
5014,1,kixmuqunik?,kixmuqunik,34
5015,0,Ma,ma,34
5015,1,kixta'onik?,kixta'onik,34
5016,0,Ma,ma,34
5016,1,utz,utz,34
5016,2,i,i,34
5016,3,"ch'ab'al,",ch'ab'al,34
5017,0,Ruk',ruk',34
5017,1,i,i,34
5017,2,b'inib'al?,b'inib'al,35
5018,0,Kixmuquna',kixmuquna',35
5018,1,na,na,35
5018,2,"k'ut,",k'ut,35
5019,0,Chiwila',chiwila',35
5020,0,U,u,35
5020,1,xe',xe',35
5020,2,kaj!,kaj,35
5021,0,Ma,ma,35
5021,1,q'alaj,q'alaj,35
5021,2,juyub'?,juyub',35
5022,0,Taq'aj,taq'aj,35
5022,1,kiwilo?,kiwilo,35
5023,0,Chitija',chitija',35
5023,1,na,na,35
5023,2,k'ut!”,k'ut,35
5023,3,xe'uchaxik.,xe'uchaxik,35
5024,0,K'ate,k'ate,35
5024,1,puch,puch,35
5024,2,xk'is,xk'is,35
5024,3,kil,kil,35
5024,4,ronojel,ronojel,35
5025,0,U,u,35
5025,1,xe',xe',35
5025,2,"kaj,",kaj,35
5026,0,K'ate,k'ate,35
5026,1,k'ut,k'ut,35
5026,2,ki,ki,35
5026,3,k'amowanik,k'amowanik,35
5026,4,ri',ri',35
5026,5,chire,chire,35
5026,6,"Tz'aqol,",tz'aqol,35
5027,0,B'itol.,b'itol,35
5028,0,“Qitzij,qitzij,35
5028,1,wi,wi,35
5028,2,chi,chi,35
5028,3,ka,ka,35
5028,4,mul,mul,35
5028,5,"k'amo,",k'amo,35
5029,0,Ox,ox,35
5029,1,mul,mul,35
5029,2,"k'amo,",k'amo,35
5030,0,Mi,mi,35
5030,1,"xojwinaqirik,",xojwinaqirik,35
5031,0,Mi,mi,35
5031,1,pu,pu,35
5031,2,"xojchi'nik,",xojchi'nik,35
5032,0,Xojwachinik.,xojwachinik,35
5033,0,"Kojch'awik,",kojch'awik,35
5034,0,"Kojta'onik,",kojta'onik,35
5035,0,"Kojb'isonik,",kojb'isonik,35
5036,0,Kojsilab'ik.,kojsilab'ik,35
5037,0,Utz,utz,35
5037,1,"kaqana'o,",kaqana'o,35
5038,0,Xqeta'maj,xqeta'maj,35
5039,0,"Naj,",naj,35
5040,0,Naqaj.,naqaj,35
5041,0,Mi,mi,35
5041,1,pu,pu,35
5041,2,xqilo,xqilo,35
5041,3,"nim,",nim,35
5042,0,"Ch'uti'n,",ch'uti'n,35
5043,0,U,u,35
5043,1,pa,pa,35
5043,2,"kaj,",kaj,35
5044,0,U,u,35
5044,1,pa,pa,35
5044,2,ulew.,ulew,35
5045,0,K'amo,k'amo,35
5045,1,k'ut,k'ut,35
5046,0,Chiwe,chiwe,35
5047,0,Mi,mi,35
5047,1,xojwinaqirik.,xojwinaqirik,35
5048,0,Oj,oj,35
5048,1,"tz'aq,",tz'aq,35
5049,0,Oj,oj,35
5049,1,"b'it,",b'it,35
5050,0,Mi,mi,35
5050,1,"xojuxik,",xojuxik,35
5051,0,At,at,35
5051,1,"qati't,",qati't,35
5052,0,At,at,35
5052,1,qa,qa,35
5052,2,"mam,”",mam,35
5053,0,Xecha',xecha',35
5053,1,ta,ta,35
5053,2,xkik'amowaj,xkik'amowaj,35
5054,0,Ki,ki,35
5054,1,"tz'aqik,",tz'aqik,35
5055,0,Ki,ki,35
5055,1,b'itik.,b'itik,35
5056,0,Xk'is,xk'is,35
5056,1,keta'maj,keta'maj,35
5056,2,ronojel,ronojel,35
5057,0,Xkimuquj:,xkimuquj,35
5058,0,Kaj,kaj,35
5058,1,"tz'uk,",tz'uk,35
5059,0,Kaj,kaj,35
5059,1,"xukut,",xukut,35
5060,0,U,u,35
5060,1,pam,pam,35
5060,2,"kaj,",kaj,35
5061,0,U,u,35
5061,1,pam,pam,35
5061,2,ulew.,ulew,35
5062,0,Ma,ma,35
5062,1,k'u,k'u,35
5062,2,utz,utz,35
5063,0,"Xkita'o,",xkita'o,35
5064,0,Ri,ri,35
5064,1,Aj,aj,35
5064,2,"Tz'aq,",tz'aq,35
5065,0,Aj,aj,35
5065,1,B'it.,b'it,35
5066,0,“Mawi,mawi,35
5066,1,utz,utz,35
5067,0,Ri',ri',35
5067,1,mi,mi,35
5067,2,"xkib'ij,",xkib'ij,35
5068,0,Qa,qa,35
5068,1,"tz'aq,",tz'aq,35
5069,0,Qa,qa,35
5069,1,b'it:,b'it,35
5070,0,‘Mi,mi,35
5070,1,xqeta'maj,xqeta'maj,35
5070,2,ronojel,ronojel,35
5070,3,"nim,",nim,35
5071,0,"Ch'uti'n,’”",ch'uti'n,35
5071,1,kecha'.,kecha',35
5072,0,KEJE',keje',35
5072,1,chi,chi,35
5072,2,k'ut,k'ut,35
5072,3,u,u,35
5072,4,k'amik,k'amik,35
5072,5,chik,chik,35
5073,0,Ki,ki,35
5073,1,"na'oj,",na'oj,35
5074,0,"Alom,",alom,35
5075,0,K'ajolom.,k'ajolom,35
5076,0,“Jucha,jucha,35
5076,1,chik,chik,35
5076,2,chiqab'an,chiqab'an,35
5076,3,"chike,",chike,35
5077,0,Xa,xa,35
5077,1,ta,ta,35
5077,2,naqaj,naqaj,35
5077,3,chopon,chopon,35
5077,4,wi,wi,35
5077,5,ki,ki,35
5077,6,"muqub'al,",muqub'al,35
5078,0,Xa,xa,35
5078,1,ta,ta,35
5078,2,sqaqi'n,sqaqi'n,35
5079,0,U,u,35
5079,1,"wach,",wach,35
5080,0,U,u,35
5080,1,wach,wach,35
5080,2,ulew,ulew,35
5081,0,Chikilo?,chikilo,35
5082,0,Mawi,mawi,35
5082,1,utz,utz,35
5083,0,Ri',ri',35
5083,1,kakib'ij.,kakib'ij,35
5084,0,Ma,ma,35
5084,1,pa,pa,35
5084,2,xa,xa,35
5084,3,"tz'aq,",tz'aq,35
5085,0,Xa,xa,35
5085,1,b'it,b'it,35
5085,2,ki,ki,35
5085,3,b'i'?,b'i',35
5086,0,Xa,xa,35
5086,1,lab'e,lab'e,35
5086,2,e,e,35
5086,3,k'ab'awil,k'ab'awil,35
5087,0,Ke'uxik,ke'uxik,35
5087,1,chik.,chik,35
5088,0,We,we,35
5088,1,mawi,mawi,35
5088,2,"kepoq'otajik,",kepoq'otajik,35
5089,0,"Kek'iritajik,",kek'iritajik,35
5090,0,Ta,ta,35
5090,1,chawaxoq?,chawaxoq,35
5091,0,Ta,ta,35
5091,1,saqiroq?,saqiroq,35
5092,0,We,we,35
5092,1,mawi,mawi,35
5092,2,"chik'iyarik,",chik'iyarik,35
5093,0,Ta,ta,35
5093,1,chuxoq?,chuxoq,35
5094,0,Xa,xa,35
5094,1,qayojo,qayojo,35
5094,2,chi,chi,35
5094,3,sqaqi'n,sqaqi'n,35
5094,4,"chik,",chik,35
5095,0,K'o,k'o,35
5095,1,chi,chi,35
5095,2,karaj.,karaj,35
5096,0,Mawi,mawi,35
5096,1,utz,utz,35
5096,2,kaqana'o.,kaqana'o,35
5097,0,Xa,xa,35
5097,1,pa,pa,35
5097,2,xchijunamataj,xchijunamataj,35
5097,3,ki,ki,35
5097,4,b'anoj,b'anoj,35
5097,5,"quk',",quk',35
5098,0,Ri,ri,35
5098,1,najt,najt,35
5098,2,kopon,kopon,35
5098,3,wi,wi,35
5098,4,"keta'mab'al,",keta'mab'al,35
5099,0,Kilon,kilon,35
5099,1,"ronojel,”",ronojel,35
5099,2,xe'uchaxik,xe'uchaxik,35
5100,0,Rumal,rumal,35
5100,1,u,u,35
5100,2,K'u'x,k'u'x,35
5100,3,Kaj:,kaj,35
5101,0,"Juraqan,",juraqan,35
5102,0,Ch'i'pi,ch'i'pi,35
5102,1,"Kaqulja,",kaqulja,35
5103,0,Raxa,raxa,35
5103,1,"Kaqulja,",kaqulja,35
5104,0,"Tepew,",tepew,35
5105,0,"Q'ukumatz,",q'ukumatz,35
5106,0,"Alom,",alom,35
5107,0,"K'ajolom,",k'ajolom,35
5108,0,"Xpiyakok,",xpiyakok,35
5109,0,"Xmuqane,",xmuqane,35
5110,0,"Tz'aqol,",tz'aqol,35
5111,0,"B'itol,",b'itol,35
5111,1,ke'uchaxik.,ke'uchaxik,35
5112,0,Ta,ta,35
5112,1,xkib'an,xkib'an,35
5112,2,k'ut,k'ut,35
5113,0,U,u,35
5113,1,k'oje'ik,k'oje'ik,35
5113,2,chik,chik,35
5114,0,Ki,ki,35
5114,1,"tz'aq,",tz'aq,35
5115,0,Ki,ki,35
5115,1,b'it.,b'it,35
5116,0,XA,xa,35
5116,1,k'u,k'u,35
5116,2,xwab'ax,xwab'ax,35
5116,3,u,u,35
5116,4,b'aq',b'aq',35
5116,5,ki,ki,35
5116,6,wach,wach,35
5117,0,Rumal,rumal,35
5117,1,ri,ri,35
5117,2,u,u,35
5117,3,K'u'x,k'u'x,35
5117,4,Kaj.,kaj,35
5118,0,Xmoyik,xmoyik,35
5118,1,keje',keje',35
5118,2,ri',ri',35
5118,3,xuxlab'ix,xuxlab'ix,35
5118,4,u,u,35
5118,5,wach,wach,35
5118,6,"lemo',",lemo',35
5119,0,Xmoyomob'ik,xmoyomob'ik,35
5119,1,u,u,35
5119,2,b'aq',b'aq',35
5119,3,ki,ki,35
5119,4,wach.,wach,35
5120,0,Xa,xa,35
5120,1,naqaj,naqaj,35
5120,2,chik,chik,35
5120,3,xemuqun,xemuqun,35
5120,4,"wi,",wi,35
5121,0,Xere,xere,35
5121,1,chi,chi,35
5121,2,q'alaj,q'alaj,35
5121,3,ri,ri,35
5121,4,e,e,35
5121,5,k'o,k'o,35
5121,6,wi.,wi,35
5122,0,Keje',keje',35
5122,1,k'ut,k'ut,35
5122,2,u,u,35
5122,3,sachik,sachik,35
5122,4,"keta'mab'al,",keta'mab'al,35
5123,0,Ruk',ruk',35
5123,1,ronojel,ronojel,35
5123,2,ki,ki,35
5123,3,na'ob'al,na'ob'al,35
5123,4,e,e,35
5123,5,kajib',kajib',35
5123,6,chi,chi,35
5123,7,"winaq,",winaq,35
5124,0,U,u,35
5124,1,"xe',",xe',35
5125,0,U,u,35
5125,1,tikarib'al.,tikarib'al,35
5126,0,Keje',keje',35
5126,1,k'ut,k'ut,35
5126,2,ki,ki,35
5126,3,"tz'aqik,",tz'aqik,35
5127,0,Ki,ki,35
5127,1,b'itik,b'itik,35
5128,0,Nab'e,nab'e,35
5128,1,qa,qa,35
5128,2,"mam,",mam,35
5129,0,Qa,qa,35
5129,1,"qajaw,",qajaw,35
5130,0,Rumal,rumal,35
5130,1,u,u,35
5130,2,K'u'x,k'u'x,35
5130,3,"Kaj,",kaj,35
5131,0,U,u,35
5131,1,K'u'x,k'u'x,35
5131,2,Ulew.,ulew,35
5132,0,Ta,ta,35
5132,1,xk'oje',xk'oje',35
5132,2,chi,chi,35
5132,3,k'ut,k'ut,35
5133,0,Ki,ki,35
5133,1,"k'ulel,",k'ulel,35
5134,0,Kixoqil,kixoqil,35
5135,0,Puch,puch,35
5135,1,xuxik.,xuxik,35
5136,0,Xa,xa,35
5136,1,wi,wi,35
5136,2,k'ab'awil,k'ab'awil,35
5136,3,xna'ojin,xna'ojin,35
5136,4,chik.,chik,35
5137,0,Keje',keje',35
5137,1,ri',ri',35
5137,2,xa,xa,35
5137,3,pa,pa,35
5137,4,waram,waram,35
5137,5,xkik'am,xkik'am,35
5137,6,wi.,wi,35
5138,0,Qitzij,qitzij,35
5138,1,e,e,35
5138,2,jeb'el,jeb'el,35
5139,0,Chi,chi,35
5139,1,ixoq,ixoq,35
5139,2,k'o,k'o,35
5140,0,Ruk',ruk',35
5140,1,B'alam,b'alam,35
5140,2,"Kitze,",kitze,35
5141,0,B'alam,b'alam,35
5141,1,"Aq'ab',",aq'ab',35
5142,0,"Majukutaj,",majukutaj,35
5143,0,Ik'i,ik'i,35
5143,1,B'alam.,b'alam,35
5146,0,Are',are',35
5146,1,k'u,k'u,35
5146,2,ki,ki,35
5146,3,"b'i',",b'i',35
5147,0,Kixoqil,kixoqil,35
5147,1,wa':,wa',35
5148,0,Kajapalu,kajapalu,35
5148,1,Na,na,35
5148,2,u,u,35
5148,3,b'i',b'i',35
5149,0,Rixoqil,rixoqil,35
5149,1,B'alam,b'alam,35
5149,2,Kitze;,kitze,35
5150,0,Chomi,chomi,35
5150,1,Ja,ja,35
5150,2,u,u,35
5150,3,b'i',b'i',35
5151,0,Rixoqil,rixoqil,35
5151,1,B'alam,b'alam,35
5151,2,Aq'ab';,aq'ab',35
5152,0,Tz'ununi,tz'ununi,35
5152,1,Ja,ja,35
5152,2,u,u,35
5152,3,b'i',b'i',35
5153,0,Rixoqil,rixoqil,35
5153,1,Majukutaj;,majukutaj,35
5154,0,Kaqixa,kaqixa,35
5154,1,Ja,ja,35
5154,2,u,u,35
5154,3,b'i',b'i',35
5155,0,Rixoqil,rixoqil,35
5155,1,Ik'i,ik'i,35
5155,2,B'alam.,b'alam,35
5156,0,Are',are',35
5156,1,k'ut,k'ut,35
5156,2,u,u,35
5156,3,b'i',b'i',35
5157,0,Kixoqil.,kixoqil,35
5158,0,Ri',ri',35
5158,1,xok,xok,35
5158,2,qajawab',qajawab',35
5158,3,xe'uxik.,xe'uxik,35
5159,0,E,e,35
5159,1,poq'ol,poq'ol,35
5159,2,"winaq,",winaq,35
5160,0,Ch'uti,ch'uti,35
5160,1,"amaq',",amaq',35
5161,0,Nima,nima,35
5161,1,amaq'.,amaq',35
5162,0,Are',are',35
5162,1,k'ut,k'ut,35
5162,2,u,u,35
5162,3,xe',xe',35
5162,4,"qech,",qech,35
5163,0,Ri,ri,35
5163,1,oj,oj,35
5163,2,K'iche',k'iche',35
5163,3,winaq.,winaq,35
5164,0,Tzatz,tzatz,35
5164,1,k'ut,k'ut,35
5164,2,xuxik,xuxik,35
5164,3,ri,ri,35
5164,4,aj,aj,35
5164,5,"k'ix,",k'ix,35
5165,0,Aj,aj,35
5165,1,k'ajb'.,k'ajb',35
5166,0,Ma,ma,35
5166,1,na,na,35
5166,2,xa,xa,35
5166,3,e,e,35
5166,4,kajib',kajib',35
5166,5,chik,chik,35
5166,6,"xuxik,",xuxik,35
5167,0,Xere,xere,35
5167,1,kajib',kajib',35
5167,2,ri,ri,35
5167,3,ki,ki,35
5167,4,chuch,chuch,35
5167,5,oj,oj,35
5167,6,K'iche',k'iche',35
5167,7,winaq.,winaq,35
5168,0,Jalajoj,jalajoj,35
5168,1,chi,chi,35
5168,2,ki,ki,35
5168,3,"b'i',",b'i',35
5169,0,Chi,chi,35
5169,1,ki,ki,35
5169,2,jujunal.,jujunal,35
5170,0,Ta,ta,35
5170,1,"xpoq'otajik,",xpoq'otajik,35
5171,0,Chila',chila',35
5171,1,chi,chi,35
5171,2,releb'al,releb'al,35
5171,3,q'ij.,q'ij,35
5172,0,Qi,qi,35
5172,1,u,u,35
5172,2,b'i',b'i',35
5172,3,xuxik,xuxik,35
5172,4,ri,ri,35
5172,5,winaq:,winaq,35
5173,0,"Tepew,",tepew,35
5174,0,"Oloman,",oloman,35
5175,0,"K'ojaj,",k'ojaj,35
5176,0,K'enech,k'enech,35
5176,1,"Ajaw,",ajaw,35
5177,0,Chuchax,chuchax,35
5177,1,chik,chik,35
5177,2,u,u,35
5177,3,b'i',b'i',35
5177,4,winaq.,winaq,35
5178,0,Chila',chila',35
5178,1,releb'al,releb'al,35
5178,2,q'ij,q'ij,35
5179,0,Xpoq'otajik.,xpoq'otajik,35
5180,0,Reta'm,reta'm,35
5180,1,k'ut,k'ut,35
5181,0,U,u,35
5181,1,tikarik,tikarik,35
5181,2,chik,chik,35
5182,0,Rech,rech,35
5182,1,"Tamub',",tamub',35
5183,0,Rech,rech,35
5183,1,Ilokab'.,ilokab',35
5184,0,Xa,xa,35
5184,1,jun,jun,35
5184,2,xpe,xpe,35
5184,3,wi,wi,35
5184,4,"chila',",chila',35
5185,0,Releb'al,releb'al,35
5185,1,q'ij.,q'ij,35
5186,0,B'alam,b'alam,35
5186,1,Kitze,kitze,35
5186,2,u,u,35
5186,3,"mam,",mam,35
5187,0,U,u,35
5187,1,"qajaw,",qajaw,35
5188,0,B'elejeb',b'elejeb',35
5188,1,nim,nim,35
5188,2,ja,ja,35
5189,0,Chi,chi,35
5189,1,Kawiqib'.,kawiqib',36
5190,0,B'alam,b'alam,36
5190,1,Aq'ab',aq'ab',36
5190,2,u,u,36
5190,3,"mam,",mam,36
5191,0,U,u,36
5191,1,"qajaw,",qajaw,36
5192,0,B'elejeb',b'elejeb',36
5192,1,nim,nim,36
5192,2,ja,ja,36
5193,0,Chi,chi,36
5193,1,Nim,nim,36
5193,2,Jaib'ab'.,jaib'ab',36
5194,0,Majukutaj,majukutaj,36
5194,1,u,u,36
5194,2,"mam,",mam,36
5195,0,U,u,36
5195,1,"qajaw,",qajaw,36
5196,0,Kajib',kajib',36
5196,1,nim,nim,36
5196,2,ja,ja,36
5197,0,Chi,chi,36
5197,1,Ajaw,ajaw,36
5197,2,K'iche'.,k'iche',36
5198,0,Ox,ox,36
5198,1,"ch'ob',",ch'ob',36
5199,0,"Chinamit,",chinamit,36
5200,0,Chi,chi,36
5200,1,u,u,36
5200,2,k'oje'ik.,k'oje'ik,36
5201,0,Mawi,mawi,36
5201,1,sachel,sachel,36
5201,2,u,u,36
5201,3,b'i',b'i',36
5202,0,U,u,36
5202,1,"mam,",mam,36
5203,0,U,u,36
5203,1,qajaw.,qajaw,36
5204,0,Are',are',36
5204,1,"poq'ol,",poq'ol,36
5205,0,"K'irol,",k'irol,36
5206,0,Chila',chila',36
5207,0,Releb'al,releb'al,36
5207,1,q'ij.,q'ij,36
5208,0,Xa,xa,36
5208,1,wi,wi,36
5208,2,xere,xere,36
5208,3,xpe,xpe,36
5208,4,wi,wi,36
5208,5,"Tamub',",tamub',36
5209,0,"Ilokab',",ilokab',36
5210,0,Ruk',ruk',36
5210,1,oxlajuj,oxlajuj,36
5210,2,uk'a,uk'a,36
5210,3,"amaq',",amaq',36
5211,0,Oxlajuj,oxlajuj,36
5211,1,tekpan:,tekpan,36
5212,0,Ruk',ruk',36
5212,1,"Rab'inaleb',",rab'inaleb',36
5213,0,"Kaqchikeleb',",kaqchikeleb',36
5214,0,Aj,aj,36
5214,1,Tz'ikina,tz'ikina,36
5214,2,"Ja,",ja,36
5215,0,Ruk',ruk',36
5215,1,puch,puch,36
5215,2,"Saqajib',",saqajib',36
5216,0,Ruk',ruk',36
5216,1,nay,nay,36
5216,2,puch,puch,36
5216,3,"Lamakib',",lamakib',36
5217,0,"Kumatz,",kumatz,36
5218,0,Tujal,tujal,36
5218,1,"Ja,",ja,36
5219,0,U,u,36
5219,1,Ch'ab'a,ch'ab'a,36
5219,2,"Ja,",ja,36
5220,0,Aj,aj,36
5220,1,Ch'umila,ch'umila,36
5220,2,"Ja,",ja,36
5221,0,Ruk',ruk',36
5221,1,Aj,aj,36
5221,2,Qib'a,qib'a,36
5221,3,"Ja,",ja,36
5222,0,Ah,ah,36
5222,1,B'atena,b'atena,36
5222,2,"Ja,",ja,36
5223,0,Akul,akul,36
5223,1,"Winaq,",winaq,36
5224,0,B'alami,b'alami,36
5224,1,"Ja,",ja,36
5225,0,Kan,kan,36
5225,1,"Chajeleb',",chajeleb',36
5226,0,B'alam,b'alam,36
5226,1,"Kolob',",kolob',36
5227,0,Xere,xere,36
5227,1,k'ut,k'ut,36
5227,2,u,u,36
5227,3,nimaqil,nimaqil,36
5227,4,"amaq',",amaq',36
5228,0,Ri,ri,36
5228,1,uk'a,uk'a,36
5228,2,amaq',amaq',36
5229,0,Kojcha',kojcha',36
5229,1,chirech.,chirech,36
5230,0,Xa,xa,36
5230,1,u,u,36
5230,2,nimaqil,nimaqil,36
5230,3,ri,ri,36
5230,4,mi,mi,36
5230,5,xqacholo.,xqacholo,36
5231,0,K'i,k'i,36
5231,1,chik,chik,36
5231,2,elenaq,elenaq,36
5231,3,"chirij,",chirij,36
5232,0,Ri,ri,36
5232,1,ju,ju,36
5232,2,taq,taq,36
5232,3,ch'ob',ch'ob',36
5232,4,chi,chi,36
5232,5,tinamit.,tinamit,36
5233,0,Mawi,mawi,36
5233,1,mi,mi,36
5233,2,xqatz'ib'aj,xqatz'ib'aj,36
5233,3,ki,ki,36
5233,4,b'i'.,b'i',36
5234,0,Xa,xa,36
5234,1,wi,wi,36
5234,2,k'u,k'u,36
5234,3,chila',chila',36
5235,0,Xpoq'otaj,xpoq'otaj,36
5235,1,wi,wi,36
5235,2,uloq,uloq,36
5236,0,Releb'al,releb'al,36
5236,1,q'ij.,q'ij,36
5237,0,K'iya,k'iya,36
5237,1,winaq,winaq,36
5237,2,xuxik,xuxik,36
5237,3,chi,chi,36
5237,4,q'equ'mal,q'equ'mal,36
5238,0,Ta,ta,36
5238,1,xk'iyarik.,xk'iyarik,36
5239,0,Ma,ma,36
5239,1,ja,ja,36
5239,2,chalaxoq,chalaxoq,36
5239,3,"q'ij,",q'ij,36
5240,0,Saq,saq,36
5240,1,ta,ta,36
5240,2,xek'iyarik.,xek'iyarik,36
5241,0,Xa,xa,36
5241,1,jun,jun,36
5241,2,xek'oje',xek'oje',36
5241,3,wi,wi,36
5241,4,konojel.,konojel,36
5242,0,E,e,36
5242,1,tzatz,tzatz,36
5242,2,chi,chi,36
5242,3,ki,ki,36
5242,4,"k'oje'ik,",k'oje'ik,36
5243,0,Ki,ki,36
5243,1,b'inowik,b'inowik,36
5243,2,chila',chila',36
5244,0,Releb'al,releb'al,36
5244,1,q'ij.,q'ij,36
5245,0,Are',are',36
5245,1,maja,maja,36
5245,2,b'i,b'i,36
5245,3,chi,chi,36
5245,4,tzuqun,tzuqun,36
5246,0,Ki,ki,36
5246,1,q'o'n.,q'o'n,36
5247,0,Xa,xa,36
5247,1,wi,wi,36
5247,2,chi,chi,36
5247,3,kaj,kaj,36
5247,4,chikipaqab'a',chikipaqab'a',36
5247,5,ki,ki,36
5247,6,wach.,wach,36
5248,0,Mawi,mawi,36
5248,1,keta'm,keta'm,36
5248,2,xeb'e,xeb'e,36
5248,3,wi.,wi,36
5249,0,Najt,najt,36
5249,1,xkib'ano,xkib'ano,36
5250,0,Ta,ta,36
5250,1,xk'oje',xk'oje',36
5250,2,pa,pa,36
5250,3,ki,ki,36
5250,4,"chiri',",chiri',36
5251,0,Q'eqa,q'eqa,36
5251,1,"winaq,",winaq,36
5252,0,Saqi,saqi,36
5252,1,"winaq,",winaq,36
5253,0,K'i,k'i,36
5253,1,wachib'al,wachib'al,36
5253,2,"winaq,",winaq,36
5254,0,K'i,k'i,36
5254,1,u,u,36
5254,2,ch'ab'al,ch'ab'al,36
5254,3,winaq.,winaq,36
5255,0,Ka'y,ka'y,36
5255,1,u,u,36
5255,2,xikin,xikin,36
5255,3,k'ole'y,k'ole'y,36
5255,4,u,u,36
5255,5,xe',xe',36
5255,6,kaj.,kaj,36
5256,0,K'o,k'o,36
5256,1,k'ut,k'ut,36
5256,2,juyub'al,juyub'al,36
5256,3,winaq.,winaq,36
5257,0,Mawi,mawi,36
5257,1,ilo,ilo,36
5257,2,u,u,36
5257,3,"wach,",wach,36
5258,0,Maja,maja,36
5258,1,b'i,b'i,36
5258,2,rochoch.,rochoch,36
5259,0,Xa,xa,36
5259,1,ch'uti,ch'uti,36
5259,2,"juyub',",juyub',36
5260,0,Nima,nima,36
5260,1,juyub',juyub',36
5260,2,keb'ek.,keb'ek,36
5261,0,“Keje',keje',36
5261,1,ri',ri',36
5261,2,e,e,36
5261,3,"ch'u'j,”",ch'u'j,36
5261,4,xecha'.,xecha',36
5262,0,“Ta,ta,36
5262,1,xkiyajob'ej,xkiyajob'ej,36
5262,2,ri,ri,36
5262,3,juyub'al,juyub'al,36
5262,4,"winaq,”",winaq,36
5262,5,xecha'.,xecha',36
5263,0,Chila',chila',36
5263,1,xkil,xkil,36
5263,2,wi,wi,36
5263,3,releb'al,releb'al,36
5263,4,"q'ij,",q'ij,36
5264,0,Xa,xa,36
5264,1,k'u,k'u,36
5264,2,jun,jun,36
5264,3,ki,ki,36
5264,4,ch'ab'al,ch'ab'al,36
5264,5,konojel.,konojel,36
5265,0,Maja,maja,36
5265,1,chikisik'ijoq,chikisik'ijoq,36
5265,2,"che',",che',36
5266,0,Ab'aj.,ab'aj,36
5267,0,Are',are',36
5267,1,na'tal,na'tal,36
5267,2,chikech,chikech,36
5267,3,ri,ri,36
5267,4,u,u,36
5267,5,tzij,tzij,36
5267,6,"Tz'aqol,",tz'aqol,36
5268,0,"B'itol,",b'itol,36
5269,0,U,u,36
5269,1,K'u'x,k'u'x,36
5269,2,"Kaj,",kaj,36
5270,0,U,u,36
5270,1,K'u'x,k'u'x,36
5270,2,"Ulew,",ulew,36
5270,3,xecha'.,xecha',36
5271,0,Xere,xere,36
5271,1,ki,ki,36
5271,2,k'u'xlan,k'u'xlan,36
5272,0,Ri,ri,36
5272,1,"rawaxik,",rawaxik,36
5273,0,U,u,36
5273,1,"saqirik,",saqirik,36
5274,0,Xa,xa,36
5274,1,tz'ononik,tz'ononik,36
5275,0,Chikib'ano.,chikib'ano,36
5276,0,E,e,36
5276,1,aj,aj,36
5276,2,loq',loq',36
5276,3,"tzij,",tzij,36
5277,0,E,e,36
5277,1,aj,aj,36
5277,2,"loq',",loq',36
5278,0,E,e,36
5278,1,aj,aj,36
5278,2,"nim,",nim,36
5279,0,E,e,36
5279,1,aj,aj,36
5279,2,xob'.,xob',36
5280,0,Chikipaqab'a',chikipaqab'a',36
5280,1,ki,ki,36
5280,2,wach,wach,36
5280,3,chi,chi,36
5280,4,kaj,kaj,36
5281,0,Ta,ta,36
5281,1,xkitz'onoj,xkitz'onoj,36
5282,0,Ki,ki,36
5282,1,"me'al,",me'al,36
5283,0,Ki,ki,36
5283,1,k'ajol.,k'ajol,36
5284,0,"“Akarok,",akarok,36
5284,1,at,at,36
5284,2,"Tz'aqol,",tz'aqol,36
5285,0,At,at,36
5285,1,B'itol.,b'itol,36
5286,0,"Kojawila',",kojawila',36
5287,0,Kojata!,kojata,36
5288,0,"Mojatzaqo,",mojatzaqo,36
5289,0,"Mojapisk'alij,",mojapisk'alij,36
5290,0,At,at,36
5290,1,k'ab'awil,k'ab'awil,36
5290,2,chi,chi,36
5290,3,"kaj,",kaj,36
5291,0,Chi,chi,36
5291,1,"ulew,",ulew,36
5292,0,U,u,36
5292,1,K'u'x,k'u'x,36
5292,2,"Kaj,",kaj,36
5293,0,U,u,36
5293,1,K'u'x,k'u'x,36
5293,2,Ulew.,ulew,36
5294,0,Chaya'taj,chaya'taj,36
5294,1,"qetal,",qetal,36
5295,0,Qa,qa,36
5295,1,"tzijel,",tzijel,36
5296,0,Chib'e,chib'e,36
5296,1,"q'ij,",q'ij,36
5297,0,Chib'e,chib'e,36
5297,1,"saq,",saq,36
5298,0,Ta,ta,36
5298,1,"chawaxok,",chawaxok,36
5299,0,Ta,ta,36
5299,1,saqirok.,saqirok,36
5300,0,Qi,qi,36
5300,1,ta,ta,36
5300,2,raxal,raxal,36
5300,3,"b'e,",b'e,36
5301,0,Raxal,raxal,36
5301,1,jok.,jok,36
5302,0,Kojaya',kojaya',36
5302,1,wi,wi,36
5302,2,li'anik,li'anik,36
5302,3,"saq,",saq,36
5303,0,Li'anik,li'anik,36
5303,1,amaq',amaq',36
5303,2,taj.,taj,36
5304,0,Utzilaj,utzilaj,36
5304,1,"saq,",saq,36
5305,0,Utzilaj,utzilaj,36
5305,1,amaq',amaq',36
5305,2,taj.,taj,36
5306,0,Utzilaj,utzilaj,36
5306,1,"k'aslem,",k'aslem,36
5307,0,Winaqirem,winaqirem,36
5307,1,ta,ta,36
5307,2,puch,puch,36
5307,3,kojaya',kojaya',36
5307,4,"wi,",wi,36
5308,0,At,at,36
5308,1,"Juraqan,",juraqan,36
5309,0,Ch'ipi,ch'ipi,36
5309,1,"Kaqulja,",kaqulja,36
5310,0,Raxa,raxa,36
5310,1,Kaqulja;,kaqulja,36
5311,0,Ch'ipi,ch'ipi,36
5311,1,"Nanawak,",nanawak,36
5312,0,Raxa,raxa,36
5312,1,Nanawak;,nanawak,36
5313,0,"Wok,",wok,36
5314,0,Junajpu;,junajpu,36
5315,0,"Tepew,",tepew,36
5316,0,Q'ukumatz;,q'ukumatz,36
5317,0,"Alom,",alom,36
5318,0,"K'ajolom,",k'ajolom,36
5319,0,"Xpiyakok,",xpiyakok,36
5320,0,"Xmuqane,",xmuqane,36
5321,0,Rati't,rati't,36
5321,1,"Q'ij,",q'ij,36
5322,0,Rati't,rati't,36
5322,1,Saq.,saq,36
5323,0,Ta,ta,36
5323,1,"chawaxoq,",chawaxoq,36
5324,0,Ta,ta,36
5324,1,"saqirok,”",saqirok,36
5324,2,xecha'.,xecha',36
5325,0,Ta,ta,36
5325,1,"xeq'i'lonik,",xeq'i'lonik,36
5326,0,Xesik'inik.,xesik'inik,36
5327,0,Xeselawachin,xeselawachin,36
5327,1,u,u,36
5327,2,"saqirik,",saqirik,36
5328,0,Xa,xa,36
5328,1,wi,wi,36
5328,2,chila',chila',36
5328,3,kemuqun,kemuqun,36
5328,4,wi,wi,36
5328,5,releb'al,releb'al,36
5328,6,q'ij.,q'ij,36
5329,0,Kilawachin,kilawachin,36
5329,1,ri,ri,36
5329,2,"Ik'oq'ij,",ik'oq'ij,36
5330,0,Nima,nima,36
5330,1,Ch'umil.,ch'umil,36
5331,0,Chalaxik,chalaxik,36
5331,1,"q'ij,",q'ij,36
5332,0,Tzijol,tzijol,36
5332,1,re,re,36
5333,0,U,u,36
5333,1,pa,pa,36
5333,2,"kaj,",kaj,36
5334,0,U,u,36
5334,1,pa,pa,36
5334,2,"ulew,",ulew,36
5335,0,U,u,36
5335,1,b'inib'al,b'inib'al,36
5335,2,winaq,winaq,36
5335,3,"tz'aq,",tz'aq,36
5336,0,Winaq,winaq,36
5336,1,b'it.,b'it,36
5337,0,"Xecha',",xecha',36
5337,1,e,e,36
5337,2,B'alam,b'alam,36
5337,3,"Kitze,",kitze,36
5338,0,B'alam,b'alam,36
5338,1,"Aq'ab',",aq'ab',36
5339,0,"Majukutaj,",majukutaj,36
5340,0,Ik'i,ik'i,36
5340,1,B'alam:,b'alam,36
5341,0,“Kojoyob'ej,kojoyob'ej,36
5341,1,na,na,36
5342,0,U,u,36
5342,1,"saqirik,”",saqirik,36
5342,2,xecha'.,xecha',36
5343,0,E,e,36
5343,1,nima'q,nima'q,36
5343,2,"eta'manel,",eta'manel,36
5344,0,E,e,36
5344,1,"na'onel,",na'onel,36
5345,0,E,e,36
5345,1,aj,aj,36
5345,2,"k'ixb',",k'ixb',36
5346,0,E,e,36
5346,1,aj,aj,36
5346,2,"nim,",nim,36
5346,3,keuchaxik.,keuchaxik,36
5347,0,Maja,maja,36
5347,1,b'i,b'i,36
5347,2,k'u,k'u,36
5347,3,jab'ioq,jab'ioq,36
5347,4,"che',",che',36
5348,0,Ab'aj,ab'aj,36
5349,0,Chichajin,chichajin,36
5349,1,e,e,36
5349,2,qa,qa,36
5349,3,nab'e,nab'e,36
5349,4,"chuch,",chuch,36
5350,0,Qajaw.,qajaw,36
5351,0,E,e,36
5351,1,xa,xa,36
5351,2,k'u,k'u,36
5351,3,xkos,xkos,36
5351,4,ki,ki,36
5351,5,k'u'x,k'u'x,36
5351,6,chiri',chiri',36
5352,0,Chiroyob'exik,chiroyob'exik,36
5352,1,q'ij.,q'ij,36
5353,0,E,e,36
5353,1,k'i,k'i,36
5353,2,chik,chik,36
5353,3,ronojel,ronojel,36
5353,4,"amaq',",amaq',36
5354,0,Ruk',ruk',36
5354,1,Yaki,yaki,36
5354,2,"winaq,",winaq,36
5355,0,Aj,aj,36
5355,1,"k'ixb',",k'ixb',36
5356,0,Ah,ah,36
5356,1,k'ajb'.,k'ajb',36
5357,0,“Xa,xa,36
5357,1,"jo',",jo',36
5358,0,Oj,oj,36
5358,1,"qatzukuj,",qatzukuj,36
5359,0,Oj,oj,36
5359,1,pu,pu,36
5359,2,qila',qila',36
5360,0,We,we,36
5360,1,k'o,k'o,36
5360,2,chichajin,chichajin,36
5360,3,qe,qe,36
5360,4,ta,ta,36
5360,5,la'.,la',37
5361,0,Chiqariq,chiqariq,37
5361,1,ri,ri,37
5361,2,kojtzijon,kojtzijon,37
5361,3,ta,ta,37
5361,4,chuwach.,chuwach,37
5362,0,Xaqi,xaqi,37
5362,1,keje',keje',37
5362,2,oj,oj,37
5362,3,k'oli'k.,k'oli'k,37
5363,0,Maja,maja,37
5363,1,b'i,b'i,37
5363,2,chajal,chajal,37
5363,3,"qe,”",qe,37
5364,0,Xecha',xecha',37
5364,1,k'ut,k'ut,37
5364,2,e,e,37
5364,3,B'alam,b'alam,37
5364,4,"Kitze,",kitze,37
5365,0,B'alam,b'alam,37
5365,1,"Aq'ab',",aq'ab',37
5366,0,"Majukutaj,",majukutaj,37
5367,0,Ik'i,ik'i,37
5367,1,B'alam.,b'alam,37
5368,0,Xkita'o,xkita'o,37
5368,1,u,u,37
5368,2,tzijel,tzijel,37
5368,3,jun,jun,37
5368,4,"tinamit,",tinamit,37
5369,0,Xeb'e,xeb'e,37
5369,1,wi.,wi,37
5370,0,ARE',are',37
5370,1,k'ut,k'ut,37
5370,2,u,u,37
5370,3,b'i',b'i',37
5370,4,"juyub',",juyub',37
5371,0,Wa',wa',37
5371,1,xeb'e,xeb'e,37
5371,2,"wi,",wi,37
5372,0,B'alam,b'alam,37
5372,1,"Kitze,",kitze,37
5373,0,B'alam,b'alam,37
5373,1,"Aq'ab',",aq'ab',37
5374,0,"Majukutaj,",majukutaj,37
5375,0,Ik'i,ik'i,37
5375,1,"B'alam,",b'alam,37
5376,0,Ruk',ruk',37
5376,1,"Tamub',",tamub',37
5377,0,Ilokab'.,ilokab',37
5378,0,Tulan,tulan,37
5379,0,"Zuywa,",zuywa,37
5380,0,Wuqub',wuqub',37
5380,1,"Pek,",pek,37
5381,0,Wuqub',wuqub',37
5381,1,Siwan,siwan,37
5381,2,u,u,37
5381,3,b'i',b'i',37
5381,4,tinamit.,tinamit,37
5382,0,Xe'opon,xe'opon,37
5382,1,"wi,",wi,37
5383,0,E,e,37
5383,1,k'amol,k'amol,37
5383,2,re,re,37
5383,3,k'ab'awil.,k'ab'awil,37
5384,0,XE'OPON,xe'opon,37
5384,1,k'ut,k'ut,37
5384,2,chila',chila',37
5384,3,Tulan,tulan,37
5385,0,Konojel.,konojel,37
5386,0,Mawi,mawi,37
5386,1,ajilan,ajilan,37
5386,2,chi,chi,37
5386,3,winaq,winaq,37
5387,0,Xoponik.,xoponik,37
5388,0,Tzatz,tzatz,37
5388,1,k'ut,k'ut,37
5388,2,"chub'inik,",chub'inik,37
5389,0,Cholon,cholon,37
5389,1,k'ut,k'ut,37
5389,2,relik,relik,37
5389,3,uloq,uloq,37
5389,4,ki,ki,37
5389,5,k'ab'awil.,k'ab'awil,37
5390,0,Nab'e,nab'e,37
5390,1,ri,ri,37
5390,2,B'alam,b'alam,37
5390,3,"Kitze,",kitze,37
5391,0,B'alam,b'alam,37
5391,1,"Aq'ab',",aq'ab',37
5392,0,"Majukutaj,",majukutaj,37
5393,0,Ik'i,ik'i,37
5393,1,B'alam,b'alam,37
5393,2,keki'kotik.,keki'kotik,37
5394,0,“Are',are',37
5394,1,qa,qa,37
5394,2,"tzukum,",tzukum,37
5395,0,Wa',wa',37
5395,1,mi,mi,37
5395,2,"xqariqo,”",xqariqo,37
5395,3,xecha'.,xecha',37
5396,0,Are,are,37
5396,1,k'ut,k'ut,37
5396,2,nab'e,nab'e,37
5396,3,xel,xel,37
5396,4,ri,ri,37
5396,5,"Tojil,",tojil,37
5397,0,U,u,37
5397,1,b'i',b'i',37
5397,2,k'ab'awil,k'ab'awil,37
5398,0,Xekel,xekel,37
5398,1,u,u,37
5398,2,"ko'k,",ko'k,37
5399,0,Rikaxik,rikaxik,37
5399,1,rumal,rumal,37
5399,2,B'alam,b'alam,37
5399,3,Kitze.,kitze,37
5400,0,Xel,xel,37
5400,1,chi,chi,37
5400,2,k'u,k'u,37
5400,3,uloq,uloq,37
5400,4,"Awilix,",awilix,37
5401,0,U,u,37
5401,1,b'i',b'i',37
5401,2,k'ab'awil,k'ab'awil,37
5402,0,Ruk'aj,ruk'aj,37
5402,1,B'alam,b'alam,37
5402,2,Aq'ab'.,aq'ab',37
5403,0,Jaq'awitz,jaq'awitz,37
5403,1,"chik,",chik,37
5404,0,U,u,37
5404,1,b'i',b'i',37
5404,2,k'ab'awil,k'ab'awil,37
5405,0,Xuk'amo,xuk'amo,37
5405,1,Majukutaj.,majukutaj,37
5406,0,Nik'aqaj,nik'aqaj,37
5406,1,"Taq'aj,",taq'aj,37
5407,0,U,u,37
5407,1,b'i',b'i',37
5407,2,k'ab'awil,k'ab'awil,37
5408,0,Xuk'amo,xuk'amo,37
5408,1,Ik'i,ik'i,37
5408,2,B'alam.,b'alam,37
5409,0,Xere,xere,37
5409,1,k'ut,k'ut,37
5409,2,rach,rach,37
5409,3,K'iche',k'iche',37
5409,4,"winaq,",winaq,37
5410,0,Ri,ri,37
5410,1,xuk'am,xuk'am,37
5410,2,chi,chi,37
5410,3,k'ut,k'ut,37
5410,4,re,re,37
5410,5,Tamub'.,tamub',37
5411,0,Xawi,xawi,37
5411,1,xere,xere,37
5411,2,Tojil,tojil,37
5411,3,chi,chi,37
5411,4,"Tamub',",tamub',37
5412,0,K'o,k'o,37
5412,1,u,u,37
5412,2,b'i,b'i,37
5412,3,xk'amowik,xk'amowik,37
5413,0,U,u,37
5413,1,"mam,",mam,37
5414,0,U,u,37
5414,1,qajaw,qajaw,37
5414,2,"Tamub',",tamub',37
5415,0,"Ajawab',",ajawab',37
5416,0,Keta'm,keta'm,37
5416,1,k'ut,k'ut,37
5416,2,wakamik.,wakamik,37
5417,0,Rox,rox,37
5417,1,chi,chi,37
5417,2,k'ut,k'ut,37
5417,3,Ilokab',ilokab',37
5417,4,xawi,xawi,37
5417,5,Tojil.,tojil,37
5418,0,U,u,37
5418,1,b'i',b'i',37
5418,2,k'ab'awil,k'ab'awil,37
5418,3,xuk'amo,xuk'amo,37
5419,0,Ki,ki,37
5419,1,"mam,",mam,37
5420,0,Ki,ki,37
5420,1,"qajaw,",qajaw,37
5421,0,"Ajawab',",ajawab',37
5422,0,Xawi,xawi,37
5422,1,keta'm,keta'm,37
5422,2,wakamik.,wakamik,37
5423,0,KEJE',keje',37
5423,1,k'ut,k'ut,37
5423,2,u,u,37
5423,3,b'i'nam,b'i'nam,37
5423,4,wi,wi,37
5423,5,oxib',oxib',37
5423,6,chi,chi,37
5423,7,"K'iche',",k'iche',37
5424,0,Xma,xma,37
5424,1,xutzoqopij,xutzoqopij,37
5424,2,wi,wi,37
5424,3,"rib',",rib',37
5425,0,Rumal,rumal,37
5425,1,xa,xa,37
5425,2,junam,junam,37
5425,3,u,u,37
5425,4,b'i',b'i',37
5425,5,k'ab'awil,k'ab'awil,37
5426,0,Tojil,tojil,37
5426,1,"K'iche',",k'iche',37
5427,0,Tojil,tojil,37
5427,1,chi,chi,37
5427,2,"Tamub',",tamub',37
5428,0,Chi,chi,37
5428,1,Ilokab'.,ilokab',37
5429,0,Xa,xa,37
5429,1,jun,jun,37
5429,2,u,u,37
5429,3,b'i',b'i',37
5429,4,u,u,37
5429,5,k'ab'awil,k'ab'awil,37
5429,6,"ke,",ke,37
5430,0,K'u,k'u,37
5430,1,mawi,mawi,37
5430,2,xujach,xujach,37
5430,3,wi,wi,37
5430,4,rib',rib',37
5431,0,Rox,rox,37
5431,1,ichal,ichal,37
5431,2,K'iche'.,k'iche',37
5432,0,Oxib',oxib',37
5432,1,ri',ri',37
5432,2,qitzij,qitzij,37
5432,3,nima'q,nima'q,37
5432,4,ki,ki,37
5432,5,k'oje'ik:,k'oje'ik,37
5433,0,"Tojil,",tojil,37
5434,0,"Awilix,",awilix,37
5435,0,Jaq'awitz.,jaq'awitz,37
5436,0,Ta,ta,37
5436,1,xok,xok,37
5436,2,chi,chi,37
5436,3,k'ut,k'ut,37
5436,4,ronojel,ronojel,37
5436,5,amaq':,amaq',37
5437,0,"Rab'inaleb',",rab'inaleb',37
5438,0,"Kaqchekeleb',",kaqchekeleb',37
5439,0,Aj,aj,37
5439,1,Tz'ikina,tz'ikina,37
5439,2,"Ja,",ja,37
5440,0,Ruk',ruk',37
5440,1,Yaki,yaki,37
5440,2,"winaq,",winaq,37
5441,0,U,u,37
5441,1,b'i',b'i',37
5441,2,wakamik.,wakamik,37
5443,0,Jalajoj,jalajoj,37
5443,1,ki,ki,37
5443,2,ch'ab'al,ch'ab'al,37
5443,3,xuxik.,xuxik,37
5444,0,Mawi,mawi,37
5444,1,q'alaj,q'alaj,37
5444,2,chik,chik,37
5445,0,Xkita'o,xkita'o,37
5445,1,chi,chi,37
5445,2,kib'il,kib'il,37
5445,3,kib',kib',37
5446,0,Ta,ta,37
5446,1,xepetik,xepetik,37
5446,2,chi,chi,37
5446,3,Tulan.,tulan,37
5447,0,Chiri',chiri',37
5447,1,k'ut,k'ut,37
5447,2,xkipaxij,xkipaxij,37
5447,3,wi,wi,37
5447,4,kib'.,kib',37
5448,0,K'o,k'o,37
5448,1,xb'e,xb'e,37
5448,2,chila',chila',37
5448,3,releb'al,releb'al,37
5448,4,"q'ij,",q'ij,37
5449,0,Tzatz,tzatz,37
5449,1,k'u,k'u,37
5449,2,ri',ri',37
5449,3,xpe,xpe,37
5449,4,waral.,waral,37
5450,0,Xa,xa,37
5450,1,k'u,k'u,37
5450,2,jumaj,jumaj,37
5450,3,tz'um,tz'um,37
5450,4,ki,ki,37
5450,5,q'u'.,q'u',37
5451,0,Maja,maja,37
5451,1,b'i,b'i,37
5451,2,ri,ri,37
5451,3,utzilaj,utzilaj,37
5451,4,taq,taq,37
5451,5,q'u'l,q'u'l,37
5451,6,taj.,taj,37
5452,0,Ki,ki,37
5452,1,kojom,kojom,37
5452,2,xa,xa,37
5452,3,u,u,37
5452,4,tz'umal,tz'umal,37
5452,5,chikop.,chikop,37
5453,0,Ki,ki,37
5453,1,kawub'al,kawub'al,37
5453,2,e,e,37
5453,3,meb'a.,meb'a,37
5454,0,Maja,maja,37
5454,1,b'i,b'i,37
5454,2,kech.,kech,37
5455,0,Xa,xa,37
5455,1,e,e,37
5455,2,nawal,nawal,37
5455,3,winaq,winaq,37
5455,4,chi,chi,37
5455,5,ki,ki,37
5455,6,k'oje'ik,k'oje'ik,37
5456,0,Ta,ta,37
5456,1,xepe,xepe,37
5456,2,chila',chila',37
5456,3,Tulan,tulan,37
5457,0,"Suywa,",suywa,37
5458,0,Wuqub',wuqub',37
5458,1,"Pek,",pek,37
5459,0,Wuqub',wuqub',37
5459,1,"Siwan,",siwan,37
5460,0,Cha',cha',37
5461,0,Chupan,chupan,37
5461,1,ojer,ojer,37
5461,2,tzij.,tzij,37
5462,0,Tzatz,tzatz,37
5462,1,"chub'inik,",chub'inik,37
5463,0,Xopon,xopon,37
5463,1,chi,chi,37
5463,2,Tulan.,tulan,37
5464,0,Ma,ma,37
5464,1,k'u,k'u,37
5464,2,ja,ja,37
5464,3,b'i,b'i,37
5464,4,q'aq'.,q'aq',37
5465,0,Xaqi,xaqi,37
5465,1,e,e,37
5465,2,k'o,k'o,37
5465,3,ri,ri,37
5465,4,Tojil.,tojil,37
5466,0,Are',are',37
5466,1,k'u,k'u,37
5466,2,ri,ri,37
5466,3,u,u,37
5466,4,k'ab'awil,k'ab'awil,37
5466,5,amaq',amaq',37
5467,0,Nab'e,nab'e,37
5467,1,xwinaqir,xwinaqir,37
5467,2,u,u,37
5467,3,q'aq'.,q'aq',37
5468,0,Mawi,mawi,37
5468,1,q'alaj,q'alaj,37
5468,2,u,u,37
5468,3,winaqirik.,winaqirik,37
5469,0,Kanikow,kanikow,37
5469,1,chik,chik,37
5469,2,ki,ki,37
5469,3,q'aq',q'aq',37
5470,0,Ta,ta,37
5470,1,xkil,xkil,37
5470,2,ri,ri,37
5470,3,B'alam,b'alam,37
5470,4,"Kitze,",kitze,37
5471,0,B'alam,b'alam,37
5471,1,Aq'ab'.,aq'ab',37
5472,0,"“Akarok,",akarok,37
5472,1,maja,maja,37
5472,2,b'i,b'i,37
5472,3,qa,qa,37
5472,4,q'aq',q'aq',37
5472,5,mi,mi,37
5472,6,"xuxik,",xuxik,37
5473,0,Xkojkam,xkojkam,37
5473,1,rumal,rumal,37
5473,2,"tew,”",tew,37
5474,0,Xecha',xecha',37
5474,1,k'ut.,k'ut,37
5475,0,Ta,ta,37
5475,1,xch'aw,xch'aw,37
5475,2,k'ut,k'ut,37
5475,3,ri,ri,37
5475,4,Tojil:,tojil,37
5476,0,“Mixb'isonik.,mixb'isonik,37
5477,0,K'o,k'o,37
5477,1,iwech,iwech,37
5478,0,Chisach,chisach,37
5478,1,ri,ri,37
5478,2,q'aq'.,q'aq',37
5479,0,"Kib'ij,”",kib'ij,37
5479,1,xcha',xcha',37
5479,2,k'ut,k'ut,37
5479,3,Tojil,tojil,37
5479,4,chike.,chike,37
5480,0,“Ma,ma,37
5480,1,qitzij,qitzij,37
5480,2,at,at,37
5480,3,k'ab'awil?,k'ab'awil,37
5481,0,At,at,37
5481,1,qa,qa,37
5481,2,tzuquj.,tzuquj,37
5482,0,At,at,37
5482,1,pu,pu,37
5482,2,qa,qa,37
5482,3,ko'on.,ko'on,37
5483,0,At,at,37
5483,1,qa,qa,37
5483,2,k'ab'awil.”,k'ab'awil,37
5484,0,Xecha',xecha',37
5484,1,chire,chire,37
5484,2,ta,ta,37
5484,3,xkik'amowaj,xkik'amowaj,37
5484,4,ri'.,ri',37
5485,0,Xub'ij,xub'ij,37
5485,1,Tojil:,tojil,37
5486,0,“Utz,utz,37
5486,1,b'a,b'a,37
5486,2,"la',",la',37
5487,0,Qitzij,qitzij,37
5487,1,in,in,37
5487,2,i,i,37
5487,3,"k'ab'awil,",k'ab'awil,37
5488,0,Ta,ta,37
5488,1,chuxoq.,chuxoq,37
5489,0,In,in,37
5489,1,"iwajawal,",iwajawal,37
5490,0,Ta,ta,37
5490,1,"chuxoq,”",chuxoq,37
5491,0,Xe'uchaxik,xe'uchaxik,37
5491,1,ri,ri,37
5491,2,aj,aj,37
5491,3,"k'ixb',",k'ixb',37
5492,0,Aj,aj,37
5492,1,k'ajb',k'ajb',37
5492,2,rumal,rumal,37
5492,3,Tojil.,tojil,37
5493,0,Are',are',37
5493,1,k'ut,k'ut,37
5493,2,ki,ki,37
5493,3,q'aq'al,q'aq'al,37
5493,4,ri,ri,37
5493,5,amaq'.,amaq',37
5494,0,Keki'kotik,keki'kotik,37
5494,1,rumal,rumal,37
5494,2,ki,ki,37
5494,3,q'aq'.,q'aq',37
5495,0,K'ATE,k'ate,37
5495,1,puch,puch,37
5495,2,ta,ta,37
5495,3,xtikarik,xtikarik,37
5495,4,nima,nima,37
5495,5,jab',jab',37
5496,0,Are,are,37
5496,1,katilo,katilo,37
5496,2,u,u,37
5496,3,q'aq',q'aq',37
5496,4,amaq'.,amaq',37
5497,0,Tzatz,tzatz,37
5497,1,k'ut,k'ut,37
5497,2,chi,chi,37
5497,3,saqb'och,saqb'och,37
5497,4,xqajik,xqajik,37
5497,5,pakiwi',pakiwi',37
5497,6,ronojel,ronojel,37
5497,7,amaq'.,amaq',37
5498,0,Ta,ta,37
5498,1,xchup,xchup,37
5498,2,k'ut,k'ut,37
5498,3,ki,ki,37
5498,4,q'aq',q'aq',37
5498,5,rumal,rumal,37
5498,6,saqb'och.,saqb'och,37
5499,0,Maja,maja,37
5499,1,b'i,b'i,37
5499,2,chik,chik,37
5499,3,ki,ki,37
5499,4,q'aq',q'aq',37
5499,5,xuxik.,xuxik,37
5500,0,Ta,ta,37
5500,1,xkitz'onoj,xkitz'onoj,37
5500,2,chi,chi,37
5500,3,k'ut,k'ut,37
5500,4,ki,ki,37
5500,5,q'aq',q'aq',37
5501,0,Ri,ri,38
5501,1,B'alam,b'alam,38
5501,2,"Kitze,",kitze,38
5502,0,B'alam,b'alam,38
5502,1,Aq'ab':,aq'ab',38
5503,0,“At,at,38
5503,1,"Tojil,",tojil,38
5504,0,Qitzij,qitzij,38
5504,1,kojutzinik,kojutzinik,38
5504,2,rumal,rumal,38
5504,3,"tew,”",tew,38
5505,0,Xecha',xecha',38
5505,1,k'ut,k'ut,38
5505,2,chire,chire,38
5505,3,Tojil.,tojil,38
5506,0,"“Utz,",utz,38
5506,1,"mixb'isonik,”",mixb'isonik,38
5506,2,xcha',xcha',38
5506,3,Tojil.,tojil,38
5507,0,K'ate,k'ate,38
5507,1,ta,ta,38
5507,2,xrelesaj,xrelesaj,38
5507,3,"q'aq',",q'aq',38
5508,0,Xub'ak,xub'ak,38
5508,1,uloq,uloq,38
5508,2,chupan,chupan,38
5508,3,u,u,38
5508,4,xajab'.,xajab',38
5509,0,K'ate,k'ate,38
5509,1,k'ut,k'ut,38
5509,2,xeki'kot,xeki'kot,38
5510,0,Ri,ri,38
5510,1,B'alam,b'alam,38
5510,2,"Kitze,",kitze,38
5511,0,B'alam,b'alam,38
5511,1,"Aq'ab',",aq'ab',38
5512,0,"Majukutaj,",majukutaj,38
5513,0,Ik'i,ik'i,38
5513,1,B'alam.,b'alam,38
5514,0,K'ate,k'ate,38
5514,1,k'ut,k'ut,38
5514,2,xemiq'ik.,xemiq'ik,38
5515,0,Are,are,38
5515,1,k'ut,k'ut,38
5515,2,chupinaq,chupinaq,38
5515,3,chik,chik,38
5515,4,u,u,38
5515,5,q'aq',q'aq',38
5515,6,amaq',amaq',38
5516,0,Ke'utzin,ke'utzin,38
5516,1,chik,chik,38
5516,2,rumal,rumal,38
5516,3,tew.,tew,38
5517,0,K'ate,k'ate,38
5517,1,pu,pu,38
5517,2,ki,ki,38
5517,3,petik,petik,38
5517,4,chik,chik,38
5518,0,E,e,38
5518,1,tz'onoy,tz'onoy,38
5518,2,ki,ki,38
5518,3,q'aq',q'aq',38
5519,0,Kuk',kuk',38
5519,1,ri,ri,38
5519,2,B'alam,b'alam,38
5519,3,"Kitze,",kitze,38
5520,0,B'alam,b'alam,38
5520,1,"Aq'ab',",aq'ab',38
5521,0,"Majukutaj,",majukutaj,38
5522,0,Ik'i,ik'i,38
5522,1,B'alam.,b'alam,38
5523,0,Ma,ma,38
5523,1,k'u,k'u,38
5523,2,kakich'ij,kakich'ij,38
5523,3,chik,chik,38
5523,4,rumal,rumal,38
5523,5,"tew,",tew,38
5524,0,Saqb'och.,saqb'och,38
5525,0,Xa,xa,38
5525,1,kelexlot,kelexlot,38
5525,2,"chik,",chik,38
5526,0,Kesisot,kesisot,38
5526,1,chi,chi,38
5526,2,"puch,",puch,38
5527,0,Maja,maja,38
5527,1,b'i,b'i,38
5527,2,e,e,38
5527,3,k'as,k'as,38
5527,4,chi,chi,38
5527,5,"wi',",wi',38
5528,0,Kakoykot,kakoykot,38
5528,1,chik,chik,38
5529,0,"Kaqan,",kaqan,38
5530,0,Ki,ki,38
5530,1,q'ab'.,q'ab',38
5531,0,Mawi,mawi,38
5531,1,kechapon,kechapon,38
5531,2,"chik,",chik,38
5532,0,Ta,ta,38
5532,1,xe'ulik.,xe'ulik,38
5533,0,“Ma,ma,38
5533,1,qi,qi,38
5533,2,kojk'ix,kojk'ix,38
5533,3,na,na,38
5533,4,"iwuk',",iwuk',38
5534,0,Chiqatz'onoj,chiqatz'onoj,38
5534,1,ta,ta,38
5534,2,u,u,38
5534,3,koq',koq',38
5534,4,sqaqi'n,sqaqi'n,38
5534,5,i,i,38
5534,6,"q'aq',”",q'aq',38
5535,0,Xecha',xecha',38
5535,1,ta,ta,38
5535,2,xe'ulik;,xe'ulik,38
5536,0,Ma,ma,38
5536,1,k'u,k'u,38
5536,2,ja,ja,38
5536,3,b'i,b'i,38
5536,4,xek'ulaxik.,xek'ulaxik,38
5537,0,Ta,ta,38
5537,1,xk'oqon,xk'oqon,38
5537,2,k'u,k'u,38
5537,3,ki,ki,38
5537,4,k'u'x,k'u'x,38
5537,5,ri,ri,38
5537,6,amaq'.,amaq',38
5538,0,Jalan,jalan,38
5538,1,chik,chik,38
5538,2,ki,ki,38
5538,3,ch'ab'al,ch'ab'al,38
5539,0,Ri,ri,38
5539,1,B'alam,b'alam,38
5539,2,"Kitze,",kitze,38
5540,0,B'alam,b'alam,38
5540,1,"Aq'ab',",aq'ab',38
5541,0,"Majukutaj,",majukutaj,38
5542,0,Ik'i,ik'i,38
5542,1,B'alam.,b'alam,38
5543,0,"“Akarok,",akarok,38
5543,1,a,a,38
5543,2,xkanaj,xkanaj,38
5543,3,wi,wi,38
5543,4,qa,qa,38
5543,5,ch'ab'al?,ch'ab'al,38
5544,0,Jupacha,jupacha,38
5544,1,xqab'ano?,xqab'ano,38
5545,0,Mi,mi,38
5545,1,xojsachik.,xojsachik,38
5546,0,Apa,apa,38
5546,1,xojk'axtok'ax,xojk'axtok'ax,38
5546,2,wi?,wi,38
5547,0,Xa,xa,38
5547,1,jun,jun,38
5547,2,qa,qa,38
5547,3,ch'ab'al,ch'ab'al,38
5548,0,Ta,ta,38
5548,1,xojpe,xojpe,38
5548,2,chila',chila',38
5548,3,Tulan.,tulan,38
5549,0,Xa,xa,38
5549,1,pu,pu,38
5549,2,jun,jun,38
5549,3,qa,qa,38
5549,4,"tz'ukib'al,",tz'ukib'al,38
5550,0,Qa,qa,38
5550,1,winaqirib'al.,winaqirib'al,38
5551,0,Mawi,mawi,38
5551,1,utz,utz,38
5551,2,"xqab'ano,”",xqab'ano,38
5552,0,Xecha',xecha',38
5552,1,k'ut,k'ut,38
5552,2,konojel,konojel,38
5552,3,amaq',amaq',38
5553,0,Xe',xe',38
5553,1,"che',",che',38
5554,0,Xe',xe',38
5554,1,k'a'am.,k'a'am,38
5555,0,Ta,ta,38
5555,1,xuk'ut,xuk'ut,38
5555,2,k'u,k'u,38
5555,3,rib',rib',38
5556,0,Jun,jun,38
5556,1,winaq,winaq,38
5557,0,[Demonium,demonium,38
5557,1,loquens,loquens,38
5557,2,cis],cis,38
5558,0,Chikiwach,chikiwach,38
5558,1,ri,ri,38
5558,2,B'alam,b'alam,38
5558,3,"Kitze,",kitze,38
5559,0,B'alam,b'alam,38
5559,1,"Aq'ab',",aq'ab',38
5560,0,"Majukutaj,",majukutaj,38
5561,0,Ik'i,ik'i,38
5561,1,B'alam.,b'alam,38
5562,0,Xcha',xcha',38
5562,1,k'u,k'u,38
5563,0,Ri,ri,38
5563,1,u,u,38
5563,2,samajel,samajel,38
5563,3,Xib'alb'a:,xib'alb'a,38
5564,0,“Qitzij,qitzij,38
5564,1,chi,chi,38
5564,2,are',are',38
5564,3,i,i,38
5564,4,k'ab'awil,k'ab'awil,38
5564,5,ri'.,ri',38
5565,0,Are',are',38
5565,1,i,i,38
5565,2,tzuqun.,tzuqun,38
5566,0,Are',are',38
5566,1,pu,pu,38
5566,2,u,u,38
5566,3,"k'exwach,",k'exwach,38
5567,0,Na'tab'al,na'tab'al,38
5567,1,"re,",re,38
5568,0,Tz'aqol,tz'aqol,38
5568,1,"iwe,",iwe,38
5569,0,B'itol,b'itol,38
5569,1,pu,pu,38
5569,2,iwe.,iwe,38
5570,0,Miya',miya',38
5570,1,k'u,k'u,38
5570,2,ki,ki,38
5570,3,q'aq',q'aq',38
5570,4,ri,ri,38
5570,5,amaq',amaq',38
5571,0,K'u,k'u,38
5571,1,na,na,38
5571,2,chikiya'o,chikiya'o,38
5571,3,chire,chire,38
5571,4,Tojil.,tojil,38
5572,0,Miajawaj,miajawaj,38
5572,1,chikiya',chikiya',38
5572,2,chiwe.,chiwe,38
5573,0,Chitz'onoj,chitz'onoj,38
5573,1,na,na,38
5573,2,chirech,chirech,38
5573,3,Tojil,tojil,38
5573,4,chire,chire,38
5573,5,"na,",na,38
5574,0,Chipe,chipe,38
5574,1,wi,wi,38
5575,0,"Chikiya'o,",chikiya'o,38
5576,0,K'amb'al,k'amb'al,38
5576,1,"q'aq',”",q'aq',38
5577,0,Xcha',xcha',38
5577,1,ri,ri,38
5577,2,Xib'alb'a.,xib'alb'a,38
5578,0,K'o,k'o,38
5578,1,u,u,38
5578,2,xik',xik',38
5579,0,Keje',keje',38
5579,1,ri',ri',38
5579,2,u,u,38
5579,3,xik',xik',38
5579,4,sotz'.,sotz',38
5580,0,“In,in,38
5580,1,samajel,samajel,38
5580,2,kumal,kumal,38
5580,3,Tz'aqol,tz'aqol,38
5580,4,"iwe,",iwe,38
5581,0,B'itol,b'itol,38
5581,1,"iwe,”",iwe,38
5581,2,xcha',xcha',38
5581,3,k'u,k'u,38
5581,4,ri,ri,38
5581,5,Xib'alb'a.,xib'alb'a,38
5582,0,Xeki'kot,xeki'kot,38
5582,1,chi,chi,38
5582,2,"k'ut,",k'ut,38
5583,0,Xnimar,xnimar,38
5583,1,chik,chik,38
5583,2,chi,chi,38
5583,3,ki,ki,38
5583,4,k'u'x,k'u'x,38
5584,0,Ri,ri,38
5584,1,"Tojil,",tojil,38
5585,0,"Awilix,",awilix,38
5586,0,"Jaq'awitz,",jaq'awitz,38
5586,1,ta,ta,38
5586,2,xch'aw,xch'aw,38
5586,3,ri,ri,38
5586,4,Xib'alb'a.,xib'alb'a,38
5588,0,Mawi,mawi,38
5588,1,xma'inik.,xma'inik,38
5589,0,Ta,ta,38
5589,1,xe'ul,xe'ul,38
5589,2,chi,chi,38
5589,3,k'ut,k'ut,38
5590,0,Ri,ri,38
5590,1,amaq'.,amaq',38
5591,0,Ke'utzin,ke'utzin,38
5591,1,chik,chik,38
5591,2,rumal,rumal,38
5591,3,"tew,",tew,38
5592,0,Tzatz,tzatz,38
5592,1,chi,chi,38
5592,2,"saqb'och,",saqb'och,38
5593,0,Chi,chi,38
5593,1,q'eqal,q'eqal,38
5593,2,"jab',",jab',38
5594,0,Saqb'oqom,saqb'oqom,38
5594,1,"puch,",puch,38
5595,0,Mawi,mawi,38
5595,1,ajilan,ajilan,38
5595,2,tew.,tew,38
5596,0,"Kakik'u'lu,",kakik'u'lu,38
5597,0,"Keluklutik,",keluklutik,38
5598,0,Kechakchot,kechakchot,38
5598,1,"chik,",chik,38
5599,0,Rumal,rumal,38
5599,1,tew,tew,38
5600,0,Ronojel,ronojel,38
5600,1,amaq'.,amaq',38
5601,0,Ta,ta,38
5601,1,xe'ul,xe'ul,38
5601,2,chiri',chiri',38
5602,0,E,e,38
5602,1,k'o,k'o,38
5602,2,wi,wi,38
5603,0,B'alam,b'alam,38
5603,1,"Kitze,",kitze,38
5604,0,B'alam,b'alam,38
5604,1,"Aq'ab',",aq'ab',38
5605,0,"Majukutaj,",majukutaj,38
5606,0,Ik'i,ik'i,38
5606,1,B'alam.,b'alam,38
5607,0,Nim,nim,38
5607,1,u,u,38
5607,2,q'atat,q'atat,38
5608,0,Ki,ki,38
5608,1,k'u'x.,k'u'x,38
5609,0,Chikimaj,chikimaj,38
5609,1,ki,ki,38
5609,2,"chi',",chi',38
5610,0,Chikimaj,chikimaj,38
5610,1,ki,ki,38
5610,2,wach.,wach,38
5611,0,K'ATE,k'ate,38
5611,1,puch,puch,38
5611,2,kulik,kulik,38
5611,3,chik,chik,38
5612,0,E,e,38
5612,1,eleq'om,eleq'om,38
5613,0,Chikiwach,chikiwach,38
5613,1,B'alam,b'alam,38
5613,2,"Kitze,",kitze,38
5614,0,B'alam,b'alam,38
5614,1,"Aq'ab',",aq'ab',38
5615,0,"Majukutaj,",majukutaj,38
5616,0,Ik'i,ik'i,38
5616,1,B'alam.,b'alam,38
5617,0,“Ma,ma,38
5617,1,qi,qi,38
5617,2,chitoq'ob'aj,chitoq'ob'aj,38
5617,3,qa,qa,38
5617,4,wach?,wach,38
5618,0,Chiqatz'onoj,chiqatz'onoj,38
5618,1,ta,ta,38
5618,2,u,u,38
5618,3,koq,koq,38
5618,4,sqaqi'n,sqaqi'n,38
5618,5,i,i,38
5618,6,q'aq'.,q'aq',38
5619,0,Mawi,mawi,38
5619,1,"xuk'ulu,",xuk'ulu,38
5620,0,Ma,ma,38
5620,1,pu,pu,38
5620,2,xuriqo.,xuriqo,38
5621,0,Ma,ma,38
5621,1,pu,pu,38
5621,2,xa,xa,38
5621,3,jun,jun,38
5621,4,qochoch?,qochoch,38
5622,0,Xa,xa,38
5622,1,pu,pu,38
5622,2,jun,jun,38
5622,3,qa,qa,38
5622,4,juyub'al,juyub'al,38
5623,0,Ta,ta,38
5623,1,"xixtz'aqik,",xixtz'aqik,38
5624,0,Ta,ta,38
5624,1,xixb'itik.,xixb'itik,38
5625,0,Chitoq'ob'aj,chitoq'ob'aj,38
5625,1,ta,ta,38
5625,2,k'u,k'u,38
5625,3,qa,qa,38
5625,4,"wach,”",wach,38
5626,0,Xecha',xecha',38
5626,1,k'ut.,k'ut,38
5627,0,“Naqi,naqi,38
5627,1,la',la',38
5627,2,k'u,k'u,38
5627,3,chikuya'o,chikuya'o,38
5627,4,chiqe,chiqe,38
5628,0,Chiqatoq'ob'aj,chiqatoq'ob'aj,38
5628,1,k'u,k'u,38
5628,2,i,i,38
5628,3,wach?”,wach,38
5628,4,xe'uchax,xe'uchax,38
5628,5,k'ut.,k'ut,38
5629,0,"“Utz,",utz,38
5629,1,chiqaya',chiqaya',38
5629,2,puwaq,puwaq,38
5629,3,"chiwe,”",chiwe,38
5630,0,Xecha',xecha',38
5630,1,k'u,k'u,38
5630,2,ri,ri,38
5630,3,amaq'.,amaq',38
5631,0,“Mawi,mawi,38
5631,1,kaqaj,kaqaj,38
5631,2,ri,ri,38
5631,3,"puwaq,”",puwaq,38
5632,0,Xecha',xecha',38
5632,1,k'ut,k'ut,38
5633,0,B'alam,b'alam,38
5633,1,"Kitze,",kitze,38
5634,0,B'alam,b'alam,38
5634,1,Aq'ab'.,aq'ab',38
5635,0,“Naqi,naqi,38
5635,1,pa,pa,38
5635,2,qi,qi,38
5635,3,chiwaj?,chiwaj,38
5636,0,Xa,xa,38
5636,1,ta,ta,38
5636,2,b'a,b'a,38
5636,3,"chiqatz'onoj,”",chiqatz'onoj,38
5636,4,xecha',xecha',38
5636,5,k'ut,k'ut,38
5636,6,ri,ri,38
5636,7,amaq'.,amaq',38
5637,0,“Utz,utz,38
5637,1,b'a,b'a,38
5637,2,"la',",la',38
5637,3,qatz'onoj,qatz'onoj,38
5637,4,na,na,38
5637,5,chirech,chirech,38
5637,6,"Tojil,",tojil,38
5639,0,K'ate,k'ate,38
5639,1,puch,puch,38
5639,2,xkitz'onoj,xkitz'onoj,38
5639,3,chire,chire,38
5639,4,Tojil:,tojil,38
5640,0,“Naqi,naqi,38
5640,1,pa,pa,38
5640,2,chikiya',chikiya',38
5640,3,ri,ri,38
5640,4,"amaq',",amaq',38
5640,5,at,at,38
5640,6,Tojil?,tojil,38
5641,0,Kul,kul,38
5642,0,Kitz'onoj,kitz'onoj,38
5642,1,ri,ri,38
5642,2,a,a,38
5642,3,"q'aq',”",q'aq',38
5643,0,Xecha',xecha',38
5643,1,k'u,k'u,38
5643,2,ri,ri,38
5643,3,B'alam,b'alam,38
5643,4,"Kitze,",kitze,38
5644,0,B'alam,b'alam,38
5644,1,"Aq'ab',",aq'ab',38
5645,0,"Majukutaj,",majukutaj,38
5646,0,Ik'i,ik'i,38
5646,1,B'alam.,b'alam,38
5647,0,“Utz,utz,38
5647,1,b'a,b'a,38
5647,2,"la',",la',38
5647,3,ma,ma,38
5647,4,chikaj,chikaj,38
5648,0,Ki,ki,38
5648,1,tu'nik,tu'nik,38
5649,0,Xe',xe',38
5649,1,ki,ki,38
5649,2,"tolok',",tolok',38
5650,0,Xe',xe',38
5650,1,pu,pu,38
5650,2,ki,ki,38
5650,3,meskel?,meskel,38
5651,0,Ma,ma,38
5651,1,karajon,karajon,38
5651,2,ki,ki,38
5651,3,k'u'x,k'u'x,38
5651,4,"kinkiq'aluj,",kinkiq'aluj,38
5652,0,Ri,ri,38
5652,1,in,in,38
5652,2,Tojil?,tojil,38
5653,0,Ta,ta,39
5653,1,ma,ma,39
5653,2,k'u,k'u,39
5653,3,"chiraj,",chiraj,39
5654,0,Ma,ma,39
5654,1,k'u,k'u,39
5654,2,chinya',chinya',39
5654,3,ki,ki,39
5654,4,"q'aq',",q'aq',39
5655,0,Kacha',kacha',39
5655,1,"Tojil,",tojil,39
5656,0,Kicha',kicha',39
5656,1,chike.,chike,39
5657,0,‘Katikal,katikal,39
5657,1,na,na,39
5657,2,"k'ut,",k'ut,39
5658,0,Ma,ma,39
5658,1,na,na,39
5658,2,kamik,kamik,39
5658,3,taj,taj,39
5658,4,xkitu'nik,xkitu'nik,39
5659,0,Xe',xe',39
5659,1,ki,ki,39
5659,2,"tolok',",tolok',39
5660,0,Ki,ki,39
5660,1,meskel.,meskel,39
5661,0,Kacha',kacha',39
5661,1,"chiwech,’",chiwech,39
5662,0,"Kixcha',”",kixcha',39
5663,0,Xe'uchax,xe'uchax,39
5663,1,k'ut,k'ut,39
5663,2,B'alam,b'alam,39
5663,3,"Kitze,",kitze,39
5664,0,B'alam,b'alam,39
5664,1,"Aq'ab',",aq'ab',39
5665,0,"Majukutaj,",majukutaj,39
5666,0,Ik'i,ik'i,39
5666,1,B'alam.,b'alam,39
5667,0,Ta,ta,39
5667,1,xkib'ij,xkib'ij,39
5667,2,k'ut,k'ut,39
5668,0,U,u,39
5668,1,tzij,tzij,39
5668,2,Tojil.,tojil,39
5669,0,“Utz,utz,39
5669,1,b'a,b'a,39
5669,2,"la',",la',39
5669,3,"chitu'nik,",chitu'nik,39
5670,0,Utz,utz,39
5670,1,puch,puch,39
5670,2,"chiqaq'aluj,”",chiqaq'aluj,39
5670,3,xecha',xecha',39
5670,4,k'ut.,k'ut,39
5671,0,Ta,ta,39
5671,1,"xkichokob'ej,",xkichokob'ej,39
5672,0,Xkik'ulub'a',xkik'ulub'a',39
5672,1,puch,puch,39
5672,2,u,u,39
5672,3,tzij,tzij,39
5672,4,Tojil.,tojil,39
5673,0,Mawi,mawi,39
5673,1,xkik'iyalaj,xkik'iyalaj,39
5673,2,chik.,chik,39
5674,0,"“Utz,”",utz,39
5674,1,xa,xa,39
5674,2,ju,ju,39
5674,3,suk',suk',39
5674,4,xecha'.,xecha',39
5675,0,Ta,ta,39
5675,1,xkik'am,xkik'am,39
5675,2,k'ut,k'ut,39
5675,3,"q'aq',",q'aq',39
5676,0,K'ate,k'ate,39
5676,1,xemiq'ik.,xemiq'ik,39
5677,0,Xa,xa,39
5677,1,k'u,k'u,39
5677,2,ju,ju,39
5677,3,ch'ob',ch'ob',39
5678,0,Ri',ri',39
5678,1,xa,xa,39
5678,2,xreleq'aj,xreleq'aj,39
5678,3,ub'ik,ub'ik,39
5678,4,q'aq',q'aq',39
5678,5,pa,pa,39
5678,6,sib'.,sib',39
5679,0,Are',are',39
5679,1,ri,ri,39
5679,2,Sotz'ila,sotz'ila,39
5679,3,Ja.,ja,39
5680,0,Chamal,chamal,39
5680,1,Qan,qan,39
5680,2,u,u,39
5680,3,b'i',b'i',39
5680,4,ki,ki,39
5680,5,"k'ab'awil,",k'ab'awil,39
5681,0,Kaqchekeleb'.,kaqchekeleb',39
5682,0,Xa,xa,39
5682,1,sotz',sotz',39
5682,2,u,u,39
5682,3,wachib'al.,wachib'al,39
5683,0,Ta,ta,39
5683,1,xe'ik'o,xe'ik'o,39
5683,2,pa,pa,39
5683,3,sib'.,sib',39
5684,0,Chilib'lotik,chilib'lotik,39
5684,1,xe'ik'owik,xe'ik'owik,39
5685,0,Ta,ta,39
5685,1,xul,xul,39
5685,2,u,u,39
5685,3,k'ama',k'ama',39
5685,4,q'aq'.,q'aq',39
5686,0,Mawi,mawi,39
5686,1,xutz'onoj,xutz'onoj,39
5686,2,u,u,39
5686,3,q'aq',q'aq',39
5686,4,ri,ri,39
5686,5,Kaqchekeleb',kaqchekeleb',39
5687,0,Mawi,mawi,39
5687,1,xuya',xuya',39
5687,2,rib',rib',39
5687,3,chi,chi,39
5687,4,ch'akik.,ch'akik,39
5688,0,Xere,xere,39
5688,1,xch'akajataj,xch'akajataj,39
5688,2,ri,ri,39
5688,3,amaq',amaq',39
5688,4,ronojel,ronojel,39
5689,0,Ta,ta,39
5689,1,xuya'o,xuya'o,39
5689,2,u,u,39
5689,3,xe',xe',39
5689,4,u,u,39
5689,5,"tolok',",tolok',39
5690,0,U,u,39
5690,1,xe',xe',39
5690,2,u,u,39
5690,3,meskel,meskel,39
5691,0,Chi,chi,39
5691,1,tu'xik.,tu'xik,39
5692,0,Are',are',39
5692,1,k'ut,k'ut,39
5692,2,u,u,39
5692,3,tu'xik,tu'xik,39
5692,4,ri,ri,39
5692,5,xub'ij,xub'ij,39
5692,6,Tojil.,tojil,39
5693,0,Ta,ta,39
5693,1,xpus,xpus,39
5693,2,ronojel,ronojel,39
5693,3,amaq',amaq',39
5693,4,"chuwach,",chuwach,39
5694,0,Ta,ta,39
5694,1,xk'otix,xk'otix,39
5694,2,uloq,uloq,39
5694,3,u,u,39
5694,4,k'u'x,k'u'x,39
5695,0,Chu,chu,39
5695,1,"tolok',",tolok',39
5696,0,Chu,chu,39
5696,1,meskel.,meskel,39
5697,0,Maja,maja,39
5697,1,chitijowoq,chitijowoq,39
5698,0,U,u,39
5698,1,b'anik.,b'anik,39
5699,0,Ta,ta,39
5699,1,xnik'wachixik,xnik'wachixik,39
5699,2,rumal,rumal,39
5699,3,Tojil,tojil,39
5700,0,U,u,39
5700,1,k'amik,k'amik,39
5700,2,"puch,",puch,39
5701,0,"Q'aq'al,",q'aq'al,39
5702,0,"Tepewal,",tepewal,39
5703,0,Kumal,kumal,39
5703,1,ri,ri,39
5703,2,B'alam,b'alam,39
5703,3,"Kitze,",kitze,39
5704,0,B'alam,b'alam,39
5704,1,"Aq'ab',",aq'ab',39
5705,0,"Majukutaj,",majukutaj,39
5706,0,Ik'i,ik'i,39
5706,1,"B'alam,",b'alam,39
5707,0,Chila',chila',39
5707,1,petenaq,petenaq,39
5707,2,wi,wi,39
5707,3,Tulan,tulan,39
5708,0,Suywa.,suywa,39
5709,0,Ma,ma,39
5709,1,k'u,k'u,39
5709,2,kewa,kewa,39
5709,3,"taj,",taj,39
5710,0,Junelik,junelik,39
5710,1,mewajik,mewajik,39
5710,2,xkib'ano.,xkib'ano,39
5711,0,Xere,xere,39
5711,1,kiselawachin,kiselawachin,39
5711,2,ri,ri,39
5711,3,u,u,39
5711,4,"saqirik,",saqirik,39
5712,0,Kilawachin,kilawachin,39
5712,1,relik,relik,39
5712,2,ula,ula,39
5712,3,q'ij.,q'ij,39
5713,0,Kejalow,kejalow,39
5713,1,kib',kib',39
5713,2,chi,chi,39
5713,3,rilik,rilik,39
5713,4,ri,ri,39
5713,5,Nima,nima,39
5713,6,"Ch'umil,",ch'umil,39
5714,0,Ik'oq'ij,ik'oq'ij,39
5714,1,u,u,39
5714,2,b'i'.,b'i',39
5715,0,Are',are',39
5715,1,nab'e,nab'e,39
5715,2,chuwach,chuwach,39
5715,3,"q'ij,",q'ij,39
5716,0,Ta,ta,39
5716,1,chalaxoq,chalaxoq,39
5716,2,ri,ri,39
5716,3,q'ij.,q'ij,39
5717,0,Raxa,raxa,39
5717,1,Ik'oq'ij.,ik'oq'ij,39
5718,0,Amaq'el,amaq'el,39
5718,1,k'u,k'u,39
5718,2,chila',chila',39
5718,3,k'o,k'o,39
5718,4,wi,wi,39
5718,5,ki,ki,39
5718,6,wach,wach,39
5719,0,Chi,chi,39
5719,1,releb'al,releb'al,39
5719,2,q'ij.,q'ij,39
5720,0,Ta,ta,39
5720,1,xek'oje',xek'oje',39
5720,2,"chila',",chila',39
5721,0,Tulan,tulan,39
5722,0,Suywa,suywa,39
5722,1,u,u,39
5722,2,"b'i',",b'i',39
5723,0,Xpe,xpe,39
5723,1,wi,wi,39
5723,2,ki,ki,39
5723,3,k'ab'awil.,k'ab'awil,39
5724,0,Ma,ma,39
5724,1,na,na,39
5724,2,xa,xa,39
5724,3,ta,ta,39
5724,4,k'a,k'a,39
5724,5,waral,waral,39
5724,6,taj,taj,39
5725,0,Xkik'am,xkik'am,39
5725,1,wi,wi,39
5725,2,ki,ki,39
5725,3,"q'aq'al,",q'aq'al,39
5726,0,Kajawarem,kajawarem,39
5726,1,puch.,puch,39
5727,0,Xawi,xawi,39
5727,1,chila',chila',39
5727,2,xch'ataj,xch'ataj,39
5727,3,"wi,",wi,39
5728,0,Xyoq'otaj,xyoq'otaj,39
5728,1,"wi,",wi,39
5729,0,Nima,nima,39
5729,1,"amaq',",amaq',39
5730,0,Ch'uti,ch'uti,39
5730,1,amaq'.,amaq',39
5731,0,Ta,ta,39
5731,1,xpusik,xpusik,39
5732,0,Chuwach,chuwach,39
5732,1,Tojil.,tojil,39
5733,0,Xuya'o,xuya'o,39
5733,1,u,u,39
5733,2,"kik'el,",kik'el,39
5734,0,U,u,39
5734,1,"k'omajil,",k'omajil,39
5735,0,U,u,39
5735,1,"tolok',",tolok',39
5736,0,U,u,39
5736,1,meskel,meskel,39
5736,2,ronojel,ronojel,39
5736,3,winaq.,winaq,39
5737,0,Ju,ju,39
5737,1,su,su,39
5737,2,chi,chi,39
5737,3,Tulan,tulan,39
5737,4,xpe,xpe,39
5737,5,wi,wi,39
5737,6,ki,ki,39
5737,7,q'aq'al.,q'aq'al,39
5738,0,Nima,nima,39
5738,1,eta'mab'al,eta'mab'al,39
5738,2,k'o,k'o,39
5738,3,kuk'.,kuk',39
5739,0,Chi,chi,39
5739,1,q'equ'mal,q'equ'mal,39
5739,2,"k'ut,",k'ut,39
5740,0,Chi,chi,39
5740,1,aq'ab'al,aq'ab'al,39
5740,2,puch,puch,39
5740,3,xkib'ano.,xkib'ano,39
5741,0,Xepe,xepe,39
5741,1,chi,chi,39
5741,2,"k'ut,",k'ut,39
5742,0,Xeb'oqotaj,xeb'oqotaj,39
5742,1,chi,chi,39
5742,2,ula,ula,39
5742,3,chila'.,chila',39
5743,0,Xkikanaj,xkikanaj,39
5743,1,chik,chik,39
5744,0,Releb'al,releb'al,39
5744,1,q'ij.,q'ij,39
5745,0,“Mawi,mawi,39
5745,1,are,are,39
5745,2,qochoch,qochoch,39
5745,3,wa'.,wa',39
5746,0,Xa,xa,39
5746,1,jo',jo',39
5746,2,chiqil,chiqil,39
5746,3,na,na,39
5746,4,kojtike',kojtike',39
5746,5,"wi,”",wi,39
5747,0,Xcha',xcha',39
5747,1,k'u,k'u,39
5747,2,ri,ri,39
5747,3,Tojil.,tojil,39
5748,0,Qitzij,qitzij,39
5748,1,chich'awik,chich'awik,39
5749,0,Chikech,chikech,39
5749,1,B'alam,b'alam,39
5749,2,"Kitze,",kitze,39
5750,0,B'alam,b'alam,39
5750,1,"Aq'ab',",aq'ab',39
5751,0,"Majukutaj,",majukutaj,39
5752,0,Ik'i,ik'i,39
5752,1,B'alam:,b'alam,39
5753,0,“Kixk'amowan,kixk'amowan,39
5753,1,na,na,39
5753,2,"kanoq,",kanoq,39
5754,0,Chitaja',chitaja',39
5754,1,na,na,39
5754,2,"k'ut,",k'ut,39
5755,0,U,u,39
5755,1,jutik,jutik,39
5755,2,i,i,39
5755,3,"xikin,",xikin,39
5756,0,Chit'isa',chit'isa',39
5756,1,i,i,39
5756,2,"ch'uk,",ch'uk,39
5757,0,Kixqajb'oq.,kixqajb'oq,39
5758,0,Are',are',39
5758,1,i,i,39
5758,2,k'amowab'al,k'amowab'al,39
5758,3,chuwach,chuwach,39
5758,4,k'ab'awil.”,k'ab'awil,39
5759,0,“Utz,utz,39
5759,1,b'a,b'a,39
5759,2,"la',”",la',39
5759,3,xecha',xecha',39
5759,4,k'ut.,k'ut,39
5760,0,Ta,ta,39
5760,1,xkijut,xkijut,39
5760,2,ki,ki,39
5760,3,xikin.,xikin,39
5761,0,Xoq',xoq',39
5761,1,k'ut,k'ut,39
5761,2,chupan,chupan,39
5761,3,ki,ki,39
5761,4,b'ix,b'ix,39
5762,0,Ki,ki,39
5762,1,petik,petik,39
5762,2,Tulan;,tulan,39
5763,0,Xoq',xoq',39
5763,1,ki,ki,39
5763,2,k'u'x,k'u'x,39
5764,0,Ta,ta,39
5764,1,"xepetik,",xepetik,39
5765,0,Ta,ta,39
5765,1,xkoq'otaj,xkoq'otaj,39
5766,0,Kanoq,kanoq,39
5766,1,Tulan.,tulan,39
5767,0,"“Akarok,",akarok,39
5767,1,mawi,mawi,39
5767,2,waral,waral,39
5767,3,xchiqil,xchiqil,39
5767,4,wi,wi,39
5767,5,u,u,39
5767,6,"saqirik,",saqirik,39
5768,0,Ta,ta,39
5768,1,chalaxoq,chalaxoq,39
5768,2,ri,ri,39
5768,3,"q'ij,",q'ij,39
5769,0,Saqirisay,saqirisay,39
5769,1,u,u,39
5769,2,wach,wach,39
5769,3,"ulew,”",ulew,39
5770,0,Xecha',xecha',39
5770,1,"k'ut,",k'ut,39
5771,0,Ta,ta,39
5771,1,xpe,xpe,39
5771,2,k'ut.,k'ut,39
5772,0,Xa,xa,39
5772,1,k'u,k'u,39
5772,2,xukanajib'ej,xukanajib'ej,39
5772,3,ri',ri',39
5772,4,pa,pa,39
5772,5,"b'e,",b'e,39
5773,0,Xa,xa,39
5773,1,xk'o,xk'o,39
5773,2,wi,wi,39
5773,3,winaq,winaq,39
5773,4,chikanaj,chikanaj,39
5773,5,chiri'.,chiri',39
5774,0,Kewar,kewar,39
5774,1,wi,wi,39
5774,2,jujun,jujun,39
5774,3,chi,chi,39
5774,4,"amaq',",amaq',39
5775,0,Keyakataj,keyakataj,39
5775,1,wi,wi,39
5775,2,uloq.,uloq,39
5776,0,Amaq'el,amaq'el,39
5776,1,k'ut,k'ut,39
5776,2,chikil,chikil,39
5776,3,ri,ri,39
5776,4,"ch'umil,",ch'umil,39
5777,0,Retal,retal,39
5777,1,q'ij.,q'ij,39
5778,0,Are',are',39
5778,1,retal,retal,39
5778,2,u,u,39
5778,3,saqirik,saqirik,39
5778,4,chi,chi,39
5778,5,ki,ki,39
5778,6,"k'u'x,",k'u'x,39
5779,0,Ta,ta,39
5779,1,xepetik,xepetik,39
5779,2,chila',chila',39
5779,3,releb'al,releb'al,39
5779,4,q'ij.,q'ij,39
5780,0,Qi,qi,39
5780,1,junam,junam,39
5780,2,wach,wach,39
5781,0,Xe'ik'ow,xe'ik'ow,39
5781,1,ula,ula,39
5782,0,Chila',chila',39
5782,1,"Nim,",nim,39
5783,0,"Xol,",xol,39
5783,1,kab'ixik,kab'ixik,39
5783,2,wakamik.,wakamik,39
5784,0,TA,ta,39
5784,1,xe'ul,xe'ul,39
5784,2,puch,puch,39
5784,3,chiri',chiri',39
5784,4,chuwi',chuwi',39
5784,5,jun,jun,39
5784,6,"juyub',",juyub',39
5785,0,Chiri',chiri',39
5785,1,xkikuch,xkikuch,39
5785,2,wi,wi,39
5785,3,kib',kib',39
5786,0,Konojel,konojel,39
5786,1,K'iche',k'iche',39
5786,2,"winaq,",winaq,39
5787,0,Ruk',ruk',39
5787,1,amaq'.,amaq',39
5788,0,Chiri',chiri',39
5788,1,k'u,k'u,39
5788,2,xe'opon,xe'opon,39
5788,3,wi,wi,39
5788,4,konojel.,konojel,39
5789,0,Ta,ta,39
5789,1,xkipixab'aj,xkipixab'aj,39
5789,2,kib'.,kib',39
5790,0,U,u,39
5790,1,b'i'nam,b'i'nam,39
5790,2,juyub',juyub',39
5790,3,wakamik,wakamik,39
5790,4,Chi,chi,39
5790,5,"Pixab',",pixab',39
5791,0,U,u,39
5791,1,b'i',b'i',39
5791,2,juyub',juyub',39
5792,0,Xekuchu,xekuchu,39
5792,1,wi,wi,39
5792,2,kib'.,kib',39
5793,0,Chiri',chiri',39
5793,1,k'ut,k'ut,39
5793,2,xkikob'isaj,xkikob'isaj,39
5793,3,wi,wi,40
5793,4,kib':,kib',40
5794,0,“In,in,40
5794,1,wa':,wa',40
5795,0,In,in,40
5795,1,K'iche',k'iche',40
5795,2,winaq.,winaq,40
5796,0,At,at,40
5796,1,k'u,k'u,40
5796,2,ri':,ri',40
5797,0,At,at,40
5797,1,Tamub'.,tamub',40
5798,0,Are',are',40
5798,1,a,a,40
5798,2,b'i',b'i',40
5798,3,"chuxik,”",chuxik,40
5799,0,Xuchax,xuchax,40
5799,1,ri,ri,40
5799,2,Tamub'.,tamub',40
5800,0,Xcha',xcha',40
5800,1,chi,chi,40
5800,2,k'ut,k'ut,40
5800,3,Ilokab':,ilokab',40
5801,0,“At,at,40
5801,1,Ilokab'.,ilokab',40
5802,0,Are',are',40
5802,1,ri',ri',40
5802,2,a,a,40
5802,3,b'i',b'i',40
5802,4,ri,ri,40
5802,5,chuxik.,chuxik,40
5803,0,Mawi,mawi,40
5803,1,sachel,sachel,40
5803,2,oxib',oxib',40
5803,3,chi,chi,40
5803,4,K'iche'.,k'iche',40
5804,0,Xa,xa,40
5804,1,junam,junam,40
5804,2,qa,qa,40
5804,3,"tzij,”",tzij,40
5804,4,xecha',xecha',40
5804,5,k'ut,k'ut,40
5805,0,Ta,ta,40
5805,1,xkoj,xkoj,40
5805,2,ki,ki,40
5805,3,"b'i',",b'i',40
5806,0,TA,ta,40
5806,1,xb'i'naj,xb'i'naj,40
5806,2,chi,chi,40
5806,3,k'u,k'u,40
5807,0,Ri,ri,40
5807,1,"Kaqchekeleb',",kaqchekeleb',40
5808,0,Kaqchekeleb',kaqchekeleb',40
5808,1,u,u,40
5808,2,b'i',b'i',40
5808,3,xuxik.,xuxik,40
5809,0,Ruk',ruk',40
5809,1,chik,chik,40
5809,2,"Rab'inaleb',",rab'inaleb',40
5810,0,Are',are',40
5810,1,chi,chi,40
5810,2,k'u,k'u,40
5810,3,u,u,40
5810,4,b'i',b'i',40
5810,5,xuxik.,xuxik,40
5811,0,Mawi,mawi,40
5811,1,sachinaq,sachinaq,40
5811,2,wakamik.,wakamik,40
5812,0,Are',are',40
5812,1,chi,chi,40
5812,2,k'u,k'u,40
5812,3,ri,ri,40
5812,4,Aj,aj,40
5812,5,Tz'ikina,tz'ikina,40
5812,6,"Ja,",ja,40
5813,0,U,u,40
5813,1,b'i',b'i',40
5813,2,wakamik.,wakamik,40
5814,0,Are',are',40
5814,1,k'u,k'u,40
5814,2,ki,ki,40
5814,3,b'i'.,b'i',40
5815,0,Ri',ri',40
5815,1,xkib'ij,xkib'ij,40
5815,2,chi,chi,40
5815,3,kib'il,kib'il,40
5815,4,kib',kib',40
5816,0,Chiri',chiri',40
5816,1,"na,",na,40
5817,0,Xe'opon,xe'opon,40
5817,1,wi.,wi,40
5818,0,Xa,xa,40
5818,1,chikoyob'ej,chikoyob'ej,40
5818,2,na,na,40
5818,3,u,u,40
5818,4,saqirik.,saqirik,40
5819,0,Chikilawachij,chikilawachij,40
5819,1,relik,relik,40
5819,2,ula,ula,40
5819,3,ch'umil.,ch'umil,40
5820,0,Are',are',40
5820,1,"nab'e,",nab'e,40
5821,0,Chuwach,chuwach,40
5821,1,q'ij.,q'ij,40
5822,0,Ta,ta,40
5822,1,chalaxoq.,chalaxoq,40
5823,0,“Chila',chila',40
5823,1,xojpe,xojpe,40
5823,2,"wi,",wi,40
5824,0,Xa,xa,40
5824,1,xojpaxin,xojpaxin,40
5824,2,"qib',”",qib',40
5825,0,Xecha',xecha',40
5826,0,Chi,chi,40
5826,1,kib'il,kib'il,40
5826,2,kib'.,kib',40
5827,0,Are',are',40
5827,1,chiq'atatat,chiq'atatat,40
5827,2,wi,wi,40
5827,3,ki,ki,40
5827,4,"k'u'x,",k'u'x,40
5828,0,Ri',ri',40
5828,1,nima,nima,40
5828,2,k'axk'ol,k'axk'ol,40
5828,3,xe'ik'ow,xe'ik'ow,40
5828,4,wi,wi,40
5828,5,uloq.,uloq,40
5829,0,Maja,maja,40
5829,1,b'i,b'i,40
5829,2,"wa,",wa,40
5830,0,Maja,maja,40
5830,1,b'i,b'i,40
5830,2,echa'.,echa',40
5831,0,Xa,xa,40
5831,1,u,u,40
5831,2,xe',xe',40
5831,3,ki,ki,40
5831,4,ch'ami'y,ch'ami'y,40
5831,5,"chikisiqo,",chikisiqo,40
5832,0,Keje',keje',40
5832,1,ri',ri',40
5832,2,kewa'ik,kewa'ik,40
5832,3,chikina'o.,chikina'o,40
5833,0,Xma,xma,40
5833,1,kewa,kewa,40
5833,2,wi,wi,40
5834,0,Ta,ta,40
5834,1,xepetik.,xepetik,40
5835,0,Ma,ma,40
5835,1,k'u,k'u,40
5835,2,q'alaj,q'alaj,40
5836,0,Ki,ki,40
5836,1,ik'owik,ik'owik,40
5836,2,uloq,uloq,40
5836,3,pa,pa,40
5836,4,palo.,palo,40
5837,0,Keje',keje',40
5837,1,ri',ri',40
5837,2,maja,maja,40
5837,3,b'i,b'i,40
5837,4,palo,palo,40
5837,5,xe'ik'ow,xe'ik'ow,40
5837,6,wi,wi,40
5837,7,uloq.,uloq,40
5838,0,Xa,xa,40
5838,1,chuwi',chuwi',40
5838,2,taq,taq,40
5838,3,ab'aj,ab'aj,40
5838,4,xe'ik'ow,xe'ik'ow,40
5838,5,wi,wi,40
5838,6,uloq.,uloq,40
5839,0,K'oleje',k'oleje',40
5839,1,ula,ula,40
5839,2,ri,ri,40
5839,3,ab'aj,ab'aj,40
5839,4,pa,pa,40
5839,5,sanayeb'.,sanayeb',40
5840,0,Ta,ta,40
5840,1,xkib'i'natisaj,xkib'i'natisaj,40
5840,2,k'ut:,k'ut,40
5841,0,Cholochik,cholochik,40
5841,1,"Ab'aj,",ab'aj,40
5842,0,B'oqotajinaq,b'oqotajinaq,40
5842,1,Sanayeb',sanayeb',40
5842,2,u,u,40
5842,3,b'i'.,b'i',40
5843,0,Kumal,kumal,40
5843,1,ri',ri',40
5843,2,xe'ik'ow,xe'ik'ow,40
5843,3,wi,wi,40
5843,4,uloq,uloq,40
5844,0,Chupan,chupan,40
5844,1,"palo,",palo,40
5845,0,U,u,40
5845,1,jachon,jachon,40
5845,2,rib',rib',40
5845,3,"ja',",ja',40
5846,0,Xe'ik'ow,xe'ik'ow,40
5846,1,wi,wi,40
5846,2,uloq.,uloq,40
5847,0,Are',are',40
5847,1,k'ut,k'ut,40
5847,2,chiq'atatat,chiq'atatat,40
5847,3,wi,wi,40
5847,4,ki,ki,40
5847,5,"k'u'x,",k'u'x,40
5848,0,Ta,ta,40
5848,1,xepixab'an,xepixab'an,40
5848,2,kib'.,kib',40
5849,0,Chi,chi,40
5849,1,maja,maja,40
5849,2,b'i,b'i,40
5849,3,ki,ki,40
5849,4,wa.,wa,40
5850,0,Ju,ju,40
5850,1,uk',uk',40
5850,2,chikiqumej.,chikiqumej,40
5851,0,Ri',ri',40
5851,1,xa,xa,40
5851,2,juna,juna,40
5851,3,"ixim,",ixim,40
5852,0,Chiri',chiri',40
5852,1,k'ut,k'ut,40
5852,2,eqal,eqal,40
5852,3,wi,wi,40
5853,0,Chuwi',chuwi',40
5853,1,"juyub',",juyub',40
5854,0,Chi,chi,40
5854,1,Pixab',pixab',40
5854,2,u,u,40
5854,3,b'i'.,b'i',40
5855,0,Xawi,xawi,40
5855,1,k'u,k'u,40
5855,2,kuk'a'am,kuk'a'am,40
5856,0,Ri,ri,40
5856,1,"Tojil,",tojil,40
5857,0,"Awilix,",awilix,40
5858,0,Jaq'awitz.,jaq'awitz,40
5859,0,Nima,nima,40
5859,1,mewajik,mewajik,40
5859,2,kakib'an,kakib'an,40
5859,3,ri,ri,40
5859,4,B'alam,b'alam,40
5859,5,Kitze,kitze,40
5860,0,Ruk',ruk',40
5860,1,"rixoqil,",rixoqil,40
5861,0,Kajapalu,kajapalu,40
5861,1,Na,na,40
5862,0,U,u,40
5862,1,b'i',b'i',40
5862,2,rixoqil;,rixoqil,40
5863,0,Xawi,xawi,40
5863,1,keje',keje',40
5863,2,kub'ano,kub'ano,40
5863,3,B'alam,b'alam,40
5863,4,Aq'ab',aq'ab',40
5864,0,Ruk',ruk',40
5864,1,"rixoqil,",rixoqil,40
5865,0,Chomi,chomi,40
5865,1,Ja,ja,40
5866,0,U,u,40
5866,1,b'i';,b'i',40
5867,0,Ruk',ruk',40
5867,1,chik,chik,40
5867,2,Majukutaj,majukutaj,40
5867,3,nima,nima,40
5867,4,mewajik,mewajik,40
5867,5,k'o,k'o,40
5867,6,wi,wi,40
5868,0,Ruk',ruk',40
5868,1,"rixoqil,",rixoqil,40
5869,0,Tz'ununi,tz'ununi,40
5869,1,Ja,ja,40
5870,0,U,u,40
5870,1,b'i';,b'i',40
5871,0,Ruk',ruk',40
5871,1,Ik'i,ik'i,40
5871,2,"B'alam,",b'alam,40
5872,0,Kaqix,kaqix,40
5872,1,Ja,ja,40
5873,0,U,u,40
5873,1,b'i',b'i',40
5874,0,Rixoqil.,rixoqil,40
5875,0,Are',are',40
5875,1,k'ut,k'ut,40
5875,2,e,e,40
5875,3,aj,aj,40
5875,4,mewa,mewa,40
5875,5,ri',ri',40
5875,6,chi,chi,40
5875,7,"q'equ'mal,",q'equ'mal,40
5876,0,Chi,chi,40
5876,1,aq'ab'al.,aq'ab'al,40
5877,0,Nim,nim,40
5877,1,ki,ki,40
5877,2,b'is,b'is,40
5877,3,ta,ta,40
5877,4,xek'oje'ik,xek'oje'ik,40
5877,5,chuwi',chuwi',40
5877,6,"juyub',",juyub',40
5878,0,Chi,chi,40
5878,1,Pixab',pixab',40
5878,2,u,u,40
5878,3,b'i',b'i',40
5878,4,wakamik.,wakamik,40
5879,0,Xcha',xcha',40
5879,1,chi,chi,40
5879,2,k'ut,k'ut,40
5879,3,ki,ki,40
5879,4,k'ab'awil,k'ab'awil,40
5879,5,chiri'.,chiri',40
5880,0,TA,ta,40
5880,1,xcha',xcha',40
5880,2,k'ut,k'ut,40
5880,3,ruk',ruk',40
5881,0,"Tojil,",tojil,40
5882,0,"Awilix,",awilix,40
5883,0,Jaq'awitz,jaq'awitz,40
5884,0,Chikech,chikech,40
5884,1,ri,ri,40
5884,2,B'alam,b'alam,40
5884,3,"Kitze,",kitze,40
5885,0,B'alam,b'alam,40
5885,1,"Akab',",akab',40
5886,0,"Majukutaj,",majukutaj,40
5887,0,Ik'i,ik'i,40
5887,1,B'alam.,b'alam,40
5888,0,“Xa,xa,40
5888,1,ta,ta,40
5888,2,"kojb'ek,",kojb'ek,40
5889,0,Xa,xa,40
5889,1,ta,ta,40
5889,2,pu,pu,40
5889,3,kojyakatajik.,kojyakatajik,40
5890,0,Ma,ma,40
5890,1,ta,ta,40
5890,2,waral,waral,40
5890,3,kojk'oje',kojk'oje',40
5890,4,"wi,",wi,40
5891,0,Chi,chi,40
5891,1,ewal,ewal,40
5891,2,taj,taj,40
5891,3,kojiya',kojiya',40
5891,4,wi.,wi,40
5892,0,Mi,mi,40
5892,1,xyopij,xyopij,40
5892,2,u,u,40
5892,3,saqirik?,saqirik,40
5893,0,Ma,ma,40
5893,1,pa,pa,40
5893,2,toq'ob',toq'ob',40
5893,3,i,i,40
5893,4,wach,wach,40
5894,0,We,we,40
5894,1,kojkanab'ixik,kojkanab'ixik,40
5894,2,rumal,rumal,40
5894,3,aj,aj,40
5894,4,lab'al?,lab'al,40
5895,0,Chitz'aq,chitz'aq,40
5895,1,wa',wa',40
5895,2,oj,oj,40
5895,3,k'o,k'o,40
5895,4,wi,wi,40
5895,5,"iwumal,",iwumal,40
5896,0,Ix,ix,40
5896,1,aj,aj,40
5896,2,"k'ixb',",k'ixb',40
5897,0,Aj,aj,40
5897,1,k'ajb'.,k'ajb',40
5898,0,Jujun,jujun,40
5898,1,ta,ta,40
5898,2,k'ut,k'ut,40
5899,0,Kojiya',kojiya',40
5899,1,"wi,”",wi,40
5900,0,Xecha',xecha',40
5900,1,k'ut,k'ut,40
5901,0,Ta,ta,40
5901,1,xech'awik.,xech'awik,40
5902,0,“Utz,utz,40
5902,1,b'a,b'a,40
5902,2,"la',",la',40
5902,3,xa,xa,40
5902,4,kojb'oqotajik,kojb'oqotajik,40
5903,0,Qa,qa,40
5903,1,tzukuj,tzukuj,40
5903,2,taq,taq,40
5903,3,ri,ri,40
5903,4,"k'eche'laj,”",k'eche'laj,40
5903,5,xecha',xecha',40
5903,6,k'ut,k'ut,40
5903,7,konojel.,konojel,40
5904,0,K'ate,k'ate,40
5904,1,puch,puch,40
5904,2,xkik'am,xkik'am,40
5905,0,Chireqaxik,chireqaxik,40
5905,1,u,u,40
5905,2,k'ab'awil,k'ab'awil,40
5905,3,jujun,jujun,40
5905,4,chikech.,chikech,40
5906,0,Ta,ta,40
5906,1,xok,xok,40
5906,2,k'ut,k'ut,40
5906,3,Awilix,awilix,40
5906,4,pa,pa,40
5906,5,"siwan,",siwan,40
5907,0,U,u,40
5907,1,b'i'nam,b'i'nam,40
5907,2,Ewab'al,ewab'al,40
5907,3,"Siwan,",siwan,40
5908,0,Chuchax,chuchax,40
5908,1,kumal,kumal,40
5908,2,pa,pa,40
5908,3,nima,nima,40
5908,4,siwan,siwan,40
5908,5,chi,chi,40
5908,6,k'eche'laj.,k'eche'laj,40
5909,0,P[a],pa,40
5909,1,Awilix,awilix,40
5909,2,u,u,40
5909,3,b'i',b'i',40
5909,4,wakamik.,wakamik,40
5910,0,Chiri',chiri',40
5910,1,xkanaj,xkanaj,40
5910,2,"wi,",wi,40
5911,0,Xk'u,xk'u,40
5911,1,kanajoq,kanajoq,40
5911,2,pa,pa,40
5911,3,siwan,siwan,40
5911,4,rumal,rumal,40
5911,5,B'alam,b'alam,40
5911,6,Aq'ab'.,aq'ab',40
5912,0,Cholom,cholom,40
5912,1,u,u,40
5912,2,"kanajik,",kanajik,40
5913,0,U,u,40
5913,1,nab'e,nab'e,40
5913,2,ri'.,ri',40
5914,0,Xkanaj,xkanaj,40
5914,1,chi,chi,40
5914,2,k'ut,k'ut,40
5914,3,Jaq'awitz,jaq'awitz,40
5914,4,chuwi',chuwi',40
5914,5,jun,jun,40
5914,6,nima,nima,40
5914,7,q'aq',q'aq',40
5914,8,ja.,ja,40
5915,0,Jaq'awitz,jaq'awitz,40
5915,1,u,u,40
5915,2,b'i',b'i',40
5915,3,juyub',juyub',40
5915,4,wakamik.,wakamik,40
5916,0,Xkitinamit,xkitinamit,40
5916,1,k'u,k'u,40
5916,2,ri',ri',40
5916,3,xuxik.,xuxik,40
5917,0,Chiri',chiri',40
5917,1,k'ut,k'ut,40
5917,2,xk'oje',xk'oje',40
5917,3,wi,wi,40
5917,4,"k'ab'awil,",k'ab'awil,40
5918,0,Jaq'awitz,jaq'awitz,40
5918,1,u,u,40
5918,2,b'i'.,b'i',40
5919,0,Xawi,xawi,40
5919,1,xkajnaj,xkajnaj,40
5919,2,ri,ri,40
5919,3,Majukutaj,majukutaj,40
5919,4,ruk',ruk',40
5919,5,u,u,40
5919,6,"k'ab'awil,",k'ab'awil,40
5920,0,U,u,40
5920,1,kab',kab',40
5920,2,k'ut,k'ut,40
5920,3,k'ab'awil,k'ab'awil,40
5921,0,Ri,ri,40
5921,1,xewax,xewax,40
5921,2,kumal.,kumal,40
5922,0,Ma,ma,40
5922,1,na,na,40
5922,2,pa,pa,40
5922,3,k'eche'laj,k'eche'laj,40
5922,4,xk'oje',xk'oje',40
5922,5,wi,wi,40
5922,6,Jaq'awitz.,jaq'awitz,40
5923,0,Xa,xa,40
5923,1,saqi,saqi,40
5923,2,juyub',juyub',40
5923,3,xewax,xewax,40
5923,4,wi,wi,41
5923,5,Jaq'awitz.,jaq'awitz,41
5924,0,Ta,ta,41
5924,1,xpe,xpe,41
5924,2,chi,chi,41
5924,3,k'ut,k'ut,41
5924,4,B'alam,b'alam,41
5924,5,"Kitze,",kitze,41
5925,0,Xul,xul,41
5925,1,chiri',chiri',41
5925,2,pa,pa,41
5925,3,nima,nima,41
5925,4,k'eche'laj.,k'eche'laj,41
5926,0,Xul,xul,41
5926,1,ewaxa,ewaxa,41
5926,2,wi,wi,41
5926,3,Tojil,tojil,41
5926,4,rumal,rumal,41
5926,5,B'alam,b'alam,41
5926,6,Kitze.,kitze,41
5927,0,Pa,pa,41
5927,1,Tojil,tojil,41
5927,2,chuchax,chuchax,41
5927,3,wakamik,wakamik,41
5927,4,u,u,41
5927,5,b'i',b'i',41
5927,6,juyub'.,juyub',41
5928,0,Ta,ta,41
5928,1,xkikob'isaj,xkikob'isaj,41
5928,2,ri,ri,41
5928,3,ewab'al,ewab'al,41
5928,4,siwan,siwan,41
5929,0,Kunab'al,kunab'al,41
5929,1,Tojil.,tojil,41
5930,0,Tzatz,tzatz,41
5930,1,chi,chi,41
5930,2,"kumatz,",kumatz,41
5931,0,Tzatz,tzatz,41
5931,1,puch,puch,41
5931,2,chi,chi,41
5931,3,"b'alam,",b'alam,41
5932,0,"Sochoj,",sochoj,41
5933,0,K'an,k'an,41
5933,1,"Ti',",ti',41
5934,0,Chiri',chiri',41
5934,1,pa,pa,41
5934,2,k'eche'laj,k'eche'laj,41
5934,3,xek'oje',xek'oje',41
5934,4,"wi,",wi,41
5935,0,Xewax,xewax,41
5935,1,wi,wi,41
5936,0,Kumal,kumal,41
5936,1,aj,aj,41
5936,2,"k'ixb',",k'ixb',41
5937,0,Ah,ah,41
5937,1,k'ajb'.,k'ajb',41
5938,0,Xa,xa,41
5938,1,k'u,k'u,41
5938,2,jun,jun,41
5938,3,xek'oje',xek'oje',41
5938,4,wi,wi,41
5939,0,B'alam,b'alam,41
5939,1,"Kitze,",kitze,41
5940,0,B'alam,b'alam,41
5940,1,"Aq'ab',",aq'ab',41
5941,0,"Majukutaj,",majukutaj,41
5942,0,Ik'i,ik'i,41
5942,1,B'alam.,b'alam,41
5943,0,Xa,xa,41
5943,1,jun,jun,41
5943,2,xkoyob'ej,xkoyob'ej,41
5943,3,wi,wi,41
5943,4,u,u,41
5943,5,saqirik,saqirik,41
5944,0,Chiri',chiri',41
5944,1,chuwi',chuwi',41
5944,2,juyub',juyub',41
5945,0,Jaq'awitz,jaq'awitz,41
5945,1,u,u,41
5945,2,b'i'.,b'i',41
5946,0,Xawi,xawi,41
5946,1,k'u,k'u,41
5946,2,kok,kok,41
5946,3,u,u,41
5946,4,xo'l,xo'l,41
5947,0,Ri',ri',41
5947,1,xk'oje',xk'oje',41
5947,2,wi,wi,41
5947,3,k'ab'awil,k'ab'awil,41
5948,0,"Tamub',",tamub',41
5949,0,Ruk',ruk',41
5949,1,Ilokab'.,ilokab',41
5950,0,Amaq',amaq',41
5950,1,Tan,tan,41
5950,2,u,u,41
5950,3,b'i',b'i',41
5951,0,Ri,ri,41
5951,1,xk'oje',xk'oje',41
5951,2,wi,wi,41
5952,0,Ri',ri',41
5952,1,u,u,41
5952,2,k'ab'awil,k'ab'awil,41
5952,3,Tamub'.,tamub',41
5953,0,Chiri',chiri',41
5953,1,xsaqir,xsaqir,41
5953,2,wi.,wi,41
5954,0,Amaq',amaq',41
5954,1,U,u,41
5954,2,Q'in,q'in,41
5954,3,K'at,k'at,41
5954,4,u,u,41
5954,5,b'i',b'i',41
5955,0,Ri,ri,41
5955,1,xsaqirik,xsaqirik,41
5955,2,wi,wi,41
5955,3,ri,ri,41
5955,4,Ilokab'.,ilokab',41
5956,0,Chiri',chiri',41
5956,1,xk'oje',xk'oje',41
5956,2,wi,wi,41
5956,3,u,u,41
5956,4,k'ab'awil,k'ab'awil,41
5956,5,"Ilokab',",ilokab',41
5957,0,Xa,xa,41
5957,1,kok,kok,41
5957,2,u,u,41
5957,3,xo'l,xo'l,41
5957,4,juyub'.,juyub',41
5958,0,Xawi,xawi,41
5958,1,chiri',chiri',41
5958,2,ronojel,ronojel,41
5958,3,"Rab'inaleb',",rab'inaleb',41
5959,0,"Kaqchekeleb',",kaqchekeleb',41
5960,0,Aj,aj,41
5960,1,Tz'ikina,tz'ikina,41
5960,2,"Ja,",ja,41
5961,0,Ronojel,ronojel,41
5961,1,ch'uti,ch'uti,41
5961,2,"amaq',",amaq',41
5962,0,Nima,nima,41
5962,1,"amaq',",amaq',41
5963,0,Xa,xa,41
5963,1,jun,jun,41
5963,2,xtak'atob',xtak'atob',41
5963,3,"wi,",wi,41
5964,0,Xa,xa,41
5964,1,pu,pu,41
5964,2,jun,jun,41
5964,3,saqirik,saqirik,41
5964,4,"wi,",wi,41
5965,0,Xa,xa,41
5965,1,jun,jun,41
5965,2,xkoyob'ej,xkoyob'ej,41
5965,3,wi,wi,41
5966,0,Relik,relik,41
5966,1,uloq,uloq,41
5967,0,Nima,nima,41
5967,1,"Ch'umil,",ch'umil,41
5968,0,Ik'oq'ij,ik'oq'ij,41
5968,1,u,u,41
5968,2,b'i'.,b'i',41
5969,0,“Nab'e,nab'e,41
5969,1,chel,chel,41
5969,2,uloq,uloq,41
5970,0,Chuwach,chuwach,41
5970,1,"q'ij,",q'ij,41
5971,0,Ta,ta,41
5971,1,"saqiroq,”",saqiroq,41
5972,0,Xecha'.,xecha',41
5973,0,Xa,xa,41
5973,1,k'u,k'u,41
5973,2,jun,jun,41
5974,0,Xek'oje',xek'oje',41
5974,1,wi,wi,41
5975,0,B'alam,b'alam,41
5975,1,"Kitze,",kitze,41
5976,0,B'alam,b'alam,41
5976,1,"Aq'ab',",aq'ab',41
5977,0,"Majukutaj,",majukutaj,41
5978,0,Ik'i,ik'i,41
5978,1,B'alam.,b'alam,41
5979,0,Maja,maja,41
5979,1,b'i,b'i,41
5979,2,ki,ki,41
5979,3,"waram,",waram,41
5980,0,Ki,ki,41
5980,1,yakalem.,yakalem,41
5981,0,Nim,nim,41
5981,1,roq'ej,roq'ej,41
5981,2,ki,ki,41
5981,3,"k'u'x,",k'u'x,41
5982,0,Ki,ki,41
5982,1,"pam,",pam,41
5983,0,Chire,chire,41
5983,1,u,u,41
5983,2,"saqirik,",saqirik,41
5984,0,U,u,41
5984,1,pakatajik,pakatajik,41
5984,2,puch.,puch,41
5985,0,Xawi,xawi,41
5985,1,chila',chila',41
5985,2,xk'ixb',xk'ixb',41
5985,3,wi,wi,41
5985,4,u,u,41
5985,5,wach,wach,41
5986,0,Xepe,xepe,41
5986,1,wi,wi,41
5987,0,Nima,nima,41
5987,1,"b'is,",b'is,41
5988,0,Nima,nima,41
5988,1,mok'em.,mok'em,41
5989,0,E,e,41
5989,1,chik'arinaq,chik'arinaq,41
5989,2,rumal,rumal,41
5989,3,u,u,41
5989,4,k'axk'ol,k'axk'ol,41
5990,0,Xe'ek'ow,xe'ek'ow,41
5990,1,wi,wi,41
5990,2,uloq.,uloq,41
5991,0,“Mawi,mawi,41
5991,1,kus,kus,41
5991,2,mi,mi,41
5991,3,xojpe,xojpe,41
5991,4,wi.,wi,41
5992,0,Akarok!,akarok,41
5993,0,Oj,oj,41
5993,1,taj,taj,41
5993,2,xkojilowik,xkojilowik,41
5993,3,ralaxik,ralaxik,41
5993,4,q'ij.,q'ij,41
5994,0,Ju,ju,41
5994,1,la',la',41
5994,2,chaxqab'ano?,chaxqab'ano,41
5995,0,Junam,junam,41
5995,1,qa,qa,41
5995,2,wach,wach,41
5995,3,chi,chi,41
5995,4,qa,qa,41
5995,5,"juyub'al,",juyub'al,41
5996,0,Xa,xa,41
5996,1,xqok'otaj,xqok'otaj,41
5996,2,"qib',”",qib',41
5996,3,kecha'.,kecha',41
5997,0,Ta,ta,41
5997,1,k'i,k'i,41
5997,2,kech'awik,kech'awik,41
5997,3,chi,chi,41
5997,4,kib'il,kib'il,41
5997,5,"kib',",kib',41
5998,0,Chuwi',chuwi',41
5998,1,"b'is,",b'is,41
5999,0,Chuwi',chuwi',41
5999,1,"mok'em,",mok'em,41
6000,0,Chuwi',chuwi',41
6000,1,puch,puch,41
6000,2,"oq'ej,",oq'ej,41
6001,0,"Sik',",sik',41
6002,0,Xech'aw,xech'aw,41
6002,1,wi.,wi,41
6004,0,Are',are',41
6004,1,k'ut,k'ut,41
6004,2,e,e,41
6004,3,ku'b'ukuxinaq,ku'b'ukuxinaq,41
6004,4,wi,wi,41
6004,5,ri,ri,41
6004,6,k'ab'awil,k'ab'awil,41
6005,0,Pa,pa,41
6005,1,taq,taq,41
6005,2,"siwan,",siwan,41
6006,0,Pa,pa,41
6006,1,taq,taq,41
6006,2,k'eche'laj.,k'eche'laj,41
6007,0,Xa,xa,41
6007,1,pa,pa,41
6007,2,"ek',",ek',41
6008,0,Xa,xa,41
6008,1,pa,pa,41
6008,2,atz'iaq,atz'iaq,41
6008,3,e,e,41
6008,4,k'o,k'o,41
6008,5,wi.,wi,41
6009,0,Ma,ma,41
6009,1,na,na,41
6009,2,pa,pa,41
6009,3,tz'alam,tz'alam,41
6009,4,taj,taj,41
6010,0,Xeya',xeya',41
6010,1,wi.,wi,41
6011,0,Kech'aw,kech'aw,41
6011,1,nab'ek,nab'ek,41
6012,0,Ri,ri,41
6012,1,"Tojil,",tojil,41
6013,0,"Awilix,",awilix,41
6014,0,Jaq'awitz.,jaq'awitz,41
6015,0,Nim,nim,41
6015,1,ki,ki,41
6015,2,"q'ij,",q'ij,41
6016,0,Nim,nim,41
6016,1,puch,puch,41
6016,2,"kab',",kab',41
6017,0,"Kuxlab',",kuxlab',41
6018,0,Chuwi',chuwi',41
6018,1,ronojel,ronojel,41
6019,0,U,u,41
6019,1,k'ab'awil,k'ab'awil,41
6019,2,amaq'.,amaq',41
6020,0,Tzatz,tzatz,41
6020,1,ki,ki,41
6020,2,"nawal,",nawal,41
6021,0,Tzatz,tzatz,41
6021,1,puch,puch,41
6021,2,ki,ki,41
6021,3,"b'inib'al,",b'inib'al,41
6022,0,Ki,ki,41
6022,1,ch'akab'al,ch'akab'al,41
6022,2,chi,chi,41
6022,3,"tewnik,",tewnik,41
6023,0,Chi,chi,41
6023,1,xib'inik,xib'inik,41
6023,2,ki,ki,41
6023,3,k'oje'ik,k'oje'ik,41
6024,0,Chi,chi,41
6024,1,k'u'x,k'u'x,41
6024,2,amaq'.,amaq',41
6025,0,Ku'b'ulik,ku'b'ulik,41
6025,1,ki,ki,41
6025,2,k'u'xlal,k'u'xlal,41
6026,0,Kumal,kumal,41
6026,1,ri,ri,41
6026,2,B'alam,b'alam,41
6026,3,"Kitze,",kitze,41
6027,0,B'alam,b'alam,41
6027,1,"Aq'ab',",aq'ab',41
6028,0,"Majukutaj,",majukutaj,41
6029,0,Ik'i,ik'i,41
6029,1,B'alam.,b'alam,41
6030,0,Ma,ma,41
6030,1,na,na,41
6030,2,"chilik,",chilik,41
6031,0,Ka'yal,ka'yal,41
6031,1,ta,ta,41
6031,2,ki,ki,41
6031,3,k'u'x,k'u'x,41
6032,0,Chire,chire,41
6032,1,ri,ri,41
6032,2,k'ab'awil,k'ab'awil,41
6032,3,"kuk'a'am,",kuk'a'am,41
6033,0,Kek'a'am,kek'a'am,41
6033,1,"puch,",puch,41
6034,0,Xepe,xepe,41
6034,1,chila',chila',41
6034,2,Tulan,tulan,41
6035,0,"Suywa,",suywa,41
6036,0,"Chila',",chila',41
6037,0,Releb'al,releb'al,41
6037,1,q'ij.,q'ij,41
6038,0,Xawi,xawi,41
6038,1,k'u,k'u,41
6038,2,chiri',chiri',41
6038,3,xek'oje',xek'oje',41
6038,4,wi,wi,41
6039,0,Pa,pa,41
6039,1,k'eche'laj.,k'eche'laj,41
6040,0,Are,are,41
6040,1,saqirib'al,saqirib'al,41
6041,0,Pa,pa,41
6041,1,"Tojil,",tojil,41
6042,0,Pa,pa,41
6042,1,"Awilix,",awilix,41
6043,0,Pa,pa,41
6043,1,"Jaq'awitz,",jaq'awitz,41
6043,2,kuchaxik,kuchaxik,41
6043,3,wakamik.,wakamik,41
6044,0,Are,are,41
6044,1,k'ut,k'ut,41
6044,2,xechawax,xechawax,41
6044,3,"wi,",wi,41
6045,0,Xesaqir,xesaqir,41
6045,1,"wi,",wi,41
6046,0,Qa,qa,41
6046,1,"mam,",mam,41
6047,0,Qa,qa,41
6047,1,qajaw.,qajaw,41
6048,0,Wa',wa',41
6048,1,chiqab'ij,chiqab'ij,41
6048,2,chik,chik,41
6048,3,u,u,41
6048,4,"saqirik,",saqirik,41
6049,0,U,u,41
6049,1,wachinik,wachinik,41
6049,2,puch,puch,41
6050,0,"Q'ij,",q'ij,41
6051,0,"Ik',",ik',41
6052,0,Ch'umil.,ch'umil,41
6053,0,WA'E,wa'e,41
6053,1,k'ute,k'ute,41
6053,2,u,u,41
6053,3,"saqirik,",saqirik,41
6054,0,U,u,41
6054,1,wachinik,wachinik,41
6054,2,puch,puch,41
6055,0,"Q'ij,",q'ij,41
6056,0,"Ik',",ik',41
6057,0,Ch'umil.,ch'umil,41
6058,0,NIM,nim,41
6058,1,k'ut,k'ut,41
6058,2,xeki'kotik,xeki'kotik,41
6058,3,B'alam,b'alam,41
6058,4,"Kitze,",kitze,41
6059,0,B'alam,b'alam,41
6059,1,"Aq'ab',",aq'ab',41
6060,0,"Majukutaj,",majukutaj,41
6061,0,Ik'i,ik'i,41
6061,1,"B'alam,",b'alam,41
6062,0,Ta,ta,41
6062,1,xril,xril,41
6062,2,ri,ri,41
6062,3,Ik'oq'ij.,ik'oq'ij,41
6063,0,Nab'e,nab'e,41
6063,1,xel,xel,41
6063,2,"uloq,",uloq,41
6064,0,Chitiltotik,chitiltotik,41
6064,1,u,u,41
6064,2,"wach,",wach,41
6066,0,K'ate,k'ate,41
6066,1,k'ut,k'ut,41
6066,2,ta,ta,41
6066,3,xkikir,xkikir,41
6066,4,ki,ki,41
6066,5,pom,pom,41
6066,6,"chila',",chila',41
6067,0,Petenaq,petenaq,41
6067,1,wi,wi,41
6067,2,releb'al,releb'al,41
6067,3,q'ij.,q'ij,41
6068,0,K'ate,k'ate,41
6068,1,u,u,41
6068,2,ch'ak,ch'ak,41
6068,3,chi,chi,41
6068,4,ki,ki,41
6068,5,k'u'x,k'u'x,41
6069,0,Ta,ta,41
6069,1,xkikiroq.,xkikiroq,41
6070,0,Ox,ox,41
6070,1,ichal,ichal,41
6070,2,ki,ki,41
6070,3,k'amowab'al,k'amowab'al,41
6071,0,Chi,chi,41
6071,1,ki,ki,41
6071,2,k'u'x.,k'u'x,41
6072,0,Mixtam,mixtam,41
6072,1,Pom,pom,41
6073,0,U,u,41
6073,1,b'i',b'i',41
6073,2,pom,pom,41
6074,0,Ruk'a'am,ruk'a'am,41
6074,1,B'alam,b'alam,41
6074,2,Kitze;,kitze,41
6075,0,Kawistan,kawistan,41
6075,1,Pom,pom,41
6076,0,U,u,41
6076,1,b'i',b'i',41
6076,2,pom,pom,41
6077,0,Ruk'a'am,ruk'a'am,41
6077,1,B'alam,b'alam,41
6077,2,Aq'ab';,aq'ab',41
6078,0,K'ab'awil,k'ab'awil,41
6078,1,Pom,pom,41
6079,0,Chuchaxik,chuchaxik,41
6079,1,chik,chik,41
6080,0,Ruk'a'am,ruk'a'am,41
6080,1,Majukutaj.,majukutaj,41
6081,0,E,e,41
6081,1,oxib',oxib',41
6082,0,K'o,k'o,41
6082,1,ki,ki,41
6082,2,pom.,pom,41
6083,0,Are',are',41
6083,1,k'ut,k'ut,41
6083,2,xkik'ato,xkik'ato,41
6084,0,Ta,ta,41
6084,1,xesaqb'isani,xesaqb'isani,41
6084,2,aponoq,aponoq,41
6085,0,"Chila',",chila',41
6086,0,Releb'al,releb'al,41
6086,1,q'ij.,q'ij,41
6087,0,Quz,quz,41
6087,1,keoq'ik,keoq'ik,41
6088,0,Ta,ta,41
6088,1,xesaqb'isanik.,xesaqb'isanik,42
6089,0,Xkik'at,xkik'at,42
6089,1,ki,ki,42
6089,2,"pom,",pom,42
6090,0,Loq'olaj,loq'olaj,42
6090,1,pom.,pom,42
6091,0,K'ate,k'ate,42
6091,1,k'ut,k'ut,42
6091,2,xkoq'ej,xkoq'ej,42
6091,3,ri,ri,42
6091,4,mawi,mawi,42
6091,5,"xkilo,",xkilo,42
6092,0,Ma,ma,42
6092,1,pu,pu,42
6092,2,xkiwachij,xkiwachij,42
6092,3,ralaxik,ralaxik,42
6092,4,"q'ij,",q'ij,42
6093,0,K'ate,k'ate,42
6093,1,puch,puch,42
6093,2,ta,ta,42
6093,3,xel,xel,42
6093,4,ulo,ulo,42
6093,5,q'ij,q'ij,42
6094,0,Xki'kotik,xki'kotik,42
6094,1,ch'uti,ch'uti,42
6094,2,"chikop,",chikop,42
6095,0,Nima,nima,42
6095,1,chikop.,chikop,42
6096,0,Xk'isyakataj,xk'isyakataj,42
6096,1,uloq,uloq,42
6096,2,pa,pa,42
6096,3,b'e,b'e,42
6096,4,"ya',",ya',42
6097,0,Pa,pa,42
6097,1,siwan.,siwan,42
6098,0,Xek'oje'ik,xek'oje'ik,42
6099,0,Tza'm,tza'm,42
6099,1,taq,taq,42
6099,2,juyub'.,juyub',42
6100,0,Xa,xa,42
6100,1,jun,jun,42
6100,2,xkixe,xkixe,42
6100,3,wi,wi,42
6100,4,ki,ki,42
6100,5,wach,wach,42
6100,6,chila',chila',42
6101,0,Xel,xel,42
6101,1,wi,wi,42
6101,2,uloq,uloq,42
6101,3,q'ij.,q'ij,42
6102,0,K'ate,k'ate,42
6102,1,ta,ta,42
6102,2,xe'oq'ik,xe'oq'ik,42
6102,3,"koj,",koj,42
6103,0,B'alam.,b'alam,42
6104,0,Nab'e,nab'e,42
6104,1,k'ut,k'ut,42
6104,2,xoq',xoq',42
6104,3,ri,ri,42
6104,4,"tz'ikin,",tz'ikin,42
6105,0,K'eletzu,k'eletzu,42
6105,1,u,u,42
6105,2,b'i'.,b'i',42
6106,0,Qitzij,qitzij,42
6106,1,chi,chi,42
6106,2,xki'kot,xki'kot,42
6106,3,ronojel,ronojel,42
6106,4,chikop.,chikop,42
6107,0,Xkirip,xkirip,42
6107,1,ki,ki,42
6107,2,"xik',",xik',42
6108,0,"Kot,",kot,42
6109,0,Saq,saq,42
6109,1,"k'uch,",k'uch,42
6110,0,Ch'uti,ch'uti,42
6110,1,"tz'ikin,",tz'ikin,42
6111,0,Nima,nima,42
6111,1,tz'ikin.,tz'ikin,42
6112,0,E,e,42
6112,1,k'u,k'u,42
6112,2,xukuxuxinaq,xukuxuxinaq,42
6112,3,ri,ri,42
6112,4,aj,aj,42
6112,5,"k'ixb',",k'ixb',42
6113,0,Aj,aj,42
6113,1,k'ajb'.,k'ajb',42
6114,0,Nim,nim,42
6114,1,keki'kotik,keki'kotik,42
6114,2,ruk',ruk',42
6114,3,raj,raj,42
6114,4,"k'ixb',",k'ixb',42
6115,0,Raj,raj,42
6115,1,"k'ajb',",k'ajb',42
6116,0,"Tamub',",tamub',42
6117,0,"Ilokab',",ilokab',42
6118,0,Ruk',ruk',42
6118,1,"Rab'inaleb',",rab'inaleb',42
6119,0,"Kaqchekeleb',",kaqchekeleb',42
6120,0,Aj,aj,42
6120,1,Tz'ikina,tz'ikina,42
6120,2,"Ja,",ja,42
6121,0,Ruk',ruk',42
6121,1,Tujal,tujal,42
6121,2,"Ja,",ja,42
6122,0,U,u,42
6122,1,Ch'ab'a,ch'ab'a,42
6122,2,"Ja,",ja,42
6123,0,Kib'a,kib'a,42
6123,1,"Ja,",ja,42
6124,0,Ah,ah,42
6124,1,B'ate,b'ate,42
6124,2,"Na,",na,42
6125,0,Ruk',ruk',42
6125,1,Yaki,yaki,42
6125,2,Tepew.,tepew,42
6126,0,Jarub',jarub',42
6126,1,pa,pa,42
6126,2,chi,chi,42
6126,3,amaq',amaq',42
6126,4,k'o,k'o,42
6126,5,"wakamik,",wakamik,42
6127,0,Mawi,mawi,42
6127,1,ajilan,ajilan,42
6127,2,chi,chi,42
6127,3,"winaq,",winaq,42
6128,0,Xa,xa,42
6128,1,jun,jun,42
6128,2,xsaqir,xsaqir,42
6128,3,wi,wi,42
6129,0,Ronojel,ronojel,42
6129,1,amaq'.,amaq',42
6130,0,K'ate,k'ate,42
6130,1,puch,puch,42
6130,2,xchaqijik,xchaqijik,42
6130,3,u,u,42
6130,4,wach,wach,42
6130,5,ulew,ulew,42
6130,6,rumal,rumal,42
6130,7,ri,ri,42
6130,8,q'ij.,q'ij,42
6131,0,Keje',keje',42
6131,1,ri',ri',42
6131,2,jun,jun,42
6131,3,chi,chi,42
6131,4,winaq,winaq,42
6131,5,ri,ri,42
6131,6,q'ij,q'ij,42
6131,7,ta,ta,42
6131,8,xuk'ut,xuk'ut,42
6131,9,rib'.,rib',42
6132,0,K'atan,k'atan,42
6132,1,u,u,42
6132,2,wach,wach,42
6133,0,Are,are,42
6133,1,xchaqij,xchaqij,42
6133,2,wi,wi,42
6134,0,U,u,42
6134,1,wach,wach,42
6134,2,ulew,ulew,42
6134,3,maja,maja,42
6134,4,chela,chela,42
6134,5,ula,ula,42
6134,6,q'ij,q'ij,42
6135,0,"Ch'aqalik,",ch'aqalik,42
6136,0,Yitz'il,yitz'il,42
6136,1,puch,puch,42
6137,0,U,u,42
6137,1,wach,wach,42
6137,2,ulew,ulew,42
6137,3,maja,maja,42
6137,4,chela,chela,42
6137,5,ula,ula,42
6137,6,q'ij.,q'ij,42
6138,0,Xa,xa,42
6138,1,k'u,k'u,42
6138,2,xka'oj,xka'oj,42
6138,3,aq'anoq,aq'anoq,42
6138,4,ri,ri,42
6138,5,"q'ij,",q'ij,42
6139,0,Keje',keje',42
6139,1,ri',ri',42
6139,2,jun,jun,42
6139,3,chi,chi,42
6139,4,winaq.,winaq,42
6140,0,Ma,ma,42
6140,1,k'u,k'u,42
6140,2,xch'ijitajik,xch'ijitajik,42
6140,3,u,u,42
6140,4,k'atanal.,k'atanal,42
6142,0,Xa,xa,42
6142,1,chi,chi,42
6142,2,k'u,k'u,42
6142,3,u,u,42
6142,4,lemo',lemo',42
6142,5,ri,ri,42
6142,6,xkanajik.,xkanajik,42
6143,0,Mawi,mawi,42
6143,1,qitzij,qitzij,42
6143,2,are',are',42
6143,3,chi,chi,42
6143,4,q'ij,q'ij,42
6143,5,ri,ri,42
6143,6,"kawachinik,",kawachinik,42
6144,0,Xcha',xcha',42
6145,0,Chupan,chupan,42
6145,1,ki,ki,42
6145,2,tzij.,tzij,42
6146,0,K'ate,k'ate,42
6146,1,puch,puch,42
6146,2,ju,ju,42
6146,3,su,su,42
6146,4,xab'ajir,xab'ajir,42
6147,0,Ri,ri,42
6147,1,"Tojil,",tojil,42
6148,0,"Awilix,",awilix,42
6149,0,"Jaq'awitz,",jaq'awitz,42
6150,0,Ruk',ruk',42
6150,1,u,u,42
6150,2,k'ab'awilal,k'ab'awilal,42
6151,0,"Koj,",koj,42
6152,0,"B'alam,",b'alam,42
6153,0,"Sochoj,",sochoj,42
6154,0,K'an,k'an,42
6154,1,Ti'.,ti',42
6155,0,Saqi,saqi,42
6155,1,K'oxol,k'oxol,42
6155,2,xa,xa,42
6155,3,xuchap,xuchap,42
6155,4,chi,chi,42
6156,0,U,u,42
6156,1,k'u',k'u',42
6156,2,rib',rib',42
6156,3,pa,pa,42
6156,4,che'.,che',42
6157,0,Ta,ta,42
6157,1,xwachin,xwachin,42
6158,0,"Q'ij,",q'ij,42
6159,0,"Ik',",ik',42
6160,0,"Ch'umil,",ch'umil,42
6161,0,Jumaj,jumaj,42
6161,1,ab'aj,ab'aj,42
6161,2,xuxik,xuxik,42
6162,0,Ronojel.,ronojel,42
6163,0,Ma,ma,42
6163,1,ta,ta,42
6163,2,oj,oj,42
6163,3,yakamarinaq,yakamarinaq,42
6163,4,lo,lo,42
6163,5,wakamik,wakamik,42
6164,0,Rumal,rumal,42
6164,1,ri,ri,42
6164,2,ti'onel,ti'onel,42
6164,3,chikop:,chikop,42
6165,0,"Koj,",koj,42
6166,0,"B'alam,",b'alam,42
6167,0,"Sochoj,",sochoj,42
6168,0,K'an,k'an,42
6168,1,Ti'.,ti',42
6169,0,Saqi,saqi,42
6169,1,K'oxol.,k'oxol,42
6170,0,Ma,ma,42
6170,1,ta,ta,42
6170,2,ja,ja,42
6170,3,b'i,b'i,42
6170,4,qa,qa,42
6170,5,q'ij,q'ij,42
6170,6,lo,lo,42
6170,7,wakamik.,wakamik,42
6171,0,Ma,ma,42
6171,1,ta,ta,42
6171,2,xab'ajirik,xab'ajirik,42
6171,3,u,u,42
6171,4,nab'e,nab'e,42
6171,5,chikop,chikop,42
6172,0,Rumal,rumal,42
6172,1,q'ij,q'ij,42
6172,2,ta,ta,42
6172,3,xel,xel,42
6172,4,uloq.,uloq,42
6173,0,Nima,nima,42
6173,1,ki'kotem,ki'kotem,42
6173,2,xk'oje',xk'oje',42
6173,3,wi,wi,42
6173,4,ki,ki,42
6173,5,k'u'x,k'u'x,42
6174,0,B'alam,b'alam,42
6174,1,"Kitze,",kitze,42
6175,0,B'alam,b'alam,42
6175,1,"Akab',",akab',42
6176,0,"Majukutaj,",majukutaj,42
6177,0,Ik'i,ik'i,42
6177,1,B'alam.,b'alam,42
6178,0,Nim,nim,42
6178,1,keki'kotik,keki'kotik,42
6179,0,Ta,ta,42
6179,1,xsaqirik.,xsaqirik,42
6180,0,Ma,ma,42
6180,1,na,na,42
6180,2,e,e,42
6180,3,ta,ta,42
6180,4,k'iya,k'iya,42
6180,5,winaq,winaq,42
6180,6,chi,chi,42
6180,7,ki,ki,42
6180,8,"k'oje'ik,",k'oje'ik,42
6181,0,Xa,xa,42
6181,1,e,e,42
6181,2,ch'uti'n,ch'uti'n,42
6181,3,ta,ta,42
6181,4,xek'oje',xek'oje',42
6181,5,chiri',chiri',42
6182,0,Chuwi',chuwi',42
6182,1,juyub',juyub',42
6183,0,Jaq'awitz.,jaq'awitz,42
6184,0,Chiri',chiri',42
6184,1,xesaqir,xesaqir,42
6184,2,"wi,",wi,42
6185,0,Chiri',chiri',42
6185,1,puch,puch,42
6185,2,xek'aton,xek'aton,42
6185,3,wi.,wi,42
6186,0,Xesaqb'isan,xesaqb'isan,42
6186,1,aponoq,aponoq,42
6187,0,Chila',chila',42
6187,1,chi,chi,42
6187,2,releb'al,releb'al,42
6187,3,q'ij,q'ij,42
6187,4,xepe,xepe,42
6187,5,wi.,wi,42
6188,0,Are,are,42
6188,1,ki,ki,42
6188,2,"juyub'al,",juyub'al,42
6189,0,Ki,ki,42
6189,1,taq'ajal.,taq'ajal,42
6190,0,Chila',chila',42
6190,1,xepe,xepe,42
6190,2,wi,wi,42
6190,3,B'alam,b'alam,42
6190,4,"Kitze,",kitze,42
6191,0,B'alam,b'alam,42
6191,1,"Aq'ab',",aq'ab',42
6192,0,"Majukutaj,",majukutaj,42
6193,0,Ik'i,ik'i,42
6193,1,B'alam,b'alam,42
6193,2,ki,ki,42
6193,3,b'i'.,b'i',42
6194,0,Chiri',chiri',42
6194,1,k'ute,k'ute,42
6194,2,xek'iyar,xek'iyar,42
6194,3,wi,wi,42
6194,4,chuwi',chuwi',42
6194,5,"juyub',",juyub',42
6195,0,Are,are,42
6195,1,k'ut,k'ut,42
6195,2,ki,ki,42
6195,3,tinamit,tinamit,42
6195,4,xuxik.,xuxik,42
6196,0,Chiri',chiri',42
6196,1,k'u,k'u,42
6196,2,k'o,k'o,42
6196,3,wi,wi,42
6197,0,Ta,ta,42
6197,1,qi,qi,42
6197,2,xwachin,xwachin,42
6198,0,"Q'ij,",q'ij,42
6199,0,"Ik',",ik',42
6200,0,Ch'umil.,ch'umil,42
6201,0,"Xsaqirik,",xsaqirik,42
6202,0,"Xpakatajik,",xpakatajik,42
6203,0,U,u,42
6203,1,wach,wach,42
6203,2,"ulew,",ulew,42
6204,0,Ronojel,ronojel,42
6204,1,xe',xe',42
6204,2,kaj.,kaj,42
6205,0,Chiri',chiri',42
6205,1,k'ut,k'ut,42
6205,2,xtikar,xtikar,42
6205,3,wi,wi,42
6205,4,ki,ki,42
6205,5,"b'ix,",b'ix,42
6206,0,“Qa,qa,42
6206,1,Muqu”,muqu,42
6206,2,u,u,42
6206,3,b'i'.,b'i',42
6207,0,"Xkib'ixaj,",xkib'ixaj,42
6208,0,Xa,xa,42
6208,1,roq'ej,roq'ej,42
6208,2,ki,ki,42
6208,3,"k'u'x,",k'u'x,42
6209,0,Ki,ki,42
6209,1,pam.,pam,42
6210,0,Xkib'ij,xkib'ij,42
6210,1,chupan,chupan,42
6210,2,ki,ki,42
6210,3,b'ix:,b'ix,42
6211,0,“Akarok,akarok,42
6211,1,xojsachik!,xojsachik,42
6212,0,Chi,chi,42
6212,1,Tulan,tulan,42
6212,2,xojpaxin,xojpaxin,42
6212,3,wi,wi,42
6212,4,qib'.,qib',42
6213,0,Xeqakanaj,xeqakanaj,42
6213,1,chik,chik,42
6213,2,"qatz,",qatz,42
6214,0,Qa,qa,42
6214,1,chaq'.,chaq',42
6215,0,Awi,awi,42
6215,1,mi,mi,42
6215,2,xkil,xkil,42
6215,3,wi,wi,42
6215,4,q'ij?,q'ij,42
6216,0,Awi,awi,42
6216,1,on,on,42
6216,2,e,e,42
6216,3,k'o,k'o,42
6216,4,wi,wi,42
6216,5,ta,ta,42
6216,6,mi,mi,42
6216,7,xsaqirik?”,xsaqirik,42
6217,0,Xecha',xecha',42
6217,1,chire,chire,42
6217,2,raj,raj,42
6217,3,"kixb',",kixb',42
6218,0,Raj,raj,42
6218,1,k'ajb',k'ajb',42
6218,2,Yaki,yaki,42
6218,3,winaq.,winaq,42
6219,0,“Xawi,xawi,42
6219,1,xere,xere,42
6219,2,Tojil,tojil,42
6219,3,u,u,42
6219,4,b'i',b'i',42
6220,0,U,u,42
6220,1,k'ab'awil,k'ab'awil,42
6220,2,Yaki,yaki,42
6220,3,winaq.,winaq,42
6221,0,"Yolkwat,",yolkwat,42
6222,0,Kitzalkwat,kitzalkwat,42
6222,1,u,u,42
6222,2,b'i'.,b'i',42
6223,0,Xqajach,xqajach,42
6223,1,chila',chila',42
6223,2,chu,chu,42
6223,3,Tulan,tulan,42
6224,0,Chi,chi,42
6224,1,Suywa,suywa,42
6225,0,Are,are,42
6225,1,qa,qa,42
6225,2,chelik,chelik,42
6225,3,"uloq,",uloq,42
6226,0,Are,are,42
6226,1,puch,puch,42
6226,2,u,u,42
6226,3,tz'aqat,tz'aqat,42
6226,4,qa,qa,42
6226,5,wach,wach,42
6226,6,ta,ta,42
6226,7,"xojpetik,”",xojpetik,42
6227,0,Xecha',xecha',42
6227,1,chi,chi,42
6227,2,kib'il,kib'il,42
6227,3,kib',kib',42
6228,0,Ta,ta,42
6228,1,xkina'taj,xkina'taj,42
6228,2,chi,chi,42
6228,3,apanoq,apanoq,42
6229,0,"Katz,",katz,42
6230,0,Ki,ki,42
6230,1,"chaq',",chaq',42
6231,0,Ri,ri,42
6231,1,Yaki,yaki,42
6231,2,winaq.,winaq,42
6232,0,Ri',ri',42
6232,1,xsaqirik,xsaqirik,42
6232,2,chila',chila',42
6233,0,Mexiko,mexiko,42
6234,0,U,u,42
6234,1,b'i'nam,b'i'nam,42
6234,2,wakamik.,wakamik,42
6235,0,K'o,k'o,42
6235,1,chi,chi,42
6235,2,nay,nay,42
6235,3,puch,puch,42
6235,4,chajkar,chajkar,42
6235,5,"winaq,",winaq,42
6236,0,Xkikanaj,xkikanaj,42
6236,1,chila',chila',42
6236,2,releb'al,releb'al,43
6236,3,q'ij.,q'ij,43
6237,0,"Tepew,",tepew,43
6238,0,Oliman,oliman,43
6238,1,ki,ki,43
6238,2,b'i'.,b'i',43
6239,0,“Xeqakanaj,xeqakanaj,43
6239,1,"kanoq,”",kanoq,43
6239,2,xecha'.,xecha',43
6240,0,Nim,nim,43
6240,1,u,u,43
6240,2,q'atat,q'atat,43
6240,3,ki,ki,43
6240,4,k'u'x,k'u'x,43
6241,0,Chiri',chiri',43
6242,0,Chuwi',chuwi',43
6242,1,Jaq'awitz.,jaq'awitz,43
6243,0,Xawi,xawi,43
6243,1,keje',keje',43
6243,2,kakib'an,kakib'an,43
6243,3,ri,ri,43
6243,4,rech,rech,43
6243,5,"Tamub',",tamub',43
6244,0,Ilokab'.,ilokab',43
6245,0,Xawi,xawi,43
6245,1,xere,xere,43
6245,2,e,e,43
6245,3,k'o,k'o,43
6245,4,wi,wi,43
6245,5,chiri',chiri',43
6245,6,pa,pa,43
6245,7,"k'eche'laj,",k'eche'laj,43
6246,0,Amaq',amaq',43
6246,1,T'an,t'an,43
6246,2,u,u,43
6246,3,b'i'.,b'i',43
6247,0,Xsaqir,xsaqir,43
6247,1,wi,wi,43
6247,2,"rajk'ixb',",rajk'ixb',43
6248,0,Raj,raj,43
6248,1,k'ajb',k'ajb',43
6249,0,"Tamub',",tamub',43
6250,0,Ruk',ruk',43
6250,1,u,u,43
6250,2,k'ab'awil.,k'ab'awil,43
6251,0,Xawi,xawi,43
6251,1,xere,xere,43
6251,2,"Tojil,",tojil,43
6252,0,Xa,xa,43
6252,1,jun,jun,43
6252,2,u,u,43
6252,3,b'i',b'i',43
6253,0,U,u,43
6253,1,k'ab'awil,k'ab'awil,43
6253,2,rox,rox,43
6253,3,ch'ob',ch'ob',43
6253,4,ichal,ichal,43
6254,0,K'eche',k'eche',43
6254,1,winaq.,winaq,43
6255,0,Xawi,xawi,43
6255,1,k'u,k'u,43
6255,2,xere,xere,43
6255,3,chik,chik,43
6255,4,u,u,43
6255,5,b'i',b'i',43
6256,0,U,u,43
6256,1,k'ab'awil,k'ab'awil,43
6256,2,Rab'inaleb'.,rab'inaleb',43
6257,0,Xsqaqi'n,xsqaqi'n,43
6257,1,u,u,43
6257,2,jalk'at,jalk'at,43
6257,3,u,u,43
6257,4,b'i'.,b'i',43
6258,0,“Jun,jun,43
6258,1,Toj”,toj,43
6258,2,chuchaxik,chuchaxik,43
6258,3,u,u,43
6258,4,b'i',b'i',43
6259,0,U,u,43
6259,1,k'ab'awil,k'ab'awil,43
6259,2,Rab'inaleb'.,rab'inaleb',43
6260,0,Xa,xa,43
6260,1,k'u,k'u,43
6260,2,cha',cha',43
6260,3,"ri',",ri',43
6261,0,Xa,xa,43
6261,1,chiraj,chiraj,43
6261,2,junamataj,junamataj,43
6261,3,chi,chi,43
6261,4,"K'iche',",k'iche',43
6262,0,Chi,chi,43
6262,1,u,u,43
6262,2,ch'ab'al.,ch'ab'al,43
6263,0,Are,are,43
6263,1,k'ut,k'ut,43
6263,2,jalk'atajinaq,jalk'atajinaq,43
6263,3,wi,wi,43
6263,4,ch'ab'al,ch'ab'al,43
6263,5,ruk',ruk',43
6263,6,"Kaqchekeleb',",kaqchekeleb',43
6264,0,Rumal,rumal,43
6264,1,jalan,jalan,43
6264,2,u,u,43
6264,3,b'i',b'i',43
6264,4,u,u,43
6264,5,k'ab'awil,k'ab'awil,43
6265,0,Ta,ta,43
6265,1,xpe,xpe,43
6265,2,chila',chila',43
6265,3,Tulan,tulan,43
6266,0,Suywa.,suywa,43
6267,0,Tzotz'i,tzotz'i,43
6267,1,"Ja,",ja,43
6268,0,Chimalkan,chimalkan,43
6268,1,u,u,43
6268,2,b'i',b'i',43
6269,0,U,u,43
6269,1,k'ab'awil.,k'ab'awil,43
6270,0,Xa,xa,43
6270,1,k'u,k'u,43
6270,2,chajalan,chajalan,43
6270,3,u,u,43
6270,4,ch'ab'al,ch'ab'al,43
6270,5,wakamik.,wakamik,43
6271,0,Ruk',ruk',43
6271,1,nay,nay,43
6271,2,puch,puch,43
6271,3,chirij,chirij,43
6271,4,u,u,43
6271,5,"k'ab'awil,",k'ab'awil,43
6272,0,Xk'amon,xk'amon,43
6272,1,wi,wi,43
6273,0,U,u,43
6273,1,b'i',b'i',43
6274,0,U,u,43
6274,1,chinamit:,chinamit,43
6275,0,Aj,aj,43
6275,1,Po,po,43
6275,2,"Sotz'il,",sotz'il,43
6276,0,Aj,aj,43
6276,1,Po,po,43
6276,2,Xa[jil],xajil,43
6276,3,keuchaxik.,keuchaxik,43
6277,0,Xawi,xawi,43
6277,1,u,u,43
6277,2,k'ab'awil,k'ab'awil,43
6277,3,xjalk'atij,xjalk'atij,43
6277,4,wi,wi,43
6277,5,u,u,43
6277,6,ch'ab'al,ch'ab'al,43
6278,0,Ta,ta,43
6278,1,xya',xya',43
6278,2,uloq,uloq,43
6278,3,u,u,43
6278,4,k'ab'awil,k'ab'awil,43
6278,5,chila',chila',43
6278,6,Tulan.,tulan,43
6279,0,Chirij,chirij,43
6279,1,ab'aj,ab'aj,43
6279,2,xjalk'atij,xjalk'atij,43
6279,3,wi,wi,43
6279,4,u,u,43
6279,5,ch'ab'al,ch'ab'al,43
6280,0,Ta,ta,43
6280,1,xpe,xpe,43
6280,2,Tulan,tulan,43
6280,3,chi,chi,43
6280,4,q'equ'mal.,q'equ'mal,43
6281,0,Xa,xa,43
6281,1,k'u,k'u,43
6281,2,jun,jun,43
6281,3,xawax,xawax,43
6281,4,wi,wi,43
6281,5,ronojel,ronojel,43
6281,6,"amaq',",amaq',43
6282,0,K'oleje',k'oleje',43
6282,1,u,u,43
6282,2,b'i',b'i',43
6283,0,U,u,43
6283,1,k'ab'awil,k'ab'awil,43
6284,0,Chu,chu,43
6284,1,jutaq,jutaq,43
6284,2,ch'ob'il.,ch'ob'il,43
6285,0,Are',are',43
6285,1,k'ut,k'ut,43
6285,2,xchiqab'ij,xchiqab'ij,43
6285,3,chik,chik,43
6285,4,ki,ki,43
6285,5,"alub'ik,",alub'ik,43
6286,0,Ki,ki,43
6286,1,b'ayatajik,b'ayatajik,43
6286,2,"puch,",puch,43
6287,0,Chiri',chiri',43
6287,1,chuwi',chuwi',43
6287,2,juyub'.,juyub',43
6288,0,Xa,xa,43
6288,1,jun,jun,43
6288,2,xek'oje',xek'oje',43
6288,3,wi,wi,43
6288,4,ki,ki,43
6288,5,kaj,kaj,43
6288,6,ichal:,ichal,43
6289,0,B'alam,b'alam,43
6289,1,"Kitze,",kitze,43
6290,0,B'alam,b'alam,43
6290,1,"Aq'ab',",aq'ab',43
6291,0,"Majukutaj,",majukutaj,43
6292,0,Ik'i,ik'i,43
6292,1,B'alam,b'alam,43
6292,2,ki,ki,43
6292,3,b'i'.,b'i',43
6293,0,Koq',koq',43
6293,1,ki,ki,43
6293,2,k'u'x,k'u'x,43
6294,0,Chire,chire,43
6294,1,ri,ri,43
6294,2,"Tojil,",tojil,43
6295,0,"Awilix,",awilix,43
6296,0,Jaq'awitz.,jaq'awitz,43
6297,0,Are',are',43
6297,1,k'o,k'o,43
6297,2,chik,chik,43
6297,3,pa,pa,43
6297,4,"ek',",ek',43
6298,0,Pa,pa,43
6298,1,atz'iaq,atz'iaq,43
6298,2,kumal.,kumal,43
6299,0,WA',wa',43
6299,1,k'ute,k'ute,43
6299,2,ki,ki,43
6299,3,k'atonik,k'atonik,43
6299,4,u,u,43
6299,5,xe',xe',43
6299,6,chi,chi,43
6299,7,"puch,",puch,43
6300,0,Kojb'al,kojb'al,43
6300,1,rech,rech,43
6300,2,Tojil.,tojil,43
6301,0,Ta,ta,43
6301,1,xeb'e,xeb'e,43
6301,2,k'ut,k'ut,43
6301,3,chuwach,chuwach,43
6301,4,"Tojil,",tojil,43
6302,0,"Awilix,",awilix,43
6303,0,Xeb'e,xeb'e,43
6303,1,"kila',",kila',43
6304,0,Xb'e,xb'e,43
6304,1,pu,pu,43
6304,2,ki,ki,43
6304,3,"q'ijila',",q'ijila',43
6305,0,Xek'amowan,xek'amowan,43
6305,1,chik,chik,43
6305,2,chuwach,chuwach,43
6306,0,Chire,chire,43
6306,1,u,u,43
6306,2,saqirik.,saqirik,43
6307,0,E,e,43
6307,1,k'u,k'u,43
6307,2,wonowoj,wonowoj,43
6307,3,chik,chik,43
6308,0,Chi,chi,43
6308,1,ab'ajil,ab'ajil,43
6309,0,Chiri',chiri',43
6310,0,Pa,pa,43
6310,1,k'eche'laj.,k'eche'laj,43
6311,0,Xa,xa,43
6311,1,ki,ki,43
6311,2,nawal,nawal,43
6311,3,wach,wach,43
6311,4,chik,chik,43
6312,0,Xch'awik,xch'awik,43
6313,0,Ta,ta,43
6313,1,xe'opon,xe'opon,43
6313,2,ri,ri,43
6313,3,aj,aj,43
6313,4,"k'ixb',",k'ixb',43
6314,0,Aj,aj,43
6314,1,k'ajb',k'ajb',43
6314,2,chuwach,chuwach,43
6314,3,ri,ri,43
6314,4,Tojil.,tojil,43
6315,0,Ma,ma,43
6315,1,k'u,k'u,43
6315,2,nim,nim,43
6315,3,ri',ri',43
6315,4,kuk'a'am,kuk'a'am,43
6316,0,Ki,ki,43
6316,1,k'atoj,k'atoj,43
6316,2,puch.,puch,43
6317,0,Xa,xa,43
6317,1,"q'ol,",q'ol,43
6318,0,Xa,xa,43
6318,1,rachaq,rachaq,43
6318,2,"noj,",noj,43
6319,0,Ruk',ruk',43
6319,1,"iya',",iya',43
6320,0,Xkik'ato,xkik'ato,43
6321,0,Chuwach,chuwach,43
6321,1,ki,ki,43
6321,2,k'ab'awil.,k'ab'awil,43
6322,0,Ta,ta,43
6322,1,xch'aw,xch'aw,43
6322,2,k'ut,k'ut,43
6322,3,ri,ri,43
6322,4,"Tojil,",tojil,43
6323,0,Xa,xa,43
6323,1,u,u,43
6323,2,nawal,nawal,43
6323,3,chik,chik,43
6324,0,Ta,ta,43
6324,1,xya',xya',43
6324,2,uloq,uloq,43
6324,3,ki,ki,43
6324,4,na'oj,na'oj,43
6324,5,ri,ri,43
6324,6,e,e,43
6324,7,aj,aj,43
6324,8,"k'ixb',",k'ixb',43
6325,0,E,e,43
6325,1,aj,aj,43
6325,2,k'ajb'.,k'ajb',43
6326,0,"Xecha',",xecha',43
6327,0,Ta,ta,43
6327,1,xech'awik:,xech'awik,43
6328,0,“Xawi,xawi,43
6328,1,waral,waral,43
6328,2,qa,qa,43
6328,3,"juyub'al,",juyub'al,43
6329,0,Qa,qa,43
6329,1,taq'ajal,taq'ajal,43
6329,2,chuxik.,chuxik,43
6330,0,Oj,oj,43
6330,1,iwech,iwech,43
6330,2,chik,chik,43
6331,0,Mi,mi,43
6331,1,xuxik.,xuxik,43
6332,0,Nim,nim,43
6332,1,qa,qa,43
6332,2,"q'ij,",q'ij,43
6333,0,Nim,nim,43
6333,1,pu,pu,43
6333,2,"qalaxik,",qalaxik,43
6334,0,Rumal,rumal,43
6334,1,ronojel,ronojel,43
6334,2,winaq,winaq,43
6334,3,"iwech,",iwech,43
6335,0,Ri,ri,43
6335,1,ronojel,ronojel,43
6335,2,amaq'.,amaq',43
6336,0,Xawi,xawi,43
6336,1,k'u,k'u,43
6336,2,oj,oj,43
6336,3,iwachb'il,iwachb'il,43
6336,4,chi,chi,43
6336,5,"na,",na,43
6337,0,I,i,43
6337,1,tinamit.,tinamit,43
6338,0,Xawi,xawi,43
6338,1,chiqaya',chiqaya',43
6338,2,i,i,43
6338,3,na'oj.,na'oj,43
6339,0,Mojik'ut,mojik'ut,43
6339,1,chuwach,chuwach,43
6339,2,ri,ri,43
6339,3,amaq',amaq',43
6340,0,Ta,ta,43
6340,1,"kojkaq'anij,",kojkaq'anij,43
6341,0,Rumal,rumal,43
6341,1,ri',ri',43
6341,2,qitzij,qitzij,43
6341,3,wi,wi,43
6342,0,Chi,chi,43
6342,1,e,e,43
6342,2,k'i,k'i,43
6343,0,Chikik'oje'ik.,chikik'oje'ik,43
6344,0,Keje',keje',43
6344,1,k'u,k'u,43
6344,2,mawi,mawi,43
6344,3,kojiralajob'isaj,kojiralajob'isaj,43
6344,4,wi,wi,43
6345,0,Xere,xere,43
6345,1,k'ut,k'ut,43
6345,2,chiya',chiya',43
6345,3,chiqech,chiqech,43
6346,0,Ri,ri,43
6346,1,ral,ral,43
6346,2,"k'im,",k'im,43
6347,0,Ral,ral,43
6347,1,torob';,torob',43
6348,0,Xere,xere,43
6348,1,k'u,k'u,43
6348,2,ri,ri,43
6348,3,xnam,xnam,43
6348,4,"kej,",kej,43
6349,0,Xnam,xnam,43
6349,1,tz'ikin.,tz'ikin,43
6350,0,Chul,chul,43
6350,1,ta,ta,43
6350,2,iya',iya',43
6350,3,sqaqi'n,sqaqi'n,43
6350,4,u,u,43
6350,5,kik'el,kik'el,43
6350,6,chiqech.,chiqech,43
6351,0,Toq'ob',toq'ob',43
6351,1,qa,qa,43
6351,2,wach.,wach,43
6352,0,Chikanaj,chikanaj,43
6352,1,k'ut,k'ut,43
6352,2,rismal,rismal,43
6352,3,ri,ri,43
6352,4,kej,kej,43
6352,5,chi,chi,43
6352,6,chajij.,chajij,43
6353,0,Are',are',43
6353,1,e,e,43
6353,2,ri,ri,43
6353,3,u,u,43
6353,4,muquwach,muquwach,43
6354,0,Chimich',chimich',43
6354,1,"kanoq,",kanoq,43
6355,0,Are',are',43
6355,1,u,u,43
6355,2,kej,kej,43
6355,3,chuxik.,chuxik,43
6356,0,Are',are',43
6356,1,nay,nay,43
6356,2,puch,puch,43
6356,3,qa,qa,43
6356,4,k'exwach,k'exwach,43
6356,5,chi,chi,43
6356,6,k'ut,k'ut,43
6357,0,Chuwach,chuwach,43
6357,1,amaq'.,amaq',43
6358,0,‘Apa,apa,43
6358,1,k'o,k'o,43
6358,2,wi,wi,43
6358,3,Tojil?’,tojil,43
6359,0,Ta,ta,43
6359,1,"kixuchaxik,",kixuchaxik,43
6360,0,Are',are',43
6360,1,k'ut,k'ut,43
6360,2,chi,chi,43
6360,3,k'ut,k'ut,43
6360,4,ri,ri,43
6360,5,q'u',q'u',43
6360,6,kej,kej,43
6360,7,chikiwach.,chikiwach,43
6361,0,Mik'ut,mik'ut,43
6361,1,nay,nay,43
6361,2,pu,pu,43
6361,3,iwib'.,iwib',43
6362,0,K'o,k'o,43
6362,1,chi,chi,43
6362,2,k'ut,k'ut,43
6362,3,chib'an,chib'an,43
6362,4,"chik,",chik,43
6363,0,Nim,nim,43
6363,1,i,i,43
6363,2,k'oje'ik,k'oje'ik,43
6363,3,chuxik.,chuxik,43
6364,0,Chich'ak,chich'ak,43
6364,1,ri,ri,43
6364,2,ronojel,ronojel,43
6364,3,"amaq',",amaq',43
6365,0,Chikuk'a'j,chikuk'a'j,43
6366,0,U,u,43
6366,1,"kik'el,",kik'el,43
6367,0,U,u,43
6367,1,komajil,komajil,43
6367,2,chiqawach.,chiqawach,43
6368,0,Chul,chul,43
6368,1,wi,wi,43
6369,0,Kojkiq'aluj.,kojkiq'aluj,43
6370,0,E,e,43
6370,1,qech,qech,43
6370,2,"chik,”",chik,43
6371,0,Xcha',xcha',43
6371,1,k'u,k'u,43
6371,2,ri,ri,43
6371,3,"Tojil,",tojil,43
6372,0,"Awilix,",awilix,43
6373,0,Jaq'awitz.,jaq'awitz,43
6374,0,K'ajolal,k'ajolal,43
6374,1,wach,wach,43
6375,0,Chikiwachib'ej,chikiwachib'ej,43
6376,0,Ta,ta,43
6376,1,"ke'ilik,",ke'ilik,43
6377,0,Ta,ta,43
6377,1,chopon,chopon,44
6377,2,puch,puch,44
6378,0,K'atoj,k'atoj,44
6378,1,chikiwach.,chikiwach,44
6379,0,Ta,ta,44
6379,1,xtikar,xtikar,44
6379,2,k'ut,k'ut,44
6379,3,u,u,44
6379,4,tzukuxik,tzukuxik,44
6380,0,Ri,ri,44
6380,1,ral,ral,44
6380,2,taq,taq,44
6380,3,"tz'ikin,",tz'ikin,44
6381,0,Ral,ral,44
6381,1,"kej,",kej,44
6382,0,"K'amob',",k'amob',44
6383,0,"Tzukuxik,",tzukuxik,44
6384,0,Kumal,kumal,44
6384,1,ri,ri,44
6384,2,aj,aj,44
6384,3,"k'ixb',",k'ixb',44
6385,0,Aj,aj,44
6385,1,k'ajb'.,k'ajb',44
6386,0,Are',are',44
6386,1,k'ut,k'ut,44
6386,2,ta,ta,44
6386,3,chikiriq,chikiriq,44
6386,4,ri,ri,44
6386,5,"tz'ikin,",tz'ikin,44
6387,0,Al,al,44
6387,1,kej.,kej,44
6388,0,K'ate,k'ate,44
6388,1,k'ut,k'ut,44
6388,2,chib'e,chib'e,44
6389,0,Ki,ki,44
6389,1,k'ulu,k'ulu,44
6390,0,Ri,ri,44
6390,1,u,u,44
6390,2,kik'el,kik'el,44
6390,3,"kej,",kej,44
6391,0,Tz'ikin,tz'ikin,44
6391,1,pu,pu,44
6391,2,chi',chi',44
6391,3,ri,ri,44
6391,4,"ab'aj,",ab'aj,44
6392,0,Ri,ri,44
6392,1,"Tojil,",tojil,44
6393,0,Awilix.,awilix,44
6394,0,Xuk'a,xuk'a,44
6394,1,ri',ri',44
6394,2,"k'ut,",k'ut,44
6395,0,Ukaj,ukaj,44
6395,1,kik',kik',44
6395,2,kumal,kumal,44
6395,3,k'ab'awil.,k'ab'awil,44
6396,0,Ju,ju,44
6396,1,su,su,44
6396,2,chich'aw,chich'aw,44
6396,3,ri,ri,44
6396,4,ab'aj,ab'aj,44
6397,0,Ta,ta,44
6397,1,"ke'oponik,",ke'oponik,44
6398,0,Ri,ri,44
6398,1,aj,aj,44
6398,2,"k'ixb',",k'ixb',44
6399,0,Aj,aj,44
6399,1,"k'ajb',",k'ajb',44
6400,0,Ta,ta,44
6400,1,chib'e,chib'e,44
6400,2,ki,ki,44
6400,3,ya',ya',44
6401,0,Ki,ki,44
6401,1,k'atoj.,k'atoj,44
6402,0,Xawi,xawi,44
6402,1,keje',keje',44
6402,2,chik,chik,44
6402,3,chikib'ano,chikib'ano,44
6403,0,Chuwach,chuwach,44
6403,1,ri,ri,44
6403,2,q'u',q'u',44
6403,3,kej:,kej,44
6404,0,Chikik'at,chikik'at,44
6404,1,"q'ol,",q'ol,44
6405,0,Chikik'at,chikik'at,44
6405,1,puch,puch,44
6405,2,"iya',",iya',44
6406,0,Jolom,jolom,44
6406,1,"okox,",okox,44
6407,0,Xk'oje',xk'oje',44
6407,1,ki,ki,44
6407,2,q'u',q'u',44
6407,3,kej,kej,44
6408,0,Chi,chi,44
6408,1,ki,ki,44
6408,2,"jujunal,",jujunal,44
6409,0,Chiri',chiri',44
6409,1,k'ul,k'ul,44
6409,2,wi,wi,44
6409,3,kumal,kumal,44
6410,0,Chuwi',chuwi',44
6410,1,"juyub',",juyub',44
6411,0,Mawi,mawi,44
6411,1,ki,ki,44
6411,2,laqab'en,laqab'en,44
6412,0,Ri,ri,44
6412,1,kochoch,kochoch,44
6412,2,chi,chi,44
6412,3,q'ijil.,q'ijil,44
6413,0,Xa,xa,44
6413,1,pa,pa,44
6413,2,taq,taq,44
6413,3,juyub',juyub',44
6414,0,Keb'in,keb'in,44
6414,1,wi.,wi,44
6415,0,Are',are',44
6415,1,k'ut,k'ut,44
6415,2,chikecha'j:,chikecha'j,44
6416,0,Ri,ri,44
6416,1,xa,xa,44
6416,2,ral,ral,44
6416,3,"wonon,",wonon,44
6417,0,Xa,xa,44
6417,1,ral,ral,44
6417,2,"sita'l,",sita'l,44
6418,0,Xa,xa,44
6418,1,pu,pu,44
6418,2,ral,ral,44
6418,3,"aqaj,",aqaj,44
6419,0,Chikitzukuj.,chikitzukuj,44
6420,0,Ma,ma,44
6420,1,na,na,44
6420,2,utzilaj,utzilaj,44
6420,3,"wa,",wa,44
6421,0,Utzilaj,utzilaj,44
6421,1,a',a',44
6421,2,ta,ta,44
6421,3,puch.,puch,44
6422,0,Mawi,mawi,44
6422,1,q'alaj,q'alaj,44
6422,2,u,u,44
6422,3,b'e'el,b'e'el,44
6422,4,kochoch.,kochoch,44
6423,0,Mawi,mawi,44
6423,1,q'alaj,q'alaj,44
6423,2,k'o,k'o,44
6423,3,wi,wi,44
6423,4,kanoq,kanoq,44
6423,5,kixoqila.,kixoqila,44
6424,0,Are,are,44
6424,1,k'ut,k'ut,44
6424,2,tzatz,tzatz,44
6424,3,chik,chik,44
6424,4,ri,ri,44
6424,5,"amaq',",amaq',44
6425,0,Jujun,jujun,44
6425,1,chisepesoj,chisepesoj,44
6425,2,"wi,",wi,44
6426,0,Kikuchun,kikuchun,44
6426,1,chi,chi,44
6426,2,"kib',",kib',44
6427,0,Ri,ri,44
6427,1,ju,ju,44
6427,2,taq,taq,44
6427,3,chob',chob',44
6427,4,chi,chi,44
6427,5,amaq',amaq',44
6428,0,Keb'olow,keb'olow,44
6428,1,chik,chik,44
6428,2,pa,pa,44
6428,3,taq,taq,44
6428,4,b'e.,b'e,44
6429,0,Q'alaj,q'alaj,44
6429,1,chi,chi,44
6429,2,ki,ki,44
6429,3,b'e,b'e,44
6430,0,Are,are,44
6430,1,k'u,k'u,44
6430,2,ri,ri,44
6430,3,B'alam,b'alam,44
6430,4,"Kitze,",kitze,44
6431,0,B'alam,b'alam,44
6431,1,"Aq'ab',",aq'ab',44
6432,0,"Majukutaj,",majukutaj,44
6433,0,Ik'i,ik'i,44
6433,1,B'alam,b'alam,44
6433,2,xma,xma,44
6433,3,q'alaj,q'alaj,44
6433,4,e,e,44
6433,5,k'o,k'o,44
6433,6,wi.,wi,44
6434,0,Are,are,44
6434,1,k'ut,k'ut,44
6434,2,ta,ta,44
6434,3,chikil,chikil,44
6434,4,ri,ri,44
6434,5,amaq',amaq',44
6435,0,Chik'owik,chik'owik,44
6435,1,pa,pa,44
6435,2,b'e.,b'e,44
6436,0,K'ate,k'ate,44
6436,1,k'ut,k'ut,44
6436,2,ta,ta,44
6436,3,ke'oq',ke'oq',44
6436,4,uloq,uloq,44
6437,0,Tza'm,tza'm,44
6437,1,taq,taq,44
6437,2,juyub'.,juyub',44
6438,0,Xa,xa,44
6438,1,roq'ib'al,roq'ib'al,44
6438,2,"utiw,",utiw,44
6439,0,Xa,xa,44
6439,1,pu,pu,44
6439,2,roq'ib'al,roq'ib'al,44
6439,3,yak,yak,44
6439,4,chikoq'ib'ej;,chikoq'ib'ej,44
6440,0,Xa,xa,44
6440,1,pu,pu,44
6440,2,roq'ib'al,roq'ib'al,44
6440,3,"koj,",koj,44
6441,0,B'alam,b'alam,44
6441,1,chikib'ano.,chikib'ano,44
6442,0,Ta,ta,44
6442,1,chikil,chikil,44
6442,2,ri,ri,44
6442,3,"amaq',",amaq',44
6443,0,K'i,k'i,44
6443,1,chub'ixik:,chub'ixik,44
6444,0,“Xa,xa,44
6444,1,utiw,utiw,44
6444,2,ri,ri,44
6444,3,"koq'ik,",koq'ik,44
6445,0,Xa,xa,44
6445,1,pu,pu,44
6445,2,yak,yak,44
6445,3,"ri',",ri',44
6446,0,Xa,xa,44
6446,1,"koj,",koj,44
6447,0,Xa,xa,44
6447,1,"b'alam,”",b'alam,44
6447,2,kecha',kecha',44
6447,3,k'ut,k'ut,44
6447,4,ri,ri,44
6447,5,amaq'.,amaq',44
6448,0,Keje',keje',44
6448,1,ri',ri',44
6448,2,mawinaq,mawinaq,44
6448,3,chu,chu,44
6448,4,k'u'x,k'u'x,44
6448,5,ri,ri,44
6448,6,ronojel,ronojel,44
6448,7,"amaq',",amaq',44
6449,0,Xa,xa,44
6449,1,k'u,k'u,44
6449,2,mich'b'al,mich'b'al,44
6449,3,kech,kech,44
6449,4,amaq'.,amaq',44
6450,0,Ta,ta,44
6450,1,chikib'ano,chikib'ano,44
6450,2,k'o,k'o,44
6450,3,karaj,karaj,44
6450,4,ki,ki,44
6450,5,k'u'x,k'u'x,44
6452,0,K'o,k'o,44
6452,1,kakaj,kakaj,44
6452,2,chire,chire,44
6452,3,roq'ib'al,roq'ib'al,44
6452,4,"koj,",koj,44
6453,0,Roq'ib'al,roq'ib'al,44
6453,1,b'alam,b'alam,44
6453,2,chikoq'eb'ej.,chikoq'eb'ej,44
6454,0,Ta,ta,44
6454,1,chikil,chikil,44
6454,2,k'u,k'u,44
6454,3,ri,ri,44
6454,4,winaq,winaq,44
6454,5,xa,xa,44
6454,6,"jun,",jun,44
6455,0,Xa,xa,44
6455,1,kaib',kaib',44
6455,2,chub'inik,chub'inik,44
6455,3,chikaj,chikaj,44
6455,4,ki,ki,44
6455,5,ma'ij,ma'ij,44
6455,6,chikech.,chikech,44
6456,0,Ju,ju,44
6456,1,ta,ta,44
6456,2,q'ij,q'ij,44
6456,3,ta,ta,44
6456,4,ke'ul,ke'ul,44
6456,5,chi,chi,44
6456,6,k'ut,k'ut,44
6456,7,chiri',chiri',44
6457,0,Chi,chi,44
6457,1,kochoch,kochoch,44
6457,2,ruk',ruk',44
6457,3,kixoqil.,kixoqil,44
6458,0,Xawi,xawi,44
6458,1,ral,ral,44
6458,2,"wonon,",wonon,44
6459,0,Ral,ral,44
6459,1,"sita'l,",sita'l,44
6460,0,Xa,xa,44
6460,1,pu,pu,44
6460,2,ral,ral,44
6460,3,aqaj,aqaj,44
6460,4,"k'u,",k'u,44
6461,0,Kuk'a'am,kuk'a'am,44
6461,1,chikiya'o,chikiya'o,44
6461,2,chirech,chirech,44
6461,3,kixoqil.,kixoqil,44
6462,0,Ju,ju,44
6462,1,ta,ta,44
6462,2,q'ij,q'ij,44
6462,3,ta,ta,44
6462,4,xeb'e,xeb'e,44
6462,5,chi,chi,44
6462,6,k'ut,k'ut,44
6463,0,Chuwach,chuwach,44
6463,1,"Tojil,",tojil,44
6464,0,"Awilix,",awilix,44
6465,0,Jaq'awitz.,jaq'awitz,44
6466,0,Xecha',xecha',44
6466,1,k'ut,k'ut,44
6467,0,Chi,chi,44
6467,1,ki,ki,44
6467,2,"k'u'x,",k'u'x,44
6468,0,“Are',are',44
6468,1,ri,ri,44
6468,2,"Tojil,",tojil,44
6469,0,"Awilix,",awilix,44
6470,0,"Jaq'awitz,",jaq'awitz,44
6471,0,Xa,xa,44
6471,1,u,u,44
6471,2,kik'el,kik'el,44
6471,3,"kej,",kej,44
6472,0,Tz'ikin,tz'ikin,44
6472,1,kaqaya',kaqaya',44
6472,2,chire.,chire,44
6473,0,Xa,xa,44
6473,1,qasisa,qasisa,44
6473,2,qa,qa,44
6473,3,"xikin,",xikin,44
6474,0,Qa,qa,44
6474,1,ch'uk.,ch'uk,44
6475,0,Qa,qa,44
6475,1,tz'onoj,tz'onoj,44
6475,2,qa,qa,44
6475,3,"kowil,",kowil,44
6476,0,Qa,qa,44
6476,1,ch'ijilal,ch'ijilal,44
6477,0,Chire,chire,44
6477,1,"Tojil,",tojil,44
6478,0,"Awilix,",awilix,44
6479,0,Jaq'awitz.,jaq'awitz,44
6480,0,Naqi,naqi,44
6480,1,taj,taj,44
6480,2,chikuch'aj,chikuch'aj,44
6480,3,ki,ki,44
6480,4,kamik,kamik,44
6480,5,ri,ri,44
6480,6,amaq'?,amaq',44
6481,0,Xa,xa,44
6481,1,ta,ta,44
6481,2,jujunal,jujunal,44
6481,3,keqakamisaj?”,keqakamisaj,44
6482,0,Xecha',xecha',44
6482,1,chi,chi,44
6482,2,kib'il,kib'il,44
6482,3,kib',kib',44
6483,0,Ta,ta,44
6483,1,xeb'e,xeb'e,44
6483,2,k'ut,k'ut,44
6483,3,chuwach,chuwach,44
6484,0,"Tojil,",tojil,44
6485,0,"Awilix,",awilix,44
6486,0,Jaq'awitz.,jaq'awitz,44
6487,0,Ta,ta,44
6487,1,xkisis,xkisis,44
6487,2,ki,ki,44
6487,3,"xikin,",xikin,44
6488,0,Ki,ki,44
6488,1,chu'k,chu'k,44
6488,2,chuwach,chuwach,44
6488,3,k'ab'awil.,k'ab'awil,44
6489,0,Xkiwakuj,xkiwakuj,44
6489,1,ri,ri,44
6489,2,ki,ki,44
6489,3,"kik'el,",kik'el,44
6490,0,Xkijik',xkijik',44
6490,1,koq,koq,44
6490,2,pu,pu,44
6490,3,chi',chi',44
6490,4,ri,ri,44
6490,5,ab'aj.,ab'aj,44
6491,0,Ma,ma,44
6491,1,k'u,k'u,44
6491,2,kitzij,kitzij,44
6491,3,ta,ta,44
6491,4,chi,chi,44
6491,5,ab'aj,ab'aj,44
6491,6,chuxik.,chuxik,44
6492,0,Keje',keje',44
6492,1,ri',ri',44
6492,2,e,e,44
6492,3,jujun,jujun,44
6492,4,chi,chi,44
6492,5,k'ajolab',k'ajolab',44
6493,0,Ta,ta,44
6493,1,ke'ulik.,ke'ulik,44
6494,0,Xeki'kot,xeki'kot,44
6494,1,chik,chik,44
6495,0,Chirech,chirech,44
6495,1,ri,ri,44
6495,2,ki,ki,44
6495,3,kik'el,kik'el,44
6495,4,aj,aj,44
6495,5,"k'ixb',",k'ixb',44
6496,0,Aj,aj,44
6496,1,k'ajb'.,k'ajb',44
6497,0,Ta,ta,44
6497,1,xpe,xpe,44
6497,2,chi,chi,44
6497,3,k'ut,k'ut,44
6497,4,retal,retal,44
6498,0,Ki,ki,44
6498,1,b'anoj,b'anoj,44
6498,2,ri':,ri',44
6499,0,“Chich'ako'nisaj,chich'ako'nisaj,44
6499,1,k'i,k'i,44
6499,2,je'.,je',44
6500,0,Are',are',44
6500,1,i,i,44
6500,2,kolb'al,kolb'al,44
6500,3,iwib'.,iwib',44
6501,0,Chila',chila',44
6501,1,xpe,xpe,44
6501,2,wi,wi,44
6501,3,chi,chi,44
6501,4,Tulan,tulan,44
6502,0,Ta,ta,44
6502,1,xojik'am,xojik'am,44
6502,2,"uloq,”",uloq,44
6503,0,Xe'uchax,xe'uchax,44
6503,1,k'ut.,k'ut,44
6504,0,Ta,ta,44
6504,1,xya',xya',44
6504,2,uloq,uloq,44
6505,0,Ri,ri,44
6505,1,tz'um,tz'um,44
6506,0,Pa,pa,44
6506,1,Silisib',silisib',44
6506,2,u,u,44
6506,3,b'i'.,b'i',44
6507,0,Ruk',ruk',44
6507,1,kik',kik',44
6507,2,chok,chok,44
6507,3,"chikij,",chikij,44
6508,0,Ki,ki,44
6508,1,jab',jab',44
6508,2,rib',rib',44
6508,3,ri,ri,44
6508,4,"kik',",kik',44
6509,0,Xuxik,xuxik,44
6509,1,u,u,44
6509,2,ya'on,ya'on,44
6510,0,"Tojil,",tojil,44
6511,0,Ruk',ruk',44
6511,1,"Awilix,",awilix,44
6512,0,Jaq'awitz.,jaq'awitz,44
6513,0,WA'E,wa'e,44
6513,1,u,u,44
6513,2,tikarik,tikarik,44
6513,3,chik,chik,44
6513,4,releq'axik,releq'axik,44
6513,5,"winaq,",winaq,44
6514,0,"Amaq',",amaq',44
6515,0,Kumal,kumal,44
6515,1,B'alam,b'alam,44
6515,2,"Kitze,",kitze,44
6516,0,B'alam,b'alam,44
6516,1,"Aq'ab',",aq'ab',44
6517,0,"Majukutaj,",majukutaj,44
6518,0,Ik'i,ik'i,44
6518,1,B'alam.,b'alam,44
6519,0,K'ATE,k'ate,44
6519,1,puch,puch,44
6519,2,u,u,44
6519,3,kamisaxik,kamisaxik,44
6519,4,amaq',amaq',44
6519,5,ri'.,ri',45
6520,0,Are',are',45
6520,1,xkik'am,xkik'am,45
6520,2,ri':,ri',45
6521,0,Xa,xa,45
6521,1,jun,jun,45
6521,2,"chub'inik,",chub'inik,45
6522,0,Xa,xa,45
6522,1,kaib',kaib',45
6522,2,chub'inik.,chub'inik,45
6523,0,Mawi,mawi,45
6523,1,q'alaj,q'alaj,45
6523,2,ta,ta,45
6523,3,chkik'amo.,chkik'amo,45
6524,0,K'ate,k'ate,45
6524,1,k'ut,k'ut,45
6524,2,ta,ta,45
6524,3,chib'e,chib'e,45
6524,4,ki,ki,45
6524,5,pusu',pusu',45
6525,0,Chuwach,chuwach,45
6525,1,"Tojil,",tojil,45
6526,0,Awilix.,awilix,45
6527,0,K'ate,k'ate,45
6527,1,k'ut,k'ut,45
6527,2,ta,ta,45
6527,3,chikiya',chikiya',45
6527,4,kik',kik',45
6527,5,pa,pa,45
6527,6,"b'e,",b'e,45
6528,0,K'olik,k'olik,45
6528,1,u,u,45
6528,2,jolom,jolom,45
6528,3,chikik'olob'a',chikik'olob'a',45
6528,4,pa,pa,45
6528,5,b'e.,b'e,45
6529,0,Kecha',kecha',45
6529,1,k'ut,k'ut,45
6529,2,ri,ri,45
6529,3,"amaq',",amaq',45
6529,4,“B'alam,b'alam,45
6529,5,mi,mi,45
6529,6,"xti'owik,”",xti'owik,45
6530,0,Xa,xa,45
6530,1,kecha'.,kecha',45
6531,0,Rumal,rumal,45
6531,1,keje',keje',45
6531,2,ri,ri,45
6531,3,raqan,raqan,45
6531,4,b'alam,b'alam,45
6532,0,Kaqan,kaqan,45
6532,1,ta,ta,45
6532,2,chikib'ano.,chikib'ano,45
6533,0,Mawi,mawi,45
6533,1,chikik'ut,chikik'ut,45
6533,2,kib'.,kib',45
6534,0,Tzatz,tzatz,45
6534,1,chi,chi,45
6534,2,amaq',amaq',45
6534,3,xkeleq'aj.,xkeleq'aj,45
6535,0,K'a,k'a,45
6535,1,u,u,45
6535,2,najt,najt,45
6535,3,k'ut,k'ut,45
6536,0,Xuna',xuna',45
6536,1,wi,wi,45
6536,2,rib',rib',45
6536,3,amaq'.,amaq',45
6537,0,“We,we,45
6537,1,are',are',45
6537,2,ri,ri,45
6537,3,"Tojil,",tojil,45
6538,0,Awilix,awilix,45
6538,1,kok,kok,45
6538,2,chiqe.,chiqe,45
6539,0,Xa,xa,45
6539,1,keqatzukuj,keqatzukuj,45
6539,2,ri,ri,45
6539,3,aj,aj,45
6539,4,"k'ixb',",k'ixb',45
6540,0,Aj,aj,45
6540,1,"k'ajb',",k'ajb',45
6541,0,Ta,ta,45
6541,1,la,la,45
6541,2,k'o,k'o,45
6541,3,wi,wi,45
6541,4,kochoch.,kochoch,45
6542,0,Chiqataqej,chiqataqej,45
6542,1,ri,ri,45
6542,2,"kaqan,”",kaqan,45
6543,0,Xecha',xecha',45
6543,1,k'ut,k'ut,45
6543,2,konojel,konojel,45
6543,3,amaq',amaq',45
6544,0,Ta,ta,45
6544,1,xkik'am,xkik'am,45
6544,2,ki,ki,45
6544,3,na'oj,na'oj,45
6544,4,chi,chi,45
6544,5,kib'il,kib'il,45
6544,6,kib'.,kib',45
6545,0,K'ate,k'ate,45
6545,1,k'ut,k'ut,45
6545,2,xkitikib'a',xkitikib'a',45
6546,0,U,u,45
6546,1,taqexik,taqexik,45
6546,2,kaqan,kaqan,45
6547,0,Ri,ri,45
6547,1,aj,aj,45
6547,2,"k'ixb',",k'ixb',45
6548,0,Aj,aj,45
6548,1,k'ajb'.,k'ajb',45
6549,0,Ma,ma,45
6549,1,k'u,k'u,45
6549,2,"q'alaj,",q'alaj,45
6549,3,xa,xa,45
6549,4,raqan,raqan,45
6549,5,"kej,",kej,45
6550,0,Xa,xa,45
6550,1,raqan,raqan,45
6550,2,b'alam,b'alam,45
6550,3,chikilo.,chikilo,45
6551,0,Mawi,mawi,45
6551,1,q'alaj,q'alaj,45
6551,2,kaqan.,kaqan,45
6552,0,Xma,xma,45
6552,1,k'o,k'o,45
6552,2,wi,wi,45
6552,3,q'alaj,q'alaj,45
6552,4,wi,wi,45
6553,0,Are,are,45
6553,1,nab'e,nab'e,45
6553,2,kaqan,kaqan,45
6553,3,ri,ri,45
6553,4,xa,xa,45
6553,5,ki,ki,45
6553,6,"pich,",pich,45
6554,0,Keje',keje',45
6554,1,ri',ri',45
6554,2,kaqan,kaqan,45
6554,3,xa,xa,45
6554,4,sachb'al,sachb'al,45
6554,5,re,re,45
6555,0,Kumal.,kumal,45
6556,0,Mawi,mawi,45
6556,1,q'alaj,q'alaj,45
6556,2,ki,ki,45
6556,3,b'e.,b'e,45
6557,0,Xa,xa,45
6557,1,chiwinaqir,chiwinaqir,45
6557,2,"sutz',",sutz',45
6558,0,Xa,xa,45
6558,1,chiwinaqir,chiwinaqir,45
6558,2,q'eqal,q'eqal,45
6558,3,"jab',",jab',45
6559,0,Xa,xa,45
6559,1,pu,pu,45
6559,2,chiwinaqir,chiwinaqir,45
6559,3,"xoq'ol,",xoq'ol,45
6560,0,Xa,xa,45
6560,1,chiwinaqir,chiwinaqir,45
6560,2,musmul,musmul,45
6560,3,jab'.,jab',45
6561,0,Chikilo,chikilo,45
6562,0,Chikiwach,chikiwach,45
6562,1,amaq'.,amaq',45
6564,0,Ta,ta,45
6564,1,chikoq'otaj,chikoq'otaj,45
6564,2,puch.,puch,45
6565,0,Rumal,rumal,45
6565,1,nim,nim,45
6565,2,u,u,45
6565,3,k'oje'ik,k'oje'ik,45
6566,0,Ri,ri,45
6566,1,"Tojil,",tojil,45
6567,0,"Awilix,",awilix,45
6568,0,Jaq'awitz.,jaq'awitz,45
6569,0,Najt,najt,45
6569,1,k'ut,k'ut,45
6569,2,xkib'an,xkib'an,45
6569,3,chiri',chiri',45
6569,4,chuwi',chuwi',45
6569,5,"juyub',",juyub',45
6570,0,Chuxikin,chuxikin,45
6570,1,ri,ri,45
6570,2,amaq'.,amaq',45
6571,0,Xkikamisaj.,xkikamisaj,45
6572,0,Are',are',45
6572,1,ta,ta,45
6572,2,xwinaqir,xwinaqir,45
6572,3,ri,ri,45
6572,4,"eleq'ik,",eleq'ik,45
6573,0,E,e,45
6573,1,ch'alami,ch'alami,45
6573,2,"q'at,",q'at,45
6574,0,Ta,ta,45
6574,1,chikik'am,chikik'am,45
6574,2,ri,ri,45
6574,3,amaq',amaq',45
6574,4,pa,pa,45
6574,5,taq,taq,45
6574,6,b'e.,b'e,45
6575,0,Chikipus,chikipus,45
6576,0,Chuwach,chuwach,45
6577,0,Ri,ri,45
6577,1,"Tojil,",tojil,45
6578,0,"Awilix,",awilix,45
6579,0,Jaq'awitz.,jaq'awitz,45
6580,0,Xkolo,xkolo,45
6580,1,k'ut,k'ut,45
6580,2,ki,ki,45
6580,3,k'ajol,k'ajol,45
6580,4,chiri',chiri',45
6581,0,Chuwi',chuwi',45
6581,1,juyub'.,juyub',45
6582,0,Are,are,45
6582,1,"Tojil,",tojil,45
6583,0,"Awilix,",awilix,45
6584,0,Jaq'awitz.,jaq'awitz,45
6585,0,Oxib',oxib',45
6585,1,chi,chi,45
6585,2,k'ajolab',k'ajolab',45
6585,3,ki,ki,45
6585,4,wachib'al,wachib'al,45
6585,5,keb'inik;,keb'inik,45
6586,0,Xa,xa,45
6586,1,u,u,45
6586,2,nawal,nawal,45
6586,3,ri,ri,45
6586,4,ab'aj.,ab'aj,45
6587,0,Xk'oje',xk'oje',45
6587,1,jun,jun,45
6587,2,"ja',",ja',45
6588,0,Are,are,45
6588,1,ke'atin,ke'atin,45
6588,2,wi,wi,45
6589,0,Chiri',chiri',45
6590,0,Chuchi',chuchi',45
6590,1,ja'.,ja',45
6591,0,Xa,xa,45
6591,1,ki,ki,45
6591,2,k'utb'al,k'utb'al,45
6591,3,kib'.,kib',45
6592,0,Xub'i'naj,xub'i'naj,45
6592,1,k'ut:,k'ut,45
6593,0,Chi,chi,45
6593,1,Ratinib'al,ratinib'al,45
6593,2,"Tojil,",tojil,45
6594,0,U,u,45
6594,1,b'i',b'i',45
6594,2,ja',ja',45
6594,3,xuxik.,xuxik,45
6595,0,K'iya,k'iya,45
6595,1,mul,mul,45
6595,2,k'ut,k'ut,45
6595,3,chikilo,chikilo,45
6595,4,amaq'.,amaq',45
6596,0,Lib'aj,lib'aj,45
6596,1,chi,chi,45
6596,2,chikisachix,chikisachix,45
6596,3,taj,taj,45
6596,4,kib'.,kib',45
6597,0,Ta,ta,45
6597,1,ke'ilik,ke'ilik,45
6598,0,Rumal,rumal,45
6598,1,amaq'.,amaq',45
6599,0,Ta,ta,45
6599,1,xux,xux,45
6599,2,taj,taj,45
6599,3,u,u,45
6599,4,tzijel,tzijel,45
6600,0,Ri,ri,45
6600,1,e,e,45
6600,2,k'o,k'o,45
6600,3,wi,wi,45
6601,0,Ri,ri,45
6601,1,B'alam,b'alam,45
6601,2,"Kitze,",kitze,45
6602,0,B'alam,b'alam,45
6602,1,"Aq'ab',",aq'ab',45
6603,0,"Majukutaj,",majukutaj,45
6604,0,Ik'i,ik'i,45
6604,1,B'alam.,b'alam,45
6605,0,Are',are',45
6605,1,k'u,k'u,45
6605,2,wa',wa',45
6605,3,u,u,45
6605,4,k'amik,k'amik,45
6605,5,u,u,45
6605,6,na'oj,na'oj,45
6605,7,amaq',amaq',45
6606,0,Chire,chire,45
6606,1,u,u,45
6606,2,kamisaxik,kamisaxik,45
6606,3,taj.,taj,45
6607,0,NAB'E,nab'e,45
6607,1,k'ut,k'ut,45
6607,2,xraj,xraj,45
6608,0,Ki,ki,45
6608,1,na'ojij,na'ojij,45
6608,2,amaq',amaq',45
6608,3,u,u,45
6608,4,ch'akik,ch'akik,45
6609,0,"Tojil,",tojil,45
6610,0,"Awilix,",awilix,45
6611,0,Jaq'awitz.,jaq'awitz,45
6612,0,Xecha',xecha',45
6612,1,ronojel,ronojel,45
6612,2,ri,ri,45
6612,3,aj,aj,45
6612,4,"k'ixb',",k'ixb',45
6613,0,Aj,aj,45
6613,1,k'ajb',k'ajb',45
6613,2,chuwach,chuwach,45
6613,3,amaq'.,amaq',45
6614,0,Xkejek,xkejek,45
6614,1,"kib',",kib',45
6615,0,Xketaq,xketaq,45
6615,1,pu,pu,45
6615,2,kib',kib',45
6615,3,konojel.,konojel,45
6616,0,Maja,maja,45
6616,1,b'i,b'i,45
6616,2,ju,ju,45
6616,3,"ch'ob',",ch'ob',45
6617,0,Ka,ka,45
6617,1,ch'ob',ch'ob',45
6617,2,ta,ta,45
6617,3,chik,chik,45
6617,4,xkanaj,xkanaj,45
6617,5,chike.,chike,45
6618,0,Konojel,konojel,45
6618,1,xekuchu,xekuchu,45
6618,2,"kib',",kib',45
6619,0,Xetaqo,xetaqo,45
6619,1,pu,pu,45
6619,2,kib'.,kib',45
6620,0,Ta,ta,45
6620,1,xk'am,xk'am,45
6620,2,ki,ki,45
6620,3,"na'oj,",na'oj,45
6621,0,Xecha',xecha',45
6621,1,"k'ut,",k'ut,45
6622,0,Ta,ta,45
6622,1,xkitz'onob'ej,xkitz'onob'ej,45
6622,2,kib':,kib',45
6623,0,Naqi,naqi,45
6623,1,pa,pa,45
6623,2,chi,chi,45
6623,3,kuchaj,kuchaj,45
6623,4,ki,ki,45
6623,5,ch'akik,ch'akik,45
6624,0,Ri,ri,45
6624,1,Kaweq,kaweq,45
6624,2,K'eche',k'eche',45
6624,3,winaq?,winaq,45
6625,0,Rumal,rumal,45
6625,1,mi,mi,45
6625,2,xk'is,xk'is,45
6625,3,"qal,",qal,45
6626,0,K'ajol.,k'ajol,45
6627,0,Mawi,mawi,45
6627,1,q'alaj,q'alaj,45
6628,0,U,u,45
6628,1,sachik,sachik,45
6628,2,winaq,winaq,45
6628,3,kumal.,kumal,45
6629,0,We,we,45
6629,1,kojk'isik,kojk'isik,45
6629,2,chi,chi,45
6629,3,"eleq'axik,",eleq'axik,45
6630,0,Ta,ta,45
6630,1,chuxoq,chuxoq,45
6631,0,We,we,45
6631,1,are',are',45
6631,2,nim,nim,45
6632,0,U,u,45
6632,1,q'aq'al,q'aq'al,45
6633,0,Ri,ri,45
6633,1,"Tojil,",tojil,45
6634,0,"Awilix,",awilix,45
6635,0,"Jaq'awitz,",jaq'awitz,45
6636,0,Are',are',45
6636,1,ta,ta,45
6636,2,k'ut,k'ut,45
6636,3,qa,qa,45
6636,4,k'ab'awil,k'ab'awil,45
6637,0,Ri,ri,45
6637,1,Tojil,tojil,45
6637,2,chuxik.,chuxik,45
6638,0,Chiqanab'ij,chiqanab'ij,45
6638,1,taj.,taj,45
6639,0,Mawi,mawi,45
6639,1,chutzinik,chutzinik,45
6639,2,kojkich'ako.,kojkich'ako,45
6640,0,Ma,ma,45
6640,1,pa,pa,45
6640,2,oj,oj,45
6640,3,k'iya,k'iya,45
6640,4,winaq,winaq,45
6640,5,chiqak'oje'ik?,chiqak'oje'ik,45
6641,0,Are',are',45
6641,1,k'u,k'u,45
6641,2,ri,ri,45
6641,3,Kaweq,kaweq,45
6641,4,mawi,mawi,45
6641,5,jarub',jarub',45
6641,6,chikik'oje'ik?”,chikik'oje'ik,45
6642,0,Xecha',xecha',45
6642,1,k'ut,k'ut,45
6643,0,Ta,ta,45
6643,1,xeponik,xeponik,45
6643,2,konojel.,konojel,45
6644,0,Xcha',xcha',45
6644,1,chik,chik,45
6644,2,chajkar,chajkar,45
6645,0,Chikech,chikech,45
6645,1,ri,ri,45
6645,2,amaq',amaq',45
6645,3,ta,ta,45
6645,4,xech'awik:,xech'awik,45
6646,0,“Apachina,apachina,45
6646,1,ri',ri',45
6646,2,lo,lo,45
6646,3,ke'atin,ke'atin,45
6647,0,Chuchi',chuchi',45
6647,1,ya',ya',45
6647,2,ju,ju,45
6647,3,taq,taq,45
6647,4,q'ij?,q'ij,45
6648,0,We,we,45
6648,1,are',are',45
6648,2,"Tojil,",tojil,45
6649,0,"Awilix,",awilix,45
6650,0,"Jaq'awitz,",jaq'awitz,45
6651,0,Are',are',45
6651,1,taq,taq,45
6651,2,keqach'ak,keqach'ak,45
6651,3,na,na,45
6651,4,nab'e.,nab'e,45
6652,0,Chiri',chiri',45
6652,1,ta,ta,45
6652,2,k'ut,k'ut,45
6652,3,chitikar,chitikar,45
6652,4,wi,wi,45
6652,5,ki,ki,45
6652,6,ch'akatajik,ch'akatajik,45
6653,0,Ri,ri,45
6653,1,e,e,45
6653,2,aj,aj,45
6653,3,"k'ixb',",k'ixb',45
6654,0,E,e,45
6654,1,ah,ah,45
6654,2,"k'ajb',”",k'ajb',45
6655,0,Xecha',xecha',45
6655,1,chi,chi,45
6655,2,k'ut,k'ut,45
6655,3,chajkar,chajkar,45
6655,4,chik,chik,45
6656,0,Ta,ta,45
6656,1,xech'awik:,xech'awik,45
6657,0,“Naqi,naqi,45
6657,1,la',la',45
6657,2,k'ut,k'ut,45
6657,3,chiqach'akb'ej,chiqach'akb'ej,45
6657,4,kech?”,kech,45
6657,5,xecha',xecha',45
6657,6,chi,chi,45
6657,7,k'ut.,k'ut,45
6658,0,“Are',are',45
6658,1,ta,ta,45
6658,2,qa,qa,45
6658,3,ch'akob'al,ch'akob'al,45
6658,4,kech,kech,45
6658,5,chuxik:,chuxik,45
6659,0,Rumal,rumal,45
6659,1,ri,ri,45
6659,2,e,e,45
6659,3,k'ajolab',k'ajolab',45
6659,4,kewachinik,kewachinik,45
6660,0,Ta,ta,45
6660,1,ka'ilitaj,ka'ilitaj,45
6660,2,chi,chi,45
6660,3,"a',",a',45
6661,0,Keb'e,keb'e,45
6661,1,ta,ta,45
6661,2,k'ut,k'ut,45
6661,3,e,e,45
6661,4,kaib',kaib',45
6661,5,q'apojib'.,q'apojib',46
6662,0,Are',are',46
6662,1,ta,ta,46
6662,2,ri,ri,46
6662,3,qitzij,qitzij,46
6662,4,chi,chi,46
6662,5,e,e,46
6662,6,"cha'om,",cha'om,46
6663,0,E,e,46
6663,1,ta,ta,46
6663,2,saqloq'oj,saqloq'oj,46
6663,3,chi,chi,46
6663,4,q'apojib'.,q'apojib',46
6664,0,Chib'e,chib'e,46
6664,1,ta,ta,46
6664,2,k'ut,k'ut,46
6664,3,ki,ki,46
6664,4,rayb'al,rayb'al,46
6664,5,"chire,”",chire,46
6664,6,xecha',xecha',46
6664,7,k'ut.,k'ut,46
6665,0,“Utz,utz,46
6665,1,b'a,b'a,46
6665,2,"la',",la',46
6665,3,xa,xa,46
6665,4,b'a,b'a,46
6665,5,keqatzukuj,keqatzukuj,46
6665,6,e,e,46
6665,7,ta,ta,46
6665,8,kaib',kaib',46
6666,0,Chi,chi,46
6666,1,utzilaj,utzilaj,46
6666,2,taq,taq,46
6666,3,"q'apojib',”",q'apojib',46
6666,4,xecha',xecha',46
6666,5,k'ut.,k'ut,46
6667,0,Ta,ta,46
6667,1,xkitzukuj,xkitzukuj,46
6667,2,k'ut,k'ut,46
6667,3,ki,ki,46
6667,4,me'al.,me'al,46
6668,0,Are',are',46
6668,1,ri,ri,46
6668,2,qitzij,qitzij,46
6668,3,e,e,46
6668,4,saqilaj,saqilaj,46
6668,5,taq,taq,46
6668,6,q'apojib'.,q'apojib',46
6669,0,Ta,ta,46
6669,1,xkipixab'aj,xkipixab'aj,46
6669,2,k'ut,k'ut,46
6669,3,ri,ri,46
6669,4,q'apojib':,q'apojib',46
6670,0,“Kixb'ek,kixb'ek,46
6670,1,ix,ix,46
6670,2,qa,qa,46
6670,3,mi'al,mi'al,46
6670,4,ojich'aja',ojich'aja',46
6670,5,ri,ri,46
6670,6,k'ul,k'ul,46
6670,7,chi,chi,46
6670,8,ya'.,ya',46
6671,0,We,we,46
6671,1,k'ut,k'ut,46
6671,2,ta,ta,46
6671,3,ke'iwil,ke'iwil,46
6671,4,ri,ri,46
6671,5,e,e,46
6671,6,oxib',oxib',46
6671,7,"k'ajolab',",k'ajolab',46
6672,0,Chisonob'a',chisonob'a',46
6672,1,k'u,k'u,46
6672,2,iwib',iwib',46
6672,3,chikiwach.,chikiwach,46
6673,0,We,we,46
6673,1,k'ut,k'ut,46
6673,2,chirayin,chirayin,46
6673,3,ki,ki,46
6673,4,k'u'x,k'u'x,46
6673,5,"chiwe,",chiwe,46
6674,0,Kixchoko.,kixchoko,46
6675,0,‘Kojopon,kojopon,46
6675,1,ta,ta,46
6675,2,"chiwij,’",chiwij,46
6676,0,Ta,ta,46
6676,1,kecha',kecha',46
6676,2,"chiwech,",chiwech,46
6677,0,"‘We',’",we',46
6677,1,kixcha',kixcha',46
6677,2,"k'ut,",k'ut,46
6678,0,Ta,ta,46
6678,1,kixtz'onox,kixtz'onox,46
6678,2,k'ut.,k'ut,46
6679,0,‘Apa,apa,46
6679,1,kixpe,kixpe,46
6679,2,"wi,",wi,46
6680,0,Apa,apa,46
6680,1,aj,aj,46
6680,2,choq',choq',46
6680,3,mi'al?’,mi'al,46
6681,0,Ta,ta,46
6681,1,"kecha',",kecha',46
6681,2,‘Oj,oj,46
6681,3,ki,ki,46
6681,4,mi'al,mi'al,46
6681,5,"ajawab',’",ajawab',46
6682,0,Kixcha',kixcha',46
6682,1,k'u,k'u,46
6682,2,chike.,chike,46
6683,0,‘Chipe,chipe,46
6683,1,k'u,k'u,46
6683,2,retal,retal,46
6683,3,iwumal.’,iwumal,46
6684,0,Ta,ta,46
6684,1,naqi,naqi,46
6684,2,la',la',46
6684,3,chikiya',chikiya',46
6684,4,chiwe.,chiwe,46
6685,0,Taseq,taseq,46
6685,1,chikirayij,chikirayij,46
6685,2,i,i,46
6685,3,"wach,",wach,46
6686,0,Qitzij,qitzij,46
6686,1,chiya',chiya',46
6686,2,iwib',iwib',46
6686,3,chikech.,chikech,46
6687,0,We,we,46
6687,1,k'ut,k'ut,46
6687,2,ta,ta,46
6687,3,mawi,mawi,46
6687,4,chiya',chiya',46
6687,5,"iwib',",iwib',46
6688,0,Kixqakamisaj,kixqakamisaj,46
6688,1,k'ut.,k'ut,46
6689,0,K'ate,k'ate,46
6689,1,utz,utz,46
6689,2,qa,qa,46
6689,3,k'u'x,k'u'x,46
6690,0,Ta,ta,46
6690,1,k'o,k'o,46
6690,2,retal,retal,46
6690,3,chik'am,chik'am,46
6690,4,uloq.,uloq,46
6691,0,Are',are',46
6691,1,k'u,k'u,46
6691,2,retal,retal,46
6691,3,chi,chi,46
6691,4,qa,qa,46
6691,5,k'u'x,k'u'x,46
6692,0,Ta,ta,46
6692,1,ke'apon,ke'apon,46
6692,2,"chiwij,”",chiwij,46
6693,0,Xecha',xecha',46
6693,1,k'u,k'u,46
6693,2,ri,ri,46
6693,3,"ajawab',",ajawab',46
6694,0,Ta,ta,46
6694,1,xepixab'ax,xepixab'ax,46
6694,2,ri,ri,46
6694,3,q'apojib'.,q'apojib',46
6695,0,E,e,46
6695,1,"kaib',",kaib',46
6696,0,Are',are',46
6696,1,ki,ki,46
6696,2,b'i,b'i,46
6696,3,wa':,wa',46
6697,0,Xtaj,xtaj,46
6697,1,u,u,46
6697,2,b'i',b'i',46
6697,3,jun,jun,46
6697,4,"q'apoj,",q'apoj,46
6698,0,Xpuch',xpuch',46
6698,1,chi,chi,46
6698,2,k'ut,k'ut,46
6698,3,u,u,46
6698,4,b'i',b'i',46
6698,5,jun,jun,46
6698,6,chik.,chik,46
6699,0,E,e,46
6699,1,pu,pu,46
6699,2,"kaib',",kaib',46
6700,0,"Xtaj,",xtaj,46
6701,0,"Xpuch',",xpuch',46
6702,0,Ki,ki,46
6702,1,b'i'.,b'i',46
6703,0,Xetaq,xetaq,46
6703,1,ub'ik,ub'ik,46
6703,2,chi,chi,46
6703,3,"ya',",ya',46
6704,0,Chi,chi,46
6704,1,Ratinib'al,ratinib'al,46
6705,0,"Tojil,",tojil,46
6706,0,"Awilix,",awilix,46
6707,0,Jaq'awitz.,jaq'awitz,46
6708,0,Are',are',46
6708,1,ki,ki,46
6708,2,na'oj,na'oj,46
6708,3,ronojel,ronojel,46
6708,4,amaq',amaq',46
6708,5,ri'.,ri',46
6709,0,K'ATE,k'ate,46
6709,1,puch,puch,46
6709,2,xeb'ek.,xeb'ek,46
6710,0,Xekawuxik.,xekawuxik,46
6711,0,Qitzij,qitzij,46
6711,1,wi,wi,46
6711,2,chi,chi,46
6711,3,jeb'elik,jeb'elik,46
6711,4,chiwachinik,chiwachinik,46
6712,0,Ta,ta,46
6712,1,xeb'ek,xeb'ek,46
6712,2,chila',chila',46
6713,0,Chatin,chatin,46
6713,1,wi,wi,46
6713,2,Tojil.,tojil,46
6714,0,Kikarilo'on,kikarilo'on,46
6714,1,k'u,k'u,46
6715,0,Ri,ri,46
6715,1,ki,ki,46
6715,2,ch'ajo'n,ch'ajo'n,46
6715,3,ta,ta,46
6715,4,xeb'ek.,xeb'ek,46
6716,0,Keki'kot,keki'kot,46
6716,1,chi,chi,46
6716,2,k'u,k'u,46
6716,3,ri,ri,46
6716,4,ajawab',ajawab',46
6717,0,Kumal,kumal,46
6717,1,ri,ri,46
6717,2,e,e,46
6717,3,kaib',kaib',46
6717,4,ki,ki,46
6717,5,mi'al,mi'al,46
6717,6,xkitaq,xkitaq,46
6717,7,ub'ik.,ub'ik,46
6718,0,Ta,ta,46
6718,1,xe'opon,xe'opon,46
6718,2,k'ut,k'ut,46
6718,3,chi,chi,46
6718,4,ya',ya',46
6719,0,K'ate,k'ate,46
6719,1,xkitikib'a',xkitikib'a',46
6719,2,ch'ajo'nik.,ch'ajo'nik,46
6720,0,Xkitzonob'a',xkitzonob'a',46
6720,1,kib',kib',46
6720,2,ki,ki,46
6720,3,kab',kab',46
6720,4,"ichal,",ichal,46
6721,0,E,e,46
6721,1,chakachaxinaq,chakachaxinaq,46
6721,2,chuwach,chuwach,46
6721,3,taq,taq,46
6721,4,ab'aj.,ab'aj,46
6722,0,Ta,ta,46
6722,1,xek'ulun,xek'ulun,46
6722,2,k'u,k'u,46
6723,0,Ri,ri,46
6723,1,"Tojil,",tojil,46
6724,0,"Awilix,",awilix,46
6725,0,Jaq'awitz.,jaq'awitz,46
6726,0,Xe'opon,xe'opon,46
6726,1,chila',chila',46
6726,2,chuchi',chuchi',46
6726,3,ya'.,ya',46
6727,0,Xa,xa,46
6727,1,k'u,k'u,46
6727,2,sqaqi'n,sqaqi'n,46
6727,3,xrok'o'ib'ej,xrok'o'ib'ej,46
6727,4,ki,ki,46
6727,5,wach,wach,46
6728,0,Ri,ri,46
6728,1,e,e,46
6728,2,kaib',kaib',46
6728,3,q'apojib',q'apojib',46
6728,4,kech'ajo'nik.,kech'ajo'nik,46
6729,0,Are',are',46
6729,1,k'u,k'u,46
6729,2,ri,ri,46
6729,3,q'apojib',q'apojib',46
6729,4,xa,xa,46
6729,5,ju,ju,46
6729,6,su,su,46
6729,7,xek'ixb'ik.,xek'ixb'ik,46
6730,0,Ta,ta,46
6730,1,xe'opon,xe'opon,46
6730,2,ri,ri,46
6730,3,"Tojil,",tojil,46
6731,0,Ma,ma,46
6731,1,k'u,k'u,46
6731,2,ja,ja,46
6731,3,b'i,b'i,46
6731,4,xb'e,xb'e,46
6731,5,ki,ki,46
6731,6,rayib'al,rayib'al,46
6731,7,ri,ri,46
6731,8,Tojil,tojil,46
6732,0,Chirech,chirech,46
6732,1,ri,ri,46
6733,0,E,e,46
6733,1,kaib',kaib',46
6733,2,q'apojib'.,q'apojib',46
6734,0,Ta,ta,46
6734,1,xetz'onox,xetz'onox,46
6734,2,k'ut:,k'ut,46
6735,0,“Apa,apa,46
6735,1,kixpe,kixpe,46
6735,2,wi?”,wi,46
6736,0,Xe'uchaxik,xe'uchaxik,46
6736,1,chirech,chirech,46
6737,0,Ri,ri,46
6737,1,e,e,46
6737,2,kaib,kaib,46
6737,3,q'apojib'.,q'apojib',46
6738,0,Xe'uchaxik:,xe'uchaxik,46
6739,0,“Naqi,naqi,46
6739,1,pa,pa,46
6739,2,kiwaj.,kiwaj,46
6740,0,Kixul,kixul,46
6740,1,waral,waral,46
6741,0,Chuchi',chuchi',46
6741,1,wi,wi,46
6741,2,qa,qa,46
6741,3,a'?”,a',46
6742,0,Xe'uchax,xe'uchax,46
6742,1,k'ut.,k'ut,46
6743,0,“Oj,oj,46
6743,1,b'a,b'a,46
6743,2,taqon,taqon,46
6743,3,uloq,uloq,46
6743,4,kumal,kumal,46
6743,5,"ajawab',",ajawab',46
6744,0,Ta,ta,46
6744,1,xojpetik.,xojpetik,46
6745,0,‘Chib'e,chib'e,46
6745,1,iwila',iwila',46
6746,0,Ki,ki,46
6746,1,wach,wach,46
6746,2,ri,ri,46
6746,3,"Tojil,",tojil,46
6747,0,Kixch'aw,kixch'aw,46
6747,1,"kuk',",kuk',46
6747,2,xecha',xecha',46
6747,3,ajawab',ajawab',46
6747,4,chiqe.,chiqe,46
6748,0,Keje',keje',46
6748,1,k'ut,k'ut,46
6748,2,chipe,chipe,46
6748,3,wi,wi,46
6748,4,retal,retal,46
6749,0,Qitzij,qitzij,46
6749,1,we,we,46
6749,2,chiwil,chiwil,46
6749,3,ki,ki,46
6749,4,"wach,",wach,46
6750,0,"Xojojuchaxik,”",xojojuchaxik,46
6751,0,Xecha',xecha',46
6751,1,k'u,k'u,46
6752,0,Ri,ri,46
6752,1,e,e,46
6752,2,kaib',kaib',46
6752,3,q'apojib',q'apojib',46
6753,0,Ta,ta,46
6753,1,xkisuk'ub'a',xkisuk'ub'a',46
6753,2,ki,ki,46
6753,3,taqikil.,taqikil,46
6754,0,Are',are',46
6754,1,ta,ta,46
6754,2,k'u,k'u,46
6754,3,xkaj,xkaj,46
6754,4,ri,ri,46
6754,5,amaq':,amaq',46
6755,0,Xejox,xejox,46
6755,1,ta,ta,46
6755,2,ri,ri,46
6755,3,q'apojib',q'apojib',46
6756,0,Rumal,rumal,46
6756,1,ki,ki,46
6756,2,nawal,nawal,46
6756,3,Tojil.,tojil,46
6757,0,Xecha',xecha',46
6757,1,k'u,k'u,46
6758,0,Ri,ri,46
6758,1,"Tojil,",tojil,46
6759,0,"Awilix,",awilix,46
6760,0,"Jaq'awitz,",jaq'awitz,46
6761,0,Ta,ta,46
6761,1,xech'aw,xech'aw,46
6761,2,chik,chik,46
6761,3,chikech,chikech,46
6761,4,ri,ri,46
6761,5,"Xtaj,",xtaj,46
6762,0,"Xpuch',",xpuch',46
6763,0,Ki,ki,46
6763,1,b'i',b'i',46
6764,0,Re,re,46
6764,1,e,e,46
6764,2,kaib',kaib',46
6764,3,q'apojib':,q'apojib',46
6765,0,“Utz,utz,46
6765,1,chib'ek,chib'ek,46
6765,2,retal,retal,46
6765,3,qa,qa,46
6765,4,tzij,tzij,46
6765,5,iwuk'.,iwuk',46
6766,0,Chiwoyob'ej,chiwoyob'ej,46
6766,1,na,na,46
6766,2,chiya',chiya',46
6766,3,apanoq,apanoq,46
6766,4,chikech,chikech,46
6766,5,"ajawab',”",ajawab',46
6767,0,Xe'uchax,xe'uchax,46
6767,1,k'ut.,k'ut,46
6768,0,K'ate,k'ate,46
6768,1,puch,puch,46
6768,2,ki,ki,46
6768,3,na'ojinik,na'ojinik,46
6768,4,chik,chik,46
6769,0,Ri,ri,46
6769,1,aj,aj,46
6769,2,"k'ixb',",k'ixb',46
6770,0,Aj,aj,46
6770,1,k'aj'b'.,k'aj'b',46
6771,0,Xe'uchax,xe'uchax,46
6771,1,ri,ri,46
6771,2,B'alam,b'alam,46
6771,3,"Kitze,",kitze,46
6772,0,B'alam,b'alam,46
6772,1,"Aq'ab',",aq'ab',46
6773,0,"Majukutaj,",majukutaj,46
6774,0,Ik'i,ik'i,46
6774,1,B'alam:,b'alam,46
6775,0,“Kixtz'ib'anoq,kixtz'ib'anoq,46
6775,1,oxib',oxib',46
6775,2,"k'ul,",k'ul,46
6776,0,Chitz'ib'aj,chitz'ib'aj,46
6776,1,retal,retal,46
6776,2,i,i,46
6776,3,k'oje'ik.,k'oje'ik,46
6777,0,Chopon,chopon,46
6777,1,kuk',kuk',46
6777,2,"amaq',",amaq',46
6778,0,Chib'e,chib'e,46
6778,1,kuk',kuk',46
6778,2,ri,ri,46
6778,3,e,e,46
6778,4,kaib',kaib',46
6778,5,q'apojib',q'apojib',46
6779,0,Kech'ajo'nik.,kech'ajo'nik,46
6780,0,Chiya',chiya',46
6780,1,ub'ik,ub'ik,46
6780,2,"chike,”",chike,46
6781,0,Xe'uchax,xe'uchax,46
6781,1,k'ut,k'ut,46
6782,0,B'alam,b'alam,46
6782,1,"Kitze,",kitze,46
6783,0,B'alam,b'alam,46
6783,1,"Aq'ab',",aq'ab',46
6784,0,Majukutaj.,majukutaj,46
6785,0,K'ATE,k'ate,46
6785,1,k'ut,k'ut,46
6785,2,xetz'ib'anik,xetz'ib'anik,46
6785,3,kox,kox,46
6785,4,ichal.,ichal,46
6786,0,Nab'e,nab'e,46
6786,1,xtz'ib'an,xtz'ib'an,46
6786,2,ri,ri,46
6786,3,B'alam,b'alam,46
6786,4,Kitze.,kitze,46
6787,0,B'alam,b'alam,46
6787,1,u,u,46
6787,2,wachib'al,wachib'al,46
6787,3,xuxik,xuxik,46
6788,0,Xutz'ib'aj,xutz'ib'aj,46
6788,1,chuwach,chuwach,46
6788,2,k'ul.,k'ul,46
6789,0,Are',are',46
6789,1,k'u,k'u,46
6789,2,ri,ri,46
6789,3,chi,chi,46
6789,4,B'alam,b'alam,46
6789,5,Aq'ab'.,aq'ab',46
6790,0,Kot,kot,46
6790,1,chik,chik,46
6790,2,u,u,46
6790,3,wachib'al,wachib'al,46
6791,0,Xutz'ib'aj,xutz'ib'aj,46
6791,1,chuwach,chuwach,46
6791,2,k'ul.,k'ul,46
6792,0,Ta,ta,47
6792,1,xtz'ib'an,xtz'ib'an,47
6792,2,chi,chi,47
6792,3,k'u,k'u,47
6792,4,ri,ri,47
6792,5,Majukutaj.,majukutaj,47
6793,0,Jumaj,jumaj,47
6793,1,"wonon,",wonon,47
6794,0,Jumaj,jumaj,47
6794,1,"sita'l,",sita'l,47
6795,0,U,u,47
6795,1,wachib'al,wachib'al,47
6795,2,u,u,47
6795,3,"tz'ib',",tz'ib',47
6796,0,Xutz'ib'aj,xutz'ib'aj,47
6796,1,chuwach,chuwach,47
6796,2,k'ul.,k'ul,47
6797,0,Xutzin,xutzin,47
6797,1,k'ut,k'ut,47
6797,2,ki,ki,47
6797,3,tz'ib',tz'ib',47
6797,4,kox,kox,47
6797,5,"ichal,",ichal,47
6798,0,Ox,ox,47
6798,1,b'usaj,b'usaj,47
6798,2,xkitz'ib'aj.,xkitz'ib'aj,47
6799,0,K'ate,k'ate,47
6799,1,k'ut,k'ut,47
6799,2,ta,ta,47
6799,3,xeb'e,xeb'e,47
6799,4,ki,ki,47
6799,5,ya',ya',47
6799,6,k'ul,k'ul,47
6800,0,Ri,ri,47
6800,1,"Xtaj,",xtaj,47
6801,0,Xpuch',xpuch',47
6801,1,ki,ki,47
6801,2,b'i'.,b'i',47
6802,0,Xecha',xecha',47
6802,1,k'u,k'u,47
6803,0,Ri,ri,47
6803,1,B'alam,b'alam,47
6803,2,"Kitze,",kitze,47
6804,0,B'alam,b'alam,47
6804,1,"Aq'ab',",aq'ab',47
6805,0,Majukutaj.,majukutaj,47
6806,0,“Wa'e,wa'e,47
6806,1,retal,retal,47
6806,2,i,i,47
6806,3,tzij,tzij,47
6807,0,Kixoponik,kixoponik,47
6807,1,chikiwach,chikiwach,47
6807,2,ajawab'.,ajawab',47
6808,0,‘Qitzij,qitzij,47
6808,1,xch'aw,xch'aw,47
6808,2,ri,ri,47
6808,3,Tojil,tojil,47
6808,4,"chiqech,’",chiqech,47
6808,5,kixcha'.,kixcha',47
6810,0,Chikiq'u'j,chikiq'u'j,47
6810,1,k'u,k'u,47
6811,0,Ri',ri',47
6811,1,k'ul,k'ul,47
6811,2,chiya',chiya',47
6811,3,"chike,”",chike,47
6812,0,Xe'uchax,xe'uchax,47
6812,1,k'ut,k'ut,47
6812,2,ri,ri,47
6812,3,q'apojib',q'apojib',47
6813,0,Ta,ta,47
6813,1,xkipixab'aj,xkipixab'aj,47
6813,2,ub'ik.,ub'ik,47
6814,0,Ta,ta,47
6814,1,xeb'e,xeb'e,47
6814,2,"k'ut,",k'ut,47
6815,0,Xkuk'a'j,xkuk'a'j,47
6815,1,ub'i,ub'i,47
6815,2,ri,ri,47
6815,3,tz'ib'an,tz'ib'an,47
6815,4,k'ul.,k'ul,47
6816,0,Ta,ta,47
6816,1,xe'opon,xe'opon,47
6816,2,"k'ut,",k'ut,47
6817,0,Ju,ju,47
6817,1,su,su,47
6817,2,k'u,k'u,47
6817,3,xeki'kot,xeki'kot,47
6817,4,ri,ri,47
6817,5,ajawab',ajawab',47
6818,0,Ta,ta,47
6818,1,xil,xil,47
6819,0,Ki,ki,47
6819,1,wach,wach,47
6820,0,Xekel,xekel,47
6820,1,u,u,47
6820,2,q'a.,q'a,47
6821,0,Kitz'onoxik,kitz'onoxik,47
6821,1,ri,ri,47
6821,2,q'apojib':,q'apojib',47
6822,0,“Ma,ma,47
6822,1,xiwil,xiwil,47
6822,2,u,u,47
6822,3,wach,wach,47
6822,4,ri,ri,47
6822,5,Tojil?”,tojil,47
6822,6,xe'uchaxik.,xe'uchaxik,47
6823,0,“Xqil,xqil,47
6823,1,b'a,b'a,47
6823,2,"la',”",la',47
6823,3,xecha',xecha',47
6823,4,k'u,k'u,47
6824,0,Ri,ri,47
6824,1,"Xtaj,",xtaj,47
6825,0,Xpuch'.,xpuch',47
6826,0,“Utz,utz,47
6826,1,b'a,b'a,47
6826,2,"la',",la',47
6826,3,naqi,naqi,47
6826,4,pa,pa,47
6826,5,retal,retal,47
6826,6,xik'am,xik'am,47
6826,7,uloq?,uloq,47
6827,0,Ma,ma,47
6827,1,qitzij?”,qitzij,47
6827,2,xech'aw,xech'aw,47
6827,3,ri,ri,47
6827,4,ajawab'.,ajawab',47
6828,0,Keje',keje',47
6828,1,ri',ri',47
6828,2,b'a,b'a,47
6828,3,ri,ri,47
6828,4,retal,retal,47
6828,5,ki,ki,47
6828,6,makunik,makunik,47
6829,0,Xkina',xkina',47
6829,1,ri,ri,47
6829,2,ajawab'.,ajawab',47
6830,0,Ta,ta,47
6830,1,xkiritaj,xkiritaj,47
6830,2,k'u,k'u,47
6831,0,Ri,ri,47
6831,1,tz'ib'an,tz'ib'an,47
6831,2,k'ul,k'ul,47
6831,3,kumal,kumal,47
6831,4,q'apojib'.,q'apojib',47
6832,0,Jumaj,jumaj,47
6832,1,"b'alam,",b'alam,47
6833,0,Jumaj,jumaj,47
6833,1,"kot,",kot,47
6834,0,Jumaj,jumaj,47
6834,1,nay,nay,47
6834,2,puch,puch,47
6834,3,"wonon,",wonon,47
6835,0,"Sita'l,",sita'l,47
6836,0,U,u,47
6836,1,tz'ib'al,tz'ib'al,47
6836,2,u,u,47
6836,3,pam,pam,47
6836,4,k'ul,k'ul,47
6837,0,Chiyulinik,chiyulinik,47
6837,1,u,u,47
6837,2,wach.,wach,47
6838,0,Ta,ta,47
6838,1,xkirayij,xkirayij,47
6838,2,k'ut,k'ut,47
6838,3,u,u,47
6838,4,wach.,wach,47
6839,0,K'ate,k'ate,47
6839,1,xkikoj,xkikoj,47
6839,2,chikij.,chikij,47
6840,0,Ma,ma,47
6840,1,k'u,k'u,47
6840,2,ja,ja,47
6840,3,b'i,b'i,47
6840,4,xub'an,xub'an,47
6840,5,ri,ri,47
6840,6,"b'alam,",b'alam,47
6841,0,U,u,47
6841,1,tz'ib'al,tz'ib'al,47
6841,2,nab'e'oq,nab'e'oq,47
6841,3,chirij,chirij,47
6841,4,ajaw.,ajaw,47
6843,0,Kot,kot,47
6843,1,u,u,47
6843,2,tz'ib'al.,tz'ib'al,47
6844,0,Xa,xa,47
6844,1,utz,utz,47
6844,2,xuna',xuna',47
6844,3,ajaw,ajaw,47
6844,4,chupan.,chupan,47
6845,0,Xawi,xawi,47
6845,1,kasolowik,kasolowik,47
6845,2,chikiwach.,chikiwach,47
6846,0,Katz'onon,katz'onon,47
6846,1,u,u,47
6846,2,q'u'xik,q'u'xik,47
6847,0,Chikiwach,chikiwach,47
6847,1,konojel.,konojel,47
6848,0,Ta,ta,47
6848,1,xok,xok,47
6848,2,chi,chi,47
6848,3,k'ut,k'ut,47
6849,0,Rox,rox,47
6849,1,tz'ib'am,tz'ib'am,47
6849,2,k'ul,k'ul,47
6849,3,chirij,chirij,47
6849,4,ajaw.,ajaw,47
6850,0,Are',are',47
6850,1,ri,ri,47
6850,2,"wonon,",wonon,47
6851,0,Sita'l,sita'l,47
6851,1,u,u,47
6851,2,pam.,pam,47
6852,0,Xukoj,xukoj,47
6852,1,k'u,k'u,47
6852,2,chirij.,chirij,47
6853,0,K'ate,k'ate,47
6853,1,puch,puch,47
6853,2,ta,ta,47
6853,3,xti'ik,xti'ik,47
6853,4,u,u,47
6853,5,tio'jil,tio'jil,47
6854,0,Rumal,rumal,47
6854,1,"wonon,",wonon,47
6855,0,Sita'l.,sita'l,47
6856,0,Mawi,mawi,47
6856,1,xch'ijtajik.,xch'ijtajik,47
6857,0,Ma,ma,47
6857,1,pu,pu,47
6857,2,xkuyutaj,xkuyutaj,47
6857,3,ri,ri,47
6857,4,ti'ob'al,ti'ob'al,47
6857,5,chikop.,chikop,47
6858,0,Ta,ta,47
6858,1,k'u,k'u,47
6858,2,xuraquj,xuraquj,47
6858,3,k'ut,k'ut,47
6858,4,u,u,47
6858,5,chi',chi',47
6858,6,ajaw,ajaw,47
6859,0,Rumal,rumal,47
6859,1,chikop,chikop,47
6860,0,Xa,xa,47
6860,1,tz'ib'am,tz'ib'am,47
6860,2,ki,ki,47
6860,3,wachib'al,wachib'al,47
6861,0,Chupan,chupan,47
6861,1,k'ul,k'ul,47
6862,0,U,u,47
6862,1,tz'ib',tz'ib',47
6862,2,Majukutaj,majukutaj,47
6862,3,"k'u,",k'u,47
6863,0,Rox,rox,47
6863,1,tz'ib'.,tz'ib',47
6864,0,Ta,ta,47
6864,1,xech'akataj,xech'akataj,47
6864,2,wi.,wi,47
6865,0,K'ate,k'ate,47
6865,1,puch,puch,47
6865,2,ki,ki,47
6865,3,yajik,yajik,47
6866,0,Q'apojib',q'apojib',47
6866,1,ri',ri',47
6867,0,Rumal,rumal,47
6867,1,"ajawab',",ajawab',47
6868,0,Ri,ri,47
6868,1,"Xtaj,",xtaj,47
6869,0,Xpuch',xpuch',47
6869,1,ki,ki,47
6869,2,b'i':,b'i',47
6870,0,“Naqi,naqi,47
6870,1,pa,pa,47
6870,2,chi,chi,47
6870,3,"k'ulal,",k'ulal,47
6871,0,Ri,ri,47
6871,1,iwuk'a'm,iwuk'a'm,47
6871,2,uloq?,uloq,47
6872,0,Apa,apa,47
6872,1,xb'e,xb'e,47
6872,2,i,i,47
6872,3,k'ama',k'ama',47
6872,4,wi,wi,47
6873,0,Ix,ix,47
6873,1,k'axtok'?”,k'axtok',47
6874,0,Xe'uchax,xe'uchax,47
6874,1,ri,ri,47
6874,2,q'apojib',q'apojib',47
6875,0,Ta,ta,47
6875,1,xeyajik.,xeyajik,47
6876,0,Kich'akatajik,kich'akatajik,47
6876,1,chi,chi,47
6876,2,k'u,k'u,47
6877,0,Ri,ri,47
6877,1,ronojel,ronojel,47
6877,2,amaq',amaq',47
6877,3,rumal,rumal,47
6877,4,Tojil.,tojil,47
6878,0,Are',are',47
6878,1,ta,ta,47
6878,2,"xkaj,",xkaj,47
6879,0,Xb'e,xb'e,47
6879,1,ta,ta,47
6879,2,ki'ib'al,ki'ib'al,47
6879,3,wi,wi,47
6879,4,Tojil,tojil,47
6880,0,Chikij,chikij,47
6880,1,"Xtaj,",xtaj,47
6881,0,Xpuch'.,xpuch',47
6882,0,E,e,47
6882,1,ta,ta,47
6882,2,joxol,joxol,47
6882,3,ch'ek,ch'ek,47
6882,4,"xe'uxik,",xe'uxik,47
6883,0,Chuk'u'x,chuk'u'x,47
6883,1,amaq',amaq',47
6883,2,taqchi'b'al,taqchi'b'al,47
6883,3,ta,ta,47
6883,4,kexuxik.,kexuxik,47
6884,0,Ma,ma,47
6884,1,k'u,k'u,47
6884,2,xb'anatajik,xb'anatajik,47
6885,0,Ki,ki,47
6885,1,ch'akatajik,ch'akatajik,47
6886,0,Rumal,rumal,47
6886,1,e,e,47
6886,2,nawal,nawal,47
6886,3,winaq,winaq,47
6887,0,Ri,ri,47
6887,1,B'alam,b'alam,47
6887,2,"Kitze,",kitze,47
6888,0,B'alam,b'alam,47
6888,1,"Aq'ab',",aq'ab',47
6889,0,Majukutaj.,majukutaj,47
6890,0,Ta,ta,47
6890,1,xena'ojin,xena'ojin,47
6890,2,chi,chi,47
6890,3,k'ut,k'ut,47
6891,0,Ronojel,ronojel,47
6891,1,amaq':,amaq',47
6892,0,“Naqi,naqi,47
6892,1,pa,pa,47
6892,2,kequch'aj?,kequch'aj,47
6893,0,Qitzij,qitzij,47
6893,1,nim,nim,47
6893,2,ki,ki,47
6893,3,k'oje'ik,k'oje'ik,47
6893,4,ta,ta,47
6893,5,"chuxoq,”",chuxoq,47
6894,0,Xecha',xecha',47
6894,1,k'ut.,k'ut,47
6895,0,Ta,ta,47
6895,1,xkikuch,xkikuch,47
6895,2,chik,chik,47
6895,3,ki,ki,47
6895,4,na'oj:,na'oj,47
6896,0,“Xa,xa,47
6896,1,ta,ta,47
6896,2,"keqokib'ej,",keqokib'ej,47
6897,0,Keqakamisaj.,keqakamisaj,47
6898,0,Chiqawiq,chiqawiq,47
6898,1,qib',qib',47
6898,2,chi,chi,47
6898,3,"ch'ab',",ch'ab',47
6899,0,Chi,chi,47
6899,1,pokob'.,pokob',47
6900,0,Ma,ma,47
6900,1,pa,pa,47
6900,2,oj,oj,47
6900,3,k'i?,k'i,47
6901,0,Ma,ma,47
6901,1,ja,ja,47
6901,2,b'i,b'i,47
6902,0,"Jun,",jun,47
6903,0,Kaib',kaib',47
6903,1,chik,chik,47
6903,2,chiqakanaj,chiqakanaj,47
6903,3,"chike,”",chike,47
6904,0,Xecha',xecha',47
6904,1,k'ut.,k'ut,47
6905,0,Ta,ta,47
6905,1,xk'am,xk'am,47
6905,2,ki,ki,47
6905,3,na'oj.,na'oj,47
6906,0,Xa,xa,47
6906,1,xuwiq,xuwiq,47
6906,2,rib',rib',47
6906,3,ronojel,ronojel,47
6906,4,amaq'.,amaq',47
6907,0,Tzatz,tzatz,47
6907,1,chi,chi,47
6907,2,kamisanel,kamisanel,47
6908,0,Ta,ta,47
6908,1,xemolotajik,xemolotajik,47
6908,2,ronojel,ronojel,47
6908,3,amaq',amaq',47
6909,0,E,e,47
6909,1,kamisanel.,kamisanel,47
6910,0,Are,are,47
6910,1,k'ut,k'ut,47
6910,2,e,e,47
6910,3,k'o,k'o,47
6910,4,ri,ri,47
6910,5,B'alam,b'alam,47
6910,6,"Kitze,",kitze,47
6911,0,B'alam,b'alam,47
6911,1,"Aq'ab',",aq'ab',47
6912,0,"Majukutaj,",majukutaj,47
6913,0,Ik'i,ik'i,47
6913,1,B'alam.,b'alam,47
6914,0,Are,are,47
6914,1,e,e,47
6914,2,k'o,k'o,47
6914,3,chuwi',chuwi',47
6914,4,juyub'.,juyub',47
6915,0,Jaq'awitz,jaq'awitz,47
6915,1,u,u,47
6915,2,b'i',b'i',47
6915,3,juyub',juyub',47
6915,4,e,e,47
6915,5,k'o,k'o,47
6915,6,wi.,wi,47
6916,0,Xk'olo,xk'olo,47
6916,1,k'ut,k'ut,47
6916,2,ki,ki,47
6916,3,k'ajol,k'ajol,47
6916,4,chiri',chiri',47
6917,0,Chuwi',chuwi',47
6917,1,juyub'.,juyub',47
6918,0,Mawi,mawi,47
6918,1,e,e,47
6918,2,ta,ta,47
6918,3,k'iya,k'iya,47
6918,4,winaq.,winaq,47
6919,0,Ma,ma,47
6919,1,na,na,47
6919,2,keje',keje',47
6919,3,ta,ta,47
6920,0,Ki,ki,47
6920,1,k'iyal,k'iyal,47
6920,2,"ri',",ri',47
6921,0,U,u,47
6921,1,k'iyal,k'iyal,47
6921,2,amaq'.,amaq',47
6922,0,Xa,xa,47
6922,1,sqaqi'n,sqaqi'n,47
6922,2,u,u,47
6922,3,wi',wi',47
6922,4,juyub',juyub',47
6923,0,Ki,ki,47
6923,1,q'atem.,q'atem,47
6924,0,Xa,xa,47
6924,1,k'u,k'u,47
6924,2,cha',cha',47
6924,3,ta,ta,47
6924,4,xna'ojix,xna'ojix,47
6925,0,Ki,ki,47
6925,1,kamisaxik,kamisaxik,47
6925,2,rumal,rumal,47
6925,3,amaq'.,amaq',47
6926,0,Ta,ta,47
6926,1,xkikuch,xkikuch,47
6926,2,kib',kib',47
6926,3,"konojel,",konojel,47
6927,0,"Xepoponik,",xepoponik,47
6928,0,Xetaqo,xetaqo,47
6928,1,kib',kib',47
6928,2,konojel.,konojel,47
6929,0,WA'E,wa'e,47
6929,1,k'ute,k'ute,47
6929,2,ki,ki,47
6929,3,molowik,molowik,47
6929,4,kib',kib',47
6929,5,konojel,konojel,47
6929,6,"amaq',",amaq',47
6930,0,E,e,47
6930,1,kawutal,kawutal,47
6930,2,chik,chik,47
6930,3,chi,chi,47
6930,4,"ch'ab',",ch'ab',47
6931,0,Chi,chi,47
6931,1,pokob',pokob',47
6931,2,konojel.,konojel,47
6932,0,Mawi,mawi,47
6932,1,ajilan,ajilan,47
6932,2,chi,chi,47
6932,3,puwaq,puwaq,47
6932,4,ki,ki,47
6932,5,kawub'al.,kawub'al,47
6933,0,Jeb'ejoj,jeb'ejoj,47
6933,1,ki,ki,48
6933,2,wachib'al,wachib'al,48
6934,0,Konojel,konojel,48
6934,1,"ajawab',",ajawab',48
6935,0,Achijab'.,achijab',48
6936,0,Qitzij,qitzij,48
6936,1,b'anoj,b'anoj,48
6936,2,ki,ki,48
6936,3,tzij,tzij,48
6936,4,konojel.,konojel,48
6937,0,Qitzij,qitzij,48
6937,1,e,e,48
6937,2,kalab'il,kalab'il,48
6937,3,chuxik.,chuxik,48
6938,0,“Are',are',48
6938,1,k'u,k'u,48
6938,2,ri,ri,48
6938,3,"Tojil,",tojil,48
6939,0,Are',are',48
6939,1,"k'ab'awil,",k'ab'awil,48
6940,0,Are',are',48
6940,1,pu,pu,48
6940,2,chiqaq'ijila'.,chiqaq'ijila',48
6941,0,Xere,xere,48
6941,1,ta,ta,48
6941,2,"chiqakanab'ij,”",chiqakanab'ij,48
6941,3,xecha',xecha',48
6941,4,chi,chi,48
6941,5,kib'il,kib'il,48
6941,6,kib'.,kib',48
6942,0,Xawi,xawi,48
6942,1,k'u,k'u,48
6942,2,kareta'maj,kareta'maj,48
6942,3,ri,ri,48
6942,4,Tojil.,tojil,48
6943,0,Kaketa'maj,kaketa'maj,48
6943,1,nay,nay,48
6943,2,pu,pu,48
6944,0,Ri,ri,48
6944,1,B'alam,b'alam,48
6944,2,"Kitze,",kitze,48
6945,0,B'alam,b'alam,48
6945,1,"Aq'ab',",aq'ab',48
6946,0,Majukutaj.,majukutaj,48
6947,0,Kakita'o,kakita'o,48
6948,0,Ta,ta,48
6948,1,kana'ojixik,kana'ojixik,48
6948,2,rumal.,rumal,48
6949,0,Maja,maja,48
6949,1,b'i,b'i,48
6949,2,ki,ki,48
6949,3,"waram,",waram,48
6950,0,Ki,ki,48
6950,1,yakalem.,yakalem,48
6951,0,Xekawutaj,xekawutaj,48
6951,1,k'ut,k'ut,48
6951,2,ronojel,ronojel,48
6951,3,cha,cha,48
6951,4,aj,aj,48
6951,5,"lab'al,",lab'al,48
6952,0,K'ate,k'ate,48
6952,1,k'ut,k'ut,48
6952,2,xeyakatajik,xeyakatajik,48
6952,3,ronojel,ronojel,48
6952,4,aj,aj,48
6952,5,"lab'al,",lab'al,48
6953,0,Chaq'ab',chaq'ab',48
6953,1,taj.,taj,48
6954,0,Xkokib'ej,xkokib'ej,48
6954,1,chi,chi,48
6954,2,ki,ki,48
6954,3,k'u'x.,k'u'x,48
6955,0,Ta,ta,48
6955,1,"xeb'ek,",xeb'ek,48
6956,0,Ma,ma,48
6956,1,k'u,k'u,48
6956,2,xe'oponik.,xe'oponik,48
6957,0,Xa,xa,48
6957,1,pa,pa,48
6957,2,b'e,b'e,48
6957,3,xewaraj,xewaraj,48
6957,4,wi,wi,48
6958,0,Konojel,konojel,48
6958,1,ri,ri,48
6958,2,aj,aj,48
6958,3,lab'al.,lab'al,48
6959,0,K'ate,k'ate,48
6959,1,puch,puch,48
6959,2,ki,ki,48
6959,3,ch'akatajik,ch'akatajik,48
6959,4,chik,chik,48
6960,0,Kumal,kumal,48
6960,1,ri,ri,48
6960,2,B'alam,b'alam,48
6960,3,"Kitze,",kitze,48
6961,0,B'alam,b'alam,48
6961,1,"Aq'ab',",aq'ab',48
6962,0,Majukutaj.,majukutaj,48
6963,0,Xa,xa,48
6963,1,k'u,k'u,48
6963,2,jun,jun,48
6963,3,xewaraj,xewaraj,48
6963,4,wi,wi,48
6963,5,pa,pa,48
6963,6,b'e.,b'e,48
6964,0,Maja,maja,48
6964,1,b'i,b'i,48
6964,2,chik,chik,48
6964,3,xkina',xkina',48
6964,4,chi,chi,48
6964,5,kib'.,kib',48
6965,0,Xek'iswarik,xek'iswarik,48
6965,1,konojel.,konojel,48
6966,0,K'ate,k'ate,48
6966,1,k'u,k'u,48
6966,2,u,u,48
6966,3,tikarik,tikarik,48
6967,0,U,u,48
6967,1,mich'ik,mich'ik,48
6967,2,ki,ki,48
6967,3,muquwach,muquwach,48
6967,4,"rumal,",rumal,48
6968,0,Ruk',ruk',48
6968,1,kismachi'.,kismachi',48
6969,0,Ta,ta,48
6969,1,xkir,xkir,48
6969,2,k'u,k'u,48
6969,3,ri,ri,48
6969,4,puwaq,puwaq,48
6970,0,Chi,chi,48
6970,1,ki,ki,48
6970,2,"k'ul,",k'ul,48
6971,0,Ruk',ruk',48
6971,1,ki,ki,48
6971,2,"yachwach,",yachwach,48
6972,0,Ruk',ruk',48
6972,1,puch,puch,48
6972,2,ki,ki,48
6972,3,chachal.,chachal,48
6973,0,Are',are',48
6973,1,k'u,k'u,48
6973,2,ri,ri,48
6973,3,u,u,48
6973,4,qul,qul,48
6973,5,ki,ki,48
6973,6,ch'ami'y,ch'ami'y,48
6974,0,Xere,xere,48
6974,1,xkik'am,xkik'am,48
6974,2,ri,ri,48
6974,3,puwaq,puwaq,48
6975,0,K'ajisab'al,k'ajisab'al,48
6975,1,ki,ki,48
6975,2,"wach,",wach,48
6976,0,Xa,xa,48
6976,1,pu,pu,48
6976,2,mich'b'al,mich'b'al,48
6976,3,"kech,",kech,48
6977,0,Xb'anik,xb'anik,48
6977,1,retal,retal,48
6978,0,U,u,48
6978,1,nimal,nimal,48
6978,2,K'eche',k'eche',48
6978,3,winaq.,winaq,48
6979,0,K'ate,k'ate,48
6979,1,puch,puch,48
6979,2,xek'astajik.,xek'astajik,48
6980,0,Ju,ju,48
6980,1,su,su,48
6980,2,xkichapala',xkichapala',48
6981,0,Ki,ki,48
6981,1,yachwach,yachwach,48
6982,0,Ruk',ruk',48
6982,1,u,u,48
6982,2,qul,qul,48
6982,3,ki,ki,48
6982,4,ch'ami'y.,ch'ami'y,48
6983,0,Maja,maja,48
6983,1,b'i,b'i,48
6983,2,chi,chi,48
6983,3,puwaq,puwaq,48
6983,4,chi,chi,48
6983,5,"qul,",qul,48
6984,0,Ruk',ruk',48
6984,1,ki,ki,48
6984,2,yachwach.,yachwach,48
6985,0,“Naqi,naqi,48
6985,1,pa,pa,48
6985,2,mi,mi,48
6985,3,xojk'amowik?,xojk'amowik,48
6986,0,A'on,a'on,48
6986,1,chi,chi,48
6986,2,naq,naq,48
6986,3,mi,mi,48
6986,4,xojmich'owik?,xojmich'owik,48
6987,0,Apa,apa,48
6987,1,mi,mi,48
6987,2,xpe,xpe,48
6987,3,"wi,",wi,48
6988,0,Mi,mi,48
6988,1,xeleq'an,xeleq'an,48
6988,2,qa,qa,48
6988,3,puwaq?”,puwaq,48
6989,0,Xecha',xecha',48
6989,1,k'ut,k'ut,48
6990,0,Konojel,konojel,48
6990,1,aj,aj,48
6990,2,lab'al:,lab'al,48
6991,0,“Are',are',48
6991,1,la',la',48
6991,2,b'a,b'a,48
6991,3,ri,ri,48
6991,4,lo,lo,48
6991,5,e,e,48
6991,6,"k'axtok',",k'axtok',48
6992,0,Ke'eleqan,ke'eleqan,48
6992,1,winaq.,winaq,48
6993,0,Ma,ma,48
6993,1,k'u,k'u,48
6993,2,chutzinik,chutzinik,48
6994,0,Chiqaxib'ij,chiqaxib'ij,48
6994,1,ta,ta,48
6994,2,qib',qib',48
6994,3,chike.,chike,48
6995,0,Qi,qi,48
6995,1,wi,wi,48
6995,2,chiqokib'ej,chiqokib'ej,48
6995,3,ki,ki,48
6995,4,tinamit.,tinamit,48
6996,0,Xawi,xawi,48
6996,1,xere,xere,48
6996,2,chiqil,chiqil,48
6996,3,u,u,48
6996,4,wach,wach,48
6996,5,ri,ri,48
6996,6,qa,qa,48
6996,7,puwaq.,puwaq,48
6997,0,Chiqab'an,chiqab'an,48
6997,1,"qech,”",qech,48
6997,2,xecha',xecha',48
6997,3,k'ut,k'ut,48
6997,4,konojel,konojel,48
6997,5,amaq'.,amaq',48
6998,0,Xawi,xawi,48
6998,1,xere,xere,48
6998,2,b'anoj,b'anoj,48
6998,3,tzij,tzij,48
6998,4,konojel.,konojel,48
6999,0,Xawi,xawi,48
6999,1,k'u,k'u,48
6999,2,ku'b'ul,ku'b'ul,48
6999,3,ki,ki,48
6999,4,k'u'x,k'u'x,48
7000,0,Ri,ri,48
7000,1,aj,aj,48
7000,2,"k'ixb',",k'ixb',48
7001,0,Aj,aj,48
7001,1,k'ajb',k'ajb',48
7001,2,e,e,48
7001,3,k'o,k'o,48
7001,4,chuwi',chuwi',48
7001,5,juyub'.,juyub',48
7002,0,Xawi,xawi,48
7002,1,xere,xere,48
7002,2,nima,nima,48
7002,3,na'oj,na'oj,48
7003,0,Kakib'ano,kakib'ano,48
7004,0,Ri,ri,48
7004,1,B'alam,b'alam,48
7004,2,"Kitze,",kitze,48
7005,0,B'alam,b'alam,48
7005,1,"Aq'ab',",aq'ab',48
7006,0,"Majukutaj,",majukutaj,48
7007,0,Ik'i,ik'i,48
7007,1,B'alam.,b'alam,48
7008,0,Ta,ta,48
7008,1,xena'ojin,xena'ojin,48
7008,2,k'ut,k'ut,48
7008,3,B'alam,b'alam,48
7008,4,"Kitze,",kitze,48
7009,0,B'alam,b'alam,48
7009,1,"Aq'ab',",aq'ab',48
7010,0,"Majukutaj,",majukutaj,48
7011,0,Ik'i,ik'i,48
7011,1,B'alam.,b'alam,48
7012,0,Xkib'an,xkib'an,48
7012,1,k'oxtun,k'oxtun,48
7013,0,Chuchi',chuchi',48
7013,1,ki,ki,48
7013,2,tinamit.,tinamit,48
7014,0,Xa,xa,48
7014,1,"tz'alam,",tz'alam,48
7015,0,Xa,xa,48
7015,1,"ch'ut,",ch'ut,48
7016,0,Xchikejb'ej,xchikejb'ej,48
7017,0,Rij,rij,48
7017,1,ki,ki,48
7017,2,tinamit.,tinamit,48
7018,0,K'ate,k'ate,48
7018,1,xkib'an,xkib'an,48
7018,2,ri,ri,48
7018,3,poy.,poy,48
7019,0,Keje',keje',48
7019,1,ri,ri,48
7019,2,winaq,winaq,48
7019,3,xuxik,xuxik,48
7019,4,kumal.,kumal,48
7020,0,K'ate,k'ate,48
7020,1,xkichol,xkichol,48
7020,2,chiri',chiri',48
7021,0,Chuwi',chuwi',48
7021,1,k'oxtun.,k'oxtun,48
7022,0,Xawi,xawi,48
7022,1,xere,xere,48
7022,2,k'o,k'o,48
7022,3,ki,ki,48
7022,4,pokob'.,pokob',48
7023,0,K'o,k'o,48
7023,1,pu,pu,48
7023,2,ki,ki,48
7023,3,ch'ab'.,ch'ab',48
7024,0,Xekawuxik.,xekawuxik,48
7025,0,Xok,xok,48
7025,1,ri,ri,48
7025,2,yachwach,yachwach,48
7025,3,puwaq,puwaq,48
7025,4,pa,pa,48
7025,5,ki,ki,48
7025,6,wi'.,wi',48
7026,0,Xok,xok,48
7026,1,pu,pu,48
7026,2,k'u,k'u,48
7026,3,xa,xa,48
7026,4,"poy,",poy,48
7027,0,Xa,xa,48
7027,1,pu,pu,48
7027,2,ajam,ajam,48
7027,3,che'.,che',48
7028,0,Xkojow,xkojow,48
7028,1,ri,ri,48
7028,2,puwaq,puwaq,48
7028,3,rech,rech,48
7028,4,"amaq',",amaq',48
7029,0,Ri',ri',48
7029,1,xb'e,xb'e,48
7029,2,ki,ki,48
7029,3,k'ama',k'ama',48
7029,4,pa,pa,48
7029,5,b'e.,b'e,48
7030,0,Are',are',48
7030,1,xukawub'ej,xukawub'ej,48
7030,2,poy,poy,48
7030,3,kumal.,kumal,48
7031,0,Xekotkomijik,xekotkomijik,48
7031,1,chirij,chirij,48
7031,2,tinamit.,tinamit,48
7032,0,K'ate,k'ate,48
7032,1,puch,puch,48
7032,2,ta,ta,48
7032,3,xkitz'onoj,xkitz'onoj,48
7033,0,Chi,chi,48
7033,1,ki,ki,48
7033,2,na'oj,na'oj,48
7033,3,chirech,chirech,48
7033,4,Tojil.,tojil,48
7034,0,“We,we,48
7034,1,"kojkamik,",kojkamik,48
7035,0,We,we,48
7035,1,puch,puch,48
7035,2,kojch'akatajik?”,kojch'akatajik,48
7035,3,xecha'.,xecha',48
7036,0,Xoq',xoq',48
7036,1,ki,ki,48
7036,2,k'u'x,k'u'x,48
7037,0,Chuwach,chuwach,48
7037,1,ri,ri,48
7037,2,Tojil:,tojil,48
7038,0,“Mixb'isonik.,mixb'isonik,48
7039,0,In,in,48
7039,1,k'olik.,k'olik,48
7040,0,Are',are',48
7040,1,k'ut,k'ut,48
7040,2,chikoj,chikoj,48
7040,3,wa',wa',48
7040,4,chikech.,chikech,48
7041,0,Mixib'ij,mixib'ij,48
7041,1,iwib'.”,iwib',48
7042,0,Xe'uchax,xe'uchax,48
7042,1,ri,ri,48
7042,2,B'alam,b'alam,48
7042,3,"Kitze,",kitze,48
7043,0,B'alam,b'alam,48
7043,1,"Aq'ab',",aq'ab',48
7044,0,"Majukutaj,",majukutaj,48
7045,0,Ik'i,ik'i,48
7045,1,B'alam.,b'alam,48
7046,0,Ta,ta,48
7046,1,xya',xya',48
7046,2,uloq,uloq,48
7046,3,ri,ri,48
7046,4,"wonon,",wonon,48
7047,0,Sita'l.,sita'l,48
7048,0,Are',are',48
7048,1,k'ut,k'ut,48
7048,2,xb'e,xb'e,48
7048,3,ki,ki,48
7048,4,"k'ama',",k'ama',48
7049,0,Kuk'a'am,kuk'a'am,48
7049,1,ta,ta,48
7049,2,xepetik.,xepetik,48
7050,0,K'ate,k'ate,48
7050,1,xkiya'o,xkiya'o,48
7050,2,chupan,chupan,48
7050,3,kajib',kajib',48
7050,4,nima'q,nima'q,48
7050,5,q'oq'ob'.,q'oq'ob',48
7051,0,Kajib',kajib',48
7051,1,xk'oje',xk'oje',48
7051,2,wi,wi,48
7051,3,chirij,chirij,48
7051,4,tinamit.,tinamit,48
7052,0,Xkitz'apij,xkitz'apij,48
7052,1,wi,wi,48
7052,2,ri,ri,48
7052,3,"wonon,",wonon,48
7053,0,Sita'l,sita'l,48
7053,1,chupan,chupan,48
7053,2,q'oq'ob'.,q'oq'ob',48
7054,0,Are',are',48
7054,1,k'ulelab'al,k'ulelab'al,48
7055,0,Rech,rech,48
7055,1,amaq',amaq',48
7055,2,kumal.,kumal,48
7056,0,Xenik'wachix,xenik'wachix,48
7056,1,"k'ut,",k'ut,48
7057,0,Xemuqche'x,xemuqche'x,48
7057,1,"k'ut,",k'ut,48
7058,0,Xnik'ox,xnik'ox,48
7058,1,ki,ki,48
7058,2,tinamit,tinamit,48
7058,3,rumal,rumal,48
7058,4,u,u,48
7058,5,samajel,samajel,48
7058,6,amaq'.,amaq',48
7059,0,“Mawi,mawi,48
7059,1,e,e,48
7059,2,"jarub',”",jarub',48
7060,0,Xecha',xecha',48
7060,1,k'ut.,k'ut,48
7061,0,Xere,xere,48
7061,1,k'ut,k'ut,48
7061,2,xul,xul,48
7061,3,kila,kila,48
7061,4,ri,ri,48
7061,5,"poy,",poy,48
7062,0,Ajam,ajam,48
7062,1,che'.,che',48
7063,0,"Kesilaje'ik,",kesilaje'ik,48
7064,0,Kuk'ala,kuk'ala,48
7064,1,on,on,48
7065,0,Ki,ki,48
7065,1,"ch'ab',",ch'ab',48
7066,0,Ki,ki,48
7066,1,pokob'.,pokob',48
7067,0,Qitzij,qitzij,48
7067,1,winaq,winaq,48
7067,2,"kewachinik,",kewachinik,48
7068,0,Qitzij,qitzij,48
7068,1,chi,chi,48
7068,2,e,e,48
7068,3,kamisanel,kamisanel,48
7068,4,kewachinik,kewachinik,48
7069,0,Ta,ta,48
7069,1,xkil,xkil,48
7069,2,amaq'.,amaq',48
7070,0,Keki'kot,keki'kot,48
7070,1,k'ut,k'ut,48
7071,0,Ronojel,ronojel,48
7071,1,amaq'.,amaq',48
7072,0,Mawi,mawi,48
7072,1,janik',janik',48
7072,2,xkilo.,xkilo,48
7073,0,Tzatz,tzatz,48
7073,1,ri,ri,48
7073,2,amaq',amaq',48
7073,3,chu,chu,48
7073,4,k'oje'ik.,k'oje'ik,48
7074,0,Mawi,mawi,48
7074,1,ajilan,ajilan,48
7074,2,chi,chi,48
7074,3,winaq.,winaq,49
7075,0,E,e,49
7075,1,aj,aj,49
7075,2,"lab'al,",lab'al,49
7076,0,E,e,49
7076,1,pu,pu,49
7076,2,"kamisanel,",kamisanel,49
7077,0,E,e,49
7077,1,"kamisay,",kamisay,49
7078,0,Rech,rech,49
7078,1,ri,ri,49
7078,2,B'alam,b'alam,49
7078,3,"Kitze,",kitze,49
7079,0,B'alam,b'alam,49
7079,1,"Aq'ab',",aq'ab',49
7080,0,Majukutaj,majukutaj,49
7081,0,Are,are,49
7081,1,k'o,k'o,49
7081,2,chuwi',chuwi',49
7081,3,juyub'.,juyub',49
7082,0,Jaq'awitz,jaq'awitz,49
7082,1,u,u,49
7082,2,b'i',b'i',49
7082,3,e,e,49
7082,4,k'o,k'o,49
7082,5,wi.,wi,49
7083,0,Are,are,49
7083,1,k'ut,k'ut,49
7083,2,kokib'exik,kokib'exik,49
7083,3,wa',wa',49
7084,0,Xchiqab'ij,xchiqab'ij,49
7084,1,chik.,chik,49
7085,0,ARE,are,49
7085,1,k'ut,k'ut,49
7085,2,e,e,49
7085,3,k'o,k'o,49
7085,4,chiri',chiri',49
7086,0,B'alam,b'alam,49
7086,1,"Kitze,",kitze,49
7087,0,B'alam,b'alam,49
7087,1,"Aq'ab',",aq'ab',49
7088,0,"Majukutaj,",majukutaj,49
7089,0,Ik'i,ik'i,49
7089,1,B'alam.,b'alam,49
7090,0,Xa,xa,49
7090,1,jun,jun,49
7090,2,e,e,49
7090,3,k'o,k'o,49
7090,4,wi,wi,49
7090,5,chuwi',chuwi',49
7090,6,juyub',juyub',49
7091,0,Ruk',ruk',49
7091,1,"kixoqil,",kixoqil,49
7092,0,Kalk'u'al.,kalk'u'al,49
7093,0,Ta,ta,49
7093,1,xepe,xepe,49
7093,2,k'ut,k'ut,49
7093,3,ronojel,ronojel,49
7093,4,aj,aj,49
7093,5,"lab'al,",lab'al,49
7094,0,E,e,49
7094,1,kamisanel.,kamisanel,49
7095,0,Mawi,mawi,49
7095,1,xa,xa,49
7095,2,ka,ka,49
7095,3,"chuy,",chuy,49
7096,0,Ox,ox,49
7096,1,chuy,chuy,49
7096,2,chi,chi,49
7096,3,amaq',amaq',49
7097,0,Xkotkomij,xkotkomij,49
7098,0,Chirij,chirij,49
7098,1,tinamit.,tinamit,49
7099,0,"Ke'ominik,",ke'ominik,49
7100,0,E,e,49
7100,1,wiqitalik,wiqitalik,49
7101,0,Chi,chi,49
7101,1,"ch'ab',",ch'ab',49
7102,0,Chi,chi,49
7102,1,pokob'.,pokob',49
7103,0,Chikiq'osij,chikiq'osij,49
7103,1,ki,ki,49
7103,2,"chi',",chi',49
7104,0,"Kelulutik,",kelulutik,49
7105,0,"Kechaninik,",kechaninik,49
7106,0,Chi,chi,49
7106,1,ominik,ominik,49
7107,0,Ki,ki,49
7107,1,"yuyub',",yuyub',49
7108,0,Ki,ki,49
7108,1,xulq'ab'.,xulq'ab',49
7109,0,Ta,ta,49
7109,1,xe'ok,xe'ok,49
7109,2,chuxe',chuxe',49
7109,3,tinamit.,tinamit,49
7110,0,Ma,ma,49
7110,1,k'u,k'u,49
7110,2,ja,ja,49
7110,3,b'i,b'i,49
7110,4,kakixib'ij,kakixib'ij,49
7110,5,kib',kib',49
7111,0,Ri,ri,49
7111,1,aj,aj,49
7111,2,"k'ixb',",k'ixb',49
7112,0,Aj,aj,49
7112,1,k'ajb'.,k'ajb',49
7113,0,Xa,xa,49
7113,1,keka'y,keka'y,49
7113,2,uloq,uloq,49
7113,3,chuchi',chuchi',49
7113,4,k'oxtum.,k'oxtum,49
7114,0,E,e,49
7114,1,cholon,cholon,49
7114,2,uloq,uloq,49
7115,0,Ruk',ruk',49
7115,1,"kixoqil,",kixoqil,49
7116,0,Kalk'u'al.,kalk'u'al,49
7117,0,Xa,xa,49
7117,1,ku'l,ku'l,49
7117,2,ki,ki,49
7117,3,"k'u'x,",k'u'x,49
7118,0,B'anoj,b'anoj,49
7118,1,kusuy,kusuy,49
7118,2,tzij,tzij,49
7118,3,ri,ri,49
7118,4,amaq'.,amaq',49
7119,0,Ta,ta,49
7119,1,xe'aq'an,xe'aq'an,49
7119,2,k'ut,k'ut,49
7119,3,chuwach,chuwach,49
7119,4,juyub'.,juyub',49
7120,0,Xa,xa,49
7120,1,k'u,k'u,49
7120,2,sqaqi'n,sqaqi'n,49
7120,3,chik,chik,49
7121,0,Mawi,mawi,49
7121,1,ketz'ako'nik,ketz'ako'nik,49
7121,2,chuchi',chuchi',49
7121,3,tinamit.,tinamit,49
7122,0,K'ate,k'ate,49
7122,1,puch,puch,49
7122,2,ta,ta,49
7122,3,xjaq,xjaq,49
7122,4,u,u,49
7122,5,wi',wi',49
7123,0,Ri,ri,49
7123,1,q'oq'ob'.,q'oq'ob',49
7124,0,Kajib',kajib',49
7124,1,k'o,k'o,49
7124,2,wi,wi,49
7124,3,chi,chi,49
7124,4,tinamit.,tinamit,49
7125,0,Ta,ta,49
7125,1,xe'el,xe'el,49
7125,2,k'u,k'u,49
7125,3,ri,ri,49
7125,4,"wonon,",wonon,49
7126,0,Sita'l.,sita'l,49
7127,0,Keje',keje',49
7127,1,ri',ri',49
7127,2,sib',sib',49
7128,0,Ta,ta,49
7128,1,xel,xel,49
7128,2,chupan,chupan,49
7128,3,ri,ri,49
7128,4,jujun,jujun,49
7128,5,chi,chi,49
7128,6,q'oq'ob'.,q'oq'ob',49
7129,0,Kutzin,kutzin,49
7129,1,k'u,k'u,49
7129,2,ri,ri,49
7129,3,aj,aj,49
7129,4,lab'al,lab'al,49
7130,0,Rumal,rumal,49
7130,1,chikop.,chikop,49
7131,0,Taqatoj,taqatoj,49
7131,1,chub'aq',chub'aq',49
7131,2,ki,ki,49
7131,3,"wach,",wach,49
7132,0,Taqatoj,taqatoj,49
7132,1,puch,puch,49
7132,2,chi,chi,49
7132,3,ki,ki,49
7132,4,"tza'm,",tza'm,49
7133,0,Chi,chi,49
7133,1,ki,ki,49
7133,2,"chi',",chi',49
7134,0,Chi,chi,49
7134,1,"kaqan,",kaqan,49
7135,0,Chi,chi,49
7135,1,ki,ki,49
7135,2,q'ab'.,q'ab',49
7136,0,A,a,49
7136,1,k'o,k'o,49
7136,2,wi,wi,49
7136,3,xchib'e,xchib'e,49
7136,4,ki,ki,49
7136,5,chapa'.,chapa',49
7137,0,A'on,a'on,49
7137,1,k'o,k'o,49
7137,2,wi,wi,49
7137,3,xchib'e,xchib'e,49
7137,4,ki,ki,49
7137,5,maja'.,maja',49
7138,0,Ronojel,ronojel,49
7138,1,k'o,k'o,49
7138,2,wi,wi,49
7138,3,"wonon,",wonon,49
7139,0,"Sita'l,",sita'l,49
7140,0,Taqatoj,taqatoj,49
7140,1,chu,chu,49
7140,2,ti'omal,ti'omal,49
7140,3,u,u,49
7140,4,b'aq',b'aq',49
7140,5,u,u,49
7140,6,"wach,",wach,49
7141,0,Xchikilij,xchikilij,49
7141,1,chu,chu,49
7141,2,b'uchu.,b'uchu,49
7142,0,Je,je,49
7142,1,taq,taq,49
7142,2,chikop,chikop,49
7143,0,Chirij,chirij,49
7143,1,ri,ri,49
7143,2,jujun,jujun,49
7143,3,chi,chi,49
7143,4,winaq.,winaq,49
7144,0,Xeq'ab'arik,xeq'ab'arik,49
7144,1,rumal,rumal,49
7144,2,"wonon,",wonon,49
7145,0,Sita'l.,sita'l,49
7146,0,Mawi,mawi,49
7146,1,xchapataj,xchapataj,49
7146,2,chik,chik,49
7146,3,ki,ki,49
7146,4,"ch'ab',",ch'ab',49
7147,0,Ki,ki,49
7147,1,pokob'.,pokob',49
7148,0,Kewonk'oyeje'ik,kewonk'oyeje'ik,49
7148,1,chuwach,chuwach,49
7148,2,taq,taq,49
7148,3,"ulew,",ulew,49
7149,0,Kelajajik.,kelajajik,49
7150,0,Xeqajik,xeqajik,49
7150,1,chuwach,chuwach,49
7150,2,"juyub',",juyub',49
7151,0,Are,are,49
7151,1,k'ut,k'ut,49
7151,2,mawi,mawi,49
7151,3,kakina',kakina',49
7151,4,chik.,chik,49
7152,0,Ta,ta,49
7152,1,xekaq',xekaq',49
7152,2,chi,chi,49
7152,3,ch'ab'.,ch'ab',49
7153,0,Xechoy,xechoy,49
7153,1,chi,chi,49
7153,2,ikaj.,ikaj,49
7154,0,Xa,xa,49
7154,1,b'olaj,b'olaj,49
7154,2,che',che',49
7155,0,Xkikoj,xkikoj,49
7155,1,chik,chik,49
7156,0,B'alam,b'alam,49
7156,1,"Kitze,",kitze,49
7157,0,B'alam,b'alam,49
7157,1,Aq'ab'.,aq'ab',49
7158,0,Xok,xok,49
7158,1,"kixoqil,",kixoqil,49
7159,0,E,e,49
7159,1,kamisanel.,kamisanel,49
7160,0,Xawi,xawi,49
7160,1,k'u,k'u,49
7160,2,xetzalij,xetzalij,49
7160,3,ri,ri,49
7160,4,chajkar,chajkar,49
7160,5,chik.,chik,49
7161,0,Xa,xa,49
7161,1,xel,xel,49
7161,2,chik,chik,49
7161,3,chi,chi,49
7161,4,kaqan,kaqan,49
7161,5,ronojel,ronojel,49
7161,6,amaq',amaq',49
7162,0,Are,are,49
7162,1,xkiriq,xkiriq,49
7162,2,ki,ki,49
7162,3,nab'e,nab'e,49
7162,4,"xe'utzinik,",xe'utzinik,49
7163,0,Xekamisaxik.,xekamisaxik,49
7164,0,Ma,ma,49
7164,1,na,na,49
7164,2,xa,xa,49
7164,3,sqaqi'n,sqaqi'n,49
7164,4,chi,chi,49
7164,5,winaq,winaq,49
7164,6,"xkamik,",xkamik,49
7165,0,Mawi,mawi,49
7165,1,are,are,49
7165,2,xkam,xkam,49
7165,3,wi,wi,49
7165,4,ri'.,ri',49
7166,0,Xkitzayij,xkitzayij,49
7166,1,chi,chi,49
7166,2,ki,ki,49
7166,3,"k'u'x,",k'u'x,49
7167,0,Xa,xa,49
7167,1,k'u,k'u,49
7167,2,chikop,chikop,49
7167,3,xok,xok,49
7167,4,chike.,chike,49
7168,0,Ma,ma,49
7168,1,na,na,49
7168,2,k'u,k'u,49
7168,3,la',la',49
7168,4,achijilal,achijilal,49
7168,5,taj,taj,49
7169,0,Xkib'ano.,xkib'ano,49
7170,0,Mawi,mawi,49
7170,1,"ch'ab',",ch'ab',49
7171,0,Mawi,mawi,49
7171,1,pokob',pokob',49
7171,2,taj,taj,49
7171,3,xek'am,xek'am,49
7171,4,wi.,wi,49
7172,0,Ta,ta,49
7172,1,xeyoq'otajik,xeyoq'otajik,49
7172,2,ronojel,ronojel,49
7172,3,amaq'.,amaq',49
7173,0,Xa,xa,49
7173,1,k'u,k'u,49
7173,2,xe'elaj,xe'elaj,49
7173,3,chik,chik,49
7173,4,ri,ri,49
7173,5,amaq',amaq',49
7174,0,Chikiwach,chikiwach,49
7175,0,Ri,ri,49
7175,1,B'alam,b'alam,49
7175,2,"Kitze,",kitze,49
7176,0,B'alam,b'alam,49
7176,1,"Aq'ab',",aq'ab',49
7177,0,Majukutaj.,majukutaj,49
7178,0,“Toq'ob',toq'ob',49
7178,1,qa,qa,49
7178,2,wach.,wach,49
7179,0,Ma,ma,49
7179,1,ta,ta,49
7179,2,"kojkamik,”",kojkamik,49
7180,0,Xecha'.,xecha',49
7181,0,“Utz,utz,49
7181,1,b'a,b'a,49
7181,2,"la',",la',49
7182,0,Xax,xax,49
7182,1,ix,ix,49
7182,2,wi,wi,49
7182,3,kame'l,kame'l,49
7182,4,"chuxik,",chuxik,49
7183,0,Ix,ix,49
7183,1,aj,aj,49
7183,2,"patan,",patan,49
7184,0,Chi,chi,49
7184,1,b'e,b'e,49
7184,2,"q'ij,",q'ij,49
7185,0,Chi,chi,49
7185,1,b'e,b'e,49
7185,2,"saq,”",saq,49
7185,3,xe'uchaxik.,xe'uchaxik,49
7186,0,Keje',keje',49
7186,1,k'ut,k'ut,49
7186,2,u,u,49
7186,3,ch'akatajik,ch'akatajik,49
7187,0,Ronojel,ronojel,49
7187,1,amaq'.,amaq',49
7188,0,Ri',ri',49
7188,1,kumal,kumal,49
7188,2,qa,qa,49
7188,3,nab'e,nab'e,49
7188,4,"chuch,",chuch,49
7189,0,Qajaw.,qajaw,49
7190,0,Chiri',chiri',49
7190,1,xb'an,xb'an,49
7190,2,wi,wi,49
7190,3,chuwi',chuwi',49
7190,4,"juyub',",juyub',49
7191,0,Jaq'awitz,jaq'awitz,49
7191,1,u,u,49
7191,2,b'i'nam,b'i'nam,49
7191,3,wakamik,wakamik,49
7192,0,Are,are,49
7192,1,nab'e,nab'e,49
7192,2,xetike,xetike,49
7192,3,wi,wi,49
7193,0,Chiri'.,chiri',49
7194,0,Xepoq',xepoq',49
7194,1,wi;,wi,49
7195,0,Xek'iritaj,xek'iritaj,49
7195,1,wi.,wi,49
7196,0,"Xemi'alanik,",xemi'alanik,49
7197,0,Xek'ajolanik,xek'ajolanik,49
7197,1,chuwi',chuwi',49
7197,2,Jaq'awitz.,jaq'awitz,49
7198,0,Keki'kot,keki'kot,49
7198,1,chik,chik,49
7198,2,ta,ta,49
7199,0,Xkich'ako,xkich'ako,49
7200,0,Ronojel,ronojel,49
7200,1,amaq'.,amaq',49
7201,0,Chiri',chiri',49
7201,1,ch'akatajinaq,ch'akatajinaq,49
7201,2,wi,wi,49
7201,3,chuwi',chuwi',49
7201,4,juyub'.,juyub',49
7202,0,Keje',keje',49
7202,1,k'ut,k'ut,49
7202,2,xkib'an,xkib'an,49
7202,3,ri'.,ri',49
7203,0,Xkich'ak,xkich'ak,49
7203,1,na,na,49
7204,0,"Amaq',",amaq',49
7205,0,Ronojel,ronojel,49
7205,1,amaq'.,amaq',49
7206,0,K'ate,k'ate,49
7206,1,k'ut,k'ut,49
7206,2,xku'b'e,xku'b'e,49
7206,3,ki,ki,49
7206,4,k'u'x.,k'u'x,49
7207,0,Xetzijon,xetzijon,49
7207,1,chire,chire,49
7207,2,ki,ki,49
7207,3,k'ajol,k'ajol,49
7208,0,Xnaqajoq,xnaqajoq,49
7209,0,Kekamoq.,kekamoq,49
7210,0,Ta,ta,49
7210,1,qi,qi,49
7210,2,xeraj,xeraj,49
7210,3,kamisaxik.,kamisaxik,49
7211,0,Are',are',49
7211,1,chik,chik,49
7211,2,wi,wi,49
7211,3,xchiqab'ij,xchiqab'ij,49
7211,4,chik,chik,49
7211,5,ki,ki,49
7211,6,kamik,kamik,49
7212,0,B'alam,b'alam,49
7212,1,"Kitze,",kitze,49
7213,0,B'alam,b'alam,49
7213,1,"Aq'ab',",aq'ab',49
7214,0,"Majukutaj,",majukutaj,49
7215,0,Ik'i,ik'i,49
7215,1,B'alam,b'alam,49
7215,2,ki,ki,49
7215,3,b'i'.,b'i',49
7216,0,XKINA',xkina',49
7216,1,k'ut,k'ut,49
7216,2,ki,ki,49
7216,3,"kamik,",kamik,49
7217,0,Ki,ki,49
7217,1,sachik.,sachik,49
7218,0,Ta,ta,49
7218,1,xepixab'ik,xepixab'ik,49
7218,2,chirech,chirech,49
7218,3,ki,ki,49
7218,4,k'ajol.,k'ajol,49
7219,0,Ma,ma,49
7219,1,na,na,49
7219,2,e,e,49
7219,3,ta,ta,49
7219,4,"yab',",yab',49
7220,0,Ma,ma,49
7220,1,pu,pu,49
7220,2,"kejilowik,",kejilowik,49
7221,0,Kepolow,kepolow,49
7221,1,taj.,taj,49
7222,0,Ta,ta,49
7222,1,xkanaj,xkanaj,49
7222,2,ki,ki,49
7222,3,tzij,tzij,49
7222,4,chire,chire,49
7222,5,ki,ki,49
7222,6,k'ajol.,k'ajol,49
7223,0,Are',are',49
7223,1,ki,ki,49
7223,2,b'i',b'i',49
7223,3,ki,ki,49
7223,4,k'ajol,k'ajol,49
7223,5,"wa',",wa',49
7224,0,E,e,49
7224,1,kaib',kaib',49
7224,2,xuk'ajolaj,xuk'ajolaj,49
7224,3,B'alam,b'alam,50
7224,4,Kitze:,kitze,50
7225,0,K'o,k'o,50
7225,1,Kaib',kaib',50
7225,2,u,u,50
7225,3,b'i',b'i',50
7225,4,"nab'e'al,",nab'e'al,50
7226,0,K'o,k'o,50
7226,1,Kawib',kawib',50
7226,2,chik,chik,50
7226,3,u,u,50
7226,4,b'i',b'i',50
7226,5,u,u,50
7226,6,"kab'al,",kab'al,50
7227,0,U,u,50
7227,1,k'ajol,k'ajol,50
7228,0,B'alam,b'alam,50
7228,1,"Kitze,",kitze,50
7229,0,U,u,50
7229,1,"mam,",mam,50
7230,0,U,u,50
7230,1,qajaw,qajaw,50
7230,2,Kaweqib'.,kaweqib',50
7231,0,E,e,50
7231,1,chi,chi,50
7231,2,wi,wi,50
7231,3,k'u,k'u,50
7231,4,kaib',kaib',50
7231,5,chik,chik,50
7231,6,xuk'ajolaj,xuk'ajolaj,50
7231,7,B'alam,b'alam,50
7231,8,Aq'ab'.,aq'ab',50
7232,0,Are',are',50
7232,1,ki,ki,50
7232,2,b'i',b'i',50
7232,3,wa':,wa',50
7233,0,K'o,k'o,50
7233,1,Akul,akul,50
7233,2,u,u,50
7233,3,b'i',b'i',50
7233,4,u,u,50
7233,5,nab'e,nab'e,50
7233,6,u,u,50
7233,7,"k'ajol,",k'ajol,50
7234,0,K'o,k'o,50
7234,1,Akutek,akutek,50
7234,2,chuchax,chuchax,50
7234,3,chik,chik,50
7234,4,u,u,50
7234,5,kab',kab',50
7234,6,u,u,50
7234,7,k'ajol,k'ajol,50
7235,0,B'alam,b'alam,50
7235,1,Aq'ab',aq'ab',50
7236,0,Rech,rech,50
7236,1,Nijaib'ab'.,nijaib'ab',50
7237,0,Xa,xa,50
7237,1,k'u,k'u,50
7237,2,jun,jun,50
7237,3,xuk'ajolaj,xuk'ajolaj,50
7237,4,Majukutaj:,majukutaj,50
7238,0,K'o,k'o,50
7238,1,Ajaw,ajaw,50
7238,2,u,u,50
7238,3,b'i'.,b'i',50
7239,0,E,e,50
7239,1,oxib',oxib',50
7239,2,xek'ajolanik.,xek'ajolanik,50
7240,0,Maja,maja,50
7240,1,b'i,b'i,50
7240,2,u,u,50
7240,3,k'ajol,k'ajol,50
7240,4,ri,ri,50
7240,5,Ik'i,ik'i,50
7240,6,B'alam.,b'alam,50
7241,0,Qitzij,qitzij,50
7241,1,aj,aj,50
7241,2,"k'ixb',",k'ixb',50
7242,0,Aj,aj,50
7242,1,k'ajb'.,k'ajb',50
7243,0,Are',are',50
7243,1,k'ut,k'ut,50
7243,2,ki,ki,50
7243,3,b'i',b'i',50
7243,4,ki,ki,50
7243,5,k'ajol,k'ajol,50
7243,6,ri'.,ri',50
7244,0,Are',are',50
7244,1,xkipixab'aj,xkipixab'aj,50
7244,2,kanoq.,kanoq,50
7245,0,Xa,xa,50
7245,1,jun,jun,50
7245,2,e,e,50
7245,3,k'o,k'o,50
7245,4,wi,wi,50
7246,0,Ki,ki,50
7246,1,kaj,kaj,50
7246,2,ichal.,ichal,50
7247,0,Xeb'ixanik.,xeb'ixanik,50
7248,0,Chi,chi,50
7248,1,q'atat,q'atat,50
7248,2,ki,ki,50
7248,3,k'u'x.,k'u'x,50
7249,0,Choq',choq',50
7249,1,pu,pu,50
7249,2,ki,ki,50
7249,3,k'u'x,k'u'x,50
7250,0,Chupan,chupan,50
7250,1,ki,ki,50
7250,2,b'ixik.,b'ixik,50
7251,0,“Qa,qa,50
7251,1,Muqu”,muqu,50
7251,2,u,u,50
7251,3,b'i',b'i',50
7251,4,ki,ki,50
7251,5,b'ix,b'ix,50
7252,0,Xkib'ixaj.,xkib'ixaj,50
7253,0,Ta,ta,50
7253,1,xepixab',xepixab',50
7253,2,k'ut,k'ut,50
7253,3,chire,chire,50
7253,4,ki,ki,50
7253,5,k'ajol:,k'ajol,50
7254,0,“Ix,ix,50
7254,1,qa,qa,50
7254,2,"k'ajol,",k'ajol,50
7255,0,"Kojb'ek,",kojb'ek,50
7256,0,Kojtzalij,kojtzalij,50
7256,1,puch.,puch,50
7257,0,Saqil,saqil,50
7257,1,"tzij,",tzij,50
7258,0,Saqil,saqil,50
7258,1,pixab',pixab',50
7258,2,qa,qa,50
7258,3,pixab',pixab',50
7258,4,chiwe.”,chiwe,50
7259,0,“Mi,mi,50
7259,1,k'u,k'u,50
7259,2,xixul,xixul,50
7260,0,K'a,k'a,50
7260,1,ka,ka,50
7260,2,najt,najt,50
7260,3,chi,chi,50
7260,4,"juyub'al,",juyub'al,50
7261,0,Ix,ix,50
7261,1,"qixoqil,”",qixoqil,50
7261,2,xecha',xecha',50
7262,0,Chire,chire,50
7262,1,kixoqil,kixoqil,50
7262,2,chi,chi,50
7262,3,ki,ki,50
7262,4,jujunal.,jujunal,50
7263,0,Xepixab'ik:,xepixab'ik,50
7264,0,“Kojb'e,kojb'e,50
7264,1,chi,chi,50
7264,2,qamaq'.,qamaq',50
7265,0,Cholan,cholan,50
7265,1,chik,chik,50
7265,2,Qajawal,qajawal,50
7265,3,"Kej,",kej,50
7266,0,Leman,leman,50
7266,1,chi,chi,50
7266,2,kaj.,kaj,50
7267,0,Xa,xa,50
7267,1,tzalijem,tzalijem,50
7268,0,Xchiqab'ano.,xchiqab'ano,50
7269,0,Mi,mi,50
7269,1,xb'anatajik,xb'anatajik,50
7269,2,qa,qa,50
7269,3,patan.,patan,50
7270,0,Mi,mi,50
7270,1,xtz'aqat,xtz'aqat,50
7270,2,qa,qa,50
7270,3,q'ij.,q'ij,50
7271,0,Kojina',kojina',50
7271,1,k'ut.,k'ut,50
7272,0,Mojisacho.,mojisacho,50
7273,0,Mojimes,mojimes,50
7273,1,k'u,k'u,50
7273,2,taj,taj,50
7273,3,puch.,puch,50
7274,0,Chiwil,chiwil,50
7274,1,na,na,50
7275,0,"Iwochoch,",iwochoch,50
7276,0,I,i,50
7276,1,juyub'al,juyub'al,50
7276,2,puch.,puch,50
7277,0,Kixtike',kixtike',50
7277,1,wi.,wi,50
7278,0,Ta,ta,50
7278,1,chuxoq.,chuxoq,50
7279,0,Kixb'e,kixb'e,50
7279,1,k'ut.,k'ut,50
7280,0,Chib'e,chib'e,50
7281,0,Iwila,iwila,50
7281,1,chik,chik,50
7282,0,Xojpe,xojpe,50
7282,1,"wi,”",wi,50
7283,0,Xcha',xcha',50
7283,1,k'u,k'u,50
7284,0,Ki,ki,50
7284,1,tzij.,tzij,50
7285,0,Ta,ta,50
7285,1,xepixab'ik.,xepixab'ik,50
7286,0,Ta,ta,50
7286,1,xkanaj,xkanaj,50
7286,2,k'ut,k'ut,50
7287,0,"Retal,",retal,50
7288,0,U,u,50
7288,1,k'oje'ik,k'oje'ik,50
7288,2,ri,ri,50
7288,3,B'alam,b'alam,50
7288,4,Kitze.,kitze,50
7289,0,“Are',are',50
7289,1,i,i,50
7289,2,na'tab'al,na'tab'al,50
7289,3,wech.,wech,50
7290,0,Wa',wa',50
7290,1,xchinkanaj,xchinkanaj,50
7290,2,iwuk'.,iwuk',50
7291,0,Are',are',50
7291,1,i,i,50
7291,2,q'aq'al.,q'aq'al,50
7292,0,Wa'e.,wa'e,50
7293,0,Mi,mi,50
7293,1,"xnupixab'aj,",xnupixab'aj,50
7294,0,"Xnub'isoj,”",xnub'isoj,50
7294,1,xcha',xcha',50
7294,2,k'ut,k'ut,50
7295,0,Ta,ta,50
7295,1,xukanaj,xukanaj,50
7296,0,Ri,ri,50
7296,1,"retal,",retal,50
7297,0,U,u,50
7297,1,k'oje'ik.,k'oje'ik,50
7298,0,Pisom,pisom,50
7298,1,Q'aq'al,q'aq'al,50
7299,0,Chuchaxik.,chuchaxik,50
7300,0,Mawi,mawi,50
7300,1,q'alaj,q'alaj,50
7300,2,u,u,50
7300,3,wach,wach,50
7301,0,Xa,xa,50
7301,1,wi,wi,50
7301,2,qi,qi,50
7301,3,pislik.,pislik,50
7302,0,Xmawi,xmawi,50
7302,1,kiron,kiron,50
7302,2,"wi,",wi,50
7303,0,Mawi,mawi,50
7303,1,q'alaj,q'alaj,50
7303,2,t'isb'al,t'isb'al,50
7303,3,"re,",re,50
7304,0,Rumal,rumal,50
7304,1,maji,maji,50
7304,2,xilowik,xilowik,50
7305,0,Ta,ta,50
7305,1,xpisik.,xpisik,50
7306,0,Keje',keje',50
7306,1,k'ut,k'ut,50
7306,2,ki,ki,50
7306,3,pixab'ik,pixab'ik,50
7306,4,ri',ri',50
7307,0,Ta,ta,50
7307,1,xesach,xesach,50
7307,2,k'ut,k'ut,50
7308,0,Chiri',chiri',50
7309,0,Chuwi',chuwi',50
7309,1,juyub',juyub',50
7309,2,Jaq'awitz.,jaq'awitz,50
7310,0,Ma,ma,50
7310,1,na,na,50
7310,2,xemuq,xemuq,50
7310,3,taj,taj,50
7310,4,rumal,rumal,50
7310,5,"kixoqil,",kixoqil,50
7311,0,Kalk'u'al.,kalk'u'al,50
7312,0,Mawi,mawi,50
7312,1,q'alaj,q'alaj,50
7312,2,ki,ki,50
7312,3,"sachik,",sachik,50
7313,0,Ta,ta,50
7313,1,xesachik.,xesachik,50
7314,0,Xere,xere,50
7314,1,q'alaj,q'alaj,50
7314,2,ri,ri,50
7314,3,ki,ki,50
7314,4,pixab'ik.,pixab'ik,50
7315,0,Loq',loq',50
7315,1,k'u,k'u,50
7315,2,ri,ri,50
7315,3,Pisom,pisom,50
7315,4,chikech,chikech,50
7315,5,xuxik.,xuxik,50
7316,0,Are',are',50
7316,1,nab'ab'al,nab'ab'al,50
7316,2,rech,rech,50
7316,3,ki,ki,50
7316,4,qajaw.,qajaw,50
7317,0,Xa,xa,50
7317,1,ju,ju,50
7317,2,su,su,50
7317,3,xek'aton,xek'aton,50
7318,0,Chuwach,chuwach,50
7319,0,Ki,ki,50
7319,1,nab'ab'al,nab'ab'al,50
7319,2,rech,rech,50
7319,3,ki,ki,50
7319,4,qajaw.,qajaw,50
7320,0,Are,are,50
7320,1,ta,ta,50
7320,2,xwinaqir,xwinaqir,50
7320,3,wi,wi,50
7321,0,Winaq,winaq,50
7321,1,kumal,kumal,50
7321,2,ajawab',ajawab',50
7322,0,Ta,ta,50
7322,1,xek'am,xek'am,50
7323,0,Chirij,chirij,50
7323,1,B'alam,b'alam,50
7323,2,Kitze,kitze,50
7323,3,tikarinaq,tikarinaq,50
7323,4,"wi,",wi,50
7324,0,U,u,50
7324,1,"mam,",mam,50
7325,0,U,u,50
7325,1,qajaw,qajaw,50
7325,2,Q'awekib'.,q'awekib',50
7326,0,Xma,xma,50
7326,1,k'o,k'o,50
7326,2,wi,wi,50
7326,3,k'ut,k'ut,50
7327,0,Xkisach,xkisach,50
7327,1,wi,wi,50
7327,2,ri,ri,50
7327,3,u,u,50
7327,4,"k'ajol,",k'ajol,50
7328,0,Ri,ri,50
7328,1,K'o,k'o,50
7328,2,"Kaib',",kaib',50
7329,0,K'o,k'o,50
7329,1,Kawib',kawib',50
7329,2,ki,ki,50
7329,3,b'i'.,b'i',50
7330,0,Keje',keje',50
7330,1,k'ut,k'ut,50
7330,2,ki,ki,50
7330,3,kamik,kamik,50
7331,0,Ri,ri,50
7331,1,ki,ki,50
7331,2,kaj,kaj,50
7331,3,"ichal,",ichal,50
7332,0,E,e,50
7332,1,nab'e,nab'e,50
7332,2,qa,qa,50
7332,3,"mam,",mam,50
7333,0,Qa,qa,50
7333,1,qajaw.,qajaw,50
7334,0,Ta,ta,50
7334,1,"xesachik,",xesachik,50
7335,0,Ta,ta,50
7335,1,xkanaj,xkanaj,50
7335,2,chik,chik,50
7335,3,ki,ki,50
7335,4,k'ajol,k'ajol,50
7336,0,Chiri',chiri',50
7337,0,Chuwi',chuwi',50
7337,1,juyub',juyub',50
7337,2,Jaq'awitz.,jaq'awitz,50
7338,0,Xeyaluj,xeyaluj,50
7338,1,chi,chi,50
7338,2,wi,wi,50
7338,3,ki,ki,50
7338,4,k'ajol,k'ajol,50
7339,0,Chiri'.,chiri',50
7340,0,Qajinaq,qajinaq,50
7340,1,"chik,",chik,50
7341,0,Yoq'otajinaq,yoq'otajinaq,50
7341,1,chi,chi,50
7341,2,puch,puch,50
7342,0,Ki,ki,50
7342,1,q'ij,q'ij,50
7342,2,konojel,konojel,50
7342,3,amaq'.,amaq',50
7343,0,Maja,maja,50
7343,1,b'i,b'i,50
7343,2,chik,chik,50
7343,3,ki,ki,50
7343,4,q'aq'al.,q'aq'al,50
7344,0,Xa,xa,50
7344,1,k'i,k'i,50
7344,2,e,e,50
7344,3,k'o,k'o,50
7344,4,chik,chik,50
7345,0,Xawi,xawi,50
7345,1,kuk'am,kuk'am,50
7345,2,kib',kib',50
7345,3,konojel,konojel,50
7345,4,ju,ju,50
7345,5,ta,ta,50
7345,6,"q'ij,",q'ij,50
7346,0,Chikina'b'aj,chikina'b'aj,50
7346,1,ki,ki,50
7346,2,qajaw.,qajaw,50
7347,0,Nim,nim,50
7347,1,u,u,50
7347,2,q'ij,q'ij,50
7347,3,ri,ri,50
7347,4,Pisom,pisom,50
7347,5,chike.,chike,50
7348,0,Mawi,mawi,50
7348,1,chikikiro.,chikikiro,50
7349,0,Xawi,xawi,50
7349,1,pislik,pislik,50
7349,2,chiri',chiri',50
7349,3,kuk'.,kuk',50
7350,0,“Pisom,pisom,50
7350,1,Q'aq'al”,q'aq'al,50
7350,2,chuchaxik,chuchaxik,50
7350,3,kumal,kumal,50
7351,0,Ta,ta,50
7351,1,xk'oji'k.,xk'oji'k,50
7352,0,Xb'i'naj,xb'i'naj,50
7352,1,puch,puch,50
7352,2,ki,ki,50
7352,3,"“Q'u'n,”",q'u'n,50
7353,0,Xya',xya',50
7353,1,kanoq,kanoq,50
7353,2,rumal,rumal,50
7353,3,ki,ki,50
7353,4,qajaw.,qajaw,50
7354,0,Xa,xa,50
7354,1,retal,retal,50
7354,2,qi,qi,50
7355,0,Ki,ki,50
7355,1,k'oje'ik,k'oje'ik,50
7355,2,ta,ta,50
7355,3,xkib'ano.,xkib'ano,50
7356,0,Keje',keje',50
7356,1,k'u,k'u,50
7356,2,ki,ki,50
7356,3,"sachik,",sachik,50
7357,0,Ki,ki,50
7357,1,ma'ixik,ma'ixik,50
7358,0,B'alam,b'alam,50
7358,1,"Kitze,",kitze,50
7359,0,B'alam,b'alam,50
7359,1,"Aq'ab',",aq'ab',50
7360,0,"Majukutaj,",majukutaj,50
7361,0,Ik'i,ik'i,50
7361,1,"B'alam,",b'alam,50
7362,0,E,e,50
7362,1,nab'e,nab'e,50
7362,2,winaq,winaq,50
7363,0,Xepe,xepe,50
7363,1,"chila',",chila',50
7364,0,Ch'aqa,ch'aqa,50
7364,1,palo,palo,50
7365,0,Chi,chi,50
7365,1,releb'al,releb'al,50
7365,2,q'ij.,q'ij,50
7366,0,Ojeroq,ojeroq,50
7366,1,ke'ul,ke'ul,50
7366,2,waral.,waral,50
7367,0,Ta,ta,50
7367,1,xekamik,xekamik,50
7367,2,e,e,50
7367,3,ri'j,ri'j,50
7367,4,chik.,chik,50
7368,0,E,e,50
7368,1,aj,aj,50
7368,2,"k'ixb',",k'ixb',50
7369,0,Aj,aj,50
7369,1,k'ajb',k'ajb',50
7369,2,ki,ki,50
7369,3,b'i'nam.,b'i'nam,50
7370,0,K'ATE,k'ate,50
7370,1,puch,puch,50
7370,2,ta,ta,50
7370,3,xkik'u'xlaj,xkik'u'xlaj,50
7371,0,Ki,ki,50
7371,1,b'ik,b'ik,50
7372,0,Chila',chila',50
7373,0,Releb'al,releb'al,50
7373,1,q'ij.,q'ij,50
7374,0,Are',are',50
7374,1,ki,ki,50
7374,2,k'u'xlan,k'u'xlan,50
7375,0,Ri,ri,51
7375,1,u,u,51
7375,2,pixab',pixab',51
7375,3,ki,ki,51
7375,4,qajaw.,qajaw,51
7376,0,Mawi,mawi,51
7376,1,xkisacho.,xkisacho,51
7377,0,Xojeroq,xojeroq,51
7377,1,kekamoq,kekamoq,51
7377,2,ki,ki,51
7377,3,qajaw.,qajaw,51
7378,0,Xya',xya',51
7378,1,kixoqil,kixoqil,51
7378,2,amaq'.,amaq',51
7379,0,Xkiji'aj.,xkiji'aj,51
7380,0,Ta,ta,51
7380,1,xech'oko,xech'oko,51
7380,2,ixoq,ixoq,51
7380,3,e,e,51
7380,4,oxib'.,oxib',51
7381,0,Xecha',xecha',51
7381,1,k'ut,k'ut,51
7381,2,ta,ta,51
7381,3,xeb'ek:,xeb'ek,51
7382,0,“Kojb'e,kojb'e,51
7382,1,chila',chila',51
7382,2,releb'al,releb'al,51
7382,3,q'ij.,q'ij,51
7383,0,Chila',chila',51
7383,1,xepe,xepe,51
7383,2,wi,wi,51
7383,3,qa,qa,51
7383,4,"qajaw,”",qajaw,51
7384,0,Xecha',xecha',51
7384,1,ta,ta,51
7384,2,xkik'am,xkik'am,51
7384,3,ki,ki,51
7384,4,b'e,b'e,51
7385,0,E,e,51
7385,1,oxib',oxib',51
7385,2,chi,chi,51
7385,3,k'ajolaxel.,k'ajolaxel,51
7386,0,K'o,k'o,51
7386,1,Kaib',kaib',51
7387,0,U,u,51
7387,1,b'i',b'i',51
7387,2,"jun,",jun,51
7388,0,U,u,51
7388,1,k'ajol,k'ajol,51
7388,2,B'alam,b'alam,51
7388,3,"Kitze,",kitze,51
7389,0,Rech,rech,51
7389,1,ronojel,ronojel,51
7389,2,Kaweqib'.,kaweqib',51
7390,0,K'o,k'o,51
7390,1,Akutek,akutek,51
7391,0,U,u,51
7391,1,b'i',b'i',51
7392,0,K'ajol,k'ajol,51
7392,1,B'alam,b'alam,51
7392,2,"Aq'ab',",aq'ab',51
7393,0,Xa,xa,51
7393,1,rech,rech,51
7393,2,Nijaib'ab'.,nijaib'ab',51
7394,0,K'o,k'o,51
7394,1,Ajaw,ajaw,51
7395,0,U,u,51
7395,1,b'i',b'i',51
7395,2,jun,jun,51
7395,3,"chik,",chik,51
7396,0,U,u,51
7396,1,k'ajol,k'ajol,51
7396,2,Majukutaj,majukutaj,51
7397,0,Rech,rech,51
7397,1,Ajaw,ajaw,51
7397,2,K'iche'.,k'iche',51
7398,0,Are',are',51
7398,1,k'u,k'u,51
7398,2,ki,ki,51
7398,3,"b'i',",b'i',51
7399,0,Ri',ri',51
7399,1,xeb'e,xeb'e,51
7399,2,chila',chila',51
7399,3,ch'aqa,ch'aqa,51
7399,4,palo.,palo,51
7400,0,E,e,51
7400,1,oxib',oxib',51
7401,0,Ta,ta,51
7401,1,xeb'ek.,xeb'ek,51
7402,0,Xawi,xawi,51
7402,1,k'o,k'o,51
7402,2,ki,ki,51
7402,3,"na'oj,",na'oj,51
7403,0,K'o,k'o,51
7403,1,pu,pu,51
7403,2,keta'mab'al.,keta'mab'al,51
7404,0,Ma,ma,51
7404,1,na,na,51
7404,2,xa,xa,51
7404,3,e,e,51
7404,4,ta,ta,51
7404,5,winaq,winaq,51
7404,6,ki,ki,51
7404,7,k'oje'ik.,k'oje'ik,51
7405,0,Xkipixab'aj,xkipixab'aj,51
7405,1,kanoq,kanoq,51
7406,0,Ronojel,ronojel,51
7406,1,"katz,",katz,51
7407,0,Ki,ki,51
7407,1,ch'aq.,ch'aq,51
7408,0,"Keki'kotik,",keki'kotik,51
7409,0,Xeb'ek.,xeb'ek,51
7410,0,“Mawi,mawi,51
7410,1,"kojkamik,",kojkamik,51
7411,0,"Kojulik,”",kojulik,51
7412,0,Xecha',xecha',51
7413,0,Ta,ta,51
7413,1,xeb'ek,xeb'ek,51
7413,2,e,e,51
7413,3,oxib'.,oxib',51
7414,0,Xawi,xawi,51
7414,1,xere,xere,51
7414,2,xe'ik'owik,xe'ik'owik,51
7414,3,chuwi',chuwi',51
7414,4,palo,palo,51
7415,0,Ta,ta,51
7415,1,xe'opon,xe'opon,51
7415,2,k'ut,k'ut,51
7415,3,chila',chila',51
7415,4,releb'al,releb'al,51
7415,5,q'ij.,q'ij,51
7416,0,Ta,ta,51
7416,1,xb'e,xb'e,51
7416,2,ki,ki,51
7416,3,k'ama',k'ama',51
7416,4,ri,ri,51
7416,5,ajawarem.,ajawarem,51
7417,0,Are',are',51
7417,1,k'ut,k'ut,51
7417,2,u,u,51
7417,3,b'i',b'i',51
7417,4,ajaw,ajaw,51
7417,5,"wa',",wa',51
7418,0,Rajawal,rajawal,51
7419,0,Aj,aj,51
7419,1,releb'al,releb'al,51
7419,2,q'ij.,q'ij,51
7420,0,Xe'opon,xe'opon,51
7420,1,wi.,wi,51
7421,0,TA,ta,51
7421,1,xe'opon,xe'opon,51
7421,2,k'ut,k'ut,51
7422,0,Chuwach,chuwach,51
7422,1,ajaw.,ajaw,51
7423,0,Nakxit,nakxit,51
7423,1,u,u,51
7423,2,b'i',b'i',51
7423,3,nima,nima,51
7423,4,ajaw.,ajaw,51
7424,0,Xa,xa,51
7424,1,ju,ju,51
7424,2,q'atol,q'atol,51
7424,3,"tzij,",tzij,51
7425,0,Tzatz,tzatz,51
7425,1,rajawarem.,rajawarem,51
7426,0,Are',are',51
7426,1,k'ut,k'ut,51
7426,2,xya'w,xya'w,51
7426,3,uloq,uloq,51
7426,4,retal,retal,51
7426,5,"ajawarem,",ajawarem,51
7427,0,Ronojel,ronojel,51
7427,1,u,u,51
7427,2,wachinel.,wachinel,51
7428,0,Ta,ta,51
7428,1,xpetik,xpetik,51
7428,2,retal,retal,51
7428,3,Aj,aj,51
7428,4,"Popol,",popol,51
7429,0,Aj,aj,51
7429,1,Pop,pop,51
7429,2,K'am,k'am,51
7429,3,Ja'il.,ja'il,51
7430,0,Ta,ta,51
7430,1,xpe,xpe,51
7430,2,k'ut,k'ut,51
7430,3,retal,retal,51
7430,4,u,u,51
7430,5,"q'aq'al,",q'aq'al,51
7431,0,Rajawarem,rajawarem,51
7431,1,puch:,puch,51
7432,0,Aj,aj,51
7432,1,"Pop,",pop,51
7433,0,Aj,aj,51
7433,1,Pop,pop,51
7433,2,K'am,k'am,51
7433,3,Ja.,ja,51
7434,0,Xk'is,xk'is,51
7434,1,u,u,51
7434,2,ya',ya',51
7434,3,uloq,uloq,51
7434,4,Nakxit,nakxit,51
7435,0,U,u,51
7435,1,wachinel,wachinel,51
7435,2,rajawarem.,rajawarem,51
7436,0,Are',are',51
7436,1,taq,taq,51
7436,2,u,u,51
7436,3,b'i',b'i',51
7437,0,Wa':,wa',51
7438,0,"Muj,",muj,51
7439,0,"Q'alib'aj,",q'alib'aj,51
7440,0,Su',su',51
7440,1,"B'aq,",b'aq,51
7441,0,Cham,cham,51
7441,1,"Cham,",cham,51
7442,0,"Tatil,",tatil,51
7443,0,Q'an,q'an,51
7443,1,"Ab'aj,",ab'aj,51
7444,0,Tz'ikwil,tz'ikwil,51
7444,1,"Koj,",koj,51
7445,0,Tz'ikwil,tz'ikwil,51
7445,1,"B'alam,",b'alam,51
7446,0,"Jolom,",jolom,51
7447,0,Pich,pich,51
7447,1,"Kej,",kej,51
7448,0,"Makutax,",makutax,51
7449,0,T'ot',t'ot',51
7449,1,"tatam,",tatam,51
7450,0,K'us,k'us,51
7450,1,"B'us,",b'us,51
7451,0,"Kaxkon,",kaxkon,51
7452,0,"Chiyom,",chiyom,51
7453,0,Astapulul.,astapulul,51
7454,0,Ronojel,ronojel,51
7454,1,k'u,k'u,51
7454,2,kek'am,kek'am,51
7454,3,ri,ri,51
7454,4,"xepetik,",xepetik,51
7455,0,Ta,ta,51
7455,1,xkik'am,xkik'am,51
7455,2,ula,ula,51
7455,3,ri,ri,51
7455,4,ch'aqa,ch'aqa,51
7455,5,palo,palo,51
7456,0,U,u,51
7456,1,tz'ib'al,tz'ib'al,51
7456,2,"Tulan,",tulan,51
7457,0,U,u,51
7457,1,tz'ib'al,tz'ib'al,51
7457,2,xecha',xecha',51
7457,3,chire.,chire,51
7458,0,K'i,k'i,51
7458,1,okinaq,okinaq,51
7458,2,"chupan,",chupan,51
7459,0,Chupan,chupan,51
7459,1,ki,ki,51
7459,2,tzij.,tzij,51
7460,0,K'ATE,k'ate,51
7460,1,puch,puch,51
7460,2,ta,ta,51
7460,3,xe'ulik,xe'ulik,51
7460,4,"chiri',",chiri',51
7461,0,Chuwi',chuwi',51
7461,1,ki,ki,51
7461,2,tinamit,tinamit,51
7461,3,Jaq'awitz,jaq'awitz,51
7461,4,u,u,51
7461,5,"b'i',",b'i',51
7462,0,Chiri',chiri',51
7462,1,k'ut,k'ut,51
7462,2,xekuch,xekuch,51
7462,3,wi,wi,51
7462,4,ronojel,ronojel,51
7462,5,"Tamub',",tamub',51
7463,0,Ilokab',ilokab',51
7463,1,xekuchu,xekuchu,51
7463,2,kib'.,kib',51
7464,0,Ronojel,ronojel,51
7464,1,amaq',amaq',51
7464,2,xeki'kotik,xeki'kotik,51
7465,0,Ta,ta,51
7465,1,xe'ulik,xe'ulik,51
7466,0,"K'okaib',",k'okaib',51
7467,0,K'o,k'o,51
7467,1,"Akutek,",akutek,51
7468,0,K'o,k'o,51
7468,1,Ajaw.,ajaw,51
7469,0,Xawi,xawi,51
7469,1,chiri',chiri',51
7469,2,chik,chik,51
7470,0,Xkik'am,xkik'am,51
7470,1,wi,wi,51
7470,2,kajawarem,kajawarem,51
7470,3,amaq'.,amaq',51
7471,0,Xeki'kotik,xeki'kotik,51
7471,1,e,e,51
7471,2,"Rab'inaleb',",rab'inaleb',51
7472,0,E,e,51
7472,1,"Kaqchekeleb',",kaqchekeleb',51
7473,0,Aj,aj,51
7473,1,Tz'ikina,tz'ikina,51
7473,2,Ja.,ja,51
7474,0,Xa,xa,51
7474,1,retal,retal,51
7474,2,xk'utun,xk'utun,51
7475,0,Chikiwach,chikiwach,51
7476,0,Ri,ri,51
7476,1,u,u,51
7476,2,nimal,nimal,51
7476,3,ajawarem.,ajawarem,51
7477,0,Nim,nim,51
7477,1,chik,chik,51
7477,2,ki,ki,51
7477,3,k'oje'ik,k'oje'ik,51
7478,0,Chuxik,chuxik,51
7478,1,amaq'.,amaq',51
7479,0,Ma,ma,51
7479,1,nab'e,nab'e,51
7479,2,xk'is,xk'is,51
7480,0,Ta,ta,51
7480,1,qi,qi,51
7480,2,k'ut,k'ut,51
7480,3,kajawarem.,kajawarem,51
7481,0,Are,are,51
7482,0,E,e,51
7482,1,k'o,k'o,51
7482,2,chiri',chiri',51
7483,0,Jaq'awitz.,jaq'awitz,51
7485,0,Najt,najt,51
7485,1,chi,chi,51
7485,2,k'ut,k'ut,51
7485,3,xkib'an,xkib'an,51
7486,0,Chiri',chiri',51
7487,0,Chuwi',chuwi',51
7487,1,juyub'.,juyub',51
7488,0,E,e,51
7488,1,k'i,k'i,51
7488,2,chik,chik,51
7489,0,Chi,chi,51
7489,1,konojel.,konojel,51
7490,0,Chiri',chiri',51
7490,1,k'ut,k'ut,51
7490,2,xekam,xekam,51
7490,3,wi,wi,51
7491,0,Kixoqil,kixoqil,51
7492,0,B'alam,b'alam,51
7492,1,"Kitze,",kitze,51
7493,0,B'alam,b'alam,51
7493,1,"Aq'ab',",aq'ab',51
7494,0,Majukutaj.,majukutaj,51
7495,0,Ta,ta,51
7495,1,"xepetik,",xepetik,51
7496,0,Xkoqotaj,xkoqotaj,51
7496,1,chi,chi,51
7496,2,kanoq,kanoq,51
7497,0,Ri,ri,51
7497,1,ki,ki,51
7497,2,juyub'al.,juyub'al,51
7498,0,Jun,jun,51
7498,1,chi,chi,51
7498,2,juyub',juyub',51
7498,3,xkitzukuj,xkitzukuj,51
7499,0,Are,are,51
7499,1,ketik'e,ketik'e,51
7499,2,wi.,wi,51
7500,0,Mawi,mawi,51
7500,1,ajilam,ajilam,51
7500,2,juyub',juyub',51
7500,3,xetik'e,xetik'e,51
7500,4,wi.,wi,51
7501,0,Ta,ta,51
7501,1,"xekob'i'k,",xekob'i'k,51
7502,0,Ta,ta,51
7502,1,xeb'i'naj,xeb'i'naj,51
7502,2,puch,puch,51
7502,3,chire,chire,51
7503,0,"Xemolomanik,",xemolomanik,51
7504,0,Xech'ijomanik,xech'ijomanik,51
7505,0,E,e,51
7505,1,nab'e,nab'e,51
7505,2,qa,qa,51
7505,3,"chuch,",chuch,51
7506,0,E,e,51
7506,1,nab'e,nab'e,51
7506,2,qa,qa,51
7506,3,qajaw.,qajaw,51
7507,0,Xecha',xecha',51
7507,1,ojer,ojer,51
7507,2,taq,taq,51
7507,3,winaq,winaq,51
7508,0,Ta,ta,51
7508,1,"xkitzijoj,",xkitzijoj,51
7509,0,Ta,ta,51
7509,1,xkitolob'a',xkitolob'a',51
7509,2,pu,pu,51
7510,0,Kanajoq,kanajoq,51
7511,0,Nab'e,nab'e,51
7511,1,ki,ki,51
7511,2,"tinamit,",tinamit,51
7512,0,Jaq'awitz,jaq'awitz,51
7512,1,u,u,51
7512,2,b'i',b'i',51
7513,0,Ta,ta,51
7513,1,xe'ul,xe'ul,51
7513,2,chi,chi,51
7513,3,k'u,k'u,51
7513,4,chiri',chiri',51
7514,0,Xkitikilib'ej,xkitikilib'ej,51
7514,1,chik,chik,51
7515,0,Jun,jun,51
7515,1,tinamit,tinamit,51
7516,0,Chi,chi,51
7516,1,K'ix,k'ix,51
7516,2,u,u,51
7516,3,b'i'.,b'i',51
7517,0,Najt,najt,51
7517,1,chi,chi,51
7517,2,xkib'an,xkib'an,51
7517,3,chiri',chiri',51
7518,0,Chuwi',chuwi',51
7518,1,ju,ju,51
7518,2,ch'ob',ch'ob',51
7518,3,tinamit.,tinamit,51
7519,0,"Kemi'alanik,",kemi'alanik,51
7520,0,Kek'ajolanik,kek'ajolanik,51
7520,1,puch,puch,51
7521,0,Chiri',chiri',51
7521,1,ke,ke,51
7521,2,e,e,51
7521,3,k'o,k'o,51
7521,4,taq,taq,51
7521,5,wi.,wi,51
7522,0,Are',are',51
7522,1,taq,taq,51
7522,2,kaji,kaji,51
7522,3,juyub',juyub',51
7522,4,"wa',",wa',51
7523,0,Xa,xa,51
7523,1,jun,jun,51
7523,2,xchok,xchok,51
7523,3,wi,wi,51
7524,0,U,u,51
7524,1,b'i',b'i',51
7524,2,ri,ri,51
7524,3,ki,ki,51
7524,4,tinamit.,tinamit,51
7525,0,Xkik'ulub'a',xkik'ulub'a',51
7525,1,ki,ki,51
7525,2,"mi'al,",mi'al,51
7526,0,Ki,ki,51
7526,1,k'ajol,k'ajol,51
7526,2,xaqi,xaqi,51
7526,3,chikisipaj.,chikisipaj,51
7527,0,Xa,xa,51
7527,1,"toq'ob'anik,",toq'ob'anik,51
7528,0,Xa,xa,51
7528,1,pu,pu,51
7528,2,mayjanik,mayjanik,51
7528,3,chikib'ano.,chikib'ano,51
7529,0,Rajil,rajil,51
7529,1,ki,ki,51
7529,2,mi'al,mi'al,51
7529,3,chikik'amo.,chikik'amo,51
7530,0,Xa,xa,51
7530,1,utz,utz,51
7530,2,ki,ki,51
7530,3,k'oje'ik,k'oje'ik,51
7530,4,xkib'ano.,xkib'ano,51
7531,0,Ta,ta,51
7531,1,xe'ik'o,xe'ik'o,51
7531,2,chiri',chiri',51
7531,3,chuwi',chuwi',51
7532,0,Ju,ju,51
7532,1,taq,taq,51
7532,2,ch'ob',ch'ob',51
7532,3,chi,chi,51
7532,4,tinamit.,tinamit,51
7533,0,Wa',wa',51
7533,1,taq,taq,51
7533,2,u,u,51
7533,3,b'i',b'i',51
7534,0,E,e,51
7534,1,Chi,chi,51
7534,2,K'ix:,k'ix,51
7535,0,Chi,chi,51
7535,1,"Chak,",chak,51
7536,0,Jumeta,jumeta,51
7536,1,"Ja,",ja,51
7537,0,"K'ulb'a,",k'ulb'a,52
7538,0,Kawinal,kawinal,52
7539,0,U,u,52
7539,1,b'i',b'i',52
7539,2,juyub'.,juyub',52
7540,0,Xeyaluj,xeyaluj,52
7540,1,wi,wi,52
7541,0,Are,are,52
7541,1,k'ut,k'ut,52
7541,2,kakinik'wachij,kakinik'wachij,52
7541,3,ri,ri,52
7541,4,"juyub',",juyub',52
7542,0,Ki,ki,52
7542,1,tinamit,tinamit,52
7542,2,puch.,puch,52
7543,0,Ulaj,ulaj,52
7543,1,juyub',juyub',52
7543,2,kakitzukuj.,kakitzukuj,52
7544,0,E,e,52
7544,1,k'u,k'u,52
7544,2,k'i,k'i,52
7544,3,chik,chik,52
7544,4,chi,chi,52
7544,5,konojel.,konojel,52
7545,0,Xa,xa,52
7545,1,k'u,k'u,52
7545,2,kaminaqoq,kaminaqoq,52
7546,0,Ri,ri,52
7546,1,k'amol,k'amol,52
7546,2,ajawarem,ajawarem,52
7546,3,releb'al,releb'al,52
7546,4,"q'ij,",q'ij,52
7547,0,E,e,52
7547,1,mamaxel,mamaxel,52
7547,2,chik,chik,52
7547,3,xe'ul,xe'ul,52
7547,4,chiri',chiri',52
7548,0,Chuwi',chuwi',52
7548,1,jujun,jujun,52
7548,2,tinamit.,tinamit,52
7549,0,Ma,ma,52
7549,1,na,na,52
7549,2,xuk'am,xuk'am,52
7549,3,ki,ki,52
7549,4,wach,wach,52
7550,0,Ri,ri,52
7550,1,xe'ik'o,xe'ik'o,52
7550,2,wi,wi,52
7551,0,Je,je,52
7551,1,taq,taq,52
7551,2,wi,wi,52
7551,3,uloq,uloq,52
7551,4,"k'axk'ol,",k'axk'ol,52
7552,0,Ra'il,ra'il,52
7552,1,xkib'ano.,xkib'ano,52
7553,0,K'a,k'a,52
7553,1,u,u,52
7553,2,najt,najt,52
7553,3,xkiriq,xkiriq,52
7553,4,wi,wi,52
7554,0,Ki,ki,52
7554,1,tinamit,tinamit,52
7555,0,E,e,52
7555,1,"mamaxel,",mamaxel,52
7556,0,E,e,52
7556,1,pu,pu,52
7556,2,qajawixel.,qajawixel,52
7557,0,Wa',wa',52
7557,1,k'u,k'u,52
7557,2,u,u,52
7557,3,b'i',b'i',52
7557,4,tinamit,tinamit,52
7558,0,E,e,52
7558,1,xe'ul,xe'ul,52
7558,2,wi:,wi,52
7559,0,CHI,chi,52
7559,1,ISMACHI',ismachi',52
7559,2,"k'ut,",k'ut,52
7560,0,U,u,52
7560,1,b'i',b'i',52
7560,2,juyub',juyub',52
7560,3,ki,ki,52
7560,4,tinamit,tinamit,52
7560,5,xek'oje',xek'oje',52
7560,6,wi.,wi,52
7561,0,Chi,chi,52
7561,1,nay,nay,52
7561,2,puch,puch,52
7561,3,xe'amaq'elab',xe'amaq'elab',52
7561,4,"wi,",wi,52
7562,0,Chiri',chiri',52
7562,1,k'ut,k'ut,52
7562,2,xkitij,xkitij,52
7562,3,wi,wi,52
7562,4,q'aq'al.,q'aq'al,52
7563,0,Xk'aj,xk'aj,52
7563,1,ki,ki,52
7563,2,"chun,",chun,52
7564,0,Ki,ki,52
7564,1,"sajkab',",sajkab',52
7565,0,Chukaj,chukaj,52
7565,1,le,le,52
7565,2,oq,oq,52
7565,3,"ajawab',",ajawab',52
7566,0,Xecha',xecha',52
7566,1,k'u,k'u,52
7566,2,ri,ri,52
7566,3,K'o,k'o,52
7566,4,"Nache',",nache',52
7567,0,Xu,xu,52
7567,1,B'elejeb',b'elejeb',52
7567,2,Kej,kej,52
7568,0,Ruk',ruk',52
7568,1,puch,puch,52
7568,2,Q'alel,q'alel,52
7568,3,Ajaw.,ajaw,52
7569,0,Ta,ta,52
7569,1,xajawar,xajawar,52
7569,2,k'ut,k'ut,52
7569,3,Ajaw,ajaw,52
7569,4,K'o,k'o,52
7569,5,"Tuja,",tuja,52
7570,0,Ruk',ruk',52
7570,1,Istayul,istayul,52
7570,2,ki,ki,52
7570,3,"b'i',",b'i',52
7571,0,Aj,aj,52
7571,1,"Pop,",pop,52
7572,0,Aj,aj,52
7572,1,Pop,pop,52
7572,2,K'am,k'am,52
7572,3,Ja.,ja,52
7573,0,Xe'ajawar,xe'ajawar,52
7573,1,chiri',chiri',52
7574,0,Chi,chi,52
7574,1,Ismachi'.,ismachi',52
7575,0,Utzilaj,utzilaj,52
7575,1,tinamit,tinamit,52
7575,2,"xuxik,",xuxik,52
7576,0,Xkib'ano.,xkib'ano,52
7577,0,Xa,xa,52
7577,1,k'u,k'u,52
7577,2,oxib',oxib',52
7577,3,ri,ri,52
7577,4,nim,nim,52
7577,5,ja,ja,52
7577,6,xux,xux,52
7577,7,chiri',chiri',52
7578,0,Chi,chi,52
7578,1,Ismachi'.,ismachi',52
7579,0,Maja,maja,52
7579,1,b'i'oq,b'i'oq,52
7579,2,ri,ri,52
7579,3,juwinaq,juwinaq,52
7579,4,kajib',kajib',52
7579,5,chi,chi,52
7579,6,nim,nim,52
7579,7,ja.,ja,52
7580,0,K'a,k'a,52
7580,1,oxib',oxib',52
7580,2,oq,oq,52
7580,3,ki,ki,52
7580,4,nim,nim,52
7580,5,ja.,ja,52
7581,0,Xa,xa,52
7581,1,jun,jun,52
7581,2,u,u,52
7581,3,nim,nim,52
7581,4,ja,ja,52
7582,0,Kaweqib'.,kaweqib',52
7583,0,Xa,xa,52
7583,1,k'u,k'u,52
7583,2,jun,jun,52
7583,3,nim,nim,52
7583,4,ja,ja,52
7584,0,Chuwach,chuwach,52
7584,1,Nijaib'ab'.,nijaib'ab',52
7585,0,Xa,xa,52
7585,1,nay,nay,52
7585,2,pu,pu,52
7585,3,jun,jun,52
7586,0,Rech,rech,52
7586,1,Ajaw,ajaw,52
7586,2,K'iche'.,k'iche',52
7587,0,Xaqi,xaqi,52
7587,1,kaib',kaib',52
7587,2,chi,chi,52
7587,3,kumatzil,kumatzil,52
7587,4,nim,nim,52
7587,5,ja,ja,52
7588,0,Ri,ri,52
7588,1,ka,ka,52
7588,2,ch'ob',ch'ob',52
7588,3,chi,chi,52
7588,4,chinamit,chinamit,52
7589,0,Are,are,52
7589,1,e,e,52
7589,2,k'o,k'o,52
7589,3,Chi,chi,52
7589,4,Ismachi'.,ismachi',52
7590,0,Xa,xa,52
7590,1,jun,jun,52
7590,2,ki,ki,52
7590,3,k'u'x.,k'u'x,52
7591,0,Maja,maja,52
7591,1,b'i,b'i,52
7591,2,"kitzelal,",kitzelal,52
7592,0,Ma,ma,52
7592,1,pu,pu,52
7592,2,ja,ja,52
7592,3,b'i,b'i,52
7592,4,ki,ki,52
7592,5,kayewal.,kayewal,52
7593,0,Xa,xa,52
7593,1,li'anik,li'anik,52
7594,0,Ajawarem.,ajawarem,52
7595,0,Maja,maja,52
7595,1,b'i,b'i,52
7595,2,ki,ki,52
7595,3,"ch'a'oj,",ch'a'oj,52
7596,0,Ki,ki,52
7596,1,yujuj,yujuj,52
7596,2,puch.,puch,52
7597,0,Xa,xa,52
7597,1,"saq,",saq,52
7598,0,Xa,xa,52
7598,1,amaq',amaq',52
7598,2,k'o,k'o,52
7598,3,chi,chi,52
7598,4,ki,ki,52
7598,5,k'u'x.,k'u'x,52
7599,0,Maja,maja,52
7599,1,b'i,b'i,52
7599,2,"moxwachinik,",moxwachinik,52
7600,0,Ma,ma,52
7600,1,pu,pu,52
7600,2,ja,ja,52
7600,3,b'i,b'i,52
7600,4,q'aq'wachinik,q'aq'wachinik,52
7601,0,Xkib'ano.,xkib'ano,52
7602,0,K'a,k'a,52
7602,1,ch'uti'noq,ch'uti'noq,52
7602,2,ki,ki,52
7602,3,q'aq'al.,q'aq'al,52
7603,0,Maja,maja,52
7603,1,ki,ki,52
7603,2,"kanuk'maijoq,",kanuk'maijoq,52
7604,0,Maja,maja,52
7604,1,pu,pu,52
7604,2,kanimaroq.,kanimaroq,52
7605,0,Ta,ta,52
7605,1,xkitij,xkitij,52
7605,2,"k'ut,",k'ut,52
7606,0,Xkikowisaj,xkikowisaj,52
7606,1,pokob',pokob',52
7607,0,Chiri',chiri',52
7608,0,Chi,chi,52
7608,1,Ismachi'.,ismachi',52
7610,0,Xretal,xretal,52
7610,1,ki,ki,52
7610,2,"q'aq'al,",q'aq'al,52
7611,0,Retal,retal,52
7611,1,nay,nay,52
7611,2,pu,pu,52
7611,3,ki,ki,52
7611,4,nimal.,nimal,52
7612,0,Ta,ta,52
7612,1,xil,xil,52
7612,2,k'ut,k'ut,52
7612,3,rumal,rumal,52
7612,4,"Ilokab',",ilokab',52
7613,0,Ta,ta,52
7613,1,xwinaqir,xwinaqir,52
7613,2,lab'al,lab'al,52
7613,3,rumal,rumal,52
7613,4,Ilokab'.,ilokab',52
7614,0,Xraj,xraj,52
7614,1,ul,ul,52
7614,2,kamisaxoq,kamisaxoq,52
7614,3,ri,ri,52
7614,4,ajaw,ajaw,52
7614,5,K'o,k'o,52
7614,6,Tuja.,tuja,52
7616,0,Are',are',52
7616,1,ri,ri,52
7616,2,ajaw,ajaw,52
7616,3,Istayul,istayul,52
7616,4,xraj,xraj,52
7616,5,ki,ki,52
7616,6,"tijoj,",tijoj,52
7617,0,Xraj,xraj,52
7617,1,tijox,tijox,52
7617,2,kumal,kumal,52
7617,3,Ilokab',ilokab',52
7617,4,chi,chi,52
7617,5,kamisanik.,kamisanik,52
7618,0,Ma,ma,52
7618,1,k'u,k'u,52
7618,2,xel,xel,52
7618,3,aponoq,aponoq,52
7619,0,Ki,ki,52
7619,1,moxwachib'al,moxwachib'al,52
7619,2,chirij,chirij,52
7619,3,ajaw,ajaw,52
7619,4,K'o,k'o,52
7619,5,Tuja.,tuja,52
7620,0,Xa,xa,52
7620,1,chikij,chikij,52
7620,2,xqaj,xqaj,52
7620,3,wi.,wi,52
7621,0,Ma,ma,52
7621,1,nab'e,nab'e,52
7621,2,xkam,xkam,52
7621,3,ta,ta,52
7621,4,ri,ri,52
7621,5,ajaw,ajaw,52
7621,6,rumal,rumal,52
7621,7,Ilokab'.,ilokab',52
7622,0,Keje',keje',52
7622,1,k'ut,k'ut,52
7622,2,u,u,52
7622,3,xe'najik,xe'najik,52
7622,4,yujuj,yujuj,52
7623,0,Ch'akimal,ch'akimal,52
7623,1,lab'al,lab'al,52
7623,2,puch.,puch,52
7624,0,Xkokib'ej,xkokib'ej,52
7624,1,nab'e,nab'e,52
7624,2,"tinamit,",tinamit,52
7625,0,Xeb'ek,xeb'ek,52
7625,1,e,e,52
7625,2,kamisanel.,kamisanel,52
7626,0,Are',are',52
7626,1,ta,ta,52
7626,2,k'u,k'u,52
7626,3,"xkaj,",xkaj,52
7627,0,Ri,ri,52
7627,1,sach,sach,52
7627,2,ta,ta,52
7627,3,u,u,52
7627,4,wach,wach,52
7627,5,K'iche'.,k'iche',52
7628,0,Xa,xa,52
7628,1,ta,ta,52
7628,2,ki,ki,52
7628,3,tukel,tukel,52
7628,4,xajawarik,xajawarik,52
7628,5,chi,chi,52
7628,6,ki,ki,52
7628,7,"k'u'x,",k'u'x,52
7629,0,Xa,xa,52
7629,1,k'u,k'u,52
7629,2,are',are',52
7629,3,xe'ul,xe'ul,52
7629,4,k'amoq.,k'amoq,52
7630,0,"Xeteleche'xik,",xeteleche'xik,52
7631,0,Xekanab'ix,xekanab'ix,52
7631,1,puch.,puch,52
7632,0,Mawi,mawi,52
7632,1,jarub',jarub',52
7632,2,chik,chik,52
7633,0,Xkolotaj,xkolotaj,52
7633,1,chike.,chike,52
7634,0,Ta,ta,52
7634,1,xtiker,xtiker,52
7634,2,k'ut,k'ut,52
7634,3,"pusunik,",pusunik,52
7635,0,Xepus,xepus,52
7635,1,ri,ri,52
7635,2,Ilokab',ilokab',52
7635,3,chuwach,chuwach,52
7635,4,k'ab'awil.,k'ab'awil,52
7636,0,Are',are',52
7636,1,chik,chik,52
7636,2,tojb'al,tojb'al,52
7636,3,ki,ki,52
7636,4,mak,mak,52
7636,5,xuxik,xuxik,52
7637,0,Rumal,rumal,52
7637,1,ajaw,ajaw,52
7637,2,K'o,k'o,52
7637,3,Tuja.,tuja,52
7638,0,K'i,k'i,52
7638,1,chi,chi,52
7638,2,k'ut,k'ut,52
7638,3,xok,xok,52
7638,4,chi,chi,52
7638,5,"munil,",munil,52
7639,0,"Xe'alab'ilaxik,",xe'alab'ilaxik,52
7640,0,Xewinaqix,xewinaqix,52
7640,1,puch.,puch,52
7641,0,Xa,xa,52
7641,1,xb'e,xb'e,52
7641,2,kiya',kiya',52
7641,3,kib',kib',52
7642,0,Chi,chi,52
7642,1,ch'akix,ch'akix,52
7643,0,Rumal,rumal,52
7643,1,ki,ki,52
7643,2,nuk'b'al,nuk'b'al,52
7643,3,lab'al,lab'al,52
7644,0,Chirij,chirij,52
7644,1,"ajaw,",ajaw,52
7645,0,Chirij,chirij,52
7645,1,siwan,siwan,52
7645,2,tinamit.,tinamit,52
7646,0,"Xmaixik,",xmaixik,52
7647,0,Xk'utux,xk'utux,52
7647,1,ta,ta,52
7647,2,u,u,52
7647,3,wach,wach,52
7647,4,rajawal,rajawal,52
7647,5,K'iche',k'iche',52
7648,0,Xraj,xraj,52
7648,1,ki,ki,52
7648,2,k'u'x.,k'u'x,52
7649,0,Ma,ma,52
7649,1,k'u,k'u,52
7649,2,xb'anatajik.,xb'anatajik,52
7650,0,Keje',keje',52
7650,1,k'ut,k'ut,52
7650,2,u,u,52
7650,3,winaqirik,winaqirik,52
7651,0,U,u,52
7651,1,pusik,pusik,52
7651,2,winaq,winaq,52
7651,3,chuwa,chuwa,52
7651,4,k'ab'awil.,k'ab'awil,52
7652,0,Ta,ta,52
7652,1,xb'an,xb'an,52
7652,2,ri,ri,52
7652,3,pokob',pokob',52
7653,0,Lab'al,lab'al,52
7653,1,u,u,52
7653,2,xe',xe',52
7654,0,Ta,ta,52
7654,1,xtikarik,xtikarik,52
7654,2,u,u,52
7654,3,pokob'axik,pokob'axik,52
7654,4,tinamit,tinamit,52
7654,5,Chi,chi,52
7654,6,"Ismachi',",ismachi',52
7655,0,Chila',chila',52
7655,1,xtikar,xtikar,52
7655,2,wi,wi,52
7655,3,u,u,52
7655,4,xe'najik,xe'najik,52
7655,5,q'aq'al.,q'aq'al,52
7656,0,Rumal,rumal,52
7656,1,ri',ri',52
7656,2,xa,xa,52
7656,3,xnim,xnim,52
7656,4,wi,wi,52
7656,5,rajawarem,rajawarem,52
7656,6,K'iche',k'iche',52
7656,7,"ajaw,",ajaw,52
7657,0,Jumaj,jumaj,52
7657,1,e,e,52
7657,2,nawal,nawal,52
7657,3,ajawab'.,ajawab',52
7658,0,Xma,xma,52
7658,1,k'o,k'o,52
7658,2,wi,wi,52
7658,3,ki,ki,52
7658,4,yoq'otaj,yoq'otaj,52
7658,5,"wi,",wi,52
7659,0,Xma,xma,52
7659,1,k'o,k'o,52
7659,2,wi,wi,52
7659,3,alachinaq,alachinaq,52
7659,4,chok,chok,52
7659,5,chike.,chike,52
7660,0,Xawi,xawi,52
7660,1,b'anol,b'anol,52
7660,2,rech,rech,52
7660,3,nimal,nimal,52
7661,0,Ajawarem.,ajawarem,52
7662,0,Chiri',chiri',52
7662,1,xe'najinaq,xe'najinaq,52
7662,2,wi,wi,52
7662,3,Chi,chi,52
7662,4,"Ismachi',",ismachi',52
7663,0,Chiri',chiri',52
7663,1,xnimar,xnimar,52
7663,2,wi,wi,52
7663,3,u,u,52
7663,4,k'ixik,k'ixik,52
7663,5,k'ab'awil,k'ab'awil,52
7664,0,Chixib'in,chixib'in,52
7664,1,"chik,",chik,53
7665,0,Xuxib'ij,xuxib'ij,53
7665,1,pu,pu,53
7665,2,rib',rib',53
7665,3,ronojel,ronojel,53
7665,4,"amaq',",amaq',53
7666,0,Ch'uti,ch'uti,53
7666,1,"amaq',",amaq',53
7667,0,Nima,nima,53
7667,1,amaq'.,amaq',53
7668,0,Xkiwachij,xkiwachij,53
7668,1,rokik,rokik,53
7669,0,Teleche',teleche',53
7669,1,winaq.,winaq,53
7670,0,"Xkipusu,",xkipusu,53
7671,0,"Xkikamisaj,",xkikamisaj,53
7672,0,Rumal,rumal,53
7672,1,ki,ki,53
7672,2,"q'aq'al,",q'aq'al,53
7673,0,Ki,ki,53
7673,1,"tepewal,",tepewal,53
7674,0,Ri,ri,53
7674,1,ajaw,ajaw,53
7674,2,K'o,k'o,53
7674,3,"Tuja,",tuja,53
7675,0,Ajaw,ajaw,53
7675,1,"Istayul,",istayul,53
7676,0,Ruk',ruk',53
7676,1,"Nijaib'ab',",nijaib'ab',53
7677,0,Ajaw,ajaw,53
7677,1,K'iche'.,k'iche',53
7678,0,Xa,xa,53
7678,1,ox,ox,53
7678,2,ch'ob',ch'ob',53
7678,3,chi,chi,53
7678,4,chinamit,chinamit,53
7678,5,xk'oje',xk'oje',53
7679,0,Chiri',chiri',53
7679,1,Chi,chi,53
7679,2,Ismachi',ismachi',53
7679,3,u,u,53
7679,4,b'i',b'i',53
7679,5,tinamit,tinamit,53
7680,0,K'a,k'a,53
7680,1,chiri',chiri',53
7680,2,chi,chi,53
7680,3,nay,nay,53
7680,4,puch,puch,53
7680,5,xkitikib'a',xkitikib'a',53
7680,6,wi,wi,53
7680,7,"wa'im,",wa'im,53
7681,0,Uk'aja,uk'aja,53
7681,1,chirech,chirech,53
7681,2,ki,ki,53
7681,3,mi'al.,mi'al,53
7682,0,Ta,ta,53
7682,1,xkisi'j,xkisi'j,53
7682,2,uloq.,uloq,53
7683,0,Are',are',53
7683,1,ki,ki,53
7683,2,kuchb'al,kuchb'al,53
7683,3,kib',kib',53
7684,0,Ri,ri,53
7684,1,Oxib',oxib',53
7684,2,Chi,chi,53
7684,3,Nim,nim,53
7684,4,"Ja,",ja,53
7685,0,U,u,53
7685,1,b'i',b'i',53
7685,2,kumal.,kumal,53
7686,0,Chiri',chiri',53
7686,1,k'ut,k'ut,53
7686,2,chikuk'aj,chikuk'aj,53
7686,3,wi,wi,53
7686,4,"kuk'ia',",kuk'ia',53
7687,0,Chiri',chiri',53
7687,1,puch,puch,53
7687,2,chikiwej,chikiwej,53
7687,3,wi,wi,53
7687,4,ki,ki,53
7687,5,"wa,",wa,53
7688,0,Rajil,rajil,53
7688,1,"kanab',",kanab',53
7689,0,Rajil,rajil,53
7689,1,pu,pu,53
7689,2,mi'al.,mi'al,53
7690,0,Xa,xa,53
7690,1,ki'kotem,ki'kotem,53
7690,2,chi,chi,53
7690,3,ki,ki,53
7690,4,k'u'x,k'u'x,53
7691,0,Ta,ta,53
7691,1,xkib'ano.,xkib'ano,53
7692,0,"Xewa'ik,",xewa'ik,53
7693,0,Xe'echa',xe'echa',53
7693,1,chupan,chupan,53
7693,2,ki,ki,53
7693,3,nim,nim,53
7693,4,ja.,ja,53
7694,0,“Xa,xa,53
7694,1,qa,qa,53
7694,2,"k'amowab'al,",k'amowab'al,53
7695,0,Xa,xa,53
7695,1,pu,pu,53
7695,2,qa,qa,53
7695,3,"paq'ub'al,",paq'ub'al,53
7696,0,Chirech,chirech,53
7696,1,qetal,qetal,53
7696,2,qa,qa,53
7696,3,"tzijel,",tzijel,53
7697,0,Retal,retal,53
7697,1,qa,qa,53
7697,2,"tzij,",tzij,53
7698,0,Chuwi',chuwi',53
7698,1,ixoq,ixoq,53
7698,2,"al,",al,53
7699,0,Achij,achij,53
7699,1,"al,”",al,53
7699,2,xecha'.,xecha',53
7700,0,Chila',chila',53
7700,1,xkob',xkob',53
7700,2,wi,wi,53
7700,3,"uloq,",uloq,53
7701,0,Chila',chila',53
7701,1,puch,puch,53
7701,2,xkib'ij,xkib'ij,53
7701,3,wi,wi,53
7702,0,Ki,ki,53
7702,1,chinamit,chinamit,53
7702,2,"kib',",kib',53
7703,0,Wuq,wuq,53
7703,1,amaq',amaq',53
7703,2,"kib',",kib',53
7704,0,Ki,ki,53
7704,1,tikpan,tikpan,53
7704,2,kib'.,kib',53
7705,0,“Qa,qa,53
7705,1,k'ulel,k'ulel,53
7705,2,"qib',",qib',53
7706,0,Oj,oj,53
7706,1,"Qawikib',",qawikib',53
7707,0,Oj,oj,53
7707,1,Nijaib',nijaib',53
7708,0,Oj,oj,53
7708,1,pu,pu,53
7708,2,Ajaw,ajaw,53
7708,3,"K'iche',”",k'iche',53
7708,4,xecha'.,xecha',53
7709,0,E,e,53
7709,1,oxib',oxib',53
7709,2,"chinamit,",chinamit,53
7710,0,Oxib',oxib',53
7710,1,puch,puch,53
7710,2,nim,nim,53
7710,3,ja.,ja,53
7711,0,Najt,najt,53
7711,1,k'ut,k'ut,53
7711,2,xkib'an,xkib'an,53
7711,3,chiri',chiri',53
7712,0,Chi,chi,53
7712,1,Ismachi'.,ismachi',53
7713,0,Ta,ta,53
7713,1,xkiriq,xkiriq,53
7713,2,"chik,",chik,53
7714,0,Ta,ta,53
7714,1,xkil,xkil,53
7714,2,"puch,",puch,53
7715,0,Jun,jun,53
7715,1,chik,chik,53
7715,2,tinamit.,tinamit,53
7716,0,Xkoqotaj,xkoqotaj,53
7716,1,chiwi',chiwi',53
7716,2,ri,ri,53
7716,3,Chi,chi,53
7716,4,Ismachi'.,ismachi',53
7717,0,K'ATE,k'ate,53
7717,1,puch,puch,53
7717,2,ta,ta,53
7717,3,xeyakataj,xeyakataj,53
7717,4,chi,chi,53
7717,5,"uloq,",uloq,53
7718,0,Xe'ul,xe'ul,53
7718,1,chiri',chiri',53
7718,2,pa,pa,53
7718,3,tinamit.,tinamit,53
7719,0,Q'umarkaj,q'umarkaj,53
7719,1,u,u,53
7719,2,b'i',b'i',53
7720,0,Kumal,kumal,53
7720,1,K'iche',k'iche',53
7720,2,chuchaxik.,chuchaxik,53
7721,0,Ta,ta,53
7721,1,xe'ul,xe'ul,53
7721,2,chik,chik,53
7721,3,"ajawab',",ajawab',53
7722,0,K'o,k'o,53
7722,1,"Tuja,",tuja,53
7723,0,Ruk',ruk',53
7723,1,"Q'ukumatz,",q'ukumatz,53
7724,0,Ruk',ruk',53
7724,1,puch,puch,53
7724,2,ronojel,ronojel,53
7724,3,ajawab'.,ajawab',53
7725,0,Xro,xro,53
7725,1,"k'exoq,",k'exoq,53
7726,0,Xro,xro,53
7726,1,le'a,le'a,53
7726,2,puch,puch,53
7726,3,winaq,winaq,53
7727,0,U,u,53
7727,1,xe',xe',53
7727,2,"saq,",saq,53
7728,0,U,u,53
7728,1,xe',xe',53
7728,2,"amaq',",amaq',53
7729,0,U,u,53
7729,1,xe',xe',53
7729,2,"k'aslem,",k'aslem,53
7730,0,Winaqirem.,winaqirem,53
7731,0,Chiri',chiri',53
7731,1,k'ut,k'ut,53
7731,2,k'i,k'i,53
7731,3,xkib'an,xkib'an,53
7731,4,wi,wi,53
7731,5,kochoch.,kochoch,53
7732,0,Chiri',chiri',53
7732,1,nay,nay,53
7732,2,puch,puch,53
7732,3,xkib'an,xkib'an,53
7732,4,wi,wi,53
7732,5,rochoch,rochoch,53
7732,6,k'ab'awil.,k'ab'awil,53
7733,0,Chu,chu,53
7733,1,nik'ajal,nik'ajal,53
7734,0,U,u,53
7734,1,wi',wi',53
7734,2,tinamit,tinamit,53
7734,3,xkiya',xkiya',53
7734,4,wi.,wi,53
7735,0,Ta,ta,53
7735,1,"xe'ulik,",xe'ulik,53
7736,0,Ta,ta,53
7736,1,xkitikilib'ej,xkitikilib'ej,53
7736,2,puch.,puch,53
7737,0,K'ate,k'ate,53
7737,1,puch,puch,53
7737,2,u,u,53
7737,3,nimarik,nimarik,53
7737,4,chik,chik,53
7738,0,Kajawarem.,kajawarem,53
7739,0,E,e,53
7739,1,k'i,k'i,53
7739,2,"chik,",chik,53
7740,0,E,e,53
7740,1,pu,pu,53
7740,2,tzatz,tzatz,53
7740,3,chik.,chik,53
7741,0,Ta,ta,53
7741,1,xkina'ojij,xkina'ojij,53
7741,2,chik,chik,53
7742,0,Ki,ki,53
7742,1,nim,nim,53
7742,2,ja.,ja,53
7743,0,"Xemoloxik,",xemoloxik,53
7744,0,Xejachajox,xejachajox,53
7744,1,"puch,",puch,53
7745,0,Rumal,rumal,53
7745,1,xwinaqir,xwinaqir,53
7745,2,ki,ki,53
7745,3,ch'a'oj.,ch'a'oj,53
7746,0,Xeq'aq'wachin,xeq'aq'wachin,53
7746,1,chi,chi,53
7746,2,kib',kib',53
7747,0,Chuwi',chuwi',53
7747,1,rajil,rajil,53
7747,2,"kanab',",kanab',53
7748,0,Rajil,rajil,53
7748,1,ki,ki,53
7748,2,mi'al.,mi'al,53
7749,0,Rumal,rumal,53
7749,1,xa,xa,53
7749,2,mawi,mawi,53
7749,3,chi,chi,53
7749,4,"tzaqon,",tzaqon,53
7750,0,Kuk'ia,kuk'ia,53
7750,1,chikiwach.,chikiwach,53
7751,0,Are',are',53
7751,1,chi,chi,53
7751,2,k'ut,k'ut,53
7751,3,u,u,53
7751,4,xe',xe',53
7751,5,chik,chik,53
7752,0,Ki,ki,53
7752,1,jachowik,jachowik,53
7752,2,kib'.,kib',53
7753,0,Ta,ta,53
7753,1,xkitzolb'ej,xkitzolb'ej,53
7753,2,"kib',",kib',53
7754,0,Tzolkaqb'ej,tzolkaqb'ej,53
7755,0,"B'aq,",b'aq,53
7756,0,U,u,53
7756,1,jolom,jolom,53
7756,2,kaminaq.,kaminaq,53
7757,0,Xkiq'aq'b'ej,xkiq'aq'b'ej,53
7757,1,kib'.,kib',53
7758,0,Ta,ta,53
7758,1,xkipax,xkipax,53
7759,0,Ri,ri,53
7759,1,b'ele,b'ele,53
7759,2,taq,taq,53
7759,3,chi,chi,53
7759,4,chinamit.,chinamit,53
7760,0,Xb'anomoq,xb'anomoq,53
7760,1,u,u,53
7760,2,ch'a'ojil,ch'a'ojil,53
7761,0,"Anab',",anab',53
7762,0,Mi'al.,mi'al,53
7763,0,Ta,ta,53
7763,1,xb'an,xb'an,53
7763,2,u,u,53
7763,3,na'ojixik,na'ojixik,53
7763,4,"ajawarem,",ajawarem,53
7764,0,Juwinaq,juwinaq,53
7764,1,kajib',kajib',53
7764,2,chi,chi,53
7764,3,nim,nim,53
7764,4,ja,ja,53
7764,5,xuxik.,xuxik,53
7765,0,Xojeroq,xojeroq,53
7765,1,ke'ulik,ke'ulik,53
7765,2,konojel,konojel,53
7765,3,chiri',chiri',53
7766,0,Chuwi',chuwi',53
7766,1,ki,ki,53
7766,2,tinamit.,tinamit,53
7767,0,Ta,ta,53
7767,1,xetz'aqat,xetz'aqat,53
7768,0,Juwinaq,juwinaq,53
7768,1,kajib',kajib',53
7768,2,nim,nim,53
7768,3,ja,ja,53
7769,0,Chiri',chiri',53
7770,0,Pa,pa,53
7770,1,tinamit,tinamit,53
7770,2,Q'umarkaj.,q'umarkaj,53
7771,0,Xutzirisaxik,xutzirisaxik,53
7772,0,Rumal,rumal,53
7772,1,Sor.,sor,53
7772,2,obispo,obispo,53
7773,0,Ri,ri,53
7773,1,tinamit,tinamit,53
7774,0,K'a,k'a,53
7774,1,xtole',xtole',53
7774,2,kanoq.,kanoq,53
7775,0,Xeq'aq'ar,xeq'aq'ar,53
7775,1,"chiri',",chiri',53
7776,0,Xnuk'mayijinaq,xnuk'mayijinaq,53
7776,1,oq,oq,53
7777,0,Ki,ki,53
7777,1,"tem,",tem,53
7778,0,Ki,ki,53
7778,1,"ch'akat,",ch'akat,53
7779,0,Xjachatzox,xjachatzox,53
7779,1,ki,ki,53
7779,2,"wach,",wach,53
7780,0,Ju,ju,53
7780,1,taq,taq,53
7780,2,wi,wi,53
7780,3,chi,chi,53
7780,4,q'aq'.,q'aq',53
7781,0,Jujun,jujun,53
7781,1,chi,chi,53
7781,2,"ajawab',",ajawab',53
7782,0,B'elejeb',b'elejeb',53
7782,1,taq,taq,53
7782,2,chi,chi,53
7782,3,chinamit,chinamit,53
7782,4,xuk'olela',xuk'olela',53
7782,5,rib':,rib',53
7783,0,B'elejeb',b'elejeb',53
7783,1,chi,chi,53
7783,2,ajawab',ajawab',53
7783,3,"Kaweqib',",kaweqib',53
7784,0,B'elejeb',b'elejeb',53
7784,1,chi,chi,53
7784,2,ajawab',ajawab',53
7784,3,"Nijaib'ab',",nijaib'ab',53
7785,0,Kaji,kaji,53
7785,1,chi,chi,53
7785,2,ajawab',ajawab',53
7785,3,Ajaw,ajaw,53
7785,4,"K'iche',",k'iche',53
7786,0,Kaib',kaib',53
7786,1,chi,chi,53
7786,2,Ajaw,ajaw,53
7786,3,Saqikib'.,saqikib',53
7787,0,K'iya,k'iya,53
7787,1,taq,taq,53
7787,2,"xuxik,",xuxik,53
7788,0,K'i,k'i,53
7788,1,chi,chi,53
7788,2,nay,nay,53
7788,3,puch,puch,53
7788,4,chirij,chirij,53
7788,5,jujun,jujun,53
7788,6,ajawab'.,ajawab',53
7789,0,Xa,xa,53
7789,1,u,u,53
7789,2,nab'e,nab'e,53
7789,3,ri,ri,53
7789,4,k'o,k'o,53
7789,5,chiwi',chiwi',53
7789,6,"ral,",ral,53
7790,0,U,u,53
7790,1,k'ajol.,k'ajol,53
7791,0,"Tzatz,",tzatz,53
7792,0,Tzatz,tzatz,53
7792,1,u,u,53
7792,2,chinamital,chinamital,53
7792,3,jujun,jujun,53
7792,4,chi,chi,53
7792,5,ajawab'.,ajawab',53
7793,0,Chiqab'ij,chiqab'ij,53
7794,0,Ki,ki,53
7794,1,b'i',b'i',53
7794,2,ri,ri,53
7794,3,ajawab',ajawab',53
7795,0,"Chujujunal,",chujujunal,53
7796,0,Jujun,jujun,53
7796,1,u,u,53
7796,2,nim,nim,53
7796,3,ja.,ja,53
7797,0,WA'E,wa'e,53
7797,1,k'ute,k'ute,53
7797,2,ki,ki,53
7797,3,b'i',b'i',53
7797,4,ajawab',ajawab',53
7797,5,chuwach,chuwach,53
7797,6,Kaweqib'.,kaweqib',53
7798,0,Are',are',53
7798,1,nab'e,nab'e,53
7798,2,ajaw,ajaw,53
7798,3,wa':,wa',53
7799,0,Aj,aj,53
7799,1,"Pop,",pop,53
7800,0,Aj,aj,53
7800,1,Pop,pop,53
7800,2,K'am,k'am,53
7800,3,Ja;,ja,53
7801,0,Aj,aj,53
7801,1,"Tojil,",tojil,53
7802,0,Aj,aj,53
7802,1,Q'ukumatz;,q'ukumatz,53
7803,0,Nim,nim,53
7803,1,Ch'okoj,ch'okoj,53
7803,2,"Kaweq,",kaweq,53
7804,0,Popol,popol,53
7804,1,Winaq,winaq,53
7804,2,chi,chi,53
7804,3,T'uy;,t'uy,53
7805,0,Lolmet,lolmet,53
7805,1,Kej,kej,53
7805,2,"Nay,",nay,53
7806,0,Popol,popol,53
7806,1,Winaq,winaq,53
7806,2,pa,pa,53
7806,3,Jom,jom,53
7806,4,"Tzalatz',",tzalatz',53
7807,0,U,u,53
7807,1,Chuch,chuch,53
7807,2,K'am,k'am,53
7807,3,Ja.,ja,53
7808,0,ARE',are',53
7808,1,k'ut,k'ut,53
7808,2,ajawab',ajawab',53
7809,0,Ri',ri',53
7809,1,chuwach,chuwach,53
7809,2,Kaweqib'.,kaweqib',53
7810,0,B'elejeb',b'elejeb',53
7810,1,chi,chi,53
7810,2,ajawab',ajawab',53
7810,3,k'oloje',k'oloje',53
7810,4,u,u,53
7810,5,nim,nim,53
7810,6,ja,ja,53
7810,7,"chujujunal,",chujujunal,53
7811,0,K'ate,k'ate,53
7811,1,chik,chik,53
7811,2,chiwachin,chiwachin,54
7811,3,u,u,54
7811,4,wach.,wach,54
7812,0,ARE',are',54
7812,1,chi,chi,54
7812,2,k'u,k'u,54
7812,3,ajawab',ajawab',54
7812,4,wa',wa',54
7812,5,chuwach,chuwach,54
7812,6,Nijaib'ab'.,nijaib'ab',54
7813,0,Are',are',54
7813,1,nab'e,nab'e,54
7813,2,ajaw,ajaw,54
7813,3,wa':,wa',54
7814,0,Ajaw,ajaw,54
7814,1,"Q'alel,",q'alel,54
7815,0,Ajaw,ajaw,54
7815,1,Aj,aj,54
7815,2,Tzik',tzik',54
7815,3,"Winaq,",winaq,54
7816,0,Q'alel,q'alel,54
7816,1,K'am,k'am,54
7816,2,"Ja,",ja,54
7817,0,Nima,nima,54
7817,1,K'am,k'am,54
7817,2,Ja;,ja,54
7818,0,U,u,54
7818,1,Chuch,chuch,54
7818,2,K'am,k'am,54
7818,3,"Ja,",ja,54
7819,0,Nim,nim,54
7819,1,Ch'okoj,ch'okoj,54
7819,2,Nijaib'ab';,nijaib'ab',54
7820,0,"Awilix,",awilix,54
7821,0,Yakolatam,yakolatam,54
7821,1,(u,u,54
7821,2,tza'm,tza'm,54
7821,3,pop),pop,54
7821,4,"Saklatol,",saklatol,54
7822,0,Nima,nima,54
7822,1,Lolmet,lolmet,54
7822,2,Ye'ol,ye'ol,54
7822,3,T'ux.,t'ux,54
7823,0,B'elejeb',b'elejeb',54
7823,1,k'ut,k'ut,54
7823,2,chi,chi,54
7823,3,ajawab',ajawab',54
7823,4,chuwach,chuwach,54
7823,5,Nijaib'ab'.,nijaib'ab',54
7824,0,ARE',are',54
7824,1,chi,chi,54
7824,2,k'ut,k'ut,54
7824,3,Ajaw,ajaw,54
7824,4,K'iche',k'iche',54
7824,5,wa'.,wa',54
7825,0,Wa'e,wa'e,54
7825,1,ki,ki,54
7825,2,b'i',b'i',54
7825,3,ajawab':,ajawab',54
7826,0,Aj,aj,54
7826,1,Tzik',tzik',54
7826,2,"Winaq,",winaq,54
7827,0,Ajaw,ajaw,54
7827,1,"Lolmet,",lolmet,54
7828,0,Ajaw,ajaw,54
7828,1,Nim,nim,54
7828,2,Ch'okoj,ch'okoj,54
7828,3,Ajaw,ajaw,54
7828,4,"[K'iche'],",k'iche',54
7829,0,Ajaw,ajaw,54
7829,1,Jaq'awitz.,jaq'awitz,54
7830,0,Kajib',kajib',54
7830,1,ajawab',ajawab',54
7830,2,chuwach,chuwach,54
7830,3,Ajaw,ajaw,54
7830,4,K'iche'eb',k'iche'eb',54
7831,0,K'oleje',k'oleje',54
7831,1,u,u,54
7831,2,nim,nim,54
7831,3,ja.,ja,54
7832,0,KAIB',kaib',54
7832,1,chinamit,chinamit,54
7832,2,chi,chi,54
7832,3,nay,nay,54
7832,4,"puch,",puch,54
7833,0,Saqikib',saqikib',54
7833,1,ajawab':,ajawab',54
7834,0,Tz'utuju,tz'utuju,54
7834,1,"Ja,",ja,54
7835,0,Q'alel,q'alel,54
7835,1,Saqik.,saqik,54
7836,0,Xa,xa,54
7836,1,jun,jun,54
7836,2,chi,chi,54
7836,3,nim,nim,54
7836,4,ja,ja,54
7837,0,E,e,54
7837,1,kaib',kaib',54
7837,2,chi,chi,54
7837,3,ajawab'.,ajawab',54
7838,0,KEJE',keje',54
7838,1,k'ut,k'ut,54
7838,2,xtz'akat,xtz'akat,54
7838,3,wi,wi,54
7838,4,juwinaq,juwinaq,54
7838,5,kajib',kajib',54
7838,6,chi,chi,54
7838,7,"ajawab',",ajawab',54
7839,0,Juwinaq,juwinaq,54
7839,1,kajib',kajib',54
7839,2,nay,nay,54
7839,3,puch,puch,54
7839,4,chi,chi,54
7839,5,nim,nim,54
7839,6,ja,ja,54
7839,7,xuxik.,xuxik,54
7840,0,Ta,ta,54
7840,1,xnimarik,xnimarik,54
7840,2,"q'aq'al,",q'aq'al,54
7841,0,Tepewal,tepewal,54
7841,1,pa,pa,54
7841,2,K'iche'.,k'iche',54
7842,0,Ta,ta,54
7842,1,"xq'aq'arik,",xq'aq'arik,54
7843,0,Ta,ta,54
7843,1,xtepewarik,xtepewarik,54
7844,0,U,u,54
7844,1,"nimal,",nimal,54
7845,0,Ralal,ralal,54
7845,1,K'iche'.,k'iche',54
7846,0,Ta,ta,54
7846,1,"xchunaxik,",xchunaxik,54
7847,0,Ta,ta,54
7847,1,xsajkab'ix,xsajkab'ix,54
7847,2,puch,puch,54
7848,0,"Siwan,",siwan,54
7849,0,Tinamit.,tinamit,54
7850,0,Xul,xul,54
7850,1,ch'uti,ch'uti,54
7850,2,"amaq',",amaq',54
7851,0,Nima,nima,54
7851,1,amaq'.,amaq',54
7852,0,K'o,k'o,54
7852,1,k'ut,k'ut,54
7852,2,u,u,54
7852,3,b'i',b'i',54
7852,4,ajaw,ajaw,54
7853,0,Xnimarisan,xnimarisan,54
7853,1,K'iche'.,k'iche',54
7854,0,Ta,ta,54
7854,1,xwinaqirik,xwinaqirik,54
7854,2,"q'aq'al,",q'aq'al,54
7855,0,Tepewal.,tepewal,54
7856,0,Ta,ta,54
7856,1,xwinaqirik,xwinaqirik,54
7856,2,rochoch,rochoch,54
7856,3,"k'ab'awil,",k'ab'awil,54
7857,0,Kochoch,kochoch,54
7857,1,nay,nay,54
7857,2,pu,pu,54
7857,3,ajawab'.,ajawab',54
7858,0,Ma,ma,54
7858,1,nay,nay,54
7858,2,pu,pu,54
7858,3,are',are',54
7858,4,"xeb'anowik,",xeb'anowik,54
7859,0,Mawi,mawi,54
7859,1,xechakun,xechakun,54
7859,2,taj.,taj,54
7860,0,Ma,ma,54
7860,1,pu,pu,54
7860,2,xkib'an,xkib'an,54
7860,3,ta,ta,54
7860,4,"kochoch,",kochoch,54
7861,0,Ma,ma,54
7861,1,nay,nay,54
7861,2,pu,pu,54
7861,3,xa,xa,54
7861,4,ta,ta,54
7861,5,xkib'an,xkib'an,54
7861,6,rochoch,rochoch,54
7861,7,ki,ki,54
7861,8,k'ab'awil.,k'ab'awil,54
7862,0,Xa,xa,54
7862,1,rumal,rumal,54
7862,2,xek'irik,xek'irik,54
7862,3,"kal,",kal,54
7863,0,Ki,ki,54
7863,1,k'ajol.,k'ajol,54
7864,0,Ma,ma,54
7864,1,na,na,54
7864,2,xa,xa,54
7864,3,ki,ki,54
7864,4,"b'ochi',",b'ochi',54
7865,0,Xa,xa,54
7865,1,ta,ta,54
7865,2,pu,pu,54
7865,3,"keleq',",keleq',54
7866,0,Ki,ki,54
7866,1,q'upun,q'upun,54
7866,2,ta,ta,54
7866,3,puch.,puch,54
7867,0,Qitzij,qitzij,54
7867,1,wi,wi,54
7867,2,chi,chi,54
7867,3,kech,kech,54
7868,0,Ajawab',ajawab',54
7868,1,chikijujunal.,chikijujunal,54
7869,0,Tzatz,tzatz,54
7869,1,nay,nay,54
7869,2,puch,puch,54
7869,3,"katz,",katz,54
7870,0,Ki,ki,54
7870,1,chaq',chaq',54
7870,2,xuxik.,xuxik,54
7871,0,Xmolomoxik,xmolomoxik,54
7871,1,u,u,54
7871,2,"k'oje'ik,",k'oje'ik,54
7872,0,Xmolomox,xmolomox,54
7872,1,nay,nay,54
7872,2,puch,puch,54
7872,3,u,u,54
7872,4,tab'al,tab'al,54
7872,5,tzij,tzij,54
7872,6,jun,jun,54
7872,7,chi,chi,54
7872,8,ajawab'.,ajawab',54
7873,0,Qitzij,qitzij,54
7873,1,wi,wi,54
7873,2,chi,chi,54
7873,3,e,e,54
7873,4,"loq',",loq',54
7874,0,Qitzij,qitzij,54
7874,1,puch,puch,54
7874,2,chi,chi,54
7874,3,nim,nim,54
7874,4,ki,ki,54
7874,5,qale'm,qale'm,54
7874,6,ajawab'.,ajawab',54
7875,0,Nimatalik,nimatalik,54
7876,0,Xowatal,xowatal,54
7876,1,puch,puch,54
7877,0,U,u,54
7877,1,q'ij,q'ij,54
7878,0,Ralaxik,ralaxik,54
7878,1,ajawab',ajawab',54
7879,0,Rumal,rumal,54
7879,1,"ral,",ral,54
7880,0,U,u,54
7880,1,k'ajol.,k'ajol,54
7881,0,Ta,ta,54
7881,1,xk'iarik,xk'iarik,54
7881,2,aj,aj,54
7881,3,"siwan,",siwan,54
7882,0,Aj,aj,54
7882,1,tinamit,tinamit,54
7882,2,ruk',ruk',54
7882,3,nay,nay,54
7882,4,puch.,puch,54
7883,0,Ma,ma,54
7883,1,na,na,54
7883,2,xa,xa,54
7883,3,ta,ta,54
7883,4,k'i,k'i,54
7884,0,Keje',keje',54
7884,1,xul,xul,54
7884,2,kiya',kiya',54
7884,3,kib',kib',54
7884,4,ronojel,ronojel,54
7884,5,amaq'.,amaq',54
7885,0,K'a,k'a,54
7885,1,lab'al,lab'al,54
7885,2,k'ut,k'ut,54
7886,0,Xqaj,xqaj,54
7886,1,wi,wi,54
7887,0,U,u,54
7887,1,"siwan,",siwan,54
7888,0,U,u,54
7888,1,tinamit.,tinamit,54
7889,0,K'a,k'a,54
7889,1,rumal,rumal,54
7889,2,ki,ki,54
7889,3,nawal,nawal,54
7889,4,ajawab',ajawab',54
7890,0,"Xeq'aq'arik,",xeq'aq'arik,54
7891,0,Ri,ri,54
7891,1,ajaw,ajaw,54
7891,2,"Q'ukumatz,",q'ukumatz,54
7892,0,Ajaw,ajaw,54
7892,1,K'o,k'o,54
7892,2,Tuja.,tuja,54
7893,0,Qitzij,qitzij,54
7893,1,chi,chi,54
7893,2,nawal,nawal,54
7893,3,ajaw,ajaw,54
7894,0,Ri,ri,54
7894,1,Q'ukumatz,q'ukumatz,54
7894,2,xuxik.,xuxik,54
7895,0,Ju,ju,54
7895,1,wuq',wuq',54
7895,2,chaq'an,chaq'an,54
7895,3,chi,chi,54
7895,4,"kaj,",kaj,54
7896,0,Ju,ju,54
7896,1,wuq',wuq',54
7896,2,k'ut,k'ut,54
7896,3,chib'e,chib'e,54
7896,4,u,u,54
7896,5,b'ana,b'ana,54
7896,6,qajoq,qajoq,54
7896,7,chi,chi,54
7896,8,Xib'alb'a;,xib'alb'a,54
7897,0,Ju,ju,54
7897,1,wuq',wuq',54
7897,2,chi,chi,54
7897,3,k'ut,k'ut,54
7897,4,chik'oje',chik'oje',54
7897,5,chi,chi,54
7897,6,"kumatzil,",kumatzil,54
7898,0,Qitzij,qitzij,54
7898,1,chi,chi,54
7898,2,kumatz,kumatz,54
7898,3,chuxik;,chuxik,54
7899,0,Ju,ju,54
7899,1,wuq',wuq',54
7899,2,chi,chi,54
7899,3,nay,nay,54
7899,4,puch,puch,54
7899,5,chub'ano,chub'ano,54
7899,6,chi,chi,54
7899,7,"kotal,",kotal,54
7900,0,Ju,ju,54
7900,1,wuq',wuq',54
7900,2,chik,chik,54
7900,3,chi,chi,54
7900,4,"b'alamil,",b'alamil,54
7901,0,Qitzij,qitzij,54
7901,1,wi,wi,54
7901,2,chi,chi,54
7901,3,"kot,",kot,54
7902,0,Chi,chi,54
7902,1,b'alam,b'alam,54
7902,2,u,u,54
7902,3,wachib'al,wachib'al,54
7902,4,chuxik;,chuxik,54
7903,0,Ju,ju,54
7903,1,wuq',wuq',54
7903,2,chik,chik,54
7903,3,chireme'ik,chireme'ik,54
7903,4,chi,chi,54
7903,5,"kik'el,",kik'el,54
7904,0,U,u,54
7904,1,tukel,tukel,54
7904,2,remanik,remanik,54
7904,3,kik',kik',54
7904,4,chuxik.,chuxik,54
7905,0,Qitzij,qitzij,54
7905,1,chi,chi,54
7905,2,nawal,nawal,54
7906,0,Ajaw,ajaw,54
7906,1,u,u,54
7906,2,k'oje'ik.,k'oje'ik,54
7907,0,Xib'ix,xib'ix,54
7907,1,ib',ib',54
7907,2,chuwach,chuwach,54
7907,3,rumal,rumal,54
7907,4,ronojel,ronojel,54
7907,5,ajawab'.,ajawab',54
7908,0,Xpaxin,xpaxin,54
7908,1,rib',rib',54
7909,0,U,u,54
7909,1,ta'ik,ta'ik,54
7910,0,Xuta,xuta,54
7911,0,Ronojel,ronojel,54
7911,1,ajawab',ajawab',54
7912,0,Amaq',amaq',54
7913,0,U,u,54
7913,1,k'oje'ik,k'oje'ik,54
7914,0,Nawal,nawal,54
7914,1,ajaw.,ajaw,54
7915,0,Are',are',54
7915,1,k'ut,k'ut,54
7915,2,u,u,54
7915,3,"tikarik,",tikarik,54
7916,0,U,u,54
7916,1,nimarik,nimarik,54
7916,2,puch,puch,54
7916,3,K'iche'.,k'iche',54
7917,0,Ta,ta,54
7917,1,"xub'an,",xub'an,54
7918,0,Ajaw,ajaw,54
7918,1,"Q'ukumatz,",q'ukumatz,54
7919,0,"Retal,",retal,54
7920,0,Nimal.,nimal,54
7921,0,Xma,xma,54
7921,1,sachel,sachel,54
7921,2,u,u,54
7921,3,wach,wach,54
7921,4,u,u,54
7921,5,"mam,",mam,54
7922,0,U,u,54
7922,1,k'ajol,k'ajol,54
7922,2,chu,chu,54
7922,3,k'u'x.,k'u'x,54
7923,0,Maja,maja,54
7923,1,b'i,b'i,54
7923,2,ata,ata,54
7923,3,la,la,54
7923,4,xb'an,xb'an,54
7923,5,wi,wi,54
7924,0,Ri,ri,54
7924,1,xk'oje',xk'oje',54
7925,0,Ta,ta,54
7925,1,jun,jun,54
7925,2,ajaw.,ajaw,54
7926,0,Nawal,nawal,54
7926,1,ta,ta,54
7927,0,U,u,54
7927,1,k'oje'ik.,k'oje'ik,54
7928,0,Xa,xa,54
7928,1,yoq'b'al,yoq'b'al,54
7928,2,rech,rech,54
7928,3,ronojel,ronojel,54
7928,4,amaq',amaq',54
7929,0,Ta,ta,54
7929,1,xub'ano.,xub'ano,54
7930,0,Xa,xa,54
7930,1,u,u,54
7930,2,k'utb'al,k'utb'al,54
7930,3,rib'.,rib',54
7931,0,Rumal,rumal,54
7931,1,xere,xere,54
7931,2,ju,ju,54
7931,3,"k'isik,",k'isik,54
7932,0,U,u,54
7932,1,jolom,jolom,54
7932,2,amaq',amaq',54
7932,3,xuxik.,xuxik,54
7933,0,Ukaj,ukaj,54
7933,1,le',le',54
7933,2,"ajaw,",ajaw,54
7934,0,Ri,ri,54
7934,1,nawal,nawal,54
7934,2,"ajaw,",ajaw,54
7935,0,Q'ukumatz,q'ukumatz,54
7935,1,u,u,54
7935,2,b'i'.,b'i',54
7936,0,Xawi,xawi,54
7936,1,xere,xere,54
7937,0,Aj,aj,54
7937,1,"Pop,",pop,54
7938,0,Aj,aj,54
7938,1,Pop,pop,54
7938,2,K'am,k'am,54
7938,3,Ja.,ja,54
7939,0,Xkanaj,xkanaj,54
7939,1,chi,chi,54
7939,2,k'ut,k'ut,54
7939,3,"ketal,",ketal,54
7940,0,Ki,ki,54
7940,1,tzijel.,tzijel,54
7941,0,"Xeq'aq'arik,",xeq'aq'arik,54
7942,0,Xetepewar,xetepewar,54
7942,1,puch.,puch,54
7943,0,Ta,ta,54
7943,1,xek'ajolan,xek'ajolan,54
7943,2,chi,chi,54
7943,3,"k'ut,",k'ut,54
7944,0,K'a,k'a,54
7944,1,ki,ki,54
7944,2,k'ajol,k'ajol,54
7944,3,k'ut.,k'ut,54
7945,0,Tzatz,tzatz,54
7945,1,chik,chik,54
7945,2,xub'ano.,xub'ano,54
7946,0,Xk'ajolax,xk'ajolax,54
7947,0,Ri,ri,54
7947,1,"Tepepul,",tepepul,54
7948,0,Istayul.,istayul,54
7949,0,Xa,xa,54
7949,1,qi,qi,54
7949,2,ajawarem,ajawarem,54
7949,3,xub'ano.,xub'ano,54
7950,0,Ro,ro,54
7950,1,le',le',54
7950,2,ajaw,ajaw,54
7950,3,xuxik.,xuxik,54
7951,0,Xawi,xawi,54
7951,1,"xek'ajolanik,",xek'ajolanik,54
7952,0,Jutaq,jutaq,55
7952,1,le',le',55
7952,2,chi,chi,55
7952,3,ajawab'.,ajawab',55
7953,0,WA',wa',55
7953,1,chi,chi,55
7953,2,k'ute,k'ute,55
7953,3,ki,ki,55
7953,4,b'i',b'i',55
7953,5,chik,chik,55
7954,0,Uwaq,uwaq,55
7954,1,le',le',55
7954,2,ajaw.,ajaw,55
7955,0,E,e,55
7955,1,kaib',kaib',55
7955,2,chi,chi,55
7955,3,nima'q,nima'q,55
7955,4,"ajawab',",ajawab',55
7956,0,E,e,55
7956,1,q'aq'.,q'aq',55
7957,0,K'iq'ab',k'iq'ab',55
7957,1,u,u,55
7957,2,b'i',b'i',55
7957,3,jun,jun,55
7957,4,"ajaw,",ajaw,55
7958,0,Kawisimaj,kawisimaj,55
7958,1,u,u,55
7958,2,b'i',b'i',55
7958,3,jun,jun,55
7958,4,chik.,chik,55
7959,0,Are',are',55
7959,1,k'ut,k'ut,55
7959,2,tzatz,tzatz,55
7959,3,chik,chik,55
7959,4,xub'an,xub'an,55
7959,5,ri,ri,55
7959,6,"K'iq'ab',",k'iq'ab',55
7960,0,Kawisimaj,kawisimaj,55
7961,0,Are',are',55
7961,1,chi,chi,55
7961,2,xnimarisan,xnimarisan,55
7962,0,K'iche'.,k'iche',55
7963,0,Rumal,rumal,55
7963,1,qitzij,qitzij,55
7963,2,nawal,nawal,55
7964,0,U,u,55
7964,1,k'oje'ik.,k'oje'ik,55
7965,0,Are',are',55
7965,1,"q'ajowik,",q'ajowik,55
7966,0,Are',are',55
7966,1,puch,puch,55
7966,2,xpaxinik,xpaxinik,55
7967,0,U,u,55
7967,1,"siwan,",siwan,55
7968,0,U,u,55
7968,1,"tinamit,",tinamit,55
7969,0,Ch'uti,ch'uti,55
7969,1,"amaq',",amaq',55
7970,0,Nima,nima,55
7970,1,amaq'.,amaq',55
7971,0,Naqaj,naqaj,55
7971,1,taq,taq,55
7971,2,u,u,55
7971,3,xo'l,xo'l,55
7972,0,K'o,k'o,55
7972,1,wi,wi,55
7972,2,tinamit,tinamit,55
7972,3,ojer.,ojer,55
7973,0,Are',are',55
7973,1,u,u,55
7973,2,juyub'al,juyub'al,55
7973,3,"Kaqchekeleb',",kaqchekeleb',55
7974,0,Ri,ri,55
7974,1,Chuwi',chuwi',55
7974,2,La,la,55
7974,3,"wakamik,",wakamik,55
7975,0,U,u,55
7975,1,juyub'al,juyub'al,55
7975,2,chi,chi,55
7975,3,nay,nay,55
7975,4,pu,pu,55
7975,5,"Rab'inaleb',",rab'inaleb',55
7976,0,Ri,ri,55
7976,1,Pa,pa,55
7976,2,"Mak'a',",mak'a',55
7977,0,U,u,55
7977,1,juyub',juyub',55
7977,2,k'u,k'u,55
7977,3,"Ka'okeb',",ka'okeb',55
7978,0,Ri,ri,55
7978,1,Saqkab'a,saqkab'a,55
7978,2,"Ja,",ja,55
7979,0,U,u,55
7979,1,tinamit,tinamit,55
7979,2,chi,chi,55
7979,3,k'ut,k'ut,55
7979,4,"Saqulewab',",saqulewab',55
7980,0,Chuwi',chuwi',55
7980,1,"Miq'ina',",miq'ina',55
7981,0,Xe',xe',55
7981,1,"Laju,",laju,55
7982,0,Chuwa,chuwa,55
7982,1,"Tz'aq,",tz'aq,55
7983,0,Ruk',ruk',55
7983,1,Tz'oloj,tz'oloj,55
7983,2,Che'.,che',55
7984,0,Are',are',55
7984,1,xrixowaj,xrixowaj,55
7984,2,"K'iq'ab',",k'iq'ab',55
7985,0,Xub'an,xub'an,55
7985,1,lab'al.,lab'al,55
7986,0,Qitzij,qitzij,55
7986,1,wi,wi,55
7986,2,"xq'ajik,",xq'ajik,55
7987,0,Xpaxik,xpaxik,55
7988,0,U,u,55
7988,1,"siwan,",siwan,55
7989,0,U,u,55
7989,1,tinamit,tinamit,55
7990,0,"Rab'inaleb',",rab'inaleb',55
7991,0,"Kaqchekeleb',",kaqchekeleb',55
7992,0,Saq,saq,55
7992,1,Ulewab'.,ulewab',55
7993,0,"Xule'ik,",xule'ik,55
7994,0,Xpaq'a'ik,xpaq'a'ik,55
7994,1,ronojel,ronojel,55
7994,2,amaq'.,amaq',55
7995,0,K'a,k'a,55
7995,1,xtok'e,xtok'e,55
7996,0,Chi,chi,55
7996,1,najt,najt,55
7996,2,u,u,55
7996,3,kamisay,kamisay,55
7996,4,K'iq'ab'.,k'iq'ab',55
7997,0,Ju,ju,55
7997,1,"ch'ob',",ch'ob',55
7998,0,Ka,ka,55
7998,1,ch'ob',ch'ob',55
7998,2,ta,ta,55
7998,3,chik,chik,55
7999,0,Mawi,mawi,55
7999,1,kuk'an,kuk'an,55
7999,2,u,u,55
7999,3,patan,patan,55
8000,0,Chirech,chirech,55
8000,1,ronojel.,ronojel,55
8001,0,Xqaj,xqaj,55
8001,1,u,u,55
8001,2,"tinamit,",tinamit,55
8002,0,Xuk'a'am,xuk'a'am,55
8002,1,u,u,55
8002,2,patan,patan,55
8003,0,Chuwach,chuwach,55
8003,1,"K'iq'ab',",k'iq'ab',55
8004,0,Kawisimaj.,kawisimaj,55
8005,0,Xe'ok,xe'ok,55
8005,1,"chinamit,",chinamit,55
8006,0,"Xelotz'ik,",xelotz'ik,55
8007,0,Xek'aqik,xek'aqik,55
8007,1,chi,chi,55
8007,2,che'.,che',55
8008,0,Maja,maja,55
8008,1,b'i,b'i,55
8008,2,ki,ki,55
8008,3,"q'ij,",q'ij,55
8009,0,Maja,maja,55
8009,1,b'i,b'i,55
8009,2,kalaxik,kalaxik,55
8009,3,xuxik.,xuxik,55
8010,0,Xa,xa,55
8010,1,"cha',",cha',55
8011,0,Mi,mi,55
8011,1,xk'oje',xk'oje',55
8011,2,paxib'al,paxib'al,55
8011,3,tinamit.,tinamit,55
8012,0,Ju,ju,55
8012,1,suk',suk',55
8012,2,chijixitajik,chijixitajik,55
8013,0,U,u,55
8013,1,chi',chi',55
8013,2,ulew,ulew,55
8014,0,Keje',keje',55
8014,1,ri',ri',55
8014,2,chiq'osin,chiq'osin,55
8014,3,"kaqulja,",kaqulja,55
8015,0,Chupaxij,chupaxij,55
8015,1,ab'aj.,ab'aj,55
8016,0,"Chixib'inik,",chixib'inik,55
8017,0,Lib'aj,lib'aj,55
8017,1,chi,chi,55
8017,2,chelaj,chelaj,55
8017,3,amaq',amaq',55
8018,0,Chuwach,chuwach,55
8018,1,Q'ol,q'ol,55
8018,2,Che',che',55
8019,0,Retal,retal,55
8019,1,tinamit.,tinamit,55
8020,0,Rumal,rumal,55
8020,1,wakamik,wakamik,55
8021,0,Jun,jun,55
8021,1,juyub',juyub',55
8021,2,ab'aj.,ab'aj,55
8022,0,Xsqaqi'n,xsqaqi'n,55
8022,1,chik,chik,55
8023,0,Mawi,mawi,55
8023,1,xq'atatajik,xq'atatajik,55
8024,0,Keje',keje',55
8024,1,ri',ri',55
8024,2,xchoy,xchoy,55
8025,0,Chi,chi,55
8025,1,ikaj,ikaj,55
8025,2,rumal.,rumal,55
8026,0,Chila',chila',55
8026,1,k'o,k'o,55
8026,2,wi,wi,55
8026,3,pa,pa,55
8026,4,"taq'aj,",taq'aj,55
8027,0,Petatayub',petatayub',55
8027,1,u,u,55
8027,2,b'i'.,b'i',55
8028,0,Q'alaj,q'alaj,55
8028,1,"wakamik,",wakamik,55
8029,0,Karil,karil,55
8029,1,ronojel,ronojel,55
8029,2,winaq,winaq,55
8029,3,ke'ik'ow,ke'ik'ow,55
8029,4,"wi,",wi,55
8030,0,Retal,retal,55
8031,0,Rachijilal,rachijilal,55
8031,1,K'iq'ab'.,k'iq'ab',55
8032,0,Maja,maja,55
8032,1,b'i,b'i,55
8032,2,xkam,xkam,55
8032,3,"wi,",wi,55
8033,0,Ma,ma,55
8033,1,pu,pu,55
8033,2,ja,ja,55
8033,3,b'i,b'i,55
8033,4,xch'akataj,xch'akataj,55
8033,5,wi.,wi,55
8034,0,Qitzij,qitzij,55
8034,1,wi,wi,55
8034,2,chi,chi,55
8034,3,achij.,achij,55
8035,0,Xuk'am,xuk'am,55
8035,1,k'ut,k'ut,55
8035,2,u,u,55
8035,3,patan,patan,55
8035,4,ronojel,ronojel,55
8035,5,amaq'.,amaq',55
8036,0,Ta,ta,55
8036,1,xena'ojin,xena'ojin,55
8036,2,k'ut,k'ut,55
8036,3,ajawab',ajawab',55
8036,4,"konojel,",konojel,55
8037,0,Ta,ta,55
8037,1,xb'ek,xb'ek,55
8037,2,q'atey,q'atey,55
8038,0,Rij,rij,55
8038,1,"siwan,",siwan,55
8039,0,Rij,rij,55
8039,1,tinamit.,tinamit,55
8040,0,Xqajinaq,xqajinaq,55
8040,1,oq,oq,55
8040,2,u,u,55
8040,3,"tinamit,",tinamit,55
8041,0,Ronojel,ronojel,55
8041,1,amaq'.,amaq',55
8042,0,K'ATE,k'ate,55
8042,1,k'ut,k'ut,55
8042,2,ta,ta,55
8042,3,relik,relik,55
8042,4,"waranel,",waranel,55
8043,0,Ilol,ilol,55
8043,1,aj,aj,55
8043,2,lab'al.,lab'al,55
8044,0,Ta,ta,55
8044,1,xkib'an,xkib'an,55
8044,2,k'ut,k'ut,55
8044,3,u,u,55
8044,4,wachinel,wachinel,55
8044,5,"chinamit,",chinamit,55
8045,0,Laq'ab'ey,laq'ab'ey,55
8045,1,juyub'.,juyub',55
8046,0,“We,we,55
8046,1,chipe,chipe,55
8046,2,"chik,",chik,55
8047,0,Ta,ta,55
8047,1,chul,chul,55
8047,2,u,u,55
8047,3,laq'ab'ej,laq'ab'ej,55
8048,0,U,u,55
8048,1,"tinamit,",tinamit,55
8049,0,"Amaq',”",amaq',55
8049,1,xecha',xecha',55
8050,0,Ta,ta,55
8050,1,xkikuch,xkikuch,55
8050,2,ki,ki,55
8050,3,na'oj,na'oj,55
8050,4,konojel,konojel,55
8050,5,"ajawab',",ajawab',55
8051,0,Ta,ta,55
8051,1,xel,xel,55
8051,2,ki,ki,55
8051,3,wab'an:,wab'an,55
8052,0,“Keje',keje',55
8052,1,ri',ri',55
8052,2,qa,qa,55
8052,3,"k'ejoj,",k'ejoj,55
8053,0,Keje',keje',55
8053,1,pu,pu,55
8053,2,qa,qa,55
8053,3,ka,ka,55
8053,4,"chinamit,",chinamit,55
8054,0,Keje',keje',55
8054,1,nay,nay,55
8054,2,pu,pu,55
8054,3,qa,qa,55
8054,4,"tz'alam,",tz'alam,55
8055,0,Qa,qa,55
8055,1,k'oxtun,k'oxtun,55
8055,2,"chuxik,",chuxik,55
8056,0,Are',are',55
8056,1,chik,chik,55
8056,2,"qoyowal,",qoyowal,55
8057,0,Qachijilal,qachijilal,55
8057,1,ta,ta,55
8057,2,"chuxoq,”",chuxoq,55
8058,0,Xecha',xecha',55
8058,1,konojel,konojel,55
8058,2,ajawab'.,ajawab',55
8059,0,Ta,ta,55
8059,1,xe'elik,xe'elik,55
8059,2,u,u,55
8059,3,wab'an,wab'an,55
8060,0,Jujun,jujun,55
8060,1,chi,chi,55
8060,2,"chinamit,",chinamit,55
8061,0,K'ulelay,k'ulelay,55
8061,1,rech,rech,55
8061,2,aj,aj,55
8061,3,lab'al.,lab'al,55
8062,0,Ta,ta,55
8062,1,xepixab'ax,xepixab'ax,55
8062,2,"k'ut,",k'ut,55
8063,0,Ta,ta,55
8063,1,xeb'e,xeb'e,55
8063,2,puch,puch,55
8063,3,"wab'an,",wab'an,55
8064,0,Laq'ab'ey,laq'ab'ey,55
8064,1,u,u,55
8064,2,juyub'al,juyub'al,55
8064,3,amaq'.,amaq',55
8065,0,"“Chib'ek,",chib'ek,55
8065,1,rumal,rumal,55
8065,2,qa,qa,55
8065,3,juyub'al,juyub'al,55
8065,4,chik.,chik,55
8066,0,Mixib'ij,mixib'ij,55
8066,1,iwib',iwib',55
8066,2,we,we,55
8066,3,k'o,k'o,55
8066,4,chik,chik,55
8066,5,aj,aj,55
8066,6,lab'al,lab'al,55
8067,0,Chul,chul,55
8067,1,chik,chik,55
8067,2,iwuk',iwuk',55
8067,3,ta,ta,55
8067,4,kamisay,kamisay,55
8067,5,iwe.,iwe,55
8068,0,Anim,anim,55
8068,1,chul,chul,55
8068,2,ib'ij,ib'ij,55
8069,0,Chib'e,chib'e,55
8069,1,na,na,55
8069,2,qa,qa,55
8069,3,"kamisaj,”",kamisaj,55
8070,0,Xcha',xcha',55
8070,1,k'ut,k'ut,55
8070,2,K'iq'ab',k'iq'ab',55
8070,3,chi,chi,55
8070,4,kech,kech,55
8071,0,Ta,ta,55
8071,1,xepixab'axik,xepixab'axik,55
8071,2,konojel,konojel,55
8071,3,wach,wach,55
8072,0,Ruk',ruk',55
8072,1,"Q'alel,",q'alel,55
8073,0,Aj,aj,55
8073,1,Tzik',tzik',55
8073,2,Winaq.,winaq,55
8074,0,Ta,ta,55
8074,1,xb'e'ije'ik,xb'e'ije'ik,55
8074,2,ri,ri,55
8074,3,u,u,55
8074,4,chi',chi',55
8074,5,"ch'a,",ch'a,55
8075,0,U,u,55
8075,1,chi',chi',55
8075,2,k'a'am,k'a'am,55
8075,3,chuchaxik.,chuchaxik,55
8076,0,Ta,ta,55
8076,1,xpaxin,xpaxin,55
8076,2,rib',rib',55
8076,3,u,u,55
8076,4,"mam,",mam,55
8077,0,U,u,55
8077,1,qajaw,qajaw,55
8078,0,Ri,ri,55
8078,1,ronojel,ronojel,55
8078,2,K'iche',k'iche',55
8078,3,winaq.,winaq,55
8079,0,K'o,k'o,55
8079,1,pa,pa,55
8079,2,jujun,jujun,55
8079,3,chi,chi,55
8079,4,juyub'.,juyub',55
8080,0,Xa,xa,55
8080,1,chajal,chajal,55
8080,2,"juyub',",juyub',55
8081,0,Xa,xa,55
8081,1,pu,pu,55
8081,2,chajal,chajal,55
8082,0,"Ch'a,",ch'a,55
8083,0,K'a'am.,k'a'am,55
8084,0,Chajal,chajal,55
8085,0,Lab'al,lab'al,55
8085,1,puch,puch,55
8085,2,ta,ta,55
8085,3,xb'ek.,xb'ek,55
8086,0,Ma,ma,55
8086,1,na,na,55
8086,2,jun,jun,55
8086,3,ta,ta,55
8086,4,saqir,saqir,55
8086,5,"wi,",wi,55
8087,0,Ma,ma,55
8087,1,nay,nay,55
8087,2,puch,puch,55
8087,3,jun,jun,55
8087,4,ta,ta,55
8087,5,u,u,55
8087,6,k'ab'awil.,k'ab'awil,55
8088,0,Xa,xa,55
8088,1,q'atey,q'atey,55
8088,2,rij,rij,55
8088,3,tinamit.,tinamit,55
8089,0,Ta,ta,55
8089,1,xelik,xelik,55
8089,2,ronojel:,ronojel,55
8090,0,Aj,aj,55
8090,1,Wi',wi',55
8090,2,"La,",la,55
8091,0,Aj,aj,55
8091,1,Chulimal;,chulimal,55
8092,0,Saqi,saqi,55
8092,1,"Ya',",ya',55
8093,0,Xajb'akiej;,xajb'akiej,55
8094,0,Chi,chi,55
8094,1,"Temaj,",temaj,55
8095,0,Wajxalajuj;,wajxalajuj,55
8096,0,Ruk',ruk',55
8096,1,chik,chik,55
8096,2,Aj,aj,55
8096,3,"Kab'raqan,",kab'raqan,55
8097,0,Ch'ab'i,ch'ab'i,55
8097,1,Q'aq',q'aq',55
8098,0,Chi,chi,55
8098,1,Junajpu;,junajpu,55
8099,0,Ruk',ruk',55
8099,1,Aj,aj,55
8099,2,"Mak'a',",mak'a',55
8100,0,Aj,aj,55
8100,1,Xay,xay,55
8100,2,Ab'aj;,ab'aj,55
8101,0,Aj,aj,55
8101,1,Saqkab'a,saqkab'a,55
8101,2,"Ja,",ja,55
8102,0,Aj,aj,55
8102,1,Siya,siya,55
8102,2,Ja;,ja,55
8103,0,Aj,aj,55
8103,1,"Miq'ina',",miq'ina',55
8104,0,Aj,aj,55
8104,1,Xelajuj.,xelajuj,55
8105,0,"Taq'ajal,",taq'ajal,55
8106,0,Juyub'.,juyub',55
8107,0,Ri',ri',55
8107,1,xelik,xelik,56
8107,2,waray,waray,56
8107,3,"lab'al,",lab'al,56
8108,0,Chajal,chajal,56
8108,1,ulew.,ulew,56
8109,0,Ta,ta,56
8109,1,xb'ek,xb'ek,56
8109,2,rumal,rumal,56
8109,3,"K'iq'ab',",k'iq'ab',56
8110,0,"Kawisamaj,",kawisamaj,56
8111,0,Aj,aj,56
8111,1,"Pop,",pop,56
8112,0,Aj,aj,56
8112,1,Pop,pop,56
8112,2,K'am,k'am,56
8112,3,"Ja,",ja,56
8113,0,"Q'alel,",q'alel,56
8114,0,Aj,aj,56
8114,1,Tzik',tzik',56
8114,2,Winaq.,winaq,56
8115,0,E,e,56
8115,1,kajib',kajib',56
8115,2,chi,chi,56
8115,3,ajawab',ajawab',56
8115,4,xetaqonik.,xetaqonik,56
8116,0,Xewaran,xewaran,56
8116,1,puch,puch,56
8116,2,aj,aj,56
8116,3,lab'al.,lab'al,56
8117,0,"K'iq'ab',",k'iq'ab',56
8118,0,Kawisamaj,kawisamaj,56
8118,1,u,u,56
8118,2,b'i'.,b'i',56
8119,0,Ajaw,ajaw,56
8119,1,chuwach,chuwach,56
8119,2,"Kaweqib',",kaweqib',56
8120,0,E,e,56
8120,1,kaib'.,kaib',56
8121,0,Kema,kema,56
8121,1,u,u,56
8121,2,b'i',b'i',56
8122,0,Ajaw,ajaw,56
8122,1,chuwach,chuwach,56
8122,2,Nijaib'.,nijaib',56
8123,0,Achaq,achaq,56
8123,1,Ib'oy,ib'oy,56
8123,2,k'ut,k'ut,56
8123,3,u,u,56
8123,4,b'i',b'i',56
8124,0,Ajaw,ajaw,56
8124,1,chuwach,chuwach,56
8124,2,Ajaw,ajaw,56
8124,3,K'iche'.,k'iche',56
8125,0,Are',are',56
8125,1,k'ut,k'ut,56
8125,2,ki,ki,56
8125,3,b'i',b'i',56
8126,0,Ajaw,ajaw,56
8126,1,ri'.,ri',56
8127,0,"Xetakowik,",xetakowik,56
8128,0,Xesamajelan,xesamajelan,56
8128,1,puch,puch,56
8129,0,Ta,ta,56
8129,1,xeb'ek,xeb'ek,56
8129,2,"kal,",kal,56
8130,0,Ki,ki,56
8130,1,k'ajol,k'ajol,56
8131,0,Pa,pa,56
8131,1,"juyub',",juyub',56
8132,0,Pa,pa,56
8132,1,jujun,jujun,56
8132,2,chi,chi,56
8132,3,juyub'.,juyub',56
8133,0,Xb'e,xb'e,56
8133,1,na,na,56
8133,2,k'u,k'u,56
8133,3,nab'e,nab'e,56
8133,4,xul,xul,56
8133,5,na,na,56
8133,6,"kanab',",kanab',56
8134,0,Xul,xul,56
8134,1,na,na,56
8134,2,pu,pu,56
8134,3,"teleche',",teleche',56
8135,0,Chuwach,chuwach,56
8135,1,"K'iq'ab',",k'iq'ab',56
8136,0,"Kawisimaj,",kawisimaj,56
8137,0,"Q'alel,",q'alel,56
8138,0,Aj,aj,56
8138,1,Tzik',tzik',56
8138,2,Winaq.,winaq,56
8139,0,Xkib'an,xkib'an,56
8139,1,chi,chi,56
8139,2,wi,wi,56
8139,3,lab'al,lab'al,56
8139,4,ri,ri,56
8139,5,u,u,56
8139,6,chi',chi',56
8139,7,"ch'a,",ch'a,56
8140,0,U,u,56
8140,1,chi',chi',56
8140,2,k'a'am.,k'a'am,56
8141,0,Xekanab',xekanab',56
8141,1,"chik,",chik,56
8142,0,Xeteleche'n,xeteleche'n,56
8142,1,chik.,chik,56
8143,0,E,e,56
8143,1,achij,achij,56
8143,2,xe'ux,xe'ux,56
8143,3,chik,chik,56
8144,0,Ri,ri,56
8144,1,e,e,56
8144,2,wab'an,wab'an,56
8145,0,"Xeya'ik,",xeya'ik,56
8146,0,Xek'iyar,xek'iyar,56
8146,1,"k'ut,",k'ut,56
8147,0,K'i,k'i,56
8147,1,chi,chi,56
8147,2,k'ut,k'ut,56
8147,3,ki,ki,56
8147,4,k'u'xlal,k'u'xlal,56
8147,5,kumal,kumal,56
8147,6,ajawab'.,ajawab',56
8148,0,Ta,ta,56
8148,1,chul,chul,56
8148,2,ki,ki,56
8148,3,ya',ya',56
8148,4,ki,ki,56
8148,5,"kanab',",kanab',56
8149,0,Ki,ki,56
8149,1,teleche',teleche',56
8149,2,ronojel.,ronojel,56
8150,0,K'ate,k'ate,56
8150,1,k'ut,k'ut,56
8150,2,ta,ta,56
8150,3,xkuch,xkuch,56
8150,4,na'oj,na'oj,56
8151,0,Kumal,kumal,56
8151,1,ajawab',ajawab',56
8152,0,Aj,aj,56
8152,1,"Pop,",pop,56
8153,0,Aj,aj,56
8153,1,Pop,pop,56
8153,2,K'am,k'am,56
8153,3,"Ja,",ja,56
8154,0,"Q'alel,",q'alel,56
8155,0,Aj,aj,56
8155,1,Tzik',tzik',56
8155,2,Winaq.,winaq,56
8156,0,Ta,ta,56
8156,1,xel,xel,56
8157,0,K'u,k'u,56
8157,1,na'oj.,na'oj,56
8158,0,“Xa,xa,56
8158,1,qa,qa,56
8158,2,"chapa,",chapa,56
8159,0,Qi,qi,56
8159,1,nab'e,nab'e,56
8159,2,chi,chi,56
8159,3,k'oje',k'oje',56
8160,0,Ta,ta,56
8160,1,"keqalem,",keqalem,56
8161,0,Wachinel,wachinel,56
8161,1,chinamit,chinamit,56
8161,2,chok,chok,56
8161,3,wi.,wi,56
8162,0,“In,in,56
8162,1,Aj,aj,56
8162,2,Pop.,pop,56
8163,0,In,in,56
8163,1,Aj,aj,56
8163,2,Pop,pop,56
8163,3,K'am,k'am,56
8163,4,Ja.,ja,56
8164,0,Aj,aj,56
8164,1,Pop,pop,56
8164,2,chire,chire,56
8164,3,q'alej,q'alej,56
8164,4,we,we,56
8165,0,Chok,chok,56
8165,1,chi,chi,56
8165,2,k'u,k'u,56
8165,3,awe.,awe,56
8166,0,At,at,56
8166,1,Ajaw,ajaw,56
8166,2,"Q'alel,",q'alel,56
8167,0,Q'alel,q'alel,56
8167,1,ri',ri',56
8167,2,q'alem,q'alem,56
8167,3,"xchuxik,”",xchuxik,56
8168,0,Xecha',xecha',56
8168,1,k'ut,k'ut,56
8168,2,ronojel,ronojel,56
8168,3,ajawab',ajawab',56
8169,0,Ta,ta,56
8169,1,xk'am,xk'am,56
8169,2,ki,ki,56
8169,3,na'oj.,na'oj,56
8170,0,Xawi,xawi,56
8170,1,k'u,k'u,56
8170,2,keje',keje',56
8170,3,xub'ano,xub'ano,56
8170,4,"Tamub',",tamub',56
8171,0,Ilokab'.,ilokab',56
8172,0,Junam,junam,56
8172,1,wach,wach,56
8173,0,Ox,ox,56
8173,1,ch'ob',ch'ob',56
8173,2,chi,chi,56
8173,3,K'iche'.,k'iche',56
8174,0,Ta,ta,56
8174,1,xb'an,xb'an,56
8174,2,"chaponik,",chaponik,56
8175,0,Xkikob'isaj,xkikob'isaj,56
8176,0,U,u,56
8176,1,nab'e,nab'e,56
8176,2,"kal,",kal,56
8177,0,Ki,ki,56
8177,1,k'ajol.,k'ajol,56
8178,0,Keje',keje',56
8178,1,k'ut,k'ut,56
8178,2,u,u,56
8178,3,k'amik,k'amik,56
8178,4,na'oj.,na'oj,56
8179,0,Ma,ma,56
8179,1,k'u,k'u,56
8179,2,chiri',chiri',56
8180,0,Xchap,xchap,56
8180,1,wi,wi,56
8180,2,K'iche'.,k'iche',56
8181,0,K'o,k'o,56
8181,1,u,u,56
8181,2,b'i',b'i',56
8181,3,juyub’,juyub,56
8181,4,xchap,xchap,56
8181,5,wi.,wi,56
8182,0,U,u,56
8182,1,nab'e,nab'e,56
8182,2,"al,",al,56
8183,0,K'ajol.,k'ajol,56
8184,0,Ta,ta,56
8184,1,xetaq,xetaq,56
8184,2,k'ut,k'ut,56
8184,3,ronojel,ronojel,56
8184,4,k'o,k'o,56
8184,5,pa,pa,56
8184,6,jujun,jujun,56
8184,7,chi,chi,56
8184,8,juyub'.,juyub',56
8185,0,Xa,xa,56
8185,1,jun,jun,56
8185,2,xekuch,xekuch,56
8185,3,wi.,wi,56
8186,0,XE',xe',56
8186,1,B'alax,b'alax,56
8187,0,Xe',xe',56
8187,1,K'a'amaq',k'a'amaq',56
8187,2,u,u,56
8187,3,b'i',b'i',56
8187,4,juyub',juyub',56
8187,5,xechap,xechap,56
8187,6,"wi,",wi,56
8188,0,Ta,ta,56
8188,1,xok,xok,56
8188,2,ki,ki,56
8188,3,q'alem,q'alem,56
8189,0,Chiri',chiri',56
8189,1,Chulimal,chulimal,56
8189,2,xb'an,xb'an,56
8189,3,wi.,wi,56
8190,0,WA',wa',56
8190,1,k'ute,k'ute,56
8190,2,ki,ki,56
8190,3,"kob'ik,",kob'ik,56
8191,0,Ki,ki,56
8191,1,"chapik,",chapik,56
8192,0,Ketaxik,ketaxik,56
8192,1,puch:,puch,56
8193,0,Juwinaq,juwinaq,56
8193,1,"Q'alel,",q'alel,56
8194,0,Juwinaq,juwinaq,56
8194,1,Aj,aj,56
8194,2,"Pop,",pop,56
8195,0,Xchapik,xchapik,56
8195,1,rumal,rumal,56
8195,2,Aj,aj,56
8195,3,"Pop,",pop,56
8196,0,Aj,aj,56
8196,1,Pop,pop,56
8196,2,K'am,k'am,56
8196,3,"Ja,",ja,56
8197,0,Rumal,rumal,56
8197,1,puch,puch,56
8197,2,"Q'alel,",q'alel,56
8198,0,Aj,aj,56
8198,1,Tzik',tzik',56
8198,2,Winaq.,winaq,56
8199,0,Xok,xok,56
8199,1,keqalem,keqalem,56
8199,2,ronojel,ronojel,56
8199,3,Q'alel,q'alel,56
8200,0,Aj,aj,56
8200,1,"Pop,",pop,56
8201,0,Julajuj,julajuj,56
8202,0,Nim,nim,56
8202,1,"Ch'okoj,",ch'okoj,56
8203,0,Q'alel,q'alel,56
8203,1,"Ajaw,",ajaw,56
8204,0,Q'alel,q'alel,56
8204,1,"Saqik,",saqik,56
8205,0,U,u,56
8205,1,Q'alel,q'alel,56
8205,2,"Achij,",achij,56
8206,0,Raj,raj,56
8206,1,Pop,pop,56
8206,2,"Achij,",achij,56
8207,0,Raj,raj,56
8207,1,Tz'alam,tz'alam,56
8207,2,"Achij,",achij,56
8208,0,U,u,56
8208,1,Tza'm,tza'm,56
8208,2,"Achij,",achij,56
8209,0,Ki,ki,56
8209,1,b'i',b'i',56
8209,2,achijab',achijab',56
8209,3,xokik,xokik,56
8210,0,Ta,ta,56
8210,1,xekob'ik.,xekob'ik,56
8211,0,Xeb'i'naj,xeb'i'naj,56
8211,1,puch,puch,56
8211,2,chuwi',chuwi',56
8211,3,ki,ki,56
8211,4,"tem,",tem,56
8212,0,Chuwi',chuwi',56
8212,1,ki,ki,56
8212,2,ch'akat.,ch'akat,56
8213,0,E,e,56
8213,1,u,u,56
8213,2,nab'e,nab'e,56
8213,3,"ral,",ral,56
8214,0,U,u,56
8214,1,k'ajol,k'ajol,56
8214,2,K'iche',k'iche',56
8214,3,"winaq,",winaq,56
8215,0,Ilol,ilol,56
8215,1,"rech,",rech,56
8216,0,Ta'ol,ta'ol,56
8216,1,"rech,",rech,56
8217,0,U,u,56
8217,1,chi',chi',56
8217,2,"ch'a,",ch'a,56
8218,0,U,u,56
8218,1,chi',chi',56
8218,2,"k'a'am,",k'a'am,56
8219,0,"K'ejoj,",k'ejoj,56
8220,0,"Tz'apib',",tz'apib',56
8221,0,"Tz'alam,",tz'alam,56
8222,0,K'oxtum,k'oxtum,56
8222,1,chirij,chirij,56
8222,2,K'iche'.,k'iche',56
8223,0,Xawi,xawi,56
8223,1,k'u,k'u,56
8223,2,keje',keje',56
8223,3,xub'ano,xub'ano,56
8223,4,"Tamub',",tamub',56
8224,0,Ilokab'.,ilokab',56
8225,0,"Xuchapo,",xuchapo,56
8226,0,Xukob'isaj,xukob'isaj,56
8226,1,"puch,",puch,56
8227,0,U,u,56
8227,1,nab'e,nab'e,56
8227,2,"ral,",ral,56
8228,0,U,u,56
8228,1,"k'ajol,",k'ajol,56
8229,0,K'o,k'o,56
8229,1,pa,pa,56
8229,2,jujun,jujun,56
8229,3,chi,chi,56
8229,4,juyub'.,juyub',56
8230,0,Are',are',56
8230,1,k'ut,k'ut,56
8230,2,u,u,56
8230,3,xe'najik,xe'najik,56
8231,0,"Q'alel,",q'alel,56
8232,0,Aj,aj,56
8232,1,"Pop,",pop,56
8233,0,Reqalem,reqalem,56
8234,0,Pa,pa,56
8234,1,jujun,jujun,56
8234,2,chi,chi,56
8234,3,juyub',juyub',56
8234,4,wakamik.,wakamik,56
8235,0,Keje',keje',56
8235,1,relik,relik,56
8235,2,ri',ri',56
8236,0,Ta,ta,56
8236,1,xe'elik,xe'elik,56
8237,0,Chirij,chirij,56
8237,1,Aj,aj,56
8237,2,"Pop,",pop,56
8238,0,Aj,aj,56
8238,1,Pop,pop,56
8238,2,K'am,k'am,56
8238,3,"Ja,",ja,56
8239,0,Chirij,chirij,56
8239,1,puch,puch,56
8239,2,"Q'alel,",q'alel,56
8240,0,Aj,aj,56
8240,1,Tzik',tzik',56
8240,2,Winaq,winaq,56
8240,3,xel,xel,56
8240,4,wi.,wi,56
8241,0,ARE',are',56
8241,1,k'ut,k'ut,56
8241,2,xchiqab'ij,xchiqab'ij,56
8241,3,chik,chik,56
8242,0,U,u,56
8242,1,b'i',b'i',56
8242,2,rochoch,rochoch,56
8242,3,k'ab'awil.,k'ab'awil,56
8243,0,Xawi,xawi,56
8243,1,xere,xere,56
8243,2,xub'i'naj,xub'i'naj,56
8243,3,rochoch,rochoch,56
8243,4,ri',ri',56
8244,0,U,u,56
8244,1,b'i',b'i',56
8244,2,k'ab'awil.,k'ab'awil,56
8245,0,Nima'q,nima'q,56
8245,1,Tz'aq,tz'aq,56
8245,2,Tojil,tojil,56
8245,3,u,u,56
8245,4,b'i',b'i',56
8245,5,tz'aq,tz'aq,56
8246,0,Rochoch,rochoch,56
8246,1,Tojil,tojil,56
8246,2,rech,rech,56
8246,3,Kaweqib'.,kaweqib',56
8247,0,Awilix,awilix,56
8247,1,k'ut,k'ut,56
8247,2,u,u,56
8247,3,b'i',b'i',56
8247,4,tz'aq,tz'aq,56
8248,0,Rochoch,rochoch,56
8248,1,Awilix,awilix,56
8248,2,rech,rech,56
8248,3,Nijaib'ab'.,nijaib'ab',56
8249,0,Jaq'awitz,jaq'awitz,56
8249,1,chi,chi,56
8249,2,k'ut,k'ut,56
8249,3,u,u,56
8249,4,b'i',b'i',56
8249,5,tz'aq,tz'aq,56
8250,0,Rochoch,rochoch,56
8250,1,u,u,56
8250,2,k'ab'awil,k'ab'awil,56
8250,3,Ajaw,ajaw,56
8250,4,K'iche'.,k'iche',56
8251,0,Tz'utu,tz'utu,56
8251,1,Ja,ja,56
8251,2,kil,kil,56
8251,3,"na,",na,56
8252,0,K'ajb'a,k'ajb'a,56
8252,1,Ja,ja,56
8252,2,u,u,56
8252,3,b'i',b'i',56
8252,4,chik.,chik,56
8253,0,Nima'q,nima'q,56
8253,1,tz'aq,tz'aq,56
8254,0,Xk'oje',xk'oje',56
8254,1,wi,wi,56
8254,2,ab'aj.,ab'aj,56
8255,0,Xq'ijilo'xik,xq'ijilo'xik,56
8255,1,rumal,rumal,56
8255,2,ajawab',ajawab',56
8255,3,"K'iche',",k'iche',56
8256,0,Q'ijilo'x,q'ijilo'x,56
8256,1,puch,puch,56
8256,2,rumal,rumal,56
8256,3,ronojel,ronojel,56
8256,4,amaq'.,amaq',56
8257,0,Chok,chok,56
8257,1,na,na,56
8257,2,u,u,56
8257,3,k'atoj,k'atoj,56
8257,4,amaq',amaq',56
8257,5,nab'e,nab'e,56
8257,6,chuwach,chuwach,56
8257,7,ri,ri,57
8257,8,Tojil.,tojil,57
8258,0,K'ate,k'ate,57
8258,1,k'ut,k'ut,57
8258,2,ta,ta,57
8258,3,chuq'ijila,chuq'ijila,57
8258,4,chik,chik,57
8259,0,Aj,aj,57
8259,1,"Pop,",pop,57
8260,0,Aj,aj,57
8260,1,Pop,pop,57
8260,2,K'am,k'am,57
8260,3,Ja.,ja,57
8261,0,K'ate,k'ate,57
8261,1,chul,chul,57
8261,2,ki,ki,57
8261,3,ya',ya',57
8261,4,ki,ki,57
8261,5,"q'uq',",q'uq',57
8262,0,Ki,ki,57
8262,1,patan,patan,57
8262,2,chuwach,chuwach,57
8262,3,ajaw.,ajaw,57
8263,0,Are',are',57
8263,1,ajaw,ajaw,57
8263,2,"chik,",chik,57
8264,0,Are',are',57
8264,1,chi,chi,57
8264,2,"puch,",puch,57
8265,0,Ki,ki,57
8265,1,"tzuqun,",tzuqun,57
8266,0,Ki,ki,57
8266,1,"q'o'n,",q'o'n,57
8267,0,Aj,aj,57
8267,1,"Pop,",pop,57
8268,0,Aj,aj,57
8268,1,Pop,pop,57
8268,2,K'am,k'am,57
8268,3,"Ja,",ja,57
8269,0,Xqasan,xqasan,57
8269,1,ki,ki,57
8269,2,"tinamit,",tinamit,57
8270,0,E,e,57
8270,1,nima,nima,57
8270,2,ajawab'.,ajawab',57
8271,0,E,e,57
8271,1,nawal,nawal,57
8271,2,taq,taq,57
8271,3,"winaq,",winaq,57
8272,0,Nawal,nawal,57
8272,1,ajaw,ajaw,57
8273,0,Ri,ri,57
8273,1,"Q'ukumatz,",q'ukumatz,57
8274,0,K'o,k'o,57
8274,1,Tuja.,tuja,57
8275,0,Nawal,nawal,57
8275,1,ajaw,ajaw,57
8275,2,k'u,k'u,57
8275,3,ri,ri,57
8275,4,"K'iq'ab',",k'iq'ab',57
8276,0,Kawisimaj.,kawisimaj,57
8277,0,Keta'm,keta'm,57
8277,1,we,we,57
8278,0,Lab'al,lab'al,57
8278,1,chib'anik.,chib'anik,57
8279,0,Q'alaj,q'alaj,57
8279,1,chikiwach,chikiwach,57
8280,0,Ronojel,ronojel,57
8280,1,chikilo.,chikilo,57
8281,0,We,we,57
8281,1,"kamik,",kamik,57
8282,0,We,we,57
8282,1,"waij,",waij,57
8283,0,We,we,57
8283,1,ch'a'oj,ch'a'oj,57
8283,2,"chib'anik,",chib'anik,57
8284,0,Xa,xa,57
8284,1,xketa'm,xketa'm,57
8284,2,wi.,wi,57
8285,0,K'o,k'o,57
8285,1,k'ut,k'ut,57
8285,2,ilb'al,ilb'al,57
8285,3,"re,",re,57
8286,0,K'o,k'o,57
8286,1,wuj.,wuj,57
8287,0,Popol,popol,57
8287,1,Wuj,wuj,57
8287,2,u,u,57
8287,3,b'i',b'i',57
8287,4,kumal.,kumal,57
8288,0,Ma,ma,57
8288,1,na,na,57
8288,2,keje',keje',57
8288,3,e,e,57
8288,4,ajawab'.,ajawab',57
8289,0,Nim,nim,57
8289,1,ki,ki,57
8289,2,k'oje'ik,k'oje'ik,57
8290,0,Nim,nim,57
8290,1,nay,nay,57
8290,2,puch,puch,57
8290,3,ki,ki,57
8290,4,mewajik.,mewajik,57
8291,0,Are',are',57
8291,1,loq'b'al,loq'b'al,57
8291,2,tz'aq,tz'aq,57
8292,0,Loq'b'al,loq'b'al,57
8292,1,pu,pu,57
8292,2,ajawarem,ajawarem,57
8292,3,kumal.,kumal,57
8293,0,Najtik,najtik,57
8293,1,chik,chik,57
8293,2,xemewajik,xemewajik,57
8294,0,Xek'ajb'ik,xek'ajb'ik,57
8294,1,chuwach,chuwach,57
8294,2,ki,ki,57
8294,3,k'ab'awil.,k'ab'awil,57
8295,0,Wa',wa',57
8295,1,k'ute,k'ute,57
8295,2,ki,ki,57
8295,3,mewajib'al:,mewajib'al,57
8296,0,B'elej,b'elej,57
8296,1,winaq,winaq,57
8296,2,"kemewajik,",kemewajik,57
8297,0,Ju,ju,57
8297,1,b'elej,b'elej,57
8297,2,k'ut,k'ut,57
8297,3,"kek'ajb'ik,",kek'ajb'ik,57
8298,0,Kek'atonik.,kek'atonik,57
8299,0,Oxlaju,oxlaju,57
8299,1,winaq,winaq,57
8299,2,chik,chik,57
8299,3,ki,ki,57
8299,4,"mewajib'al,",mewajib'al,57
8300,0,Oxlaju,oxlaju,57
8300,1,chi,chi,57
8300,2,k'ut,k'ut,57
8300,3,kek'ajb'ik.,kek'ajb'ik,57
8301,0,Kek'atonik,kek'atonik,57
8301,1,chuwach,chuwach,57
8301,2,"Tojil,",tojil,57
8302,0,Chuwach,chuwach,57
8302,1,pu,pu,57
8302,2,ki,ki,57
8302,3,k'ab'awil.,k'ab'awil,57
8303,0,Xa,xa,57
8303,1,"tulul,",tulul,57
8304,0,Xa,xa,57
8304,1,"ajache',",ajache',57
8305,0,Xa,xa,57
8305,1,q'inom,q'inom,57
8305,2,chikilo'o.,chikilo'o,57
8306,0,Are',are',57
8306,1,maja,maja,57
8306,2,b'i,b'i,57
8306,3,wa,wa,57
8307,0,Chikiwej.,chikiwej,57
8308,0,We,we,57
8308,1,k'ut,k'ut,57
8308,2,wuqlajuj,wuqlajuj,57
8308,3,winaq,winaq,57
8308,4,"kek'ajb'ik,",kek'ajb'ik,57
8309,0,We,we,57
8309,1,[wuq]lajuj,wuqlajuj,57
8309,2,k'ut,k'ut,57
8309,3,kemewajik.,kemewajik,57
8310,0,Mawi,mawi,57
8310,1,kewa'ik.,kewa'ik,57
8311,0,Qitzij,qitzij,57
8311,1,wi,wi,57
8311,2,chi,chi,57
8311,3,nima,nima,57
8311,4,awasinik,awasinik,57
8311,5,chikib'ano.,chikib'ano,57
8312,0,Are',are',57
8312,1,retal,retal,57
8313,0,Ki,ki,57
8313,1,k'oje'ik,k'oje'ik,57
8313,2,e,e,57
8313,3,ajawab'.,ajawab',57
8314,0,Ruk',ruk',57
8314,1,k'ut,k'ut,57
8314,2,maja,maja,57
8314,3,b'i,b'i,57
8314,4,ixoq,ixoq,57
8314,5,chiwar,chiwar,57
8314,6,k'ut,k'ut,57
8315,0,Xa,xa,57
8315,1,ki,ki,57
8315,2,tukel,tukel,57
8315,3,chikichajij,chikichajij,57
8315,4,kib'.,kib',57
8316,0,"Kemewajik,",kemewajik,57
8317,0,Xa,xa,57
8317,1,pa,pa,57
8317,2,rachoch,rachoch,57
8317,3,k'ab'awil,k'ab'awil,57
8317,4,kek'oje',kek'oje',57
8317,5,wi.,wi,57
8318,0,Ju,ju,57
8318,1,ta,ta,57
8318,2,q'ij,q'ij,57
8318,3,xa,xa,57
8318,4,"q'ijilonik,",q'ijilonik,57
8319,0,Xa,xa,57
8319,1,"k'atonik,",k'atonik,57
8320,0,Xa,xa,57
8320,1,pu,pu,57
8320,2,k'ajb'ik,k'ajb'ik,57
8320,3,chikib'ano.,chikib'ano,57
8321,0,Xawi,xawi,57
8321,1,chiri',chiri',57
8321,2,e,e,57
8321,3,k'o,k'o,57
8321,4,wi,wi,57
8321,5,"xq'eq,",xq'eq,57
8322,0,Saqirik,saqirik,57
8323,0,Xa,xa,57
8323,1,choq',choq',57
8323,2,ki,ki,57
8323,3,"k'u'x,",k'u'x,57
8324,0,Xa,xa,57
8324,1,pu,pu,57
8324,2,choq',choq',57
8324,3,ki,ki,57
8324,4,pam.,pam,57
8325,0,Ta,ta,57
8325,1,ketz'ononik,ketz'ononik,57
8325,2,chirech,chirech,57
8325,3,u,u,57
8325,4,"saq,",saq,57
8326,0,U,u,57
8326,1,"k'aslem,",k'aslem,57
8327,0,"Kal,",kal,57
8328,0,Ki,ki,57
8328,1,"k'ajol,",k'ajol,57
8329,0,Chire,chire,57
8329,1,nay,nay,57
8329,2,puch,puch,57
8329,3,kajawarem.,kajawarem,57
8330,0,Chikipakab'a',chikipakab'a',57
8330,1,ki,ki,57
8330,2,wach,wach,57
8330,3,chi,chi,57
8330,4,kaj.,kaj,57
8331,0,Wa',wa',57
8331,1,k'ute,k'ute,57
8331,2,ki,ki,57
8331,3,tz'onob'al,tz'onob'al,57
8331,4,chuwach,chuwach,57
8331,5,ki,ki,57
8331,6,k'ab'awil,k'ab'awil,57
8332,0,Ta,ta,57
8332,1,ketz'ononik.,ketz'ononik,57
8333,0,Are',are',57
8333,1,k'ut,k'ut,57
8333,2,roq'ej,roq'ej,57
8333,3,ki,ki,57
8333,4,"k'u'x,",k'u'x,57
8334,0,Wa':,wa',57
8335,0,“AKAROK,akarok,57
8335,1,atob',atob',57
8335,2,u,u,57
8335,3,"q'ij,",q'ij,57
8336,0,At,at,57
8336,1,"Juraqan,",juraqan,57
8337,0,At,at,57
8337,1,U,u,57
8337,2,K'u'x,k'u'x,57
8337,3,"Kaj,",kaj,57
8338,0,"Ulew,",ulew,57
8339,0,At,at,57
8339,1,ya'ol,ya'ol,57
8339,2,rech,rech,57
8339,3,"q'anal,",q'anal,57
8340,0,Raxal;,raxal,57
8341,0,At,at,57
8341,1,pu,pu,57
8341,2,ya'ol,ya'ol,57
8341,3,"mi'al,",mi'al,57
8342,0,K'ajol.,k'ajol,57
8343,0,"Chatziloj,",chatziloj,57
8344,0,Chamaq'ij,chamaq'ij,57
8344,1,uloq,uloq,57
8345,0,A,a,57
8345,1,"raxal,",raxal,57
8346,0,A,a,57
8346,1,q'anal.,q'anal,57
8347,0,Chaya'taj,chaya'taj,57
8347,1,u,u,57
8347,2,"k'ase'ik,",k'ase'ik,57
8348,0,Winaqirik,winaqirik,57
8349,0,"Wal,",wal,57
8350,0,Nu,nu,57
8350,1,"k'ajol,",k'ajol,57
8351,0,"Chipoq'taj,",chipoq'taj,57
8352,0,"Chiwinaqirtaj,",chiwinaqirtaj,57
8353,0,Tzuqul,tzuqul,57
8353,1,"awe,",awe,57
8354,0,Q'o'l,q'o'l,57
8354,1,"awe,",awe,57
8355,0,Sik'iy,sik'iy,57
8355,1,"awe,",awe,57
8356,0,Pa,pa,57
8356,1,"b'e,",b'e,57
8357,0,Pa,pa,57
8357,1,"jok,",jok,57
8358,0,Pa,pa,57
8358,1,b'e,b'e,57
8358,2,"ya',",ya',57
8359,0,Pa,pa,57
8359,1,"siwan,",siwan,57
8360,0,Xe',xe',57
8360,1,"che',",che',57
8361,0,Xe',xe',57
8361,1,"k'a'am,",k'a'am,57
8362,0,Chaya',chaya',57
8362,1,ki,ki,57
8362,2,"mi'al,",mi'al,57
8363,0,Ki,ki,57
8363,1,k'ajol.,k'ajol,57
8364,0,Ma,ma,57
8364,1,ta,ta,57
8364,2,ja,ja,57
8364,3,b'i,b'i,57
8364,4,"il,",il,57
8365,0,"Tz'ap,",tz'ap,57
8366,0,"Yan,",yan,57
8367,0,K'exo.,k'exo,57
8368,0,Ma,ma,57
8368,1,ta,ta,57
8368,2,chok,chok,57
8368,3,k'axtok'onel,k'axtok'onel,57
8368,4,"chikij,",chikij,57
8369,0,Chikiwach.,chikiwach,57
8370,0,"Mepajik,",mepajik,57
8371,0,"Mesokotajik,",mesokotajik,57
8372,0,"Mejoxowik,",mejoxowik,57
8373,0,"Meq'atowik,",meq'atowik,57
8374,0,Meqajik,meqajik,57
8374,1,rekem,rekem,57
8374,2,"b'e,",b'e,57
8375,0,Rajsik,rajsik,57
8375,1,"b'e,",b'e,57
8376,0,Ma,ma,57
8376,1,ta,ta,57
8376,2,ja,ja,57
8376,3,b'i,b'i,57
8376,4,"pak',",pak',57
8377,0,"Toxk'om,",toxk'om,57
8378,0,"Chikij,",chikij,57
8379,0,Chikiwach.,chikiwach,57
8380,0,Ke'aya',ke'aya',57
8380,1,taj,taj,57
8380,2,pa,pa,57
8380,3,raxa,raxa,57
8380,4,"b'e,",b'e,57
8381,0,Pa,pa,57
8381,1,raxa,raxa,57
8381,2,jok.,jok,57
8382,0,Ma,ma,57
8382,1,ta,ta,57
8382,2,ja,ja,57
8382,3,b'i',b'i',57
8382,4,"kil,",kil,57
8383,0,Ki,ki,57
8383,1,"tz'ap,",tz'ap,57
8384,0,"Ak'u'wil,",ak'u'wil,57
8385,0,Awitzmal.,awitzmal,57
8386,0,Utz,utz,57
8386,1,taj,taj,57
8387,0,Ki,ki,57
8387,1,k'oje'ik,k'oje'ik,57
8388,0,Tzuqul,tzuqul,57
8388,1,"awe,",awe,57
8389,0,Q'o'l,q'o'l,57
8389,1,"awe,",awe,57
8390,0,"Chachi',",chachi',57
8391,0,"Chawach,",chawach,57
8392,0,At,at,57
8392,1,U,u,57
8392,2,K'u'x,k'u'x,57
8392,3,"Kaj,",kaj,57
8393,0,At,at,57
8393,1,U,u,57
8393,2,K'u'x,k'u'x,57
8393,3,"Ulew,",ulew,57
8394,0,At,at,57
8394,1,Pisom,pisom,57
8394,2,"Q'aq'al,",q'aq'al,57
8395,0,At,at,57
8395,1,puch,puch,57
8395,2,"Tojil,",tojil,57
8396,0,"Awilix,",awilix,57
8397,0,"Jaq'awitz,",jaq'awitz,57
8398,0,Pam,pam,57
8398,1,"kaj,",kaj,57
8399,0,U,u,57
8399,1,pam,pam,57
8399,2,ulew,ulew,57
8400,0,Kaj,kaj,57
8400,1,"tzuk,",tzuk,57
8401,0,Kaj,kaj,57
8401,1,xukut.,xukut,57
8402,0,Xa,xa,57
8402,1,ta,ta,57
8402,2,"saq,",saq,57
8403,0,Xa,xa,57
8403,1,ta,ta,57
8403,2,amaq',amaq',57
8404,0,U,u,57
8404,1,pam,pam,57
8404,2,"chachi',",chachi',57
8405,0,"Chawach,",chawach,57
8406,0,At,at,57
8407,0,K'ab'awil.”,k'ab'awil,57
8408,0,Keje',keje',57
8408,1,k'ut,k'ut,57
8408,2,ri,ri,57
8408,3,ajawab',ajawab',57
8409,0,Ta,ta,57
8409,1,kemewajik,kemewajik,57
8410,0,Chupan,chupan,57
8410,1,ri,ri,57
8410,2,b'elej,b'elej,57
8410,3,"winaq,",winaq,57
8411,0,Oxlaju,oxlaju,57
8411,1,"winaq,",winaq,57
8412,0,Wuqlaju,wuqlaju,57
8412,1,winaq,winaq,57
8412,2,puch.,puch,57
8413,0,K'i,k'i,57
8413,1,mewaij,mewaij,57
8413,2,q'ij,q'ij,57
8414,0,Choq',choq',57
8414,1,ki,ki,57
8414,2,k'u'x,k'u'x,57
8415,0,Chuwi',chuwi',57
8415,1,"kal,",kal,57
8416,0,Ki,ki,57
8416,1,k'ajol;,k'ajol,57
8417,0,Chuwi',chuwi',57
8417,1,puch,puch,57
8417,2,ronojel,ronojel,57
8417,3,"ixoq,",ixoq,57
8418,0,Alk'u'al.,alk'u'al,57
8419,0,Ta,ta,57
8419,1,xkib'an,xkib'an,57
8419,2,ki,ki,57
8419,3,patan,patan,57
8420,0,Jujun,jujun,57
8420,1,chi,chi,57
8420,2,ajawab'.,ajawab',57
8421,0,Are',are',57
8421,1,loq'b'al,loq'b'al,57
8421,2,"saq,",saq,57
8422,0,K'aslem;,k'aslem,57
8423,0,Loq'b'al,loq'b'al,57
8423,1,puch,puch,57
8423,2,ajawarem.,ajawarem,57
8424,0,Are',are',57
8424,1,rajawarem,rajawarem,57
8425,0,Aj,aj,57
8425,1,"Pop,",pop,57
8426,0,Aj,aj,57
8426,1,Pop,pop,57
8426,2,K'am,k'am,57
8426,3,"Ja,",ja,57
8427,0,"Q'alel,",q'alel,57
8428,0,Aj,aj,57
8428,1,Tzik',tzik',57
8428,2,Winaq.,winaq,57
8429,0,E,e,57
8429,1,kakab',kakab',57
8429,2,ta,ta,57
8429,3,"ke'okik,",ke'okik,57
8430,0,Kejalow,kejalow,57
8430,1,kib',kib',57
8431,0,Chi,chi,57
8431,1,reqalixik,reqalixik,57
8431,2,"amaq',",amaq',57
8432,0,Ruk',ruk',57
8432,1,ronojel,ronojel,57
8432,2,K'iche',k'iche',57
8432,3,winaq.,winaq,57
8433,0,Xa,xa,57
8433,1,jun,jun,57
8434,0,Xel,xel,57
8434,1,wi,wi,57
8435,0,U,u,58
8435,1,xe',xe',58
8435,2,"tzij,",tzij,58
8436,0,U,u,58
8436,1,xe',xe',58
8436,2,puch,puch,58
8437,0,"Tzuquj,",tzuquj,58
8438,0,Q'o'j.,q'o'j,58
8439,0,Xawi,xawi,58
8439,1,u,u,58
8439,2,xe',xe',58
8439,3,"tzij,",tzij,58
8440,0,Xawi,xawi,58
8440,1,keje',keje',58
8440,2,kub'ano,kub'ano,58
8441,0,"Tamub',",tamub',58
8442,0,"Ilokab',",ilokab',58
8443,0,Ruk',ruk',58
8443,1,"Rab'inaleb',",rab'inaleb',58
8444,0,"Kaqchekeleb',",kaqchekeleb',58
8445,0,Aj,aj,58
8445,1,Tz'ikina,tz'ikina,58
8445,2,Ja;,ja,58
8446,0,Tujala,tujala,58
8446,1,"Ja,",ja,58
8447,0,U,u,58
8447,1,Ch'ab'a,ch'ab'a,58
8447,2,Ja.,ja,58
8448,0,Xa,xa,58
8448,1,jun,jun,58
8448,2,chel,chel,58
8448,3,wi,wi,58
8449,0,Ta,ta,58
8449,1,xiqan,xiqan,58
8449,2,chiri',chiri',58
8449,3,K'iche'.,k'iche',58
8450,0,Ta,ta,58
8450,1,chub'an,chub'an,58
8450,2,rech,rech,58
8450,3,ronojel.,ronojel,58
8451,0,Ma,ma,58
8451,1,na,na,58
8451,2,xaqi,xaqi,58
8451,3,keje',keje',58
8451,4,"xe'ajawarik,",xe'ajawarik,58
8452,0,Ma,ma,58
8452,1,na,na,58
8452,2,xa,xa,58
8452,3,xkikaqkochij.,xkikaqkochij,58
8453,0,Tzuqul,tzuqul,58
8453,1,"ke,",ke,58
8454,0,Q'o'l,q'o'l,58
8454,1,ke.,ke,58
8455,0,Xa,xa,58
8455,1,ta,ta,58
8455,2,ki,ki,58
8455,3,"wain,",wain,58
8456,0,Uk'aja,uk'aja,58
8456,1,xkib'ano.,xkib'ano,58
8457,0,Ma,ma,58
8457,1,pu,pu,58
8457,2,xaloq',xaloq',58
8457,3,"taj,",taj,58
8458,0,"Xkitz'ub'u,",xkitz'ub'u,58
8459,0,Xkeleq'aj,xkeleq'aj,58
8460,0,"Kajawarem,",kajawarem,58
8461,0,Ki,ki,58
8461,1,"q'aq'al,",q'aq'al,58
8462,0,Ki,ki,58
8462,1,tepewal.,tepewal,58
8463,0,Ma,ma,58
8463,1,nay,nay,58
8463,2,pu,pu,58
8463,3,xa,xa,58
8463,4,ta,ta,58
8463,5,keje',keje',58
8463,6,xk'aj,xk'aj,58
8463,7,u,u,58
8463,8,"siwan,",siwan,58
8464,0,U,u,58
8464,1,"tinamit,",tinamit,58
8465,0,Ch'uti',ch'uti',58
8465,1,"amaq',",amaq',58
8466,0,Nima,nima,58
8466,1,amaq'.,amaq',58
8467,0,Nim,nim,58
8467,1,rajil,rajil,58
8468,0,Xkiya'o.,xkiya'o,58
8469,0,Xul,xul,58
8469,1,xit,xit,58
8470,0,Xul,xul,58
8470,1,"puwaq,",puwaq,58
8471,0,Xul,xul,58
8471,1,puch,puch,58
8471,2,kajq'ab',kajq'ab',58
8471,3,"raqan,",raqan,58
8472,0,Tuwik,tuwik,58
8472,1,raqan;,raqan,58
8473,0,Chi,chi,58
8473,1,"k'uwal,",k'uwal,58
8474,0,Chi,chi,58
8474,1,yamanik;,yamanik,58
8475,0,Xul,xul,58
8475,1,puch,puch,58
8475,2,"raxon,",raxon,58
8476,0,"K'ub'ul,",k'ub'ul,58
8477,0,Ch'aktik;,ch'aktik,58
8478,0,U,u,58
8478,1,patan,patan,58
8478,2,ronojel,ronojel,58
8478,3,amaq',amaq',58
8479,0,Xul,xul,58
8479,1,chikiwach,chikiwach,58
8479,2,nawal,nawal,58
8479,3,ajawab',ajawab',58
8480,0,"Q'ukumatz,",q'ukumatz,58
8481,0,K'o,k'o,58
8481,1,Tuja;,tuja,58
8482,0,Chuwach,chuwach,58
8482,1,puch,puch,58
8482,2,"K'iq'ab',",k'iq'ab',58
8483,0,Kawisimaj;,kawisimaj,58
8484,0,Ri,ri,58
8484,1,Aj,aj,58
8484,2,"Pop,",pop,58
8485,0,Aj,aj,58
8485,1,Pop,pop,58
8485,2,K'am,k'am,58
8485,3,"Ja,",ja,58
8486,0,"Q'alel,",q'alel,58
8487,0,Aj,aj,58
8487,1,Tzik',tzik',58
8487,2,Winaq.,winaq,58
8488,0,Mawi,mawi,58
8488,1,xa,xa,58
8488,2,ch'uti'n,ch'uti'n,58
8488,3,xkib'ano.,xkib'ano,58
8490,0,K'ia,k'ia,58
8490,1,ch'ob',ch'ob',58
8490,2,chi,chi,58
8490,3,"amaq',",amaq',58
8491,0,Xul,xul,58
8491,1,u,u,58
8491,2,patan,patan,58
8491,3,K'iche'.,k'iche',58
8492,0,K'axk'ol,k'axk'ol,58
8492,1,k'ut,k'ut,58
8492,2,xk'am,xk'am,58
8492,3,wi.,wi,58
8493,0,Xyake'x,xyake'x,58
8493,1,wi,wi,58
8493,2,kumal.,kumal,58
8494,0,Mawi,mawi,58
8494,1,atan,atan,58
8494,2,xwinaqirik,xwinaqirik,58
8494,3,ki,ki,58
8494,4,"q'aq'al,",q'aq'al,58
8495,0,K'a,k'a,58
8495,1,Q'ukumatz,q'ukumatz,58
8495,2,u,u,58
8495,3,xe',xe',58
8495,4,nimal,nimal,58
8495,5,chi,chi,58
8495,6,ajawarem.,ajawarem,58
8496,0,Keje',keje',58
8496,1,k'ut,k'ut,58
8496,2,u,u,58
8496,3,tikarik,tikarik,58
8496,4,u,u,58
8496,5,"nimarik,",nimarik,58
8497,0,Ri,ri,58
8497,1,u,u,58
8497,2,nimarik,nimarik,58
8497,3,puch,puch,58
8497,4,K'iche'.,k'iche',58
8498,0,Are',are',58
8498,1,chi,chi,58
8498,2,k'ut,k'ut,58
8498,3,xchiqacholo,xchiqacholo,58
8498,4,u,u,58
8498,5,le'el,le'el,58
8498,6,"ajawab',",ajawab',58
8499,0,Ruk',ruk',58
8499,1,ki,ki,58
8499,2,b'i',b'i',58
8499,3,konojel,konojel,58
8499,4,ajawab',ajawab',58
8499,5,xchiqab'ij,xchiqab'ij,58
8499,6,chik.,chik,58
8500,0,WA'E,wa'e,58
8500,1,k'ute,k'ute,58
8500,2,u,u,58
8500,3,"le'el,",le'el,58
8501,0,U,u,58
8501,1,"tasel,",tasel,58
8502,0,"Ajawarem,",ajawarem,58
8503,0,Chi,chi,58
8503,1,ronojel,ronojel,58
8503,2,ki,ki,58
8503,3,saqirib'em:,saqirib'em,58
8504,0,B'alam,b'alam,58
8504,1,"Kitze,",kitze,58
8505,0,B'alam,b'alam,58
8505,1,"Aq'ab',",aq'ab',58
8506,0,"Majukutaj,",majukutaj,58
8507,0,Ik'i,ik'i,58
8507,1,B'alam.,b'alam,58
8508,0,Nab'e,nab'e,58
8508,1,qa,qa,58
8508,2,"mam,",mam,58
8509,0,Nab'e,nab'e,58
8509,1,qa,qa,58
8509,2,qajaw,qajaw,58
8510,0,Ta,ta,58
8510,1,xwachin,xwachin,58
8510,2,"q'ij,",q'ij,58
8511,0,Xwachin,xwachin,58
8511,1,"ik',",ik',58
8512,0,Ch'umil.,ch'umil,58
8513,0,Wa'e,wa'e,58
8513,1,k'ute,k'ute,58
8513,2,u,u,58
8513,3,"le'el,",le'el,58
8514,0,U,u,58
8514,1,tasel,tasel,58
8514,2,ajawarem.,ajawarem,58
8515,0,Xchiqatikib'a',xchiqatikib'a',58
8515,1,uloq,uloq,58
8516,0,Qi,qi,58
8516,1,chuxe'.,chuxe',58
8517,0,K'uluk'uj,k'uluk'uj,58
8517,1,chi,chi,58
8517,2,rokik,rokik,58
8517,3,"ajawab',",ajawab',58
8518,0,Ta,ta,58
8518,1,chokik.,chokik,58
8519,0,Ta,ta,58
8519,1,chikamije'ik,chikamije'ik,58
8519,2,ju,ju,58
8519,3,taq,taq,58
8519,4,le',le',58
8519,5,chi,chi,58
8519,6,"ajawab',",ajawab',58
8520,0,Ri,ri,58
8520,1,"mama',",mama',58
8521,0,Ruk',ruk',58
8521,1,rajawal,rajawal,58
8521,2,chi,chi,58
8521,3,tinamit.,tinamit,58
8522,0,Ronojel,ronojel,58
8522,1,chi,chi,58
8522,2,jujun,jujun,58
8522,3,chi,chi,58
8522,4,ajawab'.,ajawab',58
8523,0,Wa'e,wa'e,58
8523,1,k'ute,k'ute,58
8523,2,xchiwachin,xchiwachin,58
8523,3,u,u,58
8523,4,wach,wach,58
8523,5,chujujunal,chujujunal,58
8523,6,ajawab'.,ajawab',58
8524,0,Wa'e,wa'e,58
8524,1,k'ute,k'ute,58
8524,2,xchiwachin,xchiwachin,58
8524,3,u,u,58
8524,4,wach,wach,58
8524,5,jujun,jujun,58
8524,6,chujujunal,chujujunal,58
8524,7,ajawab',ajawab',58
8524,8,K'iche'.,k'iche',58
8525,0,B'ALAM,b'alam,58
8525,1,Kitze,kitze,58
8526,0,U,u,58
8526,1,xe'nab'al,xe'nab'al,58
8526,2,Kaweqib'.,kaweqib',58
8527,0,K'okaib',k'okaib',58
8528,0,U,u,58
8528,1,ka,ka,58
8528,2,le',le',58
8528,3,chik,chik,58
8528,4,B'alam,b'alam,58
8528,5,Kitze.,kitze,58
8529,0,B'alam,b'alam,58
8529,1,K'o,k'o,58
8529,2,Nache,nache,58
8529,3,xtikib'an,xtikib'an,58
8529,4,Aj,aj,58
8529,5,"Popol,",popol,58
8530,0,Rox,rox,58
8530,1,le',le',58
8530,2,k'u,k'u,58
8530,3,ri'.,ri',58
8531,0,K'o,k'o,58
8531,1,"Tuja,",tuja,58
8532,0,Istayub',istayub',58
8532,1,u,u,58
8532,2,kaj,kaj,58
8532,3,le'.,le',58
8533,0,"Q'ukumatz,",q'ukumatz,58
8534,0,K'o,k'o,58
8534,1,"Tuja,",tuja,58
8535,0,U,u,58
8535,1,xe',xe',58
8535,2,nawal,nawal,58
8535,3,"ajaw,",ajaw,58
8536,0,Ro',ro',58
8536,1,le',le',58
8536,2,xk'oje',xk'oje',58
8536,3,wi.,wi,58
8537,0,"Tepepul,",tepepul,58
8538,0,Istayul,istayul,58
8538,1,chik,chik,58
8538,2,u,u,58
8538,3,waq,waq,58
8538,4,tas.,tas,58
8539,0,"K'iq'ab',",k'iq'ab',58
8540,0,"Kawisimaj,",kawisimaj,58
8541,0,U,u,58
8541,1,wuq,wuq,58
8541,2,jal,jal,58
8541,3,ajawarem.,ajawarem,58
8542,0,Nawal,nawal,58
8542,1,chiwi'.,chiwi',58
8543,0,"Tepepul,",tepepul,58
8544,0,Istayub',istayub',58
8544,1,u,u,58
8544,2,wajxaq,wajxaq,58
8544,3,le'.,le',58
8545,0,"Tekum,",tekum,58
8546,0,Tepepul,tepepul,58
8546,1,u,u,58
8546,2,b'elej,b'elej,58
8546,3,le'.,le',58
8547,0,Wajxaqi,wajxaqi,58
8547,1,"K'a'am,",k'a'am,58
8548,0,K'iq'ab',k'iq'ab',58
8548,1,k'ut,k'ut,58
8548,2,u,u,58
8548,3,lajuj,lajuj,58
8548,4,le',le',58
8548,5,ajawab'.,ajawab',58
8549,0,Wuqub',wuqub',58
8549,1,"No'j,",no'j,58
8550,0,Kawatepech,kawatepech,58
8550,1,chik,chik,58
8550,2,u,u,58
8550,3,julajuj,julajuj,58
8550,4,tas,tas,58
8550,5,ajawab'.,ajawab',58
8551,0,Oxib',oxib',58
8551,1,"Kiej,",kiej,58
8552,0,B'elejeb',b'elejeb',58
8552,1,Tz'i',tz'i',58
8552,2,u,u,58
8552,3,kab'lajuj,kab'lajuj,58
8552,4,le',le',58
8552,5,ajawab'.,ajawab',58
8553,0,Are',are',58
8553,1,k'ut,k'ut,58
8553,2,ke'ajawarik,ke'ajawarik,58
8553,3,ta,ta,58
8553,4,xul,xul,58
8553,5,Tonatiu.,tonatiu,58
8554,0,Xejitz'axik,xejitz'axik,58
8554,1,rumal,rumal,58
8554,2,castillan,castillan,58
8554,3,winaq.,winaq,58
8555,0,"Tekum,",tekum,58
8556,0,"Tepepul,",tepepul,58
8557,0,Xepatanijik,xepatanijik,58
8557,1,chuwach,chuwach,58
8557,2,castillan,castillan,58
8557,3,winaq.,winaq,58
8559,0,Don,don,58
8559,1,Juan,juan,58
8559,2,de,de,58
8559,3,"Rojas,",rojas,58
8560,0,Don,don,58
8560,1,Juan,juan,58
8560,2,"Cortes,",cortes,58
8561,0,Kajlaju,kajlaju,58
8561,1,le',le',58
8561,2,ajawab'.,ajawab',58
8562,0,E,e,58
8562,1,k'ajolaxel,k'ajolaxel,58
8563,0,Rumal,rumal,58
8563,1,"Tekum,",tekum,58
8564,0,Tepepul.,tepepul,58
8565,0,ARE',are',58
8565,1,k'ut,k'ut,58
8565,2,u,u,58
8565,3,le'el,le'el,58
8566,0,U,u,58
8566,1,tasel,tasel,58
8567,0,"Ajawarem,",ajawarem,58
8568,0,Ri,ri,58
8568,1,ajaw,ajaw,58
8569,0,Aj,aj,58
8569,1,"Pop,",pop,58
8570,0,Aj,aj,58
8570,1,Pop,pop,58
8570,2,K'am,k'am,58
8570,3,"Ja,",ja,58
8571,0,Chuwach,chuwach,58
8571,1,Kaweqib',kaweqib',58
8572,0,K'iche'.,k'iche',58
8573,0,Are',are',58
8573,1,chi,chi,58
8573,2,xchiqab'ij,xchiqab'ij,58
8573,3,chik,chik,58
8573,4,re,re,58
8573,5,chinamit.,chinamit,58
8574,0,Wa',wa',58
8574,1,chi,chi,58
8574,2,k'ute,k'ute,58
8574,3,nim,nim,58
8574,4,ja,ja,58
8574,5,rech,rech,58
8574,6,jujun,jujun,58
8574,7,chi,chi,58
8574,8,ajawab',ajawab',58
8575,0,Chirij,chirij,58
8575,1,Aj,aj,58
8575,2,"Pop,",pop,58
8576,0,Aj,aj,58
8576,1,Pop,pop,58
8576,2,K'am,k'am,58
8576,3,Ja.,ja,58
8577,0,Are',are',58
8577,1,u,u,58
8577,2,b'i'nam,b'i'nam,58
8577,3,wi,wi,58
8577,4,b'elejeb',b'elejeb',58
8577,5,chinamit,chinamit,58
8577,6,chi,chi,58
8577,7,"Kaweqib',",kaweqib',58
8578,0,B'elejeb',b'elejeb',58
8578,1,u,u,58
8578,2,nim,nim,58
8578,3,ja.,ja,58
8579,0,Wa',wa',58
8579,1,taq,taq,58
8579,2,u,u,58
8579,3,b'i',b'i',58
8579,4,e,e,58
8579,5,rajawal,rajawal,58
8580,0,Jujun,jujun,58
8580,1,chi,chi,58
8580,2,nim,nim,58
8580,3,ja:,ja,58
8581,0,Ajaw,ajaw,58
8581,1,Aj,aj,58
8581,2,Pop,pop,58
8581,3,jun,jun,58
8581,4,u,u,58
8581,5,nim,nim,58
8581,6,"ja,",ja,58
8582,0,K'u,k'u,58
8582,1,Ja,ja,58
8582,2,u,u,58
8582,3,b'i',b'i',58
8582,4,nim,nim,58
8582,5,ja;,ja,58
8583,0,Ajaw,ajaw,58
8583,1,Aj,aj,58
8583,2,Pop,pop,58
8583,3,K'am,k'am,58
8583,4,"Ja,",ja,58
8584,0,Tz'ikina,tz'ikina,58
8584,1,Ja,ja,58
8584,2,u,u,58
8584,3,b'i',b'i',58
8584,4,u,u,58
8584,5,nim,nim,58
8584,6,ja;,ja,58
8585,0,Nim,nim,58
8585,1,Ch'okoj,ch'okoj,58
8585,2,"Kaweq,",kaweq,58
8586,0,Jun,jun,58
8586,1,u,u,58
8586,2,nim,nim,58
8586,3,ja;,ja,58
8587,0,Ajaw,ajaw,58
8587,1,Aj,aj,58
8587,2,"Tojil,",tojil,58
8588,0,Jun,jun,58
8588,1,u,u,58
8588,2,nim,nim,58
8588,3,ja;,ja,58
8589,0,Ajaw,ajaw,59
8589,1,Aj,aj,59
8589,2,"Q'ukumatz,",q'ukumatz,59
8590,0,Jun,jun,59
8590,1,u,u,59
8590,2,nim,nim,59
8590,3,ja;,ja,59
8591,0,Popol,popol,59
8591,1,Winaq,winaq,59
8591,2,Chi,chi,59
8591,3,"T'uy,",t'uy,59
8592,0,Jun,jun,59
8592,1,u,u,59
8592,2,nim,nim,59
8592,3,ja;,ja,59
8593,0,Lolmet,lolmet,59
8593,1,Kej,kej,59
8593,2,"Nay,",nay,59
8594,0,Jun,jun,59
8594,1,u,u,59
8594,2,nim,nim,59
8594,3,ja;,ja,59
8595,0,Popol,popol,59
8595,1,Winaq,winaq,59
8595,2,pa,pa,59
8595,3,Jom,jom,59
8595,4,"Tz'alatz',",tz'alatz',59
8596,0,Xkuxeb'a',xkuxeb'a',59
8596,1,jun,jun,59
8596,2,u,u,59
8596,3,nim,nim,59
8596,4,ja;,ja,59
8597,0,Tepew,tepew,59
8597,1,"Yaki,",yaki,59
8598,0,Jun,jun,59
8598,1,u,u,59
8598,2,nim,nim,59
8598,3,ja.,ja,59
8599,0,ARE',are',59
8599,1,k'u,k'u,59
8599,2,ri,ri,59
8599,3,b'elejeb',b'elejeb',59
8599,4,chinamit,chinamit,59
8600,0,Chi,chi,59
8600,1,Kaweqib'.,kaweqib',59
8601,0,Tzatz,tzatz,59
8601,1,"ral,",ral,59
8602,0,U,u,59
8602,1,k'ajol,k'ajol,59
8602,2,ajilatal,ajilatal,59
8603,0,Chirij,chirij,59
8603,1,b'elejeb',b'elejeb',59
8604,0,Chi,chi,59
8604,1,nim,nim,59
8604,2,ja.,ja,59
8605,0,WA',wa',59
8605,1,k'ute,k'ute,59
8605,2,rech,rech,59
8605,3,"Nijaib'ab',",nijaib'ab',59
8606,0,B'elejeb',b'elejeb',59
8606,1,chiwi',chiwi',59
8606,2,chi,chi,59
8606,3,nim,nim,59
8606,4,ja.,ja,59
8607,0,Are',are',59
8607,1,nab'e,nab'e,59
8607,2,xchiqab'ij,xchiqab'ij,59
8608,0,U,u,59
8608,1,le'ab'al,le'ab'al,59
8608,2,rib',rib',59
8608,3,ajawarem:,ajawarem,59
8609,0,Xa,xa,59
8609,1,jun,jun,59
8609,2,u,u,59
8609,3,xe',xe',59
8610,0,Xchtikar,xchtikar,59
8610,1,chuwach,chuwach,59
8611,0,U,u,59
8611,1,xe',xe',59
8611,2,"q'ij,",q'ij,59
8612,0,U,u,59
8612,1,xe',xe',59
8612,2,saq,saq,59
8612,3,chi,chi,59
8612,4,winaq.,winaq,59
8613,0,B'alam,b'alam,59
8613,1,Aq'ab',aq'ab',59
8614,0,Nab'e,nab'e,59
8615,0,"Mamaxel,",mamaxel,59
8616,0,Qajawixel.,qajawixel,59
8617,0,K'o,k'o,59
8617,1,"Akul,",akul,59
8618,0,K'o,k'o,59
8618,1,Akutek,akutek,59
8618,2,u,u,59
8618,3,ka,ka,59
8618,4,le'.,le',59
8619,0,K'o,k'o,59
8619,1,"Chajuj,",chajuj,59
8620,0,K'o,k'o,59
8620,1,Tz'ib'a,tz'ib'a,59
8620,2,Ja,ja,59
8620,3,rox,rox,59
8620,4,le'.,le',59
8621,0,B'elejeb',b'elejeb',59
8621,1,"Kej,",kej,59
8622,0,U,u,59
8622,1,kaj,kaj,59
8622,2,le',le',59
8622,3,chik.,chik,59
8623,0,K'o,k'o,59
8623,1,Tuja,tuja,59
8624,0,Ro',ro',59
8624,1,le',le',59
8624,2,ajaw.,ajaw,59
8625,0,B'atz'a,b'atz'a,59
8625,1,chi,chi,59
8625,2,"k'ut,",k'ut,59
8626,0,U,u,59
8626,1,waq,waq,59
8626,2,le',le',59
8626,3,chik.,chik,59
8627,0,Istayul,istayul,59
8627,1,chi,chi,59
8627,2,"k'ut,",k'ut,59
8628,0,U,u,59
8628,1,wuq,wuq,59
8628,2,le',le',59
8628,3,ajaw.,ajaw,59
8629,0,K'o,k'o,59
8629,1,Tuja,tuja,59
8629,2,"chiwi',",chiwi',59
8630,0,U,u,59
8630,1,wajxaq,wajxaq,59
8630,2,tas,tas,59
8630,3,ajawarem.,ajawarem,59
8631,0,B'elejeb',b'elejeb',59
8631,1,"Kej,",kej,59
8632,0,U,u,59
8632,1,b'elej,b'elej,59
8632,2,tas.,tas,59
8633,0,Kema,kema,59
8633,1,chuchax,chuchax,59
8633,2,"chik,",chik,59
8634,0,U,u,59
8634,1,lajuj,lajuj,59
8634,2,le'.,le',59
8635,0,Ajaw,ajaw,59
8635,1,K'o,k'o,59
8635,2,"Tuja,",tuja,59
8636,0,U,u,59
8636,1,julaju,julaju,59
8636,2,le'.,le',59
8637,0,Don,don,59
8637,1,Christowal,christowal,59
8637,2,"chuchaxik,",chuchaxik,59
8638,0,Xajawarik,xajawarik,59
8638,1,chuwach,chuwach,59
8638,2,Caxtilan,caxtilan,59
8638,3,winaq.,winaq,59
8639,0,Don,don,59
8639,1,Pedro,pedro,59
8639,2,de,de,59
8639,3,"Robles,",robles,59
8640,0,Ajaw,ajaw,59
8640,1,Q'alel,q'alel,59
8640,2,wakamik.,wakamik,59
8641,0,ARE',are',59
8641,1,k'u,k'u,59
8641,2,ri',ri',59
8641,3,chi,chi,59
8641,4,ronojel,ronojel,59
8641,5,ajawab',ajawab',59
8642,0,Elenaq,elenaq,59
8642,1,chirij,chirij,59
8642,2,ri,ri,59
8642,3,Ajaw,ajaw,59
8642,4,Q'alel.,q'alel,59
8643,0,Are',are',59
8643,1,chik,chik,59
8643,2,xchiqab'ij,xchiqab'ij,59
8644,0,Rajawal,rajawal,59
8644,1,jujun,jujun,59
8644,2,chi,chi,59
8644,3,nim,nim,59
8644,4,ja:,ja,59
8645,0,Ajaw,ajaw,59
8645,1,"Q'alel,",q'alel,59
8646,0,U,u,59
8646,1,nab'e,nab'e,59
8646,2,ajaw,ajaw,59
8647,0,Chuwach,chuwach,59
8647,1,"Nijaib'ab',",nijaib'ab',59
8648,0,Jun,jun,59
8648,1,u,u,59
8648,2,nim,nim,59
8648,3,ja;,ja,59
8649,0,Ajaw,ajaw,59
8649,1,Aj,aj,59
8649,2,Tzik',tzik',59
8649,3,"Winaq,",winaq,59
8650,0,Jun,jun,59
8650,1,u,u,59
8650,2,nim,nim,59
8650,3,ja;,ja,59
8651,0,Ajaw,ajaw,59
8651,1,Q'alel,q'alel,59
8651,2,K'am,k'am,59
8651,3,"Ja,",ja,59
8652,0,Jun,jun,59
8652,1,u,u,59
8652,2,nim,nim,59
8652,3,ja;,ja,59
8653,0,Nima,nima,59
8653,1,K'am,k'am,59
8653,2,"Ja,",ja,59
8654,0,Jun,jun,59
8654,1,u,u,59
8654,2,nim,nim,59
8654,3,ja;,ja,59
8655,0,U,u,59
8655,1,Chuch,chuch,59
8655,2,K'am,k'am,59
8655,3,"Ja,",ja,59
8656,0,Jun,jun,59
8656,1,u,u,59
8656,2,nim,nim,59
8656,3,ja;,ja,59
8657,0,Nima,nima,59
8657,1,K'am,k'am,59
8657,2,"Ja,",ja,59
8658,0,Jun,jun,59
8658,1,u,u,59
8658,2,nim,nim,59
8658,3,ja;,ja,59
8659,0,Nim,nim,59
8659,1,Ch'okoj,ch'okoj,59
8659,2,"Nijaib'ab',",nijaib'ab',59
8660,0,Jun,jun,59
8660,1,u,u,59
8660,2,nim,nim,59
8660,3,ja;,ja,59
8661,0,Ajaw,ajaw,59
8661,1,"Awilix,",awilix,59
8662,0,Jun,jun,59
8662,1,u,u,59
8662,2,nim,nim,59
8662,3,ja;,ja,59
8663,0,"Yakolatam,",yakolatam,59
8664,0,Jun,jun,59
8664,1,u,u,59
8664,2,nim,nim,59
8664,3,ja.,ja,59
8665,0,ARE',are',59
8665,1,k'ut,k'ut,59
8665,2,nim,nim,59
8665,3,ja,ja,59
8665,4,ri',ri',59
8666,0,Chuwach,chuwach,59
8666,1,Nijaib'ab'.,nijaib'ab',59
8667,0,Are',are',59
8667,1,u,u,59
8667,2,b'i'nam,b'i'nam,59
8667,3,"wi,",wi,59
8668,0,B'elejeb',b'elejeb',59
8668,1,chinamit,chinamit,59
8668,2,chi,chi,59
8668,3,Nijaib'ab',nijaib'ab',59
8668,4,chuchaxik.,chuchaxik,59
8669,0,K'iya,k'iya,59
8669,1,taq,taq,59
8669,2,k'ut,k'ut,59
8669,3,u,u,59
8669,4,chinamital,chinamital,59
8670,0,Jujun,jujun,59
8670,1,chike,chike,59
8670,2,ajawab'.,ajawab',59
8671,0,Are',are',59
8671,1,u,u,59
8671,2,nab'e,nab'e,59
8671,3,ri',ri',59
8672,0,Mi,mi,59
8672,1,xqab'ij,xqab'ij,59
8672,2,ki,ki,59
8672,3,b'i'.,b'i',59
8673,0,ARE',are',59
8673,1,chi,chi,59
8673,2,k'ut,k'ut,59
8674,0,Rech,rech,59
8674,1,Ajaw,ajaw,59
8674,2,K'iche':,k'iche',59
8675,0,Wa',wa',59
8675,1,u,u,59
8675,2,"mam,",mam,59
8676,0,U,u,59
8676,1,"qajaw,",qajaw,59
8677,0,Majukutaj,majukutaj,59
8678,0,Nab'e,nab'e,59
8678,1,winaq.,winaq,59
8679,0,K'o,k'o,59
8679,1,Ajaw,ajaw,59
8679,2,u,u,59
8679,3,b'i',b'i',59
8680,0,U,u,59
8680,1,ka,ka,59
8680,2,le',le',59
8680,3,"ajaw,",ajaw,59
8681,0,Q'aq',q'aq',59
8681,1,"Lakan,",lakan,59
8682,0,K'o,k'o,59
8682,1,"Kosom,",kosom,59
8683,0,K'o,k'o,59
8683,1,"Majkun,",majkun,59
8684,0,Wuqub',wuqub',59
8684,1,"Aj,",aj,59
8685,0,K'o,k'o,59
8685,1,"Kame'l,",kame'l,59
8686,0,K'o,k'o,59
8686,1,Yab'a,yab'a,59
8686,2,"Koj,",koj,59
8687,0,"Winaq,",winaq,59
8688,0,B'am.,b'am,59
8689,0,ARE',are',59
8689,1,k'ut,k'ut,59
8689,2,ajawab',ajawab',59
8689,3,ri',ri',59
8690,0,Chuwach,chuwach,59
8690,1,Ajaw,ajaw,59
8690,2,K'iche'.,k'iche',59
8691,0,Are',are',59
8691,1,u,u,59
8691,2,"le'el,",le'el,59
8692,0,U,u,59
8692,1,tasel,tasel,59
8692,2,puch.,puch,59
8694,0,Xa,xa,59
8694,1,kajib',kajib',59
8694,2,u,u,59
8694,3,nim,nim,59
8694,4,ja:,ja,59
8695,0,Aj,aj,59
8695,1,Tzik',tzik',59
8695,2,Winaq,winaq,59
8695,3,Ajaw,ajaw,59
8695,4,u,u,59
8695,5,b'i',b'i',59
8695,6,nab'e,nab'e,59
8695,7,"ajaw,",ajaw,59
8696,0,Jun,jun,59
8696,1,u,u,59
8696,2,nim,nim,59
8696,3,ja;,ja,59
8697,0,Lolmet,lolmet,59
8697,1,Ajaw,ajaw,59
8697,2,u,u,59
8697,3,kab',kab',59
8697,4,"ajaw,",ajaw,59
8698,0,Jun,jun,59
8698,1,u,u,59
8698,2,nim,nim,59
8698,3,ja;,ja,59
8699,0,Nim,nim,59
8699,1,Ch'okoj,ch'okoj,59
8699,2,Ajaw,ajaw,59
8699,3,rox,rox,59
8699,4,"ajaw,",ajaw,59
8700,0,Jun,jun,59
8700,1,u,u,59
8700,2,nim,nim,59
8700,3,ja;,ja,59
8701,0,Jaq'awitz,jaq'awitz,59
8701,1,k'ut,k'ut,59
8701,2,u,u,59
8701,3,kaj,kaj,59
8701,4,"ajaw,",ajaw,59
8702,0,Jun,jun,59
8702,1,u,u,59
8702,2,nim,nim,59
8702,3,ja.,ja,59
8703,0,Chi,chi,59
8703,1,kajib',kajib',59
8703,2,k'ut,k'ut,59
8703,3,nim,nim,59
8703,4,ja,ja,59
8704,0,Chuwach,chuwach,59
8704,1,Ajaw,ajaw,59
8704,2,K'iche'.,k'iche',59
8705,0,ARE',are',59
8705,1,k'u,k'u,59
8705,2,ri,ri,59
8705,3,e,e,59
8705,4,oxib',oxib',59
8705,5,chi,chi,59
8705,6,Nim,nim,59
8705,7,Ch'okoj.,ch'okoj,59
8706,0,Keje',keje',59
8706,1,ri',ri',59
8706,2,e,e,59
8706,3,qajawixel,qajawixel,59
8707,0,Rumal,rumal,59
8707,1,ronojel,ronojel,59
8707,2,ajawab',ajawab',59
8707,3,K'iche'.,k'iche',59
8708,0,Xa,xa,59
8708,1,jun,jun,59
8708,2,chikikuch,chikikuch,59
8708,3,wi,wi,59
8708,4,kib',kib',59
8709,0,E,e,59
8709,1,oxib',oxib',59
8709,2,chik,chik,59
8709,3,ch'okojib'.,ch'okojib',59
8710,0,E,e,59
8710,1,"alanel,",alanel,59
8711,0,E,e,59
8711,1,u,u,59
8711,2,chuch,chuch,59
8711,3,"tzij,",tzij,59
8712,0,E,e,59
8712,1,u,u,59
8712,2,qajaw,qajaw,59
8712,3,tzij.,tzij,59
8713,0,Nim,nim,59
8713,1,sqaqi'n,sqaqi'n,59
8713,2,u,u,59
8713,3,k'oje'ik,k'oje'ik,59
8714,0,E,e,59
8714,1,oxib',oxib',59
8714,2,chi,chi,59
8714,3,ch'okojib'.,ch'okojib',59
8715,0,NIM,nim,59
8715,1,Ch'okoj,ch'okoj,59
8715,2,k'ut,k'ut,59
8715,3,(chuwach,chuwach,59
8715,4,"Kaweqib'),",kaweqib',59
8716,0,Chuwach,chuwach,59
8716,1,Nijayib',nijayib',59
8716,2,u,u,59
8716,3,kab',kab',59
8716,4,k'u,k'u,59
8716,5,ri',ri',59
8716,6,Nim,nim,59
8716,7,Ch'okoj,ch'okoj,59
8716,8,"Ajaw,",ajaw,59
8717,0,Chuwach,chuwach,59
8717,1,Ajaw,ajaw,59
8717,2,K'iche',k'iche',59
8717,3,rox,rox,59
8717,4,Nim,nim,59
8717,5,Ch'okoj.,ch'okoj,59
8718,0,Chi,chi,59
8718,1,oxib',oxib',59
8718,2,k'ut,k'ut,59
8718,3,ri',ri',59
8718,4,"ch'okojib',",ch'okojib',59
8719,0,Jujun,jujun,59
8719,1,chuwach,chuwach,59
8719,2,chinamit.,chinamit,59
8720,0,Xere,xere,59
8720,1,k'ut,k'ut,59
8720,2,u,u,59
8720,3,k'oje'ik,k'oje'ik,59
8720,4,K'iche'.,k'iche',59
8721,0,Ri',ri',59
8721,1,rumal,rumal,59
8721,2,maja,maja,59
8721,3,b'i,b'i,59
8721,4,chi,chi,59
8721,5,ilb'al,ilb'al,59
8721,6,re.,re,59
8722,0,K'o,k'o,59
8722,1,nab'e,nab'e,59
8722,2,ojer,ojer,59
8722,3,kumal,kumal,59
8722,4,ajawab'.,ajawab',59
8723,0,Sachinaq,sachinaq,59
8723,1,chik.,chik,59
8724,0,Xere,xere,59
8724,1,k'u,k'u,59
8724,2,ri',ri',59
8724,3,mi,mi,59
8724,4,xutzinik,xutzinik,59
8724,5,chi,chi,59
8724,6,konojel,konojel,59
8724,7,"K'iche',",k'iche',59
8725,0,Sta.,sta,59
8725,1,Cruz,cruz,59
8725,2,u,u,59
8725,3,b'i'.,b'i',59
