chunk_num,xokik,xutzin,qochoch,tak'al,xukut,b'alami,wuq,kab'an,taqol,sik'ixik,wal,xob',ke'ul,koq'ik,lab'e,chik'ama',chiwil,ch'ek,ku'b'ul,xek'is,xepixab'an,jarub',xech'aw,xax,xb'anatajik,sik',kumatz,q'alel,tzijoxik,palo,q'apoj,lal,puj,ixim,rixoqil,kaqaj,jab',ya'oq,mi'al,sipakna,recha',kaqan,jumaj,keki'kotik,xkiya',xkita'o,xo'l,popol,xril,xe'ik'ow,tz'alam,istayul,itzel,qech,taq'aj,b'e'el,xoponik,chikamik,chuwa,pach',xekel,xkikoj,suywa,wi'y,eta'manel,winaqirik,qajoq,tzik',kixoqil,chajal,kakib'ano,ilol,tikarik,tz'um,b'anol,xkina',chik'am,b'inib'al,kanajoq,jo',q'ol,kaminaq,k'utb'al,ro',yamanik,xe'ik'owik,k'amik,anim,chiwech,kojkamik,xek'ajolanik,chiwila',rismal,xpetik,k'im,chiqab'ij,xub'ij,waram,xpiyakok,ajam,q'ana,xsaqirik,su',raj,rij,xub'i'naj,choq',chaq',sel,tuja,saqil,q'o'l,tzuqul,xik',achij,utzilaj,kuchuma,kati't,nijaib'ab',ik',mul,xuchaxik,chikij,xe'ulik,iwech,utiw,pixab',xech'awik,xkitaq,naj,xutzinik,xil,je,b'ixik,xkam,chuq'ab',sis,iwumal,xya',chel,xoq',aq'ab'al,chawaxoq,ch'i'pi,nab'ek,xkikuch,a',poy,kaqix,k'uwal,aq,xojpe,kamisaxik,mixb'isonik,keb'e,ra'il,relik,saqiroq,ixoq,iwuk',xe'oponik,xe'el,quk',chuchax,chopon,xkitz'onoj,puwaq,b'atz',iwib',b'elejeb',ajawarem,koj,alom,k'ajolom,k'olik,xech'akataj,ub'ik,kaweqib',xepetik,tulan,qati't,pop,ati't,wub',taqal,xuk'am,chowen,xikin,jom,ral,tio'jil,aponoq,xaqi,k'axtok',jupacha,tz'ikina,q'equ'mal,xub'an,iwe,kik'el,xkilo,rax,k'ama',kajawarem,xwinaqir,xkaj,chok,ch'ab'al,ch'umil,chinamit,tz'ikin,b'it,qe,kaqulja,k'axk'ol,chipe,xk'am,b'ate,kuk'a'am,kus,juyub'al,kej,b'aq,ojer,xb'ek,ox,k'a'am,akarok,on,xkipixab'aj,chikib'ano,tepew,lab'al,je',tamub',cha'j,xraj,kaqchekeleb',wachib'al,al,chuchi',xek'oje',chiya',xmuqane,kixcha',xb'an,toq'ob',xkanaj,ke'uchaxik,rab'inaleb',sachik,tz'aqol,b'itol,k'am,xch'awik,k'eche'laj,junam,qib',k'amol,b'i'nam,tzijel,aq'anoq,kech,xopon,chul,ilokab',rochoch,xk'is,nu,we',ch'ob',xe'uxik,rajawal,patan,tza'm,tukel,mam,xekam,jujunal,xekamik,xch'aw,k'iya,b'aq',xe'ul,xe'ok,kochoch,xkitikib'a',b'ix,chuxe',awilix,q'aq'al,q'ukumatz,q'aq',tz'aq,k'ajb',oxib',chuchaxik,q'alaj,wa,releb'al,kacha',nimal,xkib'ij,k'ixb',cha',ch'akatajik,tinamit,a,chiqe,chiwe,xuchax,saqirik,xkik'am,raxa,juraqan,ja',raqan,kecha',xqaj,ichal,la,ke,samajel,b'anoj,najt,saqi,ajilan,rox,lo,kanoq,xkil,keki'kot,k'ajolab',xepe,kamik,ka,in,apanoq,suk',sqaqi'n,xma,k'iche',tojil,ula,pam,kame,xul,kik',wakamik,xkib'an,xawi,nawal,k'ab'awil,nima'q,kuk',b'e,jolom,xk'oje',xe'uchaxik,saq,jaq'awitz,xchiqab'ij,kib'il,kajib',chuxik,lib'aj,wi',retal,chuxoq,ik'i,xpe,chikech,xeb'ek,xe'opon,xel,siwan,k'i,kitze,are,xib'alb'a,k'ute,at,kab',ajaw,xok,chib'e,ya',re,jujun,chirij,chu,chikop,majukutaj,xe'uchax,q'ab',rech,kaj,nim,chirech,waral,apa,ab'aj,kaib',wa'e,ch'uti,xeb'e,tzatz,wuqub',amaq',k'ajol,ajawab',xkib'ano,b'alam,taq,chuch,k'a,nay,che',k'oje'ik,chi',ix,we,xb'alanke,naqi,na'oj,chikiwach,chike,aq'ab',chupan,xb'e,ulew,su,xe',qi,chila',rib',qajaw,xuxik,b'a,oj,q'ij,junajpu,juyub',i,xere,xcha',konojel,ja,tzij,taj,aj,chiri',ruk',la',nima,kib',winaq,chuwach,chuwi',mi,wa',maja,utz,uloq,b'i,qitzij,chire,nab'e,k'u'x,ronojel,ju,b'i',kumal,wach,qa,k'o,jun,xecha',k'ate,pu,na,pa,ri',e,keje',puch,ma,mawi,rumal,chik,are',ki,k'u,u,wi,ri,xa,ta,k'ut,chi
0,0.0,0.0,0.0,0.0,0.08366810522395354,0.0,0.0,0.0,0.0,0.0,0.0,0.0,0.0,0.0,0.0,0.0,0.0,0.0,0.0,0.0,0.0,0.0,0.0,0.08366810522395354,0.0,0.0,0.0,0.0,0.28196955524419703,0.2721304694815465,0.0,0.0,0.0,0.0,0.0,0.0,0.0,0.0,0.0,0.0,0.0,0.0,0.0,0.0,0.0,0.0,0.0,0.0,0.0,0.0,0.0,0.0,0.0,0.0,0.0,0.0,0.0,0.0,0.0,0.0,0.0,0.0,0.0,0.0,0.07372543166943617,0.06355954846883977,0.0,0.0,0.0,0.0,0.0,0.07824363533745887,0.0,0.0,0.0,0.0,0.0,0.0,0.0,0.0,0.0,0.0,0.0,0.0,0.0,0.0,0.0,0.0,0.0,0.0,0.0,0.0,0.0,0.0,0.07824363533745887,0.0,0.0,0.0,0.060922475603677875,0.0,0.0,0.0,0.0,0.0,0.0,0.0,0.0,0.0,0.052618377679461724,0.0,0.23308164230650644,0.0,0.0,0.0,0.0,0.0,0.0,0.0,0.0,0.0,0.0,0.0,0.0,0.0,0.0,0.06651608804719913,0.0,0.0,0.0,0.0,0.0,0.0,0.0,0.0,0.0,0.0,0.06986883147654871,0.0,0.0,0.0,0.0,0.13973766295309742,0.0,0.06986883147654871,0.0,0.06986883147654871,0.0,0.0,0.0,0.0,0.07372543166943617,0.0,0.0,0.0,0.0,0.0,0.0,0.0,0.0,0.0,0.0,0.0,0.0,0.0,0.0,0.0,0.0,0.0,0.0,0.0,0.0,0.0,0.09592332930743769,0.09592332930743769,0.18276742681103364,0.0,0.0,0.0,0.0,0.0,0.0,0.0,0.0,0.0,0.0,0.0,0.0,0.0,0.0,0.0,0.0,0.0,0.0,0.0,0.0,0.0,0.13303217609439827,0.0,0.0,0.0,0.0,0.0,0.0,0.0,0.0,0.0,0.0,0.049402042063777685,0.0,0.0,0.026594716359417302,0.0,0.0,0.1398489853839039,0.0,0.0,0.0,0.0,0.0,0.0,0.0,0.0,0.0,0.1578551330383852,0.0,0.0,0.049402042063777685,0.0,0.0,0.0,0.0,0.24701021031888845,0.0,0.0,0.0,0.0,0.0,0.0,0.0,0.054426093896309306,0.0,0.0,0.0,0.052618377679461724,0.0,0.05854825036499466,0.0,0.0,0.0,0.0,0.0,0.13251493985612478,0.13251493985612478,0.0,0.0,0.04661632846130129,0.0,0.0,0.0,0.06355954846883977,0.0,0.0,0.0,0.0,0.0,0.0,0.0,0.0,0.0,0.0,0.0,0.0,0.0,0.0,0.0,0.16801252503007535,0.0,0.0,0.0,0.0,0.05854825036499466,0.0,0.0,0.045355874686868414,0.0,0.0,0.0,0.0,0.0,0.0,0.0,0.23499259114999285,0.0,0.0,0.0,0.04100681357587228,0.21528104620429603,0.03749935331017491,0.0,0.0,0.0,0.0,0.0,0.0,0.0,0.0,0.02359480162629961,0.0,0.0,0.0,0.0,0.0,0.0,0.1398489853839039,0.09323265692260257,0.07833086371666428,0.0,0.0,0.0,0.0,0.0,0.0,0.0,0.0,0.0,0.03831223053708513,0.0,0.04661632846130129,0.049402042063777685,0.0,0.0,0.0,0.0,0.0,0.0,0.0,0.0,0.0,0.0,0.0,0.09071174937373683,0.09934350914071097,0.0,0.0,0.0,0.0,0.03598276174334067,0.0,0.0,0.04200313125751884,0.0,0.0,0.020991070803304132,0.08611241848171841,0.08400626251503768,0.0,0.0,0.0,0.0,0.13577572602860233,0.0,0.0,0.0,0.0,0.0,0.0,0.0,0.0,0.0,0.0,0.03459494338365642,0.0,0.0,0.0,0.0,0.03459494338365642,0.0,0.0,0.0,0.0,0.0,0.0,0.03672376913239474,0.0,0.0,0.0,0.0,0.10582166427867681,0.0,0.0,0.0,0.02778250039428398,0.0,0.0,0.0,0.06317056818555458,0.2639017085790719,0.027598547494809687,0.03749935331017491,0.1410955523715691,0.0,0.03459494338365642,0.0,0.10794828523002202,0.0,0.0,0.0,0.0,0.0,0.01989975958589785,0.0,0.0,0.0,0.0,0.030035008612536156,0.12856463682073346,0.02359480162629961,0.031133201833618916,0.03053332630385846,0.0,0.0,0.0,0.0,0.05122873919589502,0.08591708094627004,0.0,0.0,0.020540024163101273,0.03053332630385846,0.0,0.0708092990556583,0.0,0.049025913579360585,0.0,0.0,0.0,0.0212243717033208,0.0,0.0,0.0,0.0,0.023040867079800364,0.0,0.0,0.0,0.0,0.0,0.0,0.1554977187984946,0.0,0.03967855422444685,0.0,0.03243522558663061,0.0408197571531722,0.0,0.033271231872242096,0.031932192399015395,0.0,0.0,0.0,0.0,0.05215054794883112,0.0,0.0,0.031385012486788315,0.0,0.0,0.0632820217941419,0.06278012412323597,0.06359779901914893,0.0,0.03755899734428394,0.0,0.018140438418881792,0.008786404620780959,0.06291084543551684,0.01789722611255795,0.008032882117892893,0.0,0.0,0.0,0.07440272201105717,0.02967767798671964,0.0518003597329451,0.010941170789378046,0.06032451501449441,0.0,0.008825850501113026,0.033216391696864606,0.026610354271154157,0.027347871724050402,0.009285056936791217,0.004071183447964535,0.07134086308708112,0.03458354091500182,0.01563363380351829,0.026027176958725032,0.024902462931432792,0.01368656218247124,0.02287914583249773
1,0.0,0.08720128157475723,0.0,0.0,0.0,0.0,0.0,0.0,0.0,0.0,0.0,0.0,0.0,0.0,0.0,0.0,0.0,0.0,0.0,0.0,0.0,0.0,0.0,0.0,0.0,0.0,0.09997402506171855,0.0,0.0,0.0,0.0,0.0,0.0,0.0,0.0,0.0,0.0,0.0,0.0,0.0,0.0,0.0,0.0,0.0,0.0,0.0,0.0728192855638077,0.0,0.0,0.0,0.0,0.0,0.0,0.0,0.1536774881902421,0.0,0.0,0.0,0.0,0.0,0.0,0.0,0.0,0.0,0.0,0.26497428466726924,0.0,0.0,0.0,0.15446464463993217,0.0,0.0,0.0,0.0,0.0,0.0,0.0,0.08154774460628061,0.0,0.0,0.0,0.0,0.0,0.0,0.0,0.0,0.0,0.0,0.0,0.0,0.0,0.0,0.0,0.0,0.08154774460628061,0.0,0.0,0.0,0.0,0.0,0.0,0.0,0.0,0.0,0.0,0.0,0.0,0.0,0.0,0.0,0.0,0.06624357116681731,0.06624357116681731,0.0,0.0,0.0,0.0,0.0,0.0,0.0,0.0,0.0,0.0,0.0,0.0,0.0,0.0,0.13864992179587635,0.0,0.0,0.13248714233363462,0.0,0.0,0.0728192855638077,0.0,0.1456385711276154,0.0,0.0,0.0,0.0,0.0,0.0,0.1456385711276154,0.1456385711276154,0.0,0.0,0.0,0.0,0.0,0.0,0.0,0.0,0.0,0.0,0.0,0.0,0.0,0.07683874409512105,0.0,0.0,0.0,0.0,0.0,0.0,0.0,0.0,0.0,0.0,0.06102065359459845,0.0,0.0,0.11755067963613404,0.1999480501234371,0.1999480501234371,0.0,0.0,0.0,0.0,0.0,0.0,0.0,0.0,0.0,0.0,0.0,0.0,0.0,0.0,0.0,0.0,0.0,0.0,0.0,0.0,0.06932496089793817,0.0,0.0,0.0,0.0,0.0,0.0,0.0,0.0,0.0,0.19048541622142504,0.0,0.0,0.051488214879977394,0.0,0.0,0.27717770630168537,0.13399372515910107,0.0,0.194339459379631,0.0,0.0,0.0,0.0,0.0,0.0,0.0,0.0,0.0,0.0,0.0,0.0,0.20595285951990958,0.0,0.0,0.0,0.0,0.0,0.0,0.0,0.0,0.0,0.0,0.0,0.0,0.0,0.0,0.05672442475137458,0.0,0.0,0.05484037143845874,0.0,0.0,0.0,0.06102065359459845,0.0,0.0,0.13811084346090477,0.13811084346090477,0.0,0.0,0.0971697296898155,0.0,0.0,0.0,0.0,0.0,0.0,0.0,0.0,0.0,0.0,0.047271184031865754,0.0,0.0,0.0,0.0,0.0,0.0,0.0,0.0,0.0,0.0,0.0,0.06102065359459845,0.0,0.0,0.0,0.0,0.0,0.0,0.0971697296898155,0.0,0.0,0.0,0.0,0.0,0.04081932825338587,0.0,0.1252133646919112,0.0,0.0,0.0,0.0,0.0,0.0,0.04603694782030159,0.0,0.0,0.0,0.0,0.0,0.0,0.0,0.0,0.0,0.0,0.0,0.0,0.0971697296898155,0.0971697296898155,0.20409664126692934,0.04603694782030159,0.0,0.0,0.0,0.0,0.0,0.0,0.05484037143845874,0.0,0.0,0.0,0.0,0.0,0.0,0.0,0.0,0.0,0.0,0.0,0.0,0.0,0.0,0.10968074287691748,0.0,0.0,0.0,0.0,0.0,0.0,0.0,0.0,0.0,0.0,0.0,0.0,0.038274557838122523,0.0,0.08974881444976064,0.0,0.050441161804704975,0.0,0.04858486484490775,0.17095387483877086,0.0,0.0,0.0,0.0971697296898155,0.0,0.042738468709692716,0.04998701253085928,0.0,0.0,0.03993009754289147,0.0,0.0,0.0,0.0,0.0,0.0,0.03605583502800949,0.0,0.0,0.0,0.0,0.0,0.09482457133712889,0.0,0.0,0.0,0.0,0.03908289375167651,0.07352690107159641,0.0,0.0,0.0,0.028955712971484495,0.0,0.03676345053579821,0.0,0.0,0.12033257024425537,0.0,0.0,0.03676345053579821,0.0,0.0,0.0,0.0,0.04081932825338587,0.0,0.0,0.0,0.0,0.0,0.0,0.037502258838295534,0.018480074839834906,0.07765397540092274,0.0313033411729778,0.0,0.024591174077723068,0.04867186412582776,0.0,0.0,0.04424128903587789,0.0,0.0,0.0,0.0,0.0,0.0,0.0,0.03182270205964263,0.0,0.18449866913252064,0.0,0.025548101531941956,0.0,0.0,0.03236091013629849,0.022120644517938944,0.02695263775842438,0.0,0.10088232360940995,0.0,0.0,0.1257586738474399,0.08127418509376548,0.0,0.011663778971425107,0.0,0.0,0.023152021438729523,0.0,0.0,0.013796116004013302,0.0,0.0,0.01862073151559469,0.03467622520032642,0.033280640134404224,0.0,0.03324844783740094,0.049484412513054105,0.046304042877459047,0.0,0.04284260121281353,0.0,0.0,0.0,0.0,0.03297716248216801,0.06543123292101514,0.039770062187682254,0.08595183588875384,0.015658022584915905,0.05070737346835718,0.01890648143901767,0.054944646444350126,0.0,0.0,0.04186049233123239,0.009768925193570222,0.020313502022961092,0.0270419041927223,0.04934658614701213,0.051551535033926094,0.006748476230362066,0.06841919837015145,0.02357697269568496,0.025219238846667307,0.03679421077478548,0.017309534604032537,0.03328088268845311,0.0057005461192074875,0.01209643839512607,0.00848620661931302,0.04495791742723174,0.050461531470715824,0.032587636583574664,0.03390783113378138,0.04541959786597969,0.0380387328232029,0.01854634229179859
2,0.0,0.09095353503310427,0.0,0.0,0.0,0.0,0.0,0.0,0.0,0.09095353503310427,0.0,0.09095353503310427,0.0,0.0,0.09095353503310427,0.0,0.0,0.0,0.0,0.0,0.0,0.0,0.0,0.0,0.0,0.0,0.0,0.0,0.0,0.0,0.0,0.0,0.0,0.06909401859735029,0.0,0.0,0.0,0.0,0.0,0.0,0.0,0.0,0.0,0.0,0.0,0.0,0.0,0.0,0.0,0.0,0.08014509966764537,0.0,0.0,0.16029019933529073,0.0,0.0,0.0,0.0,0.0,0.0,0.0,0.0,0.0,0.0,0.0,0.0,0.0,0.0,0.0,0.0,0.0,0.0,0.0,0.0,0.0,0.0,0.0850567275156315,0.0,0.0,0.0,0.0850567275156315,0.0,0.0,0.0,0.0850567275156315,0.0,0.0,0.0,0.0,0.0,0.0,0.0,0.0,0.0,0.0,0.0,0.0,0.0,0.26490928672476627,0.0,0.0,0.0,0.0,0.0,0.0,0.0,0.0,0.0,0.057200141497693285,0.0,0.0,0.20728205579205086,0.20728205579205086,0.0,0.0,0.0,0.0,0.0,0.0,0.0,0.0,0.0,0.0,0.0,0.0,0.14461599980715092,0.0,0.0,0.0,0.0,0.13818803719470057,0.0,0.0,0.07595268465103229,0.0,0.0,0.07595268465103229,0.0,0.0,0.07595268465103229,0.0,0.0,0.07595268465103229,0.0,0.07595268465103229,0.0,0.0,0.05370374232244834,0.0,0.08014509966764537,0.08014509966764537,0.0,0.0,0.0,0.0,0.0,0.0,0.08014509966764537,0.0,0.0,0.0,0.0,0.0,0.0,0.0,0.0,0.0,0.0,0.0,0.0,0.0,0.0,0.15641383062224987,0.15641383062224987,0.0,0.06622732168119157,0.0,0.0,0.0,0.0,0.045660568744863655,0.0,0.0,0.0,0.0,0.0,0.0,0.0,0.0,0.0,0.15641383062224987,0.0,0.0,0.0,0.14461599980715092,0.0,0.0,0.0,0.0,0.0,0.07595268465103229,0.0,0.0,0.0,0.0,0.0,0.0,0.05370374232244834,0.0,0.0,0.0,0.2795188959471064,0.17749579572751362,0.0,0.0,0.0,0.0,0.0,0.0,0.0,0.0,0.0,0.0,0.0,0.0,0.0,0.0,0.0,0.0,0.0,0.0,0.05370374232244834,0.0,0.0,0.0,0.0,0.14041603159647034,0.0,0.0,0.0,0.0,0.0,0.0,0.22880056599077314,0.0,0.0,0.0,0.0,0.06364635994140987,0.0,0.0,0.09603581669384774,0.09603581669384774,0.0,0.0,0.05067546172428207,0.0,0.0,0.0,0.0,0.0,0.0,0.0,0.0,0.0,0.0,0.0,0.0,0.0,0.0,0.0,0.05916526524250454,0.0,0.044577496349245474,0.0,0.0,0.04801790834692387,0.0,0.0,0.0,0.0,0.0,0.0,0.0,0.0,0.0,0.0,0.0,0.0,0.0,0.0,0.04257577566838014,0.0,0.22855222315880336,0.0,0.0,0.0,0.0,0.0,0.0,0.0,0.0,0.11833053048500908,0.0,0.05213794354074995,0.0,0.0,0.0,0.0,0.0,0.0,0.043550796377372275,0.0,0.10135092344856414,0.05067546172428207,0.04257577566838014,0.0,0.0,0.0,0.0,0.0,0.0,0.0,0.0,0.0,0.0,0.0,0.0,0.05370374232244834,0.0,0.0,0.0,0.0,0.0,0.0,0.0,0.0,0.057200141497693285,0.057200141497693285,0.0,0.14791576047696148,0.0,0.0,0.0,0.0,0.0,0.0,0.0,0.0,0.0,0.0,0.0,0.0,0.0,0.0,0.0,0.029757898961653612,0.0,0.044577496349245474,0.07379922266037013,0.0,0.0,0.05067546172428207,0.0,0.0,0.0,0.0,0.0,0.16659312616313512,0.0,0.0,0.043550796377372275,0.0,0.0,0.0,0.037607310295737696,0.0,0.0,0.0,0.0,0.0,0.0,0.0,0.0,0.0,0.0,0.0,0.0,0.0,0.0349398619933883,0.0,0.0906050142819048,0.0,0.03834537435529459,0.0,0.0,0.0,0.03000170076414397,0.0815292454845575,0.03834537435529459,0.0,0.0,0.0,0.0,0.04257577566838014,0.0,0.0,0.0,0.0,0.0,0.0,0.03911597342918929,0.0,0.0,0.0,0.0349398619933883,0.0,0.0,0.0,0.02850554687971287,0.023072491364617965,0.0,0.0,0.0,0.062265560740433795,0.0,0.028910460678141722,0.0,0.0,0.0,0.07697504377671205,0.0,0.0,0.0349398619933883,0.0,0.0,0.0,0.0,0.0,0.0,0.060431433623528714,0.05009431743497289,0.0,0.12715709518917204,0.0,0.0,0.0,0.0,0.04829649645021354,0.07417864005573813,0.13802745070633493,0.0,0.017629767154423718,0.0,0.038843955631402895,0.036168336137008004,0.06942539865755633,0.04806963277848304,0.0,0.09032400430571957,0.0,0.01889719177601914,0.014895369884284486,0.0,0.017058936766230676,0.0,0.019243760944178012,0.01719808154736165,0.0,0.0,0.017930065190533674,0.01633178412068827,0.05288930146327115,0.01972002350036811,0.1528237424958324,0.03907933115332346,0.006485211132194164,0.052394088990369354,0.010189280063131204,0.05296896973660017,0.0,0.014705702782716934,0.021507914851911062,0.01407772358740168,0.035681631298971,0.04918297009690468,0.017536278385863965,0.08634928095253375,0.03610872073399311,0.06364041258644405,0.011891678924848605,0.017663723959895593,0.022128415922022446,0.028856890766098216,0.0375949149530983,0.016994937987862252,0.07073375645927954,0.04286218500173866,0.029756648835637056,0.019344387638694432
3,0.0,0.0,0.0,0.0,0.0,0.0,0.0,0.0,0.0,0.0,0.0,0.0,0.0,0.0,0.0,0.0,0.0,0.0,0.0,0.0,0.0,0.0,0.0,0.0,0.0,0.0,0.0,0.0,0.0,0.0,0.0,0.0,0.0,0.22274608403711804,0.0,0.0,0.23310735357482032,0.0,0.0,0.0,0.0,0.12715843726488837,0.0,0.0,0.0,0.0,0.0,0.0,0.0,0.0,0.0,0.0,0.0,0.0,0.0,0.0,0.0,0.0,0.0,0.0,0.0,0.0,0.0,0.0,0.0,0.0,0.0,0.0,0.0,0.0,0.0,0.0,0.0,0.0,0.09140228228017061,0.0,0.0,0.0,0.0,0.0,0.09140228228017061,0.0,0.0,0.0,0.0,0.0,0.0,0.0,0.0,0.0,0.09140228228017061,0.0,0.0,0.0,0.0,0.0,0.0,0.0,0.0711681312903964,0.3178960931622209,0.0,0.0,0.0,0.0,0.0,0.0,0.0,0.0,0.0,0.0,0.0,0.07424869467903934,0.07424869467903934,0.0,0.06357921863244419,0.0,0.0,0.0,0.0,0.0,0.0,0.0,0.0,0.0,0.0,0.0,0.0,0.07770245119160678,0.0,0.0,0.0,0.0,0.0,0.0,0.0,0.0,0.0,0.08161904325715572,0.0,0.0,0.0,0.08161904325715572,0.08161904325715572,0.0,0.08161904325715572,0.0,0.0,0.28855122684774526,0.0,0.0,0.0,0.0,0.08612422834923056,0.0,0.0,0.0,0.0,0.08612422834923056,0.13175594805475857,0.0,0.0,0.0,0.0,0.0,0.0,0.0,0.0,0.0,0.0,0.0,0.0,0.0,0.0,0.0,0.0,0.0,0.0,0.0,0.0,0.0,0.0,0.0,0.07379429751943764,0.0,0.0,0.0,0.0,0.07424869467903934,0.0,0.0,0.22411052821863756,0.0,0.0,0.0,0.0,0.0,0.0,0.0,0.0,0.06357921863244419,0.0,0.0,0.0,0.0,0.0,0.0,0.0,0.0,0.0,0.0,0.0,0.2628255583562254,0.0,0.0,0.0,0.0,0.0,0.0,0.0,0.0,0.0,0.0,0.0,0.0,0.0,0.0,0.0,0.0,0.0,0.0,0.0,0.05771024536954905,0.0,0.0,0.0,0.0,0.05029720020004013,0.0,0.0,0.0,0.0,0.0,0.0,0.06146748919627825,0.0,0.0,0.0,0.0,0.0,0.0,0.0,0.15480067978475803,0.15480067978475803,0.0,0.0711681312903964,0.0,0.0,0.0,0.0,0.0,0.0,0.0,0.19073765589733258,0.0,0.0,0.0,0.0,0.0,0.0,0.0,0.0,0.12715843726488837,0.0,0.0,0.0,0.0,0.0,0.0,0.0,0.0,0.0,0.0,0.052983612575174976,0.0,0.0,0.0,0.0711681312903964,0.0,0.0,0.0,0.0,0.04575209015916263,0.0,0.10525846570076598,0.0,0.0,0.0,0.0,0.0,0.0,0.0,0.0,0.12715843726488837,0.0,0.0,0.0,0.0,0.0,0.06587797402737929,0.0,0.0,0.04679985111441373,0.0,0.0,0.05445604354281772,0.0,0.05160022659491934,0.0,0.0,0.0,0.05951793247638535,0.05951793247638535,0.0,0.0,0.0,0.0,0.0,0.0,0.0,0.0,0.0,0.0,0.0,0.11205526410931878,0.0,0.0,0.0,0.0,0.06146748919627825,0.0,0.0,0.0,0.0,0.09150418031832526,0.0,0.0,0.0,0.0,0.0,0.0,0.0,0.0,0.0,0.0,0.0,0.0,0.03197795119096248,0.0,0.04790314680174136,0.0,0.0,0.0,0.0,0.0,0.04790314680174136,0.0,0.044755401448699564,0.0,0.044755401448699564,0.0,0.16165183363384247,0.09359970222882746,0.0,0.0,0.0,0.0,0.0,0.0,0.0,0.0,0.0,0.13285441366739076,0.0,0.0,0.04679985111441373,0.0,0.0,0.0,0.0,0.0,0.0,0.06490966153438871,0.0,0.0,0.08082591681692124,0.0,0.1734094450778456,0.0,0.0,0.0412060848486951,0.0,0.04041295840846062,0.0,0.0,0.04575209015916263,0.0,0.03754650833660363,0.0,0.0,0.0,0.0,0.0,0.020713276930275477,0.0,0.035086155233588656,0.0,0.0,0.14547614972177134,0.0,0.03063216888953699,0.024793786808081062,0.029400458991358746,0.0,0.0,0.03345540397192169,0.0,0.0,0.0,0.0,0.0,0.08271767425468518,0.0,0.0,0.0,0.025358137084954997,0.0,0.024793786808081062,0.0,0.017619478413659163,0.0,0.12987969596262816,0.0,0.0,0.022773916200556236,0.0,0.0261465482128762,0.0,0.021388660643881337,0.0,0.02657088273347815,0.055621808440523786,0.0,0.0,0.03178975473920365,0.0626127932710688,0.0,0.04973653129981326,0.10331161973085765,0.0,0.0,0.0,0.040613988039847664,0.016006621023371904,0.033180309479589984,0.07332639283212708,0.0,0.020679418563671295,0.018481123718055756,0.07333819040932262,0.029717351210867687,0.05780314835928187,0.03510039442943819,0.03789002942033427,0.11655166662996133,0.020528121729332188,0.0,0.01393806500355611,0.03753525795146555,0.021898878072657488,0.04553652476756562,0.015154875051113117,0.015802804036014223,0.0,0.030255950417594688,0.03834361644828328,0.044043505311874676,0.037689102649142575,0.05155070283902771,0.04850321047059072,0.02486844689337123,0.04472595160518554,0.09490752411116925,0.019023423802859204,0.03876215545452047,0.008079927665241037,0.029677090426498545,0.022803228963069664,0.024242035113713263,0.02398245585059952,0.026726853074910604
4,0.0,0.0,0.0,0.0,0.0,0.0,0.0,0.0,0.0,0.0,0.0,0.0,0.0,0.0,0.0,0.0,0.0,0.0,0.0,0.0,0.0,0.0,0.0,0.0,0.0,0.0,0.0,0.0,0.0,0.0,0.0,0.0,0.0,0.0,0.0,0.0,0.0,0.0,0.0,0.0,0.0,0.0,0.0,0.0,0.0,0.0,0.0,0.0,0.0,0.0,0.0,0.0,0.0,0.0,0.0,0.0,0.0,0.0,0.0,0.0,0.0,0.0,0.0,0.0,0.0,0.0,0.0,0.0,0.0,0.0,0.0,0.0,0.0,0.0,0.0,0.0,0.0,0.09833164546952339,0.0,0.0,0.0,0.0,0.0,0.0,0.09833164546952339,0.0,0.0,0.0,0.0,0.0,0.0,0.0,0.0,0.0,0.0,0.0,0.0,0.0,0.0,0.1367985356565026,0.0,0.0,0.0,0.0,0.0,0.0,0.0,0.0,0.0,0.0,0.23433779698899157,0.0,0.0,0.06403008862959907,0.0,0.0,0.0,0.0,0.0,0.3419963391412565,0.0,0.0,0.0,0.0,0.0,0.0,0.0,0.0,0.0,0.1597552301675537,0.0,0.0,0.0,0.0,0.0,0.08780672238055792,0.0,0.17561344476111584,0.0,0.0,0.0,0.0,0.0,0.0,0.0,0.0,0.0,0.12417071534916838,0.14177928750862942,0.09265345325201006,0.0,0.0,0.0,0.0,0.0,0.0,0.0,0.0,0.0,0.0,0.0,0.0,0.0,0.0,0.0,0.0,0.1757533477417437,0.0,0.0,0.0,0.0,0.0,0.0,0.0,0.0,0.0,0.0,0.0,0.0,0.0,0.0,0.0,0.0,0.0,0.07656350892119858,0.0,0.0,0.0,0.0,0.0,0.12055036513876835,0.0,0.0,0.0,0.08359320677864107,0.0,0.0,0.0,0.0,0.0,0.0,0.08780672238055792,0.0,0.0,0.0,0.0,0.0,0.0,0.0708722957973237,0.0,0.0,0.16157189314185783,0.0,0.0,0.0,0.0708722957973237,0.0,0.0,0.0,0.0,0.0,0.0,0.050347827789496855,0.0,0.0,0.0,0.0,0.0,0.0,0.0,0.0,0.0,0.0,0.0,0.0,0.0,0.0,0.0,0.0,0.0683992678282513,0.0,0.0,0.0661274445754344,0.0,0.0,0.07357973300858804,0.0,0.0,0.0,0.0,0.0,0.0,0.0,0.0,0.07656350892119858,0.05858444924724789,0.0,0.0,0.0,0.0,0.0,0.0,0.0,0.0,0.0,0.0,0.0,0.0,0.21595029185307657,0.0661274445754344,0.0,0.0,0.0,0.05153476620796883,0.0708722957973237,0.0,0.0,0.0,0.0,0.0,0.07357973300858804,0.0,0.05700039077215657,0.0,0.0,0.0,0.0,0.0,0.0,0.0,0.0,0.0,0.07088964375431471,0.15098438643982895,0.0,0.0,0.0,0.0,0.11400078154431315,0.0,0.0555121279370882,0.0683992678282513,0.0,0.0,0.060275182569384175,0.0,0.0,0.0,0.0708722957973237,0.05858444924724789,0.0,0.0,0.0,0.05858444924724789,0.0,0.0,0.0,0.0,0.0,0.0,0.0,0.0,0.0,0.0,0.0,0.0,0.0,0.0,0.0,0.0,0.0,0.0,0.0,0.0,0.0,0.0,0.29713060251937484,0.0,0.0,0.0,0.0,0.0,0.0,0.0,0.0,0.0,0.0,0.0,0.12797575001752148,0.0,0.0,0.04615210721046929,0.0,0.0,0.0,0.0,0.03440225430819052,0.05858444924724789,0.0,0.1706343333566953,0.0,0.05700039077215657,0.0,0.0,0.0,0.0,0.0,0.11908315394868596,0.09629676980296743,0.0,0.0,0.0,0.0,0.0,0.0,0.0,0.0,0.0,0.037141325314921855,0.0,0.0,0.0,0.0,0.0,0.0,0.0,0.0,0.0,0.0,0.0,0.0,0.0,0.0,0.0,0.0,0.0,0.06218530379870245,0.034684106586164734,0.0,0.0,0.0,0.08695346766975556,0.0,0.0,0.0,0.0,0.0,0.0970372727615331,0.0,0.02500875753139319,0.0,0.0,0.0,0.0,0.0,0.040392973285464456,0.05930490469760369,0.09781559074520998,0.03837235072433933,0.09886333785328187,0.026673446148598973,0.0,0.0,0.021460344979863107,0.0,0.040392973285464456,0.13369022076430973,0.0,0.0,0.0,0.04449432123556403,0.0,0.030806331608401356,0.040392973285464456,0.0,0.11706399329461767,0.0,0.0,0.0,0.030411401710729286,0.12226033542244666,0.0,0.0,0.02450044569917222,0.1066937845943959,0.05625752541363224,0.02527116058986345,0.023010171551901885,0.0,0.0,0.01994619759122394,0.0,0.0,0.0,0.0,0.0,0.1605214281520661,0.01852397502343481,0.08018307804695438,0.029834569496643835,0.02791709783032577,0.021846501933049482,0.0,0.08923941358256253,0.01972134798950193,0.020212098522908544,0.0,0.03976441856783943,0.0,0.031970274381149716,0.020728434599567483,0.009440353825893295,0.02038126864474596,0.13678652467313676,0.08833757484770519,0.033883871226839425,0.007497366763007991,0.010095217497351669,0.0,0.09797745302755641,0.032607584044633306,0.04250210402653207,0.04972936814711436,0.016274852856993923,0.11000136406673951,0.009476503740436463,0.030409783437354922,0.04436707976051702,0.07305245042034915,0.03344220792814876,0.06186433167644782,0.0350066145163806,0.03581483861326801,0.03544566358517567,0.043462403934427914,0.041750641775752106,0.04906396142459099,0.03911979782333954,0.04013427725221114,0.02875306147194867
5,0.0,0.0,0.0,0.09453653192386806,0.0,0.0,0.0,0.0,0.0,0.0,0.0,0.0,0.0,0.0,0.0,0.0,0.0,0.0,0.0,0.0,0.0,0.0,0.0,0.0,0.09453653192386806,0.0,0.0,0.0,0.0,0.0,0.0,0.0,0.0,0.0,0.11890693420059567,0.0,0.0,0.0,0.0,0.15341289519861798,0.21544766432110612,0.0,0.0,0.0,0.0,0.0,0.0,0.0,0.0,0.0,0.0,0.0,0.1666046244494902,0.0,0.0,0.0,0.0,0.0,0.0,0.0,0.0,0.0,0.0,0.0,0.0,0.0,0.0,0.0,0.0,0.0,0.0,0.0,0.0,0.0,0.0884074273000448,0.0,0.0,0.0,0.0,0.0,0.0,0.0,0.0,0.0,0.0884074273000448,0.0,0.0,0.0884074273000448,0.0,0.0,0.0,0.0,0.0,0.0,0.0,0.0,0.0,0.0,0.0,0.0,0.0,0.0,0.0,0.0,0.0,0.0,0.0,0.0,0.0,0.0,0.0,0.0,0.0,0.0,0.0,0.0,0.0,0.0,0.0,0.0,0.0,0.0,0.0,0.0,0.0,0.0,0.0,0.0,0.0,0.0,0.0,0.0,0.0,0.0,0.0,0.0,0.0,0.0,0.0,0.0,0.0,0.0,0.0,0.0,0.0,0.0,0.0,0.0,0.5417478114109633,0.0833023122247451,0.0,0.0,0.0,0.0,0.0,0.0,0.0,0.0,0.0,0.0,0.0,0.0,0.0,0.0,0.0,0.0,0.1053435120099661,0.0,0.0,0.0,0.0,0.0,0.0,0.0,0.0,0.0,0.0,0.0,0.0,0.0,0.0,0.0,0.0,0.12299200870744322,0.1376725227462016,0.0,0.0,0.0,0.0,0.0,0.0,0.0,0.0,0.15031296010094408,0.0,0.0,0.0,0.0,0.0,0.0,0.0789447424402184,0.0,0.0,0.0,0.0,0.0,0.0,0.0,0.0,0.0,0.0,0.03631627267209871,0.0,0.0,0.0,0.0,0.0,0.0,0.0,0.0,0.0,0.0,0.0,0.0,0.057567788869059215,0.0,0.0,0.0,0.0,0.0,0.0,0.0,0.0,0.0,0.0,0.0,0.048649179858012474,0.0,0.0,0.12299200870744322,0.0,0.0,0.0,0.0,0.0,0.0,0.0,0.0,0.0,0.0,0.0661536259833015,0.0,0.0,0.0,0.0,0.0,0.0,0.0,0.0,0.0,0.0,0.0,0.0,0.06149600435372161,0.0,0.0,0.05124757019168798,0.0,0.03235921599173198,0.059453467100297835,0.0,0.0,0.0,0.0,0.06371943953923885,0.0,0.0,0.0,0.0661536259833015,0.0,0.0,0.0,0.05124757019168798,0.0,0.0,0.0,0.0,0.0,0.055819331801116506,0.0,0.04745930780194161,0.0,0.09560255495487587,0.033936534632073585,0.0,0.0,0.048649179858012474,0.0,0.0,0.0,0.0,0.06149600435372161,0.0,0.0,0.0,0.16257555120395123,0.0,0.0,0.0,0.0,0.0,0.0,0.055819331801116506,0.0,0.0,0.0,0.0,0.0,0.0,0.05267175600498305,0.0,0.0,0.0,0.0,0.0,0.0,0.0,0.0,0.0,0.0,0.06371943953923885,0.0,0.135061069679792,0.0,0.049909511749093874,0.0,0.1669640023782561,0.0,0.059453467100297835,0.0,0.0,0.0,0.0,0.04425299329149,0.0,0.0,0.0,0.0,0.0,0.0,0.0,0.0,0.023717795805236076,0.048649179858012474,0.0,0.0,0.0,0.0,0.0,0.0,0.0,0.05124757019168798,0.0,0.0,0.0,0.0,0.0,0.0,0.08657792346436015,0.0,0.03908880165075291,0.0,0.0,0.0,0.0,0.0,0.0,0.0,0.0,0.0,0.04425299329149,0.0,0.12448248100001659,0.0,0.0,0.0,0.0,0.0,0.03449958343314088,0.03631627267209871,0.04633356916993625,0.0,0.0,0.0,0.07817760330150582,0.0,0.03727279384281167,0.0,0.0,0.03985594078946548,0.0,0.0,0.14609928053048982,0.0813137932346623,0.04425299329149,0.0,0.0,0.2791798093839485,0.0,0.06745417213646698,0.0,0.0813137932346623,0.0,0.0,0.06787306926414717,0.0,0.0,0.08794345590706408,0.0,0.059256972070859344,0.0,0.0,0.04496944809097799,0.038588877051369146,0.0,0.0,0.0,0.023208158530834362,0.0,0.0637350366365839,0.08000737608153102,0.0,0.02769717224853042,0.0,0.024527261298912768,0.07016612964714045,0.04796280464878005,0.0,0.0,0.0,0.04710903885052259,0.10413543657587429,0.06816865916523036,0.0,0.0,0.06322459906393528,0.0,0.0,0.0,0.025700270550767266,0.017933107953583466,0.02991325213312776,0.0,0.0,0.04037416303017664,0.018796570482966686,0.0360801612280849,0.04996327379774386,0.10813578287968871,0.06705871546256599,0.0501990744704402,0.0,0.03096430743612016,0.048139702722930146,0.0,0.036344345143684315,0.0,0.08937788864609182,0.01418704341988982,0.028743642950528954,0.03727279384281167,0.03395030727144839,0.09162134516255618,0.010248434162033637,0.019855504524815656,0.0,0.020222062914054494,0.009076347728279135,0.021181347148713656,0.0,0.0,0.022927522389458013,0.02235519134328835,0.05121304055944491,0.049449684026950165,0.008520078266674612,0.00911354869740726,0.02991696640268433,0.08444514845522662,0.012026808061814179,0.055620613069538714,0.026227947889173504,0.02300013625061964,0.05436352807099325,0.05079869341250599,0.07065772636759768,0.029408088528605093,0.032826820784320504,0.04123849804662943,0.028723478247711962
6,0.09638793061690899,0.0,0.0,0.0,0.0,0.0,0.0,0.0,0.0,0.0,0.0,0.0,0.0,0.0,0.0,0.0,0.0,0.0,0.0,0.0,0.0,0.0,0.0,0.0,0.0,0.0,0.0,0.0,0.0,0.0,0.0,0.25986927137130733,0.0,0.21966698055817777,0.060617800813902716,0.0,0.0,0.0,0.0,0.0,0.0,0.0,0.0,0.0,0.0,0.0,0.0,0.0,0.08049079231111886,0.05525314087775708,0.0,0.0,0.0,0.0,0.0,0.0,0.0,0.0,0.0,0.0,0.0,0.0,0.0,0.0,0.0,0.0,0.0,0.0,0.0,0.0,0.0,0.0,0.0,0.0,0.0,0.0,0.0,0.0,0.0,0.0,0.0,0.09013879391597088,0.0,0.0,0.0,0.09013879391597088,0.0,0.0,0.09013879391597088,0.0,0.0,0.0,0.09013879391597088,0.0,0.0,0.0,0.0,0.09013879391597088,0.0,0.0,0.0,0.0,0.0,0.0,0.0,0.0,0.0,0.0,0.0,0.0,0.0,0.0,0.0,0.0,0.0,0.0,0.0,0.0,0.0,0.0,0.0,0.0,0.07662834078099953,0.0,0.0,0.0,0.0,0.0,0.0,0.0,0.0,0.0,0.08049079231111886,0.0,0.16098158462223772,0.0,0.08049079231111886,0.0,0.0,0.16098158462223772,0.0,0.0,0.0,0.0,0.0,0.0,0.0,0.0,0.3249161019647146,0.08493370052344408,0.08493370052344408,0.0,0.0,0.0,0.0,0.0,0.0,0.0,0.0,0.0,0.0,0.0,0.0,0.0,0.0,0.0,0.053703277029112935,0.0,0.0,0.0,0.0,0.0,0.0,0.0,0.0,0.0,0.0,0.0,0.0,0.0,0.0,0.0,0.2547097384900338,0.0,0.0,0.07322232685272592,0.0,0.0,0.0,0.0,0.0,0.0,0.0,0.07662834078099953,0.0,0.0,0.0,0.0,0.0,0.0,0.0,0.08049079231111886,0.0,0.0,0.0,0.0,0.07018434725848757,0.0,0.0,0.0,0.0,0.0,0.0,0.0,0.0,0.0,0.0,0.0,0.0,0.0,0.0,0.0,0.13845875714469252,0.0,0.0,0.0,0.0,0.0,0.07662834078099953,0.0,0.0,0.0,0.0,0.0,0.0,0.0,0.0,0.0,0.0,0.0,0.0,0.0,0.0,0.0,0.0,0.0,0.0,0.0,0.0,0.0,0.0,0.0,0.0,0.0,0.0,0.0,0.0,0.0,0.0,0.0,0.0,0.0,0.0,0.0,0.0,0.0,0.05225120003238092,0.16575942263327126,0.19795762351471388,0.24247120325561086,0.0,0.0,0.0,0.0,0.0,0.0,0.15266081136135562,0.0,0.0,0.0,0.0,0.0,0.2612560001619046,0.0,0.0,0.0,0.0,0.0,0.056912494791548925,0.0,0.0,0.0,0.0,0.0,0.0,0.0,0.0,0.0,0.0,0.0,0.0,0.0,0.06270033901430984,0.0,0.0,0.0,0.0,0.0,0.0,0.0,0.0,0.0,0.0,0.0,0.0,0.0,0.0,0.0,0.05525314087775708,0.0,0.058695193554892874,0.0,0.0,0.0,0.0,0.17654692233811228,0.0,0.0,0.056912494791548925,0.0,0.0,0.0,0.059016899522089224,0.0,0.0,0.0,0.06809352680598442,0.0,0.0,0.0,0.0,0.0,0.0,0.045119641689476436,0.0,0.0,0.0,0.0,0.0,0.0,0.0,0.0,0.0,0.04960192295291648,0.0,0.0,0.0,0.0,0.0,0.07820866281646482,0.0,0.0,0.0,0.0,0.0,0.0,0.04413673058452807,0.0,0.0,0.0,0.0,0.04615291904823085,0.04063647753209696,0.0,0.047240963461427955,0.0,0.0,0.0,0.0,0.0,0.0,0.0,0.0,0.1367439799562384,0.0,0.045119641689476436,0.0,0.04063647753209696,0.0,0.0,0.0,0.03200619535007504,0.0,0.0,0.11956294433706566,0.0,0.0,0.015897138305790138,0.04320027393192712,0.0,0.04320027393192712,0.0,0.08937628890148304,0.0,0.0,0.0,0.0,0.1779045329680901,0.0,0.0,0.0,0.0,0.0,0.0,0.03460114602182456,0.0,0.027181852582749737,0.0,0.0,0.09062618645351518,0.0,0.028994045312060804,0.04585012750377321,0.059016899522089224,0.06598587450490462,0.0,0.030637835867878653,0.0,0.0,0.0,0.0,0.04320027393192712,0.0,0.0,0.0,0.03577012980300628,0.024451052903030034,0.0,0.13900734152501787,0.05575513474650122,0.01601053996709682,0.05308740986775458,0.0,0.04491820746377313,0.07335315870909011,0.05157022914920687,0.0,0.0,0.0,0.05240716671684285,0.0,0.0,0.05604939179068838,0.07837578229974881,0.020582424305571088,0.019164681575235664,0.01226225109780906,0.016980584014120795,0.0,0.0,0.025591085311794784,0.040052565501679516,0.07892677719436886,0.016360822747736502,0.0361563871667707,0.05558416646034133,0.0,0.0,0.0,0.0,0.07600548473076009,0.017307594191938572,0.0,0.09404225083736034,0.04048870745634917,0.0,0.01374539385233177,0.046270492331622726,0.010798080793713865,0.022453528069963632,0.044836150421298564,0.015584355890922727,0.011396497143875962,0.029837710956316724,0.050418104155292826,0.008686935051522938,0.0278760839320909,0.03050285877011626,0.04783273222292428,0.055180532100792754,0.006301098262479187,0.010696637881328033,0.06097148138576464,0.04013764807448845,0.03187294306024648,0.07204148373195247,0.05622002823245581,0.04781385656259021,0.04204611072114541,0.014642998701530298
7,0.0,0.0,0.0,0.0,0.0,0.0,0.0,0.0,0.0,0.0,0.0,0.0,0.0,0.0,0.0,0.0,0.0,0.0,0.0,0.0,0.0,0.0,0.0,0.0,0.0,0.0,0.0,0.0,0.0,0.0,0.0,0.0,0.0,0.0,0.0,0.0,0.0,0.0,0.0,0.37789665726429206,0.0,0.0,0.0,0.0,0.0,0.0,0.0,0.0,0.0,0.0,0.0,0.0,0.10259784645665539,0.0,0.0,0.0,0.0,0.0,0.0,0.0,0.0,0.0,0.0,0.0,0.0,0.0,0.39239470667472026,0.0,0.0,0.0,0.0,0.0,0.0,0.0,0.10888547279799922,0.0,0.0,0.0,0.0,0.0,0.0,0.0,0.0,0.0,0.10888547279799922,0.10888547279799922,0.0,0.0,0.0,0.0,0.0,0.0,0.0,0.0,0.0,0.0,0.0,0.0,0.0,0.0,0.0,0.0,0.0,0.0,0.0,0.0,0.0,0.0,0.0,0.0,0.0,0.0,0.0,0.0,0.0,0.0,0.0,0.0,0.0,0.0,0.0,0.18513034739389814,0.0,0.0,0.0,0.0,0.0,0.0,0.08845079163319113,0.17690158326638225,0.0,0.0,0.0,0.0,0.0,0.0,0.0,0.0,0.0,0.0,0.0,0.0,0.0,0.0,0.0,0.0,0.0,0.0,0.1177472268436103,0.10259784645665539,0.0,0.0,0.10259784645665539,0.0,0.0,0.0,0.0,0.0,0.0,0.0,0.0,0.0,0.10259784645665539,0.0,0.0,0.0,0.0,0.0,0.0,0.0,0.0,0.0,0.0,0.0,0.0,0.0,0.0,0.0,0.0,0.0,0.0,0.0,0.0439547392841381,0.0,0.0,0.0,0.0,0.0,0.0,0.0,0.0,0.0,0.0,0.0,0.09256517369694907,0.0,0.0,0.0,0.0,0.0,0.09723092129291154,0.0,0.07322483045146752,0.0,0.0,0.08478098610220425,0.0,0.0,0.0,0.0,0.0,0.0,0.0,0.0,0.0,0.0,0.08845079163319113,0.0,0.0,0.0,0.0,0.0,0.0,0.0,0.0,0.0,0.0,0.0,0.0,0.0,0.0,0.0,0.0,0.0,0.0,0.0,0.0,0.0,0.0,0.0,0.15148097198931618,0.0,0.0,0.0,0.0,0.0,0.0,0.0,0.0,0.0,0.08147696480350063,0.0,0.0,0.0,0.0,0.0,0.0,0.0,0.0,0.0,0.0,0.15148097198931618,0.0,0.0,0.07090236759937626,0.0,0.0,0.0,0.03985466651658268,0.07322483045146752,0.0,0.0,0.0,0.0,0.0,0.05845243240866898,0.0,0.0,0.0,0.0,0.0,0.0,0.0,0.0,0.0,0.0,0.0,0.0,0.0,0.0,0.0,0.0,0.0,0.0,0.0,0.0,0.0,0.0,0.0,0.0,0.0614701835567907,0.0,0.0,0.0,0.06674445160268636,0.0,0.0,0.17119780790696368,0.0,0.0,0.059917917666538686,0.0,0.06874891081045952,0.0,0.0,0.054503430813760766,0.1229403671135814,0.0,0.1334889032053727,0.0,0.0,0.0,0.0,0.07322483045146752,0.07322483045146752,0.0,0.0,0.0,0.06874891081045952,0.0,0.0,0.0,0.1901092815752625,0.0,0.0614701835567907,0.07090236759937626,0.04112766289986468,0.0,0.0,0.0,0.0,0.0,0.0,0.10900686162752153,0.0,0.0,0.0,0.0,0.0,0.0,0.0,0.10221112420606085,0.0,0.0,0.0,0.0,0.0,0.0,0.0,0.0,0.0,0.0,0.0,0.0,0.0,0.0,0.05331609808241229,0.0,0.0,0.0,0.0,0.0,0.0,0.0,0.0,0.0,0.0,0.0,0.04112766289986468,0.0,0.054503430813760766,0.03165329198483951,0.0,0.0,0.0,0.054503430813760766,0.0,0.0,0.0,0.0,0.05706593596898789,0.0,0.0,0.0,0.048143043846354365,0.0,0.022953194680707816,0.0,0.0,0.04908787744655716,0.05218488120071826,0.0,0.07197625684556865,0.050074360784789336,0.0,0.04908787744655716,0.0,0.06447130589476033,0.0,0.055385839927600065,0.0,0.10014872156957867,0.0,0.0,0.04179734363265579,0.04472830666977821,0.0,0.17330244878058232,0.0,0.03649141038012133,0.05907255555775961,0.03502410222033144,0.0,0.047527320393815624,0.03985466651658268,0.0,0.0,0.0,0.0,0.03924907561453677,0.12317461945813833,0.0,0.03411274128828008,0.0,0.0,0.043209447635576236,0.029536277778879804,0.03598812842278432,0.06296905907594492,0.03367542399917383,0.0,0.0,0.02098968635864831,0.08139015474554137,0.0,0.09344337558666241,0.0,0.0,0.030913409227400303,0.03165329198483951,0.011043500517419232,0.0921053439997491,0.0,0.07574083247287959,0.12431534217832782,0.0,0.0,0.0205121328835097,0.0,0.04955502152723066,0.0,0.024191262951048294,0.09534162903535928,0.11858085799853883,0.021838018572732393,0.0223814408209893,0.049269847783255334,0.022016144932908148,0.03494645139118677,0.0,0.0,0.0,0.022568767785890658,0.0,0.04890937478566962,0.037520589848203376,0.04981230533662625,0.011178726085067503,0.07826291531905272,0.0,0.036107320166841116,0.14119142427875989,0.013766691630118602,0.018021614909321224,0.030451922363447226,0.01049360646130184,0.04489817605106473,0.03684671221550738,0.03466846695221019,0.03703152331356106,0.03805786796394744,0.019381917969911303,0.028327718457042482,0.05079412756278322,0.03850174074676342,0.054390226147631254,0.040747456819853416,0.06930957229758418,0.0730116026246613,0.024763741276548883
8,0.0,0.11289256148262153,0.0,0.0,0.0,0.0,0.0,0.0,0.0,0.0,0.0,0.0,0.0,0.0,0.11289256148262153,0.0,0.0,0.0,0.0,0.11289256148262153,0.0,0.0,0.0,0.0,0.0,0.0,0.0,0.0,0.0,0.0,0.0,0.0,0.0,0.0,0.0,0.0,0.0,0.0,0.0,0.5496026039135132,0.0,0.0,0.1579971707579146,0.0,0.0,0.0,0.0,0.0,0.0,0.0,0.0,0.0,0.0,0.0,0.0,0.0,0.0,0.0,0.0,0.0,0.0,0.1989540173115288,0.0,0.0,0.0,0.0,0.07609175627063113,0.0,0.0,0.0,0.0,0.0,0.0,0.0,0.0,0.0,0.0,0.0,0.0,0.0,0.0,0.0,0.0,0.0,0.0,0.0,0.0,0.0,0.0,0.0,0.0,0.10557337696741623,0.10557337696741623,0.0,0.0,0.10557337696741623,0.0,0.0,0.0,0.0,0.0,0.0,0.0,0.0,0.0,0.0,0.0,0.0,0.07099746577736281,0.0,0.0,0.0,0.0,0.0,0.0,0.0,0.0,0.0,0.0,0.0,0.0,0.0,0.0,0.0,0.0,0.0,0.0,0.0,0.0,0.0,0.08576028122209577,0.0,0.0,0.0,0.0,0.0,0.0,0.0,0.0,0.0,0.0,0.0,0.0,0.0,0.0,0.0,0.07609175627063113,0.0,0.03805519091755511,0.0,0.0,0.0,0.0,0.0,0.0,0.0,0.0,0.0,0.0,0.0,0.0,0.0,0.0994770086557644,0.0,0.0,0.0,0.0,0.0,0.0,0.0,0.0,0.0,0.0,0.0,0.0,0.0,0.0,0.0,0.0,0.0,0.0,0.0,0.0,0.0,0.0,0.0,0.0,0.0,0.0,0.0,0.0,0.0,0.0,0.08974951135025915,0.0,0.0,0.0,0.0,0.0,0.0,0.0,0.0,0.0,0.0,0.0,0.0,0.0,0.0,0.0,0.0,0.0,0.0,0.0,0.0,0.0,0.07609175627063113,0.0,0.0,0.0,0.0,0.0,0.0,0.0,0.0,0.0,0.0,0.0,0.0,0.0,0.0,0.0,0.0,0.0,0.0,0.0,0.0,0.0,0.0,0.0,0.0,0.0,0.0,0.0,0.0,0.0,0.0,0.0,0.0,0.0,0.0,0.0,0.0,0.0,0.0,0.0,0.06289895908154118,0.0,0.0,0.0,0.0,0.0,0.0,0.0,0.0,0.0,0.0,0.0,0.0,0.0,0.0,0.0,0.0,0.0,0.0,0.0,0.0,0.0,0.0,0.0789985853789573,0.0789985853789573,0.0,0.0,0.0,0.0,0.0,0.0,0.0,0.0,0.13331539076028673,0.0,0.0,0.0,0.0,0.0,0.0,0.0,0.0,0.0,0.06119824104991749,0.0,0.0,0.0,0.07343659970548685,0.0,0.0,0.12942841627011523,0.0,0.0,0.0,0.0,0.0,0.0,0.0,0.0,0.0,0.0,0.0,0.0,0.06471420813505761,0.0,0.0,0.0,0.0,0.0,0.0,0.0,0.0,0.0,0.06665769538014336,0.0,0.07609175627063113,0.07609175627063113,0.34561220036413787,0.06471420813505761,0.11920074724635962,0.0,0.0,0.07099746577736281,0.0,0.0,0.06119824104991749,0.0,0.0,0.15853661005798708,0.0,0.0,0.04855119082177608,0.0,0.0,0.0,0.0,0.0,0.0,0.0,0.0,0.0,0.0,0.0,0.0,0.0,0.0,0.0,0.12579791816308236,0.0,0.0,0.0,0.10338864086540807,0.0,0.051694320432704034,0.0,0.0,0.16216723041694267,0.0,0.0,0.0,0.046678620992711625,0.0,0.0,0.039876635032584595,0.0,0.0,0.030690457056421584,0.0,0.0,0.0,0.0,0.05059751308812332,0.0,0.0,0.0,0.0,0.0,0.0,0.0,0.046678620992711625,0.0,0.0,0.0,0.0,0.0,0.05059751308812332,0.046678620992711625,0.10468030722644417,0.0,0.0,0.0,0.0,0.02083673577967022,0.0,0.05370110453743595,0.0,0.0,0.0,0.06702161584481703,0.0,0.08673550768196621,0.0,0.06301159012884736,0.0,0.035381408787931765,0.02863783852919354,0.03395873344382736,0.1074022090748719,0.023040813357609193,0.0,0.0,0.0,0.0,0.0,0.0,0.023885574813082004,0.0,0.0661501888704792,0.043367753840983105,0.02928968619684202,0.04189509570525871,0.0,0.03489343574214805,0.0,0.06530215906759018,0.01875204557289633,0.062177636184226275,0.04070243740375493,0.0,0.02863783852919354,0.04530049997679691,0.08139684078157727,0.0,0.029973080171740826,0.0,0.0,0.017860733765354485,0.0,0.07343693564447808,0.04821355923934457,0.04489254991117347,0.0,0.0,0.0,0.11211118078839552,0.0,0.07036622766712661,0.01848830240469415,0.09581153865083086,0.06352123863054607,0.0217006385530581,0.04777114962616401,0.021346454294074498,0.033883444610097166,0.0,0.04451000142375993,0.020271196081544703,0.06564680212860394,0.024476717311138752,0.04742164155421678,0.06063213751560824,0.024148553309199173,0.054193448982112806,0.07588230136884845,0.039447412376993084,0.0350090018925569,0.06388509904849475,0.05339173675654522,0.026210145791161116,0.029525630889465915,0.0712208717612294,0.010883114027024675,0.01190863433164104,0.04481855459534852,0.0646291664626702,0.0516603046581153,0.028188533506003893,0.049438874446663936,0.03581750081317151,0.023331617876269594,0.06591971937201807,0.04828754837168529,0.04480086838396376,0.04309000588193881,0.05145101530727732
9,0.0,0.0,0.0,0.09927171112845377,0.0,0.0,0.0,0.0,0.0,0.0,0.0,0.0,0.0,0.0,0.0,0.0,0.0,0.09927171112845377,0.0,0.0,0.0,0.0,0.0,0.0,0.0,0.0,0.0,0.0,0.06691104133479703,0.0,0.0,0.2676441653391881,0.0,0.0,0.0,0.0,0.0,0.0,0.0,0.24164564172612538,0.0,0.0,0.0,0.0,0.0,0.0,0.0,0.0,0.0,0.0,0.0,0.0,0.0,0.0,0.0,0.0,0.0,0.0,0.0,0.0,0.0,0.0,0.0,0.0,0.0,0.0,0.06691104133479703,0.0,0.0,0.0,0.0,0.0,0.0,0.0,0.09283560974722006,0.0,0.0,0.0,0.0,0.0,0.0,0.0,0.0,0.0,0.0,0.0,0.0,0.0,0.0,0.0,0.0,0.0,0.0,0.0,0.0,0.0,0.0,0.0,0.0,0.0,0.0,0.0,0.0,0.0,0.07228415634811246,0.0,0.0,0.0,0.0,0.0,0.0,0.0,0.0,0.0,0.0,0.0,0.0,0.0,0.0,0.0,0.0,0.0,0.0,0.0,0.0,0.0,0.0,0.0,0.0,0.0,0.0,0.0,0.0,0.08289895458558606,0.0,0.0,0.0,0.0,0.0,0.0,0.08289895458558606,0.0,0.0,0.08289895458558606,0.0,0.0,0.0,0.0,0.10039112949759502,0.0,0.0,0.0,0.0,0.0,0.0,0.0,0.0,0.0,0.0,0.0,0.0,0.0,0.0,0.0,0.0,0.0,0.0,0.0,0.0,0.0,0.0,0.0,0.0,0.0,0.07228415634811246,0.0,0.39834361662661993,0.0,0.0,0.0,0.0,0.0,0.0,0.0,0.0,0.0,0.0,0.0,0.0,0.0,0.0,0.07892094437111638,0.0,0.0,0.0,0.0,0.0,0.0,0.0,0.0,0.0,0.0,0.0,0.0,0.0,0.0,0.0,0.0,0.0,0.0,0.03155447339112678,0.0,0.06457623794231315,0.1106199950505046,0.0,0.0,0.0,0.0,0.0,0.0,0.0,0.0,0.0,0.06243139336144487,0.060451264612872986,0.0,0.0,0.0,0.07892094437111638,0.0,0.0,0.0,0.0,0.0,0.0,0.0,0.20434374865327523,0.0,0.0,0.0,0.0,0.0,0.0,0.0,0.0,0.0,0.069467152169309,0.0,0.0,0.0,0.0,0.0,0.0,0.0,0.07228415634811246,0.0,0.0,0.0754130276784039,0.0,0.0,0.0,0.0,0.0,0.0,0.0,0.0,0.0,0.11381246189331998,0.13592014333089456,0.0,0.0,0.0,0.0,0.0,0.0,0.0,0.0,0.0,0.0,0.0,0.0,0.0,0.0,0.0,0.0,0.0,0.0,0.0,0.1758456906290864,0.0,0.0,0.0,0.0,0.0,0.0,0.0,0.0,0.0,0.0,0.045457234538584704,0.0,0.06457623794231315,0.0,0.0,0.0,0.05690623094665999,0.0,0.0,0.0,0.0,0.10217187432663762,0.0,0.0,0.0553099975252523,0.1659299925757569,0.04646955285116674,0.1048187940067073,0.0,0.0,0.0,0.12090252922574597,0.0,0.0,0.06243139336144487,0.0,0.0,0.0,0.0553099975252523,0.1758456906290864,0.0,0.0,0.0,0.14182605624616917,0.0,0.0,0.0,0.10519617258411398,0.06243139336144487,0.06243139336144487,0.1614434297696072,0.0,0.0,0.0,0.09293910570233348,0.0,0.0,0.0,0.0,0.0,0.0,0.0,0.04357253449329221,0.0,0.0,0.0,0.028711621854820252,0.0,0.0,0.0,0.0,0.0,0.05381447658986907,0.0,0.0,0.04865434134914418,0.0,0.045457234538584704,0.0,0.0,0.0,0.0,0.04753374429938365,0.0,0.04357253449329221,0.04865434134914418,0.12314008606607024,0.045457234538584704,0.0,0.0,0.0,0.04646955285116674,0.08096266434102396,0.13071760347987663,0.01408351521802398,0.04753374429938365,0.09293910570233348,0.0,0.04185225923022931,0.0,0.0,0.04865434134914418,0.0,0.0,0.0,0.0,0.037475752438465126,0.01956986335342719,0.0,0.04449276052501965,0.0,0.04449276052501965,0.041046695355356745,0.030683430580207154,0.0,0.04646955285116674,0.0,0.0,0.054968149929818716,0.0,0.09444378738345635,0.0,0.0,0.0,0.0,0.0,0.0,0.0,0.0,0.0,0.031112528109781497,0.05036518255015481,0.0,0.11805473422932043,0.0,0.0,0.03813529496586628,0.03155447339112678,0.0,0.0,0.03346370983253168,0.042007406898041916,0.04449276052501965,0.058168955991434006,0.07627058993173257,0.025755791426732375,0.11052095330102674,0.0,0.030683430580207154,0.08947889380629243,0.057423243709640505,0.04946865302901453,0.0683446306920849,0.16106200885132635,0.023131046009661906,0.025182591275077406,0.09294798116096027,0.0,0.0,0.05271346344457036,0.08096266434102396,0.0,0.0,0.0,0.06457653334918545,0.08479287673917457,0.0,0.0,0.034977234602991354,0.0,0.02816703043604796,0.0,0.04125087743857727,0.09754577581394472,0.03370062743835298,0.03723813136453554,0.019082386770662423,0.0,0.0375418719615874,0.029795298124122432,0.0,0.03913972670685438,0.017825411127243566,0.03848420298515848,0.021523522704888186,0.010425017024553854,0.02132667010652144,0.02123495274442788,0.0381238681574964,0.055605714866712806,0.02312530353240131,0.04617757995474835,0.008025308076565854,0.046949852127840336,0.007682602489315592,0.03894490295087707,0.017893669912966113,0.07656025075027671,0.07330273529500246,0.03941105194667034,0.050516844289200814,0.0064896175537884505,0.005508332521533519,0.06279565551892566,0.03149600423067443,0.04103316639385581,0.03941707949747474,0.06562231891641397,0.024622187270955408,0.0405975623471787,0.033178408969543674
10,0.0,0.0,0.0,0.0,0.0,0.0,0.0,0.0,0.0,0.0,0.0,0.0,0.0,0.0,0.0,0.11984462949781823,0.0,0.0,0.0,0.0,0.0,0.0,0.0,0.0,0.0,0.0,0.0,0.0,0.0,0.0,0.0,0.0,0.0,0.0,0.0,0.0,0.0,0.0,0.0,0.0486206528077218,0.0,0.0,0.0,0.0,0.0,0.0,0.0,0.0,0.0,0.0,0.0,0.0,0.0,0.10560292980628808,0.0,0.0,0.0,0.0,0.0,0.0,0.0,0.0,0.0,0.0,0.10560292980628808,0.0,0.16155516746771426,0.0,0.0,0.0,0.0,0.0,0.0,0.0,0.0,0.0,0.0,0.0,0.0,0.0,0.0,0.0,0.0,0.0,0.0,0.0,0.0,0.0,0.0,0.0,0.0,0.0,0.0,0.1120747202590596,0.0,0.0,0.0,0.0,0.0,0.0,0.0,0.0,0.0,0.0,0.0,0.0,0.0,0.0,0.0,0.0,0.0,0.0,0.0,0.0,0.0,0.0,0.0,0.0,0.0,0.0,0.0,0.0,0.0,0.0,0.0,0.0,0.0,0.0,0.0,0.0,0.09104150879128496,0.0,0.0,0.0,0.0,0.0,0.0,0.0,0.10007880780064847,0.0,0.0,0.0,0.10007880780064847,0.0,0.0,0.0,0.0,0.0,0.040398678142183855,0.0,0.0,0.0,0.0,0.0,0.0,0.0,0.0,0.10560292980628808,0.0,0.0,0.0,0.0,0.0,0.0,0.0,0.0,0.0,0.0,0.0,0.0,0.0,0.0,0.0,0.0,0.0,0.0,0.0,0.0,0.0,0.0,0.0,0.0,0.0,0.15591783847757704,0.0,0.0,0.0,0.0,0.0,0.0,0.0,0.0,0.0,0.0,0.09527640080199436,0.0,0.0,0.09527640080199436,0.0,0.0,0.0,0.0,0.0,0.0,0.0,0.0,0.0,0.0,0.0,0.0,0.49521906779309804,0.046038395470593345,0.0,0.0,0.0,0.0,0.0,0.0,0.0,0.09104150879128496,0.0,0.0,0.0,0.0,0.0,0.0,0.0,0.0,0.0,0.0,0.0,0.0,0.0,0.0,0.0,0.0,0.0,0.0,0.0,0.0,0.0,0.0,0.07536958033042668,0.0,0.0,0.0,0.0,0.0,0.0,0.0,0.0,0.0,0.0,0.0,0.08726421492717583,0.0,0.0,0.0,0.0,0.0,0.0,0.0,0.0,0.0,0.0,0.0,0.0,0.0,0.0,0.0,0.0,0.0,0.0,0.0,0.0,0.0,0.0,0.0,0.0,0.0,0.0,0.0,0.06496690683800772,0.0,0.0,0.0,0.0,0.0,0.0,0.0,0.0,0.0,0.08079735628436771,0.04302158474245758,0.0,0.0,0.0,0.0,0.0,0.109755445319621,0.0,0.0,0.0,0.0,0.0,0.20609817499050806,0.0,0.0,0.08077758373385713,0.0,0.0,0.0,0.0,0.0,0.0,0.0,0.12654128139170745,0.0,0.0,0.06677235725655967,0.0,0.0,0.0,0.07536958033042668,0.07536958033042668,0.0548777226598105,0.07795891923878852,0.0,0.0,0.0,0.0,0.08077758373385713,0.12229848025000864,0.0,0.0,0.0,0.0,0.0,0.0,0.06496690683800772,0.0,0.0,0.0,0.0,0.0,0.0,0.0,0.0,0.0,0.0,0.0,0.0,0.0,0.0,0.0,0.0693235493648328,0.0,0.0,0.0,0.0486206528077218,0.0,0.06496690683800772,0.06677235725655967,0.0,0.0,0.0,0.0,0.0,0.0,0.0,0.0,0.0,0.0,0.05260244024475943,0.0,0.0,0.0,0.0,0.0,0.0,0.0,0.1303216582825696,0.05260244024475943,0.0,0.0,0.0,0.0,0.0,0.0,0.18415358188237338,0.0,0.0,0.0,0.05052565775362997,0.14865945014105547,0.0,0.0,0.0,0.0,0.10105131550725995,0.10742674503830094,0.0,0.07408443609577232,0.0,0.056099832279219254,0.0,0.0,0.02211988856185994,0.0,0.11401617418173882,0.0,0.0,0.0,0.03557444624242873,0.0,0.0,0.0,0.0,0.0,0.03756024109660469,0.0,0.1081498667673641,0.17102426127260822,0.09783878420000691,0.0,0.0,0.038093774445622924,0.0,0.0,0.040398678142183855,0.1521388739641746,0.0,0.0,0.0,0.0621867649075931,0.0,0.03040139317485389,0.0,0.02160447272277569,0.10398532404724921,0.03981364094313536,0.11551157515561998,0.1944402545049812,0.0558493775802431,0.03040139317485389,0.06412021677348963,0.0,0.026226130229781,0.0,0.0325804145706424,0.0,0.0,0.0464596106569296,0.03897963793266578,0.1023652234996871,0.023828545214403273,0.0,0.08445172696640021,0.022847416004057416,0.034004322966629974,0.0,0.07469946977174467,0.019626835662465474,0.0,0.1123882626239606,0.09214796628235479,0.10142591597611642,0.022660996192909334,0.017985015186461353,0.03643851926573584,0.0,0.04303904441470798,0.0464596106569296,0.012992012400780809,0.050341926762980896,0.06436594192556624,0.06836173877750239,0.057530750734803904,0.02685174344396864,0.027917756250610822,0.037164900909328454,0.029065382134816745,0.04250975103540067,0.00927473333989044,0.04701578538257485,0.021601926839971884,0.05776655039189892,0.037925949696523194,0.0475785383869966,0.0533626434571963,0.07051064419338426,0.023274548402708428,0.06997784457525041,0.03802318822532101,0.04953681736412083,0.06438080863529104,0.06524147283485036,0.04458727784638381,0.06861531515663302,0.032771660696545156
11,0.0,0.0,0.0,0.0,0.0,0.0,0.0,0.10133230306297401,0.0,0.0,0.0,0.10133230306297401,0.10133230306297401,0.0,0.0,0.0,0.0,0.0,0.0,0.0,0.0,0.0,0.0,0.10133230306297401,0.0,0.0,0.0,0.0,0.1365998398078069,0.0,0.0,0.0,0.2309351482533521,0.0,0.1274545749404816,0.0,0.0,0.0,0.0,0.0,0.0,0.0,0.0,0.0,0.0,0.0,0.0,0.0,0.0,0.0,0.0,0.0,0.0,0.0,0.0,0.08929050999038357,0.0,0.17858101998076714,0.08929050999038357,0.0,0.0,0.0,0.0,0.0,0.0,0.0,0.0,0.0,0.0,0.0,0.0,0.09476260694014504,0.0,0.0,0.0,0.0,0.0,0.0,0.0,0.0,0.0,0.0,0.0,0.0,0.0,0.0,0.0,0.0,0.0,0.0,0.0,0.0,0.0,0.0,0.0,0.0,0.0,0.0,0.14756913030823904,0.0,0.19774995835530496,0.0,0.06829991990390345,0.0709090881634307,0.0,0.0,0.0,0.0,0.0,0.0,0.0,0.0,0.0,0.0,0.0,0.0,0.07378456515411952,0.0,0.0,0.0,0.0,0.0,0.0,0.0,0.0,0.0,0.0,0.0,0.0,0.15395676550223472,0.0,0.0,0.0,0.16923939144759192,0.0,0.0,0.0,0.0,0.0,0.0,0.0,0.08461969572379596,0.0,0.08461969572379596,0.0,0.0,0.0,0.0,0.0,0.0,0.0,0.0,0.0,0.0,0.08929050999038357,0.0,0.0,0.0,0.0,0.0,0.0,0.0,0.0,0.0,0.08929050999038357,0.0,0.0564580721731386,0.18560317795703946,0.0,0.0,0.0,0.0,0.0,0.0,0.0,0.0,0.0,0.0,0.0,0.0,0.0,0.0,0.0,0.0,0.0,0.0,0.1816652032035883,0.0,0.0564580721731386,0.0,0.0,0.0,0.0,0.0,0.0,0.0,0.08055911358959006,0.0,0.0,0.0,0.0,0.0,0.0,0.0709090881634307,0.0,0.0,0.0,0.0,0.0,0.0,0.0,0.0,0.0,0.1129161443462772,0.0,0.1365998398078069,0.0,0.0,0.0,0.0,0.0,0.0,0.2426020327598881,0.0,0.0,0.0,0.0,0.0,0.0,0.0,0.06170605700918469,0.0,0.0,0.0,0.0,0.1129161443462772,0.0,0.0,0.0,0.13183330557020329,0.0,0.0,0.0,0.1274545749404816,0.0,0.0,0.0709090881634307,0.0,0.0709090881634307,0.0,0.0,0.0,0.0,0.0,0.0,0.0,0.0,0.0,0.0,0.0,0.0,0.0,0.0,0.0,0.06170605700918469,0.0,0.0,0.0,0.0,0.0,0.0,0.06591665278510164,0.0564580721731386,0.19865705574637693,0.0,0.0,0.0,0.0,0.0,0.0,0.0,0.0,0.0,0.0,0.0,0.0,0.0,0.05983191187295257,0.0,0.0,0.0,0.0,0.0,0.0,0.0,0.0,0.10429266521237003,0.0,0.0,0.0,0.0,0.0,0.0,0.0,0.0,0.0,0.0,0.0,0.0,0.0,0.0,0.0,0.05983191187295257,0.0564580721731386,0.1129161443462772,0.0,0.05349726362245966,0.0,0.0,0.0,0.0,0.06170605700918469,0.03697959056514488,0.0,0.0,0.0,0.0,0.0,0.0,0.0,0.0,0.0,0.0,0.0,0.0,0.0,0.0,0.0,0.0,0.0,0.0,0.0,0.0,0.0,0.0,0.14312111266028607,0.0,0.05644916941049378,0.0,0.0,0.0,0.0,0.0,0.10429266521237003,0.0,0.0,0.09946077747287509,0.0,0.0,0.0,0.0,0.054931508573714156,0.0,0.046400794489259864,0.0,0.05808743875681754,0.046400794489259864,0.0,0.0,0.0,0.0,0.0,0.0,0.0,0.0,0.0,0.0,0.0,0.0,0.09063266992369765,0.04743412558510474,0.0,0.0889539471075086,0.043127544071991895,0.0,0.04743412558510474,0.0,0.0,0.03697959056514488,0.11678061825317283,0.0,0.0,0.0,0.0,0.0,0.0,0.03995215357302486,0.03342521467835614,0.0,0.1708839615225359,0.0,0.0,0.06264065867751714,0.04357952302444516,0.0,0.0,0.0,0.11221825763216582,0.0,0.0723031242493544,0.04745150874423441,0.0,0.0,0.0,0.07275213385263117,0.03892687275105761,0.02857618901141846,0.0,0.07395918113028976,0.0,0.0,0.06096268210717116,0.04820208283290293,0.020681421798814322,0.06937072505251375,0.03892687275105761,0.0,0.0,0.0,0.0,0.10719839615673676,0.0,0.0,0.0,0.0,0.0,0.051410617223978446,0.0,0.0,0.0,0.01683182611934926,0.13952653281166935,0.0,0.0,0.0,0.0,0.07306176093557,0.03326249396091929,0.026903820799222506,0.02754773790885451,0.0768889271917432,0.0,0.019641511542915966,0.0,0.0,0.020147764445795625,0.05156505120608929,0.08925815060518207,0.01931818966298475,0.0,0.026903820799222506,0.0631606884786748,0.01659509039203417,0.017200077213219044,0.05701662996491447,0.019478481607993703,0.021439679231347354,0.019160566005759924,0.0,0.015404941768662157,0.01997607678651243,0.08187936663082275,0.03928302308583193,0.0109851442113875,0.021282820101727176,0.0,0.12282912867330173,0.009728802188846843,0.011351985549268985,0.09442127024228932,0.0,0.024575670378120862,0.05990549309692143,0.101946922580799,0.0,0.03653018089278792,0.009768677354576039,0.021378367667665134,0.01005727768387872,0.019337035132324574,0.11923781643798428,0.05060402532492621,0.049307008192650936,0.038177851464569944,0.020942447779888497,0.04260204360078288,0.06304418574785924,0.02261994502589728,0.03315219971223535,0.04310357700903822
12,0.0,0.0,0.09606669522273298,0.09606669522273298,0.0,0.0,0.0,0.0,0.09606669522273298,0.0,0.0,0.09606669522273298,0.09606669522273298,0.0,0.0,0.0,0.0,0.0,0.0,0.0,0.0,0.0,0.0,0.0,0.0,0.0,0.0,0.0,0.0,0.0,0.0,0.0,0.07297829626841443,0.0,0.0,0.0,0.0,0.0,0.0,0.0,0.0,0.0,0.0,0.0,0.0,0.0,0.0,0.0,0.0,0.0,0.0,0.0,0.0,0.0,0.0,0.0,0.0,0.08465063903854807,0.0,0.16930127807709613,0.0,0.0,0.0,0.0,0.0,0.0,0.0,0.0,0.0,0.0,0.0,0.0,0.0,0.08983838523607887,0.0,0.0,0.08983838523607887,0.0,0.0,0.08983838523607887,0.0,0.0,0.0,0.0,0.0,0.0,0.0,0.0,0.08983838523607887,0.0,0.0,0.0,0.0,0.0,0.0,0.0,0.0,0.0,0.0,0.0,0.06249137542323241,0.0,0.0,0.13444877013966236,0.06995044145397172,0.0,0.0,0.0,0.0,0.0,0.0,0.0,0.0,0.35099746830469125,0.06249137542323241,0.0,0.06995044145397172,0.0,0.0,0.0,0.0,0.0,0.0,0.07637295885612273,0.0,0.0,0.0,0.0,0.0,0.0,0.0,0.0,0.0,0.0,0.0,0.0,0.0,0.0,0.0,0.0,0.0,0.0,0.0,0.0,0.0,0.08022253786027514,0.0,0.0,0.06476664856404123,0.0,0.0,0.0,0.0,0.0,0.0,0.0,0.0,0.0,0.0,0.0,0.0,0.0,0.08465063903854807,0.0,0.0,0.0,0.0,0.13196890372230635,0.0,0.0,0.0,0.0,0.0,0.0,0.06995044145397172,0.0,0.0,0.0,0.0,0.0,0.0,0.06576596109592317,0.0,0.0,0.0,0.0,0.08611259776603153,0.0,0.1605728947742161,0.0,0.0,0.0,0.0,0.0,0.0,0.0,0.0,0.0,0.06475079901290459,0.0,0.0,0.08022253786027514,0.0,0.20167315520949355,0.0,0.0,0.0,0.0,0.0,0.0,0.0,0.0,0.12498275084646482,0.0,0.0,0.12950159802580918,0.0,0.14595659253682886,0.0,0.0,0.0,0.0,0.0459991036166935,0.0,0.0,0.0,0.0,0.0,0.0,0.0,0.0,0.0,0.0,0.04943661290663074,0.0,0.0,0.0,0.0,0.0,0.0,0.0,0.0,0.0,0.0,0.12083155554000362,0.0,0.13444877013966236,0.0,0.13444877013966236,0.0,0.0,0.0,0.0,0.0,0.0,0.0,0.0,0.0,0.07297829626841443,0.0,0.0,0.0,0.0,0.0,0.0,0.0,0.0,0.0,0.0,0.0,0.0,0.0,0.0,0.1883340874663878,0.0,0.04822748164447845,0.0,0.0,0.0,0.0,0.0,0.0,0.0,0.0,0.0,0.05352429825807203,0.0,0.0,0.0,0.0,0.0,0.0,0.03238332428202061,0.0,0.0,0.0,0.09887322581326148,0.0,0.0,0.0,0.10143468892590268,0.0,0.0,0.0,0.0,0.0550689968217977,0.0,0.0,0.0,0.0,0.0,0.0,0.0,0.0,0.10704859651614405,0.0,0.10143468892590268,0.24300628161737275,0.0,0.0,0.0,0.0,0.21034795118051247,0.0,0.0,0.0,0.0,0.0,0.0,0.091998207233387,0.0,0.0,0.0,0.0550689968217977,0.05071734446295134,0.0,0.0,0.06041577777000181,0.0,0.0,0.0,0.0,0.0,0.0,0.0,0.13568400099748612,0.04131496699270398,0.13378964529120144,0.0,0.0,0.0,0.0,0.0,0.0,0.0964549632889569,0.055569317678191975,0.12572322819459697,0.0,0.04708352186659695,0.0,0.0,0.052077060648630866,0.0,0.04398963457410211,0.0,0.0550689968217977,0.0,0.0,0.0,0.0,0.0,0.0,0.0,0.0,0.0,0.0,0.04398963457410211,0.0,0.0,0.06873844423231158,0.0,0.0,0.0,0.04088647456768296,0.0,0.0,0.0,0.0,0.03505799186341874,0.0,0.0,0.0,0.0,0.040501046936228795,0.07944298184809266,0.0,0.0,0.01584415736245785,0.0,0.040501046936228795,0.0,0.0,0.0,0.0,0.0,0.040501046936228795,0.0,0.14184929949634176,0.0,0.02284866059805071,0.07497624960322019,0.0,0.0,0.0,0.13794331833711054,0.03690408593818264,0.05418252536273852,0.0,0.0,0.03010805114121181,0.04873912806461356,0.028897415853217093,0.02284866059805071,0.0,0.032882980547961585,0.0,0.0,0.0,0.0,0.03238332428202061,0.0,0.0,0.0,0.0,0.024924258251281303,0.0,0.02436956403230678,0.0,0.034636016736061155,0.055569317678191975,0.0,0.15873145085558743,0.0,0.02238425349914501,0.02436956403230678,0.0,0.023088398954318558,0.010511349862790231,0.1275289850779238,0.026116253768761265,0.0,0.0,0.0,0.031245830646404196,0.0,0.0,0.024442768537893986,0.0,0.05494303146713972,0.01362882485589432,0.02550579701558476,0.019959540464827678,0.015732747038172974,0.032612592934415305,0.018017943761601853,0.018466306394653274,0.02032559280835668,0.0,0.028833348306616626,0.014604443016501026,0.0,0.017249912573431964,0.037241729361158785,0.031242944323804655,0.05044221167366195,0.020638132393909474,0.1095966728180167,0.02766977103571943,0.03228628096778064,0.02237869641942365,0.0893734468603249,0.02329862605256367,0.034075546929588856,0.022303702337823885,0.02512503699682523,0.04328991901128815,0.009261060113950666,0.0,0.009534663683969906,0.02444294668027499,0.07536118048919584,0.06663118016155009,0.0420703474281053,0.024764306632512306,0.011912519624694112,0.040388281078725496,0.044826129438021736,0.02382725283354115,0.04190598219193404,0.026269555450835907
13,0.0,0.0,0.0,0.0,0.0,0.0,0.0,0.0,0.0,0.0,0.0,0.0,0.0,0.0,0.09420937438508561,0.0,0.0,0.0,0.0,0.0,0.0,0.0,0.09420937438508561,0.0,0.0,0.26369876661905706,0.05400431155216997,0.0,0.0,0.0,0.0,0.0,0.07156735868967222,0.0,0.0,0.0,0.0,0.22468917007370692,0.0,0.0,0.0,0.0,0.0,0.0,0.0,0.0,0.0,0.0,0.0,0.27002155776084985,0.0,0.0,0.0,0.0,0.0,0.0,0.0,0.0,0.0,0.08301403235147578,0.0,0.0,0.0,0.0,0.0,0.0,0.0,0.0,0.0,0.0,0.0,0.0,0.0,0.0,0.0,0.0,0.0,0.0,0.0,0.08810148042705329,0.0,0.0,0.0,0.0,0.0,0.0,0.0,0.0,0.0,0.08810148042705329,0.0,0.0,0.0,0.0,0.0,0.0,0.0,0.0,0.0,0.12256637681636603,0.06128318840818302,0.0,0.0,0.0,0.0,0.0,0.07489639002456898,0.0,0.0,0.0,0.0,0.0,0.0,0.0,0.0,0.0,0.0,0.0,0.0,0.0,0.0,0.0,0.0,0.0,0.0,0.0,0.0,0.0,0.0,0.0,0.0,0.0,0.0786715425765154,0.0,0.0,0.0,0.0,0.0,0.0,0.0,0.0,0.0,0.0,0.0,0.0,0.0,0.2539957162801054,0.11125232162761435,0.0,0.0,0.0,0.0,0.0,0.08301403235147578,0.0,0.0,0.0,0.0,0.0,0.0,0.06349892907002636,0.08301403235147578,0.0,0.0,0.0,0.0,0.0,0.0,0.0,0.0,0.0,0.0,0.0,0.0,0.0,0.2057941301736316,0.0,0.0,0.0,0.0,0.0,0.0,0.0,0.0,0.0,0.0,0.04222386303288074,0.0,0.0,0.0,0.0,0.14979278004913796,0.0,0.0,0.0,0.0,0.0,0.0,0.0,0.0,0.0,0.0,0.0,0.0,0.0,0.0,0.0,0.0,0.0,0.0,0.0,0.0,0.0,0.0,0.0,0.0,0.07156735868967222,0.07156735868967222,0.0,0.0,0.0,0.0,0.04510977257993511,0.0,0.0,0.0,0.0,0.0,0.0,0.0,0.0,0.0,0.0,0.0,0.0,0.2624473883275862,0.0,0.0,0.0,0.0,0.06128318840818302,0.0,0.0,0.059247719654598435,0.0,0.0,0.0,0.0,0.0,0.0,0.0,0.0,0.0,0.0,0.0,0.0,0.0,0.0,0.0,0.0,0.0,0.0,0.0,0.06128318840818302,0.057368567089538934,0.0,0.0,0.0,0.0,0.0,0.0,0.0,0.10497895533103448,0.0,0.0,0.14188520371270225,0.0,0.0,0.0,0.0,0.13184938330952853,0.0,0.0,0.0,0.05400431155216997,0.0,0.0,0.0,0.0,0.0,0.0,0.0,0.0,0.0,0.0,0.0,0.0,0.0,0.0,0.0,0.0,0.0,0.0,0.0,0.0,0.0,0.0,0.0,0.0,0.0,0.0,0.04510977257993511,0.055626160813807175,0.0,0.0,0.08819969863112963,0.0,0.03971801345884327,0.0,0.0,0.0,0.0,0.034380192563015714,0.0,0.0,0.08627830785781025,0.06128318840818302,0.0,0.0,0.0,0.0,0.0,0.0,0.0,0.0,0.0,0.06655447958066733,0.0,0.059247719654598435,0.0,0.0,0.0,0.0,0.0,0.04222386303288074,0.13306073263373416,0.0,0.0,0.0,0.0,0.0,0.0,0.0,0.0,0.09459013580846815,0.3269697562509496,0.0,0.0,0.046173225055929086,0.0,0.0,0.0,0.05248947766551724,0.12941746178671537,0.0,0.0,0.0,0.0,0.0,0.0,0.0,0.0,0.07943602691768654,0.1654022548145256,0.09234645011185817,0.07790705823534423,0.0,0.0,0.0,0.16852369627985683,0.0,0.0,0.0,0.013365329787818857,0.04510977257993511,0.044099849315564814,0.04222386303288074,0.0,0.06876038512603143,0.0,0.0,0.0,0.0,0.07943602691768654,0.038953529117672116,0.0,0.0,0.0,0.0,0.0,0.0,0.038953529117672116,0.0,0.0,0.0,0.0,0.0,0.139106833346659,0.0,0.0,0.029410673709478943,0.0,0.0,0.0,0.033819092274933016,0.03619059488232402,0.0,0.035055645870060076,0.0,0.02952595231251918,0.0,0.028338723035754163,0.0,0.0,0.032247232177164825,0.0,0.0,0.0,0.06876038512603143,0.0635144721913277,0.0,0.08444772606576148,0.0,0.0,0.0,0.0,0.0,0.0,0.016983187879682157,0.0,0.0,0.1297188257740335,0.0,0.08780593579667942,0.0,0.0,0.04528403139082682,0.04123250798709223,0.0,0.0,0.0,0.05961946587071265,0.054782565633160175,0.015320867187713442,0.0,0.05619456657913552,0.0,0.0,0.03592052104591349,0.013365329787818857,0.0,0.019573649492631337,0.015428575453632834,0.01599103607292448,0.017669590960223688,0.03621857020500301,0.039865249409103236,0.035627433339691886,0.028275894149326634,0.0,0.05571570880678258,0.016916408626034295,0.036521710422106786,0.010212967952002527,0.019786791638279334,0.0,0.08732568649320568,0.02713481308594901,0.042216091978508945,0.010973017154069639,0.029215177003949717,0.03808029722397615,0.011138913961885821,0.014581660091084532,0.0,0.00849059328579755,0.0090820099250328,0.0596268687022763,0.0187006474732242,0.04794075011194502,0.03079340543197517,0.049660646232122414,0.03208875726647797,0.020549287798858798,0.035046621056042615,0.0462086657411237,0.04395947628540434,0.02803990178979712,0.05650670598894059,0.06583537580516981
14,0.0,0.0,0.0,0.0,0.0,0.11102723828018746,0.0,0.0,0.0,0.0,0.0,0.0,0.0,0.0,0.0,0.0,0.0,0.0,0.0,0.0,0.0,0.0,0.0,0.0,0.0,0.07769329216626392,0.0,0.0,0.22450347774023588,0.0,0.1909959189998887,0.0,0.0,0.0,0.0,0.0,0.0,0.17653316128803667,0.0,0.0,0.0,0.0,0.07769329216626392,0.0,0.0,0.0,0.18543131531283122,0.0,0.0,0.0,0.0,0.0,0.0,0.0,0.0,0.0,0.0,0.0,0.0,0.0,0.0,0.0,0.0,0.0,0.0,0.0,0.0,0.0,0.0,0.0,0.0,0.0,0.0,0.0,0.0,0.0,0.0,0.0,0.0,0.0,0.0,0.0,0.0,0.10382898861241416,0.0,0.0,0.0,0.0,0.10382898861241416,0.0,0.0,0.0,0.0,0.0,0.0,0.0,0.0,0.0,0.0,0.0,0.0,0.0,0.0,0.0,0.0,0.0,0.0,0.07769329216626392,0.0,0.0,0.0,0.0,0.0,0.0,0.0,0.0,0.16168775897011597,0.0,0.0,0.0,0.0,0.0,0.0,0.0,0.0,0.0,0.0,0.0,0.0,0.0,0.0,0.0,0.0,0.09271565765641561,0.0,0.0,0.0,0.0,0.0,0.0,0.0,0.0,0.0,0.0,0.09271565765641561,0.0,0.0,0.0,0.0,0.0,0.0,0.0,0.0,0.0,0.0,0.0,0.0,0.0,0.0,0.0,0.0,0.0,0.0,0.0,0.0,0.0,0.0,0.0,0.0,0.0,0.0,0.0,0.0,0.0,0.0,0.08084387948505799,0.0,0.0,0.0,0.0,0.0,0.0,0.0,0.0,0.0,0.0,0.0,0.0,0.0,0.0,0.0,0.08826658064401834,0.0,0.0,0.0,0.0,0.0,0.0,0.0,0.0,0.0,0.0,0.0,0.0,0.0,0.0,0.08084387948505799,0.0,0.0,0.0,0.0,0.0,0.0,0.0,0.0,0.0,0.0,0.0,0.0,0.08434326454438074,0.0,0.0,0.0,0.0,0.06760976399235613,0.0,0.0,0.0,0.08826658064401834,0.0,0.0,0.0,0.0,0.0,0.0,0.12371935981977095,0.0,0.0,0.0,0.0,0.0,0.0,0.0698243750219642,0.0,0.0,0.0,0.0,0.0,0.0,0.0,0.0,0.0,0.0,0.0,0.0,0.0,0.08434326454438074,0.0,0.0,0.0,0.0,0.0,0.0,0.07222320715296165,0.13521952798471226,0.0,0.0,0.06364493561279269,0.07600774666384817,0.0,0.0,0.0,0.0,0.0,0.0,0.2786899291049926,0.0,0.0,0.0,0.0,0.0,0.07769329216626392,0.0,0.0,0.12728987122558538,0.0,0.0,0.0,0.13111262125660242,0.0,0.0,0.0,0.0,0.0,0.0,0.0,0.05713541605885308,0.09952298128844832,0.0,0.0,0.058615596961785955,0.07222320715296165,0.0,0.0,0.0,0.0,0.0,0.0544158762746326,0.0,0.06185967990988547,0.05713541605885308,0.0,0.0,0.0,0.0,0.0,0.0,0.04680830727402433,0.0,0.0,0.0,0.13521952798471226,0.0,0.0,0.0,0.0,0.0,0.06185967990988547,0.0,0.0,0.0,0.0,0.0,0.0,0.0,0.0,0.0,0.1396487500439284,0.0,0.0,0.0,0.0,0.0,0.0,0.14928447193267247,0.20908557156920193,0.0,0.06184992537831321,0.09008692049433001,0.0,0.0,0.0,0.0,0.0,0.0,0.03211158591757234,0.2542788618684815,0.0,0.0544158762746326,0.09008692049433001,0.0,0.06018706283339579,0.06185967990988547,0.0,0.0,0.0,0.0,0.0,0.0,0.0,0.0,0.0,0.0,0.0,0.0,0.0,0.050840175446791674,0.0,0.0,0.09930392121191986,0.10394474031991263,0.03018335879512948,0.048732293567485645,0.04725375785789228,0.05316258070587941,0.0,0.0,0.04680830727402433,0.0,0.0,0.0,0.0,0.0,0.0,0.0,0.0,0.02188728145161279,0.03662316124754372,0.0,0.04680830727402433,0.04976149064422416,0.0,0.0,0.0,0.0,0.0,0.08530237734255962,0.12295470302072369,0.0,0.0,0.01733047214906519,0.0,0.023529375206705606,0.0,0.0,0.0,0.031310206623239405,0.20656816651662196,0.040517600894046164,0.0,0.0,0.0,0.0,0.0,0.0,0.0,0.0,0.0,0.16207040357618466,0.07485281039445332,0.0,0.04976149064422416,0.0,0.0,0.0,0.0,0.05632931134616452,0.034316891686032455,0.04002991124359219,0.0,0.01844220562205414,0.13758811971081097,0.0,0.051740342294726654,0.02816465567308226,0.04455200005280864,0.026683973735806738,0.12148290759420857,0.0,0.0,0.0,0.01756562095484268,0.06456212036066539,0.036111768770617336,0.0,0.06622618581597609,0.0,0.019559579040716524,0.0,0.0,0.058955670249918296,0.04613571123714611,0.018182820280839583,0.018845689019846956,0.04164778502477302,0.021342079015839295,0.023490913585476014,0.02099374694151288,0.016661794316084787,0.016878804574082754,0.02188728145161279,0.09968127607400104,0.0,0.13239758751522457,0.0,0.08348243823474887,0.12666425007615156,0.021319204363304166,0.012438083083423618,0.012931874329592674,0.0,0.03590258622361548,0.0,0.017184717126301624,0.0,0.010006298524275542,0.07492304673647149,0.0,0.022039008926187573,0.021187099694504326,0.021774309306286464,0.009240924838146288,0.04862199618297264,0.11448348741285452,0.03212455354672316,0.05705086481062776,0.02590346916147501,0.030291678910740857,0.048432034217495895,0.047227497753966875
15,0.0,0.0,0.0,0.0,0.0,0.0,0.0,0.10101688946737804,0.0,0.0,0.10101688946737804,0.0,0.0,0.0,0.0,0.10101688946737804,0.0,0.10101688946737804,0.0,0.0,0.0,0.0,0.0,0.0,0.0,0.0,0.0,0.0,0.0,0.0,0.39099487079643674,0.068087325078121,0.0,0.0,0.0,0.0,0.0,0.0,0.06571147627340547,0.0,0.0,0.0,0.0,0.0,0.0,0.0,0.0843563028897271,0.0,0.0843563028897271,0.0,0.0,0.0,0.0,0.0,0.0,0.0,0.08901257847242366,0.08901257847242366,0.0,0.0,0.0,0.0,0.0,0.0,0.0,0.07673877477071249,0.0,0.0,0.0,0.0,0.0,0.0,0.0,0.0,0.0,0.0,0.0,0.0,0.0,0.0,0.0,0.0,0.0,0.0,0.0,0.0,0.0,0.0,0.0,0.0,0.0,0.0,0.0,0.09446764261307883,0.0,0.0,0.0,0.0,0.0,0.0,0.0,0.0,0.0,0.07068837186880389,0.0,0.0,0.0,0.0,0.127057851442229,0.0,0.0,0.0,0.0,0.0,0.19713442882021642,0.0,0.22066469538169473,0.0,0.0,0.06571147627340547,0.0,0.0803083599907152,0.0,0.0,0.0,0.0,0.0803083599907152,0.0,0.0,0.0,0.0,0.0843563028897271,0.0,0.0,0.0,0.0,0.0,0.0,0.0,0.0,0.0,0.0,0.0,0.0843563028897271,0.0,0.0843563028897271,0.0,0.0,0.0,0.0,0.0,0.0,0.0,0.0,0.0,0.0,0.0,0.0,0.0,0.0,0.0,0.0,0.0,0.0,0.0,0.0,0.0,0.0,0.0,0.0,0.0,0.0,0.0,0.0,0.0,0.0,0.0,0.0,0.0,0.0,0.0,0.034577398584075894,0.0,0.0,0.0735548984605649,0.0,0.0,0.0,0.0,0.15595205549807195,0.05790663197197753,0.0,0.0803083599907152,0.0,0.0,0.0,0.0,0.0,0.0,0.0,0.0,0.0,0.0,0.0,0.0735548984605649,0.0,0.0,0.0,0.0,0.0,0.0,0.0,0.0,0.1125646741239241,0.0,0.0,0.0,0.0,0.07673877477071249,0.07673877477071249,0.0,0.0,0.29021627244733716,0.0,0.0,0.0,0.0,0.0,0.0,0.0,0.0,0.0,0.0,0.0,0.0,0.0,0.0,0.0,0.0,0.0,0.0,0.0,0.0,0.0,0.0,0.0,0.0,0.0,0.0,0.0,0.0,0.0,0.0,0.0,0.0735548984605649,0.0,0.0,0.0,0.0,0.0,0.0,0.06571147627340547,0.0,0.06571147627340547,0.0,0.0,0.1095210502897328,0.0,0.3111965872566831,0.0635289257211145,0.0,0.0,0.0,0.0,0.0,0.0,0.0,0.0,0.0,0.0,0.07068837186880389,0.07068837186880389,0.0,0.0,0.0,0.0,0.0,0.0,0.0,0.0,0.0,0.0,0.0,0.0,0.0,0.0,0.0,0.0,0.0,0.0,0.0,0.0,0.0,0.0,0.0,0.0,0.0,0.049509675680062315,0.0,0.0,0.0,0.0,0.0,0.05628233706196205,0.05628233706196205,0.0,0.0,0.0,0.0,0.0,0.061513986675016695,0.0,0.036864485457777776,0.0,0.0635289257211145,0.04625636432251164,0.0,0.0,0.0,0.0,0.0,0.0,0.0,0.0,0.0,0.0,0.0,0.0,0.0635289257211145,0.0,0.0547605251448664,0.0,0.0,0.047286479003979955,0.04527493503399669,0.04755854148854987,0.0,0.08441019301596325,0.04098228790968736,0.0,0.0,0.0,0.0,0.0,0.050712582245854496,0.0,0.16525198218500564,0.0,0.0,0.0,0.0,0.0,0.0,0.04625636432251164,0.0,0.0,0.0,0.0381345692418329,0.09251272864502327,0.0,0.0,0.048369378741222865,0.08517602842867361,0.0,0.0,0.0,0.0,0.0,0.0,0.0,0.0,0.05492398201362628,0.0,0.042993302439918085,0.0,0.047286479003979955,0.0,0.042588014214336806,0.0,0.0,0.0,0.0,0.0,0.042588014214336806,0.12530486602617086,0.0,0.0,0.016660586577650936,0.09054987006799338,0.0,0.04527493503399669,0.0,0.0,0.043443874532937424,0.0,0.0,0.0,0.03728965323264326,0.0,0.09610409171501264,0.07883968009190744,0.043443874532937424,0.0,0.0,0.0,0.0,0.0,0.056383119947095495,0.036864485457777776,0.03165948060520192,0.07687588972990463,0.09115938847597146,0.02402602292875316,0.0412340948883933,0.06915479716815179,0.0,0.0,0.0,0.07372897091555555,0.03405199566820357,0.02137294467474124,0.04527493503399669,0.0,0.038805706405000244,0.02620857348104413,0.03748796374626354,0.10250118630653951,0.0,0.07284153298091164,0.0,0.0,0.06954611667142165,0.0,0.0,0.025625296576634878,0.13511712785072774,0.024278114696665555,0.011052986311026474,0.053640156391910644,0.05492398201362628,0.028743599121224945,0.0,0.01958037408140144,0.065711776873476,0.0,0.0,0.012851136608500992,0.03559212792446969,0.0,0.028662201626612056,0.026820078195955322,0.08395212048381306,0.08271717710745487,0.034293078241759284,0.0757855416666591,0.01941785160418426,0.04274588934948248,0.0,0.015159546979891633,0.0,0.03982779587040323,0.018138778561209035,0.0,0.043803804514156296,0.0,0.06510476707921536,0.021608259290032832,0.0,0.03394995183578694,0.04706368419114679,0.015663124425997065,0.024499174529079244,0.035831416389893414,0.007817661221541638,0.06604924524798994,0.018208237323772216,0.05842962435915989,0.04262364790693459,0.05012986369725203,0.012851230269416305,0.033018519156395594,0.01401291997367987,0.029492119172316023,0.06810560860156889,0.03340361750179676,0.05898533010564034,0.03535197202468781,0.04008806523786855,0.04957351199029925,0.030692435698872804
16,0.0,0.0,0.0,0.0,0.0,0.0,0.0,0.0,0.0,0.0,0.0980461722234342,0.0,0.0,0.0,0.0,0.0980461722234342,0.0,0.0,0.0,0.0980461722234342,0.0,0.0,0.0,0.0,0.0,0.0,0.0,0.0,0.0,0.0,0.25299763001820774,0.13217000911512378,0.0,0.0,0.0,0.08187554224711409,0.0,0.0,0.0,0.0,0.0,0.0,0.0,0.0,0.0,0.0,0.0,0.0,0.0,0.0,0.0,0.0,0.0,0.0,0.0,0.0,0.0,0.08639488549860341,0.0,0.0,0.0,0.0,0.0,0.0,0.0,0.0,0.13217000911512378,0.0,0.0,0.0,0.0,0.0,0.0,0.0,0.0,0.09168952643483297,0.09168952643483297,0.0,0.0,0.0,0.0,0.0,0.0,0.0,0.0,0.0,0.0,0.0,0.0,0.0,0.0,0.0,0.0,0.0,0.0,0.0,0.0,0.0,0.0,0.0,0.0,0.0,0.0,0.0,0.2141753605867275,0.07794664175611929,0.0,0.0,0.3699639550532969,0.0,0.0,0.0,0.0,0.0,0.0,0.0,0.0,0.0,0.0,0.0,0.0,0.0,0.0,0.0,0.15589328351223858,0.0,0.0,0.0,0.0,0.0,0.14896406268407927,0.0,0.0,0.0,0.0,0.0,0.0,0.0,0.0,0.0,0.0,0.0,0.0,0.0,0.08187554224711409,0.0,0.0,0.0,0.0,0.0,0.0,0.0,0.0,0.0,0.0,0.0,0.0,0.0,0.26434001823024755,0.0,0.0,0.0,0.0,0.0,0.0,0.0,0.0,0.1346881542296793,0.0,0.0,0.0,0.0,0.0,0.0,0.0,0.0713917868622425,0.0,0.0,0.0,0.0,0.0,0.0,0.11103930926596188,0.0,0.0,0.0,0.13183045234772026,0.0,0.0,0.05045526602064031,0.0,0.0,0.0,0.0,0.0,0.0,0.0,0.0,0.0,0.06377902500986253,0.0,0.0,0.0,0.0,0.0,0.0,0.0,0.0,0.0,0.0,0.0,0.0,0.0,0.0,0.0,0.0,0.0,0.0,0.0,0.07448203134203964,0.0,0.0,0.0,0.0,0.0,0.0,0.0,0.0,0.0,0.0,0.0,0.0,0.0,0.0,0.0,0.05462717909658613,0.0,0.0,0.0,0.0,0.0,0.0,0.06166065917554948,0.0,0.0,0.0,0.0,0.0,0.0,0.0,0.0,0.0,0.0,0.0,0.0713917868622425,0.0,0.0,0.0,0.0,0.0,0.07448203134203964,0.1913370750295876,0.06377902500986253,0.06377902500986253,0.0,0.0,0.0,0.0,0.0,0.0,0.0,0.0,0.05462717909658613,0.0,0.0,0.0,0.0,0.0,0.0,0.0686095594408605,0.0,0.0,0.0,0.0,0.0,0.0,0.0,0.0,0.0,0.0,0.0,0.0,0.09915177103867856,0.0,0.0,0.0,0.10091053204128062,0.0,0.053150120813541105,0.0,0.0,0.0,0.0,0.0,0.05620370653995445,0.0,0.0,0.09610737796517417,0.0,0.0,0.0,0.0,0.0,0.0,0.0,0.0,0.0,0.0,0.0,0.0,0.11940995141483578,0.0,0.10734111025925398,0.0,0.0,0.0,0.0,0.0,0.0,0.09389385207577501,0.0,0.0,0.0,0.0,0.0,0.0,0.0692649962893734,0.06166065917554948,0.0,0.053150120813541105,0.0,0.0,0.0,0.0,0.0,0.11539983496986236,0.12649881500910387,0.21847426017551527,0.0,0.0,0.0,0.0,0.0,0.0,0.0,0.0,0.0,0.0,0.0,0.0,0.0,0.0,0.0,0.0,0.09610737796517417,0.0,0.0,0.0,0.1346881542296793,0.0,0.0,0.0,0.0,0.0,0.0,0.0,0.0,0.0,0.0,0.052616112113149816,0.04589587235074425,0.02665438536119171,0.0,0.0,0.046946926037887506,0.0,0.0,0.0,0.0,0.0,0.0,0.0,0.0,0.0,0.0,0.11103930926596188,0.0,0.0,0.0,0.04133558059775121,0.04394348411590675,0.0,0.030304634471143888,0.0,0.0,0.04133558059775121,0.0,0.01809651723725154,0.0,0.0,0.06121692238269034,0.0,0.0,0.0,0.07039283653608952,0.0,0.0276494845632961,0.12769166234090976,0.0,0.0,0.04974340933831042,0.02949285394889134,0.023319462659533167,0.04002147749966521,0.0,0.0753290067333813,0.031164923998569308,0.0,0.10734111025925398,0.0,0.04148881292129538,0.0,0.028725421433572984,0.0,0.05087565698769245,0.03638551304788473,0.02487170466915521,0.060609268942287776,0.07069940012330096,0.02835716831302765,0.0,0.01350017916526576,0.0,0.02284548634239721,0.0,0.09180051058992936,0.07069242264418373,0.0,0.0,0.05330877072238342,0.0,0.0,0.05701365601851119,0.06377931676984881,0.0,0.0,0.012473208785456307,0.05181814530244465,0.07476686085245202,0.05563860007574519,0.02603135000207863,0.0,0.0642276960636993,0.11649604096720531,0.0,0.05654042703050438,0.04148881292129538,0.0,0.11770986510129579,0.0,0.0,0.026408026659383896,0.0,0.021257808392642873,0.010296317077672206,0.042126771996721116,0.0699093363815944,0.018826608812840415,0.04393539657535924,0.011419907378866221,0.0304050026312545,0.07133609927632302,0.01159256054737127,0.022763275405325026,0.03846411649947046,0.035345534433788996,0.03780754580133052,0.06205524955543061,0.03892451074677208,0.012473299691979777,0.03204750644015996,0.008160495768598992,0.05247882065289709,0.040828169362778326,0.01621063988277194,0.0755709004839334,0.01906240935355834,0.0413409723335519,0.04544255643186105,0.02681084586072262
17,0.0,0.0,0.0,0.0,0.0,0.0,0.0,0.0,0.0,0.09660052459683502,0.09660052459683502,0.0,0.0,0.0,0.0,0.0,0.09660052459683502,0.0,0.09660052459683502,0.0,0.0,0.0,0.0,0.0,0.0,0.0,0.0,0.0,0.0,0.0,0.3739009370883955,0.06511061027142165,0.0,0.0,0.0,0.0,0.0,0.0,0.0,0.0,0.0,0.0,0.0,0.0,0.0,0.0,0.0,0.0,0.1613366468748517,0.0,0.0,0.0,0.0,0.0,0.0,0.0851210309631429,0.0851210309631429,0.0,0.0,0.0,0.0,0.0,0.0,0.0851210309631429,0.0,0.0,0.0,0.0,0.0,0.11407604287779598,0.09033760475070589,0.0,0.0,0.0,0.0,0.0,0.0,0.0,0.0,0.0,0.0,0.09033760475070589,0.09033760475070589,0.0,0.0,0.0,0.0,0.09033760475070589,0.0,0.0,0.0,0.0,0.0,0.09033760475070589,0.0,0.0,0.0,0.09033760475070589,0.0,0.0,0.0,0.0,0.06511061027142165,0.0,0.0,0.0,0.0,0.0,0.0,0.0,0.0,0.0,0.0,0.0,0.0,0.0,0.0,0.0,0.0,0.0,0.0,0.07679735285375072,0.0,0.0,0.0,0.0,0.0,0.0,0.0,0.0,0.0,0.0,0.0,0.0,0.0,0.0,0.0,0.0,0.0,0.0,0.0,0.0,0.0,0.0,0.0,0.0,0.0,0.0,0.0,0.0,0.0,0.0,0.0,0.0,0.0,0.0,0.0,0.0,0.0,0.0,0.0,0.0851210309631429,0.0,0.0,0.0,0.0,0.0,0.1327022367167606,0.0,0.0,0.0,0.0,0.0,0.0,0.0,0.0,0.0553750076410275,0.0,0.0,0.0,0.0,0.0,0.40114097303971397,0.0,0.0,0.07338382659429558,0.1298866703904229,0.0,0.0,0.0,0.0,0.0,0.0,0.07679735285375072,0.0,0.0,0.0,0.0,0.0,0.0,0.0,0.0,0.06075149991343635,0.0,0.0,0.0,0.0,0.0,0.0,0.0,0.0,0.0,0.0,0.0,0.0,0.0,0.0,0.0,0.0,0.07338382659429558,0.0,0.0,0.0,0.0,0.058824652136693516,0.0,0.0,0.0,0.0,0.0,0.0,0.0,0.0,0.04971132534536389,0.0,0.0,0.0,0.0,0.0,0.0,0.0,0.0,0.0,0.0,0.0,0.0,0.0,0.0,0.0,0.0,0.0,0.0,0.0,0.04329555679680763,0.0,0.0,0.0,0.0,0.0,0.0,0.0,0.0628386313765221,0.0,0.0628386313765221,0.0,0.0,0.052366445691248154,0.110750015282055,0.0,0.0,0.0,0.0,0.0,0.0,0.0,0.0,0.0,0.067597941704865,0.0,0.0,0.0,0.0,0.0,0.0,0.0553750076410275,0.0,0.0,0.05703802143889799,0.05703802143889799,0.0,0.0,0.0,0.0,0.0,0.0,0.0,0.0,0.04329555679680763,0.0,0.0,0.0,0.0,0.0,0.0,0.0,0.0,0.0,0.18938063401200553,0.0,0.0,0.1491339760360917,0.0,0.0,0.0,0.0,0.1356574737810599,0.0,0.08145221133483758,0.0,0.0,0.058824652136693516,0.0,0.0,0.06075149991343635,0.0,0.0,0.0,0.05382172540045588,0.0,0.0,0.0,0.0,0.0,0.0,0.0,0.058824652136693516,0.13648742885144605,0.0,0.0,0.0,0.10473289138249631,0.0,0.0,0.0,0.0,0.0,0.04154454856537728,0.0,0.0,0.0,0.0,0.0,0.0,0.0,0.0,0.0,0.0,0.0,0.0,0.039190580229980274,0.0,0.052366445691248154,0.0,0.0,0.0,0.0553750076410275,0.30963855233910803,0.036467361185428544,0.0,0.0,0.11982665331002115,0.0,0.0,0.0,0.0,0.0,0.0,0.0,0.0,0.0,0.0,0.15756826913117802,0.0,0.0,0.0,0.04521915792701997,0.04329555679680763,0.12217831700225636,0.0,0.0,0.0,0.03207678846695402,0.0,0.0,0.0,0.036467361185428544,0.0,0.0,0.0,0.0,0.08659111359361527,0.0,0.029857805983048213,0.04154454856537728,0.0,0.0,0.0,0.01782969206090375,0.0,0.0,0.0,0.04154454856537728,0.0,0.0,0.0,0.0,0.0,0.0,0.0,0.03027535742835826,0.024504982338144653,0.029057994807060807,0.04595125490658969,0.0,0.0,0.0,0.0,0.0,0.0,0.09768982184449154,0.0,0.0,0.0,0.0,0.0,0.03584902468339868,0.0,0.0,0.0522427264551593,0.0,0.032091705880628735,0.06650562484703679,0.01741424215171977,0.0,0.09801992935257861,0.10336794570664748,0.0,0.010569759984062862,0.0,0.0,0.0,0.030566340753695204,0.0,0.06283891883463588,0.061883463188824366,0.0,0.0,0.0,0.0,0.05481823342274109,0.05129505842276194,0.0,0.03164034348663994,0.03279381661483503,0.0,0.07427568444832976,0.020438539323920486,0.0,0.028993571245941232,0.0,0.07617312302729475,0.01734576795818357,0.01872433825708398,0.020944371370547898,0.0,0.06225844694651731,0.07576640940778064,0.0,0.04328758850348347,0.022503051748553087,0.05991338851768702,0.04685618660754237,0.04568653339141702,0.03737940155864402,0.02526465336171848,0.05223657014388927,0.018625045095103005,0.020380090743985675,0.019175292989738,0.012289386381682683,0.02525998405800051,0.013400288087746818,0.032903209535515225,0.02681745065841639,0.0718722951183543,0.07220037899662231,0.037562685046734025,0.03593948638627923,0.05267355994318248,0.04696094532783195
18,0.0,0.0,0.0,0.0,0.0,0.0,0.0,0.0,0.0,0.0,0.0,0.0,0.0,0.0,0.0,0.0,0.0,0.0,0.0,0.0,0.0,0.0,0.0,0.0,0.0,0.0,0.0,0.0,0.0,0.0,0.0,0.0,0.0,0.0,0.0,0.0,0.0,0.0,0.0,0.0,0.0,0.0,0.0,0.0,0.0,0.0,0.0,0.0,0.0,0.05287010097822389,0.0,0.0,0.0,0.0,0.0,0.0,0.0,0.0,0.0,0.0,0.0,0.0,0.0,0.0,0.16254110632600832,0.0,0.0,0.0,0.0,0.0,0.0,0.0,0.0,0.0,0.0,0.0,0.0,0.0,0.0,0.0,0.0,0.08625115352150362,0.0,0.0,0.0,0.0,0.0,0.0,0.0,0.0,0.0,0.0,0.0,0.0,0.0,0.0,0.0,0.0,0.0,0.0,0.0,0.0,0.18649593127568387,0.0,0.0,0.0,0.0,0.19362037981237498,0.0,0.0,0.0,0.0,0.0,0.0,0.0,0.0,0.0,0.038883846897944996,0.0,0.0,0.0,0.0,0.07332339936743983,0.0,0.0,0.0,0.0,0.0,0.0,0.0,0.0,0.0,0.0,0.0,0.0,0.0,0.0,0.0,0.0,0.0,0.0,0.0,0.0,0.0,0.15403853065009138,0.0,0.0,0.0,0.0,0.0,0.0,0.08127055316300416,0.0,0.0,0.08127055316300416,0.08127055316300416,0.0,0.0,0.0,0.08127055316300416,0.0,0.0,0.08127055316300416,0.0,0.0,0.0,0.0,0.3800982223279989,0.0,0.0,0.0,0.0,0.0,0.0,0.0,0.0,0.0,0.0,0.0,0.0,0.09260353271805899,0.0,0.03481774812170833,0.0,0.0,0.0,0.3720336125522666,0.0,0.0,0.0,0.0,0.0,0.0,0.0,0.0,0.0,0.0,0.0,0.0,0.0,0.0,0.0,0.0,0.0,0.0,0.2014719960367399,0.0,0.0,0.0,0.0,0.2638479741279232,0.0,0.0,0.0,0.12908025320825,0.0,0.0,0.0,0.14012857017953048,0.0,0.0,0.0,0.0,0.0,0.0,0.0,0.0,0.0,0.0,0.0,0.11232739934365711,0.0,0.0,0.0,0.0,0.0,0.0,0.0,0.0,0.0,0.0,0.0,0.11600677171273943,0.0,0.0,0.0,0.0,0.0,0.0,0.0,0.0,0.0,0.0,0.0,0.0,0.0,0.0,0.0,0.0,0.0,0.0,0.0,0.0,0.0,0.0,0.0,0.0,0.0,0.0,0.0,0.0,0.11999221048408926,0.0,0.0,0.0,0.0,0.0,0.12908025320825,0.0,0.0,0.0,0.0,0.0,0.04999763231663537,0.05287010097822389,0.0,0.06715733201224663,0.16337366340181042,0.10891577560120695,0.0,0.0,0.0,0.0,0.0,0.0,0.0,0.0,0.0,0.04999763231663537,0.0,0.0,0.0,0.0,0.0,0.0,0.0,0.0,0.0,0.06216531042522795,0.0,0.0,0.04416236709363354,0.0,0.0,0.0,0.0,0.0,0.0,0.10574020195644777,0.10277416394019805,0.0,0.0,0.0,0.058003385856369716,0.0,0.0,0.05999610524204463,0.0,0.0,0.0,0.06216531042522795,0.0,0.0,0.0,0.0,0.0,0.0,0.058003385856369716,0.0,0.0,0.0,0.0,0.0,0.0,0.08267413612272591,0.0,0.0,0.0,0.0,0.046301766359029495,0.0,0.0,0.0,0.14238785163562437,0.0,0.0,0.0,0.0,0.0,0.03741778145812993,0.0,0.0,0.05138708197009902,0.0,0.0,0.0,0.0,0.03481774812170833,0.0422331358142221,0.0,0.0,0.08832473418726708,0.038883846897944996,0.0,0.045203484703975234,0.0,0.0,0.0,0.0,0.016498432409294467,0.0,0.0,0.08096421991809012,0.0,0.0,0.04317365446249604,0.0,0.0,0.0,0.0,0.0,0.0,0.0,0.038883846897944996,0.0,0.0,0.0,0.0,0.041337068061362954,0.0,0.0,0.0,0.0,0.0,0.0,0.07776769379588999,0.0,0.0,0.0,0.0,0.0,0.0,0.0,0.0,0.0,0.0,0.0,0.13727759756489008,0.06731626420981145,0.0,0.04679298282308141,0.0,0.08774526958936321,0.037647687082716194,0.03156996862792947,0.0,0.0,0.0,0.0,0.0,0.0,0.0,0.0,0.0,0.02392903678301571,0.0,0.04679298282308141,0.0,0.033253006373890705,0.026675222053201577,0.0306400270221402,0.05079777684657261,0.016626503186945352,0.0,0.04679298282308141,0.012336507840436235,0.0,0.02018326683747342,0.02448735480160916,0.05014687223722168,0.05248714823380368,0.029183662287846492,0.0,0.04499728477267215,0.039389429600743694,0.018338118593835624,0.0,0.0,0.12308138593131342,0.026169256312308396,0.0,0.07665023739358806,0.045313623231492045,0.12524151018649055,0.0864924513858932,0.0,0.019513995282999574,0.0,0.04152305628820853,0.028042580093178456,0.03636370339112984,0.008280563223024678,0.0715093466583281,0.0,0.038742450070502546,0.0,0.1249493389774427,0.04427486950103555,0.020664730108202554,0.06445535642957015,0.0,0.029824421075231724,0.04361988804421582,0.06423935768822142,0.03618269770018657,0.03324908782155256,0.03556507012280741,0.06810366725323008,0.04576973077938457,0.02346694390263444,0.01808800528542056,0.05885295960723533,0.06282964408519477,0.009144412309870589,0.03812284902039802,0.045238181056009394,0.05020893450762652,0.0388889188341887,0.04023268332359061,0.025220616490129973
19,0.0,0.0,0.0,0.0,0.0,0.0,0.0,0.0,0.0,0.0,0.0,0.0,0.0,0.0,0.0,0.0,0.0,0.0,0.0,0.0,0.0,0.0,0.0,0.0,0.0,0.0,0.0,0.0,0.0,0.0,0.0,0.0,0.0,0.0,0.0,0.0,0.0,0.0,0.0,0.0,0.0,0.0,0.0,0.0,0.0,0.0,0.0,0.0,0.15448924120236093,0.0,0.0,0.0,0.08150834753655967,0.0,0.0,0.0,0.0,0.0,0.0,0.0,0.0,0.0,0.0,0.08150834753655967,0.0,0.0,0.0,0.0,0.0,0.0,0.08650352093161523,0.0,0.0,0.0,0.0,0.0,0.0,0.0,0.0,0.0,0.0,0.0,0.0,0.0,0.0,0.0,0.08650352093161523,0.0,0.0,0.0,0.0,0.0,0.0,0.0,0.0,0.0,0.0,0.0,0.0,0.0,0.0,0.0,0.24938881450430106,0.0,0.0,0.07353794068826201,0.0,0.19418690526511453,0.0,0.0,0.0,0.0,0.0,0.0,0.0,0.0,0.0,0.2729833363028197,0.0,0.0,0.3008582571783628,0.0,0.0,0.07353794068826201,0.0,0.0,0.0,0.0,0.0,0.0,0.0,0.15448924120236093,0.0,0.0,0.0,0.07724462060118047,0.0,0.0,0.0,0.0,0.0,0.0,0.0,0.0,0.0,0.0,0.0,0.0,0.0,0.0,0.0,0.0,0.0,0.08150834753655967,0.0,0.0,0.0,0.0,0.0,0.0,0.062347203626075265,0.0,0.0,0.0,0.0,0.0,0.0,0.08471341654584337,0.0,0.0,0.0,0.0,0.0,0.0,0.0,0.0,0.05302479676965916,0.0,0.0,0.0,0.27862346080348926,0.0,0.24443736417750098,0.0,0.0,0.0,0.1243740559854501,0.0,0.0,0.0,0.0,0.0,0.0,0.0,0.07353794068826201,0.0,0.0,0.0,0.0,0.0,0.0,0.07724462060118047,0.0,0.0,0.0,0.0,0.0,0.0,0.0,0.0,0.0,0.0,0.0,0.0,0.0,0.0,0.0,0.0,0.0,0.0,0.0,0.0,0.0,0.0,0.0,0.07353794068826201,0.0,0.0,0.0,0.0,0.0,0.0,0.0,0.09520298184610478,0.0,0.0,0.0,0.0,0.0,0.0,0.06017165143567256,0.0,0.0,0.0,0.0,0.0,0.06472896842170485,0.0,0.0,0.0,0.0,0.0,0.0,0.0,0.0,0.10307487701499198,0.0,0.0,0.0,0.0,0.0,0.0,0.0,0.0,0.0,0.0,0.0,0.0,0.0,0.05817310143313157,0.0,0.0,0.0,0.0,0.12469440725215053,0.0,0.0,0.0,0.0,0.0,0.0,0.0,0.0,0.15043177014050002,0.1590743903089775,0.05153743850749599,0.06735383166770587,0.10923445878498514,0.0,0.0,0.0,0.0,0.0,0.03320569123597351,0.0,0.0,0.0,0.0,0.050143923380166676,0.0,0.0,0.0,0.0,0.0,0.0,0.05302479676965916,0.0,0.0,0.0,0.05153743850749599,0.0,0.0,0.0,0.0,0.0,0.0,0.0,0.0,0.0,0.0,0.05632803240072281,0.0,0.0,0.0,0.0,0.0,0.0,0.05153743850749599,0.0,0.0,0.0,0.0,0.0,0.0,0.0,0.0,0.0,0.0,0.0,0.0,0.0,0.0,0.0,0.0,0.0829160373236334,0.0,0.0,0.0,0.0,0.0,0.0,0.04060055898643889,0.0,0.0,0.04643724346724821,0.0,0.0,0.0,0.0,0.0,0.0,0.0,0.0,0.0,0.0,0.05302479676965916,0.0,0.0,0.0,0.0,0.0,0.044291584405550886,0.15599047788732553,0.04060055898643889,0.0,0.0,0.042356708272921685,0.0,0.0,0.0,0.0,0.0,0.0,0.0,0.0,0.0,0.0,0.0,0.0,0.0,0.09067149656838823,0.030715394217361837,0.0,0.038997619471831384,0.0,0.0,0.05470515318954097,0.0,0.0,0.0,0.0,0.0,0.0,0.0,0.04329997884097566,0.11699285841549413,0.0,0.0,0.0,0.0,0.0,0.03978132624101414,0.0,0.10983082886307892,0.03320569123597351,0.0,0.0,0.08604954143769596,0.0,0.08697125706099677,0.21118453744922816,0.027824723369187072,0.11000251090383012,0.07551568540529051,0.0,0.07106836041246377,0.08820666090009179,0.0,0.0,0.0,0.0,0.1243740559854501,0.0813020916630414,0.10660254061869566,0.0,0.0,0.0,0.028590589178827393,0.0,0.0,0.015364839255130438,0.08915621592649302,0.050025455001929404,0.08621333680535709,0.07039484581640938,0.024745207933529967,0.0,0.01012116113269415,0.0,0.0,0.0,0.0,0.035859290066901,0.030085963346784005,0.01975234074465348,0.0,0.0,0.0,0.0529035073379237,0.0656145662623571,0.07367701145397829,0.0,0.015148736357539227,0.09420597136034095,0.0,0.01778082406024811,0.039142184898467366,0.0,0.013881517027580684,0.0,0.05470515318954097,0.00830479181834821,0.035859290066901,0.0701940963885413,0.02914185669221428,0.0,0.032977614664084276,0.08880883198095445,0.08290077711322029,0.04309596680868323,0.02868528046557067,0.07477921533279566,0.010936879521057092,0.014317182104008123,0.036288566820037484,0.033346373316754746,0.02675184906688482,0.0195151245278817,0.01836146046914859,0.10591023256974937,0.012093953374806742,0.04875991561089391,0.040508666421198374,0.022010804383002174,0.011470318483520207,0.03672853736467273,0.03596845988062837,0.0344141525720795,0.03782850238000282,0.03934686155673124
20,0.0,0.0,0.0,0.0,0.0,0.0,0.0,0.0,0.0,0.10712285962089921,0.0,0.0,0.0,0.0,0.0,0.0,0.0,0.0,0.0,0.0,0.0,0.0,0.0,0.0,0.0,0.0,0.0,0.0,0.0,0.0,0.0,0.0,0.0,0.0,0.0,0.0,0.0,0.08516260220473522,0.0,0.0,0.0,0.06968340923416844,0.0,0.0,0.0,0.0,0.0,0.0,0.0,0.0,0.0,0.0,0.0,0.0,0.0,0.0,0.0,0.0,0.0,0.0,0.0,0.0,0.0,0.09439294754047042,0.0,0.0,0.0,0.0,0.0,0.0,0.0,0.0,0.0,0.0,0.0,0.0,0.0,0.0,0.0,0.0,0.0,0.0,0.10017774326367586,0.0,0.0,0.0,0.0,0.10017774326367586,0.0,0.0,0.0,0.0,0.0,0.0,0.0,0.0,0.0,0.0,0.0,0.0,0.0,0.0,0.1444057326406093,0.0,0.0,0.0,0.08516260220473522,0.07496113349418841,0.0,0.0,0.0,0.0,0.0,0.0,0.0,0.0,0.0,0.27097349120150105,0.0,0.0,0.0,0.0,0.0,0.08516260220473522,0.0,0.08516260220473522,0.0,0.0,0.0,0.0,0.0,0.08945522318337168,0.0,0.0,0.0,0.08945522318337168,0.08945522318337168,0.0,0.0,0.0,0.0,0.0,0.0,0.0,0.0,0.0,0.0,0.0,0.0,0.0,0.09439294754047042,0.0,0.0,0.09439294754047042,0.0,0.0,0.0,0.0,0.0,0.0,0.07220286632030465,0.09439294754047042,0.0,0.0,0.0,0.0,0.0,0.09810466443819313,0.0,0.0,0.0,0.07220286632030465,0.0,0.0,0.15600185481389492,0.0,0.0,0.0,0.0,0.0,0.32266743853899704,0.0,0.0,0.06968340923416844,0.0,0.0,0.09602316079151083,0.0,0.0,0.0,0.0,0.0,0.0,0.0,0.0,0.0,0.0,0.0,0.0,0.0,0.0,0.0,0.0,0.0,0.0,0.0,0.0,0.0,0.0,0.0,0.06810007372825917,0.0,0.0,0.0,0.0,0.0,0.0,0.0,0.0,0.0,0.0,0.05377790642316617,0.0,0.1347378686429894,0.0,0.0,0.12650192096064655,0.0,0.0,0.08516260220473522,0.1956966065987712,0.0,0.0,0.0,0.0,0.0,0.0,0.0,0.0,0.0,0.0,0.0,0.0,0.0,0.0,0.0,0.0,0.0,0.07496113349418841,0.0,0.0,0.0,0.0,0.0,0.0,0.0,0.0,0.0,0.0,0.0,0.0,0.06968340923416844,0.0,0.0,0.0,0.0,0.0,0.0,0.0,0.0,0.0,0.13936681846833687,0.0,0.0,0.0,0.0,0.0,0.0,0.0,0.0,0.0,0.0,0.0,0.0,0.0,0.179052975913648,0.07800092740694746,0.12650192096064655,0.0,0.0,0.0,0.0,0.0,0.0,0.0,0.0,0.0,0.0,0.23228210960721057,0.0,0.0,0.0,0.0,0.0,0.0,0.0,0.0,0.0,0.0,0.0,0.0,0.0,0.06325096048032328,0.0,0.0,0.0,0.0,0.04516224853358351,0.0,0.0,0.0,0.0,0.0,0.0673689343214947,0.0,0.0,0.13936681846833687,0.0,0.0,0.0,0.0,0.0,0.0,0.0,0.0,0.0652322021995904,0.0,0.0,0.0,0.0,0.0,0.0,0.0,0.0,0.0,0.0,0.0,0.0,0.0,0.0,0.0,0.0,0.0,0.0,0.0,0.0,0.035048129046571744,0.0,0.0,0.0,0.0,0.0,0.0,0.0,0.0,0.0,0.049052332219096564,0.0,0.049052332219096564,0.0,0.0,0.0,0.04516224853358351,0.09403715203039094,0.0,0.0,0.0,0.0,0.0,0.0,0.0,0.0,0.0,0.0,0.0,0.10028942445205187,0.04801158039575541,0.0,0.039092760839418754,0.0,0.05250229011916161,0.14228317381818337,0.0,0.0,0.08858594929957632,0.0,0.021117594337592572,0.017667636437527525,0.0,0.0,0.0,0.0,0.0,0.0,0.1504341366780778,0.09032449706716703,0.04115131896884537,0.0,0.0,0.0,0.0,0.09213968273063292,0.011350971150316247,0.0,0.15381899722486278,0.0,0.0,0.11958240003086887,0.0,0.0,0.19021953097917058,0.0,0.0764348307005577,0.0,0.0,0.0,0.0,0.0,0.0,0.0,0.06799449965691892,0.04801158039575541,0.0,0.12345395690653613,0.0,0.03975392529940451,0.0,0.0,0.038622221260362424,0.15491175695875997,0.03558733576648103,0.04424990077987252,0.038622221260362424,0.0,0.027174218711310084,0.028656857670928015,0.0,0.0,0.0,0.0,0.06096201437001744,0.0169479091513647,0.08305564248140976,0.03484186400201147,0.09149893084878355,0.042598185912356486,0.013627924103978872,0.056615243401846975,0.020422112760150716,0.09118406884618062,0.0,0.0,0.035086808149563734,0.0,0.0,0.1029578223256528,0.022664833218972977,0.04051096364041829,0.016075866437837448,0.04885573596981139,0.021117594337592572,0.009617588899005155,0.0,0.011612881832365803,0.04499802098995656,0.011506671246181972,0.07638123812043959,0.06170848266466413,0.048002744145944715,0.11229401378545703,0.033219765287914704,0.008660009389664108,0.03799724786806155,0.0414510004225281,0.07004159466869811,0.02896325249761864,0.020653801824395118,0.02260001805311825,0.03189597925635825,0.040884070278696505,0.05602291990782825,0.05052376714682109,0.04691215734333837,0.008496735881423544,0.026567025430168863,0.06505272891207974,0.06248137244656082,0.03454034190389873,0.05841109446429887,0.019528584763178213
21,0.0,0.0,0.0,0.0,0.0,0.0,0.0,0.10942661170688754,0.0,0.0,0.0,0.0,0.0,0.0,0.0,0.0,0.0,0.0,0.0,0.0,0.0,0.0,0.0,0.0,0.0,0.0,0.0,0.0,0.0,0.0,0.0,0.0,0.0,0.08312732805348189,0.0,0.0,0.0,0.0,0.0,0.0,0.16625465610696377,0.0,0.0,0.0,0.1827580407595846,0.0913790203797923,0.0,0.0,0.0,0.0,0.0,0.0,0.0,0.0,0.0,0.0,0.0,0.0,0.0,0.09642293395577446,0.09642293395577446,0.0,0.0,0.0,0.0,0.0,0.0,0.0,0.0,0.0,0.0,0.0,0.0,0.0,0.0,0.0,0.0,0.0,0.10233213576057176,0.0,0.0,0.0,0.0,0.0,0.0,0.10233213576057176,0.0,0.0,0.0,0.0,0.0,0.0,0.10233213576057176,0.10233213576057176,0.10233213576057176,0.0,0.10233213576057176,0.0,0.0,0.0,0.0,0.0,0.0,0.0,0.0,0.0,0.0,0.0,0.0,0.0,0.0,0.0,0.0,0.0,0.0,0.0,0.0,0.046133494303490764,0.0,0.0,0.0,0.08699408358202174,0.0,0.0,0.0,0.08699408358202174,0.0,0.0,0.0,0.0,0.0,0.0,0.0,0.0,0.0913790203797923,0.0,0.0913790203797923,0.0913790203797923,0.0,0.0,0.0,0.0,0.0,0.0,0.0,0.0,0.0,0.0,0.0,0.0,0.09642293395577446,0.0,0.0,0.0,0.0,0.0,0.0,0.0,0.0,0.0,0.0,0.0,0.0,0.0,0.0,0.0,0.0,0.0,0.0,0.0,0.0,0.07375563950511689,0.0,0.0,0.07967839195427852,0.0,0.0,0.0,0.2297196754363827,0.0,0.1098688758945164,0.0,0.0,0.0,0.0,0.16625465610696377,0.0,0.08312732805348189,0.0,0.0,0.0,0.0,0.0,0.0,0.0,0.0,0.0,0.08699408358202174,0.07375563950511689,0.0,0.0,0.0,0.0,0.0,0.0,0.0,0.0,0.06461121666339181,0.0,0.0,0.0,0.0,0.07118199973063306,0.0,0.0,0.0,0.16625465610696377,0.08312732805348189,0.0,0.0,0.0,0.1648033138417746,0.0,0.0,0.0,0.0,0.12922243332678363,0.0,0.0,0.0,0.0,0.0,0.0,0.4504937768157932,0.0,0.0,0.16893516630592245,0.0,0.0,0.0,0.0,0.0,0.0688177504147469,0.0,0.0,0.0,0.0,0.0,0.0,0.0,0.0,0.0,0.0,0.0,0.0,0.0609678785013904,0.0,0.0,0.0,0.0,0.08312732805348189,0.07118199973063306,0.0,0.0,0.0,0.0,0.0,0.0,0.07491197934610418,0.0,0.0,0.0,0.0,0.053631388621658886,0.0,0.0,0.0,0.0765732251454609,0.0,0.0,0.0,0.0,0.05931937474502877,0.0,0.0,0.0,0.07967839195427852,0.0,0.0,0.0,0.0,0.0,0.03688684662016296,0.0,0.0,0.0,0.0,0.0,0.0,0.0,0.0,0.0,0.0,0.0,0.0,0.0,0.0,0.053631388621658886,0.07375563950511689,0.0609678785013904,0.05631172210197415,0.0,0.0,0.0,0.0,0.0,0.0,0.0,0.0,0.0,0.06663506637277199,0.0,0.0,0.0,0.0,0.0,0.0,0.0,0.0,0.10479232243096222,0.0,0.0,0.08933372061301276,0.0,0.0,0.0,0.0,0.0,0.0,0.0,0.0,0.0,0.0,0.0,0.049044103041993095,0.0,0.0,0.060958264596232756,0.0,0.0,0.0,0.0,0.0,0.0,0.0,0.03164864854718797,0.0,0.0,0.0,0.0,0.0,0.0,0.0,0.0,0.0,0.0,0.05010723696185877,0.0,0.0,0.0,0.04524552607630152,0.0,0.0,0.04802974340709055,0.0,0.0,0.0,0.0,0.0,0.01957446081835435,0.0,0.0,0.0,0.0,0.0,0.0,0.0,0.0,0.0,0.042036306890668486,0.053631388621658886,0.10900730480584828,0.0,0.0,0.09049105215260304,0.04130929711890462,0.0,0.018047591327095252,0.0,0.0,0.049044103041993095,0.0,0.0,0.0,0.051223109365542314,0.0,0.0,0.02019702064915922,0.0,0.0,0.0,0.047060605554417635,0.011595081730990409,0.0,0.03928174560974856,0.0,0.030858822354721475,0.10179508604624869,0.0,0.0,0.0555172386152476,0.06583231153254372,0.07807861524189404,0.04466686030650638,0.07491197934610418,0.08407261378133697,0.0,0.05372716981051682,0.0,0.0,0.023152256323542526,0.049044103041993095,0.06411929126952706,0.0,0.0,0.0812177225842813,0.0555172386152476,0.0,0.07890563833101115,0.03164864854718797,0.0,0.07533587645443349,0.0,0.0764916398025479,0.0,0.043909715183953084,0.05259856730681132,0.03591946399167711,0.029052867279633725,0.0,0.0,0.05193715740542579,0.04242090610744942,0.08897790669482053,0.07010000955691309,0.043514289720658524,0.0,0.0,0.041722609182537194,0.0,0.0,0.045470594761872624,0.053762061781264914,0.0,0.04104736883445488,0.021034400473786297,0.0926090252941701,0.02069109013631595,0.06568635679706317,0.016635470924202766,0.021571742986895365,0.009824421880935174,0.04242090610744942,0.011862624985604305,0.0,0.05877065133206687,0.0312095480463295,0.06303556678251716,0.08581138433427792,0.025490883369277205,0.08483544898864394,0.04423124476952887,0.09056694566009883,0.008468486640760083,0.0,0.05917225503578937,0.031646964436545334,0.057715118155432885,0.043442566158126444,0.04872386263541336,0.06438119852081006,0.04553851423037752,0.07454383397564177,0.030378124471006157,0.03166142922823368,0.05878422568812463,0.029785036446771242,0.05699586760433887,0.053700539346551814,0.03657236119023589
22,0.0,0.0,0.0,0.0,0.0,0.0,0.0,0.0,0.0,0.0,0.0,0.0,0.0,0.0,0.0,0.10443671679860185,0.0,0.0,0.0,0.0,0.0,0.0,0.0,0.0,0.0,0.0,0.0,0.0,0.0,0.0,0.0,0.0,0.0,0.0,0.0,0.0,0.0,0.0,0.0,0.0,0.0,0.0,0.0,0.0,0.0,0.0,0.0,0.0,0.0,0.0,0.0,0.0,0.0,0.0,0.0,0.09202601167441314,0.0,0.0,0.0,0.09202601167441314,0.18405202334882628,0.0,0.0,0.09202601167441314,0.0,0.0,0.0,0.0,0.0,0.0,0.0,0.0,0.0,0.09766575164046894,0.0,0.0,0.0,0.0,0.0,0.0,0.0,0.0,0.0,0.0,0.0,0.0,0.0,0.0,0.0,0.0,0.0,0.09766575164046894,0.0,0.0,0.0,0.0,0.0,0.0,0.0,0.0,0.0,0.0,0.0,0.0,0.0,0.0,0.0,0.0,0.0,0.0,0.0,0.0,0.0,0.0,0.0,0.0,0.0,0.3522383160256671,0.0,0.0,0.0,0.0,0.0,0.0,0.0,0.0,0.0,0.0,0.1586733808664483,0.0,0.0,0.0,0.0,0.0,0.0,0.0,0.0,0.0,0.0,0.08721210246645476,0.0,0.0,0.0,0.0,0.0,0.0,0.07039235442954717,0.0,0.0,0.0,0.0,0.0,0.0,0.0,0.0,0.0,0.0,0.0,0.0,0.0,0.28156941771818866,0.0,0.0,0.0,0.0,0.09202601167441314,0.0,0.0,0.0,0.0,0.0,0.0,0.0,0.0,0.0,0.0,0.0598670039822525,0.0,0.0,0.0,0.10485881357189206,0.0,0.11827673260812833,0.06793607360281965,0.0,0.0,0.0,0.07933669043322415,0.17456316050204007,0.0,0.0,0.0,0.0,0.0,0.0,0.0,0.0,0.08302712044622003,0.0,0.0,0.08721210246645476,0.0,0.0,0.0,0.0,0.0,0.0,0.0,0.0,0.0,0.0,0.0,0.0,0.0,0.0,0.0,0.07933669043322415,0.07933669043322415,0.07933669043322415,0.0,0.0,0.0,0.0,0.0,0.063596482126945,0.0,0.0,0.0,0.0,0.08302712044622003,0.0,0.0,0.0,0.053743886261949196,0.0,0.0,0.053743886261949196,0.0,0.0,0.0,0.0,0.0,0.0,0.06567963495053018,0.13135926990106037,0.0,0.0,0.0,0.0,0.0,0.0,0.0,0.0,0.0,0.0,0.0,0.07933669043322415,0.0,0.0,0.0,0.0,0.06793607360281965,0.0,0.1358721472056393,0.0,0.0,0.0,0.0598670039822525,0.035747982368074006,0.06567963495053018,0.0,0.0,0.05818772016734668,0.0,0.0,0.05242940678594603,0.0,0.07308145709832597,0.0,0.0,0.0,0.0,0.0,0.0,0.0,0.11637544033469337,0.0,0.0,0.0,0.0,0.0,0.0,0.0,0.0,0.0,0.0,0.0,0.04680767338166325,0.056614388806180777,0.0,0.0,0.0,0.0,0.0,0.0,0.0,0.0,0.0,0.0,0.0,0.053743886261949196,0.0,0.0,0.0,0.0,0.09777463238434969,0.0,0.13208936850962513,0.0598670039822525,0.0,0.0,0.0,0.30489997052807044,0.0,0.06567963495053018,0.0,0.0,0.0,0.0,0.2000275057351762,0.07039235442954717,0.07039235442954717,0.02131501728578013,0.119734007964505,0.0,0.0,0.0,0.06567963495053018,0.0,0.0,0.056614388806180777,0.0,0.0,0.09777463238434969,0.0,0.0491685890842859,0.04491462413021121,0.08726781698985418,0.0,0.0,0.0,0.0,0.0,0.0,0.05242940678594603,0.06041091639088209,0.0,0.0,0.0,0.0,0.0,0.0,0.0,0.0,0.0,0.119734007964505,0.047822327992421074,0.0,0.0,0.0,0.0,0.0,0.044029789503208384,0.0,0.0,0.0,0.0,0.0,0.03688980730958373,0.0747274319869352,0.0,0.0,0.0,0.0,0.1000137528675881,0.0,0.14042302014498975,0.044029789503208384,0.07622499263201761,0.04011943538706441,0.0,0.034678843483648046,0.0,0.044029789503208384,0.04318231296324637,0.0,0.0,0.0,0.0,0.044029789503208384,0.0,0.0,0.0,0.0,0.0,0.08805957900641677,0.0,0.03855205772727021,0.0,0.0,0.06520697586840568,0.04491462413021121,0.0,0.0,0.11247144942920172,0.04011943538706441,0.0,0.0,0.0,0.06546256229804144,0.052985631522903816,0.0,0.02483940027887335,0.0639450518573404,0.035747982368074006,0.04011943538706441,0.0,0.0256385952665761,0.038112496316008805,0.03520479245379895,0.0,0.04680767338166325,0.0,0.04011943538706441,0.0,0.0,0.026492815761451908,0.0,0.01882687783996795,0.030205458195441046,0.034694970991379664,0.04314031918554365,0.0,0.024334530692642412,0.0,0.041907415553150466,0.025100026365377705,0.05713587139882543,0.0,0.05678337934629213,0.0,0.04956880337119542,0.06072974510100254,0.0169840960948524,0.02230114086350659,0.020765010820318976,0.0,0.036797064371179654,0.0,0.059265064483490754,0.0,0.0,0.017103497138942898,0.07090807328102276,0.0,0.06022567155401359,0.08838601869121966,0.019747568595188083,0.031345517033472284,0.0,0.02058806334248231,0.0,0.020243248367000848,0.05660842398319442,0.05483710002767693,0.0,0.052126166476312484,0.070187974593684,0.05849882337984781,0.04865697888031801,0.0161933840814548,0.06754285322869662,0.024696302474663853,0.016164640889783425,0.02731411096538792,0.00941232963522713,0.04027180117450813,0.011016657384845993,0.010365392174925598,0.04650203605882424,0.01365453144489978,0.04346194074660991,0.07622636457204629,0.02485103185541624,0.025900848062223425,0.06098222037913931,0.024365852153246177,0.04144520721560306,0.06264105763473896,0.03807779746745364
23,0.0,0.0,0.0,0.0,0.0,0.0,0.0,0.0,0.0,0.0,0.0,0.0,0.0,0.0,0.0,0.0,0.0,0.0,0.09037590094350291,0.0,0.0,0.0,0.0,0.0,0.0,0.0,0.518068222320522,0.0,0.0,0.0,0.0,0.0,0.0,0.0,0.0,0.0,0.0,0.0,0.0,0.0,0.1373104229158305,0.0,0.0,0.0,0.0,0.0,0.0,0.0,0.0,0.0,0.0,0.0,0.0,0.0,0.0,0.0,0.0,0.0,0.0,0.0,0.0,0.07963610854744668,0.0,0.15927221709489336,0.0,0.0,0.0,0.0,0.0,0.0,0.0,0.0,0.0,0.0,0.0,0.0,0.0,0.0,0.0,0.0,0.0,0.0,0.0,0.0,0.0,0.0,0.0,0.0,0.0,0.0,0.0,0.0,0.0,0.0,0.0,0.0,0.0,0.0,0.0,0.0,0.0,0.0,0.0,0.0,0.06580672056159652,0.07184878118623815,0.07184878118623815,0.0,0.0,0.0,0.0,0.0,0.0,0.055034182854903586,0.0,0.0,0.0,0.0,0.0,0.0,0.0,0.1436975623724763,0.0,0.0,0.0,0.0,0.0,0.0,0.0,0.0,0.0,0.0,0.0,0.0,0.0,0.0,0.0,0.0,0.0,0.0,0.07547031901416935,0.0,0.0,0.0,0.0,0.0,0.0,0.0,0.0,0.0,0.0,0.0,0.0,0.0,0.07963610854744668,0.0,0.0,0.0,0.0,0.0,0.0,0.0,0.0,0.0,0.0,0.07963610854744668,0.0,0.0,0.0,0.0,0.0,0.0,0.0,0.0,0.0,0.0,0.0,0.0,0.0,0.0,0.0,0.0,0.03411752302505834,0.1175790286525198,0.06580672056159652,0.1373104229158305,0.0,0.0,0.15106088534304038,0.0,0.0,0.0,0.0,0.07184878118623815,0.0,0.0,0.0,0.0,0.0,0.0,0.0,0.0,0.0,0.0,0.0,0.0,0.0,0.0,0.0,0.0,0.02872685409674061,0.0,0.0,0.0,0.0,0.0,0.0,0.0,0.0,0.0,0.0,0.0,0.0,0.056836870827157354,0.27517091427451795,0.0,0.0,0.0,0.07184878118623815,0.0,0.0,0.0,0.0,0.0,0.0,0.05035362844768012,0.04650808920482871,0.0,0.0,0.0,0.0,0.0,0.0,0.0,0.0,0.0,0.0,0.0,0.0,0.0,0.0,0.0,0.0,0.0,0.0,0.0,0.0,0.0,0.0,0.0,0.0,0.0587895143262599,0.0,0.17636854297877974,0.0,0.0,0.0,0.0,0.21654542087532166,0.056836870827157354,0.0,0.0,0.0,0.0,0.0,0.04537058440233074,0.0,0.0,0.0,0.0,0.0,0.0,0.14697636669078587,0.0,0.0,0.0,0.0,0.0,0.0,0.0,0.0,0.0,0.0,0.0,0.0,0.0,0.0,0.0,0.14697636669078587,0.0,0.19085181138682694,0.0,0.0,0.0,0.0518068222320522,0.0,0.0,0.13288317137654204,0.0,0.0,0.23254044602414356,0.0,0.0,0.0,0.0,0.0,0.0,0.0,0.1036136444641044,0.0,0.0,0.0,0.1319249128985006,0.0,0.0,0.12415133613972286,0.0,0.0,0.0,0.0,0.0,0.06091509428980701,0.03689054864762862,0.0,0.0,0.0,0.06384631140147988,0.0,0.0,0.048992122230261954,0.048992122230261954,0.0,0.0,0.0,0.121517195751035,0.0,0.03886755296161299,0.050345688282791026,0.03666526669047867,0.0,0.0,0.0,0.0,0.0,0.04537058440233074,0.026138752552788448,0.0,0.0,0.0,0.0,0.0,0.0,0.0,0.0,0.0,0.0518068222320522,0.0,0.0,0.0,0.0,0.0,0.0,0.0,0.0,0.0,0.0,0.0,0.0,0.0,0.03233325978658121,0.0,0.0737075411457192,0.0,0.0,0.0,0.0,0.0,0.0,0.0,0.0,0.044294390458847345,0.0,0.0,0.0,0.037368471151804174,0.0,0.0,0.0,0.04050573191701167,0.0,0.08101146383402334,0.0,0.0,0.0,0.0,0.03810184786236518,0.0,0.0,0.0,0.04299030547711607,0.0,0.0,0.0,0.026827006293045772,0.0,0.0,0.0,0.0,0.0,0.028324511853262728,0.0,0.0,0.021495152738558034,0.03689054864762862,0.0,0.0,0.0,0.0,0.0,0.03046500247299719,0.0,0.0,0.0,0.0,0.0,0.0,0.022925960968197576,0.027933866065181848,0.11404487513860707,0.0,0.0,0.012444043732570968,0.01629212501980101,0.0,0.0,0.09670725144512762,0.0,0.009888679024291382,0.07198465750969557,0.024569180381906402,0.0,0.0,0.017517802792660065,0.04409233744613075,0.05789589407030341,0.0,0.0,0.0,0.03445887920468371,0.01282148118343083,0.0,0.01877717816507383,0.05920308529795845,0.015340344859984508,0.01695059767413335,0.03474480044610991,0.1338508242221629,0.017088858764828962,0.0,0.0,0.017816193674939945,0.0162280630806134,0.05255340837798019,0.029392176287993867,0.00949082367207591,0.038831143396082755,0.012888048796950165,0.04338445077932049,0.13161940049243656,0.021053028275380466,0.028026382302076512,0.051143080709187584,0.021371320877744085,0.0,0.03545502189227371,0.01629020514693683,0.026137361638693214,0.019066863973929146,0.05381909840663493,0.02299499657838871,0.0,0.005014726840820024,0.05716849118796037,0.023297319825204593,0.022413692718225714,0.06332627003885755,0.010542680333643417,0.040348395313536366,0.051743419390486683,0.04393493473119762
24,0.0,0.0,0.10907426187885232,0.10907426187885232,0.0,0.0,0.0,0.0,0.10907426187885232,0.0,0.0,0.0,0.0,0.10907426187885232,0.0,0.0,0.0,0.0,0.0,0.0,0.0,0.0,0.0,0.0,0.0,0.0,0.062525417022205,0.0,0.0,0.0,0.0,0.0,0.0828596609907099,0.0,0.0,0.0,0.0,0.0,0.0,0.0,0.0828596609907099,0.0,0.0,0.0,0.0,0.09108478315893151,0.0,0.0,0.0,0.25010166808882,0.0,0.0,0.0,0.0,0.0,0.0,0.0,0.0,0.19222491102239705,0.09611245551119853,0.0,0.0,0.0,0.0,0.0,0.0,0.0,0.0,0.0,0.0,0.0,0.0,0.0,0.10200262989471988,0.0,0.0,0.0,0.0,0.0,0.10200262989471988,0.0,0.0,0.0,0.10200262989471988,0.0,0.0,0.0,0.0,0.0,0.0,0.0,0.0,0.0,0.0,0.0,0.0,0.10200262989471988,0.0,0.0,0.07095279620351048,0.0,0.0,0.0,0.0,0.0,0.0,0.0,0.0,0.0,0.0,0.0,0.0,0.0,0.0,0.0,0.0,0.07942183034403315,0.09196989215976556,0.0,0.0,0.0,0.0867139657029055,0.0,0.0,0.0,0.0,0.0,0.0,0.1657193219814198,0.0,0.0,0.0,0.0,0.0,0.0,0.0,0.0,0.0,0.0,0.0,0.0,0.0,0.0,0.0,0.0,0.0,0.0,0.06440317082586305,0.0,0.0,0.0,0.0,0.0,0.0,0.0,0.0,0.0,0.0,0.0,0.09611245551119853,0.0,0.09611245551119853,0.0,0.0,0.0,0.0,0.0,0.0,0.0,0.0,0.0,0.0,0.0,0.0,0.0,0.0,0.062525417022205,0.0,0.0763266620627587,0.0,0.10951510199140448,0.0,0.0,0.14190559240702097,0.0,0.0,0.0,0.0,0.0,0.0,0.0,0.0,0.0,0.0,0.0,0.0,0.0,0.0,0.07351814894874412,0.07095279620351048,0.0,0.09108478315893151,0.0,0.0,0.0,0.0,0.0,0.0,0.0,0.0,0.06934061788578436,0.0,0.0,0.0,0.0,0.14703629789748823,0.0,0.0828596609907099,0.0,0.0,0.0,0.0,0.0,0.0,0.0,0.0,0.0,0.0,0.0,0.0,0.0,0.0,0.0,0.05613040034404432,0.0,0.0,0.0,0.0,0.0,0.0,0.0,0.0,0.0,0.0,0.1371923193739744,0.0,0.0,0.0,0.0,0.0,0.0,0.0,0.0,0.0,0.1588436606880663,0.0,0.0,0.0,0.0828596609907099,0.0,0.0,0.0,0.0,0.0,0.0,0.0,0.0,0.0,0.0,0.0,0.0,0.0,0.0,0.0,0.0,0.0,0.0,0.0,0.0763266620627587,0.0763266620627587,0.0,0.0,0.0,0.0,0.0,0.06077156408417002,0.0,0.0,0.0,0.0,0.0,0.0,0.0,0.0,0.0,0.0,0.0,0.0488861827609624,0.0,0.0,0.1727536343035202,0.0,0.0,0.0,0.0,0.0,0.0,0.053458697442946804,0.0,0.0,0.05613040034404432,0.0,0.0,0.06077156408417002,0.0,0.051058172761046836,0.0,0.04598494607988278,0.0,0.0,0.0,0.1328410076212012,0.039804893637606115,0.0,0.0,0.04994589342712406,0.0,0.12154312816834004,0.0,0.05222744742542579,0.0,0.0,0.06678455188891683,0.0,0.057584544767840064,0.0,0.0,0.0685961596869872,0.0,0.0,0.0,0.0,0.0,0.0,0.0,0.1797317748237282,0.09381814413059877,0.09114297170317157,0.0,0.0,0.0,0.0,0.0,0.0,0.0,0.25237392812596493,0.0,0.0,0.0,0.0,0.0,0.0,0.0,0.04994589342712406,0.0,0.062525417022205,0.0,0.12352884791995579,0.0,0.0,0.0,0.0,0.09196989215976556,0.04787508932828753,0.0,0.045099837079048716,0.0,0.0,0.0,0.0780457269812049,0.051058172761046836,0.0,0.04787508932828753,0.0,0.05222744742542579,0.0,0.0977723655219248,0.0,0.07960978727521223,0.0838019029318804,0.10691739488589361,0.03621876837707902,0.0,0.0,0.045099837079048716,0.0,0.02150228273574355,0.0,0.0,0.09196989215976556,0.0,0.0,0.0,0.04690907206529939,0.0,0.04598494607988278,0.0,0.060395960866263046,0.0,0.0,0.0170256280076149,0.0,0.0,0.0,0.03915525977513647,0.0419009514659402,0.030759458035745934,0.020293461892304895,0.0,0.13673889571091624,0.11067695013221546,0.06562033381262869,0.02594240161873549,0.2003536556667505,0.0,0.0,0.03467030894289218,0.0,0.039804893637606115,0.0,0.04615541375044592,0.0488861827609624,0.0,0.0,0.028299038135258775,0.0,0.0,0.03371325531113799,0.019662891240040566,0.031546741015745616,0.0,0.015018659518170083,0.019662891240040566,0.0,0.0,0.1458944248354431,0.026214600888142408,0.011934601528406807,0.11583727228907152,0.05930486306963834,0.010345421359470464,0.017256640530480205,0.04228431228681559,0.08869140097529014,0.0,0.0,0.013876177016212831,0.0,0.0,0.09284512231754513,0.02895931807226788,0.0,0.017862983279863447,0.0,0.0,0.041933340893127787,0.09231082750089184,0.08249786222505917,0.032737424523122824,0.0,0.02150228273574355,0.01958557517836407,0.021142156143407795,0.023648855503564485,0.04581772688722231,0.03514884714527499,0.06221810880600815,0.02094419816066673,0.012219296386428859,0.05081760724880087,0.0676498254693922,0.1058131721334958,0.0,0.02532365523788822,0.028527002607445416,0.009830287077126793,0.0525751038797997,0.046023422009389366,0.0,0.020814417221653104,0.02852173037048137,0.02118287818341713,0.042459317406222434,0.03028030798225237,0.06311896108689878,0.03311888057507501,0.046654346640825684,0.032464195955448506,0.041632597614957925,0.05302487196776808
25,0.10434625687509047,0.0,0.0,0.0,0.10434625687509047,0.0,0.10434625687509047,0.0,0.0,0.0,0.0,0.0,0.0,0.0,0.0,0.0,0.0,0.10434625687509047,0.10434625687509047,0.0,0.0,0.0,0.0,0.0,0.0,0.29207262460743755,0.0,0.0,0.0,0.0,0.0,0.0,0.237803914178837,0.0,0.0,0.08713656198260754,0.0,0.08295520486714816,0.0,0.0,0.0,0.0,0.0,0.0,0.0,0.0,0.0,0.0,0.0,0.0,0.0,0.0,0.0,0.0,0.0,0.0,0.18389260305618768,0.0,0.0,0.0,0.0,0.0,0.0,0.0,0.0,0.0,0.0,0.0,0.0,0.0,0.0,0.0,0.0,0.0,0.0,0.0,0.0,0.0,0.0,0.0,0.0,0.0,0.0,0.0,0.0,0.0,0.0,0.0,0.0,0.0,0.0,0.0,0.09758115652206709,0.0,0.0,0.0,0.0,0.0,0.0,0.06787722943182158,0.20363168829546477,0.0,0.0,0.0,0.0,0.0,0.0,0.0,0.0,0.0,0.0,0.0,0.0,0.19062419033626143,0.0,0.0,0.15195831844863708,0.0,0.0,0.0,0.0,0.0,0.0,0.0,0.0,0.0,0.0,0.0,0.0,0.0,0.0,0.0,0.0,0.0,0.0,0.0,0.0,0.0,0.0,0.0,0.0,0.0,0.0,0.0,0.0,0.0,0.0,0.061611508442110115,0.03517429912798188,0.0,0.0,0.0,0.0,0.0,0.0,0.0,0.0,0.0,0.0,0.0,0.14066276540486333,0.0,0.0,0.0,0.0,0.0,0.0,0.0,0.0,0.0,0.0,0.0,0.0,0.0,0.0,0.0,0.05981514899516464,0.0,0.0,0.0,0.0,0.0,0.0,0.0,0.0,0.0,0.0,0.0,0.0,0.0,0.0,0.0,0.0,0.0,0.0,0.0,0.0,0.0,0.0,0.0,0.08713656198260754,0.0,0.0,0.0,0.0,0.07597915922431854,0.0,0.0,0.0,0.0,0.0,0.0,0.0,0.0,0.0,0.0,0.0,0.0,0.0,0.0,0.0,0.0,0.14989068597237168,0.0,0.0,0.0,0.0,0.0,0.0,0.0,0.0,0.0,0.0,0.053697334934126095,0.0,0.0,0.0,0.0,0.0,0.0,0.0,0.0,0.0,0.0,0.0,0.0,0.0,0.07301815615185939,0.0,0.0,0.0,0.0,0.0,0.0,0.0,0.0,0.0,0.0,0.0,0.0,0.0,0.0,0.0,0.0,0.12708279355750762,0.0,0.0,0.05981514899516464,0.0,0.0,0.0,0.0,0.0,0.15342432429527153,0.0,0.0,0.0,0.0,0.0,0.0,0.0,0.0,0.0,0.0,0.17944544698549392,0.0,0.0,0.0,0.0,0.0,0.0,0.0,0.0,0.0,0.0,0.0,0.0,0.0,0.0,0.0,0.11017689410640293,0.0,0.0,0.0,0.17944544698549392,0.0,0.0,0.0,0.0,0.0,0.0,0.0,0.0,0.0,0.0,0.0,0.0,0.0,0.0,0.0,0.0,0.0,0.07615896885020489,0.0,0.0,0.0,0.0,0.0,0.0,0.0,0.0,0.0,0.0,0.0,0.0,0.0,0.0,0.0,0.0,0.0,0.0,0.0,0.0,0.0,0.0,0.07368900111062308,0.0,0.2034485325781367,0.0,0.0,0.0,0.0,0.0,0.0,0.0,0.0,0.10241906599844172,0.0,0.0,0.0,0.0,0.0,0.05813731972507895,0.0,0.0,0.0,0.0,0.0,0.0,0.0,0.0,0.049963561990790564,0.04399165223201895,0.045799864082655364,0.0,0.0,0.0,0.0,0.07371570894978474,0.055997029010124315,0.0,0.0,0.0,0.05921373087818016,0.0,0.0,0.0467671299915257,0.0,0.07615896885020489,0.0,0.05114144143175717,0.034648805718912074,0.0,0.04399165223201895,0.0,0.0,0.0,0.0,0.0935342599830514,0.0,0.0,0.04314490975058858,0.0,0.04487572044204571,0.0,0.0,0.0,0.019259332550785956,0.0,0.0,0.0,0.0,0.0,0.0,0.0,0.0,0.0,0.019413808088394345,0.0,0.0,0.0,0.0,0.04963577028413845,0.31944832294298764,0.0,0.0,0.0,0.025616387891259754,0.0,0.07034859825596376,0.0,0.0,0.0,0.0,0.027072369335484923,0.0,0.0,0.0,0.018810570568142795,0.0,0.0,0.04310295234662525,0.0,0.0,0.0,0.2930978163263286,0.07523485644643442,0.034251829221677264,0.0,0.0,0.0,0.016508622791273773,0.0404514285557779,0.15272446486325905,0.0,0.020747024796360168,0.0,0.0,0.03978555149748834,0.13323089447590536,0.0,0.0433595291609204,0.017088682607326117,0.017711663713461345,0.058712490850756485,0.02005783529997649,0.11038682674583113,0.03946092769778744,0.015659183247615317,0.031726270149799445,0.0,0.0843147265479588,0.06067714283366685,0.0339356348876922,0.010957920358234799,0.01120842066651733,0.044640871172923265,0.05009084278156941,0.046758522775513886,0.0,0.016179357862225564,0.016871087413321637,0.07402473385454145,0.008075319783518478,0.027290452309079574,0.009404176960143437,0.050296148698850775,0.0440284603584701,0.03106924195773796,0.13938527220745858,0.0341067607574769,0.03184448324114096,0.02030942389384017,0.04552076218010295,0.012939206765736035,0.021934583793129014,0.020287289324581195,0.08281861726274732,0.019913981769286434,0.012681605210546603
26,0.0,0.0,0.0,0.0,0.0,0.0,0.0,0.0,0.0,0.0,0.0,0.0,0.0,0.0,0.0,0.0,0.0,0.0,0.0,0.0,0.10624523600514153,0.0,0.0,0.0,0.0,0.0743470007007652,0.0,0.0,0.0,0.0,0.0,0.0,0.0,0.0,0.0,0.0,0.0,0.08446489201347675,0.0,0.0,0.0,0.0,0.0,0.0,0.08872234490980398,0.0,0.0,0.0,0.0,0.0,0.0,0.0,0.0,0.0,0.0,0.0,0.0,0.0,0.09361961605720287,0.0,0.0,0.0,0.0,0.0,0.0,0.0,0.0,0.0,0.0,0.0,0.09935701878364753,0.0,0.0,0.0,0.0,0.0,0.0,0.0,0.0,0.0,0.0,0.0,0.0,0.0,0.0,0.0,0.0,0.0,0.0,0.0,0.09935701878364753,0.0,0.0,0.0,0.0,0.0,0.0,0.0,0.0,0.0,0.06911251516182161,0.0,0.0,0.0,0.0,0.0,0.0,0.0,0.06681700200809111,0.0,0.0,0.0,0.0,0.0,0.0,0.0,0.0,0.0,0.0,0.0,0.0,0.0,0.0,0.0,0.08446489201347675,0.0,0.0,0.0,0.0,0.0,0.0,0.0,0.17744468981960795,0.0,0.08872234490980398,0.08872234490980398,0.0,0.0,0.0,0.0,0.0,0.0,0.0,0.0,0.0,0.0,0.0,0.0,0.0,0.0,0.0,0.09361961605720287,0.0,0.0,0.0,0.0,0.0,0.0,0.0,0.0,0.0,0.0,0.0,0.0,0.0,0.0,0.0,0.0,0.0,0.0,0.0,0.0,0.0,0.0,0.0,0.15472378109208434,0.0,0.0,0.0,0.0,0.0,0.0,0.0,0.0,0.07736189054604217,0.0,0.0,0.0,0.0,0.0,0.06090371434484157,0.0,0.0,0.0,0.0,0.0,0.0,0.0,0.07161133113507578,0.0,0.0,0.0,0.06681700200809111,0.0,0.0,0.0,0.0,0.0,0.0,0.0,0.0,0.0,0.13822503032364322,0.0,0.0,0.0,0.0,0.08071055522742744,0.0,0.0,0.0,0.0,0.0,0.0,0.0,0.0,0.0,0.0,0.0,0.08446489201347675,0.0,0.0,0.0,0.054674563264427704,0.0,0.059195350555712276,0.0,0.0,0.0,0.0,0.0,0.0,0.06681700200809111,0.0,0.0,0.0,0.0743470007007652,0.0,0.0,0.0,0.0,0.0,0.0,0.0,0.0,0.0,0.08071055522742744,0.0,0.0,0.0,0.0,0.0,0.0,0.0,0.0,0.0,0.0,0.0,0.0,0.0,0.0,0.0,0.0,0.0,0.0,0.0,0.0,0.0743470007007652,0.0,0.0743470007007652,0.0,0.0,0.0,0.0,0.06090371434484157,0.0,0.0,0.0,0.0,0.0,0.0,0.0,0.0,0.0,0.0,0.0,0.0,0.0,0.0,0.0,0.0,0.0,0.06911251516182161,0.0,0.1827111430345247,0.0,0.0,0.0,0.07161133113507578,0.0,0.054674563264427704,0.0,0.0,0.0,0.0,0.0,0.0,0.0,0.12180742868968314,0.0,0.0,0.0,0.03877248624780258,0.0,0.0,0.09730092403552242,0.0,0.0,0.06273276542061954,0.0,0.07161133113507578,0.07161133113507578,0.3686301608650233,0.06090371434484157,0.056090991987670744,0.0,0.0,0.0,0.0,0.0,0.0,0.0,0.0,0.0,0.0,0.050020036165764614,0.0,0.1183720323140183,0.0,0.0,0.0,0.0,0.0,0.054674563264427704,0.05333732109105309,0.0,0.03476099084051331,0.0,0.05207215550687623,0.0,0.0,0.0,0.0,0.0,0.0,0.0,0.04865046201776121,0.0,0.0,0.0,0.0,0.0,0.0,0.0,0.05207215550687623,0.0,0.04865046201776121,0.0,0.0,0.3040859150262519,0.0,0.0,0.04663336773344995,0.0,0.05087284004565267,0.0,0.0,0.0,0.0,0.0,0.0,0.03527937322475152,0.0,0.044792248554176156,0.0,0.0,0.0,0.0,0.0,0.0,0.14285471023212892,0.0,0.0,0.0,0.0,0.0,0.040814179263329246,0.019609829747982362,0.0,0.0,0.033168078970159075,0.0,0.0,0.03153762878333959,0.0,0.0,0.029961659351202943,0.0,0.03877248624780258,0.0,0.08085476686645152,0.0,0.05053908291552896,0.10842063554853626,0.0,0.0,0.13508430284314135,0.026082576017691796,0.03877248624780258,0.10744328998714661,0.022479147428371666,0.04761823674404298,0.0,0.040814179263329246,0.0,0.0,0.0,0.0,0.22983480990173863,0.030728522812592224,0.0,0.0585165005016905,0.0,0.04951185820021424,0.05390317791096768,0.028422081124312132,0.02553468077771409,0.023250114814826854,0.0,0.14441672729549684,0.0,0.03361812061314958,0.0,0.1900602861302634,0.0,0.06337378872725083,0.0,0.01871713755590173,0.0,0.03014567556279547,0.08462462720728986,0.06622293238014836,0.1739967652894062,0.01803399515837947,0.05978098911928917,0.061268592923729055,0.067437442285115,0.020089535081512323,0.07972080981219219,0.03230365094613171,0.1047229229222629,0.0,0.020593798485739973,0.046070964697765164,0.06694404971209612,0.011412400737906267,0.015151094172037558,0.24481169854608076,0.03570710466511847,0.03712467484787243,0.032947606286280726,0.051534364075103554,0.012561982822262318,0.008222281104380681,0.013893553219336337,0.028725965755358226,0.0819383671049114,0.0336222949089228,0.0527244426897553,0.033790933380785905,0.06945492736527815,0.03537165313819491,0.04652782091602159,0.01264068722852333,0.021957808513607298,0.03722294569328675,0.0537068847272094,0.05533881850569659,0.037656158079761984,0.032280988769233895
27,0.0,0.0,0.0,0.0,0.0,0.11478393537630384,0.0,0.0,0.11478393537630384,0.0,0.0,0.0,0.0,0.0,0.0,0.0,0.0,0.0,0.0,0.0,0.11478393537630384,0.0,0.0,0.0,0.0,0.0,0.0,0.0,0.0,0.0,0.0,0.0,0.0,0.0,0.0,0.09585276749790692,0.0,0.0,0.0,0.0,0.0,0.0,0.0,0.0,0.0,0.0,0.0,0.0,0.0,0.0,0.0,0.0,0.0,0.0,0.0,0.0,0.0,0.0,0.0,0.0,0.1011436217144298,0.0,0.0,0.0,0.0,0.0,0.0,0.0,0.0,0.4066467709668652,0.0,0.0,0.0,0.0,0.0,0.10734212706433728,0.0,0.0,0.0,0.0,0.0,0.0,0.0,0.0,0.0,0.0,0.0,0.0,0.0,0.0,0.0,0.10734212706433728,0.0,0.0,0.0,0.0,0.0,0.0,0.0,0.0,0.0,0.23209973588336286,0.0,0.0,0.0,0.0,0.0,0.0,0.14437387931754309,0.0,0.0,0.0,0.0,0.06989739546003465,0.0,0.0,0.0,0.0,0.0,0.0,0.0,0.0,0.0,0.0,0.09125315233872902,0.0,0.0,0.0,0.17439417528259446,0.0,0.0,0.0,0.0,0.0,0.0,0.09585276749790692,0.0,0.0,0.0,0.0,0.0,0.0,0.0,0.0,0.0,0.0,0.0,0.0,0.0,0.0,0.0,0.0,0.0,0.0,0.1011436217144298,0.0,0.0,0.0,0.0,0.0,0.0,0.0,0.0,0.0,0.0,0.0,0.0,0.0,0.0,0.0,0.0,0.0,0.0,0.0,0.0,0.08357929803643968,0.0,0.0,0.0,0.0,0.0,0.0,0.0,0.0,0.0,0.0,0.0,0.0,0.0,0.0,0.0,0.0,0.0,0.0,0.0,0.0,0.0,0.0,0.0,0.0,0.0,0.0,0.0,0.0,0.0,0.08357929803643968,0.0,0.0,0.0,0.0,0.0,0.0,0.0,0.0,0.0,0.0,0.0,0.0,0.0,0.0,0.0,0.0,0.10992275990476698,0.0,0.0,0.0,0.0,0.0,0.0,0.0,0.0,0.0,0.0,0.11813727885489383,0.0,0.12790550519245333,0.0,0.0,0.0,0.0,0.0,0.0,0.0,0.0,0.0,0.0,0.0,0.0,0.0,0.0,0.0,0.0,0.0,0.0,0.0,0.0,0.08719708764129723,0.0,0.08719708764129723,0.0,0.0,0.0,0.0,0.0,0.0,0.0,0.12444708231549063,0.0,0.0,0.0,0.0,0.0,0.06395275259622667,0.0,0.0,0.0,0.0,0.0803221080279371,0.0,0.1606442160558742,0.0,0.0,0.0,0.0,0.1315968277617052,0.0,0.0,0.06777446182781087,0.06777446182781087,0.0,0.0,0.0,0.0,0.0,0.0,0.0,0.0,0.0,0.0,0.0,0.06059890345760072,0.0,0.0,0.0,0.1315968277617052,0.0657984138808526,0.0,0.0,0.0,0.0,0.0,0.05496137995238349,0.06777446182781087,0.0,0.0,0.0,0.0,0.0,0.0657984138808526,0.0,0.0,0.06989739546003465,0.0418885469427639,0.14437387931754309,0.0,0.0,0.07466693823000636,0.0,0.06777446182781087,0.0,0.0,0.0,0.14056100047996953,0.0,0.0,0.0,0.0,0.0,0.07218693965877154,0.0,0.0,0.0,0.0,0.10746179532519838,0.0,0.16212011421840106,0.049364605395965114,0.0,0.046567542435740475,0.0,0.0,0.0,0.0,0.0,0.057623925998567416,0.0,0.0,0.0,0.0562570817981606,0.0,0.0,0.0,0.0,0.05256039421855852,0.0562570817981606,0.0,0.0,0.0,0.0,0.0,0.047460662997775856,0.0,0.04839210450013105,0.05038119043791004,0.0,0.0,0.0,0.0,0.0,0.12319674038441732,0.0,0.031204637339864172,0.0,0.04885262726755324,0.0,0.0,0.0,0.24196052250065525,0.0,0.0,0.0,0.03811469999605831,0.0,0.0967842090002621,0.0,0.0,0.0,0.0,0.0,0.0,0.0,0.0,0.035478031685023705,0.049364605395965114,0.0,0.0967842090002621,0.08818865280269418,0.06355748780370163,0.0,0.0,0.035833725597660133,0.0,0.03648826619044057,0.034072239662713236,0.0,0.04409432640134709,0.0,0.06406727063608306,0.0,0.17987090054917948,0.0,0.0,0.05460079948500472,0.0468536668266565,0.0,0.08818865280269418,0.0,0.028178776128064558,0.0418885469427639,0.0,0.0,0.051445211236551436,0.033629226340161605,0.0,0.0,0.0,0.0,0.0,0.10346088978878064,0.0,0.0,0.03160967241725761,0.0,0.0,0.058235259504816804,0.015353151095053483,0.05517369547001324,0.03767801423492883,0.0,0.0,0.0,0.0544799041683028,0.0,0.09333409974654484,0.0,0.022822334262806433,0.0,0.0,0.04376527063606133,0.09770525453510648,0.0,0.023848375314084472,0.09399025412159939,0.05845004480207934,0.02152848588733567,0.0,0.0,0.0,0.0,0.03489982536666417,0.04525571091599802,0.010305407329173745,0.06674663232218923,0.04977358828904423,0.07232419791141935,0.012329590653127472,0.04910626432904603,0.0661216710552477,0.09001255033246143,0.0,0.03559553400197006,0.04639672436206411,0.04071468647494985,0.03553235207215742,0.07505073991262841,0.020689739580263097,0.04426178804927716,0.06054074314513361,0.04556943351067251,0.02920530997397318,0.02251106080806153,0.057321594369244736,0.061437641285164185,0.01365659186714664,0.03795601599769325,0.0536192975625703,0.03124325651099234,0.0483984166757079,0.05320019479110348,0.04882547863160914
28,0.0,0.0,0.0,0.0,0.0,0.11300869754519026,0.0,0.0,0.0,0.0,0.0,0.0,0.0,0.0,0.0,0.0,0.0,0.0,0.0,0.0,0.0,0.0,0.0,0.0,0.0,0.0,0.0,0.0,0.0,0.0,0.0,0.0,0.0,0.0,0.0,0.0,0.0,0.0,0.0,0.0,0.0,0.0,0.0,0.0,0.1887406347504726,0.0,0.0,0.0,0.0,0.0,0.0,0.0,0.0,0.0,0.0,0.0,0.0,0.0,0.0,0.0,0.0,0.0,0.0,0.0,0.0,0.0,0.0,0.0,0.0,0.0,0.0,0.0,0.0,0.0,0.0,0.0,0.10568198355895829,0.0,0.10568198355895829,0.0,0.0,0.0,0.10568198355895829,0.0,0.0,0.0,0.0,0.0,0.0,0.0,0.0,0.0,0.0,0.0,0.0,0.0,0.0,0.0,0.0,0.0,0.0,0.15234006841794986,0.0,0.0,0.0,0.0,0.0,0.0,0.0,0.0,0.0,0.0,0.0,0.0,0.0,0.0,0.0,0.0,0.0,0.0,0.0,0.0,0.0,0.0,0.0,0.0,0.0,0.0,0.0,0.0,0.0,0.0,0.0943703173752363,0.0,0.0,0.0,0.1887406347504726,0.0,0.0,0.0,0.0,0.0,0.0,0.0,0.0,0.0,0.0,0.0,0.0,0.0,0.09957934372505216,0.0,0.0,0.0,0.0,0.0,0.0,0.0,0.0,0.0,0.0,0.09957934372505216,0.0,0.0,0.09957934372505216,0.0,0.0,0.0,0.0,0.0,0.0,0.0,0.0,0.0,0.0,0.0,0.0,0.0,0.0,0.0,0.0,0.0,0.0,0.22053643860695202,0.0,0.0,0.0,0.0,0.06296366518220421,0.0,0.0,0.0,0.08984183944281723,0.0,0.0,0.0,0.0,0.0,0.0,0.0,0.0,0.0,0.3553525153091724,0.0,0.0,0.0,0.0,0.0,0.0,0.0,0.0,0.0,0.0,0.0,0.0,0.0,0.0,0.0,0.0,0.0,0.0,0.0,0.0,0.0,0.0688163687439688,0.0,0.0,0.08984183944281723,0.08984183944281723,0.0,0.0,0.0,0.0,0.0,0.0,0.0,0.0,0.0,0.0,0.0,0.07351214620231733,0.07351214620231733,0.0,0.0,0.0,0.0,0.0,0.0,0.0,0.0,0.0,0.0,0.0,0.0,0.082286668268295,0.0,0.0,0.0,0.08584850547048839,0.0,0.0,0.0,0.0,0.0,0.0,0.0,0.0,0.0,0.0,0.0,0.0,0.0,0.0,0.0,0.15234006841794986,0.11346543927405503,0.0,0.0,0.0790798536621278,0.0790798536621278,0.0,0.0,0.061261197569446584,0.061261197569446584,0.06478078163845195,0.0,0.0,0.0,0.0,0.0,0.0,0.0,0.11428301840122065,0.0,0.0,0.0,0.0,0.0,0.0,0.0,0.0,0.07351214620231733,0.0,0.0,0.0,0.0,0.0,0.0,0.0,0.0,0.05815508926034175,0.16233405685236907,0.0,0.0,0.06296366518220421,0.0,0.0,0.19057470657725933,0.0,0.0,0.0,0.0,0.0,0.0,0.0,0.0,0.0,0.0,0.06672626820885492,0.054111352284123025,0.0,0.07617003420897493,0.0,0.06478078163845195,0.0,0.0,0.0,0.0,0.07107050306183448,0.061261197569446584,0.0,0.0,0.0,0.0,0.050649564311593245,0.05320425979366097,0.0,0.0,0.0,0.0,0.0,0.0,0.0,0.05815508926034175,0.0,0.0,0.14789535787097674,0.0,0.0,0.0,0.0,0.0,0.0,0.0,0.0,0.06478078163845195,0.0,0.0,0.0,0.0,0.0934532814618429,0.0,0.047643676644314834,0.0,0.0,0.0,0.051747499975743676,0.0,0.03991765735788534,0.06064569544080156,0.0,0.0,0.0,0.0,0.054111352284123025,0.0,0.0,0.0,0.0,0.0,0.0,0.22515132922177652,0.0,0.0,0.0,0.08532311822684094,0.06683368535412298,0.0,0.0,0.0,0.050649564311593245,0.04672664073092145,0.0,0.0,0.1057998010414577,0.0,0.04341236758795985,0.020858171172918945,0.0,0.0,0.0,0.04860113693036829,0.0,0.033545281524871726,0.0,0.13023710276387954,0.0,0.0,0.0,0.0,0.0,0.0,0.10751269704245213,0.04612903230698797,0.07736422689493343,0.04341236758795985,0.035920907367471736,0.055485931514898675,0.1237221075373468,0.2285660368024413,0.02391014664115067,0.050649564311593245,0.03310911980578971,0.04341236758795985,0.029319817401095887,0.041938194483355784,0.0,0.03492933169652599,0.04074430925744434,0.0,0.0,0.09336240035664045,0.0,0.0,0.057334598315263184,0.07557850333230036,0.1086407682988075,0.08655567554157416,0.030003914404470488,0.0,0.0107185927573682,0.0715164306138921,0.0,0.036756241243449686,0.048263158015906506,0.04493873226293237,0.0,0.0,0.02154420048450038,0.08016179501466128,0.0,0.0704386155774703,0.0740292875681707,0.07672808235038815,0.0635865848893886,0.0,0.02391014664115067,0.0,0.06783660311084581,0.03436006786412649,0.04455579023608199,0.0,0.0,0.036752845898612295,0.0,0.060694511666958086,0.06446238845697057,0.03254951967349799,0.06330030319539143,0.013162664382566509,0.05256752510010128,0.06395081962178026,0.04008499686311257,0.026237108977145752,0.029556004817307815,0.010184876981476056,0.03268292946703602,0.03576265533405914,0.07851315644522362,0.05031884081861096,0.04432581360692373,0.028217531920496225,0.06048745235231178,0.05154062436135252,0.09809360329330287,0.044871522454981425,0.0747029814066886,0.028029347762566093,0.03697228620087175,0.03776955934020465
29,0.0,0.0,0.0,0.0,0.0,0.0,0.0,0.0,0.0,0.0,0.0,0.0,0.0,0.0,0.0,0.0,0.0,0.0,0.0,0.1086066568662483,0.1086066568662483,0.0,0.0,0.0,0.0,0.0,0.0,0.0,0.0,0.0,0.0,0.0,0.0,0.0,0.0,0.0,0.0,0.0,0.0,0.0,0.0,0.0,0.0,0.0,0.0,0.0,0.0,0.0,0.0,0.0,0.0,0.0,0.0,0.0,0.0,0.0,0.0,0.0,0.0,0.0,0.0,0.0,0.0,0.0,0.09570041819646855,0.0,0.0,0.0,0.0,0.0,0.0,0.10156534120519806,0.0,0.0,0.0,0.0,0.0,0.0,0.0,0.0,0.0,0.0,0.0,0.0,0.0,0.0,0.0,0.0,0.0,0.10156534120519806,0.0,0.0,0.0,0.0,0.0,0.0,0.0,0.0,0.0,0.0,0.0,0.07320297418273027,0.0,0.0,0.0,0.0,0.0,0.0,0.0,0.0,0.0,0.0,0.0,0.0,0.0,0.0,0.0,0.0,0.0,0.0,0.07064861919060635,0.0,0.0,0.0,0.0,0.0,0.0,0.0,0.08250443884980778,0.0,0.0,0.0,0.0,0.0,0.0,0.0,0.0,0.0,0.0,0.0,0.0,0.0,0.0,0.0,0.0,0.0,0.0,0.0,0.0,0.0,0.0,0.0,0.0,0.0,0.09570041819646855,0.09570041819646855,0.0,0.0,0.0,0.0,0.0,0.0,0.0,0.09570041819646855,0.09570041819646855,0.0,0.0,0.0,0.0,0.0,0.0,0.0,0.0,0.0,0.0,0.0,0.0,0.0,0.0,0.0,0.0,0.0,0.0,0.0,0.15816269259643154,0.0,0.0,0.0,0.30255517177120317,0.0,0.0,0.0,0.08634222002865573,0.0,0.0,0.0,0.0,0.0,0.0,0.0,0.0,0.09069429964390784,0.06830208565373225,0.0,0.0,0.0,0.07908134629821577,0.0,0.0,0.0,0.0,0.0,0.1412972383812127,0.0,0.15199889421398577,0.0,0.0,0.08250443884980778,0.0,0.0,0.0,0.0,0.0,0.0,0.06613575688693114,0.0,0.0,0.0,0.0,0.0,0.0,0.0,0.0,0.055889767438460254,0.0,0.06051103435424064,0.0,0.0,0.0,0.0,0.0,0.07064861919060635,0.0,0.0,0.0,0.15199889421398577,0.0,0.0,0.07599944710699288,0.0,0.0,0.0,0.0,0.0,0.0,0.0,0.0,0.08250443884980778,0.08250443884980778,0.0,0.0,0.0,0.0,0.0,0.0,0.0,0.0,0.0,0.0,0.06830208565373225,0.0,0.0,0.18153310306272194,0.0,0.0,0.0,0.0,0.07599944710699288,0.0,0.07599944710699288,0.0,0.0,0.0,0.05887488315649119,0.0,0.0,0.07908134629821577,0.0,0.0,0.0,0.0,0.0,0.0,0.0,0.0,0.0,0.0,0.0,0.0,0.0,0.0573376778964248,0.0,0.0,0.0,0.0,0.06225736846600929,0.0,0.0,0.07320297418273027,0.06051103435424064,0.11177953487692051,0.0,0.0,0.0,0.0,0.0,0.0,0.0,0.12451473693201857,0.12102206870848128,0.0,0.0,0.0,0.0,0.0,0.0,0.0,0.0,0.0,0.0,0.0,0.07320297418273027,0.0,0.0,0.2293507115856992,0.06613575688693114,0.07672548060008749,0.0,0.0,0.0,0.0,0.0,0.0,0.0,0.0,0.0,0.0,0.2420059699517614,0.04406143669706422,0.05452280354123907,0.0,0.0,0.0,0.0,0.0,0.03141149908079063,0.24873515298649365,0.0,0.05322951821715138,0.0,0.0,0.11774976631298238,0.0,0.0,0.0,0.0,0.049731773709757114,0.04099975853767924,0.0,0.0,0.0,0.0,0.0,0.0,0.05322951821715138,0.0,0.0,0.0,0.0,0.21370564142558804,0.0,0.0,0.0953396944348503,0.0,0.0,0.050839284664934994,0.0,0.04578780707641043,0.0,0.04172132068411458,0.0,0.0721269946088025,0.0,0.0,0.0,0.0,0.02141010172973473,0.0,0.04867660605870159,0.0,0.04867660605870159,0.044906492567497396,0.03356872545686131,0.09341594260557357,0.0,0.04578780707641043,0.0,0.0,0.0,0.0,0.0,0.04670797130278678,0.0,0.0,0.0,0.04172132068411458,0.0,0.0,0.0,0.0,0.027550618585352366,0.06533901724453112,0.18081829972090566,0.08866432570526252,0.07435064934484965,0.04172132068411458,0.06904335233530587,0.0,0.03963424872586894,0.07322089263779723,0.0,0.04867660605870159,0.0,0.04172132068411458,0.0,0.0,0.0,0.03356872545686131,0.0,0.0,0.0,0.10467991815381814,0.0,0.050612315399259734,0.027550618585352366,0.05810758822058543,0.026102218016440523,0.0,0.02883516850610142,0.0,0.0,0.01718266073475424,0.0,0.0,0.023191578859755518,0.04318822870189094,0.013816689380754262,0.019133147164865017,0.0828199471475947,0.13867063825441553,0.11534067402440568,0.0,0.05335921221740951,0.0,0.0,0.06263035688511506,0.02297877197318121,0.0,0.01629853904405314,0.06604327244684745,0.02141010172973473,0.009750805580913633,0.08420607604863103,0.011773736034115167,0.03421597856852069,0.023332108573826754,0.02323176663390911,0.020854409681916566,0.10950220668333967,0.012649937616273605,0.03367990420130621,0.043899811467422965,0.07704712282089292,0.025215091880018838,0.04260705958822659,0.0,0.06281965517903183,0.04582611805831901,0.07545482451138462,0.027633580157511602,0.06389877770424765,0.04218413295083631,0.07926992417046769,0.019382461256644442,0.035913353135671545,0.04566032145026608,0.03378497301435367,0.05118128302904517,0.059220167535823216,0.04949770553091535
30,0.0,0.0,0.0,0.0,0.0,0.0,0.0,0.11642317740323734,0.11642317740323734,0.0,0.0,0.0,0.0,0.0,0.0,0.0,0.11642317740323734,0.0,0.0,0.0,0.0,0.0,0.0,0.11642317740323734,0.0,0.0,0.0,0.0,0.07847145926069982,0.0,0.0,0.0,0.0,0.0,0.0,0.0,0.0,0.0,0.0,0.0,0.0,0.0,0.0,0.0,0.09722165143070934,0.19444330286141867,0.0,0.0,0.0,0.0,0.0,0.0,0.0,0.0,0.0,0.0,0.1025880649191954,0.0,0.0,0.0,0.0,0.0,0.0,0.0,0.0,0.0,0.0,0.0,0.0,0.0,0.10887509180689847,0.0,0.0,0.0,0.0,0.0,0.0,0.0,0.0,0.0,0.0,0.0,0.0,0.10887509180689847,0.0,0.0,0.0,0.10887509180689847,0.0,0.0,0.0,0.10887509180689847,0.0,0.0,0.0,0.0,0.0,0.0,0.0,0.0,0.0,0.0,0.0,0.0,0.0,0.0,0.0,0.0,0.0,0.0,0.0,0.0,0.0,0.0,0.0,0.0,0.0,0.0,0.0,0.0,0.15146653000195326,0.0,0.0,0.0,0.0,0.0,0.09255634866070048,0.0,0.0,0.08844235885646524,0.0,0.09722165143070934,0.0,0.0,0.0,0.0,0.0,0.0,0.0,0.0,0.0,0.0,0.0,0.0,0.0,0.0,0.23541437778209945,0.0,0.0,0.0,0.0,0.0,0.0,0.0,0.0,0.0,0.0,0.0,0.0,0.0,0.0,0.0,0.0,0.0,0.0,0.0,0.0,0.0,0.0,0.0,0.0,0.0,0.0,0.0,0.0,0.0,0.0,0.0,0.0,0.0,0.0,0.0,0.0,0.0,0.16954580639937275,0.0,0.0,0.08844235885646524,0.0,0.0,0.0,0.0,0.0,0.0,0.0,0.0,0.0,0.0,0.0,0.0,0.0,0.0,0.0,0.0,0.0,0.0,0.0,0.0,0.0,0.0,0.0,0.0,0.0,0.0,0.0,0.0,0.0,0.0,0.0,0.1768847177129305,0.0,0.0,0.0,0.0,0.0,0.0,0.0,0.0,0.0,0.0,0.07089560786524317,0.0,0.0,0.0,0.0,0.0,0.0,0.0,0.0,0.0,0.07573326500097663,0.0,0.0,0.0,0.14643569859384573,0.0,0.0,0.08146919690182552,0.0,0.0,0.0,0.0,0.0,0.0,0.0,0.0,0.0,0.0,0.0,0.0,0.08844235885646524,0.0,0.07573326500097663,0.0,0.07089560786524317,0.0,0.0,0.0,0.0,0.0,0.0,0.07573326500097663,0.0,0.0,0.0,0.0,0.0,0.08146919690182552,0.08146919690182552,0.0,0.0,0.08146919690182552,0.0,0.0,0.0,0.0,0.0,0.06874235638393254,0.06874235638393254,0.0,0.0,0.0,0.0,0.0,0.0,0.0,0.0,0.0,0.0,0.0,0.06146432307410126,0.0,0.0,0.0,0.0,0.0,0.0,0.0,0.0,0.19459820670531536,0.0,0.0,0.0,0.0,0.0,0.05449823453168843,0.12292864614820252,0.1963327899035544,0.0,0.12973213780354356,0.07089560786524317,0.07089560786524317,0.12746028568962994,0.0,0.0,0.0,0.0,0.06486606890177178,0.06874235638393254,0.0,0.0,0.07847145926069982,0.09504557840901687,0.0,0.12292864614820252,0.0,0.0,0.0,0.0,0.0,0.0,0.0,0.0,0.0,0.0,0.1370294745253647,0.050069586764157153,0.0,0.0,0.17534057890266064,0.0,0.0,0.0,0.0599122051747426,0.11689371926844042,0.0,0.0,0.0,0.057060495381201226,0.0,0.0,0.0,0.0,0.0,0.0,0.0667380882785412,0.0,0.0,0.0,0.0,0.0,0.0,0.0981663949517772,0.05110068976908396,0.0,0.04813845395482073,0.0,0.0,0.0,0.1666081688086882,0.0,0.0,0.10220137953816792,0.016516765673229482,0.0,0.10899646906337686,0.1043598119319493,0.0,0.0,0.0,0.0,0.0,0.0,0.0,0.04813845395482073,0.0,0.02295100635472097,0.0,0.0,0.0,0.0,0.09627690790964145,0.10795409209246946,0.050069586764157153,0.05449823453168843,0.0490831974758886,0.04472404233458676,0.0429767728594654,0.0,0.0,0.07269094196149264,0.050069586764157153,0.0,0.06911765814219668,0.0,0.04472404233458676,0.0,0.0216607407954573,0.0,0.0,0.11813384732324675,0.14008305228253923,0.02769027975892871,0.023761394602254217,0.0,0.04472404233458676,0.03700623281014362,0.0,0.0,0.07849066732338443,0.0,0.05217990596597465,0.0,0.08944808466917352,0.0,0.0,0.0,0.03598469736415649,0.10493842615421105,0.0,0.0,0.0,0.04197537046168442,0.0,0.059066923661623374,0.031144822274618154,0.0,0.012738699369076794,0.03091046198551544,0.06330054840710192,0.0,0.036838625121212366,0.0,0.03786680572308269,0.049721396049887547,0.06944478759829714,0.0296221783326226,0.020510177284994588,0.022195143643832328,0.033033531346458964,0.0,0.0,0.13346555501395257,0.0,0.0,0.08951722802091377,0.0,0.02201404594395445,0.0,0.053097350426494605,0.02295100635472097,0.0,0.06769984833190444,0.05048441038699026,0.036678533874899284,0.0,0.0332050375333332,0.04471064128283821,0.06521287820035958,0.040681095627122445,0.03610387774463647,0.03764745687539003,0.0412961373980634,0.04504974188340422,0.06089803823816951,0.020985212030611565,0.056117369400950357,0.024562132867121698,0.03466516170829051,0.06665038700238095,0.03805423957920065,0.07429026881069974,0.022660014185085266,0.006925811580078703,0.05293484631022018,0.021754016263334387,0.058851826241588176,0.05197722331377207,0.06665641207731511,0.07428414100662517
31,0.0,0.0,0.0,0.0,0.0,0.0,0.0,0.0,0.0,0.0,0.0,0.0,0.0,0.0,0.0,0.0,0.0,0.0,0.0,0.0,0.0,0.0,0.0,0.0,0.0,0.0,0.0,0.0,0.0,0.0,0.0,0.0,0.0,0.0,0.0,0.3061965446609495,0.0,0.0,0.0,0.0,0.0,0.0,0.0,0.10206551488698316,0.0,0.0,0.0,0.0,0.0,0.0,0.0,0.0,0.10769929859399158,0.0,0.0,0.0,0.0,0.10769929859399158,0.0,0.0,0.0,0.0,0.0,0.0,0.0,0.0,0.0,0.0,0.0,0.0,0.0,0.0,0.0,0.0,0.0,0.0,0.0,0.0,0.0,0.0,0.0,0.0,0.0,0.0,0.0,0.0,0.0,0.0,0.0,0.0,0.0,0.0,0.0,0.0,0.0,0.11429956331855305,0.0,0.0,0.0,0.0,0.0,0.0,0.0,0.0,0.0,0.0,0.0,0.0,0.0,0.0,0.0,0.0,0.0,0.0,0.0,0.0,0.0,0.0,0.0,0.0,0.0795065149855645,0.0,0.0,0.0,0.0,0.0,0.0,0.0,0.0,0.09284881260156352,0.0,0.0,0.0,0.0,0.0,0.0,0.0,0.10206551488698316,0.0,0.0,0.0,0.0,0.0,0.0,0.0,0.0,0.0,0.0,0.0,0.0,0.0,0.0,0.0,0.0,0.0,0.10769929859399158,0.0,0.0,0.0,0.0,0.1647622679827547,0.0,0.10769929859399158,0.0,0.0,0.0,0.0,0.0,0.25658468273829343,0.0,0.0,0.0,0.0,0.0,0.0,0.0,0.0,0.0,0.0,0.0,0.0,0.0,0.0,0.0,0.0,0.0,0.0,0.0,0.0,0.0,0.0,0.09716777325929656,0.0,0.0,0.0,0.0,0.0,0.0,0.0,0.0,0.0,0.0,0.0,0.0,0.0,0.08899653406635456,0.0,0.0,0.0,0.0,0.0,0.0,0.0,0.0,0.0,0.0,0.0,0.0,0.0,0.0,0.07686577400646245,0.0,0.0,0.0,0.0,0.0,0.0,0.0,0.09716777325929656,0.0,0.0,0.0,0.0,0.06289720426661205,0.0,0.0,0.0,0.0,0.08238113399137735,0.0,0.0,0.0,0.0,0.0,0.07686577400646245,0.0,0.0,0.0,0.0,0.0,0.08552822757943115,0.0,0.0,0.05477965957991659,0.0,0.0,0.0,0.09284881260156352,0.09284881260156352,0.0,0.0,0.0795065149855645,0.0,0.0,0.0,0.0,0.13251318521388222,0.0,0.04183635210459098,0.07686577400646245,0.0,0.0,0.0,0.0,0.0,0.0,0.0,0.0,0.08552822757943115,0.08552822757943115,0.08552822757943115,0.08552822757943115,0.06625659260694111,0.0,0.0,0.0,0.08899653406635456,0.07216729911105335,0.0,0.0,0.0,0.0,0.0,0.0,0.0,0.0,0.0,0.0,0.0,0.0,0.0,0.0,0.0795065149855645,0.0,0.0,0.0,0.0,0.0,0.0,0.0,0.06289720426661205,0.0,0.0,0.0,0.0,0.0,0.06452665316232692,0.0,0.0,0.0,0.0,0.07442783179988309,0.1338107252356836,0.0,0.0,0.0,0.0,0.0,0.0,0.0,0.0,0.0,0.0,0.0,0.0,0.0,0.0,0.07686577400646245,0.0,0.0,0.0,0.0,0.0,0.0,0.0,0.08631400721736568,0.05256419818073534,0.0,0.0,0.0,0.0,0.0,0.0,0.06289720426661205,0.12271770195850897,0.0,0.03998878108694631,0.0,0.17971024216573947,0.0,0.0,0.0,0.0,0.0,0.0,0.1401263451604084,0.0,0.0,0.0,0.0,0.0,0.0,0.05152866412937346,0.10729334743051061,0.05990341405524648,0.0,0.0,0.0,0.0,0.021863633619147754,0.0,0.06645436454454723,0.0,0.13871742912388557,0.0,0.0,0.0,0.0,0.0,0.0,0.0,0.0,0.0,0.20611465651749383,0.05053685075760969,0.0,0.0,0.04031640290329003,0.0,0.0,0.05477965957991659,0.0,0.0,0.0,0.0,0.05152866412937346,0.0,0.022558999901418644,0.0,0.0,0.15262522925168182,0.0,0.0,0.0,0.08775124913037703,0.046952323289428874,0.06893533284445466,0.0,0.0,0.0,0.06200980838728521,0.0,0.05813977893543474,0.07483576771703984,0.0,0.09390464657885775,0.23309994122987018,0.0,0.0,0.0,0.0,0.05477965957991659,0.0,0.046952323289428874,0.0,0.0,0.06200980838728521,0.0,0.17626681858195326,0.07069972070219853,0.0,0.016829234955301198,0.0,0.02847903369412495,0.031004904193642605,0.0326965472684657,0.05874980747412932,0.026746756323553316,0.03245051047291324,0.06645436454454723,0.0,0.0,0.023690950099015687,0.09938359836456638,0.0,0.12150787912863555,0.06219608161558469,0.021532053551962645,0.0466019396021644,0.0,0.0,0.0,0.06004936903771035,0.020746171702073296,0.0,0.11747154356508986,0.051719682540618435,0.02311084929077532,0.09171021695786505,0.055742813773094604,0.02409449177520443,0.0,0.023690950099015687,0.15899906854348092,0.10268257163297562,0.013128739536755368,0.05228911260209386,0.08214194547751354,0.027384788852411527,0.014235981766908212,0.09475669301012941,0.009880790476262285,0.0,0.018917700052163353,0.031966077190202134,0.044061511801070534,0.10604393786673859,0.07735766779045065,0.06065380029946054,0.023323700591059683,0.02397012701878596,0.0373003421797351,0.08326150537346087,0.03393075240407993,0.02020807753906389,0.048530461383531384,0.03326830456522975,0.054566878692621536,0.0633129101742951,0.05570370817761208
32,0.0,0.0,0.0,0.0,0.0,0.0,0.0,0.0,0.0,0.0,0.0,0.0,0.0,0.1218552579463598,0.0,0.0,0.0,0.0,0.0,0.1218552579463598,0.0,0.0,0.0,0.0,0.0,0.0,0.0,0.0,0.0,0.0,0.0,0.0,0.0,0.0,0.0,0.0,0.0,0.0,0.0,0.0,0.0,0.07926683283905475,0.0,0.10175782586681699,0.0,0.0,0.0,0.0,0.0,0.0,0.0,0.0,0.0,0.0,0.0,0.0,0.0,0.0,0.0,0.0,0.0,0.0,0.0,0.0,0.0,0.0,0.0,0.0,0.0,0.0,0.0,0.0,0.0,0.0,0.0,0.0,0.0,0.0,0.0,0.0,0.0,0.11395499325802036,0.0,0.0,0.0,0.0,0.0,0.0,0.0,0.0,0.0,0.0,0.0,0.0,0.11395499325802036,0.0,0.0,0.0,0.0,0.0,0.0,0.0,0.0,0.0,0.0,0.0,0.0,0.0,0.0,0.0,0.1357851887277551,0.0,0.0,0.0,0.0,0.0,0.0,0.0,0.0,0.0,0.0,0.0,0.0,0.0,0.09687484908232075,0.0,0.0,0.0,0.0,0.0,0.0,0.0,0.0,0.0,0.0,0.0,0.0,0.0,0.0,0.0,0.10175782586681699,0.0,0.0,0.0,0.0,0.0,0.0,0.0,0.0,0.0,0.0,0.0,0.0,0.0,0.0,0.10737462584145942,0.0,0.0,0.0,0.0,0.0,0.0,0.0,0.0,0.0,0.0,0.0,0.0,0.0,0.0,0.0,0.0,0.0,0.0,0.0,0.0,0.0,0.0,0.0,0.0,0.0,0.0,0.0,0.0,0.0,0.0,0.0,0.0,0.0,0.1254151858511377,0.0,0.0,0.0,0.0,0.0,0.0,0.0,0.0,0.1642655719061993,0.0,0.0,0.10175782586681699,0.0,0.0,0.0,0.0,0.0,0.0,0.0,0.0,0.0,0.0,0.0,0.0,0.1705407844826382,0.0,0.0,0.0,0.0,0.0,0.0,0.0,0.0,0.0,0.0,0.0,0.0,0.0,0.0,0.0,0.0,0.0,0.05834730364688459,0.0,0.0,0.06789259436387755,0.0,0.0,0.0,0.07926683283905475,0.0,0.0,0.0,0.0,0.0,0.0,0.1705407844826382,0.0,0.0,0.0,0.0852703922413191,0.0,0.0,0.0,0.0,0.0,0.0,0.0,0.0,0.0,0.0,0.0,0.0,0.0,0.0,0.0,0.0,0.0,0.041710231286990224,0.0,0.0,0.0,0.2715703774555102,0.0,0.0,0.0,0.0,0.0,0.0,0.0852703922413191,0.0,0.0,0.0,0.19817056193243968,0.0,0.0,0.0,0.0,0.0,0.0,0.0,0.0,0.0,0.0,0.0,0.0,0.0,0.0,0.0,0.0,0.0,0.0,0.0,0.0,0.0,0.0,0.0,0.0,0.1642655719061993,0.20367778309163267,0.0,0.0,0.0,0.0,0.0,0.0,0.0,0.0,0.0,0.06789259436387755,0.0,0.07420345996709551,0.0,0.0,0.0,0.0,0.07926683283905475,0.0,0.0,0.0,0.08213278595309965,0.08213278595309965,0.0,0.0,0.0,0.0,0.0,0.0,0.07663405269770747,0.0,0.0,0.0,0.0,0.05704101687140044,0.0,0.2581614091503112,0.0,0.1018228327707901,0.0,0.0,0.0,0.0,0.0,0.0,0.0,0.0,0.039868229998913235,0.0,0.0,0.0,0.0,0.06605685397747989,0.0,0.0,0.05972282786219512,0.06985195854826787,0.0,0.0,0.0,0.0,0.0,0.0,0.0,0.0,0.05972282786219512,0.10076900243817831,0.0,0.0,0.0,0.17438178409987998,0.05704101687140044,0.0,0.05348494923378966,0.051862218153865505,0.0,0.0,0.05461451957352124,0.05137332464772783,0.0,0.0,0.0,0.0,0.0,0.10274664929545566,0.0,0.0,0.0,0.06029229623862847,0.0,0.0,0.0,0.0,0.0,0.05240573695461054,0.0,0.0,0.0,0.11245496513881112,0.0,0.08694676415532958,0.07608256088392285,0.05240573695461054,0.0,0.0,0.0,0.0,0.10309127823571634,0.0,0.0,0.0,0.12364574442004396,0.0,0.14491127359221595,0.0,0.0,0.09362155949771292,0.11619861642543618,0.0,0.0,0.0,0.0,0.0,0.0,0.04681077974885646,0.0,0.09044241049730468,0.12364574442004396,0.0,0.06590079023466427,0.1409731754356618,0.020240796384613267,0.050335503483704816,0.0,0.14196590076045212,0.0,0.03259797951418561,0.117145397939376,0.0,0.06470536885349423,0.033127014853654706,0.046230667679318826,0.019278722100955818,0.023619530822575025,0.05945039658653004,0.052041300334272504,0.09691326297238773,0.015502145973703797,0.0,0.023230726168108267,0.034574812102577006,0.032352684426747116,0.025317566573861274,0.03991222856363511,0.020683629821495134,0.022854759182071263,0.023423482236167345,0.05156376721053021,0.023041178799411408,0.03657349810164575,0.0926246170336418,0.024021855972858032,0.06564166305442858,0.0,0.09246985203102408,0.0895763946170827,0.013089161340255265,0.08688580109200757,0.03509756507244182,0.054604468091477426,0.1277375908754151,0.11336524479654467,0.03940401448318095,0.05763058052035155,0.04715167580941237,0.11154399034665836,0.06589302444973777,0.0704828369348437,0.06427038633959863,0.012094190394997631,0.023253388433329827,0.06372764301135973,0.050710766891883544,0.05929321667686585,0.02174686970590039,0.040294315618750694,0.036999652033885624,0.061597738759908316,0.02115648116568137,0.053155406852023177,0.0481310115115433
33,0.0,0.0,0.0,0.0,0.0,0.0,0.0,0.0,0.0,0.1169703824642497,0.0,0.0,0.0,0.1169703824642497,0.0,0.0,0.0,0.0,0.0,0.0,0.0,0.0,0.0,0.0,0.0,0.0,0.0,0.0,0.0,0.0,0.0,0.0,0.0,0.0,0.0,0.0,0.0,0.0,0.0,0.04745457830201937,0.0,0.0,0.0,0.0,0.0,0.0,0.0,0.0,0.0,0.0,0.0,0.0,0.10307024303505988,0.0,0.0,0.0,0.0,0.0,0.0,0.0,0.0,0.0,0.0,0.0,0.0,0.0,0.0,0.0,0.0,0.0,0.0,0.0,0.0,0.0,0.0,0.0,0.0,0.0,0.10938681982002918,0.0,0.0,0.0,0.0,0.0,0.0,0.0,0.0,0.0,0.0,0.0,0.0,0.0,0.0,0.0,0.0,0.0,0.10938681982002918,0.0,0.0,0.0,0.0,0.07884028598927943,0.0,0.0,0.0,0.27897412896159807,0.0,0.0,0.0,0.0,0.2606837936440528,0.08885805019433785,0.08885805019433785,0.0,0.0,0.0,0.0,0.2465694765157363,0.0,0.07608922183723432,0.07608922183723432,0.0,0.0,0.0,0.0,0.0,0.0,0.0,0.0,0.0,0.0,0.0,0.0,0.0,0.0,0.0,0.0,0.0,0.0,0.0976786066598095,0.0,0.0,0.0,0.0,0.0,0.0,0.0,0.0,0.0,0.0,0.0,0.0,0.0,0.0,0.0,0.10307024303505988,0.0,0.0,0.0,0.0,0.0,0.0,0.0,0.0,0.0,0.0,0.0,0.0,0.0,0.0,0.0,0.0,0.06705176653817006,0.06705176653817006,0.0,0.0,0.0,0.0,0.0,0.0,0.0,0.0,0.0,0.0,0.0,0.0,0.0,0.0,0.0,0.0,0.06705176653817006,0.0,0.0,0.0,0.0,0.0,0.0,0.0,0.07884028598927943,0.0,0.0,0.0,0.0,0.08185211341257223,0.0,0.0,0.08517134758767032,0.0,0.0,0.0,0.0,0.0,0.0,0.0,0.08185211341257223,0.0,0.0,0.0,0.0,0.0,0.0,0.0,0.0,0.22068594999279037,0.0,0.0,0.0,0.0,0.0,0.0,0.0,0.06906545498129274,0.056008304757256336,0.0,0.0,0.1303418968220264,0.12038760167649186,0.0,0.0,0.15217844367446864,0.0,0.07608922183723432,0.0,0.07356198333093011,0.0,0.08185211341257223,0.0,0.08185211341257223,0.08185211341257223,0.0,0.16370422682514446,0.06175321390673467,0.06175321390673467,0.0,0.0,0.0,0.0,0.0,0.0,0.0,0.0,0.0,0.07608922183723432,0.0,0.0,0.0,0.0,0.0,0.0,0.0,0.0,0.07608922183723432,0.0,0.0,0.07884028598927943,0.0,0.0,0.08185211341257223,0.0,0.0,0.08185211341257223,0.0,0.06340879830997673,0.0,0.0,0.0651709484110132,0.0,0.0,0.0,0.0,0.05872156797069991,0.05475438378321324,0.0,0.0,0.0,0.0,0.0,0.0,0.0,0.0,0.0,0.07608922183723432,0.0,0.0,0.0,0.0,0.0,0.0,0.0,0.0651709484110132,0.0,0.056008304757256336,0.0,0.0,0.0,0.0,0.0,0.0,0.0,0.0,0.0,0.07122882704283907,0.0,0.0,0.0,0.05356158415427298,0.0,0.0,0.0,0.11201660951451267,0.07884028598927943,0.0,0.02387307644837006,0.0,0.06175321390673467,0.07122882704283907,0.0,0.0,0.0,0.06340879830997673,0.0,0.0,0.0,0.0,0.05242515875210019,0.0,0.0,0.0,0.0,0.0,0.0,0.0,0.02934611192191414,0.0,0.0,0.0,0.0,0.0,0.0,0.04745457830201937,0.0,0.0,0.0,0.0,0.05732868761364925,0.0,0.0,0.0,0.05356158415427298,0.0,0.19345884542664893,0.0,0.0,0.0,0.0,0.0,0.0,0.0,0.04131702912832521,0.06277171885539423,0.05475438378321324,0.0,0.0,0.0,0.0,0.0,0.0,0.0,0.0,0.0,0.1146573752272985,0.0,0.0,0.0,0.0,0.0,0.09223551705526593,0.038583551608880426,0.10485031750420037,0.049313895303147254,0.0,0.0,0.0,0.05030492075770768,0.0,0.0,0.0,0.043178769645150314,0.0,0.08346128372855849,0.0,0.0,0.0,0.0,0.0,0.044934251528840695,0.16493100704318508,0.0,0.0,0.07331885934194927,0.0,0.0,0.055640855819038985,0.0,0.0,0.0,0.07436033446108646,0.0,0.0,0.039429792166259706,0.09899340699058336,0.05242515875210019,0.0,0.0,0.060695332831647415,0.0,0.17803363915477388,0.10846149127936326,0.0,0.03383047749808183,0.03885878597920515,0.0644235704255103,0.0,0.08176490365056688,0.08901681957738694,0.0,0.0,0.02559714604141316,0.0,0.0,0.16641523018259793,0.018505885881128288,0.0,0.0,0.0,0.0,0.044642110011181436,0.020606577959352904,0.022299463893482755,0.06637758703934228,0.03105574543863853,0.0,0.0,0.0,0.0,0.022484492848188185,0.02474835174764584,0.08847006003731744,0.08776839286836888,0.035564610219114126,0.023058879263816483,0.08401366848359061,0.02267268233233647,0.0887629646908033,0.0,0.0,0.02502082935703584,0.03369059061771944,0.02620775510453809,0.06812050401968774,0.018136785485615904,0.01891220256886009,0.027660156642849387,0.06336607467491599,0.04588820059022318,0.03162576815111585,0.011276225762129426,0.04935515658800519,0.08126554979718148,0.029761623579494776,0.07646619955317446,0.04867789784672338,0.03414977908601184,0.07422254777477405,0.07252315557346338,0.046444559200529714,0.036386731062904284,0.040616740471499234,0.04783550460534587,0.05330949054240949
34,0.10204696233264621,0.0,0.0,0.0,0.0,0.0,0.0,0.0,0.0,0.0,0.0,0.0,0.0,0.0,0.0,0.0,0.0,0.0,0.0,0.0,0.0,0.0,0.0,0.0,0.0,0.0,0.0,0.0,0.0,0.06638153856697676,0.0,0.0,0.0,0.0,0.0,0.0,0.0,0.0,0.0,0.0,0.07752128282478164,0.0,0.0,0.0,0.0,0.0,0.0,0.0,0.0,0.0,0.0,0.0,0.0,0.0,0.08992024294551762,0.17984048589103524,0.0,0.0,0.0,0.0,0.0,0.08992024294551762,0.0,0.0,0.0,0.0,0.0,0.0,0.0,0.0,0.0,0.0,0.0,0.0,0.0,0.0,0.0,0.0,0.0,0.0,0.0,0.0,0.0,0.0,0.0,0.0,0.0,0.0,0.0,0.0,0.0,0.0,0.0,0.0,0.0,0.09543093257196247,0.0,0.0,0.0,0.0,0.26552615426790704,0.0,0.0,0.0,0.0,0.0,0.0,0.0,0.0,0.0,0.056856250082914124,0.0,0.0,0.0,0.06638153856697676,0.14860988082613366,0.0,0.0,0.0,0.06638153856697676,0.0,0.0,0.0,0.0,0.0,0.08112726723401671,0.0,0.08112726723401671,0.0,0.0,0.0,0.0,0.0,0.0,0.0,0.0,0.0,0.0,0.0,0.0,0.0,0.08521648715276672,0.0,0.0,0.0,0.0,0.0,0.0,0.0,0.0,0.0,0.0,0.0,0.0,0.0,0.0,0.0,0.0,0.06878161398764356,0.0,0.0,0.0,0.0,0.0,0.0,0.0,0.0,0.0,0.0,0.056856250082914124,0.0,0.0,0.2339884319468415,0.2339884319468415,0.0,0.0,0.0,0.0,0.0,0.0,0.0,0.0,0.0,0.0,0.0,0.0,0.0,0.0,0.0,0.0,0.2339884319468415,0.0,0.0,0.0,0.0,0.0,0.08112726723401671,0.08112726723401671,0.0,0.13276307713395352,0.0,0.0,0.0,0.0,0.07430494041306683,0.0,0.0,0.06025388422677978,0.06878161398764356,0.0,0.0,0.15680563837125927,0.0,0.0,0.0,0.0,0.0,0.0,0.0,0.07752128282478164,0.0,0.0,0.0,0.0,0.0,0.0,0.0,0.0,0.0,0.0,0.0,0.12050776845355957,0.0,0.0,0.0,0.0,0.0,0.0,0.1375632279752871,0.0,0.0,0.0,0.0,0.06417673246798616,0.0,0.0,0.0,0.0,0.14281836749252563,0.0,0.0,0.10774912008835105,0.10774912008835105,0.0,0.0,0.0,0.0,0.0,0.07752128282478164,0.0,0.07752128282478164,0.0,0.0,0.06638153856697676,0.0,0.0,0.0,0.11699421597342075,0.0,0.0,0.0,0.06638153856697676,0.0,0.0,0.0,0.051229700276062745,0.0,0.0,0.0,0.0,0.0,0.0,0.0,0.0,0.0,0.0,0.0,0.0,0.0,0.0,0.0,0.09553732187172355,0.0,0.18316306938827995,0.0,0.0,0.0,0.0,0.0,0.0,0.0,0.0,0.0,0.0,0.0,0.0,0.028777726307538366,0.0,0.0,0.0,0.0,0.0,0.0,0.0,0.0,0.09553732187172355,0.053874560044175526,0.0,0.0,0.0,0.0,0.0,0.0,0.0,0.0,0.23364021068916727,0.06638153856697676,0.056856250082914124,0.0,0.0,0.0,0.0,0.0,0.0,0.0,0.0,0.0,0.06417673246798616,0.06417673246798616,0.055318920194812764,0.0,0.0,0.0,0.0,0.09147321035893276,0.0,0.0,0.0,0.0,0.051229700276062745,0.0,0.044790653204530635,0.0,0.0,0.0,0.0,0.0,0.0,0.0,0.0,0.0,0.0,0.0,0.0934560842756669,0.0,0.05849710798671037,0.04672804213783345,0.0,0.0,0.07095696972840673,0.042194201421467285,0.0,0.0,0.0,0.05001452762863403,0.0,0.0,0.05235555114683129,0.0,0.0,0.0,0.0,0.08958130640906127,0.0,0.14658780912234667,0.0,0.0,0.0,0.0,0.0,0.0,0.10165593317740938,0.05755545261507673,0.0,0.08438840284293457,0.0,0.0804678426827203,0.0,0.0,0.04302228573129943,0.0,0.042194201421467285,0.0,0.043886873288437066,0.09553732187172355,0.0,0.11760422877844445,0.0,0.0,0.0,0.0,0.0,0.06487870821491533,0.0,0.10989784163296797,0.0,0.08633317892261509,0.018986020218254067,0.03724039394557964,0.0,0.0,0.030696314682700145,0.0,0.0,0.06985997112907683,0.0,0.03243661382449827,0.0501038494052942,0.03724039394557964,0.03439922509618326,0.04318177072489225,0.0,0.05979513391590793,0.0,0.026475823250093185,0.0,0.10354639460021065,0.1261648801682556,0.0,0.0,0.016950534766030544,0.0,0.03679215035994433,0.07133310045824655,0.0,0.0,0.0,0.0,0.027093563500637425,0.0,0.03871559818421003,0.0,0.039560071724227035,0.0,0.04358167800433499,0.0,0.16876834145598638,0.0,0.0,0.0,0.027093563500637425,0.04240409164214098,0.016712129429154884,0.0,0.03827916478419302,0.019615856137334468,0.021590885362446126,0.11577419036337326,0.0,0.04654076138266557,0.04023392134136015,0.04580935085101946,0.039560071724227035,0.022125236744328,0.03214937994506631,0.03288432136862568,0.0,0.009797415833823861,0.022864093812751386,0.011885898569071657,0.03164568374137961,0.0659973159876329,0.024131193756766957,0.0710764037547908,0.026689100713590944,0.07357562950591195,0.06886300557048215,0.021529141390972915,0.04051283178032265,0.006491137363988998,0.040026252224532065,0.03963626862735266,0.014896425687603198,0.05261182890205371,0.0337442353942286,0.030985138934956684,0.03968050817606749,0.017717369549666778,0.030603842426684288,0.03720648908721146
35,0.0,0.0,0.0,0.0,0.10720384496127293,0.0,0.0,0.0,0.0,0.0,0.0,0.0,0.0,0.0,0.10720384496127293,0.0,0.0,0.0,0.0,0.0,0.0,0.0,0.0,0.0,0.0,0.0,0.0,0.0,0.0,0.0,0.0,0.0,0.0,0.0,0.2696794620967596,0.0,0.0,0.0,0.0,0.0,0.0,0.0,0.0,0.0,0.0,0.08952285171497876,0.0,0.0,0.0,0.0,0.0,0.0,0.0,0.0944643090128256,0.0944643090128256,0.0,0.0,0.0,0.0,0.0,0.0,0.0,0.0,0.0,0.0,0.0,0.0,0.0,0.21677235598884245,0.0,0.0,0.0,0.10025347806635748,0.0,0.0,0.0,0.0,0.10025347806635748,0.0,0.0,0.0,0.0,0.0,0.0,0.0,0.0,0.10025347806635748,0.0,0.0,0.0,0.0,0.10025347806635748,0.0,0.0,0.0,0.0,0.0,0.10025347806635748,0.07805989644192161,0.0,0.0,0.0,0.0,0.0,0.0,0.0,0.0,0.0,0.0,0.0,0.0,0.0,0.0,0.0,0.0,0.0,0.0,0.0,0.0,0.0,0.13947218037960776,0.0,0.0,0.0,0.0,0.0,0.0,0.0,0.0,0.08143877480700093,0.0,0.0,0.0,0.0,0.0,0.0,0.0,0.0,0.0,0.0,0.0,0.0,0.08952285171497876,0.08952285171497876,0.0,0.0,0.0,0.0,0.0,0.0,0.0,0.0,0.0,0.0,0.0,0.0,0.0,0.0944643090128256,0.07225745199628082,0.0,0.0,0.0,0.0944643090128256,0.0944643090128256,0.0944643090128256,0.0,0.0,0.0,0.0,0.05972944690993655,0.0,0.0,0.1229064491865609,0.1229064491865609,0.0,0.0,0.0,0.0,0.0,0.0,0.05381856275059879,0.0,0.0,0.0,0.0,0.0,0.0,0.0,0.0,0.0,0.0,0.0,0.0,0.0,0.0,0.0,0.0,0.0,0.0,0.0,0.0,0.0,0.0,0.0,0.0,0.0,0.0,0.0,0.0,0.0,0.0,0.20591214771059513,0.0,0.1194588938198731,0.0,0.0,0.0,0.0,0.0,0.0,0.0,0.0,0.0,0.0,0.0,0.08522698549650945,0.0,0.0,0.0,0.0,0.0,0.1265975569543381,0.0,0.0,0.05972944690993655,0.0,0.0,0.0,0.0,0.0,0.0,0.0,0.0,0.0674198655241899,0.0,0.0,0.0,0.0,0.0750178044319538,0.0,0.0750178044319538,0.1131941578722506,0.1131941578722506,0.0,0.0,0.0,0.0,0.0,0.0,0.0,0.0,0.0,0.0,0.0,0.0,0.05516787033388836,0.0,0.1229064491865609,0.0,0.0,0.0,0.06973609018980388,0.0,0.0,0.0,0.0,0.16979123680837588,0.0,0.0750178044319538,0.0,0.0,0.0,0.11622885793813621,0.0,0.0,0.0,0.0,0.0,0.0,0.0,0.0,0.05018262184309496,0.0,0.19241910630641362,0.05381856275059879,0.0,0.0,0.09609575471206132,0.0,0.14726824797661445,0.0,0.0,0.06973609018980388,0.0,0.0,0.0,0.0,0.0,0.0,0.05972944690993655,0.0,0.0,0.06329877847716905,0.05972944690993655,0.05972944690993655,0.0,0.0,0.045196391386775434,0.0,0.0,0.0,0.0,0.0,0.0674198655241899,0.0674198655241899,0.0,0.0,0.0,0.0,0.0,0.0,0.0,0.0,0.0,0.0,0.06528151802365594,0.0,0.0,0.0,0.11622885793813621,0.0,0.06364436079508923,0.0,0.0,0.09609575471206132,0.0,0.0,0.0,0.0,0.05381856275059879,0.0,0.0,0.05379166873553791,0.0,0.0,0.0,0.0,0.05972944690993655,0.1050839641504172,0.0,0.0,0.0,0.0,0.14726824797661445,0.0,0.0,0.0,0.0,0.049089415992204816,0.074542738047307,0.04432646032820332,0.0,0.0,0.0,0.0,0.0,0.0,0.08250196173959966,0.0,0.0,0.0,0.058287897038702616,0.0,0.015208834065418078,0.05133184566251856,0.0,0.0,0.0,0.0,0.0,0.0,0.0,0.06046398322675653,0.0,0.0,0.08094037482685702,0.19020203396368152,0.05304297973888251,0.0,0.0,0.0,0.0,0.0,0.0,0.05018262184309496,0.0,0.04118242954211903,0.0,0.032808825141807954,0.0,0.0,0.0,0.07951686773162703,0.0,0.03848382126128272,0.0,0.0,0.0,0.03912231513393565,0.0,0.0,0.06449506942498909,0.0,0.0,0.036695151637672216,0.0,0.03407577883773762,0.05263581767479781,0.0,0.0,0.09072787171958027,0.0,0.12563369098364263,0.04118242954211903,0.08344128975656068,0.0,0.05438952507393033,0.13254054744938062,0.0,0.12402309672805123,0.05342135991695864,0.0,0.019325709912471793,0.0,0.05438952507393033,0.0,0.0,0.04691978290339292,0.0,0.0,0.040672067942537894,0.0,0.04155921645130754,0.0,0.022892026108033255,0.0,0.08182936123758502,0.0,0.0,0.10646183845792655,0.02846272063937309,0.0,0.0877833348167527,0.0,0.0,0.04121426355200176,0.022681967929895068,0.020270795051161423,0.06435207944668535,0.08148778519218954,0.0,0.09624859837377384,0.0,0.058108306103678876,0.05629004960802822,0.03454611101668258,0.007643898266338067,0.01029252242361321,0.02401951721298864,0.024973090786780533,0.06648975914531491,0.04333278196914353,0.07605194790016633,0.0497788050675161,0.07009454641405513,0.01932343256031565,0.04133883237395085,0.05654275940874385,0.031920092753195156,0.06819163135136092,0.021024477553149085,0.056510429605271764,0.015649207711693435,0.06589948573840736,0.03544948028680604,0.020031356631868228,0.05419146081401792,0.023930622380918365,0.03799591477611882,0.03908669691368832
36,0.0,0.0,0.0,0.0,0.0,0.1109387944924028,0.0,0.0,0.0,0.0,0.0,0.1109387944924028,0.0,0.0,0.0,0.0,0.0,0.0,0.0,0.0,0.0,0.0,0.0,0.0,0.0,0.0,0.06359423634956594,0.0,0.0,0.0,0.0,0.0,0.0,0.0,0.0,0.0,0.0,0.0,0.0,0.0,0.0,0.0,0.0,0.0,0.0,0.0,0.0,0.0,0.0,0.0,0.0,0.0,0.0,0.0,0.0,0.0,0.0,0.0,0.0,0.0,0.0,0.0,0.0,0.0,0.09775541696500228,0.0,0.0,0.0,0.0,0.0,0.0,0.0,0.0,0.0,0.0,0.0,0.0,0.10374627891723506,0.0,0.10374627891723506,0.0,0.0,0.0,0.0,0.0,0.0,0.0,0.0,0.0,0.0,0.0,0.0,0.0,0.0,0.0,0.0,0.0,0.0,0.0807794796221809,0.0,0.0,0.0,0.0,0.0,0.0,0.0,0.0,0.0,0.0,0.0,0.0,0.0,0.0,0.0,0.0,0.24233843886654274,0.0,0.0,0.0,0.0,0.0,0.0,0.0,0.0,0.0,0.0,0.0,0.0,0.0,0.0,0.0,0.0,0.0,0.0,0.0,0.0,0.0,0.0,0.0,0.0,0.0,0.0,0.09264180078960438,0.0,0.0,0.0,0.0,0.0,0.0,0.0,0.0,0.0,0.0,0.0,0.0,0.0,0.0,0.0,0.0,0.0,0.0,0.0,0.0,0.0,0.0,0.09775541696500228,0.0,0.0,0.0,0.06181040277314746,0.0,0.0,0.06359423634956594,0.06359423634956594,0.0,0.0,0.0,0.0,0.0,0.0,0.0,0.0,0.0,0.0,0.0,0.0,0.0,0.08427607708744693,0.0,0.0,0.0,0.0,0.0,0.0,0.0,0.0881962678915093,0.0881962678915093,0.0,0.0,0.0,0.0,0.0,0.0,0.0,0.0,0.0,0.0,0.1310081775450418,0.07477487976719371,0.06013911809573434,0.0,0.04261721293038921,0.07216567447804774,0.12362080554629493,0.0,0.0,0.0,0.0,0.0,0.0,0.13953750649140384,0.0,0.0,0.0,0.0,0.0881962678915093,0.0,0.0881962678915093,0.0,0.0,0.06755590636506273,0.0655040887725209,0.0,0.0,0.06181040277314746,0.0,0.0,0.0,0.07477487976719371,0.0,0.0,0.07216567447804774,0.0,0.06976875324570192,0.0,0.0,0.0,0.0,0.0,0.07763140204676636,0.0,0.11713780809323222,0.11713780809323222,0.0,0.0,0.0,0.0,0.0,0.0,0.0,0.08427607708744693,0.0,0.0,0.0,0.0,0.057089902248988286,0.06013911809573434,0.0,0.0,0.0,0.13953750649140384,0.0,0.0,0.0,0.0,0.0,0.17570671213984834,0.0,0.0,0.0,0.0,0.07763140204676636,0.0,0.0,0.0,0.0,0.0,0.0,0.0,0.0,0.0,0.05193096920872764,0.0,0.0398245859533312,0.05569358519763926,0.0,0.0,0.0,0.0,0.25399838198334235,0.0,0.0,0.0,0.11417980449797657,0.0,0.0,0.03128526505653042,0.0,0.0,0.0,0.0,0.1593606949151985,0.0,0.12362080554629493,0.06181040277314746,0.0,0.0,0.0,0.0,0.0,0.0,0.0,0.0,0.0,0.06976875324570192,0.050799676396668464,0.0,0.0,0.0,0.0,0.07477487976719371,0.0,0.0,0.0,0.0,0.0,0.0,0.0,0.0,0.0,0.0,0.03293085553693234,0.0,0.0,0.0,0.0,0.0,0.0,0.0,0.0,0.0,0.0,0.02783287710161432,0.057089902248988286,0.0,0.03208600597580026,0.0,0.06181040277314746,0.0,0.2250378941686541,0.0,0.0,0.0,0.050799676396668464,0.0,0.0,0.0,0.0,0.0,0.03856989224648895,0.0458707807980454,0.053120231638399504,0.0,0.0,0.0,0.0,0.20319870558667386,0.02845876837706054,0.0,0.0,0.0,0.12063725948088762,0.0,0.015738705243846293,0.0,0.10386193841745528,0.0,0.04677101999155897,0.0,0.04261721293038921,0.0,0.0,0.06257053011306084,0.0,0.0,0.0,0.1530889230065451,0.09148496851399218,0.04972185086945754,0.0,0.0,0.0917415615960908,0.0,0.0,0.05193096920872764,0.04677101999155897,0.04261721293038921,0.0,0.1018556240569282,0.02638586511836185,0.0,0.04771094313213536,0.05877657953636491,0.03293085553693234,0.0398245859533312,0.0,0.03128526505653042,0.04128072305289313,0.08097064951874788,0.0,0.0,0.03337102906755276,0.0,0.0,0.0,0.0,0.0,0.054469633641157436,0.0,0.0,0.09388880332666837,0.0,0.032502682693870036,0.04261721293038921,0.14391393175353828,0.0,0.11256887935121876,0.034289555007819765,0.0,0.06417201195160052,0.18427514645807377,0.015275390849660009,0.039998023600254326,0.0,0.08442665951341406,0.0,0.053325434809911754,0.12138613486829773,0.05890870643392994,0.06031862974044381,0.10522267621763573,0.03510325652382689,0.12902138094456686,0.0,0.047379154746385245,0.0,0.1552471642903993,0.0,0.0,0.031477410487692585,0.0,0.09219791948318558,0.0,0.018830676630579732,0.06242191288592408,0.0,0.0,0.020977023419176725,0.08324260803651211,0.016865358995926144,0.02186984614379216,0.019920374085513816,0.0,0.03607966914694021,0.02330047116383969,0.02383312471659925,0.01582041873957883,0.06390666474924439,0.0,0.012921572857930575,0.017201560560482033,0.02690548979131595,0.013116929126766798,0.12019719501728224,0.014507323841745011,0.02999498265856614,0.010694766197393223,0.04681015363466513,0.0,0.014113481432169134,0.021756963991557632,0.03693425423954878,0.021592561833003232,0.05719614519644704,0.05502679418570963,0.01813808765805869,0.04745186339113225,0.03577073937098642,0.006049181685201156,0.03707776014351482
37,0.0,0.0,0.0,0.0,0.0,0.0,0.0,0.0,0.0,0.0,0.0,0.0,0.0,0.0,0.0,0.0,0.0,0.0,0.0,0.0,0.0,0.0,0.0,0.0,0.0,0.0,0.0,0.0,0.0,0.0,0.0,0.0,0.0,0.0,0.0,0.0,0.07313353038375954,0.0,0.0,0.0,0.0,0.0,0.06437300167060257,0.15363965199042132,0.0,0.15363965199042132,0.0,0.0,0.0,0.0,0.0,0.0,0.0,0.0,0.08106010523689443,0.0,0.08106010523689443,0.0,0.0,0.0,0.08106010523689443,0.0,0.08106010523689443,0.0,0.0,0.06988285549543322,0.0,0.0,0.0,0.05431687055509553,0.0,0.0,0.0,0.08602780846383226,0.0,0.0,0.0,0.0,0.0,0.0,0.0,0.0,0.0,0.0,0.0,0.0,0.0,0.0,0.0,0.0,0.0,0.0,0.0,0.0,0.0,0.0,0.08602780846383226,0.0,0.0,0.0,0.0,0.0,0.0,0.0,0.0,0.0,0.0,0.0,0.0,0.0,0.0,0.0,0.0,0.0,0.0,0.06698342989524377,0.0,0.0,0.0,0.0,0.0,0.0,0.0,0.0,0.07313353038375954,0.0,0.0,0.0,0.0,0.0,0.0,0.0,0.0,0.0,0.0,0.0,0.0,0.0,0.0,0.0,0.0,0.0,0.0,0.0,0.0,0.0,0.0,0.0,0.0,0.0,0.0,0.0,0.0,0.08106010523689443,0.0,0.0,0.08106010523689443,0.0,0.0,0.0,0.0,0.0,0.0,0.0,0.0,0.08106010523689443,0.0,0.0,0.0,0.0,0.0,0.0,0.0,0.0,0.0,0.0,0.0,0.0,0.06437300167060257,0.24934082391769244,0.0,0.0,0.0,0.0,0.0,0.06988285549543322,0.0,0.0,0.0,0.0,0.0,0.0,0.14626706076751908,0.0,0.0,0.07313353038375954,0.0,0.0,0.0,0.0,0.0,0.0,0.0,0.0,0.06698342989524377,0.0,0.0,0.05431687055509553,0.0,0.0,0.0,0.0,0.05984074693043665,0.0,0.0,0.0,0.0,0.0,0.0,0.0,0.0,0.0,0.0,0.05785318763837146,0.0,0.0,0.0,0.07313353038375954,0.0,0.0,0.0,0.0,0.0,0.0,0.2562700824712321,0.0,0.0,0.0620043350147528,0.0,0.0,0.0,0.0,0.0,0.0,0.0,0.0,0.0,0.0,0.0,0.06437300167060257,0.0,0.0,0.0,0.0,0.0,0.0,0.06988285549543322,0.0,0.06988285549543322,0.06988285549543322,0.06988285549543322,0.0,0.05984074693043665,0.05984074693043665,0.0,0.142019142097991,0.0,0.0,0.0,0.0,0.0,0.0,0.0,0.0,0.0,0.0,0.09713224439169396,0.0,0.0,0.0,0.06437300167060257,0.0,0.0,0.0,0.0,0.0,0.0,0.0,0.0,0.07067753117512175,0.04618186917208736,0.0,0.31009756146385414,0.0,0.04618186917208736,0.09017286297607213,0.0,0.0824600536560415,0.0,0.042123774237374116,0.0,0.0,0.0,0.04733971403266367,0.05273319526427158,0.0,0.0518843242979447,0.0,0.0,0.0,0.0,0.0,0.0,0.0,0.0,0.0,0.0,0.0,0.0,0.05125401649424643,0.0,0.05601826527205425,0.0,0.0,0.0,0.0,0.05984074693043665,0.10250803298849286,0.0,0.0,0.0620043350147528,0.0,0.0,0.05273319526427158,0.0,0.0,0.06498796608209488,0.0,0.0,0.0,0.04986816478353849,0.10922683154511532,0.21215227200823147,0.0,0.0,0.0,0.0,0.0,0.11196266733820558,0.0,0.09163943925627789,0.040377282616866884,0.300032143694213,0.04733971403266367,0.0,0.0,0.0,0.0,0.045086431488036066,0.0,0.06019528159459788,0.0,0.05125401649424643,0.0,0.0,0.0,0.0,0.0,0.08424754847474823,0.12793069157877535,0.038036667779947915,0.0,0.0,0.08075456523373377,0.09017286297607213,0.07607333555989583,0.0,0.11799196562083207,0.06498796608209488,0.0,0.0,0.10003403650267537,0.0,0.0,0.044048009823930805,0.0,0.0,0.07756631643052549,0.0,0.0,0.0,0.030546479752092626,0.1037686485958894,0.0,0.0,0.0,0.0,0.0,0.0,0.03878315821526274,0.0,0.0,0.0,0.0,0.0,0.07756631643052549,0.1413550623502435,0.067916316259096,0.07038337670825329,0.0,0.028718425529367084,0.0,0.13646732260665273,0.02730670788627883,0.0,0.0,0.0,0.0,0.06714195054212917,0.0,0.0,0.0,0.0,0.0,0.0,0.0,0.029240527427571873,0.1129173802396047,0.03357097527106458,0.03100975614638542,0.0,0.0,0.0,0.0,0.07160121954473493,0.06827750276508229,0.04667181364422945,0.08530007923106461,0.016583449301153144,0.02660614727837688,0.015280342745388078,0.0,0.016583449301153144,0.021434805039850277,0.04667181364422945,0.012304562782977979,0.022109083525479387,0.02013100280723424,0.0244239454505792,0.02500850912566884,0.026175617082875854,0.014554045987026096,0.035662087557836,0.02992051033729736,0.019643715862580097,0.03658126505135302,0.046812012584110135,0.016206145719373437,0.0,0.026101491722251853,0.0488478909011584,0.09556469206465278,0.015065428271592813,0.0312293001604852,0.12077587409138829,0.05304912366954549,0.019463464313569774,0.0521832890301321,0.0,0.02796996458124095,0.0,0.08259120925790513,0.0,0.0,0.048302659413909065,0.03952549449701014,0.013118503789729773,0.03532817672748365,0.01030560967084354,0.010714741834358322,0.0,0.0,0.0326302016321386,0.035596117548761706,0.024059335714123525,0.008290747549238683,0.017736487661958296,0.038815608357945106,0.05478145354123382,0.02340617687836505,0.024054889171988416,0.038282974852635175,0.026857263600195486,0.04013122563342419,0.026616891644971653,0.02578345028273921,0.01788532850469694,0.027379917894962153,0.05016062733127626,0.041925513962580235
38,0.0,0.0,0.10349577055127207,0.0,0.0,0.0,0.0,0.0,0.0,0.0,0.0,0.0,0.0,0.0,0.0,0.0,0.0,0.0,0.0,0.0,0.0,0.0,0.0,0.0,0.0,0.0,0.0,0.0,0.0,0.0,0.0,0.0,0.0,0.0,0.0,0.08642634528207487,0.08227906880494597,0.0,0.0,0.0,0.0,0.0673239881651075,0.0,0.0,0.0,0.0,0.0,0.0,0.0,0.0,0.0,0.0,0.0,0.0,0.0,0.0,0.0,0.0,0.0,0.0,0.0,0.0,0.0,0.0,0.0,0.0,0.0,0.0,0.0,0.0,0.0,0.0,0.0,0.0,0.0,0.0,0.0,0.0,0.0,0.0,0.0,0.0,0.0,0.0,0.0,0.0,0.0,0.0,0.0,0.0,0.0,0.0,0.0,0.0,0.0,0.0,0.0,0.0,0.0,0.0,0.0,0.0,0.0,0.0,0.0,0.0,0.0,0.0,0.0,0.0,0.0,0.0,0.0,0.1260469904424742,0.0,0.0,0.0,0.0,0.0,0.0,0.0,0.0,0.0,0.16455813760989194,0.0,0.0,0.0,0.0,0.0,0.0,0.0,0.0,0.0,0.0,0.0,0.0,0.0,0.0,0.0,0.0,0.0,0.0,0.0,0.0,0.0,0.0,0.0,0.0,0.0,0.0,0.0,0.09119688248502326,0.0,0.09119688248502326,0.0,0.0,0.0,0.0,0.0,0.09119688248502326,0.0,0.0,0.0,0.0,0.0,0.09119688248502326,0.11532692945441121,0.0,0.0,0.0,0.0,0.0,0.0,0.0,0.0,0.0,0.0,0.0,0.0,0.05610430865118343,0.0,0.0,0.0,0.0,0.0,0.0,0.0,0.0,0.0,0.0,0.0,0.0,0.0,0.0,0.08227906880494597,0.0,0.0,0.0,0.27903255429422946,0.0,0.0,0.0,0.0,0.0,0.0,0.0,0.0,0.18332800999298507,0.0,0.0,0.0,0.0,0.0,0.0,0.0,0.06975813857355737,0.0,0.0,0.0,0.0,0.06508787940777534,0.0,0.0,0.0,0.0,0.0,0.061109336664328356,0.08227906880494597,0.0,0.0,0.0,0.0,0.0,0.0,0.0,0.0,0.0,0.0,0.0,0.0,0.0,0.0,0.0,0.0,0.0,0.0,0.0,0.07242301316295532,0.0,0.0,0.0,0.10927888449451571,0.10927888449451571,0.0,0.0,0.0,0.0,0.0,0.0,0.0,0.0,0.0,0.0,0.0,0.0,0.0,0.0,0.0,0.0,0.0,0.0,0.0,0.0,0.0,0.0,0.0,0.0,0.0,0.0,0.0,0.07242301316295532,0.0,0.0,0.11220861730236686,0.0,0.0,0.0,0.0,0.0,0.03975797024980578,0.0,0.0,0.2791008552388586,0.0,0.0,0.0,0.0,0.0,0.0,0.0,0.0,0.0,0.0,0.0,0.0,0.0,0.0,0.10144921430997657,0.06975813857355737,0.11532692945441121,0.0,0.0,0.0,0.0,0.0,0.0,0.0,0.0,0.0,0.0,0.0,0.0,0.07553822630147362,0.0,0.0,0.0,0.0673239881651075,0.0,0.0,0.0,0.0,0.0,0.0,0.0,0.0,0.0,0.0731148804755308,0.0,0.0,0.11220861730236686,0.0,0.0,0.21698406007967044,0.0,0.0,0.0,0.0,0.0,0.0,0.0,0.0,0.0,0.025965534198117642,0.0,0.05195703217405453,0.0,0.0,0.0,0.0,0.0,0.033861429156132106,0.0,0.0,0.0,0.0,0.0,0.047391461900088645,0.0,0.0,0.25187532598276885,0.0,0.0,0.0,0.0,0.0,0.0,0.0,0.23894490273131472,0.0365574402377654,0.07405415826811183,0.0,0.05627177663275957,0.0,0.0,0.0,0.0,0.0,0.043633093145129094,0.0,0.0,0.0,0.0,0.2043040795709832,0.043633093145129094,0.042793252136945764,0.0,0.0,0.017069425269197216,0.09277189809958407,0.0,0.046385949049792034,0.0,0.0,0.0,0.0,0.0,0.03975797024980578,0.0,0.14253300225117874,0.0,0.0,0.0,0.27416592262956285,0.0,0.0,0.0,0.0,0.01925557358370886,0.0,0.0324363812602502,0.0,0.0,0.0,0.06336892443372075,0.0,0.07951594049961155,0.0,0.228668386835176,0.03776911315073681,0.0,0.0,0.0,0.12128814652356575,0.11927391074941733,0.026851712835072525,0.03840789114349674,0.0,0.0,0.05597175846344408,0.0,0.0,0.0,0.0,0.1205764161418144,0.0,0.05537312160498374,0.024873881994505482,0.011324218565666342,0.0,0.0,0.0,0.016374067337829357,0.0,0.050493222106264044,0.0,0.0,0.013166494165176096,0.0,0.0,0.01468277561644828,0.0,0.021503061133384415,0.08474699654384722,0.01756730273481693,0.038822631902407576,0.03978870315293756,0.08758968484280596,0.0,0.062126205000551465,0.015733840744292002,0.0,0.0,0.020060862237212547,0.0448787180556963,0.07608024586169891,0.02223413025601179,0.03689751712618039,0.07949211445040298,0.0695661179818457,0.0964371856236465,0.08023743060473654,0.016733577649745247,0.02447379554559916,0.03203800379513908,0.013534009148991258,0.03731010848067742,0.07981792652637548,0.06550440189398574,0.05136001413558477,0.07899954074677337,0.02029726177813064,0.04019900318044773,0.06546764109660491,0.018470348142720517,0.01711165900463034,0.04834622980527097,0.0241463224911753,0.03850480990956015,0.03103833942116392,0.025156484619542986
39,0.0,0.0,0.10880254068062653,0.0,0.0,0.0,0.0,0.0,0.0,0.0,0.0,0.0,0.0,0.0,0.0,0.0,0.0,0.0,0.0,0.0,0.0,0.0,0.0,0.0,0.0,0.0,0.0,0.0,0.0,0.0,0.0,0.0,0.0,0.0,0.0,0.0,0.0,0.0,0.0,0.0,0.0,0.0,0.0,0.0,0.0,0.0,0.0,0.0,0.0,0.06236965634191078,0.0,0.0,0.0,0.0,0.0,0.0,0.0,0.0,0.0,0.0,0.0,0.0,0.1917460484360074,0.0,0.0,0.0,0.0,0.0,0.0,0.0,0.0,0.0,0.0,0.0,0.0,0.0,0.0,0.0,0.0,0.10174852524766796,0.0,0.0,0.0,0.0,0.0,0.10174852524766796,0.10174852524766796,0.0,0.10174852524766796,0.0,0.0,0.0,0.0,0.0,0.0,0.0,0.10174852524766796,0.0,0.0,0.0,0.0,0.0,0.0,0.0,0.0,0.0,0.0,0.0,0.0,0.0,0.0,0.0,0.0,0.0,0.0,0.0,0.0,0.0,0.0,0.0,0.0,0.0,0.0,0.0,0.0,0.0,0.086497947530902,0.0,0.0,0.0,0.0,0.0,0.0,0.0,0.0,0.0,0.0,0.0,0.0,0.0,0.1817157531818627,0.09085787659093135,0.0,0.0,0.0,0.09085787659093135,0.0,0.0,0.0,0.0,0.0,0.0,0.0,0.0,0.0,0.0,0.0958730242180037,0.0,0.0,0.0,0.0,0.0,0.0,0.0,0.0,0.0,0.0,0.0,0.0,0.0,0.0,0.0,0.0,0.0,0.0,0.0,0.06236965634191078,0.0,0.15227304060647234,0.2949053517773816,0.0,0.0,0.0,0.0,0.0,0.0,0.0,0.1653064889999052,0.0,0.0,0.0,0.0,0.0,0.0,0.0,0.0,0.086497947530902,0.0,0.0,0.07077604159183774,0.0,0.0,0.06842527582875364,0.07613652030323617,0.0,0.0,0.0,0.0,0.14667000727714222,0.0,0.0,0.0,0.0,0.0,0.0,0.0,0.0,0.0,0.0,0.0,0.0,0.0,0.0,0.0,0.0,0.0,0.0,0.086497947530902,0.0,0.086497947530902,0.0,0.0,0.0,0.0,0.0,0.0,0.0,0.14667000727714222,0.07333500363857111,0.0,0.0,0.07077604159183774,0.0,0.0,0.06842527582875364,0.0,0.0,0.0,0.0,0.0,0.0,0.0,0.0,0.0,0.0,0.0,0.0826532444999526,0.0,0.0,0.0826532444999526,0.0,0.0,0.0,0.0,0.0,0.0,0.0,0.0,0.0,0.0,0.06842527582875364,0.0,0.0,0.0,0.0,0.0,0.0,0.0,0.0,0.0,0.0,0.0,0.0,0.05898107035547632,0.0,0.0,0.0,0.06424273236453494,0.0,0.0,0.16386342388634087,0.0,0.18338238602875886,0.0,0.0,0.0,0.0,0.0,0.0,0.14946441097545063,0.11488218515999923,0.0,0.07077604159183774,0.0,0.0,0.0,0.0,0.0,0.0,0.0,0.0,0.1562920218372409,0.12848546472906988,0.06062017252830191,0.0,0.0,0.0,0.0,0.0,0.0,0.0,0.0,0.0,0.0,0.0,0.0,0.0,0.0,0.0,0.10419468122482727,0.0,0.0,0.0,0.06236965634191078,0.05744109257999962,0.0,0.0,0.0,0.06842527582875364,0.0,0.0,0.032296734119012634,0.15967697837970227,0.1527929363872045,0.0,0.0,0.04679221416454733,0.0,0.0882818124966889,0.0,0.03612854170974101,0.0,0.08189076932816276,0.0,0.05462114129544695,0.0314681531058092,0.0,0.0,0.0,0.0,0.0,0.0,0.0,0.0,0.0,0.0,0.0,0.08214741204464822,0.0,0.11348155411450887,0.13496245880443244,0.05209734061241363,0.0,0.04775582492609614,0.0,0.0,0.0,0.08373228638997969,0.038431931638004076,0.0,0.0,0.0,0.0,0.0,0.0,0.0,0.0,0.0,0.03970573336635465,0.0,0.10665104678370024,0.0,0.09204849411583713,0.0458703903227872,0.0,0.0,0.0,0.017944664089695184,0.0,0.0917407806455744,0.0,0.0,0.0,0.0,0.05093097879573484,0.0,0.0,0.0,0.09989427711659017,0.0,0.0,0.09358442832909467,0.10376058427172159,0.0,0.0,0.04179656958388107,0.0,0.0,0.0,0.0,0.0,0.0,0.0,0.0,0.0,0.0,0.03458393973235117,0.08013113749636115,0.03970573336635465,0.0,0.02302021666574161,0.048764399565479975,0.09563041870636511,0.04179656958388107,0.19759978535978925,0.040377264851872895,0.0,0.0,0.03922781575032666,0.0,0.1445813736171867,0.0,0.058841723625489985,0.0760554002497796,0.055200618192323414,0.014553097880108185,0.0522985923613479,0.011904870552723032,0.057774351682356444,0.08873568794616361,0.0,0.0860682575791306,0.021089487696228714,0.035388182679993774,0.06970022211743472,0.08653224665682527,0.04152482780882672,0.07667062343397042,0.02074233046274226,0.0,0.028887175841178222,0.022605635682126927,0.07127393507895978,0.036936140680394365,0.0,0.020914439161947244,0.0,0.020573086758029706,0.048983805649020044,0.049621791456548235,0.06434615146918528,0.03907356883999385,0.021089487696228714,0.03538491370908428,0.0,0.023374190547039105,0.007757889209871703,0.041784045716120745,0.012188856190928988,0.0,0.1012219486185389,0.026387393706106172,0.025728695204411522,0.0,0.0,0.058834789684808035,0.05244413099969963,0.057385963003352365,0.010798702203151685,0.013841710149230147,0.03556334779926009,0.039241629683676574,0.04235354454649608,0.05825225884534418,0.06745898763715537,0.027953856799349593,0.03384590785549207,0.05936942462088582,0.044495233119308295,0.03966958398329071
40,0.0,0.0,0.0,0.0,0.0,0.0,0.0,0.0,0.0,0.0,0.0,0.0,0.0,0.0,0.0,0.0,0.0,0.0,0.0,0.0,0.10008289453604986,0.0,0.0,0.0,0.0,0.0,0.0,0.0,0.0,0.19531173799812557,0.0,0.0,0.0,0.07602925355054736,0.314707709099879,0.0,0.0,0.0,0.0,0.0,0.0,0.0,0.0,0.0,0.0,0.0,0.0,0.0,0.0,0.28685615698258277,0.0,0.0,0.0,0.0,0.0,0.0,0.0,0.0,0.0,0.0,0.0,0.0,0.0,0.0,0.0,0.0,0.0,0.0,0.0,0.0,0.0,0.0,0.0,0.0,0.0,0.0,0.0,0.0,0.09359420154950668,0.0,0.0,0.0,0.0,0.0,0.0,0.0,0.0,0.0,0.0,0.0,0.0,0.0,0.0,0.0,0.0,0.0,0.0,0.0,0.0,0.0,0.0,0.0,0.0,0.0,0.0,0.0,0.0,0.0,0.0,0.0,0.0,0.0,0.0,0.0,0.0,0.0,0.0,0.0,0.0,0.0,0.0,0.0,0.0,0.0,0.0,0.0,0.15913166928208516,0.07956583464104258,0.0,0.0,0.0,0.0,0.0,0.0,0.0,0.0,0.0,0.08357635054967774,0.0,0.0,0.0,0.08357635054967774,0.0,0.0,0.0,0.0,0.0,0.0,0.03373715335298873,0.0,0.0,0.08818957454153602,0.0,0.0,0.0,0.0,0.08818957454153602,0.0,0.0,0.0,0.0,0.0,0.0,0.08818957454153602,0.0,0.0,0.0,0.0,0.0,0.0,0.0,0.0,0.0,0.0,0.0,0.0,0.0,0.0,0.07003479224090786,0.0,0.0,0.0,0.0,0.0,0.0,0.0,0.0,0.0,0.0,0.0,0.0,0.0,0.0,0.0,0.0,0.07956583464104258,0.07956583464104258,0.0,0.0,0.0,0.0,0.0,0.0,0.0,0.0,0.0,0.0,0.0,0.06745779454272281,0.0,0.0,0.0,0.0,0.0,0.07003479224090786,0.0,0.0,0.0,0.07602925355054736,0.0,0.0,0.0,0.0,0.0,0.0,0.0,0.0,0.0,0.0,0.0,0.0,0.0,0.04792215892665528,0.0,0.11152390920201166,0.0,0.0,0.13491558908544563,0.0,0.0,0.0,0.0,0.0,0.0,0.0,0.0,0.07003479224090786,0.14006958448181572,0.0,0.07003479224090786,0.0,0.0,0.0,0.0,0.0,0.16728586380301752,0.07602925355054736,0.07602925355054736,0.0,0.07602925355054736,0.0,0.0,0.0,0.0,0.0,0.10300675596849346,0.0,0.0,0.0,0.0,0.0,0.0,0.0,0.0,0.0,0.0,0.0,0.0,0.0,0.0,0.0,0.0,0.0,0.0,0.0,0.0,0.0,0.0,0.0,0.15378764648193877,0.0,0.0,0.03373715335298873,0.0,0.05024369733936084,0.04905191276159695,0.0,0.044856326224510225,0.10850842649599203,0.0,0.0,0.0,0.06510391266604185,0.05150337798424673,0.0,0.0,0.0,0.0981038255231939,0.0,0.0,0.05150337798424673,0.09584431785331056,0.05909419548225942,0.0,0.0,0.046849271602891485,0.0,0.0,0.0,0.0,0.0,0.0,0.0,0.0,0.0,0.04582868128805385,0.0,0.0,0.0,0.0,0.0,0.0,0.0,0.0,0.0,0.0,0.07070384454042311,0.0,0.0,0.0,0.054254213247996015,0.05941682270416944,0.041965758958621806,0.09369854320578297,0.0,0.0,0.0,0.0,0.2030168430416694,0.0,0.09969939140367325,0.0,0.12554647435737473,0.0,0.0,0.0,0.0,0.11152390920201166,0.0,0.0,0.19646888901962611,0.0,0.11152390920201166,0.0,0.0981038255231939,0.0,0.0,0.0,0.0,0.06959128185292314,0.0,0.09584431785331056,0.0,0.043928580708332575,0.0,0.16552840826881082,0.0,0.0513478792903644,0.0,0.0,0.0,0.08162423820936626,0.043928580708332575,0.0,0.04792215892665528,0.0,0.0,0.0,0.07304727812645607,0.0,0.0,0.0,0.08467154968227608,0.0,0.0,0.0,0.0,0.016506543986372125,0.0,0.04219424848247503,0.0,0.12414630620160813,0.0,0.0,0.0,0.0,0.0,0.0,0.0,0.0,0.0,0.0,0.07423500798778589,0.05941682270416944,0.0,0.0,0.0,0.0,0.0,0.0,0.025388366918212883,0.030105511764471668,0.0,0.0,0.0,0.0,0.0,0.04913951538835727,0.03652363906322804,0.0,0.0,0.0,0.02932213730168173,0.0,0.025966250886102795,0.03714135271607407,0.0,0.0928024664384843,0.018042011344862885,0.028946234424595207,0.016624292821066772,0.0,0.07216804537945154,0.02332005776850124,0.0,0.04016035336664781,0.02405364098550251,0.05475395595268759,0.026572101672178702,0.027208079403122087,0.04746306310103149,0.07917058087346218,0.1551946827504047,0.01627605262169641,0.10685718574340525,0.07959738496864507,0.012732315919035772,0.017631522828312016,0.07631999985103928,0.014198596480708226,0.053144203344357405,0.08317590518536581,0.016390476001418776,0.10192802068296306,0.07508483397156146,0.0,0.0,0.03784863955206371,0.030038765786641042,0.0,0.01972977545991523,0.15275408405734203,0.05819800603140177,0.010849699418045838,0.021020406872102212,0.021500937687215203,0.0071361569569689375,0.03843539143972054,0.011212017670181483,0.011657134183738689,0.06207321719357942,0.06472708510539885,0.13016711281940574,0.0077453796853128,0.039263135191714676,0.009019942632221705,0.03859292548900795,0.021114776354250485,0.019866546625903952,0.012732408713968963,0.058883818123897536,0.024990043533041673,0.038959249531841426,0.045645467865132024,0.08273692511177776,0.02571358062434756,0.03891678913456242,0.03475273712343025,0.04092929903823126,0.04865384901556319
41,0.0,0.0,0.0,0.0,0.0,0.0,0.0,0.0,0.0,0.0,0.0,0.0,0.0,0.0,0.0,0.0,0.0,0.0,0.0,0.0,0.0,0.0,0.10025238232029826,0.0,0.0,0.07015339434381698,0.05746838808781803,0.0,0.0,0.0,0.0,0.0,0.0,0.0,0.0,0.0,0.0,0.0,0.0,0.0,0.0,0.0,0.0,0.0,0.0,0.0,0.1674357698602241,0.0,0.08371788493011205,0.0,0.08833892129706446,0.0,0.0,0.0,0.0,0.0,0.0,0.0,0.0,0.0,0.0,0.0,0.08833892129706446,0.0,0.0,0.0,0.0,0.0,0.0,0.0,0.0,0.0,0.0,0.0,0.0,0.0,0.0,0.09375270090059619,0.0,0.0,0.0,0.0,0.0,0.0,0.0,0.0,0.0,0.0,0.0,0.0,0.0,0.0,0.0,0.0,0.0,0.09375270090059619,0.0,0.09375270090059619,0.0,0.0,0.0,0.06757203256691596,0.0,0.0,0.0,0.0,0.0,0.0,0.0,0.0,0.0,0.0,0.0,0.0,0.0,0.0,0.0,0.0,0.0,0.13042832890474354,0.0,0.0,0.0,0.0,0.0,0.0,0.0,0.0,0.0,0.0,0.0,0.0,0.0,0.0,0.0,0.0,0.0,0.0,0.0,0.08371788493011205,0.0,0.0,0.0,0.0,0.08371788493011205,0.0,0.0,0.0,0.0,0.0,0.0,0.08833892129706446,0.0,0.0,0.0,0.0,0.08833892129706446,0.08833892129706446,0.0,0.0,0.0,0.0,0.0,0.08833892129706446,0.0,0.0,0.0,0.0,0.0,0.0,0.0,0.0,0.0,0.0,0.0,0.0,0.0,0.0,0.0,0.05434609134996509,0.0,0.0,0.0,0.0,0.0,0.0,0.0,0.0,0.0,0.0,0.0,0.07970057731687842,0.0,0.0,0.0,0.07970057731687842,0.0,0.0,0.0,0.0,0.0,0.0,0.0,0.0,0.0,0.0,0.0,0.0,0.2027160977007479,0.0,0.0,0.0,0.0,0.0,0.07015339434381698,0.0,0.0,0.0,0.07615800711809831,0.07615800711809831,0.06304813168740217,0.0,0.0,0.0,0.0,0.07970057731687842,0.0,0.07970057731687842,0.0,0.0,0.0,0.0,0.0,0.0,0.1117127720476457,0.0,0.0,0.06757203256691596,0.0,0.0,0.0,0.2608566578094871,0.0,0.0,0.0,0.0,0.0,0.0,0.0,0.07015339434381698,0.0,0.0,0.0,0.0,0.0,0.2234255440952914,0.07615800711809831,0.07615800711809831,0.0,0.0,0.0,0.0,0.0,0.0,0.0,0.15477179285428344,0.0,0.0,0.0,0.0,0.0,0.0,0.0,0.0,0.0,0.0,0.052927131464046324,0.0,0.0,0.0,0.0,0.0,0.0,0.0,0.0,0.0,0.0,0.0,0.0,0.07702404093485117,0.0,0.0,0.0,0.0,0.050328783736731456,0.04913498090271785,0.05159059761809448,0.0,0.0,0.13771887291099952,0.0,0.0,0.0,0.05159059761809448,0.0,0.0,0.0,0.0,0.0,0.0,0.0,0.24001656929489718,0.0,0.0,0.0,0.0,0.0,0.042265703347129695,0.0,0.05585638602382285,0.0,0.0,0.0,0.0,0.0,0.0,0.0,0.0,0.0,0.0,0.0,0.0,0.0,0.11493677617563607,0.0,0.0,0.0,0.0,0.0,0.0,0.0,0.0,0.10509206720549567,0.0,0.04493228924872689,0.0,0.08623017283773343,0.0,0.08134425871842586,0.0,0.13315763964709434,0.044002972619597194,0.1760627176744018,0.0,0.0,0.0,0.0,0.16756915807146855,0.0,0.0,0.13120106932255796,0.0,0.05585638602382285,0.0,0.0,0.0,0.0,0.0,0.0,0.13941826576500305,0.04145218158298235,0.0,0.0,0.0,0.04913498090271785,0.0829043631659647,0.04590629097033317,0.18002192456923508,0.07082357966603624,0.0,0.0469286096283796,0.0,0.044002972619597194,0.0,0.0,0.0,0.0,0.0,0.0,0.0,0.0,0.0,0.14135823125669264,0.0,0.0,0.0,0.0,0.06613798956074485,0.0,0.0,0.0,0.0,0.0,0.043115086418866716,0.0469286096283796,0.0,0.15404808186970234,0.0,0.09204416733703567,0.0,0.0,0.0,0.18059032739996855,0.05951744355125717,0.0,0.0,0.0,0.0,0.0365854908980117,0.0,0.0,0.0,0.0,0.0,0.0,0.0,0.0,0.12305682970563217,0.0,0.0,0.0,0.0,0.0,0.0,0.1300511202901259,0.0,0.025431361458634606,0.0,0.0,0.028995254121294646,0.13321956503580998,0.0,0.0542176950683867,0.0,0.0,0.0,0.0,0.010969336071191249,0.0,0.05450831115881285,0.019017376226596303,0.111026515876222,0.019432187614696173,0.016303615694366815,0.1070381456139868,0.019933045268535458,0.0,0.01766138135459614,0.09556155723737975,0.014222641435324177,0.026617100836682468,0.0208291903554923,0.0,0.06806708876030071,0.018802997047266946,0.0,0.04242238366554916,0.037912735240784874,0.07522408914211372,0.045722303701735,0.019763187322570888,0.06300525787869174,0.038864375229392345,0.03260421930722007,0.04211200877111222,0.021537348967132337,0.042889451121340995,0.00962512019438358,0.022462009862196732,0.011676875237918298,0.031089168287894167,0.09725504811605304,0.023706826808451282,0.031033985139115157,0.0,0.07228174136765635,0.019329140803322705,0.010575266839986523,0.019900190106979326,0.012753970717656798,0.013107452520347264,0.04450197959670948,0.019512613004868746,0.047710713683723406,0.11188400122847732,0.021074012104696126,0.03898269370687776,0.02486542141553041,0.01639944469753353,0.030460151903788694
42,0.0,0.0,0.0,0.0,0.0,0.0,0.0,0.0,0.0,0.0,0.0,0.0,0.0,0.0,0.0,0.0,0.0,0.0,0.0,0.0,0.0,0.10441359201302065,0.0,0.0,0.0,0.0,0.0,0.0,0.0,0.0,0.0,0.0,0.0,0.0,0.0,0.0,0.0,0.0,0.0,0.0,0.0,0.0,0.07306527511676657,0.17438558324445658,0.0,0.0,0.0,0.0,0.0,0.0,0.0,0.0,0.0,0.0,0.0,0.0,0.0,0.0,0.0,0.0,0.0,0.0,0.09200563491561511,0.0,0.0,0.0,0.0,0.0,0.0,0.0,0.0,0.0,0.0,0.0,0.0,0.0,0.0,0.0,0.0,0.0,0.0,0.0,0.0,0.0,0.0,0.0,0.0,0.0,0.0,0.0,0.0,0.0,0.0,0.0,0.0,0.0,0.0,0.0,0.0,0.0,0.0,0.2815070715183985,0.0,0.29226110046706627,0.0,0.0,0.0,0.14613055023353314,0.0,0.0,0.0,0.0,0.0,0.06358240034557552,0.0,0.0,0.0,0.0,0.0,0.13584206186432543,0.0,0.0,0.0,0.0,0.0,0.0,0.0,0.0,0.0,0.0,0.0,0.0,0.0,0.0,0.0,0.0,0.0,0.0,0.0,0.0,0.08719279162222829,0.0,0.0,0.0,0.0,0.0,0.0,0.0,0.0,0.0,0.0,0.0,0.0,0.0,0.0,0.0,0.0,0.0,0.0,0.0,0.0,0.0,0.0,0.0,0.0,0.0,0.0,0.0,0.0,0.0,0.0,0.21113030363879887,0.0,0.0,0.0,0.0,0.0,0.0,0.0,0.11320370605434853,0.0,0.0,0.0,0.0,0.0,0.0,0.0,0.0,0.0,0.0,0.0,0.08300873625705171,0.0,0.0,0.0,0.08300873625705171,0.0,0.0,0.0,0.0,0.08719279162222829,0.0,0.0,0.0,0.0,0.0,0.0,0.0,0.14075353575919924,0.0,0.09956660986482622,0.0,0.0,0.0,0.0,0.0,0.0,0.0793191233934777,0.0,0.0,0.06566509190932936,0.0,0.0,0.0,0.0,0.0,0.0,0.08300873625705171,0.08300873625705171,0.0,0.0,0.06165126664277085,0.0,0.0,0.058174836015167486,0.0,0.0,0.07037676787959962,0.0,0.0,0.0,0.06792103093216272,0.0,0.0,0.0,0.0,0.0,0.0,0.0,0.07306527511676657,0.0,0.0,0.0,0.0,0.0,0.0,0.0,0.0793191233934777,0.0,0.0793191233934777,0.0,0.06792103093216272,0.0,0.0,0.0,0.053731986080823205,0.0,0.0,0.0,0.0,0.0,0.0,0.0,0.0,0.07037676787959962,0.0,0.0,0.0,0.0,0.0,0.0,0.07306527511676657,0.0,0.0,0.0,0.0,0.0,0.1233025332855417,0.0,0.04011055198504447,0.0,0.0,0.0,0.0,0.15725339298599303,0.0,0.0,0.0,0.0,0.04781173898584639,0.0,0.0,0.06792103093216272,0.10746397216164641,0.0,0.0,0.029445127077304588,0.0,0.0,0.0,0.0,0.0,0.0,0.0,0.0,0.0,0.0,0.0,0.0,0.0,0.0,0.0,0.0,0.0,0.0,0.09562347797169278,0.06792103093216272,0.0,0.1233025332855417,0.0,0.07037676787959962,0.0,0.0,0.1197074959929893,0.0,0.0,0.0,0.06566509190932936,0.0,0.0,0.0,0.0,0.04378166373719318,0.09775298274350998,0.046797309043873955,0.0,0.0,0.0,0.1694412850019153,0.0,0.03467116475872882,0.0,0.0261958018160682,0.0,0.0,0.030198769984957578,0.0,0.058174836015167486,0.0,0.042360321250478825,0.0683234383405965,0.0,0.058174836015167486,0.0,0.0,0.0,0.0,0.0,0.0,0.07260257354404286,0.0,0.0,0.0,0.0,0.15352332974450994,0.04317275136691526,0.0,0.05356975878657025,0.18440819512211,0.0,0.04887649137175499,0.0,0.0,0.0,0.0,0.0,0.046797309043873955,0.0,0.0,0.0,0.05117444324816998,0.17335582379364411,0.058890254154609176,0.0,0.0,0.0,0.020583504653115953,0.03444160078158473,0.0,0.0,0.0,0.04317275136691526,0.0,0.0,0.09775298274350998,0.0,0.0,0.0,0.03195489195392935,0.0,0.0,0.0,0.09957502136812968,0.03099392715060053,0.0,0.0,0.029445127077304588,0.019426335911476175,0.03810405729827358,0.0,0.0,0.0,0.0,0.0,0.0,0.0,0.0,0.025632918268712543,0.07620811459654717,0.0,0.08836644791387943,0.046797309043873955,0.030590938595054035,0.04011055198504447,0.16253903558830554,0.07749700020738261,0.0,0.06454542116265206,0.0,0.030198769984957578,0.26015466521583536,0.0,0.05646812735751504,0.0,0.02648694961875128,0.013966045416527139,0.0,0.05712322015110725,0.02772190588400698,0.0,0.02971010538389823,0.09911565530644738,0.10119383013956305,0.0,0.06688860857348171,0.020760412950551227,0.1062660584239781,0.0,0.03981122530388964,0.029625970890763423,0.0,0.04338750927217761,0.0,0.07089237253859362,0.019583459433839833,0.040141557433787785,0.022091611978469858,0.03948639202290036,0.03133857638670982,0.06349348652691023,0.020583504653115953,0.04687174180205344,0.0,0.07923424533491921,0.05482495778289074,0.04486261405562411,0.029779785426867097,0.020049266656662193,0.05848587034198068,0.01216155126552126,0.03237959695825674,0.033763948813215074,0.03703625118442384,0.03232212330377343,0.02730806296829669,0.06587171864315809,0.06039432605259099,0.03304265410066797,0.031089291087963253,0.006641677056634893,0.006825754002618234,0.043452317234003265,0.025403162077598507,0.03726829386437704,0.06473778248830489,0.02682623568143762,0.028420533132987202,0.038846278365008154,0.011386761346761956,0.047586707666091174
43,0.0,0.0,0.0,0.0,0.0,0.0,0.0,0.0,0.0,0.0,0.0,0.0,0.0,0.0,0.0,0.0,0.0,0.0,0.0,0.0,0.0,0.0,0.0,0.0,0.0,0.0,0.0,0.0,0.0,0.0,0.0,0.0,0.0,0.0,0.0,0.0,0.0,0.0,0.0,0.0,0.0,0.0,0.0,0.0,0.0,0.0,0.0,0.0,0.0,0.0,0.0,0.0,0.0,0.09256849406525301,0.0,0.0,0.0,0.0,0.0,0.0,0.0,0.0,0.09256849406525301,0.0,0.0,0.0,0.0,0.0,0.0,0.0,0.0,0.0,0.0,0.0,0.0,0.0,0.0,0.0,0.0,0.0,0.09824147962747053,0.0,0.0,0.0,0.0,0.0,0.0,0.0,0.0,0.0,0.0,0.0,0.09824147962747053,0.0,0.09824147962747053,0.0,0.0,0.0,0.0,0.0,0.0,0.0,0.0,0.07351226359370064,0.0,0.0,0.0,0.0,0.0,0.0,0.0,0.0,0.0,0.0,0.0,0.0,0.0,0.0,0.0,0.0,0.0,0.0,0.0,0.0,0.16703311088766637,0.0,0.0,0.08351655544383318,0.0,0.0,0.0,0.0,0.0,0.0,0.0,0.0,0.0,0.0,0.17545241487041197,0.0,0.0,0.0,0.0,0.0,0.0,0.0,0.0,0.0,0.0,0.0,0.0,0.0,0.0,0.0,0.0,0.0,0.0,0.0,0.0,0.0,0.0,0.0,0.0,0.0,0.0,0.0,0.0,0.0,0.07351226359370064,0.0,0.0,0.0,0.0,0.0,0.0,0.0,0.0,0.0,0.0,0.17084437167899114,0.0,0.0,0.0,0.0,0.0,0.0,0.0,0.0,0.0,0.10812140015551974,0.0,0.0,0.0,0.0,0.0,0.0,0.08351655544383318,0.0,0.0,0.13667309734922958,0.0,0.0,0.0,0.0,0.0,0.0,0.0,0.31014214050970496,0.0,0.05694812389299704,0.03339190816164991,0.0,0.0,0.0,0.0,0.0,0.0,0.0,0.07980437078494697,0.0,0.06606680858490992,0.21095388760649691,0.0,0.0,0.0,0.0,0.0,0.0,0.0,0.0,0.0,0.062028428101940994,0.0,0.0,0.11706145971072768,0.0,0.0,0.07080730898460158,0.0,0.0,0.0,0.06833654867461479,0.06606680858490992,0.0,0.0,0.0,0.07351226359370064,0.0,0.0,0.14702452718740128,0.0,0.0,0.0,0.0,0.07649330351357585,0.11706145971072768,0.0,0.0,0.0,0.0,0.0,0.0,0.0,0.0,0.12794275164650876,0.05406070007775987,0.0,0.0,0.0,0.0,0.06606680858490992,0.0,0.0,0.0,0.0,0.0,0.0,0.0,0.0,0.0,0.07351226359370064,0.0,0.0,0.0,0.0,0.0,0.0,0.0,0.0,0.12106780405744852,0.0,0.0,0.0,0.0,0.1582154157048727,0.0,0.05406070007775987,0.0,0.0,0.048104234926697895,0.0,0.0,0.0,0.10812140015551974,0.06021991284858058,0.0,0.029625262339703595,0.0,0.0,0.0,0.0,0.050301661021245433,0.0,0.0,0.0,0.0,0.0,0.0,0.0,0.11706145971072768,0.0,0.0,0.0,0.0,0.0,0.0,0.0,0.05853072985536384,0.0,0.10060332204249087,0.0,0.0,0.0,0.0,0.0,0.0,0.0,0.0,0.0,0.05694812389299704,0.0,0.03118353744453444,0.17619802019910552,0.0,0.0,0.0,0.0,0.0,0.04261946727364688,0.0,0.27906616912300375,0.09221957547099982,0.2899166469408354,0.0,0.0,0.0,0.0,0.0,0.0,0.0,0.10311212681185108,0.05694812389299704,0.0,0.0,0.15446253320643735,0.0,0.0,0.0,0.0,0.03652336568514454,0.08687373512186192,0.0,0.0,0.04610978773549991,0.0,0.0,0.048104234926697895,0.026948740166076766,0.037107268335035186,0.0,0.049175501105191664,0.0,0.0,0.0,0.0,0.0,0.0,0.0,0.0,0.08071186937163234,0.05148751106881244,0.0,0.029625262339703595,0.0,0.0,0.07931597325061673,0.020709427526603503,0.08663075692244475,0.0,0.044289339874275024,0.047083599047719214,0.04343686756093096,0.0,0.0,0.0,0.08857867974855005,0.0,0.0,0.09645114331006302,0.0,0.0,0.0,0.03339472914898885,0.0,0.0,0.0,0.08887578701911078,0.0,0.03833716494769452,0.0,0.0,0.0,0.0,0.0,0.07191742494266756,0.04035593468581617,0.0,0.02578973173554746,0.0,0.03541232051713529,0.0,0.0,0.030778083542208953,0.0,0.05451113135634847,0.0,0.0,0.03247014403690705,0.0,0.06076703155615188,0.03489949371784654,0.0,0.01893786004507329,0.07343393956826995,0.13324493879308616,0.01405148492742406,0.0,0.011494536112697311,0.0,0.0,0.059783723386721825,0.06648134076007821,0.08145031963145156,0.0,0.0,0.0,0.02672903949736327,0.11104193606412745,0.04005477682593655,0.014903606247021016,0.027891499065843345,0.0,0.0,0.03566303396867677,0.0,0.0201935649076693,0.04445352187822978,0.0,0.03153029512732895,0.0638819180601186,0.0,0.10374867175237715,0.02036257990786289,0.03416527434485327,0.055160358208581124,0.045137068254228814,0.029961968015108992,0.020171921243977226,0.0,0.03670785448671283,0.01628884215415033,0.03397050515658311,0.03726282635959176,0.056909753336742315,0.027475124400074116,0.04733907099339062,0.010127299662862627,0.011081599269520286,0.031279484785997784,0.06682308575603224,0.04120506985002106,0.03788905788790303,0.05111713994856065,0.0708263229066879,0.05210706096045183,0.03680502198807242,0.04084914325496302,0.033872736447519196,0.02864105418969543,0.03511040642409219
44,0.0,0.0,0.0,0.0,0.0,0.0,0.0,0.0,0.0,0.0,0.0,0.0,0.09266624155028379,0.09266624155028379,0.0,0.0,0.0,0.0,0.0,0.0,0.0,0.0,0.0,0.0,0.0,0.0,0.0,0.0,0.0,0.0,0.0,0.0,0.0,0.0,0.0,0.0,0.073669600446468,0.0,0.0,0.0,0.0,0.0,0.0,0.0,0.0,0.0,0.0,0.0,0.0,0.0,0.0,0.0,0.0,0.0,0.0,0.08165427723255055,0.0,0.0,0.0,0.0,0.0,0.0,0.0,0.0,0.0,0.0,0.0,0.0,0.12491765575972096,0.0,0.0,0.0,0.08665839381142706,0.08665839381142706,0.0,0.0,0.0,0.0,0.0,0.0,0.08665839381142706,0.0,0.0,0.0,0.0,0.0,0.0,0.0,0.0,0.0,0.0,0.0,0.0,0.0,0.0,0.0,0.0,0.0,0.0,0.0,0.0,0.0,0.0,0.0,0.0,0.0,0.0,0.0,0.0,0.0,0.0,0.0,0.0,0.0,0.0,0.13494883922662165,0.0,0.0,0.0,0.0,0.0,0.0,0.073669600446468,0.0,0.0,0.147339200892936,0.0,0.0,0.0,0.0,0.0,0.0,0.0,0.0,0.0,0.0,0.0,0.0,0.07738291666952125,0.0,0.0,0.0,0.0,0.0,0.0,0.0,0.06245882787986048,0.0,0.0,0.0,0.0,0.0,0.08165427723255055,0.0,0.0,0.0,0.0,0.0,0.0,0.0,0.0,0.0,0.0,0.0,0.08165427723255055,0.0,0.0,0.0,0.06484485690391638,0.0,0.0,0.18737648363958145,0.0,0.0,0.0,0.0,0.0,0.0,0.0,0.050233699307612324,0.0,0.0,0.0,0.0,0.0,0.0,0.0,0.14079019610818827,0.0,0.38149371974645885,0.0,0.0,0.0,0.0,0.0,0.0,0.0,0.0,0.0,0.2411175226274836,0.0,0.0,0.0,0.0,0.0,0.0,0.06747441961331083,0.0,0.0,0.0,0.11781944402955113,0.0,0.0,0.0,0.0,0.0,0.0,0.0,0.07039509805409414,0.0,0.0,0.27912229850735437,0.0,0.0,0.0,0.0,0.0,0.0,0.0,0.0,0.16928664042230848,0.0,0.0,0.047686714968307356,0.0,0.0,0.0,0.0,0.0,0.0602793806568709,0.0,0.0,0.0,0.0,0.0,0.0,0.0,0.0,0.0,0.0,0.0,0.0,0.0,0.0,0.0,0.0,0.0,0.0,0.0,0.0,0.0,0.0,0.0602793806568709,0.0,0.0,0.0,0.0,0.0,0.0,0.0,0.0,0.0,0.0,0.0,0.06245882787986048,0.0,0.0,0.0,0.12968971380783276,0.0,0.0,0.0,0.0,0.0,0.0,0.15488912800712978,0.0,0.0,0.0,0.21358679616143303,0.0,0.0,0.0,0.0,0.13956114925367719,0.0,0.0,0.16612897459641565,0.050233699307612324,0.0,0.0,0.0,0.0,0.14306014490492205,0.0,0.0,0.0,0.0,0.0,0.0,0.0,0.0,0.0,0.0,0.0,0.0,0.0,0.03906743944642158,0.0,0.0,0.0,0.0,0.0,0.058277252520272375,0.0,0.0,0.0,0.0,0.0,0.044370882509887466,0.0,0.0,0.018912721512124545,0.0,0.04892211272487545,0.0,0.0,0.0,0.0,0.0,0.050233699307612324,0.0,0.11656764648528078,0.0,0.0,0.0,0.0,0.0774323519221934,0.0,0.0,0.06154077197078712,0.0,0.04649713608911045,0.0,0.0,0.08040351241623514,0.030318257033174895,0.05162970933570992,0.0,0.0,0.15159128516587447,0.0,0.05162970933570992,0.0,0.045416915823036245,0.0,0.0,0.03498214232701054,0.0,0.06443421289792944,0.07663095444619933,0.044370882509887466,0.0,0.0,0.0,0.0,0.08486508448534291,0.04754273952080605,0.09819649352302529,0.0,0.0,0.0,0.0,0.0,0.0,0.08675500321874964,0.04153224364910391,0.0,0.0676341022193232,0.0,0.045416915823036245,0.0,0.052264637306684146,0.03906743944642158,0.0,0.0,0.0,0.0,0.08306448729820783,0.0,0.0,0.15326190889239866,0.028641776770198874,0.03985254933680639,0.0,0.07813487889284317,0.03559779936023884,0.0,0.14179857619239722,0.0,0.0,0.0,0.08837204816517674,0.13753433267439408,0.0,0.0,0.0,0.0,0.0,0.05808464490614875,0.0,0.0,0.0,0.018912721512124545,0.0,0.03559779936023884,0.0,0.04549802664831206,0.0,0.0,0.0,0.04153224364910391,0.0,0.0,0.024042019247356605,0.03438898903001142,0.0,0.028641776770198874,0.0,0.0,0.03078469585239124,0.0,0.05011501882773218,0.021591922537413443,0.0,0.0,0.0,0.0,0.0,0.025191821936972964,0.052734969632026035,0.029321454799666843,0.053885236929355526,0.0,0.0,0.036849406366931965,0.023577572729431964,0.0652997482089886,0.01766607464267181,0.0,0.0,0.0,0.0,0.04718731721906576,0.0,0.0,0.05881839554691536,0.0,0.04171911003115473,0.01408749245653439,0.07307079384450928,0.008319660427293759,0.07184698257247404,0.0,0.04865671875611675,0.03981521706615744,0.006607331326503834,0.017793566441815598,0.031143449912417798,0.07555296756187566,0.014368318794455819,0.029965238970292667,0.05478230263905398,0.014342815086334832,0.0363535366014653,0.03340607549779,0.017866496428160086,0.029325095586914984,0.0,0.029472180707678243,0.024231211932276443,0.04370540169508513,0.02254510651190125,0.014700141171797973,0.02298170908148778,0.05843799770926678,0.06485914179680839,0.05056445748605556,0.03789622920822281,0.03941730680214115
45,0.0,0.0,0.0,0.0,0.0,0.0,0.0,0.0,0.0,0.0,0.0,0.0,0.0,0.0,0.0,0.0,0.0,0.0,0.0,0.0,0.0,0.09484113251112226,0.0,0.0,0.0,0.0,0.0,0.0,0.0,0.0,0.0,0.0,0.0,0.0,0.0,0.0,0.15079727462980302,0.0,0.0,0.0,0.0,0.37016488202758013,0.0,0.0,0.0,0.0,0.0,0.0,0.0,0.0,0.0,0.0,0.0,0.0,0.0,0.0,0.0,0.0,0.0,0.0,0.0,0.0,0.0,0.0,0.0,0.0,0.0,0.0,0.0,0.0,0.0,0.0,0.0,0.0,0.0,0.0,0.0,0.0,0.0,0.0,0.0,0.0,0.08869227966055782,0.0,0.0,0.0,0.08869227966055782,0.0,0.0,0.0,0.0,0.0,0.0,0.0,0.0,0.0,0.0,0.0,0.0,0.0,0.0,0.0,0.0,0.0,0.0,0.07539863731490151,0.0,0.0,0.0,0.0,0.0,0.0,0.0,0.0,0.0,0.0,0.0,0.0,0.0,0.0,0.06169414700459668,0.0,0.0,0.0,0.0,0.0,0.0,0.15079727462980302,0.0,0.0,0.0,0.0,0.0,0.0,0.0,0.0,0.0,0.0,0.0,0.0,0.0,0.0,0.0,0.0,0.0,0.0,0.06392474618956945,0.0,0.0,0.0,0.0,0.0,0.08357071569488429,0.0,0.08357071569488429,0.0,0.0,0.0,0.0,0.0,0.0,0.0,0.0,0.0,0.0,0.0,0.0,0.0,0.0,0.0,0.0,0.0,0.0,0.0,0.06905805463346194,0.0,0.0,0.0,0.0,0.0,0.0,0.0,0.0,0.0,0.0,0.0,0.0,0.0,0.0,0.0,0.0,0.0,0.0,0.0,0.0,0.0,0.0,0.0,0.0,0.0,0.0,0.0,0.0,0.0,0.06905805463346194,0.0,0.0,0.0,0.0,0.0,0.0,0.0,0.0,0.0,0.0,0.0,0.07204728184706809,0.0,0.0,0.0,0.0,0.047612223640220844,0.0,0.0,0.0,0.0,0.0,0.0,0.0,0.0,0.05775327464836158,0.0,0.0,0.0,0.0,0.0,0.04880592951290906,0.0,0.06392474618956945,0.0,0.12338829400919336,0.0,0.0,0.0,0.0,0.0,0.0,0.0663667756822955,0.0,0.0,0.0663667756822955,0.0,0.0,0.0,0.0,0.0,0.0,0.0,0.0,0.0,0.07204728184706809,0.0,0.12338829400919336,0.0,0.0,0.0,0.0,0.05436645876827015,0.0,0.0,0.11929005722456346,0.0,0.0,0.0,0.0,0.0,0.0,0.0,0.0,0.0,0.0,0.132733551364591,0.0,0.0,0.0,0.05284146656538047,0.06905805463346194,0.0,0.0,0.2914662815495113,0.047612223640220844,0.0,0.0,0.0,0.19044889456088337,0.0464828578321236,0.0,0.2550420708239127,0.0,0.0,0.0,0.0,0.0,0.19522371805163624,0.0,0.05436645876827015,0.0,0.0,0.06392474618956945,0.0,0.0,0.0,0.11199836795991878,0.0,0.0,0.1331867347583238,0.1502109667352673,0.07996871653411669,0.0,0.0,0.05775327464836158,0.0,0.0,0.0,0.11929005722456346,0.0,0.0,0.0,0.05599918397995939,0.0,0.0,0.0,0.03871321199757591,0.0,0.0,0.05775327464836158,0.0,0.0,0.0,0.0,0.05141269196692203,0.0,0.198839178501719,0.0,0.0,0.0,0.0,0.026416567049089547,0.0,0.047612223640220844,0.0,0.04162785622156263,0.023794215517104377,0.0,0.0,0.10972079364759732,0.031029831195099323,0.05284146656538047,0.0,0.0,0.18617898717059594,0.0,0.05284146656538047,0.0,0.0929657156642472,0.05436645876827015,0.0,0.0,0.04342844054420024,0.03297324689912211,0.0,0.045412273956014215,0.0,0.0,0.0,0.0,0.0,0.024329287469740526,0.1005011803493856,0.0,0.0,0.0,0.0,0.0,0.0,0.0443955782527746,0.04250701180398545,0.039984358267058345,0.0,0.0,0.0,0.0,0.026745648196809788,0.0,0.0,0.0,0.0,0.031284053739039176,0.0,0.0,0.0,0.039214747374544334,0.058628007364308524,0.0,0.0,0.0,0.036433285193688915,0.0,0.18866459379849052,0.04511434149904209,0.0,0.0,0.06029743583060815,0.08445737078646652,0.0,0.036433285193688915,0.0,0.0,0.03461074250741518,0.0,0.0,0.11411503809138733,0.0,0.03871321199757591,0.09739043614269838,0.036433285193688915,0.030146171131614198,0.023282936170480314,0.0,0.0,0.0,0.0,0.0,0.0,0.0,0.03519610389884054,0.0,0.029314003682154262,0.0,0.02743019841189933,0.015753608702619777,0.0,0.034194150691933975,0.0,0.0,0.012685662263587548,0.09117540265621674,0.0,0.0,0.1031323115106413,0.06296811207291939,0.06001926771930395,0.0,0.015423607306803953,0.0,0.16971420424315872,0.036196412988908445,0.05012425751726714,0.03616140027062278,0.026909912558809014,0.0251804089747061,0.019704908321212633,0.0,0.0,0.01778808137315474,0.0,0.020066290783034065,0.053799520723743666,0.0,0.01441812807412304,0.0373928883148859,0.008514924138844509,0.03676662115935053,0.0,0.019919479775603977,0.030562264757021736,0.013524812820681844,0.05463355255984881,0.03187439147830713,0.03313980314852901,0.014705545449445929,0.03833565967989058,0.044854441375271344,0.044038329496102445,0.02480450646957272,0.008547530308659512,0.01828582585097231,0.07003117355905429,0.0470651301059011,0.018098338396762743,0.061999805520521825,0.028943700955527386,0.01384454618036277,0.024448378092269164,0.0274412755552535,0.050948872957749025,0.051629974545196224,0.05410354095851537,0.04912850208930653,0.028816026473928707
46,0.0,0.0,0.0,0.0,0.0,0.0,0.0,0.0,0.0,0.0,0.0,0.0,0.0,0.0,0.0,0.0,0.10099595859567327,0.0,0.0,0.0,0.0,0.0,0.10099595859567327,0.0,0.0,0.0,0.0,0.0,0.0,0.0,0.043434872888073864,0.0,0.0,0.0,0.0,0.0,0.0,0.0,0.2627914429740036,0.0,0.0,0.0,0.0,0.0,0.0,0.0,0.0,0.0,0.0,0.0,0.0,0.0,0.0,0.0,0.0,0.0,0.0,0.0,0.0,0.0,0.0,0.0,0.0,0.0,0.0,0.0,0.0,0.0,0.0,0.0,0.0,0.0,0.0,0.0,0.0,0.0,0.09444806875648701,0.0,0.0,0.0,0.0,0.0,0.0,0.0,0.0,0.0,0.0,0.0,0.09444806875648701,0.0,0.0,0.0,0.0,0.0,0.0,0.0,0.0,0.0,0.0,0.0,0.0,0.0,0.0,0.0,0.0,0.0,0.08029171996162059,0.0,0.0,0.0,0.0,0.0,0.0,0.0,0.0,0.0735396577602122,0.0,0.0,0.0,0.0,0.0,0.0,0.0,0.0,0.0,0.0,0.0,0.0,0.07672287436576064,0.0,0.0,0.0,0.0,0.0,0.0,0.0,0.0,0.08433882411996313,0.0,0.0,0.0,0.0,0.0,0.0,0.0,0.0,0.0680732172682939,0.0,0.0,0.0,0.0,0.0,0.0,0.0,0.0,0.0,0.0,0.0,0.0,0.08899413491442124,0.0,0.0,0.0,0.0,0.08899413491442124,0.0,0.0,0.0,0.212021175352943,0.0,0.0,0.0,0.0,0.0,0.0,0.0,0.17368390085735227,0.0,0.0,0.0,0.0,0.0,0.0,0.0,0.0,0.0,0.0,0.0,0.0,0.0,0.0,0.0,0.0,0.0,0.0,0.0,0.0,0.0,0.0,0.0,0.0,0.0,0.0,0.0,0.0,0.0735396577602122,0.0,0.0,0.0,0.0,0.0,0.0,0.0,0.0,0.0,0.1361464345365878,0.0,0.0,0.0,0.0,0.0,0.0,0.0,0.0,0.0,0.0,0.0,0.0,0.0,0.08029171996162059,0.0,0.0,0.0,0.0,0.0,0.0,0.0,0.0,0.1361464345365878,0.0,0.1313957214870018,0.0,0.25406304967762017,0.0,0.12703152483881008,0.0,0.0,0.0,0.0,0.0,0.0,0.0,0.0,0.0,0.0,0.0,0.0,0.0,0.0,0.0,0.0,0.0,0.0,0.0,0.0,0.0,0.0,0.0,0.0,0.06351576241940504,0.0,0.0,0.0,0.0,0.0,0.0,0.0,0.0,0.0,0.0,0.0,0.0,0.0,0.0,0.0,0.0,0.0735396577602122,0.0,0.0,0.11639299738943894,0.0,0.0,0.0,0.0,0.0,0.09899883438172095,0.0,0.0,0.0,0.0,0.0,0.0,0.0,0.05197324732210522,0.0,0.0,0.0,0.0,0.0680732172682939,0.11254135053155258,0.0,0.0,0.0,0.0,0.0,0.0,0.0,0.08515837981038056,0.0,0.11254135053155258,0.0,0.0,0.0,0.0,0.0,0.0,0.0,0.0,0.0,0.0,0.0,0.0680732172682939,0.02061277555681959,0.0,0.0,0.0,0.0,0.06351576241940504,0.0,0.05474917867070415,0.0,0.0,0.16939446341429745,0.0,0.0,0.0,0.0,0.0,0.0,0.0,0.0,0.044329344579331506,0.0,0.0,0.15210622353708478,0.0,0.0,0.0,0.09899883438172095,0.0,0.09913064501555155,0.0,0.0,0.0,0.0,0.0,0.0,0.22876000616445974,0.0,0.03511308427488581,0.0,0.14507806957047198,0.12773756971557082,0.1329880337379945,0.0,0.0,0.0,0.07772449500224987,0.0,0.0,0.0,0.0,0.044329344579331506,0.0,0.0,0.14183004349475808,0.18106221596110333,0.04257918990519028,0.0,0.0,0.0,0.0,0.056962676559828465,0.17031675962076112,0.0,0.0,0.0,0.0,0.09053110798055167,0.04257918990519028,0.13579666197082751,0.04175963421477284,0.2809473317527247,0.0,0.0,0.0,0.0,0.0,0.046363431462627114,0.0,0.09458801325094986,0.0,0.08561401115504674,0.08993833052393253,0.0,0.0,0.0,0.0,0.03685684707354671,0.0,0.025619986971499833,0.12152066679370206,0.0,0.04122555111363918,0.03457023408814394,0.03879766579647964,0.06420508424590007,0.07438172853483489,0.0,0.034044940036651455,0.0,0.045265553990275834,0.0,0.0,0.052406286039880325,0.0,0.0,0.031216370194747187,0.05461983006832682,0.05842062636176139,0.0,0.0,0.0,0.047065616951913906,0.0,0.0,0.0,0.011050696113420407,0.02681452103003197,0.0,0.028737643398486782,0.0,0.0,0.03284908064064329,0.0,0.020080889531331178,0.0,0.05337712976233284,0.0,0.0,0.02681452103003197,0.0,0.049620022780408356,0.034285972657486945,0.037884919386615715,0.09706914096114783,0.021368516164169408,0.019096967822637773,0.045469217687743126,0.015353809338268664,0.019909771741601502,0.03627004035073865,0.039152633989024806,0.04379472829118704,0.05303044421228107,0.010848546210081687,0.014402521347914374,0.05817906077431062,0.05657152891315144,0.011763483128887807,0.015659878999914504,0.008164699419450732,0.011941330686444776,0.11724062083214228,0.013207111946355607,0.018204464545958494,0.009736252940230932,0.010653704053606553,0.010023895340807156,0.025697134945193056,0.05281868426070165,0.05043605930198278,0.0737150208873681,0.008010764353337007,0.02504752216147953,0.0660498812340506,0.011781549011939507,0.06763459318156974,0.05231675362266651,0.03682329140864821
47,0.0,0.12098207185272848,0.0,0.0,0.0,0.0,0.0,0.0,0.0,0.0,0.0,0.0,0.0,0.0,0.0,0.0,0.0,0.12098207185272848,0.0,0.0,0.0,0.0,0.12098207185272848,0.0,0.12098207185272848,0.0,0.0,0.0,0.0,0.0,0.0,0.0,0.0,0.0,0.0,0.0,0.0,0.0,0.0,0.0,0.0,0.0,0.4232968234161366,0.0,0.0,0.0,0.0,0.0,0.0,0.0,0.0,0.0,0.0,0.0,0.0,0.0,0.0,0.0,0.0,0.0,0.10660520454874095,0.10660520454874095,0.0,0.0,0.0,0.0,0.0,0.0,0.0,0.0,0.0,0.0,0.0,0.0,0.0,0.11313841860141789,0.0,0.0,0.0,0.0,0.0,0.0,0.0,0.0,0.0,0.0,0.0,0.0,0.0,0.0,0.0,0.0,0.0,0.0,0.0,0.0,0.0,0.0,0.0,0.0,0.0,0.0,0.0,0.0,0.0,0.0,0.0,0.0,0.0,0.0,0.0,0.0,0.0,0.0,0.0,0.0,0.0,0.0,0.0,0.0,0.0,0.0,0.19236133343640707,0.0,0.0,0.0,0.0,0.0,0.0,0.0,0.0,0.10102865324051821,0.0,0.0,0.0,0.0,0.0,0.0,0.0,0.0,0.0,0.0,0.0,0.0,0.0,0.20205730648103642,0.0,0.0,0.0,0.0,0.0,0.0,0.10660520454874095,0.0,0.0,0.0,0.0,0.0,0.0,0.0,0.0,0.0,0.0,0.0,0.0,0.0,0.06740609201462984,0.0,0.0,0.0,0.0,0.0,0.0,0.0,0.0,0.08809243738939278,0.0693514158565105,0.0,0.0,0.0,0.0,0.0,0.0,0.0,0.0,0.0,0.0,0.0,0.0,0.0,0.0693514158565105,0.0,0.0,0.09618066671820354,0.0,0.0,0.0,0.09618066671820354,0.0,0.0,0.0,0.0,0.07608491111578489,0.0,0.0,0.08809243738939278,0.0,0.0,0.0,0.0,0.0,0.0,0.0,0.0,0.0,0.0,0.09190558145426587,0.0,0.0,0.0,0.0,0.0,0.0,0.0,0.0,0.09618066671820354,0.0,0.0,0.0,0.09618066671820354,0.0,0.0,0.0,0.0,0.0,0.0,0.0,0.0,0.16308848348614913,0.0,0.0,0.0,0.07608491111578489,0.0,0.07608491111578489,0.0,0.0,0.0,0.0,0.0,0.0,0.0,0.0,0.0,0.0,0.0,0.0,0.09190558145426587,0.0,0.0,0.0,0.0,0.0,0.0,0.0,0.0,0.0,0.0,0.0,0.0,0.0,0.07869882537439754,0.0,0.0,0.0,0.0,0.0,0.0,0.0,0.0,0.08465936468322732,0.08465936468322732,0.0,0.0,0.0,0.0,0.0,0.0,0.0,0.0,0.0,0.0,0.0,0.0,0.0,0.0,0.0,0.0,0.0,0.0,0.0,0.0,0.0,0.0,0.0693514158565105,0.0693514158565105,0.0,0.0,0.0,0.0,0.0,0.0,0.0,0.0,0.0,0.0,0.0,0.0,0.0,0.06740609201462984,0.0,0.0,0.0,0.0,0.0,0.0,0.07869882537439754,0.13481218402925968,0.0,0.0,0.0,0.0,0.0,0.0,0.0,0.0,0.0,0.0,0.0,0.06558350611170655,0.0,0.0,0.10145798618679026,0.0,0.10844632956510639,0.0,0.0,0.0,0.0,0.0,0.040172828701604685,0.05310168867797449,0.0,0.0,0.0,0.0,0.0,0.0,0.05929486813652975,0.0,0.03958254364775003,0.0,0.0,0.0,0.0,0.0,0.055398565741021935,0.1370146879521025,0.055398565741021935,0.0420616205220823,0.0,0.0,0.0,0.05310168867797449,0.0,0.0,0.055398565741021935,0.09310541302671561,0.08546812759669435,0.0,0.056632274371994945,0.0,0.0,0.0686541142759694,0.05792920060394679,0.0,0.05422316478255319,0.0,0.0,0.1394260341613986,0.0,0.08034565740320937,0.17058758400606275,0.10201039099323697,0.0,0.0,0.0,0.019953418612210276,0.0,0.0,0.05422316478255319,0.0,0.03739378480481167,0.1040604195598813,0.0,0.10201039099323697,0.046475344720466195,0.0,0.14810213727478544,0.0287745747035737,0.09442171395314537,0.0,0.11537571074457213,0.0,0.0,0.0,0.03411751680121255,0.0,0.04415045693826288,0.037916724397215974,0.03068993203045599,0.0,0.0,0.07407552722429869,0.08282269117641008,0.1394260341613986,0.07691064299557764,0.08910114574145996,0.08830091387652576,0.08156420195436319,0.0,0.05422316478255319,0.0,0.0,0.0,0.0448971607369436,0.0,0.0,0.06542856068493444,0.034990748711418294,0.0,0.0,0.08723808091324592,0.05637944261378972,0.0,0.0,0.14538245199231303,0.026475041770112374,0.03212085270598941,0.0,0.0,0.019140575316604933,0.0,0.039349592692837054,0.0,0.07216410400753272,0.030782122489744313,0.021313314044084975,0.04612852050583333,0.0,0.0,0.0,0.039626226929114404,0.04107083159827023,0.04538197471559743,0.06976690522910083,0.0,0.0,0.0,0.07356871266550229,0.023849721007718098,0.03258564517453679,0.0234502788247544,0.05246127705076406,0.0,0.038986102473865976,0.008626319789436012,0.04646141891083183,0.05421318532706358,0.014091361485413272,0.018758816023098323,0.03912165459112683,0.057217613346621364,0.07490207680015892,0.03164134067696199,0.032710425273897316,0.09330369802276979,0.03828590392822956,0.07204515764164734,0.02308676012568036,0.01581774643076793,0.060416862568423234,0.07652883607697092,0.043182073513632256,0.020002788019168292,0.064991845265735,0.028226004860356278,0.081018818235894,0.04287928752196476,0.0404344058572597
48,0.0,0.0,0.0,0.0,0.0,0.0,0.0,0.0,0.0,0.0,0.0,0.0,0.0,0.0,0.0,0.0,0.0,0.0,0.10328639783010249,0.0,0.0,0.10328639783010249,0.0,0.0,0.0,0.0,0.0,0.0,0.0,0.0,0.0,0.0,0.0,0.0,0.0,0.0,0.0,0.0,0.0,0.0,0.0,0.0,0.0,0.0,0.0,0.0,0.0,0.0,0.0,0.0,0.09101239050678718,0.0,0.0,0.09101239050678718,0.0,0.0,0.0,0.0,0.0,0.0,0.0,0.0,0.0,0.0,0.0,0.0,0.0,0.0,0.0,0.0,0.09659001151641437,0.0,0.09659001151641437,0.0,0.0,0.09659001151641437,0.0,0.0,0.0,0.0,0.0,0.0,0.0,0.0,0.0,0.0,0.0,0.0,0.0,0.09659001151641437,0.0,0.0,0.0,0.0,0.0,0.0,0.0,0.09659001151641437,0.0,0.13437558246277412,0.0,0.0,0.0,0.0,0.07520742862711204,0.0,0.0,0.0,0.0,0.0,0.0,0.0,0.0,0.0,0.0,0.0,0.0,0.0,0.0,0.0,0.0,0.0,0.0,0.0,0.0,0.0,0.0,0.0,0.0,0.0,0.0,0.0,0.0,0.0,0.0,0.0,0.0,0.0,0.08625150413643128,0.0,0.08625150413643128,0.0,0.0,0.0,0.0,0.0,0.0,0.24394284806908598,0.0,0.0,0.0,0.0,0.0,0.09101239050678718,0.0,0.0,0.0,0.0,0.0,0.0,0.06961701733527802,0.0,0.0,0.0,0.0,0.09101239050678718,0.40282767773471356,0.0,0.07227650086336608,0.0,0.0,0.0,0.0,0.0,0.07520742862711204,0.0,0.0,0.0,0.07227650086336608,0.0,0.0,0.0,0.0,0.0,0.0,0.0,0.0,0.0,0.0,0.0,0.0,0.0,0.0,0.08211261763076531,0.0,0.0,0.0,0.0,0.0,0.0,0.08625150413643128,0.0,0.12991241227773226,0.0,0.0,0.0,0.0,0.0,0.0,0.0,0.0,0.0,0.0,0.0,0.0,0.0,0.0,0.0,0.07846283588569665,0.0,0.0,0.0,0.0,0.0,0.0,0.0,0.0,0.0,0.08211261763076531,0.0,0.0,0.0,0.19782430133425166,0.0,0.0,0.0,0.0,0.0,0.06961701733527802,0.0,0.06718779123138706,0.0,0.0,0.0,0.0,0.0,0.0,0.0,0.0,0.0,0.0,0.0,0.0,0.0,0.0,0.0,0.0,0.07846283588569665,0.0,0.0,0.0,0.0,0.06718779123138706,0.0,0.0,0.0,0.0,0.0,0.0,0.0,0.0,0.0,0.0,0.0,0.0,0.0,0.0,0.0,0.0,0.0,0.0,0.0,0.0,0.0,0.0,0.0,0.0,0.0,0.0,0.0,0.0,0.0,0.0,0.0,0.05185192270772336,0.0,0.0,0.0,0.0,0.0,0.0,0.06718779123138706,0.0,0.05315192384008168,0.0,0.05920759843620479,0.17476351790014935,0.0,0.0,0.0,0.0,0.0,0.060985712017271494,0.0,0.0,0.0,0.0,0.0,0.0,0.0,0.0,0.0,0.03769270595115358,0.12991241227773226,0.0,0.0,0.06718779123138706,0.0,0.060985712017271494,0.0,0.06961701733527802,0.06961701733527802,0.0,0.0,0.0,0.0,0.03648348426158584,0.0,0.0,0.0,0.0,0.0,0.08661803987855517,0.0,0.0,0.0,0.04441991167961173,0.0,0.0,0.10370384541544672,0.20578123867570003,0.0,0.025913005727410825,0.05315192384008168,0.0,0.08961827987654493,0.0,0.05754681110495908,0.0,0.0,0.0,0.0,0.05754681110495908,0.09459117723342632,0.05062199089372728,0.0,0.04729558861671316,0.03899132422864314,0.0,0.10772819155992867,0.04270668106645772,0.049456075333562916,0.04354482306997355,0.0,0.0,0.0,0.0,0.13247861966577923,0.0,0.0,0.0,0.0,0.0,0.0,0.09891215066712583,0.0,0.0,0.0,0.0,0.07935507915474611,0.05062199089372728,0.0,0.14563626491679113,0.04354482306997355,0.0,0.07798264845728628,0.0,0.0,0.046292109926464986,0.0,0.046292109926464986,0.0,0.0,0.0,0.0,0.0,0.03967753957737306,0.0,0.11063473315772597,0.0,0.0161221882909005,0.0,0.142277867112605,0.0,0.0,0.0,0.029127252983358227,0.03843323882744541,0.03769270595115358,0.0,0.0,0.06213828805408926,0.0,0.021080242874544974,0.0707084719182174,0.0,0.03283058038334901,0.12678099387283753,0.07538541190230716,0.0696340580281043,0.0,0.046292109926464986,0.0,0.03967753957737306,0.0,0.0,0.0,0.03192431138412443,0.01861950905855845,0.0,0.0,0.0,0.01861950905855845,0.0,0.18340707316160046,0.0,0.1737649336108409,0.0,0.0548452695581461,0.028078969202990453,0.05877874144724211,0.016340942476621267,0.10010139481115964,0.016797024646231503,0.022055504787030358,0.04107258891850881,0.05255943299435192,0.018195881420472005,0.03938144426952207,0.05861228900438253,0.02742263477907305,0.06437868083761397,0.0,0.017531763949438485,0.05811614013971528,0.07941642061522194,0.0,0.0,0.046500392415909635,0.0471060331988739,0.020361295970685336,0.0,0.0800811158489277,0.02239396403599547,0.021693238557968876,0.03328372566525897,0.007364574634380256,0.04958206331613378,0.09256718027022084,0.07218156935460127,0.0,0.04174931374118978,0.01221214243669533,0.03996648834103487,0.013506629746830524,0.04654328731373656,0.01991411356537743,0.03268594299847923,0.030753667464737726,0.013139954013747757,0.06076860079530953,0.08310090918267352,0.05025784582072835,0.014336764158654943,0.025615562984910516,0.053073267521177366,0.02811372001598476,0.02561794292660539,0.033791507593515985,0.03138199107776288
49,0.0,0.0,0.0,0.0,0.0,0.0,0.0,0.0,0.0,0.0,0.0,0.0,0.0,0.0,0.0,0.0,0.0,0.0,0.0,0.0,0.0,0.0,0.0,0.12149957640953109,0.0,0.0,0.0,0.0,0.0,0.0,0.0,0.0,0.0,0.0,0.0,0.0,0.0,0.0,0.0,0.0,0.0,0.15807092407140508,0.0,0.0,0.0,0.0,0.0,0.0,0.0,0.0,0.0,0.0,0.0,0.0,0.0,0.0,0.0,0.0,0.0,0.0,0.0,0.10706121161067989,0.0,0.0,0.0,0.0,0.0,0.0,0.24567914928289067,0.0,0.0,0.0,0.0,0.0,0.0,0.11362237168867322,0.0,0.0,0.0,0.0,0.0,0.0,0.0,0.0,0.0,0.0,0.0,0.0,0.0,0.11362237168867322,0.11362237168867322,0.0,0.0,0.0,0.0,0.0,0.0,0.0,0.0,0.0,0.0,0.0,0.0,0.0,0.0,0.0,0.0,0.0,0.0,0.0,0.0,0.0,0.0,0.0,0.0,0.0,0.0,0.0,0.0,0.0,0.0,0.0,0.0,0.0,0.0,0.0,0.0,0.0,0.0,0.0,0.0,0.0,0.1014608064316393,0.0,0.1014608064316393,0.0,0.0,0.0,0.0,0.0,0.0,0.0,0.0,0.0,0.0,0.0,0.0,0.0,0.0,0.0,0.0,0.0,0.10706121161067989,0.0,0.0,0.0,0.0,0.0,0.0,0.0,0.0,0.10706121161067989,0.0,0.0,0.0,0.0,0.0,0.0,0.0,0.0,0.0,0.0,0.0,0.0,0.0,0.0,0.0,0.0,0.0,0.0,0.0,0.0,0.0,0.0,0.0,0.0,0.0,0.0,0.0,0.0,0.0,0.0,0.0,0.0,0.0,0.0,0.0,0.0,0.0,0.0,0.0,0.0,0.0,0.0,0.0,0.0,0.0,0.0,0.0,0.0,0.0,0.0,0.0,0.0,0.0,0.0,0.0,0.0,0.0,0.0,0.0,0.0,0.0,0.0,0.0,0.09659208249692794,0.0,0.0,0.0,0.0,0.0,0.0,0.17453098365739927,0.0,0.0,0.0,0.0,0.0,0.0,0.0,0.15807092407140508,0.0,0.0,0.0,0.0,0.08502149773590736,0.08502149773590736,0.08502149773590736,0.0,0.0,0.08502149773590736,0.0,0.0,0.0,0.0,0.0,0.0,0.0,0.0,0.09229871042345787,0.0,0.0,0.0,0.0,0.0,0.0,0.0,0.0,0.0,0.0,0.0,0.0,0.0,0.05954850377018808,0.08189304976096355,0.0,0.0,0.0,0.0,0.0,0.0,0.0,0.06586404158894002,0.0,0.06964806868429597,0.0,0.0,0.0,0.07173972887814847,0.0,0.0,0.0,0.0,0.0,0.060995317654228644,0.0,0.0,0.0,0.0,0.0,0.0,0.0,0.0,0.06252455664631026,0.0,0.06964806868429597,0.1370538221411323,0.05954850377018808,0.0,0.0,0.0,0.0,0.0,0.0,0.0,0.0,0.0,0.0,0.0,0.0,0.0,0.0,0.0,0.07641036667794678,0.0,0.0,0.0,0.0,0.0,0.0,0.0,0.08189304976096355,0.0,0.06964806868429597,0.12828870306359144,0.07398686856903929,0.0,0.0,0.0,0.13172808317788004,0.0,0.0,0.0,0.0,0.0,0.0,0.0,0.0,0.04929206044231311,0.060995317654228644,0.04034466921974392,0.0,0.0,0.0,0.0,0.07028084544402334,0.0,0.0,0.05954850377018808,0.04929206044231311,0.1192555776099054,0.13172808317788004,0.0,0.05563553482059107,0.05954850377018808,0.0,0.05563553482059107,0.0,0.0,0.08448308081138527,0.0,0.0,0.0,0.0,0.11909700754037617,0.0,0.0,0.15583945718765685,0.30041802055218914,0.0,0.0,0.0,0.0,0.0,0.11635398910493286,0.0,0.0,0.0,0.0886786237685878,0.09334828889188394,0.11909700754037617,0.12103400765923177,0.1370538221411323,0.0,0.05023743463264901,0.045866924173495756,0.0,0.0,0.054455106048143256,0.0,0.0,0.0,0.03755373787666964,0.0,0.0,0.0,0.0,0.0,0.167327604844661,0.11559063534981993,0.0,0.05225277061263403,0.15449231189095342,0.0721313949164057,0.04361567426574172,0.0,0.0,0.022605213927888643,0.0,0.07615782871873138,0.06164241832916846,0.0,0.0,0.0,0.0,0.04667414444594197,0.03861981532570606,0.14913713108348634,0.0443393118842939,0.0,0.02570662924088555,0.0,0.0,0.04667414444594197,0.0,0.0,0.03082120916458423,0.0,0.021902811126103084,0.0,0.020181715818981167,0.0,0.1314168667566185,0.0,0.0,0.0,0.0,0.013294144790349571,0.06451650129518985,0.09909096267810727,0.06914358848560667,0.07688979887972641,0.0471011762364491,0.03951791179346924,0.0,0.02415759606531274,0.04637069095712325,0.0642134472136972,0.1158145916999916,0.0,0.06451650129518985,0.0,0.019897864670627114,0.041246513351593565,0.022788048758518527,0.0,0.0514132584817711,0.06892177271506197,0.05470011637644103,0.1292959589441022,0.0,0.03272503128031206,0.02355058811822455,0.0395142613402876,0.025518551824022982,0.10440764462356351,0.008663219139324016,0.011665039767056472,0.027222541952611957,0.028303275440602908,0.07535622975692555,0.0,0.05746236345862383,0.11283370912788968,0.04766503123653332,0.021900230086939736,0.07027710560914195,0.08971590382358209,0.024117777677763772,0.08501355300776853,0.0158854073306923,0.08427124662220867,0.047296117256550134,0.014455595389864163,0.07533131461506026,0.031216015167359307,0.0472445707829245,0.042189455642169076,0.029812641924097567,0.0664484159123643
50,0.0,0.0,0.0,0.0,0.0,0.0,0.0,0.0,0.0,0.0,0.0,0.0,0.11445078452085568,0.0,0.0,0.0,0.11445078452085568,0.0,0.0,0.0,0.0,0.0,0.0,0.0,0.11445078452085568,0.0,0.0,0.0,0.0,0.0744502236325893,0.0,0.0,0.0,0.0,0.0,0.0,0.0,0.0,0.0,0.0,0.0,0.0,0.0,0.0,0.0,0.0,0.0,0.0,0.0,0.0,0.0,0.0,0.0,0.0,0.0,0.0,0.0,0.0,0.0,0.0,0.0,0.0,0.0,0.0,0.0,0.0,0.0,0.0,0.1542840570958979,0.0,0.0,0.0,0.0,0.0,0.0,0.0,0.0,0.0,0.0,0.0,0.0,0.0,0.0,0.0,0.0,0.0,0.0,0.0,0.0,0.0,0.10703057544049836,0.0,0.0,0.0,0.0,0.0,0.0,0.0,0.0,0.0,0.0,0.0,0.0,0.0,0.0,0.0,0.09098829763005988,0.0,0.0,0.0,0.1275342700685512,0.0,0.0,0.0,0.0,0.0,0.0,0.0,0.07197742305158551,0.0,0.0,0.0,0.0,0.0,0.0,0.0,0.18197659526011975,0.0,0.0,0.0,0.0,0.0,0.0,0.09557456278760218,0.0,0.0,0.0,0.0,0.09557456278760218,0.0,0.0,0.0,0.0,0.0,0.0,0.0,0.0,0.0,0.0,0.0,0.0,0.10085006073843765,0.0,0.0,0.0,0.0,0.0,0.0,0.0,0.10085006073843765,0.0,0.0,0.0,0.10085006073843765,0.0,0.0,0.0,0.0,0.0,0.0,0.0,0.0,0.0,0.0,0.0,0.0,0.0,0.0744502236325893,0.0,0.0,0.0,0.0,0.0,0.0,0.0,0.0,0.0,0.0,0.0,0.0,0.0,0.0,0.0,0.0,0.0,0.0,0.0,0.0,0.0,0.0,0.0,0.0,0.0,0.0,0.08333671605362725,0.0,0.0,0.0,0.0,0.0,0.0,0.0,0.0,0.0,0.0,0.0,0.0,0.0,0.0,0.0,0.14395484610317102,0.05745667733107951,0.0,0.0,0.0,0.0,0.0,0.0,0.0,0.09098829763005988,0.0,0.0,0.0,0.0,0.0,0.0,0.0,0.0,0.0,0.0,0.0,0.0,0.0,0.0,0.0,0.0,0.0,0.16017795953812752,0.0,0.0,0.16017795953812752,0.0,0.0,0.0,0.0,0.0,0.0,0.0,0.0,0.08694400532411538,0.0,0.0,0.0,0.0,0.0,0.0,0.0,0.0,0.0,0.0,0.0,0.0,0.0,0.05609380028263641,0.0,0.0,0.18126906049409916,0.0,0.08008897976906376,0.08008897976906376,0.0,0.0,0.0,0.0,0.0,0.0,0.0,0.06757775207168122,0.0,0.0,0.22982670932431803,0.0,0.0,0.0,0.11491335466215902,0.05609380028263641,0.11779439519803193,0.20518358310547932,0.0,0.1048156840644677,0.0,0.0,0.0,0.11779439519803193,0.0,0.0,0.0,0.0,0.0,0.0637671350342756,0.0,0.0,0.0,0.0,0.0,0.0,0.0,0.0,0.0,0.1275342700685512,0.0,0.0,0.0,0.0,0.07197742305158551,0.0,0.0,0.0,0.0,0.10960371820807449,0.0,0.0,0.0,0.06560743944005062,0.06042302016469971,0.06969452406505444,0.0,0.0,0.0,0.0,0.06204294248862183,0.0,0.0,0.0,0.0,0.0,0.0,0.0,0.0,0.0,0.07600815047898207,0.0,0.0,0.0,0.05745667733107951,0.0,0.0,0.0,0.0,0.0,0.07489131413339792,0.0,0.0,0.0,0.0,0.0,0.0,0.12961787053942495,0.05240784203223385,0.07958179907566651,0.0,0.054801859104037245,0.0,0.0,0.0,0.0,0.05240784203223385,0.1467984388218203,0.04042704057373793,0.0,0.0,0.0,0.05023496320987625,0.016236945522461656,0.0,0.05357494818707713,0.0,0.048251650429112294,0.0,0.04396634627492208,0.0,0.0,0.06455132572957648,0.0,0.0,0.12961787053942495,0.06768653995096816,0.018876221733253498,0.0,0.048251650429112294,0.0,0.0,0.1061251789188522,0.049221328721728325,0.0,0.0,0.0,0.0,0.017513344684810396,0.27221162595784276,0.017864860590081872,0.049221328721728325,0.12127454007714333,0.0,0.0,0.04396634627492208,0.0,0.0,0.1253009067249946,0.0,0.05806623649251398,0.0,0.0,0.0,0.0,0.0,0.036379288658416185,0.08429096870014632,0.041766968908331537,0.0,0.0,0.05129589577636983,0.0,0.08793269254984416,0.05938792635357614,0.0,0.2032318277237989,0.0353750596396174,0.0,0.0,0.11406524747084616,0.0,0.04126424125373293,0.08000364854701325,0.02903311824625699,0.030617179693925366,0.05501355839348061,0.0,0.060773579678060845,0.06222813693445686,0.04342148442334875,0.07242904101799955,0.0,0.0,0.0,0.02275609432985718,0.029120331750120028,0.020162702421349574,0.04363824556671235,0.06494778208984663,0.060773579678060845,0.04755831476411028,0.0,0.0,0.042932002484040964,0.022000166125944052,0.04843052084542613,0.06492327949538564,0.03435112789509652,0.0,0.04512435996731211,0.08220397391075343,0.044368603837320074,0.012407281143967481,0.08413333007745794,0.12293805038529498,0.01632124582277879,0.010988293064549832,0.012821613766893501,0.013330631161084277,0.035492220915831194,0.0,0.02706434364879869,0.07085844473266258,0.04489974681758962,0.06188906797968582,0.01103333046982591,0.04829202292617387,0.034077879006125224,0.07280135995812106,0.05237335674784809,0.10478457585611398,0.038983205943347414,0.04765934159542319,0.052038046236377304,0.024058652398688502,0.031152575549414398,0.04825794428412289,0.031203403315684837,0.03129670718235369
51,0.0,0.0,0.0,0.0,0.0,0.0,0.0,0.0,0.0,0.0,0.0,0.0,0.0,0.0,0.0,0.0,0.0,0.0,0.0,0.0,0.0,0.0,0.0,0.0,0.0,0.0,0.0,0.0,0.0,0.2042862110180714,0.0,0.0,0.0,0.0,0.0,0.0,0.0,0.0,0.13619080734538092,0.0,0.0,0.0,0.0,0.08741664049231712,0.0,0.0,0.0,0.08741664049231712,0.0,0.0,0.0,0.0,0.0,0.0,0.0,0.0,0.0,0.0,0.0,0.0,0.0,0.0,0.0,0.0,0.0,0.0,0.0,0.0,0.1411148904005005,0.0,0.0,0.0,0.0,0.0,0.0,0.0,0.0,0.0,0.09789480654764296,0.0,0.0,0.0,0.0,0.0,0.0,0.09789480654764296,0.0,0.0,0.0,0.09789480654764296,0.0,0.0,0.0,0.09789480654764296,0.0,0.0,0.0,0.0,0.0,0.0,0.0,0.0,0.07055744520025024,0.0,0.0,0.0,0.0,0.0,0.0,0.0,0.0,0.0,0.0,0.0,0.0,0.0,0.0,0.0,0.06583367300823335,0.0,0.0,0.0,0.0,0.16644368691721942,0.0,0.0,0.08322184345860971,0.0,0.0,0.0,0.0,0.0,0.0,0.0,0.0,0.0,0.0,0.0,0.08741664049231712,0.0,0.0,0.0,0.0,0.0,0.0,0.0,0.0,0.0,0.0,0.0,0.0,0.0,0.0,0.0,0.0,0.0,0.0,0.0,0.07055744520025024,0.0,0.0,0.0,0.0,0.0,0.0,0.0,0.0,0.0,0.0,0.0,0.1800222291332208,0.07055744520025024,0.0,0.0,0.0,0.0,0.0,0.06809540367269046,0.146505709211089,0.05674716619595044,0.0,0.10749546569632135,0.0,0.0,0.0,0.0,0.0,0.0,0.0,0.0,0.0,0.0,0.08322184345860971,0.0,0.0,0.08322184345860971,0.0,0.0,0.0,0.0,0.0,0.0,0.06583367300823335,0.146505709211089,0.0,0.0,0.0,0.0,0.0,0.0,0.0,0.0,0.0,0.0,0.0,0.0,0.0,0.0,0.0,0.0,0.06583367300823335,0.05255236916224302,0.05012415726404631,0.06583367300823335,0.0,0.0,0.0,0.0,0.0,0.08322184345860971,0.06374563457870523,0.0,0.0,0.0,0.058324187481811875,0.0,0.0,0.07055744520025024,0.0,0.0,0.0,0.0,0.0,0.0,0.0,0.0,0.0,0.0,0.0,0.0732528546055445,0.0,0.0,0.0,0.09383490228000213,0.0,0.0,0.0,0.0,0.0,0.0,0.0,0.0,0.0,0.0,0.0,0.05386993147915307,0.0,0.1200148194221472,0.0,0.0,0.1316673460164667,0.0,0.058324187481811875,0.0,0.0,0.0,0.0,0.0732528546055445,0.0,0.0,0.0,0.0,0.0,0.05674716619595044,0.0,0.0,0.0,0.0,0.0,0.0,0.05255236916224302,0.0,0.0,0.0,0.0,0.2052232908060404,0.0,0.0,0.0,0.14380345624257093,0.0,0.06809540367269046,0.0,0.0,0.0,0.0,0.17712432691358848,0.0,0.0,0.0,0.0,0.0,0.1854286293076948,0.0,0.0,0.0,0.0,0.0,0.0,0.0,0.0,0.06374563457870523,0.0,0.0,0.1316673460164667,0.0,0.0,0.0,0.0,0.10024831452809262,0.0,0.0,0.0,0.0600074097110736,0.0,0.0,0.0,0.0,0.0,0.0,0.0,0.03107349743896034,0.0,0.04900197132444278,0.0,0.0,0.0,0.0,0.0,0.10510473832448604,0.10428052670781904,0.0,0.0,0.0,0.0,0.03027629887712212,0.034249422088100154,0.0,0.0,0.0,0.10274826626430046,0.0,0.0,0.0,0.0513058227015101,0.0,0.0,0.15807216843537822,0.0,0.0,0.04328358818533003,0.0,0.17653220922794835,0.13784122859619835,0.0,0.0,0.09586897082838061,0.053707287700970184,0.07395264951107246,0.0,0.0,0.0,0.0,0.08910608773077153,0.0,0.0,0.046917451140001065,0.0,0.0,0.0,0.0,0.0,0.0590414423045295,0.0,0.0,0.11855412632653366,0.0,0.01726501111782363,0.0,0.0,0.0,0.04328358818533003,0.032355563873025114,0.0,0.0,0.04413305230698709,0.04021352726056257,0.0,0.06407385862836287,0.09959062390719137,0.0,0.04501996213138458,0.05546147720473771,0.18644098463376202,0.0375784093504839,0.0,0.0,0.0,0.11460564398167537,0.0,0.0,0.0,0.0,0.0,0.03583182189877378,0.04021352726056257,0.0,0.05139745062351584,0.07640376265445024,0.0352873580444194,0.0,0.0,0.0,0.04021352726056257,0.10863754656501982,0.0,0.10621979681954467,0.0,0.0,0.0,0.05216451135112907,0.0,0.07548412961892685,0.0,0.02655494920488617,0.0,0.02515889330811472,0.03436192309117316,0.055586151913188574,0.0,0.05957275946813444,0.16561685597098727,0.0,0.0,0.02235344359670184,0.02081371087684877,0.026634718458240884,0.01844168215383481,0.09978358030520815,0.0,0.11117230382637715,0.0,0.01714360986918567,0.03553718678204238,0.0,0.0,0.04429665494791536,0.0791755298020441,0.0,0.09548473873920071,0.061909045215430274,0.11278097997213607,0.0,0.0,0.03297942549157903,0.10120002578004561,0.03732029833208042,0.0502518471668372,0.011727204064565858,0.03657832035289251,0.016231362328950043,0.0,0.012377111283079075,0.10531658621927287,0.0,0.037737617264040235,0.020183125195291255,0.03312748405791051,0.0,0.033293640719831666,0.03421638834096914,0.05227664613368744,0.015281027562416345,0.043591300957414175,0.03894238975099359,0.017115067653138416,0.032563996322086106,0.057120811569106214,0.028539986061414984,0.034986509341361015
52,0.0,0.0,0.0,0.0,0.0,0.0,0.0,0.0,0.0,0.0,0.0,0.0,0.0,0.0,0.0,0.0,0.0,0.0,0.0,0.0,0.0,0.10556624785544504,0.0,0.0,0.10556624785544504,0.0,0.0,0.05054772376909104,0.0,0.0,0.0,0.0,0.0,0.0,0.0,0.0,0.0,0.0,0.0,0.0,0.0,0.0,0.07387186662097595,0.0,0.0,0.0,0.0,0.0,0.0,0.0,0.0,0.18604263051094375,0.0,0.0,0.0,0.0,0.0,0.0,0.09302131525547187,0.0,0.0,0.0,0.0,0.0,0.0,0.08019475317723297,0.0,0.0,0.0,0.0,0.0,0.0,0.0,0.0,0.09872205159942475,0.0,0.0,0.0,0.0,0.0,0.0,0.0,0.0,0.0,0.0,0.0,0.0,0.0,0.0,0.0,0.0,0.0,0.0,0.0,0.0,0.0,0.0,0.0,0.0,0.0,0.0,0.0,0.0,0.0,0.0,0.0,0.0,0.0,0.0,0.2655599614688632,0.0,0.0,0.0,0.0,0.0,0.0768674890190284,0.0,0.0,0.0663899903672158,0.0,0.0,0.0,0.08392509688572374,0.0,0.0,0.0,0.0,0.0,0.0,0.0,0.0,0.08815534140854463,0.08815534140854463,0.0,0.08815534140854463,0.0,0.0,0.0,0.0,0.0,0.0,0.0,0.0,0.0,0.0,0.0,0.0,0.0,0.0,0.0,0.0,0.0,0.0,0.0,0.0,0.09302131525547187,0.0,0.0,0.0,0.0,0.0,0.0,0.0,0.0,0.0,0.0,0.0,0.0,0.0,0.05881704708483935,0.18154347937634488,0.0,0.0,0.0,0.0,0.0,0.0,0.06867083343984468,0.0,0.0,0.0,0.0722692264307317,0.0,0.0,0.0,0.08019475317723297,0.0,0.0,0.0,0.0,0.0,0.08392509688572374,0.08392509688572374,0.0,0.0,0.0,0.0,0.0,0.0,0.0,0.0,0.0,0.0,0.0,0.0768674890190284,0.0768674890190284,0.0768674890190284,0.0,0.0,0.057226699422418315,0.0,0.0,0.0,0.0,0.07387186662097595,0.0,0.0,0.0,0.0,0.0,0.0,0.052996454899597416,0.0,0.0,0.0,0.0,0.0,0.0,0.0,0.0,0.0,0.0,0.20219089507636415,0.0,0.0,0.0,0.21730060429933898,0.0,0.0,0.0,0.0,0.06867083343984468,0.0,0.0,0.0,0.07387186662097595,0.0,0.0,0.0,0.0,0.0,0.0,0.0,0.04731391986665299,0.0,0.0,0.0,0.0,0.08019475317723297,0.0,0.0,0.0,0.0,0.0,0.0,0.2716257553741737,0.0,0.0,0.0,0.0,0.0663899903672158,0.0,0.05881704708483935,0.0,0.0,0.052996454899597416,0.0,0.0,0.0,0.0,0.0,0.0,0.0,0.17168009826725494,0.0,0.0,0.0,0.0,0.0,0.0,0.21198581959838966,0.0,0.0,0.0,0.0,0.1034787493782809,0.0,0.0,0.0,0.04833954843302673,0.0,0.13734166687968935,0.0,0.0,0.0,0.0,0.26793163331754416,0.0,0.0,0.0,0.0,0.0,0.0,0.0,0.0,0.0,0.0,0.0,0.0605144931254483,0.0,0.0,0.0,0.0,0.0,0.0663899903672158,0.0,0.0,0.0,0.0,0.0,0.0,0.0,0.0,0.0,0.0,0.06428430728911363,0.0,0.0,0.0,0.0,0.11445339884483663,0.12534431705733814,0.0,0.0,0.0,0.0,0.0,0.0,0.0,0.0,0.03505391110288125,0.04633534492073843,0.07945495755789114,0.0,0.0,0.0,0.0,0.0,0.0,0.04282795071169159,0.0,0.0,0.0,0.04833954843302673,0.0,0.0,0.0,0.039851983264085886,0.0,0.0,0.0,0.0,0.044505991898253494,0.0,0.05173937468914045,0.04364934951029112,0.09667909686605346,0.0,0.07457757503604824,0.0,0.0,0.0,0.0,0.1497651084363865,0.05054772376909104,0.0,0.0,0.0,0.03852470046759824,0.12166003651930353,0.0,0.0,0.0,0.0,0.0,0.07970396652817177,0.0,0.10446543868140254,0.0,0.0,0.0,0.0,0.03262897960421147,0.0,0.0,0.0,0.0,0.0,0.016153826236443458,0.0,0.03295610963001995,0.13620118925437646,0.0,0.031336079264334536,0.0,0.12166003651930353,0.08931054443918139,0.0,0.0,0.0,0.0,0.0,0.0,0.0,0.0,0.0,0.0671105055224733,0.0,0.0,0.035585548452697,0.0,0.0,0.030928641986126316,0.0,0.027388892873513277,0.0,0.0,0.06525795920842294,0.0,0.0,0.01753510651850794,0.0,0.07612199668172066,0.0,0.0,0.0,0.02537149467821207,0.10395687975984684,0.0,0.0,0.020025389979093127,0.1169114630719619,0.04092437679041925,0.0,0.0,0.020989593949090304,0.013429895531234989,0.037195041522147136,0.020125357230001667,0.0,0.028027937083243522,0.13159943459523787,0.0,0.017918744164879572,0.09899823828501107,0.0,0.0,0.03992229523802756,0.06336906639249902,0.0,0.0,0.0379113394499441,0.020462188395209625,0.03433240205227914,0.0,0.10205520108013665,0.03010853423242627,0.010135298539165163,0.0,0.07377483968040977,0.016368522967433626,0.0,0.012481702164100909,0.06535787561977374,0.02760952562003436,0.0665988981212389,0.06106103879976974,0.011135807594084963,0.06286499191087566,0.026859986820455643,0.02760442294719008,0.07322000266092739,0.05136719180892444,0.029306441707981228,0.06981594034534047,0.03205372097192358,0.05746855341451477,0.03142009212463968,0.028781158837375646,0.05773443950258971
53,0.0,0.0,0.0,0.0,0.0,0.0,0.10230950727354697,0.0,0.0,0.0,0.0,0.0,0.0,0.0,0.0,0.0,0.0,0.0,0.0,0.0,0.0,0.0,0.0,0.0,0.0,0.0,0.0,0.0,0.0,0.0,0.0,0.0,0.0,0.0,0.0,0.0,0.0,0.0,0.26620929609678995,0.0,0.0,0.0,0.0,0.0,0.08543573089184406,0.0,0.0,0.17087146178368812,0.0,0.0,0.0,0.09015158843910473,0.0,0.0,0.0,0.0,0.0,0.0,0.0,0.0,0.0,0.0,0.0,0.0,0.0,0.0,0.0,0.0,0.0,0.0,0.0,0.0,0.0,0.0,0.0,0.0,0.0,0.0,0.0,0.0,0.0,0.09567645588769369,0.0,0.0,0.0,0.0,0.0,0.0,0.0,0.0,0.0,0.0,0.0,0.0,0.0,0.09567645588769369,0.0,0.0,0.0,0.0,0.0,0.0,0.0,0.0,0.0,0.0,0.0,0.0,0.0,0.1286836908642677,0.0,0.0,0.0,0.0,0.06655232402419749,0.0,0.0,0.0,0.1286836908642677,0.0,0.0,0.0,0.0,0.08133599028754539,0.0,0.0,0.0,0.0,0.0,0.0,0.0,0.0,0.0,0.0,0.0,0.0,0.0,0.0,0.0,0.0,0.0,0.0,0.0,0.0,0.0,0.0,0.0,0.0,0.0,0.0,0.0,0.0,0.0,0.0,0.0,0.0,0.0,0.0,0.06895857432400887,0.0,0.0,0.0,0.0,0.0,0.0,0.0,0.0,0.0,0.0,0.22801011606569266,0.05864760849557581,0.0,0.0,0.0,0.0,0.0,0.0,0.19965697207259248,0.0,0.0,0.0,0.07003970584701603,0.0,0.0,0.0,0.0,0.0,0.0,0.057002529016423165,0.05264920892744097,0.0,0.0,0.0,0.0,0.0,0.0,0.0,0.0,0.0,0.0,0.0,0.0,0.0,0.07159290425589758,0.07449611108334891,0.0,0.0,0.0,0.0,0.2773062195416943,0.0,0.0,0.0,0.0,0.0,0.0,0.0,0.0,0.0,0.0,0.0,0.051361503304040185,0.04898831603541092,0.0,0.0,0.08133599028754539,0.0,0.0,0.0,0.0,0.0,0.0,0.0,0.0,0.0,0.0,0.0,0.0,0.0,0.13310464804839497,0.0,0.0,0.0,0.0,0.0,0.07159290425589758,0.0,0.0,0.0,0.0,0.0,0.0,0.0,0.09170855130450056,0.0,0.0,0.0,0.07772072845405416,0.0,0.0,0.07772072845405416,0.0,0.0,0.0,0.0,0.0,0.05546124390833886,0.0,0.0,0.0,0.06434184543213385,0.0,0.0,0.0,0.0,0.0,0.0,0.0,0.0,0.0,0.0,0.07159290425589758,0.0,0.11092248781667773,0.0,0.057002529016423165,0.07449611108334891,0.0,0.0,0.0,0.051361503304040185,0.09578311890429826,0.03448772692233728,0.0,0.0,0.15042961283427925,0.05264920892744097,0.0,0.05546124390833886,0.0,0.0,0.0,0.06655232402419749,0.0,0.0,0.0,0.20196235656342879,0.0,0.0,0.0,0.0,0.0,0.0,0.0,0.0,0.0,0.0,0.0,0.0,0.0,0.0,0.0,0.0,0.0,0.06434184543213385,0.0,0.0,0.0,0.0,0.04898831603541092,0.06895857432400887,0.0,0.0,0.0,0.0,0.0,0.0,0.0,0.0,0.0,0.0,0.12147741894962183,0.021449699977804493,0.0,0.0,0.0,0.0,0.0,0.0,0.15408450991212055,0.0,0.0,0.025667918560863333,0.0,0.0,0.0,0.03347331117096951,0.057002529016423165,0.0,0.04150669957360729,0.0,0.0,0.0,0.0936965267304162,0.0,0.0,0.0468482633652081,0.03862254133731594,0.0,0.0,0.0,0.0,0.0,0.0,0.0,0.0,0.1405447900956243,0.0,0.0,0.0,0.04789155945214913,0.0,0.0,0.101601376704363,0.0,0.0,0.0,0.0,0.14934482195855228,0.03930226640941679,0.05014320427809308,0.0,0.0,0.0,0.0,0.0,0.0,0.15186398743532623,0.09170855130450056,0.0,0.0,0.0,0.0316223688343708,0.0439997847979073,0.04789155945214913,0.0,0.11790679922825037,0.0,0.07827738677877909,0.02433346127112222,0.19163644098731275,0.0439997847979073,0.0,0.12147741894962183,0.036726861733992935,0.07860453281883358,0.11540706089338788,0.0,0.0,0.0,0.0,0.0,0.0,0.0,0.0,0.03930226640941679,0.0,0.0,0.03733620548963807,0.0,0.0,0.0,0.11989794793402077,0.0,0.053087879726371696,0.07593532368282623,0.0,0.0632447376687416,0.0,0.08877066341256334,0.0,0.0,0.0,0.0,0.0,0.0,0.02458877881949282,0.11194420946287029,0.02716326942686459,0.0,0.038815205112283764,0.17805027468480172,0.059492776952318485,0.0,0.02184690215590795,0.16273648507381241,0.052062321904907664,0.03604756679768375,0.05851345739004734,0.0,0.02716326942686459,0.0,0.0,0.05209784160312037,0.0,0.0,0.0,0.03869068417231804,0.015353529396722933,0.03110700051789096,0.0201687172945879,0.0459272084828094,0.03966185130154566,0.011091080115858631,0.05372015567054808,0.03296892567249652,0.007294919930909926,0.019645244965648432,0.03438437733129467,0.059582392180430946,0.0,0.02481266734597057,0.012096639070595348,0.02375308936430074,0.0,0.11986800120050677,0.0,0.01079226562645222,0.04061706260486023,0.06507837667816287,0.026752820789509,0.05393047432972563,0.0,0.0365172838964748,0.03805993358145128,0.016727230719164415,0.023869558566322942,0.0329883404322255,0.013946627067041837,0.07460442680268653
54,0.0,0.0,0.0,0.0,0.0,0.0,0.0,0.0,0.0,0.0,0.0,0.0,0.0,0.0,0.0,0.0,0.0,0.0,0.0,0.0,0.0,0.0,0.0,0.0,0.0,0.0,0.05875620316869318,0.14723707532350047,0.0,0.0,0.0,0.0,0.0,0.0,0.0,0.0,0.0,0.0,0.0,0.0,0.0,0.0,0.0,0.0,0.0,0.0,0.0,0.0,0.0,0.0,0.0,0.09031851736474532,0.0,0.0,0.0,0.0,0.0,0.0,0.0,0.0,0.0,0.0,0.0,0.0,0.0,0.0,0.06908626126691159,0.13817252253382317,0.0,0.0,0.0,0.0,0.09585361491802204,0.0,0.0,0.0,0.0,0.0,0.0,0.0,0.0,0.0,0.09585361491802204,0.0,0.0,0.0,0.0,0.0,0.0,0.0,0.09585361491802204,0.0,0.0,0.0,0.0,0.0,0.0,0.0,0.0,0.0,0.0,0.0,0.0,0.0,0.0,0.0,0.0,0.07172546904813082,0.0,0.0644609838224571,0.0,0.0,0.0,0.0,0.0,0.0,0.0,0.0,0.19338295146737133,0.0,0.0,0.0,0.0,0.0,0.0,0.0,0.0,0.0,0.0,0.0,0.0,0.0,0.0,0.0,0.0,0.0,0.0,0.0,0.0,0.0,0.0,0.0,0.0,0.0,0.0,0.0,0.0,0.0,0.0,0.0,0.0,0.0,0.0,0.0,0.0,0.0,0.0,0.0,0.0,0.0,0.0,0.0,0.0,0.0,0.0,0.0,0.0,0.0,0.0,0.05710807758292386,0.05875620316869318,0.0,0.0,0.0,0.0,0.0,0.0,0.0,0.0,0.0,0.0,0.10525409199592235,0.0,0.0,0.0,0.0,0.0,0.0,0.0,0.05274669668150335,0.0,0.0,0.0,0.0,0.0,0.0,0.0,0.08148659583659551,0.0,0.0666755554407548,0.0,0.0,0.0,0.0,0.0,0.0,0.0,0.0,0.0,0.055563938558767165,0.0,0.0,0.0,0.0,0.0,0.0,0.0,0.0,0.0,0.0,0.0,0.0,0.0,0.0,0.0,0.0,0.0,0.0,0.0,0.0,0.0,0.0,0.0490790251078335,0.0,0.0,0.0,0.0,0.0,0.06908626126691159,0.0,0.0,0.0,0.0,0.0,0.0,0.07172546904813082,0.0,0.07172546904813082,0.0,0.0,0.0,0.0,0.0,0.18375672635177423,0.0,0.0,0.0,0.0,0.0,0.0,0.07786463981408086,0.0,0.0666755554407548,0.0,0.0,0.0,0.11112787711753433,0.0,0.0,0.0,0.0,0.0,0.0,0.0,0.06908626126691159,0.051456606681742956,0.05411318105330406,0.0,0.0,0.0,0.0,0.0,0.0,0.0,0.0,0.11421615516584772,0.0,0.0,0.0,0.039375040336316544,0.10291321336348591,0.19192095087378006,0.0,0.0,0.0,0.0,0.0,0.0,0.0,0.0,0.0,0.1333511108815096,0.0,0.0,0.0,0.0,0.08671556553067085,0.0,0.0,0.0,0.0,0.0,0.0,0.0,0.0,0.0,0.0,0.0,0.05875620316869318,0.0,0.062416482805331,0.0,0.0,0.0,0.0,0.0,0.0,0.0,0.0,0.0,0.0,0.0,0.0,0.0,0.0,0.0,0.0,0.0,0.0,0.0,0.055563938558767165,0.18255352838686184,0.0,0.0,0.0,0.0,0.08816251374204434,0.02854953616110056,0.0,0.10291321336348591,0.06807079151596025,0.269934238835373,0.051430892974717854,0.0,0.0,0.0,0.03353529192991285,0.05710807758292386,0.0,0.0,0.03353529192991285,0.0,0.0,0.14080502944604786,0.1507081553878796,0.0,0.0,0.03869405665326961,0.0,0.0,0.0,0.0,0.0,0.0,0.0,0.12714326348357546,0.04693500981534928,0.0,0.0,0.01833522593430884,0.0,0.0,0.0,0.29082716170580175,0.0,0.047980237718445014,0.0,0.0,0.0,0.0,0.050236051795959864,0.0,0.0,0.0,0.0,0.03869405665326961,0.020206062641107313,0.10143012396298041,0.0,0.0,0.0,0.0,0.06336184460267649,0.04408125687102217,0.047980237718445014,0.0,0.07875008067263309,0.0,0.0941067946482819,0.09751407301468665,0.2399891050550091,0.0,0.01086101145964333,0.0,0.03679486692034133,0.11812512100894962,0.26014669659201256,0.0,0.14962135586229336,0.0,0.0,0.0,0.0,0.0,0.0,0.0,0.0,0.0,0.0,0.0,0.0,0.0,0.0,0.039375040336316544,0.0,0.07607592910331869,0.0,0.15840461150669122,0.0,0.0,0.017025612014138408,0.0,0.0,0.0,0.05200251096086527,0.0,0.0,0.08972119250530505,0.027213566215427278,0.02786489678408478,0.058330615760331134,0.0,0.019867645526380765,0.0,0.06566206472558497,0.02037972695143494,0.026079361475663754,0.0722286283390915,0.0,0.0,0.08164069864628185,0.021295953846774362,0.0,0.0,0.019224355362139435,0.13791917032145354,0.0,0.019381162832376633,0.015381958714623608,0.06232919940923843,0.1414424384877512,0.02760734967861932,0.0,0.02222323376397531,0.0,0.022019981658335717,0.021925282644332886,0.0,0.0,0.05969271774303036,0.03178584869089824,0.008286203883016674,0.0,0.015864714468601757,0.026807311983247498,0.11085226563241338,0.04940572382075607,0.010812249093603976,0.05086533883787282,0.019559663659325516,0.0335029469650627,0.02843701817638473,0.004987468294369917,0.05487735152794797,0.02542027143093045,0.011970145462221334,0.0358706348471743,0.04576073981056028,0.03073939285636906,0.08408538885583675
55,0.0,0.0,0.0,0.0,0.0,0.0,0.0,0.0,0.0,0.0,0.0,0.0,0.0,0.0,0.0,0.0,0.0,0.0,0.0,0.0,0.0,0.0,0.0,0.0,0.0,0.0,0.0,0.04860939088483817,0.0,0.0,0.0,0.0,0.0,0.0,0.0,0.0,0.0,0.0,0.0,0.0,0.0,0.0,0.0,0.0,0.0,0.0,0.08477488459598273,0.0,0.0,0.0,0.08945426493447625,0.0,0.0,0.0,0.08945426493447625,0.0,0.0,0.0,0.08945426493447625,0.0,0.0,0.0,0.0,0.0,0.0,0.0,0.0,0.06842517901113224,0.0,0.1798249230560703,0.0,0.09493639747402408,0.0,0.0,0.0,0.0,0.0,0.0,0.0,0.0,0.09493639747402408,0.0,0.0,0.0,0.0,0.0,0.0,0.09493639747402408,0.0,0.0,0.0,0.0,0.0,0.0,0.0,0.0,0.0,0.0,0.0,0.0,0.0,0.0,0.0,0.0,0.2217596485925294,0.0,0.0,0.0,0.0,0.0,0.0,0.0,0.0,0.0,0.06603754108322833,0.0,0.0,0.0,0.0,0.0,0.0,0.0,0.0,0.0,0.0,0.0,0.0,0.0,0.0,0.0,0.0,0.0,0.0,0.0,0.08477488459598273,0.0,0.0,0.0,0.0,0.0,0.0,0.0,0.0,0.0,0.0,0.08477488459598273,0.0,0.0,0.0,0.0,0.0,0.0,0.0,0.0,0.0,0.0,0.08945426493447625,0.0,0.0,0.08945426493447625,0.0,0.0,0.0,0.0,0.0,0.0,0.0,0.0,0.07103913237271023,0.0,0.0,0.0,0.0,0.0,0.0,0.0,0.0,0.0,0.0,0.0,0.0,0.0,0.0,0.0,0.0,0.0771195577848932,0.0,0.0,0.0,0.0,0.0,0.0,0.0,0.0,0.0,0.0,0.0,0.16141371105856303,0.06842517901113224,0.0,0.0,0.0,0.0,0.0,0.0,0.0,0.0,0.0,0.0,0.22012900236464963,0.0,0.0,0.0,0.05656161384238529,0.0,0.06842517901113224,0.0,0.0,0.0,0.0,0.2553766422672421,0.0,0.0,0.06384416056681053,0.12363844651253493,0.0,0.11988328203738022,0.0,0.0,0.0,0.0,0.0,0.24304695442419086,0.0,0.0,0.0,0.0,0.13685035802226447,0.0,0.0,0.0,0.0,0.0,0.0,0.0,0.0,0.0,0.0,0.0,0.14207826474542046,0.0,0.0,0.0,0.0,0.0,0.0,0.0,0.0,0.0,0.0,0.0,0.0,0.06603754108322833,0.0,0.18545766976880237,0.0,0.0,0.0,0.0,0.0,0.12768832113362105,0.0,0.0,0.14926603816368583,0.0,0.0,0.05359537529652839,0.0,0.0,0.0,0.0,0.0,0.0,0.0,0.05819396861410175,0.0,0.0,0.0,0.0,0.0,0.0,0.0,0.06844192796852432,0.03644277906410572,0.0,0.0,0.05224196673103752,0.04549959233769475,0.0,0.0,0.0,0.0,0.0,0.0,0.05819396861410175,0.0,0.3149145616048604,0.0,0.0,0.0,0.0,0.0,0.0,0.0,0.0,0.0,0.0,0.0,0.05819396861410175,0.0,0.12363844651253493,0.0,0.0,0.0,0.06384416056681053,0.04648589154501935,0.0,0.0,0.0,0.0,0.0,0.0,0.0,0.0,0.0,0.12363844651253493,0.0,0.0,0.06384416056681053,0.0,0.0,0.06026889490480813,0.0,0.0,0.0,0.0,0.0,0.0,0.12355693442011362,0.05096422152446119,0.0,0.04455854240489527,0.025469376935171734,0.05224196673103752,0.0,0.0,0.0,0.05656161384238529,0.0,0.04118564480670454,0.0,0.0,0.0,0.0,0.04975534605456194,0.05819396861410175,0.04648589154501935,0.07664759113068227,0.04648589154501935,0.0,0.0,0.0,0.0,0.0,0.04975534605456194,0.12592663728482753,0.0,0.0,0.0,0.0,0.04752111772552493,0.0,0.0,0.028804425418444107,0.0,0.04752111772552493,0.04549959233769475,0.0,0.07409481907851556,0.0,0.0,0.0,0.0,0.0,0.0,0.038323795565341136,0.0,0.0,0.04549959233769475,0.0,0.0,0.12592663728482753,0.03137776947187445,0.0,0.04752111772552493,0.04279933883437355,0.03899826295671036,0.0,0.12427505656239833,0.0,0.07923088794103114,0.0,0.0,0.030134447452404064,0.0,0.03899826295671036,0.0858857895285983,0.05666289681904213,0.03704740953925778,0.09544973129689856,0.0,0.061074485036746486,0.0,0.0,0.03474897398509985,0.0,0.0,0.0,0.0,0.0,0.021478998678333066,0.0,0.029742634004820325,0.0,0.026338622203314028,0.03767398156937124,0.025752451039276227,0.03137776947187445,0.0,0.0,0.016862694962470982,0.013978241845486346,0.10980446642481877,0.0,0.0,0.013578758821922032,0.0975943374051543,0.04443132792024511,0.0,0.0,0.12517364952280743,0.0,0.07871013291167475,0.0,0.02167791613313894,0.0,0.03874471446444415,0.035768738481423194,0.038707236779210036,0.014402212709222054,0.026953161246167326,0.06327652245713225,0.0,0.0,0.07616159467341316,0.05854261290938248,0.0,0.0,0.0,0.10803235637199822,0.040025424099483245,0.03645756882562107,0.0,0.011005290492065922,0.0639655556275042,0.04361854757119717,0.03619246823455572,0.019493288784887573,0.011372804601138682,0.059121521737116774,0.03148169182715862,0.024620741097609897,0.04801228574996005,0.015712905975337386,0.06637698609041331,0.036597175668945416,0.029359778062521165,0.021417574671887513,0.0403028891894637,0.07103249420931687,0.04645530300850092,0.01126596242772152,0.0049397435118993215,0.060391370522352085,0.03356936852134168,0.014226724637086187,0.015789951516333323,0.05035873117654136,0.022141999611069968,0.04935157384017459
56,0.07601752924529383,0.0,0.0,0.0,0.0,0.0,0.0,0.0,0.0,0.0,0.0,0.0,0.0,0.0,0.0,0.0,0.0,0.0,0.0,0.0,0.0,0.0,0.0,0.0,0.0,0.0,0.0,0.4731878883968719,0.0,0.0,0.0,0.0,0.0,0.0,0.0,0.0,0.0,0.0,0.0,0.0,0.0,0.0,0.0,0.0,0.0,0.0,0.0,0.0,0.0,0.0,0.13396801906896227,0.0,0.0,0.0,0.0,0.0,0.0,0.0,0.0,0.0,0.0,0.0,0.0,0.0,0.0,0.0,0.0,0.256186378963458,0.0,0.044884740335739165,0.0,0.07108907057955641,0.0,0.0,0.0,0.0,0.0,0.0,0.0,0.0,0.0,0.0,0.0,0.0,0.0,0.0,0.07108907057955641,0.0,0.0,0.0,0.0,0.0,0.0,0.0,0.0,0.0,0.0,0.0,0.0,0.0,0.0,0.0,0.0,0.10638924647495344,0.0,0.060433885228739395,0.0,0.0,0.0,0.0,0.0,0.0,0.0,0.0,0.2472469750208537,0.0,0.0,0.0,0.047806975589824295,0.0,0.0,0.0,0.0,0.0,0.0,0.0,0.0,0.0,0.0,0.0,0.0,0.0,0.0,0.0,0.0,0.0,0.0,0.0,0.0,0.0,0.0,0.0,0.0,0.0,0.0,0.0,0.0,0.0,0.0,0.0,0.0,0.0,0.0,0.0,0.0,0.0,0.06698400953448114,0.0,0.0,0.0,0.0,0.0,0.0,0.0,0.0,0.0,0.0,0.0,0.0,0.0,0.0,0.0,0.0,0.0,0.0,0.0,0.0,0.09889879000834148,0.0,0.0,0.0,0.39030429791742943,0.0,0.0,0.0,0.0,0.0,0.0,0.0,0.07823833553772083,0.0,0.0,0.0,0.0,0.0,0.0,0.0,0.0,0.0,0.0,0.0,0.0,0.0,0.0,0.0,0.0,0.16605525098848822,0.0,0.0,0.041208552783956326,0.0,0.0,0.0,0.0,0.0,0.0,0.05774769037275193,0.0,0.0,0.0,0.0,0.0,0.0,0.0,0.04629068768319965,0.060433885228739395,0.08976948067147833,0.0,0.0,0.0,0.0,0.0,0.10919720501466276,0.0,0.08470750240201858,0.0,0.0,0.0,0.0,0.04944939500417074,0.0,0.0,0.0,0.0,0.0,0.10638924647495344,0.0,0.0,0.0,0.0,0.0,0.0,0.0,0.17035214191271775,0.0,0.0,0.05774769037275193,0.0,0.0,0.0,0.0,0.0,0.0,0.0,0.04629068768319965,0.07823833553772083,0.20604276391978163,0.0,0.0,0.0,0.047806975589824295,0.0,0.0,0.0,0.0512372757926916,0.0,0.0,0.0,0.0,0.0,0.0,0.0,0.0,0.0,0.0,0.0,0.0,0.0,0.0,0.05840437053803809,0.0,0.0,0.0,0.13644310095673473,0.0,0.0,0.0,0.0,0.0,0.0,0.0,0.0,0.0,0.0,0.0,0.0,0.0,0.0,0.0,0.0,0.0,0.0,0.0,0.0,0.0,0.0,0.0,0.0,0.0,0.0,0.0,0.0,0.0,0.0,0.0,0.0,0.0,0.0,0.0,0.0,0.0,0.0,0.0,0.0,0.0,0.0,0.05370279901497397,0.0,0.0,0.0,0.0,0.15795426655874753,0.031874910530179545,0.0,0.0,0.0,0.06538502660791075,0.0,0.03084011283796038,0.038162382788707275,0.07572624110143823,0.0,0.057214968633831506,0.07823833553772083,0.0,0.0,0.0,0.04235375120100929,0.0,0.0,0.024871182343519246,0.041208552783956326,0.0,0.0348089764613375,0.0,0.0,0.0,0.0,0.0,0.0,0.0,0.0,0.032048458758798165,0.0,0.0745143359447739,0.0,0.0348089764613375,0.0,0.0,0.0,0.035584161416421796,0.02066577891579776,0.0,0.08627585988337573,0.07279813667644185,0.0,0.03407042838254355,0.0,0.11096548769913606,0.08760655580705713,0.0,0.0,0.0,0.0,0.0,0.11478855656246957,0.0,0.012537474021305386,0.0,0.0,0.0,0.031431596465190274,0.023495903867907574,0.0,0.0,0.0,0.0,0.0,0.02326451840997013,0.09040067013865057,0.059328669875660746,0.0,0.0,0.0,0.0,0.0,0.0,0.0,0.0,0.09529794494707546,0.0,0.022866511121697502,0.0,0.0,0.10408114611131453,0.0,0.0,0.0,0.0,0.025624908767401894,0.016083631711852193,0.0,0.04454300488006424,0.029202185269019045,0.0,0.0,0.0,0.0,0.0,0.0,0.0,0.0,0.08222238963470543,0.0,0.019283624176160554,0.0,0.0,0.058223382268401486,0.0,0.0,0.14420145636592382,0.024053468776315222,0.0,0.0,0.0,0.0,0.058024652597572016,0.066959734151049,0.02898426273326578,0.0,0.020182724783666013,0.0,0.0,0.0,0.0,0.0,0.016083631711852193,0.10061719608364565,0.0,0.05778244330899917,0.0,0.08872400833796569,0.029469362345539284,0.008240842220214421,0.007982979516906531,0.024496416201028142,0.005420237121339395,0.007298358791398795,0.00851603948000095,0.008854125800782871,0.05893430422396932,0.030726985788702595,0.0359519516347629,0.029414848035399805,0.03976285913171055,0.05480846700242518,0.007328272367675614,0.0,0.03772387369835889,0.024177114787296068,0.014908316374668181,0.02952612346982314,0.02219349698360312,0.040699350977277914,0.02827911297008056,0.0035510252433950404,0.005911815740109177,0.022625392305741846,0.02487013750792282,0.025406439009508484
57,0.0,0.0,0.0,0.0,0.1122168631337575,0.0,0.0,0.0,0.0,0.0,0.1122168631337575,0.0,0.0,0.0,0.0,0.0,0.0,0.0,0.0,0.0,0.0,0.0,0.0,0.0,0.0,0.0,0.0,0.05373220243354984,0.0,0.0,0.0,0.0,0.0,0.0,0.0,0.0,0.0,0.0,0.1459941159972304,0.0,0.0,0.0,0.0,0.0,0.0,0.0,0.0,0.09370907920208009,0.0,0.0,0.0,0.0,0.0,0.0,0.0,0.0,0.0,0.0,0.0,0.0,0.0,0.0,0.0,0.0,0.0,0.08524697831126754,0.0,0.07563632259635716,0.0,0.0,0.0,0.0,0.0,0.0,0.0,0.0,0.0,0.0,0.0,0.0,0.0,0.0,0.0,0.0,0.0,0.0,0.0,0.0,0.0,0.0,0.0,0.0,0.0,0.0,0.0,0.0,0.0,0.0,0.0,0.0,0.0,0.0,0.0,0.0,0.0,0.0,0.2676369948359446,0.0,0.0,0.07057252307281908,0.0,0.17049395662253508,0.17049395662253508,0.0,0.0,0.0,0.0,0.0,0.0,0.0,0.0,0.0,0.17842466322396308,0.0,0.0,0.0,0.0,0.0,0.0,0.0,0.0,0.0,0.0,0.0,0.0,0.0,0.0,0.0,0.0,0.0,0.0,0.0,0.0,0.0,0.0,0.0,0.0,0.0,0.0,0.0,0.0,0.0,0.0,0.0,0.0,0.0,0.0,0.0,0.15127264519271433,0.0,0.0,0.0,0.0,0.0,0.0,0.0,0.0,0.0,0.0,0.0,0.12865374550331482,0.0,0.0,0.0,0.0,0.0,0.0,0.0,0.0,0.0,0.0,0.2304664432782997,0.0,0.0,0.0,0.0,0.0,0.0,0.0,0.0,0.0,0.0,0.0,0.0,0.0,0.0,0.0,0.0,0.0,0.0,0.0,0.0,0.0,0.07852575339603368,0.0,0.0,0.08171009834976344,0.0,0.0,0.0,0.0,0.0,0.0,0.0,0.0,0.0,0.0,0.0,0.0,0.0,0.0,0.0,0.0,0.0,0.0,0.0,0.06625872759948603,0.08921233161198154,0.0,0.0,0.13666836624882073,0.0,0.05373220243354984,0.0,0.0,0.0,0.0,0.0,0.0,0.0,0.0,0.0,0.0,0.0,0.0,0.0,0.0,0.0,0.0,0.0,0.0,0.0,0.0,0.15088401201683646,0.0,0.0,0.0,0.0,0.0,0.0,0.0,0.0,0.0,0.0,0.06833418312441036,0.0,0.0,0.0,0.038411073879716616,0.0,0.0,0.0,0.0,0.10999785340609697,0.0,0.05633520227209371,0.0,0.0,0.0,0.0,0.0,0.0,0.0,0.0,0.0,0.0,0.0,0.0,0.0,0.04310818386330301,0.05633520227209371,0.0525292391247161,0.0,0.04028338447097124,0.0,0.0,0.0,0.050294670672278816,0.06083194986219227,0.0,0.0,0.0,0.0,0.0,0.0,0.0,0.031645686461758145,0.10999785340609697,0.0,0.0,0.0,0.05373220243354984,0.0,0.1250449770970192,0.0625224885485096,0.0,0.0,0.0,0.0,0.0,0.0,0.0,0.0,0.0,0.0,0.0,0.0,0.0,0.0,0.0,0.0,0.0,0.0,0.0,0.05924364618675734,0.0,0.0,0.0,0.0,0.0,0.0,0.033310234941470736,0.07058048007895559,0.0,0.20117868268911526,0.0,0.0,0.0,0.0,0.05633520227209371,0.03726228813134835,0.14776333813661516,0.1407676266278716,0.0,0.0,0.1622782615211253,0.0,0.0,0.0,0.1365782638185899,0.03671476951074691,0.0,0.0,0.0,0.0,0.0,0.0,0.04236263618726365,0.0,0.0,0.0,0.0,0.0,0.0,0.054998926703048484,0.046399234408531054,0.05138491327156523,0.0,0.0,0.0,0.1050584782494322,0.27456088305594656,0.0,0.06368009100269062,0.0,0.0,0.10058934134455763,0.04730984479354903,0.04095173530806221,0.0,0.0,0.0,0.0,0.0,0.0,0.04236263618726365,0.13273078417896397,0.037015567863354824,0.050294670672278816,0.0,0.0,0.0,0.0,0.0,0.0,0.0,0.0,0.0,0.03434301672526437,0.13344921531735976,0.0875808158123881,0.0,0.0,0.033310234941470736,0.0,0.0,0.06329137292351629,0.020878148487571167,0.12285520592418664,0.0,0.0,0.2025328769060669,0.0,0.0,0.0,0.12932455158990902,0.0,0.0,0.04095173530806221,0.0,0.07122783585923044,0.0,0.06575425867977566,0.0,0.0,0.0,0.0,0.0,0.0,0.0,0.05591942561748735,0.0,0.0,0.0,0.0,0.0,0.0,0.07367073715832245,0.0,0.061013529567988126,0.07450442468566304,0.017753831519925253,0.043502589913144527,0.0,0.047924985555276835,0.044623853537799525,0.1284837437543133,0.09884577145956422,0.042786487228182506,0.0,0.08938104489321425,0.046630042084017526,0.018377643958786945,0.019047615145254892,0.08418805807192807,0.021570753240447372,0.023742611953076812,0.0,0.10104192383561547,0.05117896829887948,0.04424359472632133,0.020149866442621532,0.043502589913144527,0.012165108136422931,0.0,0.0482153877119251,0.00800133881272536,0.0,0.025142707116545888,0.06535217817652461,0.017399730869031953,0.06350272615007552,0.0,0.05210653924998102,0.02934891047689691,0.07079459189990189,0.054089875417863746,0.01183735731879415,0.0,0.02855215114714465,0.05868697267696642,0.08717276105073339,0.005460329650704949,0.022251950957612714,0.023191970626988707,0.013105033723101735,0.06108904052214075,0.03618283561267814,0.030594355939478724,0.020457225762278024
58,0.0,0.0,0.0,0.0,0.0,0.0,0.0968653867667794,0.0,0.0,0.0,0.0,0.0,0.0,0.0,0.0,0.0,0.0,0.0,0.0,0.0,0.0,0.0,0.0,0.0,0.0,0.0,0.0,0.04638153683152605,0.0,0.0,0.0,0.0,0.0,0.0,0.0,0.0,0.0,0.0,0.0,0.0,0.0,0.0,0.0,0.0,0.0,0.0,0.0,0.08088950222791984,0.0,0.0,0.0,0.08535441831857285,0.0,0.0,0.0,0.0,0.0,0.0,0.0,0.0,0.0,0.0,0.0,0.0,0.0,0.0,0.0,0.06528913246470026,0.0,0.0,0.0,0.0,0.09058529506213753,0.0,0.0,0.0,0.0,0.0,0.0,0.0,0.0,0.0,0.0,0.09058529506213753,0.09058529506213753,0.0,0.0,0.0,0.0,0.0,0.0,0.0,0.0,0.0,0.0,0.0,0.0,0.0,0.0,0.0,0.0,0.0,0.0,0.0,0.0,0.0,0.0,0.0,0.0,0.1827542105077693,0.0,0.07358503253630995,0.07358503253630995,0.0,0.0,0.0,0.0,0.0,0.0,0.06301092419099887,0.0,0.0,0.0,0.0,0.0,0.0,0.0,0.0,0.0,0.0,0.0,0.0,0.0,0.0,0.0,0.0,0.0,0.0,0.0,0.08088950222791984,0.0,0.0,0.0,0.0,0.0,0.0,0.0,0.0,0.0,0.08535441831857285,0.0,0.0,0.0,0.0,0.0,0.0,0.0,0.0,0.0,0.0,0.0,0.0,0.0,0.0,0.0,0.0,0.05396929539595239,0.0,0.0,0.16190788618785718,0.27763418235811704,0.0,0.0,0.0,0.0,0.0,0.0,0.1890327725729966,0.0,0.0,0.0,0.26525093812691414,0.0,0.0,0.0,0.0,0.0,0.0,0.0,0.0,0.0,0.0,0.07700791810282905,0.0,0.0,0.1540158362056581,0.0,0.0,0.0,0.0,0.0,0.0,0.0,0.06778328373689274,0.0,0.0,0.0,0.0,0.06528913246470026,0.10502005111575749,0.0,0.0,0.0,0.0,0.06778328373689274,0.0,0.07358503253630995,0.0,0.0,0.0,0.0,0.0,0.0,0.0,0.0,0.0,0.05719440996981633,0.0,0.0,0.0,0.0,0.0,0.0,0.0,0.05396929539595239,0.0,0.0,0.06528913246470026,0.0,0.0,0.0,0.0,0.0,0.0,0.0,0.0,0.0,0.0,0.0,0.06778328373689274,0.0,0.0,0.0,0.17365706332999528,0.0,0.0,0.0,0.0,0.0,0.07358503253630995,0.0,0.0,0.0,0.0,0.0,0.04984762532465216,0.0,0.0,0.0,0.0,0.060918070169256426,0.0,0.10793859079190478,0.09494994171238612,0.0,0.0,0.051139004790342966,0.0,0.0,0.0,0.0,0.0,0.0,0.0,0.0,0.0,0.0,0.0,0.05719440996981633,0.0,0.09725688286557589,0.1360294234472215,0.0,0.0,0.0,0.04747497085619306,0.0,0.0,0.0,0.0,0.0,0.06301092419099887,0.0,0.0,0.0,0.0,0.0546329949530785,0.0,0.0,0.0,0.0,0.0,0.0,0.0,0.0,0.0,0.10227800958068593,0.0,0.0,0.0,0.0,0.11797187860879925,0.0,0.0,0.0,0.0,0.0,0.05396929539595239,0.0,0.0,0.0,0.0,0.0,0.0,0.0,0.058985939304399625,0.0,0.0,0.0,0.0,0.0,0.1437666630839555,0.020308312880699682,0.0,0.0,0.0,0.29160919644507377,0.0,0.0,0.0,0.06432947510493066,0.12754903762987022,0.0,0.0,0.0,0.0,0.0,0.05396929539595239,0.0,0.0,0.0,0.10502005111575749,0.0,0.0,0.0,0.0,0.0,0.0,0.0,0.03367701575543088,0.0,0.0,0.0,0.0,0.0,0.04005173252176547,0.0,0.07454568850409511,0.0,0.0,0.22671570574536914,0.0,0.0,0.06871066959168698,0.0,0.0,0.0,0.04083776970615435,0.14139784587127396,0.03721090383497039,0.0,0.0,0.02731649747653925,0.0,0.0,0.07313469694565428,0.019095494186151977,0.15975884538859575,0.0,0.0,0.0,0.0,0.0,0.16663382654004216,0.0,0.0,0.0,0.017878578036920962,0.059289655849058785,0.0,0.19655895144701266,0.08331691327002108,0.061584402127336076,0.0575066652335822,0.0,0.03721090383497039,0.02731649747653925,0.0,0.0,0.0,0.0,0.0,0.0,0.0,0.0,0.03721090383497039,0.0,0.023779878598089572,0.0,0.0,0.0,0.0,0.14189738335020546,0.03721090383497039,0.0,0.0,0.024572170822095625,0.0,0.0,0.0,0.01608984793357261,0.0,0.0,0.0,0.0,0.0,0.023280354230469463,0.18017858788803076,0.051435700728152914,0.02633338241047126,0.11024928051643688,0.015325074224539275,0.05632703160135432,0.0,0.020684379031655986,0.0,0.03696897591695792,0.05119409123713634,0.0,0.0,0.051435700728152914,0.0,0.0,0.016441865834644274,0.0,0.0,0.0,0.03663186527330604,0.0,0.058903453190591266,0.019095494186151977,0.03478665419362144,0.01877567720045144,0.021001797266240248,0.020344633826790724,0.04161943266279807,0.027626962903885742,0.0,0.0,0.02256475128011741,0.030038830407470782,0.0,0.01145294951932897,0.014992755802104367,0.05066784946821407,0.043649828261591875,0.037352223587095716,0.020435969478398805,0.019227868374103438,0.030807704460103082,0.03166155328494288,0.016124435271835658,0.009426692721916544,0.07875215435622199,0.020019265749652276,0.009049792515884815,0.01883283776271451,0.01922028070985114,0.015845394559420474,0.04708970423399815
59,0.0,0.0,0.0,0.0,0.0,0.0,0.08470599617421644,0.0,0.0,0.0,0.0,0.0,0.0,0.0,0.0,0.0,0.0,0.0,0.0,0.0,0.0,0.0,0.0,0.0,0.0,0.0,0.0,0.16223728258535913,0.0,0.0,0.0,0.0,0.0,0.0,0.0,0.0,0.0,0.0,0.0,0.0,0.0,0.0,0.0,0.0,0.0,0.0,0.0,0.14147108879561768,0.0,0.0,0.0,0.07463998516779871,0.0,0.0,0.0,0.0,0.0,0.0,0.0,0.0,0.0,0.0,0.0,0.0,0.0,0.0,0.0,0.114186938995829,0.0,0.0,0.0,0.0,0.0,0.0,0.0,0.0,0.0,0.0,0.0,0.0,0.0,0.0,0.0,0.07921423650997317,0.0,0.0,0.0,0.0,0.0,0.0,0.0,0.0,0.0,0.0,0.0,0.0,0.0,0.0,0.0,0.0,0.0,0.0,0.0,0.0,0.0,0.0,0.0,0.0,0.0,0.15981330352156448,0.0,0.0,0.0,0.0,0.0,0.0,0.0,0.0,0.2663555058692741,0.0,0.0,0.0,0.0,0.0,0.0,0.0,0.0,0.0,0.0,0.0,0.06434799563137594,0.0,0.0,0.0,0.0,0.0,0.0,0.0,0.0,0.0,0.0,0.0,0.0,0.0,0.0,0.0,0.0,0.0,0.0,0.0,0.0,0.0,0.0,0.0,0.0,0.0,0.0,0.0,0.0,0.0,0.0,0.0,0.0,0.07463998516779871,0.0,0.0,0.0,0.0,0.0,0.2831675843307033,0.09711324457013895,0.0570934694979145,0.0,0.0,0.0,0.0,0.0,0.1102024837067411,0.0,0.0,0.0,0.0,0.0,0.0,0.0,0.0,0.0,0.0,0.04719459738845055,0.04359031539521872,0.0,0.0,0.0,0.0,0.0,0.0,0.0,0.0,0.0,0.0,0.0,0.0,0.0,0.0,0.0,0.0,0.0,0.0,0.0,0.13775552359243118,0.0,0.0,0.0,0.0,0.0,0.0,0.0,0.0,0.0,0.0,0.0,0.1275725223876313,0.0,0.05327110117385482,0.0,0.0,0.0,0.0,0.0,0.0,0.0,0.05001486737212257,0.0,0.0,0.0,0.0,0.0,0.0,0.0,0.0,0.0,0.0,0.0,0.0,0.0,0.0,0.0,0.0,0.0,0.0,0.0,0.0,0.0,0.15185810982691558,0.0,0.0,0.0,0.0,0.0,0.06434799563137594,0.0,0.0,0.0,0.0,0.0,0.0,0.0,0.0,0.0,0.0,0.0,0.0,0.04719459738845055,0.0,0.0,0.0,0.04471958961515899,0.0,0.0,0.0,0.0,0.05927453308700564,0.0,0.0,0.0,0.0,0.0,0.0,0.0,0.03253986571563591,0.0,0.03965127347241071,0.02855372235280284,0.0,0.0,0.16606198907347555,0.08718063079043745,0.0,0.0,0.0,0.0,0.0,0.0,0.0,0.0,0.0,0.0,0.0,0.0,0.0,0.0,0.0,0.0,0.0,0.0,0.0,0.0,0.0,0.0,0.0,0.0,0.0,0.0,0.0,0.0,0.0,0.0,0.14158379216535166,0.0,0.0,0.0,0.0,0.0,0.0,0.0,0.10316301654957323,0.0,0.0,0.0,0.04591850786414373,0.0,0.17600773968399866,0.0,0.0,0.0,0.0,0.0,0.0,0.03436500115171005,0.0,0.0,0.0,0.0,0.0,0.0,0.0,0.0,0.0,0.0,0.03436500115171005,0.027713848336748025,0.09183701572828747,0.0,0.07757497662014541,0.0,0.0,0.0,0.0,0.0,0.0,0.0,0.0,0.0,0.0,0.0,0.0,0.0,0.0,0.0,0.0,0.03965127347241071,0.0,0.0743586445349753,0.3004275267890307,0.0,0.0,0.0,0.035711455659818814,0.09273626362726388,0.06507973143127183,0.0,0.0,0.023887491786016214,0.0,0.0,0.06395419010297769,0.03339692146940757,0.4330840050686357,0.0,0.0,0.0,0.0,0.0,0.0,0.0,0.0,0.03253986571563591,0.01563430254443828,0.0,0.020146613274425,0.06610967408967969,0.0,0.008975631552732984,0.025143962811999807,0.06081517724863395,0.0,0.023887491786016214,0.0,0.06182417575150925,0.0,0.0,0.0,0.0,0.0,0.0,0.0,0.026924620034902296,0.02079482024268263,0.0,0.0,0.0,0.0,0.07445110960099532,0.0,0.0,0.03143489500036162,0.04297531403369067,0.0,0.0,0.0,0.014070109489020726,0.0,0.0,0.0,0.04297531403369067,0.0,0.020358000542840496,0.2687805218735915,0.04497904168376575,0.0,0.03213660883882143,0.0,0.0,0.0,0.036175789714027864,0.016841978386733902,0.08620881788252294,0.14922587043110053,0.0,0.02403420214312245,0.04497904168376575,0.017599156027308934,0.0,0.0,0.015887169552350026,0.0,0.0,0.11211729598603491,0.0,0.025754688269729455,0.0,0.03041992909328119,0.01641878997436889,0.0,0.0,0.11828374169699346,0.12079492438698139,0.0,0.0,0.0,0.0,0.0068477888363470555,0.090137476088666,0.045887568852132646,0.011076894457521125,0.007634104005869005,0.0,0.0,0.016814218156755673,0.03232854231925322,0.06091166000646773,0.0023500591870103974,0.020608429499195124,0.08734287186655794,0.007002508964666567,0.005935337553085259,0.009881265145736682,0.0,0.025403293740981065,0.043752254725024586
