entity_id,label,type,edition,mention_count,locations
AB'IX,AB'IX,,ajtzibab,7,"[""1861"", ""1865"", ""1866"", ""1901"", ""1902"", ""2176"", ""2229""]"
AB'IX,AB'IX,,christenson,7,"[""2593"", ""2602"", ""2603"", ""2650"", ""2651"", ""3027"", ""3090""]"
AB'IX,AB'IX,,christenson_ximenez,17,"[""23"", ""27""]"
AB'IX,AB'IX,,colop,7,"[""16"", ""18""]"
AB'IX,AB'IX,,ximenez,15,"[""22"", ""26""]"
ACHAQ'_IB'OY,Achaq' Ib'oy,persona,ajtzibab,1,"[""5885""]"
ACHAQ'_IB'OY,Achaq' Ib'oy,persona,christenson,1,"[""8123""]"
ACHAQ'_IB'OY,Achaq' Ib'oy,persona,christenson_english_prose,3,"[""13"", ""28"", ""76""]"
ACHAQ'_IB'OY,Achaq' Ib'oy,persona,christenson_ximenez,1,"[""83""]"
ACHAQ'_IB'OY,Achaq' Ib'oy,persona,colop,1,"[""42""]"
ACHAQ'_IB'OY,Achaq' Ib'oy,persona,ximenez,1,"[""82""]"
AJ,Aj,objeto,ajtzibab,35,"[""2634"", ""3632"", ""3634"", ""3637"", ""3639"", ""3642"", ""3649"", ""3651"", ""3653"", ""3907"", ""3930"", ""3933"", ""3934"", ""4064"", ""4345"", ""4444"", ""4525"", ""5411"", ""5445"", ""5724"", ""5803"", ""5862"", ""5863"", ""5866"", ""5867"", ""5868"", ""5869"", ""5870"", ""5871"", ""6088"", ""6187"", ""6188"", ""6241""]"
AJ,Aj,objeto,christenson,219,"[""1169"", ""149"", ""1755"", ""1767"", ""1768"", ""1769"", ""1770"", ""1771"", ""1772"", ""2335"", ""2344"", ""2392"", ""27"", ""2701"", ""2702"", ""2711"", ""2712"", ""2713"", ""2714"", ""28"", ""2999"", ""3000"", ""3003"", ""3004"", ""3017"", ""3018"", ""3561"", ""4130"", ""453"", ""454"", ""4691"", ""4692"", ""4693"", ""4694"", ""4709"", ""4710"", ""4713"", ""4716"", ""4717"", ""4728"", ""4730"", ""4733"", ""4738"", ""4749"", ""4753"", ""4755"", ""477"", ""478"", ""4954"", ""4955"", ""5010"", ""5011"", ""504"", ""505"", ""5064"", ""5065"", ""5164"", ""5165"", ""521"", ""5214"", ""522"", ""5220"", ""5221"", ""5276"", ""5277"", ""5278"", ""5279"", ""5345"", ""5346"", ""5355"", ""5356"", ""5439"", ""5491"", ""5492"", ""560"", ""561"", ""562"", ""563"", ""564"", ""565"", ""566"", ""567"", ""581"", ""5812"", ""5875"", ""5894"", ""5896"", ""5897"", ""591"", ""5936"", ""5937"", ""594"", ""595"", ""5960"", ""607"", ""608"", ""6112"", ""6113"", ""6120"", ""6124"", ""6275"", ""6276"", ""6313"", ""6314"", ""6324"", ""6325"", ""6384"", ""6385"", ""6398"", ""6399"", ""6495"", ""6496"", ""6539"", ""6540"", ""6547"", ""6548"", ""6612"", ""6613"", ""6653"", ""6654"", ""6680"", ""6769"", ""6770"", ""6951"", ""6952"", ""6958"", ""6990"", ""7000"", ""7001"", ""7075"", ""7093"", ""7111"", ""7112"", ""7129"", ""7183"", ""7241"", ""7242"", ""7368"", ""7369"", ""7419"", ""7428"", ""7429"", ""7432"", ""7433"", ""7473"", ""7571"", ""7572"", ""7799"", ""7800"", ""7801"", ""7802"", ""7815"", ""7826"", ""7881"", ""7882"", ""7937"", ""7938"", ""8043"", ""8061"", ""8066"", ""8073"", ""8090"", ""8091"", ""8099"", ""8100"", ""8101"", ""8102"", ""8103"", ""8104"", ""8111"", ""8112"", ""8114"", ""8116"", ""8138"", ""8152"", ""8153"", ""8155"", ""8162"", ""8163"", ""8164"", ""8194"", ""8195"", ""8196"", ""8198"", ""8200"", ""8232"", ""8237"", ""8238"", ""8240"", ""8259"", ""8260"", ""8267"", ""8268"", ""829"", ""830"", ""8425"", ""8426"", ""8428"", ""8445"", ""8484"", ""8485"", ""8487"", ""8529"", ""8569"", ""8570"", ""8575"", ""8576"", ""8581"", ""8583"", ""8587"", ""8589"", ""8649"", ""8684"", ""8695"", ""88"", ""89"", ""905"", ""906""]"
AJ,Aj,objeto,christenson_english_prose,25,"[""20"", ""29"", ""40"", ""47"", ""50"", ""54"", ""55"", ""56"", ""67"", ""70"", ""76"", ""77"", ""79"", ""81"", ""82"", ""85""]"
AJ,Aj,objeto,christenson_ximenez,46,"[""17"", ""2"", ""31"", ""42"", ""48"", ""51"", ""58"", ""59"", ""61"", ""62"", ""66"", ""68"", ""7"", ""73"", ""76"", ""8"", ""83"", ""89""]"
AJ,Aj,objeto,colop,31,"[""20"", ""24"", ""27"", ""28"", ""29"", ""36"", ""41"", ""42"", ""43"", ""49""]"
AJ,Aj,objeto,recinos,7,"[""0.1.2"", ""2.14.36"", ""2.3.7"", ""2.7.69"", ""2.7.72"", ""3.5.13""]"
AJ,Aj,objeto,ximenez,27,"[""1"", ""16"", ""30"", ""41"", ""47"", ""50"", ""57"", ""58"", ""6"", ""60"", ""65"", ""67"", ""7"", ""72"", ""75""]"
AJACHE',Ajache',objeto,ajtzibab,2,"[""3742"", ""6012""]"
AJACHE',Ajache',objeto,christenson,2,"[""4901"", ""8304""]"
AJACHE',Ajache',objeto,christenson_english_prose,2,"[""42"", ""78""]"
AJACHE',Ajache',objeto,christenson_ximenez,2,"[""46"", ""86""]"
AJACHE',Ajache',objeto,colop,2,"[""25"", ""43""]"
AJACHE',Ajache',objeto,recinos,2,"[""3.1.10"", ""4.11.16""]"
AJACHE',Ajache',objeto,tedlock,2,"[""4.14"", ""5.292""]"
AJACHE',Ajache',objeto,ximenez,2,"[""45"", ""85""]"
AJAL_MES,Ajal Mes,deidad,ajtzibab,3,"[""1256"", ""1263"", ""1345""]"
AJAL_MES,Ajal Mes,deidad,christenson,3,"[""1858"", ""1870"", ""1984""]"
AJAL_MES,Ajal Mes,deidad,christenson_ximenez,3,"[""17"", ""18""]"
AJAL_MES,Ajal Mes,deidad,colop,3,"[""11"", ""12""]"
AJAL_MES,Ajal Mes,deidad,recinos,3,"[""2.1.33"", ""2.1.35"", ""2.2.12""]"
AJAL_MES,Ajal Mes,deidad,ximenez,3,"[""16"", ""17""]"
AJAL_PUJ,Ajal Puj,deidad,ajtzibab,6,"[""1240"", ""1246"", ""1342"", ""2711"", ""2718"", ""2778""]"
AJAL_PUJ,Ajal Puj,deidad,christenson,6,"[""1836"", ""1844"", ""1978"", ""3653"", ""3660"", ""3727""]"
AJAL_PUJ,Ajal Puj,deidad,christenson_ximenez,7,"[""17"", ""18"", ""31""]"
AJAL_PUJ,Ajal Puj,deidad,colop,6,"[""11"", ""12"", ""21""]"
AJAL_PUJ,Ajal Puj,deidad,recinos,6,"[""2.1.27"", ""2.1.29"", ""2.2.12"", ""2.8.23"", ""2.8.25"", ""2.8.48""]"
AJAL_PUJ,Ajal Puj,deidad,ximenez,7,"[""16"", ""17"", ""30""]"
AJAL_Q'ANA,Ajal Q'ana,deidad,ajtzibab,6,"[""1240"", ""1246"", ""1342"", ""2717"", ""2724"", ""2779""]"
AJAL_Q'ANA,Ajal Q'ana,deidad,christenson,6,"[""1837"", ""1845"", ""1979"", ""3659"", ""3666"", ""3728""]"
AJAL_Q'ANA,Ajal Q'ana,deidad,christenson_ximenez,5,"[""18"", ""31""]"
AJAL_Q'ANA,Ajal Q'ana,deidad,colop,6,"[""11"", ""12"", ""21""]"
AJAL_Q'ANA,Ajal Q'ana,deidad,ximenez,7,"[""16"", ""17"", ""30""]"
AJAL_TOQ'OB,Ajal Toq'ob,deidad,ajtzibab,3,"[""1256"", ""1263"", ""1345""]"
AJAL_TOQ'OB,Ajal Toq'ob,deidad,christenson,3,"[""1859"", ""1871"", ""1985""]"
AJAL_TOQ'OB,Ajal Toq'ob,deidad,christenson_ximenez,3,"[""17"", ""18""]"
AJAL_TOQ'OB,Ajal Toq'ob,deidad,colop,3,"[""11"", ""12""]"
AJAL_TOQ'OB,Ajal Toq'ob,deidad,recinos,2,"[""2.1.33"", ""2.1.35""]"
AJAL_TOQ'OB,Ajal Toq'ob,deidad,ximenez,3,"[""16"", ""17""]"
AJAQ_Q'ALEL_NJDOCE,AJAQ_Q'ALEL_NJDOCE,,ximenez,4,"[""90"", ""91""]"
AJAW_AJTZIK_WINAQ,Ajaw Ajtzik Winaq,oficio,ajtzibab,2,"[""5672"", ""6220""]"
AJAW_AJTZIK_WINAQ,Ajaw Ajtzik Winaq,oficio,colop,2,"[""39"", ""48""]"
AJAW_AWILIX,Ajaw Awilix,oficio,ajtzibab,1,"[""6226""]"
AJAW_AWILIX,Ajaw Awilix,oficio,christenson,1,"[""8661""]"
AJAW_AWILIX,Ajaw Awilix,oficio,christenson_english_prose,1,"[""84""]"
AJAW_AWILIX,Ajaw Awilix,oficio,christenson_ximenez,24,"[""59"", ""61"", ""62"", ""64"", ""65"", ""66"", ""78"", ""86"", ""87""]"
AJAW_AWILIX,Ajaw Awilix,oficio,colop,1,"[""48""]"
AJAW_AWILIX,Ajaw Awilix,oficio,tedlock,2,"[""5.159"", ""5.391""]"
AJAW_AWILIX,Ajaw Awilix,oficio,ximenez,20,"[""58"", ""60"", ""61"", ""63"", ""64"", ""65"", ""85""]"
AJAW_JAQAWITZ,Ajaw Jaqawitz,persona,ajtzibab,1,"[""5687""]"
AJAW_JAQAWITZ,Ajaw Jaqawitz,persona,christenson,1,"[""7829""]"
AJAW_JAQAWITZ,Ajaw Jaqawitz,persona,christenson_english_prose,1,"[""72""]"
AJAW_JAQAWITZ,Ajaw Jaqawitz,persona,christenson_ximenez,1,"[""79""]"
AJAW_JAQAWITZ,Ajaw Jaqawitz,persona,ximenez,1,"[""78""]"
AJAW_K'ICHE',Ajaw K'iche',linaje,ajtzibab,13,"[""3923"", ""5396"", ""5515"", ""5580"", ""5601"", ""5649"", ""5682"", ""5886"", ""5972"", ""6234"", ""6245"", ""6257"", ""6268""]"
AJAW_K'ICHE',Ajaw K'iche',linaje,christenson,14,"[""5197"", ""7397"", ""7586"", ""7677"", ""7708"", ""7785"", ""7824"", ""7828"", ""8124"", ""8250"", ""8674"", ""8690"", ""8704"", ""8717""]"
AJAW_K'ICHE',Ajaw K'iche',linaje,christenson_english_prose,15,"[""47"", ""65"", ""68"", ""69"", ""72"", ""76"", ""78"", ""85"", ""86"", ""87""]"
AJAW_K'ICHE',Ajaw K'iche',linaje,christenson_ximenez,12,"[""100"", ""101"", ""106"", ""108"", ""51"", ""71"", ""74"", ""75"", ""83"", ""86""]"
AJAW_K'ICHE',Ajaw K'iche',linaje,colop,13,"[""27"", ""36"", ""37"", ""40"", ""42"", ""43"", ""49"", ""50""]"
AJAW_K'ICHE',Ajaw K'iche',linaje,ximenez,11,"[""50"", ""70"", ""73"", ""82"", ""85"", ""93"", ""94"", ""96""]"
AJAW_K'OTUJA_NJONCE,Ajaw K'otuja (gen. 11),persona,christenson_ximenez,1,"[""81""]"
AJAW_K'OTUJA_NJONCE,Ajaw K'otuja (gen. 11),persona,ximenez,1,"[""80""]"
AJAW_LOLMET,Ajaw Lolmet,persona,ajtzibab,1,"[""5685""]"
AJAW_LOLMET,Ajaw Lolmet,persona,christenson,1,"[""7827""]"
AJAW_LOLMET,Ajaw Lolmet,persona,christenson_english_prose,1,"[""72""]"
AJAW_LOLMET,Ajaw Lolmet,persona,christenson_ximenez,1,"[""79""]"
AJAW_LOLMET,Ajaw Lolmet,persona,ximenez,1,"[""78""]"
AJAW_NIM_CH'OKOJ,Ajaw Nim Ch'okoj,persona,ajtzibab,1,"[""5686""]"
AJAW_NIM_CH'OKOJ,Ajaw Nim Ch'okoj,persona,christenson,1,"[""7828""]"
AJAW_NIM_CH'OKOJ,Ajaw Nim Ch'okoj,persona,christenson_english_prose,1,"[""86""]"
AJAW_NIM_CH'OKOJ,Ajaw Nim Ch'okoj,persona,christenson_ximenez,1,"[""79""]"
AJAW_NIM_CH'OKOJ,Ajaw Nim Ch'okoj,persona,colop,1,"[""40""]"
AJAW_NIM_CH'OKOJ,Ajaw Nim Ch'okoj,persona,ximenez,2,"[""78"", ""96""]"
AJAW_Q'ALEL,Ajaw Q'alel,oficio,ajtzibab,6,"[""5671"", ""5914"", ""6214"", ""6216"", ""6218"", ""6221""]"
AJAW_Q'ALEL,Ajaw Q'alel,oficio,christenson,6,"[""7814"", ""8166"", ""8640"", ""8642"", ""8645"", ""8651""]"
AJAW_Q'ALEL,Ajaw Q'alel,oficio,colop,6,"[""39"", ""42"", ""47"", ""48""]"
AJAW_Q'ALEL,Ajaw Q'alel,oficio,ximenez,2,"[""73"", ""77""]"
AJAW_XIK,Xik,deidad,ajtzibab,1,"[""1265""]"
AJAW_XIK,Xik,deidad,christenson,1,"[""1872""]"
AJAW_XIK,Xik,deidad,christenson_ximenez,12,"[""10"", ""13"", ""17"", ""18"", ""29"", ""31"", ""51"", ""61""]"
AJAW_XIK,Xik,deidad,colop,1,"[""11""]"
AJAW_XIK,Xik,deidad,recinos,3,"[""2.1.36"", ""2.1.38"", ""2.2.12""]"
AJAW_XIK,Xik,deidad,ximenez,13,"[""12"", ""16"", ""17"", ""20"", ""28"", ""30"", ""50"", ""60"", ""74""]"
AJB'IS,Ajb'is,deidad,ajtzibab,2,"[""3611"", ""49""]"
AJB'IS,Ajb'is,deidad,christenson_english_prose,1,"[""40""]"
AJB'IS,Ajb'is,deidad,christenson_ximenez,1,"[""42""]"
AJB'IS,Ajb'is,deidad,colop,2,"[""0"", ""24""]"
AJB'IS,Ajb'is,deidad,recinos,1,"[""2.14.17""]"
AJB'IS,Ajb'is,deidad,ximenez,1,"[""41""]"
AJB'IX,Ajb'ix,oficio,ajtzibab,5,"[""1199"", ""1939"", ""1945"", ""2159"", ""2171""]"
AJB'IX,Ajb'ix,oficio,christenson_english_prose,5,"[""16"", ""23"", ""24""]"
AJB'IX,Ajb'ix,oficio,colop,5,"[""11"", ""17"", ""18""]"
AJB'IX,Ajb'ix,oficio,recinos,5,"[""2.2.24"", ""2.4.13"", ""2.5.22"", ""2.6.15"", ""4.5.8""]"
AJB'IX,Ajb'ix,oficio,tedlock,5,"[""3.15"", ""3.306"", ""3.308"", ""3.392"", ""3.396""]"
AJBA'TENA_JA,AJBA'TENA_JA,,ximenez,1,"[""50""]"
AJBATENAJA,AJBATENAJA,,christenson,1,"[""5222""]"
AJBATENAJA,AJBATENAJA,,christenson_ximenez,1,"[""61""]"
AJBATENAJA,AJBATENAJA,,ximenez,1,"[""60""]"
AJCH'UT,Ajch'ut,deidad,ajtzibab,1,"[""310""]"
AJCH'UT,Ajch'ut,deidad,christenson_english_prose,1,"[""7""]"
AJCH'UT,Ajch'ut,deidad,christenson_ximenez,1,"[""8""]"
AJCH'UT,Ajch'ut,deidad,colop,1,"[""4""]"
AJCH'UT,Ajch'ut,deidad,tedlock,9,"[""1.109"", ""1.134"", ""1.173"", ""1.196"", ""1.67"", ""1.90"", ""1.96"", ""4.29"", ""4.51""]"
AJCH'UT,Ajch'ut,deidad,ximenez,1,"[""7""]"
AJK'OT,Ajk'ot,oficio,ajtzibab,3,"[""1201"", ""1946"", ""2161""]"
AJK'OT,Ajk'ot,oficio,christenson_english_prose,2,"[""23"", ""24""]"
AJK'OT,Ajk'ot,oficio,colop,3,"[""11"", ""17"", ""18""]"
AJK'OT,Ajk'ot,oficio,tedlock,3,"[""3.15"", ""3.308"", ""3.392""]"
AJK'UWAL,Ajk'uwal,deidad,ajtzibab,1,"[""309""]"
AJK'UWAL,Ajk'uwal,deidad,christenson_english_prose,1,"[""7""]"
AJK'UWAL,Ajk'uwal,deidad,christenson_ximenez,1,"[""8""]"
AJK'UWAL,Ajk'uwal,deidad,colop,1,"[""4""]"
AJK'UWAL,Ajk'uwal,deidad,tedlock,1,"[""1.102""]"
AJK'UWAL,Ajk'uwal,deidad,ximenez,1,"[""7""]"
AJKIB'A_JA,Ajkib'a Ja,linaje,christenson_ximenez,2,"[""51"", ""61""]"
AJKIB'A_JA,Ajkib'a Ja,linaje,ximenez,2,"[""50"", ""60""]"
AJLAB'AL,Ajlab'al,deidad,ajtzibab,12,"[""3611"", ""4399"", ""5087"", ""5091"", ""5113"", ""5174"", ""5183"", ""5207"", ""5822"", ""5837"", ""5843"", ""5880""]"
AJLAB'AL,Ajlab'al,deidad,christenson_english_prose,1,"[""40""]"
AJLAB'AL,Ajlab'al,deidad,christenson_ximenez,6,"[""42"", ""68"", ""69"", ""83""]"
AJLAB'AL,Ajlab'al,deidad,colop,13,"[""24"", ""28"", ""34"", ""42""]"
AJLAB'AL,Ajlab'al,deidad,ximenez,6,"[""41"", ""67"", ""68"", ""82""]"
AJLATZAB',Ajlatzab',deidad,ajtzibab,1,"[""3626""]"
AJLATZAB',Ajlatzab',deidad,christenson_english_prose,1,"[""40""]"
AJLATZAB',Ajlatzab',deidad,colop,1,"[""24""]"
AJLATZAB',Ajlatzab',deidad,ximenez,1,"[""41""]"
AJMAK,Ajmak,deidad,ajtzibab,1,"[""3611""]"
AJMAK,Ajmak,deidad,christenson_english_prose,1,"[""40""]"
AJMAK,Ajmak,deidad,christenson_ximenez,1,"[""42""]"
AJMAK,Ajmak,deidad,colop,1,"[""24""]"
AJMAK,Ajmak,deidad,recinos,1,"[""2.14.17""]"
AJMAK,Ajmak,deidad,ximenez,1,"[""41""]"
AJMOKEN,Ajmoken,deidad,ajtzibab,1,"[""3611""]"
AJMOKEN,Ajmoken,deidad,christenson_english_prose,1,"[""40""]"
AJMOKEN,Ajmoken,deidad,christenson_ximenez,1,"[""42""]"
AJMOKEN,Ajmoken,deidad,colop,1,"[""24""]"
AJMOKEN,Ajmoken,deidad,recinos,1,"[""2.14.17""]"
AJMOKEN,Ajmoken,deidad,ximenez,1,"[""41""]"
AJMOX_WACH,Ajmox wach,deidad,christenson_ximenez,1,"[""42""]"
AJMOX_WACH,Ajmox wach,deidad,colop,1,"[""24""]"
AJMUQULIK_K'U'X,Ajmuqulik K'u'x,deidad,ajtzibab,1,"[""3624""]"
AJMUQULIK_K'U'X,Ajmuqulik K'u'x,deidad,christenson_english_prose,1,"[""40""]"
AJMUQULIK_K'U'X,Ajmuqulik K'u'x,deidad,christenson_ximenez,1,"[""42""]"
AJMUQULIK_K'U'X,Ajmuqulik K'u'x,deidad,colop,1,"[""24""]"
AJMUQULIK_K'U'X,Ajmuqulik K'u'x,deidad,ximenez,1,"[""41""]"
AJPATAN,Ajpatan,persona,ajtzibab,1,"[""5245""]"
AJPATAN,Ajpatan,persona,christenson_ximenez,1,"[""69""]"
AJPATAN,Ajpatan,persona,colop,1,"[""34""]"
AJPATAN,Ajpatan,persona,ximenez,1,"[""68""]"
AJPOP,Ajpop,oficio,ajtzibab,38,"[""1690"", ""5419"", ""5421"", ""5507"", ""5659"", ""5756"", ""5876"", ""5877"", ""5905"", ""5911"", ""5912"", ""5937"", ""5938"", ""5940"", ""5959"", ""5962"", ""5980"", ""5983"", ""6079"", ""6109"", ""6172"", ""6177"", ""6182"", ""6184""]"
AJPOP,Ajpop,oficio,christenson_english_prose,35,"[""66"", ""68"", ""70"", ""74"", ""76"", ""77"", ""78"", ""79"", ""82""]"
AJPOP,Ajpop,oficio,christenson_ximenez,21,"[""72"", ""74"", ""76"", ""81"", ""83"", ""85"", ""86"", ""87"", ""89""]"
AJPOP,Ajpop,oficio,colop,37,"[""15"", ""36"", ""37"", ""38"", ""41"", ""42"", ""43"", ""44"", ""45"", ""46""]"
AJPOP,Ajpop,oficio,recinos,23,"[""2.2.1"", ""2.3.42"", ""4.10.24"", ""4.10.29"", ""4.10.30"", ""4.10.37"", ""4.10.42"", ""4.11.35"", ""4.11.43"", ""4.11.5"", ""4.11.6"", ""4.12.18"", ""4.12.20"", ""4.12.5"", ""4.6.12"", ""4.7.3"", ""4.8.14"", ""4.9.17""]"
AJPOP,Ajpop,oficio,ximenez,19,"[""71"", ""73"", ""75"", ""82"", ""84"", ""85"", ""86"", ""87"", ""88""]"
AJPOP_K'AMJA,Ajpop K'amja,oficio,christenson_ximenez,17,"[""72"", ""74"", ""76"", ""81"", ""83"", ""85"", ""86"", ""87"", ""89""]"
AJPOP_K'AMJA,Ajpop K'amja,oficio,ximenez,17,"[""71"", ""73"", ""75"", ""80"", ""82"", ""84"", ""85"", ""86"", ""88""]"
AJPOP_SOTZ'IL,Ajpop Sotz'il,linaje,christenson_ximenez,1,"[""61""]"
AJPOP_SOTZ'IL,Ajpop Sotz'il,linaje,recinos,1,"[""3.9.43""]"
AJPOP_SOTZ'IL,Ajpop Sotz'il,linaje,ximenez,1,"[""60""]"
AJPU,Ajpu,oficio,ajtzibab,144,"[""1018"", ""1032"", ""1035"", ""1065"", ""1087"", ""1096"", ""1130"", ""1166"", ""1169"", ""1172"", ""1176"", ""1179"", ""1181"", ""1188"", ""1189"", ""1198"", ""1200"", ""1204"", ""1279"", ""1281"", ""1285"", ""1289"", ""1292"", ""1297"", ""1336"", ""1387"", ""1389"", ""1438"", ""1477"", ""1485"", ""1527"", ""1529"", ""1546"", ""1554"", ""1557"", ""1561"", ""1566"", ""1574"", ""1610"", ""1653"", ""1662"", ""1704"", ""18"", ""1808"", ""1827"", ""1829"", ""1911"", ""1919"", ""1961"", ""1978"", ""1980"", ""1985"", ""2041"", ""2057"", ""2074"", ""2084"", ""2091"", ""2108"", ""2124"", ""2158"", ""2184"", ""2211"", ""2299"", ""2316"", ""2332"", ""2352"", ""2369"", ""2439"", ""2544"", ""2649"", ""2760"", ""2762"", ""2799"", ""2873"", ""2875"", ""2879"", ""2929"", ""3017"", ""3049"", ""3106"", ""3114"", ""3117"", ""3119"", ""3131"", ""3156"", ""3178"", ""3200"", ""3206"", ""3225"", ""3228"", ""3251"", ""3255"", ""3307"", ""3415"", ""3506"", ""3526"", ""3533"", ""3578"", ""3580"", ""3592"", ""3630"", ""3655"", ""3658"", ""3663"", ""3993"", ""517"", ""543"", ""577"", ""583"", ""5866"", ""588"", ""590"", ""593"", ""597"", ""613"", ""614"", ""709"", ""711"", ""898"", ""911"", ""936"", ""945"", ""955""]"
AJPU,Ajpu,oficio,colop,1,"[""11""]"
AJPUWAQ,Ajpuwaq,oficio,christenson_english_prose,1,"[""16""]"
AJPUWAQ,Ajpuwaq,oficio,colop,1,"[""11""]"
AJPUWAQ,Ajpuwaq,oficio,recinos,1,"[""2.1.13""]"
AJQ'OL,Ajq'ol,deidad,ajtzibab,1,"[""312""]"
AJQ'OL,Ajq'ol,deidad,christenson_english_prose,1,"[""7""]"
AJQ'OL,Ajq'ol,deidad,colop,1,"[""4""]"
AJQ'OL,Ajq'ol,deidad,tedlock,1,"[""1.102""]"
AJQ'OL,Ajq'ol,deidad,ximenez,1,"[""7""]"
AJQ'UKUMATZ,Ajq'ukumatz,oficio,ajtzibab,1,"[""5660""]"
AJQ'UKUMATZ,Ajq'ukumatz,oficio,christenson_english_prose,2,"[""70"", ""82""]"
AJQ'UKUMATZ,Ajq'ukumatz,oficio,christenson_ximenez,1,"[""89""]"
AJQ'UKUMATZ,Ajq'ukumatz,oficio,colop,2,"[""38"", ""46""]"
AJQ'UKUMATZ,Ajq'ukumatz,oficio,ximenez,2,"[""75"", ""88""]"
AJRAXA_LAQ,Ajraxa Laq,deidad,christenson_ximenez,1,"[""8""]"
AJRAXA_LAQ,Ajraxa Laq,deidad,colop,2,"[""0"", ""4""]"
AJRAXA_LAQ,Ajraxa Laq,deidad,ximenez,1,"[""7""]"
AJRAXA_TZEL,Ajraxa Tzel,deidad,christenson_ximenez,2,"[""2"", ""8""]"
AJRAXA_TZEL,Ajraxa Tzel,deidad,colop,2,"[""0"", ""4""]"
AJRAXA_TZEL,Ajraxa Tzel,deidad,ximenez,2,"[""1"", ""7""]"
AJTOJIL,Ajtojil,oficio,ajtzibab,1,"[""5660""]"
AJTOJIL,Ajtojil,oficio,colop,2,"[""38"", ""46""]"
AJTOJIL,Ajtojil,oficio,ximenez,1,"[""88""]"
AJTOLTEKAT,Ajtoltekat,deidad,ajtzibab,1,"[""312""]"
AJTOLTEKAT,Ajtoltekat,deidad,christenson_english_prose,1,"[""7""]"
AJTOLTEKAT,Ajtoltekat,deidad,christenson_ximenez,1,"[""8""]"
AJTOLTEKAT,Ajtoltekat,deidad,colop,1,"[""4""]"
AJTOLTEKAT,Ajtoltekat,deidad,ximenez,1,"[""7""]"
AJTUKUR,Ajtukur,deidad,ajtzibab,1,"[""3622""]"
AJTUKUR,Ajtukur,deidad,colop,1,"[""24""]"
AJTUKUR,Ajtukur,deidad,ximenez,1,"[""41""]"
AJTZ'ALAM,Ajtz'alam,deidad,ajtzibab,1,"[""310""]"
AJTZ'ALAM,Ajtz'alam,deidad,christenson_english_prose,1,"[""7""]"
AJTZ'ALAM,Ajtz'alam,deidad,colop,1,"[""4""]"
AJTZ'ALAM,Ajtz'alam,deidad,ximenez,1,"[""7""]"
AJTZ'IB',Ajtz'ib',oficio,ajtzibab,2,"[""1200"", ""2161""]"
AJTZ'IB',Ajtz'ib',oficio,christenson_english_prose,3,"[""16"", ""23"", ""24""]"
AJTZ'IB',Ajtz'ib',oficio,colop,2,"[""11"", ""18""]"
AJTZ'IB',Ajtz'ib',oficio,recinos,3,"[""2.1.13"", ""2.5.14"", ""2.5.78""]"
AJTZ'IB',Ajtz'ib',oficio,tedlock,3,"[""3.15"", ""3.308"", ""3.392""]"
AJTZA,Ajtza,deidad,ajtzibab,1,"[""3622""]"
AJTZA,Ajtza,deidad,christenson_english_prose,1,"[""40""]"
AJTZA,Ajtza,deidad,colop,1,"[""24""]"
AJTZA,Ajtza,deidad,recinos,1,"[""2.14.6""]"
AJTZA,Ajtza,deidad,ximenez,1,"[""41""]"
AJTZIK_WINAQ,Ajtzik Winaq,oficio,ajtzibab,8,"[""5684"", ""5878"", ""5894"", ""5906"", ""5939"", ""5963"", ""6080"", ""6110""]"
AJTZIK_WINAQ,Ajtzik Winaq,oficio,christenson_english_prose,1,"[""72""]"
AJTZIK_WINAQ,Ajtzik Winaq,oficio,christenson_ximenez,12,"[""101"", ""78"", ""79"", ""83"", ""85"", ""87"", ""98""]"
AJTZIK_WINAQ,Ajtzik Winaq,oficio,colop,8,"[""42"", ""43""]"
AJTZIK_WINAQ,Ajtzik Winaq,oficio,ximenez,11,"[""77"", ""78"", ""82"", ""84"", ""86"", ""91"", ""94""]"
AJTZIK_WINAQ_AJAW,Ajtzik Winaq Ajaw,persona,ajtzibab,1,"[""6249""]"
AJTZIK_WINAQ_AJAW,Ajtzik Winaq Ajaw,persona,colop,2,"[""40"", ""49""]"
AJXIT,Ajxit,oficio,ajtzibab,1,"[""1202""]"
AJXIT,Ajxit,oficio,christenson_english_prose,1,"[""16""]"
AJXIT,Ajxit,oficio,colop,1,"[""11""]"
AJYAMANIK,Ajyamanik,deidad,ajtzibab,1,"[""309""]"
AJYAMANIK,Ajyamanik,deidad,christenson_english_prose,1,"[""7""]"
AJYAMANIK,Ajyamanik,deidad,christenson_ximenez,1,"[""8""]"
AJYAMANIK,Ajyamanik,deidad,colop,1,"[""4""]"
AJYAMANIK,Ajyamanik,deidad,ximenez,1,"[""7""]"
AJ_KAB'RAQAN,Aj Kab'raqan,linaje,ajtzibab,1,"[""5865""]"
AJ_KAB'RAQAN,Aj Kab'raqan,linaje,christenson,1,"[""8096""]"
AJ_KAB'RAQAN,Aj Kab'raqan,linaje,christenson_english_prose,1,"[""76""]"
AJ_KAB'RAQAN,Aj Kab'raqan,linaje,christenson_ximenez,1,"[""83""]"
AJ_KAB'RAQAN,Aj Kab'raqan,linaje,colop,1,"[""42""]"
AJ_KAB'RAQAN,Aj Kab'raqan,linaje,ximenez,1,"[""82""]"
AKUL_WINAQ,Akul Winaq,linaje,ajtzibab,1,"[""3934""]"
AKUL_WINAQ,Akul Winaq,linaje,christenson,1,"[""5223""]"
AKUL_WINAQ,Akul Winaq,linaje,christenson_ximenez,1,"[""51""]"
AKUL_WINAQ,Akul Winaq,linaje,colop,1,"[""27""]"
AKUL_WINAQ,Akul Winaq,linaje,tedlock,1,"[""4.92""]"
AKUL_WINAQ,Akul Winaq,linaje,ximenez,1,"[""50""]"
ALOM,Alom,deidad,ajtzibab,23,"[""153"", ""17"", ""177"", ""180"", ""190"", ""195"", ""210"", ""242"", ""3606"", ""3701"", ""3735"", ""3752"", ""3755"", ""3767"", ""3774"", ""3776"", ""3842"", ""3865"", ""3994"", ""4011"", ""5248"", ""565"", ""75""]"
ALOM,Alom,deidad,christenson,56,"[""1066"", ""1222"", ""140"", ""17"", ""1746"", ""1799"", ""1912"", ""1999"", ""2001"", ""2003"", ""2024"", ""2509"", ""2516"", ""286"", ""2872"", ""2987"", ""3022"", ""3026"", ""3030"", ""3144"", ""3287"", ""3310"", ""3325"", ""334"", ""343"", ""3570"", ""360"", ""370"", ""392"", ""437"", ""4458"", ""4464"", ""4683"", ""4823"", ""4886"", ""4923"", ""4929"", ""4945"", ""4949"", ""4956"", ""4964"", ""5074"", ""5106"", ""5167"", ""5317"", ""5349"", ""7188"", ""723"", ""7505"", ""77"", ""7807"", ""7818"", ""8655"", ""8711"", ""945"", ""980""]"
ALOM,Alom,deidad,christenson_ximenez,25,"[""2"", ""23"", ""4"", ""42"", ""44"", ""46"", ""48"", ""50"", ""51"", ""6"", ""69"", ""7"", ""76"", ""8"", ""98""]"
ALOM,Alom,deidad,colop,23,"[""0"", ""1"", ""2"", ""24"", ""25"", ""26"", ""27"", ""3"", ""34"", ""7""]"
ALOM,Alom,deidad,recinos,2,"[""0.1.2"", ""3.3.26""]"
ALOM,Alom,deidad,ximenez,24,"[""1"", ""22"", ""3"", ""41"", ""43"", ""45"", ""47"", ""49"", ""5"", ""50"", ""6"", ""68"", ""7"", ""91""]"
AMAQ'_TAM,Amaq' Tam,linaje,christenson_english_prose,2,"[""55"", ""56""]"
AMAQ'_TAM,Amaq' Tam,linaje,christenson_ximenez,1,"[""61""]"
AMAQ'_TAM,Amaq' Tam,linaje,ximenez,1,"[""60""]"
AQ,Aq,animal,ajtzibab,5,"[""19"", ""2249"", ""2298"", ""3132"", ""620""]"
AQ,Aq,animal,christenson,3,"[""3121"", ""3181"", ""4106""]"
AQ,Aq,animal,christenson_english_prose,3,"[""25"", ""33""]"
AQ,Aq,animal,colop,4,"[""0"", ""18"", ""22""]"
AQ,Aq,animal,tedlock,3,"[""3.425"", ""3.446"", ""3.853""]"
AQ,Aq,animal,ximenez,3,"[""26"", ""34""]"
AQAJ,Aqaj,animal,ajtzibab,2,"[""4706"", ""4736""]"
AQAJ,Aqaj,animal,christenson,2,"[""6418"", ""6460""]"
AQAJ,Aqaj,animal,christenson_english_prose,2,"[""57""]"
AQAJ,Aqaj,animal,christenson_ximenez,2,"[""62""]"
AQAJ,Aqaj,animal,colop,2,"[""30""]"
AQAJ,Aqaj,animal,tedlock,1,"[""4.455""]"
AQAJ,Aqaj,animal,ximenez,2,"[""61""]"
ASTAPULUL,Astapulul,objeto,ajtzibab,1,"[""5431""]"
ASTAPULUL,Astapulul,objeto,christenson,1,"[""7453""]"
ASTAPULUL,Astapulul,objeto,christenson_english_prose,1,"[""66""]"
ASTAPULUL,Astapulul,objeto,christenson_ximenez,1,"[""72""]"
ASTAPULUL,Astapulul,objeto,colop,1,"[""36""]"
ASTAPULUL,Astapulul,objeto,ximenez,1,"[""71""]"
AWILIX,Awilix,deidad,ajtzibab,10,"[""4041"", ""4061"", ""4175"", ""4378"", ""4391"", ""4474"", ""4545"", ""4631"", ""5677"", ""5970""]"
AWILIX,Awilix,deidad,christenson,33,"[""5400"", ""5434"", ""5585"", ""5857"", ""5882"", ""5906"", ""5909"", ""6013"", ""6148"", ""6295"", ""6302"", ""6372"", ""6393"", ""6464"", ""6469"", ""6478"", ""6485"", ""6511"", ""6526"", ""6538"", ""6567"", ""6578"", ""6583"", ""6610"", ""6634"", ""6649"", ""6706"", ""6724"", ""6759"", ""7820"", ""8247"", ""8248"", ""8396""]"
AWILIX,Awilix,deidad,christenson_english_prose,39,"[""49"", ""50"", ""51"", ""54"", ""55"", ""56"", ""57"", ""58"", ""59"", ""60"", ""64"", ""65"", ""67"", ""69"", ""71"", ""78"", ""79"", ""85""]"
AWILIX,Awilix,deidad,christenson_ximenez,94,"[""100"", ""101"", ""102"", ""103"", ""104"", ""108"", ""12"", ""17"", ""18"", ""19"", ""31"", ""37"", ""39"", ""40"", ""41"", ""53"", ""54"", ""55"", ""58"", ""59"", ""65"", ""67"", ""71"", ""72"", ""74"", ""75"", ""76"", ""78"", ""79"", ""81"", ""82"", ""83"", ""85"", ""86"", ""89"", ""92"", ""95"", ""97"", ""98""]"
AWILIX,Awilix,deidad,colop,32,"[""28"", ""29"", ""30"", ""31"", ""32"", ""33"", ""39"", ""43""]"
AWILIX,Awilix,deidad,recinos,31,"[""3.10.1"", ""3.10.2"", ""3.10.22"", ""3.4.14"", ""3.4.21"", ""3.5.34"", ""3.7.17"", ""3.8.1"", ""3.8.31"", ""3.8.8"", ""3.9.23"", ""4.1.11"", ""4.1.12"", ""4.1.15"", ""4.1.9"", ""4.11.3"", ""4.11.31"", ""4.2.17"", ""4.2.18"", ""4.2.19"", ""4.2.2"", ""4.2.23"", ""4.2.28"", ""4.2.33"", ""4.2.50"", ""4.2.55"", ""4.2.63"", ""4.2.7"", ""4.7.25"", ""4.8.19""]"
AWILIX,Awilix,deidad,tedlock,31,"[""4.131"", ""4.139"", ""4.197"", ""4.284"", ""4.291"", ""4.299"", ""4.334"", ""4.371"", ""4.410"", ""4.412"", ""4.431"", ""4.434"", ""4.456"", ""4.460"", ""4.465"", ""4.469"", ""4.475"", ""4.488"", ""4.490"", ""4.492"", ""4.498"", ""4.506"", ""4.512"", ""4.531"", ""4.539"", ""4.551"", ""5.274"", ""5.304""]"
AWILIX,Awilix,deidad,ximenez,81,"[""11"", ""16"", ""17"", ""18"", ""30"", ""36"", ""38"", ""39"", ""40"", ""41"", ""52"", ""54"", ""57"", ""58"", ""64"", ""66"", ""71"", ""73"", ""75"", ""77"", ""78"", ""80"", ""81"", ""82"", ""85"", ""87"", ""88"", ""90"", ""91"", ""93"", ""94""]"
B'ALAM,B'alam,animal,ajtzibab,26,"[""150"", ""1511"", ""1515"", ""186"", ""2249"", ""2290"", ""3051"", ""3052"", ""3055"", ""388"", ""390"", ""4431"", ""4518"", ""4546"", ""4551"", ""4720"", ""4724"", ""4729"", ""4774"", ""4776"", ""4789"", ""4968"", ""5004"", ""5010"", ""5737"", ""6143""]"
B'ALAM,B'alam,animal,christenson,68,"[""2177"", ""2182"", ""281"", ""3116"", ""3168"", ""356"", ""4018"", ""4020"", ""4944"", ""5009"", ""5143"", ""5155"", ""5340"", ""5367"", ""5375"", ""5393"", ""5408"", ""5513"", ""5522"", ""5542"", ""5561"", ""5606"", ""5616"", ""5646"", ""5666"", ""5706"", ""5752"", ""5871"", ""5885"", ""5887"", ""5931"", ""5942"", ""5978"", ""6029"", ""6061"", ""6103"", ""6152"", ""6166"", ""6175"", ""6177"", ""6193"", ""6292"", ""6433"", ""6441"", ""6447"", ""6453"", ""6518"", ""6529"", ""6531"", ""6550"", ""6604"", ""6774"", ""6787"", ""6832"", ""6840"", ""6913"", ""7007"", ""7011"", ""7045"", ""7089"", ""713"", ""715"", ""7215"", ""7240"", ""7361"", ""7902"", ""8507"", ""8529""]"
B'ALAM,B'alam,animal,christenson_english_prose,16,"[""25"", ""4"", ""47"", ""56"", ""57"", ""58"", ""61"", ""74""]"
B'ALAM,B'alam,animal,christenson_ximenez,24,"[""19"", ""27"", ""33"", ""56"", ""59"", ""6"", ""61"", ""62"", ""64"", ""67"", ""7"", ""72"", ""81"", ""89""]"
B'ALAM,B'alam,animal,colop,64,"[""14"", ""18"", ""2"", ""22"", ""26"", ""27"", ""28"", ""29"", ""30"", ""31"", ""33"", ""34"", ""35"", ""41"", ""44""]"
B'ALAM,B'alam,animal,recinos,11,"[""2.6.26"", ""2.6.38"", ""3.3.3"", ""3.5.13"", ""3.5.50"", ""3.9.11"", ""3.9.23"", ""3.9.26"", ""4.2.4"", ""4.2.71"", ""4.2.81""]"
B'ALAM,B'alam,animal,tedlock,126,"[""1.137"", ""1.138"", ""1.59"", ""3.425"", ""3.442"", ""3.814"", ""4.117"", ""4.123"", ""4.126"", ""4.128"", ""4.130"", ""4.133"", ""4.153"", ""4.169"", ""4.173"", ""4.175"", ""4.184"", ""4.192"", ""4.203"", ""4.205"", ""4.211"", ""4.217"", ""4.22"", ""4.223"", ""4.235"", ""4.248"", ""4.25"", ""4.285"", ""4.287"", ""4.291"", ""4.308"", ""4.310"", ""4.313"", ""4.322"", ""4.337"", ""4.343"", ""4.347"", ""4.356"", ""4.371"", ""4.373"", ""4.374"", ""4.379"", ""4.409"", ""4.41"", ""4.445"", ""4.447"", ""4.450"", ""4.453"", ""4.466"", ""4.472"", ""4.478"", ""4.497"", ""4.555"", ""4.558"", ""4.560"", ""4.565"", ""4.574"", ""4.577"", ""4.592"", ""4.601"", ""4.612"", ""4.618"", ""4.638"", ""4.639"", ""4.655"", ""4.663"", ""4.666"", ""4.684"", ""4.69"", ""4.690"", ""4.704"", ""4.707"", ""4.708"", ""4.712"", ""4.72"", ""4.728"", ""4.741"", ""4.75"", ""4.750"", ""4.84"", ""4.92"", ""5.189"", ""5.22"", ""5.326"", ""5.332"", ""5.333"", ""5.334"", ""5.41"", ""5.5""]"
B'ALAM,B'alam,animal,ximenez,24,"[""18"", ""26"", ""32"", ""5"", ""52"", ""58"", ""6"", ""60"", ""61"", ""63"", ""66"", ""71"", ""80"", ""87""]"
B'ALAM_AQ'AB',B'alam Aq'ab',persona,ajtzibab,60,"[""3764"", ""3804"", ""3889"", ""3896"", ""3920"", ""4005"", ""4022"", ""4026"", ""4034"", ""4042"", ""4087"", ""4118"", ""4125"", ""4130"", ""4144"", ""4157"", ""4186"", ""4190"", ""4207"", ""4218"", ""4233"", ""4263"", ""4296"", ""4381"", ""4392"", ""4413"", ""4434"", ""4452"", ""4479"", ""4490"", ""4501"", ""4555"", ""4565"", ""4630"", ""4715"", ""4764"", ""4824"", ""4958"", ""4965"", ""4970"", ""4979"", ""5040"", ""5058"", ""5082"", ""5092"", ""5126"", ""5127"", ""5150"", ""5175"", ""5180"", ""5224"", ""5239"", ""5265"", ""5278"", ""5281"", ""5370"", ""5393"", ""5455"", ""6126"", ""6201""]"
B'ALAM_AQ'AB',B'alam Aq'ab',persona,christenson,58,"[""4942"", ""5007"", ""5141"", ""5151"", ""5190"", ""5338"", ""5365"", ""5373"", ""5391"", ""5402"", ""5471"", ""5502"", ""5511"", ""5520"", ""5540"", ""5559"", ""5604"", ""5614"", ""5634"", ""5644"", ""5664"", ""5704"", ""5750"", ""5863"", ""5911"", ""5940"", ""5976"", ""6027"", ""6059"", ""6077"", ""6191"", ""6290"", ""6431"", ""6516"", ""6602"", ""6772"", ""6783"", ""6789"", ""6804"", ""6888"", ""6911"", ""6945"", ""6961"", ""7005"", ""7009"", ""7043"", ""7079"", ""7087"", ""7157"", ""7176"", ""7213"", ""7231"", ""7235"", ""7359"", ""7392"", ""7493"", ""8505"", ""8613""]"
B'ALAM_AQ'AB',B'alam Aq'ab',persona,christenson_english_prose,59,"[""43"", ""44"", ""47"", ""48"", ""49"", ""50"", ""51"", ""52"", ""54"", ""55"", ""56"", ""57"", ""58"", ""60"", ""61"", ""62"", ""63"", ""64"", ""65"", ""67"", ""80"", ""83""]"
B'ALAM_AQ'AB',B'alam Aq'ab',persona,christenson_ximenez,64,"[""27"", ""31"", ""35"", ""47"", ""48"", ""51"", ""52"", ""53"", ""54"", ""55"", ""56"", ""58"", ""59"", ""61"", ""62"", ""63"", ""64"", ""66"", ""67"", ""68"", ""69"", ""70"", ""71"", ""73"", ""88"", ""91""]"
B'ALAM_AQ'AB',B'alam Aq'ab',persona,colop,60,"[""26"", ""27"", ""28"", ""29"", ""30"", ""31"", ""33"", ""34"", ""35"", ""36"", ""44"", ""47""]"
B'ALAM_AQ'AB',B'alam Aq'ab',persona,recinos,7,"[""0.1.6"", ""1.7.57"", ""1.9.47"", ""3.5.15"", ""4.2.65"", ""4.3.15"", ""4.6.12""]"
B'ALAM_AQ'AB',B'alam Aq'ab',persona,tedlock,60,"[""4.117"", ""4.123"", ""4.126"", ""4.128"", ""4.131"", ""4.153"", ""4.169"", ""4.173"", ""4.175"", ""4.184"", ""4.192"", ""4.203"", ""4.205"", ""4.211"", ""4.217"", ""4.223"", ""4.23"", ""4.235"", ""4.248"", ""4.286"", ""4.291"", ""4.301"", ""4.313"", ""4.322"", ""4.337"", ""4.343"", ""4.348"", ""4.374"", ""4.379"", ""4.409"", ""4.41"", ""4.445"", ""4.466"", ""4.497"", ""4.555"", ""4.558"", ""4.562"", ""4.565"", ""4.592"", ""4.601"", ""4.612"", ""4.618"", ""4.638"", ""4.639"", ""4.655"", ""4.663"", ""4.666"", ""4.684"", ""4.69"", ""4.690"", ""4.704"", ""4.709"", ""4.710"", ""4.73"", ""4.750"", ""4.85"", ""5.326"", ""5.370"", ""5.41"", ""5.6""]"
B'ALAM_AQ'AB',B'alam Aq'ab',persona,ximenez,63,"[""26"", ""30"", ""34"", ""46"", ""47"", ""50"", ""51"", ""52"", ""53"", ""54"", ""55"", ""57"", ""58"", ""60"", ""61"", ""62"", ""63"", ""65"", ""66"", ""67"", ""68"", ""69"", ""70"", ""72"", ""87"", ""90""]"
B'ALAM_JA,B'ALAM_JA,,christenson,1,"[""4018""]"
B'ALAM_JA,B'ALAM_JA,,christenson_ximenez,12,"[""19"", ""25"", ""33"", ""35"", ""4"", ""40"", ""5"", ""51""]"
B'ALAM_JA,B'ALAM_JA,,colop,1,"[""22""]"
B'ALAM_JA,B'ALAM_JA,,ximenez,12,"[""18"", ""24"", ""3"", ""32"", ""34"", ""39"", ""4"", ""50""]"
B'ALAM_JA',B'alam Ja',linaje,ajtzibab,1,"[""1510""]"
B'ALAM_JA',B'alam Ja',linaje,christenson_english_prose,3,"[""19"", ""31""]"
B'ALAM_JA',B'alam Ja',linaje,colop,1,"[""14""]"
B'ALAM_JA',B'alam Ja',linaje,tedlock,4,"[""3.123"", ""3.814"", ""3.821"", ""4.92""]"
B'ALAM_K'ONACHE'_KQTRES,B'alam K'onache' (gen. 3),persona,christenson_english_prose,1,"[""81""]"
B'ALAM_K'ONACHE'_KQTRES,B'alam K'onache' (gen. 3),persona,christenson_ximenez,2,"[""74"", ""89""]"
B'ALAM_K'ONACHE'_KQTRES,B'alam K'onache' (gen. 3),persona,tedlock,2,"[""5.334"", ""5.66""]"
B'ALAM_K'ONACHE'_KQTRES,B'alam K'onache' (gen. 3),persona,ximenez,2,"[""73"", ""87""]"
B'ALAM_KI'TZE',B'alam Ki'tze',persona,ajtzibab,64,"[""3763"", ""3803"", ""3888"", ""3895"", ""3918"", ""4005"", ""4022"", ""4026"", ""4034"", ""4040"", ""4087"", ""4118"", ""4125"", ""4130"", ""4144"", ""4157"", ""4186"", ""4190"", ""4207"", ""4218"", ""4233"", ""4263"", ""4296"", ""4379"", ""4392"", ""4424"", ""4426"", ""4434"", ""4452"", ""4479"", ""4490"", ""4500"", ""4555"", ""4565"", ""4630"", ""4715"", ""4764"", ""4824"", ""4958"", ""4965"", ""4967"", ""4979"", ""5040"", ""5058"", ""5082"", ""5092"", ""5126"", ""5127"", ""5150"", ""5175"", ""5180"", ""5224"", ""5239"", ""5265"", ""5273"", ""5276"", ""5319"", ""5344"", ""5370"", ""5391"", ""5455"", ""6126"", ""6141"", ""6142""]"
B'ALAM_KI'TZE',B'alam Ki'tze',persona,christenson,64,"[""4941"", ""5006"", ""5140"", ""5149"", ""5186"", ""5337"", ""5364"", ""5372"", ""5390"", ""5399"", ""5470"", ""5501"", ""5510"", ""5519"", ""5539"", ""5558"", ""5603"", ""5613"", ""5633"", ""5643"", ""5663"", ""5703"", ""5749"", ""5859"", ""5884"", ""5924"", ""5926"", ""5939"", ""5975"", ""6026"", ""6058"", ""6074"", ""6174"", ""6190"", ""6289"", ""6430"", ""6515"", ""6601"", ""6771"", ""6782"", ""6786"", ""6803"", ""6887"", ""6910"", ""6944"", ""6960"", ""7004"", ""7008"", ""7042"", ""7078"", ""7086"", ""7156"", ""7175"", ""7212"", ""7224"", ""7228"", ""7288"", ""7323"", ""7358"", ""7388"", ""7492"", ""8504"", ""8525"", ""8528""]"
B'ALAM_KI'TZE',B'alam Ki'tze',persona,christenson_english_prose,61,"[""43"", ""44"", ""47"", ""48"", ""49"", ""50"", ""51"", ""52"", ""54"", ""55"", ""56"", ""57"", ""58"", ""60"", ""61"", ""62"", ""63"", ""64"", ""65"", ""67"", ""80"", ""81""]"
B'ALAM_KI'TZE',B'alam Ki'tze',persona,christenson_ximenez,71,"[""100"", ""47"", ""48"", ""51"", ""52"", ""53"", ""54"", ""55"", ""56"", ""58"", ""59"", ""61"", ""62"", ""63"", ""64"", ""66"", ""67"", ""68"", ""69"", ""70"", ""71"", ""73"", ""83"", ""88"", ""89""]"
B'ALAM_KI'TZE',B'alam Ki'tze',persona,colop,64,"[""26"", ""27"", ""28"", ""29"", ""30"", ""31"", ""33"", ""34"", ""35"", ""36"", ""44""]"
B'ALAM_KI'TZE',B'alam Ki'tze',persona,ximenez,69,"[""46"", ""47"", ""50"", ""51"", ""52"", ""53"", ""54"", ""55"", ""57"", ""58"", ""60"", ""61"", ""62"", ""63"", ""65"", ""66"", ""67"", ""68"", ""69"", ""72"", ""80"", ""87"", ""93""]"
B'ALAM_KOLOB',B'alam Kolob',linaje,ajtzibab,1,"[""3936""]"
B'ALAM_KOLOB',B'alam Kolob',linaje,christenson,1,"[""5226""]"
B'ALAM_KOLOB',B'alam Kolob',linaje,colop,1,"[""27""]"
B'ALAM_KOLOB',B'alam Kolob',linaje,recinos,1,"[""3.3.11""]"
B'AQ,B'aq,objeto,ajtzibab,16,"[""1249"", ""1251"", ""1475"", ""1606"", ""1608"", ""1618"", ""1620"", ""1621"", ""1626"", ""1631"", ""3056"", ""3057"", ""5632"", ""667"", ""690"", ""691""]"
B'AQ,B'aq,objeto,christenson,37,"[""1007"", ""1116"", ""1117"", ""1125"", ""1141"", ""1143"", ""1144"", ""1154"", ""1155"", ""1629"", ""1849"", ""1852"", ""1854"", ""2133"", ""2297"", ""2308"", ""2312"", ""2314"", ""2319"", ""2324"", ""3201"", ""3470"", ""3478"", ""4021"", ""4022"", ""4129"", ""4427"", ""4780"", ""5116"", ""5119"", ""710"", ""7140"", ""7440"", ""7755"", ""784"", ""861""]"
B'AQ,B'aq,objeto,christenson_english_prose,1,"[""14""]"
B'AQ,B'aq,objeto,christenson_ximenez,35,"[""10"", ""12"", ""15"", ""17"", ""19"", ""21"", ""27"", ""30"", ""33"", ""35"", ""39"", ""43"", ""51"", ""55"", ""69"", ""75"", ""9""]"
B'AQ,B'aq,objeto,colop,23,"[""11"", ""12"", ""14"", ""15"", ""21"", ""22"", ""37"", ""7""]"
B'AQ,B'aq,objeto,ximenez,28,"[""11"", ""14"", ""16"", ""18"", ""20"", ""26"", ""38"", ""42"", ""50"", ""54"", ""68"", ""74"", ""8"", ""9""]"
B'AQ_HUESO,B'aq Hueso,objeto,christenson_english_prose,8,"[""11"", ""16"", ""17"", ""29""]"
B'AQ_HUESO,B'aq Hueso,objeto,recinos,7,"[""1.6.46"", ""1.6.47"", ""2.1.30"", ""2.11.21"", ""2.2.58"", ""2.7.58"", ""4.6.12""]"
B'AQ_HUESO,B'aq Hueso,objeto,tedlock,18,"[""2.73"", ""2.78"", ""2.79"", ""3.111"", ""3.168"", ""3.172"", ""3.174"", ""3.175"", ""3.176"", ""3.178"", ""3.34"", ""3.36"", ""3.649"", ""3.65"", ""3.653"", ""3.687"", ""3.873""]"
B'ATE,B'ate,objeto,ajtzibab,4,"[""1443"", ""2410"", ""2615"", ""3213""]"
B'ATE,B'ate,objeto,christenson,9,"[""1899"", ""1932"", ""2096"", ""3226"", ""3315"", ""3536"", ""3814"", ""4191"", ""6124""]"
B'ATE,B'ate,objeto,christenson_english_prose,2,"[""29"", ""34""]"
B'ATE,B'ate,objeto,christenson_ximenez,8,"[""17"", ""18"", ""19"", ""27"", ""28"", ""30"", ""31"", ""36""]"
B'ATE,B'ate,objeto,colop,4,"[""13"", ""19"", ""20"", ""22""]"
B'ATE,B'ate,objeto,tedlock,3,"[""3.738"", ""3.887"", ""4.361""]"
B'ATE,B'ate,objeto,ximenez,8,"[""16"", ""17"", ""18"", ""26"", ""27"", ""29"", ""30"", ""35""]"
B'ELEJEB'_KEJ,B'elejeb' Kej,persona,ajtzibab,1,"[""5505""]"
B'ELEJEB'_KEJ,B'elejeb' Kej,persona,christenson,3,"[""7567"", ""8621"", ""8631""]"
B'ELEJEB'_KEJ,B'elejeb' Kej,persona,colop,3,"[""37"", ""47""]"
B'ELEJEB'_KEJ_NJNUEVE,B'elejeb' Kej (gen. 9),persona,tedlock,3,"[""5.373"", ""5.378"", ""5.66""]"
B'ELEJEB'_T'ZI'_KQDOCE,B'ELEJEB'_T'ZI'_KQDOCE,,christenson_english_prose,1,"[""81""]"
B'ELEJEB'_T'ZI'_KQDOCE,B'ELEJEB'_T'ZI'_KQDOCE,,christenson_ximenez,1,"[""89""]"
B'ELEJEB'_TZI_KQDOCE,Belejeb Tz'i' (gen. 12),persona,tedlock,1,"[""5.343""]"
B'ITOL,B'itol,deidad,ajtzibab,20,"[""16"", ""180"", ""194"", ""204"", ""241"", ""289"", ""365"", ""3702"", ""3722"", ""375"", ""377"", ""3776"", ""3817"", ""3867"", ""3970"", ""3979"", ""4161"", ""4172"", ""45"", ""74""]"
B'ITOL,B'itol,deidad,christenson,20,"[""137"", ""16"", ""342"", ""369"", ""383"", ""436"", ""4826"", ""4860"", ""4963"", ""5027"", ""5111"", ""514"", ""5268"", ""5285"", ""5569"", ""5581"", ""674"", ""692"", ""698"", ""76""]"
B'ITOL,B'itol,deidad,christenson_english_prose,31,"[""1"", ""2"", ""41"", ""44"", ""45"", ""46"", ""47"", ""5"", ""51"", ""6"", ""7"", ""8"", ""9""]"
B'ITOL,B'itol,deidad,christenson_ximenez,30,"[""10"", ""15"", ""2"", ""4"", ""44"", ""48"", ""49"", ""50"", ""51"", ""55"", ""7"", ""8"", ""9""]"
B'ITOL,B'itol,deidad,colop,20,"[""0"", ""1"", ""2"", ""25"", ""26"", ""27"", ""28"", ""3"", ""4"", ""5""]"
B'ITOL,B'itol,deidad,recinos,2,"[""0.1.2"", ""3.3.26""]"
B'ITOL,B'itol,deidad,ximenez,30,"[""1"", ""14"", ""3"", ""43"", ""47"", ""48"", ""49"", ""50"", ""54"", ""6"", ""7"", ""8"", ""9""]"
B'IX,B'ix,lugar,ajtzibab,4,"[""1836"", ""1979"", ""2089"", ""2105""]"
B'IX,B'ix,lugar,christenson,16,"[""1768"", ""2566"", ""2702"", ""2712"", ""2764"", ""2908"", ""2928"", ""3000"", ""3018"", ""3916"", ""4365"", ""4490"", ""5761"", ""6205"", ""6210"", ""7251""]"
B'IX,B'ix,lugar,christenson_english_prose,9,"[""22"", ""25""]"
B'IX,B'ix,lugar,christenson_ximenez,7,"[""23"", ""25"", ""26"", ""40"", ""56"", ""61""]"
B'IX,B'ix,lugar,colop,4,"[""16"", ""17"", ""18""]"
B'IX,B'ix,lugar,recinos,8,"[""2.4.19"", ""2.4.20"", ""2.4.28"", ""2.4.29"", ""2.6.1"", ""2.6.2"", ""2.6.29"", ""2.6.46""]"
B'IX,B'ix,lugar,ximenez,7,"[""22"", ""24"", ""25"", ""26"", ""55"", ""60""]"
B'OJ,B'oj,objeto,christenson,3,"[""738"", ""790"", ""798""]"
B'OJ,B'oj,objeto,christenson_english_prose,4,"[""40"", ""8""]"
B'OJ,B'oj,objeto,tedlock,3,"[""1.144"", ""1.158"", ""1.163""]"
B'OQOTAJINAQ_SANAYEB',B'oqotajinaq Sanayeb',lugar,ajtzibab,1,"[""4368""]"
B'OQOTAJINAQ_SANAYEB',B'oqotajinaq Sanayeb',lugar,christenson,1,"[""5842""]"
B'OQOTAJINAQ_SANAYEB',B'oqotajinaq Sanayeb',lugar,christenson_english_prose,1,"[""54""]"
B'OQOTAJINAQ_SANAYEB',B'oqotajinaq Sanayeb',lugar,christenson_ximenez,1,"[""58""]"
B'OQOTAJINAQ_SANAYEB',B'oqotajinaq Sanayeb',lugar,colop,1,"[""28""]"
B'OQOTAJINAQ_SANAYEB',B'oqotajinaq Sanayeb',lugar,ximenez,1,"[""57""]"
CH'AB'I_TUKUR,Ch'ab'i Tukur,deidad,christenson,2,"[""1939"", ""1945""]"
CH'AB'I_TUKUR,Ch'ab'i Tukur,deidad,christenson_english_prose,1,"[""17""]"
CH'AB'I_TUKUR,Ch'ab'i Tukur,deidad,colop,2,"[""12""]"
CH'ABI'_TUKUR,CH'ABI'_TUKUR,,christenson_ximenez,2,"[""18""]"
CH'ABI'_TUKUR,CH'ABI'_TUKUR,,ximenez,2,"[""17""]"
CH'ABI_Q'AQ',Ch'ab'iq'aq',topónimo,ajtzibab,1,"[""5866""]"
CH'ABI_Q'AQ',Ch'ab'iq'aq',topónimo,christenson,1,"[""8097""]"
CH'ABI_Q'AQ',Ch'ab'iq'aq',topónimo,colop,1,"[""42""]"
CH'AMIYA_B'AQ,Ch'amiya B'aq,deidad,ajtzibab,2,"[""2723"", ""2729""]"
CH'AMIYA_B'AQ,Ch'amiya B'aq,deidad,christenson,6,"[""1846"", ""1856"", ""1980"", ""3665"", ""3672"", ""3729""]"
CH'AMIYA_BAQ,CH'AMIYA_BAQ,,christenson_ximenez,5,"[""17"", ""18"", ""31""]"
CH'AMIYA_BAQ,CH'AMIYA_BAQ,,ximenez,7,"[""16"", ""17"", ""30""]"
CH'AMIYA_JOLOM,Ch'amiya Jolom,deidad,ajtzibab,2,"[""2728"", ""2734""]"
CH'AMIYA_JOLOM,Ch'amiya Jolom,deidad,christenson,6,"[""1847"", ""1857"", ""1981"", ""3671"", ""3678"", ""3730""]"
CH'AMIYA_JOLOM,Ch'amiya Jolom,deidad,christenson_english_prose,6,"[""16"", ""17"", ""29""]"
CH'AMIYA_JOLOM,Ch'amiya Jolom,deidad,christenson_ximenez,6,"[""17"", ""18"", ""31""]"
CH'AMIYA_JOLOM,Ch'amiya Jolom,deidad,recinos,3,"[""2.8.31"", ""2.8.33"", ""2.8.48""]"
CH'AMIYA_JOLOM,Ch'amiya Jolom,deidad,ximenez,7,"[""16"", ""17"", ""30""]"
CH'ATAM_ULEW,Ch'atam Ulew,lugar,ajtzibab,2,"[""3646"", ""3650""]"
CH'ATAM_ULEW,Ch'atam Ulew,lugar,christenson,2,"[""4744"", ""4750""]"
CH'ATAM_ULEW,Ch'atam Ulew,lugar,christenson_english_prose,2,"[""40""]"
CH'ATAM_ULEW,Ch'atam Ulew,lugar,colop,2,"[""24""]"
CH'IPI_KAQULJA,Ch'ipi Kaqulja,deidad,christenson,8,"[""1532"", ""1789"", ""185"", ""2358"", ""248"", ""364"", ""5102"", ""5309""]"
CH'IPI_KAQULJA,Ch'ipi Kaqulja,deidad,christenson_english_prose,8,"[""14"", ""16"", ""20"", ""3"", ""46"", ""47"", ""5""]"
CH'IPI_KAQULJA,Ch'ipi Kaqulja,deidad,christenson_ximenez,8,"[""15"", ""17"", ""21"", ""5"", ""50"", ""51"", ""7""]"
CH'IPI_KAQULJA,Ch'ipi Kaqulja,deidad,colop,8,"[""1"", ""10"", ""11"", ""15"", ""2"", ""26"", ""27""]"
CH'IPI_KAQULJA,Ch'ipi Kaqulja,deidad,ximenez,8,"[""14"", ""16"", ""20"", ""4"", ""49"", ""50"", ""6""]"
CH'IPI_NANAWAK,Ch'ipi Nanawak,deidad,christenson,1,"[""5311""]"
CH'IPI_NANAWAK,Ch'ipi Nanawak,deidad,christenson_english_prose,1,"[""47""]"
CH'IPI_NANAWAK,Ch'ipi Nanawak,deidad,colop,1,"[""27""]"
CH'IPI_NANAWAK,Ch'ipi Nanawak,deidad,ximenez,1,"[""50""]"
CH'ITIK,Ch'itik,danza,ajtzibab,1,"[""3367""]"
CH'ITIK,Ch'itik,danza,christenson,2,"[""1656"", ""4382""]"
CH'ITIK,Ch'itik,danza,christenson_english_prose,1,"[""36""]"
CH'ITIK,Ch'itik,danza,christenson_ximenez,1,"[""38""]"
CH'ITIK,Ch'itik,danza,colop,1,"[""23""]"
CH'ITIK,Ch'itik,danza,recinos,1,"[""2.13.5""]"
CH'ITIK,Ch'itik,danza,ximenez,2,"[""14"", ""37""]"
CH'O,Ch'o,animal,ajtzibab,17,"[""2307"", ""2312"", ""2320"", ""2323"", ""2328"", ""2341"", ""2344"", ""2345"", ""2352"", ""2367"", ""2371"", ""2376"", ""2394"", ""2395"", ""2409"", ""3801"", ""50""]"
CH'O,Ch'o,animal,christenson,17,"[""25"", ""3194"", ""3199"", ""3207"", ""3210"", ""3214"", ""3233"", ""3235"", ""3236"", ""3250"", ""3272"", ""3277"", ""3296"", ""3297"", ""3312"", ""5000"", ""94""]"
CH'O,Ch'o,animal,christenson_english_prose,15,"[""25"", ""26""]"
CH'O,Ch'o,animal,christenson_ximenez,17,"[""2"", ""27"", ""28"", ""48""]"
CH'O,Ch'o,animal,colop,15,"[""18"", ""19"", ""26""]"
CH'O,Ch'o,animal,recinos,7,"[""0.1.2"", ""2.6.43"", ""2.6.45"", ""2.6.48"", ""2.6.55"", ""2.6.69"", ""2.6.73""]"
CH'O,Ch'o,animal,tedlock,15,"[""3.450"", ""3.453"", ""3.455"", ""3.457"", ""3.459"", ""3.468"", ""3.470"", ""3.472"", ""3.480"", ""3.481"", ""3.482"", ""3.490"", ""3.497""]"
CH'O,Ch'o,animal,ximenez,11,"[""1"", ""26"", ""27"", ""47""]"
CH'U'J_KAQ_CHE',Ch'u'j Kaq Che',objeto,ajtzibab,1,"[""1753""]"
CH'U'J_KAQ_CHE',Ch'u'j Kaq Che',objeto,christenson,1,"[""2464""]"
CH'U'J_KAQ_CHE',Ch'u'j Kaq Che',objeto,christenson_english_prose,1,"[""21""]"
CH'U'J_KAQ_CHE',Ch'u'j Kaq Che',objeto,colop,1,"[""15""]"
CHAAJ,Chaaj,objeto,christenson_english_prose,30,"[""16"", ""17"", ""19"", ""27"", ""28"", ""29"", ""33"", ""34""]"
CHAAJ,Chaaj,objeto,christenson_ximenez,29,"[""17"", ""18"", ""19"", ""29"", ""30"", ""31"", ""36"", ""62"", ""65""]"
CHAAJ,Chaaj,objeto,colop,10,"[""11"", ""14"", ""20"", ""22"", ""24"", ""7""]"
CHAAJ,Chaaj,objeto,recinos,8,"[""2.1.17"", ""2.11.25"", ""2.2.4"", ""2.7.5"", ""2.7.62"", ""2.9.19"", ""2.9.24"", ""2.9.98""]"
CHAAJ,Chaaj,objeto,tedlock,52,"[""3.1064"", ""3.109"", ""3.1098"", ""3.110"", ""3.1101"", ""3.111"", ""3.139"", ""3.16"", ""3.162"", ""3.18"", ""3.212"", ""3.23"", ""3.490"", ""3.497"", ""3.499"", ""3.508"", ""3.509"", ""3.517"", ""3.520"", ""3.529"", ""3.54"", ""3.553"", ""3.554"", ""3.566"", ""3.587"", ""3.64"", ""3.65"", ""3.719"", ""3.725"", ""3.738"", ""3.739"", ""3.749"", ""3.750"", ""3.758"", ""3.766"", ""3.802"", ""3.874"", ""3.877"", ""3.880"", ""3.885"", ""3.887"", ""3.892"", ""3.893"", ""3.894"", ""3.899"", ""5.149"", ""5.364""]"
CHAAJ,Chaaj,objeto,ximenez,28,"[""16"", ""17"", ""18"", ""20"", ""28"", ""29"", ""30"", ""35"", ""42""]"
CHAJAL_ECHA',Chajal echa',grupo de deidades,ajtzibab,1,"[""1876""]"
CHAJAL_ECHA',Chajal echa',grupo de deidades,christenson,1,"[""2616""]"
CHAJAL_ECHA',Chajal echa',grupo de deidades,christenson_english_prose,2,"[""22""]"
CHAJAL_ECHA',Chajal echa',grupo de deidades,christenson_ximenez,1,"[""23""]"
CHAJAL_ECHA',Chajal echa',grupo de deidades,colop,1,"[""16""]"
CHAJAL_ECHA',Chajal echa',grupo de deidades,ximenez,1,"[""22""]"
CHAMALKAN,Chamalkan,deidad,ajtzibab,1,"[""4247""]"
CHAMALKAN,Chamalkan,deidad,christenson_english_prose,1,"[""52""]"
CHAMALKAN,Chamalkan,deidad,christenson_ximenez,1,"[""56""]"
CHAMALKAN,Chamalkan,deidad,colop,1,"[""28""]"
CHAMALKAN,Chamalkan,deidad,recinos,1,"[""3.6.1""]"
CHAMALKAN,Chamalkan,deidad,ximenez,1,"[""55""]"
CHAMCHAM,Chamcham,objeto,ajtzibab,1,"[""5425""]"
CHAMCHAM,Chamcham,objeto,colop,1,"[""36""]"
CHAMCHAM,Chamcham,objeto,ximenez,1,"[""71""]"
CHAYIM_JA,Chayim Ja,topónimo,ajtzibab,3,"[""1522"", ""2935"", ""2948""]"
CHAYIM_JA,Chayim Ja,topónimo,christenson_english_prose,3,"[""19"", ""29""]"
CHAYIM_JA,Chayim Ja,topónimo,christenson_ximenez,3,"[""19"", ""31""]"
CHAYIM_JA,Chayim Ja,topónimo,colop,3,"[""14"", ""22""]"
CHAYIM_JA,Chayim Ja,topónimo,tedlock,3,"[""3.127"", ""3.767"", ""3.771""]"
CHAYIM_JA,Chayim Ja,topónimo,ximenez,1,"[""18""]"
CHE',Che',objeto,ajtzibab,82,"[""1426"", ""1431"", ""1548"", ""155"", ""1551"", ""1552"", ""1555"", ""1559"", ""1564"", ""1570"", ""1575"", ""1586"", ""1590"", ""1597"", ""1601"", ""1602"", ""1607"", ""1609"", ""1737"", ""1739"", ""1744"", ""1745"", ""1748"", ""1987"", ""1989"", ""2012"", ""2017"", ""2022"", ""2028"", ""2029"", ""2032"", ""2034"", ""2038"", ""2040"", ""2051"", ""2055"", ""2199"", ""2200"", ""2201"", ""2202"", ""2244"", ""2254"", ""2256"", ""2274"", ""2284"", ""2287"", ""2681"", ""2770"", ""295"", ""2967"", ""2979"", ""2980"", ""328"", ""3288"", ""340"", ""345"", ""348"", ""370"", ""373"", ""3800"", ""3969"", ""400"", ""4155"", ""453"", ""464"", ""468"", ""5137"", ""5163"", ""5224"", ""575"", ""58"", ""580"", ""586"", ""6045"", ""735"", ""742"", ""762"", ""821"", ""829"", ""833"", ""862"", ""94""]"
CHE',Che',objeto,christenson,95,"[""1001"", ""1010"", ""111"", ""1196"", ""1200"", ""1206"", ""1228"", ""1237"", ""1243"", ""1292"", ""1293"", ""1302"", ""1306"", ""1344"", ""176"", ""2076"", ""2082"", ""2231"", ""2235"", ""2236"", ""2243"", ""2251"", ""2258"", ""2262"", ""2277"", ""2282"", ""2289"", ""2291"", ""2292"", ""2298"", ""2449"", ""2451"", ""2456"", ""2457"", ""2460"", ""2463"", ""2779"", ""2782"", ""2814"", ""2818"", ""2823"", ""2828"", ""2829"", ""2832"", ""2835"", ""2839"", ""2841"", ""2855"", ""2860"", ""290"", ""3055"", ""3056"", ""3059"", ""3062"", ""3091"", ""3107"", ""3129"", ""3130"", ""3150"", ""3160"", ""3163"", ""317"", ""323"", ""3616"", ""3720"", ""3913"", ""3938"", ""3939"", ""4998"", ""525"", ""5265"", ""5347"", ""5553"", ""579"", ""605"", ""6156"", ""632"", ""638"", ""648"", ""684"", ""688"", ""7027"", ""7062"", ""7154"", ""733"", ""8007"", ""811"", ""812"", ""827"", ""836"", ""8360"", ""901"", ""989"", ""994"", ""999""]"
CHE',Che',objeto,christenson_english_prose,55,"[""11"", ""12"", ""19"", ""2"", ""20"", ""21"", ""23"", ""25"", ""35"", ""7"", ""75""]"
CHE',Che',objeto,christenson_ximenez,78,"[""10"", ""12"", ""13"", ""19"", ""21"", ""22"", ""25"", ""27"", ""31"", ""37"", ""4"", ""5"", ""51"", ""6"", ""69"", ""8"", ""83"", ""9""]"
CHE',Che',objeto,colop,93,"[""1"", ""13"", ""14"", ""15"", ""17"", ""18"", ""2"", ""21"", ""22"", ""23"", ""26"", ""28"", ""29"", ""34"", ""4"", ""42"", ""43"", ""5"", ""6"", ""7"", ""8""]"
CHE',Che',objeto,tedlock,48,"[""1.104"", ""1.132"", ""1.9"", ""2.103"", ""2.23"", ""2.24"", ""2.25"", ""2.28"", ""3.141"", ""3.142"", ""3.143"", ""3.144"", ""3.145"", ""3.148"", ""3.149"", ""3.151"", ""3.152"", ""3.157"", ""3.158"", ""3.161"", ""3.164"", ""3.165"", ""3.168"", ""3.226"", ""3.227"", ""3.229"", ""3.230"", ""3.231"", ""3.323"", ""3.332"", ""3.334"", ""3.335"", ""3.337"", ""3.338"", ""3.339"", ""3.341"", ""3.407"", ""3.422"", ""3.921"", ""5.222""]"
CHE',Che',objeto,ximenez,71,"[""11"", ""12"", ""18"", ""20"", ""21"", ""24"", ""26"", ""3"", ""30"", ""36"", ""4"", ""5"", ""50"", ""68"", ""7"", ""8"", ""9""]"
CHIMALMAT,Chimalmat,deidad,ajtzibab,6,"[""2484"", ""2499"", ""540"", ""588"", ""601"", ""712""]"
CHIMALMAT,Chimalmat,deidad,christenson,5,"[""1012"", ""1027"", ""1166"", ""3409"", ""945""]"
CHIMALMAT,Chimalmat,deidad,christenson_english_prose,3,"[""10"", ""11""]"
CHIMALMAT,Chimalmat,deidad,christenson_ximenez,32,"[""11"", ""12"", ""17"", ""18"", ""25"", ""27"", ""28"", ""29"", ""40"", ""51"", ""58"", ""9""]"
CHIMALMAT,Chimalmat,deidad,colop,5,"[""20"", ""7""]"
CHIMALMAT,Chimalmat,deidad,recinos,3,"[""1.5.6"", ""1.6.10"", ""1.6.57""]"
CHIMALMAT,Chimalmat,deidad,tedlock,3,"[""2.35"", ""2.9"", ""2.92""]"
CHIMALMAT,Chimalmat,deidad,ximenez,30,"[""10"", ""11"", ""16"", ""17"", ""24"", ""26"", ""27"", ""28"", ""39"", ""50"", ""57"", ""8""]"
CHITEMAJ,Chitemaj,topónimo,christenson_english_prose,1,"[""76""]"
CHITEMAJ,Chitemaj,topónimo,christenson_ximenez,1,"[""83""]"
CHITEMAJ,Chitemaj,topónimo,colop,1,"[""42""]"
CHITEMAJ,Chitemaj,topónimo,ximenez,1,"[""82""]"
CHIYOM,Chiyom,objeto,ajtzibab,1,"[""5431""]"
CHIYOM,Chiyom,objeto,christenson,1,"[""7452""]"
CHIYOM,Chiyom,objeto,christenson_english_prose,1,"[""66""]"
CHIYOM,Chiyom,objeto,christenson_ximenez,1,"[""72""]"
CHIYOM,Chiyom,objeto,colop,1,"[""36""]"
CHIYOM,Chiyom,objeto,ximenez,1,"[""71""]"
CHI_CHAQ',Chi Chaq',topónimo,tedlock,3,"[""1.39"", ""3.434"", ""4.732""]"
CHI_ISMACHI,CHI_ISMACHI,,christenson_ximenez,10,"[""74""]"
CHI_ISMACHI,CHI_ISMACHI,,ximenez,10,"[""73""]"
CHI_ISMACHI',Chi Ismachi',topónimo,ajtzibab,43,"[""3743"", ""3941"", ""4023"", ""4028"", ""4418"", ""5156"", ""5186"", ""5192"", ""5201"", ""5203"", ""5470"", ""5473"", ""5483"", ""5491"", ""5497"", ""5499"", ""5508"", ""5509"", ""5510"", ""5518"", ""5530"", ""5545"", ""5560"", ""5565"", ""5572"", ""5582"", ""5604"", ""5606"", ""5607"", ""5609"", ""5618"", ""5640"", ""5642"", ""5701"", ""5724"", ""5777"", ""5798"", ""5804"", ""5819"", ""5861"", ""6135""]"
CHI_ISMACHI',Chi Ismachi',topónimo,christenson,65,"[""4904"", ""5232"", ""5368"", ""5381"", ""6195"", ""6337"", ""6995"", ""7013"", ""7017"", ""7031"", ""7051"", ""7058"", ""7098"", ""7109"", ""7121"", ""7124"", ""7461"", ""7511"", ""7515"", ""7518"", ""7524"", ""7532"", ""7542"", ""7548"", ""7554"", ""7557"", ""7559"", ""7560"", ""7574"", ""7575"", ""7578"", ""7589"", ""7608"", ""7624"", ""7645"", ""7654"", ""7662"", ""7679"", ""7712"", ""7715"", ""7716"", ""7718"", ""7734"", ""7766"", ""7770"", ""7773"", ""7849"", ""7882"", ""7888"", ""7968"", ""7972"", ""7979"", ""7989"", ""8001"", ""8011"", ""8019"", ""8039"", ""8040"", ""8048"", ""8088"", ""8269"", ""8464"", ""8521""]"
CHI_ISMACHI',Chi Ismachi',topónimo,christenson_english_prose,10,"[""68""]"
CHI_ISMACHI',Chi Ismachi',topónimo,christenson_ximenez,43,"[""46"", ""51"", ""52"", ""61"", ""68"", ""69"", ""73"", ""74"", ""75"", ""82"", ""83"", ""86"", ""88""]"
CHI_ISMACHI',Chi Ismachi',topónimo,colop,43,"[""25"", ""27"", ""28"", ""34"", ""37"", ""41"", ""42"", ""44""]"
CHI_ISMACHI',Chi Ismachi',topónimo,ximenez,38,"[""50"", ""51"", ""60"", ""67"", ""68"", ""72"", ""73"", ""74"", ""81"", ""82"", ""85""]"
CHI_JUNAJPU,Chi Junajpu,topónimo,christenson,1,"[""8098""]"
CHI_JUNAJPU,Chi Junajpu,topónimo,christenson_ximenez,1,"[""83""]"
CHI_JUNAJPU,Chi Junajpu,topónimo,colop,1,"[""42""]"
CHI_JUNAJPU,Chi Junajpu,topónimo,tedlock,1,"[""5.242""]"
CHI_JUNAJPU,Chi Junajpu,topónimo,ximenez,1,"[""82""]"
CHI_K'IX,Chi K'ix,topónimo,ajtzibab,2,"[""5471"", ""5484""]"
CHI_K'IX,Chi K'ix,topónimo,christenson,2,"[""7516"", ""7534""]"
CHI_K'IX,Chi K'ix,topónimo,christenson_ximenez,2,"[""73""]"
CHI_K'IX,Chi K'ix,topónimo,colop,2,"[""37""]"
CHI_K'IX,Chi K'ix,topónimo,tedlock,2,"[""5.46"", ""5.55""]"
CHI_K'IX,Chi K'ix,topónimo,ximenez,2,"[""72""]"
CHI_PIXAB',Chi Pixab',topónimo,ajtzibab,3,"[""4327"", ""4377"", ""4389""]"
CHI_PIXAB',Chi Pixab',topónimo,christenson,3,"[""5790"", ""5854"", ""5878""]"
CHI_PIXAB',Chi Pixab',topónimo,christenson_english_prose,3,"[""53"", ""54""]"
CHI_PIXAB',Chi Pixab',topónimo,christenson_ximenez,3,"[""57"", ""58""]"
CHI_PIXAB',Chi Pixab',topónimo,colop,3,"[""28""]"
CHI_PIXAB',Chi Pixab',topónimo,ximenez,3,"[""56"", ""57""]"
CHI_Q'AQ',Chi q'aq',topónimo,ajtzibab,2,"[""543"", ""5645""]"
CHI_Q'AQ',Chi q'aq',topónimo,christenson,2,"[""7780"", ""950""]"
CHI_Q'AQ',Chi q'aq',topónimo,christenson_ximenez,1,"[""11""]"
CHI_Q'AQ',Chi q'aq',topónimo,colop,2,"[""37"", ""7""]"
CHI_Q'AQ',Chi q'aq',topónimo,ximenez,2,"[""10"", ""74""]"
CHI_RATINIB'AL_TOJIL,Chi Ratinib'al Tojil,topónimo,ajtzibab,4,"[""4818"", ""4853"", ""4910"", ""4924""]"
CHI_RATINIB'AL_TOJIL,Chi Ratinib'al Tojil,topónimo,christenson,3,"[""6593"", ""6647"", ""6726""]"
CHI_RATINIB'AL_TOJIL,Chi Ratinib'al Tojil,topónimo,christenson_english_prose,2,"[""58"", ""59""]"
CHI_RATINIB'AL_TOJIL,Chi Ratinib'al Tojil,topónimo,christenson_ximenez,5,"[""64"", ""65"", ""66""]"
CHI_RATINIB'AL_TOJIL,Chi Ratinib'al Tojil,topónimo,colop,4,"[""31"", ""32"", ""33""]"
CHI_RATINIB'AL_TOJIL,Chi Ratinib'al Tojil,topónimo,ximenez,5,"[""63"", ""64"", ""65""]"
CHOLOCHIK_AB'AJ,Cholochik Ab'aj,lugar,ajtzibab,1,"[""4367""]"
CHOLOCHIK_AB'AJ,Cholochik Ab'aj,lugar,christenson,1,"[""5841""]"
CHOLOCHIK_AB'AJ,Cholochik Ab'aj,lugar,christenson_english_prose,1,"[""54""]"
CHOLOCHIK_AB'AJ,Cholochik Ab'aj,lugar,christenson_ximenez,1,"[""58""]"
CHOLOCHIK_AB'AJ,Cholochik Ab'aj,lugar,colop,1,"[""28""]"
CHOLOCHIK_AB'AJ,Cholochik Ab'aj,lugar,ximenez,1,"[""57""]"
CHOMI_JA',Chomi Ja',persona,christenson,2,"[""5150"", ""5865""]"
CHOMI_JA',Chomi Ja',persona,christenson_english_prose,2,"[""47"", ""54""]"
CHOMI_JA',Chomi Ja',persona,christenson_ximenez,2,"[""51"", ""58""]"
CHOMI_JA',Chomi Ja',persona,colop,2,"[""26"", ""28""]"
CHOMI_JA',Chomi Ja',persona,ximenez,2,"[""50"", ""57""]"
CHULIMAL,Chulimal,topónimo,ajtzibab,2,"[""5863"", ""5932""]"
CHULIMAL,Chulimal,topónimo,christenson,2,"[""8091"", ""8189""]"
CHULIMAL,Chulimal,topónimo,christenson_english_prose,2,"[""76""]"
CHULIMAL,Chulimal,topónimo,christenson_ximenez,2,"[""83"", ""84""]"
CHULIMAL,Chulimal,topónimo,colop,2,"[""42""]"
CHULIMAL,Chulimal,topónimo,recinos,1,"[""4.10.23""]"
CHULIMAL,Chulimal,topónimo,tedlock,2,"[""5.241"", ""5.266""]"
CHULIMAL,Chulimal,topónimo,ximenez,2,"[""82"", ""83""]"
CHUQ'ANAL,Chuq'anal,evento,ajtzibab,1,"[""1245""]"
CHUQ'ANAL,Chuq'anal,evento,christenson_english_prose,1,"[""16""]"
CHUQ'ANAL,Chuq'anal,evento,colop,1,"[""11""]"
CHUQ'ANAL,Chuq'anal,evento,ximenez,1,"[""16""]"
CHUWA_TZ'AQ,Chuwa Tz'aq,topónimo,christenson,1,"[""7982""]"
CHUWA_TZ'AQ,Chuwa Tz'aq,topónimo,christenson_english_prose,1,"[""75""]"
CHUWA_TZ'AQ,Chuwa Tz'aq,topónimo,christenson_ximenez,1,"[""82""]"
CHUWA_TZ'AQ,Chuwa Tz'aq,topónimo,colop,1,"[""42""]"
CHUWA_TZ'AQ,Chuwa Tz'aq,topónimo,ximenez,1,"[""81""]"
CHUWI'_MEQ'ENA',Chuwi' Meq'ena',topónimo,ximenez,1,"[""82""]"
CHUWI_MEQ'ENA',CHUWI_MEQ'ENA',,christenson_english_prose,1,"[""75""]"
CHUWI_MEQ'ENA',CHUWI_MEQ'ENA',,christenson_ximenez,1,"[""82""]"
CHUWI_MEQ'ENA',CHUWI_MEQ'ENA',,ximenez,1,"[""81""]"
DIOS,Dios,deidad,ajtzibab,1,"[""30""]"
DIOS,Dios,deidad,christenson,1,"[""46""]"
DIOS,Dios,deidad,christenson_english_prose,41,"[""1"", ""2"", ""47"", ""49"", ""50"", ""51"", ""52"", ""55"", ""56"", ""57"", ""59"", ""62"", ""68"", ""76"", ""78""]"
DIOS,Dios,deidad,christenson_ximenez,1,"[""2""]"
DIOS,Dios,deidad,colop,1,"[""0""]"
DIOS,Dios,deidad,recinos,57,"[""0.1.4"", ""1.1.12"", ""3.10.5"", ""3.3.1"", ""3.3.18"", ""3.3.26"", ""3.4.13"", ""3.4.14"", ""3.4.15"", ""3.4.17"", ""3.4.19"", ""3.4.20"", ""3.5.2"", ""3.5.28"", ""3.5.8"", ""3.5.9"", ""3.6.1"", ""3.6.13"", ""3.6.7"", ""3.8.0"", ""3.8.12"", ""3.8.13"", ""3.8.19"", ""3.8.20"", ""3.8.21"", ""3.8.7"", ""3.9.36"", ""3.9.40"", ""3.9.41"", ""3.9.42"", ""3.9.43"", ""3.9.44"", ""4.10.21"", ""4.11.0"", ""4.11.1"", ""4.11.16"", ""4.11.21"", ""4.11.23"", ""4.11.3"", ""4.11.32"", ""4.2.28"", ""4.3.14"", ""4.5.13"", ""4.7.18"", ""4.7.25"", ""4.8.2"", ""4.9.4"", ""4.9.5""]"
DIOS,Dios,deidad,tedlock,38,"[""1.21"", ""1.4"", ""4.112"", ""4.130"", ""4.131"", ""4.132"", ""4.133"", ""4.135"", ""4.137"", ""4.138"", ""4.151"", ""4.158"", ""4.160"", ""4.162"", ""4.192"", ""4.230"", ""4.251"", ""4.304"", ""4.305"", ""4.315"", ""4.316"", ""4.318"", ""4.391"", ""4.398"", ""4.399"", ""4.400"", ""4.401"", ""4.403"", ""4.404"", ""4.405"", ""4.406"", ""4.407"", ""4.506"", ""4.610"", ""5.240"", ""5.275"", ""5.304""]"
DIOS,Dios,deidad,ximenez,1,"[""1""]"
DONADIU,Donadiu,persona,ajtzibab,1,"[""6161""]"
DONADIU,Donadiu,persona,christenson_english_prose,1,"[""81""]"
DONADIU,Donadiu,persona,christenson_ximenez,1,"[""89""]"
DONADIU,Donadiu,persona,colop,1,"[""44""]"
DONADIU,Donadiu,persona,ximenez,1,"[""87""]"
DON_CRISTÓBAL_NJDOCE,Don Cristóbal (gen. 12),persona,christenson_english_prose,1,"[""83""]"
DON_JUAN_CORTES_KQCATORCE,Don Juan Cortes (gen. 14),persona,christenson_english_prose,1,"[""81""]"
DON_JUAN_CORTES_KQCATORCE,Don Juan Cortes (gen. 14),persona,tedlock,1,"[""5.348""]"
DON_JUAN_DE_ROJAS_KQCATORCE,Don Juan de Rojas (gen. 14),persona,christenson_english_prose,1,"[""81""]"
DON_JUAN_DE_ROJAS_KQCATORCE,Don Juan de Rojas (gen. 14),persona,tedlock,1,"[""5.348""]"
DON_PEDRO_DE_ROBLES_NJTRECE,Don Pedro de Robles (gen. 13),persona,christenson_english_prose,1,"[""83""]"
DON_PEDRO_DE_ROBLES_NJTRECE,Don Pedro de Robles (gen. 13),persona,tedlock,1,"[""5.382""]"
EWAB'AL_SIWAN,Ewab'al Siwan,topónimo,ajtzibab,2,"[""4409"", ""4428""]"
EWAB'AL_SIWAN,Ewab'al Siwan,topónimo,christenson,2,"[""5907"", ""5928""]"
EWAB'AL_SIWAN,Ewab'al Siwan,topónimo,christenson_english_prose,2,"[""55""]"
EWAB'AL_SIWAN,Ewab'al Siwan,topónimo,christenson_ximenez,1,"[""59""]"
EWAB'AL_SIWAN,Ewab'al Siwan,topónimo,colop,2,"[""28""]"
EWAB'AL_SIWAN,Ewab'al Siwan,topónimo,ximenez,1,"[""58""]"
IB'OY,Ib'oy,danza,ajtzibab,2,"[""3366"", ""3461""]"
IB'OY,Ib'oy,danza,christenson,2,"[""4380"", ""4498""]"
IB'OY,Ib'oy,danza,christenson_english_prose,2,"[""36"", ""38""]"
IB'OY,Ib'oy,danza,christenson_ximenez,2,"[""38"", ""40""]"
IB'OY,Ib'oy,danza,colop,2,"[""23""]"
IB'OY,Ib'oy,danza,recinos,1,"[""2.13.5""]"
IB'OY,Ib'oy,danza,tedlock,2,"[""3.1001"", ""5.247""]"
IB'OY,Ib'oy,danza,ximenez,2,"[""37"", ""39""]"
IK,Ik,objeto,ajtzibab,16,"[""1664"", ""2346"", ""2379"", ""2394"", ""2397"", ""3690"", ""3722"", ""4488"", ""4489"", ""4548"", ""4569"", ""474"", ""491"", ""495"", ""509"", ""6130""]"
IK,Ik,objeto,christenson,17,"[""2371"", ""3240"", ""3281"", ""3296"", ""3299"", ""4812"", ""4856"", ""6051"", ""6056"", ""6159"", ""6199"", ""844"", ""8511"", ""868"", ""874"", ""887"", ""897""]"
IK,Ik,objeto,christenson_english_prose,1,"[""25""]"
IK,Ik,objeto,christenson_ximenez,17,"[""10"", ""21"", ""27"", ""28"", ""43"", ""44"", ""59"", ""60"", ""61"", ""88""]"
IK,Ik,objeto,colop,17,"[""15"", ""18"", ""24"", ""25"", ""28"", ""29"", ""44"", ""6""]"
IK,Ik,objeto,ximenez,16,"[""20"", ""26"", ""27"", ""42"", ""43"", ""58"", ""59"", ""60"", ""87"", ""9""]"
IK'OQ'IJ,Ik'oq'ij,topónimo,ajtzibab,4,"[""4001"", ""4270"", ""4449"", ""4491""]"
IK'OQ'IJ,Ik'oq'ij,topónimo,christenson,5,"[""5329"", ""5714"", ""5717"", ""5968"", ""6062""]"
IK'OQ'IJ,Ik'oq'ij,topónimo,christenson_english_prose,5,"[""47"", ""52"", ""55"", ""56""]"
IK'OQ'IJ,Ik'oq'ij,topónimo,christenson_ximenez,5,"[""51"", ""56"", ""59"", ""61""]"
IK'OQ'IJ,Ik'oq'ij,topónimo,colop,5,"[""27"", ""28"", ""29""]"
IK'OQ'IJ,Ik'oq'ij,topónimo,recinos,3,"[""3.6.7"", ""3.8.23""]"
IK'OQ'IJ,Ik'oq'ij,topónimo,ximenez,5,"[""50"", ""55"", ""58"", ""60""]"
IKAJ,IKAJ,,christenson_ximenez,46,"[""10"", ""11"", ""13"", ""19"", ""2"", ""22"", ""25"", ""26"", ""27"", ""3"", ""31"", ""35"", ""37"", ""4"", ""42"", ""43"", ""49"", ""5"", ""51"", ""69"", ""7"", ""8"", ""87"", ""9""]"
IKAJ,IKAJ,,ximenez,45,"[""1"", ""10"", ""11"", ""12"", ""16"", ""18"", ""2"", ""21"", ""24"", ""25"", ""26"", ""3"", ""30"", ""34"", ""4"", ""41"", ""42"", ""48"", ""50"", ""6"", ""68"", ""7"", ""8"", ""86"", ""9""]"
ILOKAB',Ilokab',linaje,ajtzibab,21,"[""3916"", ""3927"", ""4027"", ""4051"", ""4057"", ""4334"", ""4335"", ""4437"", ""4441"", ""4442"", ""4523"", ""4599"", ""5440"", ""5535"", ""5536"", ""5540"", ""5543"", ""5554"", ""5918"", ""5956"", ""6087""]"
ILOKAB',Ilokab',linaje,christenson,21,"[""5183"", ""5209"", ""5377"", ""5417"", ""5428"", ""5800"", ""5801"", ""5949"", ""5955"", ""5956"", ""6117"", ""6244"", ""7463"", ""7612"", ""7613"", ""7617"", ""7621"", ""7635"", ""8171"", ""8224"", ""8442""]"
ILOKAB',Ilokab',linaje,christenson_english_prose,22,"[""47"", ""48"", ""49"", ""50"", ""53"", ""55"", ""56"", ""67"", ""68"", ""76"", ""77"", ""79""]"
ILOKAB',Ilokab',linaje,christenson_ximenez,21,"[""51"", ""52"", ""53"", ""54"", ""57"", ""59"", ""61"", ""73"", ""74"", ""83"", ""85"", ""87""]"
ILOKAB',Ilokab',linaje,colop,21,"[""27"", ""28"", ""29"", ""36"", ""37"", ""42"", ""43""]"
ILOKAB',Ilokab',linaje,recinos,16,"[""3.3.11"", ""3.4.18"", ""3.4.20"", ""3.7.4"", ""3.8.19"", ""3.8.21"", ""4.10.31"", ""4.10.39"", ""4.11.37"", ""4.6.14"", ""4.7.11"", ""4.7.12"", ""4.7.13"", ""4.7.18""]"
ILOKAB',Ilokab',linaje,ximenez,17,"[""50"", ""51"", ""52"", ""53"", ""56"", ""58"", ""60"", ""73"", ""82""]"
IQ'I_B'ALAM,Iq'i B'alam,persona,christenson_english_prose,44,"[""40"", ""43"", ""44"", ""47"", ""48"", ""49"", ""51"", ""52"", ""54"", ""55"", ""56"", ""57"", ""58"", ""60"", ""61"", ""62"", ""63"", ""64"", ""8"", ""80""]"
IQ'I_B'ALAM,Iq'i B'alam,persona,christenson_ximenez,41,"[""47"", ""48"", ""51"", ""52"", ""53"", ""55"", ""56"", ""58"", ""59"", ""61"", ""62"", ""63"", ""64"", ""66"", ""67"", ""68"", ""69"", ""70"", ""88""]"
IQ'I_B'ALAM,Iq'i B'alam,persona,recinos,5,"[""3.4.15"", ""3.5.28"", ""3.5.37"", ""4.12.0"", ""4.2.94""]"
IQ'I_B'ALAM,Iq'i B'alam,persona,tedlock,3,"[""1.141"", ""3.1078"", ""4.100""]"
IQ'I_B'ALAM,Iq'i B'alam,persona,ximenez,41,"[""46"", ""47"", ""50"", ""51"", ""52"", ""54"", ""55"", ""57"", ""58"", ""60"", ""61"", ""62"", ""63"", ""65"", ""66"", ""67"", ""68"", ""69"", ""87""]"
ISTAYUL,Istayul,persona,ajtzibab,4,"[""5507"", ""5539"", ""5580"", ""5762""]"
ISTAYUL,Istayul,persona,christenson,6,"[""7570"", ""7616"", ""7675"", ""7948"", ""8538"", ""8627""]"
ISTAYUL,Istayul,persona,colop,6,"[""37"", ""41"", ""44"", ""47""]"
ISTAYUL_KQCUATRO,Istayul (gen. 4),persona,christenson_english_prose,6,"[""68"", ""74"", ""81"", ""83""]"
ISTAYUL_KQCUATRO,Istayul (gen. 4),persona,christenson_ximenez,11,"[""20"", ""21"", ""25"", ""41"", ""74"", ""81"", ""82"", ""89""]"
ISTAYUL_KQCUATRO,Istayul (gen. 4),persona,recinos,5,"[""4.12.42"", ""4.12.8"", ""4.7.12"", ""4.7.25"", ""4.9.19""]"
ISTAYUL_KQCUATRO,Istayul (gen. 4),persona,tedlock,7,"[""5.105"", ""5.201"", ""5.335"", ""5.337"", ""5.376"", ""5.66"", ""5.84""]"
ISTAYUL_KQCUATRO,Istayul (gen. 4),persona,ximenez,10,"[""19"", ""20"", ""24"", ""40"", ""73"", ""80"", ""81"", ""87""]"
ISTAYUL_KQOCHO,Istayul (gen. 8),persona,ajtzibab,1,"[""6151""]"
ISTAYUL_KQOCHO,Istayul (gen. 8),persona,christenson_ximenez,1,"[""89""]"
ISTAYUL_KQOCHO,Istayul (gen. 8),persona,tedlock,1,"[""5.339""]"
ISTAYUL_KQOCHO,Istayul (gen. 8),persona,ximenez,1,"[""87""]"
ISTAYUL_KQSEIS,Istayul (gen. 6),persona,christenson_ximenez,4,"[""74"", ""81"", ""89"", ""92""]"
ISTAYUL_KQSEIS,Istayul (gen. 6),persona,ximenez,4,"[""73"", ""80"", ""87"", ""90""]"
ISTAYUL_NJSIETE,Istayul (gen. 7),persona,recinos,1,"[""4.7.3""]"
IXB'ALAMQ'E,IXB'ALAMQ'E,,christenson_english_prose,72,"[""10"", ""11"", ""12"", ""13"", ""14"", ""15"", ""16"", ""20"", ""22"", ""23"", ""24"", ""25"", ""27"", ""29"", ""30"", ""33"", ""34"", ""35"", ""37"", ""38"", ""39"", ""40""]"
IXB'ALAMQ'E,IXB'ALAMQ'E,,christenson_ximenez,68,"[""11"", ""12"", ""13"", ""14"", ""15"", ""16"", ""17"", ""21"", ""23"", ""24"", ""25"", ""26"", ""27"", ""29"", ""31"", ""32"", ""35"", ""36"", ""37"", ""39"", ""40"", ""41"", ""42""]"
IXB'ALAMQ'E,IXB'ALAMQ'E,,tedlock,73,"[""2.0"", ""2.185"", ""2.186"", ""2.189"", ""2.202"", ""2.208"", ""2.214"", ""2.244"", ""2.25"", ""2.250"", ""2.251"", ""2.266"", ""2.278"", ""2.283"", ""2.297"", ""2.313"", ""2.315"", ""2.41"", ""2.90"", ""3.0"", ""3.1"", ""3.1023"", ""3.1027"", ""3.1032"", ""3.1035"", ""3.1055"", ""3.1062"", ""3.1082"", ""3.1093"", ""3.191"", ""3.251"", ""3.293"", ""3.297"", ""3.314"", ""3.317"", ""3.319"", ""3.321"", ""3.322"", ""3.342"", ""3.348"", ""3.353"", ""3.371"", ""3.378"", ""3.391"", ""3.400"", ""3.411"", ""3.447"", ""3.453"", ""3.472"", ""3.481"", ""3.51"", ""3.554"", ""3.604"", ""3.675"", ""3.676"", ""3.696"", ""3.741"", ""3.764"", ""3.800"", ""3.813"", ""3.843"", ""3.849"", ""3.853"", ""3.854"", ""3.875"", ""3.877"", ""3.887"", ""3.890"", ""3.900"", ""3.904"", ""3.906"", ""3.923"", ""3.974""]"
IXB'ALAMQ'E,IXB'ALAMQ'E,,ximenez,66,"[""10"", ""11"", ""12"", ""13"", ""14"", ""15"", ""16"", ""20"", ""22"", ""23"", ""24"", ""25"", ""26"", ""28"", ""30"", ""31"", ""34"", ""35"", ""36"", ""38"", ""39"", ""40"", ""41""]"
IXB'AQIYALO,Ixb'aqiyalo,deidad,christenson_ximenez,3,"[""26"", ""27"", ""48""]"
IXB'AQIYALO,Ixb'aqiyalo,deidad,ximenez,3,"[""25"", ""26"", ""47""]"
IXIM,Ixim,objeto,ajtzibab,6,"[""2346"", ""315"", ""319"", ""332"", ""335"", ""698""]"
IXIM,Ixim,objeto,christenson,9,"[""1145"", ""1148"", ""1149"", ""3238"", ""572"", ""584"", ""5851"", ""613"", ""619""]"
IXIM,Ixim,objeto,christenson_ximenez,8,"[""12"", ""27"", ""8""]"
IXIM,Ixim,objeto,colop,9,"[""18"", ""28"", ""4"", ""7""]"
IXIM,Ixim,objeto,ximenez,8,"[""11"", ""26"", ""7""]"
IXKAKAW,Ixkakaw,deidad,christenson_english_prose,1,"[""22""]"
IXKAKAW,Ixkakaw,deidad,ximenez,1,"[""22""]"
IXKIK',Ixkik',deidad,christenson,2,"[""2380"", ""2394""]"
IXKIK',Ixkik',deidad,christenson_english_prose,3,"[""20"", ""22"", ""23""]"
IXKIK',Ixkik',deidad,christenson_ximenez,67,"[""18"", ""19"", ""20"", ""21"", ""22"", ""23"", ""25"", ""26"", ""31"", ""40"", ""48"", ""5"", ""51"", ""57"", ""65"", ""67"", ""71"", ""74"", ""83"", ""86"", ""87"", ""9""]"
IXKIK',Ixkik',deidad,ximenez,67,"[""17"", ""18"", ""19"", ""20"", ""21"", ""22"", ""24"", ""25"", ""30"", ""39"", ""4"", ""47"", ""50"", ""56"", ""64"", ""66"", ""70"", ""73"", ""8"", ""85"", ""86""]"
IXMUKANE,Ixmukane,deidad,ajtzibab,38,"[""1809"", ""1810"", ""1811"", ""1814"", ""1816"", ""1824"", ""1834"", ""1839"", ""1840"", ""1847"", ""1891"", ""1893"", ""1899"", ""1904"", ""1915"", ""1925"", ""1982"", ""2074"", ""2096"", ""2097"", ""2099"", ""2120"", ""2135"", ""2137"", ""2173"", ""23"", ""2401"", ""2470"", ""2473"", ""25"", ""26"", ""298"", ""320"", ""322"", ""617"", ""618"", ""621"", ""717""]"
IXMUKANE,Ixmukane,deidad,christenson,43,"[""1050"", ""1051"", ""1055"", ""1058"", ""1080"", ""1090"", ""1103"", ""1174"", ""2525"", ""2527"", ""2529"", ""2532"", ""2534"", ""2546"", ""2562"", ""2569"", ""2570"", ""2578"", ""2642"", ""2643"", ""2648"", ""2653"", ""2673"", ""2684"", ""2771"", ""2884"", ""2915"", ""2916"", ""2918"", ""2951"", ""2969"", ""2972"", ""3021"", ""31"", ""3303"", ""3379"", ""3382"", ""3388"", ""35"", ""37"", ""535"", ""588"", ""593""]"
IXMUKANE,Ixmukane,deidad,christenson_english_prose,16,"[""1"", ""16"", ""17"", ""27"", ""40"", ""42"", ""46"", ""47"", ""6"", ""7""]"
IXMUKANE,Ixmukane,deidad,christenson_ximenez,121,"[""12"", ""17"", ""18"", ""2"", ""23"", ""25"", ""26"", ""27"", ""28"", ""29"", ""30"", ""31"", ""42"", ""46"", ""49"", ""50"", ""51"", ""7"", ""8""]"
IXMUKANE,Ixmukane,deidad,colop,38,"[""0"", ""16"", ""17"", ""18"", ""20"", ""4"", ""7""]"
IXMUKANE,Ixmukane,deidad,tedlock,17,"[""1.101"", ""1.108"", ""1.2"", ""1.96"", ""1.97"", ""1.99"", ""3.1092"", ""3.5"", ""3.522"", ""3.6"", ""3.76"", ""4.115"", ""4.17"", ""4.59""]"
IXMUKANE,Ixmukane,deidad,ximenez,117,"[""1"", ""11"", ""16"", ""17"", ""22"", ""24"", ""25"", ""26"", ""27"", ""28"", ""29"", ""30"", ""41"", ""45"", ""48"", ""49"", ""50"", ""6"", ""7""]"
IXOQ_AJAWAB',Ixoq ajawab',linaje,christenson_english_prose,14,"[""47"", ""57"", ""63"", ""64"", ""65"", ""67""]"
IXOQ_AJAWAB',Ixoq ajawab',linaje,christenson_ximenez,33,"[""12"", ""13"", ""27"", ""42"", ""5"", ""51"", ""58"", ""61"", ""62"", ""68"", ""69"", ""70"", ""71"", ""73"", ""74""]"
IXOQ_AJAWAB',Ixoq ajawab',linaje,colop,1,"[""26""]"
IXOQ_AJAWAB',Ixoq ajawab',linaje,recinos,1,"[""3.3.4""]"
IXOQ_AJAWAB',Ixoq ajawab',linaje,tedlock,16,"[""4.442"", ""4.455"", ""4.667"", ""4.67"", ""4.671"", ""4.684"", ""4.71"", ""4.719"", ""4.736"", ""4.76"", ""5.3"", ""5.306"", ""5.41""]"
IXOQ_AJAWAB',Ixoq ajawab',linaje,ximenez,34,"[""11"", ""12"", ""26"", ""4"", ""41"", ""50"", ""57"", ""60"", ""61"", ""67"", ""68"", ""69"", ""70"", ""72"", ""73""]"
IXPUCH',Ixpuch',deidad,ajtzibab,7,"[""4906"", ""4908"", ""4952"", ""4978"", ""4997"", ""5028"", ""5036""]"
IXPUCH',Ixpuch',deidad,christenson,7,"[""6698"", ""6701"", ""6762"", ""6801"", ""6825"", ""6869"", ""6881""]"
IXPUCH',Ixpuch',deidad,christenson_english_prose,7,"[""59"", ""60"", ""61""]"
IXPUCH',Ixpuch',deidad,christenson_ximenez,7,"[""65"", ""66"", ""67""]"
IXPUCH',Ixpuch',deidad,colop,7,"[""32"", ""33""]"
IXPUCH',Ixpuch',deidad,recinos,7,"[""4.2.49"", ""4.2.50"", ""4.2.63"", ""4.2.71"", ""4.2.76"", ""4.2.90"", ""4.2.93""]"
IXPUCH',Ixpuch',deidad,tedlock,7,"[""4.530"", ""4.531"", ""4.551"", ""4.565"", ""4.570"", ""4.586"", ""4.591""]"
IXPUCH',Ixpuch',deidad,ximenez,7,"[""64"", ""65"", ""66""]"
IXQ'ANIL,Ixq'anil,deidad,christenson_ximenez,1,"[""23""]"
IXQ'ANIL,Ixq'anil,deidad,ximenez,1,"[""22""]"
IXTAJ,Ixtaj,deidad,christenson,1,"[""4993""]"
IXTAJ,Ixtaj,deidad,christenson_english_prose,7,"[""59"", ""60"", ""61""]"
IXTAJ,Ixtaj,deidad,christenson_ximenez,9,"[""36"", ""65"", ""66"", ""67""]"
IXTAJ,Ixtaj,deidad,tedlock,7,"[""4.530"", ""4.531"", ""4.551"", ""4.565"", ""4.570"", ""4.586"", ""4.591""]"
IXTAJ,Ixtaj,deidad,ximenez,7,"[""64"", ""65"", ""66""]"
IXTAJ_IXPUCH,IXTAJ_IXPUCH,,christenson_ximenez,9,"[""65"", ""66"", ""67""]"
IXTAJ_IXPUCH,IXTAJ_IXPUCH,,ximenez,9,"[""64"", ""65"", ""66""]"
IXTAJ_IXPUCH',Ixtaj Ixpuch',grupo de deidades,ajtzibab,2,"[""5589"", ""6038""]"
IXTAJ_IXPUCH',Ixtaj Ixpuch',grupo de deidades,christenson,17,"[""2269"", ""2273"", ""2345"", ""2391"", ""5282"", ""6667"", ""6670"", ""6681"", ""6717"", ""7525"", ""7529"", ""7681"", ""7689"", ""7748"", ""7762"", ""8341"", ""8362""]"
IXTAJ_IXPUCH',Ixtaj Ixpuch',grupo de deidades,christenson_ximenez,22,"[""51"", ""65"", ""66"", ""67"", ""73"", ""74"", ""75"", ""87""]"
IXTAJ_IXPUCH',Ixtaj Ixpuch',grupo de deidades,colop,4,"[""32"", ""37"", ""43""]"
IXTAJ_IXPUCH',Ixtaj Ixpuch',grupo de deidades,tedlock,4,"[""2.26"", ""2.297"", ""2.4"", ""3.483""]"
IXTAJ_IXPUCH',Ixtaj Ixpuch',grupo de deidades,ximenez,20,"[""50"", ""64"", ""65"", ""66"", ""72"", ""73"", ""74"", ""86""]"
IXTOJ,Ixtoj,deidad,christenson_ximenez,1,"[""23""]"
IXTOJ,Ixtoj,deidad,ximenez,1,"[""22""]"
IXTZIYA',Ixtziya',deidad,colop,1,"[""16""]"
IXTZIYA',Ixtziya',deidad,ximenez,1,"[""22""]"
JA'_SIMAJ,Ja' Simaj,topónimo,ajtzibab,1,"[""1398""]"
JA'_SIMAJ,Ja' Simaj,topónimo,christenson,1,"[""2045""]"
JA'_SIMAJ,Ja' Simaj,topónimo,christenson_ximenez,1,"[""19""]"
JA'_SIMAJ,Ja' Simaj,topónimo,colop,1,"[""13""]"
JA'_SIMAJ,Ja' Simaj,topónimo,ximenez,1,"[""18""]"
JAL,Jal,objeto,ajtzibab,5,"[""1881"", ""1883"", ""1884"", ""3735"", ""6150""]"
JAL,Jal,objeto,christenson,17,"[""2039"", ""2044"", ""2629"", ""2631"", ""2632"", ""3586"", ""4863"", ""4864"", ""4873"", ""4874"", ""4888"", ""4893"", ""4894"", ""4916"", ""4932"", ""8541""]"
JAL,Jal,objeto,christenson_english_prose,44,"[""11"", ""22"", ""25"", ""40"", ""42"", ""54"", ""7"", ""78"", ""8""]"
JAL,Jal,objeto,christenson_ximenez,15,"[""23"", ""31"", ""37"", ""45"", ""46"", ""89""]"
JAL,Jal,objeto,colop,16,"[""13"", ""16"", ""21"", ""25"", ""44""]"
JAL,Jal,objeto,ximenez,15,"[""22"", ""30"", ""36"", ""44"", ""45"", ""87""]"
JAQAWITZ,Jaqawitz,deidad,ajtzibab,43,"[""4043"", ""4061"", ""4378"", ""4391"", ""4415"", ""4417"", ""4419"", ""4422"", ""4423"", ""4436"", ""4474"", ""4485"", ""4545"", ""4559"", ""4598"", ""4631"", ""4684"", ""4738"", ""4740"", ""4742"", ""4746"", ""4762"", ""4803"", ""4809"", ""4811"", ""4827"", ""4842"", ""4854"", ""4910"", ""4923"", ""4950"", ""5060"", ""5177"", ""5250"", ""5254"", ""5335"", ""5352"", ""5439"", ""5450"", ""5468"", ""5971"", ""6062"", ""6255""]"
JAQAWITZ,Jaqawitz,deidad,christenson,44,"[""5403"", ""5435"", ""5586"", ""5858"", ""5883"", ""5914"", ""5915"", ""5918"", ""5922"", ""5923"", ""5945"", ""6014"", ""6043"", ""6149"", ""6183"", ""6242"", ""6296"", ""6373"", ""6465"", ""6470"", ""6479"", ""6486"", ""6512"", ""6568"", ""6579"", ""6584"", ""6611"", ""6635"", ""6650"", ""6707"", ""6725"", ""6760"", ""6915"", ""7082"", ""7191"", ""7197"", ""7309"", ""7337"", ""7461"", ""7483"", ""7512"", ""8249"", ""8397"", ""8701""]"
JAQAWITZ,Jaqawitz,deidad,christenson_english_prose,43,"[""49"", ""50"", ""51"", ""54"", ""55"", ""56"", ""57"", ""58"", ""59"", ""60"", ""61"", ""62"", ""63"", ""64"", ""67"", ""78"", ""79"", ""86""]"
JAQAWITZ,Jaqawitz,deidad,christenson_ximenez,40,"[""104"", ""53"", ""54"", ""55"", ""58"", ""59"", ""61"", ""62"", ""64"", ""65"", ""66"", ""67"", ""69"", ""73"", ""74"", ""86"", ""87""]"
JAQAWITZ,Jaqawitz,deidad,recinos,41,"[""3.10.1"", ""3.10.19"", ""3.4.15"", ""3.4.21"", ""3.5.34"", ""3.7.17"", ""3.8.1"", ""3.8.11"", ""3.8.12"", ""3.8.14"", ""3.8.18"", ""3.8.31"", ""3.9.23"", ""3.9.28"", ""3.9.40"", ""4.1.11"", ""4.1.12"", ""4.1.15"", ""4.1.9"", ""4.11.3"", ""4.11.31"", ""4.12.71"", ""4.2.17"", ""4.2.18"", ""4.2.19"", ""4.2.23"", ""4.2.28"", ""4.2.33"", ""4.2.50"", ""4.2.55"", ""4.2.63"", ""4.3.8"", ""4.4.20"", ""4.5.21"", ""4.5.26"", ""4.6.14"", ""4.6.18"", ""4.6.24""]"
JAQAWITZ,Jaqawitz,deidad,tedlock,46,"[""4.132"", ""4.139"", ""4.197"", ""4.284"", ""4.291"", ""4.302"", ""4.303"", ""4.304"", ""4.306"", ""4.307"", ""4.314"", ""4.334"", ""4.339"", ""4.371"", ""4.376"", ""4.396"", ""4.410"", ""4.431"", ""4.456"", ""4.460"", ""4.465"", ""4.488"", ""4.490"", ""4.492"", ""4.498"", ""4.506"", ""4.512"", ""4.531"", ""4.539"", ""4.551"", ""4.602"", ""4.663"", ""4.696"", ""4.698"", ""4.735"", ""4.743"", ""4.746"", ""5.167"", ""5.275"", ""5.304"", ""5.31"", ""5.37"", ""5.409"", ""5.45""]"
JAQAWITZ,Jaqawitz,deidad,ximenez,39,"[""52"", ""53"", ""54"", ""57"", ""58"", ""60"", ""61"", ""63"", ""64"", ""65"", ""66"", ""68"", ""69"", ""72"", ""73"", ""85"", ""94""]"
JAQAWITZ_JUYUB,Jaqawitz Juyub',topónimo,christenson_english_prose,102,"[""10"", ""11"", ""12"", ""13"", ""14"", ""19"", ""2"", ""21"", ""23"", ""24"", ""25"", ""28"", ""29"", ""3"", ""34"", ""38"", ""39"", ""40"", ""42"", ""43"", ""46"", ""47"", ""49"", ""50"", ""51"", ""52"", ""54"", ""55"", ""56"", ""57"", ""59"", ""6"", ""61"", ""63"", ""64"", ""65"", ""67"", ""68"", ""7"", ""70"", ""71"", ""75"", ""76"", ""77"", ""78"", ""8"", ""80"", ""83"", ""84"", ""85"", ""86"", ""87""]"
JAQAWITZ_JUYUB,Jaqawitz Juyub',topónimo,tedlock,91,"[""1.121"", ""1.128"", ""1.148"", ""1.26"", ""1.38"", ""1.41"", ""1.80"", ""1.88"", ""1.9"", ""2.0"", ""2.159"", ""2.19"", ""2.238"", ""2.245"", ""2.315"", ""2.33"", ""2.8"", ""2.99"", ""3.1041"", ""3.1094"", ""3.1102"", ""3.120"", ""3.129"", ""3.305"", ""3.386"", ""3.398"", ""3.442"", ""3.564"", ""3.613"", ""3.614"", ""3.615"", ""3.702"", ""3.703"", ""3.761"", ""3.93"", ""3.936"", ""3.94"", ""3.954"", ""3.997"", ""4.118"", ""4.128"", ""4.130"", ""4.151"", ""4.153"", ""4.19"", ""4.21"", ""4.215"", ""4.22"", ""4.239"", ""4.26"", ""4.301"", ""4.334"", ""4.344"", ""4.356"", ""4.498"", ""4.560"", ""4.577"", ""4.66"", ""4.686"", ""4.695"", ""4.697"", ""4.710"", ""4.742"", ""4.750"", ""5.139"", ""5.142"", ""5.153"", ""5.254"", ""5.261"", ""5.264"", ""5.269"", ""5.270"", ""5.279"", ""5.326"", ""5.369"", ""5.370"", ""5.385"", ""5.394"", ""5.396"", ""5.406"", ""5.414"", ""5.45"", ""5.86"", ""5.88""]"
JAQAWITZ_JUYUB',JAQAWITZ_JUYUB',,christenson_english_prose,1,"[""55""]"
JAQAWITZ_JUYUB',JAQAWITZ_JUYUB',,christenson_ximenez,88,"[""11"", ""13"", ""14"", ""15"", ""25"", ""27"", ""29"", ""31"", ""37"", ""46"", ""48"", ""49"", ""5"", ""51"", ""52"", ""57"", ""58"", ""59"", ""6"", ""61"", ""62"", ""64"", ""67"", ""68"", ""69"", ""70"", ""73"", ""74"", ""82"", ""83"", ""84"", ""85""]"
JAQAWITZ_JUYUB',JAQAWITZ_JUYUB',,recinos,1,"[""3.8.36""]"
JAQAWITZ_JUYUB',JAQAWITZ_JUYUB',,ximenez,82,"[""10"", ""12"", ""13"", ""14"", ""24"", ""26"", ""30"", ""36"", ""4"", ""45"", ""47"", ""48"", ""5"", ""50"", ""51"", ""56"", ""57"", ""58"", ""60"", ""61"", ""63"", ""66"", ""67"", ""68"", ""69"", ""72"", ""81"", ""82"", ""83"", ""84""]"
JA_CHI_Q'AQ',Ja chi q'aq',lugar,ajtzibab,1,"[""3071""]"
JA_CHI_Q'AQ',Ja chi q'aq',lugar,christenson,1,"[""4038""]"
JA_CHI_Q'AQ',Ja chi q'aq',lugar,christenson_english_prose,1,"[""32""]"
JA_CHI_Q'AQ',Ja chi q'aq',lugar,colop,1,"[""22""]"
JA_CHI_Q'AQ',Ja chi q'aq',lugar,recinos,1,"[""2.10.22""]"
JA_CHI_Q'AQ',Ja chi q'aq',lugar,tedlock,1,"[""3.824""]"
JA_CHI_Q'AQ'',JA_CHI_Q'AQ'',,ximenez,1,"[""33""]"
JOJ,Joj,animal,ajtzibab,1,"[""3726""]"
JOJ,Joj,animal,christenson,1,"[""4870""]"
JOJ,Joj,animal,christenson_english_prose,1,"[""42""]"
JOJ,Joj,animal,christenson_ximenez,1,"[""46""]"
JOJ,Joj,animal,colop,1,"[""25""]"
JOJ,Joj,animal,recinos,1,"[""3.1.7""]"
JOJ,Joj,animal,ximenez,1,"[""45""]"
JOLOM,Jolom,objeto,ajtzibab,5,"[""1251"", ""2870"", ""3207"", ""3228"", ""5428""]"
JOLOM,Jolom,objeto,christenson,36,"[""1853"", ""1955"", ""2228"", ""2231"", ""2235"", ""2240"", ""2246"", ""2254"", ""2261"", ""2301"", ""2323"", ""2325"", ""2353"", ""2414"", ""3091"", ""3810"", ""4087"", ""4097"", ""4102"", ""4128"", ""4155"", ""4156"", ""4178"", ""4185"", ""4205"", ""4209"", ""4210"", ""4555"", ""4596"", ""469"", ""6528"", ""712"", ""7446"", ""7756"", ""7932"", ""805""]"
JOLOM,Jolom,objeto,christenson_english_prose,31,"[""12"", ""19"", ""20"", ""21"", ""25"", ""33"", ""34"", ""38"", ""39"", ""6"", ""66"", ""74""]"
JOLOM,Jolom,objeto,christenson_ximenez,5,"[""17"", ""31"", ""36"", ""72""]"
JOLOM,Jolom,objeto,colop,12,"[""11"", ""12"", ""18"", ""21"", ""22"", ""36""]"
JOLOM,Jolom,objeto,tedlock,40,"[""1.85"", ""2.176"", ""2.214"", ""3.1025"", ""3.140"", ""3.141"", ""3.142"", ""3.143"", ""3.144"", ""3.146"", ""3.148"", ""3.151"", ""3.168"", ""3.178"", ""3.179"", ""3.188"", ""3.212"", ""3.352"", ""3.417"", ""3.451"", ""3.62"", ""3.841"", ""3.852"", ""3.861"", ""3.873"", ""3.880"", ""3.885"", ""3.889"", ""3.891"", ""3.936"", ""5.139"", ""5.197"", ""5.23"", ""5.385"", ""5.393"", ""5.405"", ""5.410""]"
JOLOM,Jolom,objeto,ximenez,5,"[""16"", ""30"", ""35"", ""71""]"
JOLOM_OKOX,Jolom Okox,objeto,ajtzibab,1,"[""4699""]"
JOLOM_OKOX,Jolom Okox,objeto,christenson,1,"[""6406""]"
JOLOM_OKOX,Jolom Okox,objeto,christenson_ximenez,1,"[""62""]"
JOLOM_OKOX,Jolom Okox,objeto,colop,1,"[""30""]"
JOLOM_OKOX,Jolom Okox,objeto,ximenez,1,"[""61""]"
JOLOM_TUKUR,Jolom Tukur,deidad,ajtzibab,2,"[""1316"", ""1327""]"
JOLOM_TUKUR,Jolom Tukur,deidad,christenson,2,"[""1942"", ""1954""]"
JOLOM_TUKUR,Jolom Tukur,deidad,christenson_english_prose,1,"[""17""]"
JOLOM_TUKUR,Jolom Tukur,deidad,christenson_ximenez,2,"[""18""]"
JOLOM_TUKUR,Jolom Tukur,deidad,colop,2,"[""12""]"
JOLOM_TUKUR,Jolom Tukur,deidad,tedlock,2,"[""3.58"", ""3.62""]"
JOLOM_TUKUR,Jolom Tukur,deidad,ximenez,2,"[""17""]"
JOM,Jom,lugar,ajtzibab,18,"[""1208"", ""1335"", ""1337"", ""1339"", ""2413"", ""2431"", ""2433"", ""2487"", ""2539"", ""2543"", ""3128"", ""3189"", ""3201"", ""3216"", ""3227"", ""3245"", ""5664"", ""6191""]"
JOM,Jom,lugar,christenson,18,"[""1784"", ""1964"", ""1968"", ""1973"", ""3320"", ""3339"", ""3341"", ""3400"", ""3454"", ""3458"", ""4098"", ""4165"", ""4178"", ""4194"", ""4208"", ""4228"", ""7806"", ""8595""]"
JOM,Jom,lugar,christenson_english_prose,18,"[""16"", ""17"", ""26"", ""27"", ""29"", ""33"", ""34"", ""70"", ""82""]"
JOM,Jom,lugar,christenson_ximenez,13,"[""17"", ""18"", ""28"", ""29"", ""35"", ""36""]"
JOM,Jom,lugar,colop,16,"[""11"", ""12"", ""19"", ""20"", ""22"", ""38"", ""46""]"
JOM,Jom,lugar,recinos,2,"[""4.12.29"", ""4.8.14""]"
JOM,Jom,lugar,ximenez,13,"[""16"", ""17"", ""27"", ""28"", ""34"", ""35"", ""88""]"
JULISNAB',Julisnab',topónimo,ajtzibab,1,"[""543""]"
JULISNAB',Julisnab',topónimo,christenson,1,"[""955""]"
JULISNAB',Julisnab',topónimo,christenson_english_prose,1,"[""10""]"
JULISNAB',Julisnab',topónimo,christenson_ximenez,1,"[""11""]"
JULISNAB',Julisnab',topónimo,colop,1,"[""7""]"
JULISNAB',Julisnab',topónimo,recinos,1,"[""1.5.7""]"
JULISNAB',Julisnab',topónimo,tedlock,1,"[""2.10""]"
JULISNAB',Julisnab',topónimo,ximenez,1,"[""10""]"
JUMETA_JA,Jumeta Ja,topónimo,christenson,1,"[""7536""]"
JUMETA_JA,Jumeta Ja,topónimo,colop,1,"[""37""]"
JUMETA_JA,Jumeta Ja,topónimo,tedlock,1,"[""5.55""]"
JUNAJPU,Junajpu,deidad,ajtzibab,1,"[""901""]"
JUNAJPU,Junajpu,deidad,christenson,79,"[""1007"", ""1012"", ""1015"", ""1018"", ""1022"", ""1041"", ""1043"", ""1162"", ""1165"", ""1383"", ""1389"", ""1401"", ""1429"", ""1439"", ""1452"", ""1512"", ""1528"", ""1534"", ""1580"", ""1602"", ""1612"", ""1660"", ""1706"", ""1712"", ""1722"", ""1728"", ""1916"", ""2301"", ""2368"", ""2521"", ""2665"", ""2677"", ""2737"", ""2761"", ""2767"", ""2775"", ""2843"", ""2863"", ""2885"", ""2931"", ""2955"", ""2996"", ""3035"", ""3073"", ""3185"", ""3203"", ""3250"", ""3268"", ""3460"", ""3573"", ""3707"", ""3711"", ""3747"", ""3812"", ""3814"", ""3819"", ""3870"", ""3981"", ""4015"", ""4082"", ""4088"", ""4090"", ""4091"", ""4102"", ""4128"", ""4153"", ""4178"", ""4184"", ""4205"", ""4210"", ""4235"", ""4242"", ""4436"", ""4663"", ""4758"", ""5314"", ""911"", ""951"", ""996""]"
JUNAJPU,Junajpu,deidad,christenson_ximenez,173,"[""11"", ""12"", ""13"", ""14"", ""15"", ""16"", ""17"", ""18"", ""19"", ""2"", ""21"", ""22"", ""23"", ""24"", ""25"", ""26"", ""27"", ""29"", ""31"", ""32"", ""35"", ""36"", ""37"", ""39"", ""40"", ""41"", ""42"", ""43"", ""51"", ""59"", ""64"", ""7"", ""70"", ""71"", ""73"", ""75"", ""81"", ""9""]"
JUNAJPU,Junajpu,deidad,colop,79,"[""10"", ""11"", ""12"", ""15"", ""16"", ""17"", ""18"", ""20"", ""21"", ""22"", ""23"", ""24"", ""27"", ""7"", ""8"", ""9""]"
JUNAJPU,Junajpu,deidad,ximenez,166,"[""1"", ""10"", ""11"", ""12"", ""13"", ""14"", ""15"", ""16"", ""17"", ""18"", ""20"", ""21"", ""22"", ""23"", ""24"", ""25"", ""26"", ""28"", ""30"", ""31"", ""34"", ""35"", ""36"", ""38"", ""39"", ""40"", ""41"", ""42"", ""50"", ""6"", ""63"", ""69"", ""70"", ""72"", ""74"", ""8"", ""80""]"
JUNAJPU_JUYUB',Junajpu Juyub',topónimo,christenson_english_prose,87,"[""10"", ""11"", ""12"", ""13"", ""14"", ""15"", ""16"", ""20"", ""22"", ""23"", ""24"", ""25"", ""27"", ""29"", ""30"", ""33"", ""34"", ""35"", ""37"", ""38"", ""39"", ""40"", ""47"", ""76""]"
JUNAJPU_JUYUB',Junajpu Juyub',topónimo,tedlock,90,"[""2.0"", ""2.10"", ""2.185"", ""2.186"", ""2.189"", ""2.202"", ""2.208"", ""2.214"", ""2.244"", ""2.25"", ""2.250"", ""2.251"", ""2.26"", ""2.266"", ""2.278"", ""2.283"", ""2.29"", ""2.297"", ""2.30"", ""2.313"", ""2.315"", ""2.32"", ""2.34"", ""2.40"", ""2.41"", ""2.90"", ""2.91"", ""3.0"", ""3.1"", ""3.1023"", ""3.1029"", ""3.1032"", ""3.1035"", ""3.1055"", ""3.1062"", ""3.1082"", ""3.1093"", ""3.191"", ""3.251"", ""3.293"", ""3.297"", ""3.314"", ""3.317"", ""3.319"", ""3.321"", ""3.322"", ""3.342"", ""3.348"", ""3.353"", ""3.360"", ""3.363"", ""3.371"", ""3.378"", ""3.391"", ""3.400"", ""3.411"", ""3.447"", ""3.453"", ""3.463"", ""3.472"", ""3.481"", ""3.51"", ""3.554"", ""3.604"", ""3.673"", ""3.675"", ""3.676"", ""3.696"", ""3.737"", ""3.738"", ""3.741"", ""3.764"", ""3.800"", ""3.813"", ""3.837"", ""3.841"", ""3.844"", ""3.846"", ""3.852"", ""3.861"", ""3.871"", ""3.880"", ""3.885"", ""3.889"", ""3.891"", ""3.904"", ""3.906"", ""3.923"", ""3.974"", ""4.115""]"
JUNAJPU_K'OY,Junajpu K'oy,canto,christenson,2,"[""2898"", ""2909""]"
JUNAJPU_K'OY,Junajpu K'oy,canto,christenson_english_prose,2,"[""23"", ""24""]"
JUNAJPU_K'OY,Junajpu K'oy,canto,christenson_ximenez,2,"[""25"", ""26""]"
JUNAJPU_K'OY,Junajpu K'oy,canto,colop,2,"[""18""]"
JUNAJPU_K'OY,Junajpu K'oy,canto,ximenez,2,"[""24"", ""25""]"
JUNAJPU_UTIW,Junajpu Utiw,deidad,ajtzibab,2,"[""283"", ""306""]"
JUNAJPU_UTIW,Junajpu Utiw,deidad,christenson,3,"[""20"", ""500"", ""555""]"
JUNAJPU_UTIW,Junajpu Utiw,deidad,christenson_english_prose,3,"[""1"", ""6"", ""7""]"
JUNAJPU_UTIW,Junajpu Utiw,deidad,christenson_ximenez,3,"[""2"", ""7"", ""8""]"
JUNAJPU_UTIW,Junajpu Utiw,deidad,colop,3,"[""0"", ""3"", ""4""]"
JUNAJPU_UTIW,Junajpu Utiw,deidad,tedlock,3,"[""1.102"", ""1.2"", ""1.96""]"
JUNAJPU_UTIW,Junajpu Utiw,deidad,ximenez,3,"[""1"", ""6"", ""7""]"
JUNAJPU_WUCH,Junajpu Wuch',deidad,ajtzibab,2,"[""283"", ""306""]"
JUNAJPU_WUCH,Junajpu Wuch',deidad,christenson,3,"[""19"", ""499"", ""554""]"
JUNAJPU_WUCH,Junajpu Wuch',deidad,christenson_english_prose,3,"[""1"", ""6"", ""7""]"
JUNAJPU_WUCH,Junajpu Wuch',deidad,colop,3,"[""0"", ""3"", ""4""]"
JUNAJPU_WUCH,Junajpu Wuch',deidad,tedlock,3,"[""1.102"", ""1.2"", ""1.96""]"
JUNAJPU_WUCH',JUNAJPU_WUCH',,christenson_ximenez,1,"[""8""]"
JUNAJPU_WUCH',JUNAJPU_WUCH',,ximenez,1,"[""7""]"
JUN_B'ATZ,JUN_B'ATZ,,christenson_ximenez,27,"[""17"", ""18"", ""23"", ""25"", ""26""]"
JUN_B'ATZ,JUN_B'ATZ,,ximenez,23,"[""16"", ""17"", ""22"", ""24"", ""25""]"
JUN_B'ATZ',Jun B'atz',deidad,ajtzibab,1,"[""1184""]"
JUN_B'ATZ',Jun B'atz',deidad,christenson,27,"[""1744"", ""1763"", ""1773"", ""1800"", ""1908"", ""1914"", ""2020"", ""2510"", ""2517"", ""2541"", ""2563"", ""2595"", ""2625"", ""2689"", ""2695"", ""2703"", ""2725"", ""2743"", ""2747"", ""2757"", ""2765"", ""2797"", ""2833"", ""2861"", ""2912"", ""2993"", ""3012""]"
JUN_B'ATZ',Jun B'atz',deidad,colop,1,"[""11""]"
JUN_B'ATZ'_JUN_CHOWEN,Jun B'atz' Jun Chowen,grupo de deidades,ajtzibab,26,"[""1197"", ""1203"", ""1217"", ""1288"", ""1291"", ""1380"", ""1802"", ""1805"", ""1821"", ""1835"", ""1862"", ""1878"", ""1930"", ""1934"", ""1940"", ""1954"", ""1964"", ""1967"", ""1976"", ""1979"", ""2000"", ""2033"", ""2056"", ""2093"", ""2157"", ""2168""]"
JUN_B'ATZ'_JUN_CHOWEN,Jun B'atz' Jun Chowen,grupo de deidades,christenson_ximenez,28,"[""13"", ""15"", ""23"", ""25"", ""26"", ""27"", ""37"", ""61"", ""62"", ""64"", ""65"", ""70"", ""71"", ""74"", ""75"", ""80"", ""81""]"
JUN_B'ATZ'_JUN_CHOWEN,Jun B'atz' Jun Chowen,grupo de deidades,colop,26,"[""11"", ""12"", ""16"", ""17"", ""18""]"
JUN_B'ATZ'_JUN_CHOWEN,Jun B'atz' Jun Chowen,grupo de deidades,ximenez,25,"[""12"", ""14"", ""22"", ""24"", ""25"", ""26"", ""36"", ""60"", ""63"", ""64"", ""69"", ""70"", ""73"", ""80""]"
JUN_CHOWEN,Jun Chowen,deidad,ajtzibab,1,"[""1185""]"
JUN_CHOWEN,Jun Chowen,deidad,christenson,27,"[""1745"", ""1764"", ""1774"", ""1801"", ""1909"", ""1915"", ""2021"", ""2511"", ""2518"", ""2542"", ""2564"", ""2596"", ""2626"", ""2690"", ""2696"", ""2704"", ""2726"", ""2744"", ""2748"", ""2758"", ""2766"", ""2798"", ""2834"", ""2862"", ""2913"", ""2994"", ""3013""]"
JUN_CHOWEN,Jun Chowen,deidad,christenson_english_prose,27,"[""16"", ""17"", ""22"", ""23"", ""24""]"
JUN_CHOWEN,Jun Chowen,deidad,christenson_ximenez,26,"[""17"", ""18"", ""23"", ""25"", ""26""]"
JUN_CHOWEN,Jun Chowen,deidad,colop,1,"[""11""]"
JUN_CHOWEN,Jun Chowen,deidad,ximenez,24,"[""16"", ""17"", ""22"", ""24"", ""25""]"
JUN_JUNAJPU,Jun Junajpu,deidad,christenson,32,"[""1733"", ""1738"", ""1742"", ""1749"", ""1766"", ""1775"", ""1892"", ""1896"", ""1904"", ""1911"", ""1922"", ""1966"", ""2030"", ""2032"", ""2088"", ""2137"", ""2148"", ""2201"", ""2205"", ""2228"", ""2240"", ""2246"", ""2254"", ""2261"", ""2353"", ""2414"", ""2550"", ""2555"", ""3219"", ""3346"", ""4649"", ""4764""]"
JUN_JUNAJPU,Jun Junajpu,deidad,christenson_english_prose,34,"[""16"", ""17"", ""19"", ""20"", ""21"", ""22"", ""25"", ""27"", ""40""]"
JUN_JUNAJPU,Jun Junajpu,deidad,christenson_ximenez,22,"[""11"", ""16"", ""21"", ""22"", ""25"", ""27"", ""29"", ""42"", ""46"", ""47"", ""48"", ""51"", ""53"", ""69"", ""7"", ""73""]"
JUN_JUNAJPU,Jun Junajpu,deidad,colop,33,"[""11"", ""12"", ""13"", ""14"", ""15"", ""16"", ""18"", ""19"", ""24""]"
JUN_JUNAJPU,Jun Junajpu,deidad,tedlock,18,"[""3.1056"", ""3.1094"", ""3.14"", ""3.140"", ""3.143"", ""3.144"", ""3.146"", ""3.148"", ""3.151"", ""3.168"", ""3.212"", ""3.261"", ""3.263"", ""3.4"", ""3.50"", ""3.6"", ""3.7"", ""3.8""]"
JUN_JUNAJPU,Jun Junajpu,deidad,ximenez,22,"[""10"", ""15"", ""20"", ""24"", ""26"", ""28"", ""41"", ""45"", ""46"", ""47"", ""50"", ""52"", ""6"", ""68"", ""69"", ""72""]"
JUN_KAME',Jun Kame',deidad,ajtzibab,14,"[""1429"", ""1773"", ""1779"", ""1786"", ""2689"", ""2690"", ""2692"", ""2693"", ""2774"", ""2814"", ""3327"", ""3480"", ""3541"", ""3542""]"
JUN_KAME',Jun Kame',deidad,christenson,40,"[""1805"", ""1824"", ""1830"", ""1918"", ""1976"", ""1991"", ""2079"", ""2092"", ""2142"", ""2207"", ""2221"", ""2233"", ""2241"", ""2378"", ""2441"", ""2484"", ""2491"", ""2496"", ""3350"", ""3530"", ""3624"", ""3628"", ""3629"", ""3723"", ""3759"", ""3793"", ""3901"", ""3929"", ""3979"", ""4099"", ""4316"", ""4337"", ""4400"", ""4518"", ""4533"", ""4569"", ""4577"", ""4583"", ""4597"", ""4600""]"
JUN_KAME',Jun Kame',deidad,christenson_english_prose,39,"[""16"", ""17"", ""19"", ""21"", ""27"", ""28"", ""29"", ""33"", ""35"", ""37"", ""38"", ""39""]"
JUN_KAME',Jun Kame',deidad,christenson_ximenez,41,"[""17"", ""18"", ""19"", ""22"", ""29"", ""30"", ""31"", ""35"", ""37"", ""39"", ""40"", ""41""]"
JUN_KAME',Jun Kame',deidad,colop,13,"[""13"", ""15"", ""21"", ""22"", ""23"", ""24""]"
JUN_KAME',Jun Kame',deidad,tedlock,15,"[""3.1009"", ""3.1041"", ""3.1042"", ""3.21"", ""3.237"", ""3.241"", ""3.243"", ""3.617"", ""3.621"", ""3.622"", ""3.65"", ""3.681"", ""3.704"", ""3.931"", ""3.94""]"
JUN_KAME',Jun Kame',deidad,ximenez,39,"[""16"", ""17"", ""18"", ""21"", ""28"", ""29"", ""30"", ""34"", ""36"", ""38"", ""39"", ""40""]"
JUN_KAME'_WUQUB'_KAME,JUN_KAME'_WUQUB'_KAME,,christenson_ximenez,107,"[""101"", ""108"", ""17"", ""18"", ""19"", ""22"", ""29"", ""30"", ""31"", ""39"", ""40"", ""41"", ""53"", ""65"", ""66"", ""67"", ""74"", ""75"", ""76"", ""77"", ""78"", ""79"", ""80"", ""81"", ""82"", ""83"", ""86"", ""87"", ""88"", ""89"", ""99""]"
JUN_KAME'_WUQUB'_KAME,JUN_KAME'_WUQUB'_KAME,,ximenez,93,"[""16"", ""17"", ""18"", ""21"", ""28"", ""29"", ""30"", ""38"", ""39"", ""40"", ""52"", ""64"", ""65"", ""66"", ""73"", ""74"", ""75"", ""76"", ""77"", ""78"", ""80"", ""81"", ""82"", ""85"", ""86"", ""87"", ""92"", ""94"", ""96""]"
JUN_KAME'_WUQUB'_KAME',Jun Kame' Wuqub' Kame',grupo de deidades,ajtzibab,27,"[""1219"", ""1232"", ""1237"", ""1294"", ""1341"", ""1348"", ""1440"", ""1481"", ""1530"", ""1541"", ""1550"", ""1558"", ""1671"", ""1731"", ""2442"", ""2612"", ""2848"", ""2958"", ""2975"", ""3016"", ""3129"", ""3314"", ""3384"", ""3494"", ""3522"", ""3527"", ""3532""]"
JUN_KAME'_WUQUB'_KAME',Jun Kame' Wuqub' Kame',grupo de deidades,christenson_ximenez,1,"[""68""]"
JUN_KAME'_WUQUB'_KAME',Jun Kame' Wuqub' Kame',grupo de deidades,colop,27,"[""11"", ""12"", ""13"", ""14"", ""15"", ""19"", ""20"", ""22"", ""23"", ""24""]"
JUN_KAME'_WUQUB'_KAME',Jun Kame' Wuqub' Kame',grupo de deidades,ximenez,1,"[""67""]"
JUN_RAQAN,Jun Raqan,deidad,ajtzibab,3,"[""1322"", ""1656"", ""97""]"
JUN_RAQAN,Jun Raqan,deidad,christenson,1,"[""1949""]"
JUN_RAQAN,Jun Raqan,deidad,christenson_english_prose,15,"[""14"", ""16"", ""20"", ""3"", ""33"", ""46"", ""47"", ""5"", ""7"", ""79"", ""8""]"
JUN_RAQAN,Jun Raqan,deidad,christenson_ximenez,21,"[""12"", ""15"", ""17"", ""18"", ""21"", ""35"", ""5"", ""50"", ""51"", ""7"", ""8"", ""87"", ""9""]"
JUN_RAQAN,Jun Raqan,deidad,colop,5,"[""1"", ""11"", ""12"", ""15""]"
JUN_RAQAN,Jun Raqan,deidad,recinos,16,"[""1.1.18"", ""1.1.19"", ""1.1.32"", ""1.2.15"", ""1.2.47"", ""1.3.10"", ""1.9.3"", ""1.9.6"", ""1.9.8"", ""2.1.15"", ""2.11.11"", ""2.3.27"", ""3.2.32"", ""3.3.26"", ""4.11.23""]"
JUN_RAQAN,Jun Raqan,deidad,ximenez,19,"[""11"", ""14"", ""16"", ""17"", ""20"", ""34"", ""4"", ""49"", ""50"", ""6"", ""7"", ""8""]"
JUN_TOJ,Jun Toj,deidad,ajtzibab,1,"[""4608""]"
JUN_TOJ,Jun Toj,deidad,christenson,1,"[""6258""]"
JUN_TOJ,Jun Toj,deidad,christenson_english_prose,1,"[""56""]"
JUN_TOJ,Jun Toj,deidad,christenson_ximenez,1,"[""61""]"
JUN_TOJ,Jun Toj,deidad,colop,1,"[""29""]"
JUN_TOJ,Jun Toj,deidad,recinos,2,"[""3.10.4"", ""4.11.2""]"
JUN_TOJ,Jun Toj,deidad,tedlock,1,"[""4.401""]"
JUN_TOJ,Jun Toj,deidad,ximenez,1,"[""60""]"
JUN_WINAQ,jun winaq,persona,ajtzibab,4,"[""3485"", ""3490"", ""3492"", ""4156""]"
JUN_WINAQ,jun winaq,persona,christenson,6,"[""106"", ""4525"", ""4529"", ""4531"", ""4536"", ""5556""]"
JUN_WINAQ,jun winaq,persona,christenson_english_prose,5,"[""38"", ""51"", ""56""]"
JUN_WINAQ,jun winaq,persona,christenson_ximenez,2,"[""55""]"
JUN_WINAQ,jun winaq,persona,colop,6,"[""1"", ""23"", ""28""]"
JUN_WINAQ,jun winaq,persona,tedlock,7,"[""1.100"", ""1.179"", ""3.1011"", ""4.192"", ""4.365"", ""4.368""]"
JUN_WINAQ,jun winaq,persona,ximenez,3,"[""28"", ""54""]"
JURAQAN_TUKUR,Juraqan Tukur,deidad,ajtzibab,2,"[""1315"", ""1321""]"
JURAQAN_TUKUR,Juraqan Tukur,deidad,christenson,2,"[""1940"", ""1948""]"
JURAQAN_TUKUR,Juraqan Tukur,deidad,christenson_english_prose,2,"[""17""]"
JURAQAN_TUKUR,Juraqan Tukur,deidad,christenson_ximenez,2,"[""18""]"
JURAQAN_TUKUR,Juraqan Tukur,deidad,colop,2,"[""12""]"
JURAQAN_TUKUR,Juraqan Tukur,deidad,ximenez,2,"[""17""]"
K'AJB'A_JA,K'ajb'a Ja,lugar,christenson,1,"[""8252""]"
K'AJB'A_JA,K'ajb'a Ja,lugar,christenson_english_prose,1,"[""78""]"
K'AJB'A_JA,K'ajb'a Ja,lugar,colop,1,"[""43""]"
K'AJIM_JAL,K'ajim Jal,objeto,ajtzibab,1,"[""3299""]"
K'AJIM_JAL,K'ajim Jal,objeto,christenson,1,"[""4296""]"
K'AJIM_JAL,K'ajim Jal,objeto,christenson_english_prose,1,"[""35""]"
K'AJIM_JAL,K'ajim Jal,objeto,colop,1,"[""23""]"
K'AJIM_JAL,K'ajim Jal,objeto,recinos,1,"[""2.12.10""]"
K'AJOLOM,K'ajolom,deidad,ajtzibab,16,"[""153"", ""17"", ""177"", ""180"", ""195"", ""210"", ""242"", ""3701"", ""3735"", ""3752"", ""3774"", ""3776"", ""3842"", ""3865"", ""3994"", ""75""]"
K'AJOLOM,K'ajolom,deidad,christenson,15,"[""141"", ""18"", ""287"", ""335"", ""344"", ""393"", ""438"", ""4824"", ""4887"", ""4924"", ""4957"", ""4965"", ""5075"", ""5107"", ""5318""]"
K'AJOLOM,K'ajolom,deidad,christenson_ximenez,62,"[""10"", ""100"", ""107"", ""11"", ""17"", ""2"", ""21"", ""22"", ""29"", ""4"", ""41"", ""42"", ""43"", ""44"", ""46"", ""48"", ""50"", ""51"", ""53"", ""6"", ""64"", ""69"", ""7"", ""70"", ""71"", ""73"", ""81"", ""83"", ""86"", ""87""]"
K'AJOLOM,K'ajolom,deidad,colop,16,"[""0"", ""1"", ""2"", ""25"", ""26"", ""27"", ""3""]"
K'AJOLOM,K'ajolom,deidad,recinos,2,"[""0.1.2"", ""3.3.26""]"
K'AJOLOM,K'ajolom,deidad,ximenez,53,"[""1"", ""10"", ""14"", ""16"", ""20"", ""21"", ""28"", ""3"", ""40"", ""41"", ""43"", ""45"", ""47"", ""49"", ""5"", ""50"", ""52"", ""6"", ""63"", ""68"", ""69"", ""72"", ""80"", ""82"", ""86"", ""9"", ""93""]"
K'ANTI',K'anti',animal,ajtzibab,4,"[""151"", ""4431"", ""4546"", ""4551""]"
K'ANTI',K'anti',animal,christenson_english_prose,3,"[""4"", ""56""]"
K'ANTI',K'anti',animal,christenson_ximenez,4,"[""59"", ""6"", ""61""]"
K'ANTI',K'anti',animal,colop,4,"[""2"", ""28"", ""29""]"
K'ANTI',K'anti',animal,ximenez,4,"[""5"", ""58"", ""60""]"
K'ASAM_AJ,K'asam Aj,lugar,ajtzibab,3,"[""3646"", ""3650"", ""3652""]"
K'ASAM_AJ,K'asam Aj,lugar,christenson,3,"[""4743"", ""4751"", ""4754""]"
K'ASAM_AJ,K'asam Aj,lugar,colop,3,"[""24""]"
K'AWEX,K'awex,objeto,ajtzibab,1,"[""3742""]"
K'AWEX,K'awex,objeto,christenson,1,"[""4898""]"
K'AWEX,K'awex,objeto,christenson_english_prose,1,"[""42""]"
K'AWEX,K'awex,objeto,christenson_ximenez,1,"[""46""]"
K'AWEX,K'awex,objeto,colop,1,"[""25""]"
K'AWEX,K'awex,objeto,recinos,1,"[""3.1.10""]"
K'AWEX,K'awex,objeto,tedlock,1,"[""4.14""]"
K'AWEX,K'awex,objeto,ximenez,1,"[""45""]"
K'AYALA',K'ayala',topónimo,ajtzibab,2,"[""3723"", ""3743""]"
K'AYALA',K'ayala',topónimo,christenson,2,"[""4862"", ""4906""]"
K'AYALA',K'ayala',topónimo,christenson_english_prose,2,"[""42""]"
K'AYALA',K'ayala',topónimo,christenson_ximenez,2,"[""45"", ""46""]"
K'AYALA',K'ayala',topónimo,colop,2,"[""25""]"
K'AYALA',K'ayala',topónimo,ximenez,2,"[""44"", ""45""]"
K'EL,K'el,animal,ajtzibab,1,"[""3726""]"
K'EL,K'el,animal,christenson,1,"[""4869""]"
K'EL,K'el,animal,christenson_english_prose,1,"[""42""]"
K'EL,K'el,animal,christenson_ximenez,3,"[""4"", ""46"", ""81""]"
K'EL,K'el,animal,colop,1,"[""25""]"
K'EL,K'el,animal,recinos,1,"[""3.1.7""]"
K'EL,K'el,animal,ximenez,3,"[""3"", ""34"", ""45""]"
K'ELETZU,K'eletzu,animal,ajtzibab,1,"[""4519""]"
K'ELETZU,K'eletzu,animal,christenson,1,"[""6105""]"
K'ELETZU,K'eletzu,animal,christenson_english_prose,1,"[""56""]"
K'ELETZU,K'eletzu,animal,christenson_ximenez,1,"[""61""]"
K'ELETZU,K'eletzu,animal,colop,1,"[""29""]"
K'ELETZU,K'eletzu,animal,tedlock,3,"[""4.356"", ""4.8"", ""5.27""]"
K'ELETZU,K'eletzu,animal,ximenez,1,"[""60""]"
K'ENECH_AJAW,K'enech Ajaw,linaje,christenson,1,"[""5176""]"
K'ENECH_AJAW,K'enech Ajaw,linaje,christenson_ximenez,1,"[""51""]"
K'ENECH_AJAW,K'enech Ajaw,linaje,recinos,1,"[""3.3.7""]"
K'ENECH_AJAW,K'enech Ajaw,linaje,tedlock,1,"[""4.81""]"
K'ENECH_AJAW,K'enech Ajaw,linaje,ximenez,1,"[""50""]"
K'IKAB,K'IKAB,,ximenez,3,"[""11"", ""7"", ""81""]"
K'IKAB'_KQDIEZ,K'IKAB'_KQDIEZ,,christenson_english_prose,12,"[""75"", ""76"", ""78"", ""79"", ""81""]"
K'IKAB'_KQDIEZ,K'IKAB'_KQDIEZ,,christenson_ximenez,11,"[""27"", ""8"", ""82"", ""83"", ""86"", ""87"", ""89""]"
K'IKAB'_KQDIEZ,K'IKAB'_KQDIEZ,,recinos,12,"[""4.10.11"", ""4.10.18"", ""4.10.24"", ""4.10.25"", ""4.10.27"", ""4.10.4"", ""4.10.5"", ""4.10.6"", ""4.11.43"", ""4.11.7"", ""4.12.12"", ""4.12.9""]"
K'IKAB'_KQDIEZ,K'IKAB'_KQDIEZ,,tedlock,14,"[""5.205"", ""5.206"", ""5.213"", ""5.216"", ""5.217"", ""5.225"", ""5.236"", ""5.244"", ""5.245"", ""5.249"", ""5.283"", ""5.318"", ""5.338"", ""5.341""]"
K'IKAB'_KQDIEZ,K'IKAB'_KQDIEZ,,ximenez,11,"[""26"", ""7"", ""81"", ""82"", ""85"", ""86"", ""87""]"
K'IKAB'_KQSIETE,K'IKAB'_KQSIETE,,christenson_ximenez,6,"[""37"", ""55"", ""82"", ""83""]"
K'IKAB'_KQSIETE,K'IKAB'_KQSIETE,,ximenez,6,"[""36"", ""54"", ""81"", ""82""]"
K'IM,K'im,objeto,ajtzibab,4,"[""164"", ""3608"", ""4664"", ""60""]"
K'IM,K'im,objeto,christenson,5,"[""115"", ""307"", ""3139"", ""4685"", ""6346""]"
K'IM,K'im,objeto,christenson_english_prose,1,"[""57""]"
K'IM,K'im,objeto,christenson_ximenez,5,"[""27"", ""4"", ""42"", ""6"", ""62""]"
K'IM,K'im,objeto,colop,5,"[""1"", ""18"", ""2"", ""24"", ""30""]"
K'IM,K'im,objeto,tedlock,1,"[""4.420""]"
K'IM,K'im,objeto,ximenez,4,"[""26"", ""3"", ""41"", ""5""]"
K'O'AJAW,K'O'AJAW,,christenson_ximenez,1,"[""70""]"
K'O'AJAW,K'O'AJAW,,ximenez,1,"[""69""]"
K'O'AJAW_AKDOS,K'o'ajaw (gen. 2),persona,christenson_english_prose,83,"[""11"", ""14"", ""16"", ""17"", ""19"", ""20"", ""29"", ""38"", ""39"", ""47"", ""50"", ""61"", ""64"", ""65"", ""66"", ""68"", ""69"", ""71"", ""72"", ""74"", ""75"", ""76"", ""82"", ""83"", ""84"", ""85"", ""86""]"
K'O'AJAW_AKDOS,K'o'ajaw (gen. 2),persona,christenson_ximenez,2,"[""100"", ""71""]"
K'O'AJAW_AKDOS,K'o'ajaw (gen. 2),persona,recinos,3,"[""4.5.4"", ""4.6.14"", ""4.6.5""]"
K'O'AJAW_AKDOS,K'o'ajaw (gen. 2),persona,tedlock,109,"[""2.52"", ""2.53"", ""2.60"", ""2.61"", ""2.75"", ""2.85"", ""3.1002"", ""3.1007"", ""3.1011"", ""3.1022"", ""3.1041"", ""3.1046"", ""3.154"", ""3.155"", ""3.179"", ""3.181"", ""3.183"", ""3.29"", ""3.705"", ""3.72"", ""3.786"", ""3.789"", ""3.90"", ""3.978"", ""3.985"", ""3.994"", ""4.163"", ""4.577"", ""4.578"", ""4.580"", ""4.583"", ""4.711"", ""4.721"", ""4.86"", ""5.105"", ""5.115"", ""5.131"", ""5.136"", ""5.139"", ""5.15"", ""5.153"", ""5.154"", ""5.16"", ""5.163"", ""5.165"", ""5.166"", ""5.167"", ""5.168"", ""5.170"", ""5.181"", ""5.186"", ""5.187"", ""5.191"", ""5.193"", ""5.194"", ""5.196"", ""5.198"", ""5.205"", ""5.246"", ""5.247"", ""5.257"", ""5.275"", ""5.307"", ""5.33"", ""5.355"", ""5.357"", ""5.360"", ""5.361"", ""5.380"", ""5.381"", ""5.382"", ""5.383"", ""5.385"", ""5.386"", ""5.387"", ""5.395"", ""5.397"", ""5.405"", ""5.406"", ""5.407"", ""5.408"", ""5.409"", ""5.410"", ""5.416"", ""5.66"", ""5.7"", ""5.72"", ""5.83"", ""5.84"", ""5.85"", ""5.86"", ""5.95"", ""5.97"", ""5.98""]"
K'O'AJAW_AKDOS,K'o'ajaw (gen. 2),persona,ximenez,2,"[""70"", ""93""]"
K'O'AKUL,K'o'akul,linaje,ajtzibab,2,"[""5280"", ""6202""]"
K'O'AKUL,K'o'akul,linaje,christenson_ximenez,1,"[""70""]"
K'O'AKUL,K'o'akul,linaje,colop,2,"[""35"", ""47""]"
K'O'AKUL,K'o'akul,linaje,recinos,2,"[""4.12.37"", ""4.5.3""]"
K'O'AKUL,K'o'akul,linaje,ximenez,1,"[""69""]"
K'O'AKUL_NJDOS,K'o'akul (gen. 2),persona,christenson_english_prose,2,"[""64"", ""83""]"
K'O'AKUTEK,K'O'AKUTEK,,christenson_ximenez,1,"[""70""]"
K'O'AKUTEK,K'O'AKUTEK,,ximenez,1,"[""69""]"
K'O'AKUTEK_NJDOS,K'o'akutek (gen. 2),persona,christenson_english_prose,4,"[""64"", ""65"", ""67"", ""83""]"
K'O'AKUTEK_NJDOS,K'o'akutek (gen. 2),persona,christenson_ximenez,3,"[""71"", ""73"", ""92""]"
K'O'AKUTEK_NJDOS,K'o'akutek (gen. 2),persona,recinos,4,"[""4.12.37"", ""4.5.3"", ""4.6.14"", ""4.6.5""]"
K'O'AKUTEK_NJDOS,K'o'akutek (gen. 2),persona,tedlock,4,"[""4.710"", ""5.33"", ""5.371"", ""5.6""]"
K'O'AKUTEK_NJDOS,K'o'akutek (gen. 2),persona,ximenez,2,"[""70"", ""72""]"
K'OCHAJUJ,K'ochajuj,linaje,ajtzibab,1,"[""6203""]"
K'OCHAJUJ,K'ochajuj,linaje,colop,1,"[""47""]"
K'OCHAJUJ_NJTRES,K'ochajuj (gen. 3),persona,recinos,1,"[""4.12.38""]"
K'OJAJ,K'ojaj,linaje,ajtzibab,1,"[""3912""]"
K'OJAJ,K'ojaj,linaje,christenson,1,"[""5175""]"
K'OJAJ,K'ojaj,linaje,christenson_english_prose,1,"[""47""]"
K'OJAJ,K'ojaj,linaje,christenson_ximenez,1,"[""51""]"
K'OJAJ,K'ojaj,linaje,colop,1,"[""27""]"
K'OJAJ,K'ojaj,linaje,recinos,1,"[""3.3.7""]"
K'OJAJ,K'ojaj,linaje,tedlock,1,"[""4.81""]"
K'OJAJ,K'ojaj,linaje,ximenez,1,"[""50""]"
K'OKA'IB,K'OKA'IB,,christenson_ximenez,1,"[""70""]"
K'OKA'IB,K'OKA'IB,,recinos,4,"[""4.5.2"", ""4.5.25"", ""4.6.14"", ""4.6.4""]"
K'OKA'IB,K'OKA'IB,,ximenez,1,"[""69""]"
K'OKA'IB_KQDOS,K'oka'ib (gen. 2),persona,christenson_english_prose,18,"[""64"", ""65"", ""67"", ""68"", ""81"", ""83"", ""85""]"
K'OKA'IB_KQDOS,K'oka'ib (gen. 2),persona,christenson_ximenez,13,"[""12"", ""22"", ""29"", ""31"", ""54"", ""56"", ""67"", ""70"", ""73"", ""81""]"
K'OKA'IB_KQDOS,K'oka'ib (gen. 2),persona,ximenez,14,"[""11"", ""21"", ""26"", ""28"", ""30"", ""53"", ""55"", ""66"", ""69"", ""72"", ""82""]"
K'OKAMEL_AKSIETE,K'okamel (gen. 7),persona,christenson_ximenez,1,"[""100""]"
K'OKAMEL_AKSIETE,K'okamel (gen. 7),persona,recinos,1,"[""4.12.64""]"
K'OKAMEL_AKSIETE,K'okamel (gen. 7),persona,tedlock,1,"[""5.402""]"
K'OKAMEL_AKSIETE,K'okamel (gen. 7),persona,ximenez,1,"[""93""]"
K'OKOSOM_AKCUATRO,K'okosom (gen. 4),persona,christenson_ximenez,1,"[""100""]"
K'OKOSOM_AKCUATRO,K'okosom (gen. 4),persona,tedlock,2,"[""3.422"", ""5.399""]"
K'OKOSOM_AKCUATRO,K'okosom (gen. 4),persona,ximenez,1,"[""93""]"
K'OOL,K'ool,lugar,christenson_english_prose,4,"[""3"", ""47"", ""7""]"
K'OOL,K'ool,lugar,christenson_ximenez,9,"[""44"", ""5"", ""7"", ""8"", ""87""]"
K'OOL,K'ool,lugar,colop,9,"[""1"", ""25"", ""3"", ""4"", ""43""]"
K'OOL,K'ool,lugar,ximenez,9,"[""4"", ""43"", ""6"", ""7"", ""86""]"
K'OQAWIB_KQDOS,K'oqawib (gen. 2),persona,christenson_ximenez,3,"[""70"", ""89""]"
K'OQAWIB_KQDOS,K'oqawib (gen. 2),persona,tedlock,3,"[""4.708"", ""4.741"", ""5.333""]"
K'OQAWIB_KQDOS,K'oqawib (gen. 2),persona,ximenez,3,"[""69"", ""87""]"
K'OTAL,K'otal,animal,ajtzibab,1,"[""5735""]"
K'OTAL,K'otal,animal,christenson,1,"[""7899""]"
K'OTAL,K'otal,animal,christenson_english_prose,4,"[""61"", ""74""]"
K'OTAL,K'otal,animal,christenson_ximenez,6,"[""61"", ""67"", ""81""]"
K'OTAL,K'otal,animal,colop,1,"[""41""]"
K'OTAL,K'otal,animal,tedlock,5,"[""4.358"", ""4.562"", ""4.574"", ""4.578"", ""5.189""]"
K'OTAL,K'otal,animal,ximenez,7,"[""60"", ""61"", ""66"", ""80""]"
K'OTK'OWACH,K'otk'owach,animal,christenson_english_prose,1,"[""8""]"
K'OTK'OWACH,K'otk'owach,animal,christenson_ximenez,1,"[""9""]"
K'OTK'OWACH,K'otk'owach,animal,colop,1,"[""5""]"
K'OTK'OWACH,K'otk'owach,animal,ximenez,1,"[""8""]"
K'OTUJA_KQCINCO,K'otuja (gen. 5),persona,christenson_ximenez,7,"[""74"", ""75"", ""86"", ""87"", ""89"", ""92""]"
K'OTUJA_KQCINCO,K'otuja (gen. 5),persona,recinos,13,"[""4.11.43"", ""4.11.7"", ""4.12.40"", ""4.12.43"", ""4.12.6"", ""4.12.7"", ""4.7.11"", ""4.7.13"", ""4.7.18"", ""4.7.25"", ""4.7.3"", ""4.8.0"", ""4.9.8""]"
K'OTUJA_KQCINCO,K'otuja (gen. 5),persona,tedlock,14,"[""5.105"", ""5.119"", ""5.186"", ""5.283"", ""5.318"", ""5.335"", ""5.336"", ""5.374"", ""5.377"", ""5.380"", ""5.66"", ""5.83"", ""5.85"", ""5.95""]"
K'OTUJA_KQCINCO,K'otuja (gen. 5),persona,ximenez,9,"[""73"", ""74"", ""85"", ""86"", ""87"", ""90""]"
K'OTUJA_KQCUATRO,K'otuja (gen. 4),persona,christenson_english_prose,14,"[""68"", ""69"", ""74"", ""78"", ""79"", ""81"", ""83""]"
K'OTUJA_KQCUATRO,K'otuja (gen. 4),persona,christenson_ximenez,5,"[""74"", ""92"", ""93""]"
K'OTUJA_KQCUATRO,K'otuja (gen. 4),persona,ximenez,4,"[""73"", ""90""]"
K'OTZ'IB'AJA_NJTRES,K'otz'ib'aja (gen. 3),persona,christenson_ximenez,1,"[""92""]"
K'OTZ'IB'AJA_NJTRES,K'otz'ib'aja (gen. 3),persona,tedlock,1,"[""5.372""]"
K'OY,K'oy,animal,ajtzibab,7,"[""2050"", ""2084"", ""2091"", ""2116"", ""2163"", ""462"", ""466""]"
K'OY,K'oy,animal,christenson,5,"[""2854"", ""2946"", ""3006"", ""824"", ""831""]"
K'OY,K'oy,animal,christenson_ximenez,4,"[""25"", ""26"", ""9""]"
K'OY,K'oy,animal,colop,5,"[""18"", ""5""]"
K'OY,K'oy,animal,tedlock,29,"[""3.14"", ""3.15"", ""3.20"", ""3.250"", ""3.251"", ""3.257"", ""3.265"", ""3.274"", ""3.279"", ""3.303"", ""3.304"", ""3.306"", ""3.312"", ""3.315"", ""3.316"", ""3.318"", ""3.320"", ""3.326"", ""3.338"", ""3.348"", ""3.360"", ""3.363"", ""3.364"", ""3.391"", ""3.395"", ""3.50"", ""3.7"", ""3.75"", ""5.375""]"
K'OY,K'oy,animal,ximenez,4,"[""24"", ""25"", ""8""]"
K'OYABAKOJ_AKOCHO,K'oyabakoj (gen. 8),persona,christenson_ximenez,1,"[""100""]"
K'OYABAKOJ_AKOCHO,K'oyabakoj (gen. 8),persona,tedlock,1,"[""5.403""]"
K'OYABAKOJ_AKOCHO,K'oyabakoj (gen. 8),persona,ximenez,1,"[""93""]"
K'ULB'A,K'ulb'a,topónimo,ajtzibab,1,"[""5484""]"
K'ULB'A,K'ulb'a,topónimo,christenson,1,"[""7537""]"
K'ULB'A,K'ulb'a,topónimo,christenson_english_prose,1,"[""67""]"
K'ULB'A,K'ulb'a,topónimo,christenson_ximenez,1,"[""73""]"
K'ULB'A,K'ulb'a,topónimo,colop,1,"[""37""]"
K'ULB'A,K'ulb'a,topónimo,tedlock,1,"[""5.55""]"
K'ULB'A,K'ulb'a,topónimo,ximenez,1,"[""72""]"
K'ULKU_SIWAN,K'ulku Siwan,topónimo,christenson,1,"[""2041""]"
K'ULKU_SIWAN,K'ulku Siwan,topónimo,christenson_english_prose,1,"[""19""]"
K'ULKU_SIWAN,K'ulku Siwan,topónimo,christenson_ximenez,1,"[""19""]"
K'ULKU_SIWAN,K'ulku Siwan,topónimo,colop,1,"[""13""]"
K'ULKU_SIWAN,K'ulku Siwan,topónimo,ximenez,1,"[""18""]"
K'US_B'US,K'us B'us,objeto,ajtzibab,1,"[""5430""]"
K'US_B'US,K'us B'us,objeto,christenson,1,"[""7450""]"
K'US_B'US,K'us B'us,objeto,christenson_english_prose,1,"[""66""]"
K'US_B'US,K'us B'us,objeto,christenson_ximenez,1,"[""72""]"
K'US_B'US,K'us B'us,objeto,colop,1,"[""36""]"
K'US_B'US,K'us B'us,objeto,ximenez,1,"[""71""]"
KA',Ka',objeto,ajtzibab,215,"[""1006"", ""1009"", ""1147"", ""1163"", ""1217"", ""1246"", ""1291"", ""1293"", ""1371"", ""1373"", ""1388"", ""1411"", ""1433"", ""1440"", ""1454"", ""1463"", ""156"", ""1595"", ""1621"", ""1667"", ""1682"", ""1730"", ""1731"", ""1741"", ""1787"", ""1860"", ""1876"", ""1892"", ""1926"", ""2028"", ""2031"", ""2045"", ""2051"", ""2083"", ""2085"", ""2096"", ""2109"", ""2121"", ""2136"", ""2194"", ""221"", ""2217"", ""2222"", ""2234"", ""2253"", ""2273"", ""2274"", ""2306"", ""2308"", ""2326"", ""2329"", ""2382"", ""2409"", ""2412"", ""2414"", ""2417"", ""2456"", ""2480"", ""2482"", ""2517"", ""2521"", ""2532"", ""2539"", ""2553"", ""2557"", ""2562"", ""2566"", ""2573"", ""2582"", ""2587"", ""2593"", ""2689"", ""2763"", ""2773"", ""2804"", ""2811"", ""287"", ""2876"", ""2898"", ""2934"", ""2990"", ""3007"", ""3014"", ""3022"", ""3050"", ""3056"", ""3057"", ""3060"", ""3070"", ""3106"", ""3107"", ""3113"", ""3123"", ""3132"", ""3152"", ""3171"", ""3182"", ""3188"", ""319"", ""3193"", ""3194"", ""3197"", ""3225"", ""3232"", ""3243"", ""3263"", ""3298"", ""3301"", ""3313"", ""3318"", ""3342"", ""3374"", ""3383"", ""3436"", ""3491"", ""3505"", ""3525"", ""3545"", ""3573"", ""3589"", ""3595"", ""3635"", ""3638"", ""368"", ""3754"", ""3796"", ""3816"", ""3817"", ""407"", ""4111"", ""4123"", ""4125"", ""4126"", ""4129"", ""4189"", ""4213"", ""4215"", ""4228"", ""4243"", ""4277"", ""4407"", ""4495"", ""4497"", ""4509"", ""4512"", ""4518"", ""4530"", ""4545"", ""4691"", ""4718"", ""4765"", ""4769"", ""4770"", ""4780"", ""4787"", ""4897"", ""4912"", ""4920"", ""4936"", ""4957"", ""4966"", ""4977"", ""5020"", ""5026"", ""5027"", ""5087"", ""5092"", ""5096"", ""51"", ""5106"", ""5131"", ""5133"", ""5142"", ""5154"", ""5202"", ""5260"", ""53"", ""5377"", ""5438"", ""5495"", ""5512"", ""5527"", ""5583"", ""5608"", ""5621"", ""5668"", ""5727"", ""5728"", ""5760"", ""5788"", ""5821"", ""583"", ""590"", ""5903"", ""5980"", ""5981"", ""638"", ""725"", ""739"", ""758"", ""779"", ""802"", ""821"", ""855"", ""859"", ""872"", ""881"", ""885"", ""910"", ""919"", ""922"", ""971"", ""976"", ""998""]"
KA',Ka',objeto,christenson,53,"[""101"", ""102"", ""1262"", ""1264"", ""1340"", ""1355"", ""1799"", ""1913"", ""2058"", ""2605"", ""3105"", ""3367"", ""3624"", ""3946"", ""4083"", ""4084"", ""409"", ""4125"", ""4171"", ""4196"", ""4322"", ""4466"", ""4738"", ""4816"", ""5028"", ""5724"", ""6535"", ""6617"", ""7095"", ""7260"", ""740"", ""749"", ""7553"", ""7580"", ""7588"", ""7602"", ""768"", ""7680"", ""7774"", ""7885"", ""7889"", ""7944"", ""7995"", ""7998"", ""8053"", ""8495"", ""8528"", ""8618"", ""8680"", ""870"", ""98"", ""99""]"
KA',Ka',objeto,christenson_english_prose,3,"[""8""]"
KA',Ka',objeto,colop,36,"[""11"", ""12"", ""13"", ""2"", ""20"", ""21"", ""22"", ""23"", ""28"", ""31"", ""32"", ""37"", ""41"", ""42"", ""43"", ""5"", ""6"", ""8""]"
KA',Ka',objeto,tedlock,2,"[""1.144"", ""1.149""]"
KA',Ka',objeto,ximenez,2,"[""8""]"
KA'IB'_K'AJOLAB',KA'IB'_K'AJOLAB',,christenson_ximenez,558,"[""10"", ""107"", ""11"", ""12"", ""13"", ""14"", ""15"", ""17"", ""18"", ""19"", ""2"", ""21"", ""22"", ""23"", ""25"", ""26"", ""27"", ""28"", ""29"", ""30"", ""31"", ""32"", ""33"", ""34"", ""35"", ""36"", ""37"", ""38"", ""39"", ""4"", ""40"", ""41"", ""42"", ""43"", ""44"", ""45"", ""46"", ""48"", ""49"", ""5"", ""50"", ""51"", ""52"", ""54"", ""55"", ""56"", ""57"", ""58"", ""59"", ""6"", ""61"", ""62"", ""64"", ""65"", ""66"", ""67"", ""68"", ""69"", ""7"", ""70"", ""71"", ""73"", ""74"", ""75"", ""80"", ""81"", ""82"", ""83"", ""84"", ""85"", ""86"", ""87"", ""89"", ""9"", ""90"", ""94"", ""99""]"
KA'IB'_K'AJOLAB',KA'IB'_K'AJOLAB',,ximenez,509,"[""1"", ""10"", ""11"", ""12"", ""13"", ""14"", ""16"", ""17"", ""18"", ""20"", ""21"", ""22"", ""24"", ""25"", ""26"", ""27"", ""28"", ""29"", ""3"", ""30"", ""31"", ""32"", ""33"", ""34"", ""35"", ""36"", ""37"", ""38"", ""39"", ""4"", ""40"", ""41"", ""42"", ""43"", ""44"", ""45"", ""47"", ""48"", ""49"", ""5"", ""50"", ""51"", ""53"", ""54"", ""55"", ""56"", ""57"", ""58"", ""6"", ""60"", ""61"", ""63"", ""64"", ""65"", ""66"", ""67"", ""68"", ""69"", ""70"", ""72"", ""73"", ""74"", ""8"", ""80"", ""81"", ""82"", ""83"", ""84"", ""85"", ""86"", ""87"", ""89"", ""9"", ""92"", ""95""]"
KA'IB_K'AJOLAB',Ka'ib' K'ajolab',grupo de deidades,ajtzibab,9,"[""1043"", ""517"", ""569"", ""580"", ""636"", ""641"", ""726"", ""898"", ""901""]"
KA'IB_K'AJOLAB',Ka'ib' K'ajolab',grupo de deidades,christenson,9,"[""1000"", ""1075"", ""1083"", ""1185"", ""1382"", ""1388"", ""1549"", ""910"", ""985""]"
KA'IB_K'AJOLAB',Ka'ib' K'ajolab',grupo de deidades,colop,9,"[""10"", ""7"", ""8"", ""9""]"
KA'IB_K'AJOLAB',Ka'ib' K'ajolab',grupo de deidades,recinos,10,"[""1.5.0"", ""1.6.0"", ""1.6.25"", ""1.6.63"", ""1.8.0"", ""1.8.1"", ""2.11.24"", ""2.11.37"", ""2.5.3"", ""2.6.44""]"
KA'IB_K'AJOLAB',Ka'ib' K'ajolab',grupo de deidades,tedlock,19,"[""2.0"", ""2.185"", ""2.186"", ""2.187"", ""2.19"", ""2.20"", ""2.21"", ""2.244"", ""2.25"", ""2.254"", ""2.259"", ""2.262"", ""2.285"", ""2.309"", ""2.48"", ""2.51"", ""2.97"", ""3.1107"", ""3.534""]"
KA'MUL_ALOM,Ka'mul Alom,deidad,ajtzibab,1,"[""307""]"
KA'MUL_ALOM,Ka'mul Alom,deidad,christenson,1,"[""556""]"
KA'MUL_ALOM,Ka'mul Alom,deidad,colop,1,"[""4""]"
KA'MUL_K'AJOLOM,Ka'mul K'ajolom,deidad,ajtzibab,1,"[""307""]"
KA'MUL_K'AJOLOM,Ka'mul K'ajolom,deidad,christenson,1,"[""557""]"
KA'MUL_K'AJOLOM,Ka'mul K'ajolom,deidad,christenson_ximenez,1,"[""8""]"
KA'MUL_K'AJOLOM,Ka'mul K'ajolom,deidad,colop,1,"[""4""]"
KA'MUL_K'AJOLOM,Ka'mul K'ajolom,deidad,ximenez,1,"[""7""]"
KAB',Kab',objeto,ajtzibab,2,"[""3742"", ""4475""]"
KAB',Kab',objeto,christenson,28,"[""1520"", ""1525"", ""1536"", ""1701"", ""1745"", ""1753"", ""185"", ""2170"", ""2760"", ""2795"", ""3621"", ""3877"", ""4176"", ""4212"", ""4343"", ""4345"", ""4608"", ""4902"", ""4942"", ""5920"", ""6016"", ""6720"", ""7234"", ""8697"", ""8716"", ""912"", ""940"", ""944""]"
KAB',Kab',objeto,christenson_english_prose,1,"[""42""]"
KAB',Kab',objeto,christenson_ximenez,12,"[""15"", ""21"", ""27"", ""29"", ""31"", ""37"", ""46"", ""59"", ""69"", ""87""]"
KAB',Kab',objeto,colop,3,"[""18"", ""25"", ""28""]"
KAB',Kab',objeto,recinos,2,"[""3.1.10"", ""4.11.42""]"
KAB',Kab',objeto,ximenez,12,"[""14"", ""20"", ""26"", ""28"", ""30"", ""36"", ""45"", ""68"", ""86""]"
KAB'AWIL_POM,Kab'awil Pom,objeto,ajtzibab,1,"[""4502""]"
KAB'AWIL_POM,Kab'awil Pom,objeto,christenson,1,"[""6078""]"
KAB'AWIL_POM,Kab'awil Pom,objeto,colop,1,"[""29""]"
KAB'RAQAN,Kab'raqan,deidad,ajtzibab,16,"[""1029"", ""1033"", ""1052"", ""1058"", ""1065"", ""1069"", ""1087"", ""1111"", ""1129"", ""1136"", ""1145"", ""1151"", ""1165"", ""539"", ""548"", ""560""]"
KAB'RAQAN,Kab'raqan,deidad,christenson,16,"[""1526"", ""1530"", ""1560"", ""1570"", ""1579"", ""1584"", ""1603"", ""1631"", ""1659"", ""1666"", ""1679"", ""1687"", ""1704"", ""1717"", ""944"", ""975""]"
KAB'RAQAN,Kab'raqan,deidad,christenson_english_prose,18,"[""10"", ""14""]"
KAB'RAQAN,Kab'raqan,deidad,christenson_ximenez,19,"[""11"", ""15""]"
KAB'RAQAN,Kab'raqan,deidad,colop,17,"[""10"", ""7""]"
KAB'RAQAN,Kab'raqan,deidad,recinos,18,"[""1.5.13"", ""1.5.6"", ""1.5.9"", ""1.9.0"", ""1.9.11"", ""1.9.14"", ""1.9.16"", ""1.9.2"", ""1.9.24"", ""1.9.34"", ""1.9.40"", ""1.9.42"", ""1.9.46"", ""1.9.48"", ""1.9.52"", ""1.9.54"", ""1.9.9"", ""4.10.23""]"
KAB'RAQAN,Kab'raqan,deidad,tedlock,19,"[""2.12"", ""2.17"", ""2.248"", ""2.250"", ""2.254"", ""2.260"", ""2.263"", ""2.266"", ""2.268"", ""2.278"", ""2.291"", ""2.297"", ""2.299"", ""2.303"", ""2.305"", ""2.312"", ""2.315"", ""2.8"", ""5.242""]"
KAB'RAQAN,Kab'raqan,deidad,ximenez,18,"[""10"", ""14""]"
KAJ,Kaj,objeto,ajtzibab,38,"[""112"", ""1215"", ""2947"", ""3095"", ""3159"", ""3167"", ""3689"", ""3691"", ""3692"", ""3696"", ""3792"", ""3796"", ""3812"", ""3816"", ""3829"", ""383"", ""3837"", ""3952"", ""3959"", ""3976"", ""3983"", ""40"", ""4003"", ""43"", ""4571"", ""473"", ""489"", ""50"", ""504"", ""5305"", ""5610"", ""5731"", ""6031"", ""6064"", ""61"", ""63"", ""80""]"
KAJ,Kaj,objeto,christenson,91,"[""103"", ""117"", ""1186"", ""120"", ""126"", ""150"", ""151"", ""1556"", ""1795"", ""182"", ""1850"", ""188"", ""210"", ""2184"", ""246"", ""262"", ""267"", ""2925"", ""2975"", ""2978"", ""3037"", ""3634"", ""366"", ""389"", ""390"", ""4130"", ""4131"", ""4142"", ""4148"", ""4333"", ""4810"", ""4813"", ""4815"", ""4820"", ""4944"", ""4986"", ""4990"", ""4995"", ""5020"", ""5025"", ""5043"", ""5058"", ""5059"", ""5060"", ""5100"", ""5117"", ""5130"", ""5247"", ""5255"", ""5269"", ""5280"", ""5290"", ""5292"", ""5333"", ""6204"", ""624"", ""6288"", ""63"", ""65"", ""651"", ""652"", ""655"", ""66"", ""68"", ""685"", ""701"", ""702"", ""708"", ""71"", ""7246"", ""725"", ""7266"", ""73"", ""7331"", ""74"", ""7895"", ""8330"", ""8337"", ""8392"", ""8398"", ""8400"", ""8401"", ""841"", ""8532"", ""8622"", ""865"", ""8701"", ""885"", ""917"", ""92"", ""973""]"
KAJ,Kaj,objeto,christenson_english_prose,5,"[""25"", ""75""]"
KAJ,Kaj,objeto,colop,50,"[""0"", ""1"", ""11"", ""2"", ""22"", ""23"", ""24"", ""26"", ""27"", ""29"", ""30"", ""35"", ""37"", ""41"", ""43"", ""5"", ""6"", ""7""]"
KAJ,Kaj,objeto,tedlock,5,"[""3.401"", ""3.406"", ""3.408"", ""3.412"", ""5.223""]"
KAJIB'_UNIM_JA,Kajib' unim ja,linaje,ajtzibab,1,"[""6248""]"
KAJIB'_UNIM_JA,Kajib' unim ja,linaje,christenson_english_prose,3,"[""47"", ""86""]"
KAJIB'_UNIM_JA,Kajib' unim ja,linaje,christenson_ximenez,2,"[""74"", ""81""]"
KAJIB'_UNIM_JA,Kajib' unim ja,linaje,colop,1,"[""49""]"
KAJIB'_UNIM_JA,Kajib' unim ja,linaje,tedlock,6,"[""4.86"", ""5.129"", ""5.173"", ""5.406"", ""5.410"", ""5.70""]"
KAJIB'_UNIM_JA,Kajib' unim ja,linaje,ximenez,4,"[""73"", ""80"", ""94""]"
KAK'IXA_JA',Kak'ixa Ja',persona,christenson_english_prose,2,"[""47"", ""54""]"
KAK'IXA_JA',Kak'ixa Ja',persona,christenson_ximenez,2,"[""51"", ""58""]"
KAK'IXA_JA',Kak'ixa Ja',persona,tedlock,1,"[""4.75""]"
KAK'IXA_JA',Kak'ixa Ja',persona,ximenez,2,"[""50"", ""57""]"
KAKAW,Kakaw,objeto,ajtzibab,1,"[""2346""]"
KAKAW,Kakaw,objeto,christenson,1,"[""3243""]"
KAKAW,Kakaw,objeto,christenson_english_prose,1,"[""42""]"
KAKAW,Kakaw,objeto,christenson_ximenez,2,"[""27"", ""46""]"
KAKAW,Kakaw,objeto,colop,1,"[""18""]"
KAKAW,Kakaw,objeto,recinos,2,"[""2.6.56"", ""3.1.10""]"
KAKAW,Kakaw,objeto,ximenez,2,"[""26"", ""45""]"
KAMALOTZ',Kamalotz',animal,ajtzibab,1,"[""386""]"
KAMALOTZ',Kamalotz',animal,christenson_english_prose,1,"[""8""]"
KAMALOTZ',Kamalotz',animal,christenson_ximenez,1,"[""9""]"
KAMALOTZ',Kamalotz',animal,colop,1,"[""5""]"
KAMALOTZ',Kamalotz',animal,recinos,1,"[""1.3.8""]"
KAMALOTZ',Kamalotz',animal,ximenez,1,"[""8""]"
KANCHAJELEB',Kanchajeleb',linaje,ajtzibab,1,"[""3935""]"
KANCHAJELEB',Kanchajeleb',linaje,colop,1,"[""27""]"
KAQ,Kaq,deidad,ajtzibab,4,"[""1739"", ""1744"", ""1748"", ""3417""]"
KAQ,Kaq,deidad,christenson,6,"[""1484"", ""2451"", ""2456"", ""2460"", ""4151"", ""4440""]"
KAQ,Kaq,deidad,colop,8,"[""15"", ""18"", ""22"", ""23"", ""9""]"
KAQA_B'E,Kaqa b'e (camino rojo),lugar,christenson,2,"[""2059"", ""3601""]"
KAQA_B'E,Kaqa b'e (camino rojo),lugar,christenson_ximenez,1,"[""31""]"
KAQA_B'E,Kaqa b'e (camino rojo),lugar,colop,2,"[""13"", ""21""]"
KAQA_B'E,Kaqa b'e (camino rojo),lugar,recinos,1,"[""2.9.50""]"
KAQA_B'E,Kaqa b'e (camino rojo),lugar,ximenez,2,"[""18"", ""30""]"
KAQA_PALO_JA',Kaqa palo ja',persona,christenson_ximenez,1,"[""51""]"
KAQA_PALO_JA',Kaqa palo ja',persona,ximenez,1,"[""50""]"
KAQCHIKELEB',Kaqchikeleb',linaje,ajtzibab,1,"[""3929""]"
KAQCHIKELEB',Kaqchikeleb',linaje,christenson,1,"[""5213""]"
KAQCHIKELEB',Kaqchikeleb',linaje,christenson_english_prose,13,"[""47"", ""50"", ""52"", ""54"", ""55"", ""56"", ""67"", ""75"", ""79""]"
KAQCHIKELEB',Kaqchikeleb',linaje,tedlock,13,"[""4.140"", ""4.230"", ""4.232"", ""4.268"", ""4.319"", ""4.360"", ""4.403"", ""4.89"", ""5.208"", ""5.214"", ""5.311"", ""5.34""]"
KAQCHIKELEB',Kaqchikeleb',linaje,ximenez,12,"[""53"", ""55"", ""57"", ""58"", ""60"", ""72"", ""81"", ""86""]"
KAQIX_TUKUR,Kaqix Tukur,deidad,ajtzibab,2,"[""1316"", ""1324""]"
KAQIX_TUKUR,Kaqix Tukur,deidad,christenson,2,"[""1941"", ""1951""]"
KAQIX_TUKUR,Kaqix Tukur,deidad,christenson_english_prose,2,"[""17""]"
KAQIX_TUKUR,Kaqix Tukur,deidad,christenson_ximenez,2,"[""18""]"
KAQIX_TUKUR,Kaqix Tukur,deidad,recinos,1,"[""2.2.10""]"
KAQIX_TUKUR,Kaqix Tukur,deidad,tedlock,2,"[""3.58"", ""3.61""]"
KAQIX_TUKUR,Kaqix Tukur,deidad,ximenez,2,"[""17""]"
KAQUILJA_JUN_RAQAN,KAQUILJA_JUN_RAQAN,,christenson_ximenez,1,"[""5""]"
KAQUILJA_JUN_RAQAN,KAQUILJA_JUN_RAQAN,,ximenez,1,"[""4""]"
KAQULJA_JUN_RAQAN,Kaqulja Jun Raqan,deidad,christenson_english_prose,1,"[""3""]"
KAQULJA_JUN_RAQAN,Kaqulja Jun Raqan,deidad,colop,1,"[""1""]"
KAR,Kar,animal,ajtzibab,4,"[""3356"", ""57"", ""905"", ""932""]"
KAR,Kar,animal,christenson,4,"[""109"", ""1393"", ""1423"", ""4367""]"
KAR,Kar,animal,christenson_english_prose,3,"[""13"", ""2""]"
KAR,Kar,animal,christenson_ximenez,4,"[""14"", ""38"", ""4""]"
KAR,Kar,animal,colop,4,"[""1"", ""23"", ""9""]"
KAR,Kar,animal,tedlock,3,"[""1.9"", ""2.188"", ""2.200""]"
KAR,Kar,animal,ximenez,4,"[""13"", ""3"", ""37""]"
KAWEQ,Kaweq,linaje,ajtzibab,2,"[""4837"", ""4847""]"
KAWEQ,Kaweq,linaje,christenson,2,"[""6624"", ""6641""]"
KAWEQ,Kaweq,linaje,christenson_english_prose,17,"[""47"", ""64"", ""65"", ""68"", ""69"", ""70"", ""76"", ""78"", ""81"", ""82"", ""87""]"
KAWEQ,Kaweq,linaje,christenson_ximenez,17,"[""65"", ""70"", ""71"", ""74"", ""75"", ""76"", ""77"", ""81"", ""83"", ""86"", ""89""]"
KAWEQ,Kaweq,linaje,colop,2,"[""32""]"
KAWEQ,Kaweq,linaje,ximenez,15,"[""64"", ""69"", ""70"", ""73"", ""74"", ""75"", ""76"", ""82"", ""85"", ""87"", ""88""]"
KAWINAL,Kawinal,topónimo,ajtzibab,1,"[""5484""]"
KAWINAL,Kawinal,topónimo,christenson,1,"[""7538""]"
KAWINAL,Kawinal,topónimo,christenson_english_prose,1,"[""67""]"
KAWINAL,Kawinal,topónimo,christenson_ximenez,1,"[""73""]"
KAWINAL,Kawinal,topónimo,colop,1,"[""37""]"
KAWINAL,Kawinal,topónimo,recinos,1,"[""4.6.27""]"
KAWINAL,Kawinal,topónimo,ximenez,1,"[""72""]"
KAWISIMAJ_KQSIETE,Kawisimaj (gen. 7),persona,christenson_english_prose,8,"[""75"", ""76"", ""78"", ""79"", ""81""]"
KAWISIMAJ_KQSIETE,Kawisimaj (gen. 7),persona,christenson_ximenez,9,"[""82"", ""83"", ""86"", ""87"", ""89""]"
KAWISIMAJ_KQSIETE,Kawisimaj (gen. 7),persona,recinos,8,"[""4.10.1"", ""4.10.24"", ""4.10.25"", ""4.10.27"", ""4.10.6"", ""4.11.43"", ""4.11.7"", ""4.12.9""]"
KAWISIMAJ_KQSIETE,Kawisimaj (gen. 7),persona,tedlock,9,"[""5.205"", ""5.206"", ""5.217"", ""5.244"", ""5.245"", ""5.249"", ""5.283"", ""5.318"", ""5.338""]"
KAWISIMAJ_KQSIETE,Kawisimaj (gen. 7),persona,ximenez,9,"[""81"", ""82"", ""85"", ""86"", ""87""]"
KAWISTAN_POM,Kawistan Pom,objeto,ajtzibab,1,"[""4501""]"
KAWISTAN_POM,Kawistan Pom,objeto,christenson,1,"[""6075""]"
KAWISTAN_POM,Kawistan Pom,objeto,colop,1,"[""29""]"
KAWKEB',Kawkeb',linaje,christenson_english_prose,1,"[""75""]"
KAWKEB',Kawkeb',linaje,christenson_ximenez,1,"[""82""]"
KAWKEB',Kawkeb',linaje,ximenez,1,"[""81""]"
KAXKON,Kaxkon,objeto,ajtzibab,1,"[""5431""]"
KAXKON,Kaxkon,objeto,christenson,1,"[""7451""]"
KAXKON,Kaxkon,objeto,christenson_english_prose,1,"[""66""]"
KAXKON,Kaxkon,objeto,christenson_ximenez,1,"[""72""]"
KAXKON,Kaxkon,objeto,colop,1,"[""36""]"
KAXKON,Kaxkon,objeto,recinos,1,"[""4.6.12""]"
KAXKON,Kaxkon,objeto,ximenez,1,"[""71""]"
KE'EMA,KE'EMA,,ximenez,1,"[""82""]"
KE'EMA_NJDIEZ,Ke'ema (gen. 10),persona,recinos,1,"[""4.12.45""]"
KEJ,Kej,animal,ajtzibab,22,"[""159"", ""160"", ""161"", ""173"", ""178"", ""179"", ""185"", ""2249"", ""2293"", ""2295"", ""2296"", ""4666"", ""4669"", ""4676"", ""4688"", ""4690"", ""4691"", ""4698"", ""4700"", ""4740"", ""4789"", ""5304""]"
KEJ,Kej,animal,christenson,18,"[""3117"", ""3171"", ""3175"", ""3176"", ""6348"", ""6352"", ""6355"", ""6360"", ""6381"", ""6387"", ""6390"", ""6403"", ""6407"", ""6471"", ""6549"", ""7265"", ""7805"", ""8593""]"
KEJ,Kej,animal,christenson_english_prose,27,"[""25"", ""4"", ""5"", ""57"", ""58"", ""64"", ""66"", ""68"", ""70"", ""81"", ""82"", ""83""]"
KEJ,Kej,animal,christenson_ximenez,24,"[""27"", ""6"", ""62"", ""64"", ""7"", ""70"", ""74"", ""89""]"
KEJ,Kej,animal,colop,18,"[""18"", ""2"", ""30"", ""31"", ""35""]"
KEJ,Kej,animal,recinos,4,"[""2.6.26"", ""2.6.40"", ""3.10.16"", ""3.10.17""]"
KEJ,Kej,animal,tedlock,23,"[""1.44"", ""1.48"", ""1.49"", ""1.53"", ""1.56"", ""1.57"", ""1.59"", ""3.425"", ""3.444"", ""3.445"", ""4.420"", ""4.422"", ""4.424"", ""4.426"", ""4.433"", ""4.434"", ""4.456"", ""4.478"", ""4.721"", ""5.23"", ""5.241""]"
KEJ,Kej,animal,ximenez,22,"[""26"", ""5"", ""6"", ""61"", ""63"", ""69"", ""73"", ""88""]"
KIK',Kik',objeto,ajtzibab,32,"[""1239"", ""1268"", ""1270"", ""1732"", ""1745"", ""1747"", ""1749"", ""1754"", ""1755"", ""1782"", ""1792"", ""2343"", ""2396"", ""2409"", ""2429"", ""2566"", ""2615"", ""2743"", ""2877"", ""3207"", ""3211"", ""3213"", ""3216"", ""3230"", ""3232"", ""3235"", ""3604"", ""4694"", ""4760"", ""4761"", ""4770"", ""5739""]"
KIK',Kik',objeto,christenson,40,"[""1835"", ""1876"", ""1877"", ""1934"", ""2010"", ""2443"", ""2457"", ""2459"", ""2461"", ""2465"", ""2466"", ""2494"", ""2502"", ""3228"", ""3234"", ""3297"", ""3313"", ""3337"", ""3484"", ""3535"", ""3805"", ""3814"", ""3816"", ""3839"", ""4169"", ""4185"", ""4189"", ""4191"", ""4194"", ""4213"", ""4216"", ""4219"", ""4679"", ""4680"", ""4698"", ""6395"", ""6507"", ""6508"", ""6527"", ""7904""]"
KIK',Kik',objeto,christenson_english_prose,17,"[""17"", ""25"", ""26"", ""28"", ""29"", ""33"", ""34""]"
KIK',Kik',objeto,christenson_ximenez,52,"[""17"", ""18"", ""22"", ""27"", ""28"", ""30"", ""31"", ""35"", ""36"", ""42"", ""46"", ""56"", ""62"", ""64"", ""74"", ""8"", ""81""]"
KIK',Kik',objeto,colop,36,"[""11"", ""13"", ""15"", ""18"", ""19"", ""20"", ""22"", ""24"", ""28"", ""30"", ""31"", ""41""]"
KIK',Kik',objeto,tedlock,8,"[""3.465"", ""3.469"", ""3.507"", ""3.57"", ""3.588"", ""3.727"", ""3.73"", ""3.750""]"
KIK',Kik',objeto,ximenez,44,"[""16"", ""17"", ""21"", ""26"", ""27"", ""29"", ""30"", ""34"", ""35"", ""41"", ""45"", ""55"", ""61"", ""7"", ""73"", ""80""]"
KIK'EL,Kik'el,objeto,ajtzibab,1,"[""5738""]"
KIK'EL,Kik'el,objeto,christenson,13,"[""2458"", ""3611"", ""4882"", ""4883"", ""5733"", ""6350"", ""6366"", ""6390"", ""6471"", ""6489"", ""6495"", ""663"", ""7903""]"
KIK'EL,Kik'el,objeto,christenson_english_prose,30,"[""16"", ""21"", ""29"", ""40"", ""42"", ""52"", ""57"", ""58"", ""7"", ""74""]"
KIK'EL,Kik'el,objeto,colop,1,"[""41""]"
KIK'EL,Kik'el,objeto,recinos,38,"[""1.2.67"", ""2.1.26"", ""2.1.36"", ""2.1.37"", ""2.14.12"", ""2.14.18"", ""2.2.32"", ""2.2.51"", ""2.3.54"", ""2.3.58"", ""2.3.59"", ""2.3.60"", ""2.3.71"", ""2.3.73"", ""2.8.3"", ""2.8.8"", ""3.1.8"", ""3.10.14"", ""3.10.19"", ""3.10.22"", ""3.10.23"", ""3.6.14"", ""3.6.8"", ""4.1.10"", ""4.1.13"", ""4.1.15"", ""4.2.3"", ""4.9.11""]"
KIK'EL,Kik'el,objeto,tedlock,45,"[""1.123"", ""3.103"", ""3.1069"", ""3.154"", ""3.156"", ""3.193"", ""3.195"", ""3.196"", ""3.224"", ""3.229"", ""3.230"", ""3.231"", ""3.241"", ""3.246"", ""3.250"", ""3.251"", ""3.29"", ""3.295"", ""3.30"", ""3.43"", ""3.613"", ""3.634"", ""3.640"", ""3.65"", ""3.684"", ""3.83"", ""4.12"", ""4.13"", ""4.243"", ""4.421"", ""4.430"", ""4.434"", ""4.456"", ""4.461"", ""4.462"", ""4.465"", ""4.470"", ""5.190""]"
KIK'_RE,Kik' Re,deidad,ajtzibab,2,"[""2750"", ""2784""]"
KIK'_RE,Kik' Re,deidad,christenson,3,"[""3689"", ""3698"", ""3733""]"
KIK'_RE,Kik' Re,deidad,christenson_english_prose,3,"[""29""]"
KIK'_RE,Kik' Re,deidad,christenson_ximenez,4,"[""31""]"
KIK'_RE,Kik' Re,deidad,colop,3,"[""21""]"
KIK'_RE,Kik' Re,deidad,tedlock,3,"[""3.665"", ""3.670"", ""3.690""]"
KIK'_RE,Kik' Re,deidad,ximenez,4,"[""30""]"
KIK'_RIXK'AQ,Kik' Rixk'aq,deidad,ajtzibab,1,"[""2749""]"
KIK'_RIXK'AQ,Kik' Rixk'aq,deidad,christenson,2,"[""3697"", ""3734""]"
KIK'_RIXK'AQ,Kik' Rixk'aq,deidad,christenson_english_prose,2,"[""29""]"
KIK'_RIXK'AQ,Kik' Rixk'aq,deidad,colop,2,"[""21""]"
KIK'_RIXK'AQ,Kik' Rixk'aq,deidad,tedlock,2,"[""3.670"", ""3.691""]"
KIK'_RIXK'AQ,Kik' Rixk'aq,deidad,ximenez,2,"[""30""]"
KIK'_YA,Kik' Ya',lugar,christenson,1,"[""3592""]"
KIK'_YA,Kik' Ya',lugar,christenson_english_prose,2,"[""19"", ""29""]"
KIK'_YA,Kik' Ya',lugar,colop,1,"[""21""]"
KIK'_YA,Kik' Ya',lugar,tedlock,2,"[""3.608"", ""3.83""]"
KIK'_YA',KIK'_YA',,christenson_ximenez,2,"[""19"", ""31""]"
KIK'_YA',KIK'_YA',,ximenez,2,"[""18"", ""30""]"
KIKAB'_KQSIETE,Kikab' (gen. 7),persona,recinos,1,"[""4.10.1""]"
KINAQ',Kinaq',objeto,ajtzibab,1,"[""2346""]"
KINAQ',Kinaq',objeto,christenson,1,"[""3241""]"
KINAQ',Kinaq',objeto,christenson_english_prose,1,"[""25""]"
KINAQ',Kinaq',objeto,colop,1,"[""18""]"
KINAQ',Kinaq',objeto,tedlock,1,"[""3.470""]"
KOJ,Koj,animal,ajtzibab,10,"[""150"", ""186"", ""2249"", ""2290"", ""4518"", ""4546"", ""4551"", ""4720"", ""4724"", ""4729""]"
KOJ,Koj,animal,christenson,12,"[""280"", ""3115"", ""3167"", ""355"", ""6102"", ""6151"", ""6165"", ""6440"", ""6446"", ""6452"", ""668"", ""8686""]"
KOJ,Koj,animal,christenson_english_prose,9,"[""25"", ""4"", ""56"", ""57"", ""85""]"
KOJ,Koj,animal,christenson_ximenez,27,"[""12"", ""14"", ""15"", ""27"", ""31"", ""56"", ""59"", ""6"", ""61"", ""62"", ""65"", ""68"", ""7"", ""8"", ""9""]"
KOJ,Koj,animal,colop,11,"[""18"", ""2"", ""29"", ""30"", ""4""]"
KOJ,Koj,animal,tedlock,10,"[""1.59"", ""3.425"", ""3.442"", ""4.356"", ""4.371"", ""4.373"", ""4.447"", ""4.449"", ""4.453"", ""5.22""]"
KOJ,Koj,animal,ximenez,30,"[""11"", ""13"", ""14"", ""26"", ""28"", ""30"", ""36"", ""5"", ""54"", ""55"", ""58"", ""6"", ""60"", ""61"", ""64"", ""67"", ""7"", ""8""]"
KOMAJKUN_AKCINCO,Komajkun (gen. 5),persona,christenson_ximenez,1,"[""100""]"
KOMAJKUN_AKCINCO,Komajkun (gen. 5),persona,recinos,1,"[""4.12.62""]"
KOMAJKUN_AKCINCO,Komajkun (gen. 5),persona,tedlock,1,"[""5.400""]"
KOMAJKUN_AKCINCO,Komajkun (gen. 5),persona,ximenez,1,"[""93""]"
KOTZ'I'J,Kotz'i'j,objeto,ajtzibab,13,"[""2925"", ""2953"", ""2957"", ""2960"", ""2978"", ""2979"", ""2981"", ""2984"", ""2988"", ""2995"", ""2999"", ""3006"", ""3007""]"
KOTZ'I'J,Kotz'i'j,objeto,christenson,19,"[""3844"", ""3848"", ""3849"", ""3864"", ""3867"", ""3895"", ""3900"", ""3904"", ""3905"", ""3935"", ""3937"", ""3940"", ""3945"", ""3958"", ""3962"", ""3968"", ""3969"", ""3970"", ""3971""]"
KOTZ'I'J,Kotz'i'j,objeto,christenson_english_prose,22,"[""29"", ""55"", ""56"", ""57""]"
KOTZ'I'J,Kotz'i'j,objeto,christenson_ximenez,12,"[""31""]"
KOTZ'I'J,Kotz'i'j,objeto,colop,15,"[""22""]"
KOTZ'I'J,Kotz'i'j,objeto,tedlock,20,"[""2.190"", ""3.753"", ""3.755"", ""3.762"", ""3.764"", ""3.772"", ""3.774"", ""3.784"", ""3.785"", ""3.789"", ""3.791"", ""3.792"", ""3.793"", ""3.794""]"
KOTZ'I'J,Kotz'i'j,objeto,ximenez,12,"[""30""]"
KOTZB'ALAM,Kotzb'alam,animal,christenson_english_prose,1,"[""8""]"
KOTZB'ALAM,Kotzb'alam,animal,christenson_ximenez,1,"[""9""]"
KOTZB'ALAM,Kotzb'alam,animal,colop,1,"[""5""]"
KOTZB'ALAM,Kotzb'alam,animal,recinos,1,"[""1.3.8""]"
KOTZB'ALAM,Kotzb'alam,animal,ximenez,1,"[""8""]"
KUCHUMA_KIK',Kuchuma Kik',deidad,christenson,10,"[""1833"", ""1983"", ""2270"", ""2274"", ""2373"", ""2379"", ""2382"", ""3647"", ""3654"", ""3726""]"
KUCHUMA_KIK',Kuchuma Kik',deidad,christenson_english_prose,10,"[""16"", ""17"", ""20"", ""21"", ""29""]"
KUCHUMA_KIK',Kuchuma Kik',deidad,christenson_ximenez,16,"[""13"", ""17"", ""18"", ""20"", ""21"", ""22"", ""31"", ""51""]"
KUCHUMA_KIK',Kuchuma Kik',deidad,colop,1,"[""11""]"
KUCHUMA_KIK',Kuchuma Kik',deidad,recinos,9,"[""2.2.12"", ""2.3.0"", ""2.3.2"", ""2.3.30"", ""2.3.32"", ""2.3.34"", ""2.8.21"", ""2.8.23"", ""2.8.48""]"
KUCHUMA_KIK',Kuchuma Kik',deidad,ximenez,17,"[""12"", ""16"", ""17"", ""19"", ""20"", ""21"", ""30"", ""50""]"
KUMATZ,Kumatz,animal,ajtzibab,14,"[""151"", ""187"", ""2527"", ""2530"", ""2533"", ""2535"", ""2537"", ""2538"", ""2541"", ""2575"", ""2605"", ""3931"", ""4430"", ""5734""]"
KUMATZ,Kumatz,animal,christenson,17,"[""2107"", ""282"", ""3427"", ""3436"", ""3439"", ""3445"", ""3447"", ""3449"", ""3451"", ""3456"", ""3491"", ""3492"", ""3521"", ""357"", ""5217"", ""5930"", ""7898""]"
KUMATZ,Kumatz,animal,christenson_english_prose,4,"[""4"", ""47"", ""74""]"
KUMATZ,Kumatz,animal,christenson_ximenez,16,"[""29"", ""30"", ""51"", ""59"", ""6"", ""7"", ""81""]"
KUMATZ,Kumatz,animal,colop,16,"[""2"", ""20"", ""27"", ""28"", ""41""]"
KUMATZ,Kumatz,animal,tedlock,28,"[""1.100"", ""1.112"", ""1.16"", ""1.18"", ""1.2"", ""1.22"", ""1.23"", ""1.27"", ""1.36"", ""1.59"", ""3.103"", ""4.1"", ""4.115"", ""4.18"", ""4.30"", ""4.59"", ""5.119"", ""5.145"", ""5.186"", ""5.187"", ""5.188"", ""5.194"", ""5.198"", ""5.283"", ""5.318"", ""5.322"", ""5.336"", ""5.361""]"
KUMATZ,Kumatz,animal,ximenez,15,"[""28"", ""29"", ""5"", ""50"", ""58"", ""6"", ""80""]"
KUMATZ_AMAQ',Kumatz Amaq',linaje,christenson_english_prose,10,"[""27"", ""28""]"
KUMATZ_AMAQ',Kumatz Amaq',linaje,recinos,1,"[""3.3.11""]"
KUMATZ_AMAQ',Kumatz Amaq',linaje,tedlock,10,"[""3.542"", ""3.545"", ""3.547"", ""3.550"", ""3.551"", ""3.569"", ""3.570"", ""4.230"", ""4.404""]"
KUNAB'AL_TOJIL,Kunab'al Tojil,topónimo,ajtzibab,1,"[""4429""]"
KUNAB'AL_TOJIL,Kunab'al Tojil,topónimo,christenson,1,"[""5929""]"
KUNAB'AL_TOJIL,Kunab'al Tojil,topónimo,christenson_english_prose,1,"[""55""]"
KUNAB'AL_TOJIL,Kunab'al Tojil,topónimo,colop,1,"[""28""]"
KUWATEPECH_KQONCE,Kuwatepech (gen. 11),persona,christenson_english_prose,2,"[""81""]"
KUWATEPECH_KQONCE,Kuwatepech (gen. 11),persona,christenson_ximenez,1,"[""89""]"
KUWATEPECH_KQONCE,Kuwatepech (gen. 11),persona,tedlock,1,"[""5.342""]"
KUWATEPECH_KQONCE,Kuwatepech (gen. 11),persona,ximenez,1,"[""87""]"
LAMAKIB',Lamakib',linaje,ajtzibab,1,"[""3931""]"
LAMAKIB',Lamakib',linaje,christenson,1,"[""5216""]"
LAMAKIB',Lamakib',linaje,christenson_english_prose,1,"[""47""]"
LAMAKIB',Lamakib',linaje,christenson_ximenez,1,"[""51""]"
LAMAKIB',Lamakib',linaje,colop,1,"[""27""]"
LAMAKIB',Lamakib',linaje,tedlock,1,"[""4.91""]"
LAMAKIB',Lamakib',linaje,ximenez,1,"[""50""]"
LAQ,Laq,objeto,ajtzibab,1,"[""2383""]"
LAQ,Laq,objeto,christenson,4,"[""27"", ""3285"", ""564"", ""737""]"
LAQ,Laq,objeto,christenson_english_prose,1,"[""8""]"
LAQ,Laq,objeto,colop,1,"[""18""]"
LAQ,Laq,objeto,recinos,2,"[""1.2.49"", ""1.3.13""]"
LAQ,Laq,objeto,tedlock,1,"[""1.144""]"
LAS_CASAS,Bartolomé de las Casas,persona,recinos,10,"[""1.3.31"", ""2.13.7"", ""4.12.20"", ""4.12.21"", ""4.12.50"", ""4.12.60"", ""4.12.68"", ""4.12.72"", ""4.7.27""]"
LOLMET_KEJNAY,Lolmet Kejnay,oficio,ajtzibab,2,"[""5663"", ""6190""]"
LOLMET_KEJNAY,Lolmet Kejnay,oficio,christenson_ximenez,1,"[""76""]"
LOLMET_KEJNAY,Lolmet Kejnay,oficio,colop,2,"[""38"", ""46""]"
LOLMET_KEJNAY,Lolmet Kejnay,oficio,ximenez,1,"[""75""]"
LOTZ_KIK',Lotz kik',objeto,ajtzibab,1,"[""2568""]"
LOTZ_KIK',Lotz kik',objeto,christenson,1,"[""3486""]"
LOTZ_KIK',Lotz kik',objeto,christenson_english_prose,1,"[""28""]"
LOTZ_KIK',Lotz kik',objeto,christenson_ximenez,1,"[""30""]"
LOTZ_KIK',Lotz kik',objeto,colop,1,"[""20""]"
LOTZ_KIK',Lotz kik',objeto,recinos,1,"[""2.7.50""]"
LOTZ_KIK',Lotz kik',objeto,ximenez,1,"[""29""]"
MAJUK'UTAJ,Majuk'utaj,persona,ajtzibab,54,"[""3765"", ""3805"", ""3890"", ""3897"", ""3922"", ""4006"", ""4022"", ""4026"", ""4034"", ""4044"", ""4125"", ""4130"", ""4144"", ""4157"", ""4186"", ""4190"", ""4218"", ""4233"", ""4263"", ""4296"", ""4383"", ""4392"", ""4420"", ""4434"", ""4452"", ""4479"", ""4490"", ""4502"", ""4555"", ""4565"", ""4630"", ""4715"", ""4764"", ""4824"", ""4958"", ""4965"", ""4979"", ""5025"", ""5040"", ""5058"", ""5092"", ""5126"", ""5127"", ""5150"", ""5175"", ""5180"", ""5239"", ""5265"", ""5283"", ""5370"", ""5395"", ""5455"", ""6127"", ""6236""]"
MAJUK'UTAJ,Majuk'utaj,persona,christenson,56,"[""4943"", ""5008"", ""5142"", ""5153"", ""5194"", ""5339"", ""5366"", ""5374"", ""5392"", ""5405"", ""5512"", ""5521"", ""5541"", ""5560"", ""5605"", ""5615"", ""5645"", ""5665"", ""5705"", ""5751"", ""5867"", ""5886"", ""5919"", ""5941"", ""5977"", ""6028"", ""6060"", ""6080"", ""6176"", ""6192"", ""6291"", ""6432"", ""6517"", ""6603"", ""6773"", ""6784"", ""6792"", ""6805"", ""6862"", ""6889"", ""6912"", ""6946"", ""6962"", ""7006"", ""7010"", ""7044"", ""7080"", ""7088"", ""7177"", ""7214"", ""7237"", ""7360"", ""7396"", ""7494"", ""8506"", ""8677""]"
MAJUK'UTAJ,Majuk'utaj,persona,christenson_english_prose,56,"[""43"", ""44"", ""47"", ""48"", ""49"", ""51"", ""52"", ""54"", ""55"", ""56"", ""57"", ""58"", ""60"", ""61"", ""62"", ""63"", ""64"", ""65"", ""67"", ""80"", ""85""]"
MAJUK'UTAJ,Majuk'utaj,persona,christenson_ximenez,56,"[""100"", ""47"", ""48"", ""51"", ""52"", ""53"", ""55"", ""56"", ""58"", ""59"", ""61"", ""62"", ""63"", ""64"", ""66"", ""67"", ""68"", ""69"", ""70"", ""71"", ""73"", ""88""]"
MAJUK'UTAJ,Majuk'utaj,persona,colop,56,"[""26"", ""27"", ""28"", ""29"", ""30"", ""31"", ""33"", ""34"", ""35"", ""36"", ""44"", ""49""]"
MAJUK'UTAJ,Majuk'utaj,persona,recinos,51,"[""3.10.0"", ""3.2.0"", ""3.2.11"", ""3.3.1"", ""3.3.3"", ""3.4.0"", ""3.4.12"", ""3.4.15"", ""3.4.6"", ""3.4.8"", ""3.5.15"", ""3.5.17"", ""3.5.22"", ""3.5.28"", ""3.5.37"", ""3.5.39"", ""3.5.50"", ""3.5.56"", ""3.6.12"", ""3.6.5"", ""3.7.19"", ""3.8.13"", ""3.8.18"", ""3.8.24"", ""3.8.34"", ""3.9.1"", ""3.9.27"", ""3.9.30"", ""3.9.4"", ""4.12.0"", ""4.2.0"", ""4.2.22"", ""4.2.65"", ""4.2.66"", ""4.2.69"", ""4.2.71"", ""4.2.88"", ""4.2.94"", ""4.3.15"", ""4.3.18"", ""4.3.31"", ""4.3.37"", ""4.3.45"", ""4.3.8"", ""4.4.0"", ""4.4.15"", ""4.4.24"", ""4.5.31"", ""4.5.4"", ""4.6.20"", ""4.6.5""]"
MAJUK'UTAJ,Majuk'utaj,persona,tedlock,56,"[""4.117"", ""4.123"", ""4.126"", ""4.128"", ""4.132"", ""4.173"", ""4.175"", ""4.184"", ""4.192"", ""4.203"", ""4.205"", ""4.217"", ""4.223"", ""4.235"", ""4.24"", ""4.248"", ""4.287"", ""4.291"", ""4.304"", ""4.313"", ""4.322"", ""4.337"", ""4.343"", ""4.349"", ""4.374"", ""4.379"", ""4.409"", ""4.41"", ""4.445"", ""4.466"", ""4.497"", ""4.555"", ""4.558"", ""4.563"", ""4.565"", ""4.584"", ""4.592"", ""4.601"", ""4.612"", ""4.618"", ""4.638"", ""4.639"", ""4.655"", ""4.663"", ""4.666"", ""4.69"", ""4.690"", ""4.704"", ""4.711"", ""4.74"", ""4.750"", ""4.86"", ""5.326"", ""5.396"", ""5.41"", ""5.7""]"
MAJUK'UTAJ,Majuk'utaj,persona,ximenez,56,"[""46"", ""47"", ""50"", ""51"", ""52"", ""54"", ""55"", ""57"", ""58"", ""60"", ""61"", ""62"", ""63"", ""65"", ""66"", ""67"", ""68"", ""69"", ""70"", ""72"", ""87"", ""93""]"
MAKAMOB',Makamob',topónimo,ajtzibab,1,"[""543""]"
MAKAMOB',Makamob',topónimo,christenson,1,"[""954""]"
MAKAMOB',Makamob',topónimo,christenson_english_prose,1,"[""10""]"
MAKAMOB',Makamob',topónimo,colop,1,"[""7""]"
MAKAMOB',Makamob',topónimo,recinos,1,"[""1.5.7""]"
MAKAMOB',Makamob',topónimo,tedlock,1,"[""2.10""]"
MAKUTAX,Makutax,objeto,ajtzibab,1,"[""5429""]"
MAKUTAX,Makutax,objeto,christenson,1,"[""7448""]"
MAKUTAX,Makutax,objeto,christenson_english_prose,1,"[""66""]"
MAKUTAX,Makutax,objeto,colop,1,"[""36""]"
MAK_EK',Mak Ek',objeto,christenson,1,"[""1404""]"
MAK_EK',Mak Ek',objeto,christenson_english_prose,1,"[""13""]"
MAK_EK',Mak Ek',objeto,christenson_ximenez,4,"[""14"", ""59"", ""61""]"
MAK_EK',Mak Ek',objeto,colop,1,"[""9""]"
MAK_EK',Mak Ek',objeto,ximenez,4,"[""13"", ""58"", ""60""]"
MAQ'A,Maq'a,topónimo,ajtzibab,2,"[""5779"", ""5866""]"
MAQ'A,Maq'a,topónimo,christenson_english_prose,42,"[""10"", ""14"", ""19"", ""23"", ""29"", ""3"", ""30"", ""32"", ""33"", ""41"", ""46"", ""47"", ""52"", ""54"", ""55"", ""56"", ""57"", ""6"", ""7"", ""76"", ""78"", ""8"", ""80""]"
MAQ'A,Maq'a,topónimo,colop,1,"[""42""]"
MAQ'A,Maq'a,topónimo,tedlock,30,"[""1.147"", ""1.175"", ""1.22"", ""1.25"", ""1.27"", ""1.5"", ""2.10"", ""3.325"", ""3.785"", ""3.803"", ""3.838"", ""3.840"", ""3.866"", ""3.869"", ""4.1"", ""4.115"", ""4.255"", ""4.259"", ""4.288"", ""4.293"", ""4.314"", ""4.316"", ""4.317"", ""4.322"", ""4.332"", ""4.363"", ""4.389"", ""4.392"", ""5.299""]"
MAQ'A',MAQ'A',,christenson_english_prose,1,"[""76""]"
MAQ'A',MAQ'A',,christenson_ximenez,1,"[""83""]"
MAQ'A',MAQ'A',,ximenez,1,"[""82""]"
ME'AWAN,Me'awan,topónimo,ajtzibab,2,"[""1022"", ""921""]"
ME'AWAN,Me'awan,topónimo,christenson,2,"[""1411"", ""1517""]"
ME'AWAN,Me'awan,topónimo,christenson_english_prose,2,"[""13""]"
ME'AWAN,Me'awan,topónimo,christenson_ximenez,2,"[""14""]"
ME'AWAN,Me'awan,topónimo,colop,2,"[""9""]"
ME'AWAN,Me'awan,topónimo,recinos,2,"[""1.8.43"", ""1.8.7""]"
ME'AWAN,Me'awan,topónimo,tedlock,2,"[""2.194"", ""2.246""]"
ME'AWAN,Me'awan,topónimo,ximenez,2,"[""13""]"
MEXICO,México,topónimo,christenson_english_prose,1,"[""56""]"
MEXICO,México,topónimo,christenson_ximenez,1,"[""61""]"
MEXICO,México,topónimo,colop,1,"[""29""]"
MEXICO,México,topónimo,recinos,1,"[""3.9.38""]"
MEXICO,México,topónimo,tedlock,1,"[""4.392""]"
MEXICO,México,topónimo,ximenez,1,"[""60""]"
MIXKINA,Mixkina,objeto,ajtzibab,7,"[""2196"", ""2197"", ""2198"", ""2204"", ""2206"", ""2217"", ""2224""]"
MIXKINA,Mixkina,objeto,christenson,8,"[""3038"", ""3051"", ""3052"", ""3053"", ""3064"", ""3065"", ""3077"", ""3085""]"
MIXKINA,Mixkina,objeto,christenson_english_prose,6,"[""25""]"
MIXKINA,Mixkina,objeto,christenson_ximenez,8,"[""27""]"
MIXKINA,Mixkina,objeto,colop,7,"[""18""]"
MIXKINA,Mixkina,objeto,recinos,4,"[""2.6.12"", ""2.6.13"", ""2.6.9""]"
MIXKINA,Mixkina,objeto,tedlock,2,"[""3.401"", ""3.415""]"
MIXKINA,Mixkina,objeto,ximenez,8,"[""26""]"
MIXTAM_POM,Mixtam Pom,objeto,ajtzibab,1,"[""4500""]"
MIXTAM_POM,Mixtam Pom,objeto,christenson,1,"[""6072""]"
MIXTAM_POM,Mixtam Pom,objeto,colop,1,"[""29""]"
MOLAY,Molay,animal,ajtzibab,1,"[""2662""]"
MOLAY,Molay,animal,christenson,1,"[""3590""]"
MOLAY,Molay,animal,christenson_english_prose,1,"[""29""]"
MOLAY,Molay,animal,christenson_ximenez,1,"[""31""]"
MOLAY,Molay,animal,colop,1,"[""21""]"
MOLAY,Molay,animal,recinos,1,"[""2.8.2""]"
MOLAY,Molay,animal,ximenez,1,"[""30""]"
MOTZ,Motz,topónimo,ajtzibab,1,"[""894""]"
MOTZ,Motz,topónimo,christenson,1,"[""1378""]"
MOTZ,Motz,topónimo,christenson_english_prose,1,"[""12""]"
MOTZ,Motz,topónimo,christenson_ximenez,16,"[""12"", ""13"", ""14"", ""43""]"
MOTZ,Motz,topónimo,colop,1,"[""8""]"
MOTZ,Motz,topónimo,recinos,1,"[""1.7.59""]"
MOTZ,Motz,topónimo,ximenez,16,"[""11"", ""12"", ""13"", ""42""]"
MU'J,Mu'j,objeto,ajtzibab,1,"[""5424""]"
MU'J,Mu'j,objeto,christenson,1,"[""7438""]"
MU'J,Mu'j,objeto,christenson_english_prose,1,"[""66""]"
MU'J,Mu'j,objeto,christenson_ximenez,1,"[""72""]"
MU'J,Mu'j,objeto,colop,1,"[""36""]"
MU'J,Mu'j,objeto,recinos,5,"[""1.6.40"", ""2.5.32"", ""2.5.72"", ""2.6.56"", ""4.6.13""]"
MU'J,Mu'j,objeto,tedlock,1,"[""5.19""]"
MU'J,Mu'j,objeto,ximenez,1,"[""71""]"
NAKXIT,Nakxit,deidad,ajtzibab,2,"[""5413"", ""5422""]"
NAKXIT,Nakxit,deidad,christenson,2,"[""7423"", ""7434""]"
NAKXIT,Nakxit,deidad,christenson_english_prose,1,"[""66""]"
NAKXIT,Nakxit,deidad,christenson_ximenez,24,"[""41"", ""71"", ""72"", ""73"", ""74"", ""75"", ""81"", ""86"", ""87"", ""88"", ""89"", ""91"", ""97""]"
NAKXIT,Nakxit,deidad,colop,2,"[""36""]"
NAKXIT,Nakxit,deidad,recinos,2,"[""4.6.11"", ""4.6.12""]"
NAKXIT,Nakxit,deidad,tedlock,2,"[""5.16"", ""5.18""]"
NAKXIT,Nakxit,deidad,ximenez,24,"[""40"", ""70"", ""71"", ""72"", ""73"", ""74"", ""80"", ""85"", ""86"", ""87"", ""88"", ""90"", ""91""]"
NIJA'IB,NIJA'IB,,christenson_ximenez,16,"[""108"", ""70"", ""71"", ""74"", ""75"", ""78"", ""83"", ""86"", ""91"", ""98"", ""99""]"
NIJA'IB,NIJA'IB,,recinos,15,"[""3.3.9"", ""4.10.25"", ""4.11.3"", ""4.12.33"", ""4.12.51"", ""4.12.60"", ""4.12.76"", ""4.5.3"", ""4.6.5"", ""4.7.25"", ""4.7.30"", ""4.7.5"", ""4.8.10"", ""4.8.18""]"
NIJA'IB,NIJA'IB,,ximenez,14,"[""69"", ""73"", ""74"", ""77"", ""82"", ""85"", ""90"", ""91"", ""92"", ""96""]"
NIJA'IB',Nija'ib',linaje,ajtzibab,3,"[""5600"", ""5884"", ""6266""]"
NIJA'IB',Nija'ib',linaje,christenson,2,"[""7707"", ""8122""]"
NIJA'IB',Nija'ib',linaje,christenson_english_prose,2,"[""68"", ""83""]"
NIJA'IB',Nija'ib',linaje,colop,3,"[""37"", ""42"", ""50""]"
NIK'AJ_B'ICHOQ,Nik'aj B'ichoq,lugar,christenson,2,"[""4742"", ""4747""]"
NIK'AJ_B'ICHOQ,Nik'aj B'ichoq,lugar,christenson_english_prose,1,"[""40""]"
NIK'AJ_B'ICHOQ,Nik'aj B'ichoq,lugar,colop,2,"[""24""]"
NIK'AQAJ_TAQ'AJ,Nik'aqaj Taq'aj,deidad,ajtzibab,1,"[""4045""]"
NIK'AQAJ_TAQ'AJ,Nik'aqaj Taq'aj,deidad,christenson,1,"[""5406""]"
NIK'AQAJ_TAQ'AJ,Nik'aqaj Taq'aj,deidad,christenson_english_prose,7,"[""29"", ""40"", ""69"", ""76"", ""77""]"
NIK'AQAJ_TAQ'AJ,Nik'aqaj Taq'aj,deidad,colop,1,"[""28""]"
NIK'AQAJ_TAQ'AJ,Nik'aqaj Taq'aj,deidad,recinos,1,"[""3.4.15""]"
NIK'AQAJ_TAQ'AJ,Nik'aqaj Taq'aj,deidad,tedlock,2,"[""3.599"", ""5.122""]"
NIK'_AJ_JA,Nik'aj Ja,lugar,ajtzibab,2,"[""3644"", ""3647""]"
NIK'_AJ_JA,Nik'aj Ja,lugar,christenson,2,"[""4741"", ""4746""]"
NIK'_AJ_JA,Nik'aj Ja,lugar,christenson_english_prose,2,"[""40""]"
NIK'_AJ_JA,Nik'aj Ja,lugar,colop,2,"[""24""]"
NIMA'Q_TZ'AQ_TOJIL,Nima'a Tz'aq Tojil,topónimo,ajtzibab,1,"[""5967""]"
NIMA'Q_TZ'AQ_TOJIL,Nima'a Tz'aq Tojil,topónimo,christenson,1,"[""8245""]"
NIMA'Q_TZ'AQ_TOJIL,Nima'a Tz'aq Tojil,topónimo,christenson_english_prose,1,"[""78""]"
NIMA'Q_TZ'AQ_TOJIL,Nima'a Tz'aq Tojil,topónimo,colop,1,"[""43""]"
NIMA_CH'OKOJ,Nima Ch'okoj,oficio,christenson_english_prose,1,"[""77""]"
NIMA_CH'OKOJ,Nima Ch'okoj,oficio,christenson_ximenez,8,"[""103"", ""108"", ""78"", ""85"", ""89"", ""98""]"
NIMA_CH'OKOJ,Nima Ch'okoj,oficio,ximenez,5,"[""84"", ""88"", ""91"", ""94"", ""96""]"
NIMA_K'AMJA,Nima K'amja,oficio,christenson_english_prose,3,"[""71"", ""84""]"
NIMA_K'AMJA,Nima K'amja,oficio,christenson_ximenez,3,"[""78"", ""98""]"
NIMA_K'AMJA,Nima K'amja,oficio,tedlock,2,"[""5.156"", ""5.388""]"
NIMA_K'AMJA,Nima K'amja,oficio,ximenez,3,"[""77"", ""91""]"
NIMA_LOLMET_YE'OLTUX,Nima Lolmet Ye'oltux,oficio,christenson_ximenez,1,"[""78""]"
NIMA_LOLMET_YE'OLTUX,Nima Lolmet Ye'oltux,oficio,colop,1,"[""39""]"
NIMA_LOLMET_YE'OLTUX,Nima Lolmet Ye'oltux,oficio,ximenez,1,"[""77""]"
NIMA_SIS,Nima Sis,deidad,christenson,2,"[""1055"", ""559""]"
NIMA_SIS,Nima Sis,deidad,christenson_english_prose,1,"[""7""]"
NIMA_SIS,Nima Sis,deidad,colop,2,"[""4"", ""7""]"
NIMA_SIS,Nima Sis,deidad,recinos,71,"[""1.1.11"", ""1.2.25"", ""1.3.12"", ""1.5.7"", ""1.5.9"", ""1.9.10"", ""1.9.20"", ""1.9.42"", ""2.1.11"", ""2.11.0"", ""2.11.47"", ""2.11.7"", ""2.12.10"", ""2.13.22"", ""2.3.21"", ""2.5.13"", ""2.5.16"", ""2.5.46"", ""2.5.81"", ""2.6.14"", ""2.6.26"", ""2.6.36"", ""3.1.12"", ""3.10.5"", ""3.10.8"", ""3.2.31"", ""3.3.20"", ""3.3.5"", ""3.3.9"", ""3.4.1"", ""3.6.8"", ""3.7.12"", ""3.8.22"", ""3.9.10"", ""3.9.13"", ""4.10.1"", ""4.10.2"", ""4.11.11"", ""4.11.19"", ""4.11.42"", ""4.11.7"", ""4.12.20"", ""4.12.21"", ""4.12.32"", ""4.12.33"", ""4.12.50"", ""4.12.60"", ""4.12.68"", ""4.12.72"", ""4.3.39"", ""4.4.2"", ""4.7.25"", ""4.7.27"", ""4.7.5"", ""4.7.6"", ""4.8.12"", ""4.8.19"", ""4.8.4"", ""4.8.7"", ""4.8.8"", ""4.9.0"", ""4.9.3""]"
NIMA_SIS,Nima Sis,deidad,ximenez,1,"[""7""]"
NIM_AQ,Nim Aq,deidad,ajtzibab,1,"[""308""]"
NIM_AQ,Nim Aq,deidad,christenson,3,"[""1054"", ""21"", ""558""]"
NIM_AQ,Nim Aq,deidad,christenson_english_prose,1,"[""7""]"
NIM_AQ,Nim Aq,deidad,christenson_ximenez,19,"[""11"", ""17"", ""25"", ""31"", ""35"", ""37"", ""39"", ""4"", ""5"", ""51"", ""54"", ""68"", ""8"", ""82"", ""86""]"
NIM_AQ,Nim Aq,deidad,colop,2,"[""4"", ""7""]"
NIM_AQ,Nim Aq,deidad,tedlock,1,"[""1.102""]"
NIM_AQ,Nim Aq,deidad,ximenez,17,"[""10"", ""24"", ""3"", ""30"", ""34"", ""36"", ""38"", ""4"", ""50"", ""53"", ""67"", ""7"", ""85""]"
NIM_CH'OKOJ,Nim Ch'okoj,oficio,ajtzibab,8,"[""5676"", ""5941"", ""6253"", ""6258"", ""6263"", ""6266"", ""6268"", ""6269""]"
NIM_CH'OKOJ,Nim Ch'okoj,oficio,christenson,9,"[""7819"", ""8202"", ""8659"", ""8699"", ""8705"", ""8710"", ""8715"", ""8716"", ""8717""]"
NIM_CH'OKOJ,Nim Ch'okoj,oficio,christenson_english_prose,1,"[""87""]"
NIM_CH'OKOJ,Nim Ch'okoj,oficio,christenson_ximenez,3,"[""107""]"
NIM_CH'OKOJ,Nim Ch'okoj,oficio,colop,8,"[""39"", ""42"", ""49"", ""50""]"
NIM_CH'OKOJ,Nim Ch'okoj,oficio,ximenez,5,"[""95"", ""96""]"
NIM_CH'OKOJ_KAWEQ,Nim Ch'okoj Kaweq,oficio,ajtzibab,2,"[""5661"", ""6186""]"
NIM_CH'OKOJ_KAWEQ,Nim Ch'okoj Kaweq,oficio,christenson,2,"[""7803"", ""8585""]"
NIM_CH'OKOJ_KAWEQ,Nim Ch'okoj Kaweq,oficio,christenson_ximenez,1,"[""76""]"
NIM_CH'OKOJ_KAWEQ,Nim Ch'okoj Kaweq,oficio,colop,2,"[""38"", ""46""]"
NIM_CH'OKOJ_KAWEQ,Nim Ch'okoj Kaweq,oficio,ximenez,1,"[""75""]"
NIM_CH'OKOJ_NIJA'IB',Nim Ch'okoj Nija'ib',oficio,ajtzibab,1,"[""6225""]"
NIM_CH'OKOJ_NIJA'IB',Nim Ch'okoj Nija'ib',oficio,colop,1,"[""48""]"
NIM_XO'L,Nim Xo'l,topónimo,ajtzibab,1,"[""4321""]"
NIM_XO'L,Nim Xo'l,topónimo,christenson_english_prose,2,"[""17"", ""52""]"
NIM_XO'L,Nim Xo'l,topónimo,christenson_ximenez,1,"[""56""]"
NIM_XO'L,Nim Xo'l,topónimo,colop,1,"[""28""]"
NIM_XO'L,Nim Xo'l,topónimo,ximenez,1,"[""55""]"
NIM_XOB'_KARCHAJ,Nim xob' Karchaj,topónimo,ajtzibab,1,"[""1338""]"
NIM_XOB'_KARCHAJ,Nim xob' Karchaj,topónimo,christenson_ximenez,1,"[""18""]"
NIM_XOB'_KARCHAJ,Nim xob' Karchaj,topónimo,colop,1,"[""12""]"
NIM_XOB'_KARCHAJ,Nim xob' Karchaj,topónimo,ximenez,1,"[""17""]"
NOJ,Noj,objeto,ajtzibab,3,"[""3610"", ""4644"", ""6156""]"
NOJ,Noj,objeto,christenson,3,"[""4689"", ""6318"", ""8549""]"
NOJ,Noj,objeto,christenson_english_prose,2,"[""57"", ""81""]"
NOJ,Noj,objeto,christenson_ximenez,3,"[""30"", ""62"", ""89""]"
NOJ,Noj,objeto,colop,3,"[""24"", ""30"", ""44""]"
NOJ,Noj,objeto,recinos,1,"[""3.10.5""]"
NOJ,Noj,objeto,ximenez,3,"[""29"", ""61"", ""87""]"
NU'_SIWAN,Nu' Siwan,topónimo,christenson,1,"[""2040""]"
NU'_SIWAN,Nu' Siwan,topónimo,christenson_english_prose,1,"[""19""]"
NU'_SIWAN,Nu' Siwan,topónimo,christenson_ximenez,1,"[""19""]"
NU'_SIWAN,Nu' Siwan,topónimo,ximenez,1,"[""18""]"
OXIB'_KEJ_KQDOCE,Oxib' Kej (gen. 12),persona,tedlock,1,"[""5.343""]"
OXIB_RI_NIM_JA,Oxib' ri nim ja,linaje,ajtzibab,1,"[""5510""]"
OXIB_RI_NIM_JA,Oxib' ri nim ja,linaje,christenson,3,"[""7577"", ""7678"", ""8173""]"
OXIB_RI_NIM_JA,Oxib' ri nim ja,linaje,christenson_english_prose,25,"[""1"", ""47"", ""49"", ""50"", ""53"", ""56"", ""59"", ""62"", ""68"", ""74"", ""76"", ""77"", ""79"", ""87""]"
OXIB_RI_NIM_JA,Oxib' ri nim ja,linaje,christenson_ximenez,19,"[""1"", ""108"", ""54"", ""57"", ""74"", ""75"", ""79"", ""81"", ""82"", ""83"", ""85"", ""87""]"
OXIB_RI_NIM_JA,Oxib' ri nim ja,linaje,colop,3,"[""37"", ""42""]"
OXIB_RI_NIM_JA,Oxib' ri nim ja,linaje,recinos,3,"[""4.7.27"", ""4.7.30"", ""4.7.4""]"
OXIB_RI_NIM_JA,Oxib' ri nim ja,linaje,tedlock,37,"[""1.0"", ""1.1"", ""1.2"", ""4.134"", ""4.137"", ""4.138"", ""4.262"", ""4.264"", ""4.399"", ""4.503"", ""4.624"", ""4.77"", ""4.79"", ""5.101"", ""5.108"", ""5.115"", ""5.174"", ""5.175"", ""5.176"", ""5.194"", ""5.207"", ""5.260"", ""5.263"", ""5.269"", ""5.277"", ""5.309"", ""5.312"", ""5.320"", ""5.323"", ""5.331"", ""5.350"", ""5.412"", ""5.418"", ""5.419"", ""5.98""]"
OXIB_RI_NIM_JA,Oxib' ri nim ja,linaje,ximenez,25,"[""0"", ""53"", ""56"", ""73"", ""74"", ""78"", ""80"", ""81"", ""82"", ""84"", ""86"", ""96""]"
PACHQ'AB,PACHQ'AB,,christenson_ximenez,4,"[""18"", ""27"", ""28"", ""30""]"
PACHQ'AB,PACHQ'AB,,ximenez,3,"[""26"", ""27"", ""29""]"
PACHQ'AB',Pach'q'ab',objeto,ajtzibab,2,"[""2410"", ""2615""]"
PACHQ'AB',Pach'q'ab',objeto,christenson_english_prose,6,"[""16"", ""17"", ""19"", ""25"", ""26"", ""28""]"
PACHQ'AB',Pach'q'ab',objeto,christenson_ximenez,1,"[""19""]"
PACHQ'AB',Pach'q'ab',objeto,colop,2,"[""19"", ""20""]"
PACHQ'AB',Pach'q'ab',objeto,ximenez,1,"[""18""]"
PACH_Q'AB',PACH_Q'AB',,christenson_ximenez,1,"[""17""]"
PACH_Q'AB',PACH_Q'AB',,ximenez,1,"[""16""]"
PAK'AM,Pak'am,deidad,ajtzibab,3,"[""3265"", ""3281"", ""3342""]"
PAK'AM,Pak'am,deidad,christenson_english_prose,5,"[""35"", ""56"", ""63""]"
PAK'AM,Pak'am,deidad,christenson_ximenez,2,"[""37""]"
PAK'AM,Pak'am,deidad,colop,3,"[""23""]"
PAK'AM,Pak'am,deidad,recinos,3,"[""2.12.27"", ""2.12.3"", ""2.12.6""]"
PAK'AM,Pak'am,deidad,tedlock,5,"[""3.1107"", ""3.910"", ""3.918"", ""3.939""]"
PAK'AM,Pak'am,deidad,ximenez,2,"[""36""]"
PALO,Palo,lugar,ajtzibab,12,"[""34"", ""3801"", ""4362"", ""4363"", ""4369"", ""50"", ""5371"", ""5397"", ""5407"", ""5433"", ""63"", ""69""]"
PALO,Palo,lugar,christenson,13,"[""119"", ""129"", ""26"", ""5001"", ""52"", ""5836"", ""5837"", ""5844"", ""7364"", ""7399"", ""7414"", ""7455"", ""95""]"
PALO,Palo,lugar,christenson_english_prose,10,"[""1"", ""2"", ""54"", ""64"", ""65"", ""66""]"
PALO,Palo,lugar,christenson_ximenez,12,"[""2"", ""4"", ""48"", ""58"", ""70"", ""71"", ""72""]"
PALO,Palo,lugar,colop,11,"[""0"", ""1"", ""26"", ""28"", ""35"", ""36""]"
PALO,Palo,lugar,recinos,20,"[""0.1.2"", ""1.2.64"", ""1.3.0"", ""1.3.1"", ""1.3.21"", ""1.3.33"", ""1.4.18"", ""1.7.14"", ""1.7.17"", ""1.7.19"", ""1.7.37"", ""1.7.38"", ""1.7.39"", ""1.7.47"", ""1.7.5"", ""2.2.39"", ""2.2.41"", ""2.6.4"", ""2.8.10"", ""2.8.47""]"
PALO,Palo,lugar,tedlock,12,"[""1.11"", ""1.14"", ""1.2"", ""1.5"", ""1.7"", ""4.277"", ""4.278"", ""4.280"", ""4.750"", ""5.13"", ""5.29"", ""5.8""]"
PALO,Palo,lugar,ximenez,12,"[""1"", ""3"", ""47"", ""57"", ""69"", ""70"", ""71""]"
PAM_KAJ_UPAM_ULEW,"Pam Kaj, Upam Ulew",lugar,ajtzibab,1,"[""6063""]"
PAM_KAJ_UPAM_ULEW,"Pam Kaj, Upam Ulew",lugar,christenson_ximenez,2,"[""48"", ""49""]"
PAM_KAJ_UPAM_ULEW,"Pam Kaj, Upam Ulew",lugar,colop,1,"[""43""]"
PAM_KAJ_UPAM_ULEW,"Pam Kaj, Upam Ulew",lugar,ximenez,2,"[""47"", ""48""]"
PATAN,Patan,deidad,ajtzibab,7,"[""1265"", ""1271"", ""1276"", ""1346"", ""2739"", ""2744"", ""2783""]"
PATAN,Patan,deidad,christenson,23,"[""1828"", ""1834"", ""1856"", ""1860"", ""1873"", ""1878"", ""1887"", ""1987"", ""3206"", ""3683"", ""3690"", ""3732"", ""413"", ""7183"", ""7269"", ""762"", ""7999"", ""8002"", ""8035"", ""8262"", ""8419"", ""8478"", ""8491""]"
PATAN,Patan,deidad,christenson_english_prose,6,"[""16"", ""17"", ""29""]"
PATAN,Patan,deidad,christenson_ximenez,12,"[""17"", ""18"", ""31"", ""7"", ""86"", ""87""]"
PATAN,Patan,deidad,colop,7,"[""11"", ""12"", ""21""]"
PATAN,Patan,deidad,recinos,6,"[""2.1.36"", ""2.1.38"", ""2.2.12"", ""2.8.35"", ""2.8.37"", ""2.8.48""]"
PATAN,Patan,deidad,tedlock,6,"[""3.41"", ""3.46"", ""3.65"", ""3.662"", ""3.666"", ""3.689""]"
PATAN,Patan,deidad,ximenez,9,"[""16"", ""17"", ""30"", ""6""]"
PAXIL,Paxil,topónimo,ajtzibab,4,"[""3723"", ""3729"", ""3730"", ""3743""]"
PAXIL,Paxil,topónimo,christenson,4,"[""4861"", ""4875"", ""4876"", ""4905""]"
PAXIL,Paxil,topónimo,christenson_english_prose,3,"[""42""]"
PAXIL,Paxil,topónimo,christenson_ximenez,4,"[""45"", ""46""]"
PAXIL,Paxil,topónimo,colop,4,"[""25""]"
PAXIL,Paxil,topónimo,recinos,3,"[""3.1.11"", ""3.1.8""]"
PAXIL,Paxil,topónimo,ximenez,4,"[""44"", ""45""]"
PA_AWILIX,Pa Awilix,topónimo,ajtzibab,1,"[""4485""]"
PA_AWILIX,Pa Awilix,topónimo,christenson,1,"[""6042""]"
PA_AWILIX,Pa Awilix,topónimo,christenson_ximenez,1,"[""59""]"
PA_AWILIX,Pa Awilix,topónimo,colop,2,"[""28""]"
PA_AWILIX,Pa Awilix,topónimo,ximenez,1,"[""58""]"
PA_MAK'A',Pa Mak'a',topónimo,christenson,1,"[""7976""]"
PA_MAK'A',Pa Mak'a',topónimo,christenson_ximenez,1,"[""82""]"
PA_MAK'A',Pa Mak'a',topónimo,colop,1,"[""42""]"
PA_MAK'A',Pa Mak'a',topónimo,ximenez,1,"[""81""]"
PA_TOJIL,Pa Tojil,topónimo,ajtzibab,2,"[""4427"", ""4485""]"
PA_TOJIL,Pa Tojil,topónimo,christenson,2,"[""5927"", ""6041""]"
PA_TOJIL,Pa Tojil,topónimo,christenson_english_prose,2,"[""55""]"
PA_TOJIL,Pa Tojil,topónimo,christenson_ximenez,2,"[""59""]"
PA_TOJIL,Pa Tojil,topónimo,colop,2,"[""28""]"
PA_TOJIL,Pa Tojil,topónimo,recinos,1,"[""3.8.15""]"
PA_TOJIL,Pa Tojil,topónimo,tedlock,2,"[""4.310"", ""4.339""]"
PA_TOJIL,Pa Tojil,topónimo,ximenez,2,"[""58""]"
PEK_UL_YA',Pek ul ya',topónimo,christenson_english_prose,1,"[""10""]"
PEK_UL_YA',Pek ul ya',topónimo,christenson_ximenez,1,"[""11""]"
PEK_UL_YA',Pek ul ya',topónimo,colop,1,"[""7""]"
PEK_UL_YA',Pek ul ya',topónimo,recinos,1,"[""1.5.7""]"
PEK_UL_YA',Pek ul ya',topónimo,ximenez,1,"[""10""]"
PEQ,Peq,objeto,ajtzibab,2,"[""2346"", ""3741""]"
PEQ,Peq,objeto,christenson,2,"[""3242"", ""4895""]"
PEQ,Peq,objeto,christenson_english_prose,2,"[""25"", ""42""]"
PEQ,Peq,objeto,christenson_ximenez,4,"[""14"", ""27"", ""52"", ""54""]"
PEQ,Peq,objeto,colop,2,"[""18"", ""25""]"
PEQ,Peq,objeto,tedlock,2,"[""3.470"", ""4.14""]"
PEQ,Peq,objeto,ximenez,4,"[""13"", ""26"", ""51"", ""53""]"
PETATAYUB',Petatayub',topónimo,ajtzibab,1,"[""5810""]"
PETATAYUB',Petatayub',topónimo,christenson,1,"[""8027""]"
PETATAYUB',Petatayub',topónimo,christenson_english_prose,1,"[""75""]"
PETATAYUB',Petatayub',topónimo,christenson_ximenez,1,"[""82""]"
PETATAYUB',Petatayub',topónimo,colop,1,"[""42""]"
PETATAYUB',Petatayub',topónimo,recinos,1,"[""4.10.11""]"
PETATAYUB',Petatayub',topónimo,tedlock,1,"[""5.224""]"
PETATAYUB',Petatayub',topónimo,ximenez,1,"[""81""]"
PICH_KEJ,Pich Kej,objeto,ajtzibab,1,"[""5428""]"
PICH_KEJ,Pich Kej,objeto,christenson,1,"[""7447""]"
PICH_KEJ,Pich Kej,objeto,christenson_ximenez,1,"[""72""]"
PICH_KEJ,Pich Kej,objeto,colop,1,"[""36""]"
PICH_KEJ,Pich Kej,objeto,ximenez,1,"[""71""]"
PISOM_Q'AQ'AL,Pisom Q'aq'al,objeto,ajtzibab,3,"[""5327"", ""5363"", ""6061""]"
PISOM_Q'AQ'AL,Pisom Q'aq'al,objeto,christenson,3,"[""7298"", ""7350"", ""8394""]"
PISOM_Q'AQ'AL,Pisom Q'aq'al,objeto,christenson_english_prose,3,"[""64"", ""79""]"
PISOM_Q'AQ'AL,Pisom Q'aq'al,objeto,christenson_ximenez,6,"[""70"", ""87""]"
PISOM_Q'AQ'AL,Pisom Q'aq'al,objeto,colop,3,"[""35"", ""43""]"
PISOM_Q'AQ'AL,Pisom Q'aq'al,objeto,ximenez,5,"[""69"", ""86""]"
POM,Pom,objeto,ajtzibab,4,"[""3639"", ""4500"", ""4501"", ""4508""]"
POM,Pom,objeto,christenson,6,"[""6066"", ""6073"", ""6076"", ""6082"", ""6089"", ""6090""]"
POM,Pom,objeto,christenson_english_prose,5,"[""40"", ""56""]"
POM,Pom,objeto,christenson_ximenez,9,"[""42"", ""61""]"
POM,Pom,objeto,colop,5,"[""24"", ""29""]"
POM,Pom,objeto,tedlock,1,"[""4.346""]"
POM,Pom,objeto,ximenez,9,"[""41"", ""60""]"
POPOL_WINAQ_CHI_T'UY,Popol Winaq chi T'uy,oficio,ajtzibab,2,"[""5662"", ""6189""]"
POPOL_WINAQ_CHI_T'UY,Popol Winaq chi T'uy,oficio,christenson,2,"[""7804"", ""8591""]"
POPOL_WINAQ_CHI_T'UY,Popol Winaq chi T'uy,oficio,christenson_english_prose,2,"[""70"", ""82""]"
POPOL_WINAQ_CHI_T'UY,Popol Winaq chi T'uy,oficio,christenson_ximenez,1,"[""76""]"
POPOL_WINAQ_CHI_T'UY,Popol Winaq chi T'uy,oficio,colop,2,"[""38"", ""46""]"
POPOL_WINAQ_CHI_T'UY,Popol Winaq chi T'uy,oficio,ximenez,1,"[""75""]"
POPOL_WINAQ_PA_JOM_TZALATZ',Popol Winaq pa Jom Tzalatz',oficio,christenson_ximenez,2,"[""76"", ""89""]"
POPOL_WINAQ_PA_JOM_TZALATZ',Popol Winaq pa Jom Tzalatz',oficio,ximenez,1,"[""75""]"
POPOL_WUJ,Popol Wuj,objeto,ajtzibab,2,"[""0"", ""5996""]"
POPOL_WUJ,Popol Wuj,objeto,christenson,1,"[""8287""]"
POPOL_WUJ,Popol Wuj,objeto,christenson_english_prose,3,"[""1"", ""78""]"
POPOL_WUJ,Popol Wuj,objeto,christenson_ximenez,1,"[""108""]"
POPOL_WUJ,Popol Wuj,objeto,colop,1,"[""43""]"
POPOL_WUJ,Popol Wuj,objeto,tedlock,2,"[""1.6"", ""5.419""]"
POPOL_WUJ,Popol Wuj,objeto,ximenez,3,"[""1"", ""85"", ""96""]"
PUCH_IYA,Puch iya,objeto,ajtzibab,1,"[""4699""]"
PUCH_IYA,Puch iya,objeto,christenson,1,"[""6405""]"
PUCH_IYA,Puch iya,objeto,christenson_ximenez,2,"[""62""]"
PUCH_IYA,Puch iya,objeto,colop,1,"[""30""]"
PUCH_IYA,Puch iya,objeto,recinos,2,"[""3.10.24"", ""3.10.5""]"
PUCH_IYA,Puch iya,objeto,ximenez,2,"[""61""]"
PUJUYU',Pujuyu',deidad,ajtzibab,3,"[""2972"", ""2973""]"
PUJUYU',Pujuyu',deidad,christenson,3,"[""3921"", ""3922"", ""3925""]"
PUJUYU',Pujuyu',deidad,christenson_english_prose,4,"[""29"", ""38""]"
PUJUYU',Pujuyu',deidad,christenson_ximenez,3,"[""31""]"
PUJUYU',Pujuyu',deidad,colop,3,"[""22""]"
PUJUYU',Pujuyu',deidad,ximenez,3,"[""30""]"
PUJ_CHI_JA',Puj chi ja',topónimo,christenson_english_prose,1,"[""19""]"
PUJ_CHI_JA',Puj chi ja',topónimo,colop,1,"[""13""]"
PUJ_YA',Puj Ya',lugar,christenson,1,"[""3591""]"
PUJ_YA',Puj Ya',lugar,christenson_english_prose,2,"[""19"", ""29""]"
PUJ_YA',Puj Ya',lugar,christenson_ximenez,1,"[""31""]"
PUJ_YA',Puj Ya',lugar,colop,1,"[""21""]"
PUJ_YA',Puj Ya',lugar,tedlock,1,"[""3.608""]"
PUJ_YA',Puj Ya',lugar,ximenez,1,"[""30""]"
PUSB'AL_CHAAJ,Pusb'al Chaaj,lugar,christenson_english_prose,6,"[""19"", ""20"", ""21"", ""40""]"
PUSB'AL_CHAAJ,Pusb'al Chaaj,lugar,christenson_ximenez,6,"[""19"", ""21"", ""22"", ""42"", ""43""]"
PUSB'AL_CHAAJ,Pusb'al Chaaj,lugar,colop,5,"[""14"", ""15"", ""24""]"
PUSB'AL_CHAAJ,Pusb'al Chaaj,lugar,ximenez,4,"[""18"", ""21"", ""41"", ""42""]"
Q'ALEL,Q'alel,oficio,ajtzibab,14,"[""5673"", ""5850"", ""5878"", ""5894"", ""5906"", ""5915"", ""5936"", ""5939"", ""5940"", ""5943"", ""5959"", ""5963"", ""6080"", ""6110""]"
Q'ALEL,Q'alel,oficio,christenson,13,"[""7816"", ""8072"", ""8113"", ""8137"", ""8154"", ""8167"", ""8193"", ""8197"", ""8199"", ""8231"", ""8239"", ""8427"", ""8486""]"
Q'ALEL,Q'alel,oficio,christenson_english_prose,9,"[""71"", ""76"", ""77"", ""79""]"
Q'ALEL,Q'alel,oficio,colop,13,"[""39"", ""42"", ""43""]"
Q'ALEL,Q'alel,oficio,ximenez,11,"[""82"", ""84"", ""86""]"
Q'ALEL_ACHIJ,Q'alel Achij,oficio,christenson,1,"[""8205""]"
Q'ALEL_ACHIJ,Q'alel Achij,oficio,ximenez,1,"[""84""]"
Q'ALEL_AJAW,Q'alel Ajaw,linaje,ajtzibab,2,"[""5505"", ""5942""]"
Q'ALEL_AJAW,Q'alel Ajaw,linaje,christenson,2,"[""7568"", ""8203""]"
Q'ALEL_AJAW,Q'alel Ajaw,linaje,christenson_english_prose,6,"[""68"", ""71"", ""83"", ""84""]"
Q'ALEL_AJAW,Q'alel Ajaw,linaje,colop,2,"[""37"", ""42""]"
Q'ALEL_AJAW,Q'alel Ajaw,linaje,ximenez,1,"[""84""]"
Q'ALEL_K'AMJA,Q'alel K'amja,oficio,christenson_ximenez,1,"[""78""]"
Q'ALEL_K'AMJA,Q'alel K'amja,oficio,ximenez,1,"[""77""]"
Q'ALEL_SAQIK,Q'alel Saqik,oficio,ajtzibab,1,"[""5693""]"
Q'ALEL_SAQIK,Q'alel Saqik,oficio,christenson,2,"[""7835"", ""8204""]"
Q'ALEL_SAQIK,Q'alel Saqik,oficio,christenson_english_prose,1,"[""73""]"
Q'ALEL_SAQIK,Q'alel Saqik,oficio,colop,2,"[""41"", ""42""]"
Q'ALEL_SAQIK,Q'alel Saqik,oficio,ximenez,1,"[""84""]"
Q'ALIB'AJ,Q'alib'aj,objeto,christenson,1,"[""7439""]"
Q'ALIB'AJ,Q'alib'aj,objeto,christenson_english_prose,4,"[""11"", ""66"", ""9""]"
Q'ALIB'AJ,Q'alib'aj,objeto,colop,1,"[""36""]"
Q'ALIB'AJ,Q'alib'aj,objeto,recinos,1,"[""4.6.12""]"
Q'ALIB'AJ,Q'alib'aj,objeto,tedlock,1,"[""5.19""]"
Q'ALIB'AJ,Q'alib'aj,objeto,ximenez,1,"[""71""]"
Q'ANAB'AJ,Q'anab'aj,objeto,ajtzibab,1,"[""5426""]"
Q'ANAB'AJ,Q'anab'aj,objeto,christenson_english_prose,1,"[""66""]"
Q'ANAB'AJ,Q'anab'aj,objeto,christenson_ximenez,1,"[""72""]"
Q'ANAB'AJ,Q'anab'aj,objeto,colop,1,"[""36""]"
Q'ANAB'AJ,Q'anab'aj,objeto,tedlock,1,"[""5.21""]"
Q'ANAB'AJ,Q'anab'aj,objeto,ximenez,1,"[""71""]"
Q'ANA_B'E,Q'ana b'e,topónimo,christenson,1,"[""2062""]"
Q'ANA_B'E,Q'ana b'e,topónimo,christenson_english_prose,1,"[""19""]"
Q'ANA_B'E,Q'ana b'e,topónimo,colop,1,"[""13""]"
Q'ANA_B'E,Q'ana b'e,topónimo,recinos,4,"[""2.1.28"", ""2.2.34"", ""2.9.50"", ""3.1.17""]"
Q'ANA_B'E,Q'ana b'e,topónimo,tedlock,1,"[""3.88""]"
Q'ANA_B'E,Q'ana b'e,topónimo,ximenez,1,"[""18""]"
Q'ANTE',Q'ante',objeto,ajtzibab,1,"[""2013""]"
Q'ANTE',Q'ante',objeto,christenson_english_prose,1,"[""23""]"
Q'ANTE',Q'ante',objeto,colop,1,"[""18""]"
Q'AQ'_LAQAM_AKTRES,Q'aq' Laqam (gen. 3),persona,christenson_english_prose,15,"[""13"", ""17"", ""19"", ""21"", ""24"", ""29"", ""33"", ""79""]"
Q'AQ'_LAQAM_AKTRES,Q'aq' Laqam (gen. 3),persona,tedlock,15,"[""2.229"", ""3.227"", ""3.230"", ""3.241"", ""3.317"", ""3.321"", ""3.380"", ""3.61"", ""3.610"", ""3.757"", ""3.869"", ""3.87"", ""4.302"", ""5.317"", ""5.398""]"
Q'AQ'_LAQAM_AKTRES,Q'aq' Laqam (gen. 3),persona,ximenez,1,"[""93""]"
Q'EB'AL,Q'eb'al,objeto,ajtzibab,4,"[""2385"", ""2401"", ""2403"", ""2416""]"
Q'EB'AL,Q'eb'al,objeto,christenson,6,"[""3288"", ""3303"", ""3304"", ""3305"", ""3326"", ""3332""]"
Q'EB'AL,Q'eb'al,objeto,christenson_english_prose,1,"[""8""]"
Q'EB'AL,Q'eb'al,objeto,colop,4,"[""18"", ""19""]"
Q'EB'AL,Q'eb'al,objeto,recinos,1,"[""1.3.15""]"
Q'EQA_B'E,Q'eqa b'e,topónimo,christenson,6,"[""2060"", ""2064"", ""2070"", ""3598"", ""3599"", ""3614""]"
Q'EQA_B'E,Q'eqa b'e,topónimo,christenson_english_prose,4,"[""19"", ""29""]"
Q'EQA_B'E,Q'eqa b'e,topónimo,christenson_ximenez,6,"[""19"", ""31""]"
Q'EQA_B'E,Q'eqa b'e,topónimo,colop,4,"[""13"", ""21""]"
Q'EQA_B'E,Q'eqa b'e,topónimo,recinos,3,"[""2.2.35"", ""2.8.10"", ""2.8.5""]"
Q'EQA_B'E,Q'eqa b'e,topónimo,tedlock,4,"[""3.610"", ""3.614"", ""3.87"", ""3.89""]"
Q'EQA_B'E,Q'eqa b'e,topónimo,ximenez,6,"[""18"", ""30""]"
Q'EQUMA_JA,Q'equma Ja,lugar,christenson,5,"[""2118"", ""2139"", ""2168"", ""3751"", ""3756""]"
Q'EQUMA_JA,Q'equma Ja,lugar,christenson_ximenez,1,"[""19""]"
Q'EQUMA_JA,Q'equma Ja,lugar,colop,4,"[""14"", ""22""]"
Q'EQUMA_JA,Q'equma Ja,lugar,ximenez,4,"[""18"", ""30""]"
Q'INOM,Q'inom,objeto,ajtzibab,2,"[""3742"", ""6012""]"
Q'INOM,Q'inom,objeto,christenson,2,"[""4899"", ""8305""]"
Q'INOM,Q'inom,objeto,christenson_english_prose,2,"[""42"", ""78""]"
Q'INOM,Q'inom,objeto,christenson_ximenez,2,"[""46"", ""86""]"
Q'INOM,Q'inom,objeto,colop,2,"[""25"", ""43""]"
Q'INOM,Q'inom,objeto,recinos,2,"[""3.1.10"", ""4.11.16""]"
Q'INOM,Q'inom,objeto,tedlock,2,"[""4.14"", ""5.292""]"
Q'INOM,Q'inom,objeto,ximenez,2,"[""45"", ""85""]"
Q'OJOM,Q'ojom,objeto,christenson,1,"[""2903""]"
Q'OJOM,Q'ojom,objeto,christenson_english_prose,3,"[""24"", ""66""]"
Q'OJOM,Q'ojom,objeto,christenson_ximenez,1,"[""26""]"
Q'OJOM,Q'ojom,objeto,ximenez,2,"[""25""]"
Q'OL,Q'ol,objeto,ajtzibab,10,"[""105"", ""245"", ""296"", ""330"", ""3706"", ""4644"", ""4699"", ""6042"", ""6059"", ""6094""]"
Q'OL,Q'ol,objeto,christenson,13,"[""198"", ""444"", ""456"", ""4833"", ""530"", ""566"", ""610"", ""6317"", ""6404"", ""707"", ""8354"", ""8389"", ""8454""]"
Q'OL,Q'ol,objeto,christenson_english_prose,4,"[""57"", ""75"", ""8""]"
Q'OL,Q'ol,objeto,christenson_ximenez,1,"[""2""]"
Q'OL,Q'ol,objeto,colop,3,"[""30"", ""5""]"
Q'OL,Q'ol,objeto,recinos,3,"[""1.2.49"", ""1.3.6"", ""3.10.5""]"
Q'OL,Q'ol,objeto,tedlock,3,"[""1.134"", ""4.415"", ""4.437""]"
Q'OL,Q'ol,objeto,ximenez,3,"[""1"", ""61"", ""8""]"
Q'OL_CHE',Q'ol Che',objeto,ajtzibab,1,"[""5803""]"
Q'OL_CHE',Q'ol Che',objeto,christenson,1,"[""8018""]"
Q'OL_CHE',Q'ol Che',objeto,christenson_ximenez,1,"[""82""]"
Q'OL_CHE',Q'ol Che',objeto,colop,1,"[""42""]"
Q'OL_CHE',Q'ol Che',objeto,ximenez,1,"[""81""]"
Q'OQ,Q'OQ,,christenson_ximenez,21,"[""12"", ""14"", ""22"", ""23"", ""35"", ""36"", ""53"", ""55"", ""59"", ""61"", ""62"", ""64"", ""68"", ""69""]"
Q'OQ,Q'OQ,,ximenez,20,"[""11"", ""13"", ""21"", ""22"", ""34"", ""35"", ""52"", ""58"", ""60"", ""61"", ""63"", ""67"", ""68""]"
Q'UKUMATZ,Q'ukumatz,deidad,ajtzibab,11,"[""128"", ""5612"", ""5729"", ""5730"", ""5746"", ""5755"", ""5987"", ""6107"", ""6146"", ""6188"", ""78""]"
Q'UKUMATZ,Q'ukumatz,deidad,christenson,25,"[""139"", ""147"", ""157"", ""162"", ""191"", ""24"", ""244"", ""4828"", ""4926"", ""4967"", ""5105"", ""520"", ""5316"", ""628"", ""7723"", ""7802"", ""7891"", ""7894"", ""7918"", ""7935"", ""8273"", ""8480"", ""8495"", ""8533"", ""8589""]"
Q'UKUMATZ,Q'ukumatz,deidad,colop,11,"[""1"", ""2"", ""37"", ""41"", ""43"", ""44""]"
Q'UKUMATZ,Q'ukumatz,deidad,recinos,10,"[""1.1.10"", ""1.1.32"", ""4.11.43"", ""4.11.47"", ""4.11.7"", ""4.12.7"", ""4.9.14"", ""4.9.17"", ""4.9.8"", ""4.9.9""]"
Q'UKUMATZ,Q'ukumatz,deidad,ximenez,1,"[""3""]"
Q'UKUMATZ_KQCINCO,Q'ukumatz (gen. 5),persona,christenson_english_prose,9,"[""69"", ""74"", ""78"", ""79"", ""81""]"
Q'UKUMATZ_KQCINCO,Q'ukumatz (gen. 5),persona,christenson_ximenez,9,"[""75"", ""81"", ""86"", ""87"", ""89""]"
Q'UKUMATZ_KQCINCO,Q'ukumatz (gen. 5),persona,ximenez,10,"[""74"", ""80"", ""85"", ""86"", ""87""]"
Q'UMARKAJ,Q'umarkaj,topónimo,ajtzibab,1,"[""5640""]"
Q'UMARKAJ,Q'umarkaj,topónimo,christenson,2,"[""7719"", ""7770""]"
Q'UMARKAJ,Q'umarkaj,topónimo,christenson_english_prose,10,"[""1"", ""13"", ""17"", ""24"", ""40"", ""50"", ""67"", ""69"", ""8""]"
Q'UMARKAJ,Q'umarkaj,topónimo,christenson_ximenez,3,"[""75"", ""81""]"
Q'UMARKAJ,Q'umarkaj,topónimo,tedlock,16,"[""1.0"", ""1.1"", ""1.133"", ""1.6"", ""3.1077"", ""3.392"", ""3.393"", ""4.149"", ""4.751"", ""5.2"", ""5.208"", ""5.419"", ""5.45""]"
Q'UMARKAJ,Q'umarkaj,topónimo,ximenez,3,"[""74"", ""80""]"
Q'oq,Q'oq,objeto,ajtzibab,4,"[""3153"", ""3227"", ""3243"", ""3244""]"
Q'oq,Q'oq,objeto,christenson,5,"[""4126"", ""4206"", ""4208"", ""4227"", ""4228""]"
Q'oq,Q'oq,objeto,christenson_english_prose,4,"[""33"", ""34""]"
Q'oq,Q'oq,objeto,colop,4,"[""22""]"
Q'oq,Q'oq,objeto,recinos,4,"[""1.8.7"", ""2.11.36"", ""2.11.43"", ""2.11.8""]"
QAMUKU,Qamuku,canto,christenson_english_prose,2,"[""56"", ""64""]"
QAMUKU,Qamuku,canto,christenson_ximenez,2,"[""61"", ""70""]"
QAMUKU,Qamuku,canto,colop,2,"[""29"", ""35""]"
QAMUKU,Qamuku,canto,ximenez,2,"[""60"", ""69""]"
RAB'INALEB',Rab'inaleb',linaje,ajtzibab,10,"[""3929"", ""4063"", ""4342"", ""4444"", ""4524"", ""4606"", ""4608"", ""5445"", ""5779"", ""5786""]"
RAB'INALEB',Rab'inaleb',linaje,christenson,11,"[""5212"", ""5437"", ""5809"", ""5958"", ""6118"", ""6256"", ""6259"", ""7471"", ""7975"", ""7990"", ""8443""]"
RAB'INALEB',Rab'inaleb',linaje,christenson_english_prose,11,"[""47"", ""50"", ""54"", ""55"", ""56"", ""67"", ""75"", ""79""]"
RAB'INALEB',Rab'inaleb',linaje,christenson_ximenez,11,"[""51"", ""54"", ""58"", ""59"", ""61"", ""73"", ""82"", ""87""]"
RAB'INALEB',Rab'inaleb',linaje,colop,10,"[""27"", ""28"", ""29"", ""36"", ""42""]"
RAB'INALEB',Rab'inaleb',linaje,tedlock,11,"[""4.140"", ""4.269"", ""4.319"", ""4.360"", ""4.400"", ""4.401"", ""4.89"", ""5.209"", ""5.214"", ""5.311"", ""5.34""]"
RAB'INALEB',Rab'inaleb',linaje,ximenez,10,"[""53"", ""57"", ""58"", ""60"", ""72"", ""81"", ""86""]"
RAJAWAL_XIB'ALB'A,Rajawal Xib'alb'a,grupo de deidades,ajtzibab,12,"[""1220"", ""1423"", ""1434"", ""1459"", ""1799"", ""2434"", ""3048"", ""3211"", ""3267"", ""3512"", ""3541"", ""3570""]"
RAJAWAL_XIB'ALB'A,Rajawal Xib'alb'a,grupo de deidades,christenson,12,"[""1807"", ""2071"", ""2111"", ""2507"", ""3342"", ""4012"", ""4189"", ""4234"", ""4259"", ""4560"", ""4599"", ""4634""]"
RAJAWAL_XIB'ALB'A,Rajawal Xib'alb'a,grupo de deidades,christenson_english_prose,12,"[""16"", ""19"", ""21"", ""27"", ""30"", ""34"", ""35"", ""38"", ""39""]"
RAJAWAL_XIB'ALB'A,Rajawal Xib'alb'a,grupo de deidades,christenson_ximenez,90,"[""108"", ""13"", ""17"", ""18"", ""19"", ""22"", ""27"", ""29"", ""31"", ""32"", ""33"", ""35"", ""36"", ""37"", ""40"", ""41"", ""42"", ""43"", ""51"", ""53"", ""55"", ""57"", ""59"", ""64"", ""65"", ""67"", ""68"", ""70"", ""75"", ""82"", ""83"", ""87"", ""9""]"
RAJAWAL_XIB'ALB'A,Rajawal Xib'alb'a,grupo de deidades,colop,13,"[""11"", ""13"", ""15"", ""19"", ""22"", ""23"", ""24""]"
RAJAWAL_XIB'ALB'A,Rajawal Xib'alb'a,grupo de deidades,tedlock,8,"[""3.103"", ""3.21"", ""3.249"", ""3.511"", ""3.887"", ""3.911"", ""3.92"", ""3.96""]"
RAJAWAL_XIB'ALB'A,Rajawal Xib'alb'a,grupo de deidades,ximenez,91,"[""12"", ""16"", ""17"", ""18"", ""21"", ""26"", ""28"", ""30"", ""31"", ""32"", ""34"", ""35"", ""36"", ""39"", ""40"", ""41"", ""42"", ""50"", ""52"", ""54"", ""56"", ""58"", ""63"", ""64"", ""66"", ""67"", ""69"", ""74"", ""8"", ""81"", ""82"", ""86""]"
RAJPOP,Rajpop,deidad,ajtzibab,1,"[""1332""]"
RAJPOP,Rajpop,deidad,christenson_english_prose,3,"[""17"", ""21""]"
RAJPOP,Rajpop,deidad,christenson_ximenez,3,"[""18"", ""22"", ""85""]"
RAJPOP,Rajpop,deidad,colop,1,"[""12""]"
RAJPOP,Rajpop,deidad,ximenez,3,"[""17"", ""21"", ""84""]"
RAJPOP_ACHIJ,Rajpop Achij,oficio,ajtzibab,2,"[""1296"", ""5945""]"
RAJPOP_ACHIJ,Rajpop Achij,oficio,christenson_english_prose,1,"[""77""]"
RAJPOP_ACHIJ,Rajpop Achij,oficio,colop,2,"[""12"", ""42""]"
RAJTZ'ALAM_ACHIJ,Rajtz'alam Achij,oficio,ajtzibab,1,"[""5946""]"
RAJTZ'ALAM_ACHIJ,Rajtz'alam Achij,oficio,christenson_english_prose,1,"[""77""]"
RAJTZ'ALAM_ACHIJ,Rajtz'alam Achij,oficio,colop,1,"[""42""]"
RATI'T_Q'IJ,Rati't Q'ij,deidad,ajtzibab,3,"[""288"", ""313"", ""3995""]"
RATI'T_Q'IJ,Rati't Q'ij,deidad,christenson,3,"[""511"", ""5321"", ""568""]"
RATI'T_Q'IJ,Rati't Q'ij,deidad,christenson_english_prose,3,"[""47"", ""6"", ""7""]"
RATI'T_Q'IJ,Rati't Q'ij,deidad,colop,3,"[""27"", ""4""]"
RATI'T_Q'IJ,Rati't Q'ij,deidad,tedlock,3,"[""1.102"", ""1.98"", ""4.115""]"
RATI'T_SAQ,Rati't Saq,deidad,ajtzibab,3,"[""288"", ""313"", ""3995""]"
RATI'T_SAQ,Rati't Saq,deidad,christenson,3,"[""512"", ""5322"", ""569""]"
RATI'T_SAQ,Rati't Saq,deidad,christenson_english_prose,3,"[""47"", ""6"", ""7""]"
RATI'T_SAQ,Rati't Saq,deidad,christenson_ximenez,1,"[""8""]"
RATI'T_SAQ,Rati't Saq,deidad,colop,3,"[""27"", ""4""]"
RATI'T_SAQ,Rati't Saq,deidad,tedlock,3,"[""1.102"", ""1.98"", ""4.115""]"
RATI'T_SAQ,Rati't Saq,deidad,ximenez,1,"[""7""]"
RAXA_B'E,Raxa b'e,topónimo,christenson,2,"[""3602"", ""8380""]"
RAXA_B'E,Raxa b'e,topónimo,christenson_ximenez,2,"[""31"", ""87""]"
RAXA_B'E,Raxa b'e,topónimo,colop,2,"[""21"", ""43""]"
RAXA_B'E,Raxa b'e,topónimo,recinos,2,"[""1.2.49"", ""2.8.5""]"
RAXA_B'E,Raxa b'e,topónimo,tedlock,2,"[""3.610"", ""5.303""]"
RAXA_B'E,Raxa b'e,topónimo,ximenez,2,"[""30"", ""86""]"
RAXA_KAQULJA,Raxa Kaqulja,deidad,christenson,8,"[""1533"", ""1790"", ""186"", ""2359"", ""249"", ""365"", ""5103"", ""5310""]"
RAXA_KAQULJA,Raxa Kaqulja,deidad,christenson_english_prose,8,"[""14"", ""16"", ""20"", ""3"", ""46"", ""47"", ""5""]"
RAXA_KAQULJA,Raxa Kaqulja,deidad,christenson_ximenez,8,"[""15"", ""17"", ""21"", ""5"", ""50"", ""51"", ""7""]"
RAXA_KAQULJA,Raxa Kaqulja,deidad,colop,8,"[""1"", ""10"", ""11"", ""15"", ""2"", ""26"", ""27""]"
RAXA_KAQULJA,Raxa Kaqulja,deidad,ximenez,7,"[""14"", ""16"", ""20"", ""4"", ""50"", ""6""]"
RAXA_NANAWAK,Raxa Nanawak,deidad,christenson,1,"[""5312""]"
RAXA_NANAWAK,Raxa Nanawak,deidad,christenson_english_prose,1,"[""47""]"
RAXA_NANAWAK,Raxa Nanawak,deidad,christenson_ximenez,1,"[""51""]"
RAXA_NANAWAK,Raxa Nanawak,deidad,colop,1,"[""27""]"
RAXA_NANAWAK,Raxa Nanawak,deidad,ximenez,1,"[""50""]"
SAKIL,Sakil,objeto,ajtzibab,1,"[""2346""]"
SAKIL,Sakil,objeto,christenson,1,"[""3239""]"
SAKIL,Sakil,objeto,christenson_english_prose,1,"[""25""]"
SAKIL,Sakil,objeto,christenson_ximenez,18,"[""10"", ""2"", ""27"", ""36"", ""42"", ""43"", ""44"", ""70""]"
SAKIL,Sakil,objeto,colop,1,"[""18""]"
SAKIL,Sakil,objeto,tedlock,1,"[""3.470""]"
SAKIL,Sakil,objeto,ximenez,17,"[""1"", ""26"", ""35"", ""41"", ""42"", ""43"", ""69"", ""9""]"
SANIK,Sanik,animal,ajtzibab,14,"[""1926"", ""1931"", ""2949"", ""2950"", ""2956"", ""2976"", ""3002"", ""3003"", ""3563"", ""853"", ""860"", ""867"", ""878""]"
SANIK,Sanik,animal,christenson,14,"[""1331"", ""1341"", ""1350"", ""1360"", ""2685"", ""2691"", ""3891"", ""3892"", ""3893"", ""3899"", ""3932"", ""3964"", ""3965"", ""4625""]"
SANIK,Sanik,animal,christenson_english_prose,12,"[""12"", ""29"", ""39""]"
SANIK,Sanik,animal,christenson_ximenez,14,"[""13"", ""25"", ""31"", ""41""]"
SANIK,Sanik,animal,colop,11,"[""17"", ""22"", ""24"", ""8""]"
SANIK,Sanik,animal,recinos,9,"[""1.7.44"", ""1.7.47"", ""1.7.50"", ""1.7.54"", ""2.9.66"", ""2.9.78"", ""2.9.87""]"
SANIK,Sanik,animal,tedlock,12,"[""2.164"", ""2.167"", ""2.170"", ""2.176"", ""3.1050"", ""3.772"", ""3.774"", ""3.784"", ""3.791""]"
SANIK,Sanik,animal,ximenez,13,"[""12"", ""24"", ""30"", ""40""]"
SANTA_CRUZ,Santa Cruz,topónimo,christenson_english_prose,1,"[""87""]"
SANTA_CRUZ,Santa Cruz,topónimo,recinos,1,"[""4.12.78""]"
SANTA_CRUZ,Santa Cruz,topónimo,tedlock,1,"[""5.419""]"
SAQAJIB,Saqajib,linaje,ajtzibab,1,"[""3930""]"
SAQAJIB,Saqajib,linaje,christenson,1,"[""5215""]"
SAQAJIB,Saqajib,linaje,colop,1,"[""27""]"
SAQAJIB',SAQAJIB',,christenson_ximenez,1,"[""51""]"
SAQAJIB',SAQAJIB',,ximenez,1,"[""50""]"
SAQIKAS,Saqikas,animal,ajtzibab,3,"[""2522"", ""2524"", ""2532""]"
SAQIKAS,Saqikas,animal,christenson_english_prose,3,"[""27""]"
SAQIKAS,Saqikas,animal,christenson_ximenez,3,"[""29""]"
SAQIKAS,Saqikas,animal,colop,3,"[""20""]"
SAQIKAS,Saqikas,animal,recinos,13,"[""2.7.29"", ""2.7.30"", ""2.7.31"", ""2.7.33"", ""2.7.35"", ""2.7.37"", ""2.7.52"", ""2.7.53"", ""3.9.23"", ""3.9.26"", ""4.9.10""]"
SAQIKAS,Saqikas,animal,tedlock,3,"[""3.542"", ""3.543"", ""3.548""]"
SAQIKAS,Saqikas,animal,ximenez,4,"[""28""]"
SAQI_B'E,Saqi b'e,topónimo,christenson,2,"[""2061"", ""3600""]"
SAQI_B'E,Saqi b'e,topónimo,christenson_english_prose,2,"[""19"", ""29""]"
SAQI_B'E,Saqi b'e,topónimo,christenson_ximenez,2,"[""19"", ""31""]"
SAQI_B'E,Saqi b'e,topónimo,colop,2,"[""13"", ""21""]"
SAQI_B'E,Saqi b'e,topónimo,recinos,6,"[""1.6.47"", ""1.6.49"", ""2.2.34"", ""2.8.5"", ""2.9.50"", ""3.1.17""]"
SAQI_B'E,Saqi b'e,topónimo,tedlock,2,"[""3.610"", ""3.88""]"
SAQI_B'E,Saqi b'e,topónimo,ximenez,2,"[""18"", ""30""]"
SAQI_K'OXOL,Saqi K'oxol,persona,christenson,2,"[""6155"", ""6169""]"
SAQI_K'OXOL,Saqi K'oxol,persona,christenson_english_prose,18,"[""11"", ""14"", ""19"", ""21"", ""29"", ""40"", ""42"", ""47"", ""56""]"
SAQI_K'OXOL,Saqi K'oxol,persona,christenson_ximenez,2,"[""61""]"
SAQI_K'OXOL,Saqi K'oxol,persona,colop,2,"[""29""]"
SAQI_K'OXOL,Saqi K'oxol,persona,recinos,2,"[""3.9.23"", ""3.9.26""]"
SAQI_K'OXOL,Saqi K'oxol,persona,tedlock,21,"[""1.186"", ""2.42"", ""2.43"", ""2.79"", ""2.84"", ""3.1078"", ""3.110"", ""3.210"", ""3.739"", ""3.757"", ""4.100"", ""4.14"", ""4.17"", ""4.19"", ""4.200"", ""4.371"", ""4.7"", ""4.9"", ""4.90""]"
SAQI_K'OXOL,Saqi K'oxol,persona,ximenez,2,"[""60""]"
SAQI_NIM_AQ_SIS,Saqi Nim Aq Sis,deidad,ajtzibab,13,"[""3169"", ""3172"", ""320"", ""321"", ""6135"", ""615"", ""616"", ""620"", ""622"", ""640"", ""645"", ""657"", ""717""]"
SAQI_NIM_AQ_SIS,Saqi Nim Aq Sis,deidad,christenson,13,"[""1046"", ""1049"", ""1054"", ""1059"", ""1081"", ""1089"", ""1104"", ""1175"", ""4145"", ""4148"", ""589"", ""590"", ""8520""]"
SAQI_NIM_AQ_SIS,Saqi Nim Aq Sis,deidad,christenson_english_prose,2,"[""1"", ""11""]"
SAQI_NIM_AQ_SIS,Saqi Nim Aq Sis,deidad,christenson_ximenez,23,"[""12"", ""35"", ""51"", ""59"", ""70"", ""8"", ""88""]"
SAQI_NIM_AQ_SIS,Saqi Nim Aq Sis,deidad,colop,13,"[""22"", ""4"", ""44"", ""7""]"
SAQI_NIM_AQ_SIS,Saqi Nim Aq Sis,deidad,tedlock,2,"[""1.2"", ""2.43""]"
SAQI_NIM_AQ_SIS,Saqi Nim Aq Sis,deidad,ximenez,22,"[""11"", ""34"", ""50"", ""58"", ""69"", ""7"", ""87""]"
SAQI_YA,Saqi Ya,topónimo,christenson,1,"[""8092""]"
SAQI_YA,Saqi Ya,topónimo,christenson_english_prose,1,"[""76""]"
SAQI_YA,Saqi Ya,topónimo,colop,1,"[""42""]"
SAQI_YA,Saqi Ya,topónimo,tedlock,1,"[""5.241""]"
SAQKABAJA,Saqkabaja,topónimo,ajtzibab,1,"[""5868""]"
SAQKABAJA,Saqkabaja,topónimo,christenson_ximenez,1,"[""83""]"
SAQKABAJA,Saqkabaja,topónimo,colop,1,"[""42""]"
SAQKABAJA,Saqkabaja,topónimo,ximenez,2,"[""81"", ""82""]"
SAQULEWAB',Saqulewab',topónimo,ajtzibab,2,"[""5781"", ""5786""]"
SAQULEWAB',Saqulewab',topónimo,christenson,1,"[""7979""]"
SAQULEWAB',Saqulewab',topónimo,christenson_ximenez,2,"[""82""]"
SAQULEWAB',Saqulewab',topónimo,colop,2,"[""42""]"
SAQULEWAB',Saqulewab',topónimo,tedlock,2,"[""5.211"", ""5.214""]"
SAQULEWAB',Saqulewab',topónimo,ximenez,2,"[""81""]"
SAQ_K'UCH,Saq K'uch,animal,christenson,1,"[""6109""]"
SAQ_K'UCH,Saq K'uch,animal,christenson_ximenez,1,"[""61""]"
SAQ_K'UCH,Saq K'uch,animal,colop,1,"[""29""]"
SAQ_K'UCH,Saq K'uch,animal,tedlock,1,"[""4.358""]"
SAQ_K'UCH,Saq K'uch,animal,ximenez,1,"[""60""]"
SILISIB',Silisib',topónimo,ajtzibab,1,"[""4759""]"
SILISIB',Silisib',topónimo,christenson,1,"[""6506""]"
SILISIB',Silisib',topónimo,colop,1,"[""30""]"
SILISIB',Silisib',topónimo,tedlock,1,"[""4.465""]"
SIPAKNA,Sipakna,deidad,ajtzibab,32,"[""1016"", ""1017"", ""3694"", ""538"", ""542"", ""547"", ""557"", ""729"", ""731"", ""732"", ""739"", ""774"", ""797"", ""802"", ""816"", ""857"", ""864"", ""874"", ""886"", ""889"", ""897"", ""899"", ""904"", ""923"", ""926"", ""930"", ""936"", ""948"", ""963"", ""980"", ""982"", ""989""]"
SIPAKNA,Sipakna,deidad,christenson,32,"[""1188"", ""1191"", ""1192"", ""1202"", ""1247"", ""1269"", ""1274"", ""1289"", ""1338"", ""1346"", ""1357"", ""1368"", ""1373"", ""1381"", ""1386"", ""1392"", ""1414"", ""1417"", ""1421"", ""1429"", ""1444"", ""1461"", ""1478"", ""1480"", ""1510"", ""1511"", ""1716"", ""4818"", ""943"", ""947"", ""959"", ""971""]"
SIPAKNA,Sipakna,deidad,christenson_english_prose,35,"[""10"", ""12"", ""13"", ""14"", ""40""]"
SIPAKNA,Sipakna,deidad,christenson_ximenez,35,"[""11"", ""13"", ""14"", ""15"", ""43""]"
SIPAKNA,Sipakna,deidad,colop,34,"[""10"", ""24"", ""7"", ""8"", ""9""]"
SIPAKNA,Sipakna,deidad,tedlock,34,"[""2.10"", ""2.100"", ""2.101"", ""2.104"", ""2.11"", ""2.125"", ""2.136"", ""2.138"", ""2.143"", ""2.16"", ""2.166"", ""2.168"", ""2.175"", ""2.179"", ""2.182"", ""2.185"", ""2.186"", ""2.187"", ""2.188"", ""2.195"", ""2.196"", ""2.198"", ""2.202"", ""2.209"", ""2.218"", ""2.226"", ""2.227"", ""2.232"", ""2.243"", ""2.244"", ""2.315"", ""2.8"", ""2.99"", ""3.1109""]"
SIPAKNA,Sipakna,deidad,ximenez,35,"[""10"", ""12"", ""13"", ""14"", ""42""]"
SIS,Sis,animal,ajtzibab,3,"[""2249"", ""2298"", ""3132""]"
SIS,Sis,animal,christenson,5,"[""22"", ""3122"", ""3182"", ""4105"", ""4125""]"
SIS,Sis,animal,christenson_english_prose,6,"[""1"", ""11"", ""25"", ""33""]"
SIS,Sis,animal,christenson_ximenez,4,"[""27"", ""35"", ""62""]"
SIS,Sis,animal,colop,5,"[""0"", ""18"", ""22""]"
SIS,Sis,animal,tedlock,4,"[""3.425"", ""3.446"", ""3.853"", ""3.859""]"
SIS,Sis,animal,ximenez,4,"[""26"", ""34"", ""61""]"
SITA'L,Sita'l,animal,ajtzibab,11,"[""4706"", ""4735"", ""4973"", ""5006"", ""5019"", ""5020"", ""5151"", ""5156"", ""5204"", ""5212"", ""5216""]"
SITA'L,Sita'l,animal,christenson,11,"[""6417"", ""6459"", ""6794"", ""6835"", ""6851"", ""6855"", ""7047"", ""7053"", ""7126"", ""7139"", ""7145""]"
SITA'L,Sita'l,animal,christenson_english_prose,10,"[""61"", ""62"", ""63""]"
SITA'L,Sita'l,animal,christenson_ximenez,11,"[""62"", ""67"", ""68"", ""69""]"
SITA'L,Sita'l,animal,colop,11,"[""30"", ""33"", ""34""]"
SITA'L,Sita'l,animal,tedlock,9,"[""4.563"", ""4.574"", ""4.580"", ""4.581"", ""4.655"", ""4.657"", ""4.675"", ""4.678"", ""4.680""]"
SITA'L,Sita'l,animal,ximenez,11,"[""61"", ""66"", ""67"", ""68""]"
SIYAJA,Siyaja,topónimo,ajtzibab,1,"[""5869""]"
SIYAJA,Siyaja,topónimo,christenson_english_prose,1,"[""76""]"
SIYAJA,Siyaja,topónimo,christenson_ximenez,1,"[""83""]"
SIYAJA,Siyaja,topónimo,colop,1,"[""42""]"
SIYAJA,Siyaja,topónimo,ximenez,1,"[""82""]"
SOCHOJ,Sochoj,animal,ajtzibab,4,"[""151"", ""4431"", ""4546"", ""4551""]"
SOCHOJ,Sochoj,animal,christenson,4,"[""283"", ""5932"", ""6153"", ""6167""]"
SOCHOJ,Sochoj,animal,christenson_english_prose,3,"[""4"", ""56""]"
SOCHOJ,Sochoj,animal,christenson_ximenez,4,"[""59"", ""6"", ""61""]"
SOCHOJ,Sochoj,animal,colop,4,"[""2"", ""28"", ""29""]"
SOCHOJ,Sochoj,animal,tedlock,2,"[""4.371"", ""4.373""]"
SOCHOJ,Sochoj,animal,ximenez,4,"[""5"", ""58"", ""60""]"
SOR_OBISPO,Sor. Obispo,persona,christenson,1,"[""7772""]"
SOR_OBISPO,Sor. Obispo,persona,christenson_ximenez,1,"[""75""]"
SOR_OBISPO,Sor. Obispo,persona,colop,1,"[""37""]"
SOR_OBISPO,Sor. Obispo,persona,recinos,1,"[""4.8.8""]"
SOTZ,Sotz,animal,ajtzibab,7,"[""1517"", ""1520"", ""3083"", ""3099"", ""3103"", ""4171"", ""4248""]"
SOTZ,Sotz,animal,christenson,10,"[""2185"", ""2191"", ""4052"", ""4053"", ""4064"", ""4072"", ""4078"", ""4087"", ""5579"", ""5682""]"
SOTZ,Sotz,animal,christenson_english_prose,4,"[""33"", ""51"", ""52""]"
SOTZ,Sotz,animal,christenson_ximenez,10,"[""19"", ""35"", ""55"", ""56""]"
SOTZ,Sotz,animal,colop,7,"[""14"", ""22"", ""28""]"
SOTZ,Sotz,animal,recinos,6,"[""2.10.28"", ""2.10.31"", ""2.10.36"", ""3.5.32"", ""3.6.0"", ""3.6.1""]"
SOTZ,Sotz,animal,tedlock,5,"[""3.830"", ""3.841"", ""4.195"", ""4.230"", ""4.405""]"
SOTZ,Sotz,animal,ximenez,10,"[""18"", ""34"", ""54"", ""55""]"
SOTZ'I_JA,Sotz'i Ja,lugar,christenson,2,"[""2184"", ""4136""]"
SOTZ'I_JA,Sotz'i Ja,lugar,christenson_ximenez,71,"[""101"", ""102"", ""104"", ""105"", ""13"", ""14"", ""17"", ""18"", ""19"", ""23"", ""26"", ""27"", ""28"", ""31"", ""32"", ""33"", ""34"", ""35"", ""37"", ""38"", ""4"", ""42"", ""46"", ""5"", ""51"", ""54"", ""56"", ""58"", ""64"", ""68"", ""73"", ""75"", ""79"", ""80"", ""89"", ""9"", ""97"", ""98"", ""99""]"
SOTZ'I_JA,Sotz'i Ja,lugar,colop,2,"[""14"", ""22""]"
SOTZ'I_JA,Sotz'i Ja,lugar,recinos,51,"[""1.1.32"", ""1.2.17"", ""1.2.19"", ""1.2.20"", ""1.2.57"", ""1.6.10"", ""1.6.11"", ""1.7.17"", ""1.7.40"", ""1.7.7"", ""2.10.37"", ""2.10.39"", ""2.13.22"", ""2.3.34"", ""2.3.47"", ""2.3.66"", ""2.3.8"", ""2.4.21"", ""2.4.8"", ""2.5.42"", ""2.5.48"", ""2.6.25"", ""2.6.32"", ""2.7.62"", ""2.8.15"", ""2.8.16"", ""2.8.18"", ""2.8.20"", ""2.8.22"", ""2.8.24"", ""2.8.26"", ""2.8.28"", ""2.8.30"", ""2.8.32"", ""2.8.34"", ""2.8.36"", ""2.8.38"", ""2.8.39"", ""2.9.12"", ""2.9.55"", ""2.9.83"", ""3.1.1"", ""3.2.17"", ""3.9.35"", ""4.12.77"", ""4.2.32"", ""4.2.59"", ""4.2.60"", ""4.2.71"", ""4.3.24"", ""4.3.25""]"
SOTZ'I_JA,Sotz'i Ja,lugar,ximenez,66,"[""12"", ""13"", ""16"", ""17"", ""18"", ""22"", ""25"", ""26"", ""27"", ""3"", ""30"", ""31"", ""32"", ""34"", ""36"", ""37"", ""4"", ""41"", ""45"", ""50"", ""53"", ""55"", ""57"", ""63"", ""67"", ""74"", ""78"", ""79"", ""8"", ""89"", ""91"", ""92"", ""94""]"
SOTZI_JA_CHIMALKAN,Sotz'i Ja Chimalkan,deidad,christenson_english_prose,5,"[""19"", ""33"", ""56""]"
SOTZI_JA_CHIMALKAN,Sotz'i Ja Chimalkan,deidad,colop,1,"[""29""]"
SOTZI_JA_CHIMALKAN,Sotz'i Ja Chimalkan,deidad,tedlock,5,"[""3.125"", ""3.827"", ""3.863"", ""4.229"", ""4.404""]"
SU',Su',objeto,ajtzibab,5,"[""1836"", ""1979"", ""2089"", ""2092"", ""2105""]"
SU',Su',objeto,christenson,39,"[""1150"", ""1563"", ""1767"", ""2122"", ""2123"", ""2253"", ""2364"", ""2565"", ""2701"", ""2711"", ""2763"", ""2853"", ""2902"", ""2907"", ""2910"", ""2919"", ""2927"", ""2979"", ""2999"", ""3017"", ""3076"", ""3260"", ""3262"", ""3551"", ""3829"", ""3997"", ""4057"", ""4194"", ""4361"", ""4518"", ""4809"", ""5737"", ""6146"", ""6396"", ""6729"", ""6817"", ""6980"", ""7317"", ""7440""]"
SU',Su',objeto,christenson_english_prose,11,"[""17"", ""22"", ""23"", ""24""]"
SU',Su',objeto,christenson_ximenez,21,"[""17"", ""23"", ""25"", ""26"", ""27"", ""51"", ""53"", ""64""]"
SU',Su',objeto,colop,5,"[""16"", ""17"", ""18""]"
SU',Su',objeto,recinos,343,"[""0.1.5"", ""1.1.11"", ""1.1.15"", ""1.1.35"", ""1.1.4"", ""1.2.16"", ""1.2.25"", ""1.2.27"", ""1.2.42"", ""1.2.51"", ""1.2.64"", ""1.2.67"", ""1.2.9"", ""1.3.10"", ""1.3.26"", ""1.3.3"", ""1.3.33"", ""1.3.4"", ""1.4.14"", ""1.4.17"", ""1.4.3"", ""1.5.10"", ""1.5.14"", ""1.5.17"", ""1.5.5"", ""1.6.13"", ""1.6.20"", ""1.6.24"", ""1.6.3"", ""1.6.37"", ""1.6.4"", ""1.6.44"", ""1.6.46"", ""1.6.49"", ""1.6.56"", ""1.6.59"", ""1.6.61"", ""1.6.9"", ""1.7.2"", ""1.7.3"", ""1.7.31"", ""1.7.37"", ""1.8.25"", ""1.8.3"", ""1.8.30"", ""1.8.31"", ""1.8.4"", ""1.9.37"", ""1.9.46"", ""1.9.5"", ""2.1.1"", ""2.1.11"", ""2.1.2"", ""2.1.41"", ""2.10.28"", ""2.10.31"", ""2.11.0"", ""2.11.17"", ""2.11.8"", ""2.12.12"", ""2.13.11"", ""2.13.29"", ""2.13.30"", ""2.13.61"", ""2.13.66"", ""2.13.7"", ""2.13.80"", ""2.13.95"", ""2.14.20"", ""2.14.21"", ""2.14.29"", ""2.14.34"", ""2.14.36"", ""2.14.37"", ""2.14.40"", ""2.14.46"", ""2.14.47"", ""2.14.48"", ""2.14.49"", ""2.14.50"", ""2.14.52"", ""2.14.54"", ""2.2.11"", ""2.2.12"", ""2.2.18"", ""2.2.25"", ""2.2.57"", ""2.2.58"", ""2.2.60"", ""2.2.64"", ""2.2.67"", ""2.2.71"", ""2.2.99"", ""2.3.16"", ""2.3.18"", ""2.3.24"", ""2.3.28"", ""2.3.3"", ""2.3.30"", ""2.3.38"", ""2.3.54"", ""2.3.60"", ""2.4.0"", ""2.4.11"", ""2.4.20"", ""2.4.31"", ""2.4.7"", ""2.5.1"", ""2.5.15"", ""2.5.16"", ""2.5.17"", ""2.5.2"", ""2.5.20"", ""2.5.29"", ""2.5.31"", ""2.5.40"", ""2.5.48"", ""2.5.52"", ""2.5.57"", ""2.5.58"", ""2.5.64"", ""2.5.65"", ""2.5.80"", ""2.5.81"", ""2.6.0"", ""2.6.20"", ""2.6.21"", ""2.6.22"", ""2.6.23"", ""2.6.33"", ""2.6.35"", ""2.6.4"", ""2.6.5"", ""2.6.55"", ""2.6.62"", ""2.6.65"", ""2.6.66"", ""2.6.69"", ""2.6.70"", ""2.6.72"", ""2.6.75"", ""2.6.76"", ""2.6.79"", ""2.7.14"", ""2.7.29"", ""2.7.42"", ""2.7.6"", ""2.7.67"", ""2.7.73"", ""2.8.0"", ""2.8.39"", ""2.8.41"", ""2.8.43"", ""2.8.45"", ""2.9.1"", ""2.9.17"", ""2.9.2"", ""2.9.6"", ""2.9.75"", ""2.9.76"", ""2.9.94"", ""3.1.17"", ""3.1.8"", ""3.10.0"", ""3.10.11"", ""3.10.19"", ""3.10.5"", ""3.2.10"", ""3.2.19"", ""3.2.23"", ""3.2.25"", ""3.2.36"", ""3.2.6"", ""3.2.7"", ""3.2.8"", ""3.3.10"", ""3.3.18"", ""3.4.13"", ""3.4.20"", ""3.4.26"", ""3.4.27"", ""3.5.10"", ""3.5.12"", ""3.5.13"", ""3.5.14"", ""3.5.17"", ""3.5.29"", ""3.5.34"", ""3.5.51"", ""3.5.53"", ""3.5.54"", ""3.6.15"", ""3.6.19"", ""3.6.3"", ""3.6.7"", ""3.6.8"", ""3.6.9"", ""3.7.13"", ""3.7.18"", ""3.7.19"", ""3.7.21"", ""3.7.6"", ""3.7.7"", ""3.8.0"", ""3.8.12"", ""3.8.13"", ""3.8.16"", ""3.8.25"", ""3.8.32"", ""3.8.35"", ""3.8.37"", ""3.8.7"", ""3.9.18"", ""3.9.20"", ""3.9.31"", ""3.9.32"", ""3.9.40"", ""3.9.41"", ""3.9.42"", ""3.9.43"", ""3.9.44"", ""3.9.45"", ""3.9.5"", ""3.9.7"", ""4.1.13"", ""4.1.15"", ""4.10.29"", ""4.10.30"", ""4.10.34"", ""4.10.41"", ""4.11.12"", ""4.11.16"", ""4.11.19"", ""4.11.22"", ""4.11.23"", ""4.11.34"", ""4.11.37"", ""4.11.41"", ""4.11.46"", ""4.11.48"", ""4.11.5"", ""4.12.1"", ""4.12.76"", ""4.2.14"", ""4.2.61"", ""4.2.78"", ""4.3.10"", ""4.3.2"", ""4.3.29"", ""4.3.31"", ""4.3.46"", ""4.4.24"", ""4.5.0"", ""4.5.12"", ""4.5.17"", ""4.5.20"", ""4.5.23"", ""4.5.27"", ""4.5.30"", ""4.6.14"", ""4.6.17"", ""4.6.21"", ""4.6.24"", ""4.6.25"", ""4.6.32"", ""4.6.6"", ""4.7.0"", ""4.7.1"", ""4.7.10"", ""4.7.13"", ""4.7.22"", ""4.7.25"", ""4.7.27"", ""4.7.9"", ""4.8.16"", ""4.8.3"", ""4.8.5"", ""4.8.8"", ""4.9.10"", ""4.9.14"", ""4.9.15"", ""4.9.4""]"
SU',Su',objeto,tedlock,2,"[""3.369"", ""3.383""]"
SU',Su',objeto,ximenez,16,"[""22"", ""24"", ""25"", ""26"", ""52""]"
SUB'AQ,Sub'aq,objeto,ajtzibab,1,"[""5425""]"
SUB'AQ,Sub'aq,objeto,christenson_english_prose,1,"[""66""]"
SUB'AQ,Sub'aq,objeto,christenson_ximenez,1,"[""72""]"
SUB'AQ,Sub'aq,objeto,colop,1,"[""36""]"
SUB'AQ,Sub'aq,objeto,recinos,8,"[""2.2.24"", ""2.4.13"", ""2.5.22"", ""2.5.56"", ""2.5.57"", ""2.5.62"", ""2.5.69"", ""2.5.74""]"
SUB'AQ,Sub'aq,objeto,tedlock,1,"[""5.20""]"
SUB'AQ,Sub'aq,objeto,ximenez,1,"[""71""]"
SUYWA,Suywa,topónimo,ajtzibab,4,"[""4027"", ""4482"", ""4585"", ""4613""]"
SUYWA,Suywa,topónimo,christenson,6,"[""5457"", ""5708"", ""5722"", ""6035"", ""6224"", ""6266""]"
SUYWA,Suywa,topónimo,christenson_english_prose,7,"[""48"", ""50"", ""52"", ""55"", ""56""]"
SUYWA,Suywa,topónimo,christenson_ximenez,7,"[""52"", ""54"", ""56"", ""59"", ""61""]"
SUYWA,Suywa,topónimo,colop,6,"[""28"", ""29""]"
SUYWA,Suywa,topónimo,recinos,1,"[""3.9.37""]"
SUYWA,Suywa,topónimo,ximenez,6,"[""53"", ""55"", ""58"", ""60""]"
T'OT_TATAN,T'ot' Tatan,objeto,ajtzibab,1,"[""5429""]"
T'OT_TATAN,T'ot' Tatan,objeto,christenson,1,"[""7449""]"
T'OT_TATAN,T'ot' Tatan,objeto,christenson_english_prose,1,"[""66""]"
T'OT_TATAN,T'ot' Tatan,objeto,christenson_ximenez,1,"[""72""]"
T'OT_TATAN,T'ot' Tatan,objeto,colop,1,"[""36""]"
T'OT_TATAN,T'ot' Tatan,objeto,ximenez,1,"[""71""]"
TAMASUL,Tamasul,animal,ajtzibab,3,"[""2501"", ""2506"", ""2523""]"
TAMASUL,Tamasul,animal,christenson,3,"[""3411"", ""3415"", ""3430""]"
TAMASUL,Tamasul,animal,christenson_english_prose,16,"[""27"", ""28""]"
TAMASUL,Tamasul,animal,christenson_ximenez,35,"[""12"", ""14"", ""21"", ""23"", ""28"", ""29"", ""30"", ""35"", ""36"", ""82"", ""83""]"
TAMASUL,Tamasul,animal,colop,3,"[""20""]"
TAMASUL,Tamasul,animal,recinos,3,"[""2.7.20"", ""2.7.22"", ""2.7.30""]"
TAMASUL,Tamasul,animal,tedlock,20,"[""3.531"", ""3.532"", ""3.534"", ""3.536"", ""3.539"", ""3.540"", ""3.542"", ""3.543"", ""3.545"", ""3.547"", ""3.548"", ""3.571"", ""3.573"", ""3.574"", ""3.580"", ""3.581"", ""3.583""]"
TAMASUL,Tamasul,animal,ximenez,34,"[""11"", ""13"", ""20"", ""22"", ""27"", ""28"", ""29"", ""34"", ""35"", ""82""]"
TAMUB',Tamub',linaje,ajtzibab,18,"[""3916"", ""3927"", ""4027"", ""4047"", ""4048"", ""4049"", ""4057"", ""4331"", ""4333"", ""4437"", ""4439"", ""4523"", ""4599"", ""4602"", ""5440"", ""5918"", ""5956"", ""6087""]"
TAMUB',Tamub',linaje,christenson,18,"[""5182"", ""5208"", ""5376"", ""5410"", ""5411"", ""5414"", ""5427"", ""5797"", ""5799"", ""5948"", ""5952"", ""6116"", ""6243"", ""6249"", ""7462"", ""8170"", ""8223"", ""8441""]"
TAMUB',Tamub',linaje,christenson_english_prose,17,"[""47"", ""48"", ""49"", ""50"", ""53"", ""55"", ""56"", ""67"", ""76"", ""77"", ""79""]"
TAMUB',Tamub',linaje,christenson_ximenez,17,"[""51"", ""52"", ""53"", ""54"", ""57"", ""59"", ""61"", ""73"", ""83"", ""85"", ""87""]"
TAMUB',Tamub',linaje,colop,18,"[""27"", ""28"", ""29"", ""36"", ""42"", ""43""]"
TAMUB',Tamub',linaje,recinos,17,"[""3.3.11"", ""3.3.8"", ""3.4.16"", ""3.4.17"", ""3.4.20"", ""3.4.8"", ""3.8.19"", ""3.8.20"", ""3.9.14"", ""3.9.40"", ""4.10.31"", ""4.10.39"", ""4.11.37"", ""4.6.14"", ""4.7.6""]"
TAMUB',Tamub',linaje,ximenez,13,"[""50"", ""51"", ""52"", ""53"", ""56"", ""58"", ""60"", ""82""]"
TAP,Tap,animal,ajtzibab,8,"[""57"", ""905"", ""914"", ""917"", ""932"", ""937"", ""985"", ""996""]"
TAP,Tap,animal,christenson,10,"[""110"", ""1394"", ""1400"", ""1405"", ""1407"", ""1424"", ""1431"", ""1432"", ""1483"", ""1493""]"
TAP,Tap,animal,christenson_english_prose,7,"[""13"", ""14"", ""2""]"
TAP,Tap,animal,christenson_ximenez,10,"[""14"", ""4""]"
TAP,Tap,animal,colop,7,"[""1"", ""9""]"
TAP,Tap,animal,recinos,7,"[""1.8.13"", ""1.8.31"", ""1.8.36"", ""1.8.5"", ""1.8.6""]"
TAP,Tap,animal,tedlock,9,"[""1.9"", ""2.189"", ""2.191"", ""2.192"", ""2.203"", ""2.204"", ""2.221"", ""2.229"", ""2.234""]"
TAP,Tap,animal,ximenez,9,"[""13"", ""3""]"
TAPA'L,Tapa'l,objeto,ajtzibab,3,"[""3742"", ""572"", ""582""]"
TAPA'L,Tapa'l,objeto,christenson,4,"[""1005"", ""4900"", ""989"", ""993""]"
TAPA'L,Tapa'l,objeto,christenson_english_prose,1,"[""42""]"
TAPA'L,Tapa'l,objeto,christenson_ximenez,4,"[""12"", ""46""]"
TAPA'L,Tapa'l,objeto,colop,4,"[""25"", ""7""]"
TAPA'L,Tapa'l,objeto,tedlock,1,"[""4.14""]"
TAPA'L,Tapa'l,objeto,ximenez,4,"[""11"", ""45""]"
TATIL,Tatil,objeto,ajtzibab,1,"[""5426""]"
TATIL,Tatil,objeto,christenson,1,"[""7442""]"
TATIL,Tatil,objeto,christenson_english_prose,1,"[""66""]"
TATIL,Tatil,objeto,christenson_ximenez,1,"[""72""]"
TATIL,Tatil,objeto,colop,1,"[""36""]"
TATIL,Tatil,objeto,ximenez,1,"[""71""]"
TEKUM,Tekum,persona,ajtzibab,3,"[""6152"", ""6163"", ""6170""]"
TEKUM,Tekum,persona,christenson,3,"[""8545"", ""8555"", ""8563""]"
TEKUM,Tekum,persona,colop,3,"[""44""]"
TEKUM_KQNUEVE,Tekum (gen. 9),persona,recinos,3,"[""4.12.11"", ""4.12.16"", ""4.12.17""]"
TEKUM_KQTRECE,Tekum (gen. 13),persona,christenson_english_prose,3,"[""81""]"
TEKUM_KQTRECE,Tekum (gen. 13),persona,christenson_ximenez,3,"[""89""]"
TEKUM_KQTRECE,Tekum (gen. 13),persona,tedlock,3,"[""5.340"", ""5.346"", ""5.349""]"
TEKUM_KQTRECE,Tekum (gen. 13),persona,ximenez,3,"[""87""]"
TEPEPUL,Tepepul,persona,ajtzibab,5,"[""5762"", ""6151"", ""6153"", ""6163"", ""6170""]"
TEPEPUL,Tepepul,persona,christenson,6,"[""7947"", ""8537"", ""8543"", ""8546"", ""8556"", ""8564""]"
TEPEPUL,Tepepul,persona,christenson_english_prose,6,"[""74"", ""81""]"
TEPEPUL,Tepepul,persona,christenson_ximenez,6,"[""81"", ""89""]"
TEPEPUL,Tepepul,persona,colop,6,"[""41"", ""44""]"
TEPEPUL,Tepepul,persona,tedlock,6,"[""5.201"", ""5.337"", ""5.339"", ""5.340"", ""5.346"", ""5.349""]"
TEPEPUL,Tepepul,persona,ximenez,6,"[""80"", ""87""]"
TEPEPUL_KQNUEVE,Tepepul (gen. 9),persona,recinos,6,"[""4.12.10"", ""4.12.11"", ""4.12.16"", ""4.12.17"", ""4.12.8"", ""4.9.19""]"
TEPEW,Tepew,oficio,ajtzibab,1,"[""4595""]"
TEPEW,Tepew,oficio,christenson,14,"[""138"", ""156"", ""161"", ""190"", ""23"", ""4827"", ""4925"", ""4966"", ""5104"", ""5173"", ""519"", ""5315"", ""6237"", ""627""]"
TEPEW,Tepew,oficio,christenson_english_prose,7,"[""68"", ""74"", ""78"", ""79""]"
TEPEW,Tepew,oficio,christenson_ximenez,2,"[""74"", ""81""]"
TEPEW,Tepew,oficio,colop,1,"[""29""]"
TEPEW,Tepew,oficio,recinos,2,"[""3.3.7"", ""3.9.14""]"
TEPEW,Tepew,oficio,tedlock,2,"[""5.80"", ""5.90""]"
TEPEW,Tepew,oficio,ximenez,1,"[""80""]"
TEPEW_OLOMAN,Tepew Oloman,linaje,ajtzibab,1,"[""3911""]"
TEPEW_OLOMAN,Tepew Oloman,linaje,christenson_english_prose,1,"[""56""]"
TEPEW_OLOMAN,Tepew Oloman,linaje,christenson_ximenez,1,"[""61""]"
TEPEW_OLOMAN,Tepew Oloman,linaje,colop,1,"[""27""]"
TEPEW_OLOMAN,Tepew Oloman,linaje,recinos,1,"[""3.9.39""]"
TEPEW_OLOMAN,Tepew Oloman,linaje,ximenez,1,"[""60""]"
TEPEW_Q'UKUMATZ,Tepew Q'ukumatz,deidad,ajtzibab,12,"[""102"", ""20"", ""291"", ""337"", ""3703"", ""3752"", ""3776"", ""3864"", ""3993"", ""74"", ""84"", ""86""]"
TEPEW_Q'UKUMATZ,Tepew Q'ukumatz,deidad,christenson_english_prose,14,"[""1"", ""2"", ""3"", ""41"", ""42"", ""44"", ""46"", ""47"", ""7""]"
TEPEW_Q'UKUMATZ,Tepew Q'ukumatz,deidad,christenson_ximenez,12,"[""2"", ""4"", ""44"", ""46"", ""48"", ""5"", ""50"", ""51"", ""8""]"
TEPEW_Q'UKUMATZ,Tepew Q'ukumatz,deidad,colop,12,"[""0"", ""1"", ""25"", ""26"", ""27"", ""4""]"
TEPEW_Q'UKUMATZ,Tepew Q'ukumatz,deidad,recinos,12,"[""0.1.2"", ""1.1.14"", ""1.1.23"", ""1.1.9"", ""1.2.47"", ""1.2.59"", ""3.1.1"", ""3.1.15"", ""3.2.32"", ""3.2.5"", ""3.3.26""]"
TEPEW_Q'UKUMATZ,Tepew Q'ukumatz,deidad,ximenez,12,"[""1"", ""3"", ""4"", ""43"", ""45"", ""47"", ""49"", ""50"", ""7""]"
TEPEW_YAKI,Yaki Tepew,linaje,ajtzibab,2,"[""4526"", ""6193""]"
TEPEW_YAKI,Yaki Tepew,linaje,christenson,2,"[""6125"", ""8597""]"
TEPEW_YAKI,Yaki Tepew,linaje,colop,2,"[""29"", ""46""]"
TIJOB'AL_JA,Tijob'al Ja,lugar,ajtzibab,1,"[""1528""]"
TIJOB'AL_JA,Tijob'al Ja,lugar,christenson,1,"[""2204""]"
TIJOB'AL_JA,Tijob'al Ja,lugar,christenson_english_prose,1,"[""19""]"
TIJOB'AL_JA,Tijob'al Ja,lugar,christenson_ximenez,5,"[""19"", ""31"", ""37""]"
TIJOB'AL_JA,Tijob'al Ja,lugar,colop,1,"[""14""]"
TIJOB'AL_JA,Tijob'al Ja,lugar,ximenez,5,"[""18"", ""30"", ""36""]"
TINAMIT_K'ICHE',Tinamit K'iche',topónimo,ajtzibab,2,"[""12"", ""2""]"
TINAMIT_K'ICHE',Tinamit K'iche',topónimo,christenson,1,"[""7""]"
TINAMIT_K'ICHE',Tinamit K'iche',topónimo,christenson_ximenez,19,"[""107"", ""2"", ""51"", ""53"", ""54"", ""57"", ""61"", ""68"", ""81"", ""83"", ""85"", ""86"", ""87"", ""88""]"
TINAMIT_K'ICHE',Tinamit K'iche',topónimo,colop,1,"[""0""]"
TINAMIT_K'ICHE',Tinamit K'iche',topónimo,ximenez,19,"[""1"", ""50"", ""52"", ""53"", ""56"", ""60"", ""67"", ""82"", ""84"", ""85"", ""86"", ""87"", ""95"", ""96""]"
TOJIL,Tojil,deidad,ajtzibab,77,"[""4039"", ""4048"", ""4052"", ""4056"", ""4057"", ""4061"", ""4082"", ""4092"", ""4097"", ""4102"", ""4108"", ""4119"", ""4120"", ""4122"", ""4164"", ""4166"", ""4175"", ""4212"", ""4215"", ""4217"", ""4223"", ""4226"", ""4234"", ""4239"", ""4256"", ""4261"", ""4281"", ""4294"", ""4378"", ""4391"", ""4426"", ""4474"", ""4545"", ""4584"", ""4603"", ""4631"", ""4634"", ""4635"", ""4642"", ""4646"", ""4674"", ""4684"", ""4693"", ""4738"", ""4740"", ""4742"", ""4746"", ""4762"", ""4769"", ""4781"", ""4803"", ""4809"", ""4811"", ""4827"", ""4842"", ""4843"", ""4854"", ""4914"", ""4923"", ""4929"", ""4930"", ""4940"", ""4949"", ""4950"", ""4981"", ""4995"", ""5034"", ""5036"", ""5076"", ""5081"", ""5142"", ""5145"", ""5968"", ""5979"", ""6010"", ""6062"", ""6187""]"
TOJIL,Tojil,deidad,christenson,78,"[""5396"", ""5411"", ""5417"", ""5426"", ""5427"", ""5433"", ""5465"", ""5475"", ""5479"", ""5485"", ""5492"", ""5503"", ""5505"", ""5506"", ""5571"", ""5573"", ""5584"", ""5637"", ""5639"", ""5640"", ""5652"", ""5655"", ""5668"", ""5672"", ""5692"", ""5699"", ""5732"", ""5747"", ""5856"", ""5881"", ""5926"", ""6012"", ""6147"", ""6219"", ""6251"", ""6294"", ""6300"", ""6301"", ""6314"", ""6322"", ""6371"", ""6392"", ""6463"", ""6468"", ""6477"", ""6484"", ""6510"", ""6525"", ""6537"", ""6566"", ""6577"", ""6582"", ""6609"", ""6633"", ""6637"", ""6648"", ""6705"", ""6713"", ""6723"", ""6730"", ""6731"", ""6746"", ""6756"", ""6758"", ""6808"", ""6822"", ""6877"", ""6879"", ""6938"", ""6942"", ""7033"", ""7037"", ""7801"", ""8246"", ""8257"", ""8301"", ""8395"", ""8587""]"
TOJIL,Tojil,deidad,christenson_english_prose,78,"[""49"", ""50"", ""51"", ""52"", ""54"", ""55"", ""56"", ""57"", ""58"", ""59"", ""60"", ""61"", ""62"", ""70"", ""78"", ""79"", ""82""]"
TOJIL,Tojil,deidad,christenson_ximenez,78,"[""53"", ""54"", ""55"", ""56"", ""58"", ""59"", ""61"", ""62"", ""64"", ""65"", ""66"", ""67"", ""68"", ""76"", ""86"", ""87"", ""89""]"
TOJIL,Tojil,deidad,colop,76,"[""28"", ""29"", ""30"", ""31"", ""32"", ""33"", ""34"", ""43""]"
TOJIL,Tojil,deidad,recinos,76,"[""3.10.1"", ""3.10.17"", ""3.10.19"", ""3.10.2"", ""3.10.22"", ""3.10.6"", ""3.4.13"", ""3.4.17"", ""3.4.19"", ""3.4.20"", ""3.4.21"", ""3.5.1"", ""3.5.13"", ""3.5.14"", ""3.5.29"", ""3.5.31"", ""3.5.34"", ""3.5.49"", ""3.5.5"", ""3.5.50"", ""3.5.52"", ""3.5.53"", ""3.5.57"", ""3.5.58"", ""3.5.6"", ""3.5.9"", ""3.6.11"", ""3.6.4"", ""3.6.5"", ""3.6.8"", ""3.7.17"", ""3.8.1"", ""3.8.15"", ""3.8.16"", ""3.8.31"", ""3.9.23"", ""3.9.36"", ""3.9.40"", ""4.1.11"", ""4.1.12"", ""4.1.15"", ""4.1.9"", ""4.11.15"", ""4.11.2"", ""4.11.31"", ""4.11.5"", ""4.2.17"", ""4.2.18"", ""4.2.19"", ""4.2.2"", ""4.2.21"", ""4.2.23"", ""4.2.28"", ""4.2.33"", ""4.2.50"", ""4.2.52"", ""4.2.55"", ""4.2.56"", ""4.2.60"", ""4.2.62"", ""4.2.63"", ""4.2.7"", ""4.2.71"", ""4.2.75"", ""4.2.92"", ""4.2.93"", ""4.3.14"", ""4.3.32"", ""4.3.33""]"
TOJIL,Tojil,deidad,tedlock,82,"[""4.130"", ""4.134"", ""4.135"", ""4.137"", ""4.139"", ""4.151"", ""4.156"", ""4.157"", ""4.161"", ""4.163"", ""4.169"", ""4.170"", ""4.192"", ""4.194"", ""4.197"", ""4.215"", ""4.216"", ""4.221"", ""4.222"", ""4.223"", ""4.226"", ""4.234"", ""4.235"", ""4.243"", ""4.247"", ""4.284"", ""4.291"", ""4.310"", ""4.311"", ""4.334"", ""4.371"", ""4.391"", ""4.398"", ""4.410"", ""4.411"", ""4.412"", ""4.414"", ""4.416"", ""4.425"", ""4.431"", ""4.434"", ""4.456"", ""4.460"", ""4.465"", ""4.469"", ""4.475"", ""4.488"", ""4.490"", ""4.492"", ""4.495"", ""4.498"", ""4.506"", ""4.512"", ""4.531"", ""4.534"", ""4.539"", ""4.540"", ""4.547"", ""4.550"", ""4.551"", ""4.554"", ""4.566"", ""4.569"", ""4.589"", ""4.590"", ""4.610"", ""4.612"", ""4.650"", ""4.651"", ""5.144"", ""5.273"", ""5.279"", ""5.291"", ""5.304"", ""5.360""]"
TOJIL,Tojil,deidad,ximenez,74,"[""52"", ""53"", ""54"", ""55"", ""57"", ""58"", ""60"", ""61"", ""63"", ""64"", ""65"", ""66"", ""67"", ""75"", ""85""]"
TOROB,Torob,objeto,ajtzibab,1,"[""4664""]"
TOROB,Torob,objeto,christenson,1,"[""6347""]"
TOROB,Torob,objeto,christenson_english_prose,1,"[""57""]"
TOROB,Torob,objeto,christenson_ximenez,1,"[""62""]"
TOROB,Torob,objeto,colop,1,"[""30""]"
TOROB,Torob,objeto,ximenez,1,"[""61""]"
TUJAL_JA,Tujal Ja,topónimo,ajtzibab,2,"[""3932"", ""4525""]"
TUJAL_JA,Tujal Ja,topónimo,christenson,2,"[""5218"", ""6121""]"
TUJAL_JA,Tujal Ja,topónimo,christenson_ximenez,3,"[""51"", ""61"", ""87""]"
TUJAL_JA,Tujal Ja,topónimo,colop,2,"[""27"", ""29""]"
TUJAL_JA,Tujal Ja,topónimo,tedlock,3,"[""4.361"", ""4.91"", ""5.311""]"
TUJAL_JA,Tujal Ja,topónimo,ximenez,3,"[""50"", ""60"", ""86""]"
TUKUMB'ALAM,Tukumb'alam,animal,christenson_english_prose,1,"[""8""]"
TUKUMB'ALAM,Tukumb'alam,animal,christenson_ximenez,1,"[""9""]"
TUKUMB'ALAM,Tukumb'alam,animal,colop,1,"[""5""]"
TUKUMB'ALAM,Tukumb'alam,animal,recinos,1,"[""1.3.9""]"
TUKUMB'ALAM,Tukumb'alam,animal,ximenez,1,"[""8""]"
TUKUR,Tukur,animal,ajtzibab,6,"[""1314"", ""1339"", ""1347"", ""1693"", ""1759"", ""1794""]"
TUKUR,Tukur,animal,christenson,7,"[""1938"", ""1972"", ""1989"", ""2404"", ""2470"", ""2504"", ""4710""]"
TUKUR,Tukur,animal,christenson_english_prose,1,"[""17""]"
TUKUR,Tukur,animal,christenson_ximenez,7,"[""18"", ""22"", ""42""]"
TUKUR,Tukur,animal,colop,8,"[""12"", ""15""]"
TUKUR,Tukur,animal,tedlock,4,"[""3.58"", ""3.59"", ""3.60""]"
TUKUR,Tukur,animal,ximenez,6,"[""17"", ""21""]"
TULUL,Tulul,objeto,ajtzibab,2,"[""3742"", ""6012""]"
TULUL,Tulul,objeto,christenson,2,"[""4897"", ""8303""]"
TULUL,Tulul,objeto,christenson_english_prose,2,"[""42"", ""78""]"
TULUL,Tulul,objeto,christenson_ximenez,2,"[""46"", ""86""]"
TULUL,Tulul,objeto,colop,2,"[""25"", ""43""]"
TULUL,Tulul,objeto,recinos,2,"[""3.1.10"", ""4.11.16""]"
TULUL,Tulul,objeto,tedlock,2,"[""4.14"", ""5.292""]"
TULUL,Tulul,objeto,ximenez,2,"[""45"", ""85""]"
TULÁN,Tulán,topónimo,ajtzibab,19,"[""4027"", ""4030"", ""4068"", ""4078"", ""4080"", ""4151"", ""4264"", ""4275"", ""4284"", ""4304"", ""4307"", ""4482"", ""4578"", ""4585"", ""4613"", ""4620"", ""4622"", ""4756"", ""5434""]"
TULÁN,Tulán,topónimo,christenson,19,"[""5378"", ""5384"", ""5446"", ""5456"", ""5463"", ""5548"", ""5707"", ""5721"", ""5737"", ""5762"", ""5766"", ""6034"", ""6212"", ""6223"", ""6265"", ""6278"", ""6280"", ""6501"", ""7456""]"
TULÁN,Tulán,topónimo,christenson_english_prose,18,"[""48"", ""49"", ""50"", ""51"", ""52"", ""55"", ""56"", ""57"", ""66""]"
TULÁN,Tulán,topónimo,christenson_ximenez,16,"[""52"", ""53"", ""54"", ""55"", ""56"", ""59"", ""61"", ""62"", ""72""]"
TULÁN,Tulán,topónimo,colop,19,"[""28"", ""29"", ""30"", ""36""]"
TULÁN,Tulán,topónimo,recinos,12,"[""3.4.10"", ""3.4.24"", ""3.4.28"", ""3.5.26"", ""3.6.15"", ""3.6.9"", ""3.9.34"", ""3.9.37"", ""3.9.44"", ""4.6.13""]"
TULÁN,Tulán,topónimo,tedlock,18,"[""4.126"", ""4.128"", ""4.142"", ""4.149"", ""4.150"", ""4.236"", ""4.240"", ""4.244"", ""4.253"", ""4.254"", ""4.274"", ""4.338"", ""4.384"", ""4.392"", ""4.403"", ""4.406"", ""4.464"", ""5.29""]"
TULÁN,Tulán,topónimo,ximenez,14,"[""52"", ""53"", ""54"", ""55"", ""58"", ""60"", ""61"", ""71""]"
TZ'AQOL,Tz'aqol,deidad,ajtzibab,20,"[""16"", ""180"", ""194"", ""204"", ""241"", ""289"", ""365"", ""3702"", ""3722"", ""375"", ""377"", ""3776"", ""3817"", ""3867"", ""3970"", ""3979"", ""4161"", ""4172"", ""45"", ""74""]"
TZ'AQOL,Tz'aqol,deidad,christenson,20,"[""136"", ""15"", ""341"", ""368"", ""382"", ""435"", ""4825"", ""4859"", ""4962"", ""5026"", ""5110"", ""513"", ""5267"", ""5284"", ""5568"", ""5580"", ""673"", ""691"", ""697"", ""75""]"
TZ'AQOL,Tz'aqol,deidad,christenson_english_prose,31,"[""1"", ""2"", ""41"", ""44"", ""45"", ""46"", ""47"", ""5"", ""51"", ""6"", ""7"", ""8"", ""9""]"
TZ'AQOL,Tz'aqol,deidad,christenson_ximenez,28,"[""10"", ""15"", ""2"", ""4"", ""44"", ""48"", ""49"", ""50"", ""51"", ""55"", ""7"", ""8"", ""9""]"
TZ'AQOL,Tz'aqol,deidad,colop,20,"[""0"", ""1"", ""2"", ""25"", ""26"", ""27"", ""28"", ""3"", ""4"", ""5""]"
TZ'AQOL,Tz'aqol,deidad,recinos,2,"[""0.1.2"", ""3.3.26""]"
TZ'AQOL,Tz'aqol,deidad,ximenez,27,"[""1"", ""14"", ""3"", ""43"", ""47"", ""48"", ""49"", ""50"", ""54"", ""6"", ""7"", ""8"", ""9""]"
TZ'I',TZ'I',objeto,ajtzibab,4,"[""3467"", ""3469"", ""431"", ""6158""]"
TZ'I',TZ'I',objeto,christenson,8,"[""4500"", ""4505"", ""4507"", ""739"", ""747"", ""769"", ""787"", ""8552""]"
TZ'I',TZ'I',objeto,christenson_english_prose,4,"[""8""]"
TZ'I',TZ'I',objeto,colop,4,"[""23"", ""44"", ""5""]"
TZ'I',TZ'I',objeto,recinos,4,"[""1.3.13"", ""1.3.14"", ""1.3.19"", ""1.3.25""]"
TZ'I',TZ'I',objeto,tedlock,4,"[""1.144"", ""1.145"", ""1.150"", ""1.157""]"
TZ'IKIN,Tz'ikin,animal,ajtzibab,33,"[""1083"", ""1104"", ""1109"", ""1114"", ""1120"", ""1131"", ""1134"", ""1139"", ""1145"", ""1147"", ""1153"", ""149"", ""159"", ""160"", ""169"", ""173"", ""178"", ""179"", ""185"", ""1984"", ""1993"", ""2017"", ""2020"", ""2021"", ""2661"", ""2662"", ""4519"", ""4666"", ""4688"", ""4691"", ""4740"", ""56"", ""960""]"
TZ'IKIN,Tz'ikin,animal,christenson,47,"[""108"", ""1458"", ""1599"", ""1623"", ""1630"", ""1634"", ""1635"", ""1640"", ""1644"", ""1662"", ""1664"", ""1674"", ""1679"", ""1681"", ""1692"", ""2755"", ""2769"", ""2772"", ""2778"", ""2788"", ""279"", ""2818"", ""2821"", ""2822"", ""2824"", ""298"", ""301"", ""3123"", ""3124"", ""315"", ""316"", ""317"", ""326"", ""338"", ""340"", ""3450"", ""354"", ""3587"", ""3589"", ""6104"", ""6110"", ""6111"", ""6349"", ""6380"", ""6386"", ""6391"", ""6472""]"
TZ'IKIN,Tz'ikin,animal,christenson_english_prose,8,"[""14"", ""2"", ""27"", ""56"", ""57"", ""82""]"
TZ'IKIN,Tz'ikin,animal,christenson_ximenez,13,"[""25"", ""29"", ""4"", ""6"", ""7""]"
TZ'IKIN,Tz'ikin,animal,colop,41,"[""1"", ""10"", ""17"", ""18"", ""2"", ""20"", ""21"", ""29"", ""30"", ""9""]"
TZ'IKIN,Tz'ikin,animal,tedlock,17,"[""1.9"", ""2.295"", ""2.303"", ""2.304"", ""2.306"", ""3.550"", ""4.140"", ""4.271"", ""4.319"", ""4.356"", ""4.360"", ""4.434"", ""4.89"", ""5.20"", ""5.311"", ""5.34"", ""5.358""]"
TZ'IKIN,Tz'ikin,animal,ximenez,15,"[""24"", ""28"", ""3"", ""5"", ""6""]"
TZ'ITE',Tz'ite',objeto,ajtzibab,5,"[""315"", ""319"", ""332"", ""335"", ""374""]"
TZ'ITE',Tz'ite',objeto,christenson,6,"[""573"", ""585"", ""591"", ""614"", ""620"", ""689""]"
TZ'ITE',Tz'ite',objeto,christenson_english_prose,6,"[""7"", ""8""]"
TZ'ITE',Tz'ite',objeto,christenson_ximenez,4,"[""8""]"
TZ'ITE',Tz'ite',objeto,colop,5,"[""4"", ""5""]"
TZ'ITE',Tz'ite',objeto,ximenez,3,"[""7""]"
TZ'OLOJ_CHE',Tz'oloj Che',topónimo,christenson,1,"[""7983""]"
TZ'OLOJ_CHE',Tz'oloj Che',topónimo,christenson_ximenez,1,"[""82""]"
TZ'OLOJ_CHE',Tz'oloj Che',topónimo,colop,1,"[""42""]"
TZ'OLOJ_CHE',Tz'oloj Che',topónimo,tedlock,1,"[""5.212""]"
TZ'OLOJ_CHE',Tz'oloj Che',topónimo,ximenez,1,"[""81""]"
TZ'UM,Tz'um,objeto,ajtzibab,4,"[""2410"", ""2615"", ""4072"", ""4759""]"
TZ'UM,Tz'um,objeto,christenson,5,"[""1898"", ""3317"", ""3538"", ""5450"", ""6505""]"
TZ'UM,Tz'um,objeto,christenson_english_prose,3,"[""16"", ""26"", ""28""]"
TZ'UM,Tz'um,objeto,christenson_ximenez,1,"[""17""]"
TZ'UM,Tz'um,objeto,colop,4,"[""19"", ""20"", ""28"", ""30""]"
TZ'UM,Tz'um,objeto,ximenez,1,"[""16""]"
TZ'UNUNI_JA',Tz'ununi Ja',persona,christenson,2,"[""5152"", ""5869""]"
TZ'UNUNI_JA',Tz'ununi Ja',persona,christenson_english_prose,2,"[""47"", ""54""]"
TZ'UNUNI_JA',Tz'ununi Ja',persona,christenson_ximenez,2,"[""51"", ""58""]"
TZ'UNUNI_JA',Tz'ununi Ja',persona,colop,2,"[""26"", ""28""]"
TZ'UNUNI_JA',Tz'ununi Ja',persona,tedlock,2,"[""4.287"", ""4.74""]"
TZ'UNUNI_JA',Tz'ununi Ja',persona,ximenez,2,"[""50"", ""57""]"
TZ'UTUJA,Tz'utuja,linaje,ajtzibab,2,"[""5692"", ""5973""]"
TZ'UTUJA,Tz'utuja,linaje,christenson_english_prose,2,"[""73"", ""78""]"
TZ'UTUJA,Tz'utuja,linaje,christenson_ximenez,2,"[""80"", ""86""]"
TZ'UTUJA,Tz'utuja,linaje,colop,1,"[""41""]"
TZ'UTUJA,Tz'utuja,linaje,ximenez,2,"[""79"", ""85""]"
TZ'UTU_JA,Tz'utu Ja,lugar,christenson,1,"[""8251""]"
TZ'UTU_JA,Tz'utu Ja,lugar,colop,1,"[""43""]"
TZAMIY,Tzamiy,objeto,ajtzibab,1,"[""1880""]"
TZAMIY,Tzamiy,objeto,christenson,1,"[""2628""]"
TZAMIY,Tzamiy,objeto,colop,1,"[""16""]"
TZAMIY,Tzamiy,objeto,recinos,3,"[""2.4.24"", ""4.3.20"", ""4.3.25""]"
TZAMIY,Tzamiy,objeto,ximenez,2,"[""22""]"
TZIKWIL_B'ALAM,Tzikwil B'alam,objeto,ajtzibab,1,"[""5427""]"
TZIKWIL_B'ALAM,Tzikwil B'alam,objeto,christenson,1,"[""7445""]"
TZIKWIL_B'ALAM,Tzikwil B'alam,objeto,christenson_english_prose,1,"[""66""]"
TZIKWIL_B'ALAM,Tzikwil B'alam,objeto,colop,1,"[""36""]"
TZIKWIL_KOJ,Tzikwil Koj,objeto,ajtzibab,1,"[""5427""]"
TZIKWIL_KOJ,Tzikwil Koj,objeto,christenson,1,"[""7444""]"
TZIKWIL_KOJ,Tzikwil Koj,objeto,christenson_english_prose,1,"[""66""]"
TZIKWIL_KOJ,Tzikwil Koj,objeto,colop,1,"[""36""]"
TZIMA,Tzima,objeto,ajtzibab,3,"[""1556"", ""1562"", ""1576""]"
TZIMA,Tzima,objeto,christenson,3,"[""2239"", ""2248"", ""2263""]"
TZIMA,Tzima,objeto,christenson_english_prose,2,"[""19""]"
TZIMA,Tzima,objeto,christenson_ximenez,3,"[""19""]"
TZIMA,Tzima,objeto,colop,3,"[""14""]"
TZIMA,Tzima,objeto,tedlock,2,"[""3.144"", ""3.152""]"
TZIMA,Tzima,objeto,ximenez,2,"[""18""]"
Tzi,Tzi,objeto,christenson_english_prose,1,"[""22""]"
Tzi,Tzi,objeto,christenson_ximenez,4,"[""9""]"
Tzi,Tzi,objeto,ximenez,8,"[""39"", ""8"", ""87""]"
UCH'AB'AJA,Uch'ab'aja,linaje,ajtzibab,3,"[""3932"", ""4526"", ""6089""]"
UCH'AB'AJA,Uch'ab'aja,linaje,christenson_english_prose,10,"[""2"", ""20"", ""25"", ""45"", ""5"", ""56""]"
UCH'AB'AJA,Uch'ab'aja,linaje,christenson_ximenez,3,"[""51"", ""61"", ""87""]"
UCH'AB'AJA,Uch'ab'aja,linaje,tedlock,3,"[""1.115"", ""1.74"", ""4.44""]"
UCH'AB'AJA,Uch'ab'aja,linaje,ximenez,3,"[""50"", ""60"", ""86""]"
UCHUCH_K'AMJA,Uchuch K'amja,oficio,christenson_ximenez,1,"[""78""]"
UCHUCH_K'AMJA,Uchuch K'amja,oficio,ximenez,2,"[""75"", ""77""]"
UK',Uk',animal,ajtzibab,10,"[""2480"", ""2484"", ""2488"", ""2497"", ""2503"", ""2506"", ""2510"", ""2516"", ""2596"", ""2606""]"
UK',Uk',animal,christenson,11,"[""3390"", ""3395"", ""3401"", ""3407"", ""3412"", ""3415"", ""3418"", ""3422"", ""3513"", ""3523"", ""5850""]"
UK',Uk',animal,christenson_english_prose,10,"[""27"", ""28""]"
UK',Uk',animal,christenson_ximenez,10,"[""29"", ""30""]"
UK',Uk',animal,colop,12,"[""12"", ""20"", ""28""]"
UK',Uk',animal,recinos,5,"[""2.7.16"", ""2.7.19"", ""2.7.22"", ""2.7.26"", ""2.7.61""]"
UK',Uk',animal,tedlock,10,"[""3.528"", ""3.529"", ""3.530"", ""3.532"", ""3.534"", ""3.536"", ""3.539"", ""3.581"", ""3.585""]"
UK',Uk',animal,ximenez,10,"[""28"", ""29""]"
UK'U'X_CHO,Uk'u'x Cho,deidad,ajtzibab,1,"[""21""]"
UK'U'X_CHO,Uk'u'x Cho,deidad,christenson_english_prose,1,"[""1""]"
UK'U'X_CHO,Uk'u'x Cho,deidad,christenson_ximenez,1,"[""2""]"
UK'U'X_CHO,Uk'u'x Cho,deidad,colop,1,"[""0""]"
UK'U'X_CHO,Uk'u'x Cho,deidad,ximenez,1,"[""1""]"
UK'U'X_KAJ,Uk'u'x Kaj,deidad,ajtzibab,16,"[""101"", ""1049"", ""129"", ""3160"", ""336"", ""353"", ""371"", ""3862"", ""3870"", ""396"", ""520"", ""6036"", ""6060"", ""727"", ""81"", ""97""]"
UK'U'X_KAJ,Uk'u'x Kaj,deidad,christenson_english_prose,21,"[""10"", ""11"", ""14"", ""2"", ""3"", ""33"", ""46"", ""47"", ""5"", ""7"", ""79"", ""8""]"
UK'U'X_KAJ,Uk'u'x Kaj,deidad,christenson_ximenez,21,"[""11"", ""12"", ""15"", ""35"", ""4"", ""5"", ""50"", ""51"", ""7"", ""8"", ""87"", ""9""]"
UK'U'X_KAJ,Uk'u'x Kaj,deidad,colop,16,"[""1"", ""10"", ""2"", ""22"", ""26"", ""4"", ""43"", ""5"", ""7""]"
UK'U'X_KAJ,Uk'u'x Kaj,deidad,tedlock,20,"[""1.112"", ""1.119"", ""1.130"", ""1.140"", ""1.20"", ""1.25"", ""1.27"", ""1.36"", ""1.41"", ""1.62"", ""2.1"", ""2.258"", ""2.98"", ""3.863"", ""4.108"", ""4.112"", ""4.59"", ""4.60"", ""4.66"", ""5.304""]"
UK'U'X_KAJ,Uk'u'x Kaj,deidad,ximenez,20,"[""10"", ""11"", ""14"", ""3"", ""4"", ""49"", ""50"", ""6"", ""7"", ""8"", ""86""]"
UK'U'X_KAJ_UK'U'X_ULEW,Uk'u'x Kaj Uk'u'x Ulew,grupo de deidades,ajtzibab,5,"[""139"", ""193"", ""3882"", ""3971"", ""3984""]"
UK'U'X_KAJ_UK'U'X_ULEW,Uk'u'x Kaj Uk'u'x Ulew,grupo de deidades,colop,5,"[""2"", ""26"", ""27""]"
UK'U'X_PALO,Uk'u'x Palo,deidad,ajtzibab,1,"[""21""]"
UK'U'X_PALO,Uk'u'x Palo,deidad,christenson_english_prose,1,"[""1""]"
UK'U'X_PALO,Uk'u'x Palo,deidad,christenson_ximenez,1,"[""2""]"
UK'U'X_PALO,Uk'u'x Palo,deidad,colop,1,"[""0""]"
UK'U'X_PALO,Uk'u'x Palo,deidad,ximenez,1,"[""1""]"
UK'U'X_ULEW,Uk'u'x Ulew,deidad,ajtzibab,1,"[""6060""]"
UK'U'X_ULEW,Uk'u'x Ulew,deidad,christenson_english_prose,6,"[""3"", ""47"", ""5"", ""79""]"
UK'U'X_ULEW,Uk'u'x Ulew,deidad,christenson_ximenez,58,"[""10"", ""11"", ""12"", ""13"", ""15"", ""2"", ""21"", ""22"", ""27"", ""31"", ""35"", ""4"", ""42"", ""43"", ""44"", ""49"", ""5"", ""50"", ""51"", ""56"", ""6"", ""61"", ""69"", ""7"", ""8"", ""82"", ""83"", ""87"", ""9""]"
UK'U'X_ULEW,Uk'u'x Ulew,deidad,colop,1,"[""43""]"
UK'U'X_ULEW,Uk'u'x Ulew,deidad,tedlock,6,"[""1.41"", ""1.62"", ""4.108"", ""4.112"", ""4.66"", ""5.304""]"
UK'U'X_ULEW,Uk'u'x Ulew,deidad,ximenez,55,"[""1"", ""10"", ""11"", ""12"", ""14"", ""20"", ""21"", ""26"", ""3"", ""30"", ""4"", ""41"", ""42"", ""43"", ""48"", ""49"", ""5"", ""50"", ""55"", ""6"", ""60"", ""68"", ""7"", ""8"", ""81"", ""82"", ""86"", ""9""]"
UMUL,Umul,animal,ajtzibab,8,"[""2249"", ""2293"", ""2296"", ""3188"", ""3191"", ""3195"", ""3218"", ""3223""]"
UMUL,Umul,animal,christenson,8,"[""3118"", ""3172"", ""3177"", ""4163"", ""4168"", ""4172"", ""4197"", ""4203""]"
UMUL,Umul,animal,christenson_english_prose,8,"[""25"", ""33"", ""34""]"
UMUL,Umul,animal,christenson_ximenez,8,"[""27"", ""35"", ""36""]"
UMUL,Umul,animal,colop,8,"[""18"", ""22""]"
UMUL,Umul,animal,recinos,4,"[""2.11.33"", ""2.11.34"", ""2.6.26"", ""2.6.40""]"
UMUL,Umul,animal,tedlock,8,"[""3.425"", ""3.444"", ""3.445"", ""3.876"", ""3.877"", ""3.888""]"
UMUL,Umul,animal,ximenez,8,"[""26"", ""34"", ""35""]"
US,Us,animal,ajtzibab,1,"[""2400""]"
US,Us,animal,christenson,1,"[""3301""]"
US,Us,animal,christenson_english_prose,117,"[""11"", ""12"", ""13"", ""14"", ""16"", ""17"", ""23"", ""25"", ""26"", ""27"", ""28"", ""29"", ""31"", ""34"", ""35"", ""37"", ""38"", ""39"", ""40"", ""47"", ""5"", ""51"", ""52"", ""55"", ""57"", ""58"", ""59"", ""6"", ""60"", ""61"", ""62"", ""63"", ""64"", ""76"", ""8""]"
US,Us,animal,colop,1,"[""18""]"
US,Us,animal,tedlock,103,"[""1.145"", ""1.150"", ""1.151"", ""1.152"", ""1.159"", ""1.161"", ""1.60"", ""1.62"", ""1.70"", ""1.80"", ""1.94"", ""2.113"", ""2.159"", ""2.223"", ""2.288"", ""2.44"", ""2.45"", ""2.46"", ""3.1032"", ""3.1033"", ""3.1035"", ""3.1058"", ""3.1062"", ""3.26"", ""3.323"", ""3.327"", ""3.330"", ""3.340"", ""3.341"", ""3.423"", ""3.433"", ""3.487"", ""3.496"", ""3.513"", ""3.54"", ""3.598"", ""3.695"", ""3.70"", ""3.717"", ""3.72"", ""3.742"", ""3.743"", ""3.744"", ""3.772"", ""3.776"", ""3.814"", ""3.912"", ""3.914"", ""3.931"", ""3.932"", ""3.964"", ""3.971"", ""3.974"", ""3.990"", ""3.991"", ""4.112"", ""4.114"", ""4.115"", ""4.205"", ""4.207"", ""4.208"", ""4.292"", ""4.295"", ""4.327"", ""4.392"", ""4.419"", ""4.420"", ""4.421"", ""4.430"", ""4.431"", ""4.464"", ""4.475"", ""4.506"", ""4.508"", ""4.547"", ""4.566"", ""4.628"", ""4.629"", ""4.690"", ""4.691"", ""4.724"", ""4.79"", ""5.231"", ""5.236""]"
USAMAJEL_XIB'ALB'A,Usamajel Xib'alb'a,grupo de deidades,ajtzibab,6,"[""1317"", ""2460"", ""2463"", ""2465"", ""2494"", ""4158""]"
USAMAJEL_XIB'ALB'A,Usamajel Xib'alb'a,grupo de deidades,christenson_english_prose,5,"[""17"", ""27""]"
USAMAJEL_XIB'ALB'A,Usamajel Xib'alb'a,grupo de deidades,christenson_ximenez,35,"[""17"", ""18"", ""19"", ""22"", ""29"", ""30"", ""31"", ""37"", ""39"", ""68""]"
USAMAJEL_XIB'ALB'A,Usamajel Xib'alb'a,grupo de deidades,colop,5,"[""12"", ""20"", ""28""]"
USAMAJEL_XIB'ALB'A,Usamajel Xib'alb'a,grupo de deidades,tedlock,5,"[""3.520"", ""3.521"", ""3.522"", ""3.530"", ""3.58""]"
USAMAJEL_XIB'ALB'A,Usamajel Xib'alb'a,grupo de deidades,ximenez,34,"[""16"", ""17"", ""18"", ""21"", ""28"", ""29"", ""30"", ""36"", ""38"", ""67""]"
UTIW,Utiw,animal,ajtzibab,6,"[""18"", ""2249"", ""2298"", ""3726"", ""4719"", ""4722""]"
UTIW,Utiw,animal,christenson,5,"[""3120"", ""3180"", ""4868"", ""6438"", ""6444""]"
UTIW,Utiw,animal,christenson_english_prose,5,"[""25"", ""42"", ""57""]"
UTIW,Utiw,animal,christenson_ximenez,5,"[""27"", ""46"", ""62""]"
UTIW,Utiw,animal,colop,5,"[""18"", ""25"", ""30""]"
UTIW,Utiw,animal,tedlock,5,"[""3.425"", ""3.446"", ""4.446"", ""4.448"", ""4.8""]"
UTIW,Utiw,animal,ximenez,5,"[""26"", ""45"", ""61""]"
UTZA'M_ACHIJ,Utza'm Achij,oficio,ajtzibab,1,"[""5947""]"
UTZA'M_ACHIJ,Utza'm Achij,oficio,christenson_ximenez,1,"[""85""]"
UTZA'M_ACHIJ,Utza'm Achij,oficio,colop,1,"[""42""]"
UTZA'M_ACHIJ,Utza'm Achij,oficio,ximenez,1,"[""84""]"
UTZUTZIL_JOM,Utz'utz'il jom,lugar,christenson_ximenez,1,"[""29""]"
UTZUTZIL_JOM,Utz'utz'il jom,lugar,colop,1,"[""20""]"
UTZUTZIL_JOM,Utz'utz'il jom,lugar,ximenez,1,"[""28""]"
WA,Wa,objeto,ajtzibab,58,"[""109"", ""1186"", ""1579"", ""1580"", ""1602"", ""1827"", ""2079"", ""2123"", ""2138"", ""2513"", ""2634"", ""2862"", ""2864"", ""2866"", ""3256"", ""3265"", ""3274"", ""3278"", ""3578"", ""3662"", ""3725"", ""3894"", ""4025"", ""4036"", ""4290"", ""4330"", ""435"", ""4357"", ""4400"", ""4633"", ""4707"", ""4825"", ""4904"", ""5148"", ""5178"", ""5272"", ""5279"", ""5320"", ""5410"", ""5423"", ""5484"", ""5497"", ""556"", ""5658"", ""5669"", ""5670"", ""5682"", ""5767"", ""5933"", ""6004"", ""6013"", ""6032"", ""6034"", ""6175"", ""6180"", ""6196"", ""6235"", ""6247""]"
WA,Wa,objeto,christenson,80,"[""1107"", ""1407"", ""1746"", ""2010"", ""204"", ""2266"", ""2267"", ""2292"", ""2477"", ""2487"", ""2551"", ""2580"", ""2745"", ""2894"", ""2938"", ""2954"", ""2973"", ""3043"", ""3045"", ""3075"", ""3096"", ""3278"", ""3420"", ""3506"", ""3507"", ""3561"", ""362"", ""3805"", ""3806"", ""3807"", ""4244"", ""4255"", ""4266"", ""4271"", ""4643"", ""4772"", ""4866"", ""5147"", ""5371"", ""5395"", ""5745"", ""5794"", ""5829"", ""5849"", ""5895"", ""6048"", ""6299"", ""6420"", ""6605"", ""6696"", ""7040"", ""7083"", ""7223"", ""7232"", ""7290"", ""7417"", ""7437"", ""7522"", ""7533"", ""7557"", ""7687"", ""770"", ""7798"", ""7812"", ""7813"", ""7824"", ""791"", ""7953"", ""8190"", ""8295"", ""8306"", ""8331"", ""8334"", ""8574"", ""8579"", ""8605"", ""865"", ""8675"", ""966"", ""969""]"
WA,Wa,objeto,christenson_english_prose,35,"[""10"", ""11"", ""13"", ""22"", ""23"", ""25"", ""26"", ""27"", ""28"", ""33"", ""42"", ""5"", ""54"", ""57"", ""68"", ""69"", ""78"", ""79"", ""8""]"
WA,Wa,objeto,christenson_ximenez,78,"[""10"", ""100"", ""101"", ""14"", ""17"", ""18"", ""19"", ""20"", ""22"", ""23"", ""25"", ""27"", ""28"", ""29"", ""31"", ""37"", ""43"", ""46"", ""5"", ""51"", ""52"", ""53"", ""54"", ""56"", ""58"", ""59"", ""61"", ""62"", ""65"", ""68"", ""7"", ""70"", ""71"", ""72"", ""73"", ""74"", ""76"", ""78"", ""79"", ""82"", ""85"", ""86"", ""87"", ""88"", ""89"", ""9"", ""91""]"
WA,Wa,objeto,colop,65,"[""1"", ""11"", ""12"", ""14"", ""15"", ""16"", ""18"", ""20"", ""22"", ""23"", ""24"", ""25"", ""26"", ""28"", ""30"", ""32"", ""34"", ""35"", ""36"", ""37"", ""38"", ""39"", ""40"", ""42"", ""43"", ""45"", ""46"", ""47"", ""49"", ""5"", ""7""]"
WA,Wa,objeto,tedlock,31,"[""1.150"", ""2.188"", ""2.198"", ""2.199"", ""2.23"", ""2.59"", ""3.271"", ""3.278"", ""3.279"", ""3.281"", ""3.285"", ""3.402"", ""3.411"", ""3.418"", ""3.459"", ""3.460"", ""3.470"", ""3.549"", ""3.552"", ""3.584"", ""3.854"", ""4.19"", ""4.440"", ""4.8"", ""5.126"", ""5.313""]"
WA,Wa,objeto,ximenez,70,"[""13"", ""16"", ""17"", ""18"", ""19"", ""21"", ""22"", ""24"", ""26"", ""28"", ""30"", ""36"", ""4"", ""45"", ""50"", ""51"", ""52"", ""55"", ""57"", ""58"", ""6"", ""60"", ""61"", ""64"", ""67"", ""69"", ""7"", ""70"", ""71"", ""72"", ""73"", ""75"", ""77"", ""78"", ""8"", ""81"", ""84"", ""85"", ""86"", ""88"", ""9"", ""93"", ""94""]"
WACHSOT,Wachsot,objeto,ajtzibab,1,"[""1284""]"
WACHSOT,Wachsot,objeto,colop,1,"[""11""]"
WACH_SOT,WACH_SOT,,christenson_ximenez,1,"[""17""]"
WACH_SOT,WACH_SOT,,ximenez,1,"[""16""]"
WAJXALAJUJ,Wajxalajuj,topónimo,ajtzibab,1,"[""5865""]"
WAJXALAJUJ,Wajxalajuj,topónimo,christenson,1,"[""8095""]"
WAJXALAJUJ,Wajxalajuj,topónimo,colop,1,"[""42""]"
WAJXALAJUJ,Wajxalajuj,topónimo,tedlock,1,"[""5.241""]"
WAK,Wak,animal,ajtzibab,14,"[""2537"", ""2538"", ""2542"", ""2545"", ""2546"", ""2547"", ""2549"", ""2553"", ""2559"", ""2563"", ""2567"", ""2570"", ""2572""]"
WAK,Wak,animal,christenson,12,"[""3449"", ""3452"", ""3457"", ""3463"", ""3464"", ""3466"", ""3469"", ""3476"", ""3480"", ""3485"", ""3488"", ""3490""]"
WAK,Wak,animal,christenson_ximenez,15,"[""29"", ""30"", ""68""]"
WAK,Wak,animal,colop,14,"[""20""]"
WAK,Wak,animal,recinos,1,"[""2.7.37""]"
WAK,Wak,animal,tedlock,2,"[""3.555""]"
WAK,Wak,animal,ximenez,17,"[""28"", ""29"", ""30"", ""34"", ""67""]"
WILA',Wila',topónimo,ajtzibab,3,"[""1617"", ""1778"", ""3108""]"
WILA',Wila',topónimo,christenson,4,"[""2308"", ""2490"", ""2648"", ""4084""]"
WILA',Wila',topónimo,christenson_ximenez,2,"[""82"", ""83""]"
WILA',Wila',topónimo,colop,5,"[""15"", ""16"", ""22"", ""42""]"
WILA',Wila',topónimo,ximenez,2,"[""81"", ""82""]"
WINAQ_B'ALAM_AKNUEVE,Winaq B'alam (gen. 9),persona,christenson_english_prose,1,"[""85""]"
WINAQ_B'ALAM_AKNUEVE,Winaq B'alam (gen. 9),persona,christenson_ximenez,1,"[""100""]"
WINAQ_B'ALAM_AKNUEVE,Winaq B'alam (gen. 9),persona,ximenez,1,"[""93""]"
WOK,Wok,animal,ajtzibab,3,"[""1209"", ""1212"", ""3993""]"
WOK,Wok,animal,christenson,3,"[""1785"", ""1791"", ""5313""]"
WOK,Wok,animal,christenson_ximenez,3,"[""17"", ""51""]"
WOK,Wok,animal,colop,3,"[""11"", ""27""]"
WOK,Wok,animal,recinos,3,"[""2.1.15"", ""3.3.26""]"
WOK,Wok,animal,ximenez,3,"[""16"", ""50""]"
WONON,Wonon,animal,ajtzibab,10,"[""4735"", ""4973"", ""5006"", ""5019"", ""5020"", ""5151"", ""5156"", ""5204"", ""5212"", ""5216""]"
WONON,Wonon,animal,christenson,11,"[""6416"", ""6458"", ""6793"", ""6834"", ""6850"", ""6854"", ""7046"", ""7052"", ""7125"", ""7138"", ""7144""]"
WONON,Wonon,animal,christenson_english_prose,10,"[""61"", ""62"", ""63""]"
WONON,Wonon,animal,christenson_ximenez,11,"[""62"", ""67"", ""68"", ""69""]"
WONON,Wonon,animal,colop,11,"[""30"", ""33"", ""34""]"
WONON,Wonon,animal,recinos,1,"[""3.10.26""]"
WONON,Wonon,animal,ximenez,11,"[""61"", ""66"", ""67"", ""68""]"
WUB,Wub',objeto,ajtzibab,8,"[""2417"", ""2554"", ""2657"", ""2666"", ""3090"", ""3104"", ""3111"", ""584""]"
WUB,Wub',objeto,christenson,13,"[""1007"", ""1622"", ""1629"", ""3040"", ""3328"", ""3468"", ""3470"", ""3582"", ""3596"", ""4060"", ""4080"", ""4085"", ""939""]"
WUB,Wub',objeto,christenson_english_prose,10,"[""10"", ""11"", ""25"", ""26"", ""28"", ""29"", ""33""]"
WUB,Wub',objeto,christenson_ximenez,24,"[""11"", ""12"", ""14"", ""15"", ""25"", ""27"", ""28"", ""29"", ""30"", ""31"", ""35""]"
WUB,Wub',objeto,colop,8,"[""19"", ""20"", ""21"", ""22"", ""7""]"
WUB,Wub',objeto,tedlock,9,"[""2.27"", ""2.7"", ""3.401"", ""3.501"", ""3.560"", ""3.606"", ""3.829"", ""3.837"", ""3.840""]"
WUB,Wub',objeto,ximenez,20,"[""10"", ""11"", ""13"", ""14"", ""24"", ""26"", ""28"", ""29"", ""30"", ""34""]"
WUCH',Wuch',animal,ajtzibab,3,"[""18"", ""3168"", ""3173""]"
WUCH',Wuch',animal,christenson,2,"[""4144"", ""4149""]"
WUCH',Wuch',animal,christenson_english_prose,2,"[""33""]"
WUCH',Wuch',animal,christenson_ximenez,3,"[""2"", ""35"", ""7""]"
WUCH',Wuch',animal,colop,2,"[""22""]"
WUCH',Wuch',animal,tedlock,2,"[""3.866"", ""3.869""]"
WUCH',Wuch',animal,ximenez,3,"[""1"", ""34"", ""6""]"
WUQUB'_AJ_AKSEIS,Wuqub' Aj (gen. 6),persona,christenson_ximenez,1,"[""100""]"
WUQUB'_AJ_AKSEIS,Wuqub' Aj (gen. 6),persona,tedlock,3,"[""5.118"", ""5.130"", ""5.401""]"
WUQUB'_AJ_AKSEIS,Wuqub' Aj (gen. 6),persona,ximenez,1,"[""93""]"
WUQUB'_JUNAJPU,Wuqub' Junajpu,deidad,christenson,22,"[""1739"", ""1750"", ""1776"", ""1893"", ""1897"", ""1905"", ""1923"", ""1967"", ""2031"", ""2033"", ""2089"", ""2138"", ""2149"", ""2202"", ""2206"", ""2354"", ""2556"", ""3220"", ""3347"", ""4650"", ""4765"", ""4773""]"
WUQUB'_JUNAJPU,Wuqub' Junajpu,deidad,christenson_english_prose,22,"[""16"", ""17"", ""19"", ""20"", ""22"", ""25"", ""27"", ""40""]"
WUQUB'_JUNAJPU,Wuqub' Junajpu,deidad,christenson_ximenez,19,"[""17"", ""18"", ""19"", ""21"", ""23"", ""27"", ""29"", ""42"", ""43""]"
WUQUB'_JUNAJPU,Wuqub' Junajpu,deidad,colop,22,"[""11"", ""12"", ""13"", ""14"", ""15"", ""16"", ""18"", ""19"", ""24""]"
WUQUB'_JUNAJPU,Wuqub' Junajpu,deidad,tedlock,23,"[""3.1056"", ""3.1094"", ""3.1098"", ""3.112"", ""3.114"", ""3.129"", ""3.130"", ""3.16"", ""3.188"", ""3.263"", ""3.4"", ""3.463"", ""3.47"", ""3.48"", ""3.513"", ""3.52"", ""3.6"", ""3.64"", ""3.78"", ""3.79"", ""3.9"", ""3.97""]"
WUQUB'_JUNAJPU,Wuqub' Junajpu,deidad,ximenez,20,"[""16"", ""17"", ""18"", ""20"", ""22"", ""26"", ""28"", ""41"", ""42""]"
WUQUB'_KAME',Wuqub' Kame',deidad,ajtzibab,5,"[""1430"", ""2697"", ""2701"", ""2775"", ""3543""]"
WUQUB'_KAME',Wuqub' Kame',deidad,christenson,32,"[""1806"", ""1825"", ""1831"", ""1919"", ""1977"", ""1992"", ""2081"", ""2093"", ""2143"", ""2208"", ""2222"", ""2234"", ""2242"", ""2379"", ""2442"", ""3351"", ""3531"", ""3635"", ""3642"", ""3724"", ""3794"", ""3902"", ""3930"", ""3980"", ""4100"", ""4317"", ""4401"", ""4534"", ""4570"", ""4578"", ""4584"", ""4601""]"
WUQUB'_KAME',Wuqub' Kame',deidad,christenson_english_prose,32,"[""16"", ""17"", ""19"", ""21"", ""27"", ""28"", ""29"", ""33"", ""35"", ""37"", ""38"", ""39""]"
WUQUB'_KAME',Wuqub' Kame',deidad,christenson_ximenez,33,"[""17"", ""18"", ""19"", ""22"", ""29"", ""30"", ""31"", ""35"", ""37"", ""39"", ""40"", ""41""]"
WUQUB'_KAME',Wuqub' Kame',deidad,colop,5,"[""13"", ""21"", ""24""]"
WUQUB'_KAME',Wuqub' Kame',deidad,tedlock,32,"[""3.1018"", ""3.1031"", ""3.1032"", ""3.1035"", ""3.1042"", ""3.113"", ""3.130"", ""3.137"", ""3.141"", ""3.145"", ""3.195"", ""3.21"", ""3.224"", ""3.27"", ""3.29"", ""3.514"", ""3.52"", ""3.586"", ""3.626"", ""3.631"", ""3.65"", ""3.67"", ""3.682"", ""3.720"", ""3.774"", ""3.784"", ""3.800"", ""3.852"", ""3.927"", ""3.95"", ""3.957"", ""3.98""]"
WUQUB'_KAME',Wuqub' Kame',deidad,ximenez,33,"[""16"", ""17"", ""18"", ""21"", ""28"", ""29"", ""30"", ""34"", ""36"", ""38"", ""39"", ""40""]"
WUQUB'_KAQIX,Wuqub' Kaqix,deidad,ajtzibab,38,"[""1021"", ""1028"", ""1036"", ""472"", ""499"", ""501"", ""507"", ""512"", ""516"", ""536"", ""541"", ""552"", ""555"", ""561"", ""568"", ""571"", ""573"", ""579"", ""581"", ""590"", ""593"", ""596"", ""597"", ""602"", ""612"", ""624"", ""634"", ""639"", ""643"", ""644"", ""696"", ""703"", ""710"", ""713"", ""714"", ""721"", ""730"", ""890""]"
WUQUB'_KAQIX,Wuqub' Kaqix,deidad,christenson,39,"[""1002"", ""1015"", ""1019"", ""1021"", ""1023"", ""1028"", ""1040"", ""1061"", ""1073"", ""1078"", ""1088"", ""1089"", ""1147"", ""1154"", ""1164"", ""1167"", ""1168"", ""1180"", ""1189"", ""1374"", ""1515"", ""1525"", ""1536"", ""1715"", ""840"", ""879"", ""880"", ""891"", ""902"", ""909"", ""941"", ""946"", ""965"", ""968"", ""976"", ""985"", ""988"", ""991"", ""999""]"
WUQUB'_KAQIX,Wuqub' Kaqix,deidad,christenson_english_prose,37,"[""10"", ""11"", ""12"", ""13"", ""14"", ""9""]"
WUQUB'_KAQIX,Wuqub' Kaqix,deidad,christenson_ximenez,39,"[""10"", ""11"", ""12"", ""13"", ""14"", ""15""]"
WUQUB'_KAQIX,Wuqub' Kaqix,deidad,colop,1,"[""6""]"
WUQUB'_KAQIX,Wuqub' Kaqix,deidad,recinos,2,"[""1.5.14"", ""1.6.0""]"
WUQUB'_KAQIX,Wuqub' Kaqix,deidad,tedlock,39,"[""1.176"", ""1.189"", ""1.190"", ""1.193"", ""1.196"", ""2.0"", ""2.14"", ""2.15"", ""2.18"", ""2.182"", ""2.21"", ""2.23"", ""2.245"", ""2.248"", ""2.25"", ""2.251"", ""2.26"", ""2.30"", ""2.315"", ""2.32"", ""2.33"", ""2.34"", ""2.35"", ""2.40"", ""2.44"", ""2.48"", ""2.50"", ""2.52"", ""2.53"", ""2.8"", ""2.84"", ""2.87"", ""2.9"", ""2.91"", ""2.92"", ""2.93"", ""2.95"", ""2.99""]"
WUQUB'_KAQIX,Wuqub' Kaqix,deidad,ximenez,39,"[""10"", ""11"", ""12"", ""13"", ""14"", ""9""]"
XA'N,Xa'n,animal,ajtzibab,6,"[""2398"", ""2399"", ""2671"", ""2678"", ""2679"", ""2761""]"
XA'N,Xa'n,animal,christenson,6,"[""3300"", ""3301"", ""3604"", ""3612"", ""3613"", ""3709""]"
XA'N,Xa'n,animal,christenson_english_prose,6,"[""26"", ""29""]"
XA'N,Xa'n,animal,christenson_ximenez,6,"[""28"", ""31""]"
XA'N,Xa'n,animal,colop,6,"[""18"", ""21""]"
XA'N,Xa'n,animal,recinos,3,"[""2.6.70"", ""2.8.6""]"
XA'N,Xa'n,animal,tedlock,6,"[""3.491"", ""3.611"", ""3.613"", ""3.614"", ""3.674""]"
XA'N,Xa'n,animal,ximenez,5,"[""27"", ""30""]"
XAJB'AKYEJ,Xajb'akyej,topónimo,ajtzibab,1,"[""5864""]"
XAJB'AKYEJ,Xajb'akyej,topónimo,colop,1,"[""42""]"
XAJBA'KYEJ,XAJBA'KYEJ,,christenson_english_prose,1,"[""76""]"
XAJBA'KYEJ,XAJBA'KYEJ,,christenson_ximenez,1,"[""83""]"
XAJBA'KYEJ,XAJBA'KYEJ,,recinos,1,"[""4.10.23""]"
XAJBA'KYEJ,XAJBA'KYEJ,,ximenez,1,"[""82""]"
XAJOJ_KUX,Xajoj Kux,danza,ajtzibab,1,"[""3365""]"
XAJOJ_KUX,Xajoj Kux,danza,christenson,1,"[""4379""]"
XAJOJ_KUX,Xajoj Kux,danza,christenson_english_prose,1,"[""36""]"
XAJOJ_KUX,Xajoj Kux,danza,christenson_ximenez,2,"[""38"", ""40""]"
XAJOJ_KUX,Xajoj Kux,danza,colop,1,"[""23""]"
XAJOJ_KUX,Xajoj Kux,danza,tedlock,1,"[""3.948""]"
XAJOJ_KUX,Xajoj Kux,danza,ximenez,2,"[""37"", ""39""]"
XAJOJ_PUJUY,Xajoj Pujuy,danza,ajtzibab,1,"[""3365""]"
XAJOJ_PUJUY,Xajoj Pujuy,danza,christenson,1,"[""4378""]"
XAJOJ_PUJUY,Xajoj Pujuy,danza,christenson_english_prose,1,"[""36""]"
XAJOJ_PUJUY,Xajoj Pujuy,danza,christenson_ximenez,2,"[""38"", ""40""]"
XAJOJ_PUJUY,Xajoj Pujuy,danza,colop,1,"[""23""]"
XAJOJ_PUJUY,Xajoj Pujuy,danza,ximenez,2,"[""37"", ""39""]"
XAYAB'AJ,Xayab'aj,topónimo,ajtzibab,1,"[""5867""]"
XAYAB'AJ,Xayab'aj,topónimo,colop,1,"[""42""]"
XAYAB'AJ,Xayab'aj,topónimo,recinos,1,"[""4.10.23""]"
XA_Q'ANA_JAL,Xa q'ana jal,grupo de deidades,christenson,1,"[""4931""]"
XA_Q'ANA_JAL,Xa q'ana jal,grupo de deidades,christenson_ximenez,50,"[""11"", ""42"", ""46"", ""47"", ""51"", ""54"", ""59"", ""61"", ""62"", ""64"", ""65"", ""66"", ""68"", ""69"", ""70"", ""71"", ""73"", ""88""]"
XA_Q'ANA_JAL,Xa q'ana jal,grupo de deidades,colop,1,"[""25""]"
XA_Q'ANA_JAL,Xa q'ana jal,grupo de deidades,ximenez,51,"[""10"", ""41"", ""45"", ""46"", ""50"", ""53"", ""58"", ""60"", ""61"", ""63"", ""64"", ""65"", ""67"", ""68"", ""69"", ""72"", ""87""]"
XB'ALAMQ'E,Xb'alamq'e,deidad,christenson_ximenez,3,"[""12"", ""16"", ""42""]"
XB'ALAMQ'E,Xb'alamq'e,deidad,ximenez,4,"[""11"", ""15"", ""30"", ""41""]"
XE'_B'ALAX,Xe' B'alax,topónimo,ajtzibab,1,"[""5929""]"
XE'_B'ALAX,Xe' B'alax,topónimo,christenson,1,"[""8186""]"
XE'_B'ALAX,Xe' B'alax,topónimo,christenson_english_prose,1,"[""76""]"
XE'_B'ALAX,Xe' B'alax,topónimo,christenson_ximenez,1,"[""84""]"
XE'_B'ALAX,Xe' B'alax,topónimo,colop,1,"[""42""]"
XE'_B'ALAX,Xe' B'alax,topónimo,recinos,1,"[""4.10.35""]"
XE'_B'ALAX,Xe' B'alax,topónimo,ximenez,1,"[""83""]"
XE'_K'A'MAQ,XE'_K'A'MAQ,,christenson_ximenez,1,"[""84""]"
XE'_K'A'MAQ,XE'_K'A'MAQ,,ximenez,1,"[""83""]"
XE'_X'A'MAQ,Xe' K'a'maq,topónimo,colop,1,"[""42""]"
XELAJUJ,Xelajuj,topónimo,ajtzibab,1,"[""5871""]"
XELAJUJ,Xelajuj,topónimo,christenson,1,"[""8104""]"
XELAJUJ,Xelajuj,topónimo,christenson_english_prose,2,"[""75"", ""76""]"
XELAJUJ,Xelajuj,topónimo,christenson_ximenez,2,"[""82"", ""83""]"
XELAJUJ,Xelajuj,topónimo,colop,1,"[""42""]"
XELAJUJ,Xelajuj,topónimo,ximenez,2,"[""81"", ""82""]"
XIB'ALB'A,Xib'alb'a,lugar,ajtzibab,87,"[""1214"", ""1218"", ""1230"", ""1248"", ""1280"", ""1287"", ""1333"", ""1391"", ""1421"", ""1427"", ""1455"", ""1465"", ""1469"", ""1473"", ""1476"", ""1500"", ""1526"", ""1563"", ""1568"", ""1573"", ""1788"", ""1819"", ""1951"", ""2333"", ""2475"", ""2611"", ""2658"", ""2664"", ""2668"", ""2765"", ""2806"", ""2809"", ""2852"", ""2859"", ""2863"", ""2867"", ""2869"", ""2872"", ""2874"", ""2876"", ""2890"", ""2900"", ""2904"", ""2907"", ""2912"", ""2920"", ""2924"", ""2929"", ""2936"", ""2959"", ""3001"", ""3005"", ""3027"", ""3040"", ""3069"", ""3081"", ""3130"", ""3221"", ""3224"", ""3231"", ""3238"", ""3249"", ""3250"", ""3260"", ""3262"", ""3276"", ""3311"", ""3337"", ""3345"", ""3357"", ""3363"", ""3373"", ""3379"", ""3382"", ""3456"", ""3545"", ""3574"", ""3590"", ""3599"", ""3615"", ""3659"", ""3661"", ""3686"", ""4169"", ""4173"", ""4176"", ""5732""]"
XIB'ALB'A,Xib'alb'a,lugar,christenson,89,"[""1793"", ""1802"", ""1821"", ""1848"", ""1894"", ""1907"", ""1944"", ""1961"", ""2035"", ""2077"", ""2105"", ""2120"", ""2126"", ""2131"", ""2135"", ""2166"", ""2199"", ""2249"", ""2255"", ""2260"", ""2498"", ""2537"", ""2721"", ""3221"", ""3371"", ""3373"", ""3375"", ""3385"", ""3406"", ""3528"", ""3583"", ""3594"", ""3716"", ""3753"", ""3755"", ""3803"", ""3805"", ""3807"", ""3809"", ""3811"", ""3813"", ""3815"", ""3832"", ""3842"", ""3844"", ""3846"", ""3851"", ""3859"", ""3862"", ""3872"", ""3877"", ""3904"", ""3963"", ""3967"", ""3991"", ""4004"", ""4035"", ""4050"", ""4101"", ""4200"", ""4204"", ""4214"", ""4222"", ""4232"", ""4250"", ""4252"", ""4268"", ""4312"", ""4347"", ""4357"", ""4368"", ""4376"", ""4386"", ""4392"", ""4397"", ""4492"", ""4604"", ""4638"", ""4660"", ""4674"", ""4700"", ""4769"", ""4771"", ""4806"", ""5563"", ""5577"", ""5581"", ""5586"", ""7896""]"
XIB'ALB'A,Xib'alb'a,lugar,christenson_english_prose,36,"[""16"", ""17"", ""19"", ""22"", ""23"", ""25"", ""27"", ""28"", ""29"", ""35"", ""39"", ""40"", ""51"", ""74""]"
XIB'ALB'A,Xib'alb'a,lugar,christenson_ximenez,74,"[""17"", ""18"", ""19"", ""22"", ""23"", ""27"", ""29"", ""30"", ""31"", ""32"", ""33"", ""34"", ""35"", ""36"", ""37"", ""38"", ""39"", ""40"", ""41"", ""42"", ""55"", ""81""]"
XIB'ALB'A,Xib'alb'a,lugar,colop,87,"[""11"", ""12"", ""13"", ""14"", ""15"", ""16"", ""17"", ""18"", ""20"", ""21"", ""22"", ""23"", ""24"", ""28"", ""41""]"
XIB'ALB'A,Xib'alb'a,lugar,tedlock,52,"[""3.1041"", ""3.1052"", ""3.1054"", ""3.1095"", ""3.1096"", ""3.110"", ""3.111"", ""3.119"", ""3.129"", ""3.150"", ""3.19"", ""3.21"", ""3.256"", ""3.27"", ""3.311"", ""3.34"", ""3.463"", ""3.48"", ""3.49"", ""3.527"", ""3.586"", ""3.607"", ""3.608"", ""3.610"", ""3.64"", ""3.702"", ""3.721"", ""3.725"", ""3.738"", ""3.739"", ""3.747"", ""3.756"", ""3.764"", ""3.767"", ""3.774"", ""3.80"", ""3.803"", ""3.810"", ""3.812"", ""3.888"", ""3.903"", ""3.904"", ""3.908"", ""3.91"", ""3.93"", ""3.945"", ""3.947"", ""3.952"", ""3.956"", ""4.192"", ""5.187""]"
XIB'ALB'A,Xib'alb'a,lugar,ximenez,71,"[""16"", ""17"", ""18"", ""21"", ""22"", ""26"", ""28"", ""29"", ""30"", ""31"", ""32"", ""33"", ""34"", ""35"", ""36"", ""37"", ""38"", ""39"", ""40"", ""41"", ""54"", ""80""]"
XIK,Xik,animal,ajtzibab,5,"[""1276"", ""1346"", ""2540"", ""2743"", ""2782""]"
XIK,Xik,animal,christenson,14,"[""1886"", ""1950"", ""1953"", ""1957"", ""1986"", ""3455"", ""3677"", ""3684"", ""3731"", ""3944"", ""5578"", ""5579"", ""6107"", ""882""]"
XIK,Xik,animal,christenson_english_prose,14,"[""16"", ""27"", ""28"", ""47""]"
XIK,Xik,animal,christenson_ximenez,1,"[""31""]"
XIK,Xik,animal,colop,5,"[""11"", ""12"", ""20"", ""21""]"
XIK,Xik,animal,tedlock,15,"[""3.18"", ""3.19"", ""3.550"", ""3.551"", ""3.553"", ""3.554"", ""3.555"", ""3.560"", ""3.562"", ""3.564"", ""3.566"", ""3.568"", ""3.569"", ""4.115""]"
XIK,Xik,animal,ximenez,1,"[""30""]"
XIKIRIPAT,Xikiripat,deidad,ajtzibab,4,"[""1238"", ""1344"", ""2700"", ""2706""]"
XIKIRIPAT,Xikiripat,deidad,christenson_english_prose,5,"[""16"", ""17"", ""29""]"
XIKIRIPAT,Xikiripat,deidad,christenson_ximenez,5,"[""17"", ""18"", ""31""]"
XIKIRIPAT,Xikiripat,deidad,colop,4,"[""12"", ""21""]"
XIKIRIPAT,Xikiripat,deidad,recinos,4,"[""2.1.25"", ""2.2.12"", ""2.8.19"", ""2.8.21""]"
XIKIRIPAT,Xikiripat,deidad,ximenez,5,"[""16"", ""17"", ""30""]"
XIKIRI_PAT,XIKIRI_PAT,,christenson_ximenez,1,"[""31""]"
XIKIRI_PAT,XIKIRI_PAT,,ximenez,1,"[""30""]"
XMUKANE,XMUKANE,,christenson_ximenez,2,"[""8""]"
XMUKANE,XMUKANE,,ximenez,3,"[""7""]"
XMUKUR,Xmukur,animal,ajtzibab,3,"[""2209"", ""2219"", ""2222""]"
XMUKUR,Xmukur,animal,christenson,3,"[""3070"", ""3080"", ""3083""]"
XMUKUR,Xmukur,animal,christenson_english_prose,3,"[""25""]"
XMUKUR,Xmukur,animal,christenson_ximenez,3,"[""27""]"
XMUKUR,Xmukur,animal,colop,3,"[""18""]"
XMUKUR,Xmukur,animal,ximenez,3,"[""26""]"
XOT,Xot,objeto,ajtzibab,1,"[""3605""]"
XOT,Xot,objeto,christenson,3,"[""4681"", ""736"", ""789""]"
XOT,Xot,objeto,christenson_english_prose,3,"[""40"", ""8""]"
XOT,Xot,objeto,christenson_ximenez,3,"[""42"", ""9""]"
XOT,Xot,objeto,colop,1,"[""24""]"
XOT,Xot,objeto,recinos,2,"[""1.3.13"", ""1.3.26""]"
XOT,Xot,objeto,tedlock,3,"[""1.144"", ""1.158"", ""3.1069""]"
XOT,Xot,objeto,ximenez,2,"[""41"", ""8""]"
XPIYAKOK,Xpiyakok,deidad,ajtzibab,13,"[""1177"", ""1180"", ""24"", ""26"", ""282"", ""286"", ""290"", ""298"", ""299"", ""3168"", ""321"", ""3866"", ""3994""]"
XPIYAKOK,Xpiyakok,deidad,christenson,14,"[""1734"", ""1740"", ""32"", ""33"", ""38"", ""4144"", ""497"", ""507"", ""5108"", ""515"", ""5319"", ""536"", ""539"", ""592""]"
XPIYAKOK,Xpiyakok,deidad,christenson_english_prose,9,"[""1"", ""16"", ""46"", ""47"", ""6"", ""7""]"
XPIYAKOK,Xpiyakok,deidad,christenson_ximenez,15,"[""17"", ""2"", ""35"", ""49"", ""50"", ""51"", ""7"", ""8""]"
XPIYAKOK,Xpiyakok,deidad,colop,15,"[""0"", ""11"", ""22"", ""26"", ""27"", ""3"", ""33"", ""4""]"
XPIYAKOK,Xpiyakok,deidad,recinos,1,"[""3.8.18""]"
XPIYAKOK,Xpiyakok,deidad,tedlock,10,"[""1.101"", ""1.107"", ""1.2"", ""1.96"", ""1.97"", ""1.99"", ""3.5"", ""3.6"", ""4.115"", ""4.59""]"
XPIYAKOK,Xpiyakok,deidad,ximenez,15,"[""1"", ""16"", ""34"", ""48"", ""49"", ""50"", ""6"", ""7""]"
XPURPUWEQ,Xpurpuweq,deidad,ajtzibab,2,"[""2970""]"
XPURPUWEQ,Xpurpuweq,deidad,christenson,2,"[""3917"", ""3918""]"
XPURPUWEQ,Xpurpuweq,deidad,christenson_english_prose,2,"[""29""]"
XPURPUWEQ,Xpurpuweq,deidad,christenson_ximenez,2,"[""31""]"
XPURPUWEQ,Xpurpuweq,deidad,colop,2,"[""22""]"
XPURPUWEQ,Xpurpuweq,deidad,ximenez,2,"[""30""]"
XTZUL,Xtzul,danza,ajtzibab,1,"[""3367""]"
XTZUL,Xtzul,danza,christenson,1,"[""4381""]"
XTZUL,Xtzul,danza,christenson_english_prose,1,"[""36""]"
XTZUL,Xtzul,danza,christenson_ximenez,1,"[""38""]"
XTZUL,Xtzul,danza,colop,1,"[""23""]"
XTZUL,Xtzul,danza,ximenez,1,"[""37""]"
XULU,Xulu,deidad,ajtzibab,3,"[""3265"", ""3281"", ""3342""]"
XULU,Xulu,deidad,christenson,4,"[""4134"", ""4256"", ""4275"", ""4352""]"
XULU,Xulu,deidad,christenson_english_prose,5,"[""19"", ""29"", ""35""]"
XULU,Xulu,deidad,christenson_ximenez,2,"[""37""]"
XULU,Xulu,deidad,colop,3,"[""23""]"
XULU,Xulu,deidad,tedlock,5,"[""3.80"", ""3.910"", ""3.918"", ""3.939""]"
XULU,Xulu,deidad,ximenez,2,"[""36""]"
XUXULIM_JA,Xuxulim Ja,lugar,ajtzibab,1,"[""1505""]"
XUXULIM_JA,Xuxulim Ja,lugar,christenson,1,"[""2170""]"
XUXULIM_JA,Xuxulim Ja,lugar,christenson_english_prose,1,"[""19""]"
XUXULIM_JA,Xuxulim Ja,lugar,christenson_ximenez,1,"[""19""]"
XUXULIM_JA,Xuxulim Ja,lugar,colop,1,"[""14""]"
XUXULIM_JA,Xuxulim Ja,lugar,ximenez,1,"[""18""]"
YA'XKANUL,Ya'xkanul,topónimo,christenson_english_prose,1,"[""10""]"
YA'XKANUL,Ya'xkanul,topónimo,christenson_ximenez,1,"[""11""]"
YA'XKANUL,Ya'xkanul,topónimo,recinos,1,"[""1.5.7""]"
YA'XKANUL,Ya'xkanul,topónimo,tedlock,1,"[""2.10""]"
YA'XKANUL,Ya'xkanul,topónimo,ximenez,1,"[""10""]"
YACHWACH,Yachwach,objeto,ajtzibab,1,"[""5136""]"
YACHWACH,Yachwach,objeto,christenson,4,"[""6971"", ""6981"", ""6984"", ""7025""]"
YACHWACH,Yachwach,objeto,christenson_ximenez,4,"[""68""]"
YACHWACH,Yachwach,objeto,colop,1,"[""34""]"
YACHWACH,Yachwach,objeto,ximenez,4,"[""67""]"
YAK,Yak,animal,ajtzibab,5,"[""2249"", ""2298"", ""3726"", ""4719"", ""4723""]"
YAK,Yak,animal,christenson,5,"[""3119"", ""3179"", ""4867"", ""6439"", ""6445""]"
YAK,Yak,animal,christenson_english_prose,4,"[""25"", ""57""]"
YAK,Yak,animal,christenson_ximenez,5,"[""27"", ""46"", ""62""]"
YAK,Yak,animal,colop,5,"[""18"", ""25"", ""30""]"
YAK,Yak,animal,recinos,4,"[""2.6.26"", ""2.6.41"", ""3.1.7""]"
YAK,Yak,animal,tedlock,5,"[""3.425"", ""3.446"", ""4.446"", ""4.448"", ""4.8""]"
YAK,Yak,animal,ximenez,5,"[""26"", ""45"", ""61""]"
YAKI,Yaki,linaje,ajtzibab,5,"[""4014"", ""4064"", ""4583"", ""4584"", ""4591""]"
YAKI,Yaki,linaje,christenson,5,"[""5354"", ""5440"", ""6218"", ""6220"", ""6231""]"
YAKI,Yaki,linaje,christenson_english_prose,7,"[""47"", ""50"", ""56"", ""82""]"
YAKI,Yaki,linaje,christenson_ximenez,5,"[""51"", ""54"", ""61""]"
YAKI,Yaki,linaje,colop,4,"[""28"", ""29""]"
YAKI,Yaki,linaje,recinos,2,"[""3.4.4"", ""3.9.14""]"
YAKI,Yaki,linaje,tedlock,7,"[""4.119"", ""4.140"", ""4.362"", ""4.390"", ""4.391"", ""4.392"", ""5.365""]"
YAKI,Yaki,linaje,ximenez,5,"[""50"", ""53"", ""60""]"
YAKOLATAM,Yakolatam,persona,ajtzibab,2,"[""5678"", ""6227""]"
YAKOLATAM,Yakolatam,persona,christenson,2,"[""7821"", ""8663""]"
YAKOLATAM,Yakolatam,persona,colop,1,"[""48""]"
YAKOLATAM,Yakolatam,persona,recinos,1,"[""4.12.58""]"
YAKOLATAM_UTZA'M_POP_SAQLATOL,Yakolatam Utza'm Pop Saqlatol,oficio,colop,1,"[""39""]"
YAKOLATAM_UTZA'M_POP_SAQLATOL,Yakolatam Utza'm Pop Saqlatol,oficio,ximenez,1,"[""77""]"
YOLKWAT_KITZALKWAT,Yolkwat Kitzalkwat,deidad,ajtzibab,1,"[""4585""]"
YOLKWAT_KITZALKWAT,Yolkwat Kitzalkwat,deidad,christenson_english_prose,1,"[""56""]"
YOLKWAT_KITZALKWAT,Yolkwat Kitzalkwat,deidad,colop,1,"[""29""]"
