entity_id,label,type,lang,form
ACHAQ'_IB'OY,Achaq' Ib'oy,persona,quc,ACHAQ' IB'OY
ACHAQ'_IB'OY,Achaq' Ib'oy,persona,eng,DROPPINGS
ACHAQ'_IB'OY,Achaq' Ib'oy,persona,eng,BACKSIDE
ACHAQ'_IB'OY,Achaq' Ib'oy,persona,eng,BUTTOCKS ARMADILLO
ACHAQ'_IB'OY,Achaq' Ib'oy,persona,spa,ACHAC YBOY
AJ,Aj,objeto,quc,AJ
AJ,Aj,objeto,eng,UNRIPE MAIZE
AJ,Aj,objeto,spa,VNA CAÑA
AJ_KAB'RAQAN,Aj Kab'raqan,linaje,quc,AJ KAB'RAQAN
AJ_KAB'RAQAN,Aj Kab'raqan,linaje,eng,THEY OF EARTHQUAKE
AJ_KAB'RAQAN,Aj Kab'raqan,linaje,spa,CABRACAN
AJACHE',Ajache',objeto,quc,AJACHE'
AJACHE',Ajache',objeto,eng,MATASANOS
AJACHE',Ajache',objeto,spa,MATASANOS
AJAL_MES,Ajal Mes,deidad,quc,AJAL MES
AJAL_MES,Ajal Mes,deidad,spa,AHALMEZ
AJAL_PUJ,Ajal Puj,deidad,quc,AJAL PUJ
AJAL_PUJ,Ajal Puj,deidad,spa,AHAL PUH
AJAL_Q'ANA,Ajal Q'ana,deidad,quc,AJAL Q'ANA
AJAL_Q'ANA,Ajal Q'ana,deidad,spa,AHAL ꜪANA
AJAL_TOQ'OB,Ajal Toq'ob,deidad,quc,AJAL TOQ'OB
AJAL_TOQ'OB,Ajal Toq'ob,deidad,spa,AHALTOCOB
AJAW_AJTZIK_WINAQ,Ajaw Ajtzik Winaq,oficio,quc,AJAW AJTZIK WINAQ
AJAW_AJTZIK_WINAQ,Ajaw Ajtzik Winaq,oficio,eng,LORD HERALD PERSON
AJAW_AJTZIK_WINAQ,Ajaw Ajtzik Winaq,oficio,spa,AHAU AHTZÍC VÍNAC
AJAW_AWILIX,Ajaw Awilix,oficio,quc,AJAW AWILIX
AJAW_AWILIX,Ajaw Awilix,oficio,eng,LORD AUILIX
AJAW_AWILIX,Ajaw Awilix,oficio,spa,AHAU AUÍLÍX
AJAW_JAQAWITZ,Ajaw Jaqawitz,persona,quc,AJAW JAQAWITZ
AJAW_JAQAWITZ,Ajaw Jaqawitz,persona,eng,LORD HACAVITZ
AJAW_JAQAWITZ,Ajaw Jaqawitz,persona,spa,AHAU HACAUÍTZ
AJAW_K'ICHE',Ajaw K'iche',linaje,quc,AJAW K'ICHE'
AJAW_K'ICHE',Ajaw K'iche',linaje,eng,AHAU QUICHÉS
AJAW_K'ICHE',Ajaw K'iche',linaje,spa,AHAU QUICHE
AJAW_K'OTUJA_NJONCE,Ajaw K'otuja (gen. 11),persona,quc,AJAW K'OTUJA (GEN. 11)
AJAW_K'OTUJA_NJONCE,Ajaw K'otuja (gen. 11),persona,quc,AJAW K'OTUJA NJONCE
AJAW_K'OTUJA_NJONCE,Ajaw K'otuja (gen. 11),persona,eng,LORD SWEATBATH
AJAW_K'OTUJA_NJONCE,Ajaw K'otuja (gen. 11),persona,spa,"AHAU COTUHA, DON CHRÍSTOUAL"
AJAW_LOLMET,Ajaw Lolmet,persona,quc,AJAW LOLMET
AJAW_LOLMET,Ajaw Lolmet,persona,eng,LORD EMISSARY
AJAW_LOLMET,Ajaw Lolmet,persona,spa,AHAU LOLMET
AJAW_NIM_CH'OKOJ,Ajaw Nim Ch'okoj,persona,quc,AJAW NIM CH'OKOJ
AJAW_NIM_CH'OKOJ,Ajaw Nim Ch'okoj,persona,eng,GREAT STEWARD LORD
AJAW_NIM_CH'OKOJ,Ajaw Nim Ch'okoj,persona,spa,AHAU NÍM CHOCOH
AJAW_Q'ALEL,Ajaw Q'alel,oficio,quc,AJAW Q'ALEL
AJAW_Q'ALEL,Ajaw Q'alel,oficio,eng,LORD MAGISTRATE
AJAW_Q'ALEL,Ajaw Q'alel,oficio,spa,AHAU ꜪALEL
AJAW_Q'ALEL_NJDOCE,Ajaw Q'alel (gen. 12),persona,quc,AJAW Q'ALEL (GEN. 12)
AJAW_Q'ALEL_NJDOCE,Ajaw Q'alel (gen. 12),persona,quc,AJAW Q'ALEL NJDOCE
AJAW_Q'ALEL_NJDOCE,Ajaw Q'alel (gen. 12),persona,spa,"DON PO DE ROBLES, ES EL"
AJAW_Q'ALEL_K'AMJA,Ajaw Q'alel K'amja,oficio,quc,AJAW Q'ALEL K'AMJA
AJAW_Q'ALEL_K'AMJA,Ajaw Q'alel K'amja,oficio,eng,MAGISTRATE RECEPTION HOUSE
AJAW_Q'ALEL_K'AMJA,Ajaw Q'alel K'amja,oficio,spa,AHAU ꜪALEL CAMHA
AJB'ATENA_JA,Ajb'atena Ja,linaje,quc,AJB'ATENA JA
AJB'ATENA_JA,Ajb'atena Ja,linaje,eng,THEY OF THE BALLGAME YOKE HOUSE
AJB'ATENA_JA,Ajb'atena Ja,linaje,spa,AH BATENAB
AJB'IS,Ajb'is,deidad,quc,AJB'IS
AJB'IS,Ajb'is,deidad,eng,WRETCH
AJB'IS,Ajb'is,deidad,spa,LOS TRÍSTES
AJB'IX,Ajb'ix,oficio,quc,AJB'IX
AJB'IX,Ajb'ix,oficio,eng,SINGERS
AJB'IX,Ajb'ix,oficio,spa,CANTAR
AJCH'UMILA_JA,Ajch'umila Ja,linaje,quc,AJCH'UMILA JA
AJCH'UMILA_JA,Ajch'umila Ja,linaje,eng,THEY OF THE STAR HOUSE
AJCH'UMILA_JA,Ajch'umila Ja,linaje,spa,AHCHAMÍLA
AJCH'UT,Ajch'ut,deidad,quc,AJCH'UT
AJCH'UT,Ajch'ut,deidad,eng,SCULPTOR
AJCH'UT,Ajch'ut,deidad,spa,EL DE LA TABLA
AJK'OT,Ajk'ot,oficio,quc,AJK'OT
AJK'OT,Ajk'ot,oficio,eng,CARVERS
AJK'OT,Ajk'ot,oficio,spa,ENTALLAR
AJK'UWAL,Ajk'uwal,deidad,quc,AJK'UWAL
AJK'UWAL,Ajk'uwal,deidad,eng,JEWELER
AJK'UWAL,Ajk'uwal,deidad,spa,EL DE LOS CHALCHÍGUÍTES
AJKIB'A_JA,Ajkib'a Ja,linaje,quc,AJKIB'A JA
AJKIB'A_JA,Ajkib'a Ja,linaje,eng,THEY OF THE CLEVER HOUSE
AJKIB'A_JA,Ajkib'a Ja,linaje,spa,AHQUÍBAHA
AJLAB'AL,Ajlab'al,deidad,quc,AJLAB'AL
AJLAB'AL,Ajlab'al,deidad,eng,MALEVOLENT
AJLAB'AL,Ajlab'al,deidad,spa,PECCADORES
AJLATZAB',Ajlatzab',deidad,quc,AJLATZAB'
AJLATZAB',Ajlatzab',deidad,eng,MASTERS OF HARM
AJLATZAB',Ajlatzab',deidad,spa,LOS OPRÍMÍDORES
AJMAK,Ajmak,deidad,quc,AJMAK
AJMAK,Ajmak,deidad,eng,THE SINNER
AJMAK,Ajmak,deidad,spa,LOS MALOS
AJMOKEN,Ajmoken,deidad,quc,AJMOKEN
AJMOKEN,Ajmoken,deidad,eng,MOLESTER
AJMOKEN,Ajmoken,deidad,spa,LOS DESVENTURADOS
AJMOX_WACH,Ajmox wach,deidad,quc,AJMOX WACH
AJMOX_WACH,Ajmox wach,deidad,eng,MASTERS OF VEXATION
AJMOX_WACH,Ajmox wach,deidad,spa,"TRAÍDORES, ÍMBÍDÍOSOS"
AJMUQULIK_K'U'X,Ajmuqulik K'u'x,deidad,quc,AJMUQULIK K'U'X
AJMUQULIK_K'U'X,Ajmuqulik K'u'x,deidad,eng,MASTERS OF DECEPTION
AJMUQULIK_K'U'X,Ajmuqulik K'u'x,deidad,spa,DOBLADO CORAZON
AJPATAN,Ajpatan,persona,quc,AJPATAN
AJPATAN,Ajpatan,persona,eng,SHE OF THE PACK STRAP
AJPATAN,Ajpatan,persona,spa,SOR. PATAN
AJPOP,Ajpop,oficio,quc,AJPOP
AJPOP,Ajpop,oficio,eng,HE OF THE MAT
AJPOP,Ajpop,oficio,spa,SEÑORES DE TRONO
AJPOP_K'AMJA,Ajpop K'amja,oficio,quc,AJPOP K'AMJA
AJPOP_K'AMJA,Ajpop K'amja,oficio,eng,HE OF THE MAT RECEPTION HOUSE
AJPOP_K'AMJA,Ajpop K'amja,oficio,spa,SEÑORES DE ALFOMBRA
AJPOP_SOTZ'IL,Ajpop Sotz'il,linaje,quc,AJPOP SOTZ'IL
AJPOP_SOTZ'IL,Ajpop Sotz'il,linaje,eng,BAT LORDS
AJPOP_SOTZ'IL,Ajpop Sotz'il,linaje,spa,AHPOZOTZÍL
AJPOP_XAJIL,Ajpop Xajil,linaje,quc,AJPOP XAJIL
AJPOP_XAJIL,Ajpop Xajil,linaje,eng,DANCE LORDS
AJPOP_XAJIL,Ajpop Xajil,linaje,spa,AHPOXA
AJPU,Ajpu,oficio,quc,AJPU
AJPUWAQ,Ajpuwaq,oficio,quc,AJPUWAQ
AJPUWAQ,Ajpuwaq,oficio,eng,PRECIOUS METALSMITHS
AJPUWAQ,Ajpuwaq,oficio,spa,PLATEROS
AJQ'OL,Ajq'ol,deidad,quc,AJQ'OL
AJQ'OL,Ajq'ol,deidad,eng,INCENSE MAKER
AJQ'OL,Ajq'ol,deidad,spa,---
AJQ'UKUMATZ,Ajq'ukumatz,oficio,quc,AJQ'UKUMATZ
AJQ'UKUMATZ,Ajq'ukumatz,oficio,eng,HE OF CUCUMATZ
AJQ'UKUMATZ,Ajq'ukumatz,oficio,spa,AHCUCUMATZ
AJRAXA_LAQ,Ajraxa Laq,deidad,quc,AJRAXA LAQ
AJRAXA_LAQ,Ajraxa Laq,deidad,eng,CREATOR OF THE GREEN EARTH
AJRAXA_LAQ,Ajraxa Laq,deidad,spa,EL DE EL VERDE CAGETE
AJRAXA_TZEL,Ajraxa Tzel,deidad,quc,AJRAXA TZEL
AJRAXA_TZEL,Ajraxa Tzel,deidad,eng,CREATOR OF THE BLUE SKY
AJRAXA_TZEL,Ajraxa Tzel,deidad,spa,EL DE LA VERDE HÍCARA
AJTOJIL,Ajtojil,oficio,quc,AJTOJIL
AJTOJIL,Ajtojil,oficio,eng,HE OF TOJIL
AJTOJIL,Ajtojil,oficio,spa,AHTOHÍL
AJTOLTEKAT,Ajtoltekat,deidad,quc,AJTOLTEKAT
AJTOLTEKAT,Ajtoltekat,deidad,eng,MASTER ARTIST
AJTOLTEKAT,Ajtoltekat,deidad,spa,EL DE EL TOLTECAT
AJTUKUR,Ajtukur,deidad,quc,AJTUKUR
AJTUKUR,Ajtukur,deidad,eng,OWL MASTERS
AJTUKUR,Ajtukur,deidad,spa,ESTOS ENEMIGOS TECOLOTES
AJTZ'ALAM,Ajtz'alam,deidad,quc,AJTZ'ALAM
AJTZ'ALAM,Ajtz'alam,deidad,eng,WOOD WORKER
AJTZ'ALAM,Ajtz'alam,deidad,spa,O TRONO
AJTZ'IB',Ajtz'ib',oficio,quc,AJTZ'IB'
AJTZ'IB',Ajtz'ib',oficio,eng,WRITERS
AJTZ'IB',Ajtz'ib',oficio,spa,PINTORES
AJTZ'IKINA_JA,Ajtz'ikina Ja,linaje,quc,AJTZ'IKINA JA
AJTZ'IKINA_JA,Ajtz'ikina Ja,linaje,eng,THEY OF THE BIRD HOUSE
AJTZ'IKINA_JA,Ajtz'ikina Ja,linaje,spa,"AH Q,ÍQUÍNAHA"
AJTZA,Ajtza,deidad,quc,AJTZA
AJTZA,Ajtza,deidad,eng,STRIFE MAKERS
AJTZA,Ajtza,deidad,spa,MALES
AJTZIK_WINAQ,Ajtzik Winaq,oficio,quc,AJTZIK WINAQ
AJTZIK_WINAQ,Ajtzik Winaq,oficio,eng,HERALD PERSON
AJTZIK_WINAQ,Ajtzik Winaq,oficio,spa,AHTZÍC VÍNAC
AJTZIK_WINAQ_AJAW,Ajtzik Winaq Ajaw,persona,quc,AJTZIK WINAQ AJAW
AJTZIK_WINAQ_AJAW,Ajtzik Winaq Ajaw,persona,eng,HERALD PERSON LORD
AJTZIK_WINAQ_AJAW,Ajtzik Winaq Ajaw,persona,spa,AH ꜨÍC VÍNAC
AJXIT,Ajxit,oficio,quc,AJXIT
AJXIT,Ajxit,oficio,eng,JADE WORKERS
AJXIT,Ajxit,oficio,spa,LABRAR PIEDRAS PRECIOSAS
AJYAMANIK,Ajyamanik,deidad,quc,AJYAMANIK
AJYAMANIK,Ajyamanik,deidad,eng,WORKER IN PRECIOUS STONES
AJYAMANIK,Ajyamanik,deidad,spa,EL DE EL TORÍRON
AKUL_WINAQ,Akul Winaq,linaje,quc,AKUL WINAQ
AKUL_WINAQ,Akul Winaq,linaje,eng,ACUL PEOPLE
AKUL_WINAQ,Akul Winaq,linaje,spa,ACUL VÍNAC
ALOM,Alom,deidad,quc,ALOM
ALOM,Alom,deidad,spa,ALOM
MONTENEGRO,Alonso de la Peña Montenegro,persona,quc,ALONSO DE LA PEÑA MONTENEGRO
MONTENEGRO,Alonso de la Peña Montenegro,persona,quc,MONTENEGRO
MONTENEGRO,Alonso de la Peña Montenegro,persona,spa,EL ÍLLMO. SOR. MONTENEGRO
AMAQ'_TAM,Amaq' Tam,linaje,quc,AMAQ' TAM
AMAQ'_TAM,Amaq' Tam,linaje,eng,AMAC TAN
AMAQ'_TAM,Amaq' Tam,linaje,spa,PUEBLO QUE SE LLAMA DAN
AMAQ'_TAM,Amaq' Tam,topónimo,eng,NATION OF THE TAMUB
AMAQ'_TAM,Amaq' Tam,topónimo,spa,AMACTAN
AMAQ'_UQ'IN_K'AT,Amaq' Uq'in k'at,topónimo,quc,AMAQ' UQ'IN K'AT
AMAQ'_UQ'IN_K'AT,Amaq' Uq'in k'at,topónimo,eng,NATION ITS FRAME NET
AMAQ'_UQ'IN_K'AT,Amaq' Uq'in k'at,topónimo,spa,SU ÍDOLO
REMESAL,Antonio de Remesal,persona,quc,ANTONIO DE REMESAL
REMESAL,Antonio de Remesal,persona,quc,REMESAL
REMESAL,Antonio de Remesal,persona,spa,M.R.P. REMESAL
SANTIAGO,Apóstol Santiago,persona,quc,APÓSTOL SANTIAGO
SANTIAGO,Apóstol Santiago,persona,quc,SANTIAGO
SANTIAGO,Apóstol Santiago,persona,spa,"APOSTOL SANTÍAGO, APOSTOL"
AQ,Aq,animal,quc,AQ
AQ,Aq,animal,eng,PECCARY
AQ,Aq,animal,spa,EL PUERCO
AQAJ,Aqaj,animal,quc,AQAJ
AQAJ,Aqaj,animal,eng,BEE LARVAE
AQAJ,Aqaj,animal,spa,PANALES
ASTAPULUL,Astapulul,objeto,quc,ASTAPULUL
ASTAPULUL,Astapulul,objeto,eng,SNOWY EGRET FEATHERS
ASTAPULUL,Astapulul,objeto,spa,AZTAPOLUL
AWILIX,Awilix,deidad,quc,AWILIX
AWILIX,Awilix,deidad,spa,AUÍLÍX
B'ALAM,B'alam,animal,quc,B'ALAM
B'ALAM,B'alam,animal,eng,JAGUAR
B'ALAM,B'alam,animal,spa,EL TÍGRE
B'ALAM_AQ'AB',B'alam Aq'ab',persona,quc,B'ALAM AQ'AB'
B'ALAM_AQ'AB',B'alam Aq'ab',persona,eng,JAGUAR NIGHT
B'ALAM_AQ'AB',B'alam Aq'ab',persona,eng,MIGHTY JAGUAR
B'ALAM_AQ'AB',B'alam Aq'ab',persona,spa,BALAM ACAB
B'ALAM_JA',B'alam Ja',linaje,quc,B'ALAM JA'
B'ALAM_JA',B'alam Ja',linaje,eng,JAGUAR HOUSE
B'ALAM_JA',B'alam Ja',linaje,spa,BALAMÍJA
B'ALAM_JA',B'alam Ja',lugar,spa,CASA DE LEON TÍGRES
B'ALAM_K'ONACHE'_KQTRES,B'alam K'onache' (gen. 3),persona,quc,B'ALAM K'ONACHE' (GEN. 3)
B'ALAM_K'ONACHE'_KQTRES,B'alam K'onache' (gen. 3),persona,quc,B'ALAM K'ONACHE' KQTRES
B'ALAM_K'ONACHE'_KQTRES,B'alam K'onache' (gen. 3),persona,eng,BALAM CO NACHE
B'ALAM_K'ONACHE'_KQTRES,B'alam K'onache' (gen. 3),persona,spa,"CONACHE, BALAM CONACHE"
B'ALAM_KI'TZE',B'alam Ki'tze',persona,quc,B'ALAM KI'TZE'
B'ALAM_KI'TZE',B'alam Ki'tze',persona,eng,B'ALAM QUITZE
B'ALAM_KI'TZE',B'alam Ki'tze',persona,spa,BALAM QUÍTZE
B'ALAM_KOLOB',B'alam Kolob',linaje,quc,B'ALAM KOLOB'
B'ALAM_KOLOB',B'alam Kolob',linaje,eng,JAGUAR ROPE
B'ALAM_KOLOB',B'alam Kolob',linaje,spa,BALAM COLOB
B'AQ,B'aq,objeto,quc,B'AQ
B'AQ,B'aq,objeto,eng,TWIST DRILL
B'AQ,B'aq,objeto,spa,SACOEL FUEGO
B'AQ_HUESO,B'aq Hueso,objeto,quc,B'AQ HUESO
B'AQ_HUESO,B'aq Hueso,objeto,eng,BONE
B'AQ_HUESO,B'aq Hueso,objeto,spa,HUESO
B'ATE,B'ate,objeto,quc,B'ATE
B'ATE,B'ate,objeto,eng,YOKE
B'ATE,B'ate,objeto,spa,EL BATE
B'ATZ'A_NJSEIS,B'atz'a (gen. 6),persona,quc,B'ATZ'A (GEN. 6)
B'ATZ'A_NJSEIS,B'atz'a (gen. 6),persona,quc,B'ATZ'A NJSEIS
B'ATZ'A_NJSEIS,B'atz'a (gen. 6),persona,eng,THREAD
B'ATZ'A_NJSEIS,B'atz'a (gen. 6),persona,eng,HOWLER MONKEY
B'ATZ'A_NJSEIS,B'atz'a (gen. 6),persona,spa,BATZA
B'ELEJEB'_KEJ,B'elejeb' Kej,persona,quc,B'ELEJEB' KEJ
B'ELEJEB'_KEJ,B'elejeb' Kej,persona,eng,NINE DEER
B'ELEJEB'_KEJ,B'elejeb' Kej,persona,spa,BELEHEB QUÍH
B'ELEJEB'_KEJ_NJCUATRO,B'elejeb' Kej (gen. 4),persona,quc,B'ELEJEB' KEJ (GEN. 4)
B'ELEJEB'_KEJ_NJCUATRO,B'elejeb' Kej (gen. 4),persona,quc,B'ELEJEB' KEJ NJCUATRO
B'ELEJEB'_KEJ_NJCUATRO,B'elejeb' Kej (gen. 4),persona,eng,NINE DEER
B'ELEJEB'_KEJ_NJCUATRO,B'elejeb' Kej (gen. 4),persona,spa,BELEHEB QUEH
B'ELEJEB'_KEJ_NJNUEVE,B'elejeb' Kej (gen. 9),persona,quc,B'ELEJEB' KEJ (GEN. 9)
B'ELEJEB'_KEJ_NJNUEVE,B'elejeb' Kej (gen. 9),persona,quc,B'ELEJEB' KEJ NJNUEVE
B'ELEJEB'_KEJ_NJNUEVE,B'elejeb' Kej (gen. 9),persona,eng,NINE DEER
B'ELEJEB'_KEJ_NJNUEVE,B'elejeb' Kej (gen. 9),persona,spa,BELEHEB QUÍH
B'ITOL,B'itol,deidad,quc,B'ITOL
B'ITOL,B'itol,deidad,eng,SHAPER
B'ITOL,B'itol,deidad,spa,BITOL
B'IX,B'ix,lugar,quc,B'IX
B'IX,B'ix,lugar,eng,MAIZEFIELD
B'IX,B'ix,lugar,spa,MÍLPA
B'OJ,B'oj,objeto,quc,B'OJ
B'OJ,B'oj,objeto,eng,POTS
B'OJ,B'oj,objeto,spa,"CAXETES, OLLAS"
B'OQOTAJINAQ_SANAYEB',B'oqotajinaq Sanayeb',lugar,quc,B'OQOTAJINAQ SANAYEB'
B'OQOTAJINAQ_SANAYEB',B'oqotajinaq Sanayeb',lugar,eng,PILED UP SAND
B'OQOTAJINAQ_SANAYEB',B'oqotajinaq Sanayeb',lugar,spa,LAS ARENAS
LAS_CASAS,Bartolomé de las Casas,persona,quc,BARTOLOMÉ DE LAS CASAS
LAS_CASAS,Bartolomé de las Casas,persona,quc,LAS CASAS
LAS_CASAS,Bartolomé de las Casas,persona,eng,FRAY BARTOLOMÉ DE LAS CASAS
LAS_CASAS,Bartolomé de las Casas,persona,spa,ÍLLMO Y NMO SOR D. FR. BARTOLOME DE LAS CASAS
B'ELEJEB'_TZI_KQDOCE,Belejeb Tz'i' (gen. 12),persona,quc,BELEJEB TZ'I' (GEN. 12)
B'ELEJEB'_TZI_KQDOCE,Belejeb Tz'i' (gen. 12),persona,quc,B'ELEJEB' TZI KQDOCE
B'ELEJEB'_TZI_KQDOCE,Belejeb Tz'i' (gen. 12),persona,eng,NINE DOG
B'ELEJEB'_TZI_KQDOCE,Belejeb Tz'i' (gen. 12),persona,spa,BELEHEB QÍ
CARLOS_V,Carlos V,persona,quc,CARLOS V
CARLOS_V,Carlos V,persona,spa,EL EMPERADOR CARLOS QUÍNTO
CH'AB'I_TUKUR,Ch'ab'i Tukur,deidad,quc,CH'AB'I TUKUR
CH'AB'I_TUKUR,Ch'ab'i Tukur,deidad,eng,ARROW OWL
CH'AB'I_TUKUR,Ch'ab'i Tukur,deidad,spa,SAETA TECOLOTE
CH'ABI_Q'AQ',Ch'ab'iq'aq',topónimo,quc,CH'AB'IQ'AQ'
CH'ABI_Q'AQ',Ch'ab'iq'aq',topónimo,quc,CH'ABI Q'AQ'
CH'ABI_Q'AQ',Ch'ab'iq'aq',topónimo,eng,ARROW FIRE
CH'ABI_Q'AQ',Ch'ab'iq'aq',topónimo,spa,CHABÍCAC
CH'AMIYA_B'AQ,Ch'amiya B'aq,deidad,quc,CH'AMIYA B'AQ
CH'AMIYA_B'AQ,Ch'amiya B'aq,deidad,eng,STAFF BONE
CH'AMIYA_B'AQ,Ch'amiya B'aq,deidad,spa,CHAMIA BAC
CH'AMIYA_JOLOM,Ch'amiya Jolom,deidad,quc,CH'AMIYA JOLOM
CH'AMIYA_JOLOM,Ch'amiya Jolom,deidad,eng,SKULL STAFF
CH'AMIYA_JOLOM,Ch'amiya Jolom,deidad,spa,CHAMÍA HOLOM
CH'ATAM_ULEW,Ch'atam Ulew,lugar,quc,CH'ATAM ULEW
CH'ATAM_ULEW,Ch'atam Ulew,lugar,eng,LEVELED EARTH
CH'ATAM_ULEW,Ch'atam Ulew,lugar,spa,"CHATAM ULEU, TÍERRA HECHA CAMA"
CH'IPI_KAQULJA,Ch'ipi Kaqulja,deidad,quc,CH'IPI KAQULJA
CH'IPI_KAQULJA,Ch'ipi Kaqulja,deidad,eng,YOUNGEST THUNDERBOLT
CH'IPI_KAQULJA,Ch'ipi Kaqulja,deidad,spa,CHÍPA CACULHA
CH'IPI_NANAWAK,Ch'ipi Nanawak,deidad,quc,CH'IPI NANAWAK
CH'IPI_NANAWAK,Ch'ipi Nanawak,deidad,eng,YOUNGEST NANAVAC
CH'IPI_NANAWAK,Ch'ipi Nanawak,deidad,spa,CHÍPÍNA NAVAC
CH'ITIK,Ch'itik,danza,quc,CH'ITIK
CH'ITIK,Ch'itik,danza,eng,THE INJURY
CH'ITIK,Ch'itik,danza,spa,DE CHITÍC
CH'O,Ch'o,animal,quc,CH'O
CH'O,Ch'o,animal,eng,RAT
CH'O,Ch'o,animal,spa,EL RATÓN
CH'U'J_KAQ_CHE',Ch'u'j Kaq Che',objeto,quc,CH'U'J KAQ CHE'
CH'U'J_KAQ_CHE',Ch'u'j Kaq Che',objeto,eng,SACRIFICE RED TREE
CH'U'J_KAQ_CHE',Ch'u'j Kaq Che',objeto,spa,PALO COLORADO
CHAAJ,Chaaj,objeto,quc,CHAAJ
CHAAJ,Chaaj,objeto,eng,BALL GAME
CHAAJ,Chaaj,objeto,eng,BALL
CHAAJ,Chaaj,objeto,spa,JUGAR A LA PELOTA
CHAJAL_ECHA',Chajal echa',grupo de deidades,quc,CHAJAL ECHA'
CHAJAL_ECHA',Chajal echa',grupo de deidades,eng,GUARDIANS OF THE FOOD
CHAJAL_ECHA',Chajal echa',grupo de deidades,spa,AL Q' GUARDA EL BASTÍMENTO
CHAMALKAN,Chamalkan,deidad,quc,CHAMALKAN
CHAMALKAN,Chamalkan,deidad,eng,CHAMAL CAN
CHAMALKAN,Chamalkan,deidad,spa,CHAMALCAN
CHAMCHAM,Chamcham,objeto,quc,CHAMCHAM
CHAMCHAM,Chamcham,objeto,eng,DRUM
CHAMCHAM,Chamcham,objeto,spa,CHAM CHAM
CHAYIM_JA,Chayim Ja,topónimo,quc,CHAYIM JA
CHAYIM_JA,Chayim Ja,topónimo,eng,BLADE HOUSE
CHAYIM_JA,Chayim Ja,topónimo,eng,RAZOR HOUSE
CHAYIM_JA,Chayim Ja,topónimo,spa,CASA DE NAVAJAS
CHE',Che',objeto,quc,CHE'
CHE',Che',objeto,eng,TREE
CHE',Che',objeto,spa,ARBOL
CHI_CHAQ',Chi Chaq',topónimo,quc,CHI CHAQ'
CHI_CHAQ',Chi Chaq',topónimo,eng,WOUND
CHI_CHAQ',Chi Chaq',topónimo,eng,THORN PLACE
CHI_CHAQ',Chi Chaq',topónimo,spa,CHÍCHAT
CHI_ISMACHI',Chi Ismachi',topónimo,quc,CHI ISMACHI'
CHI_ISMACHI',Chi Ismachi',topónimo,eng,CHI IZMACHI
CHI_ISMACHI',Chi Ismachi',topónimo,spa,"CHÍ ÍZMACHÍ, ÍZMACHÍ"
CHI_JUNAJPU,Chi Junajpu,topónimo,quc,CHI JUNAJPU
CHI_JUNAJPU,Chi Junajpu,topónimo,eng,HUNAHPU PLACE
CHI_JUNAJPU,Chi Junajpu,topónimo,spa,CHÍ HUN AHPU
CHI_K'IX,Chi K'ix,topónimo,quc,CHI K'IX
CHI_K'IX,Chi K'ix,topónimo,eng,THORNY PLACE
CHI_K'IX,Chi K'ix,topónimo,spa,QUIX
CHI_PIXAB',Chi Pixab',topónimo,quc,CHI PIXAB'
CHI_PIXAB',Chi Pixab',topónimo,eng,PLACE OF COUNSEL OR INSTRUCTION
CHI_PIXAB',Chi Pixab',topónimo,spa,ÇERRO DE EL MANDARO
CHI_Q'AQ',Chi q'aq',topónimo,quc,CHI Q'AQ'
CHI_Q'AQ',Chi q'aq',topónimo,eng,CHIGAG (MOUTH FIRE
CHI_Q'AQ',Chi q'aq',topónimo,eng,VOLCANO OF FIRE)
CHI_Q'AQ',Chi q'aq',topónimo,spa,EL ZERRO
CHI_RATINIB'AL_TOJIL,Chi Ratinib'al Tojil,topónimo,quc,CHI RATINIB'AL TOJIL
CHI_RATINIB'AL_TOJIL,Chi Ratinib'al Tojil,topónimo,eng,BATH OF TOHIL
CHI_RATINIB'AL_TOJIL,Chi Ratinib'al Tojil,topónimo,spa,BAÑO DE EL TOHÍL
CHICHICASTENANGO,Chichicastenango,lugar,quc,CHICHICASTENANGO
CHICHICASTENANGO,Chichicastenango,lugar,eng,SANTO TOMÁS CHICHICASTENANGO
CHICHICASTENANGO,Chichicastenango,lugar,spa,EL REAL PATRONATO DEL PUEBLO DE STO. THOMAS CHÍCHÍCASTENANGO
CHILAM_B'ALAM,Chilam B'alam,objeto,quc,CHILAM B'ALAM
CHIMALMAT,Chimalmat,deidad,quc,CHIMALMAT
CHIMALMAT,Chimalmat,deidad,spa,CHIMALMAT
CHITEMAJ,Chitemaj,topónimo,quc,CHITEMAJ
CHITEMAJ,Chitemaj,topónimo,eng,AT THE TILT
CHITEMAJ,Chitemaj,topónimo,eng,SLOPE
CHITEMAJ,Chitemaj,topónimo,spa,CHÍTEMAH
CHIYOM,Chiyom,objeto,quc,CHIYOM
CHIYOM,Chiyom,objeto,eng,MACAW FEATHERS
CHIYOM,Chiyom,objeto,spa,CHÍYOM
CHOLOCHIK_AB'AJ,Cholochik Ab'aj,lugar,quc,CHOLOCHIK AB'AJ
CHOLOCHIK_AB'AJ,Cholochik Ab'aj,lugar,eng,LINED UP STONES
CHOLOCHIK_AB'AJ,Cholochik Ab'aj,lugar,spa,PÍEDRAS EN RÍNGLERA
CHOMI_JA',Chomi Ja',persona,quc,CHOMI JA'
CHOMI_JA',Chomi Ja',persona,eng,SHRIMP HOUSE
CHOMI_JA',Chomi Ja',persona,spa,CHUMÍHA
CHULIMAL,Chulimal,topónimo,quc,CHULIMAL
CHULIMAL,Chulimal,topónimo,eng,THEY OF THE STARS
CHULIMAL,Chulimal,topónimo,spa,"CHULIMAL, CHULÍMÁN"
CHUQ'ANAL,Chuq'anal,evento,quc,CHUQ'ANAL
CHUQ'ANAL,Chuq'anal,evento,eng,BECOMES YELLOW WITH JAUNDICE
CHUQ'ANAL,Chuq'anal,evento,spa,CHUEANAL
CHUWA_TZ'AQ,Chuwa Tz'aq,topónimo,quc,CHUWA TZ'AQ
CHUWA_TZ'AQ,Chuwa Tz'aq,topónimo,eng,BEFORE WALL
CHUWA_TZ'AQ,Chuwa Tz'aq,topónimo,eng,ALTAR
CHUWA_TZ'AQ,Chuwa Tz'aq,topónimo,spa,GUATTA
CHUWI'_MEQ'ENA',Chuwi' Meq'ena',topónimo,quc,CHUWI' MEQ'ENA'
CHUWI'_MEQ'ENA',Chuwi' Meq'ena',topónimo,eng,ABOVE HOT WATER
CHUWI'_MEQ'ENA',Chuwi' Meq'ena',topónimo,spa,"HUHUNÍCAPA, LOS DE TUTUNÍCAPA"
LANDA,Diego de Landa,persona,quc,DIEGO DE LANDA
LANDA,Diego de Landa,persona,quc,LANDA
DIOS,Dios,deidad,quc,DIOS
DIOS,Dios,deidad,eng,GOD
DIOS,Dios,deidad,spa,DÍOS
DOMINGO,Domingo,persona,quc,DOMINGO
DOMINGO,Domingo,persona,spa,DOMGO
DON_CRISTÓBAL_NJDOCE,Don Cristóbal (gen. 12),persona,quc,DON CRISTÓBAL (GEN. 12)
DON_CRISTÓBAL_NJDOCE,Don Cristóbal (gen. 12),persona,quc,DON CRISTÓBAL NJDOCE
DON_CRISTÓBAL_NJDOCE,Don Cristóbal (gen. 12),persona,eng,DON CHRISTOVAL
DON_CRISTÓBAL_NJDOCE,Don Cristóbal (gen. 12),persona,spa,DON CHRÍSTOUAL
DON_JUAN_CORTES_KQCATORCE,Don Juan Cortes (gen. 14),persona,quc,DON JUAN CORTES (GEN. 14)
DON_JUAN_CORTES_KQCATORCE,Don Juan Cortes (gen. 14),persona,quc,DON JUAN CORTES KQCATORCE
DON_JUAN_CORTES_KQCATORCE,Don Juan Cortes (gen. 14),persona,eng,DON JUAN CORTES
DON_JUAN_CORTES_KQCATORCE,Don Juan Cortes (gen. 14),persona,spa,D. JO CORTES
DON_JUAN_DE_ROJAS_KQCATORCE,Don Juan de Rojas (gen. 14),persona,quc,DON JUAN DE ROJAS (GEN. 14)
DON_JUAN_DE_ROJAS_KQCATORCE,Don Juan de Rojas (gen. 14),persona,quc,DON JUAN DE ROJAS KQCATORCE
DON_JUAN_DE_ROJAS_KQCATORCE,Don Juan de Rojas (gen. 14),persona,eng,DON JUAN DE ROJAS
DON_JUAN_DE_ROJAS_KQCATORCE,Don Juan de Rojas (gen. 14),persona,spa,D. JO DE ROXAS
DON_PEDRO_DE_ROBLES_NJTRECE,Don Pedro de Robles (gen. 13),persona,quc,DON PEDRO DE ROBLES (GEN. 13)
DON_PEDRO_DE_ROBLES_NJTRECE,Don Pedro de Robles (gen. 13),persona,quc,DON PEDRO DE ROBLES NJTRECE
DON_PEDRO_DE_ROBLES_NJTRECE,Don Pedro de Robles (gen. 13),persona,eng,DON PEDRO DE ROBLES
DON_PEDRO_DE_ROBLES_NJTRECE,Don Pedro de Robles (gen. 13),persona,spa,DON PO. DE ROBLES. ES EL Q'REYN AGORA
DONADIU,Donadiu,persona,quc,DONADIU
DONADIU,Donadiu,persona,eng,DONADIU (TONATIU)
DONADIU,Donadiu,persona,spa,ALUARADO
ECHAVE,Echave,persona,quc,ECHAVE
ESPIRITU_SANTO,Espíritu Santo,deidad,quc,ESPÍRITU SANTO
ESPIRITU_SANTO,Espíritu Santo,deidad,quc,ESPIRITU SANTO
ESPIRITU_SANTO,Espíritu Santo,deidad,spa,EL ESPÍRÍTU STO.
EWAB'AL_SIWAN,Ewab'al Siwan,topónimo,quc,EWAB'AL SIWAN
EWAB'AL_SIWAN,Ewab'al Siwan,topónimo,eng,HIDDEN CANYON
EWAB'AL_SIWAN,Ewab'al Siwan,topónimo,spa,BARRANCA DE EL ESCONDÍDÍZO
NORENA,Fray Alonso de Noreña,persona,quc,FRAY ALONSO DE NOREÑA
NORENA,Fray Alonso de Noreña,persona,quc,NORENA
NORENA,Fray Alonso de Noreña,persona,spa,N. PE. NOREÑA
DOMINGO_DE_VICO,Fray Domingo de Vico,persona,quc,FRAY DOMINGO DE VICO
DOMINGO_DE_VICO,Fray Domingo de Vico,persona,quc,DOMINGO DE VICO
DOMINGO_DE_VICO,Fray Domingo de Vico,persona,eng,FR. DOMINGO DE VICO
DOMINGO_DE_VICO,Fray Domingo de Vico,persona,spa,"FR. DOMÍNGO DE VÍCO, NE PE FR. DOMÍNGO DE VÍCO"
FRAY_JUAN_DE_SAN_JOSE,Fray Juan de San José,persona,quc,FRAY JUAN DE SAN JOSÉ
FRAY_JUAN_DE_SAN_JOSE,Fray Juan de San José,persona,quc,FRAY JUAN DE SAN JOSE
FRAY_JUAN_DE_SAN_JOSE,Fray Juan de San José,persona,spa,R. PE. FR. JUO. DE S. JOSEPH
IB'OY,Ib'oy,danza,quc,IB'OY
IB'OY,Ib'oy,danza,eng,ARMADILLO
IB'OY,Ib'oy,danza,spa,EL ARMADO
IK,Ik,objeto,quc,IK
IK,Ik,objeto,eng,CHILI PEPPERS
IK,Ik,objeto,spa,EL CHÍLE
IK'OQ'IJ,Ik'oq'ij,topónimo,quc,IK'OQ'IJ
IK'OQ'IJ,Ik'oq'ij,topónimo,eng,MORNING STAR
IK'OQ'IJ,Ik'oq'ij,topónimo,spa,LUZERO
ILOKAB',Ilokab',linaje,quc,ILOKAB'
ILOKAB',Ilokab',linaje,eng,ILOCAB
ILOKAB',Ilokab',linaje,spa,ÍLOCAB
IQ'I_B'ALAM,Iq'i B'alam,persona,quc,IQ'I B'ALAM
IQ'I_B'ALAM,Iq'i B'alam,persona,eng,BLACK
IQ'I_B'ALAM,Iq'i B'alam,persona,eng,DARK JAGUAR
IQ'I_B'ALAM,Iq'i B'alam,persona,eng,WIND JAGUAR
IQ'I_B'ALAM,Iq'i B'alam,persona,eng,WIND MIGHTY
IQ'I_B'ALAM,Iq'i B'alam,persona,spa,IQUIBALAM
ISTAYUL,Istayul,persona,quc,ISTAYUL
ISTAYUL,Istayul,persona,eng,WHITE HEART
ISTAYUL,Istayul,persona,spa,ZTAYUL
ISTAYUL_KQCUATRO,Istayul (gen. 4),persona,quc,ISTAYUL (GEN. 4)
ISTAYUL_KQCUATRO,Istayul (gen. 4),persona,quc,ISTAYUL KQCUATRO
ISTAYUL_KQCUATRO,Istayul (gen. 4),persona,eng,WHITE HEART
ISTAYUL_KQCUATRO,Istayul (gen. 4),persona,spa,"ÍZTAYUL, ZTAYUL, ZTAYUB"
ISTAYUL_KQSEIS,Istayul (gen. 6),persona,quc,ISTAYUL (GEN. 6)
ISTAYUL_KQSEIS,Istayul (gen. 6),persona,quc,ISTAYUL KQSEIS
ISTAYUL_KQSEIS,Istayul (gen. 6),persona,eng,WHITE HEART
ISTAYUL_KQSEIS,Istayul (gen. 6),persona,spa,ZTAYUL
ISTAYUL_NJSIETE,Istayul (gen. 7),persona,quc,ISTAYUL (GEN. 7)
ISTAYUL_NJSIETE,Istayul (gen. 7),persona,quc,ISTAYUL NJSIETE
ISTAYUL_NJSIETE,Istayul (gen. 7),persona,eng,WHITE HEART
ISTAYUL_NJSIETE,Istayul (gen. 7),persona,spa,ZTAYUL
ISTAYUL_KQOCHO,Istayul (gen. 8),persona,quc,ISTAYUL (GEN. 8)
ISTAYUL_KQOCHO,Istayul (gen. 8),persona,quc,ISTAYUL KQOCHO
ISTAYUL_KQOCHO,Istayul (gen. 8),persona,eng,WHITE HEART
ISTAYUL_KQOCHO,Istayul (gen. 8),persona,spa,XTAYUB
IXB'AQIYALO,Ixb'aqiyalo,deidad,quc,IXB'AQIYALO
IXB'AQIYALO,Ixb'aqiyalo,deidad,eng,LADY BONE WATER
IXB'AQIYALO,Ixb'aqiyalo,deidad,spa,XBAQUÍYALO
IXIM,Ixim,objeto,quc,IXIM
IXIM,Ixim,objeto,eng,MAIZE
IXIM,Ixim,objeto,spa,EL MAÍS
IXKAKAW,Ixkakaw,deidad,quc,IXKAKAW
IXKAKAW,Ixkakaw,deidad,eng,LADY CACAO
IXKAKAW,Ixkakaw,deidad,spa,XCACAUIX
IXKIK',Ixkik',deidad,quc,IXKIK'
IXKIK',Ixkik',deidad,eng,LADY BLOOD
IXKIK',Ixkik',deidad,spa,XQUIC
IXMUKANE,Ixmukane,deidad,quc,IXMUKANE
IXMUKANE,Ixmukane,deidad,eng,MIDWIFE
IXMUKANE,Ixmukane,deidad,eng,SHE WHO BURIES
IXMUKANE,Ixmukane,deidad,eng,SHE WHO PLANTS
IXMUKANE,Ixmukane,deidad,spa,XMUCANE
IXOQ_AJAWAB',Ixoq ajawab',linaje,quc,IXOQ AJAWAB'
IXOQ_AJAWAB',Ixoq ajawab',linaje,eng,WIVES
IXOQ_AJAWAB',Ixoq ajawab',linaje,spa,SEÑORAS
IXPUCH',Ixpuch',deidad,quc,IXPUCH'
IXPUCH',Ixpuch',deidad,eng,LADY WEEPING
IXPUCH',Ixpuch',deidad,spa,XPUCH
IXQ'ANIL,Ixq'anil,deidad,quc,IXQ'ANIL
IXQ'ANIL,Ixq'anil,deidad,eng,LADY OF THE DAY CANIL
IXQ'ANIL,Ixq'anil,deidad,spa,XCANIL
IXTAJ,Ixtaj,deidad,quc,IXTAJ
IXTAJ,Ixtaj,deidad,eng,LADY LUST
IXTAJ,Ixtaj,deidad,spa,XTAH
IXTAJ_IXPUCH',Ixtaj Ixpuch',grupo de deidades,quc,IXTAJ IXPUCH'
IXTAJ_IXPUCH',Ixtaj Ixpuch',grupo de deidades,eng,LADY LUST AND LADY WEEPING
IXTAJ_IXPUCH',Ixtaj Ixpuch',grupo de deidades,spa,"XTAH, XPUCH"
IXTOJ,Ixtoj,deidad,quc,IXTOJ
IXTOJ,Ixtoj,deidad,eng,LADY OF THE DAY TOH
IXTOJ,Ixtoj,deidad,spa,XTOH
IXTZIYA',Ixtziya',deidad,quc,IXTZIYA'
IXTZIYA',Ixtziya',deidad,eng,LADY OF THE DAY TZI
IXTZIYA',Ixtziya',deidad,eng,LADY ALSO DAY TZ'I'A
IXTZIYA',Ixtziya',deidad,spa,TU Q'ERES GUARDA DE NUESTRO SUSTENTO
JA_CHI_Q'AQ',Ja chi q'aq',lugar,quc,JA CHI Q'AQ'
JA_CHI_Q'AQ',Ja chi q'aq',lugar,eng,HOUSE OF FIRE
JA_CHI_Q'AQ',Ja chi q'aq',lugar,spa,CASA DE FUEGO
JA'_SIMAJ,Ja' Simaj,topónimo,quc,JA' SIMAJ
JA'_SIMAJ,Ja' Simaj,topónimo,eng,RIVER SCORPION
JA'_SIMAJ,Ja' Simaj,topónimo,spa,PALOS PUNTÍAGUDOS
JAL,Jal,objeto,quc,JAL
JAL,Jal,objeto,eng,MAIZE
JAL,Jal,objeto,spa,MAZORCA
JAQAWITZ,Jaqawitz,deidad,quc,JAQAWITZ
JAQAWITZ,Jaqawitz,deidad,eng,HACAVITZ
JAQAWITZ,Jaqawitz,deidad,eng,JAKAWITZ (FIRE MOUNTAIN
JAQAWITZ,Jaqawitz,deidad,eng,LYING DOWN
JAQAWITZ,Jaqawitz,deidad,eng,RECUMBENT MOUNTAIN)
JAQAWITZ,Jaqawitz,deidad,spa,HACAUÍTZ
JAQAWITZ_JUYUB,Jaqawitz Juyub',topónimo,quc,JAQAWITZ JUYUB'
JAQAWITZ_JUYUB,Jaqawitz Juyub',topónimo,quc,JAQAWITZ JUYUB
JAQAWITZ_JUYUB,Jaqawitz Juyub',topónimo,eng,FIRST
JAQAWITZ_JUYUB,Jaqawitz Juyub',topónimo,eng,BEGINNING MOUNTAIN
JAQAWITZ_JUYUB,Jaqawitz Juyub',topónimo,spa,ZERO HACAUÍTZ
JESUCRISTO,Jesucristo,deidad,quc,JESUCRISTO
JESUCRISTO,Jesucristo,deidad,spa,XPTO.
JOJ,Joj,animal,quc,JOJ
JOJ,Joj,animal,eng,RAVEN
JOJ,Joj,animal,spa,EL CUERUO
JOLOM,Jolom,objeto,quc,JOLOM
JOLOM,Jolom,objeto,eng,HEAD
JOLOM,Jolom,objeto,spa,"HOLOM, CABEZA"
JOLOM_OKOX,Jolom Okox,objeto,quc,JOLOM OKOX
JOLOM_OKOX,Jolom Okox,objeto,eng,HEAD MUSHROOM
JOLOM_OKOX,Jolom Okox,objeto,spa,HOLOMCOX
JOLOM_TUKUR,Jolom Tukur,deidad,quc,JOLOM TUKUR
JOLOM_TUKUR,Jolom Tukur,deidad,eng,SKULL OWL
JOLOM_TUKUR,Jolom Tukur,deidad,spa,TECOLOTE CABEZA
JOM,Jom,lugar,quc,JOM
JOM,Jom,lugar,eng,BALLCOURT
JOM,Jom,lugar,spa,"EL ATRÍO, EL CEMENTERÍO"
SEPULVEDA,Juan Ginés de Sepúlveda,persona,quc,JUAN GINÉS DE SEPÚLVEDA
SEPULVEDA,Juan Ginés de Sepúlveda,persona,quc,SEPULVEDA
SEPULVEDA,Juan Ginés de Sepúlveda,persona,spa,EL DOCTOR SEPULUEDA
JULISNAB',Julisnab',topónimo,quc,JULISNAB'
JULISNAB',Julisnab',topónimo,eng,HULIZNAB
JULISNAB',Julisnab',topónimo,spa,HULIZNAB
JUMETA_JA,Jumeta Ja,topónimo,quc,JUMETA JA
JUMETA_JA,Jumeta Ja,topónimo,eng,BARK HOUSE
JUMETA_JA,Jumeta Ja,topónimo,spa,HUMETABS
JUN_B'ATZ',Jun B'atz',deidad,quc,JUN B'ATZ'
JUN_B'ATZ',Jun B'atz',deidad,eng,ONE (SPIDER) MONKEY
JUN_B'ATZ',Jun B'atz',deidad,spa,HUN BATZ
JUN_B'ATZ'_JUN_CHOWEN,Jun B'atz' Jun Chowen,grupo de deidades,quc,JUN B'ATZ' JUN CHOWEN
JUN_B'ATZ'_JUN_CHOWEN,Jun B'atz' Jun Chowen,grupo de deidades,eng,ONE BATZ AND ONE CHOUEN
JUN_B'ATZ'_JUN_CHOWEN,Jun B'atz' Jun Chowen,grupo de deidades,spa,HUN BATZ Y HUN CHOUEN
JUN_CHOWEN,Jun Chowen,deidad,quc,JUN CHOWEN
JUN_CHOWEN,Jun Chowen,deidad,eng,ONE CHOUEN
JUN_CHOWEN,Jun Chowen,deidad,spa,HUN CHOUEN
JUN_JUNAJPU,Jun Junajpu,deidad,quc,JUN JUNAJPU
JUN_JUNAJPU,Jun Junajpu,deidad,eng,ONE HUNAHPU
JUN_JUNAJPU,Jun Junajpu,deidad,spa,HUNHUNAHPU
JUN_KAME',Jun Kame',deidad,quc,JUN KAME'
JUN_KAME',Jun Kame',deidad,eng,ONE DEATH
JUN_KAME',Jun Kame',deidad,spa,HUNCAME
JUN_KAME'_WUQUB'_KAME',Jun Kame' Wuqub' Kame',grupo de deidades,quc,JUN KAME' WUQUB' KAME'
JUN_KAME'_WUQUB'_KAME',Jun Kame' Wuqub' Kame',grupo de deidades,eng,ONE DEATH AND SEVEN DEATH
JUN_KAME'_WUQUB'_KAME',Jun Kame' Wuqub' Kame',grupo de deidades,spa,"HUN CAME, VVQUB KAME"
JUN_RAQAN,Jun Raqan,deidad,quc,JUN RAQAN
JUN_RAQAN,Jun Raqan,deidad,eng,HURACAN (ONE LEG)
JUN_RAQAN,Jun Raqan,deidad,spa,HURACAN
JUN_TIJAX,Jun Tijax,deidad,quc,JUN TIJAX
JUN_TIJAX,Jun Tijax,deidad,spa,HUNTÍHAX
JUN_TOJ,Jun Toj,deidad,quc,JUN TOJ
JUN_TOJ,Jun Toj,deidad,eng,ONE TOH
JUN_TOJ,Jun Toj,deidad,spa,TOH
JUN_WINAQ,jun winaq,persona,quc,JUN WINAQ
JUN_WINAQ,jun winaq,persona,eng,A PERSON
JUN_WINAQ,jun winaq,persona,spa,VN HOMBRE (DEMONÍO Q'LES HABLABA)
JUNAJPU,Junajpu,deidad,quc,JUNAJPU
JUNAJPU,Junajpu,deidad,eng,ONE HUNTER
JUNAJPU,Junajpu,deidad,spa,HUN AHPU
JUNAJPU_JUYUB',Junajpu Juyub',topónimo,quc,JUNAJPU JUYUB'
JUNAJPU_JUYUB',Junajpu Juyub',topónimo,eng,HUNAHPU
JUNAJPU_JUYUB',Junajpu Juyub',topónimo,spa,HUNAHPU
JUNAJPU_K'OY,Junajpu K'oy,canto,quc,JUNAJPU K'OY
JUNAJPU_K'OY,Junajpu K'oy,canto,eng,HUNAHPU SPIDER MONKEY
JUNAJPU_K'OY,Junajpu K'oy,canto,spa,HUN AHPU COY
JUNAJPU_UTIW,Junajpu Utiw,deidad,quc,JUNAJPU UTIW
JUNAJPU_UTIW,Junajpu Utiw,deidad,eng,HUNAHPU COYOTE
JUNAJPU_UTIW,Junajpu Utiw,deidad,spa,HUN AHPU VTIU
JUNAJPU_WUCH,Junajpu Wuch',deidad,quc,JUNAJPU WUCH'
JUNAJPU_WUCH,Junajpu Wuch',deidad,quc,JUNAJPU WUCH
JUNAJPU_WUCH,Junajpu Wuch',deidad,eng,HUNAHPU POSSUM
JUNAJPU_WUCH,Junajpu Wuch',deidad,spa,HUN AHPU VUCH
JURAQAN_TUKUR,Juraqan Tukur,deidad,quc,JURAQAN TUKUR
JURAQAN_TUKUR,Juraqan Tukur,deidad,eng,ONE LEG OWL
JURAQAN_TUKUR,Juraqan Tukur,deidad,spa,TECOLOTE DE VNA PIERNA
K'AJB'A_JA,K'ajb'a Ja,lugar,quc,K'AJB'A JA
K'AJB'A_JA,K'ajb'a Ja,lugar,eng,SACRIFICE HOUSE
K'AJB'A_JA,K'ajb'a Ja,lugar,spa,CAHBAHA
K'AJIM_JAL,K'ajim Jal,objeto,quc,K'AJIM JAL
K'AJIM_JAL,K'ajim Jal,objeto,eng,MAIZE FLOUR
K'AJIM_JAL,K'ajim Jal,objeto,spa,HARINA
K'AJOLOM,K'ajolom,deidad,quc,K'AJOLOM
K'AJOLOM,K'ajolom,deidad,eng,HE WHO HAS BEGOTTEN SONS
K'AJOLOM,K'ajolom,deidad,spa,QAHOLOM
K'ANTI',K'anti',animal,quc,K'ANTI'
K'ANTI',K'anti',animal,eng,PIT VIPER
K'ANTI',K'anti',animal,spa,CANTÍ
K'ASAM_AJ,K'asam Aj,lugar,quc,K'ASAM AJ
K'ASAM_AJ,K'asam Aj,lugar,eng,REVITALIZED UNRIPE MAIZE EARS
K'ASAM_AJ,K'asam Aj,lugar,spa,"CAZAM AH, CAÑAS PUESTAS"
K'AWEX,K'awex,objeto,quc,K'AWEX
K'AWEX,K'awex,objeto,eng,ANONAS
K'AWEX,K'awex,objeto,spa,ANONAS
K'AYALA',K'ayala',topónimo,quc,K'AYALA'
K'AYALA',K'ayala',topónimo,eng,BITTER OR STAGNANT WATER
K'AYALA',K'ayala',topónimo,spa,CAYALA
K'EL,K'el,animal,quc,K'EL
K'EL,K'el,animal,eng,PARAKEET
K'EL,K'el,animal,spa,EL CHOCOY
K'ELETZU,K'eletzu,animal,quc,K'ELETZU
K'ELETZU,K'eletzu,animal,eng,PARROT
K'ELETZU,K'eletzu,animal,spa,QUELEꜨU
K'ENECH_AJAW,K'enech Ajaw,linaje,quc,K'ENECH AJAW
K'ENECH_AJAW,K'enech Ajaw,linaje,eng,SUN-EYED
K'ENECH_AJAW,K'enech Ajaw,linaje,eng,FACED LORD
K'ENECH_AJAW,K'enech Ajaw,linaje,spa,"QUENECH, AHAU"
K'IM,K'im,objeto,quc,K'IM
K'IM,K'im,objeto,eng,GRASSES
K'IM,K'im,objeto,spa,LA PAJA
K'O'AJAW_AKDOS,K'o'ajaw (gen. 2),persona,quc,K'O'AJAW (GEN. 2)
K'O'AJAW_AKDOS,K'o'ajaw (gen. 2),persona,quc,K'O'AJAW AKDOS
K'O'AJAW_AKDOS,K'o'ajaw (gen. 2),persona,eng,LORD
K'O'AJAW_AKDOS,K'o'ajaw (gen. 2),persona,eng,SIR LORD
K'O'AJAW_AKDOS,K'o'ajaw (gen. 2),persona,spa,QOAHAU
K'O'AKUL,K'o'akul,linaje,quc,K'O'AKUL
K'O'AKUL,K'o'akul,linaje,eng,CO ACUL
K'O'AKUL,K'o'akul,linaje,spa,COACUL
K'O'AKUL_NJDOS,K'o'akul (gen. 2),persona,quc,K'O'AKUL (GEN. 2)
K'O'AKUL_NJDOS,K'o'akul (gen. 2),persona,quc,K'O'AKUL NJDOS
K'O'AKUL_NJDOS,K'o'akul (gen. 2),persona,eng,CO ACUL
K'O'AKUL_NJDOS,K'o'akul (gen. 2),persona,spa,COACUL
K'O'AKUTEK_NJDOS,K'o'akutek (gen. 2),persona,quc,K'O'AKUTEK (GEN. 2)
K'O'AKUTEK_NJDOS,K'o'akutek (gen. 2),persona,quc,K'O'AKUTEK NJDOS
K'O'AKUTEK_NJDOS,K'o'akutek (gen. 2),persona,eng,CO ACUTEC
K'O'AKUTEK_NJDOS,K'o'akutek (gen. 2),persona,spa,QOACUTEC
K'OCHAJUJ,K'ochajuj,linaje,quc,K'OCHAJUJ
K'OCHAJUJ,K'ochajuj,linaje,eng,LORD GUARDIAN
K'OCHAJUJ,K'ochajuj,linaje,spa,COCHAHUH
K'OCHAJUJ_NJTRES,K'ochajuj (gen. 3),persona,quc,K'OCHAJUJ (GEN. 3)
K'OCHAJUJ_NJTRES,K'ochajuj (gen. 3),persona,quc,K'OCHAJUJ NJTRES
K'OCHAJUJ_NJTRES,K'ochajuj (gen. 3),persona,eng,LORD GUARDIAN
K'OCHAJUJ_NJTRES,K'ochajuj (gen. 3),persona,spa,COCHAHUH
K'OJAJ,K'ojaj,linaje,quc,K'OJAJ
K'OJAJ,K'ojaj,linaje,eng,MASKER
K'OJAJ,K'ojaj,linaje,spa,COHAH
K'OKA'IB_KQDOS,K'oka'ib (gen. 2),persona,quc,K'OKA'IB (GEN. 2)
K'OKA'IB_KQDOS,K'oka'ib (gen. 2),persona,quc,K'OKA'IB KQDOS
K'OKA'IB_KQDOS,K'oka'ib (gen. 2),persona,eng,LORD TWO
K'OKA'IB_KQDOS,K'oka'ib (gen. 2),persona,spa,QOCAÍB
K'OKAMEL_AKSIETE,K'okamel (gen. 7),persona,quc,K'OKAMEL (GEN. 7)
K'OKAMEL_AKSIETE,K'okamel (gen. 7),persona,quc,K'OKAMEL AKSIETE
K'OKAMEL_AKSIETE,K'okamel (gen. 7),persona,eng,LORD HUMBLE
K'OKAMEL_AKSIETE,K'okamel (gen. 7),persona,spa,COCAMEL
K'OKOSOM_AKCUATRO,K'okosom (gen. 4),persona,quc,K'OKOSOM (GEN. 4)
K'OKOSOM_AKCUATRO,K'okosom (gen. 4),persona,quc,K'OKOSOM AKCUATRO
K'OKOSOM_AKCUATRO,K'okosom (gen. 4),persona,eng,LORD THICKET
K'OKOSOM_AKCUATRO,K'okosom (gen. 4),persona,eng,BRAMBLE
K'OKOSOM_AKCUATRO,K'okosom (gen. 4),persona,eng,CHAFF
K'OKOSOM_AKCUATRO,K'okosom (gen. 4),persona,spa,COCOZOM
K'OOL,K'ool,lugar,quc,K'OOL
K'OOL,K'ool,lugar,eng,MAY IT BE SOWN
K'OOL,K'ool,lugar,spa,SE SEMBRARA
K'OQAWIB_KQDOS,K'oqawib (gen. 2),persona,quc,K'OQAWIB (GEN. 2)
K'OQAWIB_KQDOS,K'oqawib (gen. 2),persona,quc,K'OQAWIB KQDOS
K'OQAWIB_KQDOS,K'oqawib (gen. 2),persona,eng,LORD ADORNMENT
K'OQAWIB_KQDOS,K'oqawib (gen. 2),persona,spa,"QOCAUÍB, COCAUÍB"
K'OTAL,K'otal,animal,quc,K'OTAL
K'OTAL,K'otal,animal,eng,EAGLE
K'OTAL,K'otal,animal,spa,AGUÍLA
K'OTK'OWACH,K'otk'owach,animal,quc,K'OTK'OWACH
K'OTK'OWACH,K'otk'owach,animal,eng,CHISELERS OF FACES
K'OTK'OWACH,K'otk'owach,animal,spa,COTCOVACH
K'OTUJA_KQCUATRO,K'otuja (gen. 4),persona,quc,K'OTUJA (GEN. 4)
K'OTUJA_KQCUATRO,K'otuja (gen. 4),persona,quc,K'OTUJA KQCUATRO
K'OTUJA_KQCUATRO,K'otuja (gen. 4),persona,eng,LORD SWEATBATH
K'OTUJA_KQCUATRO,K'otuja (gen. 4),persona,spa,COTUHA
K'OTUJA_KQCINCO,K'otuja (gen. 5),persona,quc,K'OTUJA (GEN. 5)
K'OTUJA_KQCINCO,K'otuja (gen. 5),persona,quc,K'OTUJA KQCINCO
K'OTUJA_KQCINCO,K'otuja (gen. 5),persona,eng,LORD SWEATBATH
K'OTUJA_KQCINCO,K'otuja (gen. 5),persona,spa,COTUHA
K'OTUJA_NJCINCO,K'otuja (gen. 5),persona,quc,K'OTUJA (GEN. 5)
K'OTUJA_NJCINCO,K'otuja (gen. 5),persona,quc,K'OTUJA NJCINCO
K'OTUJA_NJCINCO,K'otuja (gen. 5),persona,eng,LORD SWEATBATH
K'OTUJA_NJCINCO,K'otuja (gen. 5),persona,spa,COTUHA
K'OTUJA_NJOCHO,K'otuja (gen. 8),persona,quc,K'OTUJA (GEN. 8)
K'OTUJA_NJOCHO,K'otuja (gen. 8),persona,quc,K'OTUJA NJOCHO
K'OTUJA_NJOCHO,K'otuja (gen. 8),persona,eng,LORD SWEATBATH
K'OTUJA_NJOCHO,K'otuja (gen. 8),persona,spa,COTUHA
K'OTZ'IB'AJA_NJTRES,K'otz'ib'aja (gen. 3),persona,quc,K'OTZ'IB'AJA (GEN. 3)
K'OTZ'IB'AJA_NJTRES,K'otz'ib'aja (gen. 3),persona,quc,K'OTZ'IB'AJA NJTRES
K'OTZ'IB'AJA_NJTRES,K'otz'ib'aja (gen. 3),persona,eng,LORD WRITING
K'OTZ'IB'AJA_NJTRES,K'otz'ib'aja (gen. 3),persona,eng,PAINTING HOUSE
K'OTZ'IB'AJA_NJTRES,K'otz'ib'aja (gen. 3),persona,spa,COꜨÍBAHA
K'OY,K'oy,animal,quc,K'OY
K'OY,K'oy,animal,eng,MONKEY
K'OY,K'oy,animal,spa,"MÍCO, MONO"
K'OYABAKOJ_AKOCHO,K'oyabakoj (gen. 8),persona,quc,K'OYABAKOJ (GEN. 8)
K'OYABAKOJ_AKOCHO,K'oyabakoj (gen. 8),persona,quc,K'OYABAKOJ AKOCHO
K'OYABAKOJ_AKOCHO,K'oyabakoj (gen. 8),persona,eng,LORD SICK PUMA
K'OYABAKOJ_AKOCHO,K'oyabakoj (gen. 8),persona,spa,COYABACOH
K'ULB'A,K'ulb'a,topónimo,quc,K'ULB'A
K'ULB'A,K'ulb'a,topónimo,eng,LANDMARK
K'ULB'A,K'ulb'a,topónimo,spa,CULBA
K'ULKU_SIWAN,K'ulku Siwan,topónimo,quc,K'ULKU SIWAN
K'ULKU_SIWAN,K'ulku Siwan,topónimo,eng,MURMURING CANYON
K'ULKU_SIWAN,K'ulku Siwan,topónimo,spa,FUERTE VARRANCA
K'US_B'US,K'us B'us,objeto,quc,K'US B'US
K'US_B'US,K'us B'us,objeto,eng,TOBACCO GOURD
K'US_B'US,K'us B'us,objeto,spa,"QUZ, BUZ"
KA',Ka',objeto,quc,KA'
KA',Ka',objeto,eng,GRINDING STONES
KA',Ka',objeto,spa,LAS PIEDRAS DE MOLER
KA'IB_K'AJOLAB',Ka'ib' K'ajolab',grupo de deidades,quc,KA'IB' K'AJOLAB'
KA'IB_K'AJOLAB',Ka'ib' K'ajolab',grupo de deidades,quc,KA'IB K'AJOLAB'
KA'IB_K'AJOLAB',Ka'ib' K'ajolab',grupo de deidades,eng,TWO BOYS
KA'IB_K'AJOLAB',Ka'ib' K'ajolab',grupo de deidades,eng,HERO TWINS
KA'IB_K'AJOLAB',Ka'ib' K'ajolab',grupo de deidades,spa,DOS MUCHACHOS
KA'MUL_ALOM,Ka'mul Alom,deidad,quc,KA'MUL ALOM
KA'MUL_ALOM,Ka'mul Alom,deidad,eng,GREAT SHE WHO HAS BORNE CHILDREN
KA'MUL_ALOM,Ka'mul Alom,deidad,spa,DOS VEZES MADRE
KA'MUL_K'AJOLOM,Ka'mul K'ajolom,deidad,quc,KA'MUL K'AJOLOM
KA'MUL_K'AJOLOM,Ka'mul K'ajolom,deidad,eng,GREAT HE WHO HAS BEGOTTEN SONS
KA'MUL_K'AJOLOM,Ka'mul K'ajolom,deidad,spa,DOS VEZES PADRE
KAB',Kab',objeto,quc,KAB'
KAB',Kab',objeto,eng,HONEY
KAB',Kab',objeto,spa,MÍEL
KAB'AWIL_POM,Kab'awil Pom,objeto,quc,KAB'AWIL POM
KAB'AWIL_POM,Kab'awil Pom,objeto,eng,DIVINE COPAL INCENSE
KAB'AWIL_POM,Kab'awil Pom,objeto,spa,CABAUÍL POM
KAB'RAQAN,Kab'raqan,deidad,quc,KAB'RAQAN
KAB'RAQAN,Kab'raqan,deidad,eng,HIS TWO LEGS
KAB'RAQAN,Kab'raqan,deidad,eng,EARTHQUAKE
KAB'RAQAN,Kab'raqan,deidad,spa,CABRACAN
KAJ,Kaj,objeto,quc,KAJ
KAJ,Kaj,objeto,eng,AXE
KAJ,Kaj,objeto,spa,LA HACHA
KAJIB'_UNIM_JA,Kajib' unim ja,linaje,quc,KAJIB' UNIM JA
KAJIB'_UNIM_JA,Kajib' unim ja,linaje,eng,FOUR GREAT HOUSES
KAJIB'_UNIM_JA,Kajib' unim ja,linaje,spa,QUATRO CASAS GRANDES
KAK'IXA_JA',Kak'ixa Ja',persona,quc,KAK'IXA JA'
KAK'IXA_JA',Kak'ixa Ja',persona,eng,MACAW HOUSE
KAK'IXA_JA',Kak'ixa Ja',persona,spa,"CAQÚÍXA HA, CAQUÍXHA"
KAKAW,Kakaw,objeto,quc,KAKAW
KAKAW,Kakaw,objeto,eng,CHOCOLATE
KAKAW,Kakaw,objeto,spa,CACAO
KAMALOTZ',Kamalotz',animal,quc,KAMALOTZ'
KAMALOTZ',Kamalotz',animal,eng,DEATH KNIVES
KAMALOTZ',Kamalotz',animal,spa,CAMALOTZ
KANCHAJELEB',Kanchajeleb',linaje,quc,KANCHAJELEB'
KANCHAJELEB',Kanchajeleb',linaje,eng,WAR CAPTIVE GUARDIANS
KANCHAJELEB',Kanchajeleb',linaje,spa,CAN CHAHELEB
KAQ,Kaq,deidad,quc,KAQ
KAQ,Kaq,deidad,eng,RED
KAQ,Kaq,deidad,spa,COLORADO
KAQA_B'E,Kaqa b'e (camino rojo),lugar,quc,KAQA B'E (CAMINO ROJO)
KAQA_B'E,Kaqa b'e (camino rojo),lugar,quc,KAQA B'E
KAQA_B'E,Kaqa b'e (camino rojo),lugar,eng,RED WAY
KAQA_B'E,Kaqa b'e (camino rojo),lugar,spa,COLORADO
KAQA_PALO_JA',Kaqa palo ja',persona,quc,KAQA PALO JA'
KAQA_PALO_JA',Kaqa palo ja',persona,eng,SKY SEA HORSE
KAQA_PALO_JA',Kaqa palo ja',persona,eng,RED SEA TURTLE
KAQA_PALO_JA',Kaqa palo ja',persona,spa,CAHA PALUMA
KAQCHIKELEB',Kaqchikeleb',linaje,quc,KAQCHIKELEB'
KAQCHIKELEB',Kaqchikeleb',linaje,eng,CAKCHIQUELS
KAQCHIKELEB',Kaqchikeleb',linaje,spa,ꜪAꜪCHÍQUELES
KAQIX_TUKUR,Kaqix Tukur,deidad,quc,KAQIX TUKUR
KAQIX_TUKUR,Kaqix Tukur,deidad,eng,MACAW OWL
KAQIX_TUKUR,Kaqix Tukur,deidad,spa,GUACAMAYA TECOLOTE
KAQULJA_JUN_RAQAN,Kaqulja Jun Raqan,deidad,quc,KAQULJA JUN RAQAN
KAQULJA_JUN_RAQAN,Kaqulja Jun Raqan,deidad,eng,THUNDERBOLT HURACAN
KAQULJA_JUN_RAQAN,Kaqulja Jun Raqan,deidad,spa,CACULHA HURACAN
KAR,Kar,animal,quc,KAR
KAR,Kar,animal,eng,FISH
KAR,Kar,animal,spa,PEZ
KAWEQ,Kaweq,linaje,quc,KAWEQ
KAWEQ,Kaweq,linaje,eng,CAVECS
KAWEQ,Kaweq,linaje,spa,LOS QUECHEES
KAWINAL,Kawinal,topónimo,quc,KAWINAL
KAWINAL,Kawinal,topónimo,eng,ARMORY
KAWINAL,Kawinal,topónimo,spa,CAUÍNAL
KAWISIMAJ_KQSIETE,Kawisimaj (gen. 7),persona,quc,KAWISIMAJ (GEN. 7)
KAWISIMAJ_KQSIETE,Kawisimaj (gen. 7),persona,quc,KAWISIMAJ KQSIETE
KAWISIMAJ_KQSIETE,Kawisimaj (gen. 7),persona,eng,TWO HEADS
KAWISIMAJ_KQSIETE,Kawisimaj (gen. 7),persona,eng,TIPS SHARP
KAWISIMAJ_KQSIETE,Kawisimaj (gen. 7),persona,spa,CAUÍZÍMAH
KAWISTAN_POM,Kawistan Pom,objeto,quc,KAWISTAN POM
KAWISTAN_POM,Kawistan Pom,objeto,eng,CAVISTAN COPAL INCENSE
KAWISTAN_POM,Kawistan Pom,objeto,spa,CAUÍZ TAN POM
KAWKEB',Kawkeb',linaje,quc,KAWKEB'
KAWKEB',Kawkeb',linaje,eng,CAOCS
KAWKEB',Kawkeb',linaje,spa,CAOQUEB
KAXKON,Kaxkon,objeto,quc,KAXKON
KAXKON,Kaxkon,objeto,eng,FOOD BOWL
KAXKON,Kaxkon,objeto,spa,CAXCOM
KE'EMA_NJDIEZ,Ke'ema (gen. 10),persona,quc,KE'EMA (GEN. 10)
KE'EMA_NJDIEZ,Ke'ema (gen. 10),persona,quc,KE'EMA NJDIEZ
KE'EMA_NJDIEZ,Ke'ema (gen. 10),persona,eng,WEAVING
KE'EMA_NJDIEZ,Ke'ema (gen. 10),persona,spa,QUEMA
KEJ,Kej,animal,quc,KEJ
KEJ,Kej,animal,eng,DEER
KEJ,Kej,animal,spa,EL VENADO
KIK',Kik',objeto,quc,KIK'
KIK',Kik',objeto,eng,RUBBER BALL
KIK',Kik',objeto,spa,"LA PELOTA, VLE"
KIK'_RE,Kik' Re,deidad,quc,KIK' RE
KIK'_RE,Kik' Re,deidad,eng,BLOODY TEETH
KIK'_RE,Kik' Re,deidad,spa,QUÍC XÍC
KIK'_RIXK'AQ,Kik' Rixk'aq,deidad,quc,KIK' RIXK'AQ
KIK'_RIXK'AQ,Kik' Rixk'aq,deidad,eng,BLOODY CLAWS
KIK'_RIXK'AQ,Kik' Rixk'aq,deidad,spa,QUÍC RÍX ꜪAꜪ
KIK'_YA,Kik' Ya',lugar,quc,KIK' YA'
KIK'_YA,Kik' Ya',lugar,quc,KIK' YA
KIK'_YA,Kik' Ya',lugar,eng,BLOOD RIVER
KIK'_YA,Kik' Ya',lugar,spa,OTRO DE SANGRE
KIK'EL,Kik'el,objeto,quc,KIK'EL
KIK'EL,Kik'el,objeto,eng,BLOOD
KIK'EL,Kik'el,objeto,spa,SANGRE
KIKAB'_KQDIEZ,Kikab' (gen. 10),persona,quc,KIKAB' (GEN. 10)
KIKAB'_KQDIEZ,Kikab' (gen. 10),persona,quc,KIKAB' KQDIEZ
KIKAB'_KQDIEZ,Kikab' (gen. 10),persona,eng,MANY HANDS
KIKAB'_KQDIEZ,Kikab' (gen. 10),persona,spa,QUÍCAB
KIKAB'_KQSIETE,Kikab' (gen. 7),persona,quc,KIKAB' (GEN. 7)
KIKAB'_KQSIETE,Kikab' (gen. 7),persona,quc,KIKAB' KQSIETE
KIKAB'_KQSIETE,Kikab' (gen. 7),persona,eng,MANY HANDS
KIKAB'_KQSIETE,Kikab' (gen. 7),persona,spa,QUÍCAB
KINAQ',Kinaq',objeto,quc,KINAQ'
KINAQ',Kinaq',objeto,eng,BEANS
KINAQ',Kinaq',objeto,spa,LOS FRÍXOLES
KOJ,Koj,animal,quc,KOJ
KOJ,Koj,animal,eng,PUMA
KOJ,Koj,animal,spa,"EL TÍGRE, EL LEON"
KOMAJKUN_AKCINCO,Komajkun (gen. 5),persona,quc,KOMAJKUN (GEN. 5)
KOMAJKUN_AKCINCO,Komajkun (gen. 5),persona,quc,KOMAJKUN AKCINCO
KOMAJKUN_AKCINCO,Komajkun (gen. 5),persona,eng,NOT A HEALER
KOMAJKUN_AKCINCO,Komajkun (gen. 5),persona,spa,COMAH CUN
KOTZ'I'J,Kotz'i'j,objeto,quc,KOTZ'I'J
KOTZ'I'J,Kotz'i'j,objeto,eng,FLOWERS
KOTZ'I'J,Kotz'i'j,objeto,spa,"FLORES, MUCHÍH"
KOTZB'ALAM,Kotzb'alam,animal,quc,KOTZB'ALAM
KOTZB'ALAM,Kotzb'alam,animal,eng,CROUCHING JAGUAR
KOTZB'ALAM,Kotzb'alam,animal,spa,COTZBALAM
KUCHUMA_KIK',Kuchuma Kik',deidad,quc,KUCHUMA KIK'
KUCHUMA_KIK',Kuchuma Kik',deidad,eng,GATHERED BLOOD
KUCHUMA_KIK',Kuchuma Kik',deidad,spa,CUCHU MAQUÍC
KUMATZ,Kumatz,animal,quc,KUMATZ
KUMATZ,Kumatz,animal,eng,SERPENT
KUMATZ,Kumatz,animal,spa,CULEBRA
KUMATZ_AMAQ',Kumatz Amaq',linaje,quc,KUMATZ AMAQ'
KUMATZ_AMAQ',Kumatz Amaq',linaje,eng,SNAKE
KUMATZ_AMAQ',Kumatz Amaq',linaje,spa,CUMATZ
KUNAB'AL_TOJIL,Kunab'al Tojil,topónimo,quc,KUNAB'AL TOJIL
KUNAB'AL_TOJIL,Kunab'al Tojil,topónimo,eng,HEALING TOHIL
KUNAB'AL_TOJIL,Kunab'al Tojil,topónimo,spa,GUARDA DE EL TOHIL
KUWATEPECH_KQONCE,Kuwatepech (gen. 11),persona,quc,KUWATEPECH (GEN. 11)
KUWATEPECH_KQONCE,Kuwatepech (gen. 11),persona,quc,KUWATEPECH KQONCE
KUWATEPECH_KQONCE,Kuwatepech (gen. 11),persona,eng,FOUNDER
KUWATEPECH_KQONCE,Kuwatepech (gen. 11),persona,spa,CUUATEPECH
LA_ISLA_ESPANOLA,La isla española,topónimo,quc,LA ISLA ESPAÑOLA
LA_ISLA_ESPANOLA,La isla española,topónimo,quc,LA ISLA ESPANOLA
LA_ISLA_ESPANOLA,La isla española,topónimo,spa,LA ISLA ESPAÑOLA
LAMAKIB',Lamakib',linaje,quc,LAMAKIB'
LAMAKIB',Lamakib',linaje,eng,LAMACS
LAMAKIB',Lamakib',linaje,spa,LAMAQUÍB
LAQ,Laq,objeto,quc,LAQ
LAQ,Laq,objeto,eng,PLATES
LAQ,Laq,objeto,spa,PLATOS
LOLMET_KEJNAY,Lolmet Kejnay,oficio,quc,LOLMET KEJNAY
LOLMET_KEJNAY,Lolmet Kejnay,oficio,eng,EMISSARY OF THE DEER HOUSE
LOLMET_KEJNAY,Lolmet Kejnay,oficio,spa,"CHÍTUY LOLMET QUEH NAYÍ, LOLMET QUEHNAY"
LOTZ_KIK',Lotz kik',objeto,quc,LOTZ KIK'
LOTZ_KIK',Lotz kik',objeto,eng,SLICED RUBBER
LOTZ_KIK',Lotz kik',objeto,spa,LOTZQUÍC
MAJUK'UTAJ,Majuk'utaj,persona,quc,MAJUK'UTAJ
MAJUK'UTAJ,Majuk'utaj,persona,eng,MAHUCUTAH
MAJUK'UTAJ,Majuk'utaj,persona,spa,MAHUCUTAH
MAK_EK',Mak Ek',objeto,quc,MAK EK'
MAK_EK',Mak Ek',objeto,eng,BROMELIA FLOWER
MAK_EK',Mak Ek',objeto,spa,"OJA, EC"
MAKAMOB',Makamob',topónimo,quc,MAKAMOB'
MAKAMOB',Makamob',topónimo,eng,MACAMOB
MAKAMOB',Makamob',topónimo,spa,MACAMOB
MAKUTAX,Makutax,objeto,quc,MAKUTAX
MAKUTAX,Makutax,objeto,eng,ARM BAND
MAKUTAX,Makutax,objeto,spa,MACUTAX
MAQ'A,Maq'a,topónimo,quc,MAQ'A
MAQ'A,Maq'a,topónimo,eng,THEY OF WATER DROPLETS
MAQ'A,Maq'a,topónimo,eng,DAWN
MAQ'A,Maq'a,topónimo,spa,ZACUALPA
MARIA,María,persona,quc,MARÍA
MARIA,María,persona,quc,MARIA
MARIA,María,persona,spa,MA. SSMA.
ME'AWAN,Me'awan,topónimo,quc,ME'AWAN
ME'AWAN,Me'awan,topónimo,eng,MEAUAN
ME'AWAN,Me'awan,topónimo,spa,MEAUAN
MEXICO,México,topónimo,quc,MÉXICO
MEXICO,México,topónimo,quc,MEXICO
MEXICO,México,topónimo,eng,MEXICO
MEXICO,México,topónimo,spa,MEXÍCO
MIXKINA,Mixkina,objeto,quc,MIXKINA
MIXKINA,Mixkina,objeto,eng,HOE
MIXKINA,Mixkina,objeto,spa,AZADON
MIXTAM_POM,Mixtam Pom,objeto,quc,MIXTAM POM
MIXTAM_POM,Mixtam Pom,objeto,eng,MIXTAM COPAL INCENSE
MIXTAM_POM,Mixtam Pom,objeto,spa,MÍXTAM POM
MOLAY,Molay,animal,quc,MOLAY
MOLAY,Molay,animal,eng,FLOCKS
MOLAY,Molay,animal,spa,MOLAY
MOTZ,Motz,topónimo,quc,MOTZ
MOTZ,Motz,topónimo,eng,PLEIADES
MOTZ,Motz,topónimo,spa,"LOS CUATROCÍENTOS MUCHACHOS, MOꜨ"
MU'J,Mu'j,objeto,quc,MU'J
MU'J,Mu'j,objeto,eng,CANOPY
MU'J,Mu'j,objeto,spa,TODO ESTO
NAKXIT,Nakxit,deidad,quc,NAKXIT
NAKXIT,Nakxit,deidad,eng,NACXIT
NAKXIT,Nakxit,deidad,spa,NACXÍT
NEZAHUALCÓYOTL,Nezahualcóyotl,persona,quc,NEZAHUALCÓYOTL
NIJA'IB',Nija'ib',linaje,quc,NIJA'IB'
NIJA'IB',Nija'ib',linaje,eng,NIHAIB
NIJA'IB',Nija'ib',linaje,spa,NÍHAÍBAB
NIK'AJ_B'ICHOQ,Nik'aj B'ichoq,lugar,quc,NIK'AJ B'ICHOQ
NIK'AJ_B'ICHOQ,Nik'aj B'ichoq,lugar,eng,CENTER ANCESTRAL PLOT
NIK'AJ_B'ICHOQ,Nik'aj B'ichoq,lugar,spa,LA MÍTAD DE EL ÇENTRO O REMOLINO
NIK'_AJ_JA,Nik'aj Ja,lugar,quc,NIK'AJ JA
NIK'_AJ_JA,Nik'aj Ja,lugar,quc,NIK' AJ JA
NIK'_AJ_JA,Nik'aj Ja,lugar,eng,CENTER HOUSE
NIK'_AJ_JA,Nik'aj Ja,lugar,spa,LA MÍTAD DE LA CASA
NIK'AQAJ_TAQ'AJ,Nik'aqaj Taq'aj,deidad,quc,NIK'AQAJ TAQ'AJ
NIK'AQAJ_TAQ'AJ,Nik'aqaj Taq'aj,deidad,eng,CENTER
NIK'AQAJ_TAQ'AJ,Nik'aqaj Taq'aj,deidad,eng,MIDDLE PLAIN
NIK'AQAJ_TAQ'AJ,Nik'aqaj Taq'aj,deidad,eng,VALLEY
NIK'AQAJ_TAQ'AJ,Nik'aqaj Taq'aj,deidad,spa,NÍCAHTACAH
NIM_AQ,Nim Aq,deidad,quc,NIM AQ
NIM_AQ,Nim Aq,deidad,eng,GREAT PECCARY
NIM_AQ,Nim Aq,deidad,spa,GRANDE PÍZOTE
NIM_CH'OKOJ,Nim Ch'okoj,oficio,quc,NIM CH'OKOJ
NIM_CH'OKOJ,Nim Ch'okoj,oficio,eng,GREAT STEWARDS
NIM_CH'OKOJ,Nim Ch'okoj,oficio,spa,"GRANDE JUNTA, Y COMBÍTE"
NIM_CH'OKOJ_KAWEQ,Nim Ch'okoj Kaweq,oficio,quc,NIM CH'OKOJ KAWEQ
NIM_CH'OKOJ_KAWEQ,Nim Ch'okoj Kaweq,oficio,eng,GREAT SEATING CAVEC
NIM_CH'OKOJ_KAWEQ,Nim Ch'okoj Kaweq,oficio,spa,NÍM CHOCOH CUEC
NIM_CH'OKOJ_NIJA'IB',Nim Ch'okoj Nija'ib',oficio,quc,NIM CH'OKOJ NIJA'IB'
NIM_CH'OKOJ_NIJA'IB',Nim Ch'okoj Nija'ib',oficio,eng,GREAT STEWARD OF THE NIHAIBS
NIM_CH'OKOJ_NIJA'IB',Nim Ch'okoj Nija'ib',oficio,spa,"NÍM CHOCOH NÍHAÍB, NÍMCHOCOH NÍHAÍB"
NIM_XO'L,Nim Xo'l,topónimo,quc,NIM XO'L
NIM_XO'L,Nim Xo'l,topónimo,eng,HONOR AND RESPECT
NIM_XO'L,Nim Xo'l,topónimo,spa,DE ALLÁ
NIM_XOB'_KARCHAJ,Nim xob' Karchaj,topónimo,quc,NIM XOB' KARCHAJ
NIM_XOB'_KARCHAJ,Nim xob' Karchaj,topónimo,eng,HONOR AND RESPECT AT CARCHAH
NIM_XOB'_KARCHAJ,Nim xob' Karchaj,topónimo,spa,NÍM XOB CARCHAH
NIMA_CH'OKOJ,Nima Ch'okoj,oficio,quc,NIMA CH'OKOJ
NIMA_CH'OKOJ,Nima Ch'okoj,oficio,eng,ELEVEN GREAT STEWARDS
NIMA_CH'OKOJ,Nima Ch'okoj,oficio,spa,ONCE GRANDES COMBÍTES
NIMA_K'AMJA,Nima K'amja,oficio,quc,NIMA K'AMJA
NIMA_K'AMJA,Nima K'amja,oficio,eng,GREAT RECEPTION HOUSE
NIMA_K'AMJA,Nima K'amja,oficio,spa,NÍMA CAMHA
NIMA_LOLMET_YE'OLTUX,Nima Lolmet Ye'oltux,oficio,quc,NIMA LOLMET YE'OLTUX
NIMA_LOLMET_YE'OLTUX,Nima Lolmet Ye'oltux,oficio,eng,GREAT EMISSARY GIVER OF SPROUTS
NIMA_LOLMET_YE'OLTUX,Nima Lolmet Ye'oltux,oficio,spa,NÍMA LOLMET YEOLTUX
NIMA_SIS,Nima Sis,deidad,quc,NIMA SIS
NIMA_SIS,Nima Sis,deidad,eng,GREAT COATI
NIMA_SIS,Nima Sis,deidad,spa,GRANDES
NIMA'Q_TZ'AQ_TOJIL,Nima'a Tz'aq Tojil,topónimo,quc,NIMA'A TZ'AQ TOJIL
NIMA'Q_TZ'AQ_TOJIL,Nima'a Tz'aq Tojil,topónimo,quc,NIMA'Q TZ'AQ TOJIL
NIMA'Q_TZ'AQ_TOJIL,Nima'a Tz'aq Tojil,topónimo,eng,GREAT TEMPLE OF TOHIL
NIMA'Q_TZ'AQ_TOJIL,Nima'a Tz'aq Tojil,topónimo,spa,"LA CASA DE EL ÍDOLO, EL GRANDE EDÍFÍÇÍO DE EL TOHÍL"
NOJ,Noj,objeto,quc,NOJ
NOJ,Noj,objeto,eng,PITCH
NOJ,Noj,objeto,spa,RA CHAC NOH
NU'_SIWAN,Nu' Siwan,topónimo,quc,NU' SIWAN
NU'_SIWAN,Nu' Siwan,topónimo,eng,TREMBLING CANYON
NU'_SIWAN,Nu' Siwan,topónimo,spa,FUERTE VARRANCA
ORDEN_DE_PREDICADORES,Orden de Predicadores,linaje,quc,ORDEN DE PREDICADORES
ORDEN_DE_PREDICADORES,Orden de Predicadores,linaje,eng,ORDER OF PREACHERS
ORDEN_DE_PREDICADORES,Orden de Predicadores,linaje,spa,SAGRADO ORDEN DE PRAEDICADORES
OXIB'_KEJ_KQDOCE,Oxib' Kej (gen. 12),persona,quc,OXIB' KEJ (GEN. 12)
OXIB'_KEJ_KQDOCE,Oxib' Kej (gen. 12),persona,quc,OXIB' KEJ KQDOCE
OXIB'_KEJ_KQDOCE,Oxib' Kej (gen. 12),persona,eng,THREE DEER
OXIB'_KEJ_KQDOCE,Oxib' Kej (gen. 12),persona,spa,OXIBQUEH
OXIB_RI_NIM_JA,Oxib' ri nim ja,linaje,quc,OXIB' RI NIM JA
OXIB_RI_NIM_JA,Oxib' ri nim ja,linaje,quc,OXIB RI NIM JA
OXIB_RI_NIM_JA,Oxib' ri nim ja,linaje,eng,THREE GREAT HOUSES
OXIB_RI_NIM_JA,Oxib' ri nim ja,linaje,spa,TRES CASAS GRANDES
PA_AWILIX,Pa Awilix,topónimo,quc,PA AWILIX
PA_AWILIX,Pa Awilix,topónimo,eng,PLACE OF AWILIX
PA_AWILIX,Pa Awilix,topónimo,spa,EN AUÍLÍS
PA_MAK'A',Pa Mak'a',topónimo,quc,PA MAK'A'
PA_MAK'A',Pa Mak'a',topónimo,eng,PLACE OF WATER DROPLETS
PA_MAK'A',Pa Mak'a',topónimo,spa,ꜨACUALPA
PA_TOJIL,Pa Tojil,topónimo,quc,PA TOJIL
PA_TOJIL,Pa Tojil,topónimo,eng,PLACE OF TOHIL
PA_TOJIL,Pa Tojil,topónimo,spa,PATOHÍL
PACHQ'AB',Pach'q'ab',objeto,quc,PACH'Q'AB'
PACHQ'AB',Pach'q'ab',objeto,quc,PACHQ'AB'
PACHQ'AB',Pach'q'ab',objeto,eng,ARM PROTECTORS
PACHQ'AB',Pach'q'ab',objeto,spa,LA PALA
PAK'AM,Pak'am,deidad,quc,PAK'AM
PAK'AM,Pak'am,deidad,eng,ASCENDED
PAK'AM,Pak'am,deidad,spa,XULUPACAM
PALO,Palo,lugar,quc,PALO
PALO,Palo,lugar,eng,SEA
PALO,Palo,lugar,spa,EL MAR / LA MAR
PAM_KAJ_UPAM_ULEW,"Pam Kaj, Upam Ulew",lugar,quc,"PAM KAJ, UPAM ULEW"
PAM_KAJ_UPAM_ULEW,"Pam Kaj, Upam Ulew",lugar,quc,PAM KAJ UPAM ULEW
PAM_KAJ_UPAM_ULEW,"Pam Kaj, Upam Ulew",lugar,eng,THE FOUR SIDES AND THE FOUR CORNERS
PAM_KAJ_UPAM_ULEW,"Pam Kaj, Upam Ulew",lugar,spa,"VÍENTRE DE EL CIELO, VÍENTRE DE LA TÍERRA, Y QUATRO ESQUÍNAS"
PATAN,Patan,deidad,quc,PATAN
PATAN,Patan,deidad,eng,PACKSTRAP
PATAN,Patan,deidad,spa,PATAN
PAXIL,Paxil,topónimo,quc,PAXIL
PAXIL,Paxil,topónimo,eng,SPLIT MOUNTAIN
PAXIL,Paxil,topónimo,spa,PAXIL
PEDRO_APIANO,Pedro Apiano,persona,quc,PEDRO APIANO
PEDRO_APIANO,Pedro Apiano,persona,spa,DOCTOR PO. APÍANO
PEK_UL_YA',Pek ul ya',topónimo,quc,PEK UL YA'
PEK_UL_YA',Pek ul ya',topónimo,eng,PECULYA
PEK_UL_YA',Pek ul ya',topónimo,spa,PECUL
PEQ,Peq,objeto,quc,PEQ
PEQ,Peq,objeto,eng,PATAXTE
PEQ,Peq,objeto,spa,EL PATASTE
PETATAYUB',Petatayub',topónimo,quc,PETATAYUB'
PETATAYUB',Petatayub',topónimo,eng,PETATAYUB
PETATAYUB',Petatayub',topónimo,spa,PETAYUB
PICH_KEJ,Pich Kej,objeto,quc,PICH KEJ
PICH_KEJ,Pich Kej,objeto,eng,DEER HOOVES
PICH_KEJ,Pich Kej,objeto,spa,PÍCH. QUEH
PISOM_Q'AQ'AL,Pisom Q'aq'al,objeto,quc,PISOM Q'AQ'AL
PISOM_Q'AQ'AL,Pisom Q'aq'al,objeto,eng,BUNDLED GLORY
PISOM_Q'AQ'AL,Pisom Q'aq'al,objeto,spa,"LA MAGESTAD, Y GRANDEZA EMBUELTA"
POM,Pom,objeto,quc,POM
POM,Pom,objeto,eng,COPAL INCENSE
POM,Pom,objeto,spa,"COPAL O ÍNÇÍENSO, POM"
POPOL_WINAQ_CHI_T'UY,Popol Winaq chi T'uy,oficio,quc,POPOL WINAQ CHI T'UY
POPOL_WINAQ_CHI_T'UY,Popol Winaq chi T'uy,oficio,eng,COUNCILOR OF THE STACKS
POPOL_WINAQ_CHI_T'UY,Popol Winaq chi T'uy,oficio,spa,POPOL VÍNAC CHÍTUÍ
POPOL_WINAQ_PA_JOM_TZALATZ',Popol Winaq pa Jom Tzalatz',oficio,quc,POPOL WINAQ PA JOM TZALATZ'
POPOL_WINAQ_PA_JOM_TZALATZ',Popol Winaq pa Jom Tzalatz',oficio,eng,COUNCILOR IN THE BALLCOURT OF PUNISHMENT
POPOL_WINAQ_PA_JOM_TZALATZ',Popol Winaq pa Jom Tzalatz',oficio,spa,POPOL VÍNAC PAHOM TZALATZ
POPOL_WUJ,Popol Wuj,objeto,quc,POPOL WUJ
POPOL_WUJ,Popol Wuj,objeto,eng,POPOL VUH
POPOL_WUJ,Popol Wuj,objeto,eng,ORIGINAL BOOK
POPOL_WUJ,Popol Wuj,objeto,spa,"LÍBRO COMUN, LIBRO DE TODO, LÍBRO DEL COMUN"
PUCH_IYA,Puch iya,objeto,quc,PUCH IYA
PUCH_IYA,Puch iya,objeto,eng,SPANISH PERICÓN
PUCH_IYA,Puch iya,objeto,spa,PERÍCON
PUJ_CHI_JA',Puj chi ja',topónimo,quc,PUJ CHI JA'
PUJ_CHI_JA',Puj chi ja',topónimo,eng,RIVER OF PUS
PUJ_CHI_JA',Puj chi ja',topónimo,spa,--
PUJ_YA',Puj Ya',lugar,quc,PUJ YA'
PUJ_YA',Puj Ya',lugar,eng,PUS RIVER
PUJ_YA',Puj Ya',lugar,spa,RÍO DE MATERIA
PUJUYU',Pujuyu',deidad,quc,PUJUYU'
PUJUYU',Pujuyu',deidad,eng,WHIPPOORWILL
PUJUYU',Pujuyu',deidad,spa,"PUHUYU, LOS DOS GUARDAS DE LA GUERTA"
PUSB'AL_CHAAJ,Pusb'al Chaaj,lugar,quc,PUSB'AL CHAAJ
PUSB'AL_CHAAJ,Pusb'al Chaaj,lugar,eng,CRUSHING BALLCOURT
PUSB'AL_CHAAJ,Pusb'al Chaaj,lugar,spa,"DONDE ECHABAN LA ZENIZA, ZENÍZERO"
Q'ALEL,Q'alel,oficio,quc,Q'ALEL
Q'ALEL,Q'alel,oficio,eng,MAGISTRATE
Q'ALEL,Q'alel,oficio,spa,EALEL
Q'ALEL_ACHIJ,Q'alel Achij,oficio,quc,Q'ALEL ACHIJ
Q'ALEL_ACHIJ,Q'alel Achij,oficio,eng,MILITARY MAGISTRATE
Q'ALEL_ACHIJ,Q'alel Achij,oficio,spa,V ꜪALEL ACHIH
Q'ALEL_AJAW,Q'alel Ajaw,linaje,quc,Q'ALEL AJAW
Q'ALEL_AJAW,Q'alel Ajaw,linaje,eng,LORD MAGISTRATE
Q'ALEL_AJAW,Q'alel Ajaw,linaje,spa,ꜪALEL AHAU
Q'ALEL_K'AMJA,Q'alel K'amja,oficio,quc,Q'ALEL K'AMJA
Q'ALEL_K'AMJA,Q'alel K'amja,oficio,eng,MAGISTRATE RECEPTION HOUSE
Q'ALEL_K'AMJA,Q'alel K'amja,oficio,spa,CALECAMHA
Q'ALEL_SAQIK,Q'alel Saqik,oficio,quc,Q'ALEL SAQIK
Q'ALEL_SAQIK,Q'alel Saqik,oficio,eng,MAGISTRATE OF THE ZAQUICS
Q'ALEL_SAQIK,Q'alel Saqik,oficio,spa,"EALEL ZAQUIC, EALEL ZAQUÍC"
Q'ALIB'AJ,Q'alib'aj,objeto,quc,Q'ALIB'AJ
Q'ALIB'AJ,Q'alib'aj,objeto,eng,THRONE
Q'ALIB'AJ,Q'alib'aj,objeto,spa,EL TRONO
Q'ANA_B'E,Q'ana b'e,topónimo,quc,Q'ANA B'E
Q'ANA_B'E,Q'ana b'e,topónimo,eng,YELLOW ROAD
Q'ANA_B'E,Q'ana b'e,topónimo,spa,AMARILLO
Q'ANAB'AJ,Q'anab'aj,objeto,quc,Q'ANAB'AJ
Q'ANAB'AJ,Q'anab'aj,objeto,eng,YELLOW STONE
Q'ANAB'AJ,Q'anab'aj,objeto,spa,CHALCHÍGUÍTES
Q'ANTE',Q'ante',objeto,quc,Q'ANTE'
Q'ANTE',Q'ante',objeto,eng,YELLOW TREE
Q'ANTE',Q'ante',objeto,spa,CANTE
Q'AQ'_LAQAM_AKTRES,Q'aq' Laqam (gen. 3),persona,quc,Q'AQ' LAQAM (GEN. 3)
Q'AQ'_LAQAM_AKTRES,Q'aq' Laqam (gen. 3),persona,quc,Q'AQ' LAQAM AKTRES
Q'AQ'_LAQAM_AKTRES,Q'aq' Laqam (gen. 3),persona,eng,RED
Q'AQ'_LAQAM_AKTRES,Q'aq' Laqam (gen. 3),persona,eng,FIRE BANNER
Q'AQ'_LAQAM_AKTRES,Q'aq' Laqam (gen. 3),persona,spa,CAELACAN
Q'EB'AL,Q'eb'al,objeto,quc,Q'EB'AL
Q'EB'AL,Q'eb'al,objeto,eng,MAIZE GRINDERS
Q'EB'AL,Q'eb'al,objeto,spa,LAS PIEDRAS DE MOLER
Q'EQA_B'E,Q'eqa b'e,topónimo,quc,Q'EQA B'E
Q'EQA_B'E,Q'eqa b'e,topónimo,eng,BLACK ROAD
Q'EQA_B'E,Q'eqa b'e,topónimo,spa,EL CAMÍNO NEGRO
Q'EQUMA_JA,Q'equma Ja,lugar,quc,Q'EQUMA JA
Q'EQUMA_JA,Q'equma Ja,lugar,eng,DARKNESS HOUSE
Q'EQUMA_JA,Q'equma Ja,lugar,spa,"CASA OBSCURA, CASA DE OBSCURIDAD"
Q'INOM,Q'inom,objeto,quc,Q'INOM
Q'INOM,Q'inom,objeto,eng,JOCOTES
Q'INOM,Q'inom,objeto,spa,JOCOTES
Q'OJOM,Q'ojom,objeto,quc,Q'OJOM
Q'OJOM,Q'ojom,objeto,eng,DRUM
Q'OJOM,Q'ojom,objeto,spa,"ATAMBOR, CHAMCHAM"
Q'OL,Q'ol,objeto,quc,Q'OL
Q'OL,Q'ol,objeto,eng,RESIN
Q'OL,Q'ol,objeto,spa,RESÍNA
Q'OL_CHE',Q'ol Che',objeto,quc,Q'OL CHE'
Q'OL_CHE',Q'ol Che',objeto,eng,PINE TREE RESIN
Q'OL_CHE',Q'ol Che',objeto,spa,COLCHE
Q'oq,Q'oq,objeto,quc,Q'OQ
Q'oq,Q'oq,objeto,eng,CHILACAYOTE SQUASH
Q'oq,Q'oq,objeto,spa,TORTUGA
Q'UKUMATZ,Q'ukumatz,deidad,quc,Q'UKUMATZ
Q'UKUMATZ,Q'ukumatz,deidad,eng,QUETZAL SERPENT
Q'UKUMATZ,Q'ukumatz,deidad,spa,GUCUMATZ
Q'UKUMATZ_KQCINCO,Q'ukumatz (gen. 5),persona,quc,Q'UKUMATZ (GEN. 5)
Q'UKUMATZ_KQCINCO,Q'ukumatz (gen. 5),persona,quc,Q'UKUMATZ KQCINCO
Q'UKUMATZ_KQCINCO,Q'ukumatz (gen. 5),persona,eng,QUETZAL SERPENT
Q'UKUMATZ_KQCINCO,Q'ukumatz (gen. 5),persona,spa,CUCUMAꜨ
Q'UMARKAJ,Q'umarkaj,topónimo,quc,Q'UMARKAJ
Q'UMARKAJ,Q'umarkaj,topónimo,eng,ANCIENT
Q'UMARKAJ,Q'umarkaj,topónimo,eng,ROTTEN CANES
Q'UMARKAJ,Q'umarkaj,topónimo,eng,REEDS
Q'UMARKAJ,Q'umarkaj,topónimo,spa,CUMARCAAJ
QAMUKU,Qamuku,canto,quc,QAMUKU
QAMUKU,Qamuku,canto,eng,OUR BURIAL
QAMUKU,Qamuku,canto,spa,CAMUCU
XIMENEZ,R.P.F. (Reverendo Padre Fray) Francisco Ximénez,persona,quc,R.P.F. (REVERENDO PADRE FRAY) FRANCISCO XIMÉNEZ
XIMENEZ,R.P.F. (Reverendo Padre Fray) Francisco Ximénez,persona,quc,XIMENEZ
XIMENEZ,R.P.F. (Reverendo Padre Fray) Francisco Ximénez,persona,spa,R.P.F. FRANZÍSCO XIMENEZ
RAB'INALEB',Rab'inaleb',linaje,quc,RAB'INALEB'
RAB'INALEB',Rab'inaleb',linaje,eng,RABINALS
RAB'INALEB',Rab'inaleb',linaje,spa,RABANAL
RABINAL_ACHI,Rabinal Achi,objeto,quc,RABINAL ACHI
RAJAWAL_XIB'ALB'A,Rajawal Xib'alb'a,grupo de deidades,quc,RAJAWAL XIB'ALB'A
RAJAWAL_XIB'ALB'A,Rajawal Xib'alb'a,grupo de deidades,eng,LORDS OF XIBALBA
RAJAWAL_XIB'ALB'A,Rajawal Xib'alb'a,grupo de deidades,spa,SSRES DELÍNFIERNO
RAJPOP,Rajpop,deidad,quc,RAJPOP
RAJPOP,Rajpop,deidad,eng,WAR COUNCILORS
RAJPOP,Rajpop,deidad,spa,SEÑORES PRINZÍPALES
RAJPOP_ACHIJ,Rajpop Achij,oficio,quc,RAJPOP ACHIJ
RAJPOP_ACHIJ,Rajpop Achij,oficio,eng,MILITARY AH POPS
RAJPOP_ACHIJ,Rajpop Achij,oficio,spa,RAH POP ACHÍH
RAJTZ'ALAM_ACHIJ,Rajtz'alam Achij,oficio,quc,RAJTZ'ALAM ACHIJ
RAJTZ'ALAM_ACHIJ,Rajtz'alam Achij,oficio,eng,MILITARY PALISADE MASTERS
RAJTZ'ALAM_ACHIJ,Rajtz'alam Achij,oficio,spa,RAHꜨALAM ACHÍH
RATI'T_Q'IJ,Rati't Q'ij,deidad,quc,RATI'T Q'IJ
RATI'T_Q'IJ,Rati't Q'ij,deidad,eng,GRANDMOTHER OF DAY
RATI'T_Q'IJ,Rati't Q'ij,deidad,spa,ABUELA DE EL SOL
RATI'T_SAQ,Rati't Saq,deidad,quc,RATI'T SAQ
RATI'T_SAQ,Rati't Saq,deidad,eng,GRANDMOTHER OF LIGHT
RATI'T_SAQ,Rati't Saq,deidad,spa,ABUELA DE LA LUNA
RAXA_B'E,Raxa b'e,topónimo,quc,RAXA B'E
RAXA_B'E,Raxa b'e,topónimo,eng,GREEN ROAD
RAXA_B'E,Raxa b'e,topónimo,spa,VERDE
RAXA_KAQULJA,Raxa Kaqulja,deidad,quc,RAXA KAQULJA
RAXA_KAQULJA,Raxa Kaqulja,deidad,eng,SUDDEN THUNDERBOLT
RAXA_KAQULJA,Raxa Kaqulja,deidad,spa,RAXA CACULHA
RAXA_NANAWAK,Raxa Nanawak,deidad,quc,RAXA NANAWAK
RAXA_NANAWAK,Raxa Nanawak,deidad,eng,SUDDEN NANAVAC
RAXA_NANAWAK,Raxa Nanawak,deidad,spa,RAXA NANAVAC
AQUINAS,Saint Thomas Aquinas,persona,quc,SAINT THOMAS AQUINAS
AQUINAS,Saint Thomas Aquinas,persona,quc,AQUINAS
AQUINAS,Saint Thomas Aquinas,persona,spa,THOMAS
SAKIL,Sakil,objeto,quc,SAKIL
SAKIL,Sakil,objeto,eng,SQUASH SEEDS
SAKIL,Sakil,objeto,spa,DE EL CHÍLE
SALMANASAR,Salmanasar,persona,quc,SALMANASAR
SALMANASAR,Salmanasar,persona,spa,SALMANASAR
SAN_ANTON_ILOKAB',San Anton Ilokab',topónimo,quc,SAN ANTON ILOKAB'
SAN_ANTON_ILOKAB',San Anton Ilokab',topónimo,spa,S ANTON ÍLOCAB
SAN_JUAN_BAUTISTA,San Juan Bautista,persona,quc,SAN JUAN BAUTISTA
SAN_JUAN_BAUTISTA,San Juan Bautista,persona,eng,JOHN THE BAPTIST
SAN_JUAN_BAUTISTA,San Juan Bautista,persona,eng,SAINT JOHN THE BAPTIST
SAN_JUAN_BAUTISTA,San Juan Bautista,persona,spa,S. JUO. BAPTÍSTA
SAN_PABLO,San Pablo,persona,quc,SAN PABLO
SAN_PABLO,San Pablo,persona,eng,SAINT PAUL
SAN_PABLO,San Pablo,persona,spa,"S. PABLO, S.PABLO APOSTAL"
FERRER,San Vicente Ferrer,persona,quc,SAN VICENTE FERRER
FERRER,San Vicente Ferrer,persona,quc,FERRER
FERRER,San Vicente Ferrer,persona,spa,FERRER
SANIK,Sanik,animal,quc,SANIK
SANIK,Sanik,animal,eng,ANTS
SANIK,Sanik,animal,spa,LAS HORMIGAS
SANTA_CRUZ,Santa Cruz,topónimo,quc,SANTA CRUZ
SANTA_CRUZ,Santa Cruz,topónimo,eng,SANTA CRUZ
SANTA_CRUZ,Santa Cruz,topónimo,spa,STA CRUZ
SAQ_K'UCH,Saq K'uch,animal,quc,SAQ K'UCH
SAQ_K'UCH,Saq K'uch,animal,eng,WHITE VULTURE
SAQ_K'UCH,Saq K'uch,animal,spa,EL ZOPE BLANCO
SAQAJIB,Saqajib,linaje,quc,SAQAJIB
SAQAJIB,Saqajib,linaje,eng,WHITE EAR OF UNRIPE MAIZE
SAQAJIB,Saqajib,linaje,spa,ZACAHÍB
SAQI_B'E,Saqi b'e,topónimo,quc,SAQI B'E
SAQI_B'E,Saqi b'e,topónimo,eng,WHITE ROAD
SAQI_B'E,Saqi b'e,topónimo,spa,BLANCO
SAQI_K'OXOL,Saqi K'oxol,persona,quc,SAQI K'OXOL
SAQI_K'OXOL,Saqi K'oxol,persona,eng,WHITE
SAQI_K'OXOL,Saqi K'oxol,persona,eng,NOISY
SAQI_K'OXOL,Saqi K'oxol,persona,eng,LIVELY PERSON
SAQI_K'OXOL,Saqi K'oxol,persona,spa,EL DUENDE
SAQI_NIM_AQ_SIS,Saqi Nim Aq Sis,deidad,quc,SAQI NIM AQ SIS
SAQI_NIM_AQ_SIS,Saqi Nim Aq Sis,deidad,eng,GREAT WHITE PECCARY
SAQI_NIM_AQ_SIS,Saqi Nim Aq Sis,deidad,spa,ZAQUINIMA TZŸZ
SAQI_YA,Saqi Ya,topónimo,quc,SAQI YA
SAQI_YA,Saqi Ya,topónimo,eng,WHITE RIVER
SAQI_YA,Saqi Ya,topónimo,spa,ZAQUIYA
SAQIK,Saqik,linaje,quc,SAQIK
SAQIK,Saqik,linaje,eng,MAGISTRATE SAQUIC
SAQIK,Saqik,linaje,spa,ZAQUÍQUÍB
SAQIKAS,Saqikas,animal,quc,SAQIKAS
SAQIKAS,Saqikas,animal,eng,WHITE LIFE
SAQIKAS,Saqikas,animal,spa,CULEBRA
SAQKABAJA,Saqkabaja,topónimo,quc,SAQKABAJA
SAQKABAJA,Saqkabaja,topónimo,eng,PLASTERED HOUSE
SAQKABAJA,Saqkabaja,topónimo,spa,ZACABAHA
SAQULEWAB',Saqulewab',topónimo,quc,SAQULEWAB'
SAQULEWAB',Saqulewab',topónimo,eng,WHITE EARTHS
SAQULEWAB',Saqulewab',topónimo,spa,LOS DE ZACULEUAB
SATANAS,Satanás,deidad,quc,SATANÁS
SATANAS,Satanás,deidad,quc,SATANAS
SATANAS,Satanás,deidad,eng,SATAN
SATANAS,Satanás,deidad,spa,EL DEMONÍO
SILISIB',Silisib',topónimo,quc,SILISIB'
SILISIB',Silisib',topónimo,eng,STAGGERING
SILISIB',Silisib',topónimo,spa,PAZÍLÍZÍB
SIPAKNA,Sipakna,deidad,quc,SIPAKNA
SIPAKNA,Sipakna,deidad,eng,ZIPACNA
SIPAKNA,Sipakna,deidad,spa,ZIPACNA
SIS,Sis,animal,quc,SIS
SIS,Sis,animal,eng,COATI
SIS,Sis,animal,spa,EL PÍZOTE
SITA'L,Sita'l,animal,quc,SITA'L
SITA'L,Sita'l,animal,eng,WASPS
SITA'L,Sita'l,animal,spa,AUÍSPAS
SIYAJA,Siyaja,topónimo,quc,SIYAJA
SIYAJA,Siyaja,topónimo,eng,THEY OF FLOWERING WATER
SIYAJA,Siyaja,topónimo,spa,AHZÍYAHA
SOCHOJ,Sochoj,animal,quc,SOCHOJ
SOCHOJ,Sochoj,animal,eng,RATTLESNAKE
SOCHOJ,Sochoj,animal,spa,LA VÍVORA
SOR_OBISPO,Sor. Obispo,persona,quc,SOR. OBISPO
SOR_OBISPO,Sor. Obispo,persona,quc,SOR OBISPO
SOR_OBISPO,Sor. Obispo,persona,eng,BISHOP FRANCISCO MARROQUÍN
SOR_OBISPO,Sor. Obispo,persona,spa,SEÑOR OBÍSPO
SOTZ,Sotz,animal,quc,SOTZ
SOTZ,Sotz,animal,eng,BAT
SOTZ,Sotz,animal,spa,MURÇÍELAGO
SOTZ'I_JA,Sotz'i Ja,lugar,quc,SOTZ'I JA
SOTZ'I_JA,Sotz'i Ja,lugar,eng,BAT HOUSE
SOTZ'I_JA,Sotz'i Ja,lugar,spa,CASA DE MURZÍELAGOS
SOTZI_JA_CHIMALKAN,Sotz'i Ja Chimalkan,deidad,quc,SOTZ'I JA CHIMALKAN
SOTZI_JA_CHIMALKAN,Sotz'i Ja Chimalkan,deidad,quc,SOTZI JA CHIMALKAN
SOTZI_JA_CHIMALKAN,Sotz'i Ja Chimalkan,deidad,eng,BAT HOUSE
SOTZI_JA_CHIMALKAN,Sotz'i Ja Chimalkan,deidad,eng,CHIMALCAN
SOTZI_JA_CHIMALKAN,Sotz'i Ja Chimalkan,deidad,spa,"TZOTZÍHA, CHÍMAL CAM"
SU_MAJESTAD,Su Majestad,persona,quc,SU MAJESTAD
SU_MAJESTAD,Su Majestad,persona,eng,HIS MAJESTY
SU_MAJESTAD,Su Majestad,persona,spa,"SU MAGESTAD, SU MAG., SU MAG."
SU',Su',objeto,quc,SU'
SU',Su',objeto,eng,FLUTE
SU',Su',objeto,spa,FLAUTA
SUB'AQ,Sub'aq,objeto,quc,SUB'AQ
SUB'AQ,Sub'aq,objeto,eng,BONE FLUTE
SUB'AQ,Sub'aq,objeto,spa,FLAUTA
SUYWA,Suywa,topónimo,quc,SUYWA
SUYWA,Suywa,topónimo,eng,ZUYVA
SUYWA,Suywa,topónimo,spa,TULAN
T'OT_TATAN,T'ot' Tatan,objeto,quc,T'OT' TATAN
T'OT_TATAN,T'ot' Tatan,objeto,quc,T'OT TATAN
T'OT_TATAN,T'ot' Tatan,objeto,eng,SNAILSHELL RATTLE
T'OT_TATAN,T'ot' Tatan,objeto,spa,TOT. TATAM
TAMASUL,Tamasul,animal,quc,TAMASUL
TAMASUL,Tamasul,animal,eng,TOAD
TAMASUL,Tamasul,animal,spa,TAMAZUL
TAMUB',Tamub',linaje,quc,TAMUB'
TAMUB',Tamub',linaje,eng,TAMUB
TAMUB',Tamub',linaje,spa,TAMUB
TAP,Tap,animal,quc,TAP
TAP,Tap,animal,eng,CRAB
TAP,Tap,animal,spa,CANGREJO
TAPA'L,Tapa'l,objeto,quc,TAPA'L
TAPA'L,Tapa'l,objeto,eng,NANCES
TAPA'L,Tapa'l,objeto,spa,NANSES
TATIL,Tatil,objeto,quc,TATIL
TATIL,Tatil,objeto,eng,SHINING BLACK POWDER
TATIL,Tatil,objeto,spa,OTRA FLAUTA
TEKUM,Tekum,persona,quc,TEKUM
TEKUM,Tekum,persona,eng,ENTHRONED
TEKUM,Tekum,persona,spa,TECUM
TEKUM_KQTRECE,Tekum (gen. 13),persona,quc,TEKUM (GEN. 13)
TEKUM_KQTRECE,Tekum (gen. 13),persona,quc,TEKUM KQTRECE
TEKUM_KQTRECE,Tekum (gen. 13),persona,eng,ENTHRONED
TEKUM_KQTRECE,Tekum (gen. 13),persona,spa,TECUM
TEKUM_KQNUEVE,Tekum (gen. 9),persona,quc,TEKUM (GEN. 9)
TEKUM_KQNUEVE,Tekum (gen. 9),persona,quc,TEKUM KQNUEVE
TEKUM_KQNUEVE,Tekum (gen. 9),persona,eng,ENTHRONED
TEKUM_KQNUEVE,Tekum (gen. 9),persona,spa,TECUM
TEPEPUL,Tepepul,persona,quc,TEPEPUL
TEPEPUL,Tepepul,persona,eng,GREAT CONQUEROR
TEPEPUL,Tepepul,persona,spa,TEPEPUL
TEPEPUL_KQOCHO,Tepepul  (gen. 8),persona,quc,TEPEPUL (GEN. 8)
TEPEPUL_KQOCHO,Tepepul  (gen. 8),persona,quc,TEPEPUL KQOCHO
TEPEPUL_KQOCHO,Tepepul  (gen. 8),persona,eng,GREAT CONQUEROR
TEPEPUL_KQOCHO,Tepepul  (gen. 8),persona,spa,TEPEPUL
TEPEPUL_KQTRECE,Tepepul (gen. 13),persona,quc,TEPEPUL (GEN. 13)
TEPEPUL_KQTRECE,Tepepul (gen. 13),persona,quc,TEPEPUL KQTRECE
TEPEPUL_KQTRECE,Tepepul (gen. 13),persona,eng,GREAT CONQUEROR
TEPEPUL_KQTRECE,Tepepul (gen. 13),persona,spa,TEPEPUL
TEPEPUL_KQSEIS,Tepepul (gen. 6),persona,quc,TEPEPUL (GEN. 6)
TEPEPUL_KQSEIS,Tepepul (gen. 6),persona,quc,TEPEPUL KQSEIS
TEPEPUL_KQSEIS,Tepepul (gen. 6),persona,eng,GREAT CONQUEROR
TEPEPUL_KQSEIS,Tepepul (gen. 6),persona,spa,"TEPEPUL, TEPEPUL ZTAYUL"
TEPEPUL_KQNUEVE,Tepepul (gen. 9),persona,quc,TEPEPUL (GEN. 9)
TEPEPUL_KQNUEVE,Tepepul (gen. 9),persona,quc,TEPEPUL KQNUEVE
TEPEPUL_KQNUEVE,Tepepul (gen. 9),persona,eng,GREAT CONQUEROR
TEPEPUL_KQNUEVE,Tepepul (gen. 9),persona,spa,TEPEPUL
TEPEW,Tepew,oficio,quc,TEPEW
TEPEW,Tepew,oficio,eng,SOVEREIGNTY
TEPEW,Tepew,oficio,spa,TEPEU
TEPEW_OLOMAN,Tepew Oloman,linaje,quc,TEPEW OLOMAN
TEPEW_OLOMAN,Tepew Oloman,linaje,eng,TEPEU AND OLIMAN
TEPEW_OLOMAN,Tepew Oloman,linaje,spa,TEPEU OLÍMAN
TEPEW_Q'UKUMATZ,Tepew Q'ukumatz,deidad,quc,TEPEW Q'UKUMATZ
TEPEW_Q'UKUMATZ,Tepew Q'ukumatz,deidad,eng,QUETZAL SERPENT
TEPEW_Q'UKUMATZ,Tepew Q'ukumatz,deidad,spa,TEPEU Y GUCUMATZ
TEXCOCO,Texcoco,topónimo,quc,TEXCOCO
TIJOB'AL_JA,Tijob'al Ja,lugar,quc,TIJOB'AL JA
TIJOB'AL_JA,Tijob'al Ja,lugar,eng,HOUSES OF TRIAL
TIJOB'AL_JA,Tijob'al Ja,lugar,spa,ELLOS [LOS CASTIGOS]
TINAMIT_K'ICHE',Tinamit K'iche',topónimo,quc,TINAMIT K'ICHE'
TINAMIT_K'ICHE',Tinamit K'iche',topónimo,eng,QUICHÉ CITADEL
TINAMIT_K'ICHE',Tinamit K'iche',topónimo,spa,EL PUEBLO DE QUICHE
TOJIL,Tojil,deidad,quc,TOJIL
TOJIL,Tojil,deidad,eng,TOHIL
TOJIL,Tojil,deidad,spa,TOHÍL
TOROB,Torob,objeto,quc,TOROB
TOROB,Torob,objeto,eng,FALLEN GRAIN
TOROB,Torob,objeto,spa,EL ZACATE
TUJAL_JA,Tujal Ja,topónimo,quc,TUJAL JA
TUJAL_JA,Tujal Ja,topónimo,eng,SWEATBATH HOUSE
TUJAL_JA,Tujal Ja,topónimo,spa,TUHAL HA
TUKUMB'ALAM,Tukumb'alam,animal,quc,TUKUMB'ALAM
TUKUMB'ALAM,Tukumb'alam,animal,eng,STRIKING JAGUAR
TUKUMB'ALAM,Tukumb'alam,animal,spa,TUCUMBALAM
TUKUR,Tukur,animal,quc,TUKUR
TUKUR,Tukur,animal,eng,OWL
TUKUR,Tukur,animal,spa,VN TECOLOTE
TULÁN,Tulán,topónimo,quc,TULÁN
TULÁN,Tulán,topónimo,eng,TULAN
TULÁN,Tulán,topónimo,spa,TULAN ZU
TULUL,Tulul,objeto,quc,TULUL
TULUL,Tulul,objeto,eng,ZAPOTES
TULUL,Tulul,objeto,spa,ZAPOTES
TZ'AQOL,Tz'aqol,deidad,quc,TZ'AQOL
TZ'AQOL,Tz'aqol,deidad,eng,FRAMER
TZ'AQOL,Tz'aqol,deidad,spa,TZACOL
TZ'I',TZ'I',objeto,quc,TZ'I'
TZ'I',TZ'I',objeto,eng,DOGS
TZ'I',TZ'I',objeto,spa,PERROS
TZ'IKIN,Tz'ikin,animal,quc,TZ'IKIN
TZ'IKIN,Tz'ikin,animal,eng,BIRD
TZ'IKIN,Tz'ikin,animal,spa,"EL PAXARO, LAS AVES, PAXARO"
TZ'ITE',Tz'ite',objeto,quc,TZ'ITE'
TZ'ITE',Tz'ite',objeto,eng,TZ'ITE
TZ'ITE',Tz'ite',objeto,spa,EL ꜨITÉ
TZ'OLOJ_CHE',Tz'oloj Che',topónimo,quc,TZ'OLOJ CHE'
TZ'OLOJ_CHE',Tz'oloj Che',topónimo,eng,WILLOW TREE
TZ'OLOJ_CHE',Tz'oloj Che',topónimo,spa,MOMOSTENANGO
TZ'UM,Tz'um,objeto,quc,TZ'UM
TZ'UM,Tz'um,objeto,eng,LEATHERS
TZ'UM,Tz'um,objeto,spa,EL CUERO
TZ'UNUNI_JA',Tz'ununi Ja',persona,quc,TZ'UNUNI JA'
TZ'UNUNI_JA',Tz'ununi Ja',persona,eng,HUMMINGBIRD HOUSE
TZ'UNUNI_JA',Tz'ununi Ja',persona,spa,ꜨUNUNÍHA
TZ'UTU_JA,Tz'utu Ja,lugar,quc,TZ'UTU JA
TZ'UTU_JA,Tz'utu Ja,lugar,eng,MAIZE FLOWER HOUSE
TZ'UTU_JA,Tz'utu Ja,lugar,spa,ꜨUTUHA
TZ'UTUJA,Tz'utuja,linaje,quc,TZ'UTUJA
TZ'UTUJA,Tz'utuja,linaje,eng,MAIZE FLOWER HOUSE
TZ'UTUJA,Tz'utuja,linaje,spa,SOR. TZUTUHA
TZAMIY,Tzamiy,objeto,quc,TZAMIY
TZAMIY,Tzamiy,objeto,eng,CORN SILK
TZAMIY,Tzamiy,objeto,spa,LAS BARBAS
Tzi,Tzi,objeto,quc,TZI
Tzi,Tzi,objeto,spa,QUI TZI
TZIKWIL_B'ALAM,Tzikwil B'alam,objeto,quc,TZIKWIL B'ALAM
TZIKWIL_B'ALAM,Tzikwil B'alam,objeto,eng,JAGUAR PAWS
TZIKWIL_B'ALAM,Tzikwil B'alam,objeto,spa,ꜨÍCUÍL BALAM
TZIKWIL_KOJ,Tzikwil Koj,objeto,quc,TZIKWIL KOJ
TZIKWIL_KOJ,Tzikwil Koj,objeto,eng,PUMA PAWS
TZIKWIL_KOJ,Tzikwil Koj,objeto,spa,ꜨÍCVIL COH
TZIMA,Tzima,objeto,quc,TZIMA
TZIMA,Tzima,objeto,eng,CALABASH
TZIMA,Tzima,objeto,spa,LA HÍCARA
UCH'AB'AJA,Uch'ab'aja,linaje,quc,UCH'AB'AJA
UCH'AB'AJA,Uch'ab'aja,linaje,eng,HOUSE OF ARROWS
UCH'AB'AJA,Uch'ab'aja,linaje,eng,SPEECH
UCH'AB'AJA,Uch'ab'aja,linaje,spa,VCHABAHA
UCHUCH_K'AMJA,Uchuch K'amja,oficio,quc,UCHUCH K'AMJA
UCHUCH_K'AMJA,Uchuch K'amja,oficio,eng,ITS MOTHER RECEPTION HOUSE
UCHUCH_K'AMJA,Uchuch K'amja,oficio,spa,"VCHUCHCAMHA, UCHUCH CAMHA, VCHUCH CAMHA"
UK',Uk',animal,quc,UK'
UK',Uk',animal,eng,LOUSE
UK',Uk',animal,spa,EL PIOJO
UK'U'X_CHO,Uk'u'x Cho,deidad,quc,UK'U'X CHO
UK'U'X_CHO,Uk'u'x Cho,deidad,eng,HEART OF LAKE
UK'U'X_CHO,Uk'u'x Cho,deidad,spa,VGUXCHO
UK'U'X_KAJ,Uk'u'x Kaj,deidad,quc,UK'U'X KAJ
UK'U'X_KAJ,Uk'u'x Kaj,deidad,eng,HEART OF SKY
UK'U'X_KAJ,Uk'u'x Kaj,deidad,spa,"EL CORAZON DE EL ZIELO, Q'SE LLAMA HURACAN"
UK'U'X_KAJ_UK'U'X_ULEW,Uk'u'x Kaj Uk'u'x Ulew,grupo de deidades,quc,UK'U'X KAJ UK'U'X ULEW
UK'U'X_KAJ_UK'U'X_ULEW,Uk'u'x Kaj Uk'u'x Ulew,grupo de deidades,eng,HEART OF SKY AND HEART OF EARTH
UK'U'X_KAJ_UK'U'X_ULEW,Uk'u'x Kaj Uk'u'x Ulew,grupo de deidades,spa,"EL CORAZON DE EL ZIELO, Y EL CORAZON DE LA TIERRA"
UK'U'X_PALO,Uk'u'x Palo,deidad,quc,UK'U'X PALO
UK'U'X_PALO,Uk'u'x Palo,deidad,eng,HEART OF SEA
UK'U'X_PALO,Uk'u'x Palo,deidad,spa,VGUXPALO
UK'U'X_ULEW,Uk'u'x Ulew,deidad,quc,UK'U'X ULEW
UK'U'X_ULEW,Uk'u'x Ulew,deidad,eng,HEART OF EARTH
UK'U'X_ULEW,Uk'u'x Ulew,deidad,spa,"VQUXULEU, EL CORAZON DE LA TIERRA"
UMUL,Umul,animal,quc,UMUL
UMUL,Umul,animal,eng,RABBIT
UMUL,Umul,animal,spa,EL CONEJO
US,Us,animal,quc,US
US,Us,animal,eng,SMALL BITING FLY
US,Us,animal,spa,ES COMO MOSQUITO
USAMAJEL_XIB'ALB'A,Usamajel Xib'alb'a,grupo de deidades,quc,USAMAJEL XIB'ALB'A
USAMAJEL_XIB'ALB'A,Usamajel Xib'alb'a,grupo de deidades,eng,MESSENGERS OF XIBALBA
USAMAJEL_XIB'ALB'A,Usamajel Xib'alb'a,grupo de deidades,spa,LOS MENSAGEROS DE EL ÍNFÍERNO
UTIW,Utiw,animal,quc,UTIW
UTIW,Utiw,animal,eng,COYOTE
UTIW,Utiw,animal,spa,EL LOBO
UTZUTZIL_JOM,Utz'utz'il jom,lugar,quc,UTZ'UTZ'IL JOM
UTZUTZIL_JOM,Utz'utz'il jom,lugar,quc,UTZUTZIL JOM
UTZUTZIL_JOM,Utz'utz'il jom,lugar,eng,THE RIM OF THE BALLCOURT
UTZUTZIL_JOM,Utz'utz'il jom,lugar,spa,EL ÇEMENTERÍO
UTZA'M_ACHIJ,Utza'm Achij,oficio,quc,UTZA'M ACHIJ
UTZA'M_ACHIJ,Utza'm Achij,oficio,eng,THEIR POINT WARRIORS
UTZA'M_ACHIJ,Utza'm Achij,oficio,spa,V ꜨAMACHÍH
WA,Wa,objeto,quc,WA
WA,Wa,objeto,eng,FOOD
WA,Wa,objeto,spa,"BASTÍMENTO, TORTILLAS"
WACHSOT,Wachsot,objeto,quc,WACHSOT
WACHSOT,Wachsot,objeto,eng,FACE MASKS
WACHSOT,Wachsot,objeto,spa,EL ZERCO DE LA CARA
WAJXALAJUJ,Wajxalajuj,topónimo,quc,WAJXALAJUJ
WAJXALAJUJ,Wajxalajuj,topónimo,eng,EIGHTEEN
WAJXALAJUJ,Wajxalajuj,topónimo,spa,DÍEZYOCHO
WAJXAQIB'_K'AM_KQDIEZ,Wajxaqib' K'am (gen. 10),persona,quc,WAJXAQIB' K'AM (GEN. 10)
WAJXAQIB'_K'AM_KQDIEZ,Wajxaqib' K'am (gen. 10),persona,quc,WAJXAQIB' K'AM KQDIEZ
WAJXAQIB'_K'AM_KQDIEZ,Wajxaqib' K'am (gen. 10),persona,eng,EIGHT CORD
WAJXAQIB'_K'AM_KQDIEZ,Wajxaqib' K'am (gen. 10),persona,spa,VAHXAQUÍ CAAM
WAK,Wak,animal,quc,WAK
WAK,Wak,animal,eng,FALCON
WAK,Wak,animal,spa,VAC
WILA',Wila',topónimo,quc,WILA'
WILA',Wila',topónimo,eng,THEY OF ITS TOP STINGING NETTLES
WILA',Wila',topónimo,spa,CHUUÍLA
WINAQ_B'ALAM_AKNUEVE,Winaq B'alam (gen. 9),persona,quc,WINAQ B'ALAM (GEN. 9)
WINAQ_B'ALAM_AKNUEVE,Winaq B'alam (gen. 9),persona,quc,WINAQ B'ALAM AKNUEVE
WINAQ_B'ALAM_AKNUEVE,Winaq B'alam (gen. 9),persona,eng,PERSON AND COUNSELOR
WINAQ_B'ALAM_AKNUEVE,Winaq B'alam (gen. 9),persona,eng,DOER
WINAQ_B'ALAM_AKNUEVE,Winaq B'alam (gen. 9),persona,spa,VÍNAC BAM
WOK,Wok,animal,quc,WOK
WOK,Wok,animal,eng,FALCON
WOK,Wok,animal,spa,VOX
WONON,Wonon,animal,quc,WONON
WONON,Wonon,animal,eng,HORNETS
WONON,Wonon,animal,spa,TABANOS
WUB,Wub',objeto,quc,WUB'
WUB,Wub',objeto,quc,WUB
WUB,Wub',objeto,eng,BLOWGUN
WUB,Wub',objeto,spa,"CERBATANA, ZERVATANA"
WUCH',Wuch',animal,quc,WUCH'
WUCH',Wuch',animal,eng,POSSUM
WUCH',Wuch',animal,spa,ÇOPÍLOTE
WUQUB'_AJ_AKSEIS,Wuqub' Aj (gen. 6),persona,quc,WUQUB' AJ (GEN. 6)
WUQUB'_AJ_AKSEIS,Wuqub' Aj (gen. 6),persona,quc,WUQUB' AJ AKSEIS
WUQUB'_AJ_AKSEIS,Wuqub' Aj (gen. 6),persona,eng,SEVEN REED
WUQUB'_AJ_AKSEIS,Wuqub' Aj (gen. 6),persona,eng,CANE
WUQUB'_AJ_AKSEIS,Wuqub' Aj (gen. 6),persona,spa,VUCUB AH
WUQUB'_JUNAJPU,Wuqub' Junajpu,deidad,quc,WUQUB' JUNAJPU
WUQUB'_JUNAJPU,Wuqub' Junajpu,deidad,eng,SEVEN HUNAHPU
WUQUB'_JUNAJPU,Wuqub' Junajpu,deidad,spa,VVCUB HUN AHPU
WUQUB'_KAME',Wuqub' Kame',deidad,quc,WUQUB' KAME'
WUQUB'_KAME',Wuqub' Kame',deidad,eng,SEVEN DEATH
WUQUB'_KAME',Wuqub' Kame',deidad,spa,VVCUB CAME
WUQUB'_KAQIX,Wuqub' Kaqix,deidad,quc,WUQUB' KAQIX
WUQUB'_KAQIX,Wuqub' Kaqix,deidad,eng,SEVEN MACAW
WUQUB'_KAQIX,Wuqub' Kaqix,deidad,spa,VVCUB CAQUIX
WUQUB'_NO'J_KQONCE,Wuqub' No'j (gen. 11),persona,quc,WUQUB' NO'J (GEN. 11)
WUQUB'_NO'J_KQONCE,Wuqub' No'j (gen. 11),persona,quc,WUQUB' NO'J KQONCE
WUQUB'_NO'J_KQONCE,Wuqub' No'j (gen. 11),persona,eng,SEVEN THOUGHTS
WUQUB'_NO'J_KQONCE,Wuqub' No'j (gen. 11),persona,spa,VUCUB NOH
XA_Q'ANA_JAL,Xa q'ana jal,grupo de deidades,quc,XA Q'ANA JAL
XA_Q'ANA_JAL,Xa q'ana jal,grupo de deidades,eng,THEIR FLESH WAS MERELY YELLOW EARS OF MAIZE AND WHITE EARS OF MAIZE
XA_Q'ANA_JAL,Xa q'ana jal,grupo de deidades,spa,"SOLO FUERON MAZORCAS AMARÍLLAS Y BLANCAS SU CARNE, Y SOLO COMÍDA FUERON SUS BRAZOS; Y PIERNAS DE LOS HOMBRES"
XA'N,Xa'n,animal,quc,XA'N
XA'N,Xa'n,animal,eng,MOSQUITO
XA'N,Xa'n,animal,spa,XAN
XAJB'AKYEJ,Xajb'akyej,topónimo,quc,XAJB'AKYEJ
XAJB'AKYEJ,Xajb'akyej,topónimo,eng,DANCING PLACE
XAJB'AKYEJ,Xajb'akyej,topónimo,eng,COSTUME DEER
XAJB'AKYEJ,Xajb'akyej,topónimo,spa,SAHBAQUÍCH
XAJOJ_KUX,Xajoj Kux,danza,quc,XAJOJ KUX
XAJOJ_KUX,Xajoj Kux,danza,eng,DANCE OF THE WEASEL
XAJOJ_KUX,Xajoj Kux,danza,spa,DELA COMADREJA
XAJOJ_PUJUY,Xajoj Pujuy,danza,quc,XAJOJ PUJUY
XAJOJ_PUJUY,Xajoj Pujuy,danza,eng,DANCE OF THE WHIPPOORWILL
XAJOJ_PUJUY,Xajoj Pujuy,danza,spa,EL PAHUY
XAYAB'AJ,Xayab'aj,topónimo,quc,XAYAB'AJ
XAYAB'AJ,Xayab'aj,topónimo,eng,THEY OF COMBED MOUNTAIN
XAYAB'AJ,Xayab'aj,topónimo,spa,XOYABAH
XB'ALAMQ'E,Xb'alamq'e,deidad,quc,XB'ALAMQ'E
XB'ALAMQ'E,Xb'alamq'e,deidad,eng,BABY JAGUAR
XB'ALAMQ'E,Xb'alamq'e,deidad,spa,XBALANQUE
XE'_B'ALAX,Xe' B'alax,topónimo,quc,XE' B'ALAX
XE'_B'ALAX,Xe' B'alax,topónimo,eng,UNDER TWISTED CORD
XE'_B'ALAX,Xe' B'alax,topónimo,spa,XEBALAX
XE'_X'A'MAQ,Xe' K'a'maq,topónimo,quc,XE' K'A'MAQ
XE'_X'A'MAQ,Xe' K'a'maq,topónimo,quc,XE' X'A'MAQ
XE'_X'A'MAQ,Xe' K'a'maq,topónimo,eng,UNDER STRING
XE'_X'A'MAQ,Xe' K'a'maq,topónimo,spa,XECAMAC
XELAJUJ,Xelajuj,topónimo,quc,XELAJUJ
XELAJUJ,Xelajuj,topónimo,eng,BELOW TEN
XELAJUJ,Xelajuj,topónimo,spa,QUEZALTENANGO
XIB'ALB'A,Xib'alb'a,lugar,quc,XIB'ALB'A
XIB'ALB'A,Xib'alb'a,lugar,eng,PLACE OF FEAR
XIB'ALB'A,Xib'alb'a,lugar,spa,EL ÍNFIERNO
XIK,Xik,animal,quc,XIK
XIK,Xik,animal,eng,FALCON
XIK,Xik,animal,spa,EL PAXARO
AJAW_XIK,Xik,deidad,quc,XIK
AJAW_XIK,Xik,deidad,quc,AJAW XIK
AJAW_XIK,Xik,deidad,eng,LORD RING
AJAW_XIK,Xik,deidad,spa,XÍC
XIKIRIPAT,Xikiripat,deidad,quc,XIKIRIPAT
XIKIRIPAT,Xikiripat,deidad,eng,FLYING SCAB
XIKIRIPAT,Xikiripat,deidad,spa,XÍQUÍRIPAT
XMUKUR,Xmukur,animal,quc,XMUKUR
XMUKUR,Xmukur,animal,eng,TURTLE DOVE
XMUKUR,Xmukur,animal,spa,XMUCUR/LA PALOMA
XOCHIQUETZAL,Xōchiquetzal,deidad,quc,XŌCHIQUETZAL
XOCHIQUETZAL,Xōchiquetzal,deidad,quc,XOCHIQUETZAL
XOCHIQUETZAL,Xōchiquetzal,deidad,spa,XUCHÍNQUEꜨALÍ
XOT,Xot,objeto,quc,XOT
XOT,Xot,objeto,eng,GRIDDLES
XOT,Xot,objeto,spa,COMALES
XPIYAKOK,Xpiyakok,deidad,quc,XPIYAKOK
XPIYAKOK,Xpiyakok,deidad,eng,XPIYACOC (PATRIARCH)
XPIYAKOK,Xpiyakok,deidad,spa,XPIYACOC
XPURPUWEQ,Xpurpuweq,deidad,quc,XPURPUWEQ
XPURPUWEQ,Xpurpuweq,deidad,eng,SHPURPUWEK
XPURPUWEQ,Xpurpuweq,deidad,spa,XPARPUEC
XTZUL,Xtzul,danza,quc,XTZUL
XTZUL,Xtzul,danza,eng,CENTIPEDE
XTZUL,Xtzul,danza,spa,DEL XꜨUL
XULU,Xulu,deidad,quc,XULU
XULU,Xulu,deidad,eng,DESCENDED
XULU,Xulu,deidad,spa,XULUPACAM
XUXULIM_JA,Xuxulim Ja,lugar,quc,XUXULIM JA
XUXULIM_JA,Xuxulim Ja,lugar,eng,SHIVERING HOUSE
XUXULIM_JA,Xuxulim Ja,lugar,spa,CASA DONDE ARRODILLABAN
YA'XKANUL,Ya'xkanul,topónimo,quc,YA'XKANUL
YA'XKANUL,Ya'xkanul,topónimo,eng,XCANUL
YA'XKANUL,Ya'xkanul,topónimo,spa,YAXCANUL
YACHWACH,Yachwach,objeto,quc,YACHWACH
YACHWACH,Yachwach,objeto,eng,HEADDRESS
YACHWACH,Yachwach,objeto,spa,"LA ARGOLLA, LA CORONA"
YAK,Yak,animal,quc,YAK
YAK,Yak,animal,eng,FOX
YAK,Yak,animal,spa,EL GATO DE MONTE
YAKI,Yaki,linaje,quc,YAKI
YAKI,Yaki,linaje,eng,YAQUI
YAKI,Yaki,linaje,spa,YAQUÍ
TEPEW_YAKI,Yaki Tepew,linaje,quc,YAKI TEPEW
TEPEW_YAKI,Yaki Tepew,linaje,quc,TEPEW YAKI
TEPEW_YAKI,Yaki Tepew,linaje,eng,TEPEU YAQUI (SOVEREIGN YAQUI
TEPEW_YAKI,Yaki Tepew,linaje,eng,MEXICAN)
TEPEW_YAKI,Yaki Tepew,linaje,spa,TEPEU YAQUÍ
YAKOLATAM,Yakolatam,persona,quc,YAKOLATAM
YAKOLATAM,Yakolatam,persona,eng,CORNER OF THE REED MAT
YAKOLATAM,Yakolatam,persona,spa,YACOLATAM
YAKOLATAM_UTZA'M_POP_SAQLATOL,Yakolatam Utza'm Pop Saqlatol,oficio,quc,YAKOLATAM UTZA'M POP SAQLATOL
YAKOLATAM_UTZA'M_POP_SAQLATOL,Yakolatam Utza'm Pop Saqlatol,oficio,eng,YACOLATAM (CORNER OF THE REED MAT) ZACLATOL
YAKOLATAM_UTZA'M_POP_SAQLATOL,Yakolatam Utza'm Pop Saqlatol,oficio,spa,"YACOLATAM. 8. VꜨAM POP O, ZACLATOL"
YOLKWAT_KITZALKWAT,Yolkwat Kitzalkwat,deidad,quc,YOLKWAT KITZALKWAT
YOLKWAT_KITZALKWAT,Yolkwat Kitzalkwat,deidad,eng,YOLCUAT QUITZALCUAT
YOLKWAT_KITZALKWAT,Yolkwat Kitzalkwat,deidad,spa,YOLCUAT. QUÍꜨALCUAT
ACHAQ'_IB'OY,Achaq' Ib'oy,persona,quc,ACHAQ' IBOY
B'ALAM_AQ'AB',B'alam Aq'ab',persona,quc,BALAM AQ'AB
B'ALAM_KI'TZE',B'alam Ki'tze',persona,quc,BALAM KI'TZE'
B'ALAM_KOLOB',B'alam Kolob',linaje,quc,BALAM KOLOB
B'ELEJEB'_KEJ,B'elejeb' Kej,persona,quc,BELEJEB KEJ
CHI_PIXAB',Chi Pixab',topónimo,quc,CHI PIXAB
ILOKAB',Ilokab',linaje,quc,ILOKAB
JULISNAB',Julisnab',topónimo,quc,JULISNAB
JUN_B'ATZ',Jun B'atz',deidad,quc,JUN BATZ'
JUN_KAME',Jun Kame',deidad,quc,JUN KAME
KAB'AWIL_POM,Kab'awil Pom,objeto,quc,KABAWIL POM
KAB'RAQAN,Kab'raqan,deidad,quc,KABRAQAN
KANCHAJELEB',Kanchajeleb',linaje,quc,KANCHAJELEB
KAQCHIKELEB',Kaqchikeleb',linaje,quc,KAQCHIKELEB
KAWKEB',Kawkeb',linaje,quc,KAWKEB
K'ULB'A,K'ulb'a,topónimo,quc,K'ULBA
LAMAKIB',Lamakib',linaje,quc,LAMAKIB
MAKAMOB',Makamob',topónimo,quc,MAKAMOB
NIJA'IB',Nija'ib',linaje,quc,NIJA'IB
NIM_CH'OKOJ_NIJA'IB',Nim Ch'okoj Nija'ib',oficio,quc,NIM CH'OKOJ NIJA'IB
PA_MAK'A',Pa Mak'a',topónimo,quc,PA MAKA'
PETATAYUB',Petatayub',topónimo,quc,PETATAYUB
RAB'INALEB',Rab'inaleb',linaje,quc,RABINALEB
SAQULEWAB',Saqulewab',topónimo,quc,SAQULEWAB
TAMUB',Tamub',linaje,quc,TAMUB
WILA',Wila',topónimo,quc,WILA
WUQUB'_JUNAJPU,Wuqub' Junajpu,deidad,quc,WUQUB JUNAJPU
WUQUB'_KAME',Wuqub' Kame',deidad,quc,WUQUB KAME
XAJB'AKYEJ,Xajb'akyej,topónimo,quc,XAJBAKYEJ
XA'N,Xa'n,animal,quc,XAN
XAYAB'AJ,Xayab'aj,topónimo,quc,XAYABAJ
XE'_B'ALAX,Xe' B'alax,topónimo,quc,XE' BALAX
XE'_X'A'MAQ,Xe' K'a'maq,topónimo,quc,XE' K'AMAQ'
XIB'ALB'A,Xib'alb'a,lugar,quc,XIBALBA
AB'IX,AB'IX,,quc,A BIX
AB'IX,AB'IX,,quc,ABIX
AB'IX,AB'IX,,quc,ABIXIC
AB'IX,AB'IX,,quc,ABIXOM
AB'IX,AB'IX,,quc,CA BIX
AB'IX,AB'IX,,quc,CABIX
ACHAQ'_IB'OY,Achaq' Ib'oy,persona,quc,ACHAC IBOY
AJ,Aj,objeto,quc,AH
AJ,Aj,objeto,quc,RI AH
AJACHE',Ajache',objeto,quc,AHACHE
AJAL_MES,Ajal Mes,deidad,quc,AHAL MEZ
AJAL_MES,Ajal Mes,deidad,quc,AHALMEZ
AJAL_PUJ,Ajal Puj,deidad,quc,A HAL PUH
AJAL_PUJ,Ajal Puj,deidad,quc,AHAL PUH
AJAL_PUJ,Ajal Puj,deidad,quc,AHALPUH
AJAL_PUJ,Ajal Puj,deidad,quc,VVC CULEL
AJAL_Q'ANA,Ajal Q'ana,deidad,quc,AHAL CANA
AJAL_Q'ANA,Ajal Q'ana,deidad,quc,AHAL EANA
AJAL_Q'ANA,Ajal Q'ana,deidad,quc,AHALCANA
AJAL_Q'ANA,Ajal Q'ana,deidad,quc,VAHXAC CULEL
AJAL_TOQ'OB,Ajal Toq'ob,deidad,quc,AHAL TOCOB
AJAL_TOQ'OB,Ajal Toq'ob,deidad,quc,AHALTOCOB
AJAQ_Q'ALEL_NJDOCE,AJAQ_Q'ALEL_NJDOCE,,quc,AHAU Q'ALEL
AJAQ_Q'ALEL_NJDOCE,AJAQ_Q'ALEL_NJDOCE,,quc,Z D DON PEDRO DE ROBLES
AJAW_AJTZIK_WINAQ,Ajaw Ajtzik Winaq,oficio,quc,A HAU AH TZIC VINAC
AJAW_AJTZIK_WINAQ,Ajaw Ajtzik Winaq,oficio,quc,AHAU AHTZIC VI NAC
AJAW_AWILIX,Ajaw Awilix,oficio,quc,A HAU AUILIX
AJAW_AWILIX,Ajaw Awilix,oficio,quc,AULIX
AJAW_JAQAWITZ,Ajaw Jaqawitz,persona,quc,AHAU HACAVITZ
AJAW_JAQAWITZ,Ajaw Jaqawitz,persona,quc,H ACAVITZ
AJAW_K'ICHE',Ajaw K'iche',linaje,quc,AHAU QUI CHE
AJAW_K'ICHE',Ajaw K'iche',linaje,quc,AHAU QUICHE
AJAW_K'OTUJA_NJONCE,Ajaw K'otuja (gen. 11),persona,quc,A HAU COTUHA
AJAW_KICHE,AJAW_KICHE,,quc,AHAU QUICHE
AJAW_LOLMET,Ajaw Lolmet,persona,quc,AHAU LOLMET
AJAW_LOLMET,Ajaw Lolmet,persona,quc,L OLMET AHAU
AJAW_NIM_CH'OKOJ,Ajaw Nim Ch'okoj,persona,quc,AHAU NIM CHOCOH
AJAW_NIM_CH'OKOJ,Ajaw Nim Ch'okoj,persona,quc,N IM CHOCOH AHAU
AJAW_NIM_CH'OKOJ,Ajaw Nim Ch'okoj,persona,quc,NIMCHOCOH AHAU
AJAW_Q'ALEL,Ajaw Q'alel,oficio,quc,A HAU Q'ALEL
AJAW_Q'ALEL,Ajaw Q'alel,oficio,quc,AHAU EALEL
AJAW_Q'ALEL,Ajaw Q'alel,oficio,quc,AHAU Q'ALEL
AJAW_Q'ALEL,Ajaw Q'alel,oficio,quc,EALELAHAU
AJAW_Q'ALEL_K'AMJA,Ajaw Q'alel K'amja,oficio,quc,A HAU Q'ALEL CAMHA
AJAW_XIK,Xik,deidad,quc,XIC
AJB'IS,Ajb'is,deidad,quc,AH BIZ
AJBA'TENA_JA,AJBA'TENA_JA,,quc,AH BATENABA
AJBATENAJA,AJBATENAJA,,quc,AH BATENA
AJCH'UMILA_JA,Ajch'umila Ja,linaje,quc,AH CHU MILA HA
AJCH'UT,Ajch'ut,deidad,quc,AH CHUT
AJK'UWAL,Ajk'uwal,deidad,quc,AH CUVAL
AJKIB'A_JA,Ajkib'a Ja,linaje,quc,AHQUIBAHA
AJKIB'A_JA,Ajkib'a Ja,linaje,quc,QUIBAHA
AJLAB'AL,Ajlab'al,deidad,quc,AH LABAL
AJLATZAB',Ajlatzab',deidad,quc,AHLATZAB
AJMAK,Ajmak,deidad,quc,AHMAC
AJMOKEN,Ajmoken,deidad,quc,AH MOQUEN
AJMOX_WACH,Ajmox wach,deidad,quc,AH MOXVACH
AJMUQULIK_K'U'X,Ajmuqulik K'u'x,deidad,quc,AH MUCULIC QUX
AJPATAN,Ajpatan,persona,quc,AHPATAN
AJPOP,Ajpop,oficio,quc,AH POP
AJPOP,Ajpop,oficio,quc,AHPOP
AJPOP,Ajpop,oficio,quc,AHPOPOL
AJPOP_K'AMJA,Ajpop K'amja,oficio,quc,AH POP CAMHA
AJPOP_K'AMJA,Ajpop K'amja,oficio,quc,AHPOP CAMBA
AJPOP_K'AMJA,Ajpop K'amja,oficio,quc,AHPOP CAMHA
AJPOP_K'AMJA,Ajpop K'amja,oficio,quc,AHPOP CAMHAIL
AJPOP_K'AMJA,Ajpop K'amja,oficio,quc,AHPOPCAM HA
AJPOP_K'AMJA,Ajpop K'amja,oficio,quc,AHPOPCAMHA
AJPOP_SOTZ'IL,Ajpop Sotz'il,linaje,quc,AH POZOTZIL
AJPOP_XAJIL,Ajpop Xajil,linaje,quc,AH PO XA
AJQ'OL,Ajq'ol,deidad,quc,AH EOL
AJQ'UKUMATZ,Ajq'ukumatz,oficio,quc,AH CUCUMATZ
AJQ'UKUMATZ,Ajq'ukumatz,oficio,quc,AH CUQ'UMATZ
AJRAXA_LAQ,Ajraxa Laq,deidad,quc,AH RA XALAQ'
AJRAXA_LAQ,Ajraxa Laq,deidad,quc,AH RAXALAC
AJRAXA_TZEL,Ajraxa Tzel,deidad,quc,AH RAXATZEL
AJRAXA_TZEL,Ajraxa Tzel,deidad,quc,AH RAXAZEL
AJTOJIL,Ajtojil,oficio,quc,AH TO HIL
AJTOJIL,Ajtojil,oficio,quc,AHTOHIL
AJTOLTEKAT,Ajtoltekat,deidad,quc,AH TOLTECAT
AJTUKUR,Ajtukur,deidad,quc,AHTUCUR
AJTZ'ALAM,Ajtz'alam,deidad,quc,AHTZALAM
AJTZ'IKINA_JA,Ajtz'ikina Ja,linaje,quc,AH Q ' I QUINAHA
AJTZ'IKINA_JA,Ajtz'ikina Ja,linaje,quc,AH Q ' IQUINA HA
AJTZ'IKINA_JA,Ajtz'ikina Ja,linaje,quc,AH Q ' IQUINAHA
AJTZ'IKINA_JA,Ajtz'ikina Ja,linaje,quc,AH Q INQUINA HA
AJTZ'IKINA_JA,Ajtz'ikina Ja,linaje,quc,AHQ ' I QUINAHA
AJTZ'IKINA_JA,Ajtz'ikina Ja,linaje,quc,QUINAHA
AJTZA,Ajtza,deidad,quc,AHTZA
AJTZIK_WINAQ,Ajtzik Winaq,oficio,quc,AH TZIC VINA
AJTZIK_WINAQ,Ajtzik Winaq,oficio,quc,AH TZIC VINAC
AJTZIK_WINAQ,Ajtzik Winaq,oficio,quc,AHTZIC VINAC
AJTZIK_WINAQ,Ajtzik Winaq,oficio,quc,AHTZICVINAC
AJTZIK_WINAQ,Ajtzik Winaq,oficio,quc,AHZIC VINAC
AJTZIK_WINAQ,Ajtzik Winaq,oficio,quc,ATZIH VINAC
AJTZIK_WINAQ,Ajtzik Winaq,oficio,quc,EA LEL AH TZIC VINAC
AJTZIK_WINAQ_AJAW,Ajtzik Winaq Ajaw,persona,quc,A H TZIC VINAC AHAU
AJYAMANIK,Ajyamanik,deidad,quc,AH YAMANIC
AJ_KAB'RAQAN,Aj Kab'raqan,linaje,quc,AH CABRACAN
AKUL_WINAQ,Akul Winaq,linaje,quc,ACUL VINAC
ALOM,Alom,deidad,quc,A LOM
ALOM,Alom,deidad,quc,CHUCH
ALOM,Alom,deidad,quc,ICHUCH
ALOM,Alom,deidad,quc,VCHUCH
AMAQ'_TAM,Amaq' Tam,topónimo,quc,A MACTAN
AMAQ'_TAM,Amaq' Tam,topónimo,quc,AMAC DAN
AMAQ'_UQ'IN_K'AT,Amaq' Uq'in k'at,topónimo,quc,AM AC VQUIN CAT
AQ,Aq,animal,quc,AE
AQ,Aq,animal,quc,AQ'
AQAJ,Aqaj,animal,quc,ACAH
ASTAPULUL,Astapulul,objeto,quc,AZTAPULUL
AWILIX,Awilix,deidad,quc,AHAU
AWILIX,Awilix,deidad,quc,AU LIX
AWILIX,Awilix,deidad,quc,AUILIX
AWILIX,Awilix,deidad,quc,AULIX
AWILIX,Awilix,deidad,quc,AVI LIX
AWILIX,Awilix,deidad,quc,AVILIX
AWILIX,Awilix,deidad,quc,AVLIX
AWILIX,Awilix,deidad,quc,CHICUT AHAU
B'ALAM,B'alam,animal,quc,BA LAM
B'ALAM,B'alam,animal,quc,BA LAMIL
B'ALAM,B'alam,animal,quc,BALAM
B'ALAM_ KOLOB',B'ALAM_ KOLOB',,quc,BALAM COLOB
B'ALAM_AQ'AB',B'alam Aq'ab',persona,quc,ACAB
B'ALAM_AQ'AB',B'alam Aq'ab',persona,quc,B ALAM ACAB
B'ALAM_AQ'AB',B'alam Aq'ab',persona,quc,BA LAM ACAB
B'ALAM_AQ'AB',B'alam Aq'ab',persona,quc,BALAM A CAB
B'ALAM_AQ'AB',B'alam Aq'ab',persona,quc,BALAM ACAAB
B'ALAM_AQ'AB',B'alam Aq'ab',persona,quc,BALAM ACAB
B'ALAM_AQ'AB',B'alam Aq'ab',persona,quc,BALAM AEAB
B'ALAM_AQ'AB',B'alam Aq'ab',persona,quc,BALAMACAB
B'ALAM_JA,B'ALAM_JA,,quc,BA LAMI HA
B'ALAM_JA,B'ALAM_JA,,quc,BALAM ROCHOCH
B'ALAM_JA,B'ALAM_JA,,quc,BALAMI HA
B'ALAM_JA,B'ALAM_JA,,quc,BALAMIHA
B'ALAM_JA,B'ALAM_JA,,quc,PA HA
B'ALAM_JA,B'ALAM_JA,,quc,PABALA MI HA
B'ALAM_K'ONACHE'_KQTRES,B'alam K'onache' (gen. 3),persona,quc,B ALAM CONACHE
B'ALAM_K'ONACHE'_KQTRES,B'alam K'onache' (gen. 3),persona,quc,CONACHE
B'ALAM_KI'TZE',B'alam Ki'tze',persona,quc,B ALAM QUITZE
B'ALAM_KI'TZE',B'alam Ki'tze',persona,quc,BA LAM QUITZE
B'ALAM_KI'TZE',B'alam Ki'tze',persona,quc,BALAM QUI TZE
B'ALAM_KI'TZE',B'alam Ki'tze',persona,quc,BALAM QUITZE
B'ALAM_KI'TZE',B'alam Ki'tze',persona,quc,BALAMQUI TZE
B'ALAM_KI'TZE',B'alam Ki'tze',persona,quc,VMAM
B'ALAM_KI'TZE',B'alam Ki'tze',persona,quc,VQAHAU
B'AQ,B'aq,objeto,quc,BAC
B'AQ,B'aq,objeto,quc,VBAC
B'AQ,B'aq,objeto,quc,XUBAC
B'ATE,B'ate,objeto,quc,BATE
B'ATE,B'ate,objeto,quc,IBATE
B'ATE,B'ate,objeto,quc,VBATE
B'ATZ'A_NJSEIS',B'ATZ'A_NJSEIS',,quc,B ATZA
B'ELEJEB'_KEJ_NJCUATRO,B'elejeb' Kej (gen. 4),persona,quc,B ELEHEB QUIH
B'ELEJEB'_KEJ_NJCUATRO,B'elejeb' Kej (gen. 4),persona,quc,BE HEB TE QUEH
B'ELEJEB'_KEJ_NUEVE,B'ELEJEB'_KEJ_NUEVE,,quc,B ELEHEB QUIH
B'ELEJEB'_T'ZI'_KQDOCE,B'ELEJEB'_T'ZI'_KQDOCE,,quc,BELEHEB TZI
B'ITOL,B'itol,deidad,quc,AH BIT
B'ITOL,B'itol,deidad,quc,AHBIT
B'ITOL,B'itol,deidad,quc,BI TOL
B'ITOL,B'itol,deidad,quc,BIT OL
B'ITOL,B'itol,deidad,quc,BITOL
B'ITOL,B'itol,deidad,quc,HUN BIT
B'OQOTAJINAQ_SANAYEB',B'oqotajinaq Sanayeb',lugar,quc,BOCOTAHINAC ZANAIEB
BALAM_KI'TZE,BALAM_KI'TZE,,quc,BALAM QUITZE
CH'ABI'_TUKUR,CH'ABI'_TUKUR,,quc,CHABI TUCUR
CH'ABI'_TUKUR,CH'ABI'_TUKUR,,quc,QHABI TUCUR
CH'ABI_Q'AQ',Ch'abi Q'aq',linaje,quc,CABI CAC
CH'AMIYA_BAQ,CH'AMIYA_BAQ,,quc,CHA MIA BAC
CH'AMIYA_BAQ,CH'AMIYA_BAQ,,quc,CHAMIA BAC
CH'AMIYA_BAQ,CH'AMIYA_BAQ,,quc,CHAMIA BACA
CH'AMIYA_BAQ,CH'AMIYA_BAQ,,quc,CHAMIABACA
CH'AMIYA_BAQ,CH'AMIYA_BAQ,,quc,VBELEH CULEL
CH'AMIYA_JOLOM,Ch'amiya Jolom,deidad,quc,CHAMIA HOLOM
CH'AMIYA_JOLOM,Ch'amiya Jolom,deidad,quc,CHAMIAHOLOM
CH'AMIYA_JOLOM,Ch'amiya Jolom,deidad,quc,QHA MIA HOLOM
CH'AMIYA_JOLOM,Ch'amiya Jolom,deidad,quc,VLAHUH CUBULEL
CH'IPI_KAQULJA,Ch'ipi Kaqulja,deidad,quc,CHIPA CACULHA
CH'IPI_KAQULJA,Ch'ipi Kaqulja,deidad,quc,CHIPI CACULHA
CH'IPI_KAQULJA,Ch'ipi Kaqulja,deidad,quc,CHIPICA CULHA
CH'IPI_KAQULJA,Ch'ipi Kaqulja,deidad,quc,CHIPICACULHA
CH'IPI_NANAWAK,Ch'ipi Nanawak,deidad,quc,CHIPINA NAVAC
CH'ITIK,Ch'itik,danza,quc,CHITIC
CH'O,Ch'o,animal,quc,CHO
CHAAJ,Chaaj,objeto,quc,CHAA
CHAAJ,Chaaj,objeto,quc,CHAAH
CHAAJ,Chaaj,objeto,quc,CHAAHA
CHAAJ,Chaaj,objeto,quc,CHAAHIC
CHAAJ,Chaaj,objeto,quc,CHAH
CHAAJ,Chaaj,objeto,quc,CHAHIBAL
CHAAJ,Chaaj,objeto,quc,COHCHA AHIC
CHAAJ,Chaaj,objeto,quc,COHCHAAH
CHAAJ,Chaaj,objeto,quc,ECHAA HEL
CHAAJ,Chaaj,objeto,quc,QUECHAAHIC
CHAAJ,Chaaj,objeto,quc,QUECHAHIC
CHAAJ,Chaaj,objeto,quc,QUICHAAH
CHAAJ,Chaaj,objeto,quc,XCAHCHAAH
CHAJAL_ECHA',Chajal echa',grupo de deidades,quc,AT CHAHAL RE QUEQHA
CHAJAL_ECHA',Chajal echa',grupo de deidades,quc,CHAHA L ECHA
CHAMALKAN,Chamalkan,deidad,quc,CHAMALCAN
CHAYIM_JA,Chayim Ja,topónimo,quc,CHAIM HA
CHIMALMAT,Chimalmat,deidad,quc,CHI MALMAT
CHIMALMAT,Chimalmat,deidad,quc,QUI CHUCH
CHIMALMAT,Chimalmat,deidad,quc,RIXOQUIL
CHITEMAJ,Chitemaj,topónimo,quc,CHI TEMAH
CHI_CHAQ',Chi Chaq',topónimo,quc,CHIQ U CHAC
CHI_ISMACHI,CHI_ISMACHI,,quc,CHIIZMACHI
CHI_ISMACHI',Chi Ismachi',topónimo,quc,CHIIZMACHI
CHI_ISMACHI',Chi Ismachi',topónimo,quc,QUITINAMIT
CHI_ISMACHI',Chi Ismachi',topónimo,quc,TINAMIT
CHI_JUNAJPU,Chi Junajpu,topónimo,quc,CHIHUNAHPU
CHI_K'IX,Chi K'ix,topónimo,quc,CHIQUIX
CHI_PIXAB',Chi Pixab',topónimo,quc,CHIPIXAB
CHI_Q'AQ',Chi q'aq',topónimo,quc,CHICAC
CHI_RATINIB'AL_TOJIL,Chi Ratinib'al Tojil,topónimo,quc,CHATIN VI TOHIL
CHI_RATINIB'AL_TOJIL,Chi Ratinib'al Tojil,topónimo,quc,CHI RATINIBAL TOHIL
CHI_RATINIB'AL_TOJIL,Chi Ratinib'al Tojil,topónimo,quc,CHUCHI YA
CHOLOCHIK_AB'AJ,Cholochik Ab'aj,lugar,quc,CHOLOCHIC ABAH
CHOMI_JA',Chomi Ja',persona,quc,CHOMIHA
CHULIMAL,Chulimal,topónimo,quc,AH CHULIMAL
CHUQ'ANAL,Chuq'anal,evento,quc,CHUEANEL
CHUWA_TZ'AQ,Chuwa Tz'aq,topónimo,quc,CHUVA TZAC
CHUWI'_MEQ'ENA',Chuwi' Meq'ena',topónimo,quc,AHMIQUINA
CHUWI_MEQ'ENA',CHUWI_MEQ'ENA',,quc,CHUVI MIQUINA
DON_CRISTÓBAL_NJONCE,DON_CRISTÓBAL_NJONCE,,quc,D ON CHRISTOUAL CHUCHAXIC
DON_JUAN_CORTES_KQCATORCE,Don Juan Cortes (gen. 14),persona,quc,DON JU O CORTES
DON_JUAN_DE_ROJAS_KQCATORCE,Don Juan de Rojas (gen. 14),persona,quc,D ON JU O JUAN DE ROJAS
EWAB'AL_SIWAN,Ewab'al Siwan,topónimo,quc,EVABAL ZIVAN
IB'OY,Ib'oy,danza,quc,XAYBOY
IB'OY,Ib'oy,danza,quc,XQUIXAH YBOY
IK,Ik,objeto,quc,IC
IK'OQ'IJ,Ik'oq'ij,topónimo,quc,ICOQUIH
IK'OQ'IJ,Ik'oq'ij,topónimo,quc,IQOQUIH
IKAJ,IKAJ,,quc,CAH
IKAJ,IKAJ,,quc,ICAH
ILOKAB',Ilokab',linaje,quc,I LOCAB
ILOKAB',Ilokab',linaje,quc,ILO CAB
ILOKAB',Ilokab',linaje,quc,ILOCAB
IQ'I_B'ALAM,Iq'i B'alam,persona,quc,I QUI BALAM
IQ'I_B'ALAM,Iq'i B'alam,persona,quc,IQUI BA LAM
IQ'I_B'ALAM,Iq'i B'alam,persona,quc,IQUI BALAM
IQ'I_B'ALAM,Iq'i B'alam,persona,quc,IQUIBA LAM
IQ'I_B'ALAM,Iq'i B'alam,persona,quc,IQUIBALAM
ISTAYUL_KQCUATRO,Istayul (gen. 4),persona,quc,A HAU ZTAYUL
ISTAYUL_KQCUATRO,Istayul (gen. 4),persona,quc,AHA ZTA YUL
ISTAYUL_KQCUATRO,Istayul (gen. 4),persona,quc,HUN AHAU
ISTAYUL_KQCUATRO,Istayul (gen. 4),persona,quc,IZTAYUL
ISTAYUL_KQCUATRO,Istayul (gen. 4),persona,quc,ZTAYUB
ISTAYUL_KQOCHO,Istayul (gen. 8),persona,quc,XTAYUB
ISTAYUL_KQSEIS,Istayul (gen. 6),persona,quc,ZTAYUL
ISTAYUL_NJSIETE,Istayul (gen. 7),persona,quc,Z TAYUL
IXB'ALAMQ'E,IXB'ALAMQ'E,,quc,XBALAN QUE
IXB'ALAMQ'E,IXB'ALAMQ'E,,quc,XBALANQUE
IXB'AQIYALO,Ixb'aqiyalo,deidad,quc,IX PU CACHUCH
IXB'AQIYALO,Ixb'aqiyalo,deidad,quc,QUI CHUCH
IXB'AQIYALO,Ixb'aqiyalo,deidad,quc,QUICHUCH
IXB'AQIYALO,Ixb'aqiyalo,deidad,quc,RIXOQUIL
IXB'AQIYALO,Ixb'aqiyalo,deidad,quc,XBAQUI YALO
IXIM,Ixim,objeto,quc,I XIM
IXIM,Ixim,objeto,quc,ZAQUI IXIM
IXKAKAW,Ixkakaw,deidad,quc,XCACAU
IXKIK',Ixkik',deidad,quc,AT TA VALIB
IXKIK',Ixkik',deidad,quc,AT VALIB
IXKIK',Ixkik',deidad,quc,CA CHUCH
IXKIK',Ixkik',deidad,quc,CA POH
IXKIK',Ixkik',deidad,quc,CAPOH
IXKIK',Ixkik',deidad,quc,CHUCH
IXKIK',Ixkik',deidad,quc,HOXOL
IXKIK',Ixkik',deidad,quc,HUN CAPOH VME AL
IXKIK',Ixkik',deidad,quc,HUN CAPOH VMEAL
IXKIK',Ixkik',deidad,quc,IN ALIBLA
IXKIK',Ixkik',deidad,quc,IN PUCH ALCUAL LA
IXKIK',Ixkik',deidad,quc,IXCA CHUCH
IXKIK',Ixkik',deidad,quc,IXOC
IXKIK',Ixkik',deidad,quc,NU MEAL
IXKIK',Ixkik',deidad,quc,QUI CHUCH
IXKIK',Ixkik',deidad,quc,QUICHUCH
IXKIK',Ixkik',deidad,quc,VALIB
IXKIK',Ixkik',deidad,quc,VMEAL
IXKIK',Ixkik',deidad,quc,XQUIC
IXKIK',Ixkik',deidad,quc,XQUICUCH
IXMUKANE,Ixmukane,deidad,quc,A TIT
IXMUKANE,Ixmukane,deidad,quc,AH BIT
IXMUKANE,Ixmukane,deidad,quc,AT CATIT
IXMUKANE,Ixmukane,deidad,quc,ATIT
IXMUKANE,Ixmukane,deidad,quc,CA TIT
IXMUKANE,Ixmukane,deidad,quc,CAMUL YIOM
IXMUKANE,Ixmukane,deidad,quc,CATIT
IXMUKANE,Ixmukane,deidad,quc,CHUCH
IXMUKANE,Ixmukane,deidad,quc,IVATIT
IXMUKANE,Ixmukane,deidad,quc,IX CATIT
IXMUKANE,Ixmukane,deidad,quc,IXCA TIT
IXMUKANE,Ixmukane,deidad,quc,IXCATIT
IXMUKANE,Ixmukane,deidad,quc,IYOM
IXMUKANE,Ixmukane,deidad,quc,LAL CHICHU
IXMUKANE,Ixmukane,deidad,quc,LAL VALIB
IXMUKANE,Ixmukane,deidad,quc,MATZANEL
IXMUKANE,Ixmukane,deidad,quc,RATIT
IXMUKANE,Ixmukane,deidad,quc,RATIT QUIH
IXMUKANE,Ixmukane,deidad,quc,RATIT ZAC
IXMUKANE,Ixmukane,deidad,quc,RICATIT
IXMUKANE,Ixmukane,deidad,quc,VCHUCH
IXMUKANE,Ixmukane,deidad,quc,X MUCANE
IXMUKANE,Ixmukane,deidad,quc,XMU CANE
IXMUKANE,Ixmukane,deidad,quc,XMUCA NE
IXMUKANE,Ixmukane,deidad,quc,XMUCANE
IXOQ_AJAWAB',Ixoq ajawab',linaje,quc,CAMIZANEL
IXOQ_AJAWAB',Ixoq ajawab',linaje,quc,CHUCH
IXOQ_AJAWAB',Ixoq ajawab',linaje,quc,E CANABE CHUCH
IXOQ_AJAWAB',Ixoq ajawab',linaje,quc,E XOCCAHAUAB
IXOQ_AJAWAB',Ixoq ajawab',linaje,quc,IX QUIXOQUIL
IXOQ_AJAWAB',Ixoq ajawab',linaje,quc,IXOC
IXOQ_AJAWAB',Ixoq ajawab',linaje,quc,QUI CULEL
IXOQ_AJAWAB',Ixoq ajawab',linaje,quc,QUI XOQUIL
IXOQ_AJAWAB',Ixoq ajawab',linaje,quc,QUICULEL
IXOQ_AJAWAB',Ixoq ajawab',linaje,quc,QUIXO QUIL
IXOQ_AJAWAB',Ixoq ajawab',linaje,quc,QUIXOQUIL
IXOQ_AJAWAB',Ixoq ajawab',linaje,quc,QUIXOQUILA
IXOQ_AJAWAB',Ixoq ajawab',linaje,quc,XOQUIL
IXOQ_AJAWAB',Ixoq ajawab',linaje,quc,XQUICOT
IXPUCH',Ixpuch',deidad,quc,XPU CH
IXPUCH',Ixpuch',deidad,quc,XPUCH
IXQ'ANIL,Ixq'anil,deidad,quc,XCANIL
IXTAJ,Ixtaj,deidad,quc,XTAH
IXTAJ_IXPUCH,IXTAJ_IXPUCH,,quc,CAPOHIB
IXTAJ_IXPUCH',Ixtaj Ixpuch',grupo de deidades,quc,CAIB CAPOHIB
IXTAJ_IXPUCH',Ixtaj Ixpuch',grupo de deidades,quc,CAPO HIB
IXTAJ_IXPUCH',Ixtaj Ixpuch',grupo de deidades,quc,CAPOHIB
IXTAJ_IXPUCH',Ixtaj Ixpuch',grupo de deidades,quc,CHI CAPOHIB
IXTAJ_IXPUCH',Ixtaj Ixpuch',grupo de deidades,quc,E CAIB CA POHIB
IXTAJ_IXPUCH',Ixtaj Ixpuch',grupo de deidades,quc,E CAIB CAPOHIB
IXTAJ_IXPUCH',Ixtaj Ixpuch',grupo de deidades,quc,E CAIB QUI MIAL
IXTAJ_IXPUCH',Ixtaj Ixpuch',grupo de deidades,quc,IX QAXTOQ
IXTAJ_IXPUCH',Ixtaj Ixpuch',grupo de deidades,quc,IXCAMIAL
IXTAJ_IXPUCH',Ixtaj Ixpuch',grupo de deidades,quc,MEAL
IXTAJ_IXPUCH',Ixtaj Ixpuch',grupo de deidades,quc,MIAL
IXTAJ_IXPUCH',Ixtaj Ixpuch',grupo de deidades,quc,MIAL AHAUAB
IXTAJ_IXPUCH',Ixtaj Ixpuch',grupo de deidades,quc,TAC CAPOHIB
IXTOJ,Ixtoj,deidad,quc,XTOH
IXTZIYA',Ixtziya',deidad,quc,IX PU TZIYA
JA'_SIMAJ,Ja' Simaj,topónimo,quc,HA ZIMAH
JAL,Jal,objeto,quc,CANA HAL
JAL,Jal,objeto,quc,EANA HAL
JAL,Jal,objeto,quc,EANAHAL
JAL,Jal,objeto,quc,HAL
JAL,Jal,objeto,quc,Q'ANAHAL
JAL,Jal,objeto,quc,ZA QUIHAL
JAL,Jal,objeto,quc,ZAQUI HAL
JAL,Jal,objeto,quc,ZAQUIHAL
JAQAWITZ,Jaqawitz,deidad,quc,ACAVITZ
JAQAWITZ,Jaqawitz,deidad,quc,AHAU
JAQAWITZ,Jaqawitz,deidad,quc,CHIRIH AHAU
JAQAWITZ,Jaqawitz,deidad,quc,HA CAVITZ
JAQAWITZ,Jaqawitz,deidad,quc,HACA VITZ
JAQAWITZ,Jaqawitz,deidad,quc,HACAUITZ
JAQAWITZ,Jaqawitz,deidad,quc,HACAVITZ
JAQAWITZ_JUYUB',JAQAWITZ_JUYUB',,quc,HA CAVITZ
JAQAWITZ_JUYUB',JAQAWITZ_JUYUB',,quc,HACAVITZ
JAQAWITZ_JUYUB',JAQAWITZ_JUYUB',,quc,HU YUB HACAVITZ
JAQAWITZ_JUYUB',JAQAWITZ_JUYUB',,quc,HUYUB
JAQAWITZ_JUYUB',JAQAWITZ_JUYUB',,quc,HUYUB HACAVITZ
JAQAWITZ_JUYUB',JAQAWITZ_JUYUB',,quc,PA HACAVITZ
JAQAWITZ_JUYUB',JAQAWITZ_JUYUB',,quc,RI QUI HUYUB AL
JA_CHI_Q'AQ'',JA_CHI_Q'AQ'',,quc,HA CHIQ'AQ'
JOJ,Joj,animal,quc,HOH
JOLOM,Jolom,objeto,quc,HOLOM
JOLOM_OKOX,Jolom Okox,objeto,quc,HOLOM OCOX
JOLOM_TUKUR,Jolom Tukur,deidad,quc,HO LOM TUCUR
JOLOM_TUKUR,Jolom Tukur,deidad,quc,HOLOM TUCUR
JOM,Jom,lugar,quc,HO M
JOM,Jom,lugar,quc,HOM
JOM,Jom,lugar,quc,PA HOM
JOM,Jom,lugar,quc,PAHOM
JULISNAB',Julisnab',topónimo,quc,HULIZNAB
JUMETA_JA,Jumeta Ja,topónimo,quc,HU METAHA
JUNAJPU,Junajpu,deidad,quc,CACAHAU
JUNAJPU,Junajpu,deidad,quc,HU NAHPU
JUNAJPU,Junajpu,deidad,quc,HUHAHPU
JUNAJPU,Junajpu,deidad,quc,HUHUN AHPU
JUNAJPU,Junajpu,deidad,quc,HUN AH PU
JUNAJPU,Junajpu,deidad,quc,HUN AHAU
JUNAJPU,Junajpu,deidad,quc,HUN AHPU
JUNAJPU,Junajpu,deidad,quc,HUN HU NAHPU
JUNAJPU,Junajpu,deidad,quc,HUN HUNAH PU
JUNAJPU,Junajpu,deidad,quc,HUN HUNAHPU
JUNAJPU,Junajpu,deidad,quc,HUN NAHPU
JUNAJPU,Junajpu,deidad,quc,HUNAHPU
JUNAJPU,Junajpu,deidad,quc,HUNHUNAHPU
JUNAJPU,Junajpu,deidad,quc,IXHUNAHPU
JUNAJPU,Junajpu,deidad,quc,QUI CAHAU
JUNAJPU,Junajpu,deidad,quc,V HOLOM
JUNAJPU,Junajpu,deidad,quc,VHOLOM
JUNAJPU,Junajpu,deidad,quc,X HUNAHPU
JUNAJPU,Junajpu,deidad,quc,XHUN AH PU
JUNAJPU,Junajpu,deidad,quc,XHUN AHPU
JUNAJPU,Junajpu,deidad,quc,XHUNAHPU
JUNAJPU_JUYUB',Junajpu Juyub',topónimo,quc,HUN AHPU
JUNAJPU_K'OY,Junajpu K'oy,canto,quc,HUN AHPU COY
JUNAJPU_K'OY,Junajpu K'oy,canto,quc,HUN AHPU X COY
JUNAJPU_UTIW,Junajpu Utiw,deidad,quc,HUN AHPU VTIU
JUNAJPU_UTIW,Junajpu Utiw,deidad,quc,HUNAHPU VTIU
JUNAJPU_WUCH',JUNAJPU_WUCH',,quc,HUN AH PU VUCH
JUNAJPU_WUCH',JUNAJPU_WUCH',,quc,HUNAHPU VUCH
JUN_B'ATZ,JUN_B'ATZ,,quc,HUN BATZ
JUN_B'ATZ'_JUN_CHOWEN,Jun B'atz' Jun Chowen,grupo de deidades,quc,CAIB
JUN_B'ATZ'_JUN_CHOWEN,Jun B'atz' Jun Chowen,grupo de deidades,quc,CATZ
JUN_B'ATZ'_JUN_CHOWEN,Jun B'atz' Jun Chowen,grupo de deidades,quc,IVATZ
JUN_BATZ'_JUN_CHOWEN,JUN_BATZ'_JUN_CHOWEN,,quc,CATZ
JUN_CHOWEN,Jun Chowen,deidad,quc,CHO UEN
JUN_CHOWEN,Jun Chowen,deidad,quc,HUN CHOUEN
JUN_CHOWEN,Jun Chowen,deidad,quc,HUN CHOVEN
JUN_JUNAJPU,Jun Junajpu,deidad,quc,AHVQHAN
JUN_JUNAJPU,Jun Junajpu,deidad,quc,BAC
JUN_JUNAJPU,Jun Junajpu,deidad,quc,CA HAU
JUN_JUNAJPU,Jun Junajpu,deidad,quc,CACAHAU
JUN_JUNAJPU,Jun Junajpu,deidad,quc,CAHAU
JUN_JUNAJPU,Jun Junajpu,deidad,quc,HUN AHPU
JUN_JUNAJPU,Jun Junajpu,deidad,quc,HUN HU NAHPU
JUN_JUNAJPU,Jun Junajpu,deidad,quc,HUN HUN AHPU
JUN_JUNAJPU,Jun Junajpu,deidad,quc,HUN HUNAH PU
JUN_JUNAJPU,Jun Junajpu,deidad,quc,HUN HUNAHPU
JUN_JUNAJPU,Jun Junajpu,deidad,quc,HUNHU NAHPU
JUN_JUNAJPU,Jun Junajpu,deidad,quc,HUNHUNAH PU
JUN_JUNAJPU,Jun Junajpu,deidad,quc,HUNHUNAHPU
JUN_JUNAJPU,Jun Junajpu,deidad,quc,ICAHAU
JUN_JUNAJPU,Jun Junajpu,deidad,quc,NIMAHA U
JUN_JUNAJPU,Jun Junajpu,deidad,quc,NU HOLOM
JUN_JUNAJPU,Jun Junajpu,deidad,quc,QUI CAHAU
JUN_JUNAJPU,Jun Junajpu,deidad,quc,QUICAHAU
JUN_JUNAJPU,Jun Junajpu,deidad,quc,UQUEXEL
JUN_JUNAJPU,Jun Junajpu,deidad,quc,VHOLOM
JUN_JUNAJPU,Jun Junajpu,deidad,quc,VVACH AHAU ACHIH NAOL
JUN_KAME',Jun Kame',deidad,quc,AHA U
JUN_KAME',Jun Kame',deidad,quc,AHAU
JUN_KAME',Jun Kame',deidad,quc,HUN CA ME
JUN_KAME',Jun Kame',deidad,quc,HUN CAME
JUN_KAME',Jun Kame',deidad,quc,HUNCAME
JUN_KAME',Jun Kame',deidad,quc,RIHUN CAME
JUN_KAME',Jun Kame',deidad,quc,ROX CULEL
JUN_KAME'_WUQUB'_KAME,JUN_KAME'_WUQUB'_KAME,,quc,AHAU
JUN_KAME'_WUQUB'_KAME,JUN_KAME'_WUQUB'_KAME,,quc,AHAU AB
JUN_KAME'_WUQUB'_KAME,JUN_KAME'_WUQUB'_KAME,,quc,AHAUAB
JUN_KAME'_WUQUB'_KAME,JUN_KAME'_WUQUB'_KAME,,quc,AT AHAU
JUN_KAME'_WUQUB'_KAME,JUN_KAME'_WUQUB'_KAME,,quc,HUN AHA U
JUN_KAME'_WUQUB'_KAME,JUN_KAME'_WUQUB'_KAME,,quc,HUN AHAU
JUN_KAME'_WUQUB'_KAME',Jun Kame' Wuqub' Kame',grupo de deidades,quc,AHA UAB
JUN_KAME'_WUQUB'_KAME',Jun Kame' Wuqub' Kame',grupo de deidades,quc,AHAU
JUN_KAME'_WUQUB'_KAME',Jun Kame' Wuqub' Kame',grupo de deidades,quc,AT AHAU
JUN_RAQAN,Jun Raqan,deidad,quc,ATHU RACAN
JUN_RAQAN,Jun Raqan,deidad,quc,HU RACAN
JUN_RAQAN,Jun Raqan,deidad,quc,HU RRACAN
JUN_RAQAN,Jun Raqan,deidad,quc,HUN RACAN
JUN_RAQAN,Jun Raqan,deidad,quc,HURA CAN
JUN_RAQAN,Jun Raqan,deidad,quc,HURACAN
JUN_RAQAN,Jun Raqan,deidad,quc,LAL AHAU
JUN_TOJ,Jun Toj,deidad,quc,HUN TOH
JUN_WINAQ,jun winaq,persona,quc,HUN VINAC DEMONIUM LOQUENS CIS HUN VINAC
JUN_WINAQ,jun winaq,persona,quc,INZAMAHEL
JUN_WINAQ,jun winaq,persona,quc,VZAMAHEL XIBAL BA
JUN_WINAQ,jun winaq,persona,quc,XI BALBA
JUN_WINAQ,jun winaq,persona,quc,XIBALBA
JURAQAN_TUKUR,Juraqan Tukur,deidad,quc,HU RACAN TUCUR
JURAQAN_TUKUR,Juraqan Tukur,deidad,quc,HURACAN TUCUR
K'AJB'A_JA,K'ajb'a Ja,lugar,quc,CAHBA HA
K'AJOLOM,K'ajolom,deidad,quc,CAHAU
K'AJOLOM,K'ajolom,deidad,quc,ICAHAU
K'AJOLOM,K'ajolom,deidad,quc,QA HOLOM
K'AJOLOM,K'ajolom,deidad,quc,QAHO LOM
K'AJOLOM,K'ajolom,deidad,quc,QAHOL
K'AJOLOM,K'ajolom,deidad,quc,QAHOLOM
K'AJOLOM,K'ajolom,deidad,quc,VCAHAU
K'ANTI',K'anti',animal,quc,CAN TI
K'ANTI',K'anti',animal,quc,CANTI
K'AWEX,K'awex,objeto,quc,CAUEX
K'AYALA',K'ayala',topónimo,quc,CAYALA
K'EL,K'el,animal,quc,QUEL
K'ELETZU,K'eletzu,animal,quc,QUELE TZU
K'ENECH_AJAW,K'enech Ajaw,linaje,quc,QUENECH AHAU
K'IKAB,K'IKAB,,quc,QUIEAB
K'IKAB'_KQDIEZ,K'IKAB'_KQDIEZ,,quc,QUICAB
K'IKAB'_KQSIETE,K'IKAB'_KQSIETE,,quc,EQ'AQ' QUICAB
K'IKAB'_KQSIETE,K'IKAB'_KQSIETE,,quc,Q UICAB
K'IKAB'_KQSIETE,K'IKAB'_KQSIETE,,quc,QUI CAB
K'IKAB'_KQSIETE,K'IKAB'_KQSIETE,,quc,QUICAB
K'IM,K'im,objeto,quc,QUIM
K'O'AJAW,K'O'AJAW,,quc,QOAHAU
K'O'AJAW_AKDOS,K'o'ajaw (gen. 2),persona,quc,CAHAU
K'O'AJAW_AKDOS,K'o'ajaw (gen. 2),persona,quc,COAHA U
K'O'AJAW_AKDOS,K'o'ajaw (gen. 2),persona,quc,COAHAU
K'O'AKUL,K'o'akul,linaje,quc,QOACUL
K'O'AKUL_NJDOS,K'o'akul (gen. 2),persona,quc,C OACUL
K'O'AKUTEK,K'O'AKUTEK,,quc,QOACUTEC
K'O'AKUTEK_NJDOS,K'o'akutek (gen. 2),persona,quc,COACUTAC
K'O'AKUTEK_NJDOS,K'o'akutek (gen. 2),persona,quc,COACUTEC
K'OCHAJUJ_NJTRES,K'ochajuj (gen. 3),persona,quc,C OCHAHUH
K'OJAJ,K'ojaj,linaje,quc,COHAH
K'OKA'IB,K'OKA'IB,,quc,QOCAIB
K'OKA'IB_KQDOS,K'oka'ib (gen. 2),persona,quc,CAIB
K'OKA'IB_KQDOS,K'oka'ib (gen. 2),persona,quc,CO
K'OKA'IB_KQDOS,K'oka'ib (gen. 2),persona,quc,CO CAIB
K'OKAMEL_AKSIETE,K'okamel (gen. 7),persona,quc,COCAMEL
K'OKOSOM_AKCUATRO,K'okosom (gen. 4),persona,quc,COCOZOM
K'OOL,K'ool,lugar,quc,COOL
K'OOL,K'ool,lugar,quc,QUECOOL
K'OQAWIB_KQDOS,K'oqawib (gen. 2),persona,quc,COCAUIB
K'OQAWIB_KQDOS,K'oqawib (gen. 2),persona,quc,QO CAVIB
K'OQAWIB_KQDOS,K'oqawib (gen. 2),persona,quc,QOCAVIB CHIC
K'OTAL,K'otal,animal,quc,COT
K'OTAL,K'otal,animal,quc,COTAL
K'OTK'OWACH,K'otk'owach,animal,quc,XE COTCOVACH
K'OTUJA_KQCINCO,K'otuja (gen. 5),persona,quc,COTUH
K'OTUJA_KQCINCO,K'otuja (gen. 5),persona,quc,COTUHA
K'OTUJA_KQCUATRO,K'otuja (gen. 4),persona,quc,AHAU
K'OTUJA_KQCUATRO,K'otuja (gen. 4),persona,quc,AHAU COTUHA
K'OTUJA_KQCUATRO,K'otuja (gen. 4),persona,quc,AHAU COTUHU
K'OTUJA_KQCUATRO,K'otuja (gen. 4),persona,quc,C OTUHA
K'OTUJA_KQCUATRO,K'otuja (gen. 4),persona,quc,CO TUHA
K'OTUJA_KQCUATRO,K'otuja (gen. 4),persona,quc,COTUHA
K'OTUJA_KQCUATRO,K'otuja (gen. 4),persona,quc,CU TUHA
K'OTUJA_NJCINCO,K'otuja (gen. 5),persona,quc,C OTUHA
K'OTUJA_NJOCHO,K'otuja (gen. 8),persona,quc,C OTUHA CHIVI
K'OTZ'IB'AJA_NJTRES,K'otz'ib'aja (gen. 3),persona,quc,COTZIBAHA
K'OY,K'oy,animal,quc,COY
K'OY,K'oy,animal,quc,QOY
K'OYABAKOJ_AKOCHO,K'oyabakoj (gen. 8),persona,quc,COYABACOH
K'ULB'A,K'ulb'a,topónimo,quc,CULBA
K'ULKU_SIWAN,K'ulku Siwan,topónimo,quc,CUL CU ZIUAN
K'US_B'US,K'us B'us,objeto,quc,QUZ BUZ
KA',Ka',objeto,quc,KAA
KA',Ka',objeto,quc,Q'AA
KA'IB'_K'AJOLAB',KA'IB'_K'AJOLAB',,quc,AHUCHAN
KA'IB'_K'AJOLAB',KA'IB'_K'AJOLAB',,quc,AT QAHOL
KA'IB'_K'AJOLAB',KA'IB'_K'AJOLAB',,quc,CA CHAC
KA'IB'_K'AJOLAB',KA'IB'_K'AJOLAB',,quc,CA IB QAHOLAB
KA'IB'_K'AJOLAB',KA'IB'_K'AJOLAB',,quc,CACH MEBA
KA'IB'_K'AJOLAB',KA'IB'_K'AJOLAB',,quc,CAHOLAB
KA'IB'_K'AJOLAB',KA'IB'_K'AJOLAB',,quc,CAIB QAHOLAB
KA'IB'_K'AJOLAB',KA'IB'_K'AJOLAB',,quc,CAIB QAXTOQ
KA'IB'_K'AJOLAB',KA'IB'_K'AJOLAB',,quc,CAIBQAHOLAB
KA'IB'_K'AJOLAB',KA'IB'_K'AJOLAB',,quc,CHIMEBA
KA'IB'_K'AJOLAB',KA'IB'_K'AJOLAB',,quc,E CAIB
KA'IB'_K'AJOLAB',KA'IB'_K'AJOLAB',,quc,E CAIB CHI MEBA
KA'IB'_K'AJOLAB',KA'IB'_K'AJOLAB',,quc,E CAIB CHIQA HOLAB
KA'IB'_K'AJOLAB',KA'IB'_K'AJOLAB',,quc,E CAIB QAHOLAB
KA'IB'_K'AJOLAB',KA'IB'_K'AJOLAB',,quc,E PU CAIB
KA'IB'_K'AJOLAB',KA'IB'_K'AJOLAB',,quc,ECA IB QAHOLAB
KA'IB'_K'AJOLAB',KA'IB'_K'AJOLAB',,quc,ECAIBME BA
KA'IB'_K'AJOLAB',KA'IB'_K'AJOLAB',,quc,IVALCVAL
KA'IB'_K'AJOLAB',KA'IB'_K'AJOLAB',,quc,IVI
KA'IB'_K'AJOLAB',KA'IB'_K'AJOLAB',,quc,IX QAHOLAB
KA'IB'_K'AJOLAB',KA'IB'_K'AJOLAB',,quc,IXCACHAC
KA'IB'_K'AJOLAB',KA'IB'_K'AJOLAB',,quc,IXME BA
KA'IB'_K'AJOLAB',KA'IB'_K'AJOLAB',,quc,IXQA HOLAB
KA'IB'_K'AJOLAB',KA'IB'_K'AJOLAB',,quc,IXQAHOLAB
KA'IB'_K'AJOLAB',KA'IB'_K'AJOLAB',,quc,IXVI
KA'IB'_K'AJOLAB',KA'IB'_K'AJOLAB',,quc,OH IVI
KA'IB'_K'AJOLAB',KA'IB'_K'AJOLAB',,quc,OH QUI QUEXEL
KA'IB'_K'AJOLAB',KA'IB'_K'AJOLAB',,quc,OH XAHOL
KA'IB'_K'AJOLAB',KA'IB'_K'AJOLAB',,quc,QA HOLAB
KA'IB'_K'AJOLAB',KA'IB'_K'AJOLAB',,quc,QAHO LAB
KA'IB'_K'AJOLAB',KA'IB'_K'AJOLAB',,quc,QAHOLAB
KA'IB'_K'AJOLAB',KA'IB'_K'AJOLAB',,quc,QUI CHAC
KA'IB'_K'AJOLAB',KA'IB'_K'AJOLAB',,quc,QUICHAC
KA'IB'_K'AJOLAB',KA'IB'_K'AJOLAB',,quc,VI
KA'IB'_K'AJOLAB',KA'IB'_K'AJOLAB',,quc,VMIAL VQAHOL
KA'IB'_K'AJOLAB',KA'IB'_K'AJOLAB',,quc,VQAHOL
KA'IB'_K'AJOLAB',KA'IB'_K'AJOLAB',,quc,VQAHOL AHAU
KA'IB'_K'AJOLAB',KA'IB'_K'AJOLAB',,quc,VQAHOL NAOL
KA'MUL_ALOM,Ka'mul Alom,deidad,quc,CAMUL ALO M
KA'MUL_K'AJOLOM,Ka'mul K'ajolom,deidad,quc,CAMUL QAHOLOM
KAB',Kab',objeto,quc,CAB
KAB'RAQAN,Kab'raqan,deidad,quc,AT QAHOL
KAB'RAQAN,Kab'raqan,deidad,quc,CAB RACAN
KAB'RAQAN,Kab'raqan,deidad,quc,CAB RRACAN
KAB'RAQAN,Kab'raqan,deidad,quc,CABRACAN
KAB'RAQAN,Kab'raqan,deidad,quc,CABRRACAN
KAB'RAQAN,Kab'raqan,deidad,quc,V CAB V QAHOL
KAB'RAQAN,Kab'raqan,deidad,quc,VCAB NIMA RIZAI RIB
KAJIB'_UNIM_JA,Kajib' unim ja,linaje,quc,CAHIB CHI NIMHA
KAJIB'_UNIM_JA,Kajib' unim ja,linaje,quc,CAHIB CHIAHAUAB
KAJIB'_UNIM_JA,Kajib' unim ja,linaje,quc,CAHIB NAIPUCH CHI NIMHA
KAJIB'_UNIM_JA,Kajib' unim ja,linaje,quc,CAHIB VNIM HA
KAJIB'_UNIM_JA,Kajib' unim ja,linaje,quc,CHICAHIBCUT NIMHA
KAK'IXA_JA',Kak'ixa Ja',persona,quc,CAQUIXAHA
KAK'IXA_JA',Kak'ixa Ja',persona,quc,CAQUIXHA
KAKAW,Kakaw,objeto,quc,CACO
KAKAW,Kakaw,objeto,quc,CACOU
KAMALOTZ',Kamalotz',animal,quc,CAMALOTZ
KANCHAJELEB',Kanchajeleb',linaje,quc,CANCHAHE LEB
KAQA_B'E,Kaqa b'e (camino rojo),lugar,quc,CA CA BE
KAQA_B'E,Kaqa b'e (camino rojo),lugar,quc,Q'AQ'ABE
KAQA_PALO_JA',Kaqa palo ja',persona,quc,CAHA PALUNA
KAQA_PALO_JA',Kaqa palo ja',persona,quc,EAHA PALUNA
KAQCHIKELEB',Kaqchikeleb',linaje,quc,CA ECHEQUELEB
KAQCHIKELEB',Kaqchikeleb',linaje,quc,CAECHEQUELEB
KAQCHIKELEB',Kaqchikeleb',linaje,quc,CAECHI QUELEB
KAQCHIKELEB',Kaqchikeleb',linaje,quc,Q'AQ'CHE QUELEB
KAQCHIKELEB',Kaqchikeleb',linaje,quc,Q'AQ'CHEQUELEB
KAQIX_TUKUR,Kaqix Tukur,deidad,quc,CAQUIX TUCUR
KAQUILJA_JUN_RAQAN,KAQUILJA_JUN_RAQAN,,quc,CACULHA HURACAN
KAR,Kar,animal,quc,CAR
KAWEQ,Kaweq,linaje,quc,CA UI QUIB
KAWEQ,Kaweq,linaje,quc,CA VEC
KAWEQ,Kaweq,linaje,quc,CAUI QUIB
KAWEQ,Kaweq,linaje,quc,CAUIQUIB
KAWEQ,Kaweq,linaje,quc,CAVEC QUECHE VINAC
KAWEQ,Kaweq,linaje,quc,CAVI QUIB
KAWEQ,Kaweq,linaje,quc,CAVIQUIB
KAWEQ,Kaweq,linaje,quc,CAVIQUIB QUICHE
KAWEQ,Kaweq,linaje,quc,CHICA UIQUIB
KAWEQ,Kaweq,linaje,quc,COAUI QUIB
KAWEQ,Kaweq,linaje,quc,QUICHE AHAU
KAWEQ,Kaweq,linaje,quc,V MAM
KAWEQ,Kaweq,linaje,quc,VCAHAU
KAWINAL,Kawinal,topónimo,quc,CAVINAL
KAWISIMAJ_KQSIETE,Kawisimaj (gen. 7),persona,quc,CAUIZIMAH
KAWISIMAJ_KQSIETE,Kawisimaj (gen. 7),persona,quc,CAVIZIMAH
KAWKEB',Kawkeb',linaje,quc,CAOQUEB
KAXKON,Kaxkon,objeto,quc,CAXCON
KE'EMA,KE'EMA,,quc,QUEEMA
KE'EMA_NJDIEZ,Ke'ema (gen. 10),persona,quc,Q UEMA CHUQHAX
KEJ,Kej,animal,quc,CAHAUAL QUEH
KEJ,Kej,animal,quc,QU EH
KEJ,Kej,animal,quc,QUEH
KEJ,Kej,animal,quc,QUIEH
KIK',Kik',objeto,quc,CA QUIC
KIK',Kik',objeto,quc,CHIQUIC
KIK',Kik',objeto,quc,QUI QUEL
KIK',Kik',objeto,quc,QUIC
KIK',Kik',objeto,quc,QUIQ
KIK',Kik',objeto,quc,QUIQUEL
KIK',Kik',objeto,quc,V QUIQUEL
KIK',Kik',objeto,quc,V QUIXIC
KIK',Kik',objeto,quc,VQUIQUEL
KIK'_RE,Kik' Re,deidad,quc,QUIC RE
KIK'_RE,Kik' Re,deidad,quc,QUIC XIC
KIK'_RE,Kik' Re,deidad,quc,ROXLAHUH CULEL
KIK'_RIXK'AQ,Kik' Rixk'aq,deidad,quc,QUIC RI XCAC
KIK'_RIXK'AQ,Kik' Rixk'aq,deidad,quc,VCAH LAHUH CULEL
KIK'_RIXK'AQ,Kik' Rixk'aq,deidad,quc,VQUIC XIC RIXCAC
KIK'_YA',KIK'_YA',,quc,CHIQUIQUIA
KIK'_YA',KIK'_YA',,quc,QUIQUIA
KINAQ',Kinaq',objeto,quc,QUI NAC
KOJ,Koj,animal,quc,COH
KOJ,Koj,animal,quc,QOH
KOMAJKUN_AKCINCO,Komajkun (gen. 5),persona,quc,COMAHCUN
KOTZ'I'J,Kotz'i'j,objeto,quc,CO Q IH
KOTZ'I'J,Kotz'i'j,objeto,quc,CO TZIH
KOTZ'I'J,Kotz'i'j,objeto,quc,COQ IH
KOTZ'I'J,Kotz'i'j,objeto,quc,COQ IHAL
KOTZ'I'J,Kotz'i'j,objeto,quc,COTZIH
KOTZ'I'J,Kotz'i'j,objeto,quc,MUCHIT
KOTZB'ALAM,Kotzb'alam,animal,quc,COTZBALAM
KUCHUMA_KIK',Kuchuma Kik',deidad,quc,ACAHAU
KUCHUMA_KIK',Kuchuma Kik',deidad,quc,CUCHUMA QUIC
KUCHUMA_KIK',Kuchuma Kik',deidad,quc,CUCHUMAQUIC
KUCHUMA_KIK',Kuchuma Kik',deidad,quc,LALNU CAHAU
KUCHUMA_KIK',Kuchuma Kik',deidad,quc,V CAHAU
KUCHUMA_KIK',Kuchuma Kik',deidad,quc,VCAHAU
KUCHUMA_KIK',Kuchuma Kik',deidad,quc,VVACAC CULEL
KUMATZ,Kumatz,animal,quc,CU MATZ
KUMATZ,Kumatz,animal,quc,CU MATZIL
KUMATZ,Kumatz,animal,quc,CUMATZ
KUMATZ_AMAQ',Kumatz Amaq',linaje,quc,CUMATZ
KUNAB'AL_TOJIL,Kunab'al Tojil,topónimo,quc,CUNA BAL TOHIL
KUWATEPECH_KQONCE,Kuwatepech (gen. 11),persona,quc,CAUATEPECH
LAMAKIB',Lamakib',linaje,quc,LAMAQUIB
LOLMET_KEJNAY,Lolmet Kejnay,oficio,quc,L OLMET QUEH NAI
LOLMET_KEJNAY,Lolmet Kejnay,oficio,quc,LOLMET QUEH NAY
LOTZ_KIK',Lotz kik',objeto,quc,LOTZ QUIC
MAJUK'UTAJ,Majuk'utaj,persona,quc,MA HUCUTAH
MAJUK'UTAJ,Majuk'utaj,persona,quc,MAHU CUTAH
MAJUK'UTAJ,Majuk'utaj,persona,quc,MAHUCU TAH
MAJUK'UTAJ,Majuk'utaj,persona,quc,MAHUCUTAH
MAJUK'UTAJ,Majuk'utaj,persona,quc,MAHUQUTAH
MAJUK'UTAJ,Majuk'utaj,persona,quc,MAHUTAH
MAKAMOB',Makamob',topónimo,quc,MA CAMOB
MAKUJUTAJ,MAKUJUTAJ,,quc,MAHUCUTAH
MAKUTAX,Makutax,objeto,quc,MACU TAX
MAK_EK',Mak Ek',objeto,quc,EC
MAK_EK',Mak Ek',objeto,quc,MAC EC
MAK_EK',Mak Ek',objeto,quc,PA EC
MAQ'A',MAQ'A',,quc,AH MACA
ME'AWAN,Me'awan,topónimo,quc,ME AUAN
ME'AWAN,Me'awan,topónimo,quc,MEAUAN
MIXKINA,Mixkina,objeto,quc,MI XQUI NA
MIXKINA,Mixkina,objeto,quc,MI XQUINA
MIXKINA,Mixkina,objeto,quc,MIXQUI NA
MIXKINA,Mixkina,objeto,quc,MIXQUINA
MOLAY,Molay,animal,quc,MOLAI
MOTZ,Motz,topónimo,quc,IXQAHOLAB
MOTZ,Motz,topónimo,quc,O MUCH QAHOLAB
MOTZ,Motz,topónimo,quc,OMU CH CHI QAHOLAB
MOTZ,Motz,topónimo,quc,OMU CH QAHOLAB
MOTZ,Motz,topónimo,quc,OMUCH CHI QAHOLAB
MOTZ,Motz,topónimo,quc,OMUCH CHIQAHOLAB
MOTZ,Motz,topónimo,quc,OMUCH QAHOLAB
MOTZ,Motz,topónimo,quc,QAHOLAB
MOTZ,Motz,topónimo,quc,RIOMUCH QAHOLAB
MU'J,Mu'j,objeto,quc,MUH
NAKXIT,Nakxit,deidad,quc,AHAU
NAKXIT,Nakxit,deidad,quc,AHAUAREM
NAKXIT,Nakxit,deidad,quc,AHRELE BAL QUIH
NAKXIT,Nakxit,deidad,quc,NACXIT
NAKXIT,Nakxit,deidad,quc,NIM AHAU
NAKXIT,Nakxit,deidad,quc,RAHAUAL
NIJA'IB,NIJA'IB,,quc,NI HAIBAB
NIJA'IB,NIJA'IB,,quc,NIHA IB
NIJA'IB,NIJA'IB,,quc,NIHAIB
NIJA'IB,NIJA'IB,,quc,NIHAIBAB
NIJA'IB,NIJA'IB,,quc,NIMHAIBAB
NIKAQA_TAQAJ,NIKAQA_TAQAJ,,quc,NICA CAHTACAH
NIMA'Q_TZ'AQ_TOJIL,Nima'a Tz'aq Tojil,topónimo,quc,NI MAC TZAC TOHIL
NIMA_CH'OKOJ,Nima Ch'okoj,oficio,quc,NIM CHOCOH
NIMA_K'AMJA,Nima K'amja,oficio,quc,N IMA CAMHA
NIMA_K'AMJA,Nima K'amja,oficio,quc,NIMA CAMHA
NIMA_LOLMET_YE'OLTUX,Nima Lolmet Ye'oltux,oficio,quc,NIMA LOLMET YEOLTUX
NIMA_SIS,Nima Sis,deidad,quc,NIMA TZIZ
NIM_AQ,Nim Aq,deidad,quc,NIMAC
NIM_CH'OKOJ,Nim Ch'okoj,oficio,quc,E ALANEL
NIM_CH'OKOJ,Nim Ch'okoj,oficio,quc,E OXIB CHIC CHOCOHIB
NIM_CH'OKOJ,Nim Ch'okoj,oficio,quc,E VCHUCH TZIH
NIM_CH'OKOJ,Nim Ch'okoj,oficio,quc,EOXIB CHICHOCOHIB
NIM_CH'OKOJ,Nim Ch'okoj,oficio,quc,EVCAHAU TZIH
NIM_CH'OKOJ,Nim Ch'okoj,oficio,quc,N IM CHOCOHCUT
NIM_CH'OKOJ,Nim Ch'okoj,oficio,quc,NIM CHOCOH
NIM_CH'OKOJ,Nim Ch'okoj,oficio,quc,OXIBCUT RI CHOCOHIB
NIM_CH'OKOJ_KAWEQ,Nim Ch'okoj Kaweq,oficio,quc,N IM CHOCOH CAVEC
NIM_CH'OKOJ_KAWEQ,Nim Ch'okoj Kaweq,oficio,quc,NIM CHOCOH CA VEC
NIM_CH'OKOJ_NIJA'IB',Nim Ch'okoj Nija'ib',oficio,quc,N IM CHOCOH NIHAIB
NIM_CH'OKOJ_NIJA'IB',Nim Ch'okoj Nija'ib',oficio,quc,NIMCHOCOH NIHAIB
NIM_XO'L,Nim Xo'l,topónimo,quc,NIM XOL
NIM_XOB'_KARCHAJ,Nim xob' Karchaj,topónimo,quc,NIM XOB CARCHAH
NOJ,Noj,objeto,quc,NOH
NU'_SIWAN,Nu' Siwan,topónimo,quc,NUZIVAN
OXIB'_KEJ_KQDOCE,Oxib' Kej (gen. 12),persona,quc,O XIB QUIEH
OXIB_RI_NIM_JA,Oxib' ri nim ja,linaje,quc,CAOXIB OC QUINIMHA
OXIB_RI_NIM_JA,Oxib' ri nim ja,linaje,quc,EOXIB CHINAMIT
OXIB_RI_NIM_JA,Oxib' ri nim ja,linaje,quc,OX CHOB CHI
OXIB_RI_NIM_JA,Oxib' ri nim ja,linaje,quc,OXIB CHI QUICHE
OXIB_RI_NIM_JA,Oxib' ri nim ja,linaje,quc,OXIB RI NIMHA
OXIB_RI_NIM_JA,Oxib' ri nim ja,linaje,quc,OXIBPUCH NIMHA
OXIB_RI_NIM_JA,Oxib' ri nim ja,linaje,quc,QUICHE
OXIB_RI_NIM_JA,Oxib' ri nim ja,linaje,quc,RI OXIB CHINIMHA
PACHQ'AB,PACHQ'AB,,quc,PACHCAB
PACHQ'AB',Pach'q'ab',objeto,quc,IPACHCAB
PACHQ'AB',Pach'q'ab',objeto,quc,PA CH CAB
PACHQ'AB',Pach'q'ab',objeto,quc,PACHCAB
PACH_Q'AB',PACH_Q'AB',,quc,PACH CAB
PAK'AM,Pak'am,deidad,quc,PACAM
PALO,Palo,lugar,quc,PA LO
PAM_KAJ_UPAM_ULEW,"Pam Kaj, Upam Ulew",lugar,quc,PAM CAH V PAM VLEU
PAM_KAJ_UPAM_ULEW,"Pam Kaj, Upam Ulew",lugar,quc,VPAM CAH UPAM VLEU
PAM_KAJ_UPAM_ULEW,"Pam Kaj, Upam Ulew",lugar,quc,VPAM CAH VPAM VLEU
PATAN,Patan,deidad,quc,PA TAN
PATAN,Patan,deidad,quc,VCABLAHUH CULEL
PA_AWILIX,Pa Awilix,topónimo,quc,PA AV LIX
PA_AWILIX,Pa Awilix,topónimo,quc,PA VLIX
PA_MAK'A',Pa Mak'a',topónimo,quc,PAMACA
PA_TOJIL,Pa Tojil,topónimo,quc,PA TOHIL
PA_TOJIL,Pa Tojil,topónimo,quc,PATOHIL
PEK_UL_YA',Pek ul ya',topónimo,quc,PE CUL
PEQ,Peq,objeto,quc,PEC
PICH_KEJ,Pich Kej,objeto,quc,PICH QUEH
PISOM_Q'AQ'AL,Pisom Q'aq'al,objeto,quc,CUUN
PISOM_Q'AQ'AL,Pisom Q'aq'al,objeto,quc,PIZOM
PISOM_Q'AQ'AL,Pisom Q'aq'al,objeto,quc,PIZOM EA EAL
PISOM_Q'AQ'AL,Pisom Q'aq'al,objeto,quc,PIZOM Q'AQ'AL
POM,Pom,objeto,quc,CABAVIL POM
POM,Pom,objeto,quc,CAVIZTON POM
POM,Pom,objeto,quc,MI XTAM POM
POPOL_WINAQ_CHI_T'UY,Popol Winaq chi T'uy,oficio,quc,P OPOLVINAC CHITUI
POPOL_WINAQ_CHI_T'UY,Popol Winaq chi T'uy,oficio,quc,POPOL VINAC CHITUY
POPOL_WINAQ_PA_JOM_TZALATZ',Popol Winaq pa Jom Tzalatz',oficio,quc,P OPOLVINAC PAHOM TZALATZ
POPOL_WINAQ_PA_JOM_TZALATZ',Popol Winaq pa Jom Tzalatz',oficio,quc,POPOL VINAC PAHOM TZALATZ
POPOL_WUJ,Popol Wuj,objeto,quc,POPO VVH
POPOL_WUJ,Popol Wuj,objeto,quc,POPOL VVH
POPOL_WUJ,Popol Wuj,objeto,quc,QONABE OHER
PUCH_IYA,Puch iya,objeto,quc,PUCH YIA
PUCH_IYA,Puch iya,objeto,quc,YIA
PUJUYU',Pujuyu',deidad,quc,PU HUYU
PUJUYU',Pujuyu',deidad,quc,PUHUYU
PUJ_CHI_JA',Puj chi ja',topónimo,quc,PU CH CHI A
PUJ_YA',Puj Ya',lugar,quc,PUHIA
PUSB'AL_CHAAJ,Pusb'al Chaaj,lugar,quc,PUC BAL CHAH
PUSB'AL_CHAAJ,Pusb'al Chaaj,lugar,quc,PUCBACHAH
PUSB'AL_CHAAJ,Pusb'al Chaaj,lugar,quc,PUCBAL C HAH
PUSB'AL_CHAAJ,Pusb'al Chaaj,lugar,quc,PUCBAL CHAH
Q'ALEL,Q'alel,oficio,quc,EALEL
Q'ALEL_ACHIJ,Q'alel Achij,oficio,quc,V EALEL ACHIH
Q'ALEL_AJAW,Q'alel Ajaw,linaje,quc,EALEL AHAU
Q'ALEL_K'AMJA,Q'alel K'amja,oficio,quc,CALE CAMHA
Q'ALEL_SAQIK,Q'alel Saqik,oficio,quc,EALEL ZAQUIC
Q'ALIB'AJ,Q'alib'aj,objeto,quc,EALIBAH
Q'ANAB'AJ,Q'anab'aj,objeto,quc,CANABAH
Q'ANA_B'E,Q'ana b'e,topónimo,quc,Q'ANA BE
Q'AQ'_LAQAM_AKTRES,Q'aq' Laqam (gen. 3),persona,quc,CAELACAN
Q'EQA_B'E,Q'eqa b'e,topónimo,quc,BE XIBALBA
Q'EQA_B'E,Q'eqa b'e,topónimo,quc,QUE CA BE
Q'EQA_B'E,Q'eqa b'e,topónimo,quc,QUECA BE
Q'EQUMA_JA,Q'equma Ja,lugar,quc,QUE EUMAHA
Q'EQUMA_JA,Q'equma Ja,lugar,quc,QUECUMA HA
Q'EQUMA_JA,Q'equma Ja,lugar,quc,QUEEUMA HA
Q'INOM,Q'inom,objeto,quc,QUINOM
Q'OJOM,Q'ojom,objeto,quc,COHOM
Q'OJOM,Q'ojom,objeto,quc,COHOMANIC
Q'OL,Q'ol,objeto,quc,NIMA EOL
Q'OL_CHE',Q'ol Che',objeto,quc,COLCHE
Q'OQ,Q'OQ,,quc,COC
Q'OQ,Q'OQ,,quc,COCOB
Q'OQ,Q'OQ,,quc,VCOC
Q'UKUMATZ,Q'ukumatz,deidad,quc,GUCUMATZ
Q'UKUMATZ,Q'ukumatz,deidad,quc,QU CUMATZ
Q'UKUMATZ_KQCINCO,Q'ukumatz (gen. 5),persona,quc,C UCUMATZ
Q'UKUMATZ_KQCINCO,Q'ukumatz (gen. 5),persona,quc,CUCUMATZ
Q'UMARKAJ,Q'umarkaj,topónimo,quc,CUMARCA AH
Q'UMARKAJ,Q'umarkaj,topónimo,quc,CUMARCAAH
Q'UMARKAJ,Q'umarkaj,topónimo,quc,TINA MIT
Q'UMARKAJ,Q'umarkaj,topónimo,quc,TINAMIT
QAMUKU,Qamuku,canto,quc,CAMU CU
QAMUKU,Qamuku,canto,quc,CAMUCU
RAB'INALEB',Rab'inaleb',linaje,quc,RABI NALEB
RAJAWAL_XIB'ALB'A,Rajawal Xib'alb'a,grupo de deidades,quc,AHA U
RAJAWAL_XIB'ALB'A,Rajawal Xib'alb'a,grupo de deidades,quc,AHA UAB
RAJAWAL_XIB'ALB'A,Rajawal Xib'alb'a,grupo de deidades,quc,AHA VAB
RAJAWAL_XIB'ALB'A,Rajawal Xib'alb'a,grupo de deidades,quc,AHAU
RAJAWAL_XIB'ALB'A,Rajawal Xib'alb'a,grupo de deidades,quc,AHAUAB
RAJAWAL_XIB'ALB'A,Rajawal Xib'alb'a,grupo de deidades,quc,ALAC AHAUAB
RAJAWAL_XIB'ALB'A,Rajawal Xib'alb'a,grupo de deidades,quc,CONO HEL AHAUAB
RAJAWAL_XIB'ALB'A,Rajawal Xib'alb'a,grupo de deidades,quc,CONOH XIBALBA
RAJAWAL_XIB'ALB'A,Rajawal Xib'alb'a,grupo de deidades,quc,CONOHEL
RAJAWAL_XIB'ALB'A,Rajawal Xib'alb'a,grupo de deidades,quc,CONOHEL AHAUAB
RAJAWAL_XIB'ALB'A,Rajawal Xib'alb'a,grupo de deidades,quc,CONOHEL XIBALBA
RAJAWAL_XIB'ALB'A,Rajawal Xib'alb'a,grupo de deidades,quc,IXAHAUAB
RAJAWAL_XIB'ALB'A,Rajawal Xib'alb'a,grupo de deidades,quc,RAHAL XIBALBA
RAJAWAL_XIB'ALB'A,Rajawal Xib'alb'a,grupo de deidades,quc,RAHAUAL
RAJAWAL_XIB'ALB'A,Rajawal Xib'alb'a,grupo de deidades,quc,RAHAUAL XI BALBA
RAJAWAL_XIB'ALB'A,Rajawal Xib'alb'a,grupo de deidades,quc,RAHAUAL XIBAL BA
RAJAWAL_XIB'ALB'A,Rajawal Xib'alb'a,grupo de deidades,quc,RAHAUAL XIBALBA
RAJAWAL_XIB'ALB'A,Rajawal Xib'alb'a,grupo de deidades,quc,RIAHAUAB
RAJAWAL_XIB'ALB'A,Rajawal Xib'alb'a,grupo de deidades,quc,RICONOHEL XI BALBA
RAJAWAL_XIB'ALB'A,Rajawal Xib'alb'a,grupo de deidades,quc,RONOHEL XIBALBA
RAJAWAL_XIB'ALB'A,Rajawal Xib'alb'a,grupo de deidades,quc,XI BALBA
RAJAWAL_XIB'ALB'A,Rajawal Xib'alb'a,grupo de deidades,quc,XIBAL BA
RAJAWAL_XIB'ALB'A,Rajawal Xib'alb'a,grupo de deidades,quc,XIBAL BA CONOHEL
RAJAWAL_XIB'ALB'A,Rajawal Xib'alb'a,grupo de deidades,quc,XIBALBA
RAJPOP,Rajpop,deidad,quc,IXRAH POPACHIH
RAJPOP,Rajpop,deidad,quc,RAHPOP ACHI HAB
RAJPOP,Rajpop,deidad,quc,RAHPOP ACHIH
RAJPOP_ACHIJ,Rajpop Achij,oficio,quc,RAHPOP ACHIH
RAJTZ'ALAM_ACHIJ,Rajtz'alam Achij,oficio,quc,RAHTZA LAM ACHIH
RATI'T_Q'IJ,Rati't Q'ij,deidad,quc,RATIT QUIH
RATI'T_SAQ,Rati't Saq,deidad,quc,RA TITZAC
RATI'T_SAQ,Rati't Saq,deidad,quc,RATIT ZAC
RAXA_B'E,Raxa b'e,topónimo,quc,PARAXA HOC
RAXA_B'E,Raxa b'e,topónimo,quc,RAXA BE
RAXA_KAQULJA,Raxa Kaqulja,deidad,quc,RAXA CACUL HA
RAXA_KAQULJA,Raxa Kaqulja,deidad,quc,RAXA CACULHA
RAXA_NANAWAK,Raxa Nanawak,deidad,quc,RAXA NANA VAC
SAKIL,Sakil,objeto,quc,VZAQUILAL
SAKIL,Sakil,objeto,quc,ZAQUIL
SANIK,Sanik,animal,quc,ZANIC
SANTA_CRUZ,Santa Cruz,topónimo,quc,STA SANTA CRUZ
SAQAJIB',SAQAJIB',,quc,ZACAHIB
SAQAJIB',SAQAJIB',,quc,ZAQUI QUIB
SAQIKAS,Saqikas,animal,quc,CU MATZ
SAQIKAS,Saqikas,animal,quc,CUMATZ
SAQIKAS,Saqikas,animal,quc,RICUMATZ
SAQIKAS,Saqikas,animal,quc,ZAQUI CAZ
SAQIKAS,Saqikas,animal,quc,ZAQUICAZ
SAQI_B'E,Saqi b'e,topónimo,quc,ZAQUI BE
SAQI_K'OXOL,Saqi K'oxol,persona,quc,ZAQUICOXOL
SAQI_NIM_AQ_SIS,Saqi Nim Aq Sis,deidad,quc,ATIT
SAQI_NIM_AQ_SIS,Saqi Nim Aq Sis,deidad,quc,ATIT MAMA
SAQI_NIM_AQ_SIS,Saqi Nim Aq Sis,deidad,quc,CA MAM
SAQI_NIM_AQ_SIS,Saqi Nim Aq Sis,deidad,quc,CAMAM
SAQI_NIM_AQ_SIS,Saqi Nim Aq Sis,deidad,quc,MAMA
SAQI_NIM_AQ_SIS,Saqi Nim Aq Sis,deidad,quc,MAMA ATIT
SAQI_NIM_AQ_SIS,Saqi Nim Aq Sis,deidad,quc,RI ATIT MAMA
SAQI_NIM_AQ_SIS,Saqi Nim Aq Sis,deidad,quc,ZA QUINIMAC TZIZ
SAQI_NIM_AQ_SIS,Saqi Nim Aq Sis,deidad,quc,ZAQUI NIM AC
SAQI_NIM_AQ_SIS,Saqi Nim Aq Sis,deidad,quc,ZAQUI NIMA TZIZ
SAQI_YA,Saqi Ya,topónimo,quc,ZAQUI YA
SAQKABAJA,Saqkabaja,topónimo,quc,AH ZAC CABAHA
SAQKABAJA,Saqkabaja,topónimo,quc,RIZACABAHA
SAQULEWAB',Saqulewab',topónimo,quc,ZACULEUAB
SAQ_K'UCH,Saq K'uch,animal,quc,ZACCUCH
SILISIB',Silisib',topónimo,quc,ZILI ZIB
SIPAKNA,Sipakna,deidad,quc,AT QAHOL
SIPAKNA,Sipakna,deidad,quc,V NABE QAHOL
SIPAKNA,Sipakna,deidad,quc,ZI PACNA
SIPAKNA,Sipakna,deidad,quc,ZIPAC NA
SIPAKNA,Sipakna,deidad,quc,ZIPACNA
SIS,Sis,animal,quc,TZ IZ
SIS,Sis,animal,quc,ZIZ
SITA'L,Sita'l,animal,quc,ZI TAL
SITA'L,Sita'l,animal,quc,ZITAL
SIYAJA,Siyaja,topónimo,quc,AH ZIYAHA
SOCHOJ,Sochoj,animal,quc,ZOCHOH
SOJTZI_JA_CHIMALKAN,SOJTZI_JA_CHIMALKAN,,quc,TZOTZIHA CHI MALCAN
SOR_OBISPO,Sor. Obispo,persona,quc,S OR SEOR OBISPO
SOTZ,Sotz,animal,quc,CAMA ZOTZ
SOTZ,Sotz,animal,quc,CAMAZOTZ
SOTZ,Sotz,animal,quc,TZOTZ
SOTZ,Sotz,animal,quc,XAZOTZ
SOTZ,Sotz,animal,quc,ZOTZ
SOTZ'I_JA,Sotz'i Ja,lugar,quc,HA
SOTZ'I_JA,Sotz'i Ja,lugar,quc,PA HA
SOTZ'I_JA,Sotz'i Ja,lugar,quc,TZOTZI HA
SOTZ'I_JA,Sotz'i Ja,lugar,quc,ZOTZIHA
SOTZ'I_JA,Sotz'i Ja,lugar,quc,ZOTZILA HA
SOTZ'I_JA,Sotz'i Ja,lugar,quc,ZOTZIN HA
SU',Su',objeto,quc,AHZU
SU',Su',objeto,quc,TZU
SU',Su',objeto,quc,XEZUAN
SU',Su',objeto,quc,XEZUANIC
SU',Su',objeto,quc,XQUIZUAH
SU',Su',objeto,quc,ZU
SU',Su',objeto,quc,ZUANIC
SUB'AQ,Sub'aq,objeto,quc,ZUBAC
SUYWA,Suywa,topónimo,quc,ZU VA
SUYWA,Suywa,topónimo,quc,ZUIVA
SUYWA,Suywa,topónimo,quc,ZUY VA
T'OT_TATAN,T'ot' Tatan,objeto,quc,TOT TATAM
TAMASUL,Tamasul,animal,quc,INZAMAHEL
TAMASUL,Tamasul,animal,quc,QAHOL
TAMASUL,Tamasul,animal,quc,RIXPEC
TAMASUL,Tamasul,animal,quc,TAMA ZUL
TAMASUL,Tamasul,animal,quc,TAMAZUL
TAMASUL,Tamasul,animal,quc,TAMAZUL QAHOL
TAMASUL,Tamasul,animal,quc,XBEC
TAMASUL,Tamasul,animal,quc,XP EC
TAMASUL,Tamasul,animal,quc,XPEC
TAMUB',Tamub',linaje,quc,TA MUB
TAMUB',Tamub',linaje,quc,TAM UB
TAMUB',Tamub',linaje,quc,TUMUB
TAPA'L,Tapa'l,objeto,quc,TAPAL
TEKUM_KQNUEVE,Tekum (gen. 9),persona,quc,T ECUM
TEKUM_KQTRECE,Tekum (gen. 13),persona,quc,T ECUM
TEKUM_KQTRECE,Tekum (gen. 13),persona,quc,TECUM
TEPEPUL_KQNUEVE,Tepepul (gen. 9),persona,quc,TEPEPUL
TEPEPUL_KQOCHO,Tepepul  (gen. 8),persona,quc,T EPEPUL
TEPEPUL_KQSEIS,Tepepul (gen. 6),persona,quc,T EPEPUL
TEPEPUL_KQSEIS,Tepepul (gen. 6),persona,quc,TEPEPUL
TEPEPUL_KQTRECE,Tepepul (gen. 13),persona,quc,TEPEPUL
TEPEW,Tepew,oficio,quc,TE PEVAL
TEPEW,Tepew,oficio,quc,TEPEUAL
TEPEW_OLOMAN,Tepew Oloman,linaje,quc,TEPEU OLIMAN
TEPEW_OLOMAN,Tepew Oloman,linaje,quc,TEPEU OLO MAN
TEPEW_Q'UKUMATZ,Tepew Q'ukumatz,deidad,quc,TE PEU GUCUMATZ
TEPEW_Q'UKUMATZ,Tepew Q'ukumatz,deidad,quc,TEPEU CUCU MATZ
TEPEW_Q'UKUMATZ,Tepew Q'ukumatz,deidad,quc,TEPEU CUCUMATZ
TEPEW_Q'UKUMATZ,Tepew Q'ukumatz,deidad,quc,TEPEU GUCUMATZ
TEPEW_Q'UKUMATZ,Tepew Q'ukumatz,deidad,quc,TEPEU QUCUMATZ
TEPEW_Q'UKUMATZ,Tepew Q'ukumatz,deidad,quc,TEPEUH CUCUMATZ
TEPEW_YAKI,Yaki Tepew,linaje,quc,T EPEU IAQUI
TIJOB'AL_JA,Tijob'al Ja,lugar,quc,TIHOBAL HA
TIJOB'AL_JA,Tijob'al Ja,lugar,quc,VTIHOBAL
TINAMIT_K'ICHE',Tinamit K'iche',topónimo,quc,AHAUAB QUICHE
TINAMIT_K'ICHE',Tinamit K'iche',topónimo,quc,AHAVAB QUICHE
TINAMIT_K'ICHE',Tinamit K'iche',topónimo,quc,PA QUICHE
TINAMIT_K'ICHE',Tinamit K'iche',topónimo,quc,QUE CHE VINAC
TINAMIT_K'ICHE',Tinamit K'iche',topónimo,quc,QUECHE
TINAMIT_K'ICHE',Tinamit K'iche',topónimo,quc,QUECHE VINAC
TINAMIT_K'ICHE',Tinamit K'iche',topónimo,quc,QUI CHE
TINAMIT_K'ICHE',Tinamit K'iche',topónimo,quc,QUICHE
TINAMIT_K'ICHE',Tinamit K'iche',topónimo,quc,QUICHE VINAC
TINAMIT_K'ICHE',Tinamit K'iche',topónimo,quc,QUICHERI
TINAMIT_K'ICHE',Tinamit K'iche',topónimo,quc,RAHA UAL QUICHE
TINAMIT_K'ICHE',Tinamit K'iche',topónimo,quc,TINAMIT QUICHE
TOJIL,Tojil,deidad,quc,AHA U
TOJIL,Tojil,deidad,quc,RITOHIL
TOJIL,Tojil,deidad,quc,TO HIL
TOJIL,Tojil,deidad,quc,TOHIL
TUJAL_JA,Tujal Ja,topónimo,quc,TUHAL HA
TUJAL_JA,Tujal Ja,topónimo,quc,TUHALAHA
TUJAL_JA,Tujal Ja,topónimo,quc,TUHALHA
TUKUMB'ALAM,Tukumb'alam,animal,quc,TUCUMBALAM
TUKUR,Tukur,animal,quc,TUCUR
TULÁN,Tulán,topónimo,quc,TU LAN
TULÁN,Tulán,topónimo,quc,TULAN
TZ'AQOL,Tz'aqol,deidad,quc,AH TZAC
TZ'AQOL,Tz'aqol,deidad,quc,AHTZAC
TZ'AQOL,Tz'aqol,deidad,quc,HUN TZAC
TZ'AQOL,Tz'aqol,deidad,quc,TZA COL
TZ'AQOL,Tz'aqol,deidad,quc,TZACOL
TZ'IKIN,Tz'ikin,animal,quc,Q ' I QUIN
TZ'IKIN,Tz'ikin,animal,quc,Q ' IQUIN
TZ'IKIN,Tz'ikin,animal,quc,Q I QUIN
TZ'IKIN,Tz'ikin,animal,quc,Q IQUIN
TZ'IKIN,Tz'ikin,animal,quc,QI IQUIN
TZ'IKIN,Tz'ikin,animal,quc,QI QUIN
TZ'IKIN,Tz'ikin,animal,quc,TZI QUIN
TZ'IKIN,Tz'ikin,animal,quc,TZIQUIN
TZ'IKIN,Tz'ikin,animal,quc,ZIQUIN
TZ'ITE',Tz'ite',objeto,quc,AH TZITE
TZ'ITE',Tz'ite',objeto,quc,Q ITE
TZ'ITE',Tz'ite',objeto,quc,TZI TE
TZ'ITE',Tz'ite',objeto,quc,TZITE
TZ'OLOJ_CHE',Tz'oloj Che',topónimo,quc,TZOLOHCHE
TZ'UM,Tz'um,objeto,quc,Q UUM
TZ'UM,Tz'um,objeto,quc,TZUUM
TZ'UNUNI_JA',Tz'ununi Ja',persona,quc,TZUNUNIHA
TZ'UTUJA,Tz'utuja,linaje,quc,TZUTUHA
TZ'UTU_JA,Tz'utu Ja,lugar,quc,TZUTUHA
TZAMIY,Tzamiy,objeto,quc,VZAMIAL
TZAMIY,Tzamiy,objeto,quc,ZAMI
TZIKWIL_B'ALAM,Tzikwil B'alam,objeto,quc,TZICUIL BALAM
TZIKWIL_KOJ,Tzikwil Koj,objeto,quc,TZICVIL COH
TZIMA,Tzima,objeto,quc,RIZIMA
TZIMA,Tzima,objeto,quc,ZIMA
UCH'AB'AJA,Uch'ab'aja,linaje,quc,VCHABA HA
UCH'AB'AJA,Uch'ab'aja,linaje,quc,VCHABAHA
UCHUCH_K'AMJA,Uchuch K'amja,oficio,quc,V CHUCH CAMHA
UCHUCH_K'AMJA,Uchuch K'amja,oficio,quc,VCHUCH CAM HA
UK',Uk',animal,quc,AT VI
UK',Uk',animal,quc,UG
UK',Uk',animal,quc,UQ
UK',Uk',animal,quc,VQ
UK'U'X_CHO,Uk'u'x Cho,deidad,quc,VQUX CHO
UK'U'X_KAJ,Uk'u'x Kaj,deidad,quc,V QUX CAH
UK'U'X_KAJ,Uk'u'x Kaj,deidad,quc,V QUXCAH
UK'U'X_KAJ,Uk'u'x Kaj,deidad,quc,VQU X CAH
UK'U'X_KAJ,Uk'u'x Kaj,deidad,quc,VQUX CAH
UK'U'X_KAJ,Uk'u'x Kaj,deidad,quc,VQUXCAH
UK'U'X_PALO,Uk'u'x Palo,deidad,quc,VQUX PALO
UK'U'X_ULEW,Uk'u'x Ulew,deidad,quc,V QUXVLEU
UK'U'X_ULEW,Uk'u'x Ulew,deidad,quc,VLEU
UK'U'X_ULEW,Uk'u'x Ulew,deidad,quc,VQUX VLEU
UK'U'X_ULEW,Uk'u'x Ulew,deidad,quc,VQUXVLE UH
UMUL,Umul,animal,quc,VMUL
USAMAJEL_XIB'ALB'A,Usamajel Xib'alb'a,grupo de deidades,quc,IXZA MAHEL
USAMAJEL_XIB'ALB'A,Usamajel Xib'alb'a,grupo de deidades,quc,IXZAMAHEL
USAMAJEL_XIB'ALB'A,Usamajel Xib'alb'a,grupo de deidades,quc,V ZAMA HEL
USAMAJEL_XIB'ALB'A,Usamajel Xib'alb'a,grupo de deidades,quc,VZAMA HEL XIBALBA
USAMAJEL_XIB'ALB'A,Usamajel Xib'alb'a,grupo de deidades,quc,VZAMAHEL
USAMAJEL_XIB'ALB'A,Usamajel Xib'alb'a,grupo de deidades,quc,VZAMAHEL XIBALBA
USAMAJEL_XIB'ALB'A,Usamajel Xib'alb'a,grupo de deidades,quc,ZA MAHEL
USAMAJEL_XIB'ALB'A,Usamajel Xib'alb'a,grupo de deidades,quc,ZAMAHEL
UTIW,Utiw,animal,quc,VTIU
UTZA'M_ACHIJ,Utza'm Achij,oficio,quc,VTZAM ACHIH
UTZUTZIL_JOM,Utz'utz'il jom,lugar,quc,V ZUTZIL HOM
WA,Wa,objeto,quc,QUEVA IC
WA,Wa,objeto,quc,QUEVAIC
WA,Wa,objeto,quc,VA
WA,Wa,objeto,quc,VAIN
WACH_SOT,WACH_SOT,,quc,VACH ZOT
WAJXALAJUJ,Wajxalajuj,topónimo,quc,VAHXA LAHUH
WAJXAQIB'_K'AM_KQDIEZ,Wajxaqib' K'am (gen. 10),persona,quc,V AHXAQUI CAAM
WAK,Wak,animal,quc,VAC
WAK,Wak,animal,quc,VAC NI MA TZIQUIN
WILA',Wila',topónimo,quc,AH VVILA
WILA',Wila',topónimo,quc,CHUUILA
WINAQ_B'ALAM_AKNUEVE,Winaq B'alam (gen. 9),persona,quc,VINAC BAM
WOK,Wok,animal,quc,VOC
WONON,Wonon,animal,quc,VONON
WONON,Wonon,animal,quc,VOROM
WUB,Wub',objeto,quc,CHICAVVBAH
WUB,Wub',objeto,quc,IV VBAH
WUB,Wub',objeto,quc,QUEVVBANIC
WUB,Wub',objeto,quc,QUIVVBA NIC
WUB,Wub',objeto,quc,UU BAL
WUB,Wub',objeto,quc,V VB
WUB,Wub',objeto,quc,VB
WUB,Wub',objeto,quc,VBAH
WUB,Wub',objeto,quc,VBOM
WUB,Wub',objeto,quc,VUB
WUB,Wub',objeto,quc,VUBAH
WUB,Wub',objeto,quc,VVB
WUB,Wub',objeto,quc,VVBAH
WUB,Wub',objeto,quc,VVBANIC
WUB,Wub',objeto,quc,XQUIVVBAH
WUCH',Wuch',animal,quc,VUCH
WUCH',Wuch',animal,quc,VVCH
WUQUB'_AJ_AKSEIS,Wuqub' Aj (gen. 6),persona,quc,VUCUBAH
WUQUB'_JUNAJPU,Wuqub' Junajpu,deidad,quc,VCUB HUNAHPU
WUQUB'_JUNAJPU,Wuqub' Junajpu,deidad,quc,VUCUB HUN AHPU
WUQUB'_JUNAJPU,Wuqub' Junajpu,deidad,quc,VV CUB HUN AHPU
WUQUB'_JUNAJPU,Wuqub' Junajpu,deidad,quc,VVCUB HUN AHPU
WUQUB'_JUNAJPU,Wuqub' Junajpu,deidad,quc,VVCUB HUNAHPU
WUQUB'_JUNAJPU,Wuqub' Junajpu,deidad,quc,VVCUBHUNAHPU
WUQUB'_KAME',Wuqub' Kame',deidad,quc,V VCUB CAME
WUQUB'_KAME',Wuqub' Kame',deidad,quc,VCAH CULEL
WUQUB'_KAME',Wuqub' Kame',deidad,quc,VVCU BCAME
WUQUB'_KAME',Wuqub' Kame',deidad,quc,VVCUB CA ME
WUQUB'_KAME',Wuqub' Kame',deidad,quc,VVCUB CAME
WUQUB'_KAME',Wuqub' Kame',deidad,quc,VVCUBCAME
WUQUB'_KAQIX,Wuqub' Kaqix,deidad,quc,AHAU
WUQUB'_KAQIX,Wuqub' Kaqix,deidad,quc,IN AHAU
WUQUB'_KAQIX,Wuqub' Kaqix,deidad,quc,LAL AHAU
WUQUB'_KAQIX,Wuqub' Kaqix,deidad,quc,V VCUB CAQUIX
WUQUB'_KAQIX,Wuqub' Kaqix,deidad,quc,VCUB CA QUIX
WUQUB'_KAQIX,Wuqub' Kaqix,deidad,quc,VCUB CAQUIX
WUQUB'_KAQIX,Wuqub' Kaqix,deidad,quc,VU CUB CAQUIX
WUQUB'_KAQIX,Wuqub' Kaqix,deidad,quc,VUCUB CA QUIX
WUQUB'_KAQIX,Wuqub' Kaqix,deidad,quc,VUCUB CAQUIX
WUQUB'_KAQIX,Wuqub' Kaqix,deidad,quc,VV CUB CAQUIX
WUQUB'_KAQIX,Wuqub' Kaqix,deidad,quc,VVC UB CAQUIX
WUQUB'_KAQIX,Wuqub' Kaqix,deidad,quc,VVCUB CA QUIX
WUQUB'_KAQIX,Wuqub' Kaqix,deidad,quc,VVCUB CAQUIX
WUQUB'_NO'J_KQONCE,Wuqub' No'j (gen. 11),persona,quc,V UCUB NOH
XAJBA'KYEJ,XAJBA'KYEJ,,quc,XAHBAQUIEH
XAJOJ_KUX,Xajoj Kux,danza,quc,XAHOH CUX
XAJOJ_KUX,Xajoj Kux,danza,quc,XQUIXAH CUX
XAJOJ_PUJUY,Xajoj Pujuy,danza,quc,XAHOH PUHUY
XAJOJ_PUJUY,Xajoj Pujuy,danza,quc,XQUIXAH PUHUY
XAYAB'AJ,Xayab'aj,topónimo,quc,AH XAYABAH
XA_Q'ANA_JAL,Xa q'ana jal,grupo de deidades,quc,AH CAHB
XA_Q'ANA_JAL,Xa q'ana jal,grupo de deidades,quc,AH QUIXB
XA_Q'ANA_JAL,Xa q'ana jal,grupo de deidades,quc,AHA UAB
XA_Q'ANA_JAL,Xa q'ana jal,grupo de deidades,quc,AHAUAB
XA_Q'ANA_JAL,Xa q'ana jal,grupo de deidades,quc,AHCAHB
XA_Q'ANA_JAL,Xa q'ana jal,grupo de deidades,quc,AHQUIXB
XA_Q'ANA_JAL,Xa q'ana jal,grupo de deidades,quc,CA CAHAU
XA_Q'ANA_JAL,Xa q'ana jal,grupo de deidades,quc,CA MAM
XA_Q'ANA_JAL,Xa q'ana jal,grupo de deidades,quc,CACAHA
XA_Q'ANA_JAL,Xa q'ana jal,grupo de deidades,quc,CACAHAU
XA_Q'ANA_JAL,Xa q'ana jal,grupo de deidades,quc,CACHUCH
XA_Q'ANA_JAL,Xa q'ana jal,grupo de deidades,quc,CAHAU
XA_Q'ANA_JAL,Xa q'ana jal,grupo de deidades,quc,CAMAM
XA_Q'ANA_JAL,Xa q'ana jal,grupo de deidades,quc,CANABE CHUCH
XA_Q'ANA_JAL,Xa q'ana jal,grupo de deidades,quc,CHUCH
XA_Q'ANA_JAL,Xa q'ana jal,grupo de deidades,quc,E CAHIB CHI VINAC
XA_Q'ANA_JAL,Xa q'ana jal,grupo de deidades,quc,E CANABE CA HAU
XA_Q'ANA_JAL,Xa q'ana jal,grupo de deidades,quc,EAH CAHB
XA_Q'ANA_JAL,Xa q'ana jal,grupo de deidades,quc,NAABE VINAC
XA_Q'ANA_JAL,Xa q'ana jal,grupo de deidades,quc,QUICAHAU
XA_Q'ANA_JAL,Xa q'ana jal,grupo de deidades,quc,QUICAHICHAL
XA_Q'ANA_JAL,Xa q'ana jal,grupo de deidades,quc,RACHCAHB
XA_Q'ANA_JAL,Xa q'ana jal,grupo de deidades,quc,RACHQUIXB
XA_Q'ANA_JAL,Xa q'ana jal,grupo de deidades,quc,RAH QUIXB
XA_Q'ANA_JAL,Xa q'ana jal,grupo de deidades,quc,RAHCAHB
XA_Q'ANA_JAL,Xa q'ana jal,grupo de deidades,quc,RAHQUIXB
XA_Q'ANA_JAL,Xa q'ana jal,grupo de deidades,quc,VINAC CUMAL AHAUAB
XA_Q'ANA_JAL,Xa q'ana jal,grupo de deidades,quc,XAQ'ANA HAL ZAQUIHAL
XB'ALAMQ'E,Xb'alamq'e,deidad,quc,XBA LAN QUE
XB'ALAMQ'E,Xb'alamq'e,deidad,quc,XBA LANQUE
XB'ALAMQ'E,Xb'alamq'e,deidad,quc,XBALAN QUE
XB'ALAMQ'E,Xb'alamq'e,deidad,quc,XBALANQ
XB'ALAMQ'E,Xb'alamq'e,deidad,quc,XBALANQUE
XBALANKE,XBALANKE,,quc,XBALAN QUE
XE'_B'ALAX,Xe' B'alax,topónimo,quc,XEBALAX
XE'_K'A'MAQ,XE'_K'A'MAQ,,quc,XECAMAC
XELAJUJ,Xelajuj,topónimo,quc,AH XELAHUH
XELAJUJ,Xelajuj,topónimo,quc,XELAHU
XIB'ALB'A,Xib'alb'a,lugar,quc,AHAUAL HA
XIB'ALB'A,Xib'alb'a,lugar,quc,XBALBA
XIB'ALB'A,Xib'alb'a,lugar,quc,XI BALBA
XIB'ALB'A,Xib'alb'a,lugar,quc,XIBAL BA
XIK,Xik,animal,quc,VHULAH CULEL
XIK,Xik,animal,quc,XIC
XIK',XIK',,quc,XIC
XIKIRIPAT,Xikiripat,deidad,quc,ROO CULEL
XIKIRIPAT,Xikiripat,deidad,quc,XIQUIRIPAT
XIKIRI_PAT,XIKIRI_PAT,,quc,XI QUIRIPAT
XIKIRI_PAT,XIKIRI_PAT,,quc,XIQUIRITAP
XMUKANE,XMUKANE,,quc,AHBIT CHI RACAN
XMUKANE,XMUKANE,,quc,AHQUIH
XMUKANE,XMUKANE,,quc,ATIT
XMUKUR,Xmukur,animal,quc,XMUCUR
XPIYAKOK,Xpiyakok,deidad,quc,AHQUIH
XPIYAKOK,Xpiyakok,deidad,quc,AMA
XPIYAKOK,Xpiyakok,deidad,quc,AT CAMAM
XPIYAKOK,Xpiyakok,deidad,quc,CAHAU
XPIYAKOK,Xpiyakok,deidad,quc,CAMUL MAMOM
XPIYAKOK,Xpiyakok,deidad,quc,CHU QUENEL
XPIYAKOK,Xpiyakok,deidad,quc,MAMA
XPIYAKOK,Xpiyakok,deidad,quc,MAMOM
XPIYAKOK,Xpiyakok,deidad,quc,XPI YACOC
XPIYAKOK,Xpiyakok,deidad,quc,XPIYACOC
XPURPUWEQ,Xpurpuweq,deidad,quc,PURPUEC
XPURPUWEQ,Xpurpuweq,deidad,quc,XPURPU UEC
XPURPUWEQ,Xpurpuweq,deidad,quc,XPURPUVEC
XUXULIM_JA,Xuxulim Ja,lugar,quc,XUXULIM HA
XUXULUM_JA,XUXULUM_JA,,quc,TEUH HA
YA'XKANUL,Ya'xkanul,topónimo,quc,YA XCANUL
YACHWACH,Yachwach,objeto,quc,I ACH VACH
YACHWACH,Yachwach,objeto,quc,IACH VACH
YACHWACH,Yachwach,objeto,quc,QUI IACH VACH
YACHWACH,Yachwach,objeto,quc,YACH VACH
YAK,Yak,animal,quc,IAC
YAK,Yak,animal,quc,YAC
YAKI,Yaki,linaje,quc,YA QUI VINAC
YAKI,Yaki,linaje,quc,YAQUI VINAC
YAKI,Yaki,linaje,quc,YAQUIVINAC
YAKI_TEPEW,YAKI_TEPEW,,quc,YA QUI TEPEU
YAKOLATAM,Yakolatam,persona,quc,Y ACOLATAM
YAKOLATAM_UTZA'M_POP_SAQLATOL,Yakolatam Utza'm Pop Saqlatol,oficio,quc,YACOLATAM VTZAM POP ZACLATOL
YOLKWAT_KITZALKWAT,Yolkwat Kitzalkwat,deidad,quc,YOLCUAT QUI TZALCUAT
