entity_id,edition,ohco_path,ngram,ngram_len,match_type,label,type
OXIB_RI_NIM_JA,ximenez,0,Quiche,1,exact,Oxib' ri nim ja,linaje
JUNAJPU_UTIW,ximenez,1,"hun ahpu vtiu,",3,exact,Junajpu Utiw,deidad
TINAMIT_K'ICHE',ximenez,1,"tinamit quiche,",2,exact,Tinamit K'iche',topónimo
TINAMIT_K'ICHE',ximenez,1,quiche vinac;,2,exact,Tinamit K'iche',topónimo
JUNAJPU,ximenez,1,hun ahpu,2,exact,Junajpu,deidad
TEPEW_Q'UKUMATZ,ximenez,1,"tepeu, qucumatz",2,exact,Tepew Q'ukumatz,deidad
UK'U'X_CHO,ximenez,1,"vqux cho,",2,exact,Uk'u'x Cho,deidad
UK'U'X_PALO,ximenez,1,"vqux palo,",2,exact,Uk'u'x Palo,deidad
AJRAXA_TZEL,ximenez,1,ah raxatzel,2,exact,Ajraxa Tzel,deidad
IXMUKANE,ximenez,1,"camul yiom,",2,exact,Ixmukane,deidad
XPIYAKOK,ximenez,1,camul mamom,2,exact,Xpiyakok,deidad
TINAMIT_K'ICHE',ximenez,1,pa quiche,2,exact,Tinamit K'iche',topónimo
POPOL_WUJ,ximenez,1,popo vvh.,2,exact,Popol Wuj,objeto
KA'IB'_K'AJOLAB',ximenez,1,vi,1,exact,KA'IB'_K'AJOLAB',
KA'IB'_K'AJOLAB',ximenez,1,vi,1,exact,KA'IB'_K'AJOLAB',
KA'IB'_K'AJOLAB',ximenez,1,vi,1,exact,KA'IB'_K'AJOLAB',
TZ'AQOL,ximenez,1,tzacol,1,exact,Tz'aqol,deidad
B'ITOL,ximenez,1,bitol,1,exact,B'itol,deidad
ALOM,ximenez,1,"alom,",1,exact,Alom,deidad
K'AJOLOM,ximenez,1,qaholom,1,exact,K'ajolom,deidad
WUCH',ximenez,1,"vuch,",1,exact,Wuch',animal
AJ,ximenez,1,ah,1,exact,Aj,objeto
IXMUKANE,ximenez,1,"iyom,",1,exact,Ixmukane,deidad
XPIYAKOK,ximenez,1,mamom,1,exact,Xpiyakok,deidad
XPIYAKOK,ximenez,1,"xpiyacoc,",1,exact,Xpiyakok,deidad
IXMUKANE,ximenez,1,xmucane,1,exact,Ixmukane,deidad
IXMUKANE,ximenez,1,matzanel,1,exact,Ixmukane,deidad
SAKIL,ximenez,1,zaquil,1,exact,Sakil,objeto
DIOS,ximenez,1,Dios,1,exact,Dios,deidad
PALO,ximenez,1,palo.,1,exact,Palo,lugar
IKAJ,ximenez,1,cah,1,exact,IKAJ,
UK'U'X_ULEW,ximenez,1,"vleu,",1,exact,Uk'u'x Ulew,deidad
IKAJ,ximenez,1,"cah,",1,exact,IKAJ,
UK'U'X_ULEW,ximenez,1,vleu,1,exact,Uk'u'x Ulew,deidad
IKAJ,ximenez,1,cah,1,exact,IKAJ,
IKAJ,ximenez,1,cah,1,exact,IKAJ,
TZ'AQOL,ximenez,1,tzacol,1,exact,Tz'aqol,deidad
B'ITOL,ximenez,1,bitol,1,exact,B'itol,deidad
ALOM,ximenez,1,"vchuch,",1,exact,Alom,deidad
K'AJOLOM,ximenez,1,vcahau,1,exact,K'ajolom,deidad
SAKIL,ximenez,1,zaquil,1,exact,Sakil,objeto
SAKIL,ximenez,1,zaquil,1,exact,Sakil,objeto
SAKIL,ximenez,1,zaquil,1,exact,Sakil,objeto
K'AJOLOM,ximenez,1,"qahol,",1,exact,K'ajolom,deidad
Q'OL,ximenez,1,qol,1,fuzzy,Q'ol,objeto
KA'IB'_K'AJOLAB',ximenez,1,vi,1,exact,KA'IB'_K'AJOLAB',
IKAJ,ximenez,1,cah,1,exact,IKAJ,
UK'U'X_ULEW,ximenez,1,vleu,1,exact,Uk'u'x Ulew,deidad
CH'O,ximenez,1,cho,1,exact,Ch'o,animal
PALO,ximenez,1,palo,1,exact,Palo,lugar
IKAJ,ximenez,2,cah.,1,exact,IKAJ,
TEPEW_Q'UKUMATZ,ximenez,3,"tepeu, gucumatz",2,exact,Tepew Q'ukumatz,deidad
B'ALAM_JA,ximenez,3,pa ha,2,exact,B'ALAM_JA,
UK'U'X_KAJ,ximenez,3,vqux cah,2,exact,Uk'u'x Kaj,deidad
TZ'IKIN,ximenez,3,"tziquin,",1,exact,Tz'ikin,animal
KAR,ximenez,3,"car,",1,exact,Kar,animal
TAP,ximenez,3,"tap,",1,exact,Tap,animal
CHE',ximenez,3,che,1,fuzzy,Che',objeto
K'IM,ximenez,3,"quim,",1,exact,K'im,objeto
K'EL,ximenez,3,quel,1,exact,K'el,animal
IKAJ,ximenez,3,cah,1,exact,IKAJ,
UK'U'X_ULEW,ximenez,3,vleu;,1,exact,Uk'u'x Ulew,deidad
PALO,ximenez,3,palo,1,exact,Palo,lugar
IKAJ,ximenez,3,cah.,1,exact,IKAJ,
SOTZ'I_JA,ximenez,3,"ha,",1,exact,Sotz'i Ja,lugar
PALO,ximenez,3,"palo,",1,exact,Palo,lugar
KA'IB'_K'AJOLAB',ximenez,3,vi,1,exact,KA'IB'_K'AJOLAB',
TZ'AQOL,ximenez,3,"tzacol,",1,exact,Tz'aqol,deidad
B'ITOL,ximenez,3,"bitol,",1,exact,B'itol,deidad
ALOM,ximenez,3,"alom,",1,exact,Alom,deidad
K'AJOLOM,ximenez,3,qaholom,1,exact,K'ajolom,deidad
Q'UKUMATZ,ximenez,3,gucumatz,1,exact,Q'ukumatz,deidad
NIM_AQ,ximenez,3,nimac,1,exact,Nim Aq,deidad
NIM_AQ,ximenez,3,nimac,1,exact,Nim Aq,deidad
KA'IB'_K'AJOLAB',ximenez,3,vi,1,exact,KA'IB'_K'AJOLAB',
IKAJ,ximenez,3,cah,1,exact,IKAJ,
UK'U'X_KAJ,ximenez,4,vqu x cah,3,exact,Uk'u'x Kaj,deidad
TEPEW_Q'UKUMATZ,ximenez,4,tepeu gucumatz,2,exact,Tepew Q'ukumatz,deidad
TEPEW_Q'UKUMATZ,ximenez,4,"tepeu gucumatz,",2,exact,Tepew Q'ukumatz,deidad
UK'U'X_KAJ,ximenez,4,vqux cah,2,exact,Uk'u'x Kaj,deidad
KAQUILJA_JUN_RAQAN,ximenez,4,caculha huracan,2,exact,KAQUILJA_JUN_RAQAN,
CH'IPI_KAQULJA,ximenez,4,"chipa caculha,",2,exact,Ch'ipi Kaqulja,deidad
RAXA_KAQULJA,ximenez,4,raxa caculha,2,exact,Raxa Kaqulja,deidad
UK'U'X_KAJ,ximenez,4,vqux cah,2,exact,Uk'u'x Kaj,deidad
TEPEW_Q'UKUMATZ,ximenez,4,"tepeu gucumatz,",2,exact,Tepew Q'ukumatz,deidad
B'ALAM_JA,ximenez,4,pa ha,2,exact,B'ALAM_JA,
UK'U'X_KAJ,ximenez,4,"vqux cah,",2,exact,Uk'u'x Kaj,deidad
RAXA_KAQULJA,ximenez,4,"raxa caculha,",2,exact,Raxa Kaqulja,deidad
UK'U'X_ULEW,ximenez,4,vqux vleu,2,exact,Uk'u'x Ulew,deidad
IXKIK',ximenez,4,xquicuch,1,exact,Ixkik',deidad
CHE',ximenez,4,"che,",1,fuzzy,Che',objeto
JUN_RAQAN,ximenez,4,huracan,1,exact,Jun Raqan,deidad
K'OOL,ximenez,4,cool,1,exact,K'ool,lugar
SOTZ'I_JA,ximenez,4,ha,1,exact,Sotz'i Ja,lugar
WA,ximenez,4,va,1,exact,Wa,objeto
UK'U'X_ULEW,ximenez,4,vleu,1,exact,Uk'u'x Ulew,deidad
IKAJ,ximenez,4,cah,1,exact,IKAJ,
UK'U'X_ULEW,ximenez,4,"vleu,",1,exact,Uk'u'x Ulew,deidad
UK'U'X_ULEW,ximenez,4,vleu,1,exact,Uk'u'x Ulew,deidad
KA'IB'_K'AJOLAB',ximenez,4,vi,1,exact,KA'IB'_K'AJOLAB',
UK'U'X_ULEW,ximenez,4,"vleu,",1,exact,Uk'u'x Ulew,deidad
NIM_AQ,ximenez,4,nimac,1,exact,Nim Aq,deidad
JAQAWITZ_JUYUB',ximenez,4,huyub,1,exact,JAQAWITZ_JUYUB',
KA'IB'_K'AJOLAB',ximenez,4,vi,1,exact,KA'IB'_K'AJOLAB',
JAQAWITZ_JUYUB',ximenez,4,huyub,1,exact,JAQAWITZ_JUYUB',
IXOQ_AJAWAB',ximenez,4,xquicot,1,exact,Ixoq ajawab',linaje
KA'IB'_K'AJOLAB',ximenez,4,vi,1,exact,KA'IB'_K'AJOLAB',
JUN_RAQAN,ximenez,4,"huracan,",1,exact,Jun Raqan,deidad
CH'IPI_KAQULJA,ximenez,4,"chipicaculha,",1,exact,Ch'ipi Kaqulja,deidad
JAQAWITZ_JUYUB',ximenez,4,huyub,1,exact,JAQAWITZ_JUYUB',
SOTZ'I_JA,ximenez,4,ha,1,exact,Sotz'i Ja,lugar
JAQAWITZ_JUYUB',ximenez,4,"huyub,",1,exact,JAQAWITZ_JUYUB',
KA'IB'_K'AJOLAB',ximenez,4,vi,1,exact,KA'IB'_K'AJOLAB',
SOTZ'I_JA,ximenez,4,"ha,",1,exact,Sotz'i Ja,lugar
NIM_AQ,ximenez,4,nimac,1,exact,Nim Aq,deidad
JAQAWITZ_JUYUB',ximenez,4,huyub.,1,exact,JAQAWITZ_JUYUB',
KA'IB'_K'AJOLAB',ximenez,4,vi,1,exact,KA'IB'_K'AJOLAB',
IKAJ,ximenez,4,"cah,",1,exact,IKAJ,
SOTZ'I_JA,ximenez,4,ha.,1,exact,Sotz'i Ja,lugar
JAQAWITZ_JUYUB',ximenez,5,huyub,1,exact,JAQAWITZ_JUYUB',
JAQAWITZ_JUYUB',ximenez,5,huyub,1,exact,JAQAWITZ_JUYUB',
KEJ,ximenez,5,"quieh,",1,exact,Kej,animal
TZ'IKIN,ximenez,5,"tziquin,",1,exact,Tz'ikin,animal
KOJ,ximenez,5,"qoh,",1,exact,Koj,animal
B'ALAM,ximenez,5,"balam,",1,exact,B'alam,animal
KUMATZ,ximenez,5,"cumatz,",1,exact,Kumatz,animal
SOCHOJ,ximenez,5,"zochoh,",1,exact,Sochoj,animal
K'ANTI',ximenez,5,canti,1,exact,K'anti',animal
ALOM,ximenez,5,"alom,",1,exact,Alom,deidad
K'AJOLOM,ximenez,5,qaholom,1,exact,K'ajolom,deidad
KEJ,ximenez,5,queh,1,exact,Kej,animal
TZ'IKIN,ximenez,5,tziquin,1,exact,Tz'ikin,animal
KEJ,ximenez,5,queh,1,exact,Kej,animal
TZ'IKIN,ximenez,5,tziquin.,1,exact,Tz'ikin,animal
KEJ,ximenez,5,queh,1,exact,Kej,animal
KA'IB'_K'AJOLAB',ximenez,5,"vi,",1,exact,KA'IB'_K'AJOLAB',
KA'IB'_K'AJOLAB',ximenez,5,vi,1,exact,KA'IB'_K'AJOLAB',
K'IM,ximenez,5,quim,1,exact,K'im,objeto
KA'IB'_K'AJOLAB',ximenez,5,vi,1,exact,KA'IB'_K'AJOLAB',
TZ'IKIN,ximenez,5,"tziquin,",1,exact,Tz'ikin,animal
TZ'IKIN,ximenez,5,tziquin.,1,exact,Tz'ikin,animal
TZ'IKIN,ximenez,5,tziquin,1,exact,Tz'ikin,animal
CHE',ximenez,5,"che,",1,fuzzy,Che',objeto
KA'IB'_K'AJOLAB',ximenez,5,"vi,",1,exact,KA'IB'_K'AJOLAB',
KA'IB'_K'AJOLAB',ximenez,5,"vi,",1,exact,KA'IB'_K'AJOLAB',
KA'IB'_K'AJOLAB',ximenez,5,"vi,",1,exact,KA'IB'_K'AJOLAB',
KA'IB'_K'AJOLAB',ximenez,5,vi,1,exact,KA'IB'_K'AJOLAB',
CHE',ximenez,5,"che,",1,fuzzy,Che',objeto
KEJ,ximenez,5,quieh,1,exact,Kej,animal
TZ'IKIN,ximenez,5,tziquin,1,exact,Tz'ikin,animal
KA'IB'_K'AJOLAB',ximenez,5,vi,1,exact,KA'IB'_K'AJOLAB',
UK'U'X_ULEW,ximenez,5,vleu,1,exact,Uk'u'x Ulew,deidad
ALOM,ximenez,5,"alom,",1,exact,Alom,deidad
K'AJOLOM,ximenez,5,qaholom.,1,exact,K'ajolom,deidad
KEJ,ximenez,5,queh,1,exact,Kej,animal
TZ'IKIN,ximenez,5,tziquin,1,exact,Tz'ikin,animal
JUNAJPU_UTIW,ximenez,6,hun ahpu vtiu.,3,exact,Junajpu Utiw,deidad
CH'IPI_KAQULJA,ximenez,6,"chipi caculha,",2,exact,Ch'ipi Kaqulja,deidad
RAXA_KAQULJA,ximenez,6,"raxa caculha,",2,exact,Raxa Kaqulja,deidad
UK'U'X_KAJ,ximenez,6,"vqux cah,",2,exact,Uk'u'x Kaj,deidad
TZ'AQOL,ximenez,6,ah tzac,2,exact,Tz'aqol,deidad
B'ITOL,ximenez,6,ah bit.,2,exact,B'itol,deidad
JUNAJPU,ximenez,6,hun ahpu,2,exact,Junajpu,deidad
TZ'AQOL,ximenez,6,ah tzac,2,exact,Tz'aqol,deidad
B'ITOL,ximenez,6,ah bit.,2,exact,B'itol,deidad
IXMUKANE,ximenez,6,ratit quih,2,exact,Ixmukane,deidad
IXMUKANE,ximenez,6,ratit zac,2,exact,Ixmukane,deidad
KEJ,ximenez,6,queh,1,exact,Kej,animal
TZ'IKIN,ximenez,6,tziquin,1,exact,Tz'ikin,animal
TZ'AQOL,ximenez,6,tzacol,1,exact,Tz'aqol,deidad
B'ITOL,ximenez,6,bitol,1,exact,B'itol,deidad
ALOM,ximenez,6,"alom,",1,exact,Alom,deidad
K'AJOLOM,ximenez,6,qaholom:,1,exact,K'ajolom,deidad
WA,ximenez,6,va,1,exact,Wa,objeto
KEJ,ximenez,6,queh,1,exact,Kej,animal
TZ'IKIN,ximenez,6,tziquin,1,exact,Tz'ikin,animal
KOJ,ximenez,6,"qoh,",1,exact,Koj,animal
B'ALAM,ximenez,6,balam,1,exact,B'alam,animal
KUMATZ,ximenez,6,"cumatz,",1,exact,Kumatz,animal
ALOM,ximenez,6,"ichuch,",1,exact,Alom,deidad
JUN_JUNAJPU,ximenez,6,icahau,1,exact,Jun Junajpu,deidad
WA,ximenez,6,va,1,exact,Wa,objeto
JUN_RAQAN,ximenez,6,"huracan,",1,exact,Jun Raqan,deidad
TZ'AQOL,ximenez,6,"tzacol,",1,exact,Tz'aqol,deidad
B'ITOL,ximenez,6,"bitol,",1,exact,B'itol,deidad
ALOM,ximenez,6,alom,1,exact,Alom,deidad
K'AJOLOM,ximenez,6,qaholõ,1,exact,K'ajolom,deidad
TZ'AQOL,ximenez,6,tzacol,1,exact,Tz'aqol,deidad
B'ITOL,ximenez,6,bitol,1,exact,B'itol,deidad
IKAJ,ximenez,6,cah,1,exact,IKAJ,
IKAJ,ximenez,6,cah,1,exact,IKAJ,
ALOM,ximenez,6,alom,1,exact,Alom,deidad
K'AJOLOM,ximenez,6,"qaholom,",1,exact,K'ajolom,deidad
KA'IB'_K'AJOLAB',ximenez,6,vi,1,exact,KA'IB'_K'AJOLAB',
PATAN,ximenez,6,patan,1,exact,Patan,deidad
UK'U'X_ULEW,ximenez,6,vleu.,1,exact,Uk'u'x Ulew,deidad
KA'IB'_K'AJOLAB',ximenez,6,vi,1,exact,KA'IB'_K'AJOLAB',
KA'IB'_K'AJOLAB',ximenez,6,vi,1,exact,KA'IB'_K'AJOLAB',
KA'IB'_K'AJOLAB',ximenez,6,vi,1,exact,KA'IB'_K'AJOLAB',
TZ'AQOL,ximenez,6,tzacol,1,exact,Tz'aqol,deidad
B'ITOL,ximenez,6,bitol,1,exact,B'itol,deidad
ALOM,ximenez,6,"alom,",1,exact,Alom,deidad
K'AJOLOM,ximenez,6,qaholom,1,exact,K'ajolom,deidad
K'OOL,ximenez,6,cool,1,exact,K'ool,lugar
KOJ,ximenez,6,coh,1,exact,Koj,animal
KA'IB'_K'AJOLAB',ximenez,6,vi,1,exact,KA'IB'_K'AJOLAB',
AJ,ximenez,6,ah,1,exact,Aj,objeto
AJ,ximenez,6,ah,1,exact,Aj,objeto
K'OOL,ximenez,6,cool,1,exact,K'ool,lugar
KA'IB'_K'AJOLAB',ximenez,6,vi,1,exact,KA'IB'_K'AJOLAB',
KA'IB'_K'AJOLAB',ximenez,6,vi,1,exact,KA'IB'_K'AJOLAB',
KA'IB'_K'AJOLAB',ximenez,6,vi,1,exact,KA'IB'_K'AJOLAB',
XPIYAKOK,ximenez,6,"xpiyacoc,",1,exact,Xpiyakok,deidad
IXMUKANE,ximenez,6,"xmucane,",1,exact,Ixmukane,deidad
WUCH',ximenez,6,"vuch,",1,exact,Wuch',animal
XPIYAKOK,ximenez,6,"xpiyacoc,",1,exact,Xpiyakok,deidad
IXMUKANE,ximenez,6,xmucane¶,1,exact,Ixmukane,deidad
TZ'AQOL,ximenez,6,tzacol,1,exact,Tz'aqol,deidad
B'ITOL,ximenez,6,bitol,1,exact,B'itol,deidad
XPIYAKOK,ximenez,6,"xpiyacoc,",1,exact,Xpiyakok,deidad
IXMUKANE,ximenez,6,xmucane,1,exact,Ixmukane,deidad
XMUKANE,ximenez,7,ahbit chi racan,3,exact,XMUKANE,
TEPEW_Q'UKUMATZ,ximenez,7,tepeu gucumatz,2,exact,Tepew Q'ukumatz,deidad
B'ITOL,ximenez,7,ah bit,2,exact,B'itol,deidad
IXMUKANE,ximenez,7,xmuca ne,2,exact,Ixmukane,deidad
JUNAJPU_WUCH',ximenez,7,"hunahpu vuch,",2,exact,JUNAJPU_WUCH',
JUNAJPU_UTIW,ximenez,7,hunahpu vtiu,2,exact,Junajpu Utiw,deidad
KA'MUL_K'AJOLOM,ximenez,7,camul qaholom,2,exact,Ka'mul K'ajolom,deidad
NIMA_SIS,ximenez,7,nima tziz,2,exact,Nima Sis,deidad
AJK'UWAL,ximenez,7,ah cuval,2,exact,Ajk'uwal,deidad
AJYAMANIK,ximenez,7,ah yamanic,2,exact,Ajyamanik,deidad
AJCH'UT,ximenez,7,ah chut,2,exact,Ajch'ut,deidad
AJRAXA_LAQ,ximenez,7,"ah raxalac,",2,exact,Ajraxa Laq,deidad
AJRAXA_TZEL,ximenez,7,ah raxazel,2,exact,Ajraxa Tzel,deidad
AJQ'OL,ximenez,7,"ah eol,",2,exact,Ajq'ol,deidad
AJTOLTEKAT,ximenez,7,ah toltecat,2,exact,Ajtoltekat,deidad
IXMUKANE,ximenez,7,ratit quih,2,exact,Ixmukane,deidad
RATI'T_SAQ,ximenez,7,ra titzac,2,exact,Rati't Saq,deidad
TZ'ITE',ximenez,7,ah tzite,2,exact,Tz'ite',objeto
UK'U'X_KAJ,ximenez,7,vqux cah,2,exact,Uk'u'x Kaj,deidad
TEPEW_Q'UKUMATZ,ximenez,7,tepeu gucumatz,2,exact,Tepew Q'ukumatz,deidad
UK'U'X_KAJ,ximenez,7,vqux cah,2,exact,Uk'u'x Kaj,deidad
JUN_RAQAN,ximenez,7,huracan,1,exact,Jun Raqan,deidad
XMUKANE,ximenez,7,ahquih,1,exact,XMUKANE,
K'OOL,ximenez,7,cool,1,exact,K'ool,lugar
KOJ,ximenez,7,coh,1,exact,Koj,animal
IXMUKANE,ximenez,7,iyom,1,exact,Ixmukane,deidad
XPIYAKOK,ximenez,7,mamom,1,exact,Xpiyakok,deidad
IXMUKANE,ximenez,7,catit,1,exact,Ixmukane,deidad
SAQI_NIM_AQ_SIS,ximenez,7,camam,1,exact,Saqi Nim Aq Sis,deidad
XPIYAKOK,ximenez,7,"xpiyacoc,",1,exact,Xpiyakok,deidad
ALOM,ximenez,7,"alom,",1,exact,Alom,deidad
NIM_AQ,ximenez,7,nimac,1,exact,Nim Aq,deidad
AJTZ'ALAM,ximenez,7,"ahtzalam,",1,exact,Ajtz'alam,deidad
IXIM,ximenez,7,"ixim,",1,exact,Ixim,objeto
TZ'ITE',ximenez,7,tzite,1,exact,Tz'ite',objeto
CHE',ximenez,7,che,1,fuzzy,Che',objeto
AJ,ximenez,7,ah,1,exact,Aj,objeto
IXIM,ximenez,7,ixim,1,exact,Ixim,objeto
SAQI_NIM_AQ_SIS,ximenez,7,mama,1,exact,Saqi Nim Aq Sis,deidad
XPIYAKOK,ximenez,7,xpiyacoc,1,exact,Xpiyakok,deidad
XMUKANE,ximenez,7,ahquih,1,exact,XMUKANE,
IXMUKANE,ximenez,7,xmucane,1,exact,Ixmukane,deidad
CHE',ximenez,7,che,1,fuzzy,Che',objeto
TZ'AQOL,ximenez,7,ahtzac,1,exact,Tz'aqol,deidad
B'ITOL,ximenez,7,ahbit.,1,exact,B'itol,deidad
K'OOL,ximenez,7,cool,1,exact,K'ool,lugar
IXIM,ximenez,7,ixim,1,exact,Ixim,objeto
TZ'ITE',ximenez,7,"tzite,",1,exact,Tz'ite',objeto
IXIM,ximenez,7,ixim,1,exact,Ixim,objeto
CHE',ximenez,7,che,1,fuzzy,Che',objeto
UK'U'X_ULEW,ximenez,7,vleu,1,exact,Uk'u'x Ulew,deidad
CHE',ximenez,7,che,1,fuzzy,Che',objeto
UK'U'X_ULEW,ximenez,7,vleu,1,exact,Uk'u'x Ulew,deidad
CHE',ximenez,7,che,1,fuzzy,Che',objeto
IKAJ,ximenez,7,cah,1,exact,IKAJ,
IKAJ,ximenez,7,cah,1,exact,IKAJ,
WA,ximenez,7,va,1,exact,Wa,objeto
K'IKAB,ximenez,7,quieab,1,exact,K'IKAB,
KIK',ximenez,7,"quiquel,",1,exact,Kik',objeto
KOJ,ximenez,7,qoh,1,exact,Koj,animal
K'IKAB'_KQDIEZ,ximenez,7,quicab,1,exact,K'IKAB'_KQDIEZ,
TZ'AQOL,ximenez,7,tzacol,1,exact,Tz'aqol,deidad
B'ITOL,ximenez,7,bitol,1,exact,B'itol,deidad
UK'U'X_ULEW,ximenez,7,vleu,1,exact,Uk'u'x Ulew,deidad
UK'U'X_KAJ,ximenez,8,vqux cah,2,exact,Uk'u'x Kaj,deidad
Q'OL,ximenez,8,nima eol,2,exact,Q'ol,objeto
K'OTK'OWACH,ximenez,8,xe cotcovach,2,exact,K'otk'owach,animal
CHIMALMAT,ximenez,8,"qui chuch,",2,exact,Chimalmat,deidad
JUNAJPU,ximenez,8,"qui cahau,",2,exact,Junajpu,deidad
UK'U'X_KAJ,ximenez,8,"vqux cah,",2,exact,Uk'u'x Kaj,deidad
CHE',ximenez,8,che,1,fuzzy,Che',objeto
CHE',ximenez,8,che,1,fuzzy,Che',objeto
TZ'AQOL,ximenez,8,tzacol,1,exact,Tz'aqol,deidad
B'ITOL,ximenez,8,"bitol,",1,exact,B'itol,deidad
IXKIK',ximenez,8,ixoc,1,exact,Ixkik',deidad
IXKIK',ximenez,8,ixoc.,1,exact,Ixkik',deidad
TZ'AQOL,ximenez,8,tzacol,1,exact,Tz'aqol,deidad
B'ITOL,ximenez,8,bitol,1,exact,B'itol,deidad
IKAJ,ximenez,8,cah,1,exact,IKAJ,
IKAJ,ximenez,8,cah,1,exact,IKAJ,
B'AQ,ximenez,8,vbac,1,exact,B'aq,objeto
KAMALOTZ',ximenez,8,camalotz,1,exact,Kamalotz',animal
KOTZB'ALAM,ximenez,8,cotzbalam.,1,exact,Kotzb'alam,animal
TUKUMB'ALAM,ximenez,8,tucumbalam,1,exact,Tukumb'alam,animal
JUN_RAQAN,ximenez,8,huracan,1,exact,Jun Raqan,deidad
UK'U'X_ULEW,ximenez,8,"vleu,",1,exact,Uk'u'x Ulew,deidad
CHE',ximenez,8,che,1,fuzzy,Che',objeto
Tzi,ximenez,8,tzi,1,exact,Tzi,objeto
Tzi,ximenez,8,tzi,1,exact,Tzi,objeto
KA',ximenez,8,q'aa,1,exact,Ka',objeto
KA',ximenez,8,q'aa,1,exact,Ka',objeto
Tzi,ximenez,8,tzi,1,exact,Tzi,objeto
KOJ,ximenez,8,coh,1,exact,Koj,animal
KA'IB'_K'AJOLAB',ximenez,8,vi,1,exact,KA'IB'_K'AJOLAB',
KA'IB'_K'AJOLAB',ximenez,8,"vi,",1,exact,KA'IB'_K'AJOLAB',
Tzi,ximenez,8,tzi,1,exact,Tzi,objeto
XOT,ximenez,8,"xot,",1,exact,Xot,objeto
WA,ximenez,8,va,1,exact,Wa,objeto
SOTZ'I_JA,ximenez,8,ha,1,exact,Sotz'i Ja,lugar
SOTZ'I_JA,ximenez,8,ha,1,exact,Sotz'i Ja,lugar
CHE',ximenez,8,che,1,fuzzy,Che',objeto
CHE',ximenez,8,che,1,fuzzy,Che',objeto
RAJAWAL_XIB'ALB'A,ximenez,8,"conohel,",1,exact,Rajawal Xib'alb'a,grupo de deidades
K'OY,ximenez,8,qoy,1,exact,K'oy,animal
KA'IB'_K'AJOLAB',ximenez,8,vi,1,exact,KA'IB'_K'AJOLAB',
TZ'AQOL,ximenez,8,ahtzac,1,exact,Tz'aqol,deidad
B'ITOL,ximenez,8,"ahbit,",1,exact,B'itol,deidad
K'OY,ximenez,8,qoy,1,exact,K'oy,animal
WUQUB'_KAQIX,ximenez,9,vvcub caquix,2,exact,Wuqub' Kaqix,deidad
WUQUB'_KAQIX,ximenez,9,vucub caquix,2,exact,Wuqub' Kaqix,deidad
WUQUB'_KAQIX,ximenez,9,vcub caquix,2,exact,Wuqub' Kaqix,deidad
WUQUB'_KAQIX,ximenez,9,vucub caquix,2,exact,Wuqub' Kaqix,deidad
WUQUB'_KAQIX,ximenez,9,vucub caquix,2,exact,Wuqub' Kaqix,deidad
IKAJ,ximenez,9,cah,1,exact,IKAJ,
UK'U'X_ULEW,ximenez,9,"vleu,",1,exact,Uk'u'x Ulew,deidad
IK,ximenez,9,ic,1,exact,Ik,objeto
SAKIL,ximenez,9,zaquil,1,exact,Sakil,objeto
B'AQ,ximenez,9,vbac,1,exact,B'aq,objeto
WA,ximenez,9,va,1,exact,Wa,objeto
IKAJ,ximenez,9,cah,1,exact,IKAJ,
IK,ximenez,9,ic,1,exact,Ik,objeto
UK'U'X_ULEW,ximenez,9,vleu,1,exact,Uk'u'x Ulew,deidad
KA'IB'_K'AJOLAB',ximenez,9,vi,1,exact,KA'IB'_K'AJOLAB',
IK,ximenez,9,ic,1,exact,Ik,objeto
SAKIL,ximenez,9,zaquil,1,exact,Sakil,objeto
SAKIL,ximenez,9,zaquil,1,exact,Sakil,objeto
K'AJOLOM,ximenez,9,qahol,1,exact,K'ajolom,deidad
KA'IB'_K'AJOLAB',ximenez,9,vi,1,exact,KA'IB'_K'AJOLAB',
KA'IB'_K'AJOLAB',ximenez,9,vi,1,exact,KA'IB'_K'AJOLAB',
KA'IB'_K'AJOLAB',ximenez,9,vi,1,exact,KA'IB'_K'AJOLAB',
KA'IB'_K'AJOLAB',ximenez,9,vi,1,exact,KA'IB'_K'AJOLAB',
IK,ximenez,9,ic,1,exact,Ik,objeto
KA'IB'_K'AJOLAB',ximenez,9,vi,1,exact,KA'IB'_K'AJOLAB',
IK,ximenez,9,ic,1,exact,Ik,objeto
CHE',ximenez,9,che,1,fuzzy,Che',objeto
TZ'AQOL,ximenez,9,"ahtzac,",1,exact,Tz'aqol,deidad
B'ITOL,ximenez,9,ahbit.,1,exact,B'itol,deidad
WUQUB'_KAQIX,ximenez,10,vucub ca quix,3,exact,Wuqub' Kaqix,deidad
KA'IB'_K'AJOLAB',ximenez,10,e caib qaholab,3,exact,KA'IB'_K'AJOLAB',
JUNAJPU,ximenez,10,hun ahpu,2,exact,Junajpu,deidad
UK'U'X_KAJ,ximenez,10,"vqux cah,",2,exact,Uk'u'x Kaj,deidad
WUQUB'_KAQIX,ximenez,10,vvcub caquix,2,exact,Wuqub' Kaqix,deidad
KA'IB'_K'AJOLAB',ximenez,10,e caib,2,exact,KA'IB'_K'AJOLAB',
CHIMALMAT,ximenez,10,qui chuch,2,exact,Chimalmat,deidad
WUQUB'_KAQIX,ximenez,10,vvcub caquix,2,exact,Wuqub' Kaqix,deidad
JUNAJPU,ximenez,10,hun ahpu,2,exact,Junajpu,deidad
PEK_UL_YA',ximenez,10,pe cul,2,exact,Pek ul ya',topónimo
YA'XKANUL,ximenez,10,ya xcanul,2,exact,Ya'xkanul,topónimo
WUQUB'_KAQIX,ximenez,10,vvcub caquix,2,exact,Wuqub' Kaqix,deidad
WUQUB'_KAQIX,ximenez,10,vucub caquix,2,exact,Wuqub' Kaqix,deidad
WUQUB'_KAQIX,ximenez,10,vvcub caquix,2,exact,Wuqub' Kaqix,deidad
JUNAJPU,ximenez,10,qui cahau,2,exact,Junajpu,deidad
XA_Q'ANA_JAL,ximenez,10,canabe chuch,2,exact,Xa q'ana jal,grupo de deidades
IXB'ALAMQ'E,ximenez,10,xbalanque,1,exact,IXB'ALAMQ'E,
KA'IB'_K'AJOLAB',ximenez,10,qaholab,1,exact,KA'IB'_K'AJOLAB',
UK'U'X_ULEW,ximenez,10,vleu,1,exact,Uk'u'x Ulew,deidad
WUB,ximenez,10,vbah,1,exact,Wub',objeto
KA'IB'_K'AJOLAB',ximenez,10,vi,1,exact,KA'IB'_K'AJOLAB',
KA'IB'_K'AJOLAB',ximenez,10,vi,1,exact,KA'IB'_K'AJOLAB',
KA'IB'_K'AJOLAB',ximenez,10,vi,1,exact,KA'IB'_K'AJOLAB',
KA'IB'_K'AJOLAB',ximenez,10,qaholab,1,exact,KA'IB'_K'AJOLAB',
WUB,ximenez,10,vb,1,exact,Wub',objeto
K'AJOLOM,ximenez,10,qahol,1,exact,K'ajolom,deidad
SIPAKNA,ximenez,10,"zipacna,",1,exact,Sipakna,deidad
KAB'RAQAN,ximenez,10,cabracan,1,exact,Kab'raqan,deidad
CHIMALMAT,ximenez,10,chimalmat,1,exact,Chimalmat,deidad
CHIMALMAT,ximenez,10,rixoquil,1,exact,Chimalmat,deidad
SIPAKNA,ximenez,10,zipacna,1,exact,Sipakna,deidad
NIM_AQ,ximenez,10,nimac,1,exact,Nim Aq,deidad
CHI_Q'AQ',ximenez,10,chicac,1,exact,Chi q'aq',topónimo
JULISNAB',ximenez,10,huliznab,1,exact,Julisnab',topónimo
KA'IB'_K'AJOLAB',ximenez,10,vi-,1,exact,KA'IB'_K'AJOLAB',
SIPAKNA,ximenez,10,zipacna,1,exact,Sipakna,deidad
KAB'RAQAN,ximenez,10,cabracan,1,exact,Kab'raqan,deidad
JAQAWITZ_JUYUB',ximenez,10,huyub,1,exact,JAQAWITZ_JUYUB',
KA'IB'_K'AJOLAB',ximenez,10,vqahol,1,exact,KA'IB'_K'AJOLAB',
UK'U'X_ULEW,ximenez,10,vleu,1,exact,Uk'u'x Ulew,deidad
SIPAKNA,ximenez,10,"zipacna,",1,exact,Sipakna,deidad
IKAJ,ximenez,10,cah,1,exact,IKAJ,
UK'U'X_ULEW,ximenez,10,vleu,1,exact,Uk'u'x Ulew,deidad
KAB'RAQAN,ximenez,10,cabracan,1,exact,Kab'raqan,deidad
KA'IB'_K'AJOLAB',ximenez,10,vqahol,1,exact,KA'IB'_K'AJOLAB',
KA'IB'_K'AJOLAB',ximenez,10,vi,1,exact,KA'IB'_K'AJOLAB',
KA'IB'_K'AJOLAB',ximenez,10,vi,1,exact,KA'IB'_K'AJOLAB',
KA'IB'_K'AJOLAB',ximenez,10,"qaholab,",1,exact,KA'IB'_K'AJOLAB',
JUN_JUNAJPU,ximenez,10,cahau,1,exact,Jun Junajpu,deidad
KA'IB'_K'AJOLAB',ximenez,10,vi,1,exact,KA'IB'_K'AJOLAB',
KA'IB'_K'AJOLAB',ximenez,10,qaholab.,1,exact,KA'IB'_K'AJOLAB',
WUQUB'_KAQIX,ximenez,11,vvcub ca quix,3,exact,Wuqub' Kaqix,deidad
WUQUB'_KAQIX,ximenez,11,"vvcub ca quix,",3,exact,Wuqub' Kaqix,deidad
SAQI_NIM_AQ_SIS,ximenez,11,zaqui nim ac,3,exact,Saqi Nim Aq Sis,deidad
SAQI_NIM_AQ_SIS,ximenez,11,zaqui nima tziz,3,exact,Saqi Nim Aq Sis,deidad
SAQI_NIM_AQ_SIS,ximenez,11,ri atit mama,3,exact,Saqi Nim Aq Sis,deidad
KA'IB'_K'AJOLAB',ximenez,11,e caib qaholab;,3,exact,KA'IB'_K'AJOLAB',
SAQI_NIM_AQ_SIS,ximenez,11,ri atit mama,3,exact,Saqi Nim Aq Sis,deidad
WUQUB'_KAQIX,ximenez,11,v vcub caquix,3,exact,Wuqub' Kaqix,deidad
SAQI_NIM_AQ_SIS,ximenez,11,ri atit mama,3,exact,Saqi Nim Aq Sis,deidad
MOTZ,ximenez,11,omuch chi qaholab,3,exact,Motz,topónimo
KA'IB'_K'AJOLAB',ximenez,11,"e caib qaholab,",3,exact,KA'IB'_K'AJOLAB',
WUQUB'_KAQIX,ximenez,11,vvcub caquix,2,exact,Wuqub' Kaqix,deidad
KA'IB'_K'AJOLAB',ximenez,11,caib qaholab,2,exact,KA'IB'_K'AJOLAB',
WUQUB'_KAQIX,ximenez,11,vvcub caquix,2,exact,Wuqub' Kaqix,deidad
WUQUB'_KAQIX,ximenez,11,vvcub caquix,2,exact,Wuqub' Kaqix,deidad
JUNAJPU,ximenez,11,"hun ahpu,",2,exact,Junajpu,deidad
IXB'ALAMQ'E,ximenez,11,"xbalan que,",2,exact,IXB'ALAMQ'E,
KA'IB'_K'AJOLAB',ximenez,11,caib qaholab,2,exact,KA'IB'_K'AJOLAB',
WUQUB'_KAQIX,ximenez,11,vcub caquix,2,exact,Wuqub' Kaqix,deidad
JUNAJPU,ximenez,11,hun hunahpu,2,exact,Junajpu,deidad
JUNAJPU,ximenez,11,hun hunahpu,2,exact,Junajpu,deidad
JUNAJPU,ximenez,11,hu nahpu,2,exact,Junajpu,deidad
WUQUB'_KAQIX,ximenez,11,vvcub caquix,2,exact,Wuqub' Kaqix,deidad
WUQUB'_KAQIX,ximenez,11,vvcub caquix.,2,exact,Wuqub' Kaqix,deidad
WUQUB'_KAQIX,ximenez,11,vucub caquix,2,exact,Wuqub' Kaqix,deidad
WUQUB'_KAQIX,ximenez,11,vvcub caquix.,2,exact,Wuqub' Kaqix,deidad
KA'IB'_K'AJOLAB',ximenez,11,e caib,2,exact,KA'IB'_K'AJOLAB',
WUQUB'_KAQIX,ximenez,11,"vvcub caquix,",2,exact,Wuqub' Kaqix,deidad
JUNAJPU,ximenez,11,"huhun ahpu,",2,exact,Junajpu,deidad
WUQUB'_KAQIX,ximenez,11,vucub caquix,2,exact,Wuqub' Kaqix,deidad
SAQI_NIM_AQ_SIS,ximenez,11,ca mam,2,exact,Saqi Nim Aq Sis,deidad
CHIMALMAT,ximenez,11,qui chuch,2,exact,Chimalmat,deidad
JUNAJPU,ximenez,11,qui cahau,2,exact,Junajpu,deidad
WUQUB'_KAQIX,ximenez,11,"vvcub caquix,",2,exact,Wuqub' Kaqix,deidad
WUQUB'_KAQIX,ximenez,11,vvcub caquix,2,exact,Wuqub' Kaqix,deidad
WUQUB'_KAQIX,ximenez,11,vvcub caquix,2,exact,Wuqub' Kaqix,deidad
SAQI_NIM_AQ_SIS,ximenez,11,mama atit,2,exact,Saqi Nim Aq Sis,deidad
JUN_RAQAN,ximenez,11,lal ahau,2,exact,Jun Raqan,deidad
JUN_RAQAN,ximenez,11,lal ahau,2,exact,Jun Raqan,deidad
SAQI_NIM_AQ_SIS,ximenez,11,ca mam,2,exact,Saqi Nim Aq Sis,deidad
JUN_RAQAN,ximenez,11,lal ahau,2,exact,Jun Raqan,deidad
JUN_RAQAN,ximenez,11,"lal ahau,",2,exact,Jun Raqan,deidad
KA'IB'_K'AJOLAB',ximenez,11,e caib,2,exact,KA'IB'_K'AJOLAB',
JUN_RAQAN,ximenez,11,lal ahau,2,exact,Jun Raqan,deidad
WUQUB'_KAQIX,ximenez,11,in ahau,2,exact,Wuqub' Kaqix,deidad
IXIM,ximenez,11,zaqui ixim,2,exact,Ixim,objeto
WUQUB'_KAQIX,ximenez,11,vvcub caquix.,2,exact,Wuqub' Kaqix,deidad
IXIM,ximenez,11,zaqui ixim,2,exact,Ixim,objeto
WUQUB'_KAQIX,ximenez,11,vvcub caquix,2,exact,Wuqub' Kaqix,deidad
WUQUB'_KAQIX,ximenez,11,vvcub caquix,2,exact,Wuqub' Kaqix,deidad
JUNAJPU,ximenez,11,hun ahpu,2,exact,Junajpu,deidad
WUQUB'_KAQIX,ximenez,11,"vvcub caquix,",2,exact,Wuqub' Kaqix,deidad
WUQUB'_KAQIX,ximenez,11,vvcub caquix,2,exact,Wuqub' Kaqix,deidad
WUQUB'_KAQIX,ximenez,11,vvcub caquix,2,exact,Wuqub' Kaqix,deidad
UK'U'X_KAJ,ximenez,11,vqux cah,2,exact,Uk'u'x Kaj,deidad
CHE',ximenez,11,che,1,fuzzy,Che',objeto
TAPA'L,ximenez,11,tapal,1,exact,Tapa'l,objeto
TAPA'L,ximenez,11,tapal,1,exact,Tapa'l,objeto
CHE',ximenez,11,che,1,fuzzy,Che',objeto
CHE',ximenez,11,che,1,fuzzy,Che',objeto
CHE',ximenez,11,che,1,fuzzy,Che',objeto
KA'IB'_K'AJOLAB',ximenez,11,caibqaholab,1,exact,KA'IB'_K'AJOLAB',
TAPA'L,ximenez,11,tapal,1,exact,Tapa'l,objeto
B'AQ,ximenez,11,vbac,1,exact,B'aq,objeto
WUB,ximenez,11,vub,1,exact,Wub',objeto
CHE',ximenez,11,che,1,fuzzy,Che',objeto
UK'U'X_ULEW,ximenez,11,vleu,1,exact,Uk'u'x Ulew,deidad
CHIMALMAT,ximenez,11,chimalmat,1,exact,Chimalmat,deidad
TAMASUL,ximenez,11,xbec,1,exact,Tamasul,animal
KA'IB'_K'AJOLAB',ximenez,11,vi,1,exact,KA'IB'_K'AJOLAB',
JUNAJPU,ximenez,11,hunhunahpu,1,exact,Junajpu,deidad
JUNAJPU,ximenez,11,hunhunahpu,1,exact,Junajpu,deidad
CHIMALMAT,ximenez,11,chimalmat,1,exact,Chimalmat,deidad
IXOQ_AJAWAB',ximenez,11,xoquil,1,exact,Ixoq ajawab',linaje
KA'IB'_K'AJOLAB',ximenez,11,vi,1,exact,KA'IB'_K'AJOLAB',
JUNAJPU,ximenez,11,hunahpu.,1,exact,Junajpu,deidad
XB'ALAMQ'E,ximenez,11,xbalanq’,1,fuzzy,Xb'alamq'e,deidad
SAQI_NIM_AQ_SIS,ximenez,11,mama,1,exact,Saqi Nim Aq Sis,deidad
KA'IB'_K'AJOLAB',ximenez,11,vi,1,exact,KA'IB'_K'AJOLAB',
SAQI_NIM_AQ_SIS,ximenez,11,"mama,",1,exact,Saqi Nim Aq Sis,deidad
IXMUKANE,ximenez,11,atit,1,exact,Ixmukane,deidad
IXMUKANE,ximenez,11,atit,1,exact,Ixmukane,deidad
SAQI_NIM_AQ_SIS,ximenez,11,mama,1,exact,Saqi Nim Aq Sis,deidad
IXMUKANE,ximenez,11,atit,1,exact,Ixmukane,deidad
KA'IB'_K'AJOLAB',ximenez,11,qaholab,1,exact,KA'IB'_K'AJOLAB',
K'OKA'IB_KQDOS,ximenez,11,co,1,exact,K'oka'ib (gen. 2),persona
KA'IB'_K'AJOLAB',ximenez,11,vi,1,exact,KA'IB'_K'AJOLAB',
KA'IB'_K'AJOLAB',ximenez,11,vi,1,exact,KA'IB'_K'AJOLAB',
KOJ,ximenez,11,qoh,1,exact,Koj,animal
KA'IB'_K'AJOLAB',ximenez,11,qaholab,1,exact,KA'IB'_K'AJOLAB',
AWILIX,ximenez,11,ahau,1,exact,Awilix,deidad
KA'IB'_K'AJOLAB',ximenez,11,vi,1,exact,KA'IB'_K'AJOLAB',
SAQI_NIM_AQ_SIS,ximenez,11,"camam,",1,exact,Saqi Nim Aq Sis,deidad
AWILIX,ximenez,11,ahau,1,exact,Awilix,deidad
AWILIX,ximenez,11,ahau,1,exact,Awilix,deidad
AWILIX,ximenez,11,ahau,1,exact,Awilix,deidad
B'AQ,ximenez,11,vbac,1,exact,B'aq,objeto
B'AQ,ximenez,11,vbac,1,exact,B'aq,objeto
KA'IB'_K'AJOLAB',ximenez,11,vi,1,exact,KA'IB'_K'AJOLAB',
KA'IB'_K'AJOLAB',ximenez,11,vi,1,exact,KA'IB'_K'AJOLAB',
B'AQ,ximenez,11,vbac,1,exact,B'aq,objeto
IXIM,ximenez,11,ixim,1,exact,Ixim,objeto
AWILIX,ximenez,11,ahau,1,exact,Awilix,deidad
B'AQ,ximenez,11,vbac,1,exact,B'aq,objeto
B'AQ,ximenez,11,vbac,1,exact,B'aq,objeto
JUNAJPU,ximenez,11,"hunahpu,",1,exact,Junajpu,deidad
IXB'ALAMQ'E,ximenez,11,xbalanque,1,exact,IXB'ALAMQ'E,
CHIMALMAT,ximenez,11,chimalmat,1,exact,Chimalmat,deidad
IXOQ_AJAWAB',ximenez,11,xoquil,1,exact,Ixoq ajawab',linaje
UK'U'X_ULEW,ximenez,11,vleu.,1,exact,Uk'u'x Ulew,deidad
CHE',ximenez,11,che,1,fuzzy,Che',objeto
IKAJ,ximenez,11,cah,1,exact,IKAJ,
IXMUKANE,ximenez,11,"atit,",1,exact,Ixmukane,deidad
SAQI_NIM_AQ_SIS,ximenez,11,mama,1,exact,Saqi Nim Aq Sis,deidad
K'IKAB,ximenez,11,quieab,1,exact,K'IKAB,
Q'OQ,ximenez,11,vcoc,1,exact,Q'OQ,
SIPAKNA,ximenez,12,v nabe qahol,3,exact,Sipakna,deidad
MOTZ,ximenez,12,omuch chi qaholab,3,exact,Motz,topónimo
KA'IB'_K'AJOLAB',ximenez,12,e caib qaholab,3,exact,KA'IB'_K'AJOLAB',
MOTZ,ximenez,12,omuch qaholab,2,exact,Motz,topónimo
MOTZ,ximenez,12,omuch qaholab,2,exact,Motz,topónimo
MOTZ,ximenez,12,omuch qaholab,2,exact,Motz,topónimo
KA'IB'_K'AJOLAB',ximenez,12,at qahol,2,exact,KA'IB'_K'AJOLAB',
MOTZ,ximenez,12,riomuch qaholab,2,exact,Motz,topónimo
MOTZ,ximenez,12,"omuch qaholab,",2,exact,Motz,topónimo
MOTZ,ximenez,12,omuch qaholab.,2,exact,Motz,topónimo
MOTZ,ximenez,12,omuch qaholab.,2,exact,Motz,topónimo
MOTZ,ximenez,12,omuch qaholab,2,exact,Motz,topónimo
MOTZ,ximenez,12,omuch qaholab,2,exact,Motz,topónimo
MOTZ,ximenez,12,omuch chiqaholab,2,exact,Motz,topónimo
WUQUB'_KAQIX,ximenez,12,vvcub caquix.,2,exact,Wuqub' Kaqix,deidad
MOTZ,ximenez,12,omuch qaholab,2,exact,Motz,topónimo
JUNAJPU,ximenez,12,"hun ahpu,",2,exact,Junajpu,deidad
SIPAKNA,ximenez,12,zipacna,1,exact,Sipakna,deidad
JAQAWITZ_JUYUB',ximenez,12,huyub,1,exact,JAQAWITZ_JUYUB',
SIPAKNA,ximenez,12,zipacna,1,exact,Sipakna,deidad
SIPAKNA,ximenez,12,zipacna,1,exact,Sipakna,deidad
SOTZ'I_JA,ximenez,12,ha,1,exact,Sotz'i Ja,lugar
CHE',ximenez,12,che,1,fuzzy,Che',objeto
SIPAKNA,ximenez,12,zipacna,1,exact,Sipakna,deidad
KA'IB'_K'AJOLAB',ximenez,12,ixqaholab?,1,exact,KA'IB'_K'AJOLAB',
CHE',ximenez,12,che,1,fuzzy,Che',objeto
KA'IB'_K'AJOLAB',ximenez,12,vi,1,exact,KA'IB'_K'AJOLAB',
KA'IB'_K'AJOLAB',ximenez,12,vi,1,exact,KA'IB'_K'AJOLAB',
KUCHUMA_KIK',ximenez,12,acahau,1,exact,Kuchuma Kik',deidad
CHE',ximenez,12,che,1,fuzzy,Che',objeto
KA'IB'_K'AJOLAB',ximenez,12,vi,1,exact,KA'IB'_K'AJOLAB',
UK'U'X_ULEW,ximenez,12,vleu,1,exact,Uk'u'x Ulew,deidad
CHE',ximenez,12,che,1,fuzzy,Che',objeto
KA'IB'_K'AJOLAB',ximenez,12,vi,1,exact,KA'IB'_K'AJOLAB',
IXOQ_AJAWAB',ximenez,12,xquicot,1,exact,Ixoq ajawab',linaje
SIPAKNA,ximenez,12,"zipacna,",1,exact,Sipakna,deidad
AJAW_XIK,ximenez,12,xic.,1,exact,Xik,deidad
UK'U'X_ULEW,ximenez,12,vleu,1,exact,Uk'u'x Ulew,deidad
KA'IB'_K'AJOLAB',ximenez,12,vi,1,exact,KA'IB'_K'AJOLAB',
KA'IB'_K'AJOLAB',ximenez,12,vi,1,exact,KA'IB'_K'AJOLAB',
IKAJ,ximenez,12,cah,1,exact,IKAJ,
SIPAKNA,ximenez,12,zipacna,1,exact,Sipakna,deidad
SIPAKNA,ximenez,12,zipacna,1,exact,Sipakna,deidad
UK'U'X_ULEW,ximenez,12,vleu,1,exact,Uk'u'x Ulew,deidad
JUN_B'ATZ'_JUN_CHOWEN,ximenez,12,caib,1,exact,Jun B'atz' Jun Chowen,grupo de deidades
SIPAKNA,ximenez,12,"zipacna,",1,exact,Sipakna,deidad
CHE',ximenez,12,che,1,fuzzy,Che',objeto
KA'IB'_K'AJOLAB',ximenez,12,qaholab,1,exact,KA'IB'_K'AJOLAB',
CHE',ximenez,12,che,1,fuzzy,Che',objeto
CHE',ximenez,12,che,1,fuzzy,Che',objeto
CHE',ximenez,12,che,1,fuzzy,Che',objeto
SANIK,ximenez,12,zanic,1,exact,Sanik,animal
UK'U'X_ULEW,ximenez,12,vleu,1,exact,Uk'u'x Ulew,deidad
SIPAKNA,ximenez,12,zipacna,1,exact,Sipakna,deidad
KA'IB'_K'AJOLAB',ximenez,12,qaholab,1,exact,KA'IB'_K'AJOLAB',
SANIK,ximenez,12,zanic,1,exact,Sanik,animal
SIPAKNA,ximenez,12,zipacna,1,exact,Sipakna,deidad
KA'IB'_K'AJOLAB',ximenez,12,qaholab,1,exact,KA'IB'_K'AJOLAB',
SANIK,ximenez,12,zanic,1,exact,Sanik,animal
SIPAKNA,ximenez,12,zipacna,1,exact,Sipakna,deidad
SANIK,ximenez,12,zanic,1,exact,Sanik,animal
RAJAWAL_XIB'ALB'A,ximenez,12,conohel,1,exact,Rajawal Xib'alb'a,grupo de deidades
KA'IB'_K'AJOLAB',ximenez,12,qaholab,1,exact,KA'IB'_K'AJOLAB',
RAJAWAL_XIB'ALB'A,ximenez,12,conohel,1,exact,Rajawal Xib'alb'a,grupo de deidades
SIPAKNA,ximenez,12,zipacna,1,exact,Sipakna,deidad
RAJAWAL_XIB'ALB'A,ximenez,12,conohel,1,exact,Rajawal Xib'alb'a,grupo de deidades
JUN_B'ATZ'_JUN_CHOWEN,ximenez,12,caib,1,exact,Jun B'atz' Jun Chowen,grupo de deidades
SIPAKNA,ximenez,12,zipacna,1,exact,Sipakna,deidad
KA'IB'_K'AJOLAB',ximenez,12,vqahol,1,exact,KA'IB'_K'AJOLAB',
MOTZ,ximenez,12,motz,1,exact,Motz,topónimo
SIPAKNA,ximenez,12,zipacna,1,exact,Sipakna,deidad
IXB'ALAMQ'E,ximenez,12,xbalanque.,1,exact,IXB'ALAMQ'E,
KA'IB'_K'AJOLAB',ximenez,13,e caib qaholab,3,exact,KA'IB'_K'AJOLAB',
MOTZ,ximenez,13,omuch chi qaholab,3,exact,Motz,topónimo
SIPAKNA,ximenez,13,v nabe qahol,3,exact,Sipakna,deidad
JUNAJPU,ximenez,13,"hun ahpu,",2,exact,Junajpu,deidad
JUNAJPU,ximenez,13,hun ahpu,2,exact,Junajpu,deidad
MAK_EK',ximenez,13,mac ec,2,exact,Mak Ek',objeto
KA'IB'_K'AJOLAB',ximenez,13,at qahol,2,exact,KA'IB'_K'AJOLAB',
KA'IB'_K'AJOLAB',ximenez,13,ix qaholab,2,exact,KA'IB'_K'AJOLAB',
JUNAJPU,ximenez,13,hun ahpu,2,exact,Junajpu,deidad
JUNAJPU,ximenez,13,hun ahpu,2,exact,Junajpu,deidad
JUNAJPU,ximenez,13,hun ahpu,2,exact,Junajpu,deidad
WUB,ximenez,13,iv vbah,2,exact,Wub',objeto
JUNAJPU,ximenez,13,hun ahpu,2,exact,Junajpu,deidad
WUQUB'_KAQIX,ximenez,13,vvcub caquix,2,exact,Wuqub' Kaqix,deidad
SIPAKNA,ximenez,13,"zipacna,",1,exact,Sipakna,deidad
IXB'ALAMQ'E,ximenez,13,"xbalanque,",1,exact,IXB'ALAMQ'E,
KA'IB'_K'AJOLAB',ximenez,13,caholab,1,exact,KA'IB'_K'AJOLAB',
SIPAKNA,ximenez,13,zipacna,1,exact,Sipakna,deidad
KAR,ximenez,13,"car,",1,exact,Kar,animal
TAP,ximenez,13,tap,1,exact,Tap,animal
JAQAWITZ_JUYUB',ximenez,13,huyub,1,exact,JAQAWITZ_JUYUB',
TAP,ximenez,13,tap,1,exact,Tap,animal
IXB'ALAMQ'E,ximenez,13,xbalanque,1,exact,IXB'ALAMQ'E,
MAK_EK',ximenez,13,ec.,1,exact,Mak Ek',objeto
TAP,ximenez,13,tap,1,exact,Tap,animal
Q'OQ,ximenez,13,coc,1,exact,Q'OQ,
WA,ximenez,13,va,1,exact,Wa,objeto
TAP,ximenez,13,tap,1,exact,Tap,animal
Q'OQ,ximenez,13,vcoc,1,exact,Q'OQ,
PEQ,ximenez,13,"pec,",1,exact,Peq,objeto
JAQAWITZ_JUYUB',ximenez,13,huyub;,1,exact,JAQAWITZ_JUYUB',
ME'AWAN,ximenez,13,meauan,1,exact,Me'awan,topónimo
JAQAWITZ_JUYUB',ximenez,13,huyub,1,exact,JAQAWITZ_JUYUB',
KA'IB'_K'AJOLAB',ximenez,13,vi,1,exact,KA'IB'_K'AJOLAB',
KA'IB'_K'AJOLAB',ximenez,13,qaholab,1,exact,KA'IB'_K'AJOLAB',
SIPAKNA,ximenez,13,zipacna,1,exact,Sipakna,deidad
KA'IB'_K'AJOLAB',ximenez,13,vi,1,exact,KA'IB'_K'AJOLAB',
SIPAKNA,ximenez,13,zipacna?,1,exact,Sipakna,deidad
KA'IB'_K'AJOLAB',ximenez,13,"vi,",1,exact,KA'IB'_K'AJOLAB',
SIPAKNA,ximenez,13,zipacna.,1,exact,Sipakna,deidad
KAR,ximenez,13,"car,",1,exact,Kar,animal
TAP,ximenez,13,"tap,",1,exact,Tap,animal
SIPAKNA,ximenez,13,zipacna,1,exact,Sipakna,deidad
IXB'ALAMQ'E,ximenez,13,xbalanque,1,exact,IXB'ALAMQ'E,
TAP,ximenez,13,tap,1,exact,Tap,animal
IXB'ALAMQ'E,ximenez,13,xbalanque,1,exact,IXB'ALAMQ'E,
KA'IB'_K'AJOLAB',ximenez,13,ixqaholab,1,exact,KA'IB'_K'AJOLAB',
SIPAKNA,ximenez,13,"zipacna,",1,exact,Sipakna,deidad
SOTZ'I_JA,ximenez,13,ha,1,exact,Sotz'i Ja,lugar
JAQAWITZ_JUYUB',ximenez,13,huyub,1,exact,JAQAWITZ_JUYUB',
IXB'ALAMQ'E,ximenez,13,xbalanque,1,exact,IXB'ALAMQ'E,
KA'IB'_K'AJOLAB',ximenez,13,ixqaholab,1,exact,KA'IB'_K'AJOLAB',
KA'IB'_K'AJOLAB',ximenez,13,vi,1,exact,KA'IB'_K'AJOLAB',
KA'IB'_K'AJOLAB',ximenez,13,vi,1,exact,KA'IB'_K'AJOLAB',
SIPAKNA,ximenez,13,zipacna.,1,exact,Sipakna,deidad
KA'IB'_K'AJOLAB',ximenez,13,qaholab,1,exact,KA'IB'_K'AJOLAB',
KOJ,ximenez,13,coh,1,exact,Koj,animal
SIPAKNA,ximenez,13,zipacna,1,exact,Sipakna,deidad
SIPAKNA,ximenez,13,zipacna,1,exact,Sipakna,deidad
TAMASUL,ximenez,13,xbec,1,exact,Tamasul,animal
TAP,ximenez,13,tap,1,exact,Tap,animal
SIPAKNA,ximenez,13,zipacna,1,exact,Sipakna,deidad
TAP,ximenez,13,tap,1,exact,Tap,animal
KA'IB'_K'AJOLAB',ximenez,13,vi,1,exact,KA'IB'_K'AJOLAB',
SIPAKNA,ximenez,13,zipacna,1,exact,Sipakna,deidad
SIPAKNA,ximenez,13,zipacna,1,exact,Sipakna,deidad
KA'IB'_K'AJOLAB',ximenez,13,qaholab,1,exact,KA'IB'_K'AJOLAB',
IXB'ALAMQ'E,ximenez,13,xbalanque,1,exact,IXB'ALAMQ'E,
JAQAWITZ_JUYUB',ximenez,13,huyub,1,exact,JAQAWITZ_JUYUB',
JAQAWITZ_JUYUB',ximenez,13,huyub,1,exact,JAQAWITZ_JUYUB',
ME'AWAN,ximenez,13,meauan,1,exact,Me'awan,topónimo
KA'IB'_K'AJOLAB',ximenez,13,vi.,1,exact,KA'IB'_K'AJOLAB',
KAB'RAQAN,ximenez,14,v cab v qahol,4,exact,Kab'raqan,deidad
KA'IB'_K'AJOLAB',ximenez,14,e caib chiqa holab,4,exact,KA'IB'_K'AJOLAB',
KA'IB'_K'AJOLAB',ximenez,14,e caib qaholab,3,exact,KA'IB'_K'AJOLAB',
WUQUB'_KAQIX,ximenez,14,vvcub caquix,2,exact,Wuqub' Kaqix,deidad
JUNAJPU,ximenez,14,hun ahpu,2,exact,Junajpu,deidad
CH'IPI_KAQULJA,ximenez,14,"chipi caculha,",2,exact,Ch'ipi Kaqulja,deidad
RAXA_KAQULJA,ximenez,14,"raxa caculha,",2,exact,Raxa Kaqulja,deidad
JUNAJPU,ximenez,14,hun ahpu,2,exact,Junajpu,deidad
WUQUB'_KAQIX,ximenez,14,vvcub caquix,2,exact,Wuqub' Kaqix,deidad
JUN_RAQAN,ximenez,14,lal ahau,2,exact,Jun Raqan,deidad
UK'U'X_KAJ,ximenez,14,vqux cah,2,exact,Uk'u'x Kaj,deidad
KA'IB'_K'AJOLAB',ximenez,14,at qahol,2,exact,KA'IB'_K'AJOLAB',
JUNAJPU,ximenez,14,hun ahpu,2,exact,Junajpu,deidad
KA'IB'_K'AJOLAB',ximenez,14,"at qahol,",2,exact,KA'IB'_K'AJOLAB',
KA'IB'_K'AJOLAB',ximenez,14,at qahol,2,exact,KA'IB'_K'AJOLAB',
KA'IB'_K'AJOLAB',ximenez,14,at qahol,2,exact,KA'IB'_K'AJOLAB',
KA'IB'_K'AJOLAB',ximenez,14,at qahol,2,exact,KA'IB'_K'AJOLAB',
JUNAJPU,ximenez,14,hun ahpu,2,exact,Junajpu,deidad
JUNAJPU,ximenez,14,hun ahpu,2,exact,Junajpu,deidad
TZ'AQOL,ximenez,14,"hun tzac,",2,exact,Tz'aqol,deidad
B'ITOL,ximenez,14,hun bit,2,exact,B'itol,deidad
JUNAJPU,ximenez,14,hun ahpu,2,exact,Junajpu,deidad
JUNAJPU,ximenez,14,hun ahpu,2,exact,Junajpu,deidad
JUNAJPU,ximenez,14,hun ahpu,2,exact,Junajpu,deidad
IXB'ALAMQ'E,ximenez,14,xbalan que.,2,exact,IXB'ALAMQ'E,
WUQUB'_KAQIX,ximenez,14,"vvcub caquix,",2,exact,Wuqub' Kaqix,deidad
KAB',ximenez,14,cab,1,exact,Kab',objeto
K'AJOLOM,ximenez,14,qahol,1,exact,K'ajolom,deidad
KAB'RAQAN,ximenez,14,cabrracan,1,exact,Kab'raqan,deidad
IXB'ALAMQ'E,ximenez,14,xbalanque,1,exact,IXB'ALAMQ'E,
KAB'RAQAN,ximenez,14,"cabrracan,",1,exact,Kab'raqan,deidad
IXB'ALAMQ'E,ximenez,14,xbalanque,1,exact,IXB'ALAMQ'E,
KA'IB'_K'AJOLAB',ximenez,14,vi,1,exact,KA'IB'_K'AJOLAB',
KA'IB'_K'AJOLAB',ximenez,14,qaholab,1,exact,KA'IB'_K'AJOLAB',
JUN_RAQAN,ximenez,14,huracan.,1,exact,Jun Raqan,deidad
KAB'RAQAN,ximenez,14,cabrracan,1,exact,Kab'raqan,deidad
JAQAWITZ_JUYUB',ximenez,14,huyub,1,exact,JAQAWITZ_JUYUB',
JAQAWITZ_JUYUB',ximenez,14,huyub,1,exact,JAQAWITZ_JUYUB',
KA'IB'_K'AJOLAB',ximenez,14,qaholab.,1,exact,KA'IB'_K'AJOLAB',
KA'IB'_K'AJOLAB',ximenez,14,vi,1,exact,KA'IB'_K'AJOLAB',
KAB'RAQAN,ximenez,14,cabracan,1,exact,Kab'raqan,deidad
KA'IB'_K'AJOLAB',ximenez,14,"vi,",1,exact,KA'IB'_K'AJOLAB',
JAQAWITZ_JUYUB',ximenez,14,"huyub,",1,exact,JAQAWITZ_JUYUB',
KAB'RAQAN,ximenez,14,cabrracan,1,exact,Kab'raqan,deidad
IXB'ALAMQ'E,ximenez,14,xbalanque,1,exact,IXB'ALAMQ'E,
KAB'RAQAN,ximenez,14,cabrracan,1,exact,Kab'raqan,deidad
WUB,ximenez,14,"vbom,",1,exact,Wub',objeto
JAQAWITZ_JUYUB',ximenez,14,"huyub,",1,exact,JAQAWITZ_JUYUB',
JAQAWITZ_JUYUB',ximenez,14,"huyub,",1,exact,JAQAWITZ_JUYUB',
JAQAWITZ_JUYUB',ximenez,14,huyub,1,exact,JAQAWITZ_JUYUB',
KOJ,ximenez,14,coh,1,exact,Koj,animal
JAQAWITZ_JUYUB',ximenez,14,huyub,1,exact,JAQAWITZ_JUYUB',
JAQAWITZ_JUYUB',ximenez,14,huyub,1,exact,JAQAWITZ_JUYUB',
JUN_B'ATZ'_JUN_CHOWEN,ximenez,14,caib,1,exact,Jun B'atz' Jun Chowen,grupo de deidades
IXB'ALAMQ'E,ximenez,14,xbalanque,1,exact,IXB'ALAMQ'E,
KAB'RAQAN,ximenez,14,cabrracan.,1,exact,Kab'raqan,deidad
KA'IB'_K'AJOLAB',ximenez,14,vi.,1,exact,KA'IB'_K'AJOLAB',
IXB'ALAMQ'E,ximenez,14,xbalanque.,1,exact,IXB'ALAMQ'E,
KA'IB'_K'AJOLAB',ximenez,14,vi,1,exact,KA'IB'_K'AJOLAB',
WUB,ximenez,14,vvb.,1,exact,Wub',objeto
WUB,ximenez,14,chicavvbah,1,exact,Wub',objeto
WUB,ximenez,14,quevvbanic,1,exact,Wub',objeto
B'AQ,ximenez,14,vbac,1,exact,B'aq,objeto
WUB,ximenez,14,"vvb,",1,exact,Wub',objeto
KAB'RAQAN,ximenez,14,cabracan,1,exact,Kab'raqan,deidad
KA'IB'_K'AJOLAB',ximenez,14,qaholab,1,exact,KA'IB'_K'AJOLAB',
UK'U'X_ULEW,ximenez,14,vleu,1,exact,Uk'u'x Ulew,deidad
KA'IB'_K'AJOLAB',ximenez,14,vi,1,exact,KA'IB'_K'AJOLAB',
KA'IB'_K'AJOLAB',ximenez,14,"vi,",1,exact,KA'IB'_K'AJOLAB',
KA'IB'_K'AJOLAB',ximenez,14,qaholab,1,exact,KA'IB'_K'AJOLAB',
KA'IB'_K'AJOLAB',ximenez,14,vi,1,exact,KA'IB'_K'AJOLAB',
CH'ITIK,ximenez,14,chitic,1,exact,Ch'itik,danza
KAB'RAQAN,ximenez,14,cabracan,1,exact,Kab'raqan,deidad
IXB'ALAMQ'E,ximenez,14,xbalanque.,1,exact,IXB'ALAMQ'E,
KAB',ximenez,14,cab,1,exact,Kab',objeto
KAB'RAQAN,ximenez,14,cabrracan,1,exact,Kab'raqan,deidad
KAB'RAQAN,ximenez,14,"cabracan,",1,exact,Kab'raqan,deidad
KA'IB'_K'AJOLAB',ximenez,14,vi,1,exact,KA'IB'_K'AJOLAB',
JAQAWITZ_JUYUB',ximenez,14,huyub,1,exact,JAQAWITZ_JUYUB',
KAB'RAQAN,ximenez,14,cabracan,1,exact,Kab'raqan,deidad
UK'U'X_ULEW,ximenez,14,vleu,1,exact,Uk'u'x Ulew,deidad
JAQAWITZ_JUYUB',ximenez,14,huyub,1,exact,JAQAWITZ_JUYUB',
KA'IB'_K'AJOLAB',ximenez,14,qaholab,1,exact,KA'IB'_K'AJOLAB',
KA'IB'_K'AJOLAB',ximenez,14,vi,1,exact,KA'IB'_K'AJOLAB',
KAB',ximenez,14,cab,1,exact,Kab',objeto
KA'IB'_K'AJOLAB',ximenez,14,qaholab,1,exact,KA'IB'_K'AJOLAB',
KAB'RAQAN,ximenez,14,cabracan,1,exact,Kab'raqan,deidad
IXB'ALAMQ'E,ximenez,14,xbalanque.,1,exact,IXB'ALAMQ'E,
SIPAKNA,ximenez,14,"zipacna,",1,exact,Sipakna,deidad
KAB'RAQAN,ximenez,14,"cabracan,",1,exact,Kab'raqan,deidad
JUNAJPU,ximenez,15,qui cahau,2,exact,Junajpu,deidad
JUNAJPU,ximenez,15,hun ahpu,2,exact,Junajpu,deidad
IXB'ALAMQ'E,ximenez,15,xbalan que,2,exact,IXB'ALAMQ'E,
JUNAJPU,ximenez,15,hun ahpu,2,exact,Junajpu,deidad
XB'ALAMQ'E,ximenez,15,xbalanq’,1,fuzzy,Xb'alamq'e,deidad
JUN_JUNAJPU,ximenez,15,quicahau.,1,exact,Jun Junajpu,deidad
WUQUB'_JUNAJPU,ximenez,16,vvcub hun ahpu,3,exact,Wuqub' Junajpu,deidad
KA'IB'_K'AJOLAB',ximenez,16,e pu caib,3,exact,KA'IB'_K'AJOLAB',
WUQUB'_JUNAJPU,ximenez,16,vvcub hun ahpu,3,exact,Wuqub' Junajpu,deidad
WUQUB'_JUNAJPU,ximenez,16,vvcub hun ahpu,3,exact,Wuqub' Junajpu,deidad
JUNAJPU,ximenez,16,qui cahau,2,exact,Junajpu,deidad
KA'IB'_K'AJOLAB',ximenez,16,e caib,2,exact,KA'IB'_K'AJOLAB',
JUN_B'ATZ,ximenez,16,hun batz,2,exact,JUN_B'ATZ,
JUN_CHOWEN,ximenez,16,hun choven,2,exact,Jun Chowen,deidad
CHIMALMAT,ximenez,16,qui chuch,2,exact,Chimalmat,deidad
JUNAJPU,ximenez,16,hun hunahpu.,2,exact,Junajpu,deidad
JUN_B'ATZ,ximenez,16,"hun batz,",2,exact,JUN_B'ATZ,
JUN_CHOWEN,ximenez,16,"hun chouen,",2,exact,Jun Chowen,deidad
JUN_B'ATZ,ximenez,16,"hun batz,",2,exact,JUN_B'ATZ,
JUN_CHOWEN,ximenez,16,"hun choven,",2,exact,Jun Chowen,deidad
WUQUB'_JUNAJPU,ximenez,16,vcub hunahpu,2,exact,Wuqub' Junajpu,deidad
JOM,ximenez,16,pa hom,2,exact,Jom,lugar
CH'IPI_KAQULJA,ximenez,16,"chipi caculha,",2,exact,Ch'ipi Kaqulja,deidad
RAXA_KAQULJA,ximenez,16,raxa caculha.,2,exact,Raxa Kaqulja,deidad
CHIMALMAT,ximenez,16,qui chuch,2,exact,Chimalmat,deidad
JUN_B'ATZ,ximenez,16,hun batz,2,exact,JUN_B'ATZ,
JUN_CHOWEN,ximenez,16,hun chouen.,2,exact,Jun Chowen,deidad
JUN_KAME',ximenez,16,"hun came,",2,exact,Jun Kame',deidad
WUQUB'_KAME',ximenez,16,vvcub came,2,exact,Wuqub' Kame',deidad
RAJAWAL_XIB'ALB'A,ximenez,16,rahaual xibalba,2,exact,Rajawal Xib'alb'a,grupo de deidades
RAJAWAL_XIB'ALB'A,ximenez,16,conoh xibalba.,2,exact,Rajawal Xib'alb'a,grupo de deidades
JUN_KAME',ximenez,16,"hun came,",2,exact,Jun Kame',deidad
WUQUB'_KAME',ximenez,16,"vvcub came,",2,exact,Wuqub' Kame',deidad
JUN_KAME',ximenez,16,"hun came,",2,exact,Jun Kame',deidad
WUQUB'_KAME',ximenez,16,vvcub came.,2,exact,Wuqub' Kame',deidad
AJAL_PUJ,ximenez,16,"ahal puh,",2,exact,Ajal Puj,deidad
AJAL_Q'ANA,ximenez,16,ahal eana,2,exact,Ajal Q'ana,deidad
AJAL_PUJ,ximenez,16,"ahal puh,",2,exact,Ajal Puj,deidad
AJAL_Q'ANA,ximenez,16,ahal eana,2,exact,Ajal Q'ana,deidad
CH'AMIYA_BAQ,ximenez,16,"chamia bac,",2,exact,CH'AMIYA_BAQ,
CH'AMIYA_JOLOM,ximenez,16,chamia holom,2,exact,Ch'amiya Jolom,deidad
CH'AMIYA_BAQ,ximenez,16,chamia bac,2,exact,CH'AMIYA_BAQ,
JUNAJPU,ximenez,16,"hun hunahpu,",2,exact,Junajpu,deidad
JUNAJPU,ximenez,16,hun hunahpu,2,exact,Junajpu,deidad
PACH_Q'AB',ximenez,16,"pach cab,",2,exact,PACH_Q'AB',
WACH_SOT,ximenez,16,vach zot,2,exact,WACH_SOT,
JUNAJPU,ximenez,16,hun hunahpu,2,exact,Junajpu,deidad
JUN_B'ATZ,ximenez,16,hun batz,2,exact,JUN_B'ATZ,
JUNAJPU,ximenez,16,hun hunahpu.,2,exact,Junajpu,deidad
CHIMALMAT,ximenez,16,qui chuch,2,exact,Chimalmat,deidad
JUN_B'ATZ,ximenez,16,hun batz,2,exact,JUN_B'ATZ,
JUN_CHOWEN,ximenez,16,hun chouen,2,exact,Jun Chowen,deidad
JUNAJPU,ximenez,16,hun ahpu,2,exact,Junajpu,deidad
JUNAJPU,ximenez,16,"hunhunahpu,",1,exact,Junajpu,deidad
XPIYAKOK,ximenez,16,xpiyacoc,1,exact,Xpiyakok,deidad
IXMUKANE,ximenez,16,xmucane,1,exact,Ixmukane,deidad
JUNAJPU,ximenez,16,"hunhunahpu,",1,exact,Junajpu,deidad
XPIYAKOK,ximenez,16,"xpiyacoc,",1,exact,Xpiyakok,deidad
IXMUKANE,ximenez,16,xmucane,1,exact,Ixmukane,deidad
JUNAJPU,ximenez,16,hunhunahpu,1,exact,Junajpu,deidad
K'AJOLOM,ximenez,16,"qahol,",1,exact,K'ajolom,deidad
WA,ximenez,16,va,1,exact,Wa,objeto
CHIMALMAT,ximenez,16,rixoquil,1,exact,Chimalmat,deidad
CHIMALMAT,ximenez,16,rixoquil,1,exact,Chimalmat,deidad
K'AJOLOM,ximenez,16,qahol,1,exact,K'ajolom,deidad
JUNAJPU,ximenez,16,"hunhunahpu,",1,exact,Junajpu,deidad
IKAJ,ximenez,16,cah,1,exact,IKAJ,
K'AJOLOM,ximenez,16,qahol,1,exact,K'ajolom,deidad
AJ,ximenez,16,ah,1,exact,Aj,objeto
JUNAJPU,ximenez,16,"hunhunahpu,",1,exact,Junajpu,deidad
RAJAWAL_XIB'ALB'A,ximenez,16,conohel,1,exact,Rajawal Xib'alb'a,grupo de deidades
WOK,ximenez,16,voc,1,exact,Wok,animal
USAMAJEL_XIB'ALB'A,ximenez,16,vzamahel,1,exact,Usamajel Xib'alb'a,grupo de deidades
JUN_RAQAN,ximenez,16,huracan,1,exact,Jun Raqan,deidad
WOK,ximenez,16,voc,1,exact,Wok,animal
JUN_RAQAN,ximenez,16,huracan,1,exact,Jun Raqan,deidad
XIB'ALB'A,ximenez,16,xibalba,1,exact,Xib'alb'a,lugar
KA'IB'_K'AJOLAB',ximenez,16,vi,1,exact,KA'IB'_K'AJOLAB',
CHAAJ,ximenez,16,chaah,1,exact,Chaaj,objeto
KA'IB'_K'AJOLAB',ximenez,16,vi,1,exact,KA'IB'_K'AJOLAB',
KA'IB'_K'AJOLAB',ximenez,16,vi,1,exact,KA'IB'_K'AJOLAB',
RAJAWAL_XIB'ALB'A,ximenez,16,conohel,1,exact,Rajawal Xib'alb'a,grupo de deidades
JUN_KAME'_WUQUB'_KAME,ximenez,16,ahauab,1,exact,JUN_KAME'_WUQUB'_KAME,
JUN_KAME'_WUQUB'_KAME,ximenez,16,ahauab,1,exact,JUN_KAME'_WUQUB'_KAME,
XIKIRIPAT,ximenez,16,"xiquiripat,",1,exact,Xikiripat,deidad
KUCHUMA_KIK',ximenez,16,cuchumaquic,1,exact,Kuchuma Kik',deidad
AWILIX,ximenez,16,"ahau,",1,exact,Awilix,deidad
JUN_KAME'_WUQUB'_KAME,ximenez,16,ahauab,1,exact,JUN_KAME'_WUQUB'_KAME,
KA'IB'_K'AJOLAB',ximenez,16,vi,1,exact,KA'IB'_K'AJOLAB',
CHUQ'ANAL,ximenez,16,chueanel,1,exact,Chuq'anal,evento
KA'IB'_K'AJOLAB',ximenez,16,vi.,1,exact,KA'IB'_K'AJOLAB',
AWILIX,ximenez,16,"ahau,",1,exact,Awilix,deidad
XIB'ALB'A,ximenez,16,xibalba,1,exact,Xib'alb'a,lugar
B'AQ,ximenez,16,"bac,",1,exact,B'aq,objeto
B'AQ,ximenez,16,bac,1,exact,B'aq,objeto
JOLOM,ximenez,16,holom,1,exact,Jolom,objeto
B'AQ,ximenez,16,bac,1,exact,B'aq,objeto
KA'IB'_K'AJOLAB',ximenez,16,vi,1,exact,KA'IB'_K'AJOLAB',
CH'AMIYA_JOLOM,ximenez,16,chamiaholom,1,exact,Ch'amiya Jolom,deidad
AWILIX,ximenez,16,ahau,1,exact,Awilix,deidad
AJAL_MES,ximenez,16,"ahalmez,",1,exact,Ajal Mes,deidad
AJAL_TOQ'OB,ximenez,16,ahaltocob,1,exact,Ajal Toq'ob,deidad
PATAN,ximenez,16,patan,1,exact,Patan,deidad
SOTZ'I_JA,ximenez,16,ha,1,exact,Sotz'i Ja,lugar
SOTZ'I_JA,ximenez,16,ha,1,exact,Sotz'i Ja,lugar
KA'IB'_K'AJOLAB',ximenez,16,vi,1,exact,KA'IB'_K'AJOLAB',
AJAL_MES,ximenez,16,ahalmez,1,exact,Ajal Mes,deidad
AJAL_TOQ'OB,ximenez,16,ahaltocob,1,exact,Ajal Toq'ob,deidad
AWILIX,ximenez,16,ahau,1,exact,Awilix,deidad
AJAW_XIK,ximenez,16,xic,1,exact,Xik,deidad
PATAN,ximenez,16,patan,1,exact,Patan,deidad
KIK',ximenez,16,quic,1,exact,Kik',objeto
KIK',ximenez,16,quic,1,exact,Kik',objeto
PATAN,ximenez,16,patan,1,exact,Patan,deidad
AJAW_XIK,ximenez,16,xic,1,exact,Xik,deidad
PATAN,ximenez,16,patan,1,exact,Patan,deidad
XIB'ALB'A,ximenez,16,"xibalba,",1,exact,Xib'alb'a,lugar
TZ'UM,ximenez,16,tzuum,1,exact,Tz'um,objeto
B'ATE,ximenez,16,"bate,",1,exact,B'ate,objeto
JUNAJPU,ximenez,16,hunahpu.,1,exact,Junajpu,deidad
XIB'ALB'A,ximenez,16,xibalba,1,exact,Xib'alb'a,lugar
KA'IB'_K'AJOLAB',ximenez,16,vqahol,1,exact,KA'IB'_K'AJOLAB',
IXB'ALAMQ'E,ximenez,16,xbalanque.,1,exact,IXB'ALAMQ'E,
WUQUB'_JUNAJPU,ximenez,17,vvcub hun ahpu,3,exact,Wuqub' Junajpu,deidad
WUQUB'_JUNAJPU,ximenez,17,vvcub hun ahpu,3,exact,Wuqub' Junajpu,deidad
NIM_XOB'_KARCHAJ,ximenez,17,nim xob carchah,3,exact,Nim xob' Karchaj,topónimo
WUQUB'_JUNAJPU,ximenez,17,vvcub hun ahpu.,3,exact,Wuqub' Junajpu,deidad
JUN_KAME',ximenez,17,"hun came,",2,exact,Jun Kame',deidad
WUQUB'_KAME',ximenez,17,vvcub came,2,exact,Wuqub' Kame',deidad
RAJPOP,ximenez,17,ixrah popachih,2,exact,Rajpop,deidad
JUNAJPU,ximenez,17,"hun hunahpu,",2,exact,Junajpu,deidad
CH'ABI'_TUKUR,ximenez,17,"chabi tucur,",2,exact,CH'ABI'_TUKUR,
JURAQAN_TUKUR,ximenez,17,"huracan tucur,",2,exact,Juraqan Tukur,deidad
KAQIX_TUKUR,ximenez,17,"caquix tucur,",2,exact,Kaqix Tukur,deidad
JOLOM_TUKUR,ximenez,17,holom tucur,2,exact,Jolom Tukur,deidad
USAMAJEL_XIB'ALB'A,ximenez,17,vzamahel xibalba,2,exact,Usamajel Xib'alb'a,grupo de deidades
CH'ABI'_TUKUR,ximenez,17,qhabi tucur,2,exact,CH'ABI'_TUKUR,
JURAQAN_TUKUR,ximenez,17,huracan tucur,2,exact,Juraqan Tukur,deidad
JUN_RAQAN,ximenez,17,hun racan,2,exact,Jun Raqan,deidad
KAQIX_TUKUR,ximenez,17,caquix tucur,2,exact,Kaqix Tukur,deidad
JOLOM_TUKUR,ximenez,17,holom tucur,2,exact,Jolom Tukur,deidad
JUNAJPU,ximenez,17,hun hunahpu,2,exact,Junajpu,deidad
JUN_KAME',ximenez,17,"hun came,",2,exact,Jun Kame',deidad
WUQUB'_KAME',ximenez,17,vvcub came,2,exact,Wuqub' Kame',deidad
AJAL_PUJ,ximenez,17,"ahal puh,",2,exact,Ajal Puj,deidad
AJAL_Q'ANA,ximenez,17,ahal cana,2,exact,Ajal Q'ana,deidad
CH'AMIYA_BAQ,ximenez,17,"chamia bac,",2,exact,CH'AMIYA_BAQ,
CH'AMIYA_JOLOM,ximenez,17,"chamia holom,",2,exact,Ch'amiya Jolom,deidad
AJAL_TOQ'OB,ximenez,17,"ahal tocob,",2,exact,Ajal Toq'ob,deidad
RAJAWAL_XIB'ALB'A,ximenez,17,conohel ahauab,2,exact,Rajawal Xib'alb'a,grupo de deidades
JUN_KAME',ximenez,17,"hun came,",2,exact,Jun Kame',deidad
WUQUB'_KAME',ximenez,17,vvcub came?,2,exact,Wuqub' Kame',deidad
IXKIK',ximenez,17,ca chuch,2,exact,Ixkik',deidad
CHIMALMAT,ximenez,17,qui chuch,2,exact,Chimalmat,deidad
JUNAJPU,ximenez,17,qui cahau,2,exact,Junajpu,deidad
IXKIK',ximenez,17,ixca chuch,2,exact,Ixkik',deidad
KIK',ximenez,17,ca quic,2,exact,Kik',objeto
JUN_B'ATZ,ximenez,17,hun batz,2,exact,JUN_B'ATZ,
JUN_CHOWEN,ximenez,17,hun choven,2,exact,Jun Chowen,deidad
CHIMALMAT,ximenez,17,qui chuch,2,exact,Chimalmat,deidad
JUNAJPU,ximenez,17,"hun hunahpu,",2,exact,Junajpu,deidad
USAMAJEL_XIB'ALB'A,ximenez,17,zamahel,1,exact,Usamajel Xib'alb'a,grupo de deidades
JUN_KAME'_WUQUB'_KAME,ximenez,17,ahauab,1,exact,JUN_KAME'_WUQUB'_KAME,
CHAAJ,ximenez,17,chaaha,1,exact,Chaaj,objeto
KA'IB'_K'AJOLAB',ximenez,17,vi,1,exact,KA'IB'_K'AJOLAB',
KA'IB'_K'AJOLAB',ximenez,17,vi,1,exact,KA'IB'_K'AJOLAB',
JUN_KAME'_WUQUB'_KAME,ximenez,17,ahauab,1,exact,JUN_KAME'_WUQUB'_KAME,
B'ATE,ximenez,17,"bate,",1,exact,B'ate,objeto
JUN_KAME'_WUQUB'_KAME,ximenez,17,"ahauab,",1,exact,JUN_KAME'_WUQUB'_KAME,
USAMAJEL_XIB'ALB'A,ximenez,17,zamahel,1,exact,Usamajel Xib'alb'a,grupo de deidades
USAMAJEL_XIB'ALB'A,ximenez,17,zamahel,1,exact,Usamajel Xib'alb'a,grupo de deidades
TUKUR,ximenez,17,"tucur,",1,exact,Tukur,animal
AJAW_XIK,ximenez,17,xic.,1,exact,Xik,deidad
AJAW_XIK,ximenez,17,"xic,",1,exact,Xik,deidad
JUNAJPU,ximenez,17,vholom,1,exact,Junajpu,deidad
AJAW_XIK,ximenez,17,xic,1,exact,Xik,deidad
USAMAJEL_XIB'ALB'A,ximenez,17,zamahel,1,exact,Usamajel Xib'alb'a,grupo de deidades
XIB'ALB'A,ximenez,17,xibalba,1,exact,Xib'alb'a,lugar
JOM,ximenez,17,hom,1,exact,Jom,lugar
JOM,ximenez,17,pahom,1,exact,Jom,lugar
TUKUR,ximenez,17,tucur,1,exact,Tukur,animal
JOM,ximenez,17,hom,1,exact,Jom,lugar
XIKIRIPAT,ximenez,17,"xiquiripat,",1,exact,Xikiripat,deidad
KUCHUMA_KIK',ximenez,17,"cuchumaquic,",1,exact,Kuchuma Kik',deidad
AJAL_MES,ximenez,17,"ahalmez,",1,exact,Ajal Mes,deidad
AJAW_XIK,ximenez,17,xic,1,exact,Xik,deidad
PATAN,ximenez,17,patan,1,exact,Patan,deidad
TUKUR,ximenez,17,tucur.,1,exact,Tukur,animal
AWILIX,ximenez,17,ahau,1,exact,Awilix,deidad
JUN_KAME'_WUQUB'_KAME,ximenez,17,"ahauab,",1,exact,JUN_KAME'_WUQUB'_KAME,
USAMAJEL_XIB'ALB'A,ximenez,17,zamahel,1,exact,Usamajel Xib'alb'a,grupo de deidades
AWILIX,ximenez,17,ahau,1,exact,Awilix,deidad
WA,ximenez,17,va,1,exact,Wa,objeto
SOTZ'I_JA,ximenez,17,ha,1,exact,Sotz'i Ja,lugar
IXMUKANE,ximenez,17,ivatit.,1,exact,Ixmukane,deidad
IXMUKANE,ximenez,17,xmucane.,1,exact,Ixmukane,deidad
WUQUB'_JUNAJPU,ximenez,18,vvcub hun ahpu,3,exact,Wuqub' Junajpu,deidad
K'ULKU_SIWAN,ximenez,18,"cul, cu ziuan",3,exact,K'ulku Siwan,topónimo
RAJAWAL_XIB'ALB'A,ximenez,18,rahaual xibal ba,3,exact,Rajawal Xib'alb'a,grupo de deidades
WUQUB'_JUNAJPU,ximenez,18,vvcub hun ahpu,3,exact,Wuqub' Junajpu,deidad
WUQUB'_JUNAJPU,ximenez,18,vvcub hun ahpu,3,exact,Wuqub' Junajpu,deidad
WUQUB'_JUNAJPU,ximenez,18,"vvcub hun ahpu,",3,exact,Wuqub' Junajpu,deidad
WUQUB'_JUNAJPU,ximenez,18,vvcub hun ahpu,3,exact,Wuqub' Junajpu,deidad
JUNAJPU,ximenez,18,"hun hunahpu,",2,exact,Junajpu,deidad
JA'_SIMAJ,ximenez,18,"ha zimah,",2,exact,Ja' Simaj,topónimo
Q'EQA_B'E,ximenez,18,"queca be,",2,exact,Q'eqa b'e,topónimo
SAQI_B'E,ximenez,18,zaqui be,2,exact,Saqi b'e,topónimo
Q'ANA_B'E,ximenez,18,q'ana be,2,exact,Q'ana b'e,topónimo
Q'EQA_B'E,ximenez,18,queca be,2,exact,Q'eqa b'e,topónimo
Q'EQA_B'E,ximenez,18,be xibalba,2,exact,Q'eqa b'e,topónimo
JUN_KAME',ximenez,18,"hun came,",2,exact,Jun Kame',deidad
WUQUB'_KAME',ximenez,18,vvcub came,2,exact,Wuqub' Kame',deidad
RAJAWAL_XIB'ALB'A,ximenez,18,rahaual xibalba,2,exact,Rajawal Xib'alb'a,grupo de deidades
RAJAWAL_XIB'ALB'A,ximenez,18,conohel ahauab,2,exact,Rajawal Xib'alb'a,grupo de deidades
JUN_KAME',ximenez,18,"hun came,",2,exact,Jun Kame',deidad
WUQUB'_KAME',ximenez,18,vvcub came,2,exact,Wuqub' Kame',deidad
RAJAWAL_XIB'ALB'A,ximenez,18,rahaual xibalba.,2,exact,Rajawal Xib'alb'a,grupo de deidades
Q'EQUMA_JA,ximenez,18,quecuma ha,2,exact,Q'equma Ja,lugar
JUN_KAME',ximenez,18,hun came,2,exact,Jun Kame',deidad
WUQUB'_KAME',ximenez,18,vvcub came,2,exact,Wuqub' Kame',deidad
Q'EQUMA_JA,ximenez,18,queeuma ha,2,exact,Q'equma Ja,lugar
XUXULIM_JA,ximenez,18,xuxulim ha,2,exact,Xuxulim Ja,lugar
B'ALAM_JA,ximenez,18,balami ha,2,exact,B'ALAM_JA,
B'ALAM_JA,ximenez,18,pa ha.,2,exact,B'ALAM_JA,
SOTZ'I_JA,ximenez,18,tzotzi ha,2,exact,Sotz'i Ja,lugar
B'ALAM_JA,ximenez,18,pa ha,2,exact,B'ALAM_JA,
CHAYIM_JA,ximenez,18,chaim ha,2,exact,Chayim Ja,topónimo
B'ALAM_JA,ximenez,18,pa ha.,2,exact,B'ALAM_JA,
JUNAJPU,ximenez,18,"hun hunahpu,",2,exact,Junajpu,deidad
TIJOB'AL_JA,ximenez,18,tihobal ha,2,exact,Tijob'al Ja,lugar
JUN_KAME',ximenez,18,hun came,2,exact,Jun Kame',deidad
WUQUB'_KAME',ximenez,18,vvcub came,2,exact,Wuqub' Kame',deidad
JUN_KAME'_WUQUB'_KAME,ximenez,18,at ahau.,2,exact,JUN_KAME'_WUQUB'_KAME,
WUQUB'_KAME',ximenez,18,vvcub came.,2,exact,Wuqub' Kame',deidad
PUSB'AL_CHAAJ,ximenez,18,pucbal chah,2,exact,Pusb'al Chaaj,lugar
JUNAJPU,ximenez,18,hun hunahpu,2,exact,Junajpu,deidad
JUN_KAME',ximenez,18,hun came,2,exact,Jun Kame',deidad
JUNAJPU,ximenez,18,hun hunahpu,2,exact,Junajpu,deidad
JUNAJPU,ximenez,18,hun hunahpu,2,exact,Junajpu,deidad
JUN_KAME',ximenez,18,"hun came,",2,exact,Jun Kame',deidad
WUQUB'_KAME',ximenez,18,vvcub came,2,exact,Wuqub' Kame',deidad
JUNAJPU,ximenez,18,v holom,2,exact,Junajpu,deidad
RAJAWAL_XIB'ALB'A,ximenez,18,ronohel xibalba,2,exact,Rajawal Xib'alb'a,grupo de deidades
JUNAJPU,ximenez,18,hun hunahpu,2,exact,Junajpu,deidad
JUNAJPU,ximenez,18,v holom,2,exact,Junajpu,deidad
JUNAJPU,ximenez,18,hun hunahpu,2,exact,Junajpu,deidad
USAMAJEL_XIB'ALB'A,ximenez,18,"zamahel,",1,exact,Usamajel Xib'alb'a,grupo de deidades
XIB'ALB'A,ximenez,18,"xibalba,",1,exact,Xib'alb'a,lugar
SOTZ'I_JA,ximenez,18,ha,1,exact,Sotz'i Ja,lugar
NU'_SIWAN,ximenez,18,nuzivan,1,exact,Nu' Siwan,topónimo
KIK'_YA',ximenez,18,chiquiquia,1,exact,KIK'_YA',
KA'IB'_K'AJOLAB',ximenez,18,vi,1,exact,KA'IB'_K'AJOLAB',
KAQA_B'E,ximenez,18,"q'aq'abe,",1,exact,Kaqa b'e (camino rojo),lugar
AWILIX,ximenez,18,ahau,1,exact,Awilix,deidad
KA'IB'_K'AJOLAB',ximenez,18,vi,1,exact,KA'IB'_K'AJOLAB',
CHE',ximenez,18,che,1,fuzzy,Che',objeto
XIB'ALB'A,ximenez,18,xibalba.,1,exact,Xib'alb'a,lugar
CHE',ximenez,18,che,1,fuzzy,Che',objeto
JUNAJPU,ximenez,18,"hunhunahpu,",1,exact,Junajpu,deidad
B'ATE,ximenez,18,"ibate,",1,exact,B'ate,objeto
PACHQ'AB',ximenez,18,ipachcab,1,exact,Pach'q'ab',objeto
XIB'ALB'A,ximenez,18,"xibalba,",1,exact,Xib'alb'a,lugar
RAJAWAL_XIB'ALB'A,ximenez,18,conohel,1,exact,Rajawal Xib'alb'a,grupo de deidades
XIB'ALB'A,ximenez,18,"xibalba,",1,exact,Xib'alb'a,lugar
CHAAJ,ximenez,18,chahibal,1,exact,Chaaj,objeto
XIB'ALB'A,ximenez,18,xibalba,1,exact,Xib'alb'a,lugar
CHAAJ,ximenez,18,chah,1,exact,Chaaj,objeto
CHAAJ,ximenez,18,chah,1,exact,Chaaj,objeto
XIB'ALB'A,ximenez,18,xibalba,1,exact,Xib'alb'a,lugar
CHAAJ,ximenez,18,quichaah,1,exact,Chaaj,objeto
B'AQ,ximenez,18,bac,1,exact,B'aq,objeto
KA'IB'_K'AJOLAB',ximenez,18,vi,1,exact,KA'IB'_K'AJOLAB',
CHAAJ,ximenez,18,chaah,1,exact,Chaaj,objeto
XIB'ALB'A,ximenez,18,xibalba,1,exact,Xib'alb'a,lugar
JUNAJPU,ximenez,18,"hunhunahpu,",1,exact,Junajpu,deidad
CHAAJ,ximenez,18,chah,1,exact,Chaaj,objeto
JUN_KAME'_WUQUB'_KAME,ximenez,18,ahauab,1,exact,JUN_KAME'_WUQUB'_KAME,
JUNAJPU,ximenez,18,"hunhunahpu,",1,exact,Junajpu,deidad
CHAAJ,ximenez,18,chah,1,exact,Chaaj,objeto
JUN_KAME'_WUQUB'_KAME,ximenez,18,ahauab,1,exact,JUN_KAME'_WUQUB'_KAME,
CHAAJ,ximenez,18,chah,1,exact,Chaaj,objeto
TIJOB'AL_JA,ximenez,18,vtihobal,1,exact,Tijob'al Ja,lugar
XIB'ALB'A,ximenez,18,xibalba,1,exact,Xib'alb'a,lugar
B'ALAM,ximenez,18,balam,1,exact,B'alam,animal
B'ALAM,ximenez,18,balam,1,exact,B'alam,animal
IKAJ,ximenez,18,cah,1,exact,IKAJ,
SOTZ,ximenez,18,tzotz,1,exact,Sotz,animal
SOTZ,ximenez,18,tzotz,1,exact,Sotz,animal
KA'IB'_K'AJOLAB',ximenez,18,vi.,1,exact,KA'IB'_K'AJOLAB',
TIJOB'AL_JA,ximenez,18,vtihobal,1,exact,Tijob'al Ja,lugar
XIB'ALB'A,ximenez,18,xibalba,1,exact,Xib'alb'a,lugar
WUQUB'_JUNAJPU,ximenez,18,vvcubhunahpu,1,exact,Wuqub' Junajpu,deidad
JUNAJPU,ximenez,18,"hunhunahpu,",1,exact,Junajpu,deidad
KA'IB'_K'AJOLAB',ximenez,18,vi,1,exact,KA'IB'_K'AJOLAB',
CHAAJ,ximenez,18,chah,1,exact,Chaaj,objeto
WA,ximenez,18,va,1,exact,Wa,objeto
KA'IB'_K'AJOLAB',ximenez,18,vi,1,exact,KA'IB'_K'AJOLAB',
KA'IB'_K'AJOLAB',ximenez,18,vi,1,exact,KA'IB'_K'AJOLAB',
JUNAJPU,ximenez,18,vholom,1,exact,Junajpu,deidad
JUNAJPU,ximenez,18,vholom,1,exact,Junajpu,deidad
WUQUB'_KAME',ximenez,18,vvcubcame.,1,exact,Wuqub' Kame',deidad
JUNAJPU,ximenez,18,vholom,1,exact,Junajpu,deidad
CHE',ximenez,18,che.,1,fuzzy,Che',objeto
CHE',ximenez,18,che,1,fuzzy,Che',objeto
JUNAJPU,ximenez,18,vholom,1,exact,Junajpu,deidad
CHE',ximenez,18,che.,1,fuzzy,Che',objeto
WA,ximenez,18,va,1,exact,Wa,objeto
JUNAJPU,ximenez,18,vholom,1,exact,Junajpu,deidad
JUNAJPU,ximenez,18,hunhunahpu,1,exact,Junajpu,deidad
TZIMA,ximenez,18,zima,1,exact,Tzima,objeto
JUNAJPU,ximenez,18,vholom,1,exact,Junajpu,deidad
XIB'ALB'A,ximenez,18,xibalba,1,exact,Xib'alb'a,lugar
CHE',ximenez,18,che,1,fuzzy,Che',objeto
XIB'ALB'A,ximenez,18,xibalba,1,exact,Xib'alb'a,lugar
RAJAWAL_XIB'ALB'A,ximenez,18,conohel.,1,exact,Rajawal Xib'alb'a,grupo de deidades
CHE',ximenez,18,che,1,fuzzy,Che',objeto
TZIMA,ximenez,18,zima,1,exact,Tzima,objeto
IXKIK',ximenez,18,capoh.,1,exact,Ixkik',deidad
WA,ximenez,18,va,1,exact,Wa,objeto
IXKIK',ximenez,19,hun capoh vmeal,3,exact,Ixkik',deidad
ISTAYUL_KQCUATRO,ximenez,19,hun ahau,2,exact,Istayul (gen. 4),persona
WA,ximenez,19,Va,1,exact,Wa,objeto
KUCHUMA_KIK',ximenez,19,cuchumaquic,1,exact,Kuchuma Kik',deidad
JUN_JUNAJPU,ximenez,20,"vvach ahau achih naol,",4,exact,Jun Junajpu,deidad
IXKIK',ximenez,20,hun capoh vmeal,3,exact,Ixkik',deidad
WUQUB'_JUNAJPU,ximenez,20,vvcub hun ahpu.,3,exact,Wuqub' Junajpu,deidad
ISTAYUL_KQCUATRO,ximenez,20,hun ahau,2,exact,Istayul (gen. 4),persona
KUCHUMA_KIK',ximenez,20,v cahau,2,exact,Kuchuma Kik',deidad
JUNAJPU,ximenez,20,hun ahpu,2,exact,Junajpu,deidad
JUN_JUNAJPU,ximenez,20,nu holom,2,exact,Jun Junajpu,deidad
KA'IB'_K'AJOLAB',ximenez,20,vqahol ahau,2,exact,KA'IB'_K'AJOLAB',
KA'IB'_K'AJOLAB',ximenez,20,"vqahol naol,",2,exact,KA'IB'_K'AJOLAB',
KA'IB'_K'AJOLAB',ximenez,20,vmial vqahol,2,exact,KA'IB'_K'AJOLAB',
JUNAJPU,ximenez,20,hun hunahpu,2,exact,Junajpu,deidad
RAXA_KAQULJA,ximenez,20,raxa caculha,2,exact,Raxa Kaqulja,deidad
JUNAJPU,ximenez,20,hun ahpu,2,exact,Junajpu,deidad
KUCHUMA_KIK',ximenez,20,v cahau,2,exact,Kuchuma Kik',deidad
KUCHUMA_KIK',ximenez,20,cuchumaquic,1,exact,Kuchuma Kik',deidad
IXKIK',ximenez,20,xquic,1,exact,Ixkik',deidad
IXKIK',ximenez,20,capoh,1,exact,Ixkik',deidad
CHE',ximenez,20,che,1,fuzzy,Che',objeto
K'AJOLOM,ximenez,20,vcahau,1,exact,K'ajolom,deidad
CHE',ximenez,20,che,1,fuzzy,Che',objeto
TAMASUL,ximenez,20,xbec,1,exact,Tamasul,animal
CHE',ximenez,20,che,1,fuzzy,Che',objeto
CHAAJ,ximenez,20,chah,1,exact,Chaaj,objeto
CHE',ximenez,20,che,1,fuzzy,Che',objeto
IXKIK',ximenez,20,capoh,1,exact,Ixkik',deidad
B'AQ,ximenez,20,bac,1,exact,B'aq,objeto
CHE',ximenez,20,che,1,fuzzy,Che',objeto
B'AQ,ximenez,20,bac,1,exact,B'aq,objeto
CHE',ximenez,20,che,1,fuzzy,Che',objeto
JUNAJPU,ximenez,20,vholom,1,exact,Junajpu,deidad
IXKIK',ximenez,20,capoh,1,exact,Ixkik',deidad
AJAW_XIK,ximenez,20,xic?,1,exact,Xik,deidad
IXKIK',ximenez,20,capoh,1,exact,Ixkik',deidad
B'AQ,ximenez,20,bac,1,exact,B'aq,objeto
IXKIK',ximenez,20,capoh,1,exact,Ixkik',deidad
B'AQ,ximenez,20,bac,1,exact,B'aq,objeto
B'AQ,ximenez,20,bac,1,exact,B'aq,objeto
KAB',ximenez,20,cab,1,exact,Kab',objeto
IXKIK',ximenez,20,capoh,1,exact,Ixkik',deidad
KAB',ximenez,20,cab,1,exact,Kab',objeto
B'AQ,ximenez,20,bac,1,exact,B'aq,objeto
B'AQ,ximenez,20,bac,1,exact,B'aq,objeto
JUNAJPU,ximenez,20,vholom,1,exact,Junajpu,deidad
KA'IB'_K'AJOLAB',ximenez,20,vi,1,exact,KA'IB'_K'AJOLAB',
KA'IB'_K'AJOLAB',ximenez,20,vqahol,1,exact,KA'IB'_K'AJOLAB',
KA'IB'_K'AJOLAB',ximenez,20,ahuchan,1,exact,KA'IB'_K'AJOLAB',
KA'IB'_K'AJOLAB',ximenez,20,vi,1,exact,KA'IB'_K'AJOLAB',
JUN_JUNAJPU,ximenez,20,ahvqhan,1,exact,Jun Junajpu,deidad
UK'U'X_ULEW,ximenez,20,vleu,1,exact,Uk'u'x Ulew,deidad
JUNAJPU,ximenez,20,vholom,1,exact,Junajpu,deidad
JUN_RAQAN,ximenez,20,huracan,1,exact,Jun Raqan,deidad
CH'IPI_KAQULJA,ximenez,20,"chipicaculha,",1,exact,Ch'ipi Kaqulja,deidad
IXKIK',ximenez,20,capoh,1,exact,Ixkik',deidad
IXB'ALAMQ'E,ximenez,20,xbalanque,1,exact,IXB'ALAMQ'E,
IXKIK',ximenez,20,capoh,1,exact,Ixkik',deidad
IK,ximenez,20,ic,1,exact,Ik,objeto
K'AJOLOM,ximenez,20,vcahau,1,exact,K'ajolom,deidad
KUCHUMA_KIK',ximenez,20,cuchumaquic,1,exact,Kuchuma Kik',deidad
RAJAWAL_XIB'ALB'A,ximenez,21,conohel ahauab,2,exact,Rajawal Xib'alb'a,grupo de deidades
JUN_KAME',ximenez,21,hun came,2,exact,Jun Kame',deidad
WUQUB'_KAME',ximenez,21,vvcub came,2,exact,Wuqub' Kame',deidad
KUCHUMA_KIK',ximenez,21,cuchuma quic,2,exact,Kuchuma Kik',deidad
RAJAWAL_XIB'ALB'A,ximenez,21,alac ahauab,2,exact,Rajawal Xib'alb'a,grupo de deidades
IXKIK',ximenez,21,nu meal?,2,exact,Ixkik',deidad
KUCHUMA_KIK',ximenez,21,"lalnu cahau,",2,exact,Kuchuma Kik',deidad
RAJPOP,ximenez,21,rahpop achih,2,exact,Rajpop,deidad
JUNAJPU,ximenez,21,hun hunahpu,2,exact,Junajpu,deidad
PUSB'AL_CHAAJ,ximenez,21,pucbal chah,2,exact,Pusb'al Chaaj,lugar
JUN_KAME',ximenez,21,"hun came,",2,exact,Jun Kame',deidad
WUQUB'_KAME',ximenez,21,"vvcub came,",2,exact,Wuqub' Kame',deidad
KIK',ximenez,21,v quiquel,2,exact,Kik',objeto
JUN_KAME',ximenez,21,hun came.,2,exact,Jun Kame',deidad
JUN_KAME',ximenez,21,hun came,2,exact,Jun Kame',deidad
JUN_KAME',ximenez,21,hun came.,2,exact,Jun Kame',deidad
RAJAWAL_XIB'ALB'A,ximenez,21,rahaual xibalba,2,exact,Rajawal Xib'alb'a,grupo de deidades
IXKIK',ximenez,21,capoh,1,exact,Ixkik',deidad
K'AJOLOM,ximenez,21,vcahau,1,exact,K'ajolom,deidad
IXKIK',ximenez,21,xquicuch,1,exact,Ixkik',deidad
KUCHUMA_KIK',ximenez,21,cuchumaquic,1,exact,Kuchuma Kik',deidad
RAJAWAL_XIB'ALB'A,ximenez,21,ixahauab,1,exact,Rajawal Xib'alb'a,grupo de deidades
JUN_KAME'_WUQUB'_KAME,ximenez,21,ahauab,1,exact,JUN_KAME'_WUQUB'_KAME,
KA'IB'_K'AJOLAB',ximenez,21,vi,1,exact,KA'IB'_K'AJOLAB',
IXKIK',ximenez,21,vmeal,1,exact,Ixkik',deidad
K'OKA'IB_KQDOS,ximenez,21,co,1,exact,K'oka'ib (gen. 2),persona
KA'IB'_K'AJOLAB',ximenez,21,vi,1,exact,KA'IB'_K'AJOLAB',
IXKIK',ximenez,21,hoxol,1,exact,Ixkik',deidad
JUN_KAME'_WUQUB'_KAME,ximenez,21,ahauab,1,exact,JUN_KAME'_WUQUB'_KAME,
TUKUR,ximenez,21,"tucur,",1,exact,Tukur,animal
IXKIK',ximenez,21,capoh,1,exact,Ixkik',deidad
USAMAJEL_XIB'ALB'A,ximenez,21,zamahel,1,exact,Usamajel Xib'alb'a,grupo de deidades
JUNAJPU,ximenez,21,vholom,1,exact,Junajpu,deidad
USAMAJEL_XIB'ALB'A,ximenez,21,zamahel,1,exact,Usamajel Xib'alb'a,grupo de deidades
IXKIK',ximenez,21,capoh,1,exact,Ixkik',deidad
KUCHUMA_KIK',ximenez,21,acahau,1,exact,Kuchuma Kik',deidad
JUN_KAME'_WUQUB'_KAME,ximenez,21,"ahauab,",1,exact,JUN_KAME'_WUQUB'_KAME,
USAMAJEL_XIB'ALB'A,ximenez,21,zamahel.,1,exact,Usamajel Xib'alb'a,grupo de deidades
IXKIK',ximenez,21,hoxol,1,exact,Ixkik',deidad
KIK',ximenez,21,"quic,",1,exact,Kik',objeto
CHE',ximenez,21,che,1,fuzzy,Che',objeto
IXKIK',ximenez,21,capoh,1,exact,Ixkik',deidad
CHE',ximenez,21,che,1,fuzzy,Che',objeto
CHE',ximenez,21,che,1,fuzzy,Che',objeto
KIK',ximenez,21,quic,1,exact,Kik',objeto
CHE',ximenez,21,che,1,fuzzy,Che',objeto
KIK',ximenez,21,quic,1,exact,Kik',objeto
WA,ximenez,21,va,1,exact,Wa,objeto
KIK',ximenez,21,quic,1,exact,Kik',objeto
CHE',ximenez,21,che,1,fuzzy,Che',objeto
IXKIK',ximenez,21,capoh.,1,exact,Ixkik',deidad
KIK',ximenez,21,quic,1,exact,Kik',objeto
KIK',ximenez,21,quic,1,exact,Kik',objeto
KA'IB'_K'AJOLAB',ximenez,21,vi,1,exact,KA'IB'_K'AJOLAB',
UK'U'X_ULEW,ximenez,21,vleu,1,exact,Uk'u'x Ulew,deidad
TUKUR,ximenez,21,tucur,1,exact,Tukur,animal
IXKIK',ximenez,21,capoh.,1,exact,Ixkik',deidad
WA,ximenez,21,va,1,exact,Wa,objeto
JUN_KAME'_WUQUB'_KAME,ximenez,21,ahauab,1,exact,JUN_KAME'_WUQUB'_KAME,
USAMAJEL_XIB'ALB'A,ximenez,21,zamahel.,1,exact,Usamajel Xib'alb'a,grupo de deidades
JUN_KAME'_WUQUB'_KAME,ximenez,21,ahauab,1,exact,JUN_KAME'_WUQUB'_KAME,
RAJAWAL_XIB'ALB'A,ximenez,21,conohel.,1,exact,Rajawal Xib'alb'a,grupo de deidades
RAJAWAL_XIB'ALB'A,ximenez,21,ixahauab,1,exact,Rajawal Xib'alb'a,grupo de deidades
KIK',ximenez,21,chiquic,1,exact,Kik',objeto
Q'OQ,ximenez,21,coc,1,exact,Q'OQ,
XIB'ALB'A,ximenez,21,xibalba,1,exact,Xib'alb'a,lugar
RAJAWAL_XIB'ALB'A,ximenez,21,conohel,1,exact,Rajawal Xib'alb'a,grupo de deidades
KIK',ximenez,21,quic,1,exact,Kik',objeto
KA'IB'_K'AJOLAB',ximenez,21,vi,1,exact,KA'IB'_K'AJOLAB',
TUKUR,ximenez,21,tucur,1,exact,Tukur,animal
IXKIK',ximenez,21,capoh,1,exact,Ixkik',deidad
IKAJ,ximenez,21,cah,1,exact,IKAJ,
KA'IB'_K'AJOLAB',ximenez,21,vi,1,exact,KA'IB'_K'AJOLAB',
IXKIK',ximenez,21,capoh,1,exact,Ixkik',deidad
RAJAWAL_XIB'ALB'A,ximenez,21,conohel.,1,exact,Rajawal Xib'alb'a,grupo de deidades
IXKIK',ximenez,22,in puch alcual la,4,exact,Ixkik',deidad
CHAJAL_ECHA',ximenez,22,at chahal re queqha,4,exact,Chajal echa',grupo de deidades
IXKIK',ximenez,22,at ta valib,3,exact,Ixkik',deidad
IXTZIYA',ximenez,22,ix pu tziya,3,exact,Ixtziya',deidad
JUN_B'ATZ,ximenez,22,hun batz,2,exact,JUN_B'ATZ,
JUN_CHOWEN,ximenez,22,hun choven,2,exact,Jun Chowen,deidad
JUN_B'ATZ,ximenez,22,hun batz,2,exact,JUN_B'ATZ,
JUN_CHOWEN,ximenez,22,hun choven,2,exact,Jun Chowen,deidad
JUNAJPU,ximenez,22,hun ahpu,2,exact,Junajpu,deidad
IXMUKANE,ximenez,22,lal chichu,2,exact,Ixmukane,deidad
IXKIK',ximenez,22,in alibla,2,exact,Ixkik',deidad
IXMUKANE,ximenez,22,lal chichu,2,exact,Ixmukane,deidad
JUN_B'ATZ,ximenez,22,hun batz,2,exact,JUN_B'ATZ,
JUN_CHOWEN,ximenez,22,hun chouen,2,exact,Jun Chowen,deidad
IXKIK',ximenez,22,in alibla,2,exact,Ixkik',deidad
JUNAJPU,ximenez,22,hun hunahpu,2,exact,Junajpu,deidad
JUNAJPU,ximenez,22,hun hunahpu,2,exact,Junajpu,deidad
WUQUB'_JUNAJPU,ximenez,22,vvcub hunahpu,2,exact,Wuqub' Junajpu,deidad
IXMUKANE,ximenez,22,lal valib,2,exact,Ixmukane,deidad
JUN_CHOWEN,ximenez,22,hun chouen,2,exact,Jun Chowen,deidad
IXKIK',ximenez,22,at valib,2,exact,Ixkik',deidad
JUN_B'ATZ,ximenez,22,hun batz,2,exact,JUN_B'ATZ,
JUN_CHOWEN,ximenez,22,hun chouen,2,exact,Jun Chowen,deidad
JUN_B'ATZ,ximenez,22,hun batz,2,exact,JUN_B'ATZ,
JUN_CHOWEN,ximenez,22,hun chouen,2,exact,Jun Chowen,deidad
AB'IX,ximenez,22,a bix,2,exact,AB'IX,
ALOM,ximenez,22,vchuch,1,exact,Alom,deidad
IXKIK',ximenez,22,ixoc,1,exact,Ixkik',deidad
IXKIK',ximenez,22,xquic,1,exact,Ixkik',deidad
IXKIK',ximenez,22,ixoc,1,exact,Ixkik',deidad
IXKIK',ximenez,22,xquic,1,exact,Ixkik',deidad
ALOM,ximenez,22,vchuch,1,exact,Alom,deidad
IXB'ALAMQ'E,ximenez,22,xbalanque,1,exact,IXB'ALAMQ'E,
IXKIK',ximenez,22,ixoc,1,exact,Ixkik',deidad
IXMUKANE,ximenez,22,atit,1,exact,Ixmukane,deidad
IXKIK',ximenez,22,ixoc,1,exact,Ixkik',deidad
IXMUKANE,ximenez,22,atit.,1,exact,Ixmukane,deidad
IXMUKANE,ximenez,22,atit.,1,exact,Ixmukane,deidad
KA'IB'_K'AJOLAB',ximenez,22,vi,1,exact,KA'IB'_K'AJOLAB',
XIB'ALB'A,ximenez,22,xibalba.,1,exact,Xib'alb'a,lugar
JUN_B'ATZ'_JUN_CHOWEN,ximenez,22,caib,1,exact,Jun B'atz' Jun Chowen,grupo de deidades
KA'IB'_K'AJOLAB',ximenez,22,vi,1,exact,KA'IB'_K'AJOLAB',
IXKIK',ximenez,22,capoh,1,exact,Ixkik',deidad
IXMUKANE,ximenez,22,atit.,1,exact,Ixmukane,deidad
KA'IB'_K'AJOLAB',ximenez,22,vi,1,exact,KA'IB'_K'AJOLAB',
WA,ximenez,22,va,1,exact,Wa,objeto
IXMUKANE,ximenez,22,atit.,1,exact,Ixmukane,deidad
SU',ximenez,22,zu,1,exact,Su',objeto
B'IX,ximenez,22,bix,1,fuzzy,B'ix,lugar
KA'IB'_K'AJOLAB',ximenez,22,vi,1,exact,KA'IB'_K'AJOLAB',
IXMUKANE,ximenez,22,atit,1,exact,Ixmukane,deidad
IXMUKANE,ximenez,22,atit,1,exact,Ixmukane,deidad
IXMUKANE,ximenez,22,atit,1,exact,Ixmukane,deidad
WA,ximenez,22,va,1,exact,Wa,objeto
KA'IB'_K'AJOLAB',ximenez,22,vi,1,exact,KA'IB'_K'AJOLAB',
IXKIK',ximenez,22,valib,1,exact,Ixkik',deidad
IXKIK',ximenez,22,capoh.,1,exact,Ixkik',deidad
TAMASUL,ximenez,22,xbec,1,exact,Tamasul,animal
AB'IX,ximenez,22,abix,1,exact,AB'IX,
AB'IX,ximenez,22,cabix,1,exact,AB'IX,
IXKIK',ximenez,22,capoh,1,exact,Ixkik',deidad
AB'IX,ximenez,22,abix.,1,exact,AB'IX,
AB'IX,ximenez,22,abix,1,exact,AB'IX,
KA'IB'_K'AJOLAB',ximenez,22,vi,1,exact,KA'IB'_K'AJOLAB',
IXKIK',ximenez,22,capoh,1,exact,Ixkik',deidad
KA'IB'_K'AJOLAB',ximenez,22,vi,1,exact,KA'IB'_K'AJOLAB',
IXTOJ,ximenez,22,"xtoh,",1,exact,Ixtoj,deidad
IXQ'ANIL,ximenez,22,"xcanil,",1,exact,Ixq'anil,deidad
IXKAKAW,ximenez,22,xcacau,1,exact,Ixkakaw,deidad
IXKIK',ximenez,22,capoh.,1,exact,Ixkik',deidad
TZAMIY,ximenez,22,zami,1,exact,Tzamiy,objeto
TZAMIY,ximenez,22,vzamial,1,exact,Tzamiy,objeto
KA'IB'_K'AJOLAB',ximenez,22,vi,1,exact,KA'IB'_K'AJOLAB',
JAL,ximenez,22,hal,1,exact,Jal,objeto
JAL,ximenez,22,hal,1,exact,Jal,objeto
JAL,ximenez,22,hal,1,exact,Jal,objeto
IXKIK',ximenez,22,capoh.,1,exact,Ixkik',deidad
Q'OQ,ximenez,22,vcoc,1,exact,Q'OQ,
SOTZ'I_JA,ximenez,22,ha,1,exact,Sotz'i Ja,lugar
IXMUKANE,ximenez,22,atit,1,exact,Ixmukane,deidad
IXMUKANE,ximenez,22,atit,1,exact,Ixmukane,deidad
KA'IB'_K'AJOLAB',ximenez,22,vi,1,exact,KA'IB'_K'AJOLAB',
IXMUKANE,ximenez,22,atit,1,exact,Ixmukane,deidad
AB'IX,ximenez,22,abix,1,exact,AB'IX,
IXMUKANE,ximenez,22,atit,1,exact,Ixmukane,deidad
IXKIK',ximenez,22,capoh,1,exact,Ixkik',deidad
KA'IB'_K'AJOLAB',ximenez,22,vi,1,exact,KA'IB'_K'AJOLAB',
IXKIK',ximenez,22,valib,1,exact,Ixkik',deidad
IXKIK',ximenez,22,capoh,1,exact,Ixkik',deidad
JUNAJPU,ximenez,23,hun ahpu,2,exact,Junajpu,deidad
IXB'ALAMQ'E,ximenez,23,xbalanque,1,exact,IXB'ALAMQ'E,
JUNAJPU_K'OY,ximenez,24,hun ahpu x coy,4,exact,Junajpu K'oy,canto
JUNAJPU,ximenez,24,hun ah pu,3,exact,Junajpu,deidad
KA'IB'_K'AJOLAB',ximenez,24,e caib,2,exact,KA'IB'_K'AJOLAB',
JUNAJPU,ximenez,24,hun ahpu,2,exact,Junajpu,deidad
B'ALAM_JA,ximenez,24,pa ha,2,exact,B'ALAM_JA,
JUN_B'ATZ,ximenez,24,hun batz,2,exact,JUN_B'ATZ,
JUN_CHOWEN,ximenez,24,hun choven,2,exact,Jun Chowen,deidad
JUN_B'ATZ,ximenez,24,hun batz,2,exact,JUN_B'ATZ,
JUN_CHOWEN,ximenez,24,hun chouen,2,exact,Jun Chowen,deidad
JUN_CHOWEN,ximenez,24,hun chouen.,2,exact,Jun Chowen,deidad
JUNAJPU,ximenez,24,qui cahau,2,exact,Junajpu,deidad
JUNAJPU,ximenez,24,qui cahau,2,exact,Junajpu,deidad
JUN_B'ATZ,ximenez,24,hun batz,2,exact,JUN_B'ATZ,
JUN_CHOWEN,ximenez,24,hun chouen,2,exact,Jun Chowen,deidad
KA'IB'_K'AJOLAB',ximenez,24,"qui chac,",2,exact,KA'IB'_K'AJOLAB',
JUN_B'ATZ,ximenez,24,hun batz,2,exact,JUN_B'ATZ,
JUN_CHOWEN,ximenez,24,hun choven.,2,exact,Jun Chowen,deidad
JUN_B'ATZ,ximenez,24,hun batz,2,exact,JUN_B'ATZ,
JUN_CHOWEN,ximenez,24,hun choven,2,exact,Jun Chowen,deidad
JUN_B'ATZ,ximenez,24,hun batz,2,exact,JUN_B'ATZ,
JUN_CHOWEN,ximenez,24,hun choven,2,exact,Jun Chowen,deidad
JUNAJPU,ximenez,24,hun ahpu,2,exact,Junajpu,deidad
JUN_B'ATZ,ximenez,24,hun batz,2,exact,JUN_B'ATZ,
JUN_CHOWEN,ximenez,24,hun chouen.,2,exact,Jun Chowen,deidad
ISTAYUL_KQCUATRO,ximenez,24,hun ahau,2,exact,Istayul (gen. 4),persona
IXB'ALAMQ'E,ximenez,24,xbalan que.,2,exact,IXB'ALAMQ'E,
TZ'IKIN,ximenez,24,q' iquin,2,fuzzy,Tz'ikin,animal
JUN_B'ATZ,ximenez,24,hun batz,2,exact,JUN_B'ATZ,
JUN_CHOWEN,ximenez,24,hun choven,2,exact,Jun Chowen,deidad
KA'IB'_K'AJOLAB',ximenez,24,ca chac,2,exact,KA'IB'_K'AJOLAB',
JUNAJPU,ximenez,24,hun ahpu,2,exact,Junajpu,deidad
JUN_B'ATZ,ximenez,24,hun batz,2,exact,JUN_B'ATZ,
JUN_CHOWEN,ximenez,24,"hun chouen,",2,exact,Jun Chowen,deidad
JUNAJPU,ximenez,24,hun ahpu,2,exact,Junajpu,deidad
CHIMALMAT,ximenez,24,qui chuch,2,exact,Chimalmat,deidad
JUNAJPU,ximenez,24,hun ahpu,2,exact,Junajpu,deidad
IXMUKANE,ximenez,24,ix catit,2,exact,Ixmukane,deidad
IXKIK',ximenez,24,capoh,1,exact,Ixkik',deidad
IXKIK',ximenez,24,xquic,1,exact,Ixkik',deidad
IXMUKANE,ximenez,24,atit,1,exact,Ixmukane,deidad
IXB'ALAMQ'E,ximenez,24,xbalanque,1,exact,IXB'ALAMQ'E,
IXMUKANE,ximenez,24,atit,1,exact,Ixmukane,deidad
SANIK,ximenez,24,zanic,1,exact,Sanik,animal
SANIK,ximenez,24,"zanic,",1,exact,Sanik,animal
KA'IB'_K'AJOLAB',ximenez,24,quichac,1,exact,KA'IB'_K'AJOLAB',
KA'IB'_K'AJOLAB',ximenez,24,vi,1,exact,KA'IB'_K'AJOLAB',
NIM_AQ,ximenez,24,nimac,1,exact,Nim Aq,deidad
KA'IB'_K'AJOLAB',ximenez,24,vi,1,exact,KA'IB'_K'AJOLAB',
SU',ximenez,24,ahzu,1,exact,Su',objeto
KA'IB'_K'AJOLAB',ximenez,24,vi,1,exact,KA'IB'_K'AJOLAB',
JUN_JUNAJPU,ximenez,24,uquexel,1,exact,Jun Junajpu,deidad
KA'IB'_K'AJOLAB',ximenez,24,vi,1,exact,KA'IB'_K'AJOLAB',
NIM_AQ,ximenez,24,nimac,1,exact,Nim Aq,deidad
KA'IB'_K'AJOLAB',ximenez,24,vi,1,exact,KA'IB'_K'AJOLAB',
IXB'ALAMQ'E,ximenez,24,xbalanque,1,exact,IXB'ALAMQ'E,
IXMUKANE,ximenez,24,catit,1,exact,Ixmukane,deidad
IXB'ALAMQ'E,ximenez,24,xbalanque,1,exact,IXB'ALAMQ'E,
SU',ximenez,24,"zu,",1,exact,Su',objeto
B'IX,ximenez,24,bix,1,fuzzy,B'ix,lugar
IXB'ALAMQ'E,ximenez,24,xbalanque,1,exact,IXB'ALAMQ'E,
IXMUKANE,ximenez,24,atit,1,exact,Ixmukane,deidad
TZ'IKIN,ximenez,24,ziquin,1,exact,Tz'ikin,animal
KA'IB'_K'AJOLAB',ximenez,24,vi,1,exact,KA'IB'_K'AJOLAB',
IXMUKANE,ximenez,24,ixcatit,1,exact,Ixmukane,deidad
CHE',ximenez,24,che,1,fuzzy,Che',objeto
CHE',ximenez,24,che,1,fuzzy,Che',objeto
IXMUKANE,ximenez,24,ixcatit,1,exact,Ixmukane,deidad
JUN_B'ATZ'_JUN_CHOWEN,ximenez,24,catz,1,exact,Jun B'atz' Jun Chowen,grupo de deidades
JUN_B'ATZ'_JUN_CHOWEN,ximenez,24,catz,1,exact,Jun B'atz' Jun Chowen,grupo de deidades
KA'IB'_K'AJOLAB',ximenez,24,quichac,1,exact,KA'IB'_K'AJOLAB',
KA'IB'_K'AJOLAB',ximenez,24,vi,1,exact,KA'IB'_K'AJOLAB',
KA'IB'_K'AJOLAB',ximenez,24,vi,1,exact,KA'IB'_K'AJOLAB',
CHE',ximenez,24,che,1,fuzzy,Che',objeto
JUN_B'ATZ'_JUN_CHOWEN,ximenez,24,catz,1,exact,Jun B'atz' Jun Chowen,grupo de deidades
WUB,ximenez,24,vvbanic,1,exact,Wub',objeto
CHE',ximenez,24,che,1,fuzzy,Che',objeto
JUN_B'ATZ'_JUN_CHOWEN,ximenez,24,catz,1,exact,Jun B'atz' Jun Chowen,grupo de deidades
CHE',ximenez,24,"che,",1,fuzzy,Che',objeto
TZ'IKIN,ximenez,24,tziquin,1,exact,Tz'ikin,animal
JUN_B'ATZ'_JUN_CHOWEN,ximenez,24,catz,1,exact,Jun B'atz' Jun Chowen,grupo de deidades
CHE',ximenez,24,che,1,fuzzy,Che',objeto
IKAJ,ximenez,24,cah,1,exact,IKAJ,
CHE',ximenez,24,che,1,fuzzy,Che',objeto
CHE',ximenez,24,che:,1,fuzzy,Che',objeto
KA'IB'_K'AJOLAB',ximenez,24,ixcachac,1,exact,KA'IB'_K'AJOLAB',
CHE',ximenez,24,che,1,fuzzy,Che',objeto
CHE',ximenez,24,che,1,fuzzy,Che',objeto
IXB'ALAMQ'E,ximenez,24,xbalanque,1,exact,IXB'ALAMQ'E,
KA'IB'_K'AJOLAB',ximenez,24,quichac.,1,exact,KA'IB'_K'AJOLAB',
K'OY,ximenez,24,coy,1,exact,K'oy,animal
CHE',ximenez,24,che,1,fuzzy,Che',objeto
JAQAWITZ_JUYUB',ximenez,24,huyub,1,exact,JAQAWITZ_JUYUB',
JAQAWITZ_JUYUB',ximenez,24,huyub,1,exact,JAQAWITZ_JUYUB',
CHE',ximenez,24,che,1,fuzzy,Che',objeto
IXB'ALAMQ'E,ximenez,24,xbalanque.,1,exact,IXB'ALAMQ'E,
IXMUKANE,ximenez,24,catit,1,exact,Ixmukane,deidad
IXMUKANE,ximenez,24,ixcatit,1,exact,Ixmukane,deidad
JUN_B'ATZ'_JUN_CHOWEN,ximenez,24,catz,1,exact,Jun B'atz' Jun Chowen,grupo de deidades
JUN_B'ATZ'_JUN_CHOWEN,ximenez,24,ivatz,1,exact,Jun B'atz' Jun Chowen,grupo de deidades
JUN_B'ATZ'_JUN_CHOWEN,ximenez,24,ivatz,1,exact,Jun B'atz' Jun Chowen,grupo de deidades
KA'IB'_K'AJOLAB',ximenez,24,ixvi,1,exact,KA'IB'_K'AJOLAB',
IXMUKANE,ximenez,24,atit,1,exact,Ixmukane,deidad
IXB'ALAMQ'E,ximenez,24,xbalanque.,1,exact,IXB'ALAMQ'E,
IXMUKANE,ximenez,24,catit,1,exact,Ixmukane,deidad
IXMUKANE,ximenez,24,ixcatit,1,exact,Ixmukane,deidad
JUN_B'ATZ'_JUN_CHOWEN,ximenez,24,catz,1,exact,Jun B'atz' Jun Chowen,grupo de deidades
WA,ximenez,24,va,1,exact,Wa,objeto
SU',ximenez,24,"zuanic,",1,exact,Su',objeto
SU',ximenez,24,xquizuah.,1,exact,Su',objeto
JUNAJPU_K'OY,ximenez,25,hun ahpu coy,3,exact,Junajpu K'oy,canto
JUN_B'ATZ,ximenez,25,hun batz,2,exact,JUN_B'ATZ,
JUN_CHOWEN,ximenez,25,hun chouen,2,exact,Jun Chowen,deidad
JUNAJPU,ximenez,25,hun ahpu,2,exact,Junajpu,deidad
JUNAJPU,ximenez,25,hun ahpu,2,exact,Junajpu,deidad
IXMUKANE,ximenez,25,ixca tit,2,exact,Ixmukane,deidad
KA'IB'_K'AJOLAB',ximenez,25,oh ivi,2,exact,KA'IB'_K'AJOLAB',
IXKIK',ximenez,25,ca chuch,2,exact,Ixkik',deidad
JUN_B'ATZ,ximenez,25,hun batz,2,exact,JUN_B'ATZ,
JUN_CHOWEN,ximenez,25,hun chouen,2,exact,Jun Chowen,deidad
JUNAJPU,ximenez,25,hun ahpu,2,exact,Junajpu,deidad
KA'IB'_K'AJOLAB',ximenez,25,qui chac,2,exact,KA'IB'_K'AJOLAB',
SU',ximenez,25,xezuanic,1,exact,Su',objeto
Q'OJOM,ximenez,25,cohomanic,1,exact,Q'ojom,objeto
SU',ximenez,25,zu,1,exact,Su',objeto
Q'OJOM,ximenez,25,cohom,1,exact,Q'ojom,objeto
IXMUKANE,ximenez,25,catit,1,exact,Ixmukane,deidad
SU',ximenez,25,xezuanic,1,exact,Su',objeto
SU',ximenez,25,zu,1,exact,Su',objeto
B'IX,ximenez,25,bix,1,fuzzy,B'ix,lugar
SU',ximenez,25,zu,1,exact,Su',objeto
IXMUKANE,ximenez,25,atit,1,exact,Ixmukane,deidad
IXMUKANE,ximenez,25,atit,1,exact,Ixmukane,deidad
IXMUKANE,ximenez,25,atit.,1,exact,Ixmukane,deidad
IXMUKANE,ximenez,25,ixcatit,1,exact,Ixmukane,deidad
IKAJ,ximenez,25,cah,1,exact,IKAJ,
B'IX,ximenez,25,bix,1,fuzzy,B'ix,lugar
IXB'ALAMQ'E,ximenez,25,xbalanque,1,exact,IXB'ALAMQ'E,
SU',ximenez,25,xezuan,1,exact,Su',objeto
SOTZ'I_JA,ximenez,25,ha,1,exact,Sotz'i Ja,lugar
IXMUKANE,ximenez,25,ricatit,1,exact,Ixmukane,deidad
IXMUKANE,ximenez,25,catit,1,exact,Ixmukane,deidad
K'OY,ximenez,25,coy,1,exact,K'oy,animal
IXMUKANE,ximenez,25,atit,1,exact,Ixmukane,deidad
IXMUKANE,ximenez,25,ixcatit,1,exact,Ixmukane,deidad
IXB'ALAMQ'E,ximenez,25,xbalanque.,1,exact,IXB'ALAMQ'E,
SU',ximenez,25,xezuan,1,exact,Su',objeto
IXMUKANE,ximenez,25,catit,1,exact,Ixmukane,deidad
IXMUKANE,ximenez,25,atit,1,exact,Ixmukane,deidad
IXMUKANE,ximenez,25,catit,1,exact,Ixmukane,deidad
IXMUKANE,ximenez,25,atit,1,exact,Ixmukane,deidad
IXMUKANE,ximenez,25,ixcatit,1,exact,Ixmukane,deidad
IXMUKANE,ximenez,25,catit,1,exact,Ixmukane,deidad
IXMUKANE,ximenez,25,ixcatit,1,exact,Ixmukane,deidad
JUN_B'ATZ'_JUN_CHOWEN,ximenez,25,catz,1,exact,Jun B'atz' Jun Chowen,grupo de deidades
IXB'ALAMQ'E,ximenez,25,xbalanque,1,exact,IXB'ALAMQ'E,
SU',ximenez,25,ahzu,1,exact,Su',objeto
SU',ximenez,25,ahzu,1,exact,Su',objeto
IXMUKANE,ximenez,25,ratit,1,exact,Ixmukane,deidad
IXB'AQIYALO,ximenez,25,quichuch,1,exact,Ixb'aqiyalo,deidad
IXB'AQIYALO,ximenez,26,ix pu cachuch,3,exact,Ixb'aqiyalo,deidad
KA'IB'_K'AJOLAB',ximenez,26,oh qui quexel,3,exact,KA'IB'_K'AJOLAB',
CHIMALMAT,ximenez,26,qui chuch,2,exact,Chimalmat,deidad
KA'IB'_K'AJOLAB',ximenez,26,oh ivi,2,exact,KA'IB'_K'AJOLAB',
JUNAJPU,ximenez,26,hun ahpu,2,exact,Junajpu,deidad
MIXKINA,ximenez,26,mixqui na,2,exact,Mixkina,objeto
MIXKINA,ximenez,26,mi xquina,2,exact,Mixkina,objeto
MIXKINA,ximenez,26,mi xquina,2,exact,Mixkina,objeto
MIXKINA,ximenez,26,mi xquina,2,exact,Mixkina,objeto
MIXKINA,ximenez,26,mi xquina,2,exact,Mixkina,objeto
MIXKINA,ximenez,26,mi xquina,2,exact,Mixkina,objeto
JUNAJPU,ximenez,26,hun ahpu,2,exact,Junajpu,deidad
MIXKINA,ximenez,26,"mi xquina,",2,exact,Mixkina,objeto
CHIMALMAT,ximenez,26,qui chuch,2,exact,Chimalmat,deidad
JUNAJPU,ximenez,26,hun ahpu,2,exact,Junajpu,deidad
WUQUB'_JUNAJPU,ximenez,26,vvcub hunahpu,2,exact,Wuqub' Junajpu,deidad
JUNAJPU,ximenez,26,hun ahpu,2,exact,Junajpu,deidad
JUNAJPU,ximenez,26,hun ahpu,2,exact,Junajpu,deidad
IXMUKANE,ximenez,26,catit,1,exact,Ixmukane,deidad
AB'IX,ximenez,26,abix.,1,exact,AB'IX,
IXMUKANE,ximenez,26,ixcatit,1,exact,Ixmukane,deidad
JUN_B'ATZ'_JUN_CHOWEN,ximenez,26,catz,1,exact,Jun B'atz' Jun Chowen,grupo de deidades
IXB'ALAMQ'E,ximenez,26,xbalanque.,1,exact,IXB'ALAMQ'E,
WUB,ximenez,26,vvb,1,exact,Wub',objeto
K'OKA'IB_KQDOS,ximenez,26,co,1,exact,K'oka'ib (gen. 2),persona
IXMUKANE,ximenez,26,catit,1,exact,Ixmukane,deidad
WA,ximenez,26,va,1,exact,Wa,objeto
IXMUKANE,ximenez,26,ixcatit,1,exact,Ixmukane,deidad
KA'IB'_K'AJOLAB',ximenez,26,ixvi,1,exact,KA'IB'_K'AJOLAB',
IXMUKANE,ximenez,26,catit.,1,exact,Ixmukane,deidad
AB'IX,ximenez,26,abix,1,exact,AB'IX,
KA'IB'_K'AJOLAB',ximenez,26,vi,1,exact,KA'IB'_K'AJOLAB',
UK'U'X_ULEW,ximenez,26,vleu,1,exact,Uk'u'x Ulew,deidad
IKAJ,ximenez,26,icah,1,exact,IKAJ,
KA'IB'_K'AJOLAB',ximenez,26,vi,1,exact,KA'IB'_K'AJOLAB',
CHE',ximenez,26,che,1,fuzzy,Che',objeto
CHE',ximenez,26,che,1,fuzzy,Che',objeto
CHE',ximenez,26,"che,",1,fuzzy,Che',objeto
IKAJ,ximenez,26,icah,1,exact,IKAJ,
JAQAWITZ_JUYUB',ximenez,26,huyub,1,exact,JAQAWITZ_JUYUB',
JAQAWITZ_JUYUB',ximenez,26,huyub,1,exact,JAQAWITZ_JUYUB',
XMUKUR,ximenez,26,xmucur,1,exact,Xmukur,animal
IXB'ALAMQ'E,ximenez,26,xbalanque,1,exact,IXB'ALAMQ'E,
IXMUKANE,ximenez,26,catit,1,exact,Ixmukane,deidad
WA,ximenez,26,va,1,exact,Wa,objeto
MIXKINA,ximenez,26,mixquina,1,exact,Mixkina,objeto
IKAJ,ximenez,26,icah,1,exact,IKAJ,
XMUKUR,ximenez,26,xmucur.,1,exact,Xmukur,animal
WUB,ximenez,26,vvbanic,1,exact,Wub',objeto
AB'IX,ximenez,26,abixic,1,exact,AB'IX,
XMUKUR,ximenez,26,xmucur,1,exact,Xmukur,animal
IKAJ,ximenez,26,icah,1,exact,IKAJ,
KA'IB'_K'AJOLAB',ximenez,26,vi,1,exact,KA'IB'_K'AJOLAB',
UK'U'X_ULEW,ximenez,26,vleu,1,exact,Uk'u'x Ulew,deidad
KAB',ximenez,26,cab,1,exact,Kab',objeto
AB'IX,ximenez,26,abixom,1,exact,AB'IX,
IXMUKANE,ximenez,26,catit,1,exact,Ixmukane,deidad
WA,ximenez,26,quevaic,1,exact,Wa,objeto
AB'IX,ximenez,26,abixic,1,exact,AB'IX,
WA,ximenez,26,va,1,exact,Wa,objeto
IXMUKANE,ximenez,26,ixcatit,1,exact,Ixmukane,deidad
IXMUKANE,ximenez,26,catit,1,exact,Ixmukane,deidad
AB'IX,ximenez,26,cabix,1,exact,AB'IX,
CHE',ximenez,26,che,1,fuzzy,Che',objeto
KOJ,ximenez,26,coh,1,exact,Koj,animal
B'ALAM,ximenez,26,"balam,",1,exact,B'alam,animal
KEJ,ximenez,26,"queh,",1,exact,Kej,animal
UMUL,ximenez,26,"vmul,",1,exact,Umul,animal
YAK,ximenez,26,"iac,",1,exact,Yak,animal
UTIW,ximenez,26,vtiu,1,exact,Utiw,animal
AQ,ximenez,26,"ae,",1,exact,Aq,animal
SIS,ximenez,26,ziz,1,exact,Sis,animal
B'ALAM_AQ'AB',ximenez,26,acab,1,exact,B'alam Aq'ab',persona
AB'IX,ximenez,26,abixic.,1,exact,AB'IX,
CHE',ximenez,26,che,1,fuzzy,Che',objeto
B'IX,ximenez,26,bix,1,fuzzy,B'ix,lugar
IXMUKANE,ximenez,26,ixcatit,1,exact,Ixmukane,deidad
K'IM,ximenez,26,quim,1,exact,K'im,objeto
AB'IX,ximenez,26,cabix,1,exact,AB'IX,
IXMUKANE,ximenez,26,ixcatit,1,exact,Ixmukane,deidad
KA'IB'_K'AJOLAB',ximenez,26,vi,1,exact,KA'IB'_K'AJOLAB',
B'ALAM_AQ'AB',ximenez,26,acab,1,exact,B'alam Aq'ab',persona
CHE',ximenez,26,che,1,fuzzy,Che',objeto
KOJ,ximenez,26,coh,1,exact,Koj,animal
B'ALAM,ximenez,26,balam,1,exact,B'alam,animal
KEJ,ximenez,26,queh,1,exact,Kej,animal
UMUL,ximenez,26,vmul,1,exact,Umul,animal
KA'IB'_K'AJOLAB',ximenez,26,vi,1,exact,KA'IB'_K'AJOLAB',
KEJ,ximenez,26,queh,1,exact,Kej,animal
K'IKAB'_KQDIEZ,ximenez,26,quicab,1,exact,K'IKAB'_KQDIEZ,
KEJ,ximenez,26,queh,1,exact,Kej,animal
UMUL,ximenez,26,vmul,1,exact,Umul,animal
YAK,ximenez,26,yac,1,exact,Yak,animal
UTIW,ximenez,26,vtiu,1,exact,Utiw,animal
AQ,ximenez,26,aq',1,exact,Aq,animal
SIS,ximenez,26,ziz,1,exact,Sis,animal
RAJAWAL_XIB'ALB'A,ximenez,26,conohel,1,exact,Rajawal Xib'alb'a,grupo de deidades
CH'O,ximenez,26,"cho,",1,exact,Ch'o,animal
B'AQ,ximenez,26,vbac,1,exact,B'aq,objeto
KA'IB'_K'AJOLAB',ximenez,26,qaholab,1,exact,KA'IB'_K'AJOLAB',
IXB'ALAMQ'E,ximenez,26,"xbalanque,",1,exact,IXB'ALAMQ'E,
AB'IX,ximenez,26,abixic,1,exact,AB'IX,
CH'O,ximenez,26,cho,1,exact,Ch'o,animal
KA'IB'_K'AJOLAB',ximenez,26,qaholab,1,exact,KA'IB'_K'AJOLAB',
CH'O,ximenez,26,cho,1,exact,Ch'o,animal
CH'O,ximenez,26,"cho,",1,exact,Ch'o,animal
JUN_JUNAJPU,ximenez,26,icahau,1,exact,Jun Junajpu,deidad
JUNAJPU,ximenez,26,hunhunahpu,1,exact,Junajpu,deidad
XIB'ALB'A,ximenez,26,xibalba,1,exact,Xib'alb'a,lugar
B'ATE,ximenez,26,bate,1,exact,B'ate,objeto
PACHQ'AB,ximenez,26,pachcab,1,exact,PACHQ'AB,
KIK',ximenez,26,quic,1,exact,Kik',objeto
IXMUKANE,ximenez,26,ivatit,1,exact,Ixmukane,deidad
KA'IB'_K'AJOLAB',ximenez,26,vi,1,exact,KA'IB'_K'AJOLAB',
JUN_JUNAJPU,ximenez,26,icahau,1,exact,Jun Junajpu,deidad
KA'IB'_K'AJOLAB',ximenez,26,qaholab,1,exact,KA'IB'_K'AJOLAB',
CH'O,ximenez,26,cho,1,exact,Ch'o,animal
IXOQ_AJAWAB',ximenez,26,xquicot,1,exact,Ixoq ajawab',linaje
KIK',ximenez,26,quic,1,exact,Kik',objeto
CH'O,ximenez,26,cho,1,exact,Ch'o,animal
CH'O,ximenez,26,cho,1,exact,Ch'o,animal
IXIM,ximenez,26,ixim,1,exact,Ixim,objeto
SAKIL,ximenez,26,zaquil,1,exact,Sakil,objeto
IK,ximenez,26,"ic,",1,exact,Ik,objeto
PEQ,ximenez,26,"pec,",1,exact,Peq,objeto
KAKAW,ximenez,26,"cacou,",1,exact,Kakaw,objeto
IXB'ALAMQ'E,ximenez,26,xbalanque.,1,exact,IXB'ALAMQ'E,
KA'IB'_K'AJOLAB',ximenez,26,ixqaholab,1,exact,KA'IB'_K'AJOLAB',
IXMUKANE,ximenez,26,ivatit,1,exact,Ixmukane,deidad
IXMUKANE,ximenez,26,"ricatit,",1,exact,Ixmukane,deidad
SU',ximenez,26,zu,1,exact,Su',objeto
SOTZ'I_JA,ximenez,26,ha,1,exact,Sotz'i Ja,lugar
K'OKA'IB_KQDOS,ximenez,26,co,1,exact,K'oka'ib (gen. 2),persona
KA'IB'_K'AJOLAB',ximenez,26,vi,1,exact,KA'IB'_K'AJOLAB',
KA'IB'_K'AJOLAB',ximenez,26,vi,1,exact,KA'IB'_K'AJOLAB',
KA'IB'_K'AJOLAB',ximenez,26,vi,1,exact,KA'IB'_K'AJOLAB',
CH'O,ximenez,26,"cho,",1,exact,Ch'o,animal
IXB'ALAMQ'E,ximenez,26,xbalanque,1,exact,IXB'ALAMQ'E,
IXMUKANE,ximenez,27,ix catit,2,exact,Ixmukane,deidad
CHIMALMAT,ximenez,27,qui chuch,2,exact,Chimalmat,deidad
CHIMALMAT,ximenez,27,qui chuch,2,exact,Chimalmat,deidad
IXMUKANE,ximenez,27,catit,1,exact,Ixmukane,deidad
IK,ximenez,27,ic,1,exact,Ik,objeto
IXMUKANE,ximenez,27,catit,1,exact,Ixmukane,deidad
IXMUKANE,ximenez,27,catit,1,exact,Ixmukane,deidad
TAMASUL,ximenez,27,xbec,1,exact,Tamasul,animal
CH'O,ximenez,27,cho,1,exact,Ch'o,animal
IK,ximenez,27,ic,1,exact,Ik,objeto
KIK',ximenez,27,quic,1,exact,Kik',objeto
SOTZ'I_JA,ximenez,27,ha,1,exact,Sotz'i Ja,lugar
XA'N,ximenez,27,xan,1,exact,Xa'n,animal
IXMUKANE,ximenez,27,atit,1,exact,Ixmukane,deidad
SOTZ'I_JA,ximenez,27,ha,1,exact,Sotz'i Ja,lugar
KA'IB'_K'AJOLAB',ximenez,27,vi,1,exact,KA'IB'_K'AJOLAB',
IXMUKANE,ximenez,27,catit,1,exact,Ixmukane,deidad
SOTZ'I_JA,ximenez,27,ha,1,exact,Sotz'i Ja,lugar
B'ATE,ximenez,27,bate,1,exact,B'ate,objeto
PACHQ'AB,ximenez,27,pachcab,1,exact,PACHQ'AB,
JOM,ximenez,27,hom,1,exact,Jom,lugar
IXMUKANE,ximenez,27,catit,1,exact,Ixmukane,deidad
IXMUKANE,ximenez,27,catit,1,exact,Ixmukane,deidad
IXMUKANE,ximenez,27,catit.,1,exact,Ixmukane,deidad
IXMUKANE,ximenez,27,catit,1,exact,Ixmukane,deidad
KIK',ximenez,27,quic,1,exact,Kik',objeto
UTZUTZIL_JOM,ximenez,28,v zutzil hom,3,exact,Utz'utz'il jom,lugar
CHAAJ,ximenez,28,"echaa hel,",2,exact,Chaaj,objeto
RAJAWAL_XIB'ALB'A,ximenez,28,rahaual xibalba,2,exact,Rajawal Xib'alb'a,grupo de deidades
JUNAJPU,ximenez,28,hun hunahpu,2,exact,Junajpu,deidad
JUN_KAME',ximenez,28,"rihun came,",2,exact,Jun Kame',deidad
RAJAWAL_XIB'ALB'A,ximenez,28,conohel ahauab,2,exact,Rajawal Xib'alb'a,grupo de deidades
USAMAJEL_XIB'ALB'A,ximenez,28,vzamahel xibalba,2,exact,Usamajel Xib'alb'a,grupo de deidades
USAMAJEL_XIB'ALB'A,ximenez,28,vzamahel xibalba,2,exact,Usamajel Xib'alb'a,grupo de deidades
USAMAJEL_XIB'ALB'A,ximenez,28,vzamahel xibalba,2,exact,Usamajel Xib'alb'a,grupo de deidades
UK',ximenez,28,at vi,2,exact,Uk',animal
USAMAJEL_XIB'ALB'A,ximenez,28,vzamahel xibalba,2,exact,Usamajel Xib'alb'a,grupo de deidades
TAMASUL,ximenez,28,tama zul,2,exact,Tamasul,animal
TAMASUL,ximenez,28,tamazul qahol,2,exact,Tamasul,animal
JUNAJPU,ximenez,28,hun ahpu,2,exact,Junajpu,deidad
JOM,ximenez,28,pahom,1,exact,Jom,lugar
JUN_JUNAJPU,ximenez,28,quicahau,1,exact,Jun Junajpu,deidad
WUQUB'_JUNAJPU,ximenez,28,vvcubhunahpu,1,exact,Wuqub' Junajpu,deidad
WUQUB'_KAME',ximenez,28,vvcubcame,1,exact,Wuqub' Kame',deidad
USAMAJEL_XIB'ALB'A,ximenez,28,zamahel,1,exact,Usamajel Xib'alb'a,grupo de deidades
JUN_KAME'_WUQUB'_KAME,ximenez,28,ahauab,1,exact,JUN_KAME'_WUQUB'_KAME,
KOJ,ximenez,28,coh,1,exact,Koj,animal
CHAAJ,ximenez,28,chaah,1,exact,Chaaj,objeto
KA'IB'_K'AJOLAB',ximenez,28,vi,1,exact,KA'IB'_K'AJOLAB',
JUN_KAME'_WUQUB'_KAME,ximenez,28,ahauab,1,exact,JUN_KAME'_WUQUB'_KAME,
USAMAJEL_XIB'ALB'A,ximenez,28,zamahel,1,exact,Usamajel Xib'alb'a,grupo de deidades
KA'IB'_K'AJOLAB',ximenez,28,qaholab,1,exact,KA'IB'_K'AJOLAB',
USAMAJEL_XIB'ALB'A,ximenez,28,zamahel,1,exact,Usamajel Xib'alb'a,grupo de deidades
IXMUKANE,ximenez,28,catit,1,exact,Ixmukane,deidad
CHAAJ,ximenez,28,quechahic,1,exact,Chaaj,objeto
RAJAWAL_XIB'ALB'A,ximenez,28,riahauab,1,exact,Rajawal Xib'alb'a,grupo de deidades
IXMUKANE,ximenez,28,xmucane,1,exact,Ixmukane,deidad
USAMAJEL_XIB'ALB'A,ximenez,28,ixzamahel,1,exact,Usamajel Xib'alb'a,grupo de deidades
IXMUKANE,ximenez,28,"atit,",1,exact,Ixmukane,deidad
USAMAJEL_XIB'ALB'A,ximenez,28,zamahel,1,exact,Usamajel Xib'alb'a,grupo de deidades
IXMUKANE,ximenez,28,atit,1,exact,Ixmukane,deidad
KA'IB'_K'AJOLAB',ximenez,28,"vi,",1,exact,KA'IB'_K'AJOLAB',
XIB'ALB'A,ximenez,28,xibalba,1,exact,Xib'alb'a,lugar
USAMAJEL_XIB'ALB'A,ximenez,28,zamahel,1,exact,Usamajel Xib'alb'a,grupo de deidades
JUN_JUNAJPU,ximenez,28,quicahau,1,exact,Jun Junajpu,deidad
IXMUKANE,ximenez,28,catit,1,exact,Ixmukane,deidad
UK',ximenez,28,ug,1,exact,Uk',animal
KAB',ximenez,28,cab,1,exact,Kab',objeto
UK',ximenez,28,ug,1,exact,Uk',animal
KA'IB'_K'AJOLAB',ximenez,28,vi,1,exact,KA'IB'_K'AJOLAB',
JOM,ximenez,28,pahom,1,exact,Jom,lugar
TAMASUL,ximenez,28,xbec,1,exact,Tamasul,animal
USAMAJEL_XIB'ALB'A,ximenez,28,zamahel,1,exact,Usamajel Xib'alb'a,grupo de deidades
IXMUKANE,ximenez,28,ivatit,1,exact,Ixmukane,deidad
UK',ximenez,28,uq,1,exact,Uk',animal
TAMASUL,ximenez,28,xbec,1,exact,Tamasul,animal
CHIMALMAT,ximenez,28,chimalmat,1,exact,Chimalmat,deidad
TAMASUL,ximenez,28,"xbec,",1,exact,Tamasul,animal
K'AJOLOM,ximenez,28,qahol,1,exact,K'ajolom,deidad
TAMASUL,ximenez,28,tamazul,1,exact,Tamasul,animal
TAMASUL,ximenez,28,xpec,1,exact,Tamasul,animal
KA'IB'_K'AJOLAB',ximenez,28,vi,1,exact,KA'IB'_K'AJOLAB',
TAMASUL,ximenez,28,xpec,1,exact,Tamasul,animal
UK',ximenez,28,uq,1,exact,Uk',animal
KA'IB'_K'AJOLAB',ximenez,28,qaholab,1,exact,KA'IB'_K'AJOLAB',
UK',ximenez,28,uq,1,exact,Uk',animal
UK',ximenez,28,uq,1,exact,Uk',animal
TAMASUL,ximenez,28,xpec,1,exact,Tamasul,animal
WA,ximenez,28,va,1,exact,Wa,objeto
UK',ximenez,28,vq,1,exact,Uk',animal
TAMASUL,ximenez,28,xpec,1,exact,Tamasul,animal
TAMASUL,ximenez,28,xpec,1,exact,Tamasul,animal
TAMASUL,ximenez,28,xpec,1,exact,Tamasul,animal
TAMASUL,ximenez,28,xbec,1,exact,Tamasul,animal
KUMATZ,ximenez,28,cumatz,1,exact,Kumatz,animal
SAQIKAS,ximenez,28,zaquicaz,1,exact,Saqikas,animal
KA'IB'_K'AJOLAB',ximenez,28,vi,1,exact,KA'IB'_K'AJOLAB',
TAMASUL,ximenez,28,xpec,1,exact,Tamasul,animal
SAQIKAS,ximenez,28,zaquicaz?,1,exact,Saqikas,animal
JUN_WINAQ,ximenez,28,inzamahel,1,exact,jun winaq,persona
TAMASUL,ximenez,28,xpec,1,exact,Tamasul,animal
KUMATZ,ximenez,28,cumatz,1,exact,Kumatz,animal
KUMATZ,ximenez,28,cumatz,1,exact,Kumatz,animal
TAMASUL,ximenez,28,xpec.,1,exact,Tamasul,animal
TAMASUL,ximenez,28,rixpec,1,exact,Tamasul,animal
SAQIKAS,ximenez,28,"zaquicaz,",1,exact,Saqikas,animal
KUMATZ,ximenez,28,cumatz,1,exact,Kumatz,animal
TAMASUL,ximenez,28,xpec,1,exact,Tamasul,animal
KUMATZ,ximenez,28,cumatz,1,exact,Kumatz,animal
TAMASUL,ximenez,28,xbec,1,exact,Tamasul,animal
SAQIKAS,ximenez,28,ricumatz,1,exact,Saqikas,animal
WAK,ximenez,28,vac,1,exact,Wak,animal
TZ'IKIN,ximenez,28,tziquin,1,exact,Tz'ikin,animal
KUMATZ,ximenez,28,cumatz,1,exact,Kumatz,animal
WAK,ximenez,28,vac,1,exact,Wak,animal
JOM,ximenez,28,hom,1,exact,Jom,lugar
AJAW_XIK,ximenez,28,xic,1,exact,Xik,deidad
KUMATZ,ximenez,28,cumatz,1,exact,Kumatz,animal
IXB'ALAMQ'E,ximenez,28,xbalanque,1,exact,IXB'ALAMQ'E,
CHAAJ,ximenez,28,quechaahic,1,exact,Chaaj,objeto
WAK,ximenez,28,vac,1,exact,Wak,animal
WAK,ximenez,28,vac,1,exact,Wak,animal
WAK,ximenez,28,vac,1,exact,Wak,animal
K'OKA'IB_KQDOS,ximenez,28,"co,",1,exact,K'oka'ib (gen. 2),persona
WAK,ximenez,28,vac,1,exact,Wak,animal
K'OKA'IB_KQDOS,ximenez,28,co,1,exact,K'oka'ib (gen. 2),persona
WAK,ximenez,28,vac,1,exact,Wak,animal
K'OKA'IB_KQDOS,ximenez,28,co,1,exact,K'oka'ib (gen. 2),persona
WUB,ximenez,28,vvb,1,exact,Wub',objeto
LOTZ_KIK',ximenez,29,lotz quic,2,exact,Lotz kik',objeto
JUN_KAME',ximenez,29,"hun came,",2,exact,Jun Kame',deidad
WUB,ximenez,29,xquivvbah,1,exact,Wub',objeto
WAK,ximenez,29,vac,1,exact,Wak,animal
WUB,ximenez,29,vvb,1,exact,Wub',objeto
KA'IB'_K'AJOLAB',ximenez,29,vi,1,exact,KA'IB'_K'AJOLAB',
NOJ,ximenez,29,noh,1,exact,Noj,objeto
WAK,ximenez,29,vac,1,exact,Wak,animal
WAK,ximenez,29,vac,1,exact,Wak,animal
KIK',ximenez,29,quic,1,exact,Kik',objeto
CHAAJ,ximenez,29,chaah,1,exact,Chaaj,objeto
WAK,ximenez,29,vac,1,exact,Wak,animal
WAK,ximenez,29,vac,1,exact,Wak,animal
WAK,ximenez,29,vac,1,exact,Wak,animal
KUMATZ,ximenez,29,"cumatz,",1,exact,Kumatz,animal
KUMATZ,ximenez,29,cumatz,1,exact,Kumatz,animal
TAMASUL,ximenez,29,xpec,1,exact,Tamasul,animal
TAMASUL,ximenez,29,xpec,1,exact,Tamasul,animal
TAMASUL,ximenez,29,xpec,1,exact,Tamasul,animal
KA'IB'_K'AJOLAB',ximenez,29,vi,1,exact,KA'IB'_K'AJOLAB',
KA'IB'_K'AJOLAB',ximenez,29,qaholab,1,exact,KA'IB'_K'AJOLAB',
TAMASUL,ximenez,29,xpec,1,exact,Tamasul,animal
KA'IB'_K'AJOLAB',ximenez,29,qaholab,1,exact,KA'IB'_K'AJOLAB',
UK',ximenez,29,uq,1,exact,Uk',animal
TAMASUL,ximenez,29,xpec,1,exact,Tamasul,animal
KA'IB'_K'AJOLAB',ximenez,29,vi,1,exact,KA'IB'_K'AJOLAB',
KA'IB'_K'AJOLAB',ximenez,29,vi,1,exact,KA'IB'_K'AJOLAB',
TAMASUL,ximenez,29,rixpec,1,exact,Tamasul,animal
KUMATZ,ximenez,29,cumatz,1,exact,Kumatz,animal
UK',ximenez,29,uq,1,exact,Uk',animal
IXMUKANE,ximenez,29,ivatit,1,exact,Ixmukane,deidad
KA'IB'_K'AJOLAB',ximenez,29,ixqaholab,1,exact,KA'IB'_K'AJOLAB',
XIB'ALB'A,ximenez,29,xibalba,1,exact,Xib'alb'a,lugar
USAMAJEL_XIB'ALB'A,ximenez,29,vzamahel,1,exact,Usamajel Xib'alb'a,grupo de deidades
WUQUB'_KAME',ximenez,29,vvcubcame,1,exact,Wuqub' Kame',deidad
KIK',ximenez,29,quic,1,exact,Kik',objeto
B'ATE,ximenez,29,bate,1,exact,B'ate,objeto
PACHQ'AB,ximenez,29,"pachcab,",1,exact,PACHQ'AB,
JUN_KAME'_WUQUB'_KAME,ximenez,29,ahauab,1,exact,JUN_KAME'_WUQUB'_KAME,
IXMUKANE,ximenez,29,ivatit,1,exact,Ixmukane,deidad
IXMUKANE,ximenez,29,ivatit,1,exact,Ixmukane,deidad
IXMUKANE,ximenez,29,ivatit,1,exact,Ixmukane,deidad
KA'IB'_K'AJOLAB',ximenez,29,qaholab,1,exact,KA'IB'_K'AJOLAB',
IXMUKANE,ximenez,29,catit,1,exact,Ixmukane,deidad
IXMUKANE,ximenez,29,catit,1,exact,Ixmukane,deidad
Q'EQA_B'E,ximenez,30,que ca be,3,exact,Q'eqa b'e,topónimo
KAQA_B'E,ximenez,30,"ca ca be,",3,exact,Kaqa b'e (camino rojo),lugar
Q'EQA_B'E,ximenez,30,que ca be,3,exact,Q'eqa b'e,topónimo
CH'AMIYA_JOLOM,ximenez,30,qha mia holom,3,exact,Ch'amiya Jolom,deidad
KIK'_RIXK'AQ,ximenez,30,quic ri xcac,3,exact,Kik' Rixk'aq,deidad
AJAL_PUJ,ximenez,30,"a hal puh,",3,exact,Ajal Puj,deidad
KIK'_RIXK'AQ,ximenez,30,vquic xic rixcac.,3,exact,Kik' Rixk'aq,deidad
XB'ALAMQ'E,ximenez,30,xba lan que,3,exact,Xb'alamq'e,deidad
IXKIK',ximenez,30,ca chuch,2,exact,Ixkik',deidad
JUNAJPU,ximenez,30,"hun nahpu,",2,exact,Junajpu,deidad
Q'EQA_B'E,ximenez,30,be xibalba,2,exact,Q'eqa b'e,topónimo
SAQI_B'E,ximenez,30,"zaqui be,",2,exact,Saqi b'e,topónimo
RAXA_B'E,ximenez,30,raxa be,2,exact,Raxa b'e,topónimo
JUN_KAME',ximenez,30,hun came,2,exact,Jun Kame',deidad
JUN_KAME',ximenez,30,hun came,2,exact,Jun Kame',deidad
WUQUB'_KAME',ximenez,30,vcah culel.,2,exact,Wuqub' Kame',deidad
WUQUB'_KAME',ximenez,30,vvcub came,2,exact,Wuqub' Kame',deidad
XIKIRIPAT,ximenez,30,roo culel.,2,exact,Xikiripat,deidad
WUQUB'_KAME',ximenez,30,vvcub came,2,exact,Wuqub' Kame',deidad
KUCHUMA_KIK',ximenez,30,vvacac culel,2,exact,Kuchuma Kik',deidad
AJAL_PUJ,ximenez,30,vvc culel,2,exact,Ajal Puj,deidad
AJAL_PUJ,ximenez,30,ahal puh,2,exact,Ajal Puj,deidad
AJAL_Q'ANA,ximenez,30,vahxac culel,2,exact,Ajal Q'ana,deidad
CH'AMIYA_BAQ,ximenez,30,vbeleh culel,2,exact,CH'AMIYA_BAQ,
CH'AMIYA_JOLOM,ximenez,30,vlahuh cubulel,2,exact,Ch'amiya Jolom,deidad
CH'AMIYA_BAQ,ximenez,30,chamia baca,2,exact,CH'AMIYA_BAQ,
XIK,ximenez,30,vhulah culel,2,exact,Xik,animal
PATAN,ximenez,30,vcablahuh culel,2,exact,Patan,deidad
KIK'_RE,ximenez,30,roxlahuh culel,2,exact,Kik' Re,deidad
KIK'_RE,ximenez,30,quic xic,2,exact,Kik' Re,deidad
KIK'_RE,ximenez,30,quic re,2,exact,Kik' Re,deidad
JUNAJPU,ximenez,30,hun ahpu,2,exact,Junajpu,deidad
JUNAJPU,ximenez,30,hun ahpu,2,exact,Junajpu,deidad
JUN_KAME',ximenez,30,"hun came,",2,exact,Jun Kame',deidad
WUQUB'_KAME',ximenez,30,"vvcub came,",2,exact,Wuqub' Kame',deidad
CH'AMIYA_BAQ,ximenez,30,"chamia baca,",2,exact,CH'AMIYA_BAQ,
CH'AMIYA_JOLOM,ximenez,30,"chamia holom,",2,exact,Ch'amiya Jolom,deidad
KIK'_RE,ximenez,30,"quic re,",2,exact,Kik' Re,deidad
JUNAJPU,ximenez,30,hun ahpu,2,exact,Junajpu,deidad
Q'EQUMA_JA,ximenez,30,que eumaha,2,exact,Q'equma Ja,lugar
Q'EQUMA_JA,ximenez,30,que eumaha,2,exact,Q'equma Ja,lugar
JUN_KAME',ximenez,30,"hun came,",2,exact,Jun Kame',deidad
RAJAWAL_XIB'ALB'A,ximenez,30,conohel ahauab,2,exact,Rajawal Xib'alb'a,grupo de deidades
KA'IB'_K'AJOLAB',ximenez,30,ix qaholab,2,exact,KA'IB'_K'AJOLAB',
JUN_KAME',ximenez,30,"hun came,",2,exact,Jun Kame',deidad
WUQUB'_KAME',ximenez,30,vvcub came,2,exact,Wuqub' Kame',deidad
JUNAJPU,ximenez,30,hun ahpu,2,exact,Junajpu,deidad
JUNAJPU,ximenez,30,hun ahpu,2,exact,Junajpu,deidad
JUNAJPU,ximenez,30,hun ahpu,2,exact,Junajpu,deidad
JUN_KAME',ximenez,30,"hun came,",2,exact,Jun Kame',deidad
WUQUB'_KAME',ximenez,30,vvcub came,2,exact,Wuqub' Kame',deidad
PUJUYU',ximenez,30,"pu huyu,",2,exact,Pujuyu',deidad
KA'IB'_K'AJOLAB',ximenez,30,e caib,2,exact,KA'IB'_K'AJOLAB',
JUN_KAME',ximenez,30,hun came,2,exact,Jun Kame',deidad
WUQUB'_KAME',ximenez,30,vvcub came,2,exact,Wuqub' Kame',deidad
RAJAWAL_XIB'ALB'A,ximenez,30,aha vab,2,exact,Rajawal Xib'alb'a,grupo de deidades
JUN_KAME'_WUQUB'_KAME,ximenez,30,at ahau,2,exact,JUN_KAME'_WUQUB'_KAME,
JUN_KAME',ximenez,30,hun came,2,exact,Jun Kame',deidad
WUQUB'_KAME',ximenez,30,vvcub came,2,exact,Wuqub' Kame',deidad
IXMUKANE,ximenez,30,ixcatit,1,exact,Ixmukane,deidad
KA'IB'_K'AJOLAB',ximenez,30,vi,1,exact,KA'IB'_K'AJOLAB',
IXMUKANE,ximenez,30,ixcatit,1,exact,Ixmukane,deidad
IXB'ALAMQ'E,ximenez,30,xbalanque,1,exact,IXB'ALAMQ'E,
KA'IB'_K'AJOLAB',ximenez,30,vi,1,exact,KA'IB'_K'AJOLAB',
JAQAWITZ_JUYUB',ximenez,30,huyub,1,exact,JAQAWITZ_JUYUB',
UK'U'X_ULEW,ximenez,30,vleu,1,exact,Uk'u'x Ulew,deidad
UK'U'X_ULEW,ximenez,30,vleu,1,exact,Uk'u'x Ulew,deidad
KA'IB'_K'AJOLAB',ximenez,30,vi,1,exact,KA'IB'_K'AJOLAB',
WUB,ximenez,30,vvb,1,exact,Wub',objeto
XIB'ALB'A,ximenez,30,xibalba,1,exact,Xib'alb'a,lugar
JAL,ximenez,30,hal,1,exact,Jal,objeto
SOTZ'I_JA,ximenez,30,ha,1,exact,Sotz'i Ja,lugar
KA'IB'_K'AJOLAB',ximenez,30,vi,1,exact,KA'IB'_K'AJOLAB',
MOLAY,ximenez,30,molai,1,exact,Molay,animal
PUJ_YA',ximenez,30,puhia,1,exact,Puj Ya',lugar
KIK'_YA',ximenez,30,quiquia,1,exact,KIK'_YA',
XIB'ALB'A,ximenez,30,xibalba,1,exact,Xib'alb'a,lugar
KA'IB'_K'AJOLAB',ximenez,30,vi,1,exact,KA'IB'_K'AJOLAB',
KA'IB'_K'AJOLAB',ximenez,30,vi,1,exact,KA'IB'_K'AJOLAB',
KA'IB'_K'AJOLAB',ximenez,30,vi,1,exact,KA'IB'_K'AJOLAB',
XA'N,ximenez,30,xan,1,exact,Xa'n,animal
RAJAWAL_XIB'ALB'A,ximenez,30,conohel,1,exact,Rajawal Xib'alb'a,grupo de deidades
KA'IB'_K'AJOLAB',ximenez,30,vi,1,exact,KA'IB'_K'AJOLAB',
KIK',ximenez,30,vquiquel,1,exact,Kik',objeto
XA'N,ximenez,30,xan,1,exact,Xa'n,animal
XA'N,ximenez,30,xan,1,exact,Xa'n,animal
JUN_KAME',ximenez,30,huncame,1,exact,Jun Kame',deidad
XIKIRIPAT,ximenez,30,"xiquiripat,",1,exact,Xikiripat,deidad
KUCHUMA_KIK',ximenez,30,cuchumaquic,1,exact,Kuchuma Kik',deidad
XIKIRIPAT,ximenez,30,xiquiripat,1,exact,Xikiripat,deidad
KUCHUMA_KIK',ximenez,30,cuchumaquic,1,exact,Kuchuma Kik',deidad
AJAL_Q'ANA,ximenez,30,ahalcana,1,exact,Ajal Q'ana,deidad
AJAL_PUJ,ximenez,30,ahalpuh,1,exact,Ajal Puj,deidad
CH'AMIYA_BAQ,ximenez,30,chamiabaca,1,exact,CH'AMIYA_BAQ,
AJAL_Q'ANA,ximenez,30,ahalcana,1,exact,Ajal Q'ana,deidad
CH'AMIYA_JOLOM,ximenez,30,chamiaholom,1,exact,Ch'amiya Jolom,deidad
PATAN,ximenez,30,patan,1,exact,Patan,deidad
RAJAWAL_XIB'ALB'A,ximenez,30,conohel,1,exact,Rajawal Xib'alb'a,grupo de deidades
RAJAWAL_XIB'ALB'A,ximenez,30,conohel,1,exact,Rajawal Xib'alb'a,grupo de deidades
XA'N,ximenez,30,xan,1,exact,Xa'n,animal
RAJAWAL_XIB'ALB'A,ximenez,30,conohel,1,exact,Rajawal Xib'alb'a,grupo de deidades
IXB'ALAMQ'E,ximenez,30,xbalanque.,1,exact,IXB'ALAMQ'E,
XIB'ALB'A,ximenez,30,xibalba,1,exact,Xib'alb'a,lugar
AWILIX,ximenez,30,ahau,1,exact,Awilix,deidad
AWILIX,ximenez,30,ahau,1,exact,Awilix,deidad
XIKIRI_PAT,ximenez,30,xiquiritap,1,exact,XIKIRI_PAT,
KUCHUMA_KIK',ximenez,30,cuchumaquic.,1,exact,Kuchuma Kik',deidad
AJAL_Q'ANA,ximenez,30,"ahalcana,",1,exact,Ajal Q'ana,deidad
AJAW_XIK,ximenez,30,"xic,",1,exact,Xik,deidad
PATAN,ximenez,30,"patan,",1,exact,Patan,deidad
TIJOB'AL_JA,ximenez,30,vtihobal,1,exact,Tijob'al Ja,lugar
XIB'ALB'A,ximenez,30,xibalba,1,exact,Xib'alb'a,lugar
KA'IB'_K'AJOLAB',ximenez,30,vi,1,exact,KA'IB'_K'AJOLAB',
XIB'ALB'A,ximenez,30,xibalba,1,exact,Xib'alb'a,lugar
USAMAJEL_XIB'ALB'A,ximenez,30,vzamahel,1,exact,Usamajel Xib'alb'a,grupo de deidades
AWILIX,ximenez,30,ahau,1,exact,Awilix,deidad
CHAAJ,ximenez,30,chah,1,exact,Chaaj,objeto
AWILIX,ximenez,30,ahau,1,exact,Awilix,deidad
USAMAJEL_XIB'ALB'A,ximenez,30,zamahel,1,exact,Usamajel Xib'alb'a,grupo de deidades
CHAAJ,ximenez,30,chah,1,exact,Chaaj,objeto
CHAAJ,ximenez,30,chah,1,exact,Chaaj,objeto
JUN_KAME'_WUQUB'_KAME,ximenez,30,ahauab,1,exact,JUN_KAME'_WUQUB'_KAME,
KA'IB'_K'AJOLAB',ximenez,30,ixqaholab,1,exact,KA'IB'_K'AJOLAB',
XIB'ALB'A,ximenez,30,xibalba,1,exact,Xib'alb'a,lugar
KA'IB'_K'AJOLAB',ximenez,30,ixqaholab,1,exact,KA'IB'_K'AJOLAB',
XIB'ALB'A,ximenez,30,xibalba,1,exact,Xib'alb'a,lugar
WA,ximenez,30,va,1,exact,Wa,objeto
XIB'ALB'A,ximenez,30,xibalba,1,exact,Xib'alb'a,lugar
KOJ,ximenez,30,coh,1,exact,Koj,animal
WA,ximenez,30,va,1,exact,Wa,objeto
KA'IB'_K'AJOLAB',ximenez,30,qaholab.,1,exact,KA'IB'_K'AJOLAB',
WA,ximenez,30,va,1,exact,Wa,objeto
XIB'ALB'A,ximenez,30,xibalba.,1,exact,Xib'alb'a,lugar
KA'IB'_K'AJOLAB',ximenez,30,qaholab,1,exact,KA'IB'_K'AJOLAB',
XIB'ALB'A,ximenez,30,"xibalba,",1,exact,Xib'alb'a,lugar
JOLOM,ximenez,30,holom,1,exact,Jolom,objeto
XIB'ALB'A,ximenez,30,xibalba,1,exact,Xib'alb'a,lugar
B'ATE,ximenez,30,vbate,1,exact,B'ate,objeto
XIB'ALB'A,ximenez,30,xibalba,1,exact,Xib'alb'a,lugar
CHAAJ,ximenez,30,chaa.,1,exact,Chaaj,objeto
IXB'ALAMQ'E,ximenez,30,xbalanque,1,exact,IXB'ALAMQ'E,
KA'IB'_K'AJOLAB',ximenez,30,qaholab,1,exact,KA'IB'_K'AJOLAB',
KA'IB'_K'AJOLAB',ximenez,30,qaholab,1,exact,KA'IB'_K'AJOLAB',
XIB'ALB'A,ximenez,30,xibalba,1,exact,Xib'alb'a,lugar
KA'IB'_K'AJOLAB',ximenez,30,qaholab,1,exact,KA'IB'_K'AJOLAB',
KA'IB'_K'AJOLAB',ximenez,30,ixqaholab,1,exact,KA'IB'_K'AJOLAB',
KA'IB'_K'AJOLAB',ximenez,30,qaholab,1,exact,KA'IB'_K'AJOLAB',
KIK',ximenez,30,quic,1,exact,Kik',objeto
XIB'ALB'A,ximenez,30,xibalba,1,exact,Xib'alb'a,lugar
KA'IB'_K'AJOLAB',ximenez,30,qaholab,1,exact,KA'IB'_K'AJOLAB',
XIB'ALB'A,ximenez,30,xibalba,1,exact,Xib'alb'a,lugar
KA'IB'_K'AJOLAB',ximenez,30,qaholab,1,exact,KA'IB'_K'AJOLAB',
XIB'ALB'A,ximenez,30,xïbalba,1,fuzzy,Xib'alb'a,lugar
KOTZ'I'J,ximenez,30,muchit,1,exact,Kotz'i'j,objeto
KOTZ'I'J,ximenez,30,muchit.,1,exact,Kotz'i'j,objeto
NIM_AQ,ximenez,30,nimac,1,exact,Nim Aq,deidad
XIB'ALB'A,ximenez,30,xibalba.,1,exact,Xib'alb'a,lugar
KA'IB'_K'AJOLAB',ximenez,30,qaholab,1,exact,KA'IB'_K'AJOLAB',
AJ,ximenez,30,ah,1,exact,Aj,objeto
KA'IB'_K'AJOLAB',ximenez,30,"qaholab,",1,exact,KA'IB'_K'AJOLAB',
KA'IB'_K'AJOLAB',ximenez,30,qaholab.,1,exact,KA'IB'_K'AJOLAB',
XIB'ALB'A,ximenez,30,xibalba,1,exact,Xib'alb'a,lugar
K'OKA'IB_KQDOS,ximenez,30,co,1,exact,K'oka'ib (gen. 2),persona
XIB'ALB'A,ximenez,30,xibalba,1,exact,Xib'alb'a,lugar
B'ALAM_AQ'AB',ximenez,30,acab,1,exact,B'alam Aq'ab',persona
KA'IB'_K'AJOLAB',ximenez,30,qaholab,1,exact,KA'IB'_K'AJOLAB',
JUNAJPU,ximenez,30,hunahpu,1,exact,Junajpu,deidad
IXB'ALAMQ'E,ximenez,30,xbalanque,1,exact,IXB'ALAMQ'E,
XIB'ALB'A,ximenez,30,xibalba,1,exact,Xib'alb'a,lugar
KA'IB'_K'AJOLAB',ximenez,30,qaholab,1,exact,KA'IB'_K'AJOLAB',
SOTZ'I_JA,ximenez,30,ha,1,exact,Sotz'i Ja,lugar
XIB'ALB'A,ximenez,30,xibalba,1,exact,Xib'alb'a,lugar
IKAJ,ximenez,30,cah,1,exact,IKAJ,
SOTZ'I_JA,ximenez,30,ha,1,exact,Sotz'i Ja,lugar
SANIK,ximenez,30,zanic.,1,exact,Sanik,animal
SANIK,ximenez,30,zanic,1,exact,Sanik,animal
CHE',ximenez,30,che,1,fuzzy,Che',objeto
KOTZ'I'J,ximenez,30,cotzih,1,exact,Kotz'i'j,objeto
JUN_KAME'_WUQUB'_KAME,ximenez,30,ahauab,1,exact,JUN_KAME'_WUQUB'_KAME,
SANIK,ximenez,30,zanic,1,exact,Sanik,animal
RAJAWAL_XIB'ALB'A,ximenez,30,conohel,1,exact,Rajawal Xib'alb'a,grupo de deidades
KOTZ'I'J,ximenez,30,cotzih,1,exact,Kotz'i'j,objeto
KOTZ'I'J,ximenez,30,cotzih,1,exact,Kotz'i'j,objeto
XIB'ALB'A,ximenez,30,xibalba,1,exact,Xib'alb'a,lugar
KOTZ'I'J,ximenez,30,cotzih,1,exact,Kotz'i'j,objeto
KA'IB'_K'AJOLAB',ximenez,30,qaholab,1,exact,KA'IB'_K'AJOLAB',
KAB',ximenez,30,cab,1,exact,Kab',objeto
CHE',ximenez,30,che,1,fuzzy,Che',objeto
XPURPUWEQ,ximenez,30,"xpurpuvec,",1,exact,Xpurpuweq,deidad
PUJUYU',ximenez,30,puhuyu,1,exact,Pujuyu',deidad
PUJUYU',ximenez,30,puhuyu,1,exact,Pujuyu',deidad
SANIK,ximenez,30,zanic,1,exact,Sanik,animal
KOTZ'I'J,ximenez,30,cotzih,1,exact,Kotz'i'j,objeto
KOTZ'I'J,ximenez,30,cotzih,1,exact,Kotz'i'j,objeto
USAMAJEL_XIB'ALB'A,ximenez,30,zamahel,1,exact,Usamajel Xib'alb'a,grupo de deidades
AWILIX,ximenez,30,ahau,1,exact,Awilix,deidad
KA'IB'_K'AJOLAB',ximenez,30,qaholab.,1,exact,KA'IB'_K'AJOLAB',
KOTZ'I'J,ximenez,30,cotzih,1,exact,Kotz'i'j,objeto
AWILIX,ximenez,30,ahau,1,exact,Awilix,deidad
KOTZ'I'J,ximenez,30,cotzih,1,exact,Kotz'i'j,objeto
KA'IB'_K'AJOLAB',ximenez,30,vi,1,exact,KA'IB'_K'AJOLAB',
XIB'ALB'A,ximenez,30,"xibalba,",1,exact,Xib'alb'a,lugar
SANIK,ximenez,30,zanic,1,exact,Sanik,animal
KA'IB'_K'AJOLAB',ximenez,30,qaholab,1,exact,KA'IB'_K'AJOLAB',
SANIK,ximenez,30,zanic,1,exact,Sanik,animal
XIB'ALB'A,ximenez,30,xibalba,1,exact,Xib'alb'a,lugar
KOTZ'I'J,ximenez,30,cotzih,1,exact,Kotz'i'j,objeto
KOTZ'I'J,ximenez,30,cotzih,1,exact,Kotz'i'j,objeto
JUNAJPU,ximenez,30,huhahpu,1,exact,Junajpu,deidad
IXB'ALAMQ'E,ximenez,30,xbalanque,1,exact,IXB'ALAMQ'E,
XPURPUWEQ,ximenez,30,purpuec,1,exact,Xpurpuweq,deidad
WAK,ximenez,30,vac,1,exact,Wak,animal
CHAAJ,ximenez,30,xcahchaah,1,exact,Chaaj,objeto
CHAAJ,ximenez,30,chaahic,1,exact,Chaaj,objeto
CHAAJ,ximenez,30,chaah,1,exact,Chaaj,objeto
KA'IB'_K'AJOLAB',ximenez,30,qaholab,1,exact,KA'IB'_K'AJOLAB',
RAJAWAL_XIB'ALB'A,ximenez,31,rahaual xibalba,2,exact,Rajawal Xib'alb'a,grupo de deidades
IXB'ALAMQ'E,ximenez,31,xbalan que,2,exact,IXB'ALAMQ'E,
SOTZ'I_JA,ximenez,31,ha,1,exact,Sotz'i Ja,lugar
SOTZ'I_JA,ximenez,31,ha,1,exact,Sotz'i Ja,lugar
KA'IB'_K'AJOLAB',ximenez,31,qaholab,1,exact,KA'IB'_K'AJOLAB',
XIB'ALB'A,ximenez,31,xibalba,1,exact,Xib'alb'a,lugar
KA'IB'_K'AJOLAB',ximenez,31,vi,1,exact,KA'IB'_K'AJOLAB',
KA'IB'_K'AJOLAB',ximenez,31,qaholab,1,exact,KA'IB'_K'AJOLAB',
JUNAJPU,ximenez,31,huhahpu,1,exact,Junajpu,deidad
B'ALAM_JA,ximenez,32,pabala mi ha,3,exact,B'ALAM_JA,
B'ALAM_JA,ximenez,32,balam rochoch,2,exact,B'ALAM_JA,
B'ALAM,ximenez,32,balam,1,exact,B'alam,animal
RAJAWAL_XIB'ALB'A,ximenez,32,conohel,1,exact,Rajawal Xib'alb'a,grupo de deidades
SOTZ'I_JA,ximenez,32,ha,1,exact,Sotz'i Ja,lugar
KA'IB'_K'AJOLAB',ximenez,32,vi,1,exact,KA'IB'_K'AJOLAB',
XIB'ALB'A,ximenez,32,xibalba,1,exact,Xib'alb'a,lugar
RAJAWAL_XIB'ALB'A,ximenez,32,conohel,1,exact,Rajawal Xib'alb'a,grupo de deidades
JA_CHI_Q'AQ'',ximenez,33,"ha chiq'aq',",2,exact,JA_CHI_Q'AQ'',
KA'IB'_K'AJOLAB',ximenez,33,vi,1,exact,KA'IB'_K'AJOLAB',
KA'IB'_K'AJOLAB',ximenez,33,vi,1,exact,KA'IB'_K'AJOLAB',
XIB'ALB'A,ximenez,33,xibalba,1,exact,Xib'alb'a,lugar
SOTZ'I_JA,ximenez,34,zotzin ha,2,exact,Sotz'i Ja,lugar
B'ALAM_JA,ximenez,34,pa ha,2,exact,B'ALAM_JA,
SOTZ,ximenez,34,cama zotz,2,exact,Sotz,animal
JUNAJPU,ximenez,34,hun ahpu,2,exact,Junajpu,deidad
JUN_KAME',ximenez,34,hun came,2,exact,Jun Kame',deidad
WUQUB'_KAME',ximenez,34,vvcub came,2,exact,Wuqub' Kame',deidad
JUNAJPU,ximenez,34,hun ahpu,2,exact,Junajpu,deidad
IXB'ALAMQ'E,ximenez,34,xbalan que,2,exact,IXB'ALAMQ'E,
JUNAJPU,ximenez,34,v holom,2,exact,Junajpu,deidad
K'EL,ximenez,34,quel,1,exact,K'el,animal
SOTZ,ximenez,34,zotz,1,exact,Sotz,animal
SOTZ'I_JA,ximenez,34,ha,1,exact,Sotz'i Ja,lugar
SOTZ,ximenez,34,camazotz,1,exact,Sotz,animal
NIM_AQ,ximenez,34,nimac,1,exact,Nim Aq,deidad
WUB,ximenez,34,vvb,1,exact,Wub',objeto
KA'IB'_K'AJOLAB',ximenez,34,vi,1,exact,KA'IB'_K'AJOLAB',
KA'IB'_K'AJOLAB',ximenez,34,vi,1,exact,KA'IB'_K'AJOLAB',
KA'IB'_K'AJOLAB',ximenez,34,vi,1,exact,KA'IB'_K'AJOLAB',
KA'IB'_K'AJOLAB',ximenez,34,vi,1,exact,KA'IB'_K'AJOLAB',
SOTZ,ximenez,34,zotz,1,exact,Sotz,animal
WUB,ximenez,34,vvb,1,exact,Wub',objeto
KA'IB'_K'AJOLAB',ximenez,34,vi,1,exact,KA'IB'_K'AJOLAB',
B'ALAM_AQ'AB',ximenez,34,acab,1,exact,B'alam Aq'ab',persona
SOTZ,ximenez,34,zotz,1,exact,Sotz,animal
SOTZ,ximenez,34,zotz,1,exact,Sotz,animal
WUB,ximenez,34,vvb.,1,exact,Wub',objeto
IXB'ALAMQ'E,ximenez,34,xbalanque,1,exact,IXB'ALAMQ'E,
JUNAJPU,ximenez,34,hunahpu,1,exact,Junajpu,deidad
WUB,ximenez,34,vvb,1,exact,Wub',objeto
JUNAJPU,ximenez,34,vholom,1,exact,Junajpu,deidad
IXB'ALAMQ'E,ximenez,34,xbalanque,1,exact,IXB'ALAMQ'E,
TAMASUL,ximenez,34,xbec,1,exact,Tamasul,animal
JUNAJPU,ximenez,34,hunahpu,1,exact,Junajpu,deidad
IXB'ALAMQ'E,ximenez,34,xbalanque,1,exact,IXB'ALAMQ'E,
KA'IB'_K'AJOLAB',ximenez,34,vi,1,exact,KA'IB'_K'AJOLAB',
JUNAJPU,ximenez,34,vholom,1,exact,Junajpu,deidad
JOM,ximenez,34,hom,1,exact,Jom,lugar
XIB'ALB'A,ximenez,34,xibalba,1,exact,Xib'alb'a,lugar
RAJAWAL_XIB'ALB'A,ximenez,34,conohel,1,exact,Rajawal Xib'alb'a,grupo de deidades
JUNAJPU,ximenez,34,vholom,1,exact,Junajpu,deidad
SIS,ximenez,34,"ziz,",1,exact,Sis,animal
AQ,ximenez,34,aq'.,1,exact,Aq,animal
KA'IB'_K'AJOLAB',ximenez,34,vi,1,exact,KA'IB'_K'AJOLAB',
RAJAWAL_XIB'ALB'A,ximenez,34,conohel,1,exact,Rajawal Xib'alb'a,grupo de deidades
Q'OQ,ximenez,34,coc,1,exact,Q'OQ,
JUNAJPU,ximenez,34,vholom,1,exact,Junajpu,deidad
JUNAJPU,ximenez,34,hunahpu,1,exact,Junajpu,deidad
WAK,ximenez,34,vac,1,exact,Wak,animal
JUN_RAQAN,ximenez,34,huracan,1,exact,Jun Raqan,deidad
SOTZ'I_JA,ximenez,34,zotziha,1,exact,Sotz'i Ja,lugar
IKAJ,ximenez,34,cah,1,exact,IKAJ,
XPIYAKOK,ximenez,34,ama,1,exact,Xpiyakok,deidad
WUCH',ximenez,34,vuch,1,exact,Wuch',animal
SAQI_NIM_AQ_SIS,ximenez,34,mama,1,exact,Saqi Nim Aq Sis,deidad
SAQI_NIM_AQ_SIS,ximenez,34,mama.,1,exact,Saqi Nim Aq Sis,deidad
WAK,ximenez,34,vac,1,exact,Wak,animal
JUNAJPU,ximenez,34,hunahpu,1,exact,Junajpu,deidad
JUNAJPU,ximenez,34,vholom,1,exact,Junajpu,deidad
IXB'ALAMQ'E,ximenez,34,xbalanque,1,exact,IXB'ALAMQ'E,
UMUL,ximenez,34,vmul,1,exact,Umul,animal
KA'IB'_K'AJOLAB',ximenez,34,vi,1,exact,KA'IB'_K'AJOLAB',
UMUL,ximenez,34,vmul,1,exact,Umul,animal
IXB'ALAMQ'E,ximenez,34,xbalanque,1,exact,IXB'ALAMQ'E,
KIK',ximenez,34,quic,1,exact,Kik',objeto
UMUL,ximenez,34,vmul,1,exact,Umul,animal
JUNAJPU,ximenez,35,hun ahpu,2,exact,Junajpu,deidad
JUNAJPU,ximenez,35,hun ahpu,2,exact,Junajpu,deidad
RAJAWAL_XIB'ALB'A,ximenez,35,rahaual xibalba,2,exact,Rajawal Xib'alb'a,grupo de deidades
RAJAWAL_XIB'ALB'A,ximenez,35,conohel xibalba,2,exact,Rajawal Xib'alb'a,grupo de deidades
JUNAJPU,ximenez,35,hun ahpu.,2,exact,Junajpu,deidad
JOM,ximenez,35,pa hom,2,exact,Jom,lugar
RAJAWAL_XIB'ALB'A,ximenez,35,rahal xibalba,2,exact,Rajawal Xib'alb'a,grupo de deidades
JUNAJPU,ximenez,35,hun ahpu,2,exact,Junajpu,deidad
CHAAJ,ximenez,35,quichaah,1,exact,Chaaj,objeto
JUNAJPU,ximenez,35,vholom,1,exact,Junajpu,deidad
JOM,ximenez,35,hom.,1,exact,Jom,lugar
KA'IB'_K'AJOLAB',ximenez,35,vi,1,exact,KA'IB'_K'AJOLAB',
JOLOM,ximenez,35,holom,1,exact,Jolom,objeto
KIK',ximenez,35,quic,1,exact,Kik',objeto
KIK',ximenez,35,quic,1,exact,Kik',objeto
IXB'ALAMQ'E,ximenez,35,xbalanque,1,exact,IXB'ALAMQ'E,
KIK',ximenez,35,quic,1,exact,Kik',objeto
B'ATE,ximenez,35,bate,1,exact,B'ate,objeto
KIK',ximenez,35,quic,1,exact,Kik',objeto
KA'IB'_K'AJOLAB',ximenez,35,vi,1,exact,KA'IB'_K'AJOLAB',
UMUL,ximenez,35,vmul,1,exact,Umul,animal
TAMASUL,ximenez,35,xbec,1,exact,Tamasul,animal
XIB'ALB'A,ximenez,35,xibalba,1,exact,Xib'alb'a,lugar
UMUL,ximenez,35,vmul,1,exact,Umul,animal
JUNAJPU,ximenez,35,vholom,1,exact,Junajpu,deidad
Q'OQ,ximenez,35,vcoc,1,exact,Q'OQ,
IXB'ALAMQ'E,ximenez,35,xbalanque,1,exact,IXB'ALAMQ'E,
Q'OQ,ximenez,35,coc,1,exact,Q'OQ,
JOM,ximenez,35,hom,1,exact,Jom,lugar
JOLOM,ximenez,35,holom,1,exact,Jolom,objeto
JUNAJPU,ximenez,35,vholom,1,exact,Junajpu,deidad
JUNAJPU,ximenez,35,hunahpu,1,exact,Junajpu,deidad
KIK',ximenez,35,quic,1,exact,Kik',objeto
KIK',ximenez,35,quic,1,exact,Kik',objeto
KIK',ximenez,35,quic,1,exact,Kik',objeto
XIB'ALB'A,ximenez,35,xibalba,1,exact,Xib'alb'a,lugar
CHAAJ,ximenez,35,chaahic.,1,exact,Chaaj,objeto
CHAAJ,ximenez,35,chaahic,1,exact,Chaaj,objeto
Q'OQ,ximenez,35,coc,1,exact,Q'OQ,
IXB'ALAMQ'E,ximenez,35,xbalanque,1,exact,IXB'ALAMQ'E,
Q'OQ,ximenez,35,coc,1,exact,Q'OQ,
SAKIL,ximenez,35,vzaquilal,1,exact,Sakil,objeto
KA'IB'_K'AJOLAB',ximenez,35,vi,1,exact,KA'IB'_K'AJOLAB',
XIB'ALB'A,ximenez,35,xibalba.,1,exact,Xib'alb'a,lugar
IXB'ALAMQ'E,ximenez,35,xbalanque,1,exact,IXB'ALAMQ'E,
KA'IB'_K'AJOLAB',ximenez,35,vi,1,exact,KA'IB'_K'AJOLAB',
JUNAJPU,ximenez,36,hun ahpu,2,exact,Junajpu,deidad
RAJAWAL_XIB'ALB'A,ximenez,36,rahaual xibalba,2,exact,Rajawal Xib'alb'a,grupo de deidades
RAJAWAL_XIB'ALB'A,ximenez,36,ronohel xibalba,2,exact,Rajawal Xib'alb'a,grupo de deidades
JUN_KAME',ximenez,36,hun came,2,exact,Jun Kame',deidad
WUQUB'_KAME',ximenez,36,vvcub came,2,exact,Wuqub' Kame',deidad
JUN_KAME',ximenez,36,hun came.,2,exact,Jun Kame',deidad
K'IKAB'_KQSIETE,ximenez,36,qui cab,2,exact,K'IKAB'_KQSIETE,
RAJAWAL_XIB'ALB'A,ximenez,36,ronohel xibalba.,2,exact,Rajawal Xib'alb'a,grupo de deidades
IXB'ALAMQ'E,ximenez,36,xbalanque,1,exact,IXB'ALAMQ'E,
WA,ximenez,36,va,1,exact,Wa,objeto
TIJOB'AL_JA,ximenez,36,vtihobal,1,exact,Tijob'al Ja,lugar
XIB'ALB'A,ximenez,36,xibalba,1,exact,Xib'alb'a,lugar
XIB'ALB'A,ximenez,36,xibalba,1,exact,Xib'alb'a,lugar
JUN_B'ATZ'_JUN_CHOWEN,ximenez,36,caib,1,exact,Jun B'atz' Jun Chowen,grupo de deidades
WA,ximenez,36,va,1,exact,Wa,objeto
WA,ximenez,36,va,1,exact,Wa,objeto
WA,ximenez,36,va,1,exact,Wa,objeto
XULU,ximenez,36,"xulu,",1,exact,Xulu,deidad
PAK'AM,ximenez,36,pacam,1,exact,Pak'am,deidad
CHE',ximenez,36,che,1,fuzzy,Che',objeto
KA'IB'_K'AJOLAB',ximenez,36,vi,1,exact,KA'IB'_K'AJOLAB',
SOTZ'I_JA,ximenez,36,ha,1,exact,Sotz'i Ja,lugar
JAL,ximenez,36,hal,1,exact,Jal,objeto
JAQAWITZ_JUYUB',ximenez,36,huyub,1,exact,JAQAWITZ_JUYUB',
JAQAWITZ_JUYUB',ximenez,36,huyub,1,exact,JAQAWITZ_JUYUB',
JUNAJPU,ximenez,36,xhunahpu,1,exact,Junajpu,deidad
IXB'ALAMQ'E,ximenez,36,xbalanque,1,exact,IXB'ALAMQ'E,
XIB'ALB'A,ximenez,36,xibalba,1,exact,Xib'alb'a,lugar
NIM_AQ,ximenez,36,nimac,1,exact,Nim Aq,deidad
USAMAJEL_XIB'ALB'A,ximenez,36,zamahel,1,exact,Usamajel Xib'alb'a,grupo de deidades
USAMAJEL_XIB'ALB'A,ximenez,36,vzamahel,1,exact,Usamajel Xib'alb'a,grupo de deidades
KOJ,ximenez,36,coh,1,exact,Koj,animal
KA'IB'_K'AJOLAB',ximenez,36,qaholab,1,exact,KA'IB'_K'AJOLAB',
AWILIX,ximenez,36,ahau,1,exact,Awilix,deidad
KA'IB'_K'AJOLAB',ximenez,36,ixqaholab,1,exact,KA'IB'_K'AJOLAB',
KA'IB'_K'AJOLAB',ximenez,36,vi,1,exact,KA'IB'_K'AJOLAB',
KA'IB'_K'AJOLAB',ximenez,36,ixqaholab,1,exact,KA'IB'_K'AJOLAB',
KA'IB'_K'AJOLAB',ximenez,36,vi,1,exact,KA'IB'_K'AJOLAB',
RAJAWAL_XIB'ALB'A,ximenez,36,ixahauab,1,exact,Rajawal Xib'alb'a,grupo de deidades
KA'IB'_K'AJOLAB',ximenez,36,vi,1,exact,KA'IB'_K'AJOLAB',
KAB',ximenez,36,cab,1,exact,Kab',objeto
XULU,ximenez,36,xulu,1,exact,Xulu,deidad
PAK'AM,ximenez,36,pacam,1,exact,Pak'am,deidad
KA'IB'_K'AJOLAB',ximenez,36,vi,1,exact,KA'IB'_K'AJOLAB',
XIB'ALB'A,ximenez,36,xibalba,1,exact,Xib'alb'a,lugar
KA'IB'_K'AJOLAB',ximenez,36,qaholab,1,exact,KA'IB'_K'AJOLAB',
KA'IB'_K'AJOLAB',ximenez,37,e caib chi meba,4,exact,KA'IB'_K'AJOLAB',
KA'IB'_K'AJOLAB',ximenez,37,e caib,2,exact,KA'IB'_K'AJOLAB',
XAJOJ_PUJUY,ximenez,37,xahoh puhuy,2,exact,Xajoj Pujuy,danza
XAJOJ_KUX,ximenez,37,xahoh cux,2,exact,Xajoj Kux,danza
KAR,ximenez,37,car,1,exact,Kar,animal
XIB'ALB'A,ximenez,37,xibalba,1,exact,Xib'alb'a,lugar
XIB'ALB'A,ximenez,37,xibalba,1,exact,Xib'alb'a,lugar
IB'OY,ximenez,37,xayboy,1,exact,Ib'oy,danza
XTZUL,ximenez,37,"xtzul,",1,exact,Xtzul,danza
CH'ITIK,ximenez,37,chitic,1,exact,Ch'itik,danza
SOTZ'I_JA,ximenez,37,ha,1,exact,Sotz'i Ja,lugar
XIB'ALB'A,ximenez,37,xibalba,1,exact,Xib'alb'a,lugar
KA'IB'_K'AJOLAB',ximenez,37,vi,1,exact,KA'IB'_K'AJOLAB',
XIB'ALB'A,ximenez,37,xibalba,1,exact,Xib'alb'a,lugar
XIB'ALB'A,ximenez,37,xibalba,1,exact,Xib'alb'a,lugar
WUQUB'_KAME',ximenez,38,vvcub came,2,exact,Wuqub' Kame',deidad
XIB'ALB'A,ximenez,38,ahaual ha,2,exact,Xib'alb'a,lugar
KA'IB'_K'AJOLAB',ximenez,38,cach meba,2,exact,KA'IB'_K'AJOLAB',
JUNAJPU,ximenez,38,hun ahpu,2,exact,Junajpu,deidad
JUN_KAME'_WUQUB'_KAME,ximenez,38,ahauab,1,exact,JUN_KAME'_WUQUB'_KAME,
JUN_KAME',ximenez,38,"huncame,",1,exact,Jun Kame',deidad
KA'IB'_K'AJOLAB',ximenez,38,vi,1,exact,KA'IB'_K'AJOLAB',
KA'IB'_K'AJOLAB',ximenez,38,vi,1,exact,KA'IB'_K'AJOLAB',
JUN_KAME'_WUQUB'_KAME,ximenez,38,ahauab,1,exact,JUN_KAME'_WUQUB'_KAME,
USAMAJEL_XIB'ALB'A,ximenez,38,zamahel,1,exact,Usamajel Xib'alb'a,grupo de deidades
JUN_KAME'_WUQUB'_KAME,ximenez,38,ahauab,1,exact,JUN_KAME'_WUQUB'_KAME,
USAMAJEL_XIB'ALB'A,ximenez,38,zamahel,1,exact,Usamajel Xib'alb'a,grupo de deidades
JUN_KAME'_WUQUB'_KAME,ximenez,38,ahauab,1,exact,JUN_KAME'_WUQUB'_KAME,
NIM_AQ,ximenez,38,nimac,1,exact,Nim Aq,deidad
B'AQ,ximenez,38,vbac,1,exact,B'aq,objeto
JUN_KAME'_WUQUB'_KAME,ximenez,38,ahauab,1,exact,JUN_KAME'_WUQUB'_KAME,
KA'IB'_K'AJOLAB',ximenez,38,vi,1,exact,KA'IB'_K'AJOLAB',
KA'IB'_K'AJOLAB',ximenez,38,vi,1,exact,KA'IB'_K'AJOLAB',
USAMAJEL_XIB'ALB'A,ximenez,38,ixzamahel,1,exact,Usamajel Xib'alb'a,grupo de deidades
IXB'ALAMQ'E,ximenez,38,xbalanque,1,exact,IXB'ALAMQ'E,
USAMAJEL_XIB'ALB'A,ximenez,38,zamahel,1,exact,Usamajel Xib'alb'a,grupo de deidades
AWILIX,ximenez,38,ahau.,1,exact,Awilix,deidad
CHIMALMAT,ximenez,39,qui chuch,2,exact,Chimalmat,deidad
JUNAJPU,ximenez,39,qui cahau,2,exact,Junajpu,deidad
JUN_KAME'_WUQUB'_KAME,ximenez,39,at ahau,2,exact,JUN_KAME'_WUQUB'_KAME,
IXKIK',ximenez,39,ca chuch,2,exact,Ixkik',deidad
XAJOJ_KUX,ximenez,39,"xquixah cux,",2,exact,Xajoj Kux,danza
XAJOJ_PUJUY,ximenez,39,"xquixah puhuy,",2,exact,Xajoj Pujuy,danza
IB'OY,ximenez,39,xquixah yboy,2,exact,Ib'oy,danza
B'ALAM_JA,ximenez,39,pa ha,2,exact,B'ALAM_JA,
RAJAWAL_XIB'ALB'A,ximenez,39,conohel ahauab,2,exact,Rajawal Xib'alb'a,grupo de deidades
JUN_KAME',ximenez,39,"hun came,",2,exact,Jun Kame',deidad
WUQUB'_KAME',ximenez,39,vvcub came,2,exact,Wuqub' Kame',deidad
JUN_KAME'_WUQUB'_KAME,ximenez,39,at ahau,2,exact,JUN_KAME'_WUQUB'_KAME,
JUNAJPU,ximenez,39,xhun ahpu,2,exact,Junajpu,deidad
RAJAWAL_XIB'ALB'A,ximenez,39,rahaual xibalba,2,exact,Rajawal Xib'alb'a,grupo de deidades
WUQUB'_KAME',ximenez,39,vvcub came,2,exact,Wuqub' Kame',deidad
JUN_KAME'_WUQUB'_KAME,ximenez,39,ahauab,1,exact,JUN_KAME'_WUQUB'_KAME,
KA'IB'_K'AJOLAB',ximenez,39,vi,1,exact,KA'IB'_K'AJOLAB',
KA'IB'_K'AJOLAB',ximenez,39,chimeba,1,exact,KA'IB'_K'AJOLAB',
JUNAJPU,ximenez,39,cacahau,1,exact,Junajpu,deidad
AWILIX,ximenez,39,ahau.,1,exact,Awilix,deidad
XIB'ALB'A,ximenez,39,xibalba,1,exact,Xib'alb'a,lugar
AWILIX,ximenez,39,ahau,1,exact,Awilix,deidad
Tzi,ximenez,39,tzi,1,exact,Tzi,objeto
Tzi,ximenez,39,tzi,1,exact,Tzi,objeto
Tzi,ximenez,39,tzi,1,exact,Tzi,objeto
AWILIX,ximenez,39,ahau,1,exact,Awilix,deidad
JUN_KAME'_WUQUB'_KAME,ximenez,39,ahauab,1,exact,JUN_KAME'_WUQUB'_KAME,
RAJAWAL_XIB'ALB'A,ximenez,39,conohel,1,exact,Rajawal Xib'alb'a,grupo de deidades
JUN_KAME',ximenez,39,huncame,1,exact,Jun Kame',deidad
KA'IB'_K'AJOLAB',ximenez,39,vi,1,exact,KA'IB'_K'AJOLAB',
AWILIX,ximenez,39,ahau,1,exact,Awilix,deidad
JUN_KAME'_WUQUB'_KAME,ximenez,39,ahauab,1,exact,JUN_KAME'_WUQUB'_KAME,
JUN_KAME'_WUQUB'_KAME,ximenez,39,ahauab.,1,exact,JUN_KAME'_WUQUB'_KAME,
JUN_KAME'_WUQUB'_KAME,ximenez,39,ahauab,1,exact,JUN_KAME'_WUQUB'_KAME,
IXB'ALAMQ'E,ximenez,39,xbalanque,1,exact,IXB'ALAMQ'E,
IXB'ALAMQ'E,ximenez,39,xbalanque,1,exact,IXB'ALAMQ'E,
JUN_KAME'_WUQUB'_KAME,ximenez,39,ahauab.,1,exact,JUN_KAME'_WUQUB'_KAME,
JUN_KAME',ximenez,39,huncame,1,exact,Jun Kame',deidad
JUNAJPU,ximenez,40,xhun ahpu,2,exact,Junajpu,deidad
JUN_KAME',ximenez,40,"hun came,",2,exact,Jun Kame',deidad
WUQUB'_KAME',ximenez,40,vvcub came,2,exact,Wuqub' Kame',deidad
JUN_KAME',ximenez,40,hun came,2,exact,Jun Kame',deidad
JUN_KAME',ximenez,40,hun came,2,exact,Jun Kame',deidad
RAJAWAL_XIB'ALB'A,ximenez,40,rahaual xibalba.,2,exact,Rajawal Xib'alb'a,grupo de deidades
JUN_KAME',ximenez,40,hun came,2,exact,Jun Kame',deidad
WUQUB'_KAME',ximenez,40,vvcub came,2,exact,Wuqub' Kame',deidad
ISTAYUL_KQCUATRO,ximenez,40,hun ahau,2,exact,Istayul (gen. 4),persona
RAJAWAL_XIB'ALB'A,ximenez,40,"rahaual xibalba,",2,exact,Rajawal Xib'alb'a,grupo de deidades
RAJAWAL_XIB'ALB'A,ximenez,40,conohel xibalba.,2,exact,Rajawal Xib'alb'a,grupo de deidades
JUN_KAME'_WUQUB'_KAME,ximenez,40,ahauab,1,exact,JUN_KAME'_WUQUB'_KAME,
IXB'ALAMQ'E,ximenez,40,xbalanque,1,exact,IXB'ALAMQ'E,
WUQUB'_KAME',ximenez,40,vvcubcame,1,exact,Wuqub' Kame',deidad
JUNAJPU,ximenez,40,xhunahpu,1,exact,Junajpu,deidad
IXB'ALAMQ'E,ximenez,40,xbalanque,1,exact,IXB'ALAMQ'E,
NAKXIT,ximenez,40,rahaual,1,exact,Nakxit,deidad
JUN_KAME'_WUQUB'_KAME,ximenez,40,ahauab.,1,exact,JUN_KAME'_WUQUB'_KAME,
AWILIX,ximenez,40,ahau,1,exact,Awilix,deidad
XIB'ALB'A,ximenez,40,xibalba,1,exact,Xib'alb'a,lugar
JUN_KAME'_WUQUB'_KAME,ximenez,40,ahauab,1,exact,JUN_KAME'_WUQUB'_KAME,
AWILIX,ximenez,40,ahau,1,exact,Awilix,deidad
K'AJOLOM,ximenez,40,qahol,1,exact,K'ajolom,deidad
KA'IB'_K'AJOLAB',ximenez,40,vi,1,exact,KA'IB'_K'AJOLAB',
KA'IB'_K'AJOLAB',ximenez,40,vi,1,exact,KA'IB'_K'AJOLAB',
SANIK,ximenez,40,zanic,1,exact,Sanik,animal
RAJAWAL_XIB'ALB'A,ximenez,40,conohel,1,exact,Rajawal Xib'alb'a,grupo de deidades
WUQUB'_JUNAJPU,ximenez,41,vvcub hun ahpu,3,exact,Wuqub' Junajpu,deidad
AJMUQULIK_K'U'X,ximenez,41,"ah muculic qux,",3,exact,Ajmuqulik K'u'x,deidad
XB'ALAMQ'E,ximenez,41,xba lan que.,3,exact,Xb'alamq'e,deidad
WUQUB'_JUNAJPU,ximenez,41,vvcub hun ahpu,3,exact,Wuqub' Junajpu,deidad
JUNAJPU,ximenez,41,xhun ahpu,2,exact,Junajpu,deidad
XA_Q'ANA_JAL,ximenez,41,ca cahau,2,exact,Xa q'ana jal,grupo de deidades
JUNAJPU,ximenez,41,hun hunahpu,2,exact,Junajpu,deidad
RAJAWAL_XIB'ALB'A,ximenez,41,conohel xibalba,2,exact,Rajawal Xib'alb'a,grupo de deidades
PUSB'AL_CHAAJ,ximenez,41,pucbal chah,2,exact,Pusb'al Chaaj,lugar
AJLAB'AL,ximenez,41,"ah labal,",2,exact,Ajlab'al,deidad
AJB'IS,ximenez,41,"ah biz,",2,exact,Ajb'is,deidad
AJMOKEN,ximenez,41,ah moquen,2,exact,Ajmoken,deidad
RAJAWAL_XIB'ALB'A,ximenez,41,"conohel xibalba,",2,exact,Rajawal Xib'alb'a,grupo de deidades
JUNAJPU,ximenez,41,"xhun ahpu,",2,exact,Junajpu,deidad
AJ,ximenez,41,ri ah,2,exact,Aj,objeto
AJ,ximenez,41,ri ah,2,exact,Aj,objeto
JUNAJPU,ximenez,41,hun hunahpu,2,exact,Junajpu,deidad
JUNAJPU,ximenez,41,qui cahau,2,exact,Junajpu,deidad
JUNAJPU,ximenez,41,qui cahau,2,exact,Junajpu,deidad
JUNAJPU,ximenez,41,cacahau,1,exact,Junajpu,deidad
IXB'ALAMQ'E,ximenez,41,xbalanque,1,exact,IXB'ALAMQ'E,
JUNAJPU,ximenez,41,cacahau,1,exact,Junajpu,deidad
KA'IB'_K'AJOLAB',ximenez,41,vi,1,exact,KA'IB'_K'AJOLAB',
KA'IB'_K'AJOLAB',ximenez,41,vi,1,exact,KA'IB'_K'AJOLAB',
JUNAJPU,ximenez,41,ixhunahpu,1,exact,Junajpu,deidad
IXB'ALAMQ'E,ximenez,41,xbalanque/,1,exact,IXB'ALAMQ'E,
KA'IB'_K'AJOLAB',ximenez,41,vi,1,exact,KA'IB'_K'AJOLAB',
JUN_JUNAJPU,ximenez,41,icahau,1,exact,Jun Junajpu,deidad
XIB'ALB'A,ximenez,41,xibalba,1,exact,Xib'alb'a,lugar
KIK',ximenez,41,quic,1,exact,Kik',objeto
KIK',ximenez,41,quic,1,exact,Kik',objeto
XOT,ximenez,41,"xot,",1,exact,Xot,objeto
ALOM,ximenez,41,chuch,1,exact,Alom,deidad
K'IM,ximenez,41,quim,1,exact,K'im,objeto
SAKIL,ximenez,41,zaquil,1,exact,Sakil,objeto
SAKIL,ximenez,41,zaquil,1,exact,Sakil,objeto
K'AJOLOM,ximenez,41,qahol,1,exact,K'ajolom,deidad
AJMAK,ximenez,41,ahmac,1,exact,Ajmak,deidad
KA'IB'_K'AJOLAB',ximenez,41,vi,1,exact,KA'IB'_K'AJOLAB',
KIK',ximenez,41,quic,1,exact,Kik',objeto
KA'IB'_K'AJOLAB',ximenez,41,vi,1,exact,KA'IB'_K'AJOLAB',
AJTZA,ximenez,41,ahtza,1,exact,Ajtza,deidad
AJTUKUR,ximenez,41,"ahtucur,",1,exact,Ajtukur,deidad
AJLATZAB',ximenez,41,ahlatzab,1,exact,Ajlatzab',deidad
IXMUKANE,ximenez,41,catit,1,exact,Ixmukane,deidad
AWILIX,ximenez,41,ahau,1,exact,Awilix,deidad
IXMUKANE,ximenez,41,ricatit,1,exact,Ixmukane,deidad
POM,ximenez,41,pom,1,exact,Pom,objeto
IXOQ_AJAWAB',ximenez,41,xquicot,1,exact,Ixoq ajawab',linaje
KA'IB'_K'AJOLAB',ximenez,41,vi,1,exact,KA'IB'_K'AJOLAB',
IXMUKANE,ximenez,41,catit,1,exact,Ixmukane,deidad
IXMUKANE,ximenez,41,catit,1,exact,Ixmukane,deidad
SOTZ'I_JA,ximenez,41,"ha,",1,exact,Sotz'i Ja,lugar
IKAJ,ximenez,41,cah,1,exact,IKAJ,
UK'U'X_ULEW,ximenez,41,vleu,1,exact,Uk'u'x Ulew,deidad
KA'IB'_K'AJOLAB',ximenez,41,vi,1,exact,KA'IB'_K'AJOLAB',
SOTZ'I_JA,ximenez,41,"ha,",1,exact,Sotz'i Ja,lugar
AJ,ximenez,41,ah.,1,exact,Aj,objeto
KA'IB'_K'AJOLAB',ximenez,41,vi,1,exact,KA'IB'_K'AJOLAB',
UK'U'X_ULEW,ximenez,41,vleu,1,exact,Uk'u'x Ulew,deidad
AJ,ximenez,41,ah,1,exact,Aj,objeto
UK'U'X_ULEW,ximenez,41,vleu,1,exact,Uk'u'x Ulew,deidad
KA'IB'_K'AJOLAB',ximenez,41,vi,1,exact,KA'IB'_K'AJOLAB',
AJ,ximenez,41,ah.,1,exact,Aj,objeto
KA'IB'_K'AJOLAB',ximenez,41,vi,1,exact,KA'IB'_K'AJOLAB',
AJ,ximenez,41,ah,1,exact,Aj,objeto
AJ,ximenez,41,ah,1,exact,Aj,objeto
IXMUKANE,ximenez,41,xmucane,1,exact,Ixmukane,deidad
JUNAJPU,ximenez,41,hunahpu,1,exact,Junajpu,deidad
IXB'ALAMQ'E,ximenez,41,xbalanque,1,exact,IXB'ALAMQ'E,
IXMUKANE,ximenez,41,atit.,1,exact,Ixmukane,deidad
JUN_JUNAJPU,ximenez,41,quicahau,1,exact,Jun Junajpu,deidad
XIB'ALB'A,ximenez,41,xibalba.,1,exact,Xib'alb'a,lugar
XIB'ALB'A,ximenez,41,xibalba.,1,exact,Xib'alb'a,lugar
JUNAJPU,ximenez,42,qui cahau,2,exact,Junajpu,deidad
WUQUB'_JUNAJPU,ximenez,42,vvcub hunahpu,2,exact,Wuqub' Junajpu,deidad
JUNAJPU,ximenez,42,qui cahau,2,exact,Junajpu,deidad
JUNAJPU,ximenez,42,qui cahau,2,exact,Junajpu,deidad
RAJAWAL_XIB'ALB'A,ximenez,42,ronohel xibalba,2,exact,Rajawal Xib'alb'a,grupo de deidades
MOTZ,ximenez,42,omuch qaholab,2,exact,Motz,topónimo
KA'IB'_K'AJOLAB',ximenez,42,vi,1,exact,KA'IB'_K'AJOLAB',
CHAAJ,ximenez,42,chah,1,exact,Chaaj,objeto
B'AQ,ximenez,42,vbac,1,exact,B'aq,objeto
KA'IB'_K'AJOLAB',ximenez,42,vi,1,exact,KA'IB'_K'AJOLAB',
PUSB'AL_CHAAJ,ximenez,42,pucbachah,1,exact,Pusb'al Chaaj,lugar
KA'IB'_K'AJOLAB',ximenez,42,vi,1,exact,KA'IB'_K'AJOLAB',
SAKIL,ximenez,42,zaquil,1,exact,Sakil,objeto
SAKIL,ximenez,42,zaquil,1,exact,Sakil,objeto
IK,ximenez,42,ic,1,exact,Ik,objeto
IKAJ,ximenez,42,cah,1,exact,IKAJ,
UK'U'X_ULEW,ximenez,42,vleu,1,exact,Uk'u'x Ulew,deidad
IKAJ,ximenez,42,cah,1,exact,IKAJ,
SIPAKNA,ximenez,42,zipacna,1,exact,Sipakna,deidad
IKAJ,ximenez,42,cah,1,exact,IKAJ,
TEPEW_Q'UKUMATZ,ximenez,43,tepeu cucumatz,2,exact,Tepew Q'ukumatz,deidad
ALOM,ximenez,43,alom,1,exact,Alom,deidad
K'AJOLOM,ximenez,43,"qaholom,",1,exact,K'ajolom,deidad
TZ'AQOL,ximenez,43,tzacol,1,exact,Tz'aqol,deidad
B'ITOL,ximenez,43,bitol,1,exact,B'itol,deidad
K'OOL,ximenez,43,cool,1,exact,K'ool,lugar
SAKIL,ximenez,43,zaquil,1,exact,Sakil,objeto
UK'U'X_ULEW,ximenez,43,vleu,1,exact,Uk'u'x Ulew,deidad
SAKIL,ximenez,43,zaquil,1,exact,Sakil,objeto
IK,ximenez,43,ic,1,exact,Ik,objeto
KA'IB'_K'AJOLAB',ximenez,43,vi,1,exact,KA'IB'_K'AJOLAB',
TZ'AQOL,ximenez,43,tzacol,1,exact,Tz'aqol,deidad
B'ITOL,ximenez,43,bitol.,1,exact,B'itol,deidad
PAXIL,ximenez,44,"paxil,",1,exact,Paxil,topónimo
K'AYALA',ximenez,44,cayala,1,exact,K'ayala',topónimo
KA'IB'_K'AJOLAB',ximenez,44,vi,1,exact,KA'IB'_K'AJOLAB',
JAL,ximenez,44,eanahal,1,exact,Jal,objeto
JAL,ximenez,44,zaquihal.,1,exact,Jal,objeto
XA_Q'ANA_JAL,ximenez,45,xaq'ana hal zaquihal,3,exact,Xa q'ana jal,grupo de deidades
JAL,ximenez,45,eana hal,2,exact,Jal,objeto
JAL,ximenez,45,za quihal,2,exact,Jal,objeto
JAL,ximenez,45,cana hal,2,exact,Jal,objeto
TEPEW_Q'UKUMATZ,ximenez,45,tepeuh cucumatz,2,exact,Tepew Q'ukumatz,deidad
XA_Q'ANA_JAL,ximenez,45,canabe chuch,2,exact,Xa q'ana jal,grupo de deidades
WA,ximenez,45,va,1,exact,Wa,objeto
YAK,ximenez,45,"yac,",1,exact,Yak,animal
UTIW,ximenez,45,"vtiu,",1,exact,Utiw,animal
K'EL,ximenez,45,"quel,",1,exact,K'el,animal
JOJ,ximenez,45,hoh,1,exact,Joj,animal
JAL,ximenez,45,q'anahal,1,exact,Jal,objeto
JAL,ximenez,45,zaquihal,1,exact,Jal,objeto
KA'IB'_K'AJOLAB',ximenez,45,vi,1,exact,KA'IB'_K'AJOLAB',
PAXIL,ximenez,45,paxil,1,exact,Paxil,topónimo
PAXIL,ximenez,45,paxil,1,exact,Paxil,topónimo
SOTZ'I_JA,ximenez,45,ha,1,exact,Sotz'i Ja,lugar
KIK',ximenez,45,vquiquel,1,exact,Kik',objeto
KIK',ximenez,45,vquiquel,1,exact,Kik',objeto
ALOM,ximenez,45,alom,1,exact,Alom,deidad
K'AJOLOM,ximenez,45,qaholom,1,exact,K'ajolom,deidad
JAL,ximenez,45,hal.,1,exact,Jal,objeto
KA'IB'_K'AJOLAB',ximenez,45,vi,1,exact,KA'IB'_K'AJOLAB',
JAQAWITZ_JUYUB',ximenez,45,huyub,1,exact,JAQAWITZ_JUYUB',
KAKAW,ximenez,45,caco,1,exact,Kakaw,objeto
TULUL,ximenez,45,tulul,1,exact,Tulul,objeto
K'AWEX,ximenez,45,cauex,1,exact,K'awex,objeto
Q'INOM,ximenez,45,quinom,1,exact,Q'inom,objeto
TAPA'L,ximenez,45,"tapal,",1,exact,Tapa'l,objeto
AJACHE',ximenez,45,ahache,1,exact,Ajache',objeto
KAB',ximenez,45,cab,1,exact,Kab',objeto
PAXIL,ximenez,45,paxil,1,exact,Paxil,topónimo
K'AYALA',ximenez,45,cayala,1,exact,K'ayala',topónimo
KA'IB'_K'AJOLAB',ximenez,45,vi,1,exact,KA'IB'_K'AJOLAB',
JAL,ximenez,45,zaquihal,1,exact,Jal,objeto
IXMUKANE,ximenez,45,xmucane,1,exact,Ixmukane,deidad
ALOM,ximenez,45,alom,1,exact,Alom,deidad
K'AJOLOM,ximenez,45,"qaholom,",1,exact,K'ajolom,deidad
JUN_JUNAJPU,ximenez,45,cahau,1,exact,Jun Junajpu,deidad
JUN_JUNAJPU,ximenez,45,cahau,1,exact,Jun Junajpu,deidad
B'ALAM_KI'TZE',ximenez,46,Balam qui tze.,3,exact,B'alam Ki'tze',persona
XA_Q'ANA_JAL,ximenez,46,naabe vinac,2,exact,Xa q'ana jal,grupo de deidades
B'ALAM_AQ'AB',ximenez,46,Balam acab.,2,exact,B'alam Aq'ab',persona
XA_Q'ANA_JAL,ximenez,46,canabe chuch,2,exact,Xa q'ana jal,grupo de deidades
MAJUK'UTAJ,ximenez,46,Mahucutah.,1,exact,Majuk'utaj,persona
IQ'I_B'ALAM,ximenez,46,Iquibalam.,1,exact,Iq'i B'alam,persona
JUN_JUNAJPU,ximenez,46,cahau.,1,exact,Jun Junajpu,deidad
PAM_KAJ_UPAM_ULEW,ximenez,47,vpam cah upam vleu,4,exact,"Pam Kaj, Upam Ulew",lugar
AJ,ximenez,47,ri ah,2,exact,Aj,objeto
TEPEW_Q'UKUMATZ,ximenez,47,tepeu cucumatz.,2,exact,Tepew Q'ukumatz,deidad
B'ALAM_KI'TZE',ximenez,47,"balam quitze,",2,exact,B'alam Ki'tze',persona
IXB'AQIYALO,ximenez,47,quichuch,1,exact,Ixb'aqiyalo,deidad
JUN_JUNAJPU,ximenez,47,quicahau,1,exact,Jun Junajpu,deidad
IXKIK',ximenez,47,ixoc,1,exact,Ixkik',deidad
B'ITOL,ximenez,47,ahbit,1,exact,B'itol,deidad
ALOM,ximenez,47,alom,1,exact,Alom,deidad
K'AJOLOM,ximenez,47,qaholom,1,exact,K'ajolom,deidad
TZ'AQOL,ximenez,47,tzacol,1,exact,Tz'aqol,deidad
B'ITOL,ximenez,47,bitol,1,exact,B'itol,deidad
ALOM,ximenez,47,alom,1,exact,Alom,deidad
K'AJOLOM,ximenez,47,"qaholom,",1,exact,K'ajolom,deidad
CH'O,ximenez,47,"cho,",1,exact,Ch'o,animal
PALO,ximenez,47,"palo,",1,exact,Palo,lugar
JAQAWITZ_JUYUB',ximenez,47,"huyub,",1,exact,JAQAWITZ_JUYUB',
KA'IB'_K'AJOLAB',ximenez,47,vi,1,exact,KA'IB'_K'AJOLAB',
B'ALAM_AQ'AB',ximenez,47,"Balamacab,",1,exact,B'alam Aq'ab',persona
MAJUK'UTAJ,ximenez,47,"mahucutah,",1,exact,Majuk'utaj,persona
IQ'I_B'ALAM,ximenez,47,iquibalam.,1,exact,Iq'i B'alam,persona
PAM_KAJ_UPAM_ULEW,ximenez,48,vpam cah vpam vleu,4,exact,"Pam Kaj, Upam Ulew",lugar
IXMUKANE,ximenez,48,"at catit,",2,exact,Ixmukane,deidad
XPIYAKOK,ximenez,48,at camam,2,exact,Xpiyakok,deidad
TZ'AQOL,ximenez,48,ahtzac,1,exact,Tz'aqol,deidad
B'ITOL,ximenez,48,ahbit,1,exact,B'itol,deidad
JAQAWITZ_JUYUB',ximenez,48,huyub,1,exact,JAQAWITZ_JUYUB',
IKAJ,ximenez,48,cah,1,exact,IKAJ,
TZ'AQOL,ximenez,48,tzacol,1,exact,Tz'aqol,deidad
B'ITOL,ximenez,48,bitol,1,exact,B'itol,deidad
KA'IB'_K'AJOLAB',ximenez,48,vi,1,exact,KA'IB'_K'AJOLAB',
IKAJ,ximenez,48,cah,1,exact,IKAJ,
UK'U'X_ULEW,ximenez,48,vleu,1,exact,Uk'u'x Ulew,deidad
IKAJ,ximenez,48,cah,1,exact,IKAJ,
IKAJ,ximenez,48,cah,1,exact,IKAJ,
B'ITOL,ximenez,48,ahbit,1,exact,B'itol,deidad
UK'U'X_KAJ,ximenez,49,vqux cah,2,exact,Uk'u'x Kaj,deidad
TEPEW_Q'UKUMATZ,ximenez,49,tepeu cucumatz,2,exact,Tepew Q'ukumatz,deidad
ALOM,ximenez,49,alom,1,exact,Alom,deidad
K'AJOLOM,ximenez,49,qaholom,1,exact,K'ajolom,deidad
KA'IB'_K'AJOLAB',ximenez,49,vi,1,exact,KA'IB'_K'AJOLAB',
UK'U'X_ULEW,ximenez,49,vleu,1,exact,Uk'u'x Ulew,deidad
KA'IB'_K'AJOLAB',ximenez,49,vi,1,exact,KA'IB'_K'AJOLAB',
JUN_RAQAN,ximenez,49,"huracan,",1,exact,Jun Raqan,deidad
CH'IPI_KAQULJA,ximenez,49,"chipicaculha,",1,exact,Ch'ipi Kaqulja,deidad
ALOM,ximenez,49,alom,1,exact,Alom,deidad
K'AJOLOM,ximenez,49,"qaholom,",1,exact,K'ajolom,deidad
XPIYAKOK,ximenez,49,"xpiyacoc,",1,exact,Xpiyakok,deidad
IXMUKANE,ximenez,49,xmucane,1,exact,Ixmukane,deidad
TZ'AQOL,ximenez,49,tzacol,1,exact,Tz'aqol,deidad
B'ITOL,ximenez,49,bitol,1,exact,B'itol,deidad
XA_Q'ANA_JAL,ximenez,50,"e cahib chi vinac,",4,exact,Xa q'ana jal,grupo de deidades
RAXA_NANAWAK,ximenez,50,raxa nana vac,3,exact,Raxa Nanawak,deidad
IXOQ_AJAWAB',ximenez,50,e canabe chuch,3,exact,Ixoq ajawab',linaje
YAKI,ximenez,50,ya qui vinac,3,exact,Yaki,linaje
UK'U'X_KAJ,ximenez,50,vqux cah,2,exact,Uk'u'x Kaj,deidad
SAQI_NIM_AQ_SIS,ximenez,50,ca mam,2,exact,Saqi Nim Aq Sis,deidad
XA_Q'ANA_JAL,ximenez,50,ca cahau,2,exact,Xa q'ana jal,grupo de deidades
UK'U'X_KAJ,ximenez,50,vqux cah,2,exact,Uk'u'x Kaj,deidad
UK'U'X_ULEW,ximenez,50,v quxvleu,2,exact,Uk'u'x Ulew,deidad
B'ALAM_KI'TZE',ximenez,50,balam quitze,2,exact,B'alam Ki'tze',persona
B'ALAM_AQ'AB',ximenez,50,"balam acab,",2,exact,B'alam Aq'ab',persona
IXOQ_AJAWAB',ximenez,50,qui culel,2,exact,Ixoq ajawab',linaje
KAQA_PALO_JA',ximenez,50,caha paluna,2,exact,Kaqa palo ja',persona
B'ALAM_KI'TZE',ximenez,50,balam quitze,2,exact,B'alam Ki'tze',persona
B'ALAM_AQ'AB',ximenez,50,balam acab.,2,exact,B'alam Aq'ab',persona
IXOQ_AJAWAB',ximenez,50,e xoccahauab,2,exact,Ixoq ajawab',linaje
TINAMIT_K'ICHE',ximenez,50,quiche vinac,2,exact,Tinamit K'iche',topónimo
CHIMALMAT,ximenez,50,qui chuch,2,exact,Chimalmat,deidad
TINAMIT_K'ICHE',ximenez,50,quiche vinac,2,exact,Tinamit K'iche',topónimo
K'ENECH_AJAW,ximenez,50,"quenech, ahau",2,exact,K'enech Ajaw,linaje
B'ALAM_KI'TZE',ximenez,50,balam quitze,2,exact,B'alam Ki'tze',persona
B'ALAM_AQ'AB',ximenez,50,balam acab,2,exact,B'alam Aq'ab',persona
KUCHUMA_KIK',ximenez,50,v cahau,2,exact,Kuchuma Kik',deidad
AJAW_K'ICHE',ximenez,50,ahau quiche,2,exact,Ajaw K'iche',linaje
TUJAL_JA,ximenez,50,tuhal ha,2,exact,Tujal Ja,topónimo
AJBA'TENA_JA,ximenez,50,ah batenaba,2,exact,AJBA'TENA_JA,
AKUL_WINAQ,ximenez,50,acul vinac,2,exact,Akul Winaq,linaje
UK'U'X_KAJ,ximenez,50,"vqux cah,",2,exact,Uk'u'x Kaj,deidad
UK'U'X_ULEW,ximenez,50,vqux vleu,2,exact,Uk'u'x Ulew,deidad
UK'U'X_KAJ,ximenez,50,vqux cah,2,exact,Uk'u'x Kaj,deidad
UK'U'X_ULEW,ximenez,50,v quxvleu,2,exact,Uk'u'x Ulew,deidad
CH'IPI_KAQULJA,ximenez,50,"chipa caculha,",2,exact,Ch'ipi Kaqulja,deidad
RAXA_KAQULJA,ximenez,50,raxa caculha,2,exact,Raxa Kaqulja,deidad
CH'IPI_NANAWAK,ximenez,50,chipina navac,2,exact,Ch'ipi Nanawak,deidad
TEPEW_Q'UKUMATZ,ximenez,50,tepeu cucumatz,2,exact,Tepew Q'ukumatz,deidad
IXMUKANE,ximenez,50,ratit quih,2,exact,Ixmukane,deidad
IXMUKANE,ximenez,50,ratit zac,2,exact,Ixmukane,deidad
B'ALAM_KI'TZE',ximenez,50,balam quitze,2,exact,B'alam Ki'tze',persona
B'ALAM_AQ'AB',ximenez,50,"balam acab,",2,exact,B'alam Aq'ab',persona
B'ALAM_KI'TZE',ximenez,50,"balam quitze,",2,exact,B'alam Ki'tze',persona
B'ALAM_AQ'AB',ximenez,50,"balam acab,",2,exact,B'alam Aq'ab',persona
IQ'I_B'ALAM,ximenez,50,iqui balam,2,exact,Iq'i B'alam,persona
B'AQ,ximenez,50,vbac,1,exact,B'aq,objeto
B'AQ,ximenez,50,vbac,1,exact,B'aq,objeto
KA'IB'_K'AJOLAB',ximenez,50,vi,1,exact,KA'IB'_K'AJOLAB',
KA'IB'_K'AJOLAB',ximenez,50,vi,1,exact,KA'IB'_K'AJOLAB',
IXOQ_AJAWAB',ximenez,50,quiculel,1,exact,Ixoq ajawab',linaje
IXOQ_AJAWAB',ximenez,50,quixoquil,1,exact,Ixoq ajawab',linaje
KA'IB'_K'AJOLAB',ximenez,50,vi,1,exact,KA'IB'_K'AJOLAB',
IXKIK',ximenez,50,ixoc,1,exact,Ixkik',deidad
MAJUK'UTAJ,ximenez,50,mahucutah,1,exact,Majuk'utaj,persona
IQ'I_B'ALAM,ximenez,50,"iquibalam,",1,exact,Iq'i B'alam,persona
IXOQ_AJAWAB',ximenez,50,quixoquil,1,exact,Ixoq ajawab',linaje
IXOQ_AJAWAB',ximenez,50,xquicot,1,exact,Ixoq ajawab',linaje
IXOQ_AJAWAB',ximenez,50,quixoquil,1,exact,Ixoq ajawab',linaje
WA,ximenez,50,va.,1,exact,Wa,objeto
CHIMALMAT,ximenez,50,rixoquil,1,exact,Chimalmat,deidad
CHOMI_JA',ximenez,50,chomiha,1,exact,Chomi Ja',persona
CHIMALMAT,ximenez,50,rixoquil,1,exact,Chimalmat,deidad
TZ'UNUNI_JA',ximenez,50,tzununiha,1,exact,Tz'ununi Ja',persona
IXOQ_AJAWAB',ximenez,50,xoquil,1,exact,Ixoq ajawab',linaje
MAJUK'UTAJ,ximenez,50,mahucutah.,1,exact,Majuk'utaj,persona
KAK'IXA_JA',ximenez,50,caquixaha,1,exact,Kak'ixa Ja',persona
CHIMALMAT,ximenez,50,rixoquil,1,exact,Chimalmat,deidad
IQ'I_B'ALAM,ximenez,50,iquibalam.,1,exact,Iq'i B'alam,persona
IXOQ_AJAWAB',ximenez,50,quixoquil,1,exact,Ixoq ajawab',linaje
XA_Q'ANA_JAL,ximenez,50,ahcahb,1,exact,Xa q'ana jal,grupo de deidades
K'OJAJ,ximenez,50,"cohah,",1,exact,K'ojaj,linaje
TAMUB',ximenez,50,"tamub,",1,exact,Tamub',linaje
ILOKAB',ximenez,50,ilocab,1,exact,Ilokab',linaje
B'ALAM_KI'TZE',ximenez,50,vmam,1,exact,B'alam Ki'tze',persona
K'AJOLOM,ximenez,50,vcahau,1,exact,K'ajolom,deidad
B'ALAM_KI'TZE',ximenez,50,vmam,1,exact,B'alam Ki'tze',persona
K'AJOLOM,ximenez,50,vcahau,1,exact,K'ajolom,deidad
SOTZ'I_JA,ximenez,50,ha,1,exact,Sotz'i Ja,lugar
MAJUK'UTAJ,ximenez,50,mahutah,1,exact,Majuk'utaj,persona
B'ALAM_KI'TZE',ximenez,50,vmam,1,exact,B'alam Ki'tze',persona
SOTZ'I_JA,ximenez,50,ha,1,exact,Sotz'i Ja,lugar
B'ALAM_KI'TZE',ximenez,50,vmam,1,exact,B'alam Ki'tze',persona
K'AJOLOM,ximenez,50,vcahau,1,exact,K'ajolom,deidad
TAMUB',ximenez,50,tamub,1,exact,Tamub',linaje
ILOKAB',ximenez,50,ilocab,1,exact,Ilokab',linaje
AJ,ximenez,50,ah,1,exact,Aj,objeto
SOTZ'I_JA,ximenez,50,"ha,",1,exact,Sotz'i Ja,lugar
SAQAJIB',ximenez,50,"zacahib,",1,exact,SAQAJIB',
LAMAKIB',ximenez,50,"lamaquib,",1,exact,Lamakib',linaje
KUMATZ,ximenez,50,"cumatz,",1,exact,Kumatz,animal
UCH'AB'AJA,ximenez,50,"vchabaha,",1,exact,Uch'ab'aja,linaje
AJ,ximenez,50,ah,1,exact,Aj,objeto
SOTZ'I_JA,ximenez,50,ha,1,exact,Sotz'i Ja,lugar
AJKIB'A_JA,ximenez,50,"ahquibaha,",1,exact,Ajkib'a Ja,linaje
B'ALAM_JA,ximenez,50,balamiha,1,exact,B'ALAM_JA,
KA'IB'_K'AJOLAB',ximenez,50,vi,1,exact,KA'IB'_K'AJOLAB',
KA'IB'_K'AJOLAB',ximenez,50,vi,1,exact,KA'IB'_K'AJOLAB',
RAJAWAL_XIB'ALB'A,ximenez,50,conohel,1,exact,Rajawal Xib'alb'a,grupo de deidades
JAQAWITZ_JUYUB',ximenez,50,huyub,1,exact,JAQAWITZ_JUYUB',
JAQAWITZ_JUYUB',ximenez,50,huyub,1,exact,JAQAWITZ_JUYUB',
KA'IB'_K'AJOLAB',ximenez,50,vi,1,exact,KA'IB'_K'AJOLAB',
RAJAWAL_XIB'ALB'A,ximenez,50,conohel,1,exact,Rajawal Xib'alb'a,grupo de deidades
CHE',ximenez,50,che,1,fuzzy,Che',objeto
TZ'AQOL,ximenez,50,tzacol,1,exact,Tz'aqol,deidad
B'ITOL,ximenez,50,bitol,1,exact,B'itol,deidad
IXTAJ_IXPUCH',ximenez,50,meal,1,exact,Ixtaj Ixpuch',grupo de deidades
K'AJOLOM,ximenez,50,qahol,1,exact,K'ajolom,deidad
TZ'AQOL,ximenez,50,tzacol,1,exact,Tz'aqol,deidad
B'ITOL,ximenez,50,bitol,1,exact,B'itol,deidad
KA'IB'_K'AJOLAB',ximenez,50,vi,1,exact,KA'IB'_K'AJOLAB',
KA'IB'_K'AJOLAB',ximenez,50,vi,1,exact,KA'IB'_K'AJOLAB',
JUN_RAQAN,ximenez,50,huracan,1,exact,Jun Raqan,deidad
WOK,ximenez,50,voc,1,exact,Wok,animal
JUNAJPU,ximenez,50,hunahpu,1,exact,Junajpu,deidad
ALOM,ximenez,50,alom,1,exact,Alom,deidad
K'AJOLOM,ximenez,50,qaholom,1,exact,K'ajolom,deidad
XPIYAKOK,ximenez,50,"xpiyacoc,",1,exact,Xpiyakok,deidad
IXMUKANE,ximenez,50,xmucane,1,exact,Ixmukane,deidad
KA'IB'_K'AJOLAB',ximenez,50,vi,1,exact,KA'IB'_K'AJOLAB',
IK'OQ'IJ,ximenez,50,iqoquih,1,exact,Ik'oq'ij,topónimo
IKAJ,ximenez,50,cah,1,exact,IKAJ,
KA'IB'_K'AJOLAB',ximenez,50,vi,1,exact,KA'IB'_K'AJOLAB',
MAJUK'UTAJ,ximenez,50,"mahucutah,",1,exact,Majuk'utaj,persona
IQ'I_B'ALAM,ximenez,50,iquibalam,1,exact,Iq'i B'alam,persona
NIM_AQ,ximenez,50,nimac,1,exact,Nim Aq,deidad
XA_Q'ANA_JAL,ximenez,50,"ahquixb,",1,exact,Xa q'ana jal,grupo de deidades
AJ,ximenez,50,ah,1,exact,Aj,objeto
AJAW_XIK,ximenez,50,xic,1,exact,Xik,deidad
CHE',ximenez,50,che,1,fuzzy,Che',objeto
JUN_JUNAJPU,ximenez,50,cahau.,1,exact,Jun Junajpu,deidad
AJ,ximenez,50,ah,1,exact,Aj,objeto
MAJUK'UTAJ,ximenez,50,mahucutah,1,exact,Majuk'utaj,persona
CHI_ISMACHI',ximenez,50,tinamit,1,exact,Chi Ismachi',topónimo
B'ALAM_KI'TZE',ximenez,51,"Balam quitze,",2,exact,B'alam Ki'tze',persona
B'ALAM_AQ'AB',ximenez,51,Balam acab,2,exact,B'alam Aq'ab',persona
MAJUK'UTAJ,ximenez,51,"mahu cutah,",2,exact,Majuk'utaj,persona
IQ'I_B'ALAM,ximenez,51,iqui balam,2,exact,Iq'i B'alam,persona
JAQAWITZ_JUYUB',ximenez,51,huyub,1,exact,JAQAWITZ_JUYUB',
WA,ximenez,51,va,1,exact,Wa,objeto
KA'IB'_K'AJOLAB',ximenez,51,vi,1,exact,KA'IB'_K'AJOLAB',
TAMUB',ximenez,51,"tumub,",1,exact,Tamub',linaje
ILOKAB',ximenez,51,"ilocab,",1,exact,Ilokab',linaje
PEQ,ximenez,51,"pec,",1,exact,Peq,objeto
CHI_ISMACHI',ximenez,51,tinamit,1,exact,Chi Ismachi',topónimo
KA'IB'_K'AJOLAB',ximenez,51,vi,1,exact,KA'IB'_K'AJOLAB',
B'ALAM_KI'TZE',ximenez,52,"balam quitze,",2,exact,B'alam Ki'tze',persona
B'ALAM_AQ'AB',ximenez,52,"Balam acaab,",2,exact,B'alam Aq'ab',persona
IQ'I_B'ALAM,ximenez,52,iqui balam,2,exact,Iq'i B'alam,persona
B'ALAM_KI'TZE',ximenez,52,balam quitze.,2,exact,B'alam Ki'tze',persona
IQ'I_B'ALAM,ximenez,52,iqui Balam.,2,exact,Iq'i B'alam,persona
TINAMIT_K'ICHE',ximenez,52,queche vinac,2,exact,Tinamit K'iche',topónimo
TULÁN,ximenez,52,tulan,1,exact,Tulán,topónimo
RAJAWAL_XIB'ALB'A,ximenez,52,conohel,1,exact,Rajawal Xib'alb'a,grupo de deidades
MAJUK'UTAJ,ximenez,52,mahucutah,1,exact,Majuk'utaj,persona
SU',ximenez,52,tzu,1,exact,Su',objeto
WA,ximenez,52,va,1,exact,Wa,objeto
TOJIL,ximenez,52,tohil,1,exact,Tojil,deidad
Q'OQ,ximenez,52,vcoc,1,exact,Q'OQ,
AWILIX,ximenez,52,avilix,1,exact,Awilix,deidad
B'ALAM,ximenez,52,Balam,1,exact,B'alam,animal
JAQAWITZ,ximenez,52,hacauitz,1,exact,Jaqawitz,deidad
MAJUK'UTAJ,ximenez,52,Mahucutah.,1,exact,Majuk'utaj,persona
TOJIL,ximenez,52,tohil,1,exact,Tojil,deidad
B'ALAM_KI'TZE',ximenez,52,vmam,1,exact,B'alam Ki'tze',persona
K'AJOLOM,ximenez,52,vcahau,1,exact,K'ajolom,deidad
TAMUB',ximenez,52,tamub,1,exact,Tamub',linaje
JUN_KAME'_WUQUB'_KAME,ximenez,52,ahauab,1,exact,JUN_KAME'_WUQUB'_KAME,
ILOKAB',ximenez,52,ilocab,1,exact,Ilokab',linaje
TOJIL,ximenez,52,tohil,1,exact,Tojil,deidad
JUN_JUNAJPU,ximenez,52,quicahau,1,exact,Jun Junajpu,deidad
JUN_KAME'_WUQUB'_KAME,ximenez,52,ahauab,1,exact,JUN_KAME'_WUQUB'_KAME,
WA,ximenez,52,va,1,exact,Wa,objeto
OXIB_RI_NIM_JA,ximenez,53,oxib chi quiche,3,exact,Oxib' ri nim ja,linaje
B'ALAM_AQ'AB',ximenez,53,Balam a cab,3,exact,B'alam Aq'ab',persona
SUYWA,ximenez,53,zu va,2,exact,Suywa,topónimo
B'ALAM_KI'TZE',ximenez,53,Balam quitze,2,exact,B'alam Ki'tze',persona
KA'IB'_K'AJOLAB',ximenez,53,vi,1,exact,KA'IB'_K'AJOLAB',
TOJIL,ximenez,53,tohil,1,exact,Tojil,deidad
OXIB_RI_NIM_JA,ximenez,53,"quiche,",1,exact,Oxib' ri nim ja,linaje
TOJIL,ximenez,53,tohil,1,exact,Tojil,deidad
TAMUB',ximenez,53,"tamub,",1,exact,Tamub',linaje
ILOKAB',ximenez,53,ilocab,1,exact,Ilokab',linaje
KA'IB'_K'AJOLAB',ximenez,53,vi,1,exact,KA'IB'_K'AJOLAB',
TINAMIT_K'ICHE',ximenez,53,queche,1,exact,Tinamit K'iche',topónimo
NIM_AQ,ximenez,53,nimac,1,exact,Nim Aq,deidad
JAQAWITZ,ximenez,53,hacavitz,1,exact,Jaqawitz,deidad
RAB'INALEB',ximenez,53,"rabinaleb,",1,exact,Rab'inaleb',linaje
KAQCHIKELEB',ximenez,53,"caechequeleb,",1,exact,Kaqchikeleb',linaje
SOTZ'I_JA,ximenez,53,"ha,",1,exact,Sotz'i Ja,lugar
YAKI,ximenez,53,yaquivinac,1,exact,Yaki,linaje
KA'IB'_K'AJOLAB',ximenez,53,vi,1,exact,KA'IB'_K'AJOLAB',
TULÁN,ximenez,53,tulan,1,exact,Tulán,topónimo
PEQ,ximenez,53,pec,1,exact,Peq,objeto
K'OKA'IB_KQDOS,ximenez,53,co,1,exact,K'oka'ib (gen. 2),persona
TOJIL,ximenez,53,tohil,1,exact,Tojil,deidad
TOJIL,ximenez,53,ritohil,1,exact,Tojil,deidad
TOJIL,ximenez,53,tohil,1,exact,Tojil,deidad
TOJIL,ximenez,53,tohil.,1,exact,Tojil,deidad
XA_Q'ANA_JAL,ximenez,53,ahquixb,1,exact,Xa q'ana jal,grupo de deidades
TOJIL,ximenez,53,tohil,1,exact,Tojil,deidad
JUN_WINAQ,ximenez,54,vzamahel xibal ba:,3,exact,jun winaq,persona
B'ALAM_AQ'AB',ximenez,54,"Balam acab,",2,exact,B'alam Aq'ab',persona
B'ALAM_KI'TZE',ximenez,54,Balam quitze,2,exact,B'alam Ki'tze',persona
B'ALAM_AQ'AB',ximenez,54,"Balam acab,",2,exact,B'alam Aq'ab',persona
IQ'I_B'ALAM,ximenez,54,iqui balam,2,exact,Iq'i B'alam,persona
B'ALAM_KI'TZE',ximenez,54,Balam quitze,2,exact,B'alam Ki'tze',persona
B'ALAM_AQ'AB',ximenez,54,Balam acab,2,exact,B'alam Aq'ab',persona
MAJUK'UTAJ,ximenez,54,mahucu tah,2,exact,Majuk'utaj,persona
IQ'I_B'ALAM,ximenez,54,iqui balam,2,exact,Iq'i B'alam,persona
K'IKAB'_KQSIETE,ximenez,54,qui cab,2,exact,K'IKAB'_KQSIETE,
B'ALAM_AQ'AB',ximenez,54,Balam acab,2,exact,B'alam Aq'ab',persona
B'ALAM_KI'TZE',ximenez,54,Balam quitze,2,exact,B'alam Ki'tze',persona
B'ALAM_AQ'AB',ximenez,54,balam acab,2,exact,B'alam Aq'ab',persona
IQ'I_B'ALAM,ximenez,54,iqui balam,2,exact,Iq'i B'alam,persona
B'ALAM_KI'TZE',ximenez,54,balam quitze,2,exact,B'alam Ki'tze',persona
B'ALAM_AQ'AB',ximenez,54,"balam acab,",2,exact,B'alam Aq'ab',persona
IQ'I_B'ALAM,ximenez,54,iqui balam,2,exact,Iq'i B'alam,persona
KA'IB'_K'AJOLAB',ximenez,54,vi,1,exact,KA'IB'_K'AJOLAB',
TOJIL,ximenez,54,tohil,1,exact,Tojil,deidad
TOJIL,ximenez,54,tohil,1,exact,Tojil,deidad
TOJIL,ximenez,54,tohil.,1,exact,Tojil,deidad
B'AQ,ximenez,54,xubac,1,exact,B'aq,objeto
MAJUK'UTAJ,ximenez,54,mahucutah,1,exact,Majuk'utaj,persona
KOJ,ximenez,54,coh,1,exact,Koj,animal
MAJUK'UTAJ,ximenez,54,mahucutah,1,exact,Majuk'utaj,persona
IQ'I_B'ALAM,ximenez,54,iquibalam,1,exact,Iq'i B'alam,persona
KA'IB'_K'AJOLAB',ximenez,54,vi,1,exact,KA'IB'_K'AJOLAB',
KA'IB'_K'AJOLAB',ximenez,54,vi,1,exact,KA'IB'_K'AJOLAB',
TULÁN,ximenez,54,tulan,1,exact,Tulán,topónimo
RAJAWAL_XIB'ALB'A,ximenez,54,conohel,1,exact,Rajawal Xib'alb'a,grupo de deidades
MAJUK'UTAJ,ximenez,54,mahucutah,1,exact,Majuk'utaj,persona
TZ'AQOL,ximenez,54,tzacol,1,exact,Tz'aqol,deidad
B'ITOL,ximenez,54,bitol,1,exact,B'itol,deidad
TOJIL,ximenez,54,tohil,1,exact,Tojil,deidad
TOJIL,ximenez,54,tohil,1,exact,Tojil,deidad
KA'IB'_K'AJOLAB',ximenez,54,vi,1,exact,KA'IB'_K'AJOLAB',
XIB'ALB'A,ximenez,54,xibalba,1,exact,Xib'alb'a,lugar
SOTZ,ximenez,54,zotz,1,exact,Sotz,animal
JUN_WINAQ,ximenez,54,inzamahel,1,exact,jun winaq,persona
TZ'AQOL,ximenez,54,tzacol,1,exact,Tz'aqol,deidad
B'ITOL,ximenez,54,bitol,1,exact,B'itol,deidad
XIB'ALB'A,ximenez,54,xibalba.,1,exact,Xib'alb'a,lugar
TOJIL,ximenez,54,tohil,1,exact,Tojil,deidad
AWILIX,ximenez,54,avilix,1,exact,Awilix,deidad
JAQAWITZ,ximenez,54,"acavitz,",1,exact,Jaqawitz,deidad
XIB'ALB'A,ximenez,54,xibalba.,1,exact,Xib'alb'a,lugar
KA'IB'_K'AJOLAB',ximenez,54,vi,1,exact,KA'IB'_K'AJOLAB',
MAJUK'UTAJ,ximenez,54,mahucutah,1,exact,Majuk'utaj,persona
B'ALAM_KI'TZE',ximenez,55,"balam quitze,",2,exact,B'alam Ki'tze',persona
B'ALAM_AQ'AB',ximenez,55,"balam aeab,",2,exact,B'alam Aq'ab',persona
IQ'I_B'ALAM,ximenez,55,iqui balam,2,exact,Iq'i B'alam,persona
B'ALAM_KI'TZE',ximenez,55,balam quitze,2,exact,B'alam Ki'tze',persona
B'ALAM_AQ'AB',ximenez,55,balam acab,2,exact,B'alam Aq'ab',persona
B'ALAM_KI'TZE',ximenez,55,balam quitze,2,exact,B'alam Ki'tze',persona
B'ALAM_AQ'AB',ximenez,55,balam acab,2,exact,B'alam Aq'ab',persona
IQ'I_B'ALAM,ximenez,55,iqui balam.,2,exact,Iq'i B'alam,persona
B'ALAM_KI'TZE',ximenez,55,balam quitze,2,exact,B'alam Ki'tze',persona
B'ALAM_AQ'AB',ximenez,55,balam acab,2,exact,B'alam Aq'ab',persona
IQ'I_B'ALAM,ximenez,55,iqui balam,2,exact,Iq'i B'alam,persona
TOJIL,ximenez,55,to hil,2,exact,Tojil,deidad
SOTZ'I_JA,ximenez,55,zotzila ha,2,exact,Sotz'i Ja,lugar
B'ALAM_KI'TZE',ximenez,55,"balam quitze,",2,exact,B'alam Ki'tze',persona
B'ALAM_AQ'AB',ximenez,55,"balam acab,",2,exact,B'alam Aq'ab',persona
IQ'I_B'ALAM,ximenez,55,iqui balam.,2,exact,Iq'i B'alam,persona
SUYWA,ximenez,55,zu va,2,exact,Suywa,topónimo
SUYWA,ximenez,55,zu va,2,exact,Suywa,topónimo
B'ALAM_KI'TZE',ximenez,55,"balam quitze,",2,exact,B'alam Ki'tze',persona
B'ALAM_AQ'AB',ximenez,55,"balam acab,",2,exact,B'alam Aq'ab',persona
IQ'I_B'ALAM,ximenez,55,iqui balam,2,exact,Iq'i B'alam,persona
NIM_XO'L,ximenez,55,nim xol,2,exact,Nim Xo'l,topónimo
MAJUK'UTAJ,ximenez,55,mahucutah,1,exact,Majuk'utaj,persona
TOJIL,ximenez,55,tohil,1,exact,Tojil,deidad
TOJIL,ximenez,55,tohil,1,exact,Tojil,deidad
TOJIL,ximenez,55,tohil,1,exact,Tojil,deidad
MAJUK'UTAJ,ximenez,55,mahucutah,1,exact,Majuk'utaj,persona
TOJIL,ximenez,55,tohil,1,exact,Tojil,deidad
TOJIL,ximenez,55,tohil,1,exact,Tojil,deidad
MAJUK'UTAJ,ximenez,55,mahucutah,1,exact,Majuk'utaj,persona
TOJIL,ximenez,55,tohil,1,exact,Tojil,deidad
CHAMALKAN,ximenez,55,chamalcan,1,exact,Chamalkan,deidad
KAQCHIKELEB',ximenez,55,caechequeleb,1,exact,Kaqchikeleb',linaje
SOTZ,ximenez,55,xazotz,1,exact,Sotz,animal
KAQCHIKELEB',ximenez,55,q'aq'chequeleb,1,exact,Kaqchikeleb',linaje
TOJIL,ximenez,55,tohil,1,exact,Tojil,deidad
TOJIL,ximenez,55,tohil,1,exact,Tojil,deidad
MAJUK'UTAJ,ximenez,55,"mahucutah,",1,exact,Majuk'utaj,persona
KA'IB'_K'AJOLAB',ximenez,55,vi,1,exact,KA'IB'_K'AJOLAB',
TULÁN,ximenez,55,tulan,1,exact,Tulán,topónimo
WA,ximenez,55,va,1,exact,Wa,objeto
IK'OQ'IJ,ximenez,55,icoquih,1,exact,Ik'oq'ij,topónimo
IK'OQ'IJ,ximenez,55,icoquih,1,exact,Ik'oq'ij,topónimo
K'OKA'IB_KQDOS,ximenez,55,co,1,exact,K'oka'ib (gen. 2),persona
KA'IB'_K'AJOLAB',ximenez,55,vi,1,exact,KA'IB'_K'AJOLAB',
TULÁN,ximenez,55,tulan,1,exact,Tulán,topónimo
KA'IB'_K'AJOLAB',ximenez,55,vi,1,exact,KA'IB'_K'AJOLAB',
KA'IB'_K'AJOLAB',ximenez,55,vi,1,exact,KA'IB'_K'AJOLAB',
KA'IB'_K'AJOLAB',ximenez,55,vi,1,exact,KA'IB'_K'AJOLAB',
KA'IB'_K'AJOLAB',ximenez,55,vi,1,exact,KA'IB'_K'AJOLAB',
TOJIL,ximenez,55,tohil,1,exact,Tojil,deidad
KIK',ximenez,55,vquiquel,1,exact,Kik',objeto
KA'IB'_K'AJOLAB',ximenez,55,vi,1,exact,KA'IB'_K'AJOLAB',
WA,ximenez,55,va,1,exact,Wa,objeto
KOJ,ximenez,55,coh,1,exact,Koj,animal
KA'IB'_K'AJOLAB',ximenez,55,vi,1,exact,KA'IB'_K'AJOLAB',
TOJIL,ximenez,55,tohil,1,exact,Tojil,deidad
MAJUK'UTAJ,ximenez,55,mahucutah,1,exact,Majuk'utaj,persona
SOTZ'I_JA,ximenez,55,ha,1,exact,Sotz'i Ja,lugar
B'IX,ximenez,55,bix,1,fuzzy,B'ix,lugar
TULÁN,ximenez,55,tulan,1,exact,Tulán,topónimo
TULÁN,ximenez,55,tulan,1,exact,Tulán,topónimo
UK'U'X_ULEW,ximenez,55,vleu,1,exact,Uk'u'x Ulew,deidad
KA'IB'_K'AJOLAB',ximenez,55,vi,1,exact,KA'IB'_K'AJOLAB',
OXIB_RI_NIM_JA,ximenez,56,oxib chi quiche,3,exact,Oxib' ri nim ja,linaje
TINAMIT_K'ICHE',ximenez,56,queche vinac,2,exact,Tinamit K'iche',topónimo
JAQAWITZ_JUYUB',ximenez,56,huyub,1,exact,JAQAWITZ_JUYUB',
IXKIK',ximenez,56,xquicuch,1,exact,Ixkik',deidad
KA'IB'_K'AJOLAB',ximenez,56,vi,1,exact,KA'IB'_K'AJOLAB',
RAJAWAL_XIB'ALB'A,ximenez,56,conohel,1,exact,Rajawal Xib'alb'a,grupo de deidades
KA'IB'_K'AJOLAB',ximenez,56,vi,1,exact,KA'IB'_K'AJOLAB',
RAJAWAL_XIB'ALB'A,ximenez,56,conohel,1,exact,Rajawal Xib'alb'a,grupo de deidades
JAQAWITZ_JUYUB',ximenez,56,huyub,1,exact,JAQAWITZ_JUYUB',
CHI_PIXAB',ximenez,56,chipixab,1,exact,Chi Pixab',topónimo
KA'IB'_K'AJOLAB',ximenez,56,vi,1,exact,KA'IB'_K'AJOLAB',
KA'IB'_K'AJOLAB',ximenez,56,vi,1,exact,KA'IB'_K'AJOLAB',
TAMUB',ximenez,56,"tamub,",1,exact,Tamub',linaje
TAMUB',ximenez,56,tamub.,1,exact,Tamub',linaje
ILOKAB',ximenez,56,ilocab,1,exact,Ilokab',linaje
ILOKAB',ximenez,56,ilocab,1,exact,Ilokab',linaje
CHOLOCHIK_AB'AJ,ximenez,57,cholochic abah,2,exact,Cholochik Ab'aj,lugar
B'OQOTAJINAQ_SANAYEB',ximenez,57,bocotahinac zanaieb,2,exact,B'oqotajinaq Sanayeb',lugar
B'ALAM_KI'TZE',ximenez,57,balam quitze,2,exact,B'alam Ki'tze',persona
B'ALAM_AQ'AB',ximenez,57,balam acab,2,exact,B'alam Aq'ab',persona
MAJUK'UTAJ,ximenez,57,ma hucutah,2,exact,Majuk'utaj,persona
KAQCHIKELEB',ximenez,57,q'aq'chequeleb.,1,exact,Kaqchikeleb',linaje
KAQCHIKELEB',ximenez,57,q'aq'chequeleb,1,exact,Kaqchikeleb',linaje
RAB'INALEB',ximenez,57,rabinaleb,1,exact,Rab'inaleb',linaje
AJ,ximenez,57,ah,1,exact,Aj,objeto
SOTZ'I_JA,ximenez,57,ha,1,exact,Sotz'i Ja,lugar
KA'IB'_K'AJOLAB',ximenez,57,vi,1,exact,KA'IB'_K'AJOLAB',
KA'IB'_K'AJOLAB',ximenez,57,vi,1,exact,KA'IB'_K'AJOLAB',
KA'IB'_K'AJOLAB',ximenez,57,vi,1,exact,KA'IB'_K'AJOLAB',
WA,ximenez,57,va,1,exact,Wa,objeto
WA,ximenez,57,quevaic,1,exact,Wa,objeto
KA'IB'_K'AJOLAB',ximenez,57,vi,1,exact,KA'IB'_K'AJOLAB',
PALO,ximenez,57,palo,1,exact,Palo,lugar
PALO,ximenez,57,palo,1,exact,Palo,lugar
KA'IB'_K'AJOLAB',ximenez,57,vi,1,exact,KA'IB'_K'AJOLAB',
KA'IB'_K'AJOLAB',ximenez,57,vi,1,exact,KA'IB'_K'AJOLAB',
PALO,ximenez,57,palo,1,exact,Palo,lugar
SOTZ'I_JA,ximenez,57,ha,1,exact,Sotz'i Ja,lugar
KA'IB'_K'AJOLAB',ximenez,57,vi,1,exact,KA'IB'_K'AJOLAB',
WA,ximenez,57,va,1,exact,Wa,objeto
KA'IB'_K'AJOLAB',ximenez,57,vi,1,exact,KA'IB'_K'AJOLAB',
CHI_PIXAB',ximenez,57,chipixab,1,exact,Chi Pixab',topónimo
TOJIL,ximenez,57,tohil,1,exact,Tojil,deidad
AWILIX,ximenez,57,auilix,1,exact,Awilix,deidad
JAQAWITZ,ximenez,57,hacavitz.,1,exact,Jaqawitz,deidad
CHIMALMAT,ximenez,57,rixoquil,1,exact,Chimalmat,deidad
CHIMALMAT,ximenez,57,rixoquil.,1,exact,Chimalmat,deidad
IXOQ_AJAWAB',ximenez,57,xoquil,1,exact,Ixoq ajawab',linaje
CHOMI_JA',ximenez,57,chomiha,1,exact,Chomi Ja',persona
CHIMALMAT,ximenez,57,rixoquil,1,exact,Chimalmat,deidad
TZ'UNUNI_JA',ximenez,57,tzununiha,1,exact,Tz'ununi Ja',persona
IQ'I_B'ALAM,ximenez,57,iquibalam,1,exact,Iq'i B'alam,persona
KAK'IXA_JA',ximenez,57,caquixha,1,exact,Kak'ixa Ja',persona
CHIMALMAT,ximenez,57,rixoquil,1,exact,Chimalmat,deidad
AJ,ximenez,57,ah,1,exact,Aj,objeto
JAQAWITZ_JUYUB',ximenez,57,huyub,1,exact,JAQAWITZ_JUYUB',
CHI_PIXAB',ximenez,57,chipixab,1,exact,Chi Pixab',topónimo
B'ALAM_KI'TZE',ximenez,58,"Balam quitze,",2,exact,B'alam Ki'tze',persona
B'ALAM_AQ'AB',ximenez,58,"balam acab,",2,exact,B'alam Aq'ab',persona
IQ'I_B'ALAM,ximenez,58,"iqui balam,",2,exact,Iq'i B'alam,persona
XA_Q'ANA_JAL,ximenez,58,ah cahb,2,exact,Xa q'ana jal,grupo de deidades
EWAB'AL_SIWAN,ximenez,58,evabal zivan,2,exact,Ewab'al Siwan,topónimo
PA_AWILIX,ximenez,58,pa vlix,2,exact,Pa Awilix,topónimo
B'ALAM_AQ'AB',ximenez,58,Balam acab.,2,exact,B'alam Aq'ab',persona
B'ALAM_KI'TZE',ximenez,58,balam quitze,2,exact,B'alam Ki'tze',persona
B'ALAM_KI'TZE',ximenez,58,Balam quitze,2,exact,B'alam Ki'tze',persona
XA_Q'ANA_JAL,ximenez,58,ah cahb.,2,exact,Xa q'ana jal,grupo de deidades
B'ALAM_KI'TZE',ximenez,58,Balam quitze,2,exact,B'alam Ki'tze',persona
B'ALAM_AQ'AB',ximenez,58,"balam acab,",2,exact,B'alam Aq'ab',persona
IQ'I_B'ALAM,ximenez,58,"iqui balam,",2,exact,Iq'i B'alam,persona
JAQAWITZ_JUYUB',ximenez,58,huyub hacavitz,2,exact,JAQAWITZ_JUYUB',
TAMUB',ximenez,58,ta mub,2,exact,Tamub',linaje
B'ALAM_AQ'AB',ximenez,58,"balam acab,",2,exact,B'alam Aq'ab',persona
IQ'I_B'ALAM,ximenez,58,"iqui balam,",2,exact,Iq'i B'alam,persona
MAK_EK',ximenez,58,pa ec,2,exact,Mak Ek',objeto
B'ALAM_KI'TZE',ximenez,58,"balam quitze,",2,exact,B'alam Ki'tze',persona
B'ALAM_AQ'AB',ximenez,58,balam acab,2,exact,B'alam Aq'ab',persona
IQ'I_B'ALAM,ximenez,58,iqui balam,2,exact,Iq'i B'alam,persona
SUYWA,ximenez,58,zuy va,2,exact,Suywa,topónimo
PA_TOJIL,ximenez,58,pa tohil,2,exact,Pa Tojil,topónimo
JAQAWITZ_JUYUB',ximenez,58,pa hacavitz,2,exact,JAQAWITZ_JUYUB',
TOJIL,ximenez,58,tohil,1,exact,Tojil,deidad
AJAW_AWILIX,ximenez,58,aulix,1,exact,Ajaw Awilix,oficio
JAQAWITZ,ximenez,58,hacavitz,1,exact,Jaqawitz,deidad
MAJUK'UTAJ,ximenez,58,"mahucutah,",1,exact,Majuk'utaj,persona
KOJ,ximenez,58,coh,1,exact,Koj,animal
KOJ,ximenez,58,qoh,1,exact,Koj,animal
KA'IB'_K'AJOLAB',ximenez,58,"vi,",1,exact,KA'IB'_K'AJOLAB',
KOJ,ximenez,58,coh,1,exact,Koj,animal
WA,ximenez,58,va,1,exact,Wa,objeto
KA'IB'_K'AJOLAB',ximenez,58,vi,1,exact,KA'IB'_K'AJOLAB',
KOJ,ximenez,58,coh,1,exact,Koj,animal
RAJAWAL_XIB'ALB'A,ximenez,58,conohel,1,exact,Rajawal Xib'alb'a,grupo de deidades
AWILIX,ximenez,58,avlix,1,exact,Awilix,deidad
JAQAWITZ,ximenez,58,hacavitz,1,exact,Jaqawitz,deidad
JAQAWITZ,ximenez,58,hacavitz,1,exact,Jaqawitz,deidad
JAQAWITZ_JUYUB',ximenez,58,huyub,1,exact,JAQAWITZ_JUYUB',
KA'IB'_K'AJOLAB',ximenez,58,vi,1,exact,KA'IB'_K'AJOLAB',
JAQAWITZ,ximenez,58,hacavitz,1,exact,Jaqawitz,deidad
MAJUK'UTAJ,ximenez,58,mahucutah,1,exact,Majuk'utaj,persona
KA'IB'_K'AJOLAB',ximenez,58,vi,1,exact,KA'IB'_K'AJOLAB',
JAQAWITZ,ximenez,58,hacavitz,1,exact,Jaqawitz,deidad
JAQAWITZ_JUYUB',ximenez,58,huyub,1,exact,JAQAWITZ_JUYUB',
KA'IB'_K'AJOLAB',ximenez,58,vi,1,exact,KA'IB'_K'AJOLAB',
JAQAWITZ,ximenez,58,hacavitz,1,exact,Jaqawitz,deidad
KA'IB'_K'AJOLAB',ximenez,58,vi,1,exact,KA'IB'_K'AJOLAB',
TOJIL,ximenez,58,tohil,1,exact,Tojil,deidad
PA_TOJIL,ximenez,58,patohil,1,exact,Pa Tojil,topónimo
JAQAWITZ_JUYUB',ximenez,58,huyub,1,exact,JAQAWITZ_JUYUB',
TOJIL,ximenez,58,tohil,1,exact,Tojil,deidad
KUMATZ,ximenez,58,"cumatz,",1,exact,Kumatz,animal
B'ALAM,ximenez,58,"balam,",1,exact,B'alam,animal
SOCHOJ,ximenez,58,"zochoh,",1,exact,Sochoj,animal
K'ANTI',ximenez,58,canti,1,exact,K'anti',animal
KA'IB'_K'AJOLAB',ximenez,58,vi,1,exact,KA'IB'_K'AJOLAB',
KA'IB'_K'AJOLAB',ximenez,58,vi,1,exact,KA'IB'_K'AJOLAB',
XA_Q'ANA_JAL,ximenez,58,ahquixb,1,exact,Xa q'ana jal,grupo de deidades
KA'IB'_K'AJOLAB',ximenez,58,vi,1,exact,KA'IB'_K'AJOLAB',
MAJUK'UTAJ,ximenez,58,mahucutah,1,exact,Majuk'utaj,persona
KA'IB'_K'AJOLAB',ximenez,58,vi,1,exact,KA'IB'_K'AJOLAB',
KA'IB'_K'AJOLAB',ximenez,58,vi,1,exact,KA'IB'_K'AJOLAB',
Q'OQ,ximenez,58,coc,1,exact,Q'OQ,
KA'IB'_K'AJOLAB',ximenez,58,vi,1,exact,KA'IB'_K'AJOLAB',
TAMUB',ximenez,58,tamub,1,exact,Tamub',linaje
ILOKAB',ximenez,58,"ilocab,",1,exact,Ilokab',linaje
KA'IB'_K'AJOLAB',ximenez,58,vi,1,exact,KA'IB'_K'AJOLAB',
ILOKAB',ximenez,58,ilocab,1,exact,Ilokab',linaje
ILOKAB',ximenez,58,ilocab,1,exact,Ilokab',linaje
Q'OQ,ximenez,58,coc,1,exact,Q'OQ,
JAQAWITZ_JUYUB',ximenez,58,huyub,1,exact,JAQAWITZ_JUYUB',
RAB'INALEB',ximenez,58,rabinaleb,1,exact,Rab'inaleb',linaje
KAQCHIKELEB',ximenez,58,q'aq'chequeleb,1,exact,Kaqchikeleb',linaje
AJ,ximenez,58,ah,1,exact,Aj,objeto
KA'IB'_K'AJOLAB',ximenez,58,vi,1,exact,KA'IB'_K'AJOLAB',
KA'IB'_K'AJOLAB',ximenez,58,vi,1,exact,KA'IB'_K'AJOLAB',
KA'IB'_K'AJOLAB',ximenez,58,vi,1,exact,KA'IB'_K'AJOLAB',
IK'OQ'IJ,ximenez,58,icoquih,1,exact,Ik'oq'ij,topónimo
KA'IB'_K'AJOLAB',ximenez,58,vi,1,exact,KA'IB'_K'AJOLAB',
MAJUK'UTAJ,ximenez,58,"mahucutah,",1,exact,Majuk'utaj,persona
KA'IB'_K'AJOLAB',ximenez,58,vi,1,exact,KA'IB'_K'AJOLAB',
KA'IB'_K'AJOLAB',ximenez,58,vi,1,exact,KA'IB'_K'AJOLAB',
KA'IB'_K'AJOLAB',ximenez,58,vi,1,exact,KA'IB'_K'AJOLAB',
KA'IB'_K'AJOLAB',ximenez,58,vi,1,exact,KA'IB'_K'AJOLAB',
KA'IB'_K'AJOLAB',ximenez,58,vi,1,exact,KA'IB'_K'AJOLAB',
KA'IB'_K'AJOLAB',ximenez,58,vi,1,exact,KA'IB'_K'AJOLAB',
TOJIL,ximenez,58,tohil,1,exact,Tojil,deidad
AWILIX,ximenez,58,avilix,1,exact,Awilix,deidad
JAQAWITZ,ximenez,58,hacavitz,1,exact,Jaqawitz,deidad
MAJUK'UTAJ,ximenez,58,"mahucutah,",1,exact,Majuk'utaj,persona
TULÁN,ximenez,58,tulan,1,exact,Tulán,topónimo
KA'IB'_K'AJOLAB',ximenez,58,vi,1,exact,KA'IB'_K'AJOLAB',
AWILIX,ximenez,58,"avlix,",1,exact,Awilix,deidad
KA'IB'_K'AJOLAB',ximenez,58,vi,1,exact,KA'IB'_K'AJOLAB',
KA'IB'_K'AJOLAB',ximenez,58,vi,1,exact,KA'IB'_K'AJOLAB',
SAQI_NIM_AQ_SIS,ximenez,58,camam,1,exact,Saqi Nim Aq Sis,deidad
IK,ximenez,58,"ic,",1,exact,Ik,objeto
IK,ximenez,59,"ic,",1,exact,Ik,objeto
POM,ximenez,60,mi xtam pom,3,exact,Pom,objeto
YAKI,ximenez,60,ya qui vinac,3,exact,Yaki,linaje
B'ALAM_KI'TZE',ximenez,60,"balam quitze,",2,exact,B'alam Ki'tze',persona
B'ALAM_AQ'AB',ximenez,60,"balam acab,",2,exact,B'alam Aq'ab',persona
IQ'I_B'ALAM,ximenez,60,iqui balam,2,exact,Iq'i B'alam,persona
B'ALAM_KI'TZE',ximenez,60,balam quitze.,2,exact,B'alam Ki'tze',persona
POM,ximenez,60,cavizton pom,2,exact,Pom,objeto
B'ALAM_AQ'AB',ximenez,60,balam acab.,2,exact,B'alam Aq'ab',persona
POM,ximenez,60,cabavil pom,2,exact,Pom,objeto
K'ELETZU,ximenez,60,quele tzu,2,exact,K'eletzu,animal
AJ,ximenez,60,ri ah,2,exact,Aj,objeto
XA_Q'ANA_JAL,ximenez,60,ah cahb,2,exact,Xa q'ana jal,grupo de deidades
XA_Q'ANA_JAL,ximenez,60,"rah quixb,",2,exact,Xa q'ana jal,grupo de deidades
AJBATENAJA,ximenez,60,ah batena,2,exact,AJBATENAJA,
B'ALAM_KI'TZE',ximenez,60,"balam quitze,",2,exact,B'alam Ki'tze',persona
B'ALAM_AQ'AB',ximenez,60,"balam acab,",2,exact,B'alam Aq'ab',persona
IQ'I_B'ALAM,ximenez,60,iqui balam,2,exact,Iq'i B'alam,persona
JAQAWITZ_JUYUB',ximenez,60,huyub hacavitz,2,exact,JAQAWITZ_JUYUB',
B'ALAM_KI'TZE',ximenez,60,"balam quitze,",2,exact,B'alam Ki'tze',persona
IQ'I_B'ALAM,ximenez,60,iqui balam,2,exact,Iq'i B'alam,persona
YAKI,ximenez,60,yaqui vinac,2,exact,Yaki,linaje
SUYWA,ximenez,60,zuy va,2,exact,Suywa,topónimo
KA'IB'_K'AJOLAB',ximenez,60,qui chac,2,exact,KA'IB'_K'AJOLAB',
YAKI,ximenez,60,yaqui vinac,2,exact,Yaki,linaje
TEPEW_OLOMAN,ximenez,60,tepeu oliman,2,exact,Tepew Oloman,linaje
AMAQ'_TAM,ximenez,60,amac Dan,2,exact,Amaq' Tam,linaje
TINAMIT_K'ICHE',ximenez,60,queche vinac.,2,exact,Tinamit K'iche',topónimo
JUN_TOJ,ximenez,60,hun toh,2,exact,Jun Toj,deidad
SUYWA,ximenez,60,"zuy va,",2,exact,Suywa,topónimo
AJPOP_SOTZ'IL,ximenez,60,ah pozotzil,2,exact,Ajpop Sotz'il,linaje
B'ALAM_KI'TZE',ximenez,60,"balam quitze,",2,exact,B'alam Ki'tze',persona
B'ALAM_AQ'AB',ximenez,60,"balam acab,",2,exact,B'alam Aq'ab',persona
IQ'I_B'ALAM,ximenez,60,iqui balam,2,exact,Iq'i B'alam,persona
MAK_EK',ximenez,60,pa ec,2,exact,Mak Ek',objeto
MAJUK'UTAJ,ximenez,60,"mahucutah,",1,exact,Majuk'utaj,persona
IK'OQ'IJ,ximenez,60,icoquih.,1,exact,Ik'oq'ij,topónimo
POM,ximenez,60,pom,1,exact,Pom,objeto
KA'IB'_K'AJOLAB',ximenez,60,vi,1,exact,KA'IB'_K'AJOLAB',
POM,ximenez,60,pom,1,exact,Pom,objeto
POM,ximenez,60,pom,1,exact,Pom,objeto
MAJUK'UTAJ,ximenez,60,mahucutah.,1,exact,Majuk'utaj,persona
POM,ximenez,60,pom,1,exact,Pom,objeto
POM,ximenez,60,pom,1,exact,Pom,objeto
KOJ,ximenez,60,coh,1,exact,Koj,animal
B'ALAM,ximenez,60,balam,1,exact,B'alam,animal
IXOQ_AJAWAB',ximenez,60,xquicot,1,exact,Ixoq ajawab',linaje
AJAW_XIK,ximenez,60,"xic,",1,exact,Xik,deidad
K'OTAL,ximenez,60,cot,1,exact,K'otal,animal
SAQ_K'UCH,ximenez,60,zaccuch,1,exact,Saq K'uch,animal
XA_Q'ANA_JAL,ximenez,60,rahcahb,1,exact,Xa q'ana jal,grupo de deidades
TAMUB',ximenez,60,tamub,1,exact,Tamub',linaje
ILOKAB',ximenez,60,ilocab,1,exact,Ilokab',linaje
RAB'INALEB',ximenez,60,rabinaleb,1,exact,Rab'inaleb',linaje
KAQCHIKELEB',ximenez,60,"q'aq'chequeleb,",1,exact,Kaqchikeleb',linaje
TUJAL_JA,ximenez,60,tuhalha,1,exact,Tujal Ja,topónimo
UCH'AB'AJA,ximenez,60,"vchabaha,",1,exact,Uch'ab'aja,linaje
AJKIB'A_JA,ximenez,60,"quibaha,",1,exact,Ajkib'a Ja,linaje
KA'IB'_K'AJOLAB',ximenez,60,vi,1,exact,KA'IB'_K'AJOLAB',
UK'U'X_ULEW,ximenez,60,vleu,1,exact,Uk'u'x Ulew,deidad
KA'IB'_K'AJOLAB',ximenez,60,vi,1,exact,KA'IB'_K'AJOLAB',
UK'U'X_ULEW,ximenez,60,vleu,1,exact,Uk'u'x Ulew,deidad
UK'U'X_ULEW,ximenez,60,vleu,1,exact,Uk'u'x Ulew,deidad
TOJIL,ximenez,60,ritohil,1,exact,Tojil,deidad
AJAW_AWILIX,ximenez,60,aulix,1,exact,Ajaw Awilix,oficio
JAQAWITZ,ximenez,60,hacavitz,1,exact,Jaqawitz,deidad
KOJ,ximenez,60,coh,1,exact,Koj,animal
B'ALAM,ximenez,60,balam,1,exact,B'alam,animal
SOCHOJ,ximenez,60,zochoh,1,exact,Sochoj,animal
K'ANTI',ximenez,60,canti,1,exact,K'anti',animal
SAQI_K'OXOL,ximenez,60,zaquicoxol,1,exact,Saqi K'oxol,persona
IK,ximenez,60,"ic,",1,exact,Ik,objeto
KOJ,ximenez,60,coh,1,exact,Koj,animal
B'ALAM,ximenez,60,balam,1,exact,B'alam,animal
SOCHOJ,ximenez,60,zochoh,1,exact,Sochoj,animal
K'ANTI',ximenez,60,canti,1,exact,K'anti',animal
SAQI_K'OXOL,ximenez,60,zaquicoxol,1,exact,Saqi K'oxol,persona
KA'IB'_K'AJOLAB',ximenez,60,vi,1,exact,KA'IB'_K'AJOLAB',
MAJUK'UTAJ,ximenez,60,"mahucutah,",1,exact,Majuk'utaj,persona
KA'IB'_K'AJOLAB',ximenez,60,vi,1,exact,KA'IB'_K'AJOLAB',
KA'IB'_K'AJOLAB',ximenez,60,vi,1,exact,KA'IB'_K'AJOLAB',
KA'IB'_K'AJOLAB',ximenez,60,vi,1,exact,KA'IB'_K'AJOLAB',
KA'IB'_K'AJOLAB',ximenez,60,vi,1,exact,KA'IB'_K'AJOLAB',
B'ALAM_AQ'AB',ximenez,60,"balamacab,",1,exact,B'alam Aq'ab',persona
MAJUK'UTAJ,ximenez,60,"mahucutah,",1,exact,Majuk'utaj,persona
KA'IB'_K'AJOLAB',ximenez,60,vi,1,exact,KA'IB'_K'AJOLAB',
JAQAWITZ_JUYUB',ximenez,60,huyub,1,exact,JAQAWITZ_JUYUB',
CHI_ISMACHI',ximenez,60,quitinamit,1,exact,Chi Ismachi',topónimo
KA'IB'_K'AJOLAB',ximenez,60,vi,1,exact,KA'IB'_K'AJOLAB',
IK,ximenez,60,"ic,",1,exact,Ik,objeto
UK'U'X_ULEW,ximenez,60,vleu,1,exact,Uk'u'x Ulew,deidad
QAMUKU,ximenez,60,camucu,1,exact,Qamuku,canto
B'IX,ximenez,60,bix,1,fuzzy,B'ix,lugar
TULÁN,ximenez,60,tulan,1,exact,Tulán,topónimo
KA'IB'_K'AJOLAB',ximenez,60,vi,1,exact,KA'IB'_K'AJOLAB',
JUN_B'ATZ'_JUN_CHOWEN,ximenez,60,catz,1,exact,Jun B'atz' Jun Chowen,grupo de deidades
KA'IB'_K'AJOLAB',ximenez,60,vi,1,exact,KA'IB'_K'AJOLAB',
XA_Q'ANA_JAL,ximenez,60,"rahquixb,",1,exact,Xa q'ana jal,grupo de deidades
XA_Q'ANA_JAL,ximenez,60,rahcahb,1,exact,Xa q'ana jal,grupo de deidades
TOJIL,ximenez,60,tohil,1,exact,Tojil,deidad
JUN_B'ATZ'_JUN_CHOWEN,ximenez,60,catz,1,exact,Jun B'atz' Jun Chowen,grupo de deidades
MEXICO,ximenez,60,Mexico,1,exact,México,topónimo
WA,ximenez,60,va,1,exact,Wa,objeto
JAQAWITZ,ximenez,60,hacavitz,1,exact,Jaqawitz,deidad
TAMUB',ximenez,60,tamub,1,exact,Tamub',linaje
ILOKAB',ximenez,60,ilocab,1,exact,Ilokab',linaje
KA'IB'_K'AJOLAB',ximenez,60,vi,1,exact,KA'IB'_K'AJOLAB',
KA'IB'_K'AJOLAB',ximenez,60,vi,1,exact,KA'IB'_K'AJOLAB',
XA_Q'ANA_JAL,ximenez,60,rachquixb,1,exact,Xa q'ana jal,grupo de deidades
XA_Q'ANA_JAL,ximenez,60,rachcahb,1,exact,Xa q'ana jal,grupo de deidades
TAMUB',ximenez,60,tamub,1,exact,Tamub',linaje
TOJIL,ximenez,60,tohil,1,exact,Tojil,deidad
RAB'INALEB',ximenez,60,rabinaleb,1,exact,Rab'inaleb',linaje
RAB'INALEB',ximenez,60,rabinaleb,1,exact,Rab'inaleb',linaje
TINAMIT_K'ICHE',ximenez,60,queche,1,exact,Tinamit K'iche',topónimo
KA'IB'_K'AJOLAB',ximenez,60,vi,1,exact,KA'IB'_K'AJOLAB',
KAQCHIKELEB',ximenez,60,q'aq'chequeleb,1,exact,Kaqchikeleb',linaje
TULÁN,ximenez,60,tulan,1,exact,Tulán,topónimo
AJ,ximenez,60,ah,1,exact,Aj,objeto
KA'IB'_K'AJOLAB',ximenez,60,vi,1,exact,KA'IB'_K'AJOLAB',
TULÁN,ximenez,60,tulan,1,exact,Tulán,topónimo
KA'IB'_K'AJOLAB',ximenez,60,vi,1,exact,KA'IB'_K'AJOLAB',
TULÁN,ximenez,60,tulan,1,exact,Tulán,topónimo
KA'IB'_K'AJOLAB',ximenez,60,vi,1,exact,KA'IB'_K'AJOLAB',
KA'IB'_K'AJOLAB',ximenez,60,vi,1,exact,KA'IB'_K'AJOLAB',
JAQAWITZ_JUYUB',ximenez,60,huyub,1,exact,JAQAWITZ_JUYUB',
KA'IB'_K'AJOLAB',ximenez,60,vi,1,exact,KA'IB'_K'AJOLAB',
MAJUK'UTAJ,ximenez,60,"mahucutah,",1,exact,Majuk'utaj,persona
Q'OQ,ximenez,60,coc,1,exact,Q'OQ,
JAQAWITZ,ximenez,60,hacavitz,1,exact,Jaqawitz,deidad
XA_Q'ANA_JAL,ximenez,61,eah cahb.,2,exact,Xa q'ana jal,grupo de deidades
PUCH_IYA,ximenez,61,"puch yia,",2,exact,Puch iya,objeto
JOLOM_OKOX,ximenez,61,holom ocox,2,exact,Jolom Okox,objeto
B'ALAM_KI'TZE',ximenez,61,"balam quitze,",2,exact,B'alam Ki'tze',persona
B'ALAM_AQ'AB',ximenez,61,"balam acab,",2,exact,B'alam Aq'ab',persona
IQ'I_B'ALAM,ximenez,61,iqui balam,2,exact,Iq'i B'alam,persona
TOJIL,ximenez,61,tohil,1,exact,Tojil,deidad
TOJIL,ximenez,61,tohil,1,exact,Tojil,deidad
AJAW_AWILIX,ximenez,61,aulix,1,exact,Ajaw Awilix,oficio
XA_Q'ANA_JAL,ximenez,61,ahquixb,1,exact,Xa q'ana jal,grupo de deidades
XA_Q'ANA_JAL,ximenez,61,ahcahb,1,exact,Xa q'ana jal,grupo de deidades
TOJIL,ximenez,61,tohil,1,exact,Tojil,deidad
NOJ,ximenez,61,noh,1,exact,Noj,objeto
PUCH_IYA,ximenez,61,yia,1,exact,Puch iya,objeto
TOJIL,ximenez,61,tohil,1,exact,Tojil,deidad
KA'IB'_K'AJOLAB',ximenez,61,vi,1,exact,KA'IB'_K'AJOLAB',
KOJ,ximenez,61,coh,1,exact,Koj,animal
KA'IB'_K'AJOLAB',ximenez,61,vi,1,exact,KA'IB'_K'AJOLAB',
TOROB,ximenez,61,torob,1,exact,Torob,objeto
KEJ,ximenez,61,queh,1,exact,Kej,animal
KIK',ximenez,61,vquiquel,1,exact,Kik',objeto
KEJ,ximenez,61,queh,1,exact,Kej,animal
KA'IB'_K'AJOLAB',ximenez,61,vi,1,exact,KA'IB'_K'AJOLAB',
TOJIL,ximenez,61,tohil,1,exact,Tojil,deidad
KIK',ximenez,61,vquiquel,1,exact,Kik',objeto
KA'IB'_K'AJOLAB',ximenez,61,vi,1,exact,KA'IB'_K'AJOLAB',
KOJ,ximenez,61,"coh,",1,exact,Koj,animal
TOJIL,ximenez,61,tohil,1,exact,Tojil,deidad
AJAW_AWILIX,ximenez,61,aulix,1,exact,Ajaw Awilix,oficio
JAQAWITZ,ximenez,61,hacavitz,1,exact,Jaqawitz,deidad
KEJ,ximenez,61,queh,1,exact,Kej,animal
XA_Q'ANA_JAL,ximenez,61,ahquixb,1,exact,Xa q'ana jal,grupo de deidades
XA_Q'ANA_JAL,ximenez,61,ahcahb,1,exact,Xa q'ana jal,grupo de deidades
KIK',ximenez,61,vquiquel,1,exact,Kik',objeto
KEJ,ximenez,61,queh,1,exact,Kej,animal
KIK',ximenez,61,quic,1,exact,Kik',objeto
XA_Q'ANA_JAL,ximenez,61,ahquixb,1,exact,Xa q'ana jal,grupo de deidades
XA_Q'ANA_JAL,ximenez,61,ahcahb,1,exact,Xa q'ana jal,grupo de deidades
Q'OL,ximenez,61,q'ol,1,exact,Q'ol,objeto
KEJ,ximenez,61,queh,1,exact,Kej,animal
KA'IB'_K'AJOLAB',ximenez,61,vi,1,exact,KA'IB'_K'AJOLAB',
JAQAWITZ_JUYUB',ximenez,61,huyub,1,exact,JAQAWITZ_JUYUB',
WONON,ximenez,61,vorom.,1,exact,Wonon,animal
SITA'L,ximenez,61,zital,1,exact,Sita'l,animal
AQAJ,ximenez,61,"acah,",1,exact,Aqaj,animal
WA,ximenez,61,va,1,exact,Wa,objeto
IXOQ_AJAWAB',ximenez,61,"quixoquila,",1,exact,Ixoq ajawab',linaje
KA'IB'_K'AJOLAB',ximenez,61,vi,1,exact,KA'IB'_K'AJOLAB',
MAJUK'UTAJ,ximenez,61,mahucutah,1,exact,Majuk'utaj,persona
KA'IB'_K'AJOLAB',ximenez,61,vi.,1,exact,KA'IB'_K'AJOLAB',
JAQAWITZ_JUYUB',ximenez,61,"huyub,",1,exact,JAQAWITZ_JUYUB',
UTIW,ximenez,61,vtiu,1,exact,Utiw,animal
YAK,ximenez,61,yac.,1,exact,Yak,animal
KOJ,ximenez,61,coh,1,exact,Koj,animal
B'ALAM,ximenez,61,balam,1,exact,B'alam,animal
UTIW,ximenez,61,vtiu,1,exact,Utiw,animal
YAK,ximenez,61,yac,1,exact,Yak,animal
KOJ,ximenez,61,coh,1,exact,Koj,animal
B'ALAM,ximenez,61,balam,1,exact,B'alam,animal
KOJ,ximenez,61,coh,1,exact,Koj,animal
B'ALAM,ximenez,61,balam,1,exact,B'alam,animal
IXOQ_AJAWAB',ximenez,61,quixoquil,1,exact,Ixoq ajawab',linaje
WONON,ximenez,61,vonon,1,exact,Wonon,animal
SITA'L,ximenez,61,"zital,",1,exact,Sita'l,animal
AQAJ,ximenez,61,acah,1,exact,Aqaj,animal
IXOQ_AJAWAB',ximenez,61,quixoquil,1,exact,Ixoq ajawab',linaje
TOJIL,ximenez,61,tohil,1,exact,Tojil,deidad
AJAW_AWILIX,ximenez,61,aulix,1,exact,Ajaw Awilix,oficio
JAQAWITZ,ximenez,61,hacavitz,1,exact,Jaqawitz,deidad
TOJIL,ximenez,61,tohil,1,exact,Tojil,deidad
AJAW_AWILIX,ximenez,61,aulix,1,exact,Ajaw Awilix,oficio
JAQAWITZ,ximenez,61,hacavitz,1,exact,Jaqawitz,deidad
KEJ,ximenez,61,queh,1,exact,Kej,animal
TOJIL,ximenez,61,tohil,1,exact,Tojil,deidad
AJAW_AWILIX,ximenez,61,aulix,1,exact,Ajaw Awilix,oficio
JAQAWITZ,ximenez,61,hacavitz,1,exact,Jaqawitz,deidad
TOJIL,ximenez,61,tohil,1,exact,Tojil,deidad
AJAW_AWILIX,ximenez,61,aulix,1,exact,Ajaw Awilix,oficio
JAQAWITZ,ximenez,61,hacavitz,1,exact,Jaqawitz,deidad
SIS,ximenez,61,ziz,1,exact,Sis,animal
KIK',ximenez,61,quiquel,1,exact,Kik',objeto
Q'OQ,ximenez,61,vcoc,1,exact,Q'OQ,
KA'IB'_K'AJOLAB',ximenez,61,qaholab,1,exact,KA'IB'_K'AJOLAB',
K'OTAL,ximenez,61,cot,1,exact,K'otal,animal
KIK',ximenez,61,quiquel,1,exact,Kik',objeto
XA_Q'ANA_JAL,ximenez,61,ahquixb,1,exact,Xa q'ana jal,grupo de deidades
XA_Q'ANA_JAL,ximenez,61,ahcahb.,1,exact,Xa q'ana jal,grupo de deidades
KA'IB'_K'AJOLAB',ximenez,61,vi,1,exact,KA'IB'_K'AJOLAB',
TULÁN,ximenez,61,tulan,1,exact,Tulán,topónimo
KIK',ximenez,61,quic,1,exact,Kik',objeto
TOJIL,ximenez,61,tohil,1,exact,Tojil,deidad
AJAW_AWILIX,ximenez,61,aulix,1,exact,Ajaw Awilix,oficio
JAQAWITZ,ximenez,61,hacavitz.,1,exact,Jaqawitz,deidad
B'ALAM_AQ'AB',ximenez,62,ba lam acab,3,exact,B'alam Aq'ab',persona
B'ALAM_KI'TZE',ximenez,62,"balam quitze,",2,exact,B'alam Ki'tze',persona
IQ'I_B'ALAM,ximenez,62,iqui balam.,2,exact,Iq'i B'alam,persona
MAJUK'UTAJ,ximenez,62,mahucutah,1,exact,Majuk'utaj,persona
CHI_RATINIB'AL_TOJIL,ximenez,63,chi ratinibal tohil,3,exact,Chi Ratinib'al Tojil,topónimo
B'ALAM_KI'TZE',ximenez,63,balam quitze,2,exact,B'alam Ki'tze',persona
B'ALAM_AQ'AB',ximenez,63,"balam acab,",2,exact,B'alam Aq'ab',persona
IQ'I_B'ALAM,ximenez,63,iqui balam.,2,exact,Iq'i B'alam,persona
JUN_B'ATZ'_JUN_CHOWEN,ximenez,63,caib,1,exact,Jun B'atz' Jun Chowen,grupo de deidades
TOJIL,ximenez,63,tohil,1,exact,Tojil,deidad
AJAW_AWILIX,ximenez,63,aulix,1,exact,Ajaw Awilix,oficio
JUNAJPU,ximenez,63,vholom,1,exact,Junajpu,deidad
B'ALAM,ximenez,63,balam,1,exact,B'alam,animal
B'ALAM,ximenez,63,balam,1,exact,B'alam,animal
TOJIL,ximenez,63,tohil,1,exact,Tojil,deidad
AJAW_AWILIX,ximenez,63,aulix,1,exact,Ajaw Awilix,oficio
Q'OQ,ximenez,63,coc,1,exact,Q'OQ,
XA_Q'ANA_JAL,ximenez,63,ahquixb,1,exact,Xa q'ana jal,grupo de deidades
XA_Q'ANA_JAL,ximenez,63,ahcahb.,1,exact,Xa q'ana jal,grupo de deidades
KA'IB'_K'AJOLAB',ximenez,63,vi,1,exact,KA'IB'_K'AJOLAB',
RAJAWAL_XIB'ALB'A,ximenez,63,conohel,1,exact,Rajawal Xib'alb'a,grupo de deidades
XA_Q'ANA_JAL,ximenez,63,ahquixb,1,exact,Xa q'ana jal,grupo de deidades
XA_Q'ANA_JAL,ximenez,63,ahcahb,1,exact,Xa q'ana jal,grupo de deidades
KEJ,ximenez,63,"queh,",1,exact,Kej,animal
B'ALAM,ximenez,63,balam,1,exact,B'alam,animal
KA'IB'_K'AJOLAB',ximenez,63,vi,1,exact,KA'IB'_K'AJOLAB',
TOJIL,ximenez,63,tohil,1,exact,Tojil,deidad
AJAW_AWILIX,ximenez,63,aulix,1,exact,Ajaw Awilix,oficio
JAQAWITZ,ximenez,63,hacavitz,1,exact,Jaqawitz,deidad
JAQAWITZ_JUYUB',ximenez,63,huyub.,1,exact,JAQAWITZ_JUYUB',
TOJIL,ximenez,63,tohil,1,exact,Tojil,deidad
AJAW_AWILIX,ximenez,63,aulix,1,exact,Ajaw Awilix,oficio
JAQAWITZ,ximenez,63,hacavitz,1,exact,Jaqawitz,deidad
K'AJOLOM,ximenez,63,qahol,1,exact,K'ajolom,deidad
TOJIL,ximenez,63,tohil,1,exact,Tojil,deidad
AJAW_AWILIX,ximenez,63,aulix,1,exact,Ajaw Awilix,oficio
JAQAWITZ,ximenez,63,hacavitz,1,exact,Jaqawitz,deidad
KA'IB'_K'AJOLAB',ximenez,63,qaholab,1,exact,KA'IB'_K'AJOLAB',
SOTZ'I_JA,ximenez,63,ha,1,exact,Sotz'i Ja,lugar
SOTZ'I_JA,ximenez,63,ha,1,exact,Sotz'i Ja,lugar
MAJUK'UTAJ,ximenez,63,mahucutah,1,exact,Majuk'utaj,persona
KAWEQ,ximenez,64,cavec queche vinac,3,exact,Kaweq,linaje
IXTAJ_IXPUCH',ximenez,64,e caib capohib,3,exact,Ixtaj Ixpuch',grupo de deidades
CHI_RATINIB'AL_TOJIL,ximenez,64,chi ratinibal tohil,3,exact,Chi Ratinib'al Tojil,topónimo
KAWEQ,ximenez,64,ca vec,2,exact,Kaweq,linaje
CHI_RATINIB'AL_TOJIL,ximenez,64,chuchi ya,2,exact,Chi Ratinib'al Tojil,topónimo
XA_Q'ANA_JAL,ximenez,64,ah quixb,2,exact,Xa q'ana jal,grupo de deidades
IXTAJ_IXPUCH',ximenez,64,chi capohib,2,exact,Ixtaj Ixpuch',grupo de deidades
IXTAJ_IXPUCH',ximenez,64,tac capohib,2,exact,Ixtaj Ixpuch',grupo de deidades
IXTAJ_IXPUCH',ximenez,64,tac capohib,2,exact,Ixtaj Ixpuch',grupo de deidades
KA'IB'_K'AJOLAB',ximenez,64,e caib,2,exact,KA'IB'_K'AJOLAB',
TOJIL,ximenez,64,tohil,1,exact,Tojil,deidad
AWILIX,ximenez,64,avlix,1,exact,Awilix,deidad
JAQAWITZ,ximenez,64,hacavitz,1,exact,Jaqawitz,deidad
KA'IB'_K'AJOLAB',ximenez,64,vi,1,exact,KA'IB'_K'AJOLAB',
XA_Q'ANA_JAL,ximenez,64,ahquixb,1,exact,Xa q'ana jal,grupo de deidades
XA_Q'ANA_JAL,ximenez,64,ahcahb,1,exact,Xa q'ana jal,grupo de deidades
RAJAWAL_XIB'ALB'A,ximenez,64,conohel,1,exact,Rajawal Xib'alb'a,grupo de deidades
RAJAWAL_XIB'ALB'A,ximenez,64,conohel,1,exact,Rajawal Xib'alb'a,grupo de deidades
KOJ,ximenez,64,coh,1,exact,Koj,animal
TOJIL,ximenez,64,tohil,1,exact,Tojil,deidad
AJAW_AWILIX,ximenez,64,aulix,1,exact,Ajaw Awilix,oficio
JAQAWITZ,ximenez,64,hacavitz,1,exact,Jaqawitz,deidad
TOJIL,ximenez,64,ritohil,1,exact,Tojil,deidad
RAJAWAL_XIB'ALB'A,ximenez,64,conohel,1,exact,Rajawal Xib'alb'a,grupo de deidades
TOJIL,ximenez,64,tohil,1,exact,Tojil,deidad
AJAW_AWILIX,ximenez,64,aulix,1,exact,Ajaw Awilix,oficio
JAQAWITZ,ximenez,64,hacauitz,1,exact,Jaqawitz,deidad
KA'IB'_K'AJOLAB',ximenez,64,vi,1,exact,KA'IB'_K'AJOLAB',
XA_Q'ANA_JAL,ximenez,64,ahcahb,1,exact,Xa q'ana jal,grupo de deidades
JUN_B'ATZ'_JUN_CHOWEN,ximenez,64,caib,1,exact,Jun B'atz' Jun Chowen,grupo de deidades
IXTAJ_IXPUCH,ximenez,64,capohib,1,exact,IXTAJ_IXPUCH,
IXTAJ_IXPUCH',ximenez,64,ixcamial,1,exact,Ixtaj Ixpuch',grupo de deidades
IXTAJ_IXPUCH',ximenez,64,mial,1,exact,Ixtaj Ixpuch',grupo de deidades
JUN_KAME'_WUQUB'_KAME,ximenez,64,ahauab,1,exact,JUN_KAME'_WUQUB'_KAME,
JUN_KAME'_WUQUB'_KAME,ximenez,64,ahauab,1,exact,JUN_KAME'_WUQUB'_KAME,
IXTAJ_IXPUCH,ximenez,64,capohib,1,exact,IXTAJ_IXPUCH,
WA,ximenez,64,va,1,exact,Wa,objeto
IXTAJ,ximenez,64,xtah,1,exact,Ixtaj,deidad
IXKIK',ximenez,64,capoh.,1,exact,Ixkik',deidad
IXPUCH',ximenez,64,xpuch,1,exact,Ixpuch',deidad
JUN_B'ATZ'_JUN_CHOWEN,ximenez,64,caib,1,exact,Jun B'atz' Jun Chowen,grupo de deidades
IXTAJ,ximenez,64,xtah,1,exact,Ixtaj,deidad
IXPUCH',ximenez,64,xpuch,1,exact,Ixpuch',deidad
AJAW_AWILIX,ximenez,64,aulix,1,exact,Ajaw Awilix,oficio
JAQAWITZ,ximenez,64,hacavitz.,1,exact,Jaqawitz,deidad
IXTAJ_IXPUCH',ximenez,65,e caib qui mial,4,exact,Ixtaj Ixpuch',grupo de deidades
CHI_RATINIB'AL_TOJIL,ximenez,65,chatin vi tohil,3,exact,Chi Ratinib'al Tojil,topónimo
IXTAJ_IXPUCH',ximenez,65,e caib capohib,3,exact,Ixtaj Ixpuch',grupo de deidades
IXTAJ_IXPUCH',ximenez,65,e caib capohib,3,exact,Ixtaj Ixpuch',grupo de deidades
IXTAJ_IXPUCH',ximenez,65,e caib capohib,3,exact,Ixtaj Ixpuch',grupo de deidades
IXTAJ_IXPUCH',ximenez,65,e caib capohib,3,exact,Ixtaj Ixpuch',grupo de deidades
IXTAJ_IXPUCH',ximenez,65,e caib capohib,3,exact,Ixtaj Ixpuch',grupo de deidades
IXTAJ_IXPUCH',ximenez,65,e caib capohib,3,exact,Ixtaj Ixpuch',grupo de deidades
CHI_RATINIB'AL_TOJIL,ximenez,65,"chuchi ya,",2,exact,Chi Ratinib'al Tojil,topónimo
AJ,ximenez,65,ri ah,2,exact,Aj,objeto
B'ALAM_KI'TZE',ximenez,65,"balam quitze,",2,exact,B'alam Ki'tze',persona
B'ALAM_AQ'AB',ximenez,65,"balam acab,",2,exact,B'alam Aq'ab',persona
IQ'I_B'ALAM,ximenez,65,iqui balam,2,exact,Iq'i B'alam,persona
B'ALAM_KI'TZE',ximenez,65,"balam quitze,",2,exact,B'alam Ki'tze',persona
B'ALAM_AQ'AB',ximenez,65,"balam acab,",2,exact,B'alam Aq'ab',persona
JUN_KAME'_WUQUB'_KAME,ximenez,65,ahauab,1,exact,JUN_KAME'_WUQUB'_KAME,
TOJIL,ximenez,65,tohil,1,exact,Tojil,deidad
AJAW_AWILIX,ximenez,65,aulix,1,exact,Ajaw Awilix,oficio
JAQAWITZ,ximenez,65,hacavitz.,1,exact,Jaqawitz,deidad
IXTAJ_IXPUCH,ximenez,65,capohib,1,exact,IXTAJ_IXPUCH,
TOJIL,ximenez,65,tohil,1,exact,Tojil,deidad
TOJIL,ximenez,65,tohil,1,exact,Tojil,deidad
KA'IB'_K'AJOLAB',ximenez,65,vi.,1,exact,KA'IB'_K'AJOLAB',
KA'IB'_K'AJOLAB',ximenez,65,vi,1,exact,KA'IB'_K'AJOLAB',
JUN_KAME'_WUQUB'_KAME,ximenez,65,ahauab,1,exact,JUN_KAME'_WUQUB'_KAME,
TOJIL,ximenez,65,tohil,1,exact,Tojil,deidad
JUN_KAME'_WUQUB'_KAME,ximenez,65,ahauab,1,exact,JUN_KAME'_WUQUB'_KAME,
KA'IB'_K'AJOLAB',ximenez,65,vi,1,exact,KA'IB'_K'AJOLAB',
IXTAJ_IXPUCH,ximenez,65,capohib,1,exact,IXTAJ_IXPUCH,
TOJIL,ximenez,65,tohil,1,exact,Tojil,deidad
TOJIL,ximenez,65,tohil,1,exact,Tojil,deidad
AJAW_AWILIX,ximenez,65,aulix,1,exact,Ajaw Awilix,oficio
JAQAWITZ,ximenez,65,hacavitz,1,exact,Jaqawitz,deidad
IXTAJ,ximenez,65,xtah,1,exact,Ixtaj,deidad
IXPUCH',ximenez,65,xpuch,1,exact,Ixpuch',deidad
JUN_KAME'_WUQUB'_KAME,ximenez,65,ahauab,1,exact,JUN_KAME'_WUQUB'_KAME,
XA_Q'ANA_JAL,ximenez,65,ahcahb,1,exact,Xa q'ana jal,grupo de deidades
MAJUK'UTAJ,ximenez,65,"mahucutah,",1,exact,Majuk'utaj,persona
MAJUK'UTAJ,ximenez,65,mahucutah.,1,exact,Majuk'utaj,persona
B'ALAM_KI'TZE',ximenez,66,balam quitze.,2,exact,B'alam Ki'tze',persona
B'ALAM_AQ'AB',ximenez,66,"balam acab,",2,exact,B'alam Aq'ab',persona
B'ALAM_KI'TZE',ximenez,66,"balam quitze,",2,exact,B'alam Ki'tze',persona
B'ALAM_AQ'AB',ximenez,66,"balam acab,",2,exact,B'alam Aq'ab',persona
JAQAWITZ,ximenez,66,chirih ahau,2,exact,Jaqawitz,deidad
AWILIX,ximenez,66,chicut ahau,2,exact,Awilix,deidad
JAQAWITZ,ximenez,66,chirih ahau,2,exact,Jaqawitz,deidad
IXTAJ_IXPUCH',ximenez,66,ix qaxtoq,2,exact,Ixtaj Ixpuch',grupo de deidades
B'ALAM_KI'TZE',ximenez,66,balam quitze,2,exact,B'alam Ki'tze',persona
B'ALAM_AQ'AB',ximenez,66,balam acab,2,exact,B'alam Aq'ab',persona
B'ALAM_KI'TZE',ximenez,66,balam quitze,2,exact,B'alam Ki'tze',persona
B'ALAM_AQ'AB',ximenez,66,balam acab,2,exact,B'alam Aq'ab',persona
JAQAWITZ_JUYUB',ximenez,66,huyub hacavitz,2,exact,JAQAWITZ_JUYUB',
B'ALAM,ximenez,66,balam,1,exact,B'alam,animal
K'OTAL,ximenez,66,cot,1,exact,K'otal,animal
MAJUK'UTAJ,ximenez,66,mahucutah,1,exact,Majuk'utaj,persona
WONON,ximenez,66,vonon,1,exact,Wonon,animal
SITA'L,ximenez,66,zital,1,exact,Sita'l,animal
IXTAJ,ximenez,66,xtah,1,exact,Ixtaj,deidad
IXPUCH',ximenez,66,xpuch,1,exact,Ixpuch',deidad
MAJUK'UTAJ,ximenez,66,mahucutah,1,exact,Majuk'utaj,persona
JUN_KAME'_WUQUB'_KAME,ximenez,66,ahauab,1,exact,JUN_KAME'_WUQUB'_KAME,
TOJIL,ximenez,66,tohil,1,exact,Tojil,deidad
IXTAJ_IXPUCH,ximenez,66,capohib,1,exact,IXTAJ_IXPUCH,
JUN_KAME'_WUQUB'_KAME,ximenez,66,ahauab,1,exact,JUN_KAME'_WUQUB'_KAME,
IXTAJ_IXPUCH,ximenez,66,capohib.,1,exact,IXTAJ_IXPUCH,
TOJIL,ximenez,66,tohil,1,exact,Tojil,deidad
IXTAJ,ximenez,66,xtah,1,exact,Ixtaj,deidad
IXPUCH',ximenez,66,xpuch,1,exact,Ixpuch',deidad
JUN_KAME'_WUQUB'_KAME,ximenez,66,ahauab,1,exact,JUN_KAME'_WUQUB'_KAME,
JUN_KAME'_WUQUB'_KAME,ximenez,66,ahauab.,1,exact,JUN_KAME'_WUQUB'_KAME,
IXTAJ_IXPUCH,ximenez,66,capohib.,1,exact,IXTAJ_IXPUCH,
B'ALAM,ximenez,66,"balam,",1,exact,B'alam,animal
K'OTAL,ximenez,66,cot,1,exact,K'otal,animal
WONON,ximenez,66,vonon,1,exact,Wonon,animal
SITA'L,ximenez,66,zital,1,exact,Sita'l,animal
B'ALAM,ximenez,66,balam,1,exact,B'alam,animal
K'OTAL,ximenez,66,cot,1,exact,K'otal,animal
AWILIX,ximenez,66,ahau,1,exact,Awilix,deidad
RAJAWAL_XIB'ALB'A,ximenez,66,conohel,1,exact,Rajawal Xib'alb'a,grupo de deidades
WONON,ximenez,66,vonon,1,exact,Wonon,animal
SITA'L,ximenez,66,zital,1,exact,Sita'l,animal
WONON,ximenez,66,vonon,1,exact,Wonon,animal
SITA'L,ximenez,66,zital,1,exact,Sita'l,animal
AWILIX,ximenez,66,ahau,1,exact,Awilix,deidad
MAJUK'UTAJ,ximenez,66,mahucutah,1,exact,Majuk'utaj,persona
KA'IB'_K'AJOLAB',ximenez,66,vi,1,exact,KA'IB'_K'AJOLAB',
IXTAJ_IXPUCH,ximenez,66,capohib,1,exact,IXTAJ_IXPUCH,
JUN_KAME'_WUQUB'_KAME,ximenez,66,ahauab,1,exact,JUN_KAME'_WUQUB'_KAME,
IXTAJ,ximenez,66,xtah,1,exact,Ixtaj,deidad
IXPUCH',ximenez,66,xpuch,1,exact,Ixpuch',deidad
KA'IB'_K'AJOLAB',ximenez,66,vi,1,exact,KA'IB'_K'AJOLAB',
IXTAJ_IXPUCH,ximenez,66,capohib,1,exact,IXTAJ_IXPUCH,
TOJIL,ximenez,66,tohil,1,exact,Tojil,deidad
TOJIL,ximenez,66,tohil,1,exact,Tojil,deidad
IXTAJ,ximenez,66,xtah,1,exact,Ixtaj,deidad
IXPUCH',ximenez,66,xpuch,1,exact,Ixpuch',deidad
IXKIK',ximenez,66,hoxol,1,exact,Ixkik',deidad
MAJUK'UTAJ,ximenez,66,mahucutah.,1,exact,Majuk'utaj,persona
IXKIK',ximenez,66,xquicuch,1,exact,Ixkik',deidad
MAJUK'UTAJ,ximenez,66,mahucutah,1,exact,Majuk'utaj,persona
IQ'I_B'ALAM,ximenez,66,iquibalam,1,exact,Iq'i B'alam,persona
JAQAWITZ_JUYUB',ximenez,66,huyub,1,exact,JAQAWITZ_JUYUB',
JAQAWITZ_JUYUB',ximenez,66,huyub,1,exact,JAQAWITZ_JUYUB',
JAQAWITZ_JUYUB',ximenez,66,huyub,1,exact,JAQAWITZ_JUYUB',
IXKIK',ximenez,66,xquicuch,1,exact,Ixkik',deidad
RAJAWAL_XIB'ALB'A,ximenez,66,conohel,1,exact,Rajawal Xib'alb'a,grupo de deidades
K'OKA'IB_KQDOS,ximenez,66,co,1,exact,K'oka'ib (gen. 2),persona
RAJAWAL_XIB'ALB'A,ximenez,66,conohel.,1,exact,Rajawal Xib'alb'a,grupo de deidades
YACHWACH,ximenez,67,qui iach vach,3,exact,Yachwach,objeto
YACHWACH,ximenez,67,i ach vach,3,exact,Yachwach,objeto
JUN_KAME'_WUQUB'_KAME',ximenez,67,aha uab,2,exact,Jun Kame' Wuqub' Kame',grupo de deidades
B'ALAM_KI'TZE',ximenez,67,"balam quitze,",2,exact,B'alam Ki'tze',persona
B'ALAM_AQ'AB',ximenez,67,balam acab,2,exact,B'alam Aq'ab',persona
B'ALAM_KI'TZE',ximenez,67,balam quitze,2,exact,B'alam Ki'tze',persona
B'ALAM_AQ'AB',ximenez,67,balam acab,2,exact,B'alam Aq'ab',persona
TINAMIT_K'ICHE',ximenez,67,queche vinac,2,exact,Tinamit K'iche',topónimo
YACHWACH,ximenez,67,yach vach,2,exact,Yachwach,objeto
AJLAB'AL,ximenez,67,ah labal,2,exact,Ajlab'al,deidad
AJ,ximenez,67,ri ah,2,exact,Aj,objeto
XA_Q'ANA_JAL,ximenez,67,ah cahb,2,exact,Xa q'ana jal,grupo de deidades
B'ALAM_KI'TZE',ximenez,67,balam quitze,2,exact,B'alam Ki'tze',persona
B'ALAM_AQ'AB',ximenez,67,balam acab,2,exact,B'alam Aq'ab',persona
B'ALAM_KI'TZE',ximenez,67,balam quitze,2,exact,B'alam Ki'tze',persona
B'ALAM_AQ'AB',ximenez,67,balam acab,2,exact,B'alam Aq'ab',persona
IQ'I_B'ALAM,ximenez,67,iqui balam,2,exact,Iq'i B'alam,persona
YACHWACH,ximenez,67,iach vach,2,exact,Yachwach,objeto
B'ALAM_KI'TZE',ximenez,67,balam quitze,2,exact,B'alam Ki'tze',persona
B'ALAM_AQ'AB',ximenez,67,"balam acab,",2,exact,B'alam Aq'ab',persona
IQ'I_B'ALAM,ximenez,67,iqui balam,2,exact,Iq'i B'alam,persona
AJLAB'AL,ximenez,67,ah labal,2,exact,Ajlab'al,deidad
B'ALAM_KI'TZE',ximenez,67,balam quitze,2,exact,B'alam Ki'tze',persona
B'ALAM_AQ'AB',ximenez,67,balam acab,2,exact,B'alam Aq'ab',persona
JAQAWITZ_JUYUB',ximenez,67,huyub hacavitz,2,exact,JAQAWITZ_JUYUB',
RAJAWAL_XIB'ALB'A,ximenez,67,conohel,1,exact,Rajawal Xib'alb'a,grupo de deidades
RAJAWAL_XIB'ALB'A,ximenez,67,conohel,1,exact,Rajawal Xib'alb'a,grupo de deidades
WAK,ximenez,67,vac,1,exact,Wak,animal
RAJAWAL_XIB'ALB'A,ximenez,67,conohel,1,exact,Rajawal Xib'alb'a,grupo de deidades
RAJAWAL_XIB'ALB'A,ximenez,67,conohel,1,exact,Rajawal Xib'alb'a,grupo de deidades
RAJAWAL_XIB'ALB'A,ximenez,67,conohel,1,exact,Rajawal Xib'alb'a,grupo de deidades
TOJIL,ximenez,67,tohil,1,exact,Tojil,deidad
TOJIL,ximenez,67,tohil,1,exact,Tojil,deidad
MAJUK'UTAJ,ximenez,67,mahucutah,1,exact,Majuk'utaj,persona
SOTZ'I_JA,ximenez,67,ha,1,exact,Sotz'i Ja,lugar
KA'IB'_K'AJOLAB',ximenez,67,vi,1,exact,KA'IB'_K'AJOLAB',
RAJAWAL_XIB'ALB'A,ximenez,67,conohel,1,exact,Rajawal Xib'alb'a,grupo de deidades
MAJUK'UTAJ,ximenez,67,mahucutah,1,exact,Majuk'utaj,persona
KA'IB'_K'AJOLAB',ximenez,67,vi,1,exact,KA'IB'_K'AJOLAB',
RAJAWAL_XIB'ALB'A,ximenez,67,conohel,1,exact,Rajawal Xib'alb'a,grupo de deidades
KA'IB'_K'AJOLAB',ximenez,67,vi,1,exact,KA'IB'_K'AJOLAB',
RAJAWAL_XIB'ALB'A,ximenez,67,conohel,1,exact,Rajawal Xib'alb'a,grupo de deidades
KA'IB'_K'AJOLAB',ximenez,67,vi,1,exact,KA'IB'_K'AJOLAB',
CHI_ISMACHI',ximenez,67,quitinamit,1,exact,Chi Ismachi',topónimo
RAJAWAL_XIB'ALB'A,ximenez,67,conohel,1,exact,Rajawal Xib'alb'a,grupo de deidades
KA'IB'_K'AJOLAB',ximenez,67,vi,1,exact,KA'IB'_K'AJOLAB',
RAJAWAL_XIB'ALB'A,ximenez,67,conohel.,1,exact,Rajawal Xib'alb'a,grupo de deidades
JAQAWITZ_JUYUB',ximenez,67,huyub,1,exact,JAQAWITZ_JUYUB',
MAJUK'UTAJ,ximenez,67,mahucutah,1,exact,Majuk'utaj,persona
IQ'I_B'ALAM,ximenez,67,iquibalam,1,exact,Iq'i B'alam,persona
MAJUK'UTAJ,ximenez,67,mahucutah,1,exact,Majuk'utaj,persona
CHI_ISMACHI',ximenez,67,tinamit,1,exact,Chi Ismachi',topónimo
CHI_ISMACHI',ximenez,67,quitinamit,1,exact,Chi Ismachi',topónimo
CHI_ISMACHI',ximenez,67,tinamit,1,exact,Chi Ismachi',topónimo
TOJIL,ximenez,67,tohil,1,exact,Tojil,deidad
KOJ,ximenez,67,qoh,1,exact,Koj,animal
TOJIL,ximenez,67,tohil,1,exact,Tojil,deidad
WA,ximenez,67,va,1,exact,Wa,objeto
MAJUK'UTAJ,ximenez,67,mahucutah,1,exact,Majuk'utaj,persona
WONON,ximenez,67,vonon,1,exact,Wonon,animal
SITA'L,ximenez,67,zital,1,exact,Sita'l,animal
NIM_AQ,ximenez,67,nimac,1,exact,Nim Aq,deidad
Q'OQ,ximenez,67,cocob,1,exact,Q'OQ,
KA'IB'_K'AJOLAB',ximenez,67,vi,1,exact,KA'IB'_K'AJOLAB',
CHI_ISMACHI',ximenez,67,tinamit,1,exact,Chi Ismachi',topónimo
KA'IB'_K'AJOLAB',ximenez,67,vi,1,exact,KA'IB'_K'AJOLAB',
WONON,ximenez,67,vonon,1,exact,Wonon,animal
SITA'L,ximenez,67,zital,1,exact,Sita'l,animal
Q'OQ,ximenez,67,cocob,1,exact,Q'OQ,
CHI_ISMACHI',ximenez,67,tinamit,1,exact,Chi Ismachi',topónimo
USAMAJEL_XIB'ALB'A,ximenez,67,vzamahel,1,exact,Usamajel Xib'alb'a,grupo de deidades
IXOQ_AJAWAB',ximenez,67,camizanel,1,exact,Ixoq ajawab',linaje
IXOQ_AJAWAB',ximenez,67,camizanel,1,exact,Ixoq ajawab',linaje
MAJUK'UTAJ,ximenez,67,mahuqutah,1,exact,Majuk'utaj,persona
KA'IB'_K'AJOLAB',ximenez,67,vi,1,exact,KA'IB'_K'AJOLAB',
WA,ximenez,67,va,1,exact,Wa,objeto
B'ALAM_KI'TZE',ximenez,68,balam quitze,2,exact,B'alam Ki'tze',persona
B'ALAM_AQ'AB',ximenez,68,balam acab,2,exact,B'alam Aq'ab',persona
IQ'I_B'ALAM,ximenez,68,iqui balam,2,exact,Iq'i B'alam,persona
AJLAB'AL,ximenez,68,ah labal,2,exact,Ajlab'al,deidad
B'ALAM_KI'TZE',ximenez,68,balam quitze,2,exact,B'alam Ki'tze',persona
B'ALAM_AQ'AB',ximenez,68,"balam acab,",2,exact,B'alam Aq'ab',persona
IXOQ_AJAWAB',ximenez,68,qui xoquil,2,exact,Ixoq ajawab',linaje
B'ALAM_KI'TZE',ximenez,68,balam quitze,2,exact,B'alam Ki'tze',persona
B'ALAM_AQ'AB',ximenez,68,balam acab,2,exact,B'alam Aq'ab',persona
JAQAWITZ_JUYUB',ximenez,68,huyub hacavitz,2,exact,JAQAWITZ_JUYUB',
B'ALAM_KI'TZE',ximenez,68,balam quitze,2,exact,B'alam Ki'tze',persona
B'ALAM_AQ'AB',ximenez,68,"balam acab,",2,exact,B'alam Aq'ab',persona
IQ'I_B'ALAM,ximenez,68,iqui balam,2,exact,Iq'i B'alam,persona
MAJUK'UTAJ,ximenez,68,mahucutah,1,exact,Majuk'utaj,persona
KA'IB'_K'AJOLAB',ximenez,68,vi,1,exact,KA'IB'_K'AJOLAB',
JAQAWITZ_JUYUB',ximenez,68,huyub,1,exact,JAQAWITZ_JUYUB',
IXOQ_AJAWAB',ximenez,68,quixoquil,1,exact,Ixoq ajawab',linaje
IXOQ_AJAWAB',ximenez,68,camizanel,1,exact,Ixoq ajawab',linaje
CHI_ISMACHI',ximenez,68,tinamit,1,exact,Chi Ismachi',topónimo
CHI_ISMACHI',ximenez,68,tinamit,1,exact,Chi Ismachi',topónimo
XA_Q'ANA_JAL,ximenez,68,ahquixb,1,exact,Xa q'ana jal,grupo de deidades
XA_Q'ANA_JAL,ximenez,68,ahcahb,1,exact,Xa q'ana jal,grupo de deidades
IXOQ_AJAWAB',ximenez,68,quixoquil,1,exact,Ixoq ajawab',linaje
JAQAWITZ_JUYUB',ximenez,68,huyub,1,exact,JAQAWITZ_JUYUB',
KA'IB'_K'AJOLAB',ximenez,68,vi,1,exact,KA'IB'_K'AJOLAB',
CHI_ISMACHI',ximenez,68,tinamit,1,exact,Chi Ismachi',topónimo
KA'IB'_K'AJOLAB',ximenez,68,vi,1,exact,KA'IB'_K'AJOLAB',
Q'OQ,ximenez,68,cocob,1,exact,Q'OQ,
KA'IB'_K'AJOLAB',ximenez,68,vi,1,exact,KA'IB'_K'AJOLAB',
CHI_ISMACHI',ximenez,68,tinamit,1,exact,Chi Ismachi',topónimo
WONON,ximenez,68,vonon,1,exact,Wonon,animal
SITA'L,ximenez,68,zital,1,exact,Sita'l,animal
Q'OQ,ximenez,68,cocob,1,exact,Q'OQ,
B'AQ,ximenez,68,bac,1,exact,B'aq,objeto
KAB',ximenez,68,cab,1,exact,Kab',objeto
KA'IB'_K'AJOLAB',ximenez,68,vi,1,exact,KA'IB'_K'AJOLAB',
KA'IB'_K'AJOLAB',ximenez,68,vi,1,exact,KA'IB'_K'AJOLAB',
KA'IB'_K'AJOLAB',ximenez,68,vi,1,exact,KA'IB'_K'AJOLAB',
WONON,ximenez,68,vonon,1,exact,Wonon,animal
SITA'L,ximenez,68,zital.,1,exact,Sita'l,animal
WONON,ximenez,68,vonon,1,exact,Wonon,animal
SITA'L,ximenez,68,zital,1,exact,Sita'l,animal
UK'U'X_ULEW,ximenez,68,vleu,1,exact,Uk'u'x Ulew,deidad
JAQAWITZ_JUYUB',ximenez,68,huyub,1,exact,JAQAWITZ_JUYUB',
IKAJ,ximenez,68,icah,1,exact,IKAJ,
CHE',ximenez,68,che,1,fuzzy,Che',objeto
IXOQ_AJAWAB',ximenez,68,camizanel,1,exact,Ixoq ajawab',linaje
KA'IB'_K'AJOLAB',ximenez,68,vi,1,exact,KA'IB'_K'AJOLAB',
KA'IB'_K'AJOLAB',ximenez,68,vi,1,exact,KA'IB'_K'AJOLAB',
MAJUK'UTAJ,ximenez,68,mahucutah,1,exact,Majuk'utaj,persona
KA'IB'_K'AJOLAB',ximenez,68,vi,1,exact,KA'IB'_K'AJOLAB',
AJPATAN,ximenez,68,ahpatan,1,exact,Ajpatan,persona
ALOM,ximenez,68,chuch,1,exact,Alom,deidad
JUN_JUNAJPU,ximenez,68,cahau,1,exact,Jun Junajpu,deidad
KA'IB'_K'AJOLAB',ximenez,68,vi,1,exact,KA'IB'_K'AJOLAB',
KA'IB'_K'AJOLAB',ximenez,68,vi,1,exact,KA'IB'_K'AJOLAB',
KA'IB'_K'AJOLAB',ximenez,68,vi,1,exact,KA'IB'_K'AJOLAB',
KA'IB'_K'AJOLAB',ximenez,68,vi,1,exact,KA'IB'_K'AJOLAB',
JAQAWITZ,ximenez,68,hacavitz.,1,exact,Jaqawitz,deidad
KA'IB'_K'AJOLAB',ximenez,68,vi,1,exact,KA'IB'_K'AJOLAB',
JAQAWITZ_JUYUB',ximenez,68,huyub,1,exact,JAQAWITZ_JUYUB',
K'AJOLOM,ximenez,68,qahol,1,exact,K'ajolom,deidad
KA'IB'_K'AJOLAB',ximenez,68,vi,1,exact,KA'IB'_K'AJOLAB',
MAJUK'UTAJ,ximenez,68,mahucutah,1,exact,Majuk'utaj,persona
B'ALAM_AQ'AB',ximenez,69,"balam a cab,",3,exact,B'alam Aq'ab',persona
JUNAJPU,ximenez,69,qui cahau .,3,exact,Junajpu,deidad
XA_Q'ANA_JAL,ximenez,69,vinac cumal ahauab,3,exact,Xa q'ana jal,grupo de deidades
B'ALAM_KI'TZE',ximenez,69,balam quitze,2,exact,B'alam Ki'tze',persona
K'OQAWIB_KQDOS,ximenez,69,qocavib chic,2,exact,K'oqawib (gen. 2),persona
B'ALAM_KI'TZE',ximenez,69,balam quitze,2,exact,B'alam Ki'tze',persona
B'ALAM_AQ'AB',ximenez,69,balam acab,2,exact,B'alam Aq'ab',persona
IQ'I_B'ALAM,ximenez,69,iqui balam.,2,exact,Iq'i B'alam,persona
XA_Q'ANA_JAL,ximenez,69,ah quixb,2,exact,Xa q'ana jal,grupo de deidades
QAMUKU,ximenez,69,camu cu,2,exact,Qamuku,canto
IXOQ_AJAWAB',ximenez,69,ix quixoquil,2,exact,Ixoq ajawab',linaje
KEJ,ximenez,69,cahaual queh,2,exact,Kej,animal
B'ALAM_KI'TZE',ximenez,69,balam quitze,2,exact,B'alam Ki'tze',persona
PISOM_Q'AQ'AL,ximenez,69,pizom q'aq'al,2,exact,Pisom Q'aq'al,objeto
JAQAWITZ_JUYUB',ximenez,69,huyub hacavitz,2,exact,JAQAWITZ_JUYUB',
JUNAJPU,ximenez,69,qui cahau,2,exact,Junajpu,deidad
B'ALAM_KI'TZE',ximenez,69,balam quitze,2,exact,B'alam Ki'tze',persona
KAWEQ,ximenez,69,v mam,2,exact,Kaweq,linaje
K'OKA'IB_KQDOS,ximenez,69,co caib,2,exact,K'oka'ib (gen. 2),persona
K'OQAWIB_KQDOS,ximenez,69,qo cavib,2,exact,K'oqawib (gen. 2),persona
XA_Q'ANA_JAL,ximenez,69,ca cahau,2,exact,Xa q'ana jal,grupo de deidades
JUNAJPU,ximenez,69,qui cahau,2,exact,Junajpu,deidad
JUNAJPU,ximenez,69,qui cahau,2,exact,Junajpu,deidad
B'ALAM_KI'TZE',ximenez,69,balam quitze,2,exact,B'alam Ki'tze',persona
K'AJOLOM,ximenez,69,qahol,1,exact,K'ajolom,deidad
K'AJOLOM,ximenez,69,qahol,1,exact,K'ajolom,deidad
K'AJOLOM,ximenez,69,qahol,1,exact,K'ajolom,deidad
WA,ximenez,69,va,1,exact,Wa,objeto
K'OKA'IB,ximenez,69,qocaib,1,exact,K'OKA'IB,
KA'IB'_K'AJOLAB',ximenez,69,vqahol,1,exact,KA'IB'_K'AJOLAB',
B'ALAM_KI'TZE',ximenez,69,vmam,1,exact,B'alam Ki'tze',persona
B'ALAM_KI'TZE',ximenez,69,vqahau,1,exact,B'alam Ki'tze',persona
KAWEQ,ximenez,69,caviquib.,1,exact,Kaweq,linaje
KA'IB'_K'AJOLAB',ximenez,69,vi,1,exact,KA'IB'_K'AJOLAB',
JUN_B'ATZ'_JUN_CHOWEN,ximenez,69,caib,1,exact,Jun B'atz' Jun Chowen,grupo de deidades
WA,ximenez,69,va,1,exact,Wa,objeto
K'O'AKUL,ximenez,69,"qoacul,",1,exact,K'o'akul,linaje
KA'IB'_K'AJOLAB',ximenez,69,"vqahol,",1,exact,KA'IB'_K'AJOLAB',
K'O'AKUTEK,ximenez,69,qoacutec,1,exact,K'O'AKUTEK,
KA'IB'_K'AJOLAB',ximenez,69,vqahol,1,exact,KA'IB'_K'AJOLAB',
NIJA'IB,ximenez,69,nihaibab.,1,exact,NIJA'IB,
MAJUK'UTAJ,ximenez,69,mahucutah,1,exact,Majuk'utaj,persona
K'O'AJAW,ximenez,69,qoahau,1,exact,K'O'AJAW,
KA'IB'_K'AJOLAB',ximenez,69,vqahol,1,exact,KA'IB'_K'AJOLAB',
XA_Q'ANA_JAL,ximenez,69,ahcahb:,1,exact,Xa q'ana jal,grupo de deidades
K'AJOLOM,ximenez,69,qahol,1,exact,K'ajolom,deidad
KA'IB'_K'AJOLAB',ximenez,69,vi,1,exact,KA'IB'_K'AJOLAB',
K'AJOLOM,ximenez,69,qahol,1,exact,K'ajolom,deidad
K'AJOLOM,ximenez,69,qahol,1,exact,K'ajolom,deidad
SAKIL,ximenez,69,zaquil,1,exact,Sakil,objeto
SAKIL,ximenez,69,zaquil,1,exact,Sakil,objeto
IXOQ_AJAWAB',ximenez,69,quixoquil,1,exact,Ixoq ajawab',linaje
KA'IB'_K'AJOLAB',ximenez,69,vi,1,exact,KA'IB'_K'AJOLAB',
KA'IB'_K'AJOLAB',ximenez,69,vi,1,exact,KA'IB'_K'AJOLAB',
WA,ximenez,69,va,1,exact,Wa,objeto
KA'IB'_K'AJOLAB',ximenez,69,vi,1,exact,KA'IB'_K'AJOLAB',
KA'IB'_K'AJOLAB',ximenez,69,vi,1,exact,KA'IB'_K'AJOLAB',
IXOQ_AJAWAB',ximenez,69,quixoquil,1,exact,Ixoq ajawab',linaje
PISOM_Q'AQ'AL,ximenez,69,pizom,1,exact,Pisom Q'aq'al,objeto
JUN_JUNAJPU,ximenez,69,quicahau,1,exact,Jun Junajpu,deidad
KA'IB'_K'AJOLAB',ximenez,69,vi,1,exact,KA'IB'_K'AJOLAB',
KA'IB'_K'AJOLAB',ximenez,69,vi,1,exact,KA'IB'_K'AJOLAB',
K'AJOLOM,ximenez,69,vcahau,1,exact,K'ajolom,deidad
KAWEQ,ximenez,69,caviquib,1,exact,Kaweq,linaje
KA'IB'_K'AJOLAB',ximenez,69,vi,1,exact,KA'IB'_K'AJOLAB',
KA'IB'_K'AJOLAB',ximenez,69,vqahol,1,exact,KA'IB'_K'AJOLAB',
XA_Q'ANA_JAL,ximenez,69,quicahichal,1,exact,Xa q'ana jal,grupo de deidades
SAQI_NIM_AQ_SIS,ximenez,69,camam,1,exact,Saqi Nim Aq Sis,deidad
K'AJOLOM,ximenez,69,qahol,1,exact,K'ajolom,deidad
JAQAWITZ,ximenez,69,hacavitz,1,exact,Jaqawitz,deidad
KA'IB'_K'AJOLAB',ximenez,69,vi,1,exact,KA'IB'_K'AJOLAB',
RAJAWAL_XIB'ALB'A,ximenez,69,conohel,1,exact,Rajawal Xib'alb'a,grupo de deidades
RAJAWAL_XIB'ALB'A,ximenez,69,conohel,1,exact,Rajawal Xib'alb'a,grupo de deidades
PISOM_Q'AQ'AL,ximenez,69,pizom,1,exact,Pisom Q'aq'al,objeto
PISOM_Q'AQ'AL,ximenez,69,pizom,1,exact,Pisom Q'aq'al,objeto
B'ALAM_AQ'AB',ximenez,69,"balamacab,",1,exact,B'alam Aq'ab',persona
MAJUK'UTAJ,ximenez,69,mahucutah,1,exact,Majuk'utaj,persona
IQ'I_B'ALAM,ximenez,69,iquibalam.,1,exact,Iq'i B'alam,persona
PALO,ximenez,69,palo,1,exact,Palo,lugar
XA_Q'ANA_JAL,ximenez,69,ahquixb,1,exact,Xa q'ana jal,grupo de deidades
XA_Q'ANA_JAL,ximenez,69,ahcahb,1,exact,Xa q'ana jal,grupo de deidades
JUNAJPU,ximenez,70,qui cahau,2,exact,Junajpu,deidad
JUNAJPU,ximenez,70,qui cahau,2,exact,Junajpu,deidad
KAWEQ,ximenez,70,coaui quib,2,exact,Kaweq,linaje
AJAW_K'ICHE',ximenez,70,ahau quiche.,2,exact,Ajaw K'iche',linaje
KA'IB'_K'AJOLAB',ximenez,70,qui chac,2,exact,KA'IB'_K'AJOLAB',
IXOQ_AJAWAB',ximenez,70,quixoquil,1,exact,Ixoq ajawab',linaje
IXKIK',ximenez,70,ixoc,1,exact,Ixkik',deidad
KA'IB'_K'AJOLAB',ximenez,70,vqahol,1,exact,KA'IB'_K'AJOLAB',
K'O'AKUTEK_NJDOS,ximenez,70,coacutec,1,exact,K'o'akutek (gen. 2),persona
KA'IB'_K'AJOLAB',ximenez,70,vqahol,1,exact,KA'IB'_K'AJOLAB',
B'ALAM_AQ'AB',ximenez,70,acab,1,exact,B'alam Aq'ab',persona
K'O'AJAW_AKDOS,ximenez,70,coahau,1,exact,K'o'ajaw (gen. 2),persona
KA'IB'_K'AJOLAB',ximenez,70,vqahol,1,exact,KA'IB'_K'AJOLAB',
MAJUK'UTAJ,ximenez,70,mahucutah,1,exact,Majuk'utaj,persona
PALO,ximenez,70,palo,1,exact,Palo,lugar
JUN_B'ATZ'_JUN_CHOWEN,ximenez,70,catz,1,exact,Jun B'atz' Jun Chowen,grupo de deidades
PALO,ximenez,70,palo,1,exact,Palo,lugar
NAKXIT,ximenez,70,ahauarem.,1,exact,Nakxit,deidad
WA,ximenez,70,va,1,exact,Wa,objeto
NAKXIT,ximenez,70,rahaual,1,exact,Nakxit,deidad
NAKXIT,ximenez,71,nim ahau,2,exact,Nakxit,deidad
AJPOP_K'AMJA,ximenez,71,ahpop camhail,2,exact,Ajpop K'amja,oficio
AJPOP_K'AMJA,ximenez,71,ahpop camha,2,exact,Ajpop K'amja,oficio
PICH_KEJ,ximenez,71,pich queh,2,exact,Pich Kej,objeto
T'OT_TATAN,ximenez,71,tot tatam,2,exact,T'ot' Tatan,objeto
K'US_B'US,ximenez,71,quz buz,2,exact,K'us B'us,objeto
AWILIX,ximenez,71,ahau,1,exact,Awilix,deidad
NAKXIT,ximenez,71,nacxit,1,exact,Nakxit,deidad
NAKXIT,ximenez,71,ahauarem,1,exact,Nakxit,deidad
AJPOP,ximenez,71,"ahpopol,",1,exact,Ajpop,oficio
AJPOP,ximenez,71,ahpop,1,exact,Ajpop,oficio
NAKXIT,ximenez,71,nacxit,1,exact,Nakxit,deidad
WA,ximenez,71,va,1,exact,Wa,objeto
MU'J,ximenez,71,muh,1,exact,Mu'j,objeto
Q'ALIB'AJ,ximenez,71,ealibah,1,exact,Q'alib'aj,objeto
SUB'AQ,ximenez,71,zubac,1,exact,Sub'aq,objeto
CHAMCHAM,ximenez,71,chamcham,1,exact,Chamcham,objeto
TATIL,ximenez,71,tatil,1,exact,Tatil,objeto
Q'ANAB'AJ,ximenez,71,canabah,1,exact,Q'anab'aj,objeto
B'ALAM,ximenez,71,balam,1,exact,B'alam,animal
JOLOM,ximenez,71,holom,1,exact,Jolom,objeto
KAXKON,ximenez,71,caxcon,1,exact,Kaxkon,objeto
CHIYOM,ximenez,71,chiyom,1,exact,Chiyom,objeto
ASTAPULUL,ximenez,71,aztapulul,1,exact,Astapulul,objeto
PALO,ximenez,71,palo,1,exact,Palo,lugar
TULÁN,ximenez,71,tulan,1,exact,Tulán,topónimo
JAQAWITZ_JUYUB',ximenez,72,ri qui huyub al.,4,exact,JAQAWITZ_JUYUB',
K'OKA'IB_KQDOS,ximenez,72,co caib,2,exact,K'oka'ib (gen. 2),persona
B'ALAM_KI'TZE',ximenez,72,"balam quitze,",2,exact,B'alam Ki'tze',persona
B'ALAM_AQ'AB',ximenez,72,"balam acab,",2,exact,B'alam Aq'ab',persona
MAJUK'UTAJ,ximenez,72,ma hucutah,2,exact,Majuk'utaj,persona
CHI_ISMACHI',ximenez,72,quitinamit,1,exact,Chi Ismachi',topónimo
JAQAWITZ,ximenez,72,hacavitz,1,exact,Jaqawitz,deidad
KA'IB'_K'AJOLAB',ximenez,72,vi,1,exact,KA'IB'_K'AJOLAB',
K'O'AKUTEK_NJDOS,ximenez,72,coacutec,1,exact,K'o'akutek (gen. 2),persona
JUN_JUNAJPU,ximenez,72,cahau,1,exact,Jun Junajpu,deidad
KA'IB'_K'AJOLAB',ximenez,72,vi,1,exact,KA'IB'_K'AJOLAB',
RAB'INALEB',ximenez,72,"rabinaleb,",1,exact,Rab'inaleb',linaje
KAQCHIKELEB',ximenez,72,"q'aq'chequeleb,",1,exact,Kaqchikeleb',linaje
NAKXIT,ximenez,72,ahauarem,1,exact,Nakxit,deidad
JAQAWITZ,ximenez,72,hacavitz,1,exact,Jaqawitz,deidad
JAQAWITZ_JUYUB',ximenez,72,huyub,1,exact,JAQAWITZ_JUYUB',
KA'IB'_K'AJOLAB',ximenez,72,vi,1,exact,KA'IB'_K'AJOLAB',
IXOQ_AJAWAB',ximenez,72,quixoquil,1,exact,Ixoq ajawab',linaje
KA'IB'_K'AJOLAB',ximenez,72,vi,1,exact,KA'IB'_K'AJOLAB',
JAQAWITZ_JUYUB',ximenez,72,huyub,1,exact,JAQAWITZ_JUYUB',
KA'IB'_K'AJOLAB',ximenez,72,vi,1,exact,KA'IB'_K'AJOLAB',
AJ,ximenez,72,ah,1,exact,Aj,objeto
XA_Q'ANA_JAL,ximenez,72,cachuch,1,exact,Xa q'ana jal,grupo de deidades
JUNAJPU,ximenez,72,cacahau,1,exact,Junajpu,deidad
CHI_ISMACHI',ximenez,72,quitinamit,1,exact,Chi Ismachi',topónimo
JAQAWITZ,ximenez,72,hacavitz,1,exact,Jaqawitz,deidad
CHI_K'IX,ximenez,72,chiquix,1,exact,Chi K'ix,topónimo
CHI_ISMACHI',ximenez,72,tinamit,1,exact,Chi Ismachi',topónimo
KA'IB'_K'AJOLAB',ximenez,72,vi,1,exact,KA'IB'_K'AJOLAB',
JAQAWITZ_JUYUB',ximenez,72,huyub,1,exact,JAQAWITZ_JUYUB',
WA,ximenez,72,va,1,exact,Wa,objeto
KA'IB'_K'AJOLAB',ximenez,72,vi,1,exact,KA'IB'_K'AJOLAB',
CHI_ISMACHI',ximenez,72,tinamit.,1,exact,Chi Ismachi',topónimo
IXTAJ_IXPUCH',ximenez,72,mial,1,exact,Ixtaj Ixpuch',grupo de deidades
K'AJOLOM,ximenez,72,qahol,1,exact,K'ajolom,deidad
WA,ximenez,72,va,1,exact,Wa,objeto
CHI_K'IX,ximenez,72,"chiquix,",1,exact,Chi K'ix,topónimo
K'ULB'A,ximenez,72,"culba,",1,exact,K'ulb'a,topónimo
KAWINAL,ximenez,72,"cavinal,",1,exact,Kawinal,topónimo
JAQAWITZ_JUYUB',ximenez,72,huyub,1,exact,JAQAWITZ_JUYUB',
KA'IB'_K'AJOLAB',ximenez,72,vi,1,exact,KA'IB'_K'AJOLAB',
JAQAWITZ_JUYUB',ximenez,72,huyub,1,exact,JAQAWITZ_JUYUB',
JAQAWITZ_JUYUB',ximenez,72,huyub,1,exact,JAQAWITZ_JUYUB',
NAKXIT,ximenez,72,ahauarem,1,exact,Nakxit,deidad
CHI_ISMACHI',ximenez,72,tinamit,1,exact,Chi Ismachi',topónimo
KA'IB'_K'AJOLAB',ximenez,72,vi,1,exact,KA'IB'_K'AJOLAB',
KA'IB'_K'AJOLAB',ximenez,72,vi,1,exact,KA'IB'_K'AJOLAB',
CHI_ISMACHI',ximenez,72,quitinamit,1,exact,Chi Ismachi',topónimo
WA,ximenez,72,va,1,exact,Wa,objeto
CHI_ISMACHI',ximenez,72,tinamit,1,exact,Chi Ismachi',topónimo
KA'IB'_K'AJOLAB',ximenez,72,vi,1,exact,KA'IB'_K'AJOLAB',
OXIB_RI_NIM_JA,ximenez,73,oxib ri nimha,3,exact,Oxib' ri nim ja,linaje
KAJIB'_UNIM_JA,ximenez,73,cahib chi nimha.,3,exact,Kajib' unim ja,linaje
OXIB_RI_NIM_JA,ximenez,73,caoxib oc quinimha,3,exact,Oxib' ri nim ja,linaje
ISTAYUL_KQCUATRO,ximenez,73,a hau ztayul,3,exact,Istayul (gen. 4),persona
OXIB_RI_NIM_JA,ximenez,73,ri oxib chinimha,3,exact,Oxib' ri nim ja,linaje
AJPOP_K'AMJA,ximenez,73,ahpopcam ha,2,exact,Ajpop K'amja,oficio
AJAW_K'ICHE',ximenez,73,ahau quiche,2,exact,Ajaw K'iche',linaje
K'OTUJA_KQCUATRO,ximenez,73,"ahau cotuhu,",2,exact,K'otuja (gen. 4),persona
ISTAYUL_KQCUATRO,ximenez,73,hun ahau,2,exact,Istayul (gen. 4),persona
JAQAWITZ,ximenez,73,"chirih ahau,",2,exact,Jaqawitz,deidad
KAWEQ,ximenez,73,quiche ahau,2,exact,Kaweq,linaje
KIK',ximenez,73,v quixic,2,exact,Kik',objeto
K'OTUJA_KQCUATRO,ximenez,73,ahau cotuha,2,exact,K'otuja (gen. 4),persona
AJAW_K'ICHE',ximenez,73,ahau quiche,2,exact,Ajaw K'iche',linaje
AJAW_K'ICHE',ximenez,73,ahau quiche,2,exact,Ajaw K'iche',linaje
OXIB_RI_NIM_JA,ximenez,73,eoxib chinamit,2,exact,Oxib' ri nim ja,linaje
OXIB_RI_NIM_JA,ximenez,73,oxibpuch nimha.,2,exact,Oxib' ri nim ja,linaje
CHI_ISMACHI,ximenez,73,Chiizmachi,1,exact,CHI_ISMACHI,
CHI_ISMACHI',ximenez,73,tinamit,1,exact,Chi Ismachi',topónimo
KA'IB'_K'AJOLAB',ximenez,73,vi,1,exact,KA'IB'_K'AJOLAB',
KA'IB'_K'AJOLAB',ximenez,73,vi,1,exact,KA'IB'_K'AJOLAB',
JUN_KAME'_WUQUB'_KAME,ximenez,73,ahauab,1,exact,JUN_KAME'_WUQUB'_KAME,
B'ALAM_K'ONACHE'_KQTRES,ximenez,73,conache,1,exact,B'alam K'onache' (gen. 3),persona
KEJ,ximenez,73,queh,1,exact,Kej,animal
AJAW_Q'ALEL,ximenez,73,ealelahau,1,exact,Ajaw Q'alel,oficio
K'OTUJA_KQCINCO,ximenez,73,cotuha,1,exact,K'otuja (gen. 5),persona
ISTAYUL_KQCUATRO,ximenez,73,iztayul,1,exact,Istayul (gen. 4),persona
AJPOP,ximenez,73,ahpop,1,exact,Ajpop,oficio
CHI_ISMACHI,ximenez,73,chiizmachi,1,exact,CHI_ISMACHI,
CHI_ISMACHI',ximenez,73,tinamit,1,exact,Chi Ismachi',topónimo
CHI_ISMACHI,ximenez,73,chiizmachi,1,exact,CHI_ISMACHI,
KAWEQ,ximenez,73,cauiquib,1,exact,Kaweq,linaje
NIJA'IB,ximenez,73,nihaibab,1,exact,NIJA'IB,
JUN_B'ATZ'_JUN_CHOWEN,ximenez,73,caib,1,exact,Jun B'atz' Jun Chowen,grupo de deidades
CHI_ISMACHI,ximenez,73,chiizmachi,1,exact,CHI_ISMACHI,
NAKXIT,ximenez,73,ahauarem,1,exact,Nakxit,deidad
CHI_ISMACHI,ximenez,73,chiizmachi,1,exact,CHI_ISMACHI,
ILOKAB',ximenez,73,ilocab,1,exact,Ilokab',linaje
ILOKAB',ximenez,73,ilocab,1,exact,Ilokab',linaje
K'OTUJA_KQCINCO,ximenez,73,cotuha,1,exact,K'otuja (gen. 5),persona
KA'IB'_K'AJOLAB',ximenez,73,vi,1,exact,KA'IB'_K'AJOLAB',
AWILIX,ximenez,73,ahau,1,exact,Awilix,deidad
ILOKAB',ximenez,73,ilocab,1,exact,Ilokab',linaje
CHI_ISMACHI',ximenez,73,tinamit,1,exact,Chi Ismachi',topónimo
IXOQ_AJAWAB',ximenez,73,camizanel,1,exact,Ixoq ajawab',linaje
OXIB_RI_NIM_JA,ximenez,73,quiche,1,exact,Oxib' ri nim ja,linaje
ILOKAB',ximenez,73,ilocab,1,exact,Ilokab',linaje
AWILIX,ximenez,73,ahau,1,exact,Awilix,deidad
CHI_ISMACHI',ximenez,73,tinamit,1,exact,Chi Ismachi',topónimo
NAKXIT,ximenez,73,rahaual,1,exact,Nakxit,deidad
OXIB_RI_NIM_JA,ximenez,73,quiche,1,exact,Oxib' ri nim ja,linaje
WA,ximenez,73,va,1,exact,Wa,objeto
CHI_ISMACHI',ximenez,73,tinamit,1,exact,Chi Ismachi',topónimo
CHI_ISMACHI,ximenez,73,chiizmachi,1,exact,CHI_ISMACHI,
KA'IB'_K'AJOLAB',ximenez,73,vi,1,exact,KA'IB'_K'AJOLAB',
JUN_KAME'_WUQUB'_KAME,ximenez,73,ahauab,1,exact,JUN_KAME'_WUQUB'_KAME,
KA'IB'_K'AJOLAB',ximenez,73,vi,1,exact,KA'IB'_K'AJOLAB',
KA'IB'_K'AJOLAB',ximenez,73,vi,1,exact,KA'IB'_K'AJOLAB',
NAKXIT,ximenez,73,ahauarem,1,exact,Nakxit,deidad
KA'IB'_K'AJOLAB',ximenez,73,vi,1,exact,KA'IB'_K'AJOLAB',
CHI_ISMACHI,ximenez,73,chiizmachi,1,exact,CHI_ISMACHI,
ISTAYUL_KQSEIS,ximenez,73,ztayul,1,exact,Istayul (gen. 6),persona
NIJA'IB,ximenez,73,nihaibab,1,exact,NIJA'IB,
CHI_ISMACHI,ximenez,73,chiizmachi,1,exact,CHI_ISMACHI,
CHI_ISMACHI',ximenez,73,tinamit,1,exact,Chi Ismachi',topónimo
KA'IB'_K'AJOLAB',ximenez,73,vi,1,exact,KA'IB'_K'AJOLAB',
IXTAJ_IXPUCH',ximenez,73,mial,1,exact,Ixtaj Ixpuch',grupo de deidades
KA'IB'_K'AJOLAB',ximenez,73,vi,1,exact,KA'IB'_K'AJOLAB',
KA'IB'_K'AJOLAB',ximenez,73,vi,1,exact,KA'IB'_K'AJOLAB',
WA,ximenez,73,va,1,exact,Wa,objeto
IXTAJ_IXPUCH',ximenez,73,mial,1,exact,Ixtaj Ixpuch',grupo de deidades
IXKIK',ximenez,73,ixoc,1,exact,Ixkik',deidad
KA'IB'_K'AJOLAB',ximenez,73,vi,1,exact,KA'IB'_K'AJOLAB',
CHI_ISMACHI,ximenez,73,chiizmachi,1,exact,CHI_ISMACHI,
CHI_ISMACHI',ximenez,73,tinamit,1,exact,Chi Ismachi',topónimo
CHI_ISMACHI,ximenez,73,chiizmachi.,1,exact,CHI_ISMACHI,
CHI_Q'AQ',ximenez,74,chi q'aq',2,exact,Chi q'aq',topónimo
Q'UMARKAJ,ximenez,74,cumarcaah,1,exact,Q'umarkaj,topónimo
OXIB_RI_NIM_JA,ximenez,74,quiche,1,exact,Oxib' ri nim ja,linaje
AJAW_XIK,ximenez,74,xic,1,exact,Xik,deidad
JUN_KAME'_WUQUB'_KAME,ximenez,74,ahauab,1,exact,JUN_KAME'_WUQUB'_KAME,
K'OTUJA_KQCINCO,ximenez,74,cotuha,1,exact,K'otuja (gen. 5),persona
Q'UKUMATZ_KQCINCO,ximenez,74,cucumatz,1,exact,Q'ukumatz (gen. 5),persona
JUN_KAME'_WUQUB'_KAME,ximenez,74,ahauab,1,exact,JUN_KAME'_WUQUB'_KAME,
KA'IB'_K'AJOLAB',ximenez,74,vi,1,exact,KA'IB'_K'AJOLAB',
KA'IB'_K'AJOLAB',ximenez,74,vi,1,exact,KA'IB'_K'AJOLAB',
CHI_ISMACHI',ximenez,74,tinamit,1,exact,Chi Ismachi',topónimo
SOTZ'I_JA,ximenez,74,ha,1,exact,Sotz'i Ja,lugar
B'AQ,ximenez,74,bac,1,exact,B'aq,objeto
JUNAJPU,ximenez,74,vholom,1,exact,Junajpu,deidad
IXTAJ_IXPUCH',ximenez,74,mial,1,exact,Ixtaj Ixpuch',grupo de deidades
NAKXIT,ximenez,74,ahauarem,1,exact,Nakxit,deidad
SOTZ'I_JA,ximenez,74,ha,1,exact,Sotz'i Ja,lugar
RAJAWAL_XIB'ALB'A,ximenez,74,conohel,1,exact,Rajawal Xib'alb'a,grupo de deidades
CHI_ISMACHI',ximenez,74,tinamit,1,exact,Chi Ismachi',topónimo
CHI_ISMACHI',ximenez,74,tinamit,1,exact,Chi Ismachi',topónimo
Q'UMARKAJ,ximenez,74,cumarcaah,1,exact,Q'umarkaj,topónimo
KA'IB'_K'AJOLAB',ximenez,74,vi,1,exact,KA'IB'_K'AJOLAB',
JUN_KAME'_WUQUB'_KAME,ximenez,74,ahauab,1,exact,JUN_KAME'_WUQUB'_KAME,
JUN_KAME'_WUQUB'_KAME,ximenez,74,ahauab,1,exact,JUN_KAME'_WUQUB'_KAME,
JUN_KAME'_WUQUB'_KAME,ximenez,74,ahauab,1,exact,JUN_KAME'_WUQUB'_KAME,
KAWEQ,ximenez,74,caviquib.,1,exact,Kaweq,linaje
NIJA'IB,ximenez,74,nihaibab.,1,exact,NIJA'IB,
OXIB_RI_NIM_JA,ximenez,74,quiche+,1,exact,Oxib' ri nim ja,linaje
JUN_KAME'_WUQUB'_KAME,ximenez,74,ahauab.,1,exact,JUN_KAME'_WUQUB'_KAME,
RAJAWAL_XIB'ALB'A,ximenez,74,riahauab,1,exact,Rajawal Xib'alb'a,grupo de deidades
SOTZ'I_JA,ximenez,74,ha.,1,exact,Sotz'i Ja,lugar
NIM_CH'OKOJ_KAWEQ,ximenez,75,"nim chocoh ca vec,",4,exact,Nim Ch'okoj Kaweq,oficio
POPOL_WINAQ_PA_JOM_TZALATZ',ximenez,75,"popol vinac, pahom tzalatz,",4,exact,Popol Winaq pa Jom Tzalatz',oficio
POPOL_WINAQ_CHI_T'UY,ximenez,75,"popol vinac, chituy",3,exact,Popol Winaq chi T'uy,oficio
LOLMET_KEJNAY,ximenez,75,"lolmet, queh nay.",3,exact,Lolmet Kejnay,oficio
UCHUCH_K'AMJA,ximenez,75,vchuch cam ha.,3,exact,Uchuch K'amja,oficio
KAWEQ,ximenez,75,caui quib,2,exact,Kaweq,linaje
AJPOP_K'AMJA,ximenez,75,"ahpop camha,",2,exact,Ajpop K'amja,oficio
AJQ'UKUMATZ,ximenez,75,"ah cuq'umatz,",2,exact,Ajq'ukumatz,oficio
JUN_KAME'_WUQUB'_KAME,ximenez,75,ahauab,1,exact,JUN_KAME'_WUQUB'_KAME,
AWILIX,ximenez,75,ahau,1,exact,Awilix,deidad
WA,ximenez,75,"va,",1,exact,Wa,objeto
AJPOP,ximenez,75,ahpop,1,exact,Ajpop,oficio
AJ,ximenez,75,ah,1,exact,Aj,objeto
TOJIL,ximenez,75,"tohil,",1,exact,Tojil,deidad
JUN_KAME'_WUQUB'_KAME,ximenez,76,ahauab,1,exact,JUN_KAME'_WUQUB'_KAME,
KAWEQ,ximenez,76,caviquib,1,exact,Kaweq,linaje
JUN_KAME'_WUQUB'_KAME,ximenez,76,ahauab,1,exact,JUN_KAME'_WUQUB'_KAME,
YAKOLATAM_UTZA'M_POP_SAQLATOL,ximenez,77,"yacolatam, vtzam pop zaclatol,",4,exact,Yakolatam Utza'm Pop Saqlatol,oficio
UCHUCH_K'AMJA,ximenez,77,"v chuch camha,",3,exact,Uchuch K'amja,oficio
NIMA_LOLMET_YE'OLTUX,ximenez,77,nima lolmet yeoltux.,3,exact,Nima Lolmet Ye'oltux,oficio
AJAW_Q'ALEL,ximenez,77,"ahau ealel,",2,exact,Ajaw Q'alel,oficio
AJTZIK_WINAQ,ximenez,77,"ahtzic vinac,",2,exact,Ajtzik Winaq,oficio
Q'ALEL_K'AMJA,ximenez,77,"cale camha,",2,exact,Q'alel K'amja,oficio
NIMA_K'AMJA,ximenez,77,"nima camha,",2,exact,Nima K'amja,oficio
WA,ximenez,77,va,1,exact,Wa,objeto
NIJA'IB,ximenez,77,nihaibab,1,exact,NIJA'IB,
AWILIX,ximenez,77,ahau,1,exact,Awilix,deidad
WA,ximenez,77,va,1,exact,Wa,objeto
AWILIX,ximenez,77,ahau,1,exact,Awilix,deidad
JUN_KAME'_WUQUB'_KAME,ximenez,77,ahauab,1,exact,JUN_KAME'_WUQUB'_KAME,
NIJA'IB,ximenez,77,nihaibab,1,exact,NIJA'IB,
AJAW_NIM_CH'OKOJ,ximenez,78,ahau nim chocoh,3,exact,Ajaw Nim Ch'okoj,persona
AWILIX,ximenez,78,chicut ahau,2,exact,Awilix,deidad
AJTZIK_WINAQ,ximenez,78,ahtzic vinac,2,exact,Ajtzik Winaq,oficio
AJAW_LOLMET,ximenez,78,"ahau lolmet,",2,exact,Ajaw Lolmet,persona
AJAW_JAQAWITZ,ximenez,78,ahau hacavitz.,2,exact,Ajaw Jaqawitz,persona
OXIB_RI_NIM_JA,ximenez,78,quiche,1,exact,Oxib' ri nim ja,linaje
WA,ximenez,78,va,1,exact,Wa,objeto
JUN_KAME'_WUQUB'_KAME,ximenez,78,ahauab.,1,exact,JUN_KAME'_WUQUB'_KAME,
AWILIX,ximenez,78,"ahau,",1,exact,Awilix,deidad
JUN_KAME'_WUQUB'_KAME,ximenez,78,ahauab,1,exact,JUN_KAME'_WUQUB'_KAME,
AWILIX,ximenez,78,ahau,1,exact,Awilix,deidad
SOTZ'I_JA,ximenez,78,ha.,1,exact,Sotz'i Ja,lugar
TZ'UTUJA,ximenez,79,tzutuha,1,exact,Tz'utuja,linaje
SOTZ'I_JA,ximenez,79,ha,1,exact,Sotz'i Ja,lugar
KAJIB'_UNIM_JA,ximenez,80,cahib naipuch chi nimha,4,exact,Kajib' unim ja,linaje
AJAW_K'OTUJA_NJONCE,ximenez,80,a hau cotuha,3,exact,Ajaw K'otuja (gen. 11),persona
KAJIB'_UNIM_JA,ximenez,80,"cahib chiahauab,",2,exact,Kajib' unim ja,linaje
Q'UMARKAJ,ximenez,80,tina mit,2,exact,Q'umarkaj,topónimo
KA'IB'_K'AJOLAB',ximenez,80,qui chac,2,exact,KA'IB'_K'AJOLAB',
ISTAYUL_KQCUATRO,ximenez,80,hun ahau,2,exact,Istayul (gen. 4),persona
JUNAJPU,ximenez,80,v holom,2,exact,Junajpu,deidad
KA'IB'_K'AJOLAB',ximenez,80,vi,1,exact,KA'IB'_K'AJOLAB',
TEPEW,ximenez,80,tepeual,1,exact,Tepew,oficio
OXIB_RI_NIM_JA,ximenez,80,quiche.,1,exact,Oxib' ri nim ja,linaje
AWILIX,ximenez,80,ahau.,1,exact,Awilix,deidad
OXIB_RI_NIM_JA,ximenez,80,quiche,1,exact,Oxib' ri nim ja,linaje
JUN_KAME'_WUQUB'_KAME,ximenez,80,ahauab,1,exact,JUN_KAME'_WUQUB'_KAME,
KA'IB'_K'AJOLAB',ximenez,80,vi,1,exact,KA'IB'_K'AJOLAB',
JUN_KAME'_WUQUB'_KAME,ximenez,80,ahauab,1,exact,JUN_KAME'_WUQUB'_KAME,
JUN_B'ATZ'_JUN_CHOWEN,ximenez,80,catz,1,exact,Jun B'atz' Jun Chowen,grupo de deidades
JUN_KAME'_WUQUB'_KAME,ximenez,80,ahauab,1,exact,JUN_KAME'_WUQUB'_KAME,
JUN_KAME'_WUQUB'_KAME,ximenez,80,ahauab,1,exact,JUN_KAME'_WUQUB'_KAME,
JUN_KAME'_WUQUB'_KAME,ximenez,80,ahauab,1,exact,JUN_KAME'_WUQUB'_KAME,
K'AJOLOM,ximenez,80,qahol.,1,exact,K'ajolom,deidad
JUN_KAME'_WUQUB'_KAME,ximenez,80,ahauab,1,exact,JUN_KAME'_WUQUB'_KAME,
AWILIX,ximenez,80,ahau,1,exact,Awilix,deidad
Q'UKUMATZ_KQCINCO,ximenez,80,cucumatz,1,exact,Q'ukumatz (gen. 5),persona
AWILIX,ximenez,80,ahau,1,exact,Awilix,deidad
Q'UKUMATZ_KQCINCO,ximenez,80,cucumatz,1,exact,Q'ukumatz (gen. 5),persona
XIB'ALB'A,ximenez,80,xibalba,1,exact,Xib'alb'a,lugar
KUMATZ,ximenez,80,cumatz,1,exact,Kumatz,animal
K'OTAL,ximenez,80,cotal,1,exact,K'otal,animal
KA'IB'_K'AJOLAB',ximenez,80,vi,1,exact,KA'IB'_K'AJOLAB',
K'OTAL,ximenez,80,cot,1,exact,K'otal,animal
B'ALAM,ximenez,80,balam,1,exact,B'alam,animal
KIK',ximenez,80,quic,1,exact,Kik',objeto
AWILIX,ximenez,80,ahau,1,exact,Awilix,deidad
JUN_KAME'_WUQUB'_KAME,ximenez,80,ahauab,1,exact,JUN_KAME'_WUQUB'_KAME,
JUN_KAME'_WUQUB'_KAME,ximenez,80,ahauab,1,exact,JUN_KAME'_WUQUB'_KAME,
AWILIX,ximenez,80,ahau,1,exact,Awilix,deidad
OXIB_RI_NIM_JA,ximenez,80,quiche,1,exact,Oxib' ri nim ja,linaje
AWILIX,ximenez,80,ahau,1,exact,Awilix,deidad
Q'UKUMATZ_KQCINCO,ximenez,80,cucumatz,1,exact,Q'ukumatz (gen. 5),persona
B'ALAM_KI'TZE',ximenez,80,vmam,1,exact,B'alam Ki'tze',persona
KA'IB'_K'AJOLAB',ximenez,80,vqahol,1,exact,KA'IB'_K'AJOLAB',
AWILIX,ximenez,80,ahau,1,exact,Awilix,deidad
AWILIX,ximenez,80,ahau,1,exact,Awilix,deidad
Q'UKUMATZ_KQCINCO,ximenez,80,cucumatz,1,exact,Q'ukumatz (gen. 5),persona
AJPOP_K'AMJA,ximenez,80,ahpopcamha,1,exact,Ajpop K'amja,oficio
K'AJOLOM,ximenez,80,qahol,1,exact,K'ajolom,deidad
TEPEPUL,ximenez,80,tepepul,1,exact,Tepepul,persona
ISTAYUL_KQSEIS,ximenez,80,ztayul,1,exact,Istayul (gen. 6),persona
NAKXIT,ximenez,80,ahauarem,1,exact,Nakxit,deidad
AWILIX,ximenez,80,ahau,1,exact,Awilix,deidad
KA'IB'_K'AJOLAB',ximenez,81,e caib,2,exact,KA'IB'_K'AJOLAB',
K'IKAB'_KQSIETE,ximenez,81,eq'aq' quicab,2,exact,K'IKAB'_KQSIETE,
ISTAYUL_KQCUATRO,ximenez,81,hun ahau,2,exact,Istayul (gen. 4),persona
K'IKAB'_KQSIETE,ximenez,81,qui cab,2,exact,K'IKAB'_KQSIETE,
CHUWI_MEQ'ENA',ximenez,81,"chuvi miquina,",2,exact,CHUWI_MEQ'ENA',
CHUWA_TZ'AQ,ximenez,81,chuva tzac,2,exact,Chuwa Tz'aq,topónimo
K'IKAB'_KQSIETE,ximenez,81,qui cab.,2,exact,K'IKAB'_KQSIETE,
WA,ximenez,81,Va,1,exact,Wa,objeto
AWILIX,ximenez,81,ahau,1,exact,Awilix,deidad
JUN_KAME'_WUQUB'_KAME,ximenez,81,ahauab,1,exact,JUN_KAME'_WUQUB'_KAME,
KAWISIMAJ_KQSIETE,ximenez,81,cavizimah,1,exact,Kawisimaj (gen. 7),persona
KAWISIMAJ_KQSIETE,ximenez,81,cauizimah.,1,exact,Kawisimaj (gen. 7),persona
OXIB_RI_NIM_JA,ximenez,81,quiche,1,exact,Oxib' ri nim ja,linaje
CHI_ISMACHI',ximenez,81,tinamit,1,exact,Chi Ismachi',topónimo
KAQCHIKELEB',ximenez,81,q'aq'chequeleb,1,exact,Kaqchikeleb',linaje
WILA',ximenez,81,chuuila,1,exact,Wila',topónimo
RAB'INALEB',ximenez,81,rabinaleb,1,exact,Rab'inaleb',linaje
PA_MAK'A',ximenez,81,pamaca,1,exact,Pa Mak'a',topónimo
JAQAWITZ_JUYUB',ximenez,81,huyub,1,exact,JAQAWITZ_JUYUB',
KAWKEB',ximenez,81,caoqueb,1,exact,Kawkeb',linaje
SAQKABAJA,ximenez,81,rizacabaha,1,exact,Saqkabaja,topónimo
SAQULEWAB',ximenez,81,zaculeuab,1,exact,Saqulewab',topónimo
XELAJUJ,ximenez,81,"xelahu,",1,exact,Xelajuj,topónimo
TZ'OLOJ_CHE',ximenez,81,tzolohche.,1,exact,Tz'oloj Che',topónimo
K'IKAB,ximenez,81,quieab,1,exact,K'IKAB,
KA'IB'_K'AJOLAB',ximenez,81,vi,1,exact,KA'IB'_K'AJOLAB',
RAB'INALEB',ximenez,81,rabinaleb,1,exact,Rab'inaleb',linaje
KAQCHIKELEB',ximenez,81,q'aq'chequeleb,1,exact,Kaqchikeleb',linaje
SAQULEWAB',ximenez,81,zaculeuab,1,exact,Saqulewab',topónimo
K'IKAB'_KQDIEZ,ximenez,81,quicab,1,exact,K'IKAB'_KQDIEZ,
K'IKAB'_KQDIEZ,ximenez,81,quicab,1,exact,K'IKAB'_KQDIEZ,
KAWISIMAJ_KQSIETE,ximenez,81,cauizimah,1,exact,Kawisimaj (gen. 7),persona
CHI_ISMACHI',ximenez,81,tinamit,1,exact,Chi Ismachi',topónimo
UK'U'X_ULEW,ximenez,81,vleu,1,exact,Uk'u'x Ulew,deidad
Q'OL_CHE',ximenez,81,colche,1,exact,Q'ol Che',objeto
CHI_ISMACHI',ximenez,81,tinamit,1,exact,Chi Ismachi',topónimo
PETATAYUB',ximenez,81,petatayub,1,exact,Petatayub',topónimo
KA'IB'_K'AJOLAB',ximenez,81,vi,1,exact,KA'IB'_K'AJOLAB',
KA'IB'_K'AJOLAB',ximenez,81,vi,1,exact,KA'IB'_K'AJOLAB',
KA'IB'_K'AJOLAB',ximenez,81,vi,1,exact,KA'IB'_K'AJOLAB',
KA'IB'_K'AJOLAB',ximenez,81,vi,1,exact,KA'IB'_K'AJOLAB',
JUN_KAME'_WUQUB'_KAME,ximenez,81,ahauab,1,exact,JUN_KAME'_WUQUB'_KAME,
RAJAWAL_XIB'ALB'A,ximenez,81,conohel,1,exact,Rajawal Xib'alb'a,grupo de deidades
CHI_ISMACHI',ximenez,81,tinamit,1,exact,Chi Ismachi',topónimo
CHI_ISMACHI',ximenez,81,tinamit,1,exact,Chi Ismachi',topónimo
SAQKABAJA,ximenez,82,"ah zac cabaha,",3,exact,Saqkabaja,topónimo
AJTZIK_WINAQ,ximenez,82,ah tzic vina,3,exact,Ajtzik Winaq,oficio
OXIB_RI_NIM_JA,ximenez,82,ox chob chi,3,exact,Oxib' ri nim ja,linaje
RAJAWAL_XIB'ALB'A,ximenez,82,conohel ahauab,2,exact,Rajawal Xib'alb'a,grupo de deidades
RAJAWAL_XIB'ALB'A,ximenez,82,conohel ahauab,2,exact,Rajawal Xib'alb'a,grupo de deidades
AJLAB'AL,ximenez,82,ah labal,2,exact,Ajlab'al,deidad
TINAMIT_K'ICHE',ximenez,82,queche vinac,2,exact,Tinamit K'iche',topónimo
WILA',ximenez,82,ah vvila,2,exact,Wila',topónimo
CHULIMAL,ximenez,82,ah chulimal,2,exact,Chulimal,topónimo
CHITEMAJ,ximenez,82,"chi temah,",2,exact,Chitemaj,topónimo
AJ_KAB'RAQAN,ximenez,82,ah cabracan,2,exact,Aj Kab'raqan,linaje
MAQ'A',ximenez,82,"ah maca,",2,exact,MAQ'A',
SIYAJA,ximenez,82,ah ziyaha,2,exact,Siyaja,topónimo
XELAJUJ,ximenez,82,ah xelahuh,2,exact,Xelajuj,topónimo
K'IKAB'_KQSIETE,ximenez,82,qui cab,2,exact,K'IKAB'_KQSIETE,
AJPOP_K'AMJA,ximenez,82,ahpop camha,2,exact,Ajpop K'amja,oficio
AJTZIK_WINAQ,ximenez,82,ahtzic vinac,2,exact,Ajtzik Winaq,oficio
AJLAB'AL,ximenez,82,ah labal,2,exact,Ajlab'al,deidad
KA'IB'_K'AJOLAB',ximenez,82,e caib,2,exact,KA'IB'_K'AJOLAB',
ACHAQ'_IB'OY,ximenez,82,achac iboy,2,exact,Achaq' Ib'oy,persona
AJAW_K'ICHE',ximenez,82,ahau quiche,2,exact,Ajaw K'iche',linaje
AJTZIK_WINAQ,ximenez,82,ahtzic vinac,2,exact,Ajtzik Winaq,oficio
JUN_KAME'_WUQUB'_KAME,ximenez,82,at ahau,2,exact,JUN_KAME'_WUQUB'_KAME,
ILOKAB',ximenez,82,i locab,2,exact,Ilokab',linaje
JAQAWITZ_JUYUB',ximenez,82,huyub,1,exact,JAQAWITZ_JUYUB',
CHI_ISMACHI',ximenez,82,tinamit,1,exact,Chi Ismachi',topónimo
K'OKA'IB_KQDOS,ximenez,82,co,1,exact,K'oka'ib (gen. 2),persona
K'IKAB'_KQDIEZ,ximenez,82,quicab,1,exact,K'IKAB'_KQDIEZ,
RAJAWAL_XIB'ALB'A,ximenez,82,conohel,1,exact,Rajawal Xib'alb'a,grupo de deidades
JAQAWITZ_JUYUB',ximenez,82,huyub,1,exact,JAQAWITZ_JUYUB',
JAQAWITZ_JUYUB',ximenez,82,huyub,1,exact,JAQAWITZ_JUYUB',
TAMASUL,ximenez,82,xbec,1,exact,Tamasul,animal
KA'IB'_K'AJOLAB',ximenez,82,vi,1,exact,KA'IB'_K'AJOLAB',
CHI_ISMACHI',ximenez,82,tinamit.,1,exact,Chi Ismachi',topónimo
XAJBA'KYEJ,ximenez,82,"xahbaquieh,",1,exact,XAJBA'KYEJ,
CHI_JUNAJPU,ximenez,82,chihunahpu,1,exact,Chi Junajpu,topónimo
CHUWI'_MEQ'ENA',ximenez,82,ahmiquina,1,exact,Chuwi' Meq'ena',topónimo
JAQAWITZ_JUYUB',ximenez,82,huyub,1,exact,JAQAWITZ_JUYUB',
UK'U'X_ULEW,ximenez,82,vleu,1,exact,Uk'u'x Ulew,deidad
TAMASUL,ximenez,82,xbec,1,exact,Tamasul,animal
KAWISIMAJ_KQSIETE,ximenez,82,cauizimah,1,exact,Kawisimaj (gen. 7),persona
AJPOP,ximenez,82,ahpop,1,exact,Ajpop,oficio
Q'ALEL,ximenez,82,q'alel,1,exact,Q'alel,oficio
JUN_KAME'_WUQUB'_KAME,ximenez,82,ahauab,1,exact,JUN_KAME'_WUQUB'_KAME,
K'IKAB'_KQDIEZ,ximenez,82,quicab,1,exact,K'IKAB'_KQDIEZ,
KAWISIMAJ_KQSIETE,ximenez,82,cavizimah,1,exact,Kawisimaj (gen. 7),persona
AWILIX,ximenez,82,ahau,1,exact,Awilix,deidad
KAWEQ,ximenez,82,caviquib,1,exact,Kaweq,linaje
KE'EMA,ximenez,82,queema,1,exact,KE'EMA,
AWILIX,ximenez,82,ahau,1,exact,Awilix,deidad
NIJA'IB,ximenez,82,"nihaib,",1,exact,NIJA'IB,
AWILIX,ximenez,82,ahau,1,exact,Awilix,deidad
AWILIX,ximenez,82,ahau,1,exact,Awilix,deidad
K'AJOLOM,ximenez,82,qahol,1,exact,K'ajolom,deidad
JAQAWITZ_JUYUB',ximenez,82,huyub,1,exact,JAQAWITZ_JUYUB',
K'IKAB'_KQDIEZ,ximenez,82,quicab,1,exact,K'IKAB'_KQDIEZ,
KAWISIMAJ_KQSIETE,ximenez,82,cauizimah,1,exact,Kawisimaj (gen. 7),persona
Q'ALEL,ximenez,82,ealel,1,exact,Q'alel,oficio
JUN_KAME'_WUQUB'_KAME,ximenez,82,ahauab,1,exact,JUN_KAME'_WUQUB'_KAME,
JUN_KAME'_WUQUB'_KAME,ximenez,82,ahauab,1,exact,JUN_KAME'_WUQUB'_KAME,
AJPOP,ximenez,82,ahpop,1,exact,Ajpop,oficio
AJPOP_K'AMJA,ximenez,82,ahpopcamha,1,exact,Ajpop K'amja,oficio
Q'ALEL,ximenez,82,ealel,1,exact,Q'alel,oficio
KA'IB'_K'AJOLAB',ximenez,82,vi,1,exact,KA'IB'_K'AJOLAB',
AJPOP_K'AMJA,ximenez,82,ahpopcamha,1,exact,Ajpop K'amja,oficio
AJPOP,ximenez,82,ahpop,1,exact,Ajpop,oficio
Q'ALEL,ximenez,82,ealel,1,exact,Q'alel,oficio
Q'ALEL,ximenez,82,ealel,1,exact,Q'alel,oficio
JUN_KAME'_WUQUB'_KAME,ximenez,82,ahauab,1,exact,JUN_KAME'_WUQUB'_KAME,
TAMUB',ximenez,82,"tamub,",1,exact,Tamub',linaje
OXIB_RI_NIM_JA,ximenez,82,quiche,1,exact,Oxib' ri nim ja,linaje
OXIB_RI_NIM_JA,ximenez,82,quiche,1,exact,Oxib' ri nim ja,linaje
JAQAWITZ_JUYUB',ximenez,82,huyub,1,exact,JAQAWITZ_JUYUB',
KA'IB'_K'AJOLAB',ximenez,82,vi,1,exact,KA'IB'_K'AJOLAB',
K'AJOLOM,ximenez,82,qahol.,1,exact,K'ajolom,deidad
XE'_B'ALAX,ximenez,83,"Xebalax,",1,exact,Xe' B'alax,topónimo
XE'_K'A'MAQ,ximenez,83,xecamac,1,exact,XE'_K'A'MAQ,
JAQAWITZ_JUYUB',ximenez,83,huyub,1,exact,JAQAWITZ_JUYUB',
KA'IB'_K'AJOLAB',ximenez,83,vi,1,exact,KA'IB'_K'AJOLAB',
CHULIMAL,ximenez,83,chulimal,1,exact,Chulimal,topónimo
AJTZIK_WINAQ,ximenez,84,ah tzic vinac,3,exact,Ajtzik Winaq,oficio
Q'ALEL_ACHIJ,ximenez,84,"v ealel achih,",3,exact,Q'alel Achij,oficio
TINAMIT_K'ICHE',ximenez,84,que che vinac,3,exact,Tinamit K'iche',topónimo
AJPOP_K'AMJA,ximenez,84,ahpop camha,2,exact,Ajpop K'amja,oficio
NIMA_CH'OKOJ,ximenez,84,nim chocoh,2,exact,Nima Ch'okoj,oficio
Q'ALEL_AJAW,ximenez,84,ealel ahau,2,exact,Q'alel Ajaw,linaje
Q'ALEL_SAQIK,ximenez,84,"ealel zaquic,",2,exact,Q'alel Saqik,oficio
RAJPOP,ximenez,84,"rahpop achih,",2,exact,Rajpop,deidad
UTZA'M_ACHIJ,ximenez,84,"vtzam achih,",2,exact,Utza'm Achij,oficio
AJPOP,ximenez,84,ah pop,2,exact,Ajpop,oficio
AJPOP_K'AMJA,ximenez,84,ahpop camha,2,exact,Ajpop K'amja,oficio
WA,ximenez,84,Va,1,exact,Wa,objeto
Q'ALEL,ximenez,84,ealel,1,exact,Q'alel,oficio
AJPOP,ximenez,84,ahpop,1,exact,Ajpop,oficio
AJPOP,ximenez,84,ahpop,1,exact,Ajpop,oficio
Q'ALEL,ximenez,84,ealel,1,exact,Q'alel,oficio
Q'ALEL,ximenez,84,ealel,1,exact,Q'alel,oficio
AJPOP,ximenez,84,ahpop,1,exact,Ajpop,oficio
KA'IB'_K'AJOLAB',ximenez,84,vqahol,1,exact,KA'IB'_K'AJOLAB',
OXIB_RI_NIM_JA,ximenez,84,quiche.,1,exact,Oxib' ri nim ja,linaje
KA'IB'_K'AJOLAB',ximenez,84,vqahol,1,exact,KA'IB'_K'AJOLAB',
JAQAWITZ_JUYUB',ximenez,84,huyub.,1,exact,JAQAWITZ_JUYUB',
Q'ALEL,ximenez,84,ealel,1,exact,Q'alel,oficio
AJPOP,ximenez,84,ahpop,1,exact,Ajpop,oficio
JAQAWITZ_JUYUB',ximenez,84,huyub,1,exact,JAQAWITZ_JUYUB',
AJTZIK_WINAQ,ximenez,84,ahtzicvinac,1,exact,Ajtzik Winaq,oficio
AJAW_K'ICHE',ximenez,85,ahau quiche.,2,exact,Ajaw K'iche',linaje
TINAMIT_K'ICHE',ximenez,85,ahauab quiche,2,exact,Tinamit K'iche',topónimo
AJPOP_K'AMJA,ximenez,85,ahpop camha,2,exact,Ajpop K'amja,oficio
AJPOP_K'AMJA,ximenez,85,ahpop camha,2,exact,Ajpop K'amja,oficio
POPOL_WUJ,ximenez,85,popol vvh,2,exact,Popol Wuj,objeto
NIM_AQ,ximenez,85,nimac,1,exact,Nim Aq,deidad
TOJIL,ximenez,85,tohil,1,exact,Tojil,deidad
TOJIL,ximenez,85,tohil,1,exact,Tojil,deidad
KAWEQ,ximenez,85,cauiquib,1,exact,Kaweq,linaje
AWILIX,ximenez,85,avlix,1,exact,Awilix,deidad
AJAW_AWILIX,ximenez,85,aulix,1,exact,Ajaw Awilix,oficio
NIJA'IB,ximenez,85,nihaibab.,1,exact,NIJA'IB,
JAQAWITZ,ximenez,85,hacavitz,1,exact,Jaqawitz,deidad
TZ'UTUJA,ximenez,85,tzutuha,1,exact,Tz'utuja,linaje
NIM_AQ,ximenez,85,nimac,1,exact,Nim Aq,deidad
TOJIL,ximenez,85,tohil,1,exact,Tojil,deidad
AJPOP,ximenez,85,ahpop,1,exact,Ajpop,oficio
AWILIX,ximenez,85,ahau.,1,exact,Awilix,deidad
AWILIX,ximenez,85,ahau,1,exact,Awilix,deidad
AJPOP,ximenez,85,ahpop,1,exact,Ajpop,oficio
CHI_ISMACHI',ximenez,85,quitinamit,1,exact,Chi Ismachi',topónimo
JUN_KAME'_WUQUB'_KAME,ximenez,85,ahauab,1,exact,JUN_KAME'_WUQUB'_KAME,
AWILIX,ximenez,85,ahau,1,exact,Awilix,deidad
Q'UKUMATZ_KQCINCO,ximenez,85,cucumatz,1,exact,Q'ukumatz (gen. 5),persona
K'OTUJA_KQCINCO,ximenez,85,"cotuha,",1,exact,K'otuja (gen. 5),persona
AWILIX,ximenez,85,ahau,1,exact,Awilix,deidad
Q'UKUMATZ_KQCINCO,ximenez,85,cucumatz,1,exact,Q'ukumatz (gen. 5),persona
K'OTUJA_KQCINCO,ximenez,85,cotuha,1,exact,K'otuja (gen. 5),persona
AWILIX,ximenez,85,ahau,1,exact,Awilix,deidad
K'IKAB'_KQDIEZ,ximenez,85,"quicab,",1,exact,K'IKAB'_KQDIEZ,
KAWISIMAJ_KQSIETE,ximenez,85,cauizimah,1,exact,Kawisimaj (gen. 7),persona
KA'IB'_K'AJOLAB',ximenez,85,vi,1,exact,KA'IB'_K'AJOLAB',
JUN_KAME'_WUQUB'_KAME,ximenez,85,ahauab,1,exact,JUN_KAME'_WUQUB'_KAME,
NAKXIT,ximenez,85,ahauarem,1,exact,Nakxit,deidad
WA,ximenez,85,va,1,exact,Wa,objeto
TOJIL,ximenez,85,tohil,1,exact,Tojil,deidad
TULUL,ximenez,85,"tulul,",1,exact,Tulul,objeto
AJACHE',ximenez,85,"ahache,",1,exact,Ajache',objeto
Q'INOM,ximenez,85,"quinom,",1,exact,Q'inom,objeto
WA,ximenez,85,va,1,exact,Wa,objeto
WA,ximenez,85,quevaic,1,exact,Wa,objeto
KA'IB'_K'AJOLAB',ximenez,85,vi,1,exact,KA'IB'_K'AJOLAB',
JUN_KAME'_WUQUB'_KAME,ximenez,85,ahauab,1,exact,JUN_KAME'_WUQUB'_KAME,
IXKIK',ximenez,85,ixoc,1,exact,Ixkik',deidad
RAXA_B'E,ximenez,86,paraxa hoc.,2,exact,Raxa b'e,topónimo
UK'U'X_KAJ,ximenez,86,vqux cah,2,exact,Uk'u'x Kaj,deidad
UK'U'X_ULEW,ximenez,86,vqux vleu,2,exact,Uk'u'x Ulew,deidad
PISOM_Q'AQ'AL,ximenez,86,"pizom, q'aq'al",2,exact,Pisom Q'aq'al,objeto
AJPOP_K'AMJA,ximenez,86,ahpop camha,2,exact,Ajpop K'amja,oficio
AJTZIK_WINAQ,ximenez,86,ahtzic vinac,2,exact,Ajtzik Winaq,oficio
TINAMIT_K'ICHE',ximenez,86,queche vinac,2,exact,Tinamit K'iche',topónimo
AJPOP_K'AMJA,ximenez,86,ahpop camha,2,exact,Ajpop K'amja,oficio
AJTZIK_WINAQ,ximenez,86,ahzic vinac,2,exact,Ajtzik Winaq,oficio
RAJAWAL_XIB'ALB'A,ximenez,86,conohel ahauab,2,exact,Rajawal Xib'alb'a,grupo de deidades
UK'U'X_KAJ,ximenez,86,vquxcah,1,exact,Uk'u'x Kaj,deidad
UK'U'X_ULEW,ximenez,86,"vleu,",1,exact,Uk'u'x Ulew,deidad
IXTAJ_IXPUCH',ximenez,86,mial,1,exact,Ixtaj Ixpuch',grupo de deidades
K'AJOLOM,ximenez,86,qahol,1,exact,K'ajolom,deidad
K'OOL,ximenez,86,cool,1,exact,K'ool,lugar
K'OOL,ximenez,86,cool,1,exact,K'ool,lugar
IKAJ,ximenez,86,cah,1,exact,IKAJ,
UK'U'X_ULEW,ximenez,86,vleu.,1,exact,Uk'u'x Ulew,deidad
IKAJ,ximenez,86,cah,1,exact,IKAJ,
RAJAWAL_XIB'ALB'A,ximenez,86,riahauab,1,exact,Rajawal Xib'alb'a,grupo de deidades
K'AJOLOM,ximenez,86,qahol,1,exact,K'ajolom,deidad
IXKIK',ximenez,86,ixoc,1,exact,Ixkik',deidad
NAKXIT,ximenez,86,ahauarem,1,exact,Nakxit,deidad
AJPOP,ximenez,86,ahpop,1,exact,Ajpop,oficio
Q'ALEL,ximenez,86,ealel,1,exact,Q'alel,oficio
KAB',ximenez,86,cab,1,exact,Kab',objeto
KA'IB'_K'AJOLAB',ximenez,86,vi,1,exact,KA'IB'_K'AJOLAB',
RAB'INALEB',ximenez,86,rabinaleb,1,exact,Rab'inaleb',linaje
KAQCHIKELEB',ximenez,86,"q'aq'chequeleb,",1,exact,Kaqchikeleb',linaje
TUJAL_JA,ximenez,86,"tuhalaha,",1,exact,Tujal Ja,topónimo
UCH'AB'AJA,ximenez,86,vchabaha,1,exact,Uch'ab'aja,linaje
KA'IB'_K'AJOLAB',ximenez,86,vi,1,exact,KA'IB'_K'AJOLAB',
TINAMIT_K'ICHE',ximenez,86,queche,1,exact,Tinamit K'iche',topónimo
K'OOL,ximenez,86,quecool,1,exact,K'ool,lugar
WA,ximenez,86,vain,1,exact,Wa,objeto
JUN_KAME'_WUQUB'_KAME,ximenez,86,ahauab,1,exact,JUN_KAME'_WUQUB'_KAME,
Q'UKUMATZ_KQCINCO,ximenez,86,cucumatz,1,exact,Q'ukumatz (gen. 5),persona
K'OTUJA_KQCINCO,ximenez,86,cotuh,1,exact,K'otuja (gen. 5),persona
K'IKAB'_KQDIEZ,ximenez,86,quicab,1,exact,K'IKAB'_KQDIEZ,
KAWISIMAJ_KQSIETE,ximenez,86,cavizimah,1,exact,Kawisimaj (gen. 7),persona
AJPOP,ximenez,86,ahpop,1,exact,Ajpop,oficio
Q'ALEL,ximenez,86,q'alel,1,exact,Q'alel,oficio
OXIB_RI_NIM_JA,ximenez,86,quiche,1,exact,Oxib' ri nim ja,linaje
KA'IB'_K'AJOLAB',ximenez,86,vi,1,exact,KA'IB'_K'AJOLAB',
Q'UKUMATZ_KQCINCO,ximenez,86,cucumatz,1,exact,Q'ukumatz (gen. 5),persona
NAKXIT,ximenez,86,ahauarem,1,exact,Nakxit,deidad
OXIB_RI_NIM_JA,ximenez,86,quiche,1,exact,Oxib' ri nim ja,linaje
B'ALAM_KI'TZE',ximenez,87,"balam quitze,",2,exact,B'alam Ki'tze',persona
B'ALAM_AQ'AB',ximenez,87,balam acab,2,exact,B'alam Aq'ab',persona
SAQI_NIM_AQ_SIS,ximenez,87,ca mam,2,exact,Saqi Nim Aq Sis,deidad
XA_Q'ANA_JAL,ximenez,87,ca cahau.,2,exact,Xa q'ana jal,grupo de deidades
TINAMIT_K'ICHE',ximenez,87,ahauab quiche,2,exact,Tinamit K'iche',topónimo
B'ALAM_KI'TZE',ximenez,87,Balam quitze,2,exact,B'alam Ki'tze',persona
KAWEQ,ximenez,87,cavi quib,2,exact,Kaweq,linaje
B'ALAM_KI'TZE',ximenez,87,balam quitze,2,exact,B'alam Ki'tze',persona
NAKXIT,ximenez,87,ahauarem,1,exact,Nakxit,deidad
MAJUK'UTAJ,ximenez,87,mahucutah,1,exact,Majuk'utaj,persona
IQ'I_B'ALAM,ximenez,87,iquibalam.,1,exact,Iq'i B'alam,persona
IK,ximenez,87,"ic,",1,exact,Ik,objeto
NAKXIT,ximenez,87,ahauarem,1,exact,Nakxit,deidad
JUN_KAME'_WUQUB'_KAME,ximenez,87,ahauab,1,exact,JUN_KAME'_WUQUB'_KAME,
JUN_KAME'_WUQUB'_KAME,ximenez,87,ahauab,1,exact,JUN_KAME'_WUQUB'_KAME,
SAQI_NIM_AQ_SIS,ximenez,87,mama,1,exact,Saqi Nim Aq Sis,deidad
NAKXIT,ximenez,87,rahaual,1,exact,Nakxit,deidad
JUN_KAME'_WUQUB'_KAME,ximenez,87,ahauab,1,exact,JUN_KAME'_WUQUB'_KAME,
K'OQAWIB_KQDOS,ximenez,87,Cocauib,1,exact,K'oqawib (gen. 2),persona
B'ALAM,ximenez,87,Balam,1,exact,B'alam,animal
B'ALAM_K'ONACHE'_KQTRES,ximenez,87,conache,1,exact,B'alam K'onache' (gen. 3),persona
AJPOP,ximenez,87,ahpopol,1,exact,Ajpop,oficio
K'OTUJA_KQCINCO,ximenez,87,Cotuha,1,exact,K'otuja (gen. 5),persona
ISTAYUL_KQCUATRO,ximenez,87,ztayub,1,exact,Istayul (gen. 4),persona
Q'UKUMATZ_KQCINCO,ximenez,87,Cucumatz,1,exact,Q'ukumatz (gen. 5),persona
K'OTUJA_KQCINCO,ximenez,87,cotuha,1,exact,K'otuja (gen. 5),persona
AWILIX,ximenez,87,ahau,1,exact,Awilix,deidad
KA'IB'_K'AJOLAB',ximenez,87,vi,1,exact,KA'IB'_K'AJOLAB',
TEPEPUL,ximenez,87,Tepepul,1,exact,Tepepul,persona
ISTAYUL_KQSEIS,ximenez,87,ztayul,1,exact,Istayul (gen. 6),persona
K'IKAB'_KQDIEZ,ximenez,87,Quicab,1,exact,K'IKAB'_KQDIEZ,
KAWISIMAJ_KQSIETE,ximenez,87,cauizimah,1,exact,Kawisimaj (gen. 7),persona
JAL,ximenez,87,hal,1,exact,Jal,objeto
TEPEPUL,ximenez,87,Tepepul,1,exact,Tepepul,persona
ISTAYUL_KQOCHO,ximenez,87,xtayub,1,exact,Istayul (gen. 8),persona
TEKUM_KQTRECE,ximenez,87,Tecum,1,exact,Tekum (gen. 13),persona
TEPEPUL,ximenez,87,tepepul,1,exact,Tepepul,persona
K'IKAB'_KQDIEZ,ximenez,87,quicab,1,exact,K'IKAB'_KQDIEZ,
NOJ,ximenez,87,noh,1,exact,Noj,objeto
KUWATEPECH_KQONCE,ximenez,87,cauatepech,1,exact,Kuwatepech (gen. 11),persona
JUN_KAME'_WUQUB'_KAME,ximenez,87,ahauab,1,exact,JUN_KAME'_WUQUB'_KAME,
Tzi,ximenez,87,tzi,1,exact,Tzi,objeto
JUN_KAME'_WUQUB'_KAME,ximenez,87,ahauab.,1,exact,JUN_KAME'_WUQUB'_KAME,
DONADIU,ximenez,87,Donadiu,1,exact,Donadiu,persona
TEKUM_KQTRECE,ximenez,87,Tecum,1,exact,Tekum (gen. 13),persona
TEPEPUL,ximenez,87,tepepul,1,exact,Tepepul,persona
JUN_KAME'_WUQUB'_KAME,ximenez,87,ahauab,1,exact,JUN_KAME'_WUQUB'_KAME,
TEKUM_KQTRECE,ximenez,87,tecum,1,exact,Tekum (gen. 13),persona
TEPEPUL,ximenez,87,tepepul,1,exact,Tepepul,persona
AJPOP_K'AMJA,ximenez,88,ahpop camba,2,exact,Ajpop K'amja,oficio
KAWEQ,ximenez,88,caviquib quiche,2,exact,Kaweq,linaje
NIMA_CH'OKOJ,ximenez,88,Nim chocoh,2,exact,Nima Ch'okoj,oficio
AJQ'UKUMATZ,ximenez,88,ah cucumatz,2,exact,Ajq'ukumatz,oficio
NAKXIT,ximenez,88,ahauarem,1,exact,Nakxit,deidad
AWILIX,ximenez,88,ahau,1,exact,Awilix,deidad
AJPOP,ximenez,88,ahpop,1,exact,Ajpop,oficio
WA,ximenez,88,Va,1,exact,Wa,objeto
AJPOP_K'AMJA,ximenez,88,ahpopcamha,1,exact,Ajpop K'amja,oficio
WA,ximenez,88,va,1,exact,Wa,objeto
NAKXIT,ximenez,88,rahaual,1,exact,Nakxit,deidad
AWILIX,ximenez,88,Ahau,1,exact,Awilix,deidad
AJPOP,ximenez,88,ahpop,1,exact,Ajpop,oficio
AWILIX,ximenez,88,Ahau,1,exact,Awilix,deidad
AJPOP_K'AMJA,ximenez,88,ahpopcamha,1,exact,Ajpop K'amja,oficio
AJTOJIL,ximenez,88,ahtohil,1,exact,Ajtojil,oficio
AWILIX,ximenez,88,Ahau,1,exact,Awilix,deidad
KEJ,ximenez,88,queh,1,exact,Kej,animal
JOM,ximenez,88,pahom,1,exact,Jom,lugar
KA'IB'_K'AJOLAB',ximenez,89,vqahol,1,exact,KA'IB'_K'AJOLAB',
SOTZ'I_JA,ximenez,89,ha,1,exact,Sotz'i Ja,lugar
B'ALAM_AQ'AB',ximenez,90,Balam acab,2,exact,B'alam Aq'ab',persona
K'OTUJA_KQCUATRO,ximenez,90,ahau Cotuha,2,exact,K'otuja (gen. 4),persona
K'OTUJA_KQCUATRO,ximenez,90,Ahau cotuha,2,exact,K'otuja (gen. 4),persona
AJAQ_Q'ALEL_NJDOCE,ximenez,90,ahau q'alel,2,exact,AJAQ_Q'ALEL_NJDOCE,
NIJA'IB,ximenez,90,nihaibab,1,exact,NIJA'IB,
NAKXIT,ximenez,90,ahauarem,1,exact,Nakxit,deidad
K'OTUJA_KQCINCO,ximenez,90,Cotuha,1,exact,K'otuja (gen. 5),persona
AWILIX,ximenez,90,ahau,1,exact,Awilix,deidad
ISTAYUL_KQSEIS,ximenez,90,Ztayul,1,exact,Istayul (gen. 6),persona
AJTZIK_WINAQ,ximenez,91,ah tzic vinac,3,exact,Ajtzik Winaq,oficio
AJAQ_Q'ALEL_NJDOCE,ximenez,91,ahau q'alel,2,exact,AJAQ_Q'ALEL_NJDOCE,
AJAQ_Q'ALEL_NJDOCE,ximenez,91,1Ahau q'alel,2,exact,AJAQ_Q'ALEL_NJDOCE,
AJAQ_Q'ALEL_NJDOCE,ximenez,91,3Ahau q'alel,2,exact,AJAQ_Q'ALEL_NJDOCE,
NIMA_K'AMJA,ximenez,91,4Nima camha,2,exact,Nima K'amja,oficio
NIMA_K'AMJA,ximenez,91,6Nima camha,2,exact,Nima K'amja,oficio
NIMA_CH'OKOJ,ximenez,91,7Nim chocoh,2,exact,Nima Ch'okoj,oficio
NAKXIT,ximenez,91,rahaual,1,exact,Nakxit,deidad
SOTZ'I_JA,ximenez,91,ha.,1,exact,Sotz'i Ja,lugar
AWILIX,ximenez,91,ahau,1,exact,Awilix,deidad
NIJA'IB,ximenez,91,nihaibab,1,exact,NIJA'IB,
SOTZ'I_JA,ximenez,91,ha.,1,exact,Sotz'i Ja,lugar
AWILIX,ximenez,91,2Ahau,1,exact,Awilix,deidad
SOTZ'I_JA,ximenez,91,ha,1,exact,Sotz'i Ja,lugar
SOTZ'I_JA,ximenez,91,ha.,1,exact,Sotz'i Ja,lugar
SOTZ'I_JA,ximenez,91,ha.,1,exact,Sotz'i Ja,lugar
ALOM,ximenez,91,5Vchuch,1,exact,Alom,deidad
SOTZ'I_JA,ximenez,91,ha.,1,exact,Sotz'i Ja,lugar
SOTZ'I_JA,ximenez,91,ha.,1,exact,Sotz'i Ja,lugar
NIJA'IB,ximenez,91,nihaib,1,exact,NIJA'IB,
SOTZ'I_JA,ximenez,91,ha.,1,exact,Sotz'i Ja,lugar
AWILIX,ximenez,91,8Ahau,1,exact,Awilix,deidad
AWILIX,ximenez,91,auilix,1,exact,Awilix,deidad
SOTZ'I_JA,ximenez,91,ha.,1,exact,Sotz'i Ja,lugar
SOTZ'I_JA,ximenez,91,ha.,1,exact,Sotz'i Ja,lugar
SOTZ'I_JA,ximenez,92,ha,1,exact,Sotz'i Ja,lugar
NIJA'IB,ximenez,92,nihaibab,1,exact,NIJA'IB,
KA'IB'_K'AJOLAB',ximenez,92,vi,1,exact,KA'IB'_K'AJOLAB',
NIJA'IB,ximenez,92,nihaibab,1,exact,NIJA'IB,
JUN_KAME'_WUQUB'_KAME,ximenez,92,ahauab,1,exact,JUN_KAME'_WUQUB'_KAME,
AJAW_K'ICHE',ximenez,93,ahau qui che,3,exact,Ajaw K'iche',linaje
WINAQ_B'ALAM_AKNUEVE,ximenez,93,Vinac bam,2,exact,Winaq B'alam (gen. 9),persona
WA,ximenez,93,va,1,exact,Wa,objeto
B'ALAM_KI'TZE',ximenez,93,vmam,1,exact,B'alam Ki'tze',persona
K'AJOLOM,ximenez,93,vcahau,1,exact,K'ajolom,deidad
MAJUK'UTAJ,ximenez,93,Mahucutah,1,exact,Majuk'utaj,persona
K'O'AJAW_AKDOS,ximenez,93,Coahau,1,exact,K'o'ajaw (gen. 2),persona
AWILIX,ximenez,93,ahau,1,exact,Awilix,deidad
Q'AQ'_LAQAM_AKTRES,ximenez,93,Caelacan,1,exact,Q'aq' Laqam (gen. 3),persona
K'OKOSOM_AKCUATRO,ximenez,93,Cocozom,1,exact,K'okosom (gen. 4),persona
KOMAJKUN_AKCINCO,ximenez,93,Comahcun,1,exact,Komajkun (gen. 5),persona
WUQUB'_AJ_AKSEIS,ximenez,93,Vucubah,1,exact,Wuqub' Aj (gen. 6),persona
K'OKAMEL_AKSIETE,ximenez,93,Cocamel,1,exact,K'okamel (gen. 7),persona
K'OYABAKOJ_AKOCHO,ximenez,93,Coyabacoh,1,exact,K'oyabakoj (gen. 8),persona
AJTZIK_WINAQ,ximenez,94,Ah tzic vinac,3,exact,Ajtzik Winaq,oficio
AJAW_K'ICHE',ximenez,94,ahau quiche,2,exact,Ajaw K'iche',linaje
NIMA_CH'OKOJ,ximenez,94,Nim chocoh,2,exact,Nima Ch'okoj,oficio
KAJIB'_UNIM_JA,ximenez,94,chicahibcut nimha,2,exact,Kajib' unim ja,linaje
AJAW_K'ICHE',ximenez,94,ahau quiche,2,exact,Ajaw K'iche',linaje
JUN_KAME'_WUQUB'_KAME,ximenez,94,ahauab,1,exact,JUN_KAME'_WUQUB'_KAME,
JUN_KAME'_WUQUB'_KAME,ximenez,94,ahauab,1,exact,JUN_KAME'_WUQUB'_KAME,
WA,ximenez,94,va,1,exact,Wa,objeto
SOTZ'I_JA,ximenez,94,ha.,1,exact,Sotz'i Ja,lugar
AWILIX,ximenez,94,ahau,1,exact,Awilix,deidad
SOTZ'I_JA,ximenez,94,ha,1,exact,Sotz'i Ja,lugar
AWILIX,ximenez,94,ahau,1,exact,Awilix,deidad
AWILIX,ximenez,94,ahau,1,exact,Awilix,deidad
JAQAWITZ,ximenez,94,Hacavitz,1,exact,Jaqawitz,deidad
AWILIX,ximenez,94,ahau,1,exact,Awilix,deidad
SOTZ'I_JA,ximenez,94,ha,1,exact,Sotz'i Ja,lugar
NIM_CH'OKOJ,ximenez,95,e vchuch tzih,3,exact,Nim Ch'okoj,oficio
TINAMIT_K'ICHE',ximenez,95,ahavab quiche,2,exact,Tinamit K'iche',topónimo
NIM_CH'OKOJ,ximenez,95,"e alanel,",2,exact,Nim Ch'okoj,oficio
NIM_CH'OKOJ,ximenez,95,evcahau tzih,2,exact,Nim Ch'okoj,oficio
NIM_CH'OKOJ,ximenez,95,eoxib chichocohib,2,exact,Nim Ch'okoj,oficio
KA'IB'_K'AJOLAB',ximenez,95,vi,1,exact,KA'IB'_K'AJOLAB',
NIM_CH'OKOJ,ximenez,96,oxibcut ri chocohib,3,exact,Nim Ch'okoj,oficio
AJAW_NIM_CH'OKOJ,ximenez,96,nimchocoh ahau,2,exact,Ajaw Nim Ch'okoj,persona
AJAW_K'ICHE',ximenez,96,ahau quiche,2,exact,Ajaw K'iche',linaje
NIMA_CH'OKOJ,ximenez,96,nim chocoh,2,exact,Nima Ch'okoj,oficio
POPOL_WUJ,ximenez,96,qonabe oher,2,exact,Popol Wuj,objeto
NIJA'IB,ximenez,96,nihaib,1,exact,NIJA'IB,
TINAMIT_K'ICHE',ximenez,96,quicheri,1,exact,Tinamit K'iche',topónimo
JUN_KAME'_WUQUB'_KAME,ximenez,96,ahauab,1,exact,JUN_KAME'_WUQUB'_KAME,
OXIB_RI_NIM_JA,ximenez,96,quiche,1,exact,Oxib' ri nim ja,linaje
