folio,side,para_num,lb_n,found_phrase,matched_form,ana_id,score,line_text
22,1,1,37,vzamahel xibalba,vzamahel xibal ba,JUN_WINAQ,96.96969696969697,taxul canoc vzamahel xibalba
22,1,1,39,vzamahel xibalba,vzamahel xibal ba,JUN_WINAQ,96.96969696969697,xeqha cut ri vzamahel xibalba ta
22,1,1,41,vzamahel xibalba,vzamahel xibal ba,JUN_WINAQ,96.96969696969697,vzamahel xibalba vvcubix que
22,2,0,12,vzamahel xibalba,vzamahel xibal ba,JUN_WINAQ,96.96969696969697,cha vzamahel xibalba caqha iv
33,1,0,29,e cahib chivinac,e cahib chi vinac,XA_Q'ANA_JAL,96.96969696969697,hau e cahib chivinac tzac xa
51,1,0,11,cahi chiahauab,cahib chiahauab,KAJIB'_UNIM_JA,96.55172413793103,cahi chiahauab ahau quiche
52,2,1,30,conohel ahauab,cono hel ahauab,RAJAWAL_XIB'ALB'A,96.55172413793103,quinaoh conohel ahauab taxel
23,2,1,19,ix pu ca chuch,ix pu cachuch,IXB'AQIYALO,96.2962962962963,cut ixcatit ix pu ca chuch mixo
56,2,6,11,a h tzic vinac,ah tzic vinac,AJTZIK_WINAQ,96.2962962962963,a h tzic vinac ahau vbi nabeahau
32,2,0,22,much qaholab,omuch qaholab,MOTZ,96.0,much qaholab xecam rumal
34,2,0,17,cahib nim ha,cahib vnim ha,KAJIB'_UNIM_JA,96.0,cahau cahib nim ha chi ahau qui
43,2,0,5,queche vinac,que che vinac,TINAMIT_K'ICHE',96.0,cavec queche vinac rumal mi
53,2,2,15,ah tzic vinac,ahtzic vinac,AJTZIK_WINAQ,96.0,lel ah tzic vinac xoc queealem ro
56,1,16,25,ah tzic vinac,ahtzic vinac,AJTZIK_WINAQ,96.0,a hau ah tzic vinac hun vnim ha
56,2,6,11,h tzic vinac,ah tzic vinac,AJTZIK_WINAQ,96.0,a h tzic vinac ahau vbi nabeahau
6,2,1,39,hun hunahpu,hun hunah pu,JUN_JUNAJPU,95.65217391304348,cumal ri hun hunahpu ta
7,2,0,9,vcub caquix,vvcub caquix,WUQUB'_KAQIX,95.65217391304348,vcub caquix ri mama atit ca
13,1,0,21,hun hunahpu,hun hunah pu,JUNAJPU,95.65217391304348,puch hun hunahpu vvcub
13,1,0,23,hun hunahpu,hun hunah pu,JUNAJPU,95.65217391304348,ba ri quetzabal hun hunahpu
13,1,0,27,hun hunahpu,hun hunah pu,JUNAJPU,95.65217391304348,bal hun hunahpu vucub hun
13,1,0,31,hun hunahpu,hun hunah pu,JUNAJPU,95.65217391304348,uen vqahol hun hunahpu xca
13,1,1,39,hun hunahpu,hun hunah pu,JUNAJPU,95.65217391304348,hun hunahpu vvcub hun ahpu
13,2,0,14,rahpop achi,rahpop achih,RAJPOP,95.65217391304348,e cahib ri zamahel rahpop achi
13,2,0,18,hun hunahpu,hun hunah pu,JUNAJPU,95.65217391304348,hun hunahpu vvcub hun ahpu
15,1,0,33,hun hunahpu,hun hunah pu,JUNAJPU,95.65217391304348,xcat vholom ri hun hunahpu
15,1,0,40,hun hunahpu,hun hunah pu,JUNAJPU,95.65217391304348,vholom ri hun hunahpu chu
15,2,0,5,hun hunahpu,hun hunah pu,JUNAJPU,95.65217391304348,hun hunahpu chuxol xeqha curi xi
15,2,0,11,hun hunahpu,hun hunah pu,JUNAJPU,95.65217391304348,holom hun hunahpu xa hunama
16,1,0,20,hun hunahpu,hun hunah pu,JUNAJPU,95.65217391304348,lom hun hunahpu vvcub hun
16,2,0,14,hun hunahpu,hun hunah pu,JUNAJPU,95.65217391304348,ri vholom hun hunahpu qochi
17,2,0,1,hun hunahpu,hun hunah pu,JUNAJPU,95.65217391304348,rech hun hunahpu va vcaam eqaz
17,2,0,2,hun hunahpu,hun hunah pu,JUNAJPU,95.65217391304348,lic maui e caminac ri hun hunahpu
22,1,1,23,hun hunahpu,hun hunah pu,JUNAJPU,95.65217391304348,hun hunahpu vvcubhunahpu xr
32,1,0,35,hun hunahpu,hun hunah pu,JUNAJPU,95.65217391304348,hun hunahpu vvcub hun ahpu
47,2,0,17,qui cahichal,quicahichal,XA_Q'ANA_JAL,95.65217391304348,canoc xa hun e qo vi qui cahichal
50,1,0,39,ahau quiche,ahau qui che,AJAW_K'ICHE',95.65217391304348,yul ruq nihaibab ahau quiche
56,1,11,16,a hau cotuha,ahau cotuha,K'OTUJA_KQCUATRO,95.65217391304348,a hau cotuha vhulahu le
56,1,13,20,ahau q'alel,a hau q'alel,AJAW_Q'ALEL,95.65217391304348,z d don pedro de robles ahau q'alel
56,1,17,26,a hau q'alel,ahau q'alel,AJAW_Q'ALEL,95.65217391304348,a hau q'alel camha hun vnim ha
7,1,0,3,hunhunahpu,hunhu nahpu,JUN_JUNAJPU,95.23809523809523,copih chi cut hunhunahpu
7,1,0,8,hunhunahpu,hunhu nahpu,JUN_JUNAJPU,95.23809523809523,hunhunahpu rumal ri vu
7,1,0,9,cub caquix,vcub caquix,WUQUB'_KAQIX,95.23809523809523,cub caquix ta xbe chi rochoch
9,2,0,27,cub caquix,vcub caquix,WUQUB'_KAQIX,95.23809523809523,cub caquix quehe cut qui
12,1,2,27,hunhunahpu,hun hunahpu,JUNAJPU,95.23809523809523,ri hunhunahpu que vqhaxic are
12,1,2,30,hunhunahpu,hun hunahpu,JUNAJPU,95.23809523809523,xealaxic ri hunhunahpu vvcub
12,1,2,32,hunhunahpu,hun hunahpu,JUNAJPU,95.23809523809523,cane are curi hunhunahpu e
12,1,2,46,hunhunahpu,hun hunahpu,JUNAJPU,95.23809523809523,chouen hunhunahpu cah u v qahol
12,2,0,3,hunhunahpu,hun hunahpu,JUNAJPU,95.23809523809523,hunhunahpu vcub hunahpu
14,2,0,28,hunhunahpu,hun hunahpu,JUNAJPU,95.23809523809523,xeoc cut ri hunhunahpu vv
14,2,0,35,hunhunahpu,hun hunahpu,JUNAJPU,95.23809523809523,cuq ri hunhunahpu vvcub hun
15,1,0,47,hunhunahpu,hun hunahpu,JUNAJPU,95.23809523809523,holom hunhunahpu xahunam
33,1,1,32,nabe vinac,naabe vinac,XA_Q'ANA_JAL,95.23809523809523,quic xebitic are nabe vinac ri
39,1,0,15,xquitinamit,quitinamit,CHI_ISMACHI',95.23809523809523,vacamic xquitinamit curi xa
45,1,0,5,chirih aha,chirih ahau,JAQAWITZ,95.23809523809523,balam vtzibal nabe oc chirih aha
46,1,0,22,qui tinamit,quitinamit,CHI_ISMACHI',95.23809523809523,chuchi qui tinamit xa tzalam
46,2,0,2,qui tinamit,quitinamit,CHI_ISMACHI',95.23809523809523,cheex puch xnicox qui tinamit
46,2,0,7,tzih vinac,atzih vinac,AJTZIK_WINAQ,95.23809523809523,tzih vinac quevachinic quitzih chi
49,2,1,46,chirihahau,chirih ahau,JAQAWITZ,95.23809523809523,moxvachibal chirihahau co
50,1,0,40,oxchob chi,ox chob chi,OXIB_RI_NIM_JA,95.23809523809523,xa oxchob chi chinamit xqohe
50,2,1,45,qui tinamit,quitinamit,CHI_ISMACHI',95.23809523809523,chuvi qui tinamit ta xe tzacat hu
51,2,0,36,hau cotuha,ahau cotuha,K'OTUJA_KQCUATRO,95.23809523809523,hau cotuha quitzih chinaual a
55,2,13,35,n im chocoh,nim chocoh,NIM_CH'OKOJ,95.23809523809523,n im chocoh cavec hun vnimha ah
56,1,11,16,hau cotuha,ahau cotuha,K'OTUJA_KQCUATRO,95.23809523809523,a hau cotuha vhulahu le
56,1,17,26,hau q'alel,ahau q'alel,AJAW_Q'ALEL,95.23809523809523,a hau q'alel camha hun vnim ha
56,1,21,30,n im chocoh,nim chocoh,NIM_CH'OKOJ,95.23809523809523,n im chocoh nihaib hun vnim ha
56,1,26,41,nabe vinac,naabe vinac,XA_Q'ANA_JAL,95.23809523809523,mahucutah nabe vinac cu
56,2,8,15,n im chocoh,nim chocoh,NIM_CH'OKOJ,95.23809523809523,n im chocoh ahau roxahau hun
56,2,11,34,mal ahauab,mial ahauab,IXTAJ_IXPUCH',95.23809523809523,mal ahauab zachinac chic xere
8,2,0,4,ixqaholab,ix qaholab,KA'IB'_K'AJOLAB',94.73684210526316,na qui pa quibano ixqaholab
10,1,0,18,ix qaholab,ixqaholab,MOTZ,94.73684210526316,ix qaholab qha curi zipac
11,1,0,3,xbalanque,xbalan que,XB'ALAMQ'E,94.73684210526316,hun ahpu xbalanque v cab v
13,2,0,23,vcub came,vvcub came,WUQUB'_KAME',94.73684210526316,vcub came ahal puh ahal cana
22,2,0,14,chimalmat,chi malmat,CHIMALMAT,94.73684210526316,chimalmat cut xbec cubul curi
31,1,1,11,vcub came,vvcub came,WUQUB'_KAME',94.73684210526316,vcub came chibana chique cohipuzu
35,2,2,28,qui balam,iqui balam,IQ'I_B'ALAM,94.73684210526316,qui balam xere cut rach queche
35,2,3,47,q ' iquina,q ' iquin,TZ'IKIN,94.73684210526316,echequeleb ah q ' iquina ha ruq
38,1,2,43,q ' iquina,q ' iquin,TZ'IKIN,94.73684210526316,mic are chicuri ah q ' iquina ha
39,2,0,8,qui balam,iqui balam,IQ'I_B'ALAM,94.73684210526316,qui balam mahabi qui varan
47,1,0,43,mahucutah,mahucu tah,MAJUK'UTAJ,94.73684210526316,quitze balam acab mahucutah
51,1,3,33,nimchocoh,nim chocoh,NIM_CH'OKOJ,94.73684210526316,chuch camha nimchocoh nihaib
53,2,2,17,ealel ahau,ealelahau,AJAW_Q'ALEL,94.73684210526316,chocoh ealel ahau ealel zaquic v
55,2,13,35,im chocoh,nim chocoh,NIM_CH'OKOJ,94.73684210526316,n im chocoh cavec hun vnimha ah
56,1,21,30,im chocoh,nim chocoh,NIM_CH'OKOJ,94.73684210526316,n im chocoh nihaib hun vnim ha
56,2,8,15,im chocoh,nim chocoh,NIM_CH'OKOJ,94.73684210526316,n im chocoh ahau roxahau hun
56,2,11,28,nimchocoh,nim chocoh,NIM_CH'OKOJ,94.73684210526316,vcab curi nimchocoh ahau chuva
1,1,1,12,hun ahpu,xhun ahpu,JUNAJPU,94.11764705882352,pu vuch hun ahpu vtiu za
1,1,1,38,vpa cah vpa vleu,vpam cah vpam vleu,PAM_KAJ_UPAM_ULEW,94.11764705882352,camaxic vpa cah vpa vleu
3,2,0,27,hun ahpu,xhun ahpu,JUNAJPU,94.11764705882352,pu vuch hun ahpu vtiu qui
4,2,1,40,qui chuch,quichuch,IXB'AQIYALO,94.11764705882352,qui chuch chuvach puch qui
4,2,1,40,qui chuch,quichuch,IXKIK',94.11764705882352,qui chuch chuvach puch qui
6,2,0,15,qui cahau,quicahau,JUN_JUNAJPU,94.11764705882352,nimal chirih qui cahau are
6,2,0,15,qui cahau,quicahau,XA_Q'ANA_JAL,94.11764705882352,nimal chirih qui cahau are
7,1,0,39,qui chuch,quichuch,IXB'AQIYALO,94.11764705882352,qui chuch qui cahau quehe
7,1,0,39,qui chuch,quichuch,IXKIK',94.11764705882352,qui chuch qui cahau quehe
7,1,0,39,qui cahau,quicahau,JUN_JUNAJPU,94.11764705882352,qui chuch qui cahau quehe
7,1,0,39,qui cahau,quicahau,XA_Q'ANA_JAL,94.11764705882352,qui chuch qui cahau quehe
12,1,1,20,qui cahau,quicahau,JUN_JUNAJPU,94.11764705882352,bi qui cahau ri hun ahpu xbalan
12,1,1,20,qui cahau,quicahau,XA_Q'ANA_JAL,94.11764705882352,bi qui cahau ri hun ahpu xbalan
12,1,1,25,quicahau,qui cahau,JUNAJPU,94.11764705882352,bixic quicahau
12,1,2,28,qui cahau,quicahau,JUN_JUNAJPU,94.11764705882352,cut qui cahau ri xpiyacoc xmu
12,1,2,28,qui cahau,quicahau,XA_Q'ANA_JAL,94.11764705882352,cut qui cahau ri xpiyacoc xmu
12,1,2,31,hun ahpu,xhun ahpu,JUNAJPU,94.11764705882352,hun ahpu cumal xpiyacoc xmu
12,1,2,36,qui chuch,quichuch,IXB'AQIYALO,94.11764705882352,cut vbi qui chuch va xbaqui
12,1,2,36,qui chuch,quichuch,IXKIK',94.11764705882352,cut vbi qui chuch va xbaqui
12,2,0,15,qui chuch,quichuch,IXKIK',94.11764705882352,ca cut qui chuch ri hun batz hun
12,2,0,30,rahauarem,ahauarem,NAKXIT,94.11764705882352,nohel yaol vpatan rahauarem
12,2,0,37,cahauarem,ahauarem,NAKXIT,94.11764705882352,cut cahauarem ri chizipohic vi
12,2,0,40,rahauarem,ahauarem,NAKXIT,94.11764705882352,chuqhaxic cate cut rahauarem
13,1,0,8,cahauarem,ahauarem,NAKXIT,94.11764705882352,cut cahauarem ahalmez ahal
13,1,0,18,cahauarem,ahauarem,NAKXIT,94.11764705882352,cul are cut cahauarem xic pa
13,1,0,22,hun ahpu,xhun ahpu,JUNAJPU,94.11764705882352,hun ahpu are xquiraih xibal
13,1,0,24,hun ahpu,xhun ahpu,JUNAJPU,94.11764705882352,vvcub hun ahpu ri qui tzuum
13,1,0,25,pach cab,pa ch cab,PACHQ'AB',94.11764705882352,qui bate qui pach cab qui iach
13,1,0,32,qui chuch,quichuch,IXB'AQIYALO,94.11764705882352,minac oc qui chuch cachui chic
13,1,0,32,qui chuch,quichuch,IXKIK',94.11764705882352,minac oc qui chuch cachui chic
13,1,1,39,hun ahpu,xhun ahpu,JUNAJPU,94.11764705882352,hun hunahpu vvcub hun ahpu
13,2,0,18,hun ahpu,xhun ahpu,JUNAJPU,94.11764705882352,hun hunahpu vvcub hun ahpu
13,2,0,36,qui chuch,quichuch,IXB'AQIYALO,94.11764705882352,xeqha cut chire qui chuch xca
13,2,0,37,qui cahau,quicahau,XA_Q'ANA_JAL,94.11764705882352,minac oc qui cahau hona ixca
14,1,0,3,qui chuch,quichuch,IXB'AQIYALO,94.11764705882352,quz cut choc qui chuch ri xmu
14,1,0,6,hun ahpu,xhun ahpu,JUNAJPU,94.11764705882352,nahpu vvcub hun ahpu
14,1,1,8,hun ahpu,xhun ahpu,JUNAJPU,94.11764705882352,ahpu vvcub hun ahpu xcamqui
14,1,1,44,hun ahpu,xhun ahpu,JUNAJPU,94.11764705882352,nahpu vvcub hun ahpu xetzeen
14,2,0,29,hun ahpu,xhun ahpu,JUNAJPU,94.11764705882352,cub hun ahpu chupan ri que
15,2,1,17,hun ahau,hun aha u,JUN_KAME'_WUQUB'_KAME,94.11764705882352,vmeal hun ahau cuchumaquic
15,2,2,20,hun ahau,hun aha u,JUN_KAME'_WUQUB'_KAME,94.11764705882352,al hun ahau cuchumaquic vbi v
15,2,2,37,hun ahpu,xhun ahpu,JUNAJPU,94.11764705882352,xqha ri vholom hun ahpu ta quo modo fiet istud s r luc cap i
18,1,2,38,qui cahau,quicahau,XA_Q'ANA_JAL,94.11764705882352,uquexel qui cahau ri xebe chi
18,1,2,39,qui cahau,quicahau,XA_Q'ANA_JAL,94.11764705882352,xibalba caminac vi qui cahau
18,2,0,16,hun ahau,hun aha u,JUN_KAME'_WUQUB'_KAME,94.11764705882352,ri hun ahau xbalanque mahabi
18,2,0,20,hun ah pu,hun ahpu,JUN_JUNAJPU,94.11764705882352,xevqhax cut ri hun ah pu xbalan
19,1,0,41,hun ahpu,xhun ahpu,JUNAJPU,94.11764705882352,quitiquiba zuanic hun ahpu x coy
20,1,0,13,quichuch,qui chuch,CHIMALMAT,94.11764705882352,ratit rug pu quichuch
20,1,0,13,quichuch,qui chuch,IXKIK',94.11764705882352,ratit rug pu quichuch
20,1,1,16,qui chuch,quichuch,IXKIK',94.11764705882352,vachpu qui chuch nabe xquibano
20,2,0,43,qui chuch,quichuch,IXB'AQIYALO,94.11764705882352,catit chire pu qui chuch xcohbe
21,2,1,30,quichuch,qui chuch,CHIMALMAT,94.11764705882352,xavi quimichbal re catit quichuch pu
21,2,1,30,quichuch,qui chuch,IXB'AQIYALO,94.11764705882352,xavi quimichbal re catit quichuch pu
22,1,0,6,qui chuch,quichuch,IXB'AQIYALO,94.11764705882352,qui chuch tzapi vvach quebal hu
22,1,1,18,quicahau,qui cahau,JUNAJPU,94.11764705882352,tuquel xquimez ri hom quicahau
22,2,0,2,quicahau,qui cahau,JUNAJPU,94.11764705882352,oher taxebe camoc ri quicahau
23,2,1,22,hun nahpu,hun ahpu,JUN_JUNAJPU,94.11764705882352,tic hun nahpu hun chicu xti
24,2,0,22,vquic xic,quic xic,KIK'_RE,94.11764705882352,vquic xic rixcac xeqha taxeopo
30,1,1,28,qui chuch,quichuch,IXB'AQIYALO,94.11764705882352,xtzonox naipuch qui chuch qui
31,1,1,9,xhun ahpu,hun ahpu,JUN_JUNAJPU,94.11764705882352,xahoh xhun ahpu xbalanque
31,2,1,7,xhun ahpu,hun ahpu,JUN_JUNAJPU,94.11764705882352,chive ohva oh xhun ahpu
31,2,1,10,hun ahpu,xhun ahpu,JUNAJPU,94.11764705882352,pu vvcub hun ahpu quibi oh
32,1,0,8,xhun ahpu,hun ahpu,JUN_JUNAJPU,94.11764705882352,xebanou ri xhun ahpu xba
32,1,0,34,quicahau,qui cahau,JUNAJPU,94.11764705882352,quicahau xoheroc quecamoc ri
32,1,0,35,hun ahpu,xhun ahpu,JUNAJPU,94.11764705882352,hun hunahpu vvcub hun ahpu
32,1,0,36,qui cahau,quicahau,XA_Q'ANA_JAL,94.11764705882352,xquil chicut vvachri qui cahau
32,2,0,4,qui cahau,quicahau,XA_Q'ANA_JAL,94.11764705882352,qux qui cahau xaui xcanah chi
32,2,0,11,qui cahau,quicahau,XA_Q'ANA_JAL,94.11764705882352,qha chirech qui cahau ta xqui
33,1,0,5,vquiquel,v quiquel,KIK',94.11764705882352,vquiquel vquiquel vinac xuxic are
33,1,0,24,cucumatz,c ucumatz,Q'UKUMATZ_KQCINCO,94.11764705882352,cucumatz quevqhaxic cate cut
33,1,0,27,zaquihal,za quihal,JAL,94.11764705882352,hal zaquihal vtiohil xa echa ra
33,1,2,38,quichuch,qui chuch,CHIMALMAT,94.11764705882352,mahabi quichuch mahabi qui
33,1,2,38,quichuch,qui chuch,IXB'AQIYALO,94.11764705882352,mahabi quichuch mahabi qui
33,1,2,38,quichuch,qui chuch,IXKIK',94.11764705882352,mahabi quichuch mahabi qui
33,1,2,45,cucumatz,c ucumatz,Q'UKUMATZ_KQCINCO,94.11764705882352,qaholom tepeu cucumatz ta
34,1,1,19,cucumatz,c ucumatz,Q'UKUMATZ_KQCINCO,94.11764705882352,caculha tepeu cucumatz alom
34,2,0,4,qui chuch,quichuch,IXB'AQIYALO,94.11764705882352,cahib ri qui chuch oh quiche vinac
34,2,0,4,qui chuch,quichuch,IXKIK',94.11764705882352,cahib ri qui chuch oh quiche vinac
35,1,0,27,cucumatz,c ucumatz,Q'UKUMATZ_KQCINCO,94.11764705882352,voc hunahpu tepeu cucumatz
35,2,2,35,quicahau,qui cahau,JUNAJPU,94.11764705882352,quimam quicahau ahauab xa
35,2,2,35,quicahau,qui cahau,JUN_JUNAJPU,94.11764705882352,quimam quicahau ahauab xa
35,2,3,45,hacavitz,ha cavitz,JAQAWITZ_JUYUB',94.11764705882352,hil auilix hacavitz ta xoc chicut
37,2,0,34,cahauarem,ahauarem,NAKXIT,94.11764705882352,cam vi qui q'aq'al cahauarem
37,2,0,38,vquiquel,v quiquel,KIK',94.11764705882352,vquiquel vcomahil vtoloc v
38,2,0,23,hacavitz,ha cavitz,JAQAWITZ_JUYUB',94.11764705882352,cucaam ri tohil auilix hacavitz
38,2,1,38,hacavitz,ha cavitz,JAQAWITZ_JUYUB',94.11764705882352,lix hacavitz chiquech ri ba
39,1,0,13,hacavitz,ha cavitz,JAQAWITZ_JUYUB',94.11764705882352,cut hacavitz chuvi hun nima
39,1,0,14,hacavitz,haca vitz,JAQAWITZ,94.11764705882352,caeha hacavitz vbi huyub
39,1,0,17,hacavitz,ha cavitz,JAQAWITZ_JUYUB',94.11764705882352,vil hacavitz vbi xavi xca
39,1,0,21,hacavitz,ha cavitz,JAQAWITZ_JUYUB',94.11764705882352,chelah xqohe vi hacavitz xa
39,1,0,22,hacavitz,ha cavitz,JAQAWITZ_JUYUB',94.11764705882352,zaqui huyub xevax vi hacavitz
39,1,0,37,hacavitz,haca vitz,JAQAWITZ,94.11764705882352,chuvi huyub hacavitz vbi xa
39,2,0,29,hacavitz,ha cavitz,JAQAWITZ_JUYUB',94.11764705882352,tohil avilix hacavitz nim qui
39,2,0,44,hacavitz,haca vitz,JAQAWITZ,94.11764705882352,lix pa hacavitz cuqhaxicva
40,2,0,30,hacavitz,haca vitz,JAQAWITZ,94.11764705882352,vi huyub hacavitz chiri xeza
41,1,0,33,tzotziha,tzotzi ha,SOTZ'I_JA,94.11764705882352,chila tulan zuy va tzotziha chi
41,2,1,46,hacavitz,ha cavitz,JAQAWITZ_JUYUB',94.11764705882352,hacavitz caholal vach chiquiva
42,2,0,8,hacavitz,ha cavitz,JAQAWITZ_JUYUB',94.11764705882352,ri tohil aulix hacavitz xav qui
42,2,0,12,hacavitz,ha cavitz,JAQAWITZ_JUYUB',94.11764705882352,tohil aulix hacavitz na quitah
42,2,0,16,hacavitz,ha cavitz,JAQAWITZ_JUYUB',94.11764705882352,vach tohil aulix hacavitz ta xqui
42,2,0,17,qui chuc,qui chuch,CHIMALMAT,94.11764705882352,ziz quixiquin qui chuc chuvach
42,2,0,17,qui chuc,qui chuch,IXB'AQIYALO,94.11764705882352,ziz quixiquin qui chuc chuvach
42,2,0,17,qui chuc,qui chuch,IXKIK',94.11764705882352,ziz quixiquin qui chuc chuvach
42,2,0,31,hacavitz,ha cavitz,JAQAWITZ_JUYUB',94.11764705882352,tohil ruq aulix x hacavitz
43,1,0,27,hacavitz,ha cavitz,JAQAWITZ_JUYUB',94.11764705882352,hacavitz xcolo cut qui qahol chiri
43,1,1,43,hacavitz,ha cavitz,JAQAWITZ_JUYUB',94.11764705882352,mac vchaquic tohil avlix hacavitz
43,2,0,10,hacavitz,ha cavitz,JAQAWITZ_JUYUB',94.11764705882352,hacavitz areta cut ca cabauil
44,1,0,11,epu caib,e pu caib,KA'IB'_K'AJOLAB',94.11764705882352,epu caib xtah xpuch qui bi
44,1,1,24,hacavitz,ha cavitz,JAQAWITZ_JUYUB',94.11764705882352,curi tohil aulix hacavitz xeopon
44,2,1,37,ri ahauab,riahauab,RAJAWAL_XIB'ALB'A,94.11764705882352,zucu xequicot ri ahauab ta
44,2,1,45,ri ahauab,riahauab,RAJAWAL_XIB'ALB'A,94.11764705882352,macunic xquina ri ahauab ta
45,2,0,2,hacavitz,haca vitz,JAQAWITZ,94.11764705882352,hacavitz vbi huyub eqovi xqo
45,2,0,2,hacavitz,ha cavitz,JAQAWITZ_JUYUB',94.11764705882352,hacavitz vbi huyub eqovi xqo
46,2,0,15,hacavitz,haca vitz,JAQAWITZ,94.11764705882352,are qo chuvi huyub hacavitz vbi
47,1,0,34,hacavitz,haca vitz,JAQAWITZ,94.11764705882352,chuvi hacavitz quequicot chic
47,2,0,47,hacavitz,haca vitz,JAQAWITZ,94.11764705882352,cut chiri chuvi huyub hacavitz
48,1,0,5,qui cahau,quicahau,JUN_JUNAJPU,94.11764705882352,are natabal rech qui cahau xa
48,1,0,7,quicahau,qui cahau,JUNAJPU,94.11764705882352,ba bal rech quicahau xehuzu
48,1,0,7,quicahau,qui cahau,JUN_JUNAJPU,94.11764705882352,ba bal rech quicahau xehuzu
48,1,0,9,qui cahau,quicahau,JUN_JUNAJPU,94.11764705882352,qui cahau areta xvinaquir vi
48,1,0,18,hacavitz,haca vitz,JAQAWITZ,94.11764705882352,yub hacavitz xeyaluh chi vi qui
48,1,0,18,hacavitz,ha cavitz,JAQAWITZ_JUYUB',94.11764705882352,yub hacavitz xeyaluh chi vi qui
48,1,0,24,qui cahau,quicahau,JUN_JUNAJPU,94.11764705882352,nabah qui cahau nim vquih ri
48,1,0,29,qui cahau,quicahau,JUN_JUNAJPU,94.11764705882352,canoc rumal qui cahau ya re
48,1,1,40,qui cahau,quicahau,JUN_JUNAJPU,94.11764705882352,quxlaan ri vpixab qui cahau
48,1,1,42,qui cahau,quicahau,JUN_JUNAJPU,94.11764705882352,camoc qui cahau xya quixoquil
48,2,1,22,rahauarem,ahauarem,NAKXIT,94.11764705882352,catol tzih tzatz rahauarem are
48,2,1,29,rahauarem,ahauarem,NAKXIT,94.11764705882352,nel rahauarem aretac vbi va
48,2,2,40,hacavitz,haca vitz,JAQAWITZ,94.11764705882352,ui quitinamit hacavitz vbi chi
49,1,0,4,cahauarem,ahauarem,NAKXIT,94.11764705882352,nabe xquiz taquicut cahauarem
49,1,0,5,hacavitz,haca vitz,JAQAWITZ,94.11764705882352,are eqo chiri hacavitz xaqo
49,1,0,21,hacavitz,haca vitz,JAQAWITZ,94.11764705882352,hacavitz vbi taxeul
49,2,1,36,cahauarem,ahauarem,NAKXIT,94.11764705882352,cut cahauarem ri taxquiba
50,1,0,26,rahauarem,ahauarem,NAKXIT,94.11764705882352,nim vi rahauarem quiche ahau
50,1,0,44,qui cuch,qui chuch,CHIMALMAT,94.11764705882352,taxquiziih vloc are qui cuch
50,1,0,44,qui cuch,qui chuch,IXB'AQIYALO,94.11764705882352,taxquiziih vloc are qui cuch
50,1,0,44,qui cuch,qui chuch,IXKIK',94.11764705882352,taxquiziih vloc are qui cuch
50,2,1,29,cahauarem,ahauarem,NAKXIT,94.11764705882352,vnimaric chic cahauarem e qui
51,1,4,41,hacavitz,haca vitz,JAQAWITZ,94.11764705882352,ahau ahau hacavitz cahib a
51,1,4,41,hacavitz,ha cavitz,JAQAWITZ_JUYUB',94.11764705882352,ahau ahau hacavitz cahib a
52,1,0,10,hun ahau,hun aha u,JUN_KAME'_WUQUB'_KAME,94.11764705882352,xqohe ta hun ahau naual ta
52,1,1,27,hun ahau,hun aha u,JUN_KAME'_WUQUB'_KAME,94.11764705882352,uab eq'aq' quicab vbi hun ahau
52,1,1,33,vtina mit,tina mit,Q'UMARKAJ,94.11764705882352,xpaxinic vzivan vtina mit chu
52,2,1,29,xqui cuch,xquicuch,IXKIK',94.11764705882352,mit amac xecha ta xqui cuch
53,1,0,10,cabracan,cabrracan,KAB'RAQAN,94.11764705882352,lahuh ruq chic ah cabracan cabi
54,1,0,41,cahauarem,ahauarem,NAKXIT,94.11764705882352,cahauarem chiquipacaba quivach
54,2,0,20,hacavitz,ha cavitz,JAQAWITZ_JUYUB',94.11764705882352,puch tohil aulix hacavitz pam
54,2,0,32,rahauarem,ahauarem,NAKXIT,94.11764705882352,ch ahauarem are rahauarem
55,2,15,37,cucumatz,c ucumatz,Q'UKUMATZ_KQCINCO,94.11764705882352,a hau ah cucumatz hun vnimha
56,2,9,17,h acavitz,hacavitz,JAQAWITZ,94.11764705882352,h acavitz cut vcah ahau hun
56,2,9,17,h acavitz,hacavitz,JAQAWITZ_JUYUB',94.11764705882352,h acavitz cut vcah ahau hun
34,1,2,30,cahib chi vinac,e cahib chi vinac,XA_Q'ANA_JAL,93.75,cahib chi vinac vxe vticaribal que
1,1,1,6,tinamit,tina mit,Q'UMARKAJ,93.33333333333333,pa tinamit quiche ramac qui
2,1,0,1,huracan,hu racan,JUN_RAQAN,93.33333333333333,caculha huracan nabe vcab
3,1,0,11,cah tzac,ah tzac,TZ'AQOL,93.33333333333333,bixic cabi rumal oh cah tzac
4,1,0,3,hunahpu,hun ahpu,JUNAJPU,93.33333333333333,ta chuxoc chicutun ibi hunahpu
4,1,0,3,hunahpu,hun ahpu,JUN_JUNAJPU,93.33333333333333,ta chuxoc chicutun ibi hunahpu
4,1,0,4,hunahpu,hun ahpu,JUNAJPU,93.33333333333333,vuch hunahpu vtiu camul alo
4,1,0,4,hunahpu,hun ahpu,JUN_JUNAJPU,93.33333333333333,vuch hunahpu vtiu camul alo
4,1,0,5,qaholom,qa holom,K'AJOLOM,93.33333333333333,m camul qaholom nimac nima
4,1,0,46,cah tzac,ah tzac,TZ'AQOL,93.33333333333333,naoh maui natal cah tzac
4,2,0,2,qux cah,vqux cah,UK'U'X_KAJ,93.33333333333333,qux cah quehe cut xepah chivi
4,2,0,7,quiquel,qui quel,KIK',93.33333333333333,qui quiquel qui comahil ma
4,2,1,27,cah tzac,ah tzac,TZ'AQOL,93.33333333333333,vach cah tzac cah bit banol que
6,2,1,39,hunahpu,hun ahpu,JUN_JUNAJPU,93.33333333333333,cumal ri hun hunahpu ta
7,1,0,23,hunahpu,hun ahpu,JUN_JUNAJPU,93.33333333333333,xequeba veab ri hunahpu
7,1,0,47,qaholab,qa holab,KA'IB'_K'AJOLAB',93.33333333333333,ib qaholab vtz bala xeqha
7,2,0,5,qaholab,qa holab,KA'IB'_K'AJOLAB',93.33333333333333,ib qaholab chiquih ta xei
8,1,0,12,hunahpu,hun ahpu,JUN_JUNAJPU,93.33333333333333,ui quinaoh ri hunahpu xbalan
8,1,0,28,qaholab,qa holab,KA'IB'_K'AJOLAB',93.33333333333333,qaholab xeqha cut que qui
8,1,1,45,qaholab,qa holab,KA'IB'_K'AJOLAB',93.33333333333333,icouic omuch qaholab e hurui
8,2,0,3,qaholab,qa holab,KA'IB'_K'AJOLAB',93.33333333333333,cu chila cuq ri omuch qaholab
8,2,0,11,qaholab,qa holab,KA'IB'_K'AJOLAB',93.33333333333333,qaholab xata vi catqohe cuq
8,2,0,18,qaholab,qa holab,KA'IB'_K'AJOLAB',93.33333333333333,qaholab areri ala hupacha
8,2,0,29,qaholab,qa holab,KA'IB'_K'AJOLAB',93.33333333333333,omuch qaholab ta xquicot cut
8,2,0,45,qaholab,qa holab,KA'IB'_K'AJOLAB',93.33333333333333,oc cumal omuch qaholab
9,1,0,19,qaholab,qa holab,KA'IB'_K'AJOLAB',93.33333333333333,mal qaholab cate puch xqui
9,1,0,35,qaholab,qa holab,KA'IB'_K'AJOLAB',93.33333333333333,omuch qaholab xeqha cut que
9,1,0,39,qaholab,qa holab,KA'IB'_K'AJOLAB',93.33333333333333,laoh omuch chi qaholab xe
9,2,0,15,qaholab,qa holab,KA'IB'_K'AJOLAB',93.33333333333333,ch qaholab cate cut xticar q
9,2,0,17,qaholab,qa holab,KA'IB'_K'AJOLAB',93.33333333333333,puch conohel qaholab ecu
9,2,0,34,qaholab,qa holab,KA'IB'_K'AJOLAB',93.33333333333333,qaholab hun ahpu xbalan
9,2,1,41,qaholab,qa holab,KA'IB'_K'AJOLAB',93.33333333333333,ch chi qaholab xecamic ru
12,1,2,38,hunahpu,hun ahpu,JUNAJPU,93.33333333333333,hunahpu are curi vvcub hun
12,1,2,38,hunahpu,hun ahpu,JUN_JUNAJPU,93.33333333333333,hunahpu are curi vvcub hun
12,2,0,6,ah quib,ah quixb,XA_Q'ANA_JAL,93.33333333333333,ah quib e cahib chi conohel ta
12,2,0,8,vzamahel,zamahel,USAMAJEL_XIB'ALB'A,93.33333333333333,ri voc ilol que vzamahel hura
12,2,0,16,xibalba,xibal ba,RAJAWAL_XIB'ALB'A,93.33333333333333,chouen are cut vbeel xibalba
12,2,0,16,xibalba,xi balba,JUN_WINAQ,93.33333333333333,chouen are cut vbeel xibalba
12,2,0,18,xibalba,xibal ba,XIB'ALB'A,93.33333333333333,me vvcub came rahaual xibalba
12,2,0,18,xibalba,xi balba,JUN_WINAQ,93.33333333333333,me vvcub came rahaual xibalba
12,2,0,26,xibalba,xibal ba,XIB'ALB'A,93.33333333333333,qha cut conoh xibalba ta xqui
12,2,0,26,xibalba,xi balba,JUN_WINAQ,93.33333333333333,qha cut conoh xibalba ta xqui
12,2,0,43,xibalba,xibal ba,RAJAWAL_XIB'ALB'A,93.33333333333333,rahchami xibalba xa bac qui cha
12,2,0,43,xibalba,xi balba,JUN_WINAQ,93.33333333333333,rahchami xibalba xa bac qui cha
12,2,0,43,qui cha,qui chac,KA'IB'_K'AJOLAB',93.33333333333333,rahchami xibalba xa bac qui cha
13,1,0,19,xquicuc,xquicuch,IXKIK',93.33333333333333,tan ri are cut xquicuc quina
13,1,0,21,hunahpu,hun ahpu,JUNAJPU,93.33333333333333,puch hun hunahpu vvcub
13,1,0,23,hunahpu,hun ahpu,JUNAJPU,93.33333333333333,ba ri quetzabal hun hunahpu
13,1,0,27,hunahpu,hun ahpu,JUNAJPU,93.33333333333333,bal hun hunahpu vucub hun
13,1,0,29,xibalba,xibal ba,RAJAWAL_XIB'ALB'A,93.33333333333333,chic qui bic chi xibalba xe
13,1,0,29,xibalba,xi balba,JUN_WINAQ,93.33333333333333,chic qui bic chi xibalba xe
13,1,0,31,hunahpu,hun ahpu,JUNAJPU,93.33333333333333,uen vqahol hun hunahpu xca
13,1,1,39,hunahpu,hun ahpu,JUNAJPU,93.33333333333333,hun hunahpu vvcub hun ahpu
13,2,0,5,huracan,hu racan,JUN_RAQAN,93.33333333333333,huracan tucur caquix tucur ho
13,2,0,7,xibalba,xibal ba,XIB'ALB'A,93.33333333333333,hel xibalba are ri qhabi tucur que
13,2,0,7,xibalba,xibal ba,RAJAWAL_XIB'ALB'A,93.33333333333333,hel xibalba are ri qhabi tucur que
13,2,0,7,xibalba,xi balba,JUN_WINAQ,93.33333333333333,hel xibalba are ri qhabi tucur que
13,2,0,18,hunahpu,hun ahpu,JUNAJPU,93.33333333333333,hun hunahpu vvcub hun ahpu
13,2,0,34,ca chuch,cachuch,XA_Q'ANA_JAL,93.33333333333333,ohna capixabah canna ca chuch
14,1,1,10,xibalba,xibal ba,RAJAWAL_XIB'ALB'A,93.33333333333333,cut pu beal xibalba xuluxuh
14,1,1,10,xibalba,xi balba,JUN_WINAQ,93.33333333333333,cut pu beal xibalba xuluxuh
14,1,1,30,xibalba,xibal ba,XIB'ALB'A,93.33333333333333,ri be xibalba ta xeopon cut
14,1,1,30,xibalba,xibal ba,RAJAWAL_XIB'ALB'A,93.33333333333333,ri be xibalba ta xeopon cut
14,1,1,30,xibalba,xi balba,JUN_WINAQ,93.33333333333333,ri be xibalba ta xeopon cut
14,1,1,40,xibalba,xibal ba,XIB'ALB'A,93.33333333333333,muhub rahaual xibalba chi tze
14,1,1,40,xibalba,xi balba,JUN_WINAQ,93.33333333333333,muhub rahaual xibalba chi tze
14,1,1,43,xquichac,quichac,KA'IB'_K'AJOLAB',93.33333333333333,chiqui qux xquichac ri hunhu
14,2,0,9,xibalba,xibal ba,RAJAWAL_XIB'ALB'A,93.33333333333333,xetzeen chic xibalba xepichi
14,2,0,9,xibalba,xi balba,JUN_WINAQ,93.33333333333333,xetzeen chic xibalba xepichi
14,2,0,13,xibalba,xibal ba,XIB'ALB'A,93.33333333333333,conohel rahaual xibalba xa
14,2,0,13,xibalba,xi balba,JUN_WINAQ,93.33333333333333,conohel rahaual xibalba xa
14,2,0,22,xibalba,xibal ba,RAJAWAL_XIB'ALB'A,93.33333333333333,queqha cu ri xibalba chiquibil
14,2,0,22,xibalba,xi balba,JUN_WINAQ,93.33333333333333,queqha cu ri xibalba chiquibil
14,2,0,25,xibalba,xibal ba,RAJAWAL_XIB'ALB'A,93.33333333333333,v chah xibalba xa hucul qui
14,2,0,25,xibalba,xi balba,JUN_WINAQ,93.33333333333333,v chah xibalba xa hucul qui
14,2,0,27,xibalba,xibal ba,RAJAWAL_XIB'ALB'A,93.33333333333333,chicou vi ri qui chaah xibalba
14,2,0,27,xibalba,xi balba,JUN_WINAQ,93.33333333333333,chicou vi ri qui chaah xibalba
14,2,0,30,quichah,quichaah,CHAAJ,93.33333333333333,eumaha ta xbe cu yaoc quichah
14,2,0,37,quichah,quichaah,CHAAJ,93.33333333333333,queeum ta xopon ri yaol quichah
14,2,0,39,quichah,quichaah,CHAAJ,93.33333333333333,aponoc ri quichah e quitziha ri
14,2,0,46,xibalba,xibal ba,RAJAWAL_XIB'ALB'A,93.33333333333333,tzatz curi vtihobal xibalba quia
14,2,0,46,xibalba,xi balba,JUN_WINAQ,93.33333333333333,tzatz curi vtihobal xibalba quia
15,1,0,17,xibalba,xibal ba,RAJAWAL_XIB'ALB'A,93.33333333333333,bec vtihobal xibalba macu
15,1,0,17,xibalba,xi balba,JUN_WINAQ,93.33333333333333,bec vtihobal xibalba macu
15,1,0,19,hunahpu,hun ahpu,JUNAJPU,93.33333333333333,hunahpu xa chupam xavbi
15,1,0,19,hunahpu,hun ahpu,JUN_JUNAJPU,93.33333333333333,hunahpu xa chupam xavbi
15,1,0,33,hunahpu,hun ahpu,JUNAJPU,93.33333333333333,xcat vholom ri hun hunahpu
15,1,0,40,hunahpu,hun ahpu,JUNAJPU,93.33333333333333,vholom ri hun hunahpu chu
15,2,0,2,xibalba,xibal ba,XIB'ALB'A,93.33333333333333,ronohel xibalba ta chul qui caiih
15,2,0,2,xibalba,xi balba,JUN_WINAQ,93.33333333333333,ronohel xibalba ta chul qui caiih
15,2,0,5,hunahpu,hun ahpu,JUNAJPU,93.33333333333333,hun hunahpu chuxol xeqha curi xi
15,2,0,11,hunahpu,hun ahpu,JUNAJPU,93.33333333333333,holom hun hunahpu xa hunama
16,1,0,20,hunahpu,hun ahpu,JUNAJPU,93.33333333333333,lom hun hunahpu vvcub hun
16,2,0,14,hunahpu,hun ahpu,JUNAJPU,93.33333333333333,ri vholom hun hunahpu qochi
17,1,0,19,xibalba,xibal ba,RAJAWAL_XIB'ALB'A,93.33333333333333,chuvi q'aq' coc cut xquina xibalba
17,1,0,19,xibalba,xi balba,JUN_WINAQ,93.33333333333333,chuvi q'aq' coc cut xquina xibalba
17,1,0,22,quic are,quic re,KIK'_RE,93.33333333333333,nao ri vzibel quic are cut e chiqui
17,1,0,27,xibalba,xibal ba,XIB'ALB'A,93.33333333333333,chacatah vi rahaual xibalba
17,1,1,42,xibalba,xibal ba,RAJAWAL_XIB'ALB'A,93.33333333333333,pa xecamic chi xibalba e cu caib
17,1,1,42,xibalba,xi balba,JUN_WINAQ,93.33333333333333,pa xecamic chi xibalba e cu caib
17,2,0,1,hunahpu,hun ahpu,JUNAJPU,93.33333333333333,rech hun hunahpu va vcaam eqaz
17,2,0,2,hunahpu,hun ahpu,JUNAJPU,93.33333333333333,lic maui e caminac ri hun hunahpu
18,1,2,18,quevaric,quevaic,WA,93.33333333333333,ha macu quevaric he atzaca vloc
18,1,2,39,xibalba,xibal ba,RAJAWAL_XIB'ALB'A,93.33333333333333,xibalba caminac vi qui cahau
18,1,2,39,xibalba,xi balba,JUN_WINAQ,93.33333333333333,xibalba caminac vi qui cahau
18,2,0,35,quichac,qui chac,KA'IB'_K'AJOLAB',93.33333333333333,rioh quichac queheri ala xohpe
20,1,1,18,cachuch,ca chuch,IXKIK',93.33333333333333,pu cachuch xeqha mi xbizonic oh
21,1,0,40,hunahpu,hun ahpu,JUN_JUNAJPU,93.33333333333333,nahpu vvcub hunahpu vbi ri
21,1,0,41,xibalba,xibal ba,RAJAWAL_XIB'ALB'A,93.33333333333333,xecam chi xibalba qo cu canoc
21,1,0,41,xibalba,xi balba,JUN_WINAQ,93.33333333333333,xecam chi xibalba qo cu canoc
22,1,0,2,pachcab,ipachcab,PACHQ'AB',93.33333333333333,tum ha ruc bate pachcab q uum x
22,1,1,19,xibalba,xibal ba,XIB'ALB'A,93.33333333333333,ta xquita cu vloc rahaual xibalba
22,1,1,19,xibalba,xi balba,JUN_WINAQ,93.33333333333333,ta xquita cu vloc rahaual xibalba
22,1,1,23,hunahpu,hun ahpu,JUNAJPU,93.33333333333333,hun hunahpu vvcubhunahpu xr
22,1,1,37,xibalba,xibal ba,XIB'ALB'A,93.33333333333333,taxul canoc vzamahel xibalba
22,1,1,37,xibalba,xibal ba,RAJAWAL_XIB'ALB'A,93.33333333333333,taxul canoc vzamahel xibalba
22,1,1,37,xibalba,xi balba,JUN_WINAQ,93.33333333333333,taxul canoc vzamahel xibalba
22,1,1,39,xibalba,xibal ba,XIB'ALB'A,93.33333333333333,xeqha cut ri vzamahel xibalba ta
22,1,1,39,xibalba,xibal ba,RAJAWAL_XIB'ALB'A,93.33333333333333,xeqha cut ri vzamahel xibalba ta
22,1,1,39,xibalba,xi balba,JUN_WINAQ,93.33333333333333,xeqha cut ri vzamahel xibalba ta
22,1,1,41,xibalba,xibal ba,XIB'ALB'A,93.33333333333333,vzamahel xibalba vvcubix que
22,1,1,41,xibalba,xibal ba,RAJAWAL_XIB'ALB'A,93.33333333333333,vzamahel xibalba vvcubix que
22,1,1,41,xibalba,xi balba,JUN_WINAQ,93.33333333333333,vzamahel xibalba vvcubix que
22,2,0,1,xibalba,xibal ba,RAJAWAL_XIB'ALB'A,93.33333333333333,xibalba xaquehe rulic zamahel
22,2,0,1,xibalba,xi balba,JUN_WINAQ,93.33333333333333,xibalba xaquehe rulic zamahel
22,2,0,12,xibalba,xibal ba,XIB'ALB'A,93.33333333333333,cha vzamahel xibalba caqha iv
22,2,0,12,xibalba,xibal ba,RAJAWAL_XIB'ALB'A,93.33333333333333,cha vzamahel xibalba caqha iv
22,2,0,12,xibalba,xi balba,JUN_WINAQ,93.33333333333333,cha vzamahel xibalba caqha iv
22,2,0,40,tziquin,tzi quin,TZ'IKIN,93.33333333333333,ma tziquin xbic chivi ri cumatz
23,1,1,46,xibalba,xibal ba,RAJAWAL_XIB'ALB'A,93.33333333333333,cape chi xibalba vzamahel
23,1,1,46,xibalba,xi balba,JUN_WINAQ,93.33333333333333,cape chi xibalba vzamahel
23,2,1,19,ca chuch,cachuch,XA_Q'ANA_JAL,93.33333333333333,cut ixcatit ix pu ca chuch mixo
23,2,1,29,xibalba,xibal ba,RAJAWAL_XIB'ALB'A,93.33333333333333,xibalba libah chi xecah chua
23,2,1,29,xibalba,xi balba,JUN_WINAQ,93.33333333333333,xibalba libah chi xecah chua
23,2,1,35,xibalba,xibal ba,RAJAWAL_XIB'ALB'A,93.33333333333333,qui qux xibalba maui xqui
23,2,1,35,xibalba,xi balba,JUN_WINAQ,93.33333333333333,qui qux xibalba maui xqui
24,2,0,10,xibalba,xibal ba,XIB'ALB'A,93.33333333333333,opon puch chila e qovi xibalba
24,2,0,10,xibalba,xi balba,JUN_WINAQ,93.33333333333333,opon puch chila e qovi xibalba
24,2,0,18,hal puh,ahal puh,AJAL_PUJ,93.33333333333333,hal puh calata ahalcana cala
24,2,0,35,xibalba,xibal ba,RAJAWAL_XIB'ALB'A,93.33333333333333,nabe vtihobal xibalba ri xeoc
24,2,0,35,xibalba,xi balba,JUN_WINAQ,93.33333333333333,nabe vtihobal xibalba ri xeoc
24,2,0,36,quichaca,quichac,KA'IB'_K'AJOLAB',93.33333333333333,vi que chi cu vticaric quichaca
24,2,0,37,xibalba,xibal ba,RAJAWAL_XIB'ALB'A,93.33333333333333,tahic ta chic chiquiqux xibalba
24,2,0,37,xibalba,xi balba,JUN_WINAQ,93.33333333333333,tahic ta chic chiquiqux xibalba
25,1,0,20,xibalba,xibal ba,XIB'ALB'A,93.33333333333333,holab xqha cut xibalba mavi que
25,1,0,20,xibalba,xi balba,JUN_WINAQ,93.33333333333333,holab xqha cut xibalba mavi que
25,1,0,25,xibalba,xibal ba,XIB'ALB'A,93.33333333333333,qha xibalba chi que vtz xechare
25,1,0,30,xibalba,xibal ba,XIB'ALB'A,93.33333333333333,chic xibalba vtz bala xeqha
25,1,0,30,xibalba,xi balba,JUN_WINAQ,93.33333333333333,chic xibalba vtz bala xeqha
25,1,0,33,xibalba,xibal ba,XIB'ALB'A,93.33333333333333,qha xibalba mabala xa holom
25,1,0,33,xibalba,xi balba,JUN_WINAQ,93.33333333333333,qha xibalba mabala xa holom
25,1,0,34,xibalba,xibal ba,XIB'ALB'A,93.33333333333333,habi xeqha xibalba vtz bala
25,1,0,34,xibalba,xi balba,JUN_WINAQ,93.33333333333333,habi xeqha xibalba vtz bala
25,1,0,36,xibalba,xibal ba,XIB'ALB'A,93.33333333333333,rumal xibalba quicutacal chu
25,1,0,36,xibalba,xi balba,JUN_WINAQ,93.33333333333333,rumal xibalba quicutacal chu
25,1,0,38,xibalba,xibal ba,XIB'ALB'A,93.33333333333333,ta xquil xibalba ri zaquitoc
25,1,0,38,xibalba,xi balba,JUN_WINAQ,93.33333333333333,ta xquil xibalba ri zaquitoc
25,2,0,3,xibalba,xibal ba,RAJAWAL_XIB'ALB'A,93.33333333333333,maui que he xa xibalba xecha
25,2,0,3,xibalba,xi balba,JUN_WINAQ,93.33333333333333,maui que he xa xibalba xecha
25,2,0,11,xibalba,xibal ba,XIB'ALB'A,93.33333333333333,chaco xeqha xibalba he na quicut
25,2,0,11,xibalba,xi balba,JUN_WINAQ,93.33333333333333,chaco xeqha xibalba he na quicut
25,2,0,20,qui cha,qui chac,KA'IB'_K'AJOLAB',93.33333333333333,qui cha ah hunam qui chucab tzatz
25,2,0,24,xibalba,xibal ba,XIB'ALB'A,93.33333333333333,cut ri xibalba ta xechacatahic
25,2,0,24,xibalba,xi balba,JUN_WINAQ,93.33333333333333,cut ri xibalba ta xechacatahic
25,2,0,30,hunahpu,hun ahpu,JUN_JUNAJPU,93.33333333333333,vqhax puch qaholab hunahpu
25,2,0,31,xibalba,xibal ba,XIB'ALB'A,93.33333333333333,xbalanque rumal xibalba
25,2,0,31,xibalba,xi balba,JUN_WINAQ,93.33333333333333,xbalanque rumal xibalba
26,1,0,8,xibalba,xibal ba,XIB'ALB'A,93.33333333333333,cotzih ri xibalba laqui chivila ca
26,1,0,8,xibalba,xi balba,JUN_WINAQ,93.33333333333333,cotzih ri xibalba laqui chivila ca
26,2,0,19,xibalba,xibal ba,XIB'ALB'A,93.33333333333333,chicu quib zacaric chic xeqha xibalba
26,2,1,29,xibalba,xibal ba,XIB'ALB'A,93.33333333333333,xcah xibalba chirita xecam
27,1,0,5,xibalba,xibal ba,XIB'ALB'A,93.33333333333333,qui xepe vi xeqha ri xibalba co
27,1,0,5,xibalba,xi balba,JUN_WINAQ,93.33333333333333,qui xepe vi xeqha ri xibalba co
27,1,1,15,xibalba,xibal ba,XIB'ALB'A,93.33333333333333,xibalba rumal
27,1,1,15,xibalba,xi balba,JUN_WINAQ,93.33333333333333,xibalba rumal
27,1,2,47,hunahpu,hun ahpu,JUN_JUNAJPU,93.33333333333333,maxaon mi xbec hunahpu
27,2,0,29,hunahpu,hun ahpu,JUN_JUNAJPU,93.33333333333333,bal vholom hunahpu libahchi
27,2,0,46,hunahpu,hun ahpu,JUN_JUNAJPU,93.33333333333333,vtz cha chux cut hunahpu he vtz
28,1,1,24,xibalba,xibal ba,XIB'ALB'A,93.33333333333333,tzacou quic rahaual xibalba
28,1,1,24,xibalba,xi balba,JUN_WINAQ,93.33333333333333,tzacou quic rahaual xibalba
28,1,1,33,xibalba,xibal ba,XIB'ALB'A,93.33333333333333,quiz be conohel xibalba cate
28,1,1,33,xibalba,xi balba,JUN_WINAQ,93.33333333333333,quiz be conohel xibalba cate
28,1,1,46,xibalba,xibal ba,XIB'ALB'A,93.33333333333333,ta xeul xibalba na qui pa ri
28,2,1,22,xibalba,xibal ba,RAJAWAL_XIB'ALB'A,93.33333333333333,vtihobal xibalba maui xecha
28,2,1,22,xibalba,xi balba,JUN_WINAQ,93.33333333333333,vtihobal xibalba maui xecha
28,2,1,24,xibalba,xibal ba,RAJAWAL_XIB'ALB'A,93.33333333333333,chicopo qo chi xibalba cate
29,1,0,11,chiqueic,chiquic,KIK',93.33333333333333,cu chiqueic cate cu chitix vbic
29,1,0,43,xibalba,xibal ba,XIB'ALB'A,93.33333333333333,quicot chicut ronohel xibalba
29,2,0,1,xibalba,xibal ba,XIB'ALB'A,93.33333333333333,ta xequihin xibalba xhoc qui ba
29,2,1,10,xibalba,xibal ba,XIB'ALB'A,93.33333333333333,ta xil qui vach cumal xibalba
29,2,1,16,xibalba,xibal ba,XIB'ALB'A,93.33333333333333,qui xeilic rumal xibalba hala
29,2,1,16,xibalba,xi balba,JUN_WINAQ,93.33333333333333,qui xeilic rumal xibalba hala
29,2,1,23,xibalba,xibal ba,XIB'ALB'A,93.33333333333333,naquir chic tzatz chi xibalba chica
29,2,1,23,xibalba,xi balba,JUN_WINAQ,93.33333333333333,naquir chic tzatz chi xibalba chica
29,2,1,28,xibalba,xibal ba,XIB'ALB'A,93.33333333333333,vvach xa quicay xibalba ta chi
29,2,1,28,xibalba,xi balba,JUN_WINAQ,93.33333333333333,vvach xa quicay xibalba ta chi
29,2,1,31,xibalba,xibal ba,XIB'ALB'A,93.33333333333333,xibalba cumal
29,2,1,31,xibalba,xi balba,JUN_WINAQ,93.33333333333333,xibalba cumal
30,1,0,5,chi meba,chimeba,KA'IB'_K'AJOLAB',93.33333333333333,qui nimac vbac cavach chi meba
30,1,1,31,ca chuch,cachuch,XA_Q'ANA_JAL,93.33333333333333,ui xquetaamah vvach ca chuch
30,1,1,32,cacahau,ca cahau,XA_Q'ANA_JAL,93.33333333333333,cacahau ca oh chutic oc ta xe
31,1,1,15,hunahpu,hun ahpu,JUNAJPU,93.33333333333333,hunahpu xbalanque vtzbala
31,1,1,15,hunahpu,hun ahpu,JUN_JUNAJPU,93.33333333333333,hunahpu xbalanque vtzbala
31,1,1,22,xibalba,xibal ba,XIB'ALB'A,93.33333333333333,xibalba caminac chicut hun
31,1,1,25,xibalba,xibal ba,XIB'ALB'A,93.33333333333333,cate pu quelic xibalba chica
31,1,1,25,xibalba,xi balba,JUN_WINAQ,93.33333333333333,cate pu quelic xibalba chica
31,1,1,30,hun aha,hun ahau,JUNAJPU,93.33333333333333,huzuc xucamibeh ri hun aha
31,1,1,30,hun aha,hun ahau,JUN_KAME'_WUQUB'_KAME,93.33333333333333,huzuc xucamibeh ri hun aha
31,1,1,30,hun aha,hun ahau,ISTAYUL_KQCUATRO,93.33333333333333,huzuc xucamibeh ri hun aha
31,1,1,48,xibalba,xibal ba,XIB'ALB'A,93.33333333333333,xibalba xamaihabal xa pu
31,1,1,48,xibalba,xibal ba,RAJAWAL_XIB'ALB'A,93.33333333333333,xibalba xamaihabal xa pu
31,1,1,48,xibalba,xi balba,JUN_WINAQ,93.33333333333333,xibalba xamaihabal xa pu
31,2,0,4,xibalba,xibal ba,XIB'ALB'A,93.33333333333333,qui vach conohel xibalba
31,2,0,4,xibalba,xi balba,JUN_WINAQ,93.33333333333333,qui vach conohel xibalba
31,2,1,6,cacahau,ca cahau,XA_Q'ANA_JAL,93.33333333333333,icabih naipuch vbi cacahau
31,2,1,12,cacahau,ca cahau,XA_Q'ANA_JAL,93.33333333333333,xcol ri cacahau quehe cut mix
31,2,1,18,xibalba,xibal ba,XIB'ALB'A,93.33333333333333,lahic coquic conohel xibalba
31,2,1,18,xibalba,xi balba,JUN_WINAQ,93.33333333333333,lahic coquic conohel xibalba
31,2,1,29,chi quic,chiquic,KIK',93.33333333333333,chi quic holomax mavi chahom
32,1,0,35,hunahpu,hun ahpu,JUNAJPU,93.33333333333333,hun hunahpu vvcub hun ahpu
32,1,0,38,xquichac,quichac,KA'IB'_K'AJOLAB',93.33333333333333,cahau chiquetax xquichac xi
32,1,1,42,hunahpu,hun ahpu,JUNAJPU,93.33333333333333,hunahpu chila xbe quivica vi chi
32,1,1,42,hunahpu,hun ahpu,JUN_JUNAJPU,93.33333333333333,hunahpu chila xbe quivica vi chi
32,2,0,16,xibalba,xibal ba,XIB'ALB'A,93.33333333333333,xibalba taxeacan culoc vara
32,2,0,22,qaholab,qa holab,KA'IB'_K'AJOLAB',93.33333333333333,much qaholab xecam rumal
33,1,0,7,xequicot,xquicot,IXOQ_AJAWAB',93.33333333333333,quehe cut xequicot vi rumal ri
34,1,2,32,ca cahau,cacahau,JUNAJPU,93.33333333333333,ca mam ca cahau rumal vqux cah v
34,1,2,32,ca cahau,cacahau,JUN_JUNAJPU,93.33333333333333,ca mam ca cahau rumal vqux cah v
35,1,0,27,hunahpu,hun ahpu,JUN_JUNAJPU,93.33333333333333,voc hunahpu tepeu cucumatz
35,1,0,41,ahquixb,rahquixb,XA_Q'ANA_JAL,93.33333333333333,nel e ahquixb e ah nim quevqha
35,2,0,7,tinamit,tina mit,Q'UMARKAJ,93.33333333333333,tinamit xebevi
35,2,1,12,tinamit,tina mit,Q'UMARKAJ,93.33333333333333,cubzivan vbi tinamit xeopon vi
36,1,0,33,ahquixb,rahquixb,XA_Q'ANA_JAL,93.33333333333333,ri ahquixb ahcah rumal to
36,2,0,2,xequicot,xquicot,IXOQ_AJAWAB',93.33333333333333,hab cate cut xequicot ri balam
36,2,0,31,vzamahel,zamahel,USAMAJEL_XIB'ALB'A,93.33333333333333,balam xqha curi vzamahel xibal
36,2,0,31,vzamahel xibal,vzamahel xibalba,USAMAJEL_XIB'ALB'A,93.33333333333333,balam xqha curi vzamahel xibal
36,2,0,40,xibalba,xibal ba,XIB'ALB'A,93.33333333333333,qha ri xibalba qo vxic queheri
36,2,0,40,xibalba,xibal ba,RAJAWAL_XIB'ALB'A,93.33333333333333,qha ri xibalba qo vxic queheri
36,2,0,43,xequicot,xquicot,IXOQ_AJAWAB',93.33333333333333,balba xequicot chicut xnimar
36,2,0,45,acavitz,hacavitz,JAQAWITZ_JUYUB',93.33333333333333,acavitz ta xqha u ri xibalba
36,2,0,45,xibalba,xibal ba,XIB'ALB'A,93.33333333333333,acavitz ta xqha u ri xibalba
36,2,0,45,xibalba,xibal ba,RAJAWAL_XIB'ALB'A,93.33333333333333,acavitz ta xqha u ri xibalba
38,2,0,6,qui cha,qui chac,KA'IB'_K'AJOLAB',93.33333333333333,bi va mahabi echa xa vxe qui cha
38,2,0,7,quevaic,queva ic,WA,93.33333333333333,mi chiquizico queheri quevaic
40,1,2,34,qui xic,quic xic,KIK'_RE,93.33333333333333,hel chicop xquirip qui xic cot
41,2,1,25,itinamit,tinamit,CHI_ISMACHI',93.33333333333333,itinamit xavi chicaya inaoh moh
41,2,1,25,itinamit,tinamit,Q'UMARKAJ,93.33333333333333,itinamit xavi chicaya inaoh moh
43,1,0,2,ahquixb,rahquixb,XA_Q'ANA_JAL,93.33333333333333,ri ahquixb ahcahb tal a qo vi
43,1,0,7,ahquixb,rahquixb,XA_Q'ANA_JAL,93.33333333333333,cacan ri ahquixb ahcahb ma
43,1,1,44,ahquixb,rahquixb,XA_Q'ANA_JAL,93.33333333333333,xeqha ronohel vi ahquixb ahcahb
44,2,0,12,capohib,capo hib,IXTAJ_IXPUCH',93.33333333333333,capohib quechahonic chi ya vbic
44,2,1,37,xequicot,xquicot,IXOQ_AJAWAB',93.33333333333333,zucu xequicot ri ahauab ta
45,1,0,20,capohib,capo hib,IXTAJ_IXPUCH',93.33333333333333,vi cate puch quiiahic capohib
45,2,0,9,quicuch,quichuch,IXB'AQIYALO,93.33333333333333,quicuch quib conohel xepoponic
45,2,0,9,quicuch,quichuch,IXKIK',93.33333333333333,quicuch quib conohel xepoponic
46,1,0,22,tinamit,tina mit,Q'UMARKAJ,93.33333333333333,chuchi qui tinamit xa tzalam
46,1,0,24,tinamit,tina mit,Q'UMARKAJ,93.33333333333333,tinamit cate xquiban ri poy
46,1,0,28,qui chab,qui cab,K'IKAB'_KQSIETE,93.33333333333333,qui chab xecauxic xoc ri iach
46,1,0,45,tinamit,tina mit,Q'UMARKAJ,93.33333333333333,qohe vi chirih tinamit xquitza
46,2,0,2,tinamit,tina mit,Q'UMARKAJ,93.33333333333333,cheex puch xnicox qui tinamit
46,2,0,3,vzamahel,zamahel,USAMAJEL_XIB'ALB'A,93.33333333333333,rumal vzamahel amac maui e
46,2,0,6,qui chab,qui cab,K'IKAB'_KQSIETE,93.33333333333333,cu calaon qui chab qui pocob qui
46,2,1,24,tinamit,tina mit,Q'UMARKAJ,93.33333333333333,xcotcomih chirih tinamit queo
46,2,1,36,tinamit,tina mit,Q'UMARKAJ,93.33333333333333,quetzaconic chuchi tinamit cate
46,2,1,38,tinamit,tina mit,Q'UMARKAJ,93.33333333333333,qo vi chi tinamit ta xeel curi
47,1,0,4,qui chab,qui cab,K'IKAB'_KQSIETE,93.33333333333333,maui xchapatah chic qui chab qui
47,1,0,37,xquichac,quichac,KA'IB'_K'AJOLAB',93.33333333333333,quehe cut xquiban ri xquichac
48,1,0,16,ca cahau,cacahau,JUNAJPU,93.33333333333333,camam ca cahau tax ezachic tax
48,1,0,16,ca cahau,cacahau,JUN_JUNAJPU,93.33333333333333,camam ca cahau tax ezachic tax
48,2,0,12,qui chac,quichac,KA'IB'_K'AJOLAB',93.33333333333333,qui chac quequicotic xebec ma
49,1,0,17,cachuch,ca chuch,IXKIK',93.33333333333333,xechihomanic e nabe cachuch
49,1,0,25,tinamit,tina mit,Q'UMARKAJ,93.33333333333333,chob tinamit quemialanic
49,1,0,29,tinamit,tina mit,Q'UMARKAJ,93.33333333333333,tinamit xquiculuba qui mial
49,2,0,3,tinamit,tina mit,Q'UMARKAJ,93.33333333333333,cahauixel va cu vbi tinamit
49,2,1,15,tinamit,tina mit,Q'UMARKAJ,93.33333333333333,vtzilah tinamit xuxic xquibano
50,1,0,4,tinamit,tina mit,Q'UMARKAJ,93.33333333333333,nabe tinamit xebec e camizanel a
50,1,0,17,tinamit,tina mit,Q'UMARKAJ,93.33333333333333,ahau chirih zivan tinamit x
50,1,0,41,tinamit,tina mit,Q'UMARKAJ,93.33333333333333,chiri chiizmachi vbi tinamit ca
50,2,1,43,cahib chinim ha,cahib chi nimha,KAJIB'_UNIM_JA,93.33333333333333,huvinac cahib chinim ha xuxic
50,2,1,45,tinamit,tina mit,Q'UMARKAJ,93.33333333333333,chuvi qui tinamit ta xe tzacat hu
51,2,0,16,qui caba,qui cab,K'IKAB'_KQSIETE,93.33333333333333,ta xquiban rochoch qui caba uil
51,2,0,22,qui chac,quichac,KA'IB'_K'AJOLAB',93.33333333333333,qui chac xuxic xmolomoxic
51,2,0,30,tinamit,tina mit,Q'UMARKAJ,93.33333333333333,tinamit ruq naipuch mana
51,2,0,33,vtinamit,tinamit,CHI_ISMACHI',93.33333333333333,xcahvi vzivan vtinamit ca
51,2,0,33,vtinamit,tinamit,Q'UMARKAJ,93.33333333333333,xcahvi vzivan vtinamit ca
51,2,0,39,xibalba,xibal ba,RAJAWAL_XIB'ALB'A,93.33333333333333,be vbana cahoc chi xibalba
51,2,0,39,xibalba,xi balba,JUN_WINAQ,93.33333333333333,be vbana cahoc chi xibalba
52,1,1,35,tinamit,tina mit,Q'UMARKAJ,93.33333333333333,vxol qovi tinamit oher are
52,1,1,40,vtinamit,tinamit,CHI_ISMACHI',93.33333333333333,vtinamit chicut zaculeuab
52,1,1,40,vtinamit,tinamit,Q'UMARKAJ,93.33333333333333,vtinamit chicut zaculeuab
52,1,1,41,miquina,mixquina,MIXKINA,93.33333333333333,chuvi miquina xelahu chuva
52,1,1,45,vtinamit,tinamit,CHI_ISMACHI',93.33333333333333,vtinamit rabinaleb q'aq'che
52,1,1,45,vtinamit,tinamit,Q'UMARKAJ,93.33333333333333,vtinamit rabinaleb q'aq'che
52,2,0,11,tinamit,tina mit,Q'UMARKAJ,93.33333333333333,mac chuvach colche retal tinamit
52,2,0,23,tinamit,tina mit,Q'UMARKAJ,93.33333333333333,zivan rih tinamit xcahinac ocv
54,2,0,41,iquinaha,quinaha,AJTZ'IKINA_JA,93.33333333333333,q ' iquinaha tuhalaha vchabaha
55,1,1,29,ca cahau,cacahau,JUNAJPU,93.33333333333333,mam nabe ca cahau ta xvachin
55,1,1,29,ca cahau,cacahau,JUN_JUNAJPU,93.33333333333333,mam nabe ca cahau ta xvachin
56,2,9,17,acavitz,hacavitz,JAQAWITZ,93.33333333333333,h acavitz cut vcah ahau hun
56,2,9,17,acavitz,hacavitz,JAQAWITZ_JUYUB',93.33333333333333,h acavitz cut vcah ahau hun
13,1,1,37,vvcub came quix,vvcub ca quix,WUQUB'_KAQIX,92.85714285714286,mal hun came vvcub came quix
14,1,1,31,rahaual xibal,rahaual xibalba,RAJAWAL_XIB'ALB'A,92.85714285714286,pa qui popobal rahaual xibal
15,2,2,19,hun capoh vme,hun capoh vmeal,IXKIK',92.85714285714286,a re cut ta xuta hun capoh vme
30,2,0,45,rahaual xibal,rahaual xibalba,RAJAWAL_XIB'ALB'A,92.85714285714286,curi ronohel rahaual xibal
35,2,3,38,ib chi quiche,oxib chi quiche,OXIB_RI_NIM_JA,92.85714285714286,ib chi quiche xma xutzocopih
49,2,1,23,caib chinimha,cahib chi nimha,KAJIB'_UNIM_JA,92.85714285714286,caib chinimha ri cachob chi
1,1,0,2,quiche,qui che,TINAMIT_K'ICHE',92.3076923076923,tzih varal quiche vbi
1,1,1,41,vcahau,v cahau,KUCHUMA_KIK',92.3076923076923,vchuch vcahau qazlem vi
1,2,2,24,peu gucumatz,tepeu gucumatz,TEPEW_Q'UKUMATZ,92.3076923076923,peu gucumatz e alom e qaho
1,2,2,29,chiqui,chiquic,KIK',92.3076923076923,naoh chiqui qoheic quehe
2,1,0,30,cumatz,cu matz,KUMATZ,92.3076923076923,cumatz vtz mi xatulic at vqux
2,1,0,30,cumatz,cu matz,SAQIKAS,92.3076923076923,cumatz vtz mi xatulic at vqux
2,2,2,41,cumatz,cu matz,SAQIKAS,92.3076923076923,cumatz chibihnacut ri ca bi
3,1,0,12,cah bit,ah bit,B'ITOL,92.3076923076923,oh pu cah bit mavi vtz xqha
3,1,0,12,cah bit,ah bit,IXMUKANE,92.3076923076923,oh pu cah bit mavi vtz xqha
3,2,0,3,vbanic,vvbanic,WUB,92.3076923076923,he cut catiha vi vbanic ah nim
3,2,0,5,vbanic,vvbanic,WUB,92.3076923076923,tzaquic cut vbanic puch vle
3,2,1,38,peu gucumatz,tepeu gucumatz,TEPEW_Q'UKUMATZ,92.3076923076923,peu gucumatz ta xquibih chire
4,1,0,47,cah bit,ah bit,B'ITOL,92.3076923076923,cah bit xaloc xebinic xecha
4,1,0,47,cah bit,ah bit,IXMUKANE,92.3076923076923,cah bit xaloc xebinic xecha
4,2,0,10,quicab,qui cab,K'IKAB'_KQSIETE,92.3076923076923,pichipoh cacan quicab caie
4,2,1,27,cah bit,ah bit,B'ITOL,92.3076923076923,vach cah tzac cah bit banol que
4,2,1,27,cah bit,ah bit,IXMUKANE,92.3076923076923,vach cah tzac cah bit banol que
4,2,1,29,qui ca,qui cab,K'IKAB'_KQSIETE,92.3076923076923,cut qui ca mizaxic xebutic
6,1,1,17,xbalan,xbalanq,XB'ALAMQ'E,92.3076923076923,hun ahpu vbi hun xbalan
6,1,1,26,v vbah,iv vbah,WUB,92.3076923076923,cha chica v vbah vi chiri
6,2,1,31,xbalan,xbalanq,XB'ALAMQ'E,92.3076923076923,cumal ri hun ahpu xbalan
7,1,0,5,quicha,quichac,KA'IB'_K'AJOLAB',92.3076923076923,quibano ma nabe quicha ca
7,1,0,20,qui ca,qui cab,K'IKAB'_KQSIETE,92.3076923076923,iaba chuvi q'aq' ta cul qui ca
7,2,0,44,quexel,uquexel,JUN_JUNAJPU,92.3076923076923,quexel hocombac xchoc chic
8,1,0,12,xbalan,xbalanq,XB'ALAMQ'E,92.3076923076923,ui quinaoh ri hunahpu xbalan
8,1,0,29,vbanic,vvbanic,WUB,92.3076923076923,cot chic qo ri vbanic ca qui
8,1,0,29,ca qui,ca quic,KIK',92.3076923076923,cot chic qo ri vbanic ca qui
8,2,0,12,achuch,cachuch,XA_Q'ANA_JAL,92.3076923076923,at qahol qo pa achuch acahau
8,2,0,12,acahau,cacahau,JUNAJPU,92.3076923076923,at qahol qo pa achuch acahau
8,2,0,12,acahau,cacahau,JUN_JUNAJPU,92.3076923076923,at qahol qo pa achuch acahau
8,2,0,12,acahau,cacahau,XA_Q'ANA_JAL,92.3076923076923,at qahol qo pa achuch acahau
9,1,0,5,xziquin,ziquin,TZ'IKIN,92.3076923076923,xziquin vloc ri zipacna colon
9,1,0,6,xziquin,ziquin,TZ'IKIN,92.3076923076923,chuca chiri pa hul ta xziquin
9,1,0,36,quicot,xquicot,IXOQ_AJAWAB',92.3076923076923,quicot chic qo ri vbanic caqui
9,1,0,36,vbanic,vvbanic,WUB,92.3076923076923,quicot chic qo ri vbanic caqui
9,1,0,44,ca qui,ca quic,KIK',92.3076923076923,qux ta cucah ri ca qui xe
9,2,0,10,chiqui,chiquic,KIK',92.3076923076923,mi xcabano ca xeqha chiqui
9,2,0,34,xbalan,xbalanq,XB'ALAMQ'E,92.3076923076923,qaholab hun ahpu xbalan
10,1,0,24,xbalan,xbalanq,XB'ALAMQ'E,92.3076923076923,chiquech hun ahpu xbalan
10,2,0,16,quicot,xquicot,IXOQ_AJAWAB',92.3076923076923,chi quicot curi zipacna car
10,2,1,44,v qahol,vqahol,KA'IB'_K'AJOLAB',92.3076923076923,cab v qahol vvcub caquix cab
10,2,1,46,xbalan,xbalanq,XB'ALAMQ'E,92.3076923076923,xaui cu xere hun ahpu xbalan
11,1,0,43,xbalan,xbalanq,XB'ALAMQ'E,92.3076923076923,hol xeqha ri hun ahpu xbalan
11,2,0,9,quicot,xquicot,IXOQ_AJAWAB',92.3076923076923,quicot chiquitihtobela quivvba
11,2,0,12,chiqui,chiquic,KIK',92.3076923076923,chicuxlabih ri qi quin ta chiqui
12,1,0,14,xbalan,xbalanq,XB'ALAMQ'E,92.3076923076923,chic calaxic hun ahpu xbalan
12,1,1,20,xbalan,xbalanq,XB'ALAMQ'E,92.3076923076923,bi qui cahau ri hun ahpu xbalan
12,1,2,46,chouen,cho uen,JUN_CHOWEN,92.3076923076923,chouen hunhunahpu cah u v qahol
12,1,2,46,v qahol,vqahol,KA'IB'_K'AJOLAB',92.3076923076923,chouen hunhunahpu cah u v qahol
12,2,0,6,e cahib,e caib,KA'IB'_K'AJOLAB',92.3076923076923,ah quib e cahib chi conohel ta
12,2,0,16,chouen,cho uen,JUN_CHOWEN,92.3076923076923,chouen are cut vbeel xibalba
12,2,0,29,ahauab,aha uab,JUN_KAME'_WUQUB'_KAME',92.3076923076923,catol tzih are curi ahauab ro
12,2,0,29,ahauab,ahau ab,JUN_KAME'_WUQUB'_KAME,92.3076923076923,catol tzih are curi ahauab ro
12,2,0,29,ahauab,aha uab,XA_Q'ANA_JAL,92.3076923076923,catol tzih are curi ahauab ro
12,2,0,31,ahauab,aha uab,JUN_KAME'_WUQUB'_KAME',92.3076923076923,puch huhunchi ahauab rumal
12,2,0,31,ahauab,ahau ab,JUN_KAME'_WUQUB'_KAME,92.3076923076923,puch huhunchi ahauab rumal
12,2,0,31,ahauab,aha uab,XA_Q'ANA_JAL,92.3076923076923,puch huhunchi ahauab rumal
12,2,0,36,ahauab,aha uab,JUN_KAME'_WUQUB'_KAME',92.3076923076923,ahal eana chic qui ahauab are
12,2,0,36,ahauab,ahau ab,JUN_KAME'_WUQUB'_KAME,92.3076923076923,ahal eana chic qui ahauab are
12,2,0,36,ahauab,aha uab,XA_Q'ANA_JAL,92.3076923076923,ahal eana chic qui ahauab are
13,1,0,16,chiqui,chiquic,KIK',92.3076923076923,vinac ta chicam pabe xa chiqui
13,1,0,34,chouen,cho uen,JUN_CHOWEN,92.3076923076923,chouen cumal hun ahpu xba
13,1,1,41,ahauab,aha uab,JUN_KAME'_WUQUB'_KAME',92.3076923076923,toc queqha ahauab chivech va
13,1,1,41,ahauab,ahau ab,JUN_KAME'_WUQUB'_KAME,92.3076923076923,toc queqha ahauab chivech va
13,1,1,41,ahauab,aha uab,XA_Q'ANA_JAL,92.3076923076923,toc queqha ahauab chivech va
13,2,0,2,ahauab,aha uab,JUN_KAME'_WUQUB'_KAME',92.3076923076923,qha ahauab quixqha ta quixopon
13,2,0,2,ahauab,ahau ab,JUN_KAME'_WUQUB'_KAME,92.3076923076923,qha ahauab quixqha ta quixopon
13,2,0,2,ahauab,aha uab,XA_Q'ANA_JAL,92.3076923076923,qha ahauab quixqha ta quixopon
13,2,0,12,vholom,v holom,JUNAJPU,92.3076923076923,holom tucur xa vtuquel vholom
13,2,0,14,e cahib,e caib,KA'IB'_K'AJOLAB',92.3076923076923,e cahib ri zamahel rahpop achi
13,2,0,27,ahauab,aha uab,JUN_KAME'_WUQUB'_KAME',92.3076923076923,bi conohel ahauab xtzac qui
13,2,0,27,ahauab,ahau ab,JUN_KAME'_WUQUB'_KAME,92.3076923076923,bi conohel ahauab xtzac qui
13,2,0,27,ahauab,aha uab,XA_Q'ANA_JAL,92.3076923076923,bi conohel ahauab xtzac qui
14,1,1,42,ahauab,aha uab,RAJAWAL_XIB'ALB'A,92.3076923076923,ahauab rumal xechacomahic
14,1,1,42,ahauab,aha uab,JUN_KAME'_WUQUB'_KAME',92.3076923076923,ahauab rumal xechacomahic
14,1,1,42,ahauab,ahau ab,JUN_KAME'_WUQUB'_KAME,92.3076923076923,ahauab rumal xechacomahic
14,1,1,42,ahauab,aha uab,XA_Q'ANA_JAL,92.3076923076923,ahauab rumal xechacomahic
14,1,1,43,chiqui,chiquic,KIK',92.3076923076923,chiqui qux xquichac ri hunhu
14,2,0,11,vcumatz,cumatz,KUMATZ,92.3076923076923,vcumatz tze chiquiqux chiqui
14,2,0,11,vcumatz,cumatz,SAQIKAS,92.3076923076923,vcumatz tze chiquiqux chiqui
14,2,0,11,chiqui,chiquic,KIK',92.3076923076923,vcumatz tze chiquiqux chiqui
14,2,0,29,cub hun ahpu,vucub hun ahpu,WUQUB'_JUNAJPU,92.3076923076923,cub hun ahpu chupan ri que
14,2,0,34,ahauab,aha uab,JUN_KAME'_WUQUB'_KAME',92.3076923076923,xel cuq ahauab ta xbe cu yaoc
14,2,0,34,ahauab,ahau ab,JUN_KAME'_WUQUB'_KAME,92.3076923076923,xel cuq ahauab ta xbe cu yaoc
14,2,0,34,ahauab,aha uab,XA_Q'ANA_JAL,92.3076923076923,xel cuq ahauab ta xbe cu yaoc
14,2,0,43,ahauab,aha uab,JUN_KAME'_WUQUB'_KAME',92.3076923076923,qha ahauab chive xevqhaxic
14,2,0,43,ahauab,ahau ab,JUN_KAME'_WUQUB'_KAME,92.3076923076923,qha ahauab chive xevqhaxic
14,2,0,43,ahauab,aha uab,XA_Q'ANA_JAL,92.3076923076923,qha ahauab chive xevqhaxic
15,1,0,33,vholom,v holom,JUNAJPU,92.3076923076923,xcat vholom ri hun hunahpu
15,1,0,35,vholom,v holom,JUNAJPU,92.3076923076923,chiya ri vholom xolche ri tiquil
15,1,0,37,vholom,v holom,JUNAJPU,92.3076923076923,bcame ta xbe cuyaoc vholom
15,1,0,40,vholom,v holom,JUNAJPU,92.3076923076923,vholom ri hun hunahpu chu
15,1,0,42,vholom,v holom,JUNAJPU,92.3076923076923,chire va camic vholom hun hu
15,2,0,3,chiqui,chiquic,KIK',92.3076923076923,nim vqoheic riche xux chiqui qux
15,2,0,4,vholom,v holom,JUNAJPU,92.3076923076923,rumal huzu xubanic ta xoc vholom
15,2,2,23,vcahau,v cahau,KUCHUMA_KIK',92.3076923076923,ta chitzihox chic rumal vcahau
15,2,2,25,cabixic,abixic,AB'IX,92.3076923076923,qui naoh vila ri che cabixic qui
15,2,2,37,vholom,v holom,JUNAJPU,92.3076923076923,xqha ri vholom hun ahpu ta quo modo fiet istud s r luc cap i
16,1,0,5,vholom,v holom,JUNAJPU,92.3076923076923,he vholom ve qui nimaha u xa
16,1,1,37,ahauab,aha uab,RAJAWAL_XIB'ALB'A,92.3076923076923,hel ahauab hun came vvcub
16,1,1,37,ahauab,aha uab,JUN_KAME'_WUQUB'_KAME',92.3076923076923,hel ahauab hun came vvcub
16,1,1,37,ahauab,ahau ab,JUN_KAME'_WUQUB'_KAME,92.3076923076923,hel ahauab hun came vvcub
16,1,1,37,ahauab,aha uab,XA_Q'ANA_JAL,92.3076923076923,hel ahauab hun came vvcub
16,1,1,39,numeal,nu meal,IXKIK',92.3076923076923,ri numeal qochi ral ixahauab
16,1,1,44,ahauab,aha uab,JUN_KAME'_WUQUB'_KAME',92.3076923076923,vtzbala alac ahauab xqha cut ca
16,1,1,44,ahauab,ahau ab,JUN_KAME'_WUQUB'_KAME,92.3076923076923,vtzbala alac ahauab xqha cut ca
16,1,1,44,ahauab,aha uab,XA_Q'ANA_JAL,92.3076923076923,vtzbala alac ahauab xqha cut ca
16,2,0,6,ahauab,aha uab,JUN_KAME'_WUQUB'_KAME',92.3076923076923,ahauab vacamic xevqhax cuta
16,2,0,6,ahauab,ahau ab,JUN_KAME'_WUQUB'_KAME,92.3076923076923,ahauab vacamic xevqhax cuta
16,2,0,6,ahauab,aha uab,XA_Q'ANA_JAL,92.3076923076923,ahauab vacamic xevqhax cuta
16,2,0,7,e cahib,e caib,KA'IB'_K'AJOLAB',92.3076923076923,ri tucur e cahib ta xebec quiti
16,2,0,14,vholom,v holom,JUNAJPU,92.3076923076923,ri vholom hun hunahpu qochi
16,2,0,18,quexel,uquexel,JUN_JUNAJPU,92.3076923076923,v quexel ri iqux mi xbix vloc ru
16,2,0,19,acahau,cacahau,JUNAJPU,92.3076923076923,mal acahau chicam vloc ri vqux
16,2,0,19,acahau,cacahau,JUN_JUNAJPU,92.3076923076923,mal acahau chicam vloc ri vqux
16,2,0,19,acahau,cacahau,XA_Q'ANA_JAL,92.3076923076923,mal acahau chicam vloc ri vqux
16,2,0,20,ahauab,aha uab,JUN_KAME'_WUQUB'_KAME',92.3076923076923,xchiquitzololeh ahauab xchiqui
16,2,0,20,ahauab,ahau ab,JUN_KAME'_WUQUB'_KAME,92.3076923076923,xchiquitzololeh ahauab xchiqui
16,2,0,20,ahauab,aha uab,XA_Q'ANA_JAL,92.3076923076923,xchiquitzololeh ahauab xchiqui
17,1,0,8,ahauab,aha uab,JUN_KAME'_WUQUB'_KAME',92.3076923076923,quivach ahauab xeqha cut ri za
17,1,0,8,ahauab,ahau ab,JUN_KAME'_WUQUB'_KAME,92.3076923076923,quivach ahauab xeqha cut ri za
17,1,0,8,ahauab,aha uab,XA_Q'ANA_JAL,92.3076923076923,quivach ahauab xeqha cut ri za
17,1,0,10,ahauab,aha uab,JUN_KAME'_WUQUB'_KAME',92.3076923076923,ahauab quezeleuachin conohel
17,1,0,10,ahauab,ahau ab,JUN_KAME'_WUQUB'_KAME,92.3076923076923,ahauab quezeleuachin conohel
17,1,0,10,ahauab,aha uab,XA_Q'ANA_JAL,92.3076923076923,ahauab quezeleuachin conohel
17,2,0,22,chouen,cho uen,JUN_CHOWEN,92.3076923076923,chouen hocam vbeel cumal xu
17,2,0,29,cabixic,abixic,AB'IX,92.3076923076923,cat echa cabixic xcha cut cate
18,1,2,27,chouen,cho uen,JUN_CHOWEN,92.3076923076923,chouen maui xe culax paha cu
18,2,0,12,quicabi,quicab,K'IKAB'_KQSIETE,92.3076923076923,naquila chiia chiquech quicabi
18,2,0,20,xbalan,xbalanq,XB'ALAMQ'E,92.3076923076923,xevqhax cut ri hun ah pu xbalan
18,2,0,31,chouen,cho uen,JUN_CHOWEN,92.3076923076923,chouen xa catzolcomih qui qoheic
18,2,0,37,cachac,ca chac,KA'IB'_K'AJOLAB',92.3076923076923,cachac vi xa retal chicabano xe
19,1,0,16,qui he,qui che,TINAMIT_K'ICHE',92.3076923076923,pu huzu qui he chi xuxic xa
19,1,0,19,quiche,qui che,TINAMIT_K'ICHE',92.3076923076923,nima huyub xebec patac quiche
19,1,0,21,quicha,quichac,KA'IB'_K'AJOLAB',92.3076923076923,chucab tac che quehe cut quicha
19,2,0,16,ca qui,ca quic,KIK',92.3076923076923,ui ququz caquibano xavi ca qui
20,1,0,7,chiqui,chiquic,KIK',92.3076923076923,chac quehevi calabil chiqui qux
20,1,1,19,quexel,uquexel,JUN_JUNAJPU,92.3076923076923,qolic oh ivi oh qui quexel catz
20,2,0,19,chiqui,chiquic,KIK',92.3076923076923,loc chiqui qui quih chiquiiuc puch
21,1,0,14,quicab,qui cab,K'IKAB'_KQSIETE,92.3076923076923,he queh pa quicab ta xucam ri vhe
22,1,1,26,ahauab,aha uab,JUN_KAME'_WUQUB'_KAME',92.3076923076923,came vvcubcame conohel ahauab
22,1,1,26,ahauab,ahau ab,JUN_KAME'_WUQUB'_KAME,92.3076923076923,came vvcubcame conohel ahauab
22,1,1,26,ahauab,aha uab,XA_Q'ANA_JAL,92.3076923076923,came vvcubcame conohel ahauab
22,1,1,29,ahauab,aha uab,JUN_KAME'_WUQUB'_KAME',92.3076923076923,petoc queqha ahauab varal tah
22,1,1,29,ahauab,ahau ab,JUN_KAME'_WUQUB'_KAME,92.3076923076923,petoc queqha ahauab varal tah
22,1,1,29,ahauab,aha uab,XA_Q'ANA_JAL,92.3076923076923,petoc queqha ahauab varal tah
22,1,1,31,ahauab,aha uab,JUN_KAME'_WUQUB'_KAME',92.3076923076923,quecha ahauab quixqha quixopo
22,1,1,31,ahauab,ahau ab,JUN_KAME'_WUQUB'_KAME,92.3076923076923,quecha ahauab quixqha quixopo
22,1,1,31,ahauab,aha uab,XA_Q'ANA_JAL,92.3076923076923,quecha ahauab quixqha quixopo
22,2,0,32,cumatz,cu matz,KUMATZ,92.3076923076923,cumatz maba catanic cavilo in
22,2,0,34,cumatz,cu matz,KUMATZ,92.3076923076923,cumatz chire xpec catoho xuqha
22,2,0,38,cumatz,cu matz,KUMATZ,92.3076923076923,curi cumatz ta xbec xculutah chi
22,2,0,40,cumatz,cu matz,KUMATZ,92.3076923076923,ma tziquin xbic chivi ri cumatz
22,2,0,43,cumatz,cu matz,KUMATZ,92.3076923076923,quetiou cumatz patachuyubta
23,1,1,19,cumatz,cu matz,SAQIKAS,92.3076923076923,nima cumatz caqhauoc xeqha
23,1,1,20,cumatz,cu matz,SAQIKAS,92.3076923076923,chic chire cumatz ve xqha chi
23,1,1,42,cumatz,cu matz,SAQIKAS,92.3076923076923,chac cumatz xuxic catzihonoc
23,2,0,3,ahauab,aha uab,JUN_KAME'_WUQUB'_KAME',92.3076923076923,vach varal que qha ahauab
23,2,0,3,ahauab,ahau ab,JUN_KAME'_WUQUB'_KAME,92.3076923076923,vach varal que qha ahauab
23,2,0,3,ahauab,aha uab,XA_Q'ANA_JAL,92.3076923076923,vach varal que qha ahauab
25,1,0,9,ahauab,aha uab,JUN_KAME'_WUQUB'_KAME',92.3076923076923,vvach xbeyaoc cuq ahauab na
25,1,0,9,ahauab,ahau ab,JUN_KAME'_WUQUB'_KAME,92.3076923076923,vvach xbeyaoc cuq ahauab na
25,1,0,9,ahauab,aha uab,XA_Q'ANA_JAL,92.3076923076923,vvach xbeyaoc cuq ahauab na
25,1,0,16,ahauab,aha uab,JUN_KAME'_WUQUB'_KAME',92.3076923076923,conohel ahauab oho chahoc ix
25,1,0,16,ahauab,ahau ab,JUN_KAME'_WUQUB'_KAME,92.3076923076923,conohel ahauab oho chahoc ix
25,1,0,16,ahauab,aha uab,XA_Q'ANA_JAL,92.3076923076923,conohel ahauab oho chahoc ix
25,2,0,15,xbalba,xibalba,RAJAWAL_XIB'ALB'A,92.3076923076923,qaholab chi que xbalba huticab
25,2,0,15,xbalba,xibalba,JUN_WINAQ,92.3076923076923,qaholab chi que xbalba huticab
25,2,0,23,quicot,xquicot,IXOQ_AJAWAB',92.3076923076923,catahic ri qaholab que quicot
25,2,0,38,chiqui,chiquic,KIK',92.3076923076923,mal cha chanim tah chiqui
26,1,0,41,chiqui,chiquic,KIK',92.3076923076923,pon cu chiqui vach ahau aha
26,2,2,44,caquic,ca quic,KIK',92.3076923076923,caquic ch irichuvi baca micu
27,1,2,41,vholom,v holom,JUNAJPU,92.3076923076923,te puch ta xcupix vholom
27,2,0,6,vholom,v holom,JUNAJPU,92.3076923076923,colana vi vholom chuvi hom
27,2,0,8,quicot,xquicot,IXOQ_AJAWAB',92.3076923076923,came que quicot curi xibal
27,2,0,9,vholom,v holom,JUNAJPU,92.3076923076923,ba conohel rumal vholom
28,1,1,22,chiqui,chiquic,KIK',92.3076923076923,vqhaxic macu chiqui ca caxou
28,1,1,38,vholom,v holom,JUNAJPU,92.3076923076923,quitzih holom chicu vholom
28,2,0,8,chiqui,chiquic,KIK',92.3076923076923,chiqui vach na qui pa ri chibe
29,1,0,20,xquico,xquicot,IXOQ_AJAWAB',92.3076923076923,ban xibalba nimac xac xquico
29,1,0,30,ca qui,ca quic,KIK',92.3076923076923,cachopih vae ri ca qui cah
29,1,0,43,quicot,xquicot,IXOQ_AJAWAB',92.3076923076923,quicot chicut ronohel xibalba
29,2,2,40,ahauab,aha uab,JUN_KAME'_WUQUB'_KAME',92.3076923076923,quitzihoxic xoponic cuq ahauab
29,2,2,40,ahauab,ahau ab,JUN_KAME'_WUQUB'_KAME,92.3076923076923,quitzihoxic xoponic cuq ahauab
29,2,2,40,ahauab,aha uab,XA_Q'ANA_JAL,92.3076923076923,quitzihoxic xoponic cuq ahauab
29,2,2,45,ahauab,aha uab,JUN_KAME'_WUQUB'_KAME',92.3076923076923,quecha ahauab quixqha chi
29,2,2,45,ahauab,ahau ab,JUN_KAME'_WUQUB'_KAME,92.3076923076923,quecha ahauab quixqha chi
29,2,2,45,ahauab,aha uab,XA_Q'ANA_JAL,92.3076923076923,quecha ahauab quixqha chi
29,2,2,48,ahauab,aha uab,JUN_KAME'_WUQUB'_KAME',92.3076923076923,cut quitzih ahauab chique
29,2,2,48,ahauab,ahau ab,JUN_KAME'_WUQUB'_KAME,92.3076923076923,cut quitzih ahauab chique
29,2,2,48,ahauab,aha uab,XA_Q'ANA_JAL,92.3076923076923,cut quitzih ahauab chique
30,1,0,3,ahaual,rahaual,RAJAWAL_XIB'ALB'A,92.3076923076923,bic cohoc apanoc chi ahaual ha
30,1,0,3,ahaual,rahaual,NAKXIT,92.3076923076923,bic cohoc apanoc chi ahaual ha
30,1,0,11,ahauab,aha uab,JUN_KAME'_WUQUB'_KAME',92.3076923076923,chique ri ahauab quehe cu ma
30,1,0,11,ahauab,ahau ab,JUN_KAME'_WUQUB'_KAME,92.3076923076923,chique ri ahauab quehe cu ma
30,1,0,11,ahauab,aha uab,XA_Q'ANA_JAL,92.3076923076923,chique ri ahauab quehe cu ma
30,1,1,20,ahauab,aha uab,JUN_KAME'_WUQUB'_KAME',92.3076923076923,xeopon puch cuq ahauab
30,1,1,20,ahauab,ahau ab,JUN_KAME'_WUQUB'_KAME,92.3076923076923,xeopon puch cuq ahauab
30,1,1,20,ahauab,aha uab,XA_Q'ANA_JAL,92.3076923076923,xeopon puch cuq ahauab
30,1,1,21,chiqui,chiquic,KIK',92.3076923076923,quemocho chic chiqui xule la
30,1,1,32,cacahau,acahau,KUCHUMA_KIK',92.3076923076923,cacahau ca oh chutic oc ta xe
30,2,0,14,ahauab,aha uab,JUN_KAME'_WUQUB'_KAME',92.3076923076923,e pulinac ahauab pa ha conohel
30,2,0,14,ahauab,ahau ab,JUN_KAME'_WUQUB'_KAME,92.3076923076923,e pulinac ahauab pa ha conohel
30,2,0,14,ahauab,aha uab,XA_Q'ANA_JAL,92.3076923076923,e pulinac ahauab pa ha conohel
30,2,0,18,ahauab,aha uab,JUN_KAME'_WUQUB'_KAME',92.3076923076923,hah cut conohel ahauab xa
30,2,0,18,ahauab,ahau ab,JUN_KAME'_WUQUB'_KAME,92.3076923076923,hah cut conohel ahauab xa
30,2,0,18,ahauab,aha uab,XA_Q'ANA_JAL,92.3076923076923,hah cut conohel ahauab xa
30,2,0,27,chiqui,chiquic,KIK',92.3076923076923,vinac xquicoloba cut chiqui
30,2,0,28,ahauab,aha uab,RAJAWAL_XIB'ALB'A,92.3076923076923,vach ahauab xquimaiha chi
30,2,0,28,ahauab,aha uab,JUN_KAME'_WUQUB'_KAME',92.3076923076923,vach ahauab xquimaiha chi
30,2,0,28,ahauab,aha uab,XA_Q'ANA_JAL,92.3076923076923,vach ahauab xquimaiha chi
30,2,0,32,quicot,xquicot,IXOQ_AJAWAB',92.3076923076923,quicot vqux taxqaztah v
30,2,0,37,ahauab,aha uab,RAJAWAL_XIB'ALB'A,92.3076923076923,ahauab vtzbala at ahau
30,2,0,37,ahauab,aha uab,JUN_KAME'_WUQUB'_KAME',92.3076923076923,ahauab vtzbala at ahau
30,2,0,37,ahauab,aha uab,XA_Q'ANA_JAL,92.3076923076923,ahauab vtzbala at ahau
31,1,0,3,ahauab,aha uab,RAJAWAL_XIB'ALB'A,92.3076923076923,quehe quequicot ahauab xavi
31,1,1,8,ahauab,aha uab,JUN_KAME'_WUQUB'_KAME',92.3076923076923,pu quiqux ahauab chire qui
31,1,1,8,ahauab,ahau ab,JUN_KAME'_WUQUB'_KAME,92.3076923076923,pu quiqux ahauab chire qui
31,1,1,8,ahauab,aha uab,XA_Q'ANA_JAL,92.3076923076923,pu quiqux ahauab chire qui
31,1,1,19,ahauab,aha uab,JUN_KAME'_WUQUB'_KAME',92.3076923076923,qha cut chique ahauab are
31,1,1,19,ahauab,ahau ab,JUN_KAME'_WUQUB'_KAME,92.3076923076923,qha cut chique ahauab are
31,1,1,19,ahauab,aha uab,XA_Q'ANA_JAL,92.3076923076923,qha cut chique ahauab are
31,2,1,6,cacahau,acahau,KUCHUMA_KIK',92.3076923076923,icabih naipuch vbi cacahau
31,2,1,11,qui ca,qui cab,K'IKAB'_KQSIETE,92.3076923076923,cu pacol re vae quirail qui ca
31,2,1,12,cacahau,acahau,KUCHUMA_KIK',92.3076923076923,xcol ri cacahau quehe cut mix
32,1,0,31,mucane,xmucane,IXMUKANE,92.3076923076923,mucane xquitic can oc hun
32,1,1,40,qui ca,qui cab,K'IKAB'_KQSIETE,92.3076923076923,vacute vviquic chic qui ca
33,1,0,22,eanaal,eanahal,JAL,92.3076923076923,v eanaal vinac xuxic ta xqui
33,1,0,26,canabe chuch,e canabe chuch,IXOQ_AJAWAB',92.3076923076923,canabe chuch cahau xaq'ana
33,1,0,29,e cahib,e caib,KA'IB'_K'AJOLAB',92.3076923076923,hau e cahib chivinac tzac xa
33,1,1,36,canabe chuch,e canabe chuch,IXOQ_AJAWAB',92.3076923076923,quibi ri canabe chuch cahau
34,1,1,6,chiqui,chiquic,KIK',92.3076923076923,quin v vach vvach vleu chiqui
34,2,0,2,ahquix,ahquixb,XA_Q'ANA_JAL,92.3076923076923,tzatz cut xuxic ri ahquix ahcahb
34,2,0,2,ahcahb,ah cahb,XA_Q'ANA_JAL,92.3076923076923,tzatz cut xuxic ri ahquix ahcahb
34,2,0,3,e cahib,e caib,KA'IB'_K'AJOLAB',92.3076923076923,mana xa e cahib chic xuxic xere
34,2,0,13,vcahau,v cahau,KUCHUMA_KIK',92.3076923076923,lam quitze vmam vcahau beleheb
34,2,0,15,vcahau,v cahau,KUCHUMA_KIK',92.3076923076923,vmam vcahau beleheb nim ha chi
34,2,0,19,vcahau,v cahau,KUCHUMA_KIK',92.3076923076923,mavi zachel vbi vmam vcahau
34,2,0,26,cumatz,cu matz,KUMATZ,92.3076923076923,cumatz tuhal ha vchabaha ah chu
34,2,0,26,cumatz,cu matz,SAQIKAS,92.3076923076923,cumatz tuhal ha vchabaha ah chu
35,1,0,13,chiqui,chiquic,KIK',92.3076923076923,vach chicah ta chiqui tzonoh qui
35,2,2,32,ahauab,aha uab,RAJAWAL_XIB'ALB'A,92.3076923076923,u tamub ahauab quetaan cut
35,2,2,32,ahauab,aha uab,JUN_KAME'_WUQUB'_KAME',92.3076923076923,u tamub ahauab quetaan cut
35,2,2,32,ahauab,ahau ab,JUN_KAME'_WUQUB'_KAME,92.3076923076923,u tamub ahauab quetaan cut
35,2,2,32,ahauab,aha uab,XA_Q'ANA_JAL,92.3076923076923,u tamub ahauab quetaan cut
35,2,2,35,ahauab,aha uab,RAJAWAL_XIB'ALB'A,92.3076923076923,quimam quicahau ahauab xa
35,2,2,35,ahauab,aha uab,JUN_KAME'_WUQUB'_KAME',92.3076923076923,quimam quicahau ahauab xa
35,2,2,35,ahauab,ahau ab,JUN_KAME'_WUQUB'_KAME,92.3076923076923,quimam quicahau ahauab xa
35,2,2,35,ahauab,aha uab,XA_Q'ANA_JAL,92.3076923076923,quimam quicahau ahauab xa
35,2,3,38,quiche,qui che,TINAMIT_K'ICHE',92.3076923076923,ib chi quiche xma xutzocopih
36,2,0,13,qui cab,quicab,K'IKAB'_KQSIETE,92.3076923076923,qui cab maui quechapon chic ta
37,2,0,18,vbanic,vvbanic,WUB,92.3076923076923,vbanic ta xnic vachixic rumal to
38,1,0,20,chiqui,chiquic,KIK',92.3076923076923,retal vzaquiric chiqui qux ta
38,1,0,23,cabixic,abixic,AB'IX,92.3076923076923,chila nim xol cabixic vacamic
38,1,1,36,quiche,qui che,TINAMIT_K'ICHE',92.3076923076923,xic maui zachel oxib chi quiche
39,1,0,29,cumatz,cu matz,SAQIKAS,92.3076923076923,bal tohil tzatz chi cumatz tzatz
39,2,0,19,quique,quiquel,KIK',92.3076923076923,cotah quib queqha ta quique
39,2,0,46,cacaha,cacahau,JUNAJPU,92.3076923076923,xe zaquir vi camam cacaha uva
39,2,0,46,cacaha,cacahau,JUN_JUNAJPU,92.3076923076923,xe zaquir vi camam cacaha uva
40,2,0,13,cavitz,acavitz,JAQAWITZ,92.3076923076923,cavitz ruq v cabavilal coh ba
40,2,0,28,chiqui,chiquic,KIK',92.3076923076923,ta quia vinac chiqui qoheic
41,1,0,1,cachac,ca chac,KA'IB'_K'AJOLAB',92.3076923076923,chic catz cachac avi mixquil vi quih
41,1,0,18,cavitz,acavitz,JAQAWITZ,92.3076923076923,cavitz xavi quehe caquiban ri
41,2,0,4,cavitz,acavitz,JAQAWITZ,92.3076923076923,cavitz areqochic pa ec pa tzi
42,1,0,15,chiqui,chiquic,KIK',92.3076923076923,xqohe qui cu queh chiqui huhu
42,2,0,7,cavitz,acavitz,JAQAWITZ,92.3076923076923,cavitz xeqha cut chi qui qux are
42,2,0,10,cachuc,cachuch,XA_Q'ANA_JAL,92.3076923076923,xa caziza caxiquin cachuc ca
43,1,0,7,ahcahb,ah cahb,XA_Q'ANA_JAL,92.3076923076923,cacan ri ahquixb ahcahb ma
43,1,1,44,ahcahb,ah cahb,XA_Q'ANA_JAL,92.3076923076923,xeqha ronohel vi ahquixb ahcahb
43,2,0,14,chiqui,chiquic,KIK',92.3076923076923,re curi ca vec mauiharub chiqui
43,2,0,22,ahcahb,ah cahb,XA_Q'ANA_JAL,92.3076923076923,quixb e ahcahb xeqha chicut
43,2,0,46,ahauab,aha uab,RAJAWAL_XIB'ALB'A,92.3076923076923,mial ahauab quixqha cu chi
43,2,0,46,ahauab,aha uab,JUN_KAME'_WUQUB'_KAME',92.3076923076923,mial ahauab quixqha cu chi
43,2,0,46,ahauab,ahau ab,JUN_KAME'_WUQUB'_KAME,92.3076923076923,mial ahauab quixqha cu chi
43,2,0,46,ahauab,aha uab,XA_Q'ANA_JAL,92.3076923076923,mial ahauab quixqha cu chi
44,1,0,7,ahauab,aha uab,RAJAWAL_XIB'ALB'A,92.3076923076923,apon chivih xeqha curi ahauab
44,1,0,7,ahauab,aha uab,JUN_KAME'_WUQUB'_KAME',92.3076923076923,apon chivih xeqha curi ahauab
44,1,0,7,ahauab,ahau ab,JUN_KAME'_WUQUB'_KAME,92.3076923076923,apon chivih xeqha curi ahauab
44,1,1,18,quicot,xquicot,IXOQ_AJAWAB',92.3076923076923,quicot chicuri ahauab cumal ri
44,1,1,18,ahauab,aha uab,RAJAWAL_XIB'ALB'A,92.3076923076923,quicot chicuri ahauab cumal ri
44,1,1,18,ahauab,aha uab,JUN_KAME'_WUQUB'_KAME',92.3076923076923,quicot chicuri ahauab cumal ri
44,1,1,18,ahauab,ahau ab,JUN_KAME'_WUQUB'_KAME,92.3076923076923,quicot chicuri ahauab cumal ri
44,1,1,39,ahauab,aha uab,RAJAWAL_XIB'ALB'A,92.3076923076923,xeqha ahauab chique quehe
44,1,1,39,ahauab,aha uab,JUN_KAME'_WUQUB'_KAME',92.3076923076923,xeqha ahauab chique quehe
44,1,1,39,ahauab,ahau ab,JUN_KAME'_WUQUB'_KAME,92.3076923076923,xeqha ahauab chique quehe
44,2,0,5,ahauab,aha uab,RAJAWAL_XIB'ALB'A,92.3076923076923,quech ahauab xevqhax cut ca
44,2,0,5,ahauab,aha uab,JUN_KAME'_WUQUB'_KAME',92.3076923076923,quech ahauab xevqhax cut ca
44,2,0,5,ahauab,ahau ab,JUN_KAME'_WUQUB'_KAME,92.3076923076923,quech ahauab xevqhax cut ca
44,2,0,5,ahauab,aha uab,XA_Q'ANA_JAL,92.3076923076923,quech ahauab xevqhax cut ca
44,2,1,29,ahauab,aha uab,RAJAWAL_XIB'ALB'A,92.3076923076923,oponic chiquivach ahauab qui
44,2,1,45,ahauab,aha uab,RAJAWAL_XIB'ALB'A,92.3076923076923,macunic xquina ri ahauab ta
44,2,1,45,ahauab,aha uab,JUN_KAME'_WUQUB'_KAME',92.3076923076923,macunic xquina ri ahauab ta
44,2,1,45,ahauab,ahau ab,JUN_KAME'_WUQUB'_KAME,92.3076923076923,macunic xquina ri ahauab ta
44,2,1,45,ahauab,aha uab,XA_Q'ANA_JAL,92.3076923076923,macunic xquina ri ahauab ta
45,1,0,9,chiqui,chiquic,KIK',92.3076923076923,chiquivach catzunon vcuxic chiqui
45,1,0,21,ahauab,aha uab,RAJAWAL_XIB'ALB'A,92.3076923076923,ri rumal ahauab ri xtah xpu
45,1,0,21,ahauab,aha uab,JUN_KAME'_WUQUB'_KAME',92.3076923076923,ri rumal ahauab ri xtah xpu
45,1,0,21,ahauab,ahau ab,JUN_KAME'_WUQUB'_KAME,92.3076923076923,ri rumal ahauab ri xtah xpu
45,1,0,21,ahauab,aha uab,XA_Q'ANA_JAL,92.3076923076923,ri rumal ahauab ri xtah xpu
45,1,0,25,quicha,quichac,KA'IB'_K'AJOLAB',92.3076923076923,ta xeyahic quicha catahic chi
46,1,0,34,chiqui,chiquic,KIK',92.3076923076923,mit cate puch ta xquitzonoh chiqui
46,2,1,44,chiqui,chiquic,KIK',92.3076923076923,qui chi chicacan chiqui cab a
47,2,0,26,chiqui,chiquic,KIK',92.3076923076923,qha chire quixoquil chiqui huhu
48,1,0,10,ahauab,aha uab,RAJAWAL_XIB'ALB'A,92.3076923076923,vinac cumal ahauab ta xecam be
48,1,0,12,vcahau,v cahau,KUCHUMA_KIK',92.3076923076923,v mam vcahau caviquib xmacui
48,1,0,18,yub hacavitz,huyub hacavitz,JAQAWITZ_JUYUB',92.3076923076923,yub hacavitz xeyaluh chi vi qui
48,1,0,23,chiqui,chiquic,KIK',92.3076923076923,quib conohel hutaquih chiqui
48,2,0,6,quiche,qui che,TINAMIT_K'ICHE',92.3076923076923,cutah rech ahau quiche are
48,2,1,26,rahaua,rahaual,RAJAWAL_XIB'ALB'A,92.3076923076923,xpe cut retal vq'aq'al rahaua
48,2,1,26,rahaua,rahaual,NAKXIT,92.3076923076923,xpe cut retal vq'aq'al rahaua
49,1,0,1,chiqui,chiquic,KIK',92.3076923076923,quinaha xe ar tal xcutun chiqui
49,1,0,18,cacahau,acahau,KUCHUMA_KIK',92.3076923076923,enabe cacahau xeqha oher
49,2,1,9,ahauab,aha uab,RAJAWAL_XIB'ALB'A,92.3076923076923,zahcab chucahle oc ahauab
49,2,1,9,ahauab,aha uab,JUN_KAME'_WUQUB'_KAME',92.3076923076923,zahcab chucahle oc ahauab
49,2,1,9,ahauab,ahau ab,JUN_KAME'_WUQUB'_KAME,92.3076923076923,zahcab chucahle oc ahauab
49,2,1,9,ahauab,aha uab,XA_Q'ANA_JAL,92.3076923076923,zahcab chucahle oc ahauab
49,2,1,22,quiche,qui che,TINAMIT_K'ICHE',92.3076923076923,hun rech ahau quiche xaqui
49,2,1,29,chiqui,chiquic,KIK',92.3076923076923,zac xa amac qo chiqui qux ma
49,2,1,43,ztayul,iztayul,ISTAYUL_KQCUATRO,92.3076923076923,hau ztayul xrah quitihoh x
50,1,0,6,chiqui,chiquic,KIK',92.3076923076923,xata quituquel xahauaric chiqui
50,1,0,26,quiche,qui che,TINAMIT_K'ICHE',92.3076923076923,nim vi rahauarem quiche ahau
50,1,0,27,ahauab,aha uab,RAJAWAL_XIB'ALB'A,92.3076923076923,humah enaual ahauab xma
50,1,0,39,quiche,qui che,TINAMIT_K'ICHE',92.3076923076923,yul ruq nihaibab ahau quiche
50,2,0,12,quiche,qui che,TINAMIT_K'ICHE',92.3076923076923,quiche xeqha eoxib chinamit
50,2,1,20,ahauab,aha uab,RAJAWAL_XIB'ALB'A,92.3076923076923,taxevl chic ahauab cotuha ruq
50,2,1,20,cotuha,c otuha,K'OTUJA_KQCUATRO,92.3076923076923,taxevl chic ahauab cotuha ruq
51,1,0,9,ahauab,aha uab,RAJAWAL_XIB'ALB'A,92.3076923076923,chi ahauab chi ahauab caviquib
51,1,0,11,quiche,qui che,TINAMIT_K'ICHE',92.3076923076923,cahi chiahauab ahau quiche
51,1,0,13,ahauab,aha uab,RAJAWAL_XIB'ALB'A,92.3076923076923,chirih huhun ahauab xavnabe
51,1,0,13,ahauab,aha uab,JUN_KAME'_WUQUB'_KAME',92.3076923076923,chirih huhun ahauab xavnabe
51,1,0,13,ahauab,ahau ab,JUN_KAME'_WUQUB'_KAME,92.3076923076923,chirih huhun ahauab xavnabe
51,1,0,13,ahauab,aha uab,XA_Q'ANA_JAL,92.3076923076923,chirih huhun ahauab xavnabe
51,1,1,18,ahauab,aha uab,XA_Q'ANA_JAL,92.3076923076923,v ae cute quibi ahauab chu
51,1,2,25,ahauab,aha uab,RAJAWAL_XIB'ALB'A,92.3076923076923,a re cut ahauab ri chuvach
51,1,2,25,ahauab,aha uab,JUN_KAME'_WUQUB'_KAME',92.3076923076923,a re cut ahauab ri chuvach
51,1,2,25,ahauab,ahau ab,JUN_KAME'_WUQUB'_KAME,92.3076923076923,a re cut ahauab ri chuvach
51,1,2,25,ahauab,aha uab,XA_Q'ANA_JAL,92.3076923076923,a re cut ahauab ri chuvach
51,1,2,26,ahauab,aha uab,RAJAWAL_XIB'ALB'A,92.3076923076923,caviquib beleheb chi ahauab
51,1,2,26,ahauab,aha uab,JUN_KAME'_WUQUB'_KAME',92.3076923076923,caviquib beleheb chi ahauab
51,1,2,26,ahauab,ahau ab,JUN_KAME'_WUQUB'_KAME,92.3076923076923,caviquib beleheb chi ahauab
51,1,2,26,ahauab,aha uab,XA_Q'ANA_JAL,92.3076923076923,caviquib beleheb chi ahauab
51,1,3,29,ahavab,aha vab,RAJAWAL_XIB'ALB'A,92.3076923076923,a re chicu ahavab va chu
51,1,3,33,nihaib,niha ib,NIJA'IB,92.3076923076923,chuch camha nimchocoh nihaib
51,1,3,36,ahauab,aha uab,RAJAWAL_XIB'ALB'A,92.3076923076923,beleheb cut chi ahauab chuva
51,1,3,36,ahauab,aha uab,JUN_KAME'_WUQUB'_KAME',92.3076923076923,beleheb cut chi ahauab chuva
51,1,3,36,ahauab,ahau ab,JUN_KAME'_WUQUB'_KAME,92.3076923076923,beleheb cut chi ahauab chuva
51,1,3,36,ahauab,aha uab,XA_Q'ANA_JAL,92.3076923076923,beleheb cut chi ahauab chuva
51,1,4,38,quiche,qui che,TINAMIT_K'ICHE',92.3076923076923,a re chicut ahau quiche va
51,1,4,39,ahauab,aha uab,RAJAWAL_XIB'ALB'A,92.3076923076923,vae quibi ahauab ahtzic vinac
51,1,4,39,ahauab,aha uab,JUN_KAME'_WUQUB'_KAME',92.3076923076923,vae quibi ahauab ahtzic vinac
51,1,4,39,ahauab,ahau ab,JUN_KAME'_WUQUB'_KAME,92.3076923076923,vae quibi ahauab ahtzic vinac
51,1,4,39,ahauab,aha uab,XA_Q'ANA_JAL,92.3076923076923,vae quibi ahauab ahtzic vinac
51,1,4,42,quiche,qui che,TINAMIT_K'ICHE',92.3076923076923,hauab chuvach ahau quiche
51,2,0,12,ahauab,aha uab,RAJAWAL_XIB'ALB'A,92.3076923076923,cabauil cochoch naipu ahauab
51,2,0,12,ahauab,aha uab,JUN_KAME'_WUQUB'_KAME',92.3076923076923,cabauil cochoch naipu ahauab
51,2,0,12,ahauab,ahau ab,JUN_KAME'_WUQUB'_KAME,92.3076923076923,cabauil cochoch naipu ahauab
51,2,0,12,ahauab,aha uab,XA_Q'ANA_JAL,92.3076923076923,cabauil cochoch naipu ahauab
51,2,0,20,ahauab,aha uab,RAJAWAL_XIB'ALB'A,92.3076923076923,tzih vi chiquech ahauab chi
51,2,0,24,ahauab,aha uab,RAJAWAL_XIB'ALB'A,92.3076923076923,vtabal tzih hunchi ahauab qui
51,2,0,24,ahauab,aha uab,JUN_KAME'_WUQUB'_KAME',92.3076923076923,vtabal tzih hunchi ahauab qui
51,2,0,24,ahauab,ahau ab,JUN_KAME'_WUQUB'_KAME,92.3076923076923,vtabal tzih hunchi ahauab qui
51,2,0,24,ahauab,aha uab,XA_Q'ANA_JAL,92.3076923076923,vtabal tzih hunchi ahauab qui
51,2,0,26,ahauab,aha uab,RAJAWAL_XIB'ALB'A,92.3076923076923,chinim qui ealem ahauab ni
51,2,0,26,ahauab,aha uab,JUN_KAME'_WUQUB'_KAME',92.3076923076923,chinim qui ealem ahauab ni
51,2,0,26,ahauab,ahau ab,JUN_KAME'_WUQUB'_KAME,92.3076923076923,chinim qui ealem ahauab ni
51,2,0,26,ahauab,aha uab,XA_Q'ANA_JAL,92.3076923076923,chinim qui ealem ahauab ni
51,2,0,28,ahauab,ahau ab,JUN_KAME'_WUQUB'_KAME,92.3076923076923,ralaxic ahauab rumal ral v
51,2,0,34,ahauab,aha uab,RAJAWAL_XIB'ALB'A,92.3076923076923,rumal qui naual ahauab xe
51,2,0,36,cotuha,c otuha,K'OTUJA_KQCUATRO,92.3076923076923,hau cotuha quitzih chinaual a
51,2,0,41,cumatz,cu matz,SAQIKAS,92.3076923076923,matzil quitzih chi cumatz chuxic
52,1,0,4,ahauab,aha uab,RAJAWAL_XIB'ALB'A,92.3076923076923,hel ahauab amac vqoheic naual
52,1,0,4,ahauab,aha uab,JUN_KAME'_WUQUB'_KAME',92.3076923076923,hel ahauab amac vqoheic naual
52,1,0,4,ahauab,ahau ab,JUN_KAME'_WUQUB'_KAME,92.3076923076923,hel ahauab amac vqoheic naual
52,1,0,4,ahauab,aha uab,XA_Q'ANA_JAL,92.3076923076923,hel ahauab amac vqoheic naual
52,1,0,22,ztayul,iztayul,ISTAYUL_KQCUATRO,92.3076923076923,ztayul xaqui ahauarem xu
52,2,1,30,ahauab,aha uab,RAJAWAL_XIB'ALB'A,92.3076923076923,quinaoh conohel ahauab taxel
52,2,1,30,ahauab,aha uab,JUN_KAME'_WUQUB'_KAME',92.3076923076923,quinaoh conohel ahauab taxel
52,2,1,30,ahauab,ahau ab,JUN_KAME'_WUQUB'_KAME,92.3076923076923,quinaoh conohel ahauab taxel
52,2,1,30,ahauab,aha uab,XA_Q'ANA_JAL,92.3076923076923,quinaoh conohel ahauab taxel
53,1,0,12,ah zac,ah tzac,TZ'AQOL,92.3076923076923,xayabah ah zac cabaha ah ziyaha
53,1,0,23,quiche,qui che,TINAMIT_K'ICHE',92.3076923076923,vach ahau quiche are cut qui
53,1,0,37,ahauab,ahau ab,JUN_KAME'_WUQUB'_KAME,92.3076923076923,naoh cumal ahauab ahpop ahpop
53,1,0,45,ahauab,aha uab,RAJAWAL_XIB'ALB'A,92.3076923076923,nohel ahauab taxcam quinaoh
53,1,0,45,ahauab,aha uab,JUN_KAME'_WUQUB'_KAME',92.3076923076923,nohel ahauab taxcam quinaoh
53,1,0,45,ahauab,ahau ab,JUN_KAME'_WUQUB'_KAME,92.3076923076923,nohel ahauab taxcam quinaoh
53,1,0,45,ahauab,aha uab,XA_Q'ANA_JAL,92.3076923076923,nohel ahauab taxcam quinaoh
53,1,0,45,nohel ahauab,conohel ahauab,RAJAWAL_XIB'ALB'A,92.3076923076923,nohel ahauab taxcam quinaoh
53,2,0,1,quiche,qui che,TINAMIT_K'ICHE',92.3076923076923,quiche ta xban chaponic xquicobi
53,2,3,41,quiche,qui che,TINAMIT_K'ICHE',92.3076923076923,ahau quiche tzutuha quilna cahba
53,2,3,43,ahauab,aha uab,RAJAWAL_XIB'ALB'A,92.3076923076923,abah xquihiloxic rumal ahauab
53,2,3,43,ahauab,aha uab,JUN_KAME'_WUQUB'_KAME',92.3076923076923,abah xquihiloxic rumal ahauab
53,2,3,43,ahauab,ahau ab,JUN_KAME'_WUQUB'_KAME,92.3076923076923,abah xquihiloxic rumal ahauab
53,2,3,43,ahauab,aha uab,XA_Q'ANA_JAL,92.3076923076923,abah xquihiloxic rumal ahauab
53,2,3,44,quiche,qui che,TINAMIT_K'ICHE',92.3076923076923,quiche quihilox puch rumal ro
54,1,0,6,cotuha,c otuha,K'OTUJA_KQCUATRO,92.3076923076923,ual ahau ri cucumatz cotuha na
54,1,0,7,cotuha,c otuha,K'OTUJA_KQCUATRO,92.3076923076923,ual ahau ri cucumatz cotuha na
54,1,0,14,ahauab,aha uab,RAJAWAL_XIB'ALB'A,92.3076923076923,naxa quehe e ahauab nimqui qo
54,1,0,31,ahauab,aha uab,RAJAWAL_XIB'ALB'A,92.3076923076923,heic e ahauab ruq cut mahabi
55,1,0,23,ahavab,aha vab,RAJAWAL_XIB'ALB'A,92.3076923076923,ahavab ruq quibi conohel aha
55,1,1,33,ahauab,aha uab,RAJAWAL_XIB'ALB'A,92.3076923076923,chi roquic ahauab ta choquic ta
55,1,1,33,ahauab,aha uab,JUN_KAME'_WUQUB'_KAME',92.3076923076923,chi roquic ahauab ta choquic ta
55,1,1,33,ahauab,ahau ab,JUN_KAME'_WUQUB'_KAME,92.3076923076923,chi roquic ahauab ta choquic ta
55,1,1,33,ahauab,aha uab,XA_Q'ANA_JAL,92.3076923076923,chi roquic ahauab ta choquic ta
55,1,1,34,ahauab,aha uab,RAJAWAL_XIB'ALB'A,92.3076923076923,chi camiheic hutac le chi ahauab
55,1,1,34,ahauab,aha uab,JUN_KAME'_WUQUB'_KAME',92.3076923076923,chi camiheic hutac le chi ahauab
55,1,1,34,ahauab,ahau ab,JUN_KAME'_WUQUB'_KAME,92.3076923076923,chi camiheic hutac le chi ahauab
55,1,1,34,ahauab,aha uab,XA_Q'ANA_JAL,92.3076923076923,chi camiheic hutac le chi ahauab
55,1,1,40,ahauab,aha uab,RAJAWAL_XIB'ALB'A,92.3076923076923,hunal ahauab quiche
55,1,1,40,ahauab,aha uab,JUN_KAME'_WUQUB'_KAME',92.3076923076923,hunal ahauab quiche
55,1,1,40,ahauab,ahau ab,JUN_KAME'_WUQUB'_KAME,92.3076923076923,hunal ahauab quiche
55,1,1,40,ahauab,aha uab,XA_Q'ANA_JAL,92.3076923076923,hunal ahauab quiche
55,1,5,46,c otuha,cotuha,K'OTUJA_KQCINCO,92.3076923076923,c otuha ztayub vcahle
55,1,6,47,ucumatz,cumatz,KUMATZ,92.3076923076923,c ucumatz cotuha vxe naval ahau
55,1,6,47,ucumatz,cumatz,SAQIKAS,92.3076923076923,c ucumatz cotuha vxe naval ahau
55,1,6,47,cotuha,c otuha,K'OTUJA_KQCUATRO,92.3076923076923,c ucumatz cotuha vxe naval ahau
55,2,1,2,ztayul,iztayul,ISTAYUL_KQCUATRO,92.3076923076923,t epepul ztayul chic vvac taz
55,2,5,7,quicab,qui cab,K'IKAB'_KQSIETE,92.3076923076923,v ahxaqui caam quicab cut vla
55,2,5,8,ahavab,aha vab,RAJAWAL_XIB'ALB'A,92.3076923076923,hule ahavab
55,2,6,10,ahauab,aha uab,RAJAWAL_XIB'ALB'A,92.3076923076923,lahu taz ahauab
55,2,6,10,ahauab,aha uab,JUN_KAME'_WUQUB'_KAME',92.3076923076923,lahu taz ahauab
55,2,6,10,ahauab,ahau ab,JUN_KAME'_WUQUB'_KAME,92.3076923076923,lahu taz ahauab
55,2,6,10,ahauab,aha uab,XA_Q'ANA_JAL,92.3076923076923,lahu taz ahauab
55,2,7,12,ahauab,aha uab,RAJAWAL_XIB'ALB'A,92.3076923076923,hule ahauab arecut que aha
55,2,7,12,ahauab,aha uab,JUN_KAME'_WUQUB'_KAME',92.3076923076923,hule ahauab arecut que aha
55,2,7,12,ahauab,ahau ab,JUN_KAME'_WUQUB'_KAME,92.3076923076923,hule ahauab arecut que aha
55,2,7,12,ahauab,aha uab,XA_Q'ANA_JAL,92.3076923076923,hule ahauab arecut que aha
55,2,9,20,ahauab,aha uab,RAJAWAL_XIB'ALB'A,92.3076923076923,cablahu le ahauab eqahola
55,2,9,20,ahauab,aha uab,JUN_KAME'_WUQUB'_KAME',92.3076923076923,cablahu le ahauab eqahola
55,2,9,20,ahauab,ahau ab,JUN_KAME'_WUQUB'_KAME,92.3076923076923,cablahu le ahauab eqahola
55,2,9,20,ahauab,aha uab,XA_Q'ANA_JAL,92.3076923076923,cablahu le ahauab eqahola
55,2,10,24,quiche,qui che,TINAMIT_K'ICHE',92.3076923076923,vach caviquib quiche are chi xchi
56,1,5,9,c otuha,cotuha,K'OTUJA_KQCUATRO,92.3076923076923,c otuha ro le ahau
56,1,5,9,c otuha,cotuha,K'OTUJA_KQCINCO,92.3076923076923,c otuha ro le ahau
56,1,8,12,c otuha,cotuha,K'OTUJA_KQCUATRO,92.3076923076923,c otuha chivi v vahxac taz aha
56,1,8,12,c otuha,cotuha,K'OTUJA_KQCINCO,92.3076923076923,c otuha chivi v vahxac taz aha
56,1,11,16,cotuha,c otuha,K'OTUJA_KQCUATRO,92.3076923076923,a hau cotuha vhulahu le
56,1,14,22,ahavab,aha vab,RAJAWAL_XIB'ALB'A,92.3076923076923,a re curi chi ronobel ahavab
56,1,19,28,v chuch,vchuch,ALOM,92.3076923076923,v chuch camha hun vnim ha
56,1,19,28,v chuch,vchuch,IXMUKANE,92.3076923076923,v chuch camha hun vnim ha
56,1,21,30,nihaib,niha ib,NIJA'IB,92.3076923076923,n im chocoh nihaib hun vnim ha
56,1,24,37,ahauab,aha uab,RAJAWAL_XIB'ALB'A,92.3076923076923,hun chique ahauab are vnabe
56,1,24,37,ahauab,aha uab,JUN_KAME'_WUQUB'_KAME',92.3076923076923,hun chique ahauab are vnabe
56,1,24,37,ahauab,ahau ab,JUN_KAME'_WUQUB'_KAME,92.3076923076923,hun chique ahauab are vnabe
56,1,24,37,ahauab,aha uab,XA_Q'ANA_JAL,92.3076923076923,hun chique ahauab are vnabe
56,1,25,39,qui che,quiche,TINAMIT_K'ICHE',92.3076923076923,a re chicut rech ahau qui che
56,1,25,39,qui che,quiche,OXIB_RI_NIM_JA,92.3076923076923,a re chicut rech ahau qui che
56,1,25,40,vcahau,v cahau,KUCHUMA_KIK',92.3076923076923,va vmam vcahau
56,2,5,6,ahauab,aha uab,RAJAWAL_XIB'ALB'A,92.3076923076923,a recut ahauab ri chuvach
56,2,5,6,ahauab,aha uab,JUN_KAME'_WUQUB'_KAME',92.3076923076923,a recut ahauab ri chuvach
56,2,5,6,ahauab,ahau ab,JUN_KAME'_WUQUB'_KAME,92.3076923076923,a recut ahauab ri chuvach
56,2,5,6,ahauab,aha uab,XA_Q'ANA_JAL,92.3076923076923,a recut ahauab ri chuvach
56,2,5,7,quiche,qui che,TINAMIT_K'ICHE',92.3076923076923,ahau quiche are vleel vtazel
56,2,5,8,ahauab,aha uab,RAJAWAL_XIB'ALB'A,92.3076923076923,puch arecut vbi ahauab va
56,2,5,8,ahauab,aha uab,JUN_KAME'_WUQUB'_KAME',92.3076923076923,puch arecut vbi ahauab va
56,2,5,8,ahauab,ahau ab,JUN_KAME'_WUQUB'_KAME,92.3076923076923,puch arecut vbi ahauab va
56,2,5,8,ahauab,aha uab,XA_Q'ANA_JAL,92.3076923076923,puch arecut vbi ahauab va
56,2,9,19,quiche,qui che,TINAMIT_K'ICHE',92.3076923076923,chuvach ahau quiche
56,2,10,22,ahavab,aha vab,RAJAWAL_XIB'ALB'A,92.3076923076923,nohel ahavab quiche xahun
56,2,10,23,chiqui,chiquic,KIK',92.3076923076923,chiqui cuch vi quib e oxib chic
56,2,10,25,evcahau,vcahau,K'AJOLOM,92.3076923076923,evcahau tzih nim zcaquin vqo
56,2,10,25,evcahau,vcahau,KUCHUMA_KIK',92.3076923076923,evcahau tzih nim zcaquin vqo
56,2,10,25,evcahau,vcahau,KAWEQ,92.3076923076923,evcahau tzih nim zcaquin vqo
56,2,11,29,quiche,qui che,TINAMIT_K'ICHE',92.3076923076923,ch ahau quiche rox nim chocoh
56,2,11,34,ahauab,aha uab,RAJAWAL_XIB'ALB'A,92.3076923076923,mal ahauab zachinac chic xere
56,2,11,34,ahauab,aha uab,JUN_KAME'_WUQUB'_KAME',92.3076923076923,mal ahauab zachinac chic xere
56,2,11,34,ahauab,ahau ab,JUN_KAME'_WUQUB'_KAME,92.3076923076923,mal ahauab zachinac chic xere
56,2,11,34,ahauab,aha uab,XA_Q'ANA_JAL,92.3076923076923,mal ahauab zachinac chic xere
53,2,2,15,lel ah tzic vinac,ea lel ah tzic vinac,AJTZIK_WINAQ,91.89189189189189,lel ah tzic vinac xoc queealem ro
7,1,0,14,e caib qaxtoq,caib qaxtoq,KA'IB'_K'AJOLAB',91.66666666666666,qui pa ri ri e caib qaxtoq mi
10,2,1,44,cab v qahol,v cab v qahol,KAB'RAQAN,91.66666666666666,cab v qahol vvcub caquix cab
47,2,0,9,vnabe vqahol,v nabe qahol,SIPAKNA,91.66666666666666,vnabe vqahol qoacutec chucha
47,2,0,10,vcab vqahol,v cab v qahol,KAB'RAQAN,91.66666666666666,x chic vcab vqahol balam a
48,2,0,6,ahau quiche,ahauab quiche,TINAMIT_K'ICHE',91.66666666666666,cutah rech ahau quiche are
49,2,1,22,ahau quiche,ahauab quiche,TINAMIT_K'ICHE',91.66666666666666,hun rech ahau quiche xaqui
50,1,0,39,ahau quiche,ahauab quiche,TINAMIT_K'ICHE',91.66666666666666,yul ruq nihaibab ahau quiche
50,2,1,20,ahauab cotuha,ahau cotuha,K'OTUJA_KQCUATRO,91.66666666666666,taxevl chic ahauab cotuha ruq
51,1,0,11,ahau quiche,ahauab quiche,TINAMIT_K'ICHE',91.66666666666666,cahi chiahauab ahau quiche
51,1,3,33,chuch camha,vchuch cam ha,UCHUCH_K'AMJA,91.66666666666666,chuch camha nimchocoh nihaib
51,1,4,38,ahau quiche,ahauab quiche,TINAMIT_K'ICHE',91.66666666666666,a re chicut ahau quiche va
51,1,4,42,ahau quiche,ahauab quiche,TINAMIT_K'ICHE',91.66666666666666,hauab chuvach ahau quiche
53,1,0,23,ahau quiche,ahauab quiche,TINAMIT_K'ICHE',91.66666666666666,vach ahau quiche are cut qui
53,2,3,41,ahau quiche,ahauab quiche,TINAMIT_K'ICHE',91.66666666666666,ahau quiche tzutuha quilna cahba
55,1,1,40,ahauab quiche,ahau quiche,AJAW_K'ICHE',91.66666666666666,hunal ahauab quiche
56,2,5,7,ahau quiche,ahauab quiche,TINAMIT_K'ICHE',91.66666666666666,ahau quiche are vleel vtazel
56,2,9,19,ahau quiche,ahauab quiche,TINAMIT_K'ICHE',91.66666666666666,chuvach ahau quiche
56,2,11,29,ahau quiche,ahauab quiche,TINAMIT_K'ICHE',91.66666666666666,ch ahau quiche rox nim chocoh
1,1,1,41,vchuch,chuch,IXMUKANE,90.9090909090909,vchuch vcahau qazlem vi
1,1,1,41,vchuch,chuch,IXKIK',90.9090909090909,vchuch vcahau qazlem vi
1,1,1,41,vchuch,chuch,XA_Q'ANA_JAL,90.9090909090909,vchuch vcahau qazlem vi
1,1,1,41,vchuch,chuch,IXOQ_AJAWAB',90.9090909090909,vchuch vcahau qazlem vi
1,1,1,41,vcahau,cahau,XPIYAKOK,90.9090909090909,vchuch vcahau qazlem vi
1,1,1,41,vcahau,cahau,JUN_JUNAJPU,90.9090909090909,vchuch vcahau qazlem vi
1,1,1,41,vcahau,cahau,XA_Q'ANA_JAL,90.9090909090909,vchuch vcahau qazlem vi
1,1,1,41,vcahau,cahau,K'O'AJAW_AKDOS,90.9090909090909,vchuch vcahau qazlem vi
1,1,1,45,qahol,vqahol,KA'IB'_K'AJOLAB',90.9090909090909,quil al zaquil qahol ah
1,2,1,3,chamam,camam,SAQI_NIM_AQ_SIS,90.9090909090909,cacatzinin oc caca chamam oc
1,2,1,3,chamam,camam,XA_Q'ANA_JAL,90.9090909090909,cacatzinin oc caca chamam oc
1,2,2,29,quehe,queche,TINAMIT_K'ICHE',90.9090909090909,naoh chiqui qoheic quehe
1,2,2,30,ri cah,ri ah,AJ,90.9090909090909,cut xax qo vi ri cah qonaipu
2,1,0,29,quehe,queche,TINAMIT_K'ICHE',90.9090909090909,quehe cut xquicot vi ri qu
2,1,0,39,quehe,queche,TINAMIT_K'ICHE',90.9090909090909,ic nimac huyub quehe cut
2,1,0,44,ri cah,ri ah,AJ,90.9090909090909,vi ri cah xcolo nai puch v
2,1,0,45,quehe,queche,TINAMIT_K'ICHE',90.9090909090909,leuh chupan ha quehe cut
2,2,1,7,cacha,cacaha,XA_Q'ANA_JAL,90.9090909090909,am cacha ri alom qaholom
2,2,1,29,quehe,queche,TINAMIT_K'ICHE',90.9090909090909,quehe cut cochoch vi chicop
2,2,2,41,ca bi,ca bix,AB'IX,90.9090909090909,cumatz chibihnacut ri ca bi
2,2,2,42,ichuch,chuch,IXMUKANE,90.9090909090909,cohicaharizah oh ichuch oh
2,2,2,42,ichuch,chuch,IXKIK',90.9090909090909,cohicaharizah oh ichuch oh
2,2,2,42,ichuch,chuch,XA_Q'ANA_JAL,90.9090909090909,cohicaharizah oh ichuch oh
2,2,2,42,ichuch,chuch,IXOQ_AJAWAB',90.9090909090909,cohicaharizah oh ichuch oh
2,2,2,43,icahau,cahau,XPIYAKOK,90.9090909090909,icahau quiqha va na cut hu
2,2,2,43,icahau,cahau,JUN_JUNAJPU,90.9090909090909,icahau quiqha va na cut hu
2,2,2,43,icahau,cahau,XA_Q'ANA_JAL,90.9090909090909,icahau quiqha va na cut hu
2,2,2,43,icahau,cahau,K'O'AJAW_AKDOS,90.9090909090909,icahau quiqha va na cut hu
2,2,2,46,qahol,vqahol,KA'IB'_K'AJOLAB',90.9090909090909,uh tzacol bitol alom qahol
3,1,0,7,quibeh,quieh,KEJ,90.9090909090909,quibeh chi qui huhunal ta xqui
3,1,0,11,bixic,abixic,AB'IX,90.9090909090909,bixic cabi rumal oh cah tzac
3,1,0,14,holom,vholom,JUNAJPU,90.9090909090909,holom xevqhax cut xa
3,1,0,14,holom,vholom,JUN_JUNAJPU,90.9090909090909,holom xevqhax cut xa
3,1,0,22,ziqui,ziquin,TZ'IKIN,90.9090909090909,ix ziqui que ca qo couilo qui
3,1,0,24,patan,pa tan,PATAN,90.9090909090909,xa chicam i patan y xa i tiohil
3,1,0,24,tiohil,tohil,TOJIL,90.9090909090909,xa chicam i patan y xa i tiohil
3,1,0,35,quehe,queche,TINAMIT_K'ICHE',90.9090909090909,puch quehe cut xechacatah
3,2,0,10,vholo,vholom,JUNAJPU,90.9090909090909,vmaric maui chicolol vholo
3,2,0,10,vholo,vholom,JUN_JUNAJPU,90.9090909090909,vmaric maui chicolol vholo
3,2,0,23,quech,queche,TINAMIT_K'ICHE',90.9090909090909,nauachir ta vi quihiloy quech
3,2,0,24,ziqui,ziquin,TZ'IKIN,90.9090909090909,ziqui quech xecha ta xqui
3,2,0,24,quech,queche,TINAMIT_K'ICHE',90.9090909090909,ziqui quech xecha ta xqui
3,2,1,39,ah bit,ahbit,B'ITOL,90.9090909090909,ch ahquih ah bit enic vachi
3,2,1,45,catit,ca tit,IXMUKANE,90.9090909090909,catit camam xpiyacoc xmuca
3,2,1,45,camam,ca mam,SAQI_NIM_AQ_SIS,90.9090909090909,catit camam xpiyacoc xmuca
3,2,1,45,camam,ca mam,XA_Q'ANA_JAL,90.9090909090909,catit camam xpiyacoc xmuca
3,2,1,46,chatah,chaah,CHAAJ,90.9090909090909,ne chatah ta chavaxoc ta zaqui
4,1,0,20,ahbit,ah bit,B'ITOL,90.9090909090909,ahbit chi racan xmucane vbi
4,1,0,26,ahbit,ah bit,IXMUKANE,90.9090909090909,puch cumal ahtzac ahbit
4,2,0,2,quehe,queche,TINAMIT_K'ICHE',90.9090909090909,qux cah quehe cut xepah chivi
4,2,0,11,quehe,queche,TINAMIT_K'ICHE',90.9090909090909,ioh quitiohil quehe cut maui
4,2,0,13,quech,queche,TINAMIT_K'ICHE',90.9090909090909,tol alai quech quxlaai quech
4,2,1,28,quech,queche,TINAMIT_K'ICHE',90.9090909090909,vinaquirizay quech quehe
4,2,1,28,quehe,queche,TINAMIT_K'ICHE',90.9090909090909,vinaquirizay quech quehe
4,2,1,40,chuch,vchuch,IXMUKANE,90.9090909090909,qui chuch chuvach puch qui
4,2,1,41,cahau,ca hau,JUN_JUNAJPU,90.9090909090909,cahau ri vqux cah huracan
4,2,1,41,cahau,vcahau,KUCHUMA_KIK',90.9090909090909,cahau ri vqux cah huracan
4,2,1,41,cahau,vcahau,KAWEQ,90.9090909090909,cahau ri vqux cah huracan
4,2,1,41,cahau,coahau,K'O'AJAW_AKDOS,90.9090909090909,cahau ri vqux cah huracan
5,1,0,15,tiohil,tohil,TOJIL,90.9090909090909,puch i tiohil xqhari qui
5,1,0,42,holom,vholom,JUNAJPU,90.9090909090909,holom cax xban chique
5,1,0,42,holom,vholom,JUN_JUNAJPU,90.9090909090909,holom cax xban chique
5,2,0,11,ahbit,ah bit,IXMUKANE,90.9090909090909,tzac ahbit arecuri qoy que
5,2,1,37,quehe,queche,TINAMIT_K'ICHE',90.9090909090909,chuvach nu calibal quehe
5,2,1,39,qahol,vqahol,KA'IB'_K'AJOLAB',90.9090909090909,mal zaquil al zaquil qahol
6,1,0,4,quehe,queche,TINAMIT_K'ICHE',90.9090909090909,quehe cut cucobizah vi rib ri
6,1,0,10,quehe,queche,TINAMIT_K'ICHE',90.9090909090909,che quehe cut xchicabih chic
6,1,0,13,ahbit,ah bit,IXMUKANE,90.9090909090909,nac rumal ahtzac ahbit
6,1,1,24,quehe,queche,TINAMIT_K'ICHE',90.9090909090909,chuvach vleu quehe cut
6,1,1,26,chica v vbah,chicavvbah,WUB,90.9090909090909,cha chica v vbah vi chiri
6,1,1,40,chuch,ichuch,ALOM,90.9090909090909,qui chuch rixoquil ri v
6,2,0,5,quehe,queche,TINAMIT_K'ICHE',90.9090909090909,huyub rumal xaui quehe
6,2,0,7,vqahol,qahol,K'AJOLOM,90.9090909090909,no vqahol vvcub caquix
6,2,0,7,vqahol,qahol,TAMASUL,90.9090909090909,no vqahol vvcub caquix
6,2,0,13,vqahol,qahol,K'AJOLOM,90.9090909090909,xavi vqahol vvcub caquix
6,2,0,13,vqahol,qahol,TAMASUL,90.9090909090909,xavi vqahol vvcub caquix
6,2,0,15,cahau,vcahau,K'AJOLOM,90.9090909090909,nimal chirih qui cahau are
6,2,0,15,cahau,ca hau,JUN_JUNAJPU,90.9090909090909,nimal chirih qui cahau are
6,2,0,15,cahau,vcahau,KUCHUMA_KIK',90.9090909090909,nimal chirih qui cahau are
6,2,0,15,cahau,vcahau,KAWEQ,90.9090909090909,nimal chirih qui cahau are
6,2,0,15,cahau,coahau,K'O'AJAW_AKDOS,90.9090909090909,nimal chirih qui cahau are
6,2,0,16,xquil,xoquil,IXOQ_AJAWAB',90.9090909090909,cut itzel xquil vi qaholab
6,2,0,18,chuch,ichuch,ALOM,90.9090909090909,chuch canabe cahau quehe
6,2,0,18,chuch,vchuch,IXMUKANE,90.9090909090909,chuch canabe cahau quehe
6,2,0,18,cahau,vcahau,K'AJOLOM,90.9090909090909,chuch canabe cahau quehe
6,2,0,18,cahau,ca hau,JUN_JUNAJPU,90.9090909090909,chuch canabe cahau quehe
6,2,0,18,cahau,vcahau,KUCHUMA_KIK',90.9090909090909,chuch canabe cahau quehe
6,2,0,18,cahau,vcahau,KAWEQ,90.9090909090909,chuch canabe cahau quehe
6,2,0,18,cahau,coahau,K'O'AJAW_AKDOS,90.9090909090909,chuch canabe cahau quehe
6,2,0,18,quehe,queche,TINAMIT_K'ICHE',90.9090909090909,chuch canabe cahau quehe
7,1,0,39,chuch,ichuch,ALOM,90.9090909090909,qui chuch qui cahau quehe
7,1,0,39,chuch,vchuch,IXMUKANE,90.9090909090909,qui chuch qui cahau quehe
7,1,0,39,cahau,vcahau,K'AJOLOM,90.9090909090909,qui chuch qui cahau quehe
7,1,0,39,cahau,ca hau,JUN_JUNAJPU,90.9090909090909,qui chuch qui cahau quehe
7,1,0,39,cahau,vcahau,KUCHUMA_KIK',90.9090909090909,qui chuch qui cahau quehe
7,1,0,39,cahau,vcahau,KAWEQ,90.9090909090909,qui chuch qui cahau quehe
7,1,0,39,cahau,coahau,K'O'AJAW_AKDOS,90.9090909090909,qui chuch qui cahau quehe
7,1,0,47,ib qaholab,caib qaholab,KA'IB'_K'AJOLAB',90.9090909090909,ib qaholab vtz bala xeqha
7,2,0,5,ib qaholab,caib qaholab,KA'IB'_K'AJOLAB',90.9090909090909,ib qaholab chiquih ta xei
7,2,0,11,camam,ca mam,XA_Q'ANA_JAL,90.9090909090909,camam xqha curi ahau xa
7,2,0,36,quehe,queche,TINAMIT_K'ICHE',90.9090909090909,quehe ta cut chitocobah vi nu
8,1,0,2,xoquic,xquic,IXKIK',90.9090909090909,vquexel re xoquic xa chi cu
8,1,0,16,quehe,queche,TINAMIT_K'ICHE',90.9090909090909,xoquil vvcub caquix quehe
8,1,1,41,qahol,vqahol,KA'IB'_K'AJOLAB',90.9090909090909,pacna v nabe qahol vvcub
8,1,1,41,nabe qahol,v nabe qahol,SIPAKNA,90.9090909090909,pacna v nabe qahol vvcub
8,1,1,44,chuchi,chuch,ALOM,90.9090909090909,na catinic chuchi ha ta xe
8,1,1,44,chuchi,chuch,IXMUKANE,90.9090909090909,na catinic chuchi ha ta xe
8,1,1,44,chuchi,chuch,IXKIK',90.9090909090909,na catinic chuchi ha ta xe
8,1,1,44,chuchi,chuch,XA_Q'ANA_JAL,90.9090909090909,na catinic chuchi ha ta xe
8,1,1,44,chuchi,chuch,IXOQ_AJAWAB',90.9090909090909,na catinic chuchi ha ta xe
8,2,0,10,chuchi,chuch,ALOM,90.9090909090909,acanoc chuchi qui cabal omuch
8,2,0,10,chuchi,chuch,IXMUKANE,90.9090909090909,acanoc chuchi qui cabal omuch
8,2,0,10,chuchi,chuch,IXKIK',90.9090909090909,acanoc chuchi qui cabal omuch
8,2,0,10,chuchi,chuch,XA_Q'ANA_JAL,90.9090909090909,acanoc chuchi qui cabal omuch
8,2,0,10,chuchi,chuch,IXOQ_AJAWAB',90.9090909090909,acanoc chuchi qui cabal omuch
8,2,0,12,achuch,chuch,ALOM,90.9090909090909,at qahol qo pa achuch acahau
8,2,0,12,achuch,chuch,IXMUKANE,90.9090909090909,at qahol qo pa achuch acahau
8,2,0,12,achuch,chuch,IXKIK',90.9090909090909,at qahol qo pa achuch acahau
8,2,0,12,achuch,chuch,IXOQ_AJAWAB',90.9090909090909,at qahol qo pa achuch acahau
8,2,0,12,acahau,cahau,K'AJOLOM,90.9090909090909,at qahol qo pa achuch acahau
8,2,0,12,acahau,cahau,XPIYAKOK,90.9090909090909,at qahol qo pa achuch acahau
8,2,0,12,acahau,cahau,K'O'AJAW_AKDOS,90.9090909090909,at qahol qo pa achuch acahau
9,1,0,10,ziqui,ziquin,TZ'IKIN,90.9090909090909,vmal mapa qui ta nu ziqui
9,1,0,42,zanic,zuanic,SU',90.9090909090909,pe zanic pu vleu ta chuin oc
9,2,0,1,zanic,zuanic,SU',90.9090909090909,puch ta xtubuquih zanic quebi
9,2,0,5,xquil,xoquil,IXOQ_AJAWAB',90.9090909090909,zipacna ta xquil curi qaholab
9,2,0,7,zanic,zuanic,SU',90.9090909090909,na zanic mixeculun vloc mi
9,2,0,13,zanic,zuanic,SU',90.9090909090909,cuya vla chiquech ri zanic que
9,2,0,26,vqahol,qahol,K'AJOLOM,90.9090909090909,mal zipacna vqahol ri vv
9,2,0,26,vqahol,qahol,TAMASUL,90.9090909090909,mal zipacna vqahol ri vv
9,2,0,27,quehe,queche,TINAMIT_K'ICHE',90.9090909090909,cub caquix quehe cut qui
10,1,0,6,pa hac,pa ha,B'ALAM_JA,90.9090909090909,are v xul tap xuxic pa hac
10,1,0,6,pa hac,pa ha,SOTZ'I_JA,90.9090909090909,are v xul tap xuxic pa hac
10,1,0,14,xquicu,xquic,IXKIK',90.9090909090909,xquicu ri zipacna chiya a
10,1,0,15,qahol,vqahol,KA'IB'_K'AJOLAB',90.9090909090909,pa catbe vi at qahol xcha
10,2,0,33,quehe,queche,TINAMIT_K'ICHE',90.9090909090909,ri zipacna quehe vchacata
10,2,0,37,qahol,vqahol,KA'IB'_K'AJOLAB',90.9090909090909,xic oher v nabe qahol vvc
10,2,1,44,qahol,vqahol,KA'IB'_K'AJOLAB',90.9090909090909,cab v qahol vvcub caquix cab
11,1,0,4,qahol,vqahol,KA'IB'_K'AJOLAB',90.9090909090909,qahol vvcub caquix hunchic
11,1,0,9,quehe,queche,TINAMIT_K'ICHE',90.9090909090909,quehe chuxic chibochih cu vbic
11,1,0,22,qahol,vqahol,KA'IB'_K'AJOLAB',90.9090909090909,apa cat be vi at qahol xeqha chi
11,1,0,33,quech,queche,TINAMIT_K'ICHE',90.9090909090909,naquila quech at qahol xa
11,1,0,33,qahol,vqahol,KA'IB'_K'AJOLAB',90.9090909090909,naquila quech at qahol xa
11,1,0,35,qahol,vqahol,KA'IB'_K'AJOLAB',90.9090909090909,bec at qahol are curi hun ni
11,1,0,41,qahol,vqahol,KA'IB'_K'AJOLAB',90.9090909090909,vach at qahol ve cut quitzih
11,2,0,22,quehe,queche,TINAMIT_K'ICHE',90.9090909090909,leu chicatzac vi quehe cut pu
12,1,1,20,cahau,vcahau,K'AJOLOM,90.9090909090909,bi qui cahau ri hun ahpu xbalan
12,1,1,20,cahau,ca hau,JUN_JUNAJPU,90.9090909090909,bi qui cahau ri hun ahpu xbalan
12,1,1,20,cahau,vcahau,KUCHUMA_KIK',90.9090909090909,bi qui cahau ri hun ahpu xbalan
12,1,1,20,cahau,vcahau,KAWEQ,90.9090909090909,bi qui cahau ri hun ahpu xbalan
12,1,1,20,cahau,coahau,K'O'AJAW_AKDOS,90.9090909090909,bi qui cahau ri hun ahpu xbalan
12,1,1,25,bixic,abixic,AB'IX,90.9090909090909,bixic quicahau
12,1,2,28,cahau,vcahau,K'AJOLOM,90.9090909090909,cut qui cahau ri xpiyacoc xmu
12,1,2,28,cahau,ca hau,JUN_JUNAJPU,90.9090909090909,cut qui cahau ri xpiyacoc xmu
12,1,2,28,cahau,vcahau,KUCHUMA_KIK',90.9090909090909,cut qui cahau ri xpiyacoc xmu
12,1,2,28,cahau,vcahau,KAWEQ,90.9090909090909,cut qui cahau ri xpiyacoc xmu
12,1,2,28,cahau,coahau,K'O'AJAW_AKDOS,90.9090909090909,cut qui cahau ri xpiyacoc xmu
12,1,2,32,hunhunahpu e,hunhunahpu,JUNAJPU,90.9090909090909,cane are curi hunhunahpu e
12,1,2,34,qahol,vqahol,KA'IB'_K'AJOLAB',90.9090909090909,qahol hun batz vbi nabe al hun
12,1,2,36,chuch,ichuch,ALOM,90.9090909090909,cut vbi qui chuch va xbaqui
12,1,2,36,chuch,vchuch,IXMUKANE,90.9090909090909,cut vbi qui chuch va xbaqui
12,1,2,40,qahol,vqahol,KA'IB'_K'AJOLAB',90.9090909090909,quel xapu vcab xa qahol vqo
12,2,0,9,raxa cacul,raxa caculha,RAXA_KAQULJA,90.9090909090909,can chi chipi caculha raxa cacul
12,2,0,12,balba,xbalba,XIB'ALB'A,90.9090909090909,balba chire libah chi chopon chic
12,2,0,15,chuch,ichuch,ALOM,90.9090909090909,ca cut qui chuch ri hun batz hun
12,2,0,15,chuch,vchuch,IXMUKANE,90.9090909090909,ca cut qui chuch ri hun batz hun
12,2,0,30,vpatan,patan,PATAN,90.9090909090909,nohel yaol vpatan rahauarem
12,2,0,47,vpatan,patan,PATAN,90.9090909090909,pan chicamouic are vpatan vi cha
13,1,0,10,cahaua,cahau,K'AJOLOM,90.9090909090909,ahau xic patan quibi are cahaua
13,1,0,10,cahaua,cahau,XPIYAKOK,90.9090909090909,ahau xic patan quibi are cahaua
13,1,0,10,cahaua,cahau,JUN_JUNAJPU,90.9090909090909,ahau xic patan quibi are cahaua
13,1,0,10,cahaua,cahau,XA_Q'ANA_JAL,90.9090909090909,ahau xic patan quibi are cahaua
13,1,0,10,cahaua,cahau,K'O'AJAW_AKDOS,90.9090909090909,ahau xic patan quibi are cahaua
13,1,0,26,quica,quicab,K'IKAB'_KQSIETE,90.9090909090909,vach vach zot puch quica uu
13,1,0,31,vqahol,qahol,K'AJOLOM,90.9090909090909,uen vqahol hun hunahpu xca
13,1,0,31,vqahol,qahol,TAMASUL,90.9090909090909,uen vqahol hun hunahpu xca
13,1,0,32,chuch,ichuch,ALOM,90.9090909090909,minac oc qui chuch cachui chic
13,1,0,32,chuch,vchuch,IXMUKANE,90.9090909090909,minac oc qui chuch cachui chic
13,1,1,44,quehe,queche,TINAMIT_K'ICHE',90.9090909090909,tzih cacamaihah qui chi quehe
13,2,0,12,holom,vholom,JUNAJPU,90.9090909090909,holom tucur xa vtuquel vholom
13,2,0,12,holom,vholom,JUN_JUNAJPU,90.9090909090909,holom tucur xa vtuquel vholom
13,2,0,14,rahpop,ahpop,AJPOP,90.9090909090909,e cahib ri zamahel rahpop achi
13,2,0,24,holom,vholom,JUNAJPU,90.9090909090909,chamia bac chamia holom xi
13,2,0,24,holom,vholom,JUN_JUNAJPU,90.9090909090909,chamia bac chamia holom xi
13,2,0,34,chuch,ichuch,ALOM,90.9090909090909,ohna capixabah canna ca chuch
13,2,0,34,chuch,vchuch,IXMUKANE,90.9090909090909,ohna capixabah canna ca chuch
13,2,0,36,chuch,ichuch,ALOM,90.9090909090909,xeqha cut chire qui chuch xca
13,2,0,36,chuch,vchuch,IXMUKANE,90.9090909090909,xeqha cut chire qui chuch xca
13,2,0,37,cahau,vcahau,K'AJOLOM,90.9090909090909,minac oc qui cahau hona ixca
13,2,0,37,cahau,vcahau,KUCHUMA_KIK',90.9090909090909,minac oc qui cahau hona ixca
13,2,0,37,cahau,vcahau,KAWEQ,90.9090909090909,minac oc qui cahau hona ixca
13,2,0,37,cahau,coahau,K'O'AJAW_AKDOS,90.9090909090909,minac oc qui cahau hona ixca
13,2,0,38,chuch,ichuch,ALOM,90.9090909090909,chuch xa et culic mi xul v zama
13,2,0,38,chuch,vchuch,IXMUKANE,90.9090909090909,chuch xa et culic mi xul v zama
13,2,0,40,tacol,tzacol,TZ'AQOL,90.9090909090909,caqha cut queqha tacol que x
14,1,0,3,chuch,ichuch,ALOM,90.9090909090909,quz cut choc qui chuch ri xmu
14,1,0,3,chuch,vchuch,IXMUKANE,90.9090909090909,quz cut choc qui chuch ri xmu
14,1,1,10,beal xibalba,be xibalba,Q'EQA_B'E,90.9090909090909,cut pu beal xibalba xuluxuh
14,1,1,35,balba,xbalba,XIB'ALB'A,90.9090909090909,balba are cut nabe xquiqui
14,2,0,19,balba,xbalba,XIB'ALB'A,90.9090909090909,balba xa quecapuzu chuec xa
15,1,0,9,tzotzi,tzotz,SOTZ,90.9090909090909,pim balam pa ha tzotzi ha vbi v
15,1,0,47,holom,vholom,JUNAJPU,90.9090909090909,holom hunhunahpu xahunam
15,2,0,6,balba,xbalba,XIB'ALB'A,90.9090909090909,balba chiquibil quib maco machu
15,2,0,11,holom,vholom,JUNAJPU,90.9090909090909,holom hun hunahpu xa hunama
15,2,1,16,capoh,ca poh,IXKIK',90.9090909090909,v a chi cute vtzihoxic hun capoh
15,2,2,19,capoh,ca poh,IXKIK',90.9090909090909,a re cut ta xuta hun capoh vme
15,2,2,21,cahau,vcahau,K'AJOLOM,90.9090909090909,cahau xquic cut vbi ri capoh ta
15,2,2,21,cahau,ca hau,JUN_JUNAJPU,90.9090909090909,cahau xquic cut vbi ri capoh ta
15,2,2,21,cahau,vcahau,KUCHUMA_KIK',90.9090909090909,cahau xquic cut vbi ri capoh ta
15,2,2,21,cahau,vcahau,KAWEQ,90.9090909090909,cahau xquic cut vbi ri capoh ta
15,2,2,21,cahau,coahau,K'O'AJAW_AKDOS,90.9090909090909,cahau xquic cut vbi ri capoh ta
15,2,2,23,vcahau,cahau,K'AJOLOM,90.9090909090909,ta chitzihox chic rumal vcahau
15,2,2,23,vcahau,cahau,XPIYAKOK,90.9090909090909,ta chitzihox chic rumal vcahau
15,2,2,23,vcahau,cahau,JUN_JUNAJPU,90.9090909090909,ta chitzihox chic rumal vcahau
15,2,2,23,vcahau,cahau,XA_Q'ANA_JAL,90.9090909090909,ta chitzihox chic rumal vcahau
15,2,2,23,vcahau,cahau,K'O'AJAW_AKDOS,90.9090909090909,ta chitzihox chic rumal vcahau
15,2,2,26,cacha,cacaha,XA_Q'ANA_JAL,90.9090909090909,tzih quz vvach cacha canutao x
16,1,0,3,holom,vholom,JUNAJPU,90.9090909090909,holom mahabi cachocon chivi xa
16,1,0,3,holom,vholom,JUN_JUNAJPU,90.9090909090909,holom mahabi cachocon chivi xa
16,1,0,8,quehe,queche,TINAMIT_K'ICHE',90.9090909090909,rumal vbaquil quehe cut xa
16,1,0,9,vqahol,qahol,K'AJOLOM,90.9090909090909,vqahol quehe ri vchub vcaxah
16,1,0,9,vqahol,qahol,TAMASUL,90.9090909090909,vqahol quehe ri vchub vcaxah
16,1,0,10,vqahol,qahol,K'AJOLOM,90.9090909090909,vqoheic ve vqahol ahau ve puch
16,1,0,10,vqahol,qahol,TAMASUL,90.9090909090909,vqoheic ve vqahol ahau ve puch
16,1,0,11,vqahol,qahol,K'AJOLOM,90.9090909090909,vqahol naol ahuchan xma chi
16,1,0,11,vqahol,qahol,TAMASUL,90.9090909090909,vqahol naol ahuchan xma chi
16,1,0,15,vqahol,qahol,K'AJOLOM,90.9090909090909,xichicanahic vmial vqahol
16,1,0,15,vqahol,qahol,TAMASUL,90.9090909090909,xichicanahic vmial vqahol
16,1,0,24,quehe,queche,TINAMIT_K'ICHE',90.9090909090909,quehe cu vtzalihic chic capoh
16,1,0,32,vcahau,cahau,K'AJOLOM,90.9090909090909,vcahau ri cuchumaquic vbi v
16,1,0,32,vcahau,cahau,XPIYAKOK,90.9090909090909,vcahau ri cuchumaquic vbi v
16,1,0,32,vcahau,cahau,JUN_JUNAJPU,90.9090909090909,vcahau ri cuchumaquic vbi v
16,1,0,32,vcahau,cahau,XA_Q'ANA_JAL,90.9090909090909,vcahau ri cuchumaquic vbi v
16,1,0,32,vcahau,cahau,K'O'AJAW_AKDOS,90.9090909090909,vcahau ri cuchumaquic vbi v
16,1,0,33,cahau,vcahau,K'AJOLOM,90.9090909090909,cahau
16,1,0,33,cahau,ca hau,JUN_JUNAJPU,90.9090909090909,cahau
16,1,0,33,cahau,vcahau,KUCHUMA_KIK',90.9090909090909,cahau
16,1,0,33,cahau,vcahau,KAWEQ,90.9090909090909,cahau
16,1,0,33,cahau,coahau,K'O'AJAW_AKDOS,90.9090909090909,cahau
16,1,1,35,vcahau,cahau,K'AJOLOM,90.9090909090909,mal vcahau ta xil ri ral cochic
16,1,1,35,vcahau,cahau,XPIYAKOK,90.9090909090909,mal vcahau ta xil ri ral cochic
16,1,1,35,vcahau,cahau,JUN_JUNAJPU,90.9090909090909,mal vcahau ta xil ri ral cochic
16,1,1,35,vcahau,cahau,XA_Q'ANA_JAL,90.9090909090909,mal vcahau ta xil ri ral cochic
16,1,1,35,vcahau,cahau,K'O'AJAW_AKDOS,90.9090909090909,mal vcahau ta xil ri ral cochic
16,2,0,1,cahau,vcahau,K'AJOLOM,90.9090909090909,val lalnu cahau mahabi achih
16,2,0,1,cahau,ca hau,JUN_JUNAJPU,90.9090909090909,val lalnu cahau mahabi achih
16,2,0,1,cahau,vcahau,KAWEQ,90.9090909090909,val lalnu cahau mahabi achih
16,2,0,1,cahau,coahau,K'O'AJAW_AKDOS,90.9090909090909,val lalnu cahau mahabi achih
16,2,0,4,rahpop,ahpop,AJPOP,90.9090909090909,zu ix rahpop achih chicama vloc
16,2,0,19,acahau,cahau,K'AJOLOM,90.9090909090909,mal acahau chicam vloc ri vqux
16,2,0,19,acahau,cahau,XPIYAKOK,90.9090909090909,mal acahau chicam vloc ri vqux
16,2,0,19,acahau,cahau,K'O'AJAW_AKDOS,90.9090909090909,mal acahau chicam vloc ri vqux
16,2,0,28,quech,queche,TINAMIT_K'ICHE',90.9090909090909,ui quech ri qux ta chuxoc ruq
16,2,0,44,quehe,queche,TINAMIT_K'ICHE',90.9090909090909,al ache quehe curi quic rih
17,1,0,26,quehe,queche,TINAMIT_K'ICHE',90.9090909090909,cu cah oc ri vabanel quehe cut xe
17,1,1,30,vchuch,chuch,ALOM,90.9090909090909,a re cut e qo ri vchuch hun batz
17,1,1,30,vchuch,chuch,IXKIK',90.9090909090909,a re cut e qo ri vchuch hun batz
17,1,1,30,vchuch,chuch,XA_Q'ANA_JAL,90.9090909090909,a re cut e qo ri vchuch hun batz
17,1,1,30,vchuch,chuch,IXOQ_AJAWAB',90.9090909090909,a re cut e qo ri vchuch hun batz
17,1,1,33,vchuch,chuch,ALOM,90.9090909090909,ri vchuch hun batz hun choven
17,1,1,33,vchuch,chuch,IXKIK',90.9090909090909,ri vchuch hun batz hun choven
17,1,1,33,vchuch,chuch,XA_Q'ANA_JAL,90.9090909090909,ri vchuch hun batz hun choven
17,1,1,33,vchuch,chuch,IXOQ_AJAWAB',90.9090909090909,ri vchuch hun batz hun choven
17,2,0,8,xa bix,a bix,AB'IX,90.9090909090909,xa bix caquibano xa zibanic xa pu
17,2,0,30,chaha,chaaha,CHAAJ,90.9090909090909,puch vziquixic chaha l echa ru
18,1,2,20,zanic,zuanic,SU',90.9090909090909,cate cut ta xeya pa zanic quz cu qui
18,1,2,24,zanic,zuanic,SU',90.9090909090909,zanic xecam ta pu chuvi quix xcah
18,1,2,38,cahau,vcahau,K'AJOLOM,90.9090909090909,uquexel qui cahau ri xebe chi
18,1,2,38,cahau,vcahau,KUCHUMA_KIK',90.9090909090909,uquexel qui cahau ri xebe chi
18,1,2,38,cahau,vcahau,KAWEQ,90.9090909090909,uquexel qui cahau ri xebe chi
18,1,2,38,cahau,coahau,K'O'AJAW_AKDOS,90.9090909090909,uquexel qui cahau ri xebe chi
18,1,2,39,cahau,vcahau,K'AJOLOM,90.9090909090909,xibalba caminac vi qui cahau
18,1,2,39,cahau,vcahau,KUCHUMA_KIK',90.9090909090909,xibalba caminac vi qui cahau
18,1,2,39,cahau,vcahau,KAWEQ,90.9090909090909,xibalba caminac vi qui cahau
18,1,2,39,cahau,coahau,K'O'AJAW_AKDOS,90.9090909090909,xibalba caminac vi qui cahau
18,2,0,29,quicabichal,quicahichal,XA_Q'ANA_JAL,90.9090909090909,minac cut quinaoh quicabichal
18,2,0,43,xquil,xoquil,IXOQ_AJAWAB',90.9090909090909,maihan cut ri catz ta xquil ri q ' i
19,1,0,21,quehe,queche,TINAMIT_K'ICHE',90.9090909090909,chucab tac che quehe cut quicha
19,1,0,27,chuch,ichuch,ALOM,90.9090909090909,chuch ixcatit naquila mixqui
19,1,0,32,quehe,queche,TINAMIT_K'ICHE',90.9090909090909,pu xinichiquiba mata quehe xi
19,1,0,39,catit,ca tit,IXMUKANE,90.9090909090909,catit la qui mi xtzeenic catihana
19,1,0,41,zuanic,zanic,SANIK,90.9090909090909,quitiquiba zuanic hun ahpu x coy
19,1,1,47,pa bix,a bix,AB'IX,90.9090909090909,zu pa bix ta xubinaah ri hun
19,2,0,11,pa bix,a bix,AB'IX,90.9090909090909,pa bix quichicuyu itze catiha
19,2,0,39,chucah,chuch,ALOM,90.9090909090909,xevl chic chucah mul huzu xe
19,2,0,39,chucah,chuch,IXMUKANE,90.9090909090909,xevl chic chucah mul huzu xe
19,2,0,39,chucah,chuch,IXKIK',90.9090909090909,xevl chic chucah mul huzu xe
19,2,0,39,chucah,chuch,XA_Q'ANA_JAL,90.9090909090909,xevl chic chucah mul huzu xe
19,2,0,39,chucah,chuch,IXOQ_AJAWAB',90.9090909090909,xevl chic chucah mul huzu xe
19,2,0,45,chuch,ichuch,ALOM,90.9090909090909,chuch ixcatit quenabax ri catz
20,1,1,16,chuch,ichuch,ALOM,90.9090909090909,vachpu qui chuch nabe xquibano
20,1,1,16,chuch,vchuch,IXMUKANE,90.9090909090909,vachpu qui chuch nabe xquibano
20,2,0,43,chuch,ichuch,ALOM,90.9090909090909,catit chire pu qui chuch xcohbe
21,1,0,29,quica,quicab,K'IKAB'_KQSIETE,90.9090909090909,hun ahpu xbalanque mata quica
21,1,0,30,ipatan,patan,PATAN,90.9090909090909,mic ivvmal mavi are ipatan ri
21,1,0,36,zquin,ziquin,TZ'IKIN,90.9090909090909,chiyatana zquin vecha xqha
21,1,0,39,icahau,cahau,K'AJOLOM,90.9090909090909,are bari rech icahau ri hunhu
21,1,0,39,icahau,cahau,XPIYAKOK,90.9090909090909,are bari rech icahau ri hunhu
21,1,0,39,icahau,cahau,XA_Q'ANA_JAL,90.9090909090909,are bari rech icahau ri hunhu
21,1,0,39,icahau,cahau,K'O'AJAW_AKDOS,90.9090909090909,are bari rech icahau ri hunhu
21,1,0,46,icahau,cahau,K'AJOLOM,90.9090909090909,are xcam vi icahau maquitzih
21,1,0,46,icahau,cahau,XPIYAKOK,90.9090909090909,are xcam vi icahau maquitzih
21,1,0,46,icahau,cahau,XA_Q'ANA_JAL,90.9090909090909,are xcam vi icahau maquitzih
21,1,0,46,icahau,cahau,K'O'AJAW_AKDOS,90.9090909090909,are xcam vi icahau maquitzih
21,2,1,28,catit,ca tit,IXMUKANE,90.9090909090909,catit xeqha cut cate cut xcut qui
21,2,1,36,xquil,xoquil,IXOQ_AJAWAB',90.9090909090909,xquibano ta xquil cut ri cho chupan
21,2,1,47,chuch,ichuch,ALOM,90.9090909090909,chuch ta xquitac vbic catecut xu
21,2,1,47,chuch,vchuch,IXMUKANE,90.9090909090909,chuch ta xquitac vbic catecut xu
22,1,0,6,chuch,ichuch,ALOM,90.9090909090909,qui chuch tzapi vvach quebal hu
22,1,0,6,chuch,vchuch,IXMUKANE,90.9090909090909,qui chuch tzapi vvach quebal hu
22,1,0,14,quehe,queche,TINAMIT_K'ICHE',90.9090909090909,vach catit quehe cut vcanaic quic
22,2,0,28,qahol,vqahol,KA'IB'_K'AJOLAB',90.9090909090909,pa catbe vi at tamazul qahol xu
23,1,1,32,chuch,ichuch,ALOM,90.9090909090909,chicut xa que he chuch u a b vchi
23,1,1,32,chuch,vchuch,IXMUKANE,90.9090909090909,chicut xa que he chuch u a b vchi
23,1,1,38,quehe,queche,TINAMIT_K'ICHE',90.9090909090909,quehe cut xchacatah vi rixpec
23,2,0,4,cacha,cacaha,XA_Q'ANA_JAL,90.9090909090909,xul quitzih cacha ri ivatit ta
23,2,1,19,chuch,ichuch,ALOM,90.9090909090909,cut ixcatit ix pu ca chuch mixo
24,1,0,30,holom,vholom,JUNAJPU,90.9090909090909,mia holom xqha chamia baca na
24,1,0,30,holom,vholom,JUN_JUNAJPU,90.9090909090909,mia holom xqha chamia baca na
24,2,0,20,holom,vholom,JUNAJPU,90.9090909090909,holom calata cala xic cala
24,2,0,20,holom,vholom,JUN_JUNAJPU,90.9090909090909,holom calata cala xic cala
24,2,0,42,cacha,cacaha,XA_Q'ANA_JAL,90.9090909090909,came vae quichahe cacha aha
24,2,0,45,cacha,cacaha,XA_Q'ANA_JAL,90.9090909090909,cacha ahau xqha zamahel ta
25,1,0,1,xoquic,xquic,IXKIK',90.9090909090909,que xvach xoquic are vhe caquix
25,1,0,33,holom,vholom,JUNAJPU,90.9090909090909,qha xibalba mabala xa holom
25,1,0,33,holom,vholom,JUN_JUNAJPU,90.9090909090909,qha xibalba mabala xa holom
25,1,0,38,xquil,xoquil,IXOQ_AJAWAB',90.9090909090909,ta xquil xibalba ri zaquitoc
25,2,0,12,cacha,cacaha,XA_Q'ANA_JAL,90.9090909090909,xa xeqha qaholab xa cacha cacah
25,2,0,12,cacah,cacaha,XA_Q'ANA_JAL,90.9090909090909,xa xeqha qaholab xa cacha cacah
25,2,0,20,cha ah,chaah,CHAAJ,90.9090909090909,qui cha ah hunam qui chucab tzatz
25,2,0,42,tiohil,tohil,TOJIL,90.9090909090909,ive ri ronohel v tiohil chi
25,2,0,47,zanic,zuanic,SU',90.9090909090909,xquiziquih ronoh el zanic chai
26,1,0,5,zanic,zuanic,SU',90.9090909090909,zanic conohel e camol cotzih v
26,1,0,24,zanic,zuanic,SU',90.9090909090909,zanic elecai qui chahem cabolo
26,1,0,30,quihe,quiche,TINAMIT_K'ICHE',90.9090909090909,qux quihe ca qux quixic are
26,1,0,30,quihe,quiche,OXIB_RI_NIM_JA,90.9090909090909,qux quihe ca qux quixic are
26,1,0,44,zanic,zuanic,SU',90.9090909090909,ba xa zanic xquitac ri qaho
26,1,0,46,zanic,zuanic,SU',90.9090909090909,zanic ta quiya pazel que he
26,2,0,1,balba,xbalba,XIB'ALB'A,90.9090909090909,balba zacbuc quivach rumal
26,2,1,32,tacol,tzacol,TZ'AQOL,90.9090909090909,vla tacol que xebe chic e
27,1,0,3,balami,balam,B'ALAM,90.9090909090909,quivach xeel vloc pa balami ha
27,1,2,19,quica,quicab,K'IKAB'_KQSIETE,90.9090909090909,cop que heri cha quitzam quica
27,1,2,39,chuchi,chuch,ALOM,90.9090909090909,mucum vloc chuchi vvb
27,1,2,39,chuchi,chuch,IXMUKANE,90.9090909090909,mucum vloc chuchi vvb
27,1,2,39,chuchi,chuch,IXKIK',90.9090909090909,mucum vloc chuchi vvb
27,1,2,39,chuchi,chuch,XA_Q'ANA_JAL,90.9090909090909,mucum vloc chuchi vvb
27,1,2,39,chuchi,chuch,IXOQ_AJAWAB',90.9090909090909,mucum vloc chuchi vvb
28,1,0,1,quehe,queche,TINAMIT_K'ICHE',90.9090909090909,tila vholom quehe ri quitzih v
28,1,0,2,holom,vholom,JUNAJPU,90.9090909090909,holom xuxic cate cut ta xqui
28,1,0,2,holom,vholom,JUN_JUNAJPU,90.9090909090909,holom xuxic cate cut ta xqui
28,1,1,21,holom,vholom,JUNAJPU,90.9090909090909,chacaca ri holom chi quic que
28,1,1,21,holom,vholom,JUN_JUNAJPU,90.9090909090909,chacaca ri holom chi quic que
28,1,1,31,ocotal,cotal,K'OTAL,90.9090909090909,ocotal cut ta xbe cumal ri xi
28,1,1,31,balba,xbalba,XIB'ALB'A,90.9090909090909,balba quehuminic que chani
28,1,1,38,holom,vholom,JUNAJPU,90.9090909090909,quitzih holom chicu vholom
28,1,1,38,holom,vholom,JUN_JUNAJPU,90.9090909090909,quitzih holom chicu vholom
28,2,0,6,pa ho,pa hom,JOM,90.9090909090909,chi pucabin ri coc xcah pa ho
29,1,0,20,xquico,xquic,IXKIK',90.9090909090909,ban xibalba nimac xac xquico
29,1,0,28,chuchi,chuch,ALOM,90.9090909090909,xeopon cut chuchi choh chiri
29,1,0,28,chuchi,chuch,IXMUKANE,90.9090909090909,xeopon cut chuchi choh chiri
29,1,0,28,chuchi,chuch,IXKIK',90.9090909090909,xeopon cut chuchi choh chiri
29,1,0,28,chuchi,chuch,XA_Q'ANA_JAL,90.9090909090909,xeopon cut chuchi choh chiri
29,1,0,28,chuchi,chuch,IXOQ_AJAWAB',90.9090909090909,xeopon cut chuchi choh chiri
29,1,0,46,a tan,pa tan,PATAN,90.9090909090909,a tan xquiya quib xeqha cate
29,2,1,17,puhuy,puhuyu,PUJUYU',90.9090909090909,chicut xquibano xa xahoh puhuy
29,2,1,30,quech,queche,TINAMIT_K'ICHE',90.9090909090909,v xenaahic chic chacbal quech
29,2,2,36,ba la,ba lam,B'ALAM,90.9090909090909,ba la quitzih vi chi quz quitzih
29,2,2,42,tacol,tzacol,TZ'AQOL,90.9090909090909,zamahel tacol chique petoc ch
30,1,1,28,chuch,ichuch,ALOM,90.9090909090909,xtzonox naipuch qui chuch qui
30,1,1,28,chuch,vchuch,IXMUKANE,90.9090909090909,xtzonox naipuch qui chuch qui
30,1,1,29,cahau,vcahau,K'AJOLOM,90.9090909090909,cahau apa quixpevi xevqha
30,1,1,29,cahau,ca hau,JUN_JUNAJPU,90.9090909090909,cahau apa quixpevi xevqha
30,1,1,29,cahau,vcahau,KUCHUMA_KIK',90.9090909090909,cahau apa quixpevi xevqha
30,1,1,29,cahau,vcahau,KAWEQ,90.9090909090909,cahau apa quixpevi xevqha
30,1,1,29,cahau,coahau,K'O'AJAW_AKDOS,90.9090909090909,cahau apa quixpevi xevqha
30,1,1,31,chuch,ichuch,ALOM,90.9090909090909,ui xquetaamah vvach ca chuch
30,1,1,31,chuch,vchuch,IXMUKANE,90.9090909090909,ui xquetaamah vvach ca chuch
30,1,1,32,ca oh,ca poh,IXKIK',90.9090909090909,cacahau ca oh chutic oc ta xe
30,1,1,36,cacah,cacaha,XA_Q'ANA_JAL,90.9090909090909,cayao xevqhaxic maba cacah
30,1,1,43,cacah,cacaha,XA_Q'ANA_JAL,90.9090909090909,cohcay tah cacah are vma ca
30,2,0,3,puhuy,puhuyu,PUJUYU',90.9090909090909,cux xquixah puhuy xquixah
31,1,0,3,quehe,queche,TINAMIT_K'ICHE',90.9090909090909,quehe quequicot ahauab xavi
31,1,1,18,iqahol,qahol,K'AJOLOM,90.9090909090909,pu rahaual iv al iqahol xe
31,1,1,18,iqahol,qahol,TAMASUL,90.9090909090909,pu rahaual iv al iqahol xe
31,1,1,26,xquil,xoquil,IXOQ_AJAWAB',90.9090909090909,can are xquil ri ahauab xe
31,1,1,37,qahol,vqahol,KA'IB'_K'AJOLAB',90.9090909090909,qahol panima zivan xa hun
31,1,1,42,zanic,zuanic,SU',90.9090909090909,lan chi zanic tuculi vla que
31,1,1,43,quehe,queche,TINAMIT_K'ICHE',90.9090909090909,pa zivan quehe ri xebeyox
31,1,1,46,quehe,queche,TINAMIT_K'ICHE',90.9090909090909,elahoc xeul pu ococ quehe
31,2,1,12,quehe,queche,TINAMIT_K'ICHE',90.9090909090909,xcol ri cacahau quehe cut mix
31,2,1,14,quehe,queche,TINAMIT_K'ICHE',90.9090909090909,xiban chique quehe cut quix
31,2,1,21,icahau,cahau,K'AJOLOM,90.9090909090909,chique ri icahau quibih la
31,2,1,21,icahau,cahau,XPIYAKOK,90.9090909090909,chique ri icahau quibih la
31,2,1,21,icahau,cahau,XA_Q'ANA_JAL,90.9090909090909,chique ri icahau quibih la
31,2,1,21,icahau,cahau,K'O'AJAW_AKDOS,90.9090909090909,chique ri icahau quibih la
31,2,1,34,qahol,vqahol,KA'IB'_K'AJOLAB',90.9090909090909,al zaquil qahol xanoh chitza
31,2,1,41,quehe,queche,TINAMIT_K'ICHE',90.9090909090909,conohel xibalba quehe cut ti
31,2,1,47,ahtza,ahtzac,TZ'AQOL,90.9090909090909,quivach e ahtza ahtucur e tac
32,1,0,16,quech,queche,TINAMIT_K'ICHE',90.9090909090909,chuvach riah vnatabal quech
32,1,0,36,xquil,xoquil,IXOQ_AJAWAB',90.9090909090909,xquil chicut vvachri qui cahau
32,1,0,36,cahau,vcahau,K'AJOLOM,90.9090909090909,xquil chicut vvachri qui cahau
32,1,0,36,cahau,vcahau,KUCHUMA_KIK',90.9090909090909,xquil chicut vvachri qui cahau
32,1,0,36,cahau,vcahau,KAWEQ,90.9090909090909,xquil chicut vvachri qui cahau
32,1,0,36,cahau,coahau,K'O'AJAW_AKDOS,90.9090909090909,xquil chicut vvachri qui cahau
32,1,0,38,cahau,vcahau,K'AJOLOM,90.9090909090909,cahau chiquetax xquichac xi
32,1,0,38,cahau,vcahau,KUCHUMA_KIK',90.9090909090909,cahau chiquetax xquichac xi
32,1,0,38,cahau,vcahau,KAWEQ,90.9090909090909,cahau chiquetax xquichac xi
32,1,0,38,cahau,coahau,K'O'AJAW_AKDOS,90.9090909090909,cahau chiquetax xquichac xi
32,1,0,39,balba,xbalba,XIB'ALB'A,90.9090909090909,balba
32,2,0,4,cahau,vcahau,K'AJOLOM,90.9090909090909,qux qui cahau xaui xcanah chi
32,2,0,4,cahau,vcahau,KUCHUMA_KIK',90.9090909090909,qux qui cahau xaui xcanah chi
32,2,0,4,cahau,vcahau,KAWEQ,90.9090909090909,qux qui cahau xaui xcanah chi
32,2,0,4,cahau,coahau,K'O'AJAW_AKDOS,90.9090909090909,qux qui cahau xaui xcanah chi
32,2,0,11,cahau,vcahau,K'AJOLOM,90.9090909090909,qha chirech qui cahau ta xqui
32,2,0,11,cahau,vcahau,KUCHUMA_KIK',90.9090909090909,qha chirech qui cahau ta xqui
32,2,0,11,cahau,vcahau,KAWEQ,90.9090909090909,qha chirech qui cahau ta xqui
32,2,0,11,cahau,coahau,K'O'AJAW_AKDOS,90.9090909090909,qha chirech qui cahau ta xqui
32,2,1,28,holom,vholom,JUNAJPU,90.9090909090909,holom e tzacol bitol tepeu cucu
32,2,1,28,holom,vholom,JUN_JUNAJPU,90.9090909090909,holom e tzacol bitol tepeu cucu
33,1,0,7,quehe,queche,TINAMIT_K'ICHE',90.9090909090909,quehe cut xequicot vi rumal ri
33,1,0,20,xoquic,xquic,IXKIK',90.9090909090909,xmucane echa xoquic ruqha
33,1,0,26,chuch,ichuch,ALOM,90.9090909090909,canabe chuch cahau xaq'ana
33,1,0,26,cahau,vcahau,K'AJOLOM,90.9090909090909,canabe chuch cahau xaq'ana
33,1,0,26,cahau,ca hau,JUN_JUNAJPU,90.9090909090909,canabe chuch cahau xaq'ana
33,1,0,26,cahau,vcahau,KUCHUMA_KIK',90.9090909090909,canabe chuch cahau xaq'ana
33,1,0,26,cahau,vcahau,KAWEQ,90.9090909090909,canabe chuch cahau xaq'ana
33,1,0,26,cahau,coahau,K'O'AJAW_AKDOS,90.9090909090909,canabe chuch cahau xaq'ana
33,1,1,33,balam,ba lam,B'ALAM,90.9090909090909,balam qui tze vcab chicut ba
33,1,1,36,chuch,ichuch,ALOM,90.9090909090909,quibi ri canabe chuch cahau
33,1,1,36,chuch,vchuch,IXMUKANE,90.9090909090909,quibi ri canabe chuch cahau
33,1,1,36,cahau,vcahau,K'AJOLOM,90.9090909090909,quibi ri canabe chuch cahau
33,1,1,36,cahau,ca hau,JUN_JUNAJPU,90.9090909090909,quibi ri canabe chuch cahau
33,1,1,36,cahau,vcahau,KUCHUMA_KIK',90.9090909090909,quibi ri canabe chuch cahau
33,1,1,36,cahau,vcahau,KAWEQ,90.9090909090909,quibi ri canabe chuch cahau
33,1,1,36,cahau,coahau,K'O'AJAW_AKDOS,90.9090909090909,quibi ri canabe chuch cahau
33,1,2,39,cahau,ca hau,JUN_JUNAJPU,90.9090909090909,cahau xa vtuquel achih chica
33,1,2,42,ahbit,ah bit,IXMUKANE,90.9090909090909,ah tzac ahbit ri alom qaholom
33,2,0,19,balam,ba lam,B'ALAM,90.9090909090909,vinac ri balam quitze balam
33,2,1,22,ahbit,ah bit,IXMUKANE,90.9090909090909,ahtzac ahbit huchalic iqohei
33,2,1,40,camam,ca mam,SAQI_NIM_AQ_SIS,90.9090909090909,xohvxic at catit at camam xe
33,2,1,40,camam,ca mam,XA_Q'ANA_JAL,90.9090909090909,xohvxic at catit at camam xe
33,2,1,45,ahbit,ah bit,IXMUKANE,90.9090909090909,cuvtz xquitao ri ahtzac ahbit
34,1,1,2,quehe,queche,TINAMIT_K'ICHE',90.9090909090909,quehe chicut vcamic chic
34,1,2,24,quehe,queche,TINAMIT_K'ICHE',90.9090909090909,rumal ri vqux cah xmoyic quehe
34,1,2,28,quehe,queche,TINAMIT_K'ICHE',90.9090909090909,qo vi quehe cut vzachic queta
34,1,2,32,cahau,vcahau,K'AJOLOM,90.9090909090909,ca mam ca cahau rumal vqux cah v
34,1,2,32,cahau,ca hau,JUN_JUNAJPU,90.9090909090909,ca mam ca cahau rumal vqux cah v
34,1,2,32,cahau,vcahau,KUCHUMA_KIK',90.9090909090909,ca mam ca cahau rumal vqux cah v
34,1,2,32,cahau,vcahau,KAWEQ,90.9090909090909,ca mam ca cahau rumal vqux cah v
34,1,2,32,cahau,coahau,K'O'AJAW_AKDOS,90.9090909090909,ca mam ca cahau rumal vqux cah v
34,1,2,32,ca mam,camam,SAQI_NIM_AQ_SIS,90.9090909090909,ca mam ca cahau rumal vqux cah v
34,1,2,35,quehe,queche,TINAMIT_K'ICHE',90.9090909090909,hinchic quehe ri xapa varam xquicam
34,1,2,37,balam,ba lam,B'ALAM,90.9090909090909,ruq balam quitze balam acab mahu
34,1,2,42,balam,ba lam,B'ALAM,90.9090909090909,quil balam quitze chomiha vbi rixo
34,1,2,43,balam,ba lam,B'ALAM,90.9090909090909,quil balam acab tzununiha vbi ri xo
34,2,0,4,chuch,ichuch,ALOM,90.9090909090909,cahib ri qui chuch oh quiche vinac
34,2,0,4,chuch,vchuch,IXMUKANE,90.9090909090909,cahib ri qui chuch oh quiche vinac
34,2,0,8,chuch,ichuch,ALOM,90.9090909090909,man cohah quenech ahau chuch
34,2,0,8,chuch,vchuch,IXMUKANE,90.9090909090909,man cohah quenech ahau chuch
34,2,0,13,vcahau,cahau,K'AJOLOM,90.9090909090909,lam quitze vmam vcahau beleheb
34,2,0,13,vcahau,cahau,XPIYAKOK,90.9090909090909,lam quitze vmam vcahau beleheb
34,2,0,13,vcahau,cahau,JUN_JUNAJPU,90.9090909090909,lam quitze vmam vcahau beleheb
34,2,0,13,vcahau,cahau,XA_Q'ANA_JAL,90.9090909090909,lam quitze vmam vcahau beleheb
34,2,0,13,vcahau,cahau,K'O'AJAW_AKDOS,90.9090909090909,lam quitze vmam vcahau beleheb
34,2,0,13,lam quitze,balam quitze,B'ALAM_KI'TZE',90.9090909090909,lam quitze vmam vcahau beleheb
34,2,0,14,balam,ba lam,B'ALAM,90.9090909090909,nimha ch i caui quib balam acab
34,2,0,15,vcahau,cahau,K'AJOLOM,90.9090909090909,vmam vcahau beleheb nim ha chi
34,2,0,15,vcahau,cahau,XPIYAKOK,90.9090909090909,vmam vcahau beleheb nim ha chi
34,2,0,15,vcahau,cahau,JUN_JUNAJPU,90.9090909090909,vmam vcahau beleheb nim ha chi
34,2,0,15,vcahau,cahau,XA_Q'ANA_JAL,90.9090909090909,vmam vcahau beleheb nim ha chi
34,2,0,15,vcahau,cahau,K'O'AJAW_AKDOS,90.9090909090909,vmam vcahau beleheb nim ha chi
34,2,0,17,cahau,vcahau,K'AJOLOM,90.9090909090909,cahau cahib nim ha chi ahau qui
34,2,0,17,cahau,ca hau,JUN_JUNAJPU,90.9090909090909,cahau cahib nim ha chi ahau qui
34,2,0,17,cahau,vcahau,KUCHUMA_KIK',90.9090909090909,cahau cahib nim ha chi ahau qui
34,2,0,17,cahau,vcahau,KAWEQ,90.9090909090909,cahau cahib nim ha chi ahau qui
34,2,0,17,cahau,coahau,K'O'AJAW_AKDOS,90.9090909090909,cahau cahib nim ha chi ahau qui
34,2,0,19,vcahau,cahau,K'AJOLOM,90.9090909090909,mavi zachel vbi vmam vcahau
34,2,0,19,vcahau,cahau,XPIYAKOK,90.9090909090909,mavi zachel vbi vmam vcahau
34,2,0,19,vcahau,cahau,JUN_JUNAJPU,90.9090909090909,mavi zachel vbi vmam vcahau
34,2,0,19,vcahau,cahau,XA_Q'ANA_JAL,90.9090909090909,mavi zachel vbi vmam vcahau
34,2,0,19,vcahau,cahau,K'O'AJAW_AKDOS,90.9090909090909,mavi zachel vbi vmam vcahau
34,2,0,29,balam,ba lam,B'ALAM,90.9090909090909,balam colob xere cut vnimaquil
35,1,0,4,xquil,xoquil,IXOQ_AJAWAB',90.9090909090909,yubal vinac xeqha chila xquil vi
35,1,0,14,qahol,vqahol,KA'IB'_K'AJOLAB',90.9090909090909,meal qui qahol acaroc at tzacol
35,1,0,18,chatah,chaah,CHAAJ,90.9090909090909,quxvleu chatah quetal catzihol
35,1,0,37,balam,ba lam,B'ALAM,90.9090909090909,nac bit xeqha e balam quitze
35,1,0,38,balam,ba lam,B'ALAM,90.9090909090909,balam acab mahucutah iqui
35,1,0,39,balam,ba lam,B'ALAM,90.9090909090909,balam coyobeh na vzaquiric
35,1,0,43,chuch,vchuch,IXMUKANE,90.9090909090909,chichahin e canabe chuch cahau
35,1,0,43,cahau,vcahau,K'AJOLOM,90.9090909090909,chichahin e canabe chuch cahau
35,1,0,43,cahau,ca hau,JUN_JUNAJPU,90.9090909090909,chichahin e canabe chuch cahau
35,1,0,43,cahau,vcahau,KUCHUMA_KIK',90.9090909090909,chichahin e canabe chuch cahau
35,1,0,43,cahau,vcahau,KAWEQ,90.9090909090909,chichahin e canabe chuch cahau
35,1,0,43,cahau,coahau,K'O'AJAW_AKDOS,90.9090909090909,chichahin e canabe chuch cahau
35,1,0,47,ahcab,ahcahb,XA_Q'ANA_JAL,90.9090909090909,quix ahcab xaho oh catzu cuhoh
35,2,0,4,balam,ba lam,B'ALAM,90.9090909090909,chahal que xeqha cut e balam
35,2,0,5,balam,ba lam,B'ALAM,90.9090909090909,quitze balam acab mahucutah
35,2,0,6,balam,ba lam,B'ALAM,90.9090909090909,iqui balam xquitao vtzihol hun
35,2,1,9,balam,ba lam,B'ALAM,90.9090909090909,balam quitze balam acab mahu
35,2,1,10,balam,ba lam,B'ALAM,90.9090909090909,cutah iqui balam ruq tumub ilo
35,2,2,17,balam,ba lam,B'ALAM,90.9090909090909,vloc qui cabavil nabe ri balam
35,2,2,18,balam,ba lam,B'ALAM,90.9090909090909,quitze balam acaab mahucutah
35,2,2,19,balam,ba lam,B'ALAM,90.9090909090909,iqui balam quequicotic are ca tzu
35,2,2,23,balam,ba lam,B'ALAM,90.9090909090909,balam quitze xel chicu vloc avi
35,2,2,24,balam,ba lam,B'ALAM,90.9090909090909,lix vbi cabauil xrucah balam
35,2,2,28,balam,ba lam,B'ALAM,90.9090909090909,qui balam xere cut rach queche
35,2,2,31,vcaha,vcahau,K'AJOLOM,90.9090909090909,qo vbi xcamouic vmam vcaha
35,2,2,31,vcaha,vcahau,KUCHUMA_KIK',90.9090909090909,qo vbi xcamouic vmam vcaha
35,2,2,31,vcaha,vcahau,KAWEQ,90.9090909090909,qo vbi xcamouic vmam vcaha
35,2,3,47,echequeleb,caechequeleb,KAQCHIKELEB',90.9090909090909,echequeleb ah q ' iquina ha ruq
36,1,0,12,quech,queche,TINAMIT_K'ICHE',90.9090909090909,ba mahabi quech xa enaual
36,1,0,21,xquil,xoquil,IXOQ_AJAWAB',90.9090909090909,xquil ri balam quitze balam a
36,1,0,21,balam,ba lam,B'ALAM,90.9090909090909,xquil ri balam quitze balam a
36,1,0,29,xquica,xquic,IXKIK',90.9090909090909,cabauil xeqha chire ta xquica
36,1,0,33,ahcah,ahcahb,XA_Q'ANA_JAL,90.9090909090909,ri ahquixb ahcah rumal to
36,1,1,43,balam,ba lam,B'ALAM,90.9090909090909,noh chi cut quiq'aq' ri balam
36,1,1,44,balam,ba lam,B'ALAM,90.9090909090909,quitze balam acab at tohil qui
36,2,0,2,balam,ba lam,B'ALAM,90.9090909090909,hab cate cut xequicot ri balam
36,2,0,3,balam,ba lam,B'ALAM,90.9090909090909,quitze balam acab mahucutah
36,2,0,8,balam,ba lam,B'ALAM,90.9090909090909,balam quitze balam acab mahucu
36,2,0,9,balam,ba lam,B'ALAM,90.9090909090909,tah iqui balam macu caquichih
36,2,0,18,balam,ba lam,B'ALAM,90.9090909090909,chic qui qhabal ri balam quitze
36,2,0,30,balam,ba lam,B'ALAM,90.9090909090909,tze balam acab mahucutah iqui
36,2,0,31,balam,ba lam,B'ALAM,90.9090909090909,balam xqha curi vzamahel xibal
36,2,0,43,balba,xbalba,XIB'ALB'A,90.9090909090909,balba xequicot chicut xnimar
37,1,0,7,balam,ba lam,B'ALAM,90.9090909090909,amac ta xevl chiri e qo vi balam
37,1,1,13,balam,ba lam,B'ALAM,90.9090909090909,chiquivach balam quitze balam
37,1,1,14,balam,ba lam,B'ALAM,90.9090909090909,aeab mahucutah iqui balam
37,1,1,24,cacah,cacaha,XA_Q'ANA_JAL,90.9090909090909,qha curi amac maui cacah ri pu
37,1,1,25,balam,ba lam,B'ALAM,90.9090909090909,vac xeqha cut ri amac balam
37,1,1,26,balam,ba lam,B'ALAM,90.9090909090909,quitze balam acab naqui pa qui
37,1,1,34,balam,ba lam,B'ALAM,90.9090909090909,curi balam quitze balam acab
37,1,1,35,balam,ba lam,B'ALAM,90.9090909090909,mahucutah iqui balam vtzbala
37,1,1,39,tohil,to hil,TOJIL,90.9090909090909,tohil ta macu chirah macu chin
37,1,1,43,cacha,cacaha,XA_Q'ANA_JAL,90.9090909090909,qui mezquel cacha chivech qu
37,1,1,45,balam,ba lam,B'ALAM,90.9090909090909,quitze balam acab mahucutah
37,1,1,46,balam,ba lam,B'ALAM,90.9090909090909,iqui balam ta xquibih cut vtzih
37,2,0,6,quica,quicab,K'IKAB'_KQSIETE,90.9090909090909,ri zotzila ha chamalcan vbi quica
37,2,0,20,balam,ba lam,B'ALAM,90.9090909090909,mal ri balam quitze balam acab
38,1,0,1,quech,queche,TINAMIT_K'ICHE',90.9090909090909,quech balam quitze balam
38,1,0,1,balam,ba lam,B'ALAM,90.9090909090909,quech balam quitze balam
38,1,0,5,ichuc,ichuch,ALOM,90.9090909090909,ziza ichuc quixcahboc areica
38,2,0,25,lam quitze,balam quitze,B'ALAM_KI'TZE',90.9090909090909,lam quitze ruq rixoquil eaha
38,2,0,27,balam,ba lam,B'ALAM,90.9090909090909,he cubano balam acab ruq ri
38,2,1,39,balam,ba lam,B'ALAM,90.9090909090909,lam quitze balam acab mahu
38,2,1,39,lam quitze,balam quitze,B'ALAM_KI'TZE',90.9090909090909,lam quitze balam acab mahu
38,2,1,40,balam,ba lam,B'ALAM,90.9090909090909,cutah iqui balam xata coh bec
38,2,1,45,bixic,abixic,AB'IX,90.9090909090909,bixic rumal ahlabal chitzac
39,1,0,11,balam,ba lam,B'ALAM,90.9090909090909,rumal balam acab cholom
39,1,0,23,balam,ba lam,B'ALAM,90.9090909090909,ta xpe chicut balam quitze xul
39,1,0,25,balam,ba lam,B'ALAM,90.9090909090909,euaxa vi tohil rumal balam
39,1,0,29,tohil,to hil,TOJIL,90.9090909090909,bal tohil tzatz chi cumatz tzatz
39,1,0,34,balam,ba lam,B'ALAM,90.9090909090909,balam quitze balam acab ma
39,1,0,35,balam,ba lam,B'ALAM,90.9090909090909,hucutah iqui balam xa hun
39,2,0,36,balam,ba lam,B'ALAM,90.9090909090909,mal ri balam quitze balam
39,2,0,43,tohil,to hil,TOJIL,90.9090909090909,are zaquiribal pa tohil pa av
39,2,0,46,camam,ca mam,SAQI_NIM_AQ_SIS,90.9090909090909,xe zaquir vi camam cacaha uva
40,1,2,4,balam,ba lam,B'ALAM,90.9090909090909,n im cut xe quicotic balam
40,1,2,5,balam,ba lam,B'ALAM,90.9090909090909,quitze balam acab mahucutah
40,1,2,6,balam,ba lam,B'ALAM,90.9090909090909,iqui balam ta xril ri icoquih na
40,1,2,14,balam,ba lam,B'ALAM,90.9090909090909,pom vbi pom rucaam balam
40,1,2,16,balam,ba lam,B'ALAM,90.9090909090909,bi pom rucaam balam acab
40,2,0,26,balam,ba lam,B'ALAM,90.9090909090909,hucutah iqui balam nimxe
41,1,0,37,ah po,ah pop,AJPOP,90.9090909090909,bi v chinamit ah pozotzil ah po
41,1,0,47,quica,quicab,K'IKAB'_KQSIETE,90.9090909090909,huyub xahun xeqohe vi quica
41,2,1,16,quica,quicab,K'IKAB'_KQSIETE,90.9090909090909,ruq yia xquicato chuvach quica
41,2,1,18,rie ah,ri ah,AJ,90.9090909090909,ual chic tax ya vloc quinaoh rie ah
41,2,1,45,quech,queche,TINAMIT_K'ICHE',90.9090909090909,quech chicxqha curi tohil aulix
42,1,0,12,quehe,queche,TINAMIT_K'ICHE',90.9090909090909,xavi quehe chic chiquibano
42,1,0,35,quibeh,quieh,KEJ,90.9090909090909,chico quibeh xapuro qui bal coh
42,1,0,41,quech,queche,TINAMIT_K'ICHE',90.9090909090909,michbal quech amac ta chiquiba
42,1,0,44,cacah,cacaha,XA_Q'ANA_JAL,90.9090909090909,no qo cacah chire roquibal coh
42,2,0,25,quihe,quiche,TINAMIT_K'ICHE',90.9090909090909,banoh ri chi chaconisah quihe are
42,2,0,25,quihe,quiche,OXIB_RI_NIM_JA,90.9090909090909,banoh ri chi chaconisah quihe are
43,1,0,27,qahol,vqahol,KA'IB'_K'AJOLAB',90.9090909090909,hacavitz xcolo cut qui qahol chiri
43,1,0,32,chuchi,chuch,ALOM,90.9090909090909,chuchi ha xaqui cutbal quib xu
43,1,0,32,chuchi,chuch,IXMUKANE,90.9090909090909,chuchi ha xaqui cutbal quib xu
43,1,0,32,chuchi,chuch,IXKIK',90.9090909090909,chuchi ha xaqui cutbal quib xu
43,1,0,32,chuchi,chuch,XA_Q'ANA_JAL,90.9090909090909,chuchi ha xaqui cutbal quib xu
43,1,0,32,chuchi,chuch,IXOQ_AJAWAB',90.9090909090909,chuchi ha xaqui cutbal quib xu
43,1,0,33,tohil,to hil,TOJIL,90.9090909090909,binaah cut chi ratinibal tohil
43,2,0,18,chuchi,chuch,ALOM,90.9090909090909,rilo queatin chuchi ya huta quih
43,2,0,18,chuchi,chuch,IXMUKANE,90.9090909090909,rilo queatin chuchi ya huta quih
43,2,0,18,chuchi,chuch,IXKIK',90.9090909090909,rilo queatin chuchi ya huta quih
43,2,0,18,chuchi,chuch,XA_Q'ANA_JAL,90.9090909090909,rilo queatin chuchi ya huta quih
43,2,0,18,chuchi,chuch,IXOQ_AJAWAB',90.9090909090909,rilo queatin chuchi ya huta quih
43,2,0,26,quech,queche,TINAMIT_K'ICHE',90.9090909090909,quech chuxic rumal ri e qalolab
44,1,0,3,quech,queche,TINAMIT_K'ICHE',90.9090909090909,chi quech vve cut ta maui chiya
44,1,0,13,tohil,to hil,TOJIL,90.9090909090909,tohil aulix hacavitz are qui
44,1,1,16,tohil,to hil,TOJIL,90.9090909090909,bec chila chatin vi tohil quicari
44,1,1,25,chuchi,chuch,ALOM,90.9090909090909,chila chuchi ya xa cu zcaquin
44,1,1,25,chuchi,chuch,IXMUKANE,90.9090909090909,chila chuchi ya xa cu zcaquin
44,1,1,25,chuchi,chuch,IXKIK',90.9090909090909,chila chuchi ya xa cu zcaquin
44,1,1,25,chuchi,chuch,XA_Q'ANA_JAL,90.9090909090909,chila chuchi ya xa cu zcaquin
44,1,1,25,chuchi,chuch,IXOQ_AJAWAB',90.9090909090909,chila chuchi ya xa cu zcaquin
44,1,1,39,quehe,queche,TINAMIT_K'ICHE',90.9090909090909,xeqha ahauab chique quehe
44,2,0,5,quech,queche,TINAMIT_K'ICHE',90.9090909090909,quech ahauab xevqhax cut ca
44,2,0,13,balam,ba lam,B'ALAM,90.9090909090909,chique xevqhax cut balam qui
44,2,1,18,balam,ba lam,B'ALAM,90.9090909090909,vach cul are curi chi balam acab
44,2,1,27,balam,ba lam,B'ALAM,90.9090909090909,balam quitze balam acab ma
44,2,1,40,xquil,xoquil,IXOQ_AJAWAB',90.9090909090909,vach ri tohil xevqhaxic xquil
44,2,1,44,hauab,ahauab,RAJAWAL_XIB'ALB'A,90.9090909090909,hauab queheri bari retal qui
44,2,1,44,hauab,ahauab,JUN_KAME'_WUQUB'_KAME,90.9090909090909,hauab queheri bari retal qui
44,2,1,44,hauab,ahauab,XA_Q'ANA_JAL,90.9090909090909,hauab queheri bari retal qui
45,1,0,32,balam,ba lam,B'ALAM,90.9090909090909,rumal e naual vinac ri balam
45,1,0,33,balam,ba lam,B'ALAM,90.9090909090909,quitze balam acab mahucu
45,1,0,46,balam,ba lam,B'ALAM,90.9090909090909,mizanel arecut e qo ri balam
45,1,0,47,balam,ba lam,B'ALAM,90.9090909090909,quitze balam acab mahucutah
45,2,1,23,balam,ba lam,B'ALAM,90.9090909090909,h naipu ri balam quitze balam
46,1,0,17,balam,ba lam,B'ALAM,90.9090909090909,oh caquibano ri balam quitze
46,1,0,22,chuchi,chuch,ALOM,90.9090909090909,chuchi qui tinamit xa tzalam
46,1,0,22,chuchi,chuch,IXMUKANE,90.9090909090909,chuchi qui tinamit xa tzalam
46,1,0,22,chuchi,chuch,IXKIK',90.9090909090909,chuchi qui tinamit xa tzalam
46,1,0,22,chuchi,chuch,XA_Q'ANA_JAL,90.9090909090909,chuchi qui tinamit xa tzalam
46,1,0,22,chuchi,chuch,IXOQ_AJAWAB',90.9090909090909,chuchi qui tinamit xa tzalam
46,1,0,40,balam,ba lam,B'ALAM,90.9090909090909,quitze balam acab mahucutah
46,1,0,41,balam,ba lam,B'ALAM,90.9090909090909,iqui balam ta xya vloc ri vonon
46,2,0,8,xquil,xoquil,IXOQ_AJAWAB',90.9090909090909,e camizanel quevachinic ta xquil
46,2,1,19,balam,ba lam,B'ALAM,90.9090909090909,balam acab mahucutah iqui ba
46,2,1,31,chuchi,chuch,ALOM,90.9090909090909,quecai vloc chuchi coxtum e cho
46,2,1,31,chuchi,chuch,IXMUKANE,90.9090909090909,quecai vloc chuchi coxtum e cho
46,2,1,31,chuchi,chuch,IXKIK',90.9090909090909,quecai vloc chuchi coxtum e cho
46,2,1,31,chuchi,chuch,XA_Q'ANA_JAL,90.9090909090909,quecai vloc chuchi coxtum e cho
46,2,1,31,chuchi,chuch,IXOQ_AJAWAB',90.9090909090909,quecai vloc chuchi coxtum e cho
46,2,1,36,chuchi,chuch,ALOM,90.9090909090909,quetzaconic chuchi tinamit cate
46,2,1,36,chuchi,chuch,IXMUKANE,90.9090909090909,quetzaconic chuchi tinamit cate
46,2,1,36,chuchi,chuch,IXKIK',90.9090909090909,quetzaconic chuchi tinamit cate
46,2,1,36,chuchi,chuch,XA_Q'ANA_JAL,90.9090909090909,quetzaconic chuchi tinamit cate
46,2,1,36,chuchi,chuch,IXOQ_AJAWAB',90.9090909090909,quetzaconic chuchi tinamit cate
47,1,0,10,balam,ba lam,B'ALAM,90.9090909090909,balam quitze balam acab xoc qui
47,1,0,29,chuch,ichuch,ALOM,90.9090909090909,cumal ca nabe chuch cahau chi
47,1,0,29,chuch,vchuch,IXMUKANE,90.9090909090909,cumal ca nabe chuch cahau chi
47,1,0,29,cahau,vcahau,K'AJOLOM,90.9090909090909,cumal ca nabe chuch cahau chi
47,1,0,29,cahau,ca hau,JUN_JUNAJPU,90.9090909090909,cumal ca nabe chuch cahau chi
47,1,0,29,cahau,vcahau,KUCHUMA_KIK',90.9090909090909,cumal ca nabe chuch cahau chi
47,1,0,29,cahau,vcahau,KAWEQ,90.9090909090909,cumal ca nabe chuch cahau chi
47,1,0,29,cahau,coahau,K'O'AJAW_AKDOS,90.9090909090909,cumal ca nabe chuch cahau chi
47,1,0,37,quehe,queche,TINAMIT_K'ICHE',90.9090909090909,quehe cut xquiban ri xquichac
47,1,0,40,qahol,vqahol,KA'IB'_K'AJOLAB',90.9090909090909,qahol xnacahoc quecamoc ta qui
47,1,0,42,balam,ba lam,B'ALAM,90.9090909090909,chicabih chic qui camic balam
47,1,0,43,balam,ba lam,B'ALAM,90.9090909090909,quitze balam acab mahucutah
47,1,0,44,balam,ba lam,B'ALAM,90.9090909090909,iqui balam qui bi
47,1,1,46,qahol,vqahol,KA'IB'_K'AJOLAB',90.9090909090909,ta xepixabic chirech qui qahol ma
47,2,0,2,qahol,vqahol,KA'IB'_K'AJOLAB',90.9090909090909,qui qahol are quibi qui qahol va
47,2,0,3,ecaib,e caib,KA'IB'_K'AJOLAB',90.9090909090909,ecaib xuqaholah balam quitze
47,2,0,5,vqahol,qahol,K'AJOLOM,90.9090909090909,vbi vcab al vqahol balam quitze
47,2,0,5,vqahol,qahol,TAMASUL,90.9090909090909,vbi vcab al vqahol balam quitze
47,2,0,9,chucha,chuch,ALOM,90.9090909090909,vnabe vqahol qoacutec chucha
47,2,0,9,chucha,chuch,IXMUKANE,90.9090909090909,vnabe vqahol qoacutec chucha
47,2,0,9,chucha,chuch,IXKIK',90.9090909090909,vnabe vqahol qoacutec chucha
47,2,0,9,chucha,chuch,XA_Q'ANA_JAL,90.9090909090909,vnabe vqahol qoacutec chucha
47,2,0,9,chucha,chuch,IXOQ_AJAWAB',90.9090909090909,vnabe vqahol qoacutec chucha
47,2,0,14,vqahol,qahol,K'AJOLOM,90.9090909090909,bi vqahol ri iqui balam qui tzih
47,2,0,14,vqahol,qahol,TAMASUL,90.9090909090909,bi vqahol ri iqui balam qui tzih
47,2,0,16,qahol,vqahol,KA'IB'_K'AJOLAB',90.9090909090909,qui qahol ri are xquipixabeh
47,2,0,21,qahol,vqahol,KA'IB'_K'AJOLAB',90.9090909090909,xepixab cut chire qui qahol ix
48,1,0,5,cahau,vcahau,K'AJOLOM,90.9090909090909,are natabal rech qui cahau xa
48,1,0,5,cahau,ca hau,JUN_JUNAJPU,90.9090909090909,are natabal rech qui cahau xa
48,1,0,5,cahau,vcahau,KUCHUMA_KIK',90.9090909090909,are natabal rech qui cahau xa
48,1,0,5,cahau,vcahau,KAWEQ,90.9090909090909,are natabal rech qui cahau xa
48,1,0,5,cahau,coahau,K'O'AJAW_AKDOS,90.9090909090909,are natabal rech qui cahau xa
48,1,0,9,cahau,vcahau,K'AJOLOM,90.9090909090909,qui cahau areta xvinaquir vi
48,1,0,9,cahau,ca hau,JUN_JUNAJPU,90.9090909090909,qui cahau areta xvinaquir vi
48,1,0,9,cahau,vcahau,KUCHUMA_KIK',90.9090909090909,qui cahau areta xvinaquir vi
48,1,0,9,cahau,vcahau,KAWEQ,90.9090909090909,qui cahau areta xvinaquir vi
48,1,0,9,cahau,coahau,K'O'AJAW_AKDOS,90.9090909090909,qui cahau areta xvinaquir vi
48,1,0,12,vcahau,cahau,K'AJOLOM,90.9090909090909,v mam vcahau caviquib xmacui
48,1,0,12,vcahau,cahau,XPIYAKOK,90.9090909090909,v mam vcahau caviquib xmacui
48,1,0,12,vcahau,cahau,JUN_JUNAJPU,90.9090909090909,v mam vcahau caviquib xmacui
48,1,0,12,vcahau,cahau,XA_Q'ANA_JAL,90.9090909090909,v mam vcahau caviquib xmacui
48,1,0,12,vcahau,cahau,K'O'AJAW_AKDOS,90.9090909090909,v mam vcahau caviquib xmacui
48,1,0,16,camam,ca mam,SAQI_NIM_AQ_SIS,90.9090909090909,camam ca cahau tax ezachic tax
48,1,0,16,cahau,vcahau,K'AJOLOM,90.9090909090909,camam ca cahau tax ezachic tax
48,1,0,16,cahau,ca hau,JUN_JUNAJPU,90.9090909090909,camam ca cahau tax ezachic tax
48,1,0,16,cahau,vcahau,KUCHUMA_KIK',90.9090909090909,camam ca cahau tax ezachic tax
48,1,0,16,cahau,vcahau,KAWEQ,90.9090909090909,camam ca cahau tax ezachic tax
48,1,0,16,cahau,coahau,K'O'AJAW_AKDOS,90.9090909090909,camam ca cahau tax ezachic tax
48,1,0,17,qahol,vqahol,KA'IB'_K'AJOLAB',90.9090909090909,canah chic qui qahol chiri chuvi hu
48,1,0,19,qahol,vqahol,KA'IB'_K'AJOLAB',90.9090909090909,qahol chiri cahinac chic yocota
48,1,0,24,cahau,vcahau,K'AJOLOM,90.9090909090909,nabah qui cahau nim vquih ri
48,1,0,24,cahau,ca hau,JUN_JUNAJPU,90.9090909090909,nabah qui cahau nim vquih ri
48,1,0,24,cahau,vcahau,KUCHUMA_KIK',90.9090909090909,nabah qui cahau nim vquih ri
48,1,0,24,cahau,vcahau,KAWEQ,90.9090909090909,nabah qui cahau nim vquih ri
48,1,0,24,cahau,coahau,K'O'AJAW_AKDOS,90.9090909090909,nabah qui cahau nim vquih ri
48,1,0,31,quehe,queche,TINAMIT_K'ICHE',90.9090909090909,quehe cu qui zachic qui maixic
48,1,1,40,cahau,vcahau,K'AJOLOM,90.9090909090909,quxlaan ri vpixab qui cahau
48,1,1,40,cahau,ca hau,JUN_JUNAJPU,90.9090909090909,quxlaan ri vpixab qui cahau
48,1,1,40,cahau,vcahau,KUCHUMA_KIK',90.9090909090909,quxlaan ri vpixab qui cahau
48,1,1,40,cahau,vcahau,KAWEQ,90.9090909090909,quxlaan ri vpixab qui cahau
48,1,1,40,cahau,coahau,K'O'AJAW_AKDOS,90.9090909090909,quxlaan ri vpixab qui cahau
48,1,1,42,cahau,vcahau,K'AJOLOM,90.9090909090909,camoc qui cahau xya quixoquil
48,1,1,42,cahau,ca hau,JUN_JUNAJPU,90.9090909090909,camoc qui cahau xya quixoquil
48,1,1,42,cahau,vcahau,KUCHUMA_KIK',90.9090909090909,camoc qui cahau xya quixoquil
48,1,1,42,cahau,vcahau,KAWEQ,90.9090909090909,camoc qui cahau xya quixoquil
48,1,1,42,cahau,coahau,K'O'AJAW_AKDOS,90.9090909090909,camoc qui cahau xya quixoquil
48,1,1,46,cahau,vcahau,K'AJOLOM,90.9090909090909,vica cahau xeqha taxquicam
48,1,1,46,cahau,ca hau,JUN_JUNAJPU,90.9090909090909,vica cahau xeqha taxquicam
48,1,1,46,cahau,vcahau,KUCHUMA_KIK',90.9090909090909,vica cahau xeqha taxquicam
48,1,1,46,cahau,vcahau,KAWEQ,90.9090909090909,vica cahau xeqha taxquicam
48,1,1,46,cahau,coahau,K'O'AJAW_AKDOS,90.9090909090909,vica cahau xeqha taxquicam
48,2,0,1,vqahol,qahol,K'AJOLOM,90.9090909090909,caib vbihun vqahol balamqui
48,2,0,1,vqahol,qahol,TAMASUL,90.9090909090909,caib vbihun vqahol balamqui
48,2,0,3,vqahol,qahol,K'AJOLOM,90.9090909090909,coacutec vbi vqahol
48,2,0,3,vqahol,qahol,TAMASUL,90.9090909090909,coacutec vbi vqahol
48,2,0,4,coaha,coahau,K'O'AJAW_AKDOS,90.9090909090909,acab xarech nihaibab coaha
48,2,0,5,vqahol mahu,vqahol ahau,KA'IB'_K'AJOLAB',90.9090909090909,u vbi hun chic vqahol mahu
48,2,1,32,balam,ba lam,B'ALAM,90.9090909090909,balam holom pich queh macu
48,2,1,32,holom,vholom,JUNAJPU,90.9090909090909,balam holom pich queh macu
48,2,1,32,holom,vholom,JUN_JUNAJPU,90.9090909090909,balam holom pich queh macu
48,2,2,44,cahau,vcahau,K'AJOLOM,90.9090909090909,co caib coacutec cahau xaui
48,2,2,44,cahau,ca hau,JUN_JUNAJPU,90.9090909090909,co caib coacutec cahau xaui
48,2,2,44,cahau,vcahau,KUCHUMA_KIK',90.9090909090909,co caib coacutec cahau xaui
48,2,2,44,cahau,vcahau,KAWEQ,90.9090909090909,co caib coacutec cahau xaui
48,2,2,45,cahaua,cahau,K'AJOLOM,90.9090909090909,chiri chic xquicam vi cahaua
48,2,2,45,cahaua,cahau,XPIYAKOK,90.9090909090909,chiri chic xquicam vi cahaua
48,2,2,45,cahaua,cahau,JUN_JUNAJPU,90.9090909090909,chiri chic xquicam vi cahaua
48,2,2,45,cahaua,cahau,XA_Q'ANA_JAL,90.9090909090909,chiri chic xquicam vi cahaua
48,2,2,45,cahaua,cahau,K'O'AJAW_AKDOS,90.9090909090909,chiri chic xquicam vi cahaua
49,1,0,30,qahol,vqahol,KA'IB'_K'AJOLAB',90.9090909090909,qui qahol xa qui chiquizipah
49,2,1,12,cotuha,cotuh,K'OTUJA_KQCINCO,90.9090909090909,xahauar cutahau cotuha ruq
49,2,1,32,quica,quicab,K'IKAB'_KQSIETE,90.9090909090909,tinoc quiq'aq'al maha quica
49,2,1,41,cotuhu,cotuh,K'OTUJA_KQCINCO,90.9090909090909,oc ri ahau cotuhu xacu hun
49,2,1,43,hau ztayul,a hau ztayul,ISTAYUL_KQCUATRO,90.9090909090909,hau ztayul xrah quitihoh x
50,1,0,38,cotuha,cotuh,K'OTUJA_KQCINCO,90.9090909090909,ual ri ahau cotuha aha zta
50,1,0,43,vcaha,vcahau,K'AJOLOM,90.9090909090909,vaim vcaha chirech qui mial
50,1,0,43,vcaha,vcahau,KUCHUMA_KIK',90.9090909090909,vaim vcaha chirech qui mial
50,1,0,43,vcaha,vcahau,KAWEQ,90.9090909090909,vaim vcaha chirech qui mial
51,1,1,23,pahom,pa hom,JOM,90.9090909090909,queh nay popol vinac pahom
51,1,1,24,vchuch,chuch,ALOM,90.9090909090909,tzalatz vchuch cam ha
51,1,1,24,vchuch,chuch,IXMUKANE,90.9090909090909,tzalatz vchuch cam ha
51,1,1,24,vchuch,chuch,IXKIK',90.9090909090909,tzalatz vchuch cam ha
51,1,1,24,vchuch,chuch,XA_Q'ANA_JAL,90.9090909090909,tzalatz vchuch cam ha
51,1,1,24,vchuch,chuch,IXOQ_AJAWAB',90.9090909090909,tzalatz vchuch cam ha
51,1,3,33,chuch,ichuch,ALOM,90.9090909090909,chuch camha nimchocoh nihaib
51,1,3,33,chuch,vchuch,IXMUKANE,90.9090909090909,chuch camha nimchocoh nihaib
51,1,3,34,aulix,auilix,AWILIX,90.9090909090909,aulix yacolatam vtzam pop
51,1,4,42,hauab,ahauab,RAJAWAL_XIB'ALB'A,90.9090909090909,hauab chuvach ahau quiche
51,1,4,42,hauab,ahauab,JUN_KAME'_WUQUB'_KAME,90.9090909090909,hauab chuvach ahau quiche
51,1,4,42,hauab,ahauab,XA_Q'ANA_JAL,90.9090909090909,hauab chuvach ahau quiche
51,1,5,46,ecaib,e caib,KA'IB'_K'AJOLAB',90.9090909090909,zaquic xahun chi nim ha ecaib
51,2,0,29,qahol,vqahol,KA'IB'_K'AJOLAB',90.9090909090909,qahol taxqiuaric ahzivan ah
52,1,0,8,vqahol,qahol,K'AJOLOM,90.9090909090909,chel vvach vmam vqahol chu
52,1,0,8,vqahol,qahol,TAMASUL,90.9090909090909,chel vvach vmam vqahol chu
52,1,0,20,qahol,vqahol,KA'IB'_K'AJOLAB',90.9090909090909,cut caqui qahol cut tzatz chic
52,2,0,2,vpatan,patan,PATAN,90.9090909090909,cachob tachic maui cu can vpatan
52,2,0,4,vpatan,patan,PATAN,90.9090909090909,vpatan chuvach quicab cauizimah
52,2,0,20,vpatan,patan,PATAN,90.9090909090909,achih xucam cut vpatan rono
52,2,1,32,quehe,queche,TINAMIT_K'ICHE',90.9090909090909,quehe pu caca chinamit quehe
52,2,1,40,ca hu,ca hau,JUN_JUNAJPU,90.9090909090909,bal amac chibec rumal ca hu
53,1,0,18,hauab,ahauab,RAJAWAL_XIB'ALB'A,90.9090909090909,hauab xetaconic xevaran puch
53,1,0,18,hauab,ahauab,JUN_KAME'_WUQUB'_KAME,90.9090909090909,hauab xetaconic xevaran puch
53,1,0,18,hauab,ahauab,XA_Q'ANA_JAL,90.9090909090909,hauab xetaconic xevaran puch
53,1,0,46,quehe,queche,TINAMIT_K'ICHE',90.9090909090909,xavi cu quehe xubano tamub i
53,1,0,47,locab,ilocab,ILOKAB',90.9090909090909,locab hunam vach ox chob chi
53,2,0,5,qahol,vqahol,KA'IB'_K'AJOLAB',90.9090909090909,chap vi vnabe al qahol ta xetac
53,2,2,14,ahpop,ah pop,AJPOP,90.9090909090909,pop ahpop camha rumal puch ea
53,2,2,15,tzic vinac,ahtzic vinac,AJTZIK_WINAQ,90.9090909090909,lel ah tzic vinac xoc queealem ro
53,2,2,18,rahpop,ahpop,AJPOP,90.9090909090909,ealel achih rahpop achih rahtza
53,2,2,20,xoquic,xquic,IXKIK',90.9090909090909,chihab xoquic taxecobic xebina
53,2,2,22,vqahol,qahol,K'AJOLOM,90.9090909090909,chacat e vnabe ral vqahol que
53,2,2,22,vqahol,qahol,TAMASUL,90.9090909090909,chacat e vnabe ral vqahol que
53,2,2,26,quehe,queche,TINAMIT_K'ICHE',90.9090909090909,cu quehe xubano tamub ilocab
53,2,2,28,vqahol,qahol,K'AJOLOM,90.9090909090909,ral vqahol qopa huhun chi huyub
53,2,2,28,vqahol,qahol,TAMASUL,90.9090909090909,ral vqahol qopa huhun chi huyub
53,2,2,31,quehe,queche,TINAMIT_K'ICHE',90.9090909090909,quehe relic ri ta xeelic chirih ah
53,2,2,32,ahpop,ah pop,AJPOP,90.9090909090909,pop ahpop camha chirih puchca
53,2,3,37,tohil,to hil,TOJIL,90.9090909090909,mac tzac tohil vbi tzac rochoch to
54,2,0,1,qahol,vqahol,KA'IB'_K'AJOLAB',90.9090909090909,mial qahol chatziloh chamaquih
54,2,0,1,mial qahol,vmial vqahol,KA'IB'_K'AJOLAB',90.9090909090909,mial qahol chatziloh chamaquih
54,2,0,5,ziqui,ziquin,TZ'IKIN,90.9090909090909,tzucul ave cool ave ziqui ave
54,2,0,34,tzic vinac,ahtzic vinac,AJTZIK_WINAQ,90.9090909090909,tzic vinac e ca cab ta queoquic
55,1,0,8,vpatan,patan,PATAN,90.9090909090909,puch raxon cubul chactic vpatan
55,1,0,10,cotuh,cotuha,K'OTUJA_KQCUATRO,90.9090909090909,ual ahauab cucumatz cotuh chu
55,1,0,20,quehe,queche,TINAMIT_K'ICHE',90.9090909090909,uarem quehe cut vticaric vni
55,1,2,41,b alam,balam,B'ALAM,90.9090909090909,b alam quitze vxe nabal cavi
55,1,3,43,balam,ba lam,B'ALAM,90.9090909090909,cocauib vcale chic balam quitze
55,1,4,44,b alam,balam,B'ALAM,90.9090909090909,b alam conache xtiquiban ahpopol
55,1,5,46,otuha,cotuha,K'OTUJA_KQCINCO,90.9090909090909,c otuha ztayub vcahle
55,2,8,18,hauab,ahauab,RAJAWAL_XIB'ALB'A,90.9090909090909,hauab
55,2,8,18,hauab,ahauab,JUN_KAME'_WUQUB'_KAME,90.9090909090909,hauab
55,2,8,18,hauab,ahauab,XA_Q'ANA_JAL,90.9090909090909,hauab
55,2,11,31,a hau,ca hau,JUN_JUNAJPU,90.9090909090909,a hau ahpop hun vnimha cuhavbi
55,2,12,33,a hau,ca hau,JUN_JUNAJPU,90.9090909090909,a hau ahpopcamha tziquinahavbi
55,2,13,35,cavec,ca vec,KAWEQ,90.9090909090909,n im chocoh cavec hun vnimha ah
55,2,14,36,a hau,ca hau,JUN_JUNAJPU,90.9090909090909,a hau ahtohil hun vnimha
55,2,15,37,a hau,ca hau,JUN_JUNAJPU,90.9090909090909,a hau ah cucumatz hun vnimha
55,2,18,40,pahom,pa hom,JOM,90.9090909090909,p opolvinac pahom tzalatz xcuxe
55,2,20,44,vqahol,qahol,K'AJOLOM,90.9090909090909,cavi quib tzatz ral vqahol ahilatal
55,2,20,44,vqahol,qahol,TAMASUL,90.9090909090909,cavi quib tzatz ral vqahol ahilatal
56,1,1,4,b alam,balam,B'ALAM,90.9090909090909,b alam acab nabe mamaxel ca
56,1,5,9,otuha,cotuha,K'OTUJA_KQCUATRO,90.9090909090909,c otuha ro le ahau
56,1,5,9,otuha,cotuha,K'OTUJA_KQCINCO,90.9090909090909,c otuha ro le ahau
56,1,8,12,otuha,cotuha,K'OTUJA_KQCUATRO,90.9090909090909,c otuha chivi v vahxac taz aha
56,1,8,12,otuha,cotuha,K'OTUJA_KQCINCO,90.9090909090909,c otuha chivi v vahxac taz aha
56,1,11,16,cotuha,cotuh,K'OTUJA_KQCINCO,90.9090909090909,a hau cotuha vhulahu le
56,1,11,16,a hau,ca hau,JUN_JUNAJPU,90.9090909090909,a hau cotuha vhulahu le
56,1,15,23,a hau,ca hau,JUN_JUNAJPU,90.9090909090909,a hau q'alel vnabe ahau chuva
56,1,16,25,a hau,ca hau,JUN_JUNAJPU,90.9090909090909,a hau ah tzic vinac hun vnim ha
56,1,16,25,tzic vinac,ahtzic vinac,AJTZIK_WINAQ,90.9090909090909,a hau ah tzic vinac hun vnim ha
56,1,17,26,a hau,ca hau,JUN_JUNAJPU,90.9090909090909,a hau q'alel camha hun vnim ha
56,1,19,28,chuch,ichuch,ALOM,90.9090909090909,v chuch camha hun vnim ha
56,1,19,28,chuch,vchuch,IXMUKANE,90.9090909090909,v chuch camha hun vnim ha
56,1,22,31,auilix,aulix,AWILIX,90.9090909090909,a hau auilix hun vnim ha
56,1,22,31,a hau,ca hau,JUN_JUNAJPU,90.9090909090909,a hau auilix hun vnim ha
56,1,25,40,vcahau,cahau,K'AJOLOM,90.9090909090909,va vmam vcahau
56,1,25,40,vcahau,cahau,XPIYAKOK,90.9090909090909,va vmam vcahau
56,1,25,40,vcahau,cahau,JUN_JUNAJPU,90.9090909090909,va vmam vcahau
56,1,25,40,vcahau,cahau,XA_Q'ANA_JAL,90.9090909090909,va vmam vcahau
56,1,25,40,vcahau,cahau,K'O'AJAW_AKDOS,90.9090909090909,va vmam vcahau
56,1,26,42,coahau,cahau,K'AJOLOM,90.9090909090909,coahau vbi vcale ahau
56,1,26,42,coahau,cahau,XPIYAKOK,90.9090909090909,coahau vbi vcale ahau
56,1,26,42,coahau,cahau,JUN_JUNAJPU,90.9090909090909,coahau vbi vcale ahau
56,1,26,42,coahau,cahau,XA_Q'ANA_JAL,90.9090909090909,coahau vbi vcale ahau
56,2,6,11,tzic vinac,ahtzic vinac,AJTZIK_WINAQ,90.9090909090909,a h tzic vinac ahau vbi nabeahau
56,2,10,24,vchuch,chuch,ALOM,90.9090909090909,chocohib e alanel e vchuch tzih
56,2,10,24,vchuch,chuch,IXMUKANE,90.9090909090909,chocohib e alanel e vchuch tzih
56,2,10,24,vchuch,chuch,IXKIK',90.9090909090909,chocohib e alanel e vchuch tzih
56,2,10,24,vchuch,chuch,XA_Q'ANA_JAL,90.9090909090909,chocohib e alanel e vchuch tzih
56,2,10,24,vchuch,chuch,IXOQ_AJAWAB',90.9090909090909,chocohib e alanel e vchuch tzih
9,2,1,41,ch chi qaholab,omuch chi qaholab,MOTZ,90.32258064516128,ch chi qaholab xecamic ru
24,1,0,35,vcablahuh culel,vcah lahuh culel,KIK'_RIXK'AQ,90.32258064516128,ta xti chic vcablahuh culel a
33,1,0,29,cahib chivinac,e cahib chi vinac,XA_Q'ANA_JAL,90.32258064516128,hau e cahib chivinac tzac xa
36,2,0,31,vzamahel xibal,vzamahel xibal ba,JUN_WINAQ,90.32258064516128,balam xqha curi vzamahel xibal
5,1,0,1,quixot qui,quixo quil,IXOQ_AJAWAB',90.0,quixot qui lac qui boh qui tzi
6,2,1,43,hun hunah,hun hunahpu,JUNAJPU,90.0,malmat cut ri hun hunah
6,2,1,43,hun hunah,hun hunahpu,JUN_JUNAJPU,90.0,malmat cut ri hun hunah
7,2,0,35,quinechahic,quechahic,CHAAJ,90.0,caric maui quinechahic rumal
10,2,0,38,ub caquix,vcub caquix,WUQUB'_KAQIX,90.0,ub caquix chuxe huyub me
11,1,0,3,xbalanque v,xbalanque,XB'ALAMQ'E,90.0,hun ahpu xbalanque v cab v
13,1,0,5,chirih ha,chirih ahau,JAQAWITZ,90.0,chirih ha chuva ha chiculvachix
22,2,0,6,chimalmatib,chimalmat,CHIMALMAT,90.0,cut pu cab chimalmatib curi ug
24,1,0,5,vcab culel,vcah culel,WUQUB'_KAME',90.0,xuti chi vcab culel machivi x
29,1,0,26,u ixqaholab,ixqaholab,MOTZ,90.0,u ixqaholab xevqhaxic vtz
31,2,1,9,hun hunah,hun hunahpu,JUNAJPU,90.0,hau ri xicamizah hun hunah
31,2,1,9,hun hunah,hun hunahpu,JUN_JUNAJPU,90.0,hau ri xicamizah hun hunah
34,1,2,42,quil balam,iqui balam,IQ'I_B'ALAM,90.0,quil balam quitze chomiha vbi rixo
34,1,2,43,quil balam,iqui balam,IQ'I_B'ALAM,90.0,quil balam acab tzununiha vbi ri xo
34,2,0,14,quib balam,iqui balam,IQ'I_B'ALAM,90.0,nimha ch i caui quib balam acab
39,2,0,22,mahacu tah,mahucu tah,MAJUK'UTAJ,90.0,queh zic xechav vi mahacu tah
41,1,0,4,qui vinac,yaqui vinac,YAKI,90.0,qui vinac xavi xere tohil vbi vca
44,1,1,27,quechahonic,quechahic,CHAAJ,90.0,pohib quechahonic nare curi
44,2,0,12,quechahonic,quechahic,CHAAJ,90.0,capohib quechahonic chi ya vbic
46,2,0,8,e camizanel,camizanel,IXOQ_AJAWAB',90.0,e camizanel quevachinic ta xquil
46,2,1,22,e camizanel,camizanel,IXOQ_AJAWAB',90.0,ronohel ah labal e camizanel
50,1,0,4,e camizanel,camizanel,IXOQ_AJAWAB',90.0,nabe tinamit xebec e camizanel a
50,1,0,4,camizanel a,camizanel,IXOQ_AJAWAB',90.0,nabe tinamit xebec e camizanel a
51,1,5,45,ca quiquib,ca ui quib,KAWEQ,90.0,ca quiquib au ha ab tzutuha
53,2,2,31,chirih ah,chirih ahau,JAQAWITZ,90.0,quehe relic ri ta xeelic chirih ah
54,1,0,4,pop camha,ahpop camha,AJPOP_K'AMJA,90.0,pop camha xcazan quitinamit eni
54,1,0,5,ma ahauab,mial ahauab,IXTAJ_IXPUCH',90.0,ma ahauab enaual tac vinac na
1,1,1,13,quinimac tziz,za quinimac tziz,SAQI_NIM_AQ_SIS,89.65517241379311,quinimac tziz tepeu qucumatz
33,1,1,36,ri canabe chuch,e canabe chuch,IXOQ_AJAWAB',89.65517241379311,quibi ri canabe chuch cahau
1,1,1,5,puch,xpuch,IXPUCH',88.88888888888889,vxenabal puch ronohel xban
1,1,1,9,puch,xpuch,IXPUCH',88.88888888888889,xic vtzihoxic puch euaxibal
1,1,1,12,vuch hun ahpu,vucub hun ahpu,WUQUB'_JUNAJPU,88.88888888888889,pu vuch hun ahpu vtiu za
1,1,1,13,tziz,tz iz,SIS,88.88888888888889,quinimac tziz tepeu qucumatz
1,1,1,14,palo,pa lo,PALO,88.88888888888889,vqux cho vqux palo ah ra
1,1,1,28,chaca,chaa,CHAAJ,88.88888888888889,bal zac petenac chaca palo
1,1,1,31,puch,xpuch,IXPUCH',88.88888888888889,vuhil oher tzibam puch xa
1,1,1,33,puch,xpuch,IXPUCH',88.88888888888889,nim vpeoxic vtzihoxic puch
1,2,2,24,qaho,qahol,K'AJOLOM,88.88888888888889,peu gucumatz e alom e qaho
1,2,2,24,qaho,qahol,TAMASUL,88.88888888888889,peu gucumatz e alom e qaho
1,2,2,29,quehe,queh,KEJ,88.88888888888889,naoh chiqui qoheic quehe
1,2,3,41,puch,xpuch,IXPUCH',88.88888888888889,xcalah puch vinac ta xqui
1,2,3,41,xqui,xquic,IXKIK',88.88888888888889,xcalah puch vinac ta xqui
1,2,3,43,caam,camam,SAQI_NIM_AQ_SIS,88.88888888888889,ric che caam v tzucuquic pu
1,2,3,43,caam,camam,XA_Q'ANA_JAL,88.88888888888889,ric che caam v tzucuquic pu
2,1,0,7,puch,xpuch,IXPUCH',88.88888888888889,uaxoc ta caquiro puch apa
2,1,0,19,vleuh,vleu,UK'U'X_ULEW,88.88888888888889,ric chivinaquir vleu vleuh
2,1,0,29,quehe,queh,KEJ,88.88888888888889,quehe cut xquicot vi ri qu
2,1,0,34,vleuh,vleu,UK'U'X_ULEW,88.88888888888889,nabe cut xvinaquir vleuh
2,1,0,39,quehe,queh,KEJ,88.88888888888889,ic nimac huyub quehe cut
2,1,0,44,puch,xpuch,IXPUCH',88.88888888888889,vi ri cah xcolo nai puch v
2,1,0,45,quehe,queh,KEJ,88.88888888888889,leuh chupan ha quehe cut
2,2,1,9,caam,camam,SAQI_NIM_AQ_SIS,88.88888888888889,tzininic vxeche caam cate vtz
2,2,1,9,caam,camam,XA_Q'ANA_JAL,88.88888888888889,tzininic vxeche caam cate vtz
2,2,1,11,puch,xpuch,IXPUCH',88.88888888888889,ta xquinohih xqhitzihoh puch
2,2,1,22,caam,camam,SAQI_NIM_AQ_SIS,88.88888888888889,che chuvi caam quixochoch
2,2,1,22,caam,camam,XA_Q'ANA_JAL,88.88888888888889,che chuvi caam quixochoch
2,2,1,25,caam,camam,SAQI_NIM_AQ_SIS,88.88888888888889,ab che chueab caam xevqh
2,2,1,25,caam,camam,XA_Q'ANA_JAL,88.88888888888889,ab che chueab caam xevqh
2,2,1,29,quehe,queh,KEJ,88.88888888888889,quehe cut cochoch vi chicop
2,2,1,30,qaho,qahol,K'AJOLOM,88.88888888888889,ri vleu xuyao alom qaho
2,2,1,30,qaho,qahol,TAMASUL,88.88888888888889,ri vleu xuyao alom qaho
3,1,0,7,xqui,xquic,IXKIK',88.88888888888889,quibeh chi qui huhunal ta xqui
3,1,0,11,cabi,cabix,AB'IX,88.88888888888889,bixic cabi rumal oh cah tzac
3,1,0,18,cuxun,cuun,PISOM_Q'AQ'AL,88.88888888888889,echa i cuxun ivarabal i ia
3,1,0,29,quih,quieh,KEJ,88.88888888888889,xrah cu quitih chic qui quih
3,1,0,35,puch,xpuch,IXPUCH',88.88888888888889,puch quehe cut xechacatah
3,1,0,35,quehe,queh,KEJ,88.88888888888889,puch quehe cut xechacatah
3,1,0,38,vleuh,vleu,UK'U'X_ULEW,88.88888888888889,varal chuvach vleuh que
3,1,0,45,puch,xpuch,IXPUCH',88.88888888888889,ziquixoc ta cohnabax puch
3,1,0,46,vleuh,vleu,UK'U'X_ULEW,88.88888888888889,chuvach vleuh mi xcatiho
3,2,0,2,puch,xpuch,IXPUCH',88.88888888888889,xic ca calaixic puch cumal que
3,2,0,5,puch,xpuch,IXPUCH',88.88888888888889,tzaquic cut vbanic puch vle
3,2,0,14,paha,pa ha,B'ALAM_JA,88.88888888888889,xa huzuc chiumar paha maui
3,2,0,14,paha,pa ha,SOTZ'I_JA,88.88888888888889,xa huzuc chiumar paha maui
3,2,0,23,quech,queh,KEJ,88.88888888888889,nauachir ta vi quihiloy quech
3,2,0,24,quech,queh,KEJ,88.88888888888889,ziqui quech xecha ta xqui
3,2,0,24,xqui,xquic,IXKIK',88.88888888888889,ziqui quech xecha ta xqui
3,2,0,27,vuch hun ahpu,vucub hun ahpu,WUQUB'_JUNAJPU,88.88888888888889,pu vuch hun ahpu vtiu qui
3,2,0,33,ratit,atit,SAQI_NIM_AQ_SIS,88.88888888888889,nel ratit quih ratit zac que
3,2,0,33,ratit,atit,IXMUKANE,88.88888888888889,nel ratit quih ratit zac que
3,2,0,33,ratit,atit,XMUKANE,88.88888888888889,nel ratit quih ratit zac que
3,2,0,33,quih,quieh,KEJ,88.88888888888889,nel ratit quih ratit zac que
3,2,1,43,puch,xpuch,IXPUCH',88.88888888888889,ziquixtah cohnabaxtah puch ca
3,2,1,45,catit,atit,SAQI_NIM_AQ_SIS,88.88888888888889,catit camam xpiyacoc xmuca
3,2,1,45,catit,atit,XMUKANE,88.88888888888889,catit camam xpiyacoc xmuca
4,1,0,6,tziz,tz iz,SIS,88.88888888888889,tziz ah cuval ah yamanic ah chut
4,1,0,8,ratit,atit,SAQI_NIM_AQ_SIS,88.88888888888889,ah eol ah toltecat ratit quih ra
4,1,0,8,ratit,atit,IXMUKANE,88.88888888888889,ah eol ah toltecat ratit quih ra
4,1,0,8,ratit,atit,XMUKANE,88.88888888888889,ah eol ah toltecat ratit quih ra
4,1,0,8,quih,quieh,KEJ,88.88888888888889,ah eol ah toltecat ratit quih ra
4,1,0,12,puch,xpuch,IXPUCH',88.88888888888889,oc chicahah chicacotah puch
4,1,0,14,quih,quieh,KEJ,88.88888888888889,ah t quih cate puch vcahic v
4,1,0,14,puch,xpuch,IXPUCH',88.88888888888889,ah t quih cate puch vcahic v
4,1,0,16,quih,quieh,KEJ,88.88888888888889,chi tzite quih bit xeqha quri
4,1,0,17,atit,ratit,IXMUKANE,88.88888888888889,hun atit hun mama chiquech
4,1,0,19,atit,ratit,IXMUKANE,88.88888888888889,yacoc vbi arecu ri atit ahquih
4,1,0,21,quih,quieh,KEJ,88.88888888888889,xeqha cut ta x quitiquiba quih
4,1,0,26,puch,xpuch,IXPUCH',88.88888888888889,puch cumal ahtzac ahbit
4,1,0,31,quih,quieh,KEJ,88.88888888888889,re ixim q ite quih bit cat
4,1,0,37,bala,balam,B'ALAM,88.88888888888889,uic chitzihon bala chuvach
4,1,0,41,puch,xpuch,IXPUCH',88.88888888888889,vinac tzihonic puch are vina
4,2,0,2,quehe,queh,KEJ,88.88888888888889,qux cah quehe cut xepah chivi
4,2,0,9,quih,quieh,KEJ,88.88888888888889,cha quih cotz qoh qui vach ca
4,2,0,11,quehe,queh,KEJ,88.88888888888889,ioh quitiohil quehe cut maui
4,2,0,13,quech,queh,KEJ,88.88888888888889,tol alai quech quxlaai quech
4,2,1,17,puch,xpuch,IXPUCH',88.88888888888889,mayxic qui cutuxic puch xe
4,2,1,25,oquic,quic,KIK',88.88888888888889,oquic rumal tzacol bit ol maui
4,2,1,28,quech,queh,KEJ,88.88888888888889,vinaquirizay quech quehe
4,2,1,28,quehe,queh,KEJ,88.88888888888889,vinaquirizay quech quehe
4,2,1,35,xqui,xquic,IXKIK',88.88888888888889,tucumbalam xtucuuic xqui
4,2,1,40,puch,xpuch,IXPUCH',88.88888888888889,qui chuch chuvach puch qui
4,2,1,41,cahau,ahau,WUQUB'_KAQIX,88.88888888888889,cahau ri vqux cah huracan
4,2,1,41,cahau,ahau,JUN_KAME',88.88888888888889,cahau ri vqux cah huracan
4,2,1,41,cahau,ahau,RAJAWAL_XIB'ALB'A,88.88888888888889,cahau ri vqux cah huracan
4,2,1,41,cahau,ahau,JUN_KAME'_WUQUB'_KAME',88.88888888888889,cahau ri vqux cah huracan
4,2,1,41,cahau,ahau,JUN_KAME'_WUQUB'_KAME,88.88888888888889,cahau ri vqux cah huracan
4,2,1,41,cahau,ahau,AWILIX,88.88888888888889,cahau ri vqux cah huracan
4,2,1,41,cahau,ahau,JAQAWITZ,88.88888888888889,cahau ri vqux cah huracan
4,2,1,41,cahau,ahau,NAKXIT,88.88888888888889,cahau ri vqux cah huracan
4,2,1,41,cahau,ahau,K'OTUJA_KQCUATRO,88.88888888888889,cahau ri vqux cah huracan
4,2,1,47,qui quebal,qui quel,KIK',88.88888888888889,qhauic ronohel qui quebal
5,1,0,15,puch,xpuch,IXPUCH',88.88888888888889,puch i tiohil xqhari qui
5,1,0,33,chau,cahau,K'AJOLOM,88.88888888888889,chau chic chique cax va xi
5,1,0,33,chau,cahau,XPIYAKOK,88.88888888888889,chau chic chique cax va xi
5,1,0,33,chau,cahau,JUN_JUNAJPU,88.88888888888889,chau chic chique cax va xi
5,1,0,33,chau,cahau,XA_Q'ANA_JAL,88.88888888888889,chau chic chique cax va xi
5,1,0,33,chau,cahau,K'O'AJAW_AKDOS,88.88888888888889,chau chic chique cax va xi
5,2,1,16,quih,quieh,KEJ,88.88888888888889,quih hun cut cunimarizah
5,2,1,19,quih,quieh,KEJ,88.88888888888889,mot v vach quih ic caqha
5,2,1,37,quehe,queh,KEJ,88.88888888888889,chuvach nu calibal quehe
5,2,1,38,quih,quieh,KEJ,88.88888888888889,cut in quih vi in pu ic ru
5,2,1,39,zaquil al,zaqui hal,JAL,88.88888888888889,mal zaquil al zaquil qahol
5,2,1,42,quih,quieh,KEJ,88.88888888888889,quix macu quitzih are ta quih
6,1,0,2,quih,quieh,KEJ,88.88888888888889,cut qui quiloc v vach quih ic
6,1,0,4,quehe,queh,KEJ,88.88888888888889,quehe cut cucobizah vi rib ri
6,1,0,7,quih,quieh,KEJ,88.88888888888889,calahoboc vzaquil quih ic xa
6,1,0,10,quehe,queh,KEJ,88.88888888888889,che quehe cut xchicabih chic
6,1,1,15,puch,xpuch,IXPUCH',88.88888888888889,coxic chi puch v quih vucub
6,1,1,15,quih,quieh,KEJ,88.88888888888889,coxic chi puch v quih vucub
6,1,1,24,quehe,queh,KEJ,88.88888888888889,chuvach vleu quehe cut
6,1,1,26,vbah,vubah,WUB,88.88888888888889,cha chica v vbah vi chiri
6,2,0,5,quehe,queh,KEJ,88.88888888888889,huyub rumal xaui quehe
6,2,0,15,cahau,ahau,WUQUB'_KAQIX,88.88888888888889,nimal chirih qui cahau are
6,2,0,15,cahau,ahau,JUN_KAME',88.88888888888889,nimal chirih qui cahau are
6,2,0,15,cahau,ahau,RAJAWAL_XIB'ALB'A,88.88888888888889,nimal chirih qui cahau are
6,2,0,15,cahau,ahau,JUN_KAME'_WUQUB'_KAME',88.88888888888889,nimal chirih qui cahau are
6,2,0,15,cahau,ahau,JUN_KAME'_WUQUB'_KAME,88.88888888888889,nimal chirih qui cahau are
6,2,0,15,cahau,ahau,AWILIX,88.88888888888889,nimal chirih qui cahau are
6,2,0,15,cahau,ahau,JAQAWITZ,88.88888888888889,nimal chirih qui cahau are
6,2,0,15,cahau,ahau,NAKXIT,88.88888888888889,nimal chirih qui cahau are
6,2,0,15,cahau,ahau,K'OTUJA_KQCUATRO,88.88888888888889,nimal chirih qui cahau are
6,2,0,18,cahau,ahau,WUQUB'_KAQIX,88.88888888888889,chuch canabe cahau quehe
6,2,0,18,cahau,ahau,JUN_KAME',88.88888888888889,chuch canabe cahau quehe
6,2,0,18,cahau,ahau,RAJAWAL_XIB'ALB'A,88.88888888888889,chuch canabe cahau quehe
6,2,0,18,cahau,ahau,JUN_KAME'_WUQUB'_KAME',88.88888888888889,chuch canabe cahau quehe
6,2,0,18,cahau,ahau,JUN_KAME'_WUQUB'_KAME,88.88888888888889,chuch canabe cahau quehe
6,2,0,18,cahau,ahau,AWILIX,88.88888888888889,chuch canabe cahau quehe
6,2,0,18,cahau,ahau,JAQAWITZ,88.88888888888889,chuch canabe cahau quehe
6,2,0,18,cahau,ahau,NAKXIT,88.88888888888889,chuch canabe cahau quehe
6,2,0,18,cahau,ahau,K'OTUJA_KQCUATRO,88.88888888888889,chuch canabe cahau quehe
6,2,0,18,quehe,queh,KEJ,88.88888888888889,chuch canabe cahau quehe
6,2,0,18,canabe cahau,e canabe ca hau,XA_Q'ANA_JAL,88.88888888888889,chuch canabe cahau quehe
6,2,1,26,vvcub ca,vvcub came,WUQUB'_KAME',88.88888888888889,are ri vvcub ca
6,2,1,30,quih,quieh,KEJ,88.88888888888889,quih xilo macut rechabal
6,2,1,33,vvcub ca,vvcub came,WUQUB'_KAME',88.88888888888889,xe che ri vvcub ca quix e
6,2,1,34,qaho,qahol,K'AJOLOM,88.88888888888889,matzamoh vlo ri caib qaho
6,2,1,34,qaho,qahol,TAMASUL,88.88888888888889,matzamoh vlo ri caib qaho
6,2,1,47,vvcub ca,vvcub came,WUQUB'_KAME',88.88888888888889,nahpu rumal ri vvcub ca
7,1,0,6,vvcub ca,vvcub came,WUQUB'_KAME',88.88888888888889,tahic tah rumal vvcub ca
7,1,0,28,atit,ratit,IXMUKANE,88.88888888888889,mama hun cu atit quitzih
7,1,0,29,atit,ratit,IXMUKANE,88.88888888888889,quemel atit chic xa quelu
7,1,0,32,tziz,tz iz,SIS,88.88888888888889,ma zaqui nima tziz cut vbi
7,1,0,33,atit,ratit,IXMUKANE,88.88888888888889,atit xeqha curi qaholab
7,1,0,34,atit,ratit,IXMUKANE,88.88888888888889,chique ri atit mama quix
7,1,0,35,cama,camam,SAQI_NIM_AQ_SIS,88.88888888888889,cachbilahtah chibe ta cama
7,1,0,35,cama,camam,XA_Q'ANA_JAL,88.88888888888889,cachbilahtah chibe ta cama
7,1,0,39,cahau,ahau,WUQUB'_KAQIX,88.88888888888889,qui chuch qui cahau quehe
7,1,0,39,cahau,ahau,JUN_KAME',88.88888888888889,qui chuch qui cahau quehe
7,1,0,39,cahau,ahau,RAJAWAL_XIB'ALB'A,88.88888888888889,qui chuch qui cahau quehe
7,1,0,39,cahau,ahau,JUN_KAME'_WUQUB'_KAME',88.88888888888889,qui chuch qui cahau quehe
7,1,0,39,cahau,ahau,JUN_KAME'_WUQUB'_KAME,88.88888888888889,qui chuch qui cahau quehe
7,1,0,39,cahau,ahau,AWILIX,88.88888888888889,qui chuch qui cahau quehe
7,1,0,39,cahau,ahau,JAQAWITZ,88.88888888888889,qui chuch qui cahau quehe
7,1,0,39,cahau,ahau,NAKXIT,88.88888888888889,qui chuch qui cahau quehe
7,1,0,39,cahau,ahau,K'OTUJA_KQCUATRO,88.88888888888889,qui chuch qui cahau quehe
7,1,0,41,quih,quieh,KEJ,88.88888888888889,quih tala quecazipah vi ru
7,1,0,47,bala,balam,B'ALAM,88.88888888888889,ib qaholab vtz bala xeqha
7,2,0,1,xebec,xbec,TAMASUL,88.88888888888889,cut cate cut ta xebec tzamal
7,2,0,3,atit,ratit,IXMUKANE,88.88888888888889,v calibal ta xeicouic ri atit
7,2,0,6,ahau,cahau,K'AJOLOM,88.88888888888889,cou chuxe rochoch ahau cu
7,2,0,6,ahau,cahau,XPIYAKOK,88.88888888888889,cou chuxe rochoch ahau cu
7,2,0,6,ahau,cahau,JUN_JUNAJPU,88.88888888888889,cou chuxe rochoch ahau cu
7,2,0,6,ahau,aha u,JUN_KAME',88.88888888888889,cou chuxe rochoch ahau cu
7,2,0,6,ahau,aha u,RAJAWAL_XIB'ALB'A,88.88888888888889,cou chuxe rochoch ahau cu
7,2,0,6,ahau,cahau,XA_Q'ANA_JAL,88.88888888888889,cou chuxe rochoch ahau cu
7,2,0,6,ahau,aha u,TOJIL,88.88888888888889,cou chuxe rochoch ahau cu
7,2,0,6,ahau,cahau,K'O'AJAW_AKDOS,88.88888888888889,cou chuxe rochoch ahau cu
7,2,0,7,vvcub ca,vvcub came,WUQUB'_KAME',88.88888888888889,racuh cu vchi ri vvcub ca
7,2,0,9,atit,ratit,IXMUKANE,88.88888888888889,vcub caquix ri mama atit ca
7,2,0,11,ahau,cahau,K'AJOLOM,88.88888888888889,camam xqha curi ahau xa
7,2,0,11,ahau,cahau,XPIYAKOK,88.88888888888889,camam xqha curi ahau xa
7,2,0,11,ahau,cahau,JUN_JUNAJPU,88.88888888888889,camam xqha curi ahau xa
7,2,0,11,ahau,aha u,JUN_KAME',88.88888888888889,camam xqha curi ahau xa
7,2,0,11,ahau,aha u,RAJAWAL_XIB'ALB'A,88.88888888888889,camam xqha curi ahau xa
7,2,0,11,ahau,cahau,XA_Q'ANA_JAL,88.88888888888889,camam xqha curi ahau xa
7,2,0,11,ahau,aha u,TOJIL,88.88888888888889,camam xqha curi ahau xa
7,2,0,11,ahau,cahau,K'O'AJAW_AKDOS,88.88888888888889,camam xqha curi ahau xa
7,2,0,12,ahau,cahau,K'AJOLOM,88.88888888888889,oh tzucubei quib lal ahau
7,2,0,12,ahau,cahau,XPIYAKOK,88.88888888888889,oh tzucubei quib lal ahau
7,2,0,12,ahau,cahau,JUN_JUNAJPU,88.88888888888889,oh tzucubei quib lal ahau
7,2,0,12,ahau,aha u,JUN_KAME',88.88888888888889,oh tzucubei quib lal ahau
7,2,0,12,ahau,aha u,RAJAWAL_XIB'ALB'A,88.88888888888889,oh tzucubei quib lal ahau
7,2,0,12,ahau,cahau,XA_Q'ANA_JAL,88.88888888888889,oh tzucubei quib lal ahau
7,2,0,12,ahau,aha u,TOJIL,88.88888888888889,oh tzucubei quib lal ahau
7,2,0,12,ahau,cahau,K'O'AJAW_AKDOS,88.88888888888889,oh tzucubei quib lal ahau
7,2,0,15,ahau,cahau,K'AJOLOM,88.88888888888889,lan mahabi lal ahau eca ca
7,2,0,15,ahau,cahau,XPIYAKOK,88.88888888888889,lan mahabi lal ahau eca ca
7,2,0,15,ahau,cahau,JUN_JUNAJPU,88.88888888888889,lan mahabi lal ahau eca ca
7,2,0,15,ahau,aha u,JUN_KAME',88.88888888888889,lan mahabi lal ahau eca ca
7,2,0,15,ahau,aha u,RAJAWAL_XIB'ALB'A,88.88888888888889,lan mahabi lal ahau eca ca
7,2,0,15,ahau,cahau,XA_Q'ANA_JAL,88.88888888888889,lan mahabi lal ahau eca ca
7,2,0,15,ahau,aha u,TOJIL,88.88888888888889,lan mahabi lal ahau eca ca
7,2,0,15,ahau,cahau,K'O'AJAW_AKDOS,88.88888888888889,lan mahabi lal ahau eca ca
7,2,0,18,ahau,cahau,K'AJOLOM,88.88888888888889,cap cacaya chiquech lal ahau
7,2,0,18,ahau,cahau,XPIYAKOK,88.88888888888889,cap cacaya chiquech lal ahau
7,2,0,18,ahau,cahau,JUN_JUNAJPU,88.88888888888889,cap cacaya chiquech lal ahau
7,2,0,18,ahau,aha u,JUN_KAME',88.88888888888889,cap cacaya chiquech lal ahau
7,2,0,18,ahau,aha u,RAJAWAL_XIB'ALB'A,88.88888888888889,cap cacaya chiquech lal ahau
7,2,0,18,ahau,cahau,XA_Q'ANA_JAL,88.88888888888889,cap cacaya chiquech lal ahau
7,2,0,18,ahau,aha u,TOJIL,88.88888888888889,cap cacaya chiquech lal ahau
7,2,0,18,ahau,cahau,K'O'AJAW_AKDOS,88.88888888888889,cap cacaya chiquech lal ahau
7,2,0,20,ahau,cahau,K'AJOLOM,88.88888888888889,curi ahau rumal vcoxom re
7,2,0,20,ahau,cahau,XPIYAKOK,88.88888888888889,curi ahau rumal vcoxom re
7,2,0,20,ahau,cahau,JUN_JUNAJPU,88.88888888888889,curi ahau rumal vcoxom re
7,2,0,20,ahau,aha u,JUN_KAME',88.88888888888889,curi ahau rumal vcoxom re
7,2,0,20,ahau,aha u,RAJAWAL_XIB'ALB'A,88.88888888888889,curi ahau rumal vcoxom re
7,2,0,20,ahau,cahau,XA_Q'ANA_JAL,88.88888888888889,curi ahau rumal vcoxom re
7,2,0,20,ahau,aha u,TOJIL,88.88888888888889,curi ahau rumal vcoxom re
7,2,0,20,ahau,cahau,K'O'AJAW_AKDOS,88.88888888888889,curi ahau rumal vcoxom re
7,2,0,25,ahau,cahau,K'AJOLOM,88.88888888888889,qui chicunah xqha cut ahau
7,2,0,25,ahau,cahau,XPIYAKOK,88.88888888888889,qui chicunah xqha cut ahau
7,2,0,25,ahau,cahau,JUN_JUNAJPU,88.88888888888889,qui chicunah xqha cut ahau
7,2,0,25,ahau,aha u,JUN_KAME',88.88888888888889,qui chicunah xqha cut ahau
7,2,0,25,ahau,aha u,RAJAWAL_XIB'ALB'A,88.88888888888889,qui chicunah xqha cut ahau
7,2,0,25,ahau,cahau,XA_Q'ANA_JAL,88.88888888888889,qui chicunah xqha cut ahau
7,2,0,25,ahau,aha u,TOJIL,88.88888888888889,qui chicunah xqha cut ahau
7,2,0,25,ahau,cahau,K'O'AJAW_AKDOS,88.88888888888889,qui chicunah xqha cut ahau
7,2,0,29,ahau,cahau,K'AJOLOM,88.88888888888889,ahau xeqha cut vtzbala chi
7,2,0,29,ahau,cahau,XPIYAKOK,88.88888888888889,ahau xeqha cut vtzbala chi
7,2,0,29,ahau,cahau,JUN_JUNAJPU,88.88888888888889,ahau xeqha cut vtzbala chi
7,2,0,29,ahau,aha u,JUN_KAME',88.88888888888889,ahau xeqha cut vtzbala chi
7,2,0,29,ahau,aha u,RAJAWAL_XIB'ALB'A,88.88888888888889,ahau xeqha cut vtzbala chi
7,2,0,29,ahau,cahau,XA_Q'ANA_JAL,88.88888888888889,ahau xeqha cut vtzbala chi
7,2,0,29,ahau,aha u,TOJIL,88.88888888888889,ahau xeqha cut vtzbala chi
7,2,0,29,ahau,cahau,K'O'AJAW_AKDOS,88.88888888888889,ahau xeqha cut vtzbala chi
7,2,0,36,quehe,queh,KEJ,88.88888888888889,quehe ta cut chitocobah vi nu
7,2,0,38,ahau,cahau,K'AJOLOM,88.88888888888889,rive vtzbala lal ahau chicop
7,2,0,38,ahau,cahau,XPIYAKOK,88.88888888888889,rive vtzbala lal ahau chicop
7,2,0,38,ahau,cahau,JUN_JUNAJPU,88.88888888888889,rive vtzbala lal ahau chicop
7,2,0,38,ahau,aha u,JUN_KAME',88.88888888888889,rive vtzbala lal ahau chicop
7,2,0,38,ahau,aha u,RAJAWAL_XIB'ALB'A,88.88888888888889,rive vtzbala lal ahau chicop
7,2,0,38,ahau,cahau,XA_Q'ANA_JAL,88.88888888888889,rive vtzbala lal ahau chicop
7,2,0,38,ahau,aha u,TOJIL,88.88888888888889,rive vtzbala lal ahau chicop
7,2,0,38,ahau,cahau,K'O'AJAW_AKDOS,88.88888888888889,rive vtzbala lal ahau chicop
7,2,0,41,ahau,cahau,K'AJOLOM,88.88888888888889,ri ve rumal xere in ahau vi
7,2,0,41,ahau,cahau,XPIYAKOK,88.88888888888889,ri ve rumal xere in ahau vi
7,2,0,41,ahau,cahau,JUN_JUNAJPU,88.88888888888889,ri ve rumal xere in ahau vi
7,2,0,41,ahau,aha u,JUN_KAME',88.88888888888889,ri ve rumal xere in ahau vi
7,2,0,41,ahau,aha u,RAJAWAL_XIB'ALB'A,88.88888888888889,ri ve rumal xere in ahau vi
7,2,0,41,ahau,cahau,XA_Q'ANA_JAL,88.88888888888889,ri ve rumal xere in ahau vi
7,2,0,41,ahau,aha u,TOJIL,88.88888888888889,ri ve rumal xere in ahau vi
7,2,0,41,ahau,cahau,K'O'AJAW_AKDOS,88.88888888888889,ri ve rumal xere in ahau vi
7,2,0,46,ixim,i xim,IXIM,88.88888888888889,ixim vtzbala chivelezah chi
8,1,0,4,ahau,cahau,K'AJOLOM,88.88888888888889,cu xcah v vach maui ahau chic
8,1,0,4,ahau,cahau,XPIYAKOK,88.88888888888889,cu xcah v vach maui ahau chic
8,1,0,4,ahau,cahau,JUN_JUNAJPU,88.88888888888889,cu xcah v vach maui ahau chic
8,1,0,4,ahau,aha u,JUN_KAME',88.88888888888889,cu xcah v vach maui ahau chic
8,1,0,4,ahau,aha u,RAJAWAL_XIB'ALB'A,88.88888888888889,cu xcah v vach maui ahau chic
8,1,0,4,ahau,cahau,XA_Q'ANA_JAL,88.88888888888889,cu xcah v vach maui ahau chic
8,1,0,4,ahau,aha u,TOJIL,88.88888888888889,cu xcah v vach maui ahau chic
8,1,0,4,ahau,cahau,K'O'AJAW_AKDOS,88.88888888888889,cu xcah v vach maui ahau chic
8,1,0,16,quehe,queh,KEJ,88.88888888888889,xoquil vvcub caquix quehe
8,1,0,27,puch,xpuch,IXPUCH',88.88888888888889,caxol puch la oh omuch chi
8,1,0,30,puch,xpuch,IXPUCH',88.88888888888889,oxih checevic oxih puch chicu
8,1,0,32,xqui,xquic,IXKIK',88.88888888888889,ual mama xbanouic ta xqui
8,1,1,44,chuchi ha,chuchi ya,CHI_RATINIB'AL_TOJIL,88.88888888888889,na catinic chuchi ha ta xe
8,2,0,8,bala,balam,B'ALAM,88.88888888888889,palil ca cabal vtz bala chacut
8,2,0,14,bala,balam,B'ALAM,88.88888888888889,mah tana bala chuvec chuva
8,2,0,24,caha,cahau,K'AJOLOM,88.88888888888889,hacama caha vleu pa hul coh
8,2,0,24,caha,cahau,XPIYAKOK,88.88888888888889,hacama caha vleu pa hul coh
8,2,0,24,caha,cahau,JUN_JUNAJPU,88.88888888888889,hacama caha vleu pa hul coh
8,2,0,24,caha,cahau,XA_Q'ANA_JAL,88.88888888888889,hacama caha vleu pa hul coh
8,2,0,24,caha,cahau,K'O'AJAW_AKDOS,88.88888888888889,hacama caha vleu pa hul coh
8,2,0,33,vleuh,vleu,UK'U'X_ULEW,88.88888888888889,vleuh maui cacaxico xucha
8,2,0,43,caha,cahau,K'AJOLOM,88.88888888888889,hul xucoto xcolotah vi caha
8,2,0,43,caha,cahau,XPIYAKOK,88.88888888888889,hul xucoto xcolotah vi caha
8,2,0,43,caha,cahau,JUN_JUNAJPU,88.88888888888889,hul xucoto xcolotah vi caha
8,2,0,43,caha,cahau,XA_Q'ANA_JAL,88.88888888888889,hul xucoto xcolotah vi caha
8,2,0,43,caha,cahau,K'O'AJAW_AKDOS,88.88888888888889,hul xucoto xcolotah vi caha
8,2,0,47,quih,quieh,KEJ,88.88888888888889,quih acanoc ta chutzinoc v
9,1,0,10,vmal,vmeal,IXKIK',88.88888888888889,vmal mapa qui ta nu ziqui
9,1,0,17,cahu,cahau,K'AJOLOM,88.88888888888889,chivla pahul are cut cahu
9,1,0,17,cahu,cahau,XPIYAKOK,88.88888888888889,chivla pahul are cut cahu
9,1,0,17,cahu,cahau,JUN_JUNAJPU,88.88888888888889,chivla pahul are cut cahu
9,1,0,17,cahu,cahau,XA_Q'ANA_JAL,88.88888888888889,chivla pahul are cut cahu
9,1,0,17,cahu,cahau,K'O'AJAW_AKDOS,88.88888888888889,chivla pahul are cut cahu
9,1,0,19,puch,xpuch,IXPUCH',88.88888888888889,mal qaholab cate puch xqui
9,1,0,19,xqui,xquic,IXKIK',88.88888888888889,mal qaholab cate puch xqui
9,1,0,34,puch,xpuch,IXPUCH',88.88888888888889,rib cuq chicaxol puch laoh
9,1,0,37,puch,xpuch,IXPUCH',88.88888888888889,oxih q e ecouic oxih puch
9,1,0,46,xqui,xquic,IXKIK',88.88888888888889,pacna chiri pa hul ta xqui
9,2,0,1,puch,xpuch,IXPUCH',88.88888888888889,puch ta xtubuquih zanic quebi
9,2,0,4,puch,xpuch,IXPUCH',88.88888888888889,iz qui cayeloon puch rixcac
9,2,0,6,ri qaxtoq,ix qaxtoq,IXTAJ_IXPUCH',88.88888888888889,mi pa xutzin ri qaxtoq chivila
9,2,0,17,puch,xpuch,IXPUCH',88.88888888888889,puch conohel qaholab ecu
9,2,0,20,puch,xpuch,IXPUCH',88.88888888888889,chic cate puch xulix ri ca
9,2,0,27,quehe,queh,KEJ,88.88888888888889,cub caquix quehe cut qui
9,2,0,30,milal,mial,IXTAJ_IXPUCH',88.88888888888889,milal ri motz vbi cumal ve
9,2,1,44,quih,quieh,KEJ,88.88888888888889,chirechaah hu ta quih pa
9,2,1,45,quih,quieh,KEJ,88.88888888888889,quih chivacatic ta chutzu
10,1,0,7,v coc,vcoc,Q'OQ,88.88888888888889,chicut v coc eab xquicoho
10,2,0,1,quicu,quic,KIK',88.88888888888889,quicu xchachaplo taxaque
10,2,0,15,bala,balam,B'ALAM,88.88888888888889,te qui cumatzih vtz bala
10,2,0,20,oquic,quic,KIK',88.88888888888889,xrah oquic pacal curi tap xa
10,2,0,33,quehe,queh,KEJ,88.88888888888889,ri zipacna quehe vchacata
11,1,0,7,vleuh,vleu,UK'U'X_ULEW,88.88888888888889,chuvach vleuh caquicouizah
11,1,0,9,quehe,queh,KEJ,88.88888888888889,quehe chuxic chibochih cu vbic
11,1,0,10,quih,quieh,KEJ,88.88888888888889,chila relebal quih xqha cut ri hu
11,1,0,10,relebal quih,ahrele bal quih,NAKXIT,88.88888888888889,chila relebal quih xqha cut ri hu
11,1,0,12,bala,balam,B'ALAM,88.88888888888889,vtz bala lal ahau quevi nacut
11,1,0,16,puch,xpuch,IXPUCH',88.88888888888889,culuba vtzih huracan are puch
11,1,0,24,puch,xpuch,IXPUCH',88.88888888888889,be vi xa in vli huyub in puch
11,1,0,25,quih,quieh,KEJ,88.88888888888889,yohol rech chibe quih chi bezac
11,1,0,30,cabi,cabix,AB'IX,88.88888888888889,xqha cabrracan mahabi cabi xa
11,1,0,33,quech,queh,KEJ,88.88888888888889,naquila quech at qahol xa
11,1,0,37,quic,xquic,IXKIK',88.88888888888889,quic quitzih naht cacanic xa
11,2,0,1,quih,quieh,KEJ,88.88888888888889,vi chi relebal quih xeqha cut hun
11,2,0,1,relebal quih,ahrele bal quih,NAKXIT,88.88888888888889,vi chi relebal quih xeqha cut hun
11,2,0,2,cama,camam,SAQI_NIM_AQ_SIS,88.88888888888889,ahpu xbalanque vtz chi cama
11,2,0,2,cama,camam,XA_Q'ANA_JAL,88.88888888888889,ahpu xbalanque vtz chi cama
11,2,0,11,vleuh,vleu,UK'U'X_ULEW,88.88888888888889,na vleuh tah vbac qui vvb xa
11,2,0,14,xqui,xquic,IXKIK',88.88888888888889,ta xqui bac cu qui cac ri qaholab
11,2,0,20,vleuh,vleu,UK'U'X_ULEW,88.88888888888889,quin ta chacahoc are curi vleuh
11,2,0,22,quehe,queh,KEJ,88.88888888888889,leu chicatzac vi quehe cut pu
11,2,0,25,qaho,qahol,K'AJOLOM,88.88888888888889,oc ta zaquiroc xeqha ri qaho
11,2,0,25,qaho,qahol,TAMASUL,88.88888888888889,oc ta zaquiroc xeqha ri qaho
11,2,0,32,quih,quieh,KEJ,88.88888888888889,uic chi cab chiyanic quih ri qi
11,2,0,45,quih,quieh,KEJ,88.88888888888889,lebal quih qo vi ri nima huyub are
12,1,0,13,vleuh,vleu,UK'U'X_ULEW,88.88888888888889,vleuh are chicut xchica bih
12,1,0,18,vleuh,vleu,UK'U'X_ULEW,88.88888888888889,chuvach vleuh
12,1,1,20,cahau,ahau,WUQUB'_KAQIX,88.88888888888889,bi qui cahau ri hun ahpu xbalan
12,1,1,20,cahau,ahau,JUN_KAME',88.88888888888889,bi qui cahau ri hun ahpu xbalan
12,1,1,20,cahau,ahau,RAJAWAL_XIB'ALB'A,88.88888888888889,bi qui cahau ri hun ahpu xbalan
12,1,1,20,cahau,ahau,JUN_KAME'_WUQUB'_KAME',88.88888888888889,bi qui cahau ri hun ahpu xbalan
12,1,1,20,cahau,ahau,JUN_KAME'_WUQUB'_KAME,88.88888888888889,bi qui cahau ri hun ahpu xbalan
12,1,1,20,cahau,ahau,AWILIX,88.88888888888889,bi qui cahau ri hun ahpu xbalan
12,1,1,20,cahau,ahau,JAQAWITZ,88.88888888888889,bi qui cahau ri hun ahpu xbalan
12,1,1,20,cahau,ahau,NAKXIT,88.88888888888889,bi qui cahau ri hun ahpu xbalan
12,1,1,20,cahau,ahau,K'OTUJA_KQCUATRO,88.88888888888889,bi qui cahau ri hun ahpu xbalan
12,1,1,22,puch,xpuch,IXPUCH',88.88888888888889,camuh vbixic vtzihoxic puch qui
12,1,1,24,nicah,icah,IKAJ,88.88888888888889,xa nicah xchicabih xa chacab v
12,1,2,28,cahau,ahau,WUQUB'_KAQIX,88.88888888888889,cut qui cahau ri xpiyacoc xmu
12,1,2,28,cahau,ahau,JUN_KAME',88.88888888888889,cut qui cahau ri xpiyacoc xmu
12,1,2,28,cahau,ahau,RAJAWAL_XIB'ALB'A,88.88888888888889,cut qui cahau ri xpiyacoc xmu
12,1,2,28,cahau,ahau,JUN_KAME'_WUQUB'_KAME',88.88888888888889,cut qui cahau ri xpiyacoc xmu
12,1,2,28,cahau,ahau,JUN_KAME'_WUQUB'_KAME,88.88888888888889,cut qui cahau ri xpiyacoc xmu
12,1,2,28,cahau,ahau,AWILIX,88.88888888888889,cut qui cahau ri xpiyacoc xmu
12,1,2,28,cahau,ahau,JAQAWITZ,88.88888888888889,cut qui cahau ri xpiyacoc xmu
12,1,2,28,cahau,ahau,NAKXIT,88.88888888888889,cut qui cahau ri xpiyacoc xmu
12,1,2,28,cahau,ahau,K'OTUJA_KQCUATRO,88.88888888888889,cut qui cahau ri xpiyacoc xmu
12,1,2,41,puch,xpuch,IXPUCH',88.88888888888889,heic enima c ahnaoh nim puch
12,1,2,43,vleuh,vleu,UK'U'X_ULEW,88.88888888888889,chuvach vleuh xavtz quiqoheic
12,1,2,44,puch,xpuch,IXPUCH',88.88888888888889,qui yaquieic puch xquicutu naui
12,2,0,5,quih,quieh,KEJ,88.88888888888889,ta quih xa e cacab chiquiculela
12,2,0,5,cacab,acab,B'ALAM_AQ'AB',88.88888888888889,ta quih xa e cacab chiquiculela
12,2,0,6,cahib,caib,JUN_B'ATZ'_JUN_CHOWEN,88.88888888888889,ah quib e cahib chi conohel ta
12,2,0,6,cahib,caib,K'OKA'IB_KQDOS,88.88888888888889,ah quib e cahib chi conohel ta
12,2,0,14,vleuh,vleu,UK'U'X_ULEW,88.88888888888889,varal chuvach vleuh xcaminac
12,2,0,25,paca,pacam,PAK'AM,88.88888888888889,xax quehiquic vloc paca vi xe
12,2,0,26,xqui,xquic,IXKIK',88.88888888888889,qha cut conoh xibalba ta xqui
12,2,0,31,puch,xpuch,IXPUCH',88.88888888888889,puch huhunchi ahauab rumal
12,2,0,42,ahau,cahau,K'AJOLOM,88.88888888888889,ahau chamia bac chamia holom
12,2,0,42,ahau,cahau,XPIYAKOK,88.88888888888889,ahau chamia bac chamia holom
12,2,0,42,ahau,cahau,JUN_JUNAJPU,88.88888888888889,ahau chamia bac chamia holom
12,2,0,42,ahau,aha u,JUN_KAME',88.88888888888889,ahau chamia bac chamia holom
12,2,0,42,ahau,aha u,RAJAWAL_XIB'ALB'A,88.88888888888889,ahau chamia bac chamia holom
12,2,0,42,ahau,cahau,XA_Q'ANA_JAL,88.88888888888889,ahau chamia bac chamia holom
12,2,0,42,ahau,aha u,TOJIL,88.88888888888889,ahau chamia bac chamia holom
12,2,0,42,ahau,cahau,K'O'AJAW_AKDOS,88.88888888888889,ahau chamia bac chamia holom
13,1,0,2,ahau,cahau,K'AJOLOM,88.88888888888889,chicuri ahau ahalmez ahaltocob
13,1,0,2,ahau,cahau,XPIYAKOK,88.88888888888889,chicuri ahau ahalmez ahaltocob
13,1,0,2,ahau,cahau,JUN_JUNAJPU,88.88888888888889,chicuri ahau ahalmez ahaltocob
13,1,0,2,ahau,aha u,JUN_KAME',88.88888888888889,chicuri ahau ahalmez ahaltocob
13,1,0,2,ahau,aha u,RAJAWAL_XIB'ALB'A,88.88888888888889,chicuri ahau ahalmez ahaltocob
13,1,0,2,ahau,cahau,XA_Q'ANA_JAL,88.88888888888889,chicuri ahau ahalmez ahaltocob
13,1,0,2,ahau,aha u,TOJIL,88.88888888888889,chicuri ahau ahalmez ahaltocob
13,1,0,2,ahau,cahau,K'O'AJAW_AKDOS,88.88888888888889,chicuri ahau ahalmez ahaltocob
13,1,0,10,ahau,cahau,K'AJOLOM,88.88888888888889,ahau xic patan quibi are cahaua
13,1,0,10,ahau,cahau,XPIYAKOK,88.88888888888889,ahau xic patan quibi are cahaua
13,1,0,10,ahau,cahau,JUN_JUNAJPU,88.88888888888889,ahau xic patan quibi are cahaua
13,1,0,10,ahau,aha u,JUN_KAME',88.88888888888889,ahau xic patan quibi are cahaua
13,1,0,10,ahau,aha u,RAJAWAL_XIB'ALB'A,88.88888888888889,ahau xic patan quibi are cahaua
13,1,0,10,ahau,cahau,XA_Q'ANA_JAL,88.88888888888889,ahau xic patan quibi are cahaua
13,1,0,10,ahau,aha u,TOJIL,88.88888888888889,ahau xic patan quibi are cahaua
13,1,0,10,ahau,cahau,K'O'AJAW_AKDOS,88.88888888888889,ahau xic patan quibi are cahaua
13,1,0,12,quic,xquic,IXKIK',88.88888888888889,camic chuqhaxic chipe quic pu
13,1,0,13,quic,xquic,IXKIK',88.88888888888889,chi ta chicamic chuxauah quic
13,1,0,21,puch,xpuch,IXPUCH',88.88888888888889,puch hun hunahpu vvcub
13,1,0,26,quica,quic,KIK',88.88888888888889,vach vach zot puch quica uu
13,1,0,26,vach vach,yach vach,YACHWACH,88.88888888888889,vach vach zot puch quica uu
13,1,1,44,quehe,queh,KEJ,88.88888888888889,tzih cacamaihah qui chi quehe
13,2,0,14,cahib,caib,JUN_B'ATZ'_JUN_CHOWEN,88.88888888888889,e cahib ri zamahel rahpop achi
13,2,0,14,cahib,caib,K'OKA'IB_KQDOS,88.88888888888889,e cahib ri zamahel rahpop achi
13,2,0,25,quiripat,xiquiripat,XIKIRIPAT,88.88888888888889,quiripat cuchumaquic ahal
13,2,0,29,vvcub ca,vvcub came,WUQUB'_KAME',88.88888888888889,qha ahau hun came vvcub ca
13,2,0,30,bala,balam,B'ALAM,88.88888888888889,me quitzih bala queqha ohna
13,2,0,33,bala,balam,B'ALAM,88.88888888888889,uab vtz bala cohiuoiobeh na
13,2,0,37,cahau,ahau,WUQUB'_KAQIX,88.88888888888889,minac oc qui cahau hona ixca
13,2,0,37,cahau,ahau,JUN_KAME',88.88888888888889,minac oc qui cahau hona ixca
13,2,0,37,cahau,ahau,RAJAWAL_XIB'ALB'A,88.88888888888889,minac oc qui cahau hona ixca
13,2,0,37,cahau,ahau,JUN_KAME'_WUQUB'_KAME',88.88888888888889,minac oc qui cahau hona ixca
13,2,0,37,cahau,ahau,JUN_KAME'_WUQUB'_KAME,88.88888888888889,minac oc qui cahau hona ixca
13,2,0,37,cahau,ahau,AWILIX,88.88888888888889,minac oc qui cahau hona ixca
13,2,0,37,cahau,ahau,JAQAWITZ,88.88888888888889,minac oc qui cahau hona ixca
13,2,0,37,cahau,ahau,NAKXIT,88.88888888888889,minac oc qui cahau hona ixca
13,2,0,37,cahau,ahau,K'OTUJA_KQCUATRO,88.88888888888889,minac oc qui cahau hona ixca
13,2,0,39,ahau,cahau,K'AJOLOM,88.88888888888889,hel ahau camol que quepetoc
13,2,0,39,ahau,cahau,XPIYAKOK,88.88888888888889,hel ahau camol que quepetoc
13,2,0,39,ahau,cahau,JUN_JUNAJPU,88.88888888888889,hel ahau camol que quepetoc
13,2,0,39,ahau,aha u,JUN_KAME',88.88888888888889,hel ahau camol que quepetoc
13,2,0,39,ahau,aha u,RAJAWAL_XIB'ALB'A,88.88888888888889,hel ahau camol que quepetoc
13,2,0,39,ahau,cahau,XA_Q'ANA_JAL,88.88888888888889,hel ahau camol que quepetoc
13,2,0,39,ahau,aha u,TOJIL,88.88888888888889,hel ahau camol que quepetoc
13,2,0,39,ahau,cahau,K'O'AJAW_AKDOS,88.88888888888889,hel ahau camol que quepetoc
13,2,0,41,quic,xquic,IXKIK',88.88888888888889,chicanah cu cana va ca quic
13,2,0,47,puch,xpuch,IXPUCH',88.88888888888889,cochoch chimecoh puch vqux
14,1,0,5,xebec,xbec,TAMASUL,88.88888888888889,xbizonic xeqha ta xebec hun hu
14,1,1,7,puch,xpuch,IXPUCH',88.88888888888889,c ate puch ta xebec hun hun
14,1,1,7,xebec,xbec,TAMASUL,88.88888888888889,c ate puch ta xebec hun hun
14,1,1,15,zimah,zima,TZIMA,88.88888888888889,pan halhal ha zimah maui ahi
14,1,1,16,zimah,zima,TZIMA,88.88888888888889,lan zimah xeicovi maui xeto
14,1,1,26,cahib,caib,JUN_B'ATZ'_JUN_CHOWEN,88.88888888888889,be cahib be are cut xqhau
14,1,1,26,cahib,caib,K'OKA'IB_KQDOS,88.88888888888889,be cahib be are cut xqhau
14,1,1,28,ahau,cahau,K'AJOLOM,88.88888888888889,vbe ahau xqhau ri be chiricut
14,1,1,28,ahau,cahau,XPIYAKOK,88.88888888888889,vbe ahau xqhau ri be chiricut
14,1,1,28,ahau,cahau,JUN_JUNAJPU,88.88888888888889,vbe ahau xqhau ri be chiricut
14,1,1,28,ahau,aha u,JUN_KAME',88.88888888888889,vbe ahau xqhau ri be chiricut
14,1,1,28,ahau,cahau,XA_Q'ANA_JAL,88.88888888888889,vbe ahau xqhau ri be chiricut
14,1,1,28,ahau,aha u,TOJIL,88.88888888888889,vbe ahau xqhau ri be chiricut
14,1,1,28,ahau,cahau,K'O'AJAW_AKDOS,88.88888888888889,vbe ahau xqhau ri be chiricut
14,2,0,14,ichah,chah,CHAAJ,88.88888888888889,hix chiha ve chibe yaoc ichah
14,2,0,14,ichah,icah,IKAJ,88.88888888888889,hix chiha ve chibe yaoc ichah
14,2,0,24,quic,xquic,IXKIK',88.88888888888889,quic cha zaquitoc vbi ri chah
14,2,0,31,chah,chaah,CHAAJ,88.88888888888889,xa hun chi chah zi hom chic xe
14,2,0,38,chah,chaah,CHAAJ,88.88888888888889,ruq qui zic cahulhut ri chah xoc
14,2,0,44,chah,chaah,CHAAJ,88.88888888888889,xechacatah cut xquiquiz ri chah
15,1,0,21,hunhunah,hunhunahpu,JUNAJPU,88.88888888888889,ta xeoc cu apanoc hunhunah
15,1,0,21,hunhunah,hunhunahpu,JUN_JUNAJPU,88.88888888888889,ta xeoc cu apanoc hunhunah
15,1,0,24,chah,chaah,CHAAJ,88.88888888888889,vi ri nu zic aon qovi ri nu chah
15,1,0,26,ahau,cahau,K'AJOLOM,88.88888888888889,cut xcaquizo at ahau vtz bala
15,1,0,26,ahau,cahau,XPIYAKOK,88.88888888888889,cut xcaquizo at ahau vtz bala
15,1,0,26,ahau,cahau,JUN_JUNAJPU,88.88888888888889,cut xcaquizo at ahau vtz bala
15,1,0,26,ahau,aha u,JUN_KAME',88.88888888888889,cut xcaquizo at ahau vtz bala
15,1,0,26,ahau,aha u,RAJAWAL_XIB'ALB'A,88.88888888888889,cut xcaquizo at ahau vtz bala
15,1,0,26,ahau,cahau,XA_Q'ANA_JAL,88.88888888888889,cut xcaquizo at ahau vtz bala
15,1,0,26,ahau,aha u,TOJIL,88.88888888888889,cut xcaquizo at ahau vtz bala
15,1,0,26,ahau,cahau,K'O'AJAW_AKDOS,88.88888888888889,cut xcaquizo at ahau vtz bala
15,1,0,26,bala,balam,B'ALAM,88.88888888888889,cut xcaquizo at ahau vtz bala
15,1,0,27,bala,balam,B'ALAM,88.88888888888889,va camic bala xquiz i quih quix
15,1,0,27,quih,quieh,KEJ,88.88888888888889,va camic bala xquiz i quih quix
15,1,0,29,puch,xpuch,IXPUCH',88.88888888888889,puch varal xchivevah vi ivach
15,1,0,32,chah,chaah,CHAAJ,88.88888888888889,chi pucbal chah vbi xemuc vi
15,2,0,8,xqui,xquic,IXKIK',88.88888888888889,apanoc chuxe che xeqha xqui
15,2,1,17,vmeal,meal,IXTAJ_IXPUCH',88.88888888888889,vmeal hun ahau cuchumaquic
15,2,1,17,ahau,cahau,K'AJOLOM,88.88888888888889,vmeal hun ahau cuchumaquic
15,2,1,17,ahau,cahau,XPIYAKOK,88.88888888888889,vmeal hun ahau cuchumaquic
15,2,1,17,ahau,cahau,JUN_JUNAJPU,88.88888888888889,vmeal hun ahau cuchumaquic
15,2,1,17,ahau,aha u,JUN_KAME',88.88888888888889,vmeal hun ahau cuchumaquic
15,2,1,17,ahau,aha u,RAJAWAL_XIB'ALB'A,88.88888888888889,vmeal hun ahau cuchumaquic
15,2,1,17,ahau,cahau,XA_Q'ANA_JAL,88.88888888888889,vmeal hun ahau cuchumaquic
15,2,1,17,ahau,aha u,TOJIL,88.88888888888889,vmeal hun ahau cuchumaquic
15,2,1,17,ahau,cahau,K'O'AJAW_AKDOS,88.88888888888889,vmeal hun ahau cuchumaquic
15,2,2,20,ahau,cahau,K'AJOLOM,88.88888888888889,al hun ahau cuchumaquic vbi v
15,2,2,20,ahau,cahau,XPIYAKOK,88.88888888888889,al hun ahau cuchumaquic vbi v
15,2,2,20,ahau,cahau,JUN_JUNAJPU,88.88888888888889,al hun ahau cuchumaquic vbi v
15,2,2,20,ahau,aha u,JUN_KAME',88.88888888888889,al hun ahau cuchumaquic vbi v
15,2,2,20,ahau,aha u,RAJAWAL_XIB'ALB'A,88.88888888888889,al hun ahau cuchumaquic vbi v
15,2,2,20,ahau,cahau,XA_Q'ANA_JAL,88.88888888888889,al hun ahau cuchumaquic vbi v
15,2,2,20,ahau,aha u,TOJIL,88.88888888888889,al hun ahau cuchumaquic vbi v
15,2,2,20,ahau,cahau,K'O'AJAW_AKDOS,88.88888888888889,al hun ahau cuchumaquic vbi v
15,2,2,21,cahau,ahau,WUQUB'_KAQIX,88.88888888888889,cahau xquic cut vbi ri capoh ta
15,2,2,21,cahau,ahau,JUN_KAME',88.88888888888889,cahau xquic cut vbi ri capoh ta
15,2,2,21,cahau,ahau,RAJAWAL_XIB'ALB'A,88.88888888888889,cahau xquic cut vbi ri capoh ta
15,2,2,21,cahau,ahau,JUN_KAME'_WUQUB'_KAME',88.88888888888889,cahau xquic cut vbi ri capoh ta
15,2,2,21,cahau,ahau,JUN_KAME'_WUQUB'_KAME,88.88888888888889,cahau xquic cut vbi ri capoh ta
15,2,2,21,cahau,ahau,AWILIX,88.88888888888889,cahau xquic cut vbi ri capoh ta
15,2,2,21,cahau,ahau,JAQAWITZ,88.88888888888889,cahau xquic cut vbi ri capoh ta
15,2,2,21,cahau,ahau,NAKXIT,88.88888888888889,cahau xquic cut vbi ri capoh ta
15,2,2,21,cahau,ahau,K'OTUJA_KQCUATRO,88.88888888888889,cahau xquic cut vbi ri capoh ta
15,2,2,21,xquic,quic,KIK',88.88888888888889,cahau xquic cut vbi ri capoh ta
15,2,2,29,chah,chaah,CHAAJ,88.88888888888889,bal chah tiquilvi hiiaa naqui
16,1,0,8,quehe,queh,KEJ,88.88888888888889,rumal vbaquil quehe cut xa
16,1,0,10,puch,xpuch,IXPUCH',88.88888888888889,vqoheic ve vqahol ahau ve puch
16,1,0,14,ahau,cahau,K'AJOLOM,88.88888888888889,ahau achih naol ahvqhan xa
16,1,0,14,ahau,cahau,XPIYAKOK,88.88888888888889,ahau achih naol ahvqhan xa
16,1,0,14,ahau,aha u,JUN_KAME',88.88888888888889,ahau achih naol ahvqhan xa
16,1,0,14,ahau,aha u,RAJAWAL_XIB'ALB'A,88.88888888888889,ahau achih naol ahvqhan xa
16,1,0,14,ahau,cahau,XA_Q'ANA_JAL,88.88888888888889,ahau achih naol ahvqhan xa
16,1,0,14,ahau,aha u,TOJIL,88.88888888888889,ahau achih naol ahvqhan xa
16,1,0,14,ahau,cahau,K'O'AJAW_AKDOS,88.88888888888889,ahau achih naol ahvqhan xa
16,1,0,15,vmial,mial,IXTAJ_IXPUCH',88.88888888888889,xichicanahic vmial vqahol
16,1,0,24,quehe,queh,KEJ,88.88888888888889,quehe cu vtzalihic chic capoh
16,1,0,33,cahau,ahau,WUQUB'_KAQIX,88.88888888888889,cahau
16,1,0,33,cahau,ahau,JUN_KAME',88.88888888888889,cahau
16,1,0,33,cahau,ahau,RAJAWAL_XIB'ALB'A,88.88888888888889,cahau
16,1,0,33,cahau,ahau,JUN_KAME'_WUQUB'_KAME',88.88888888888889,cahau
16,1,0,33,cahau,ahau,JUN_KAME'_WUQUB'_KAME,88.88888888888889,cahau
16,1,0,33,cahau,ahau,AWILIX,88.88888888888889,cahau
16,1,0,33,cahau,ahau,JAQAWITZ,88.88888888888889,cahau
16,1,0,33,cahau,ahau,NAKXIT,88.88888888888889,cahau
16,1,0,33,cahau,ahau,K'OTUJA_KQCUATRO,88.88888888888889,cahau
16,1,1,34,puch,xpuch,IXPUCH',88.88888888888889,c ate puch vnatahic capoh ru
16,1,1,41,quic,xquic,IXKIK',88.88888888888889,quic ta xoponic cuq ahauab vtz
16,1,1,42,bala,balam,B'ALAM,88.88888888888889,bala chacoto vchi ri tama cubih
16,1,1,45,vmeal,meal,IXTAJ_IXPUCH',88.88888888888889,te cut xutzonoh chirech vmeal a
16,2,0,1,cahau,ahau,WUQUB'_KAQIX,88.88888888888889,val lalnu cahau mahabi achih
16,2,0,1,cahau,ahau,JUN_KAME',88.88888888888889,val lalnu cahau mahabi achih
16,2,0,1,cahau,ahau,RAJAWAL_XIB'ALB'A,88.88888888888889,val lalnu cahau mahabi achih
16,2,0,1,cahau,ahau,JUN_KAME'_WUQUB'_KAME',88.88888888888889,val lalnu cahau mahabi achih
16,2,0,1,cahau,ahau,JUN_KAME'_WUQUB'_KAME,88.88888888888889,val lalnu cahau mahabi achih
16,2,0,1,cahau,ahau,AWILIX,88.88888888888889,val lalnu cahau mahabi achih
16,2,0,1,cahau,ahau,JAQAWITZ,88.88888888888889,val lalnu cahau mahabi achih
16,2,0,1,cahau,ahau,NAKXIT,88.88888888888889,val lalnu cahau mahabi achih
16,2,0,1,cahau,ahau,K'OTUJA_KQCUATRO,88.88888888888889,val lalnu cahau mahabi achih
16,2,0,2,bala,balam,B'ALAM,88.88888888888889,vetaam vvach xqhacut utz bala
16,2,0,7,cahib,caib,JUN_B'ATZ'_JUN_CHOWEN,88.88888888888889,ri tucur e cahib ta xebec quiti
16,2,0,7,cahib,caib,K'OKA'IB_KQDOS,88.88888888888889,ri tucur e cahib ta xebec quiti
16,2,0,7,xebec,xbec,TAMASUL,88.88888888888889,ri tucur e cahib ta xebec quiti
16,2,0,8,xebec,xbec,TAMASUL,88.88888888888889,quem ri zel ta xebec quichelem
16,2,0,15,chah,chaah,CHAAJ,88.88888888888889,pucbal chah quequeta cut maui
16,2,0,28,quech,queh,KEJ,88.88888888888889,ui quech ri qux ta chuxoc ruq
16,2,0,33,quic,xquic,IXKIK',88.88888888888889,came xa quic xa holomax rech
16,2,0,38,puch,xpuch,IXPUCH',88.88888888888889,ri che xelic xcul pazel cate puch
16,2,0,43,quic,xquic,IXKIK',88.88888888888889,colo chila ri quic chupan ri v va
16,2,0,44,quehe,queh,KEJ,88.88888888888889,al ache quehe curi quic rih
16,2,0,44,quic,xquic,IXKIK',88.88888888888889,al ache quehe curi quic rih
16,2,0,47,chuh,chuch,ALOM,88.88888888888889,capoh chuh ache chuqhaxic
16,2,0,47,chuh,chuch,IXMUKANE,88.88888888888889,capoh chuh ache chuqhaxic
16,2,0,47,chuh,chuch,XA_Q'ANA_JAL,88.88888888888889,capoh chuh ache chuqhaxic
16,2,0,47,chuh,chuch,IXOQ_AJAWAB',88.88888888888889,capoh chuh ache chuqhaxic
17,1,0,1,quic,xquic,IXKIK',88.88888888888889,are curi quic xubinaah rumal quic
17,1,0,7,ixtah,xtah,IXTAJ,88.88888888888889,ixtah v va vquexevachaqux chi
17,1,0,18,puch,xpuch,IXPUCH',88.88888888888889,hun came cate puch xquichaquih
17,1,0,21,xqui,xquic,IXKIK',88.88888888888889,chique chuvi quitzih chi quz xqui
17,1,0,22,quic,xquic,IXKIK',88.88888888888889,nao ri vzibel quic are cut e chiqui
17,1,0,25,chau,cahau,K'AJOLOM,88.88888888888889,chihul chau vbi vleuh xzalih chi
17,1,0,25,chau,cahau,XPIYAKOK,88.88888888888889,chihul chau vbi vleuh xzalih chi
17,1,0,25,chau,cahau,JUN_JUNAJPU,88.88888888888889,chihul chau vbi vleuh xzalih chi
17,1,0,25,chau,cahau,XA_Q'ANA_JAL,88.88888888888889,chihul chau vbi vleuh xzalih chi
17,1,0,25,chau,cahau,K'O'AJAW_AKDOS,88.88888888888889,chihul chau vbi vleuh xzalih chi
17,1,0,25,vleuh,vleu,UK'U'X_ULEW,88.88888888888889,chihul chau vbi vleuh xzalih chi
17,1,0,26,quehe,queh,KEJ,88.88888888888889,cu cah oc ri vabanel quehe cut xe
17,1,1,31,xquic,quic,KIK',88.88888888888889,hun choven ta xul ri ixoc xquic v
17,1,1,32,xquic,quic,KIK',88.88888888888889,bi ta xul cut ri ixoc xquic ruq
17,1,1,39,puch,xpuch,IXPUCH',88.88888888888889,alibla in puch alcual la lal chichu
17,1,1,42,e cu caib,e pu caib,KA'IB'_K'AJOLAB',88.88888888888889,pa xecamic chi xibalba e cu caib
17,2,0,16,bala,balam,B'ALAM,88.88888888888889,nutao vhat bala hacama quecha
17,2,0,20,bala,balam,B'ALAM,88.88888888888889,bala xqha cut cate puch ta xbec
17,2,0,23,puch,xpuch,IXPUCH',88.88888888888889,taqueh cut capoh xopon puch chi
17,2,0,46,acam,pacam,PAK'AM,88.88888888888889,mi xquiz acam vloc ri cabix chibe
18,1,2,13,puch,xpuch,IXPUCH',88.88888888888889,puch ri capoh xquic vbi macu xu
18,1,2,13,xquic,quic,KIK',88.88888888888889,puch ri capoh xquic vbi macu xu
18,1,2,19,chach,chah,CHAAJ,88.88888888888889,quitzih chach quichi xqha ri atit
18,1,2,26,puch,xpuch,IXPUCH',88.88888888888889,chibal puch cumal hun batz hun
18,1,2,27,paha,pa ha,B'ALAM_JA,88.88888888888889,chouen maui xe culax paha cu
18,1,2,27,paha,pa ha,SOTZ'I_JA,88.88888888888889,chouen maui xe culax paha cu
18,1,2,30,ahbix,abix,AB'IX,88.88888888888889,e cu nimac p ahzu ahbix ri hun
18,1,2,34,ahbix,abix,AB'IX,88.88888888888889,xeuxic xavixere e ahzu e ahbix
18,1,2,38,cahau,ahau,WUQUB'_KAQIX,88.88888888888889,uquexel qui cahau ri xebe chi
18,1,2,38,cahau,ahau,JUN_KAME',88.88888888888889,uquexel qui cahau ri xebe chi
18,1,2,38,cahau,ahau,RAJAWAL_XIB'ALB'A,88.88888888888889,uquexel qui cahau ri xebe chi
18,1,2,38,cahau,ahau,JUN_KAME'_WUQUB'_KAME',88.88888888888889,uquexel qui cahau ri xebe chi
18,1,2,38,cahau,ahau,JUN_KAME'_WUQUB'_KAME,88.88888888888889,uquexel qui cahau ri xebe chi
18,1,2,38,cahau,ahau,AWILIX,88.88888888888889,uquexel qui cahau ri xebe chi
18,1,2,38,cahau,ahau,JAQAWITZ,88.88888888888889,uquexel qui cahau ri xebe chi
18,1,2,38,cahau,ahau,NAKXIT,88.88888888888889,uquexel qui cahau ri xebe chi
18,1,2,38,cahau,ahau,K'OTUJA_KQCUATRO,88.88888888888889,uquexel qui cahau ri xebe chi
18,1,2,39,cahau,ahau,WUQUB'_KAQIX,88.88888888888889,xibalba caminac vi qui cahau
18,1,2,39,cahau,ahau,JUN_KAME',88.88888888888889,xibalba caminac vi qui cahau
18,1,2,39,cahau,ahau,RAJAWAL_XIB'ALB'A,88.88888888888889,xibalba caminac vi qui cahau
18,1,2,39,cahau,ahau,JUN_KAME'_WUQUB'_KAME',88.88888888888889,xibalba caminac vi qui cahau
18,1,2,39,cahau,ahau,JUN_KAME'_WUQUB'_KAME,88.88888888888889,xibalba caminac vi qui cahau
18,1,2,39,cahau,ahau,AWILIX,88.88888888888889,xibalba caminac vi qui cahau
18,1,2,39,cahau,ahau,JAQAWITZ,88.88888888888889,xibalba caminac vi qui cahau
18,1,2,39,cahau,ahau,NAKXIT,88.88888888888889,xibalba caminac vi qui cahau
18,1,2,39,cahau,ahau,K'OTUJA_KQCUATRO,88.88888888888889,xibalba caminac vi qui cahau
18,2,0,1,anic,zanic,SANIK,88.88888888888889,vvb anic chiquibano huta quih
18,2,0,2,catit,atit,SAQI_NIM_AQ_SIS,88.88888888888889,maui queloq'oxic rumal ri catit
18,2,0,2,catit,atit,XMUKANE,88.88888888888889,maui queloq'oxic rumal ri catit
18,2,0,9,qui q,quiq,KIK',88.88888888888889,caquilo cucaam cut qui q ' iquin
18,2,0,16,ahau,cahau,K'AJOLOM,88.88888888888889,ri hun ahau xbalanque mahabi
18,2,0,16,ahau,cahau,XPIYAKOK,88.88888888888889,ri hun ahau xbalanque mahabi
18,2,0,16,ahau,cahau,JUN_JUNAJPU,88.88888888888889,ri hun ahau xbalanque mahabi
18,2,0,16,ahau,aha u,JUN_KAME',88.88888888888889,ri hun ahau xbalanque mahabi
18,2,0,16,ahau,aha u,RAJAWAL_XIB'ALB'A,88.88888888888889,ri hun ahau xbalanque mahabi
18,2,0,16,ahau,cahau,XA_Q'ANA_JAL,88.88888888888889,ri hun ahau xbalanque mahabi
18,2,0,16,ahau,aha u,TOJIL,88.88888888888889,ri hun ahau xbalanque mahabi
18,2,0,16,ahau,cahau,K'O'AJAW_AKDOS,88.88888888888889,ri hun ahau xbalanque mahabi
18,2,0,17,qui q,quiq,KIK',88.88888888888889,chic qui q ' iquin cucaam xeoc vl
18,2,0,20,hun ah pu,hun aha u,JUN_KAME'_WUQUB'_KAME,88.88888888888889,xevqhax cut ri hun ah pu xbalan
18,2,0,40,xebec,xbec,TAMASUL,88.88888888888889,curi catz ta xebec xquitiquiba chi
19,1,0,19,xebec,xbec,TAMASUL,88.88888888888889,nima huyub xebec patac quiche
19,1,0,21,quehe,queh,KEJ,88.88888888888889,chucab tac che quehe cut quicha
19,1,0,26,catit,atit,SAQI_NIM_AQ_SIS,88.88888888888889,xeoponic ruq catit ruq pu qui
19,1,0,26,catit,atit,XMUKANE,88.88888888888889,xeoponic ruq catit ruq pu qui
19,1,0,29,xebec,xbec,TAMASUL,88.88888888888889,mi xebec queheri e chicop chic
19,1,0,32,quehe,queh,KEJ,88.88888888888889,pu xinichiquiba mata quehe xi
19,1,0,39,catit,atit,SAQI_NIM_AQ_SIS,88.88888888888889,catit la qui mi xtzeenic catihana
19,1,0,39,catit,atit,XMUKANE,88.88888888888889,catit la qui mi xtzeenic catihana
19,1,0,40,quih,quieh,KEJ,88.88888888888889,qui quih xeqha cut cate puch x
19,1,0,40,puch,xpuch,IXPUCH',88.88888888888889,qui quih xeqha cut cate puch x
19,1,0,41,hun ahpu x,hun ahpu,JUNAJPU,88.88888888888889,quitiquiba zuanic hun ahpu x coy
19,1,0,41,hun ahpu x,hun ahpu,JUN_JUNAJPU,88.88888888888889,quitiquiba zuanic hun ahpu x coy
19,1,1,45,puch,xpuch,IXPUCH',88.88888888888889,qui cohom ta xcube puch ri catit
19,2,0,3,puch,xpuch,IXPUCH',88.88888888888889,ta xevlic cate puch ta xmucun ri
19,2,0,6,xebec,xbec,TAMASUL,88.88888888888889,xacu huzu xebec maui xil chi
19,2,0,18,catit,atit,SAQI_NIM_AQ_SIS,88.88888888888889,chi xtzeen chiri catit quitzih tze
19,2,0,18,catit,atit,XMUKANE,88.88888888888889,chi xtzeen chiri catit quitzih tze
19,2,0,28,catit,atit,SAQI_NIM_AQ_SIS,88.88888888888889,cu chucuiuca vtze ri catit xe
19,2,0,28,catit,atit,XMUKANE,88.88888888888889,cu chucuiuca vtze ri catit xe
19,2,0,34,catit,atit,SAQI_NIM_AQ_SIS,88.88888888888889,cate xpocolih chi vtze ri catit
19,2,0,34,catit,atit,XMUKANE,88.88888888888889,cate xpocolih chi vtze ri catit
19,2,0,41,catit,atit,SAQI_NIM_AQ_SIS,88.88888888888889,chire catit mi cu xcatiho ixca
19,2,0,41,catit,atit,XMUKANE,88.88888888888889,chire catit mi cu xcatiho ixca
20,1,0,3,ahbix,abix,AB'IX,88.88888888888889,ahbix ri oher vinac are puch chu
20,1,0,4,quih,quieh,KEJ,88.88888888888889,zi quih ri ahzib ahcot oher xechi
20,1,0,11,ahbix,abix,AB'IX,88.88888888888889,ch chic xavi xere e ahzu e ahbix
20,1,0,13,ratit,atit,SAQI_NIM_AQ_SIS,88.88888888888889,ratit rug pu quichuch
20,1,0,13,ratit,atit,XMUKANE,88.88888888888889,ratit rug pu quichuch
20,1,1,15,catit,atit,SAQI_NIM_AQ_SIS,88.88888888888889,qui cutbal quib chuvach catit chu
20,1,1,15,catit,atit,XMUKANE,88.88888888888889,qui cutbal quib chuvach catit chu
20,1,1,19,qui quexel,qui quel,KIK',88.88888888888889,qolic oh ivi oh qui quexel catz
20,1,1,22,xebec,xbec,TAMASUL,88.88888888888889,na qui xoquem xebec ruq huhun
20,1,1,24,catit,atit,SAQI_NIM_AQ_SIS,88.88888888888889,ch ta xquipixab cu catit chire
20,1,1,24,catit,atit,XMUKANE,88.88888888888889,ch ta xquipixab cu catit chire
20,1,1,25,quih,quieh,KEJ,88.88888888888889,vyaic qui va chiticoh na quih chi
20,1,1,27,catit,atit,SAQI_NIM_AQ_SIS,88.88888888888889,la ixvi xqha cut ri catit cate cut
20,1,1,27,catit,atit,XMUKANE,88.88888888888889,la ixvi xqha cut ri catit cate cut
20,1,1,31,xqui,xquic,IXKIK',88.88888888888889,vleu macu qui chitahin ri mi xqui
20,1,1,46,catit,atit,SAQI_NIM_AQ_SIS,88.88888888888889,chavil ri catit chipetic iaol ca va
20,1,1,46,catit,atit,XMUKANE,88.88888888888889,chavil ri catit chipetic iaol ca va
20,2,0,12,quih,quieh,KEJ,88.88888888888889,quih vvebalche puholom que
20,2,0,14,catit,atit,SAQI_NIM_AQ_SIS,88.88888888888889,xil rumal catit catecut queva
20,2,0,14,catit,atit,XMUKANE,88.88888888888889,xil rumal catit catecut queva
20,2,0,19,quih,quieh,KEJ,88.88888888888889,loc chiqui qui quih chiquiiuc puch
20,2,0,20,catit,atit,SAQI_NIM_AQ_SIS,88.88888888888889,cacan qui eab chuvach catit taxe
20,2,0,20,catit,atit,XMUKANE,88.88888888888889,cacan qui eab chuvach catit taxe
20,2,0,23,caam,camam,SAQI_NIM_AQ_SIS,88.88888888888889,chic ronohel che caam vchapom
20,2,0,23,caam,camam,XA_Q'ANA_JAL,88.88888888888889,chic ronohel che caam vchapom
20,2,0,30,xqui,xquic,IXKIK',88.88888888888889,are xebanouic xahun acab xqui
20,2,0,43,catit,atit,SAQI_NIM_AQ_SIS,88.88888888888889,catit chire pu qui chuch xcohbe
20,2,0,43,catit,atit,XMUKANE,88.88888888888889,catit chire pu qui chuch xcohbe
21,1,0,12,xqui,xquic,IXKIK',88.88888888888889,pih chic queh vmul xacu chuhe xqui
21,1,0,23,xqui,xquic,IXKIK',88.88888888888889,cut pacatri cho cate puch xqui
21,1,0,29,quica,quic,KIK',88.88888888888889,hun ahpu xbalanque mata quica
21,2,0,2,quic,xquic,IXKIK',88.88888888888889,xquitao vtzihel quic taxubih
21,2,0,13,catit,atit,SAQI_NIM_AQ_SIS,88.88888888888889,nic goruqhaxic ri catit xahu
21,2,0,13,catit,atit,XMUKANE,88.88888888888889,nic goruqhaxic ri catit xahu
21,2,0,17,cati,catit,IXMUKANE,88.88888888888889,vi putumha xapa cati caquil
21,2,0,17,cati,canti,K'ANTI',88.88888888888889,vi putumha xapa cati caquil
21,2,1,24,paha,pa ha,B'ALAM_JA,88.88888888888889,paha huncu xoc xiquinha libah
21,2,1,24,paha,pa ha,SOTZ'I_JA,88.88888888888889,paha huncu xoc xiquinha libah
21,2,1,25,xqui,xquic,IXKIK',88.88888888888889,chi xuya acanoc ri cho ta xqui
21,2,1,26,catit,atit,SAQI_NIM_AQ_SIS,88.88888888888889,tzonoh cut qui va chire catit xa
21,2,1,26,catit,atit,XMUKANE,88.88888888888889,tzonoh cut qui va chire catit xa
21,2,1,27,cati,catit,IXMUKANE,88.88888888888889,chicutu cati cacaraihri cutum ic ix
21,2,1,27,cati,canti,K'ANTI',88.88888888888889,chicutu cati cacaraihri cutum ic ix
21,2,1,28,catit,atit,SAQI_NIM_AQ_SIS,88.88888888888889,catit xeqha cut cate cut xcut qui
21,2,1,28,catit,atit,XMUKANE,88.88888888888889,catit xeqha cut cate cut xcut qui
21,2,1,30,catit,atit,SAQI_NIM_AQ_SIS,88.88888888888889,xavi quimichbal re catit quichuch pu
21,2,1,30,catit,atit,XMUKANE,88.88888888888889,xavi quimichbal re catit quichuch pu
21,2,1,33,catit,atit,SAQI_NIM_AQ_SIS,88.88888888888889,xeqha chire catit ve xqha cut ta
21,2,1,33,catit,atit,XMUKANE,88.88888888888889,xeqha chire catit ve xqha cut ta
21,2,1,38,quic,xquic,IXKIK',88.88888888888889,quic xequelvi puvi ha taxquilo pa
22,1,0,5,catit,atit,SAQI_NIM_AQ_SIS,88.88888888888889,ruq catit chiya catahin curi catit
22,1,0,5,catit,atit,XMUKANE,88.88888888888889,ruq catit chiya catahin curi catit
22,1,0,12,catit,atit,SAQI_NIM_AQ_SIS,88.88888888888889,catit libah chicut xquitzapihchic
22,1,0,12,catit,atit,XMUKANE,88.88888888888889,catit libah chicut xquitzapihchic
22,1,0,14,quehe,queh,KEJ,88.88888888888889,vach catit quehe cut vcanaic quic
22,1,0,14,quic,xquic,IXKIK',88.88888888888889,vach catit quehe cut vcanaic quic
22,1,1,16,xebec,xbec,TAMASUL,88.88888888888889,q uequicot chicut xebec echaa
22,1,1,16,echaa,chaa,CHAAJ,88.88888888888889,q uequicot chicut xebec echaa
22,1,1,36,catit,atit,SAQI_NIM_AQ_SIS,88.88888888888889,pon ruq catit arecut quechahic
22,1,1,36,catit,atit,XMUKANE,88.88888888888889,pon ruq catit arecut quechahic
22,1,1,39,ri vzamahel xibalba,vzamahel xibal ba,JUN_WINAQ,88.88888888888889,xeqha cut ri vzamahel xibalba ta
22,1,1,39,vzamahel xibalba ta,vzamahel xibal ba,JUN_WINAQ,88.88888888888889,xeqha cut ri vzamahel xibalba ta
22,2,0,3,catit,atit,SAQI_NIM_AQ_SIS,88.88888888888889,xqhari catit quz choc paha vtuquel
22,2,0,3,catit,atit,XMUKANE,88.88888888888889,xqhari catit quz choc paha vtuquel
22,2,0,3,paha,pa ha,B'ALAM_JA,88.88888888888889,xqhari catit quz choc paha vtuquel
22,2,0,3,paha,pa ha,SOTZ'I_JA,88.88888888888889,xqhari catit quz choc paha vtuquel
22,2,0,22,anic,zanic,SANIK,88.88888888888889,anic va xcohopon chanim vtzba
22,2,0,30,inzamahel,ixzamahel,USAMAJEL_XIB'ALB'A,88.88888888888889,caz inzamahel qonutzih chinu
23,1,1,5,vbaca,vbac,B'AQ,88.88888888888889,cutacal vbaca vvb chu baca vvach
23,1,1,7,chapa,chaa,CHAAJ,88.88888888888889,cut xbe qui chapa cate xquitzo
23,1,1,12,bala,balam,B'ALAM,88.88888888888889,vtz bala xeqhacut cate xquelezah
23,1,1,13,quic,xquic,IXKIK',88.88888888888889,zcaquin rih quic ri chaah xquicoh
23,1,1,14,quic,xquic,IXKIK',88.88888888888889,chiv vach ri vac lotz quic xubi
23,1,1,22,qui quil,quixo quil,IXOQ_AJAWAB',88.88888888888889,pa ata qui quil catzihonoc xu
23,1,1,28,qaho,qahol,K'AJOLOM,88.88888888888889,tecut xrah chaii ' c cumal qaho
23,1,1,28,qaho,qahol,TAMASUL,88.88888888888889,tecut xrah chaii ' c cumal qaho
23,1,1,34,xqui,xquic,IXKIK',88.88888888888889,ec xrech cumal qaholab xqui
23,1,1,38,quehe,queh,KEJ,88.88888888888889,quehe cut xchacatah vi rixpec
23,1,1,39,xqui,xquic,IXKIK',88.88888888888889,maui calah vvach recha xqui
23,2,0,9,catit,atit,SAQI_NIM_AQ_SIS,88.88888888888889,petic xeopon cut ruq catit xa
23,2,0,9,catit,atit,XMUKANE,88.88888888888889,petic xeopon cut ruq catit xa
23,2,0,10,catit,atit,SAQI_NIM_AQ_SIS,88.88888888888889,e pixabai chire catit xebec
23,2,0,10,catit,atit,XMUKANE,88.88888888888889,e pixabai chire catit xebec
23,2,0,10,xebec,xbec,TAMASUL,88.88888888888889,e pixabai chire catit xebec
23,2,1,20,quic,xquic,IXKIK',88.88888888888889,quic qo retal catzih cacanahic
23,2,1,21,xebec,xbec,TAMASUL,88.88888888888889,ivvq xeqha ta xebec hun xu
23,2,1,37,cahib,caib,JUN_B'ATZ'_JUN_CHOWEN,88.88888888888889,xeel chicu apanoc pa cahib xal
23,2,1,37,cahib,caib,K'OKA'IB_KQDOS,88.88888888888889,xeel chicu apanoc pa cahib xal
24,1,0,3,xqui,xquic,IXKIK',88.88888888888889,be culel e cautalic nabe cut xqui
24,1,0,13,roo culel,rox culel,JUN_KAME',88.88888888888889,xqha chi roo culel ahi ahi xqha
24,1,0,39,quic,xquic,IXKIK',88.88888888888889,culel ahi naqui quic xic qha
24,2,0,9,xebec,xbec,TAMASUL,88.88888888888889,lan que cate cut ta xebec ta xe
24,2,0,13,ahau,cahau,K'AJOLOM,88.88888888888889,ahau ri xa poy ahamche ri xe
24,2,0,13,ahau,cahau,XPIYAKOK,88.88888888888889,ahau ri xa poy ahamche ri xe
24,2,0,13,ahau,cahau,JUN_JUNAJPU,88.88888888888889,ahau ri xa poy ahamche ri xe
24,2,0,13,ahau,aha u,JUN_KAME',88.88888888888889,ahau ri xa poy ahamche ri xe
24,2,0,13,ahau,cahau,XA_Q'ANA_JAL,88.88888888888889,ahau ri xa poy ahamche ri xe
24,2,0,13,ahau,aha u,TOJIL,88.88888888888889,ahau ri xa poy ahamche ri xe
24,2,0,13,ahau,cahau,K'O'AJAW_AKDOS,88.88888888888889,ahau ri xa poy ahamche ri xe
24,2,0,21,quic,xquic,IXKIK',88.88888888888889,ta patan calata quic re calata
24,2,0,22,vquic,quic,KIK',88.88888888888889,vquic xic rixcac xeqha taxeopo
24,2,0,32,paha,pa ha,B'ALAM_JA,88.88888888888889,vbala xabahix paha xevchaxic
24,2,0,32,paha,pa ha,SOTZ'I_JA,88.88888888888889,vbala xabahix paha xevchaxic
24,2,0,43,chah,chaah,CHAAJ,88.88888888888889,u chul quiya chic ri chah zaca
24,2,0,45,ahau,cahau,K'AJOLOM,88.88888888888889,cacha ahau xqha zamahel ta
24,2,0,45,ahau,cahau,XPIYAKOK,88.88888888888889,cacha ahau xqha zamahel ta
24,2,0,45,ahau,cahau,JUN_JUNAJPU,88.88888888888889,cacha ahau xqha zamahel ta
24,2,0,45,ahau,aha u,RAJAWAL_XIB'ALB'A,88.88888888888889,cacha ahau xqha zamahel ta
24,2,0,45,ahau,cahau,XA_Q'ANA_JAL,88.88888888888889,cacha ahau xqha zamahel ta
24,2,0,45,ahau,aha u,TOJIL,88.88888888888889,cacha ahau xqha zamahel ta
24,2,0,45,ahau,cahau,K'O'AJAW_AKDOS,88.88888888888889,cacha ahau xqha zamahel ta
25,1,0,2,chah,chaah,CHAAJ,88.88888888888889,que heri chah xquilo varanel are
25,1,0,6,chah,chaah,CHAAJ,88.88888888888889,macuhabi xquiz ri chah xavi xe
25,1,0,26,quic,xquic,IXKIK',88.88888888888889,ba chicacoh ri va ca quic xeqha
25,1,0,34,bala,balam,B'ALAM,88.88888888888889,habi xeqha xibalba vtz bala
25,1,0,40,vleuh,vleu,UK'U'X_ULEW,88.88888888888889,nic xbe he chua tac vleuh
25,2,0,8,quic,xquic,IXKIK',88.88888888888889,cut are cu xocri qui quic ta
25,2,0,9,xqui,xquic,IXKIK',88.88888888888889,xcah cu chaah cate cut ta xqui
25,2,0,20,qui cha ah,quichaah,CHAAJ,88.88888888888889,qui cha ah hunam qui chucab tzatz
25,2,0,32,acaba,acab,B'ALAM_AQ'AB',88.88888888888889,vtzbala acaba chicut cohcha
26,1,0,3,qui chacon,qui chac,KA'IB'_K'AJOLAB',88.88888888888889,vvach cotzih qui chacon ahauab
26,1,0,20,huyu,huyub,JAQAWITZ_JUYUB',88.88888888888889,huyu puhuyu chachic ta cho
26,1,0,33,cahib,caib,JUN_B'ATZ'_JUN_CHOWEN,88.88888888888889,libah chicut xnoh cahib zel co
26,1,0,33,cahib,caib,K'OKA'IB_KQDOS,88.88888888888889,libah chicut xnoh cahib zel co
26,1,0,36,ahau,cahau,K'AJOLOM,88.88888888888889,conel que petoc caqha ahau hu
26,1,0,36,ahau,cahau,XPIYAKOK,88.88888888888889,conel que petoc caqha ahau hu
26,1,0,36,ahau,cahau,JUN_JUNAJPU,88.88888888888889,conel que petoc caqha ahau hu
26,1,0,36,ahau,aha u,JUN_KAME',88.88888888888889,conel que petoc caqha ahau hu
26,1,0,36,ahau,cahau,XA_Q'ANA_JAL,88.88888888888889,conel que petoc caqha ahau hu
26,1,0,36,ahau,aha u,TOJIL,88.88888888888889,conel que petoc caqha ahau hu
26,1,0,36,ahau,cahau,K'O'AJAW_AKDOS,88.88888888888889,conel que petoc caqha ahau hu
26,1,0,38,bala,balam,B'ALAM,88.88888888888889,xevqhax cut qaholab vtz bala
26,1,0,40,cahib,caib,JUN_B'ATZ'_JUN_CHOWEN,88.88888888888889,tzih cahib zel ta xebec ta xeo
26,1,0,40,cahib,caib,K'OKA'IB_KQDOS,88.88888888888889,tzih cahib zel ta xebec ta xeo
26,1,0,42,caam,camam,SAQI_NIM_AQ_SIS,88.88888888888889,vab cu caam cotzih quz v vach
26,1,0,42,caam,camam,XA_Q'ANA_JAL,88.88888888888889,vab cu caam cotzih quz v vach
26,1,0,44,qaho,qahol,K'AJOLOM,88.88888888888889,ba xa zanic xquitac ri qaho
26,1,0,44,qaho,qahol,TAMASUL,88.88888888888889,ba xa zanic xquitac ri qaho
26,2,0,7,ahau,cahau,K'AJOLOM,88.88888888888889,ahau minare xcuyu cahe xe
26,2,0,7,ahau,cahau,XPIYAKOK,88.88888888888889,ahau minare xcuyu cahe xe
26,2,0,7,ahau,cahau,JUN_JUNAJPU,88.88888888888889,ahau minare xcuyu cahe xe
26,2,0,7,ahau,aha u,JUN_KAME',88.88888888888889,ahau minare xcuyu cahe xe
26,2,0,7,ahau,cahau,XA_Q'ANA_JAL,88.88888888888889,ahau minare xcuyu cahe xe
26,2,0,7,ahau,aha u,TOJIL,88.88888888888889,ahau minare xcuyu cahe xe
26,2,0,7,ahau,cahau,K'O'AJAW_AKDOS,88.88888888888889,ahau minare xcuyu cahe xe
26,2,0,8,puch,xpuch,IXPUCH',88.88888888888889,qha cut cate puch xhix quichi
26,2,0,20,qaho,qahol,K'AJOLOM,88.88888888888889,vzbala xeqha qaho
26,2,0,20,qaho,qahol,TAMASUL,88.88888888888889,vzbala xeqha qaho
26,2,1,26,qaho,qahol,K'AJOLOM,88.88888888888889,ina xzach ri teu cumal qaho
26,2,1,26,qaho,qahol,TAMASUL,88.88888888888889,ina xzach ri teu cumal qaho
26,2,2,46,mix xquia,mi xquina,MIXKINA,88.88888888888889,teviri mix xquia quib are qui
27,1,2,19,quica,quic,KIK',88.88888888888889,cop que heri cha quitzam quica
27,1,2,42,cama,camam,SAQI_NIM_AQ_SIS,88.88888888888889,rumal cama zotz cupul chi
27,1,2,42,cama,camam,XA_Q'ANA_JAL,88.88888888888889,rumal cama zotz cupul chi
27,2,0,30,vbaca,vbac,B'AQ,88.88888888888889,xcotox vbaca v vac tzatz chi ahna
28,1,0,1,quehe,queh,KEJ,88.88888888888889,tila vholom quehe ri quitzih v
28,1,0,2,xqui,xquic,IXKIK',88.88888888888889,holom xuxic cate cut ta xqui
28,1,0,11,quic,xquic,IXKIK',88.88888888888889,quic avq cate catelic ca inqui
28,1,1,21,quic,xquic,IXKIK',88.88888888888889,chacaca ri holom chi quic que
28,1,1,24,quic,xquic,IXKIK',88.88888888888889,tzacou quic rahaual xibalba
28,1,1,26,quic,xquic,IXKIK',88.88888888888889,curi quic chuvach bate chita
28,1,1,28,quic,xquic,IXKIK',88.88888888888889,quic chuvi hom xahun xaca
28,1,1,42,quic,xquic,IXKIK',88.88888888888889,cut xquicamixtah chiri quic
28,1,1,44,quic,xquic,IXKIK',88.88888888888889,petoc vae quic que mix cari
28,2,1,19,xqui,xquic,IXKIK',88.88888888888889,bih chic ta xepixabah cut xqui
29,1,0,7,bala,balam,B'ALAM,88.88888888888889,vchax chic cumal are vtz bala
29,1,0,19,qui xqui,qui xoquil,IXOQ_AJAWAB',88.88888888888889,abah queheri chohibal qui xqui
29,1,0,27,xebec,xbec,TAMASUL,88.88888888888889,bala xeqha cut anim xebec
29,1,0,31,xicah,icah,IKAJ,88.88888888888889,tacmul tah chica xicah chica
29,1,0,37,xqui,xquic,IXKIK',88.88888888888889,vachih qui vach xqui rip qui
29,1,0,41,xebec,xbec,TAMASUL,88.88888888888889,huh ta xebec pa choh chiri
29,2,0,2,tixoc,ixoc,IXKIK',88.88888888888889,quil xbe tixoc chi racan a macu
29,2,0,2,tixoc,ixoc,IXOQ_AJAWAB',88.88888888888889,quil xbe tixoc chi racan a macu
29,2,1,14,quih,quieh,KEJ,88.88888888888889,pu quih atziiac cut qui cu mana
29,2,1,18,xqui,xquic,IXKIK',88.88888888888889,xahoh cux xayboy xqui xa
29,2,1,30,quech,queh,KEJ,88.88888888888889,v xenaahic chic chacbal quech
29,2,2,32,puch,xpuch,IXPUCH',88.88888888888889,cate chi puch roponic chic v
30,1,0,12,ixzamahel,inzamahel,TAMASUL,88.88888888888889,vi cacah vi ixzamahel xeq
30,1,0,12,ixzamahel,inzamahel,JUN_WINAQ,88.88888888888889,vi cacah vi ixzamahel xeq
30,1,0,15,xebec,xbec,TAMASUL,88.88888888888889,ra chuvi cax cacrail xebec
30,1,0,16,atan,patan,PATAN,88.88888888888889,maui atan xcah benam quia
30,1,0,19,ahau,cahau,K'AJOLOM,88.88888888888889,ta xebe cut ruq ahau
30,1,0,19,ahau,cahau,XPIYAKOK,88.88888888888889,ta xebe cut ruq ahau
30,1,0,19,ahau,cahau,JUN_JUNAJPU,88.88888888888889,ta xebe cut ruq ahau
30,1,0,19,ahau,aha u,RAJAWAL_XIB'ALB'A,88.88888888888889,ta xebe cut ruq ahau
30,1,0,19,ahau,cahau,XA_Q'ANA_JAL,88.88888888888889,ta xebe cut ruq ahau
30,1,0,19,ahau,aha u,TOJIL,88.88888888888889,ta xebe cut ruq ahau
30,1,0,19,ahau,cahau,K'O'AJAW_AKDOS,88.88888888888889,ta xebe cut ruq ahau
30,1,1,20,puch,xpuch,IXPUCH',88.88888888888889,xeopon puch cuq ahauab
30,1,1,22,xqui,xquic,IXKIK',88.88888888888889,qui vach xeoponic xqui que
30,1,1,27,puch,xpuch,IXPUCH',88.88888888888889,cut quihuyubal camac puch
30,1,1,29,cahau,ahau,WUQUB'_KAQIX,88.88888888888889,cahau apa quixpevi xevqha
30,1,1,29,cahau,ahau,JUN_KAME',88.88888888888889,cahau apa quixpevi xevqha
30,1,1,29,cahau,ahau,RAJAWAL_XIB'ALB'A,88.88888888888889,cahau apa quixpevi xevqha
30,1,1,29,cahau,ahau,JUN_KAME'_WUQUB'_KAME',88.88888888888889,cahau apa quixpevi xevqha
30,1,1,29,cahau,ahau,JUN_KAME'_WUQUB'_KAME,88.88888888888889,cahau apa quixpevi xevqha
30,1,1,29,cahau,ahau,AWILIX,88.88888888888889,cahau apa quixpevi xevqha
30,1,1,29,cahau,ahau,JAQAWITZ,88.88888888888889,cahau apa quixpevi xevqha
30,1,1,29,cahau,ahau,NAKXIT,88.88888888888889,cahau apa quixpevi xevqha
30,1,1,29,cahau,ahau,K'OTUJA_KQCUATRO,88.88888888888889,cahau apa quixpevi xevqha
30,1,1,30,ahau,cahau,K'AJOLOM,88.88888888888889,xic maba quetaon at ahau ma
30,1,1,30,ahau,cahau,XPIYAKOK,88.88888888888889,xic maba quetaon at ahau ma
30,1,1,30,ahau,cahau,JUN_JUNAJPU,88.88888888888889,xic maba quetaon at ahau ma
30,1,1,30,ahau,aha u,JUN_KAME',88.88888888888889,xic maba quetaon at ahau ma
30,1,1,30,ahau,aha u,RAJAWAL_XIB'ALB'A,88.88888888888889,xic maba quetaon at ahau ma
30,1,1,30,ahau,cahau,XA_Q'ANA_JAL,88.88888888888889,xic maba quetaon at ahau ma
30,1,1,30,ahau,aha u,TOJIL,88.88888888888889,xic maba quetaon at ahau ma
30,1,1,30,ahau,cahau,K'O'AJAW_AKDOS,88.88888888888889,xic maba quetaon at ahau ma
30,1,1,38,ahau,cahau,K'AJOLOM,88.88888888888889,chic chire ahau mi xibih ivib
30,1,1,38,ahau,cahau,XPIYAKOK,88.88888888888889,chic chire ahau mi xibih ivib
30,1,1,38,ahau,cahau,JUN_JUNAJPU,88.88888888888889,chic chire ahau mi xibih ivib
30,1,1,38,ahau,aha u,JUN_KAME',88.88888888888889,chic chire ahau mi xibih ivib
30,1,1,38,ahau,aha u,RAJAWAL_XIB'ALB'A,88.88888888888889,chic chire ahau mi xibih ivib
30,1,1,38,ahau,cahau,XA_Q'ANA_JAL,88.88888888888889,chic chire ahau mi xibih ivib
30,1,1,38,ahau,aha u,TOJIL,88.88888888888889,chic chire ahau mi xibih ivib
30,1,1,38,ahau,cahau,K'O'AJAW_AKDOS,88.88888888888889,chic chire ahau mi xibih ivib
30,2,0,13,ahau,aha u,RAJAWAL_XIB'ALB'A,88.88888888888889,ta xquiporoh cut rochoch ahau
30,2,0,21,ahau,cahau,K'AJOLOM,88.88888888888889,rumal ahau chicamizah na
30,2,0,21,ahau,cahau,XPIYAKOK,88.88888888888889,rumal ahau chicamizah na
30,2,0,21,ahau,cahau,JUN_JUNAJPU,88.88888888888889,rumal ahau chicamizah na
30,2,0,21,ahau,aha u,JUN_KAME',88.88888888888889,rumal ahau chicamizah na
30,2,0,21,ahau,aha u,RAJAWAL_XIB'ALB'A,88.88888888888889,rumal ahau chicamizah na
30,2,0,21,ahau,cahau,XA_Q'ANA_JAL,88.88888888888889,rumal ahau chicamizah na
30,2,0,21,ahau,aha u,TOJIL,88.88888888888889,rumal ahau chicamizah na
30,2,0,21,ahau,cahau,K'O'AJAW_AKDOS,88.88888888888889,rumal ahau chicamizah na
30,2,0,22,cuhun,cuun,PISOM_Q'AQ'AL,88.88888888888889,cuhun vinac chipuzu mata
30,2,0,24,bala,balam,B'ALAM,88.88888888888889,bala xeqha taxquichap cut
30,2,0,25,xqui,xquic,IXKIK',88.88888888888889,hun vinac cate xquipuzu xqui
30,2,0,33,ahau,cahau,K'AJOLOM,88.88888888888889,vach xquimaihah cut ahau
30,2,0,33,ahau,cahau,XPIYAKOK,88.88888888888889,vach xquimaihah cut ahau
30,2,0,33,ahau,cahau,JUN_JUNAJPU,88.88888888888889,vach xquimaihah cut ahau
30,2,0,33,ahau,aha u,JUN_KAME',88.88888888888889,vach xquimaihah cut ahau
30,2,0,33,ahau,aha u,RAJAWAL_XIB'ALB'A,88.88888888888889,vach xquimaihah cut ahau
30,2,0,33,ahau,cahau,XA_Q'ANA_JAL,88.88888888888889,vach xquimaihah cut ahau
30,2,0,33,ahau,aha u,TOJIL,88.88888888888889,vach xquimaihah cut ahau
30,2,0,33,ahau,cahau,K'O'AJAW_AKDOS,88.88888888888889,vach xquimaihah cut ahau
30,2,0,37,ahau,cahau,K'AJOLOM,88.88888888888889,ahauab vtzbala at ahau
30,2,0,37,ahau,cahau,XPIYAKOK,88.88888888888889,ahauab vtzbala at ahau
30,2,0,37,ahau,cahau,JUN_JUNAJPU,88.88888888888889,ahauab vtzbala at ahau
30,2,0,37,ahau,aha u,JUN_KAME',88.88888888888889,ahauab vtzbala at ahau
30,2,0,37,ahau,aha u,RAJAWAL_XIB'ALB'A,88.88888888888889,ahauab vtzbala at ahau
30,2,0,37,ahau,cahau,XA_Q'ANA_JAL,88.88888888888889,ahauab vtzbala at ahau
30,2,0,37,ahau,aha u,TOJIL,88.88888888888889,ahauab vtzbala at ahau
30,2,0,37,ahau,cahau,K'O'AJAW_AKDOS,88.88888888888889,ahauab vtzbala at ahau
31,1,0,3,quehe,queh,KEJ,88.88888888888889,quehe quequicot ahauab xavi
31,1,1,21,ahau,cahau,K'AJOLOM,88.88888888888889,ahau hun came vbi rahaual
31,1,1,21,ahau,cahau,XPIYAKOK,88.88888888888889,ahau hun came vbi rahaual
31,1,1,21,ahau,cahau,JUN_JUNAJPU,88.88888888888889,ahau hun came vbi rahaual
31,1,1,21,ahau,aha u,RAJAWAL_XIB'ALB'A,88.88888888888889,ahau hun came vbi rahaual
31,1,1,21,ahau,cahau,XA_Q'ANA_JAL,88.88888888888889,ahau hun came vbi rahaual
31,1,1,21,ahau,aha u,TOJIL,88.88888888888889,ahau hun came vbi rahaual
31,1,1,21,ahau,cahau,K'O'AJAW_AKDOS,88.88888888888889,ahau hun came vbi rahaual
31,1,1,23,vvcub ca,vvcub came,WUQUB'_KAME',88.88888888888889,came taxchap chic vvcub ca
31,1,1,32,ahau,cahau,K'AJOLOM,88.88888888888889,are curi hun ahau xelahna
31,1,1,32,ahau,cahau,XPIYAKOK,88.88888888888889,are curi hun ahau xelahna
31,1,1,32,ahau,cahau,JUN_JUNAJPU,88.88888888888889,are curi hun ahau xelahna
31,1,1,32,ahau,aha u,JUN_KAME',88.88888888888889,are curi hun ahau xelahna
31,1,1,32,ahau,aha u,RAJAWAL_XIB'ALB'A,88.88888888888889,are curi hun ahau xelahna
31,1,1,32,ahau,cahau,XA_Q'ANA_JAL,88.88888888888889,are curi hun ahau xelahna
31,1,1,32,ahau,aha u,TOJIL,88.88888888888889,are curi hun ahau xelahna
31,1,1,32,ahau,cahau,K'O'AJAW_AKDOS,88.88888888888889,are curi hun ahau xelahna
31,1,1,43,quehe,queh,KEJ,88.88888888888889,pa zivan quehe ri xebeyox
31,1,1,46,quehe,queh,KEJ,88.88888888888889,elahoc xeul pu ococ quehe
31,2,0,1,xqui,xquic,IXKIK',88.88888888888889,qui halvachibal quib ta xqui
31,2,1,5,cabi,cabix,AB'IX,88.88888888888889,chitaa cabi xchicabih xch
31,2,1,8,cabi,cabix,AB'IX,88.88888888888889,xbalanque cabi arecu ca ca
31,2,1,12,quehe,queh,KEJ,88.88888888888889,xcol ri cacahau quehe cut mix
31,2,1,14,quehe,queh,KEJ,88.88888888888889,xiban chique quehe cut quix
31,2,1,22,chah,chaah,CHAAJ,88.88888888888889,cute e mucul chi pucbal chah
31,2,1,29,quic,xquic,IXKIK',88.88888888888889,chi quic holomax mavi chahom
31,2,1,30,quic,xquic,IXKIK',88.88888888888889,quic ive xa xot xaacam xa
31,2,1,40,quic,xquic,IXKIK',88.88888888888889,ri quic holomax xevqhax cut
31,2,1,41,quehe,queh,KEJ,88.88888888888889,conohel xibalba quehe cut ti
32,1,0,10,ah au,ahau,WUQUB'_KAQIX,88.88888888888889,quin ri catit chuvach ri ah au
32,1,0,10,ah au,ahau,JUN_KAME',88.88888888888889,quin ri catit chuvach ri ah au
32,1,0,10,ah au,ahau,RAJAWAL_XIB'ALB'A,88.88888888888889,quin ri catit chuvach ri ah au
32,1,0,10,ah au,ahau,JUN_KAME'_WUQUB'_KAME',88.88888888888889,quin ri catit chuvach ri ah au
32,1,0,10,ah au,ahau,JUN_KAME'_WUQUB'_KAME,88.88888888888889,quin ri catit chuvach ri ah au
32,1,0,10,ah au,ahau,AWILIX,88.88888888888889,quin ri catit chuvach ri ah au
32,1,0,10,ah au,ahau,JAQAWITZ,88.88888888888889,quin ri catit chuvach ri ah au
32,1,0,10,ah au,ahau,NAKXIT,88.88888888888889,quin ri catit chuvach ri ah au
32,1,0,10,ah au,ahau,K'OTUJA_KQCUATRO,88.88888888888889,quin ri catit chuvach ri ah au
32,1,0,15,catit,atit,SAQI_NIM_AQ_SIS,88.88888888888889,xcaton ri catit xucat ri pom
32,1,0,15,catit,atit,XMUKANE,88.88888888888889,xcaton ri catit xucat ri pom
32,1,0,16,riah,ri ah,AJ,88.88888888888889,chuvach riah vnatabal quech
32,1,0,16,quech,queh,KEJ,88.88888888888889,chuvach riah vnatabal quech
32,1,0,17,catit,atit,SAQI_NIM_AQ_SIS,88.88888888888889,ri are xquicot vi vqux catit
32,1,0,17,catit,atit,XMUKANE,88.88888888888889,ri are xquicot vi vqux catit
32,1,0,19,catit,atit,SAQI_NIM_AQ_SIS,88.88888888888889,ta xcabauilax rumal catit ta
32,1,0,19,catit,atit,XMUKANE,88.88888888888889,ta xcabauilax rumal catit ta
32,1,0,20,nicah,icah,IKAJ,88.88888888888889,xubinatizah cut nicah ha ni
32,1,0,23,nicah,icah,IKAJ,88.88888888888889,binaah vi nicah ha nicah bichoc
32,1,0,27,chata,chaa,CHAAJ,88.88888888888889,cazam ah chuvi chata vleu
32,1,0,36,cahau,ahau,WUQUB'_KAQIX,88.88888888888889,xquil chicut vvachri qui cahau
32,1,0,36,cahau,ahau,JUN_KAME',88.88888888888889,xquil chicut vvachri qui cahau
32,1,0,36,cahau,ahau,RAJAWAL_XIB'ALB'A,88.88888888888889,xquil chicut vvachri qui cahau
32,1,0,36,cahau,ahau,JUN_KAME'_WUQUB'_KAME',88.88888888888889,xquil chicut vvachri qui cahau
32,1,0,36,cahau,ahau,JUN_KAME'_WUQUB'_KAME,88.88888888888889,xquil chicut vvachri qui cahau
32,1,0,36,cahau,ahau,AWILIX,88.88888888888889,xquil chicut vvachri qui cahau
32,1,0,36,cahau,ahau,JAQAWITZ,88.88888888888889,xquil chicut vvachri qui cahau
32,1,0,36,cahau,ahau,NAKXIT,88.88888888888889,xquil chicut vvachri qui cahau
32,1,0,36,cahau,ahau,K'OTUJA_KQCUATRO,88.88888888888889,xquil chicut vvachri qui cahau
32,1,0,38,cahau,ahau,WUQUB'_KAQIX,88.88888888888889,cahau chiquetax xquichac xi
32,1,0,38,cahau,ahau,JUN_KAME',88.88888888888889,cahau chiquetax xquichac xi
32,1,0,38,cahau,ahau,RAJAWAL_XIB'ALB'A,88.88888888888889,cahau chiquetax xquichac xi
32,1,0,38,cahau,ahau,JUN_KAME'_WUQUB'_KAME',88.88888888888889,cahau chiquetax xquichac xi
32,1,0,38,cahau,ahau,JUN_KAME'_WUQUB'_KAME,88.88888888888889,cahau chiquetax xquichac xi
32,1,0,38,cahau,ahau,AWILIX,88.88888888888889,cahau chiquetax xquichac xi
32,1,0,38,cahau,ahau,JAQAWITZ,88.88888888888889,cahau chiquetax xquichac xi
32,1,0,38,cahau,ahau,NAKXIT,88.88888888888889,cahau chiquetax xquichac xi
32,1,0,38,cahau,ahau,K'OTUJA_KQCUATRO,88.88888888888889,cahau chiquetax xquichac xi
32,1,1,43,chah,chaah,CHAAJ,88.88888888888889,pucbal c hah xavi xere vvach x chah written over chah not sure what was crossed out
32,1,1,43,c hah,chah,CHAAJ,88.88888888888889,pucbal c hah xavi xere vvach x chah written over chah not sure what was crossed out
32,2,0,4,cahau,ahau,WUQUB'_KAQIX,88.88888888888889,qux qui cahau xaui xcanah chi
32,2,0,4,cahau,ahau,JUN_KAME',88.88888888888889,qux qui cahau xaui xcanah chi
32,2,0,4,cahau,ahau,RAJAWAL_XIB'ALB'A,88.88888888888889,qux qui cahau xaui xcanah chi
32,2,0,4,cahau,ahau,JUN_KAME'_WUQUB'_KAME',88.88888888888889,qux qui cahau xaui xcanah chi
32,2,0,4,cahau,ahau,JUN_KAME'_WUQUB'_KAME,88.88888888888889,qux qui cahau xaui xcanah chi
32,2,0,4,cahau,ahau,AWILIX,88.88888888888889,qux qui cahau xaui xcanah chi
32,2,0,4,cahau,ahau,JAQAWITZ,88.88888888888889,qux qui cahau xaui xcanah chi
32,2,0,4,cahau,ahau,NAKXIT,88.88888888888889,qux qui cahau xaui xcanah chi
32,2,0,4,cahau,ahau,K'OTUJA_KQCUATRO,88.88888888888889,qux qui cahau xaui xcanah chi
32,2,0,9,ahol,qahol,K'AJOLOM,88.88888888888889,rumal zaquil al zaquil ahol
32,2,0,9,ahol,qahol,TAMASUL,88.88888888888889,rumal zaquil al zaquil ahol
32,2,0,9,zaquil al,zaqui hal,JAL,88.88888888888889,rumal zaquil al zaquil ahol
32,2,0,11,cahau,ahau,WUQUB'_KAQIX,88.88888888888889,qha chirech qui cahau ta xqui
32,2,0,11,cahau,ahau,JUN_KAME',88.88888888888889,qha chirech qui cahau ta xqui
32,2,0,11,cahau,ahau,RAJAWAL_XIB'ALB'A,88.88888888888889,qha chirech qui cahau ta xqui
32,2,0,11,cahau,ahau,JUN_KAME'_WUQUB'_KAME',88.88888888888889,qha chirech qui cahau ta xqui
32,2,0,11,cahau,ahau,JUN_KAME'_WUQUB'_KAME,88.88888888888889,qha chirech qui cahau ta xqui
32,2,0,11,cahau,ahau,AWILIX,88.88888888888889,qha chirech qui cahau ta xqui
32,2,0,11,cahau,ahau,JAQAWITZ,88.88888888888889,qha chirech qui cahau ta xqui
32,2,0,11,cahau,ahau,NAKXIT,88.88888888888889,qha chirech qui cahau ta xqui
32,2,0,11,cahau,ahau,K'OTUJA_KQCUATRO,88.88888888888889,qha chirech qui cahau ta xqui
32,2,0,11,xqui,xquic,IXKIK',88.88888888888889,qha chirech qui cahau ta xqui
32,2,0,18,quih,quieh,KEJ,88.88888888888889,chicah hun cu quih hun naipu
32,2,0,18,hun naipu,hun nahpu,JUNAJPU,88.88888888888889,chicah hun cu quih hun naipu
32,2,1,26,puch,xpuch,IXPUCH',88.88888888888889,vinac ta xtzucux puch ri choc vtio
32,2,1,31,zaquil al,zaqui hal,JAL,88.88888888888889,tzucul cool zaquil al zaquilqa
32,2,1,36,puch,xpuch,IXPUCH',88.88888888888889,pucuh puch xenaohinic xebizon
32,2,1,37,puch,xpuch,IXPUCH',88.88888888888889,puch varal quehecut xelvia
32,2,1,38,xqui,xquic,IXKIK',88.88888888888889,ponoc qui naoh zaquil calal xqui
32,2,1,41,quih,quieh,KEJ,88.88888888888889,ui cauachin quih ic chumil pa
33,1,0,7,quehe,queh,KEJ,88.88888888888889,quehe cut xequicot vi rumal ri
33,1,0,22,xqui,xquic,IXKIK',88.88888888888889,v eanaal vinac xuxic ta xqui
33,1,0,26,cahau,ahau,WUQUB'_KAQIX,88.88888888888889,canabe chuch cahau xaq'ana
33,1,0,26,cahau,ahau,JUN_KAME',88.88888888888889,canabe chuch cahau xaq'ana
33,1,0,26,cahau,ahau,RAJAWAL_XIB'ALB'A,88.88888888888889,canabe chuch cahau xaq'ana
33,1,0,26,cahau,ahau,JUN_KAME'_WUQUB'_KAME',88.88888888888889,canabe chuch cahau xaq'ana
33,1,0,26,cahau,ahau,JUN_KAME'_WUQUB'_KAME,88.88888888888889,canabe chuch cahau xaq'ana
33,1,0,26,cahau,ahau,AWILIX,88.88888888888889,canabe chuch cahau xaq'ana
33,1,0,26,cahau,ahau,JAQAWITZ,88.88888888888889,canabe chuch cahau xaq'ana
33,1,0,26,cahau,ahau,NAKXIT,88.88888888888889,canabe chuch cahau xaq'ana
33,1,0,26,cahau,ahau,K'OTUJA_KQCUATRO,88.88888888888889,canabe chuch cahau xaq'ana
33,1,0,29,cahib,caib,JUN_B'ATZ'_JUN_CHOWEN,88.88888888888889,hau e cahib chivinac tzac xa
33,1,0,29,cahib,caib,K'OKA'IB_KQDOS,88.88888888888889,hau e cahib chivinac tzac xa
33,1,1,32,quic,xquic,IXKIK',88.88888888888889,quic xebitic are nabe vinac ri
33,1,1,34,lam acab,balam acab,B'ALAM_AQ'AB',88.88888888888889,lam acab roxchi cut mahucutah
33,1,1,36,cahau,ahau,WUQUB'_KAQIX,88.88888888888889,quibi ri canabe chuch cahau
33,1,1,36,cahau,ahau,JUN_KAME',88.88888888888889,quibi ri canabe chuch cahau
33,1,1,36,cahau,ahau,RAJAWAL_XIB'ALB'A,88.88888888888889,quibi ri canabe chuch cahau
33,1,1,36,cahau,ahau,JUN_KAME'_WUQUB'_KAME',88.88888888888889,quibi ri canabe chuch cahau
33,1,1,36,cahau,ahau,JUN_KAME'_WUQUB'_KAME,88.88888888888889,quibi ri canabe chuch cahau
33,1,1,36,cahau,ahau,AWILIX,88.88888888888889,quibi ri canabe chuch cahau
33,1,1,36,cahau,ahau,JAQAWITZ,88.88888888888889,quibi ri canabe chuch cahau
33,1,1,36,cahau,ahau,NAKXIT,88.88888888888889,quibi ri canabe chuch cahau
33,1,1,36,cahau,ahau,K'OTUJA_KQCUATRO,88.88888888888889,quibi ri canabe chuch cahau
33,2,0,9,puch,xpuch,IXPUCH',88.88888888888889,zol vachih chizolmucuh puch
33,2,1,28,puch,xpuch,IXPUCH',88.88888888888889,cut xevqhaxic cate puch xqu
33,2,1,40,catit,atit,SAQI_NIM_AQ_SIS,88.88888888888889,xohvxic at catit at camam xe
33,2,1,40,catit,atit,XMUKANE,88.88888888888889,xohvxic at catit at camam xe
34,1,1,2,quehe,queh,KEJ,88.88888888888889,quehe chicut vcamic chic
34,1,2,24,quehe,queh,KEJ,88.88888888888889,rumal ri vqux cah xmoyic quehe
34,1,2,28,quehe,queh,KEJ,88.88888888888889,qo vi quehe cut vzachic queta
34,1,2,30,cahib,caib,JUN_B'ATZ'_JUN_CHOWEN,88.88888888888889,cahib chi vinac vxe vticaribal que
34,1,2,30,cahib,caib,K'OKA'IB_KQDOS,88.88888888888889,cahib chi vinac vxe vticaribal que
34,1,2,32,cahau,ahau,WUQUB'_KAQIX,88.88888888888889,ca mam ca cahau rumal vqux cah v
34,1,2,32,cahau,ahau,JUN_KAME',88.88888888888889,ca mam ca cahau rumal vqux cah v
34,1,2,32,cahau,ahau,RAJAWAL_XIB'ALB'A,88.88888888888889,ca mam ca cahau rumal vqux cah v
34,1,2,32,cahau,ahau,JUN_KAME'_WUQUB'_KAME',88.88888888888889,ca mam ca cahau rumal vqux cah v
34,1,2,32,cahau,ahau,JUN_KAME'_WUQUB'_KAME,88.88888888888889,ca mam ca cahau rumal vqux cah v
34,1,2,32,cahau,ahau,AWILIX,88.88888888888889,ca mam ca cahau rumal vqux cah v
34,1,2,32,cahau,ahau,JAQAWITZ,88.88888888888889,ca mam ca cahau rumal vqux cah v
34,1,2,32,cahau,ahau,NAKXIT,88.88888888888889,ca mam ca cahau rumal vqux cah v
34,1,2,32,cahau,ahau,K'OTUJA_KQCUATRO,88.88888888888889,ca mam ca cahau rumal vqux cah v
34,1,2,34,puch,xpuch,IXPUCH',88.88888888888889,xoquil puch xuxic xavi ca bauil xnao
34,1,2,35,quehe,queh,KEJ,88.88888888888889,hinchic quehe ri xapa varam xquicam
34,1,2,41,caha,cahau,K'AJOLOM,88.88888888888889,quixoquil va caha paluna vbi rixo
34,1,2,41,caha,cahau,XPIYAKOK,88.88888888888889,quixoquil va caha paluna vbi rixo
34,1,2,41,caha,cahau,JUN_JUNAJPU,88.88888888888889,quixoquil va caha paluna vbi rixo
34,1,2,41,caha,cahau,XA_Q'ANA_JAL,88.88888888888889,quixoquil va caha paluna vbi rixo
34,1,2,41,caha,cahau,K'O'AJAW_AKDOS,88.88888888888889,quixoquil va caha paluna vbi rixo
34,2,0,1,quech,queh,KEJ,88.88888888888889,cut vxe quech ri oh quiche vinac
34,2,0,3,cahib,caib,JUN_B'ATZ'_JUN_CHOWEN,88.88888888888889,mana xa e cahib chic xuxic xere
34,2,0,3,cahib,caib,K'OKA'IB_KQDOS,88.88888888888889,mana xa e cahib chic xuxic xere
34,2,0,4,cahib,caib,JUN_B'ATZ'_JUN_CHOWEN,88.88888888888889,cahib ri qui chuch oh quiche vinac
34,2,0,4,cahib,caib,K'OKA'IB_KQDOS,88.88888888888889,cahib ri qui chuch oh quiche vinac
34,2,0,6,quih,quieh,KEJ,88.88888888888889,ta xpocotahic chila chirelebal quih
34,2,0,8,cohah,chah,CHAAJ,88.88888888888889,man cohah quenech ahau chuch
34,2,0,8,ahau,cahau,K'AJOLOM,88.88888888888889,man cohah quenech ahau chuch
34,2,0,8,ahau,cahau,XPIYAKOK,88.88888888888889,man cohah quenech ahau chuch
34,2,0,8,ahau,cahau,JUN_JUNAJPU,88.88888888888889,man cohah quenech ahau chuch
34,2,0,8,ahau,aha u,JUN_KAME',88.88888888888889,man cohah quenech ahau chuch
34,2,0,8,ahau,aha u,RAJAWAL_XIB'ALB'A,88.88888888888889,man cohah quenech ahau chuch
34,2,0,8,ahau,cahau,XA_Q'ANA_JAL,88.88888888888889,man cohah quenech ahau chuch
34,2,0,8,ahau,aha u,TOJIL,88.88888888888889,man cohah quenech ahau chuch
34,2,0,8,ahau,cahau,K'O'AJAW_AKDOS,88.88888888888889,man cohah quenech ahau chuch
34,2,0,12,relebal quih,ahrele bal quih,NAKXIT,88.88888888888889,hun xpevi chila relebal quih ba
34,2,0,13,vmam,v mam,KAWEQ,88.88888888888889,lam quitze vmam vcahau beleheb
34,2,0,15,vmam,v mam,KAWEQ,88.88888888888889,vmam vcahau beleheb nim ha chi
34,2,0,16,vmam,v mam,KAWEQ,88.88888888888889,nimhaibab mahutah vmam v
34,2,0,17,cahau,ahau,WUQUB'_KAQIX,88.88888888888889,cahau cahib nim ha chi ahau qui
34,2,0,17,cahau,ahau,JUN_KAME',88.88888888888889,cahau cahib nim ha chi ahau qui
34,2,0,17,cahau,ahau,RAJAWAL_XIB'ALB'A,88.88888888888889,cahau cahib nim ha chi ahau qui
34,2,0,17,cahau,ahau,JUN_KAME'_WUQUB'_KAME',88.88888888888889,cahau cahib nim ha chi ahau qui
34,2,0,17,cahau,ahau,JUN_KAME'_WUQUB'_KAME,88.88888888888889,cahau cahib nim ha chi ahau qui
34,2,0,17,cahau,ahau,AWILIX,88.88888888888889,cahau cahib nim ha chi ahau qui
34,2,0,17,cahau,ahau,JAQAWITZ,88.88888888888889,cahau cahib nim ha chi ahau qui
34,2,0,17,cahau,ahau,NAKXIT,88.88888888888889,cahau cahib nim ha chi ahau qui
34,2,0,17,cahau,ahau,K'OTUJA_KQCUATRO,88.88888888888889,cahau cahib nim ha chi ahau qui
34,2,0,17,cahib,caib,JUN_B'ATZ'_JUN_CHOWEN,88.88888888888889,cahau cahib nim ha chi ahau qui
34,2,0,17,cahib,caib,K'OKA'IB_KQDOS,88.88888888888889,cahau cahib nim ha chi ahau qui
34,2,0,17,ahau,cahau,K'AJOLOM,88.88888888888889,cahau cahib nim ha chi ahau qui
34,2,0,17,ahau,cahau,XPIYAKOK,88.88888888888889,cahau cahib nim ha chi ahau qui
34,2,0,17,ahau,cahau,JUN_JUNAJPU,88.88888888888889,cahau cahib nim ha chi ahau qui
34,2,0,17,ahau,aha u,JUN_KAME',88.88888888888889,cahau cahib nim ha chi ahau qui
34,2,0,17,ahau,aha u,RAJAWAL_XIB'ALB'A,88.88888888888889,cahau cahib nim ha chi ahau qui
34,2,0,17,ahau,cahau,XA_Q'ANA_JAL,88.88888888888889,cahau cahib nim ha chi ahau qui
34,2,0,17,ahau,aha u,TOJIL,88.88888888888889,cahau cahib nim ha chi ahau qui
34,2,0,17,ahau,cahau,K'O'AJAW_AKDOS,88.88888888888889,cahau cahib nim ha chi ahau qui
34,2,0,19,vmam,v mam,KAWEQ,88.88888888888889,mavi zachel vbi vmam vcahau
34,2,0,35,quih,quieh,KEJ,88.88888888888889,relebal quih quia vinac xuxic
34,2,0,35,relebal quih,ahrele bal quih,NAKXIT,88.88888888888889,relebal quih quia vinac xuxic
34,2,0,37,quih,quieh,KEJ,88.88888888888889,chalaxoc quih zac ta xequiaric
34,2,0,40,relebal quih,ahrele bal quih,NAKXIT,88.88888888888889,relebal quih are mahabi chitzu
35,1,0,3,chuh,chuch,ALOM,88.88888888888889,chuh xeqha ta xqui yahobeh ri hu
35,1,0,3,chuh,chuch,IXMUKANE,88.88888888888889,chuh xeqha ta xqui yahobeh ri hu
35,1,0,3,chuh,chuch,IXKIK',88.88888888888889,chuh xeqha ta xqui yahobeh ri hu
35,1,0,3,chuh,chuch,XA_Q'ANA_JAL,88.88888888888889,chuh xeqha ta xqui yahobeh ri hu
35,1,0,3,chuh,chuch,IXOQ_AJAWAB',88.88888888888889,chuh xeqha ta xqui yahobeh ri hu
35,1,0,5,relebal quih,ahrele bal quih,NAKXIT,88.88888888888889,relebal quih xa cu hun quiqhabal
35,1,0,14,meal,vmeal,IXKIK',88.88888888888889,meal qui qahol acaroc at tzacol
35,1,0,29,ratit,atit,SAQI_NIM_AQ_SIS,88.88888888888889,cane ratit quih ratit zac tacha
35,1,0,29,ratit,atit,XMUKANE,88.88888888888889,cane ratit quih ratit zac tacha
35,1,0,33,relebal quih,ahrele bal quih,NAKXIT,88.88888888888889,mucun vi relebal quih quila va
35,1,0,43,cahau,ahau,WUQUB'_KAQIX,88.88888888888889,chichahin e canabe chuch cahau
35,1,0,43,cahau,ahau,JUN_KAME',88.88888888888889,chichahin e canabe chuch cahau
35,1,0,43,cahau,ahau,RAJAWAL_XIB'ALB'A,88.88888888888889,chichahin e canabe chuch cahau
35,1,0,43,cahau,ahau,JUN_KAME'_WUQUB'_KAME',88.88888888888889,chichahin e canabe chuch cahau
35,1,0,43,cahau,ahau,JUN_KAME'_WUQUB'_KAME,88.88888888888889,chichahin e canabe chuch cahau
35,1,0,43,cahau,ahau,AWILIX,88.88888888888889,chichahin e canabe chuch cahau
35,1,0,43,cahau,ahau,JAQAWITZ,88.88888888888889,chichahin e canabe chuch cahau
35,1,0,43,cahau,ahau,NAKXIT,88.88888888888889,chichahin e canabe chuch cahau
35,1,0,43,cahau,ahau,K'OTUJA_KQCUATRO,88.88888888888889,chichahin e canabe chuch cahau
35,1,0,47,ahcab,acab,B'ALAM_AQ'AB',88.88888888888889,quix ahcab xaho oh catzu cuhoh
35,1,0,47,catzu,catz,JUN_B'ATZ'_JUN_CHOWEN,88.88888888888889,quix ahcab xaho oh catzu cuhoh
35,2,2,31,vmam,v mam,KAWEQ,88.88888888888889,qo vbi xcamouic vmam vcaha
36,1,0,2,ri a,ri ah,AJ,88.88888888888889,cut xhalcatih v qhabal ri a
36,1,0,7,relebal quih,ahrele bal quih,NAKXIT,88.88888888888889,xbechila relebal quih tzatz cu
36,1,0,9,quicu,quic,KIK',88.88888888888889,um quicu mahabi ri vtzilah
36,1,0,12,quech,queh,KEJ,88.88888888888889,ba mahabi quech xa enaual
36,1,0,33,ri ahquixb,rahquixb,XA_Q'ANA_JAL,88.88888888888889,ri ahquixb ahcah rumal to
36,2,0,11,puch,xpuch,IXPUCH',88.88888888888889,lot chic quezizot chi puch maha
36,2,0,27,caam,camam,SAQI_NIM_AQ_SIS,88.88888888888889,xe caam ta xucut curib hun
36,2,0,27,caam,camam,XA_Q'ANA_JAL,88.88888888888889,xe caam ta xucut curib hun
36,2,0,32,ri a,ri ah,AJ,88.88888888888889,ba quitzih chi are icabavil ri a
36,2,0,41,inzamahel,ixzamahel,USAMAJEL_XIB'ALB'A,88.88888888888889,vxic zotz inzamahel cumal tza
37,1,1,12,puch,xpuch,IXPUCH',88.88888888888889,cate puch culic chic e eloeom
37,1,1,28,catzo,catz,JUN_B'ATZ'_JUN_CHOWEN,88.88888888888889,qha chi cut ri amac vtzbala catzo
37,1,1,33,ri a,ri ah,AJ,88.88888888888889,hil cut quitzonoh ri a q'aq' xeqha
37,1,1,40,qui q,quiq,KIK',88.88888888888889,ya qui q'aq' caqha tohil qui q cho u
37,1,1,47,puch,xpuch,IXPUCH',88.88888888888889,tohil vtzbala chi tunic vtz puch
37,2,0,6,quica,quic,KIK',88.88888888888889,ri zotzila ha chamalcan vbi quica
37,2,0,28,quih,quieh,KEJ,88.88888888888889,vach quih ta chalaxoc ri quih
37,2,0,33,xqui,xquic,IXKIK',88.88888888888889,na ta xata cavaral tah xqui
37,2,0,42,puch,xpuch,IXPUCH',88.88888888888889,cut chi acabal puch xquibano
38,1,0,8,qui xiquin,qi iquin,TZ'IKIN,88.88888888888889,qui xiquin xoc cut chupan qui
38,1,0,13,quih,quieh,KEJ,88.88888888888889,ri quih zac quirizai vvach vleu
38,1,0,21,relebal quih,ahrele bal quih,NAKXIT,88.88888888888889,xepetic chila relebal quih chi
38,1,1,24,puch,xpuch,IXPUCH',88.88888888888889,taxevl puch chiri chuvi hun
39,1,0,9,vlix,avlix,AWILIX,88.88888888888889,pa vlix vbi vacamic chiri xca
39,1,0,33,cuhun,cuun,PISOM_Q'AQ'AL,88.88888888888889,ah cahb xa cuhun xeqohe vi
39,2,0,17,quih,quieh,KEJ,88.88888888888889,quih hulacha xcabano hunam
39,2,0,22,queh,quieh,KEJ,88.88888888888889,queh zic xechav vi mahacu tah
39,2,0,30,quih,quieh,KEJ,88.88888888888889,quih nimpuch cabcuxlab chu
39,2,0,32,puch,xpuch,IXPUCH',88.88888888888889,atz quinaual tzatz puch qui bi
39,2,0,41,relebal quih,ahrele bal quih,NAKXIT,88.88888888888889,va chila relebal quih xavicu
40,1,1,3,puch,xpuch,IXPUCH',88.88888888888889,nic puch quih ic qhumil
40,1,1,3,quih,quieh,KEJ,88.88888888888889,nic puch quih ic qhumil
40,1,2,9,quih,quieh,KEJ,88.88888888888889,quih cate cut ta xqui quir qui
40,1,2,9,xqui,xquic,IXKIK',88.88888888888889,quih cate cut ta xqui quir qui
40,1,2,11,quih,quieh,KEJ,88.88888888888889,quih cate vchac chiquiqux ta
40,1,2,21,quih,quieh,KEJ,88.88888888888889,relebal quih quz queoquic
40,1,2,21,relebal quih,ahrele bal quih,NAKXIT,88.88888888888889,relebal quih quz queoquic
40,1,2,25,quih,quieh,KEJ,88.88888888888889,pu xquivachih ralaxic quih
40,1,2,26,quih,quieh,KEJ,88.88888888888889,cate puch ta xel vlo quih xquicotic
40,1,2,29,xqui,xquic,IXKIK',88.88888888888889,qoheic tzam tachuyub xahun xqui
40,1,2,31,quih,quieh,KEJ,88.88888888888889,quih cate ta xeoquic coh balam
40,1,2,45,puch,xpuch,IXPUCH',88.88888888888889,mac cate puch xchquihic v
40,1,2,46,quih,quieh,KEJ,88.88888888888889,vach vleu rumal ri quih queheri
40,2,0,3,quih,quieh,KEJ,88.88888888888889,quih chacalic yitzil puch vva
40,2,0,23,quih,quieh,KEJ,88.88888888888889,rumal quih ta xel vloc nima
40,2,0,44,xqui,xquic,IXKIK',88.88888888888889,carvi quibix camucu vbi xqui
41,1,0,13,puch,xpuch,IXPUCH',88.88888888888889,camic qo chi nai puch chahcar
41,1,0,15,quih,quieh,KEJ,88.88888888888889,bal quih tepeu oliman quibi
41,1,0,46,puch,xpuch,IXPUCH',88.88888888888889,quibaya tahic puch chiri chuvi
41,1,0,47,quica,quic,KIK',88.88888888888889,huyub xahun xeqohe vi quica
41,2,1,10,vono,vonon,WONON,88.88888888888889,chu vach chire vzaquiric ecu vono
41,2,1,16,quica,quic,KIK',88.88888888888889,ruq yia xquicato chuvach quica
41,2,1,45,quech,queh,KEJ,88.88888888888889,quech chicxqha curi tohil aulix
42,1,0,12,quehe,queh,KEJ,88.88888888888889,xavi quehe chic chiquibano
42,1,0,36,ri a,ri ah,AJ,88.88888888888889,balam chiquibano ta chiquil ri a
42,1,0,41,quech,queh,KEJ,88.88888888888889,michbal quech amac ta chiquiba
42,2,0,16,xqui,xquic,IXKIK',88.88888888888889,vach tohil aulix hacavitz ta xqui
42,2,0,17,chuc,chuch,ALOM,88.88888888888889,ziz quixiquin qui chuc chuvach
42,2,0,17,chuc,chuch,IXMUKANE,88.88888888888889,ziz quixiquin qui chuc chuvach
42,2,0,17,chuc,chuch,IXKIK',88.88888888888889,ziz quixiquin qui chuc chuvach
42,2,0,17,chuc,chuch,XA_Q'ANA_JAL,88.88888888888889,ziz quixiquin qui chuc chuvach
42,2,0,17,chuc,chuch,IXOQ_AJAWAB',88.88888888888889,ziz quixiquin qui chuc chuvach
42,2,0,19,ri a,ri ah,AJ,88.88888888888889,quel xquihic vcoc puchi ri a
42,2,0,28,q um,q uum,TZ'UM,88.88888888888889,cut taxya vloc ri q um pa zili
42,2,0,29,quic,xquic,IXKIK',88.88888888888889,zib vbi ruq quic choc chiquih
42,2,0,30,quic,xquic,IXKIK',88.88888888888889,qui hab rib ri quic xuxic vyaon
42,2,0,30,quic xuxic,quic xic,KIK'_RE,88.88888888888889,qui hab rib ri quic xuxic vyaon
42,2,0,31,x hacavitz,hacavitz,JAQAWITZ_JUYUB',88.88888888888889,tohil ruq aulix x hacavitz
42,2,2,35,puch,xpuch,IXPUCH',88.88888888888889,c ate puch vcamizaxic amac ri
42,2,2,40,quic,xquic,IXKIK',88.88888888888889,ta chiquiya quic pabe qolic vho
43,1,0,2,ri ahquixb,rahquixb,XA_Q'ANA_JAL,88.88888888888889,ri ahquixb ahcahb tal a qo vi
43,1,0,7,ri ahquixb,rahquixb,XA_Q'ANA_JAL,88.88888888888889,cacan ri ahquixb ahcahb ma
43,1,0,32,chuchi ha,chuchi ya,CHI_RATINIB'AL_TOJIL,88.88888888888889,chuchi ha xaqui cutbal quib xu
43,2,0,26,quech,queh,KEJ,88.88888888888889,quech chuxic rumal ri e qalolab
43,2,0,32,bala,balam,B'ALAM,88.88888888888889,bala xaba quecatzucuh eta
43,2,0,35,meal,vmeal,IXKIK',88.88888888888889,meal are ri qui tzih e zaquilah
44,1,0,3,quech,queh,KEJ,88.88888888888889,chi quech vve cut ta maui chiya
44,1,1,15,xebec,xbec,TAMASUL,88.88888888888889,cate puch xebec xecauuxic qui
44,1,1,17,xebec,xbec,TAMASUL,88.88888888888889,loon curi qui chahon ta xebec que
44,1,1,23,culun,cuun,PISOM_Q'AQ'AL,88.88888888888889,chuvach tac abah ta xe culun
44,1,1,39,quehe,queh,KEJ,88.88888888888889,xeqha ahauab chique quehe
44,1,1,42,xqui,xquic,IXKIK',88.88888888888889,xeqha curi e caib capohib ta xqui
44,1,1,44,capo,capoh,IXKIK',88.88888888888889,xcah ri amac xehox ta ri capo
44,2,0,5,quech,queh,KEJ,88.88888888888889,quech ahauab xevqhax cut ca
44,2,0,6,puch,xpuch,IXPUCH',88.88888888888889,te puch qui naohinic chic ri ah
44,2,1,41,bala,balam,B'ALAM,88.88888888888889,bala xeqha curi xtah xpuch
44,2,1,43,ri a,ri ah,AJ,88.88888888888889,vloc ma qui tzih xeqhau ri a
45,2,1,30,xebec,xbec,TAMASUL,88.88888888888889,beh chiquiqux ta xebec ma
45,2,1,41,puch,xpuch,IXPUCH',88.88888888888889,cul ruq qui iach vach ruq puch
45,2,1,46,puch,xpuch,IXPUCH',88.88888888888889,mal queche vinac cate puch
46,1,0,32,cama,camam,SAQI_NIM_AQ_SIS,88.88888888888889,cama pa be are xucauubeh
46,1,0,32,cama,camam,XA_Q'ANA_JAL,88.88888888888889,cama pa be are xucauubeh
46,1,0,36,puch,xpuch,IXPUCH',88.88888888888889,puch cohchacatahic xeqhaxoc qui
46,1,0,42,cama,camam,SAQI_NIM_AQ_SIS,88.88888888888889,zital are cut xbe qui cama cu ca
46,1,0,42,cama,camam,XA_Q'ANA_JAL,88.88888888888889,zital are cut xbe qui cama cu ca
46,1,0,44,cahib,caib,JUN_B'ATZ'_JUN_CHOWEN,88.88888888888889,pam cahib nimac cocob cahib x
46,1,0,44,cahib,caib,K'OKA'IB_KQDOS,88.88888888888889,pam cahib nimac cocob cahib x
47,1,0,13,xqui,xquic,IXKIK',88.88888888888889,chi cacan ronohel amac are xqui
47,1,0,26,quih,quieh,KEJ,88.88888888888889,chuxic ix ahpatan chibe quih chi
47,1,0,29,cahau,ahau,WUQUB'_KAQIX,88.88888888888889,cumal ca nabe chuch cahau chi
47,1,0,29,cahau,ahau,JUN_KAME',88.88888888888889,cumal ca nabe chuch cahau chi
47,1,0,29,cahau,ahau,RAJAWAL_XIB'ALB'A,88.88888888888889,cumal ca nabe chuch cahau chi
47,1,0,29,cahau,ahau,JUN_KAME'_WUQUB'_KAME',88.88888888888889,cumal ca nabe chuch cahau chi
47,1,0,29,cahau,ahau,JUN_KAME'_WUQUB'_KAME,88.88888888888889,cumal ca nabe chuch cahau chi
47,1,0,29,cahau,ahau,AWILIX,88.88888888888889,cumal ca nabe chuch cahau chi
47,1,0,29,cahau,ahau,JAQAWITZ,88.88888888888889,cumal ca nabe chuch cahau chi
47,1,0,29,cahau,ahau,NAKXIT,88.88888888888889,cumal ca nabe chuch cahau chi
47,1,0,29,cahau,ahau,K'OTUJA_KQCUATRO,88.88888888888889,cumal ca nabe chuch cahau chi
47,1,0,29,ca nabe chuch,e canabe chuch,IXOQ_AJAWAB',88.88888888888889,cumal ca nabe chuch cahau chi
47,1,0,37,quehe,queh,KEJ,88.88888888888889,quehe cut xquiban ri xquichac
47,2,0,3,ecaib,caib,JUN_B'ATZ'_JUN_CHOWEN,88.88888888888889,ecaib xuqaholah balam quitze
47,2,0,3,ecaib,caib,K'OKA'IB_KQDOS,88.88888888888889,ecaib xuqaholah balam quitze
47,2,0,14,balam qui tzih,balam qui tze,B'ALAM_KI'TZE',88.88888888888889,bi vqahol ri iqui balam qui tzih
47,2,0,22,puch,xpuch,IXPUCH',88.88888888888889,ca qahol cohbec cohzalih puch
47,2,0,33,puch,xpuch,IXPUCH',88.88888888888889,och ihuiubal puch quixtique
48,1,0,5,cahau,ahau,WUQUB'_KAQIX,88.88888888888889,are natabal rech qui cahau xa
48,1,0,5,cahau,ahau,JUN_KAME',88.88888888888889,are natabal rech qui cahau xa
48,1,0,5,cahau,ahau,RAJAWAL_XIB'ALB'A,88.88888888888889,are natabal rech qui cahau xa
48,1,0,5,cahau,ahau,JUN_KAME'_WUQUB'_KAME',88.88888888888889,are natabal rech qui cahau xa
48,1,0,5,cahau,ahau,JUN_KAME'_WUQUB'_KAME,88.88888888888889,are natabal rech qui cahau xa
48,1,0,5,cahau,ahau,AWILIX,88.88888888888889,are natabal rech qui cahau xa
48,1,0,5,cahau,ahau,JAQAWITZ,88.88888888888889,are natabal rech qui cahau xa
48,1,0,5,cahau,ahau,NAKXIT,88.88888888888889,are natabal rech qui cahau xa
48,1,0,5,cahau,ahau,K'OTUJA_KQCUATRO,88.88888888888889,are natabal rech qui cahau xa
48,1,0,9,cahau,ahau,WUQUB'_KAQIX,88.88888888888889,qui cahau areta xvinaquir vi
48,1,0,9,cahau,ahau,JUN_KAME',88.88888888888889,qui cahau areta xvinaquir vi
48,1,0,9,cahau,ahau,RAJAWAL_XIB'ALB'A,88.88888888888889,qui cahau areta xvinaquir vi
48,1,0,9,cahau,ahau,JUN_KAME'_WUQUB'_KAME',88.88888888888889,qui cahau areta xvinaquir vi
48,1,0,9,cahau,ahau,JUN_KAME'_WUQUB'_KAME,88.88888888888889,qui cahau areta xvinaquir vi
48,1,0,9,cahau,ahau,AWILIX,88.88888888888889,qui cahau areta xvinaquir vi
48,1,0,9,cahau,ahau,JAQAWITZ,88.88888888888889,qui cahau areta xvinaquir vi
48,1,0,9,cahau,ahau,NAKXIT,88.88888888888889,qui cahau areta xvinaquir vi
48,1,0,9,cahau,ahau,K'OTUJA_KQCUATRO,88.88888888888889,qui cahau areta xvinaquir vi
48,1,0,12,v mam,vmam,B'ALAM_KI'TZE',88.88888888888889,v mam vcahau caviquib xmacui
48,1,0,14,cavib,caib,JUN_B'ATZ'_JUN_CHOWEN,88.88888888888889,caib qo cavib qui bi quehecut
48,1,0,14,cavib,caib,K'OKA'IB_KQDOS,88.88888888888889,caib qo cavib qui bi quehecut
48,1,0,14,cavib qui,cavi quib,KAWEQ,88.88888888888889,caib qo cavib qui bi quehecut
48,1,0,16,cahau,ahau,WUQUB'_KAQIX,88.88888888888889,camam ca cahau tax ezachic tax
48,1,0,16,cahau,ahau,JUN_KAME',88.88888888888889,camam ca cahau tax ezachic tax
48,1,0,16,cahau,ahau,RAJAWAL_XIB'ALB'A,88.88888888888889,camam ca cahau tax ezachic tax
48,1,0,16,cahau,ahau,JUN_KAME'_WUQUB'_KAME',88.88888888888889,camam ca cahau tax ezachic tax
48,1,0,16,cahau,ahau,JUN_KAME'_WUQUB'_KAME,88.88888888888889,camam ca cahau tax ezachic tax
48,1,0,16,cahau,ahau,AWILIX,88.88888888888889,camam ca cahau tax ezachic tax
48,1,0,16,cahau,ahau,JAQAWITZ,88.88888888888889,camam ca cahau tax ezachic tax
48,1,0,16,cahau,ahau,NAKXIT,88.88888888888889,camam ca cahau tax ezachic tax
48,1,0,16,cahau,ahau,K'OTUJA_KQCUATRO,88.88888888888889,camam ca cahau tax ezachic tax
48,1,0,20,quih,quieh,KEJ,88.88888888888889,hinac chipuch qui quih conohel
48,1,0,24,cahau,ahau,WUQUB'_KAQIX,88.88888888888889,nabah qui cahau nim vquih ri
48,1,0,24,cahau,ahau,JUN_KAME',88.88888888888889,nabah qui cahau nim vquih ri
48,1,0,24,cahau,ahau,RAJAWAL_XIB'ALB'A,88.88888888888889,nabah qui cahau nim vquih ri
48,1,0,24,cahau,ahau,JUN_KAME'_WUQUB'_KAME',88.88888888888889,nabah qui cahau nim vquih ri
48,1,0,24,cahau,ahau,JUN_KAME'_WUQUB'_KAME,88.88888888888889,nabah qui cahau nim vquih ri
48,1,0,24,cahau,ahau,AWILIX,88.88888888888889,nabah qui cahau nim vquih ri
48,1,0,24,cahau,ahau,JAQAWITZ,88.88888888888889,nabah qui cahau nim vquih ri
48,1,0,24,cahau,ahau,NAKXIT,88.88888888888889,nabah qui cahau nim vquih ri
48,1,0,24,cahau,ahau,K'OTUJA_KQCUATRO,88.88888888888889,nabah qui cahau nim vquih ri
48,1,0,28,puch,xpuch,IXPUCH',88.88888888888889,xbinaah puch qui cuun xya
48,1,0,31,quehe,queh,KEJ,88.88888888888889,quehe cu qui zachic qui maixic
48,1,0,34,chaca,chaa,CHAAJ,88.88888888888889,nac xepe chila chaca palo chi
48,1,1,38,puch,xpuch,IXPUCH',88.88888888888889,cate puch taxquiquxlaah qui
48,1,1,39,quih,quieh,KEJ,88.88888888888889,bic chila relebal quih are qui
48,1,1,39,relebal quih,ahrele bal quih,NAKXIT,88.88888888888889,bic chila relebal quih are qui
48,1,1,40,cahau,ahau,WUQUB'_KAQIX,88.88888888888889,quxlaan ri vpixab qui cahau
48,1,1,40,cahau,ahau,JUN_KAME',88.88888888888889,quxlaan ri vpixab qui cahau
48,1,1,40,cahau,ahau,RAJAWAL_XIB'ALB'A,88.88888888888889,quxlaan ri vpixab qui cahau
48,1,1,40,cahau,ahau,JUN_KAME'_WUQUB'_KAME',88.88888888888889,quxlaan ri vpixab qui cahau
48,1,1,40,cahau,ahau,JUN_KAME'_WUQUB'_KAME,88.88888888888889,quxlaan ri vpixab qui cahau
48,1,1,40,cahau,ahau,AWILIX,88.88888888888889,quxlaan ri vpixab qui cahau
48,1,1,40,cahau,ahau,JAQAWITZ,88.88888888888889,quxlaan ri vpixab qui cahau
48,1,1,40,cahau,ahau,NAKXIT,88.88888888888889,quxlaan ri vpixab qui cahau
48,1,1,40,cahau,ahau,K'OTUJA_KQCUATRO,88.88888888888889,quxlaan ri vpixab qui cahau
48,1,1,42,cahau,ahau,WUQUB'_KAQIX,88.88888888888889,camoc qui cahau xya quixoquil
48,1,1,42,cahau,ahau,JUN_KAME',88.88888888888889,camoc qui cahau xya quixoquil
48,1,1,42,cahau,ahau,RAJAWAL_XIB'ALB'A,88.88888888888889,camoc qui cahau xya quixoquil
48,1,1,42,cahau,ahau,JUN_KAME'_WUQUB'_KAME',88.88888888888889,camoc qui cahau xya quixoquil
48,1,1,42,cahau,ahau,JUN_KAME'_WUQUB'_KAME,88.88888888888889,camoc qui cahau xya quixoquil
48,1,1,42,cahau,ahau,AWILIX,88.88888888888889,camoc qui cahau xya quixoquil
48,1,1,42,cahau,ahau,JAQAWITZ,88.88888888888889,camoc qui cahau xya quixoquil
48,1,1,42,cahau,ahau,NAKXIT,88.88888888888889,camoc qui cahau xya quixoquil
48,1,1,42,cahau,ahau,K'OTUJA_KQCUATRO,88.88888888888889,camoc qui cahau xya quixoquil
48,1,1,44,xebec,xbec,TAMASUL,88.88888888888889,e oxib xeqha cut ta xebec cohbe
48,1,1,45,relebal quih,ahrele bal quih,NAKXIT,88.88888888888889,chila relebal quih chila x epe
48,1,1,46,cahau,ahau,WUQUB'_KAQIX,88.88888888888889,vica cahau xeqha taxquicam
48,1,1,46,cahau,ahau,JUN_KAME',88.88888888888889,vica cahau xeqha taxquicam
48,1,1,46,cahau,ahau,RAJAWAL_XIB'ALB'A,88.88888888888889,vica cahau xeqha taxquicam
48,1,1,46,cahau,ahau,JUN_KAME'_WUQUB'_KAME',88.88888888888889,vica cahau xeqha taxquicam
48,1,1,46,cahau,ahau,JUN_KAME'_WUQUB'_KAME,88.88888888888889,vica cahau xeqha taxquicam
48,1,1,46,cahau,ahau,AWILIX,88.88888888888889,vica cahau xeqha taxquicam
48,1,1,46,cahau,ahau,JAQAWITZ,88.88888888888889,vica cahau xeqha taxquicam
48,1,1,46,cahau,ahau,NAKXIT,88.88888888888889,vica cahau xeqha taxquicam
48,1,1,46,cahau,ahau,K'OTUJA_KQCUATRO,88.88888888888889,vica cahau xeqha taxquicam
48,2,0,7,chaca,chaa,CHAAJ,88.88888888888889,cu quibiri xebe chila chaca pa
48,2,0,10,xqui,xquic,IXKIK',88.88888888888889,na xa et vinac qui qoheic xqui
48,2,0,12,xebec,xbec,TAMASUL,88.88888888888889,qui chac quequicotic xebec ma
48,2,0,16,relebal quih,ahrele bal quih,NAKXIT,88.88888888888889,chila relebal quih taxbe qui
48,2,0,17,cama,camam,SAQI_NIM_AQ_SIS,88.88888888888889,cama ri ahauarem are cu v
48,2,0,17,cama,camam,XA_Q'ANA_JAL,88.88888888888889,cama ri ahauarem are cu v
48,2,1,20,ahau,cahau,K'AJOLOM,88.88888888888889,t a xeopon cut chuvach ahau
48,2,1,20,ahau,cahau,XPIYAKOK,88.88888888888889,t a xeopon cut chuvach ahau
48,2,1,20,ahau,cahau,JUN_JUNAJPU,88.88888888888889,t a xeopon cut chuvach ahau
48,2,1,20,ahau,aha u,JUN_KAME',88.88888888888889,t a xeopon cut chuvach ahau
48,2,1,20,ahau,aha u,RAJAWAL_XIB'ALB'A,88.88888888888889,t a xeopon cut chuvach ahau
48,2,1,20,ahau,cahau,XA_Q'ANA_JAL,88.88888888888889,t a xeopon cut chuvach ahau
48,2,1,20,ahau,aha u,TOJIL,88.88888888888889,t a xeopon cut chuvach ahau
48,2,1,20,ahau,cahau,K'O'AJAW_AKDOS,88.88888888888889,t a xeopon cut chuvach ahau
48,2,1,21,ahau,aha u,JUN_KAME',88.88888888888889,nacxit vbi nim ahau xahu
48,2,1,32,queh,quieh,KEJ,88.88888888888889,balam holom pich queh macu
48,2,1,36,chaca,chaa,CHAAJ,88.88888888888889,vlari chaca palo vtzibal tulan
48,2,1,37,qui oqui,qui xoquil,IXOQ_AJAWAB',88.88888888888889,vtzibal xeqha chire qui oqui
48,2,2,39,puch,xpuch,IXPUCH',88.88888888888889,cate puch ta xevlic chiri chu
48,2,2,44,cahau,ahau,WUQUB'_KAQIX,88.88888888888889,co caib coacutec cahau xaui
48,2,2,44,cahau,ahau,JUN_KAME',88.88888888888889,co caib coacutec cahau xaui
48,2,2,44,cahau,ahau,RAJAWAL_XIB'ALB'A,88.88888888888889,co caib coacutec cahau xaui
48,2,2,44,cahau,ahau,JUN_KAME'_WUQUB'_KAME',88.88888888888889,co caib coacutec cahau xaui
48,2,2,44,cahau,ahau,JUN_KAME'_WUQUB'_KAME,88.88888888888889,co caib coacutec cahau xaui
48,2,2,44,cahau,ahau,AWILIX,88.88888888888889,co caib coacutec cahau xaui
48,2,2,44,cahau,ahau,JAQAWITZ,88.88888888888889,co caib coacutec cahau xaui
48,2,2,44,cahau,ahau,NAKXIT,88.88888888888889,co caib coacutec cahau xaui
48,2,2,44,cahau,ahau,K'OTUJA_KQCUATRO,88.88888888888889,co caib coacutec cahau xaui
49,1,0,6,relebal quih,ahrele bal quih,NAKXIT,88.88888888888889,cuq ronohel ri xpe relebal quih
49,1,0,44,quih,quieh,KEJ,88.88888888888889,quih e mamaxel chic xevl
49,2,1,7,xqui,xquic,IXKIK',88.88888888888889,amaquelab vi chiri cut xqui
49,2,1,11,queh,quieh,KEJ,88.88888888888889,queh ruqpuch ealelahau ta
49,2,1,13,ahpopcam,ahpopcamha,AJPOP_K'AMJA,88.88888888888889,iztayul quibi ahpop ahpopcam
49,2,1,18,cahib,caib,JUN_B'ATZ'_JUN_CHOWEN,88.88888888888889,nac cahib chi nimha caoxib
49,2,1,18,cahib,caib,K'OKA'IB_KQDOS,88.88888888888889,nac cahib chi nimha caoxib
49,2,1,22,ahau,cahau,K'AJOLOM,88.88888888888889,hun rech ahau quiche xaqui
49,2,1,22,ahau,cahau,XPIYAKOK,88.88888888888889,hun rech ahau quiche xaqui
49,2,1,22,ahau,cahau,JUN_JUNAJPU,88.88888888888889,hun rech ahau quiche xaqui
49,2,1,22,ahau,aha u,JUN_KAME',88.88888888888889,hun rech ahau quiche xaqui
49,2,1,22,ahau,aha u,RAJAWAL_XIB'ALB'A,88.88888888888889,hun rech ahau quiche xaqui
49,2,1,22,ahau,cahau,XA_Q'ANA_JAL,88.88888888888889,hun rech ahau quiche xaqui
49,2,1,22,ahau,aha u,TOJIL,88.88888888888889,hun rech ahau quiche xaqui
49,2,1,22,ahau,cahau,K'O'AJAW_AKDOS,88.88888888888889,hun rech ahau quiche xaqui
49,2,1,32,quica,quic,KIK',88.88888888888889,tinoc quiq'aq'al maha quica
49,2,1,41,ahau,cahau,K'AJOLOM,88.88888888888889,oc ri ahau cotuhu xacu hun
49,2,1,41,ahau,cahau,XPIYAKOK,88.88888888888889,oc ri ahau cotuhu xacu hun
49,2,1,41,ahau,cahau,JUN_JUNAJPU,88.88888888888889,oc ri ahau cotuhu xacu hun
49,2,1,41,ahau,aha u,JUN_KAME',88.88888888888889,oc ri ahau cotuhu xacu hun
49,2,1,41,ahau,aha u,RAJAWAL_XIB'ALB'A,88.88888888888889,oc ri ahau cotuhu xacu hun
49,2,1,41,ahau,cahau,XA_Q'ANA_JAL,88.88888888888889,oc ri ahau cotuhu xacu hun
49,2,1,41,ahau,aha u,TOJIL,88.88888888888889,oc ri ahau cotuhu xacu hun
49,2,1,41,ahau,cahau,K'O'AJAW_AKDOS,88.88888888888889,oc ri ahau cotuhu xacu hun
49,2,1,42,ahau,cahau,K'AJOLOM,88.88888888888889,ahau xrah cuquib areri a
49,2,1,42,ahau,cahau,XPIYAKOK,88.88888888888889,ahau xrah cuquib areri a
49,2,1,42,ahau,cahau,JUN_JUNAJPU,88.88888888888889,ahau xrah cuquib areri a
49,2,1,42,ahau,aha u,JUN_KAME',88.88888888888889,ahau xrah cuquib areri a
49,2,1,42,ahau,aha u,RAJAWAL_XIB'ALB'A,88.88888888888889,ahau xrah cuquib areri a
49,2,1,42,ahau,cahau,XA_Q'ANA_JAL,88.88888888888889,ahau xrah cuquib areri a
49,2,1,42,ahau,aha u,TOJIL,88.88888888888889,ahau xrah cuquib areri a
49,2,1,42,ahau,cahau,K'O'AJAW_AKDOS,88.88888888888889,ahau xrah cuquib areri a
50,1,0,1,ahau,cahau,K'AJOLOM,88.88888888888889,nabe xcam tari ahau rumal
50,1,0,1,ahau,cahau,XPIYAKOK,88.88888888888889,nabe xcam tari ahau rumal
50,1,0,1,ahau,cahau,JUN_JUNAJPU,88.88888888888889,nabe xcam tari ahau rumal
50,1,0,1,ahau,aha u,JUN_KAME',88.88888888888889,nabe xcam tari ahau rumal
50,1,0,1,ahau,aha u,RAJAWAL_XIB'ALB'A,88.88888888888889,nabe xcam tari ahau rumal
50,1,0,1,ahau,cahau,XA_Q'ANA_JAL,88.88888888888889,nabe xcam tari ahau rumal
50,1,0,1,ahau,aha u,TOJIL,88.88888888888889,nabe xcam tari ahau rumal
50,1,0,1,ahau,cahau,K'O'AJAW_AKDOS,88.88888888888889,nabe xcam tari ahau rumal
50,1,0,4,xebec,xbec,TAMASUL,88.88888888888889,nabe tinamit xebec e camizanel a
50,1,0,44,cuch,chuch,ALOM,88.88888888888889,taxquiziih vloc are qui cuch
50,1,0,44,cuch,chuch,IXMUKANE,88.88888888888889,taxquiziih vloc are qui cuch
50,1,0,44,cuch,chuch,IXKIK',88.88888888888889,taxquiziih vloc are qui cuch
50,1,0,44,cuch,chuch,XA_Q'ANA_JAL,88.88888888888889,taxquiziih vloc are qui cuch
50,1,0,44,cuch,chuch,IXOQ_AJAWAB',88.88888888888889,taxquiziih vloc are qui cuch
50,2,1,32,puch,xpuch,IXPUCH',88.88888888888889,ha chahox puch rumal xvinaquir
50,2,1,43,cahib,caib,JUN_B'ATZ'_JUN_CHOWEN,88.88888888888889,huvinac cahib chinim ha xuxic
50,2,1,43,cahib,caib,K'OKA'IB_KQDOS,88.88888888888889,huvinac cahib chinim ha xuxic
50,2,1,43,cahib chinim,cahib chi nimha,KAJIB'_UNIM_JA,88.88888888888889,huvinac cahib chinim ha xuxic
51,1,0,3,qui chacat,qui chac,KA'IB'_K'AJOLAB',88.88888888888889,nac oc qui tem qui chacat x ha
51,1,1,19,ahau,cahau,K'AJOLOM,88.88888888888889,vach caui quib are nabe ahau
51,1,1,19,ahau,cahau,XPIYAKOK,88.88888888888889,vach caui quib are nabe ahau
51,1,1,19,ahau,cahau,JUN_JUNAJPU,88.88888888888889,vach caui quib are nabe ahau
51,1,1,19,ahau,aha u,JUN_KAME',88.88888888888889,vach caui quib are nabe ahau
51,1,1,19,ahau,aha u,RAJAWAL_XIB'ALB'A,88.88888888888889,vach caui quib are nabe ahau
51,1,1,19,ahau,cahau,XA_Q'ANA_JAL,88.88888888888889,vach caui quib are nabe ahau
51,1,1,19,ahau,aha u,TOJIL,88.88888888888889,vach caui quib are nabe ahau
51,1,1,19,ahau,cahau,K'O'AJAW_AKDOS,88.88888888888889,vach caui quib are nabe ahau
51,1,1,23,queh,quieh,KEJ,88.88888888888889,queh nay popol vinac pahom
51,1,3,31,ahau,cahau,K'AJOLOM,88.88888888888889,u va ahau ealel ahau ahtzic vi
51,1,3,31,ahau,cahau,XPIYAKOK,88.88888888888889,u va ahau ealel ahau ahtzic vi
51,1,3,31,ahau,cahau,JUN_JUNAJPU,88.88888888888889,u va ahau ealel ahau ahtzic vi
51,1,3,31,ahau,aha u,JUN_KAME',88.88888888888889,u va ahau ealel ahau ahtzic vi
51,1,3,31,ahau,aha u,RAJAWAL_XIB'ALB'A,88.88888888888889,u va ahau ealel ahau ahtzic vi
51,1,3,31,ahau,cahau,XA_Q'ANA_JAL,88.88888888888889,u va ahau ealel ahau ahtzic vi
51,1,3,31,ahau,aha u,TOJIL,88.88888888888889,u va ahau ealel ahau ahtzic vi
51,1,3,31,ahau,cahau,K'O'AJAW_AKDOS,88.88888888888889,u va ahau ealel ahau ahtzic vi
51,1,3,31,u va,zu va,SUYWA,88.88888888888889,u va ahau ealel ahau ahtzic vi
51,1,4,38,ahau,cahau,K'AJOLOM,88.88888888888889,a re chicut ahau quiche va
51,1,4,38,ahau,cahau,XPIYAKOK,88.88888888888889,a re chicut ahau quiche va
51,1,4,38,ahau,cahau,JUN_JUNAJPU,88.88888888888889,a re chicut ahau quiche va
51,1,4,38,ahau,aha u,JUN_KAME',88.88888888888889,a re chicut ahau quiche va
51,1,4,38,ahau,aha u,RAJAWAL_XIB'ALB'A,88.88888888888889,a re chicut ahau quiche va
51,1,4,38,ahau,cahau,XA_Q'ANA_JAL,88.88888888888889,a re chicut ahau quiche va
51,1,4,38,ahau,aha u,TOJIL,88.88888888888889,a re chicut ahau quiche va
51,1,4,38,ahau,cahau,K'O'AJAW_AKDOS,88.88888888888889,a re chicut ahau quiche va
51,1,4,40,ahau,cahau,K'AJOLOM,88.88888888888889,ahau lolmet ahau nim chocoh
51,1,4,40,ahau,cahau,XPIYAKOK,88.88888888888889,ahau lolmet ahau nim chocoh
51,1,4,40,ahau,cahau,JUN_JUNAJPU,88.88888888888889,ahau lolmet ahau nim chocoh
51,1,4,40,ahau,aha u,JUN_KAME',88.88888888888889,ahau lolmet ahau nim chocoh
51,1,4,40,ahau,aha u,RAJAWAL_XIB'ALB'A,88.88888888888889,ahau lolmet ahau nim chocoh
51,1,4,40,ahau,cahau,XA_Q'ANA_JAL,88.88888888888889,ahau lolmet ahau nim chocoh
51,1,4,40,ahau,aha u,TOJIL,88.88888888888889,ahau lolmet ahau nim chocoh
51,1,4,40,ahau,cahau,K'O'AJAW_AKDOS,88.88888888888889,ahau lolmet ahau nim chocoh
51,1,4,41,ahau,cahau,K'AJOLOM,88.88888888888889,ahau ahau hacavitz cahib a
51,1,4,41,ahau,cahau,XPIYAKOK,88.88888888888889,ahau ahau hacavitz cahib a
51,1,4,41,ahau,cahau,JUN_JUNAJPU,88.88888888888889,ahau ahau hacavitz cahib a
51,1,4,41,ahau,aha u,JUN_KAME',88.88888888888889,ahau ahau hacavitz cahib a
51,1,4,41,ahau,aha u,RAJAWAL_XIB'ALB'A,88.88888888888889,ahau ahau hacavitz cahib a
51,1,4,41,ahau,cahau,XA_Q'ANA_JAL,88.88888888888889,ahau ahau hacavitz cahib a
51,1,4,41,ahau,aha u,TOJIL,88.88888888888889,ahau ahau hacavitz cahib a
51,1,4,41,ahau,cahau,K'O'AJAW_AKDOS,88.88888888888889,ahau ahau hacavitz cahib a
51,1,4,41,cahib,caib,JUN_B'ATZ'_JUN_CHOWEN,88.88888888888889,ahau ahau hacavitz cahib a
51,1,4,41,cahib,caib,K'OKA'IB_KQDOS,88.88888888888889,ahau ahau hacavitz cahib a
51,1,4,42,ahau,cahau,K'AJOLOM,88.88888888888889,hauab chuvach ahau quiche
51,1,4,42,ahau,cahau,XPIYAKOK,88.88888888888889,hauab chuvach ahau quiche
51,1,4,42,ahau,cahau,JUN_JUNAJPU,88.88888888888889,hauab chuvach ahau quiche
51,1,4,42,ahau,aha u,JUN_KAME',88.88888888888889,hauab chuvach ahau quiche
51,1,4,42,ahau,aha u,RAJAWAL_XIB'ALB'A,88.88888888888889,hauab chuvach ahau quiche
51,1,4,42,ahau,cahau,XA_Q'ANA_JAL,88.88888888888889,hauab chuvach ahau quiche
51,1,4,42,ahau,aha u,TOJIL,88.88888888888889,hauab chuvach ahau quiche
51,1,4,42,ahau,cahau,K'O'AJAW_AKDOS,88.88888888888889,hauab chuvach ahau quiche
51,1,5,44,ca ib,caib,JUN_B'ATZ'_JUN_CHOWEN,88.88888888888889,ca ib chinamit chi na ipuch
51,1,5,44,ca ib,caib,K'OKA'IB_KQDOS,88.88888888888889,ca ib chinamit chi na ipuch
51,1,5,46,ecaib,caib,JUN_B'ATZ'_JUN_CHOWEN,88.88888888888889,zaquic xahun chi nim ha ecaib
51,1,5,46,ecaib,caib,K'OKA'IB_KQDOS,88.88888888888889,zaquic xahun chi nim ha ecaib
51,2,0,2,cahib,caib,JUN_B'ATZ'_JUN_CHOWEN,88.88888888888889,cahib chiahauab huvinac cahib
51,2,0,2,cahib,caib,K'OKA'IB_KQDOS,88.88888888888889,cahib chiahauab huvinac cahib
51,2,0,9,ahau,cahau,K'AJOLOM,88.88888888888889,cocut vbi ahau xnimarizan
51,2,0,9,ahau,cahau,XPIYAKOK,88.88888888888889,cocut vbi ahau xnimarizan
51,2,0,9,ahau,cahau,JUN_JUNAJPU,88.88888888888889,cocut vbi ahau xnimarizan
51,2,0,9,ahau,aha u,JUN_KAME',88.88888888888889,cocut vbi ahau xnimarizan
51,2,0,9,ahau,aha u,RAJAWAL_XIB'ALB'A,88.88888888888889,cocut vbi ahau xnimarizan
51,2,0,9,ahau,cahau,XA_Q'ANA_JAL,88.88888888888889,cocut vbi ahau xnimarizan
51,2,0,9,ahau,aha u,TOJIL,88.88888888888889,cocut vbi ahau xnimarizan
51,2,0,9,ahau,cahau,K'O'AJAW_AKDOS,88.88888888888889,cocut vbi ahau xnimarizan
51,2,0,17,quiqa,quiq,KIK',88.88888888888889,xarumal xequiric cal quiqa
51,2,0,19,cupun,cuun,PISOM_Q'AQ'AL,88.88888888888889,quelec qui cupun ta puch qui
51,2,0,35,ahau,cahau,K'AJOLOM,88.88888888888889,q'aq'aric ri ahau cucumatz a
51,2,0,35,ahau,cahau,XPIYAKOK,88.88888888888889,q'aq'aric ri ahau cucumatz a
51,2,0,35,ahau,cahau,JUN_JUNAJPU,88.88888888888889,q'aq'aric ri ahau cucumatz a
51,2,0,35,ahau,aha u,JUN_KAME',88.88888888888889,q'aq'aric ri ahau cucumatz a
51,2,0,35,ahau,aha u,RAJAWAL_XIB'ALB'A,88.88888888888889,q'aq'aric ri ahau cucumatz a
51,2,0,35,ahau,cahau,XA_Q'ANA_JAL,88.88888888888889,q'aq'aric ri ahau cucumatz a
51,2,0,35,ahau,aha u,TOJIL,88.88888888888889,q'aq'aric ri ahau cucumatz a
51,2,0,35,ahau,cahau,K'O'AJAW_AKDOS,88.88888888888889,q'aq'aric ri ahau cucumatz a
51,2,0,47,quic,xquic,IXKIK',88.88888888888889,quel remanic quic chuxic qui
52,1,0,5,ahau,cahau,K'AJOLOM,88.88888888888889,ahau arecut vticaric vnima
52,1,0,5,ahau,cahau,XPIYAKOK,88.88888888888889,ahau arecut vticaric vnima
52,1,0,5,ahau,cahau,JUN_JUNAJPU,88.88888888888889,ahau arecut vticaric vnima
52,1,0,5,ahau,aha u,JUN_KAME',88.88888888888889,ahau arecut vticaric vnima
52,1,0,5,ahau,aha u,RAJAWAL_XIB'ALB'A,88.88888888888889,ahau arecut vticaric vnima
52,1,0,5,ahau,cahau,XA_Q'ANA_JAL,88.88888888888889,ahau arecut vticaric vnima
52,1,0,5,ahau,aha u,TOJIL,88.88888888888889,ahau arecut vticaric vnima
52,1,0,5,ahau,cahau,K'O'AJAW_AKDOS,88.88888888888889,ahau arecut vticaric vnima
52,1,0,8,vmam,v mam,KAWEQ,88.88888888888889,chel vvach vmam vqahol chu
52,1,0,23,ahau,cahau,K'AJOLOM,88.88888888888889,bano role ahau xuxic xaui xe
52,1,0,23,ahau,cahau,XPIYAKOK,88.88888888888889,bano role ahau xuxic xaui xe
52,1,0,23,ahau,cahau,JUN_JUNAJPU,88.88888888888889,bano role ahau xuxic xaui xe
52,1,0,23,ahau,aha u,JUN_KAME',88.88888888888889,bano role ahau xuxic xaui xe
52,1,0,23,ahau,aha u,RAJAWAL_XIB'ALB'A,88.88888888888889,bano role ahau xuxic xaui xe
52,1,0,23,ahau,cahau,XA_Q'ANA_JAL,88.88888888888889,bano role ahau xuxic xaui xe
52,1,0,23,ahau,aha u,TOJIL,88.88888888888889,bano role ahau xuxic xaui xe
52,1,0,23,ahau,cahau,K'O'AJAW_AKDOS,88.88888888888889,bano role ahau xuxic xaui xe
52,1,1,26,ahau,cahau,K'AJOLOM,88.88888888888889,le ahau e caib chinimac aha
52,1,1,26,ahau,cahau,XPIYAKOK,88.88888888888889,le ahau e caib chinimac aha
52,1,1,26,ahau,cahau,JUN_JUNAJPU,88.88888888888889,le ahau e caib chinimac aha
52,1,1,26,ahau,aha u,JUN_KAME',88.88888888888889,le ahau e caib chinimac aha
52,1,1,26,ahau,aha u,RAJAWAL_XIB'ALB'A,88.88888888888889,le ahau e caib chinimac aha
52,1,1,26,ahau,cahau,XA_Q'ANA_JAL,88.88888888888889,le ahau e caib chinimac aha
52,1,1,26,ahau,aha u,TOJIL,88.88888888888889,le ahau e caib chinimac aha
52,1,1,26,ahau,cahau,K'O'AJAW_AKDOS,88.88888888888889,le ahau e caib chinimac aha
52,1,1,27,ahau,cahau,K'AJOLOM,88.88888888888889,uab eq'aq' quicab vbi hun ahau
52,1,1,27,ahau,cahau,XPIYAKOK,88.88888888888889,uab eq'aq' quicab vbi hun ahau
52,1,1,27,ahau,cahau,JUN_JUNAJPU,88.88888888888889,uab eq'aq' quicab vbi hun ahau
52,1,1,27,ahau,aha u,JUN_KAME',88.88888888888889,uab eq'aq' quicab vbi hun ahau
52,1,1,27,ahau,aha u,RAJAWAL_XIB'ALB'A,88.88888888888889,uab eq'aq' quicab vbi hun ahau
52,1,1,27,ahau,cahau,XA_Q'ANA_JAL,88.88888888888889,uab eq'aq' quicab vbi hun ahau
52,1,1,27,ahau,aha u,TOJIL,88.88888888888889,uab eq'aq' quicab vbi hun ahau
52,1,1,27,ahau,cahau,K'O'AJAW_AKDOS,88.88888888888889,uab eq'aq' quicab vbi hun ahau
52,2,1,29,xqui,xquic,IXKIK',88.88888888888889,mit amac xecha ta xqui cuch
52,2,1,29,cuch,chuch,ALOM,88.88888888888889,mit amac xecha ta xqui cuch
52,2,1,29,cuch,chuch,IXMUKANE,88.88888888888889,mit amac xecha ta xqui cuch
52,2,1,29,cuch,chuch,IXKIK',88.88888888888889,mit amac xecha ta xqui cuch
52,2,1,29,cuch,chuch,XA_Q'ANA_JAL,88.88888888888889,mit amac xecha ta xqui cuch
52,2,1,29,cuch,chuch,IXOQ_AJAWAB',88.88888888888889,mit amac xecha ta xqui cuch
52,2,1,29,xqui cuch,qui chuch,CHIMALMAT,88.88888888888889,mit amac xecha ta xqui cuch
52,2,1,29,xqui cuch,qui chuch,IXB'AQIYALO,88.88888888888889,mit amac xecha ta xqui cuch
52,2,1,32,quehe,queh,KEJ,88.88888888888889,quehe pu caca chinamit quehe
53,1,0,4,caam,camam,SAQI_NIM_AQ_SIS,88.88888888888889,yub xa pu qhahal qha caam qhah
53,1,0,4,caam,camam,XA_Q'ANA_JAL,88.88888888888889,yub xa pu qhahal qha caam qhah
53,1,0,10,cabi,cabix,AB'IX,88.88888888888889,lahuh ruq chic ah cabracan cabi
53,1,0,22,ahau,cahau,K'AJOLOM,88.88888888888889,ib achac iboy cut vbi ahau chu
53,1,0,22,ahau,cahau,XPIYAKOK,88.88888888888889,ib achac iboy cut vbi ahau chu
53,1,0,22,ahau,cahau,JUN_JUNAJPU,88.88888888888889,ib achac iboy cut vbi ahau chu
53,1,0,22,ahau,aha u,JUN_KAME',88.88888888888889,ib achac iboy cut vbi ahau chu
53,1,0,22,ahau,aha u,RAJAWAL_XIB'ALB'A,88.88888888888889,ib achac iboy cut vbi ahau chu
53,1,0,22,ahau,cahau,XA_Q'ANA_JAL,88.88888888888889,ib achac iboy cut vbi ahau chu
53,1,0,22,ahau,aha u,TOJIL,88.88888888888889,ib achac iboy cut vbi ahau chu
53,1,0,22,ahau,cahau,K'O'AJAW_AKDOS,88.88888888888889,ib achac iboy cut vbi ahau chu
53,1,0,24,ahau,cahau,K'AJOLOM,88.88888888888889,bi ahau ri xetacouic xezama
53,1,0,24,ahau,cahau,XPIYAKOK,88.88888888888889,bi ahau ri xetacouic xezama
53,1,0,24,ahau,cahau,JUN_JUNAJPU,88.88888888888889,bi ahau ri xetacouic xezama
53,1,0,24,ahau,aha u,JUN_KAME',88.88888888888889,bi ahau ri xetacouic xezama
53,1,0,24,ahau,aha u,RAJAWAL_XIB'ALB'A,88.88888888888889,bi ahau ri xetacouic xezama
53,1,0,24,ahau,cahau,XA_Q'ANA_JAL,88.88888888888889,bi ahau ri xetacouic xezama
53,1,0,24,ahau,aha u,TOJIL,88.88888888888889,bi ahau ri xetacouic xezama
53,1,0,24,ahau,cahau,K'O'AJAW_AKDOS,88.88888888888889,bi ahau ri xetacouic xezama
53,1,0,25,puch,xpuch,IXPUCH',88.88888888888889,helan puch taxebec cal qui qa
53,1,0,31,caam,camam,SAQI_NIM_AQ_SIS,88.88888888888889,vchi caam xecanab chic xetele
53,1,0,31,caam,camam,XA_Q'ANA_JAL,88.88888888888889,vchi caam xecanab chic xetele
53,1,0,43,ahau,cahau,K'AJOLOM,88.88888888888889,chicu aue at ahau ealel ealel
53,1,0,43,ahau,cahau,XPIYAKOK,88.88888888888889,chicu aue at ahau ealel ealel
53,1,0,43,ahau,cahau,JUN_JUNAJPU,88.88888888888889,chicu aue at ahau ealel ealel
53,1,0,43,ahau,aha u,JUN_KAME',88.88888888888889,chicu aue at ahau ealel ealel
53,1,0,43,ahau,aha u,RAJAWAL_XIB'ALB'A,88.88888888888889,chicu aue at ahau ealel ealel
53,1,0,43,ahau,cahau,XA_Q'ANA_JAL,88.88888888888889,chicu aue at ahau ealel ealel
53,1,0,43,ahau,aha u,TOJIL,88.88888888888889,chicu aue at ahau ealel ealel
53,1,0,43,ahau,cahau,K'O'AJAW_AKDOS,88.88888888888889,chicu aue at ahau ealel ealel
53,1,0,46,quehe,queh,KEJ,88.88888888888889,xavi cu quehe xubano tamub i
53,2,2,11,qui chapic,qui chac,KA'IB'_K'AJOLAB',88.88888888888889,va cute qui cobic qui chapic
53,2,2,12,puch,xpuch,IXPUCH',88.88888888888889,quetaxic puch huvinac ealel hu
53,2,2,14,puch,xpuch,IXPUCH',88.88888888888889,pop ahpop camha rumal puch ea
53,2,2,17,ahau,cahau,K'AJOLOM,88.88888888888889,chocoh ealel ahau ealel zaquic v
53,2,2,17,ahau,cahau,XPIYAKOK,88.88888888888889,chocoh ealel ahau ealel zaquic v
53,2,2,17,ahau,cahau,JUN_JUNAJPU,88.88888888888889,chocoh ealel ahau ealel zaquic v
53,2,2,17,ahau,aha u,JUN_KAME',88.88888888888889,chocoh ealel ahau ealel zaquic v
53,2,2,17,ahau,aha u,RAJAWAL_XIB'ALB'A,88.88888888888889,chocoh ealel ahau ealel zaquic v
53,2,2,17,ahau,cahau,XA_Q'ANA_JAL,88.88888888888889,chocoh ealel ahau ealel zaquic v
53,2,2,17,ahau,aha u,TOJIL,88.88888888888889,chocoh ealel ahau ealel zaquic v
53,2,2,17,ahau,cahau,K'O'AJAW_AKDOS,88.88888888888889,chocoh ealel ahau ealel zaquic v
53,2,2,18,rahpop achih,rahpop achi hab,RAJPOP,88.88888888888889,ealel achih rahpop achih rahtza
53,2,2,21,puch,xpuch,IXPUCH',88.88888888888889,ah puch chuvi qui tem chuvi qui
53,2,2,24,caam,camam,SAQI_NIM_AQ_SIS,88.88888888888889,chi qha vchi caam quehoh tzapib
53,2,2,24,caam,camam,XA_Q'ANA_JAL,88.88888888888889,chi qha vchi caam quehoh tzapib
53,2,2,26,quehe,queh,KEJ,88.88888888888889,cu quehe xubano tamub ilocab
53,2,2,27,puch,xpuch,IXPUCH',88.88888888888889,xuqhapo xucobizah puch vnabe
53,2,2,31,quehe,queh,KEJ,88.88888888888889,quehe relic ri ta xeelic chirih ah
53,2,3,41,ahau,cahau,K'AJOLOM,88.88888888888889,ahau quiche tzutuha quilna cahba
53,2,3,41,ahau,cahau,XPIYAKOK,88.88888888888889,ahau quiche tzutuha quilna cahba
53,2,3,41,ahau,cahau,JUN_JUNAJPU,88.88888888888889,ahau quiche tzutuha quilna cahba
53,2,3,41,ahau,aha u,JUN_KAME',88.88888888888889,ahau quiche tzutuha quilna cahba
53,2,3,41,ahau,aha u,RAJAWAL_XIB'ALB'A,88.88888888888889,ahau quiche tzutuha quilna cahba
53,2,3,41,ahau,cahau,XA_Q'ANA_JAL,88.88888888888889,ahau quiche tzutuha quilna cahba
53,2,3,41,ahau,aha u,TOJIL,88.88888888888889,ahau quiche tzutuha quilna cahba
53,2,3,41,ahau,cahau,K'O'AJAW_AKDOS,88.88888888888889,ahau quiche tzutuha quilna cahba
53,2,3,44,puch,xpuch,IXPUCH',88.88888888888889,quiche quihilox puch rumal ro
54,1,0,7,ahau,aha u,RAJAWAL_XIB'ALB'A,88.88888888888889,ual ahau ri cucumatz cotuha na
54,1,0,23,quecahbic,quechahic,CHAAJ,88.88888888888889,chicut quecahbic quecatonic chu
54,1,0,30,quiqo,quiq,KIK',88.88888888888889,zinic chiquibano are retal quiqo
54,2,0,41,q ' iquinaha,ah q ' iquinaha,AJTZ'IKINA_JA,88.88888888888889,q ' iquinaha tuhalaha vchabaha
54,2,0,47,caha,cahau,K'AJOLOM,88.88888888888889,caha xquibano mapu xaloc tah
54,2,0,47,caha,cahau,XPIYAKOK,88.88888888888889,caha xquibano mapu xaloc tah
54,2,0,47,caha,cahau,JUN_JUNAJPU,88.88888888888889,caha xquibano mapu xaloc tah
54,2,0,47,caha,cahau,XA_Q'ANA_JAL,88.88888888888889,caha xquibano mapu xaloc tah
54,2,0,47,caha,cahau,K'O'AJAW_AKDOS,88.88888888888889,caha xquibano mapu xaloc tah
55,1,0,18,atan,patan,PATAN,88.88888888888889,ui atan xvinaquiric quiq'aq'al
55,1,0,20,quehe,queh,KEJ,88.88888888888889,uarem quehe cut vticaric vni
55,1,2,41,alam,balam,B'ALAM,88.88888888888889,b alam quitze vxe nabal cavi
55,1,4,44,alam,balam,B'ALAM,88.88888888888889,b alam conache xtiquiban ahpopol
55,1,6,47,ahau,cahau,K'AJOLOM,88.88888888888889,c ucumatz cotuha vxe naval ahau
55,1,6,47,ahau,cahau,XPIYAKOK,88.88888888888889,c ucumatz cotuha vxe naval ahau
55,1,6,47,ahau,cahau,JUN_JUNAJPU,88.88888888888889,c ucumatz cotuha vxe naval ahau
55,1,6,47,ahau,aha u,JUN_KAME',88.88888888888889,c ucumatz cotuha vxe naval ahau
55,1,6,47,ahau,aha u,RAJAWAL_XIB'ALB'A,88.88888888888889,c ucumatz cotuha vxe naval ahau
55,1,6,47,ahau,cahau,XA_Q'ANA_JAL,88.88888888888889,c ucumatz cotuha vxe naval ahau
55,1,6,47,ahau,aha u,TOJIL,88.88888888888889,c ucumatz cotuha vxe naval ahau
55,1,6,47,ahau,cahau,K'O'AJAW_AKDOS,88.88888888888889,c ucumatz cotuha vxe naval ahau
55,2,5,7,caam,camam,SAQI_NIM_AQ_SIS,88.88888888888889,v ahxaqui caam quicab cut vla
55,2,5,7,caam,camam,XA_Q'ANA_JAL,88.88888888888889,v ahxaqui caam quicab cut vla
55,2,7,11,quieh,queh,KEJ,88.88888888888889,o xib quieh beleheb tzi vcabla
55,2,10,23,ahau,cahau,K'AJOLOM,88.88888888888889,ri ahau ahpop ahpop camba chu
55,2,10,23,ahau,cahau,XPIYAKOK,88.88888888888889,ri ahau ahpop ahpop camba chu
55,2,10,23,ahau,cahau,JUN_JUNAJPU,88.88888888888889,ri ahau ahpop ahpop camba chu
55,2,10,23,ahau,aha u,JUN_KAME',88.88888888888889,ri ahau ahpop ahpop camba chu
55,2,10,23,ahau,aha u,RAJAWAL_XIB'ALB'A,88.88888888888889,ri ahau ahpop ahpop camba chu
55,2,10,23,ahau,cahau,XA_Q'ANA_JAL,88.88888888888889,ri ahau ahpop ahpop camba chu
55,2,10,23,ahau,aha u,TOJIL,88.88888888888889,ri ahau ahpop ahpop camba chu
55,2,10,23,ahau,cahau,K'O'AJAW_AKDOS,88.88888888888889,ri ahau ahpop ahpop camba chu
55,2,11,31,a hau,ahau,WUQUB'_KAQIX,88.88888888888889,a hau ahpop hun vnimha cuhavbi
55,2,11,31,a hau,ahau,JUN_KAME',88.88888888888889,a hau ahpop hun vnimha cuhavbi
55,2,11,31,a hau,ahau,RAJAWAL_XIB'ALB'A,88.88888888888889,a hau ahpop hun vnimha cuhavbi
55,2,11,31,a hau,ahau,JUN_KAME'_WUQUB'_KAME',88.88888888888889,a hau ahpop hun vnimha cuhavbi
55,2,11,31,a hau,ahau,JUN_KAME'_WUQUB'_KAME,88.88888888888889,a hau ahpop hun vnimha cuhavbi
55,2,11,31,a hau,ahau,AWILIX,88.88888888888889,a hau ahpop hun vnimha cuhavbi
55,2,11,31,a hau,ahau,JAQAWITZ,88.88888888888889,a hau ahpop hun vnimha cuhavbi
55,2,11,31,a hau,ahau,NAKXIT,88.88888888888889,a hau ahpop hun vnimha cuhavbi
55,2,11,31,a hau,ahau,K'OTUJA_KQCUATRO,88.88888888888889,a hau ahpop hun vnimha cuhavbi
55,2,12,33,a hau,ahau,WUQUB'_KAQIX,88.88888888888889,a hau ahpopcamha tziquinahavbi
55,2,12,33,a hau,ahau,JUN_KAME',88.88888888888889,a hau ahpopcamha tziquinahavbi
55,2,12,33,a hau,ahau,RAJAWAL_XIB'ALB'A,88.88888888888889,a hau ahpopcamha tziquinahavbi
55,2,12,33,a hau,ahau,JUN_KAME'_WUQUB'_KAME',88.88888888888889,a hau ahpopcamha tziquinahavbi
55,2,12,33,a hau,ahau,JUN_KAME'_WUQUB'_KAME,88.88888888888889,a hau ahpopcamha tziquinahavbi
55,2,12,33,a hau,ahau,AWILIX,88.88888888888889,a hau ahpopcamha tziquinahavbi
55,2,12,33,a hau,ahau,JAQAWITZ,88.88888888888889,a hau ahpopcamha tziquinahavbi
55,2,12,33,a hau,ahau,NAKXIT,88.88888888888889,a hau ahpopcamha tziquinahavbi
55,2,12,33,a hau,ahau,K'OTUJA_KQCUATRO,88.88888888888889,a hau ahpopcamha tziquinahavbi
55,2,14,36,a hau,ahau,WUQUB'_KAQIX,88.88888888888889,a hau ahtohil hun vnimha
55,2,14,36,a hau,ahau,JUN_KAME',88.88888888888889,a hau ahtohil hun vnimha
55,2,14,36,a hau,ahau,RAJAWAL_XIB'ALB'A,88.88888888888889,a hau ahtohil hun vnimha
55,2,14,36,a hau,ahau,JUN_KAME'_WUQUB'_KAME',88.88888888888889,a hau ahtohil hun vnimha
55,2,14,36,a hau,ahau,JUN_KAME'_WUQUB'_KAME,88.88888888888889,a hau ahtohil hun vnimha
55,2,14,36,a hau,ahau,AWILIX,88.88888888888889,a hau ahtohil hun vnimha
55,2,14,36,a hau,ahau,JAQAWITZ,88.88888888888889,a hau ahtohil hun vnimha
55,2,14,36,a hau,ahau,NAKXIT,88.88888888888889,a hau ahtohil hun vnimha
55,2,14,36,a hau,ahau,K'OTUJA_KQCUATRO,88.88888888888889,a hau ahtohil hun vnimha
55,2,15,37,a hau,ahau,WUQUB'_KAQIX,88.88888888888889,a hau ah cucumatz hun vnimha
55,2,15,37,a hau,ahau,JUN_KAME',88.88888888888889,a hau ah cucumatz hun vnimha
55,2,15,37,a hau,ahau,RAJAWAL_XIB'ALB'A,88.88888888888889,a hau ah cucumatz hun vnimha
55,2,15,37,a hau,ahau,JUN_KAME'_WUQUB'_KAME',88.88888888888889,a hau ah cucumatz hun vnimha
55,2,15,37,a hau,ahau,JUN_KAME'_WUQUB'_KAME,88.88888888888889,a hau ah cucumatz hun vnimha
55,2,15,37,a hau,ahau,AWILIX,88.88888888888889,a hau ah cucumatz hun vnimha
55,2,15,37,a hau,ahau,JAQAWITZ,88.88888888888889,a hau ah cucumatz hun vnimha
55,2,15,37,a hau,ahau,NAKXIT,88.88888888888889,a hau ah cucumatz hun vnimha
55,2,15,37,a hau,ahau,K'OTUJA_KQCUATRO,88.88888888888889,a hau ah cucumatz hun vnimha
55,2,17,39,queh,quieh,KEJ,88.88888888888889,l olmet queh nai hun vnimha
56,1,1,4,alam,balam,B'ALAM,88.88888888888889,b alam acab nabe mamaxel ca
56,1,4,8,quih,quieh,KEJ,88.88888888888889,b eleheb quih vcah le chic
56,1,5,9,ahau,cahau,K'AJOLOM,88.88888888888889,c otuha ro le ahau
56,1,5,9,ahau,cahau,XPIYAKOK,88.88888888888889,c otuha ro le ahau
56,1,5,9,ahau,cahau,JUN_JUNAJPU,88.88888888888889,c otuha ro le ahau
56,1,5,9,ahau,aha u,JUN_KAME',88.88888888888889,c otuha ro le ahau
56,1,5,9,ahau,aha u,RAJAWAL_XIB'ALB'A,88.88888888888889,c otuha ro le ahau
56,1,5,9,ahau,cahau,XA_Q'ANA_JAL,88.88888888888889,c otuha ro le ahau
56,1,5,9,ahau,aha u,TOJIL,88.88888888888889,c otuha ro le ahau
56,1,5,9,ahau,cahau,K'O'AJAW_AKDOS,88.88888888888889,c otuha ro le ahau
56,1,7,11,ahau,cahau,K'AJOLOM,88.88888888888889,z tayul chicut v vcle ahau
56,1,7,11,ahau,cahau,XPIYAKOK,88.88888888888889,z tayul chicut v vcle ahau
56,1,7,11,ahau,cahau,JUN_JUNAJPU,88.88888888888889,z tayul chicut v vcle ahau
56,1,7,11,ahau,aha u,JUN_KAME',88.88888888888889,z tayul chicut v vcle ahau
56,1,7,11,ahau,aha u,RAJAWAL_XIB'ALB'A,88.88888888888889,z tayul chicut v vcle ahau
56,1,7,11,ahau,cahau,XA_Q'ANA_JAL,88.88888888888889,z tayul chicut v vcle ahau
56,1,7,11,ahau,aha u,TOJIL,88.88888888888889,z tayul chicut v vcle ahau
56,1,7,11,ahau,cahau,K'O'AJAW_AKDOS,88.88888888888889,z tayul chicut v vcle ahau
56,1,9,14,quih,quieh,KEJ,88.88888888888889,b eleheb quih vbeleh taz
56,1,11,16,a hau,ahau,WUQUB'_KAQIX,88.88888888888889,a hau cotuha vhulahu le
56,1,11,16,a hau,ahau,JUN_KAME',88.88888888888889,a hau cotuha vhulahu le
56,1,11,16,a hau,ahau,RAJAWAL_XIB'ALB'A,88.88888888888889,a hau cotuha vhulahu le
56,1,11,16,a hau,ahau,JUN_KAME'_WUQUB'_KAME',88.88888888888889,a hau cotuha vhulahu le
56,1,11,16,a hau,ahau,JUN_KAME'_WUQUB'_KAME,88.88888888888889,a hau cotuha vhulahu le
56,1,11,16,a hau,ahau,AWILIX,88.88888888888889,a hau cotuha vhulahu le
56,1,11,16,a hau,ahau,JAQAWITZ,88.88888888888889,a hau cotuha vhulahu le
56,1,11,16,a hau,ahau,NAKXIT,88.88888888888889,a hau cotuha vhulahu le
56,1,11,16,a hau,ahau,K'OTUJA_KQCUATRO,88.88888888888889,a hau cotuha vhulahu le
56,1,13,20,ahau,cahau,K'AJOLOM,88.88888888888889,z d don pedro de robles ahau q'alel
56,1,13,20,ahau,cahau,XPIYAKOK,88.88888888888889,z d don pedro de robles ahau q'alel
56,1,13,20,ahau,cahau,JUN_JUNAJPU,88.88888888888889,z d don pedro de robles ahau q'alel
56,1,13,20,ahau,aha u,JUN_KAME',88.88888888888889,z d don pedro de robles ahau q'alel
56,1,13,20,ahau,aha u,RAJAWAL_XIB'ALB'A,88.88888888888889,z d don pedro de robles ahau q'alel
56,1,13,20,ahau,cahau,XA_Q'ANA_JAL,88.88888888888889,z d don pedro de robles ahau q'alel
56,1,13,20,ahau,aha u,TOJIL,88.88888888888889,z d don pedro de robles ahau q'alel
56,1,13,20,ahau,cahau,K'O'AJAW_AKDOS,88.88888888888889,z d don pedro de robles ahau q'alel
56,1,14,23,ahau,cahau,K'AJOLOM,88.88888888888889,elenac chirih ri ahau q'alel are
56,1,14,23,ahau,cahau,XPIYAKOK,88.88888888888889,elenac chirih ri ahau q'alel are
56,1,14,23,ahau,cahau,JUN_JUNAJPU,88.88888888888889,elenac chirih ri ahau q'alel are
56,1,14,23,ahau,aha u,JUN_KAME',88.88888888888889,elenac chirih ri ahau q'alel are
56,1,14,23,ahau,aha u,RAJAWAL_XIB'ALB'A,88.88888888888889,elenac chirih ri ahau q'alel are
56,1,14,23,ahau,cahau,XA_Q'ANA_JAL,88.88888888888889,elenac chirih ri ahau q'alel are
56,1,14,23,ahau,aha u,TOJIL,88.88888888888889,elenac chirih ri ahau q'alel are
56,1,14,23,ahau,cahau,K'O'AJAW_AKDOS,88.88888888888889,elenac chirih ri ahau q'alel are
56,1,15,23,ahau,cahau,K'AJOLOM,88.88888888888889,a hau q'alel vnabe ahau chuva
56,1,15,23,ahau,cahau,XPIYAKOK,88.88888888888889,a hau q'alel vnabe ahau chuva
56,1,15,23,ahau,cahau,JUN_JUNAJPU,88.88888888888889,a hau q'alel vnabe ahau chuva
56,1,15,23,ahau,aha u,JUN_KAME',88.88888888888889,a hau q'alel vnabe ahau chuva
56,1,15,23,ahau,aha u,RAJAWAL_XIB'ALB'A,88.88888888888889,a hau q'alel vnabe ahau chuva
56,1,15,23,ahau,cahau,XA_Q'ANA_JAL,88.88888888888889,a hau q'alel vnabe ahau chuva
56,1,15,23,ahau,aha u,TOJIL,88.88888888888889,a hau q'alel vnabe ahau chuva
56,1,15,23,ahau,cahau,K'O'AJAW_AKDOS,88.88888888888889,a hau q'alel vnabe ahau chuva
56,1,15,23,a hau,ahau,WUQUB'_KAQIX,88.88888888888889,a hau q'alel vnabe ahau chuva
56,1,15,23,a hau,ahau,JUN_KAME',88.88888888888889,a hau q'alel vnabe ahau chuva
56,1,15,23,a hau,ahau,RAJAWAL_XIB'ALB'A,88.88888888888889,a hau q'alel vnabe ahau chuva
56,1,15,23,a hau,ahau,JUN_KAME'_WUQUB'_KAME',88.88888888888889,a hau q'alel vnabe ahau chuva
56,1,15,23,a hau,ahau,JUN_KAME'_WUQUB'_KAME,88.88888888888889,a hau q'alel vnabe ahau chuva
56,1,15,23,a hau,ahau,AWILIX,88.88888888888889,a hau q'alel vnabe ahau chuva
56,1,15,23,a hau,ahau,JAQAWITZ,88.88888888888889,a hau q'alel vnabe ahau chuva
56,1,15,23,a hau,ahau,NAKXIT,88.88888888888889,a hau q'alel vnabe ahau chuva
56,1,15,23,a hau,ahau,K'OTUJA_KQCUATRO,88.88888888888889,a hau q'alel vnabe ahau chuva
56,1,16,25,a hau,ahau,WUQUB'_KAQIX,88.88888888888889,a hau ah tzic vinac hun vnim ha
56,1,16,25,a hau,ahau,JUN_KAME',88.88888888888889,a hau ah tzic vinac hun vnim ha
56,1,16,25,a hau,ahau,RAJAWAL_XIB'ALB'A,88.88888888888889,a hau ah tzic vinac hun vnim ha
56,1,16,25,a hau,ahau,JUN_KAME'_WUQUB'_KAME',88.88888888888889,a hau ah tzic vinac hun vnim ha
56,1,16,25,a hau,ahau,JUN_KAME'_WUQUB'_KAME,88.88888888888889,a hau ah tzic vinac hun vnim ha
56,1,16,25,a hau,ahau,AWILIX,88.88888888888889,a hau ah tzic vinac hun vnim ha
56,1,16,25,a hau,ahau,JAQAWITZ,88.88888888888889,a hau ah tzic vinac hun vnim ha
56,1,16,25,a hau,ahau,NAKXIT,88.88888888888889,a hau ah tzic vinac hun vnim ha
56,1,16,25,a hau,ahau,K'OTUJA_KQCUATRO,88.88888888888889,a hau ah tzic vinac hun vnim ha
56,1,17,26,a hau,ahau,WUQUB'_KAQIX,88.88888888888889,a hau q'alel camha hun vnim ha
56,1,17,26,a hau,ahau,JUN_KAME',88.88888888888889,a hau q'alel camha hun vnim ha
56,1,17,26,a hau,ahau,RAJAWAL_XIB'ALB'A,88.88888888888889,a hau q'alel camha hun vnim ha
56,1,17,26,a hau,ahau,JUN_KAME'_WUQUB'_KAME',88.88888888888889,a hau q'alel camha hun vnim ha
56,1,17,26,a hau,ahau,JUN_KAME'_WUQUB'_KAME,88.88888888888889,a hau q'alel camha hun vnim ha
56,1,17,26,a hau,ahau,AWILIX,88.88888888888889,a hau q'alel camha hun vnim ha
56,1,17,26,a hau,ahau,JAQAWITZ,88.88888888888889,a hau q'alel camha hun vnim ha
56,1,17,26,a hau,ahau,NAKXIT,88.88888888888889,a hau q'alel camha hun vnim ha
56,1,17,26,a hau,ahau,K'OTUJA_KQCUATRO,88.88888888888889,a hau q'alel camha hun vnim ha
56,1,22,31,a hau,ahau,WUQUB'_KAQIX,88.88888888888889,a hau auilix hun vnim ha
56,1,22,31,a hau,ahau,JUN_KAME',88.88888888888889,a hau auilix hun vnim ha
56,1,22,31,a hau,ahau,RAJAWAL_XIB'ALB'A,88.88888888888889,a hau auilix hun vnim ha
56,1,22,31,a hau,ahau,JUN_KAME'_WUQUB'_KAME',88.88888888888889,a hau auilix hun vnim ha
56,1,22,31,a hau,ahau,JUN_KAME'_WUQUB'_KAME,88.88888888888889,a hau auilix hun vnim ha
56,1,22,31,a hau,ahau,AWILIX,88.88888888888889,a hau auilix hun vnim ha
56,1,22,31,a hau,ahau,JAQAWITZ,88.88888888888889,a hau auilix hun vnim ha
56,1,22,31,a hau,ahau,NAKXIT,88.88888888888889,a hau auilix hun vnim ha
56,1,22,31,a hau,ahau,K'OTUJA_KQCUATRO,88.88888888888889,a hau auilix hun vnim ha
56,1,25,39,ahau,cahau,K'AJOLOM,88.88888888888889,a re chicut rech ahau qui che
56,1,25,39,ahau,cahau,XPIYAKOK,88.88888888888889,a re chicut rech ahau qui che
56,1,25,39,ahau,cahau,JUN_JUNAJPU,88.88888888888889,a re chicut rech ahau qui che
56,1,25,39,ahau,aha u,JUN_KAME',88.88888888888889,a re chicut rech ahau qui che
56,1,25,39,ahau,aha u,RAJAWAL_XIB'ALB'A,88.88888888888889,a re chicut rech ahau qui che
56,1,25,39,ahau,cahau,XA_Q'ANA_JAL,88.88888888888889,a re chicut rech ahau qui che
56,1,25,39,ahau,aha u,TOJIL,88.88888888888889,a re chicut rech ahau qui che
56,1,25,39,ahau,cahau,K'O'AJAW_AKDOS,88.88888888888889,a re chicut rech ahau qui che
56,1,25,40,vmam,v mam,KAWEQ,88.88888888888889,va vmam vcahau
56,1,26,42,ahau,cahau,K'AJOLOM,88.88888888888889,coahau vbi vcale ahau
56,1,26,42,ahau,cahau,XPIYAKOK,88.88888888888889,coahau vbi vcale ahau
56,1,26,42,ahau,cahau,JUN_JUNAJPU,88.88888888888889,coahau vbi vcale ahau
56,1,26,42,ahau,aha u,JUN_KAME',88.88888888888889,coahau vbi vcale ahau
56,1,26,42,ahau,aha u,RAJAWAL_XIB'ALB'A,88.88888888888889,coahau vbi vcale ahau
56,1,26,42,ahau,cahau,XA_Q'ANA_JAL,88.88888888888889,coahau vbi vcale ahau
56,1,26,42,ahau,aha u,TOJIL,88.88888888888889,coahau vbi vcale ahau
56,2,5,7,ahau,cahau,K'AJOLOM,88.88888888888889,ahau quiche are vleel vtazel
56,2,5,7,ahau,cahau,XPIYAKOK,88.88888888888889,ahau quiche are vleel vtazel
56,2,5,7,ahau,cahau,JUN_JUNAJPU,88.88888888888889,ahau quiche are vleel vtazel
56,2,5,7,ahau,aha u,JUN_KAME',88.88888888888889,ahau quiche are vleel vtazel
56,2,5,7,ahau,aha u,RAJAWAL_XIB'ALB'A,88.88888888888889,ahau quiche are vleel vtazel
56,2,5,7,ahau,cahau,XA_Q'ANA_JAL,88.88888888888889,ahau quiche are vleel vtazel
56,2,5,7,ahau,aha u,TOJIL,88.88888888888889,ahau quiche are vleel vtazel
56,2,5,7,ahau,cahau,K'O'AJAW_AKDOS,88.88888888888889,ahau quiche are vleel vtazel
56,2,5,8,puch,xpuch,IXPUCH',88.88888888888889,puch arecut vbi ahauab va
56,2,5,9,cahib,caib,JUN_B'ATZ'_JUN_CHOWEN,88.88888888888889,chupan nimha xa cahib vnim
56,2,5,9,cahib,caib,K'OKA'IB_KQDOS,88.88888888888889,chupan nimha xa cahib vnim
56,2,6,11,ahau,cahau,K'AJOLOM,88.88888888888889,a h tzic vinac ahau vbi nabeahau
56,2,6,11,ahau,cahau,XPIYAKOK,88.88888888888889,a h tzic vinac ahau vbi nabeahau
56,2,6,11,ahau,cahau,JUN_JUNAJPU,88.88888888888889,a h tzic vinac ahau vbi nabeahau
56,2,6,11,ahau,aha u,JUN_KAME',88.88888888888889,a h tzic vinac ahau vbi nabeahau
56,2,6,11,ahau,aha u,RAJAWAL_XIB'ALB'A,88.88888888888889,a h tzic vinac ahau vbi nabeahau
56,2,6,11,ahau,cahau,XA_Q'ANA_JAL,88.88888888888889,a h tzic vinac ahau vbi nabeahau
56,2,6,11,ahau,aha u,TOJIL,88.88888888888889,a h tzic vinac ahau vbi nabeahau
56,2,6,11,ahau,cahau,K'O'AJAW_AKDOS,88.88888888888889,a h tzic vinac ahau vbi nabeahau
56,2,7,13,ahau,cahau,K'AJOLOM,88.88888888888889,l olmet ahau ucabahau hun
56,2,7,13,ahau,cahau,XPIYAKOK,88.88888888888889,l olmet ahau ucabahau hun
56,2,7,13,ahau,cahau,JUN_JUNAJPU,88.88888888888889,l olmet ahau ucabahau hun
56,2,7,13,ahau,aha u,JUN_KAME',88.88888888888889,l olmet ahau ucabahau hun
56,2,7,13,ahau,aha u,RAJAWAL_XIB'ALB'A,88.88888888888889,l olmet ahau ucabahau hun
56,2,7,13,ahau,cahau,XA_Q'ANA_JAL,88.88888888888889,l olmet ahau ucabahau hun
56,2,7,13,ahau,aha u,TOJIL,88.88888888888889,l olmet ahau ucabahau hun
56,2,7,13,ahau,cahau,K'O'AJAW_AKDOS,88.88888888888889,l olmet ahau ucabahau hun
56,2,8,15,ahau,cahau,K'AJOLOM,88.88888888888889,n im chocoh ahau roxahau hun
56,2,8,15,ahau,cahau,XPIYAKOK,88.88888888888889,n im chocoh ahau roxahau hun
56,2,8,15,ahau,cahau,JUN_JUNAJPU,88.88888888888889,n im chocoh ahau roxahau hun
56,2,8,15,ahau,aha u,JUN_KAME',88.88888888888889,n im chocoh ahau roxahau hun
56,2,8,15,ahau,aha u,RAJAWAL_XIB'ALB'A,88.88888888888889,n im chocoh ahau roxahau hun
56,2,8,15,ahau,cahau,XA_Q'ANA_JAL,88.88888888888889,n im chocoh ahau roxahau hun
56,2,8,15,ahau,aha u,TOJIL,88.88888888888889,n im chocoh ahau roxahau hun
56,2,8,15,ahau,cahau,K'O'AJAW_AKDOS,88.88888888888889,n im chocoh ahau roxahau hun
56,2,9,17,ahau,cahau,K'AJOLOM,88.88888888888889,h acavitz cut vcah ahau hun
56,2,9,17,ahau,cahau,XPIYAKOK,88.88888888888889,h acavitz cut vcah ahau hun
56,2,9,17,ahau,cahau,JUN_JUNAJPU,88.88888888888889,h acavitz cut vcah ahau hun
56,2,9,17,ahau,aha u,JUN_KAME',88.88888888888889,h acavitz cut vcah ahau hun
56,2,9,17,ahau,aha u,RAJAWAL_XIB'ALB'A,88.88888888888889,h acavitz cut vcah ahau hun
56,2,9,17,ahau,cahau,XA_Q'ANA_JAL,88.88888888888889,h acavitz cut vcah ahau hun
56,2,9,17,ahau,aha u,TOJIL,88.88888888888889,h acavitz cut vcah ahau hun
56,2,9,17,ahau,cahau,K'O'AJAW_AKDOS,88.88888888888889,h acavitz cut vcah ahau hun
56,2,9,19,ahau,cahau,K'AJOLOM,88.88888888888889,chuvach ahau quiche
56,2,9,19,ahau,cahau,XPIYAKOK,88.88888888888889,chuvach ahau quiche
56,2,9,19,ahau,cahau,JUN_JUNAJPU,88.88888888888889,chuvach ahau quiche
56,2,9,19,ahau,aha u,JUN_KAME',88.88888888888889,chuvach ahau quiche
56,2,9,19,ahau,aha u,RAJAWAL_XIB'ALB'A,88.88888888888889,chuvach ahau quiche
56,2,9,19,ahau,cahau,XA_Q'ANA_JAL,88.88888888888889,chuvach ahau quiche
56,2,9,19,ahau,aha u,TOJIL,88.88888888888889,chuvach ahau quiche
56,2,9,19,ahau,cahau,K'O'AJAW_AKDOS,88.88888888888889,chuvach ahau quiche
56,2,10,23,cuch,chuch,ALOM,88.88888888888889,chiqui cuch vi quib e oxib chic
56,2,10,23,cuch,chuch,IXMUKANE,88.88888888888889,chiqui cuch vi quib e oxib chic
56,2,10,23,cuch,chuch,IXKIK',88.88888888888889,chiqui cuch vi quib e oxib chic
56,2,10,23,cuch,chuch,XA_Q'ANA_JAL,88.88888888888889,chiqui cuch vi quib e oxib chic
56,2,10,23,cuch,chuch,IXOQ_AJAWAB',88.88888888888889,chiqui cuch vi quib e oxib chic
56,2,11,28,ahau,cahau,K'AJOLOM,88.88888888888889,vcab curi nimchocoh ahau chuva
56,2,11,28,ahau,cahau,XPIYAKOK,88.88888888888889,vcab curi nimchocoh ahau chuva
56,2,11,28,ahau,cahau,JUN_JUNAJPU,88.88888888888889,vcab curi nimchocoh ahau chuva
56,2,11,28,ahau,aha u,JUN_KAME',88.88888888888889,vcab curi nimchocoh ahau chuva
56,2,11,28,ahau,aha u,RAJAWAL_XIB'ALB'A,88.88888888888889,vcab curi nimchocoh ahau chuva
56,2,11,28,ahau,cahau,XA_Q'ANA_JAL,88.88888888888889,vcab curi nimchocoh ahau chuva
56,2,11,28,ahau,aha u,TOJIL,88.88888888888889,vcab curi nimchocoh ahau chuva
56,2,11,28,ahau,cahau,K'O'AJAW_AKDOS,88.88888888888889,vcab curi nimchocoh ahau chuva
56,2,11,29,ahau,cahau,K'AJOLOM,88.88888888888889,ch ahau quiche rox nim chocoh
56,2,11,29,ahau,cahau,XPIYAKOK,88.88888888888889,ch ahau quiche rox nim chocoh
56,2,11,29,ahau,cahau,JUN_JUNAJPU,88.88888888888889,ch ahau quiche rox nim chocoh
56,2,11,29,ahau,aha u,JUN_KAME',88.88888888888889,ch ahau quiche rox nim chocoh
56,2,11,29,ahau,aha u,RAJAWAL_XIB'ALB'A,88.88888888888889,ch ahau quiche rox nim chocoh
56,2,11,29,ahau,cahau,XA_Q'ANA_JAL,88.88888888888889,ch ahau quiche rox nim chocoh
56,2,11,29,ahau,aha u,TOJIL,88.88888888888889,ch ahau quiche rox nim chocoh
56,2,11,29,ahau,cahau,K'O'AJAW_AKDOS,88.88888888888889,ch ahau quiche rox nim chocoh
6,1,1,17,hun ahpu vbi,hun ahpu vtiu,JUNAJPU_UTIW,88.0,hun ahpu vbi hun xbalan
6,2,1,39,ri hun hunahpu,hun hunahpu,JUN_JUNAJPU,88.0,cumal ri hun hunahpu ta
6,2,1,39,hun hunahpu ta,hun hunahpu,JUN_JUNAJPU,88.0,cumal ri hun hunahpu ta
7,1,0,14,caib qaxtoq mi,caib qaxtoq,KA'IB'_K'AJOLAB',88.0,qui pa ri ri e caib qaxtoq mi
7,2,0,9,vcub caquix ri,vcub caquix,WUQUB'_KAQIX,88.0,vcub caquix ri mama atit ca
13,1,0,27,hunahpu vucub,hunahpu vuch,JUNAJPU_WUCH',88.0,bal hun hunahpu vucub hun
15,1,0,18,ri hun hunahpu,hun hunahpu,JUNAJPU,88.0,xeoc ri hun hunahpu vvcub
15,1,0,33,ri hun hunahpu,hun hunahpu,JUNAJPU,88.0,xcat vholom ri hun hunahpu
15,1,0,40,ri hun hunahpu,hun hunahpu,JUNAJPU,88.0,vholom ri hun hunahpu chu
15,2,0,11,hun hunahpu xa,hun hunahpu,JUNAJPU,88.0,holom hun hunahpu xa hunama
17,2,0,1,hun hunahpu va,hun hunahpu,JUNAJPU,88.0,rech hun hunahpu va vcaam eqaz
17,2,0,2,ri hun hunahpu,hun hunahpu,JUNAJPU,88.0,lic maui e caminac ri hun hunahpu
24,1,0,42,lahuh culel,vlahuh cubulel,CH'AMIYA_JOLOM,88.0,lahuh culel ahi naquila mixitiovic
24,1,0,42,lahuh culel,roxlahuh culel,KIK'_RE,88.0,lahuh culel ahi naquila mixitiovic
25,2,0,30,puch qaholab,omuch qaholab,MOTZ,88.0,vqhax puch qaholab hunahpu
30,1,0,11,ahauab quehe,ahauab quiche,TINAMIT_K'ICHE',88.0,chique ri ahauab quehe cu ma
39,1,0,30,balam zochoh,balam rochoch,B'ALAM_JA,88.0,puch chi balam zochoh can
40,2,0,28,ta quia vinac,ya qui vinac,YAKI,88.0,ta quia vinac chiqui qoheic
45,2,1,15,conohel aha,conohel ahauab,RAJAWAL_XIB'ALB'A,88.0,behoh quivachibal conohel aha
46,1,0,25,queheri vinac,queche vinac,TINAMIT_K'ICHE',88.0,queheri vinac xuxic cumal ca
51,1,4,38,re chicut ahau,chicut ahau,AWILIX,88.0,a re chicut ahau quiche va
51,1,5,44,ib chinamit,eoxib chinamit,OXIB_RI_NIM_JA,88.0,ca ib chinamit chi na ipuch
51,2,0,28,ralaxic ahauab,alac ahauab,RAJAWAL_XIB'ALB'A,88.0,ralaxic ahauab rumal ral v
52,2,1,35,conohel aha,conohel ahauab,RAJAWAL_XIB'ALB'A,88.0,ta qhux oc xeqha conohel aha
55,1,0,23,conohel aha,conohel ahauab,RAJAWAL_XIB'ALB'A,88.0,ahavab ruq quibi conohel aha
56,1,14,23,chirih ri ahau,chirih ahau,JAQAWITZ,88.0,elenac chirih ri ahau q'alel are
56,1,25,39,ahau qui che,ahauab quiche,TINAMIT_K'ICHE',88.0,a re chicut rech ahau qui che
1,1,1,12,hun ahpu,hun ahau,JUN_KAME'_WUQUB'_KAME,87.5,pu vuch hun ahpu vtiu za
1,1,1,12,hun ahpu,hun ahau,ISTAYUL_KQCUATRO,87.5,pu vuch hun ahpu vtiu za
1,1,1,13,qucumatz,cucumatz,Q'UKUMATZ_KQCINCO,87.5,quinimac tziz tepeu qucumatz
1,1,1,14,vqux cho,vqux cah,UK'U'X_KAJ,87.5,vqux cho vqux palo ah ra
1,2,2,24,gucumatz,cucumatz,Q'UKUMATZ_KQCINCO,87.5,peu gucumatz e alom e qaho
1,2,2,27,gucumatz,cucumatz,Q'UKUMATZ_KQCINCO,87.5,are vbinaam viri gucumatz
1,2,3,34,gucumatz,cucumatz,Q'UKUMATZ_KQCINCO,87.5,cuq ri tepeu gucumatz varal
1,2,3,36,gucumatz,cucumatz,Q'UKUMATZ_KQCINCO,87.5,au ruq ri tepeu gucumatz xe
1,2,3,38,xquicuch,quichuch,IXB'AQIYALO,87.5,bizonic xerico quib xquicuch
1,2,3,38,xquicuch,quichuch,IXKIK',87.5,bizonic xerico quib xquicuch
1,2,3,39,tzih qui,tzi quin,TZ'IKIN,87.5,qui tzih qui naoh ta xcalah
2,1,0,5,gucumatz,cucumatz,Q'UKUMATZ_KQCINCO,87.5,tepeu gucumatz ta xnaohi
2,2,2,45,vquxvle,vqux vleu,UK'U'X_ULEW,87.5,caculha vqux cah vquxvle
3,2,0,3,vi vbanic,vvbanic,WUB,87.5,he cut catiha vi vbanic ah nim
3,2,0,27,hun ahpu,hun ahau,JUN_KAME'_WUQUB'_KAME,87.5,pu vuch hun ahpu vtiu qui
3,2,0,27,hun ahpu,hun ahau,ISTAYUL_KQCUATRO,87.5,pu vuch hun ahpu vtiu qui
3,2,1,38,gucumatz,cucumatz,Q'UKUMATZ_KQCINCO,87.5,peu gucumatz ta xquibih chire
4,1,0,10,chimala,chimalmat,CHIMALMAT,87.5,cabit chimala chi ixim chi tzite
4,1,0,34,gucumatz,cucumatz,Q'UKUMATZ_KQCINCO,87.5,gucumatz xeqha ta xquibih
4,2,1,32,camalotz,camazotz,SOTZ,87.5,vbac qui vach xepe camalotz
6,1,1,16,qaholab,ixqaholab,MOTZ,87.5,ca quix cumal e caib qaholab
6,1,1,17,hun ahpu,hun ahau,JUN_KAME'_WUQUB'_KAME,87.5,hun ahpu vbi hun xbalan
6,1,1,17,hun ahpu,hun ahau,ISTAYUL_KQCUATRO,87.5,hun ahpu vbi hun xbalan
6,1,1,22,qaholab,ixqaholab,MOTZ,87.5,qaholab mavi vtz ta chuxoc
6,1,1,34,qaholab,ixqaholab,MOTZ,87.5,qaholab huhun chi vb qui
6,2,0,16,qaholab,ixqaholab,MOTZ,87.5,cut itzel xquil vi qaholab
6,2,0,20,qaholab,ixqaholab,MOTZ,87.5,zachic cumal qaholab
6,2,1,31,hun ahpu,hun ahau,JUN_KAME'_WUQUB'_KAME,87.5,cumal ri hun ahpu xbalan
6,2,1,31,hun ahpu,hun ahau,ISTAYUL_KQCUATRO,87.5,cumal ri hun ahpu xbalan
7,1,0,5,quicha ca,quichac,KA'IB'_K'AJOLAB',87.5,quibano ma nabe quicha ca
7,1,0,33,qaholab,ixqaholab,MOTZ,87.5,atit xeqha curi qaholab
7,1,0,47,qaholab,ixqaholab,MOTZ,87.5,ib qaholab vtz bala xeqha
7,2,0,5,qaholab,ixqaholab,MOTZ,87.5,ib qaholab chiquih ta xei
8,1,0,14,hun ahpu,hun ahau,JUN_KAME'_WUQUB'_KAME,87.5,ta xucam cut veab ri hun ahpu
8,1,0,14,hun ahpu,hun ahau,ISTAYUL_KQCUATRO,87.5,ta xucam cut veab ri hun ahpu
8,1,0,28,qaholab,ixqaholab,MOTZ,87.5,qaholab xeqha cut que qui
8,1,0,38,qaholab,ixqaholab,MOTZ,87.5,be chic e caib qaholab xa vtzih
8,1,1,45,qaholab e,qaholab,KA'IB'_K'AJOLAB',87.5,icouic omuch qaholab e hurui
8,1,1,46,qui cabal,qui cab,K'IKAB'_KQSIETE,87.5,che racan qui cabal omuch
8,2,0,1,qui cabal,qui cab,K'IKAB'_KQSIETE,87.5,nimache v vapalil qui cabal ca
8,2,0,10,qui cabal,qui cab,K'IKAB'_KQSIETE,87.5,acanoc chuchi qui cabal omuch
8,2,0,11,qaholab,ixqaholab,MOTZ,87.5,qaholab xata vi catqohe cuq
8,2,0,18,qaholab,ixqaholab,MOTZ,87.5,qaholab areri ala hupacha
9,2,0,15,qaholab,ixqaholab,MOTZ,87.5,ch qaholab cate cut xticar q
9,2,0,19,qaholab,ixqaholab,MOTZ,87.5,ch qaholab mahabi caquina
9,2,0,34,qaholab,ixqaholab,MOTZ,87.5,qaholab hun ahpu xbalan
9,2,0,34,hun ahpu,hun ahau,JUN_KAME'_WUQUB'_KAME,87.5,qaholab hun ahpu xbalan
9,2,0,34,hun ahpu,hun ahau,ISTAYUL_KQCUATRO,87.5,qaholab hun ahpu xbalan
9,2,1,38,qaholab,ixqaholab,MOTZ,87.5,cumal ri e caib qaholab hun
9,2,1,41,qaholab,ixqaholab,MOTZ,87.5,ch chi qaholab xecamic ru
10,1,0,3,hun ahpu,hun ahau,JUN_KAME'_WUQUB'_KAME,87.5,hun ahpu xbalanque are
10,1,0,3,hun ahpu,hun ahau,ISTAYUL_KQCUATRO,87.5,hun ahpu xbalanque are
10,1,0,13,qaholab,ixqaholab,MOTZ,87.5,cate cut ta xeperi qaholab
10,1,0,24,hun ahpu,hun ahau,JUN_KAME'_WUQUB'_KAME,87.5,chiquech hun ahpu xbalan
10,1,0,24,hun ahpu,hun ahau,ISTAYUL_KQCUATRO,87.5,chiquech hun ahpu xbalan
10,1,0,31,hun ahpu,hun ahau,JUN_KAME'_WUQUB'_KAME,87.5,qhari hun ahpu xbalanque
10,1,0,31,hun ahpu,hun ahau,ISTAYUL_KQCUATRO,87.5,qhari hun ahpu xbalanque
10,1,0,33,ixqaholab,qaholab,MOTZ,87.5,ta ivaba ixqaholab xqha
10,1,0,40,hun ahpu,hun ahau,JUN_KAME'_WUQUB'_KAME,87.5,qha hun ahpu xbalanque
10,1,0,40,hun ahpu,hun ahau,ISTAYUL_KQCUATRO,87.5,qha hun ahpu xbalanque
10,1,0,42,ixqaholab,qaholab,MOTZ,87.5,ba xuculu ixqaholab quix
10,2,0,35,hun ahpu,hun ahau,JUN_KAME'_WUQUB'_KAME,87.5,holab hun ahpu xbalanque
10,2,0,35,hun ahpu,hun ahau,ISTAYUL_KQCUATRO,87.5,holab hun ahpu xbalanque
10,2,1,46,hun ahpu,hun ahau,JUN_KAME'_WUQUB'_KAME,87.5,xaui cu xere hun ahpu xbalan
10,2,1,46,hun ahpu,hun ahau,ISTAYUL_KQCUATRO,87.5,xaui cu xere hun ahpu xbalan
11,1,0,21,qaholab,ixqaholab,MOTZ,87.5,ta xculutah cumal ri qaholab
11,1,0,43,hun ahpu,hun ahau,JUN_KAME'_WUQUB'_KAME,87.5,hol xeqha ri hun ahpu xbalan
11,1,0,43,hun ahpu,hun ahau,ISTAYUL_KQCUATRO,87.5,hol xeqha ri hun ahpu xbalan
11,2,0,9,quivvba,xquivvbah,WUB,87.5,quicot chiquitihtobela quivvba
11,2,0,14,qaholab,ixqaholab,MOTZ,87.5,ta xqui bac cu qui cac ri qaholab
11,2,0,29,hun ahpu,hun ahau,JUN_KAME'_WUQUB'_KAME,87.5,xeqha chiquibil quib hun ahpu
11,2,0,29,hun ahpu,hun ahau,ISTAYUL_KQCUATRO,87.5,xeqha chiquibil quib hun ahpu
12,1,0,6,qaholab,ixqaholab,MOTZ,87.5,cab xrilih vcab cumal qaholab
12,1,0,11,hun ahpu,hun ahau,JUN_KAME'_WUQUB'_KAME,87.5,hun ahpu xbalanque maui ahi
12,1,0,11,hun ahpu,hun ahau,ISTAYUL_KQCUATRO,87.5,hun ahpu xbalanque maui ahi
12,1,1,20,hun ahpu,hun ahau,JUN_KAME'_WUQUB'_KAME,87.5,bi qui cahau ri hun ahpu xbalan
12,1,1,20,hun ahpu,hun ahau,ISTAYUL_KQCUATRO,87.5,bi qui cahau ri hun ahpu xbalan
12,1,1,23,hun ahpu,hun ahau,JUN_KAME'_WUQUB'_KAME,87.5,qaholaxic ri hun ahpu xbalanq
12,1,1,23,hun ahpu,hun ahau,ISTAYUL_KQCUATRO,87.5,qaholaxic ri hun ahpu xbalanq
12,1,2,31,hun ahpu,hun ahau,JUN_KAME'_WUQUB'_KAME,87.5,hun ahpu cumal xpiyacoc xmu
12,1,2,31,hun ahpu,hun ahau,ISTAYUL_KQCUATRO,87.5,hun ahpu cumal xpiyacoc xmu
12,1,2,40,xa qahol,at qahol,KA'IB'_K'AJOLAB',87.5,quel xapu vcab xa qahol vqo
12,1,2,40,xa qahol,at qahol,SIPAKNA,87.5,quel xapu vcab xa qahol vqo
12,1,2,40,xa qahol,at qahol,KAB'RAQAN,87.5,quel xapu vcab xa qahol vqo
12,2,0,43,qui cha,qui cahau,JUNAJPU,87.5,rahchami xibalba xa bac qui cha
12,2,0,43,qui cha,qui cahau,JUN_JUNAJPU,87.5,rahchami xibalba xa bac qui cha
13,1,0,15,v culel,vvc culel,AJAL_PUJ,87.5,on xa chiquicozih v culel vqux
13,1,0,22,hun ahpu,hun ahau,JUN_KAME'_WUQUB'_KAME,87.5,hun ahpu are xquiraih xibal
13,1,0,22,hun ahpu,hun ahau,ISTAYUL_KQCUATRO,87.5,hun ahpu are xquiraih xibal
13,1,1,36,zamahel,inzamahel,TAMASUL,87.5,c ate cut qui petic zamahel ru
13,1,1,36,zamahel,inzamahel,JUN_WINAQ,87.5,c ate cut qui petic zamahel ru
13,1,1,39,hun ahpu,hun ahau,JUN_KAME'_WUQUB'_KAME,87.5,hun hunahpu vvcub hun ahpu
13,1,1,39,hun ahpu,hun ahau,ISTAYUL_KQCUATRO,87.5,hun hunahpu vvcub hun ahpu
13,1,1,46,chiquicam,chiquic,KIK',87.5,uab chiquicam cu vloc ri qui
13,2,0,3,zamahel,inzamahel,TAMASUL,87.5,oc xevqhaxic ri zamahel are cut
13,2,0,3,zamahel,inzamahel,JUN_WINAQ,87.5,oc xevqhaxic ri zamahel are cut
13,2,0,4,zamahel,inzamahel,TAMASUL,87.5,qui zamahel ri tucur chabi tucur
13,2,0,4,zamahel,inzamahel,JUN_WINAQ,87.5,qui zamahel ri tucur chabi tucur
13,2,0,14,zamahel,inzamahel,TAMASUL,87.5,e cahib ri zamahel rahpop achi
13,2,0,14,zamahel,inzamahel,JUN_WINAQ,87.5,e cahib ri zamahel rahpop achi
13,2,0,18,hun ahpu,hun ahau,JUN_KAME'_WUQUB'_KAME,87.5,hun hunahpu vvcub hun ahpu
13,2,0,18,hun ahpu,hun ahau,ISTAYUL_KQCUATRO,87.5,hun hunahpu vvcub hun ahpu
14,1,0,6,hun ahpu,hun ahau,JUN_KAME'_WUQUB'_KAME,87.5,nahpu vvcub hun ahpu
14,1,0,6,hun ahpu,hun ahau,ISTAYUL_KQCUATRO,87.5,nahpu vvcub hun ahpu
14,1,1,8,hun ahpu,hun ahau,JUN_KAME'_WUQUB'_KAME,87.5,ahpu vvcub hun ahpu xcamqui
14,1,1,8,hun ahpu,hun ahau,ISTAYUL_KQCUATRO,87.5,ahpu vvcub hun ahpu xcamqui
14,1,1,9,zamahel,inzamahel,TAMASUL,87.5,be cumal ri zamahel ta xecah
14,1,1,9,zamahel,inzamahel,JUN_WINAQ,87.5,be cumal ri zamahel ta xecah
14,1,1,44,hun ahpu,hun ahau,JUN_KAME'_WUQUB'_KAME,87.5,nahpu vvcub hun ahpu xetzeen
14,1,1,44,hun ahpu,hun ahau,ISTAYUL_KQCUATRO,87.5,nahpu vvcub hun ahpu xetzeen
14,2,0,23,qui chah,qui chac,KA'IB'_K'AJOLAB',87.5,quib are curi qui chah xacolo
14,2,0,24,quic cha,qui chac,KA'IB'_K'AJOLAB',87.5,quic cha zaquitoc vbi ri chah
14,2,0,41,chiquizic,chiquic,KIK',87.5,chizaquiric maui chiquizic xaui
15,1,0,6,lami ha,balami ha,B'ALAM_JA,87.5,lami ha vbi vtuquel balam qo chu
15,2,1,17,hun ahau,hun ahpu,JUNAJPU,87.5,vmeal hun ahau cuchumaquic
15,2,1,17,hun ahau,hun ahpu,JUN_JUNAJPU,87.5,vmeal hun ahau cuchumaquic
15,2,2,20,hun ahau,hun ahpu,JUNAJPU,87.5,al hun ahau cuchumaquic vbi v
15,2,2,20,hun ahau,hun ahpu,JUN_JUNAJPU,87.5,al hun ahau cuchumaquic vbi v
15,2,2,37,hun ahpu,hun ahau,JUN_KAME'_WUQUB'_KAME,87.5,xqha ri vholom hun ahpu ta quo modo fiet istud s r luc cap i
15,2,2,37,hun ahpu,hun ahau,ISTAYUL_KQCUATRO,87.5,xqha ri vholom hun ahpu ta quo modo fiet istud s r luc cap i
16,1,0,5,nimaha u,nim ahau,NAKXIT,87.5,he vholom ve qui nimaha u xa
16,1,0,28,hun ahpu,hun ahau,JUN_KAME'_WUQUB'_KAME,87.5,cut quivinaquiric hun ahpu
16,1,0,28,hun ahpu,hun ahau,ISTAYUL_KQCUATRO,87.5,cut quivinaquiric hun ahpu
16,1,1,36,xquicuch,quichuch,IXB'AQIYALO,87.5,ta xquicuch cut qui naoh cono
16,2,0,11,zamahel,inzamahel,TAMASUL,87.5,zah ix zamahel rumal maui
16,2,0,11,zamahel,inzamahel,JUN_WINAQ,87.5,zah ix zamahel rumal maui
16,2,0,16,zamahel,inzamahel,TAMASUL,87.5,qui puz ix zamahel xqhari capoh
16,2,0,16,zamahel,inzamahel,JUN_WINAQ,87.5,qui puz ix zamahel xqhari capoh
16,2,0,27,zamahel,inzamahel,TAMASUL,87.5,qha curi zamahel vtz bala ma
16,2,0,27,zamahel,inzamahel,JUN_WINAQ,87.5,qha curi zamahel vtz bala ma
17,1,1,42,xibalba e,xibalba,RAJAWAL_XIB'ALB'A,87.5,pa xecamic chi xibalba e cu caib
17,1,1,42,xibalba e,xibalba,JUN_WINAQ,87.5,pa xecamic chi xibalba e cu caib
18,1,1,10,hun ahpu,hun ahau,JUN_KAME'_WUQUB'_KAME,87.5,hun ahpu xbalanque
18,1,1,10,hun ahpu,hun ahau,ISTAYUL_KQCUATRO,87.5,hun ahpu xbalanque
18,1,2,16,hun ahpu,hun ahau,JUN_KAME'_WUQUB'_KAME,87.5,hun ahpu xbalanque quibi pa
18,1,2,16,hun ahpu,hun ahau,ISTAYUL_KQCUATRO,87.5,hun ahpu xbalanque quibi pa
18,1,2,47,hun ahpu,hun ahau,JUN_KAME'_WUQUB'_KAME,87.5,ri hun ahpu xbalanque a xacu
18,1,2,47,hun ahpu,hun ahau,ISTAYUL_KQCUATRO,87.5,ri hun ahpu xbalanque a xacu
18,2,0,13,hun ahpu,hun ahau,JUN_KAME'_WUQUB'_KAME,87.5,chal ri hun ahpu xbalanque xa
18,2,0,13,hun ahpu,hun ahau,ISTAYUL_KQCUATRO,87.5,chal ri hun ahpu xbalanque xa
18,2,0,16,hun ahau,hun ahpu,JUN_JUNAJPU,87.5,ri hun ahau xbalanque mahabi
19,1,0,10,hun ahpu,hun ahau,JUN_KAME'_WUQUB'_KAME,87.5,qha curi hun ahpu xbalanque chi
19,1,0,10,hun ahpu,hun ahau,ISTAYUL_KQCUATRO,87.5,qha curi hun ahpu xbalanque chi
19,1,0,23,hun ahpu,hun ahau,JUN_KAME'_WUQUB'_KAME,87.5,cumal hun ahpu xbalanque xa
19,1,0,23,hun ahpu,hun ahau,ISTAYUL_KQCUATRO,87.5,cumal hun ahpu xbalanque xa
19,1,0,41,hun ahpu,hun ahau,JUN_KAME'_WUQUB'_KAME,87.5,quitiquiba zuanic hun ahpu x coy
19,1,0,41,hun ahpu,hun ahau,ISTAYUL_KQCUATRO,87.5,quitiquiba zuanic hun ahpu x coy
19,2,0,12,hun ahpu,hun ahau,JUN_KAME'_WUQUB'_KAME,87.5,china xeqhachic hun ahpu xba
19,2,0,12,hun ahpu,hun ahau,ISTAYUL_KQCUATRO,87.5,china xeqhachic hun ahpu xba
19,2,0,26,hun ahpu,hun ahau,JUN_KAME'_WUQUB'_KAME,87.5,ri hun ahpu xbalanque xezuan
19,2,0,26,hun ahpu,hun ahau,ISTAYUL_KQCUATRO,87.5,ri hun ahpu xbalanque xezuan
20,1,0,1,hun ahpu,hun ahau,JUN_KAME'_WUQUB'_KAME,87.5,quevqhaxic xeqha ri hun ahpu xba
20,1,0,1,hun ahpu,hun ahau,ISTAYUL_KQCUATRO,87.5,quevqhaxic xeqha ri hun ahpu xba
20,1,1,21,qui cah,qui cahau,JUNAJPU,87.5,ta xquicam cut qui cah qui mixqui
20,1,1,21,qui cah,qui cahau,JUN_JUNAJPU,87.5,ta xquicam cut qui cah qui mixqui
20,1,1,31,mi xqui,mi xquina,MIXKINA,87.5,vleu macu qui chitahin ri mi xqui
20,1,1,45,hun ahpu,hun ahau,JUN_KAME'_WUQUB'_KAME,87.5,cut hun ahpu xbalanque xa
20,1,1,45,hun ahpu,hun ahau,ISTAYUL_KQCUATRO,87.5,cut hun ahpu xbalanque xa
20,2,0,19,chiquiiuc,chiquic,KIK',87.5,loc chiqui qui quih chiquiiuc puch
21,1,0,2,cu quib,caui quib,KAWEQ,87.5,cuchu cu quib ronohel chicop xa
21,1,0,46,vi icahau,v cahau,KUCHUMA_KIK',87.5,are xcam vi icahau maquitzih
21,2,0,8,hun ahpu,hun ahau,JUN_KAME'_WUQUB'_KAME,87.5,qhax curicho cumal hun ahpu
21,2,0,8,hun ahpu,hun ahau,ISTAYUL_KQCUATRO,87.5,qhax curicho cumal hun ahpu
21,2,0,9,ixqaholab,qaholab,MOTZ,87.5,xbalanque vtzbala ixqaholab
21,2,0,20,hun ahpu,hun ahau,JUN_KAME'_WUQUB'_KAME,87.5,oh ri hun ahpu xbalanque qui
21,2,0,20,hun ahpu,hun ahau,ISTAYUL_KQCUATRO,87.5,oh ri hun ahpu xbalanque qui
22,1,0,2,pachcab q,pachcab,PACHQ'AB',87.5,tum ha ruc bate pachcab q uum x
22,1,1,28,zamahel,inzamahel,TAMASUL,87.5,zamahel quixqha quixoponic que
22,1,1,28,zamahel,inzamahel,JUN_WINAQ,87.5,zamahel quixqha quixoponic que
22,1,1,32,zamahel,inzamahel,TAMASUL,87.5,nic xevqhax cut ri zamahel ta
22,1,1,32,zamahel,inzamahel,JUN_WINAQ,87.5,nic xevqhax cut ri zamahel ta
22,1,1,35,zamahel,inzamahel,TAMASUL,87.5,choch xacuyacal ri zamahel xo
22,1,1,35,zamahel,inzamahel,JUN_WINAQ,87.5,choch xacuyacal ri zamahel xo
22,2,0,1,zamahel,inzamahel,TAMASUL,87.5,xibalba xaquehe rulic zamahel
22,2,0,1,zamahel,inzamahel,JUN_WINAQ,87.5,xibalba xaquehe rulic zamahel
22,2,0,10,zamahel,inzamahel,TAMASUL,87.5,zamahel ruq ivatit caqha catopo
22,2,0,10,zamahel,inzamahel,JUN_WINAQ,87.5,zamahel ruq ivatit caqha catopo
22,2,0,46,hun ahpu,hun ahau,JUN_KAME'_WUQUB'_KAME,87.5,hun ahpu xbalanque quechaahic
22,2,0,46,hun ahpu,hun ahau,ISTAYUL_KQCUATRO,87.5,hun ahpu xbalanque quechaahic
23,1,1,22,qui quil,qui quel,KIK',87.5,pa ata qui quil catzihonoc xu
23,2,0,7,qaholab,ixqaholab,MOTZ,87.5,maquitzih xeqha cut qaholab
24,1,0,43,chic quic,chiquic,KIK',87.5,xqha chic quic ri xcac
24,2,0,3,xquizach,xquizuah,SU',87.5,xucut mahabi hunoc xquizach v
24,2,0,25,xquizach,xquizuah,SU',87.5,hun xquizach vbi are ta xaha
24,2,0,30,hun ahpu,hun ahau,JUN_KAME'_WUQUB'_KAME,87.5,bah ri tem xe qha hun ahpu xba
24,2,0,30,hun ahpu,hun ahau,ISTAYUL_KQCUATRO,87.5,bah ri tem xe qha hun ahpu xba
24,2,0,36,quichaca,quichaah,CHAAJ,87.5,vi que chi cu vticaric quichaca
24,2,0,42,quichahe,quichaah,CHAAJ,87.5,came vae quichahe cacha aha
24,2,0,45,zamahel,inzamahel,TAMASUL,87.5,cacha ahau xqha zamahel ta
24,2,0,45,zamahel,inzamahel,JUN_WINAQ,87.5,cacha ahau xqha zamahel ta
25,1,0,17,qaholab,ixqaholab,MOTZ,87.5,qaholab xevqhaxic ta xetzonox
25,1,0,24,ixqaholab,qaholab,MOTZ,87.5,be caca chaah ixqaholab xe
25,1,0,32,qaholab,ixqaholab,MOTZ,87.5,qaholab hebala xahuchil xe
25,1,0,33,xa holom,qa holom,K'AJOLOM,87.5,qha xibalba mabala xa holom
25,1,0,37,hun ahpu,hun ahau,JUN_KAME'_WUQUB'_KAME,87.5,vach vbate hun ahpu cate puch
25,1,0,37,hun ahpu,hun ahau,ISTAYUL_KQCUATRO,87.5,vach vbate hun ahpu cate puch
25,1,0,42,hun ahpu,hun ahau,JUN_KAME'_WUQUB'_KAME,87.5,hun ahpu xbalanque xa ca
25,1,0,42,hun ahpu,hun ahau,ISTAYUL_KQCUATRO,87.5,hun ahpu xbalanque xa ca
25,1,0,46,qaholab,ixqaholab,MOTZ,87.5,xacohbec xeqha qaholab chi
25,2,0,1,qaholab,ixqaholab,MOTZ,87.5,qaholab huzu ta xcam rihun chi
25,2,0,4,qaholab,ixqaholab,MOTZ,87.5,catah chic cumal qaholab maba
25,2,0,5,ixqaholab,qaholab,MOTZ,87.5,quixbec ixqaholab coh chah na
25,2,0,10,quichacon,quichac,KA'IB'_K'AJOLAB',87.5,choi quichacon naqui pa chica
25,2,0,12,qaholab,ixqaholab,MOTZ,87.5,xa xeqha qaholab xa cacha cacah
25,2,0,20,qui cha,qui cahau,JUNAJPU,87.5,qui cha ah hunam qui chucab tzatz
25,2,0,20,qui cha,qui cahau,JUN_JUNAJPU,87.5,qui cha ah hunam qui chucab tzatz
25,2,0,21,qui cha,qui cahau,JUNAJPU,87.5,pu qui cha ri qaholab xacu qui rutz
25,2,0,21,qui cha,qui cahau,JUN_JUNAJPU,87.5,pu qui cha ri qaholab xacu qui rutz
25,2,0,23,qaholab,ixqaholab,MOTZ,87.5,catahic ri qaholab que quicot
25,2,0,30,qaholab,ixqaholab,MOTZ,87.5,vqhax puch qaholab hunahpu
25,2,0,35,qaholab,ixqaholab,MOTZ,87.5,qaholab pa chaim ha vcabti
26,1,0,5,conohel e,conohel,RAJAWAL_XIB'ALB'A,87.5,zanic conohel e camol cotzih v
26,1,0,10,qaholab,ixqaholab,MOTZ,87.5,ri mi xecachaco ri qaholab a
26,1,0,10,qaholab a,qaholab,MOTZ,87.5,ri mi xecachaco ri qaholab a
26,1,0,35,zamahel,inzamahel,TAMASUL,87.5,ric cate cut ta xul zamahel ta
26,1,0,35,zamahel,inzamahel,JUN_WINAQ,87.5,ric cate cut ta xul zamahel ta
26,1,0,37,chiquicam,chiquic,KIK',87.5,zuc chiquicam vlari cachacon
26,1,0,47,riconohel,conohel,RAJAWAL_XIB'ALB'A,87.5,cut xezac cahe riconohel xi
26,2,1,36,qaholab,ixqaholab,MOTZ,87.5,banoh qaholab huhahpu xba
27,1,2,24,vi quib,cavi quib,KAWEQ,87.5,chiri cut xquiya vi quib hun vi
27,1,2,34,hun tzam,hun tzac,TZ'AQOL,87.5,ri cu chacal viri hun tzam v
27,1,2,43,hun ahpu,hun ahau,JUN_KAME'_WUQUB'_KAME,87.5,canoc vnimal ri hun ahpu hu
27,1,2,43,hun ahpu,hun ahau,ISTAYUL_KQCUATRO,87.5,canoc vnimal ri hun ahpu hu
27,1,2,46,hun ahpu,hun ahau,JUN_KAME'_WUQUB'_KAME,87.5,zilobic ri hun ahpu hupacha
27,1,2,46,hun ahpu,hun ahau,ISTAYUL_KQCUATRO,87.5,zilobic ri hun ahpu hupacha
27,2,0,6,vi vholom,v holom,JUNAJPU,87.5,colana vi vholom chuvi hom
28,1,1,22,chiqui ca,chiquic,KIK',87.5,vqhaxic macu chiqui ca caxou
28,1,1,35,hun ahpu,hun ahau,JUN_KAME'_WUQUB'_KAME,87.5,lom hun ahpu xtiquixtah chic
28,1,1,35,hun ahpu,hun ahau,ISTAYUL_KQCUATRO,87.5,lom hun ahpu xtiquixtah chic
29,1,0,16,xhunahpu,hun ahpu,JUN_JUNAJPU,87.5,qha xhunahpu xbalanque
29,1,0,19,chohibal,chahibal,CHAAJ,87.5,abah queheri chohibal qui xqui
29,1,0,21,zamahel,inzamahel,TAMASUL,87.5,ho cate cut xul zamahel achbi
29,1,0,21,zamahel,inzamahel,JUN_WINAQ,87.5,ho cate cut xul zamahel achbi
29,1,0,24,qaholab,ixqaholab,MOTZ,87.5,ta cuq qaholab chibeta qui
29,1,0,26,ixqaholab,qaholab,MOTZ,87.5,u ixqaholab xevqhaxic vtz
29,1,0,30,qui cah,qui cahau,JUNAJPU,87.5,cachopih vae ri ca qui cah
29,1,0,30,qui cah,qui cahau,JUN_JUNAJPU,87.5,cachopih vae ri ca qui cah
29,1,0,32,ixqaholab,qaholab,MOTZ,87.5,huhunal ixqaholab xeqhax
29,2,2,42,zamahel,inzamahel,TAMASUL,87.5,zamahel tacol chique petoc ch
29,2,2,42,zamahel,inzamahel,JUN_WINAQ,87.5,zamahel tacol chique petoc ch
29,2,2,46,zamahel,inzamahel,TAMASUL,87.5,que xuqhax ri zamahel xeo
29,2,2,46,zamahel,inzamahel,JUN_WINAQ,87.5,que xuqhax ri zamahel xeo
30,1,0,18,zamahel,inzamahel,TAMASUL,87.5,zamahel chiquivach camol que
30,1,0,18,zamahel,inzamahel,JUN_WINAQ,87.5,zamahel chiquivach camol que
30,1,1,22,xqui que,qui quel,KIK',87.5,qui vach xeoponic xqui que
30,1,1,23,chiquiluc,chiquic,KIK',87.5,melah quib chiquiluc quib
30,2,0,8,chiquicot,chiquic,KIK',87.5,chi vvach quitzih cu chiquicot
30,2,0,39,xhun ah,xhun ahpu,JUNAJPU,87.5,quib are cu xpuz ri xhun ah
31,1,1,32,hun ahau,hun ahpu,JUNAJPU,87.5,are curi hun ahau xelahna
31,1,1,32,hun ahau,hun ahpu,JUN_JUNAJPU,87.5,are curi hun ahau xelahna
31,1,1,38,vi quib,cavi quib,KAWEQ,87.5,xquibalih vi quib panima
32,2,0,22,qaholab,ixqaholab,MOTZ,87.5,much qaholab xecam rumal
34,1,2,33,quxvleu,vqux vleu,UK'U'X_ULEW,87.5,quxvleu taxqohe chi cut quiculel qui
34,2,0,24,q inquina,q iquin,TZ'IKIN,87.5,queleb ah q inquina ha ruq puch
34,2,0,38,conohel e,conohel,RAJAWAL_XIB'ALB'A,87.5,xa hun xeqohe vi conohel e tzatz
35,1,0,18,quxvleu,vqux vleu,UK'U'X_ULEW,87.5,quxvleu chatah quetal catzihol
35,1,0,41,e ahquixb,ahquixb,XA_Q'ANA_JAL,87.5,nel e ahquixb e ah nim quevqha
35,1,0,41,ahquixb e,ahquixb,XA_Q'ANA_JAL,87.5,nel e ahquixb e ah nim quevqha
35,1,0,45,qui chic,qui chac,KA'IB'_K'AJOLAB',87.5,yobexic quih e qui chic rono
35,2,2,25,hacauitz,hacavitz,JAQAWITZ_JUYUB',87.5,acab al hacauitz chic vbi caba
36,1,0,6,vi quib,cavi quib,KAWEQ,87.5,ri cut xquipaxih vi quib qo
36,1,0,21,balam a,balami ha,B'ALAM_JA,87.5,xquil ri balam quitze balam a
37,2,0,16,vqux chu,vqux cah,UK'U'X_KAJ,87.5,chuvach ta xcotix vloc vqux chu
38,1,0,4,i xiquin,qi iquin,TZ'IKIN,87.5,ha nacut v hutic i xiquin chi
38,1,1,25,xquicuch,quichuch,IXB'AQIYALO,87.5,huyub chiri xquicuch vi quib
38,1,1,25,xquicuch,quichuch,IXKIK',87.5,huyub chiri xquicuch vi quib
38,1,1,25,vi quib,cavi quib,KAWEQ,87.5,huyub chiri xquicuch vi quib
38,2,0,6,qui cha,qui cahau,JUNAJPU,87.5,bi va mahabi echa xa vxe qui cha
38,2,0,6,qui cha,qui cahau,JUN_JUNAJPU,87.5,bi va mahabi echa xa vxe qui cha
38,2,0,8,queva vi,queva ic,WA,87.5,chiquinao xma queva vi ta xe
38,2,0,29,hucutah,mahucutah,MAJUK'UTAJ,87.5,hucutah nima meuahic qovi
39,1,0,35,hucutah,mahucutah,MAJUK'UTAJ,87.5,hucutah iqui balam xa hun
40,1,2,26,xquicotic,xquicot,IXOQ_AJAWAB',87.5,cate puch ta xel vlo quih xquicotic
40,2,0,5,quih que,qui quel,KIK',87.5,cu xcaoh acanoc ri quih que
40,2,0,26,hucutah,mahucutah,MAJUK'UTAJ,87.5,hucutah iqui balam nimxe
40,2,0,48,vi quib,cavi quib,KAWEQ,87.5,xoh paxin vi quib xecacanah
42,1,0,5,chiquiric,chiquic,KIK',87.5,chiquiric ri q ' iquin al queh ca
42,1,0,14,chiquicat,chiquic,KIK',87.5,chiquicat puch yia holom ocox
42,1,0,30,hucutah,mahucutah,MAJUK'UTAJ,87.5,hucutah iqui balam xma calah
42,2,0,17,qui chuc,qui chac,KA'IB'_K'AJOLAB',87.5,ziz quixiquin qui chuc chuvach
42,2,0,22,xequi cot,xquicot,IXOQ_AJAWAB',87.5,holab ta quevlic xequi cot chic
43,1,0,25,chiquicam,chiquic,KIK',87.5,cat ta chiquicam ri amac patac
43,1,0,29,qaholab,ixqaholab,MOTZ,87.5,vitz vxibchi qaholab quivachibal
43,1,0,36,tah quib,ah quixb,XA_Q'ANA_JAL,87.5,chix tah quib ta queilic rumal
43,1,0,39,hucutah,mahucutah,MAJUK'UTAJ,87.5,hucutah iqui balam arecu va
43,2,0,19,hacauitz,hacavitz,JAQAWITZ_JUYUB',87.5,vve are tohil aulix hacauitz are
43,2,0,22,e ahcahb,eah cahb,XA_Q'ANA_JAL,87.5,quixb e ahcahb xeqha chicut
44,2,1,21,hucutah,mahucutah,MAJUK'UTAJ,87.5,hucutah humah vonon humah zi
44,2,1,28,hucutah,mahucutah,MAJUK'UTAJ,87.5,hucutah vae retal itzih quix
45,1,0,37,xquicuch,quichuch,IXB'AQIYALO,87.5,qhacut ta xquicuch chic qui
45,1,0,37,xquicuch,quichuch,IXKIK',87.5,qhacut ta xquicuch chic qui
45,1,0,44,mizanel,camizanel,IXOQ_AJAWAB',87.5,mac tzatz chica mizanel ta xe
45,1,0,46,mizanel,camizanel,IXOQ_AJAWAB',87.5,mizanel arecut e qo ri balam
45,2,0,9,quicuch,qui chuch,CHIMALMAT,87.5,quicuch quib conohel xepoponic
46,1,0,28,qui chab,qui chac,KA'IB'_K'AJOLAB',87.5,qui chab xecauxic xoc ri iach
46,2,0,6,qui chab,qui chac,KA'IB'_K'AJOLAB',87.5,cu calaon qui chab qui pocob qui
46,2,1,45,quichapa,quichaah,CHAAJ,87.5,qo vi xchibe quichapa aon qo vi
47,1,0,4,qui chab,qui chac,KA'IB'_K'AJOLAB',87.5,maui xchapatah chic qui chab qui
47,1,0,35,xquichaco,quichac,KA'IB'_K'AJOLAB',87.5,ta xquichaco ronohel amac chi
47,2,0,9,qoacutec,coacutec,K'O'AKUTEK_NJDOS,87.5,vnabe vqahol qoacutec chucha
47,2,0,10,balam a,balami ha,B'ALAM_JA,87.5,x chic vcab vqahol balam a
47,2,0,22,ca qahol,at qahol,KA'IB'_K'AJOLAB',87.5,ca qahol cohbec cohzalih puch
47,2,0,22,ca qahol,at qahol,SIPAKNA,87.5,ca qahol cohbec cohzalih puch
47,2,0,22,ca qahol,at qahol,KAB'RAQAN,87.5,ca qahol cohbec cohzalih puch
48,1,0,13,xquizach,xquizuah,SU',87.5,cut xquizach vi ri vqahol ri co
48,1,0,33,hucutah,mahucutah,MAJUK'UTAJ,87.5,hucutah iquibalam enabe vi
48,2,1,21,nim ahau,nimaha u,JUN_JUNAJPU,87.5,nacxit vbi nim ahau xahu
48,2,2,45,vi cahaua,v cahau,KUCHUMA_KIK',87.5,chiri chic xquicam vi cahaua
49,1,0,11,hucutah,mahucutah,MAJUK'UTAJ,87.5,hucutah ta xepetic xcocotah chi
50,1,0,6,quituquel,quiquel,KIK',87.5,xata quituquel xahauaric chiqui
50,1,0,17,tinamit x,tinamit,CHI_ISMACHI',87.5,ahau chirih zivan tinamit x
50,1,0,17,tinamit x,tinamit,Q'UMARKAJ,87.5,ahau chirih zivan tinamit x
50,2,0,11,ui quib,caui quib,KAWEQ,87.5,ui quib oh nihaib ohpu ahau
50,2,1,18,patinamit,tinamit,CHI_ISMACHI',87.5,oc xevlchiri patinamit cumarca
50,2,1,18,patinamit,tinamit,Q'UMARKAJ,87.5,oc xevlchiri patinamit cumarca
50,2,1,18,cumarca,cumarcaah,Q'UMARKAJ,87.5,oc xevlchiri patinamit cumarca
50,2,1,33,quichaoh,quichaah,CHAAJ,87.5,qui x quichaoh xe q' acvachin
51,1,0,16,riahauab,ixahauab,RAJAWAL_XIB'ALB'A,87.5,cabih quibi riahauab chuhu
52,1,0,10,hun ahau,hun ahpu,JUNAJPU,87.5,xqohe ta hun ahau naual ta
52,1,0,10,hun ahau,hun ahpu,JUN_JUNAJPU,87.5,xqohe ta hun ahau naual ta
52,1,1,27,hun ahau,hun ahpu,JUNAJPU,87.5,uab eq'aq' quicab vbi hun ahau
52,1,1,27,hun ahau,hun ahpu,JUN_JUNAJPU,87.5,uab eq'aq' quicab vbi hun ahau
52,1,1,33,vtina mit,tinamit,CHI_ISMACHI',87.5,xpaxinic vzivan vtina mit chu
53,2,0,5,al qahol,at qahol,KA'IB'_K'AJOLAB',87.5,chap vi vnabe al qahol ta xetac
53,2,0,5,al qahol,at qahol,SIPAKNA,87.5,chap vi vnabe al qahol ta xetac
53,2,0,5,al qahol,at qahol,KAB'RAQAN,87.5,chap vi vnabe al qahol ta xetac
54,1,0,1,qui cuc,qui chuch,CHIMALMAT,87.5,cate chul quiya qui cuc quipatan
54,1,0,1,qui cuc,qui chuch,IXB'AQIYALO,87.5,cate chul quiya qui cuc quipatan
54,1,0,1,qui cuc,qui chuch,IXKIK',87.5,cate chul quiya qui cuc quipatan
54,1,0,2,ahau are,ahauarem,NAKXIT,87.5,chuvach ahau are ahau chic arechi
54,1,0,6,ual ahau,lal ahau,JUN_RAQAN,87.5,ual ahau ri cucumatz cotuha na
54,1,0,6,ual ahau,lal ahau,WUQUB'_KAQIX,87.5,ual ahau ri cucumatz cotuha na
54,1,0,7,ual ahau,lal ahau,JUN_RAQAN,87.5,ual ahau ri cucumatz cotuha na
54,1,0,7,ual ahau,lal ahau,WUQUB'_KAQIX,87.5,ual ahau ri cucumatz cotuha na
54,1,0,8,ual ahau,lal ahau,JUN_RAQAN,87.5,ual ahau cu ri quicab cauizimah
54,1,0,8,ual ahau,lal ahau,WUQUB'_KAQIX,87.5,ual ahau cu ri quicab cauizimah
54,2,0,21,cah v pam vleu,pam cah v pam vleu,PAM_KAJ_UPAM_ULEW,87.5,cah v pam vleu cah tzuc cahxu
54,2,0,24,riahauab,ixahauab,RAJAWAL_XIB'ALB'A,87.5,hecut riahauab ta quemeva
55,1,1,32,qui chuxe,qui che,TINAMIT_K'ICHE',87.5,tiquiba vl oc qui chuxe culucuh
55,2,10,30,e rahaual,rahaual,RAJAWAL_XIB'ALB'A,87.5,vbi e rahaual huhun chi nimha
55,2,10,30,e rahaual,rahaual,NAKXIT,87.5,vbi e rahaual huhun chi nimha
56,2,10,23,vi quib,cavi quib,KAWEQ,87.5,chiqui cuch vi quib e oxib chic
4,1,0,8,ratit quih ra,ratit quih,IXMUKANE,86.95652173913044,ah eol ah toltecat ratit quih ra
6,1,1,35,qui cabichal,quicahichal,XA_Q'ANA_JAL,86.95652173913044,telen qui cabichal are cu
6,2,0,18,cahau quehe,cahaual queh,KEJ,86.95652173913044,chuch canabe cahau quehe
7,1,0,39,cahau quehe,cahaual queh,KEJ,86.95652173913044,qui chuch qui cahau quehe
9,1,0,39,chi qaholab,caib qaholab,KA'IB'_K'AJOLAB',86.95652173913044,laoh omuch chi qaholab xe
9,2,0,15,ch qaholab,omuch qaholab,MOTZ,86.95652173913044,ch qaholab cate cut xticar q
9,2,0,19,ch qaholab,omuch qaholab,MOTZ,86.95652173913044,ch qaholab mahabi caquina
9,2,1,41,chi qaholab,caib qaholab,KA'IB'_K'AJOLAB',86.95652173913044,ch chi qaholab xecamic ru
12,1,2,27,ri hunhunahpu,hunhunahpu,JUNAJPU,86.95652173913044,ri hunhunahpu que vqhaxic are
12,1,2,30,ri hunhunahpu,hunhunahpu,JUNAJPU,86.95652173913044,xealaxic ri hunhunahpu vvcub
12,2,0,16,vbeel xibalba,be xibalba,Q'EQA_B'E,86.95652173913044,chouen are cut vbeel xibalba
13,1,0,2,chicuri ahau,chicut ahau,AWILIX,86.95652173913044,chicuri ahau ahalmez ahaltocob
13,1,0,2,chicuri ahau,chirih ahau,JAQAWITZ,86.95652173913044,chicuri ahau ahalmez ahaltocob
14,2,0,28,ri hunhunahpu,hunhunahpu,JUNAJPU,86.95652173913044,xeoc cut ri hunhunahpu vv
14,2,0,28,hunhunahpu vv,hunhunahpu,JUNAJPU,86.95652173913044,xeoc cut ri hunhunahpu vv
14,2,0,35,ri hunhunahpu,hunhunahpu,JUNAJPU,86.95652173913044,cuq ri hunhunahpu vvcub hun
15,1,0,40,hunahpu chu,hunahpu vuch,JUNAJPU_WUCH',86.95652173913044,vholom ri hun hunahpu chu
17,1,1,40,ri atit apa,ri atit mama,SAQI_NIM_AQ_SIS,86.95652173913044,xqha ta xoc vloc ruq ri atit apa
20,1,1,18,pu cachuch,ix pu cachuch,IXB'AQIYALO,86.95652173913044,pu cachuch xeqha mi xbizonic oh
21,1,0,40,hunahpu vbi,hunahpu vtiu,JUNAJPU_UTIW,86.95652173913044,nahpu vvcub hunahpu vbi ri
27,2,0,46,cut hunahpu,vcub hunahpu,WUQUB'_JUNAJPU,86.95652173913044,vtz cha chux cut hunahpu he vtz
28,1,0,15,qui cabichal,quicahichal,XA_Q'ANA_JAL,86.95652173913044,vach qui cabichal
28,1,1,40,qui cabichal,quicahichal,XA_Q'ANA_JAL,86.95652173913044,qui cabichal are cut quebe
28,2,0,4,qui cabichal,quicahichal,XA_Q'ANA_JAL,86.95652173913044,qui cabichal cate cut xcaca
29,1,0,40,qui cabichal,quicahichal,XA_Q'ANA_JAL,86.95652173913044,cab qui cabichal epu hupu
29,1,0,42,qui cabichal,quicahichal,XA_Q'ANA_JAL,86.95652173913044,cut xecam vi qui cabichal que
31,1,1,28,qui cabichal,quicahichal,XA_Q'ANA_JAL,86.95652173913044,xaraxoxinac qui cabichal xa
31,1,1,47,quechacatahic,quechaahic,CHAAJ,86.95652173913044,cut quechacatahic rahaual
34,2,0,44,queca vinac,queche vinac,TINAMIT_K'ICHE',86.95652173913044,pa qui chiri queca vinac zaqui vi
35,1,0,27,voc hunahpu,vcub hunahpu,WUQUB'_JUNAJPU,86.95652173913044,voc hunahpu tepeu cucumatz
44,1,1,22,qui cabichal,quicahichal,XA_Q'ANA_JAL,86.95652173913044,qui cabichal e chacachaxinac
44,2,1,29,ahauab qui,ahauab quiche,TINAMIT_K'ICHE',86.95652173913044,oponic chiquivach ahauab qui
45,1,0,21,rumal ahauab,mial ahauab,IXTAJ_IXPUCH',86.95652173913044,ri rumal ahauab ri xtah xpu
48,1,0,10,cumal ahauab,mial ahauab,IXTAJ_IXPUCH',86.95652173913044,vinac cumal ahauab ta xecam be
48,2,2,40,ui quitinamit,quitinamit,CHI_ISMACHI',86.95652173913044,ui quitinamit hacavitz vbi chi
50,1,0,31,vi chiizmachi,chiizmachi,CHI_ISMACHI',86.95652173913044,ri xenahinac vi chiizmachi chi
50,2,0,16,ri chiizmachi,chiizmachi,CHI_ISMACHI',86.95652173913044,mit xcocotah chivi ri chiizmachi
50,2,1,46,ahib nimha,cahib vnim ha,KAJIB'_UNIM_JA,86.95652173913044,vinac c o ahib nimha chiri pa
51,1,1,21,nim chocoh ca,nim chocoh,NIM_CH'OKOJ,86.95652173913044,hil ah cuq'umatz nim chocoh ca
51,1,5,46,chi nim ha,cahib vnim ha,KAJIB'_UNIM_JA,86.95652173913044,zaquic xahun chi nim ha ecaib
51,2,0,24,ahauab qui,ahauab quiche,TINAMIT_K'ICHE',86.95652173913044,vtabal tzih hunchi ahauab qui
52,1,0,8,vmam vqahol,vmial vqahol,KA'IB'_K'AJOLAB',86.95652173913044,chel vvach vmam vqahol chu
53,1,0,34,cumal ahauab,mial ahauab,IXTAJ_IXPUCH',86.95652173913044,chicut qui quxlal cumal ahauab
53,1,0,37,cumal ahauab,mial ahauab,IXTAJ_IXPUCH',86.95652173913044,naoh cumal ahauab ahpop ahpop
53,2,3,43,rumal ahauab,mial ahauab,IXTAJ_IXPUCH',86.95652173913044,abah xquihiloxic rumal ahauab
55,1,0,12,camha q'alel,ahau q'alel,AJAW_Q'ALEL,86.95652173913044,ahpop ahpop camha q'alel ahzic
56,2,5,9,cahib vnim,cahib vnim ha,KAJIB'_UNIM_JA,86.95652173913044,chupan nimha xa cahib vnim
56,2,10,22,quiche xahun,quiche ahau,KAWEQ,86.95652173913044,nohel ahavab quiche xahun
34,2,0,6,chirelebal quih,ahrele bal quih,NAKXIT,86.66666666666667,ta xpocotahic chila chirelebal quih
51,1,3,33,camha nimchocoh,ahau nim chocoh,AJAW_NIM_CH'OKOJ,86.66666666666667,chuch camha nimchocoh nihaib
53,2,2,15,ah tzic vinac xoc,ah tzic vinac,AJTZIK_WINAQ,86.66666666666667,lel ah tzic vinac xoc queealem ro
56,1,16,25,hau ah tzic vinac,ah tzic vinac,AJTZIK_WINAQ,86.66666666666667,a hau ah tzic vinac hun vnim ha
56,1,16,25,ah tzic vinac hun,ah tzic vinac,AJTZIK_WINAQ,86.66666666666667,a hau ah tzic vinac hun vnim ha
22,2,0,12,cha vzamahel xibalba,vzamahel xibal ba,JUN_WINAQ,86.48648648648648,cha vzamahel xibalba caqha iv
33,1,0,29,hau e cahib chivinac,e cahib chi vinac,XA_Q'ANA_JAL,86.48648648648648,hau e cahib chivinac tzac xa
1,1,1,5,ronohel,conohel,RAJAWAL_XIB'ALB'A,85.71428571428572,vxenabal puch ronohel xban
1,1,1,7,che vinac,quiche vinac,TINAMIT_K'ICHE',85.71428571428572,che vinac arecut xchicacam
1,1,1,11,hun ah,hun ahpu,JUNAJPU,85.71428571428572,alom qaholom quibi hun ah
1,1,1,11,hun ah,hun ahpu,JUN_JUNAJPU,85.71428571428572,alom qaholom quibi hun ah
1,1,1,11,hun ah,hun ahau,JUN_KAME'_WUQUB'_KAME,85.71428571428572,alom qaholom quibi hun ah
1,1,1,11,hun ah,hun ahau,ISTAYUL_KQCUATRO,85.71428571428572,alom qaholom quibi hun ah
1,1,1,13,qucumatz,cumatz,KUMATZ,85.71428571428572,quinimac tziz tepeu qucumatz
1,1,1,13,qucumatz,cumatz,SAQIKAS,85.71428571428572,quinimac tziz tepeu qucumatz
1,1,1,21,ronohel,conohel,RAJAWAL_XIB'ALB'A,85.71428571428572,tzih ta xquitzihoh ronohel
1,1,1,23,zaquil,zaquihal,JAL,85.71428571428572,qolem zaquil tzih vae xchi
1,1,1,34,chiquiz,chiquic,KIK',85.71428571428572,ta chiquiz tzuk ronohel cah
1,1,1,34,ronohel,conohel,RAJAWAL_XIB'ALB'A,85.71428571428572,ta chiquiz tzuk ronohel cah
1,1,1,44,zaquil,zaquihal,JAL,85.71428571428572,rech zaquil amaquil za
1,1,1,45,zaquil,zaquihal,JAL,85.71428571428572,quil al zaquil qahol ah
1,1,1,46,ronohel,conohel,RAJAWAL_XIB'ALB'A,85.71428571428572,biz ahnaoh chirech ronohel
1,2,2,14,ronohel,conohel,RAJAWAL_XIB'ALB'A,85.71428571428572,cah ronohel mahabi na quila
1,2,2,15,hun ta,hun tzac,TZ'AQOL,85.71428571428572,camolobic cacotzobic hun ta
1,2,2,24,gucumatz,cumatz,KUMATZ,85.71428571428572,peu gucumatz e alom e qaho
1,2,2,24,gucumatz,cumatz,SAQIKAS,85.71428571428572,peu gucumatz e alom e qaho
1,2,2,24,peu gucumatz e,tepeu gucumatz,TEPEW_Q'UKUMATZ,85.71428571428572,peu gucumatz e alom e qaho
1,2,2,27,gucumatz,cumatz,KUMATZ,85.71428571428572,are vbinaam viri gucumatz
1,2,2,27,gucumatz,cumatz,SAQIKAS,85.71428571428572,are vbinaam viri gucumatz
1,2,3,34,gucumatz,cumatz,KUMATZ,85.71428571428572,cuq ri tepeu gucumatz varal
1,2,3,34,gucumatz,cumatz,SAQIKAS,85.71428571428572,cuq ri tepeu gucumatz varal
1,2,3,36,gucumatz,cumatz,KUMATZ,85.71428571428572,au ruq ri tepeu gucumatz xe
1,2,3,36,gucumatz,cumatz,SAQIKAS,85.71428571428572,au ruq ri tepeu gucumatz xe
2,1,0,5,gucumatz,cumatz,KUMATZ,85.71428571428572,tepeu gucumatz ta xnaohi
2,1,0,5,gucumatz,cumatz,SAQIKAS,85.71428571428572,tepeu gucumatz ta xnaohi
2,1,0,30,cumatz,cucumatz,Q'UKUMATZ_KQCINCO,85.71428571428572,cumatz vtz mi xatulic at vqux
2,2,1,3,chahal,chahibal,CHAAJ,85.71428571428572,il huyub chahal re quichelah
2,2,1,4,ronohel,conohel,RAJAWAL_XIB'ALB'A,85.71428571428572,ronohel vvinaquil huyub ri
2,2,1,6,chahal,chahibal,CHAAJ,85.71428571428572,matz zochoh canti chahal ca
2,2,1,10,chahal,chahibal,CHAAJ,85.71428571428572,chiqohe chahal re xeqha cut
2,2,1,27,ronohel,conohel,RAJAWAL_XIB'ALB'A,85.71428571428572,no quibanoh ronohel xuca
2,2,1,31,ronohel,conohel,RAJAWAL_XIB'ALB'A,85.71428571428572,lom xutzininaca chic ronohel
2,2,2,41,cumatz,cucumatz,Q'UKUMATZ_KQCINCO,85.71428571428572,cumatz chibihnacut ri ca bi
2,2,2,42,ichuch,quichuch,IXB'AQIYALO,85.71428571428572,cohicaharizah oh ichuch oh
3,1,0,1,cohiqui,chiquic,KIK',85.71428571428572,quixqhaoc cohiziquih cohiqui
3,1,0,7,chi qui,chiquic,KIK',85.71428571428572,quibeh chi qui huhunal ta xqui
3,1,0,39,chic vinac,ahzic vinac,AJTZIK_WINAQ,85.71428571428572,he cut v tihtobexic chic vinac
3,1,0,47,ca tzac,ah tzac,TZ'AQOL,85.71428571428572,chirech rinabe ca tzac ca
3,2,0,26,hun ah,hun ahpu,JUNAJPU,85.71428571428572,xpiyacoc xmucane hun ah
3,2,0,26,hun ah,hun ahpu,JUN_JUNAJPU,85.71428571428572,xpiyacoc xmucane hun ah
3,2,0,26,hun ah,hun ahau,JUN_KAME'_WUQUB'_KAME,85.71428571428572,xpiyacoc xmucane hun ah
3,2,0,26,hun ah,hun ahau,ISTAYUL_KQCUATRO,85.71428571428572,xpiyacoc xmucane hun ah
3,2,1,38,gucumatz,cumatz,KUMATZ,85.71428571428572,peu gucumatz ta xquibih chire
3,2,1,38,gucumatz,cumatz,SAQIKAS,85.71428571428572,peu gucumatz ta xquibih chire
4,1,0,19,ri atit,ricatit,IXMUKANE,85.71428571428572,yacoc vbi arecu ri atit ahquih
4,1,0,19,atit ahquih,ratit quih,IXMUKANE,85.71428571428572,yacoc vbi arecu ri atit ahquih
4,1,0,34,gucumatz,cumatz,KUMATZ,85.71428571428572,gucumatz xeqha ta xquibih
4,1,0,34,gucumatz,cumatz,SAQIKAS,85.71428571428572,gucumatz xeqha ta xquibih
4,2,1,29,qui ca,qui chac,KA'IB'_K'AJOLAB',85.71428571428572,cut qui ca mizaxic xebutic
4,2,1,47,ronohel,conohel,RAJAWAL_XIB'ALB'A,85.71428571428572,qhauic ronohel qui quebal
5,1,0,2,ronohel,conohel,RAJAWAL_XIB'ALB'A,85.71428571428572,qui kaa haruh pala ronohel
5,1,0,32,qui xot qui,quixo quil,IXOQ_AJAWAB',85.71428571428572,chicuri qui xot qui boh x
5,1,0,41,chi qui,chiquic,KIK',85.71428571428572,chipe paq'aq' taeal chi qui
5,2,0,2,chi qui,chiquic,KIK',85.71428571428572,hul chi qui vach que he cut
5,2,0,6,quichi,quicheri,TINAMIT_K'ICHE',85.71428571428572,quichi qui vach conohel xqha
5,2,1,15,zac na,zipac na,SIPAKNA,85.71428571428572,a re cut xa hubic zac na
5,2,1,25,riquil,rixoquil,CHIMALMAT,85.71428571428572,in pu vzac in naipu riquil
5,2,1,25,riquil,rixoquil,IXB'AQIYALO,85.71428571428572,in pu vzac in naipu riquil
5,2,1,26,zaquil,zaquihal,JAL,85.71428571428572,ta chuxoc nim nu zaquil in
5,2,1,39,zaquil,zaquihal,JAL,85.71428571428572,mal zaquil al zaquil qahol
6,1,1,16,ca quix,ca quic,KIK',85.71428571428572,ca quix cumal e caib qaholab
6,1,1,36,e caib v,e caib,KA'IB'_K'AJOLAB',85.71428571428572,ri vvcub caquix e caib v qa
6,1,1,40,rixoquil,xoquil,IXOQ_AJAWAB',85.71428571428572,qui chuch rixoquil ri v
6,2,1,24,chi qui,chiquic,KIK',85.71428571428572,chi qui huhunal ri nimari
6,2,1,32,chicut chu,chicut ahau,AWILIX,85.71428571428572,que quicacalen chicut chu
6,2,1,33,ca quix,ca quic,KIK',85.71428571428572,xe che ri vvcub ca quix e
6,2,1,34,caib qaho,caib qaholab,KA'IB'_K'AJOLAB',85.71428571428572,matzamoh vlo ri caib qaho
6,2,1,46,hun hu,hun ahpu,JUNAJPU,85.71428571428572,cupix vla veab ri hun hu
6,2,1,46,hun hu,hun ahpu,JUN_JUNAJPU,85.71428571428572,cupix vla veab ri hun hu
6,2,1,46,hun hu,hun ahau,JUN_KAME'_WUQUB'_KAME,85.71428571428572,cupix vla veab ri hun hu
6,2,1,46,hun hu,hun ahau,ISTAYUL_KQCUATRO,85.71428571428572,cupix vla veab ri hun hu
7,1,0,5,quicha,quichaah,CHAAJ,85.71428571428572,quibano ma nabe quicha ca
7,1,0,5,quicha,quicahau,JUN_JUNAJPU,85.71428571428572,quibano ma nabe quicha ca
7,1,0,5,quicha,quicahau,XA_Q'ANA_JAL,85.71428571428572,quibano ma nabe quicha ca
7,1,0,13,xoquil,rixoquil,CHIMALMAT,85.71428571428572,xoquil vvcub caquix na
7,1,0,13,xoquil,rixoquil,IXB'AQIYALO,85.71428571428572,xoquil vvcub caquix na
7,1,0,20,qui ca,qui chac,KA'IB'_K'AJOLAB',85.71428571428572,iaba chuvi q'aq' ta cul qui ca
7,1,0,34,ri atit,ricatit,IXMUKANE,85.71428571428572,chique ri atit mama quix
7,2,0,3,ri atit,ricatit,IXMUKANE,85.71428571428572,v calibal ta xeicouic ri atit
7,2,0,5,chiquih,chiquic,KIK',85.71428571428572,ib qaholab chiquih ta xei
7,2,0,11,ahau xa,ahau ab,JUN_KAME'_WUQUB'_KAME,85.71428571428572,camam xqha curi ahau xa
8,1,0,2,vquexel,uquexel,JUN_JUNAJPU,85.71428571428572,vquexel re xoquic xa chi cu
8,1,0,12,quinaoh,quinaha,AJTZ'IKINA_JA,85.71428571428572,ui quinaoh ri hunahpu xbalan
8,1,0,16,xoquil,rixoquil,CHIMALMAT,85.71428571428572,xoquil vvcub caquix quehe
8,1,0,16,xoquil,rixoquil,IXB'AQIYALO,85.71428571428572,xoquil vvcub caquix quehe
8,1,1,47,xquicat,xquicot,IXOQ_AJAWAB',85.71428571428572,chubinic ta xquicat cut hun
8,2,0,17,quinaoh,quinaha,AJTZ'IKINA_JA,85.71428571428572,tecut xcam quinaoh riomuch
8,2,0,35,caziquin,ziquin,TZ'IKIN,85.71428571428572,xcah pa hul caziquin vloc ta
8,2,0,43,vi caha,v cahau,KUCHUMA_KIK',85.71428571428572,hul xucoto xcolotah vi caha
9,1,0,25,chi qui,chiquic,KIK',85.71428571428572,quivach chi qui huhunal ta
9,1,0,47,bih qaholab,ix qaholab,KA'IB'_K'AJOLAB',85.71428571428572,bih qaholab ri ca chucabi
9,2,0,25,chiqaholab,caibqaholab,KA'IB'_K'AJOLAB',85.71428571428572,chiqaholab xecamizaxic ru
9,2,1,40,caholab,qaholab,MOTZ,85.71428571428572,v yoe qui qux caholab ri omu
10,1,0,4,xquicoh,xquicot,IXOQ_AJAWAB',85.71428571428572,cut xquicoh ri v vach ec ri
10,1,0,10,xquicoh,xquicot,IXOQ_AJAWAB',85.71428571428572,xquicoh vcoc chuxe pec chu
10,2,0,15,cumatzih,cumatz,KUMATZ,85.71428571428572,te qui cumatzih vtz bala
10,2,0,15,cumatzih,cumatz,SAQIKAS,85.71428571428572,te qui cumatzih vtz bala
11,1,0,39,ronohel,conohel,RAJAWAL_XIB'ALB'A,85.71428571428572,yub ronohel macuhabi hun
11,1,0,42,ronohel,conohel,RAJAWAL_XIB'ALB'A,85.71428571428572,cauulih ronohel huiub at qa
11,2,0,14,qui cac,qui cab,K'IKAB'_KQSIETE,85.71428571428572,ta xqui bac cu qui cac ri qaholab
11,2,0,15,quin chuvach,qui chuch,CHIMALMAT,85.71428571428572,xquibol cut qui qi quin chuvach
11,2,0,15,quin chuvach,qui chuch,IXB'AQIYALO,85.71428571428572,xquibol cut qui qi quin chuvach
11,2,0,15,quin chuvach,qui chuch,IXKIK',85.71428571428572,xquibol cut qui qi quin chuvach
12,1,1,20,bi qui cahau,qui cahau,JUN_JUNAJPU,85.71428571428572,bi qui cahau ri hun ahpu xbalan
12,1,1,20,qui cahau ri,qui cahau,JUN_JUNAJPU,85.71428571428572,bi qui cahau ri hun ahpu xbalan
12,1,1,25,quicahau,icahau,K'AJOLOM,85.71428571428572,bixic quicahau
12,1,2,28,qui cahau ri,qui cahau,JUNAJPU,85.71428571428572,cut qui cahau ri xpiyacoc xmu
12,1,2,28,qui cahau ri,qui cahau,JUN_JUNAJPU,85.71428571428572,cut qui cahau ri xpiyacoc xmu
12,1,2,36,qui chuch va,qui chuch,CHIMALMAT,85.71428571428572,cut vbi qui chuch va xbaqui
12,1,2,36,qui chuch va,qui chuch,IXB'AQIYALO,85.71428571428572,cut vbi qui chuch va xbaqui
12,1,2,36,qui chuch va,qui chuch,IXKIK',85.71428571428572,cut vbi qui chuch va xbaqui
12,1,2,37,rixoquil,xoquil,IXOQ_AJAWAB',85.71428571428572,yalo chuqhaxic rixoquil hun
12,1,2,39,rixoquil,xoquil,IXOQ_AJAWAB',85.71428571428572,ahpu mahabi rixoquil xavla
12,2,0,15,qui chuch ri,qui chuch,CHIMALMAT,85.71428571428572,ca cut qui chuch ri hun batz hun
12,2,0,15,qui chuch ri,qui chuch,IXKIK',85.71428571428572,ca cut qui chuch ri hun batz hun
12,2,0,17,hun ca,hun came,JUN_KAME',85.71428571428572,xe chaah vi ta xquita cut hun ca
12,2,0,27,cam qui,ca quic,KIK',85.71428571428572,cam qui naoh conohel ri qui bi
12,2,0,43,qui cha,qui che,TINAMIT_K'ICHE',85.71428571428572,rahchami xibalba xa bac qui cha
12,2,0,43,qui cha,qui cab,K'IKAB'_KQSIETE,85.71428571428572,rahchami xibalba xa bac qui cha
12,2,0,45,quir vinac,yaqui vinac,YAKI,85.71428571428572,quir vinac qui tzih chi bac chi ho
13,1,0,25,cab qui,ca quic,KIK',85.71428571428572,qui bate qui pach cab qui iach
13,1,0,31,vqahol hun,vqahol ahau,KA'IB'_K'AJOLAB',85.71428571428572,uen vqahol hun hunahpu xca
13,1,0,32,oc qui chuch,qui chuch,CHIMALMAT,85.71428571428572,minac oc qui chuch cachui chic
13,1,0,32,oc qui chuch,qui chuch,IXB'AQIYALO,85.71428571428572,minac oc qui chuch cachui chic
13,1,0,32,oc qui chuch,qui chuch,IXKIK',85.71428571428572,minac oc qui chuch cachui chic
13,1,1,42,chaaha,vchabaha,UCH'AB'AJA,85.71428571428572,ral tah queul chaaha vi cuq
13,1,1,44,qui chi,qui che,TINAMIT_K'ICHE',85.71428571428572,tzih cacamaihah qui chi quehe
13,2,0,7,hel xibalba,be xibalba,Q'EQA_B'E,85.71428571428572,hel xibalba are ri qhabi tucur que
13,2,0,32,ronohel,conohel,RAJAWAL_XIB'ALB'A,85.71428571428572,ronohel quetzabal queqha aha
13,2,0,37,oc qui cahau,qui cahau,JUNAJPU,85.71428571428572,minac oc qui cahau hona ixca
14,1,0,3,qui chuch ri,qui chuch,CHIMALMAT,85.71428571428572,quz cut choc qui chuch ri xmu
14,1,0,3,qui chuch ri,qui chuch,IXB'AQIYALO,85.71428571428572,quz cut choc qui chuch ri xmu
14,1,0,5,hun hu,hun ahpu,JUNAJPU,85.71428571428572,xbizonic xeqha ta xebec hun hu
14,1,0,5,hun hu,hun ahpu,JUN_JUNAJPU,85.71428571428572,xbizonic xeqha ta xebec hun hu
14,1,0,5,hun hu,hun ahau,JUN_KAME'_WUQUB'_KAME,85.71428571428572,xbizonic xeqha ta xebec hun hu
14,1,0,5,hun hu,hun ahau,ISTAYUL_KQCUATRO,85.71428571428572,xbizonic xeqha ta xebec hun hu
14,1,1,14,chicut chu,chicut ahau,AWILIX,85.71428571428572,vbi xeecovi xeeco chicut chu
14,1,1,26,be cahib,e caib,KA'IB'_K'AJOLAB',85.71428571428572,be cahib be are cut xqhau
14,2,0,30,quichah,quichac,KA'IB'_K'AJOLAB',85.71428571428572,eumaha ta xbe cu yaoc quichah
14,2,0,37,quichah,quichac,KA'IB'_K'AJOLAB',85.71428571428572,queeum ta xopon ri yaol quichah
14,2,0,39,quichah,quichac,KA'IB'_K'AJOLAB',85.71428571428572,aponoc ri quichah e quitziha ri
15,1,0,41,cohcha,cohchaah,CHAAJ,85.71428571428572,xol che are cu rizima cohcha
15,1,0,42,hun hu,hun ahpu,JUNAJPU,85.71428571428572,chire va camic vholom hun hu
15,1,0,42,hun hu,hun ahpu,JUN_JUNAJPU,85.71428571428572,chire va camic vholom hun hu
15,1,0,42,hun hu,hun ahau,JUN_KAME'_WUQUB'_KAME,85.71428571428572,chire va camic vholom hun hu
15,1,0,42,hun hu,hun ahau,ISTAYUL_KQCUATRO,85.71428571428572,chire va camic vholom hun hu
15,2,2,46,cab capoh,caib capohib,IXTAJ_IXPUCH',85.71428571428572,cab capoh ta xril cut v pu cab
16,1,0,5,nimaha,nim ahau,NAKXIT,85.71428571428572,he vholom ve qui nimaha u xa
16,1,0,24,chic capoh,chi capohib,IXTAJ_IXPUCH',85.71428571428572,quehe cu vtzalihic chic capoh
16,1,0,31,caquib,caviquib,KAWEQ,85.71428571428572,caquib ic ta xnauachil rumal
16,1,1,39,ixahauab,ahauab,JUN_KAME'_WUQUB'_KAME,85.71428571428572,ri numeal qochi ral ixahauab
16,1,1,39,ixahauab,ahauab,XA_Q'ANA_JAL,85.71428571428572,ri numeal qochi ral ixahauab
16,2,0,20,xchiqui,chiquic,KIK',85.71428571428572,xchiquitzololeh ahauab xchiqui
16,2,0,42,vquexel,uquexel,JUN_JUNAJPU,85.71428571428572,xelic vquexel v quiquel taxu
17,1,0,12,ixahauab,ahauab,JUN_KAME'_WUQUB'_KAME,85.71428571428572,mi xutzinic ixahauab vana cu vqux
17,1,0,12,ixahauab,ahauab,XA_Q'ANA_JAL,85.71428571428572,mi xutzinic ixahauab vana cu vqux
17,1,0,19,xquina,mixquina,MIXKINA,85.71428571428572,chuvi q'aq' coc cut xquina xibalba
17,1,1,35,hun ah,hun ahpu,JUNAJPU,85.71428571428572,chic maui queyaqueic ri hun ah
17,1,1,35,hun ah,hun ahpu,JUN_JUNAJPU,85.71428571428572,chic maui queyaqueic ri hun ah
17,1,1,35,hun ah,hun ahau,JUN_KAME'_WUQUB'_KAME,85.71428571428572,chic maui queyaqueic ri hun ah
17,1,1,35,hun ah,hun ahau,ISTAYUL_KQCUATRO,85.71428571428572,chic maui queyaqueic ri hun ah
17,1,1,42,cu caib,co caib,K'OKA'IB_KQDOS,85.71428571428572,pa xecamic chi xibalba e cu caib
17,2,0,33,chahal,chahibal,CHAAJ,85.71428571428572,chahal re queqha hun batz hun
18,1,2,19,quichi,quicheri,TINAMIT_K'ICHE',85.71428571428572,quitzih chach quichi xqha ri atit
18,1,2,26,chibal,chahibal,CHAAJ,85.71428571428572,chibal puch cumal hun batz hun
18,1,2,38,qui cahau ri,qui cahau,JUNAJPU,85.71428571428572,uquexel qui cahau ri xebe chi
18,1,2,39,vi qui cahau,qui cahau,JUNAJPU,85.71428571428572,xibalba caminac vi qui cahau
18,1,2,41,ronohel,conohel,RAJAWAL_XIB'ALB'A,85.71428571428572,hun chouen chi qui qux ronohel
18,1,2,41,chi qui,chiquic,KIK',85.71428571428572,hun chouen chi qui qux ronohel
18,1,2,45,chiquih,chiquic,KIK',85.71428571428572,xa chiquih xcah vi v yoc qui qux
18,2,0,10,quevlic,quevaic,WA,85.71428571428572,ta quevlic huta quih chiquiti cut
18,2,0,20,hun ah,hun ahpu,JUN_JUNAJPU,85.71428571428572,xevqhax cut ri hun ah pu xbalan
18,2,0,20,hun ah,hun ahau,JUN_KAME'_WUQUB'_KAME,85.71428571428572,xevqhax cut ri hun ah pu xbalan
18,2,0,20,hun ah,hun ahau,ISTAYUL_KQCUATRO,85.71428571428572,xevqhax cut ri hun ah pu xbalan
18,2,0,29,quinaoh,quinaha,AJTZ'IKINA_JA,85.71428571428572,minac cut quinaoh quicabichal
18,2,0,30,chaquic,ca quic,KIK',85.71428571428572,chirech qui chaquic hun batz hun
19,1,0,16,pu huzu,pu huyu,PUJUYU',85.71428571428572,pu huzu qui he chi xuxic xa
19,1,0,19,patac quiche,pa quiche,TINAMIT_K'ICHE',85.71428571428572,nima huyub xebec patac quiche
19,1,0,21,quicha,quichaah,CHAAJ,85.71428571428572,chucab tac che quehe cut quicha
19,1,0,21,quicha,quicahau,JUN_JUNAJPU,85.71428571428572,chucab tac che quehe cut quicha
19,1,0,21,quicha,quicahau,XA_Q'ANA_JAL,85.71428571428572,chucab tac che quehe cut quicha
19,1,0,22,catahic,chaahic,CHAAJ,85.71428571428572,catahic hun batz hun chouen
19,1,0,27,mixqui,mixquina,MIXKINA,85.71428571428572,chuch ixcatit naquila mixqui
19,2,0,31,qui chi,qui che,TINAMIT_K'ICHE',85.71428571428572,mutzumac qui chi chiquimal qui
19,2,0,32,chi qui,chiquic,KIK',85.71428571428572,chi qui vach mac a ma chiquiho
20,1,0,13,quichuch,ichuch,ALOM,85.71428571428572,ratit rug pu quichuch
20,1,1,15,quib chuvach,qui chuch,CHIMALMAT,85.71428571428572,qui cutbal quib chuvach catit chu
20,1,1,15,quib chuvach,qui chuch,IXB'AQIYALO,85.71428571428572,qui cutbal quib chuvach catit chu
20,1,1,15,quib chuvach,qui chuch,IXKIK',85.71428571428572,qui cutbal quib chuvach catit chu
20,1,1,21,mixqui,mixquina,MIXKINA,85.71428571428572,ta xquicam cut qui cah qui mixqui
20,1,1,21,qui cah,qui che,TINAMIT_K'ICHE',85.71428571428572,ta xquicam cut qui cah qui mixqui
20,1,1,21,qui cah,qui cab,K'IKAB'_KQSIETE,85.71428571428572,ta xquicam cut qui cah qui mixqui
20,1,1,21,cah qui,ca quic,KIK',85.71428571428572,ta xquicam cut qui cah qui mixqui
20,1,1,35,ronohel,conohel,RAJAWAL_XIB'ALB'A,85.71428571428572,lahahic chibec ronohel che ca a an
20,1,1,39,quixic,v quixic,KIK',85.71428571428572,ahilan tum quixic cuban rixa
20,1,1,39,quixic,quic xic,KIK'_RE,85.71428571428572,ahilan tum quixic cuban rixa
20,2,0,20,qui eab,qui cab,K'IKAB'_KQSIETE,85.71428571428572,cacan qui eab chuvach catit taxe
20,2,0,21,chicut chu,chicut ahau,AWILIX,85.71428571428572,be chicut chu ca quih xeopon
20,2,0,21,ca quih,ca quic,KIK',85.71428571428572,be chicut chu ca quih xeopon
20,2,0,23,ronohel,conohel,RAJAWAL_XIB'ALB'A,85.71428571428572,chic ronohel che caam vchapom
20,2,0,24,quixic,v quixic,KIK',85.71428571428572,chi rib rono hel tun quixic taxe
20,2,0,24,quixic,quic xic,KIK'_RE,85.71428571428572,chi rib rono hel tun quixic taxe
20,2,0,27,ronohel,conohel,RAJAWAL_XIB'ALB'A,85.71428571428572,ronohel chuti chicop nima chicop
20,2,0,34,quinaoh,quinaha,AJTZ'IKINA_JA,85.71428571428572,chicu quinaoh chiri pacatohche
20,2,0,38,quinaoh,quinaha,AJTZ'IKINA_JA,85.71428571428572,quinaoh xeopon chicut chiha
20,2,0,43,pu qui chuch,qui chuch,CHIMALMAT,85.71428571428572,catit chire pu qui chuch xcohbe
20,2,0,43,pu qui chuch,qui chuch,IXB'AQIYALO,85.71428571428572,catit chire pu qui chuch xcohbe
21,1,0,3,viquib,caviquib,KAWEQ,85.71428571428572,hun xquizep viquib ronohel chuti
21,1,0,3,ronohel,conohel,RAJAWAL_XIB'ALB'A,85.71428571428572,hun xquizep viquib ronohel chuti
21,2,0,4,zaquil,zaquihal,JAL,85.71428571428572,curi recha ri ixim zaquil ic qui
21,2,1,30,quichuch,ichuch,ALOM,85.71428571428572,xavi quimichbal re catit quichuch pu
22,1,1,18,quicahau,icahau,K'AJOLOM,85.71428571428572,tuquel xquimez ri hom quicahau
22,1,1,38,riahauab,ahauab,JUN_KAME'_WUQUB'_KAME,85.71428571428572,quitzih quepetic quecha riahauab
22,1,1,38,riahauab,ahauab,XA_Q'ANA_JAL,85.71428571428572,quitzih quepetic quecha riahauab
22,2,0,2,quicahau,icahau,K'AJOLOM,85.71428571428572,oher taxebe camoc ri quicahau
22,2,0,27,cumatz,cucumatz,Q'UKUMATZ_KQCINCO,85.71428571428572,hunnima cumatz zaquicaz ubi a
22,2,0,32,cumatz,cucumatz,Q'UKUMATZ_KQCINCO,85.71428571428572,cumatz maba catanic cavilo in
22,2,0,34,cumatz,cucumatz,Q'UKUMATZ_KQCINCO,85.71428571428572,cumatz chire xpec catoho xuqha
22,2,0,38,cumatz,cucumatz,Q'UKUMATZ_KQCINCO,85.71428571428572,curi cumatz ta xbec xculutah chi
22,2,0,39,ricumatz,cumatz,KUMATZ,85.71428571428572,vicut ricumatz rumal vac ni
22,2,0,40,cumatz,cucumatz,Q'UKUMATZ_KQCINCO,85.71428571428572,ma tziquin xbic chivi ri cumatz
22,2,0,43,cumatz,cucumatz,Q'UKUMATZ_KQCINCO,85.71428571428572,quetiou cumatz patachuyubta
23,1,0,2,choquic,chiquic,KIK',85.71428571428572,naquipa ri choquic petaca vvb xe
23,1,1,13,xquicoh,xquicot,IXOQ_AJAWAB',85.71428571428572,zcaquin rih quic ri chaah xquicoh
23,1,1,13,quic ri,quic re,KIK'_RE,85.71428571428572,zcaquin rih quic ri chaah xquicoh
23,1,1,19,cumatz,cucumatz,Q'UKUMATZ_KQCINCO,85.71428571428572,nima cumatz caqhauoc xeqha
23,1,1,20,cumatz,cucumatz,Q'UKUMATZ_KQCINCO,85.71428571428572,chic chire cumatz ve xqha chi
23,1,1,42,cumatz,cucumatz,Q'UKUMATZ_KQCINCO,85.71428571428572,chac cumatz xuxic catzihonoc
23,1,1,48,quevlic,quevaic,WA,85.71428571428572,bix quevlic varal cohchaah
23,2,1,31,hal ha,tuhal ha,TUJAL_JA,85.71428571428572,hal ha zivan xachu xol q iquin
23,2,1,39,xibalba que,xbalan que,XB'ALAMQ'E,85.71428571428572,be xibalba que ca be zaqui be ca
24,1,0,8,hun ta,hun tzac,TZ'AQOL,85.71428571428572,cut hun ta xtiic naqui ahi xqha
24,1,0,16,vvacac culel,vvc culel,AJAL_PUJ,85.71428571428572,xtiic vvacac culel ahi na qui
24,1,0,19,vvc culel,vvacac culel,KUCHUMA_KIK',85.71428571428572,ta xti vvc culel ahi xqha chic na
24,1,0,30,mia holom,chamia holom,CH'AMIYA_JOLOM,85.71428571428572,mia holom xqha chamia baca na
24,1,0,43,quic ri,quic re,KIK'_RE,85.71428571428572,xqha chic quic ri xcac
24,2,0,12,huntac,hun tzac,TZ'AQOL,85.71428571428572,xqha huntac chiinel maui are
24,2,0,24,ronohel,conohel,RAJAWAL_XIB'ALB'A,85.71428571428572,xquibih vbi ronohel mahabi
24,2,0,42,quichahe,quiche,TINAMIT_K'ICHE',85.71428571428572,came vae quichahe cacha aha
24,2,0,42,quichahe,quiche,OXIB_RI_NIM_JA,85.71428571428572,came vae quichahe cacha aha
25,1,0,24,ixqaholab xe,ixqaholab,MOTZ,85.71428571428572,be caca chaah ixqaholab xe
25,2,0,20,qui cha,qui che,TINAMIT_K'ICHE',85.71428571428572,qui cha ah hunam qui chucab tzatz
25,2,0,20,qui cha,qui cab,K'IKAB'_KQSIETE,85.71428571428572,qui cha ah hunam qui chucab tzatz
25,2,0,21,qui cha,qui che,TINAMIT_K'ICHE',85.71428571428572,pu qui cha ri qaholab xacu qui rutz
25,2,0,21,qui cha,qui cab,K'IKAB'_KQSIETE,85.71428571428572,pu qui cha ri qaholab xacu qui rutz
25,2,0,23,catahic,chaahic,CHAAJ,85.71428571428572,catahic ri qaholab que quicot
25,2,0,32,cohcha,cohchaah,CHAAJ,85.71428571428572,vtzbala acaba chicut cohcha
25,2,0,45,ronohel,conohel,RAJAWAL_XIB'ALB'A,85.71428571428572,vi cha ronohel are cut e qo
26,1,0,7,chahal,chahibal,CHAAJ,85.71428571428572,oc cut chiquipixabah chahal qui
26,1,0,14,xquina,mixquina,MIXKINA,85.71428571428572,xquina ri chahal ticon xaloc
26,1,0,14,chahal,chahibal,CHAAJ,85.71428571428572,xquina ri chahal ticon xaloc
26,1,0,15,qui chi,qui che,TINAMIT_K'ICHE',85.71428571428572,chiquiracuh qui chi chucab tac
26,1,0,19,choquic,chiquic,KIK',85.71428571428572,uec qhari hun ta choquic pu
26,1,0,19,hun ta,hun tzac,TZ'AQOL,85.71428571428572,uec qhari hun ta choquic pu
26,1,0,20,chachic,chaahic,CHAAJ,85.71428571428572,huyu puhuyu chachic ta cho
26,1,0,21,quic ri,quic re,KIK'_RE,85.71428571428572,quic ri puhuyu vbi e caib chi
26,1,0,22,chahal,chahibal,CHAAJ,85.71428571428572,chahal ticon vticon hun came
26,1,0,28,qui chi,qui che,TINAMIT_K'ICHE',85.71428571428572,que he chiquiracuh qui chi ri cha
26,1,0,30,quixic,v quixic,KIK',85.71428571428572,qux quihe ca qux quixic are
26,1,0,30,quixic,quic xic,KIK'_RE,85.71428571428572,qux quihe ca qux quixic are
26,2,0,8,quichi,quicheri,TINAMIT_K'ICHE',85.71428571428572,qha cut cate puch xhix quichi
26,2,0,14,quichi,quicheri,TINAMIT_K'ICHE',85.71428571428572,qui chi herebaca quichi purpuec
26,2,0,14,qui chi,qui che,TINAMIT_K'ICHE',85.71428571428572,qui chi herebaca quichi purpuec
26,2,1,33,chahal,chahibal,CHAAJ,85.71428571428572,chahal na quipala maui mi
26,2,2,45,qux ca,vqux cah,UK'U'X_KAJ,85.71428571428572,xevtzinic mi xutih qui qux ca
27,1,0,4,quichi,quicheri,TINAMIT_K'ICHE',85.71428571428572,naquipa quichi e vinaquil apa
27,1,0,4,quichi e,quiche,TINAMIT_K'ICHE',85.71428571428572,naquipa quichi e vinaquil apa
27,1,0,4,quichi e,quiche,OXIB_RI_NIM_JA,85.71428571428572,naquipa quichi e vinaquil apa
27,1,1,8,hun ha,hun ahau,JUNAJPU,85.71428571428572,hun ha chiq'aq' xa vtu que l q'aq' v
27,1,1,8,hun ha,hun ahau,JUN_KAME'_WUQUB'_KAME,85.71428571428572,hun ha chiq'aq' xa vtu que l q'aq' v
27,1,1,8,hun ha,hun ahau,ISTAYUL_KQCUATRO,85.71428571428572,hun ha chiq'aq' xa vtu que l q'aq' v
27,1,1,14,ui que,qui quel,KIK',85.71428571428572,ui que he xavi cazach quiqux
27,1,2,18,hun ha,hun ahau,JUNAJPU,85.71428571428572,hun ha chi camazotz nimac chi
27,1,2,18,hun ha,hun ahau,JUN_KAME'_WUQUB'_KAME,85.71428571428572,hun ha chi camazotz nimac chi
27,1,2,18,hun ha,hun ahau,ISTAYUL_KQCUATRO,85.71428571428572,hun ha chi camazotz nimac chi
27,1,2,29,quinaoh,quinaha,AJTZ'IKINA_JA,85.71428571428572,tzonoh vi quinaoh hun acab
27,2,0,11,ronohel,conohel,RAJAWAL_XIB'ALB'A,85.71428571428572,chicop ronohel ziz aq' rono
28,1,0,4,quichaye,quiche,TINAMIT_K'ICHE',85.71428571428572,mana qui cat chaah ic xa quichaye
28,1,0,4,quichaye,quiche,OXIB_RI_NIM_JA,85.71428571428572,mana qui cat chaah ic xa quichaye
28,1,0,4,qui cat,qui cab,K'IKAB'_KQSIETE,85.71428571428572,mana qui cat chaah ic xa quichaye
28,1,1,26,quic chuvach,qui chuch,CHIMALMAT,85.71428571428572,curi quic chuvach bate chita
28,1,1,26,quic chuvach,qui chuch,IXB'AQIYALO,85.71428571428572,curi quic chuvach bate chita
28,1,1,26,quic chuvach,qui chuch,IXKIK',85.71428571428572,curi quic chuvach bate chita
28,1,1,41,quic ri,quic re,KIK'_RE,85.71428571428572,tzucuna quic ri xibalba cate
28,1,1,43,xeziquin,ziquin,TZ'IKIN,85.71428571428572,pa pix ta xeziquin chicut quix
28,2,0,14,ronohel,conohel,RAJAWAL_XIB'ALB'A,85.71428571428572,ui are xecam vi ri ronohel
28,2,1,20,ronohel,conohel,RAJAWAL_XIB'ALB'A,85.71428571428572,bano ronohel caxcol rail xban
28,2,1,23,catahic,chaahic,CHAAJ,85.71428571428572,catahic rumal ronohel tionel
28,2,1,23,ronohel,conohel,RAJAWAL_XIB'ALB'A,85.71428571428572,catahic rumal ronohel tionel
28,2,1,30,quinaoh,quinaha,AJTZ'IKINA_JA,85.71428571428572,camic quinaoh caquinuc ru
29,1,0,20,ban xibalba,be xibalba,Q'EQA_B'E,85.71428571428572,ban xibalba nimac xac xquico
29,1,0,30,qui cah,qui che,TINAMIT_K'ICHE',85.71428571428572,cachopih vae ri ca qui cah
29,1,0,30,qui cah,qui cab,K'IKAB'_KQSIETE,85.71428571428572,cachopih vae ri ca qui cah
29,1,0,35,ixahauab,ahauab,JUN_KAME'_WUQUB'_KAME,85.71428571428572,am cacamic ixahauab chivi
29,1,0,35,ixahauab,ahauab,XA_Q'ANA_JAL,85.71428571428572,am cacamic ixahauab chivi
29,1,0,40,cab qui,ca quic,KIK',85.71428571428572,cab qui cabichal epu hupu
29,2,1,29,ronohel,conohel,RAJAWAL_XIB'ALB'A,85.71428571428572,quibano ronohel xquiban chic
29,2,2,38,ronohel,conohel,RAJAWAL_XIB'ALB'A,85.71428571428572,ronohel caquibano xqha cut
30,1,0,5,qui nimac,zaqui nim ac,SAQI_NIM_AQ_SIS,85.71428571428572,qui nimac vbac cavach chi meba
30,1,1,30,ahau ma,ahau ab,JUN_KAME'_WUQUB'_KAME,85.71428571428572,xic maba quetaon at ahau ma
30,1,1,38,chire ahau,chirih ahau,JAQAWITZ,85.71428571428572,chic chire ahau mi xibih ivib
30,1,1,42,ronohel,conohel,RAJAWAL_XIB'ALB'A,85.71428571428572,chibana ronohel ri ivetaam
31,1,1,13,hun ca,hun came,JUN_KAME',85.71428571428572,cohipuzu xecha cut hun ca
31,1,1,22,chicut hun,chicut ahau,AWILIX,85.71428571428572,xibalba caminac chicut hun
31,1,1,36,ronohel,conohel,RAJAWAL_XIB'ALB'A,85.71428571428572,xequiz cubec ronohel cal qui
31,1,1,36,cal qui,ca quic,KIK',85.71428571428572,xequiz cubec ronohel cal qui
31,1,1,45,chiquib,chiquic,KIK',85.71428571428572,quiya chiquib conohel xeul
31,2,1,11,qui ca,qui chac,KA'IB'_K'AJOLAB',85.71428571428572,cu pacol re vae quirail qui ca
31,2,1,13,ronohel,conohel,RAJAWAL_XIB'ALB'A,85.71428571428572,cacuyu vi ronohel caxcol mi
31,2,1,33,ronohel,conohel,RAJAWAL_XIB'ALB'A,85.71428571428572,macu ivech ri ronohel zaquil
31,2,1,33,zaquil,zaquihal,JAL,85.71428571428572,macu ivech ri ronohel zaquil
31,2,1,34,zaquil,zaquihal,JAL,85.71428571428572,al zaquil qahol xanoh chitza
31,2,1,38,ronohel,conohel,RAJAWAL_XIB'ALB'A,85.71428571428572,xa rax chapom ronohel vinac
32,1,0,34,quicahau,icahau,K'AJOLOM,85.71428571428572,quicahau xoheroc quecamoc ri
32,1,1,40,qui ca,qui chac,KA'IB'_K'AJOLAB',85.71428571428572,vacute vviquic chic qui ca
32,1,1,45,ronohel,conohel,RAJAWAL_XIB'ALB'A,85.71428571428572,ronohel vchi vtzam vbac vvach
32,2,0,9,zaquil,zaquihal,JAL,85.71428571428572,rumal zaquil al zaquil ahol
32,2,0,11,qui cahau ta,qui cahau,JUNAJPU,85.71428571428572,qha chirech qui cahau ta xqui
32,2,0,15,ronohel,conohel,RAJAWAL_XIB'ALB'A,85.71428571428572,ri xchacatahinac oc ronohel
32,2,1,31,zaquil,zaquihal,JAL,85.71428571428572,tzucul cool zaquil al zaquilqa
32,2,1,34,quinaoh,quinaha,AJTZ'IKINA_JA,85.71428571428572,xulic xbe quinaoh chi queq'umal
32,2,1,38,zaquil,zaquihal,JAL,85.71428571428572,ponoc qui naoh zaquil calal xqui
33,1,0,10,quihal,zaquihal,JAL,85.71428571428572,quihal tzatz naipuch chi pec chi
33,1,0,24,cucumatz,cumatz,KUMATZ,85.71428571428572,cucumatz quevqhaxic cate cut
33,1,0,24,cucumatz,cumatz,SAQIKAS,85.71428571428572,cucumatz quevqhaxic cate cut
33,1,0,25,xquicoh,xquicot,IXOQ_AJAWAB',85.71428571428572,xquicoh patzih vtzaquic vbitic
33,1,2,37,xa tzac,ah tzac,TZ'AQOL,85.71428571428572,xa tzac xa bit que vqhaxic
33,1,2,38,quichuch,ichuch,ALOM,85.71428571428572,mahabi quichuch mahabi qui
33,1,2,45,cucumatz,cumatz,KUMATZ,85.71428571428572,qaholom tepeu cucumatz ta
33,1,2,45,cucumatz,cumatz,SAQIKAS,85.71428571428572,qaholom tepeu cucumatz ta
33,2,0,7,ronohel,conohel,RAJAWAL_XIB'ALB'A,85.71428571428572,quetamah ronohel xecah vue
33,2,0,13,chiquil,chiquic,KIK',85.71428571428572,cate ta chiquil ri vxecah xavi
34,1,1,19,cucumatz,cumatz,KUMATZ,85.71428571428572,caculha tepeu cucumatz alom
34,1,1,19,cucumatz,cumatz,SAQIKAS,85.71428571428572,caculha tepeu cucumatz alom
34,1,2,29,ronohel,conohel,RAJAWAL_XIB'ALB'A,85.71428571428572,mabal ruq ronohel qui naobal e
34,1,2,32,ca cahau,acahau,KUCHUMA_KIK',85.71428571428572,ca mam ca cahau rumal vqux cah v
34,1,2,34,xoquil,rixoquil,CHIMALMAT,85.71428571428572,xoquil puch xuxic xavi ca bauil xnao
34,1,2,34,xoquil,rixoquil,IXB'AQIYALO,85.71428571428572,xoquil puch xuxic xavi ca bauil xnao
34,1,2,41,va caha,v cahau,KUCHUMA_KIK',85.71428571428572,quixoquil va caha paluna vbi rixo
34,2,0,4,ri qui chuch,qui chuch,CHIMALMAT,85.71428571428572,cahib ri qui chuch oh quiche vinac
34,2,0,4,ri qui chuch,qui chuch,IXB'AQIYALO,85.71428571428572,cahib ri qui chuch oh quiche vinac
34,2,0,4,ri qui chuch,qui chuch,IXKIK',85.71428571428572,cahib ri qui chuch oh quiche vinac
34,2,0,4,qui chuch oh,qui chuch,CHIMALMAT,85.71428571428572,cahib ri qui chuch oh quiche vinac
34,2,0,4,qui chuch oh,qui chuch,IXB'AQIYALO,85.71428571428572,cahib ri qui chuch oh quiche vinac
34,2,0,4,qui chuch oh,qui chuch,IXKIK',85.71428571428572,cahib ri qui chuch oh quiche vinac
34,2,0,5,chi qui,chiquic,KIK',85.71428571428572,halahoh chi quibi chi qui huhunal
34,2,0,15,nim ha,nim ahau,NAKXIT,85.71428571428572,vmam vcahau beleheb nim ha chi
34,2,0,17,nim ha,nim ahau,NAKXIT,85.71428571428572,cahau cahib nim ha chi ahau qui
34,2,0,26,cumatz,cucumatz,Q'UKUMATZ_KQCINCO,85.71428571428572,cumatz tuhal ha vchabaha ah chu
34,2,0,26,vchabaha,chaaha,CHAAJ,85.71428571428572,cumatz tuhal ha vchabaha ah chu
34,2,0,35,quia vinac,yaqui vinac,YAKI,85.71428571428572,relebal quih quia vinac xuxic
35,1,0,20,raxalbe,raxa be,RAXA_B'E,85.71428571428572,ta zaquiroc quita raxalbe raxal
35,1,0,27,cucumatz,cumatz,KUMATZ,85.71428571428572,voc hunahpu tepeu cucumatz
35,1,0,27,cucumatz,cumatz,SAQIKAS,85.71428571428572,voc hunahpu tepeu cucumatz
35,1,0,46,qui vinac,quiche vinac,TINAMIT_K'ICHE',85.71428571428572,hel amac ruq ya qui vinac ah
35,2,0,4,chahal,chahibal,CHAAJ,85.71428571428572,chahal que xeqha cut e balam
35,2,2,35,quicahau,icahau,K'AJOLOM,85.71428571428572,quimam quicahau ahauab xa
35,2,3,41,hun vbi,hun bit,B'ITOL,85.71428571428572,mub chi ilocab xa hun vbi v
35,2,3,46,ronohel,conohel,RAJAWAL_XIB'ALB'A,85.71428571428572,ronohel amac rabinaleb ca
35,2,3,47,iquina,mixquina,MIXKINA,85.71428571428572,echequeleb ah q ' iquina ha ruq
36,1,0,4,chi qui,chiquic,KIK',85.71428571428572,maui calah chic xquitao chi qui
36,2,0,14,qui coh,qui che,TINAMIT_K'ICHE',85.71428571428572,xevlic ma qui coh quix na ivq chi
36,2,0,24,hun ca,hun came,JUN_KAME',85.71428571428572,xa pu hun ca tzuquibal ca vina
36,2,0,29,balam qui,balam quitze,B'ALAM_KI'TZE',85.71428571428572,vinac chi quivach ri balam qui
36,2,0,44,chi qui,chiquic,KIK',85.71428571428572,chic chi qui qux ri tohil avilix
37,1,0,6,ronohel,conohel,RAJAWAL_XIB'ALB'A,85.71428571428572,chacchot chic rumal teu ronohel
37,1,0,10,quichi,quicheri,TINAMIT_K'ICHE',85.71428571428572,chiquimah quichi chiqui mah qui
37,2,0,8,chibal,chahibal,CHAAJ,85.71428571428572,chibal ta xeico pazib chi liblutic
37,2,0,12,ronohel,conohel,RAJAWAL_XIB'ALB'A,85.71428571428572,chacatah ri amac ronohel taxu
37,2,0,46,chiquil,chiquic,KIK',85.71428571428572,ho chiquil na coh tique vi xqha
38,1,2,43,iquina,mixquina,MIXKINA,85.71428571428572,mic are chicuri ah q ' iquina ha
38,2,0,6,qui cha,qui che,TINAMIT_K'ICHE',85.71428571428572,bi va mahabi echa xa vxe qui cha
38,2,0,6,qui cha,qui cab,K'IKAB'_KQSIETE,85.71428571428572,bi va mahabi echa xa vxe qui cha
38,2,0,25,rixoquil,xoquil,IXOQ_AJAWAB',85.71428571428572,lam quitze ruq rixoquil eaha
38,2,0,26,rixoquil,xoquil,IXOQ_AJAWAB',85.71428571428572,paluna vbi rixoquil xavi que
38,2,0,28,xoquil,rixoquil,CHIMALMAT,85.71428571428572,xoquil chomiha vbi ruq chic ma
38,2,0,28,xoquil,rixoquil,IXB'AQIYALO,85.71428571428572,xoquil chomiha vbi ruq chic ma
38,2,0,30,rixoquil,xoquil,IXOQ_AJAWAB',85.71428571428572,ruq rixoquil tzununiha vbi
38,2,0,32,rixoquil,xoquil,IXOQ_AJAWAB',85.71428571428572,rixoquil are cut e ah meva ri
39,1,0,29,cumatz,cucumatz,Q'UKUMATZ_KQCINCO,85.71428571428572,bal tohil tzatz chi cumatz tzatz
39,1,0,47,ronohel,conohel,RAJAWAL_XIB'ALB'A,85.71428571428572,quinaha ronohel chuti amac
39,2,0,31,ronohel,conohel,RAJAWAL_XIB'ALB'A,85.71428571428572,vi ronohel vcabauil amac tz
40,1,2,13,chi qui,chiquic,KIK',85.71428571428572,vabal chi qui qux mi xtam
40,1,2,40,vchaba,vchabaha,UCH'AB'AJA,85.71428571428572,quinaha ruq tuhalha vchaba
40,1,2,41,quibaha,quinaha,AJTZ'IKINA_JA,85.71428571428572,ha quibaha ah batena ruq ya
40,1,2,44,ronohel,conohel,RAJAWAL_XIB'ALB'A,85.71428571428572,xahun xzaquir vi ronohel a
40,2,0,10,chiquih,chiquic,KIK',85.71428571428572,tzih are chiquih ri cavachinic
40,2,0,13,cavitz,hacavitz,JAQAWITZ_JUYUB',85.71428571428572,cavitz ruq v cabavilal coh ba
40,2,0,17,ronohel,conohel,RAJAWAL_XIB'ALB'A,85.71428571428572,mah abah xuxic ronohel ma
40,2,0,28,quia vinac,yaqui vinac,YAKI,85.71428571428572,ta quia vinac chiqui qoheic
40,2,0,43,ronohel,conohel,RAJAWAL_XIB'ALB'A,85.71428571428572,ronohel xecah chiri cut xti
40,2,0,44,carvi quibix,cavi quib,KAWEQ,85.71428571428572,carvi quibix camucu vbi xqui
41,1,0,4,qui vinac,quiche vinac,TINAMIT_K'ICHE',85.71428571428572,qui vinac xavi xere tohil vbi vca
41,1,0,18,cavitz,hacavitz,JAQAWITZ_JUYUB',85.71428571428572,cavitz xavi quehe caquiban ri
41,1,0,23,hun vbi,hun bit,B'ITOL,85.71428571428572,xavi xere tohil xa hun vbi vbi
41,1,0,34,cha ha,chaim ha,CHAYIM_JA,85.71428571428572,malcan vbi vcabauil xacu cha ha
41,2,0,4,cavitz,hacavitz,JAQAWITZ_JUYUB',85.71428571428572,cavitz areqochic pa ec pa tzi
41,2,1,18,quinaoh,quinaha,AJTZ'IKINA_JA,85.71428571428572,ual chic tax ya vloc quinaoh rie ah
41,2,1,28,qui chi,qui che,TINAMIT_K'ICHE',85.71428571428572,qui chi qui qoheic quehe cu maui
41,2,1,28,chi qui,chiquic,KIK',85.71428571428572,qui chi qui qoheic quehe cu maui
41,2,1,46,caholal,caholab,KA'IB'_K'AJOLAB',85.71428571428572,hacavitz caholal vach chiquiva
42,1,0,13,chi qui,chiquic,KIK',85.71428571428572,chuvachri cu queh chi qui cat q'ol
42,1,0,13,qui cat,qui cab,K'IKAB'_KQSIETE,85.71428571428572,chuvachri cu queh chi qui cat q'ol
42,1,0,26,chiquib,chiquic,KIK',85.71428571428572,zoh vi qui cuchun chiquib ri hu
42,1,0,31,chiquil,chiquic,KIK',85.71428571428572,e qo vi are cut ta chiquil ria
42,1,0,36,chiquil,chiquic,KIK',85.71428571428572,balam chiquibano ta chiquil ri a
42,1,0,38,balam que,balam quitze,B'ALAM_KI'TZE',85.71428571428572,xapu yac ri xa coh xa balam que
42,1,0,40,ronohel,conohel,RAJAWAL_XIB'ALB'A,85.71428571428572,chuqux ri ronohel amac xa cu
42,2,0,7,cavitz,hacavitz,JAQAWITZ_JUYUB',85.71428571428572,cavitz xeqha cut chi qui qux are
42,2,0,10,cachuc,ca chuch,IXKIK',85.71428571428572,xa caziza caxiquin cachuc ca
42,2,0,18,qui qui,qi quin,TZ'IKIN,85.71428571428572,cabauil xquivacuh ri qui qui
42,2,0,22,quevlic,quevaic,WA,85.71428571428572,holab ta quevlic xequi cot chic
42,2,0,30,qui hab,qui cab,K'IKAB'_KQSIETE,85.71428571428572,qui hab rib ri quic xuxic vyaon
42,2,2,44,balam cacan,balam acab,B'ALAM_AQ'AB',85.71428571428572,balam cacan ta chiquibano ma
42,2,2,45,chi qui,chiquic,KIK',85.71428571428572,vi chi qui cut quib tzattz chi amac
43,1,1,44,ronohel,conohel,RAJAWAL_XIB'ALB'A,85.71428571428572,xeqha ronohel vi ahquixb ahcahb
43,1,1,46,conohel mahabi,conohel ahauab,RAJAWAL_XIB'ALB'A,85.71428571428572,toc pu quib conohel mahabi hu
43,2,0,7,chic vinac,ahzic vinac,AJTZIK_WINAQ,85.71428571428572,chic vinac cumal vve coh qui
43,2,0,13,quia vinac,yaqui vinac,YAKI,85.71428571428572,pa oh quia vinac chica coheic a
43,2,0,24,quech xe,queche,TINAMIT_K'ICHE',85.71428571428572,la cut chica chacbeh quech xe
43,2,0,26,qalolab,qaholab,KA'IB'_K'AJOLAB',85.71428571428572,quech chuxic rumal ri e qalolab
43,2,0,26,qalolab,qaholab,MOTZ,85.71428571428572,quech chuxic rumal ri e qalolab
43,2,0,41,quix ch,qui che,TINAMIT_K'ICHE',85.71428571428572,rain qui qux chive quix ch o
44,1,0,9,hun ca,hun came,JUN_KAME',85.71428571428572,are qui bi va xtah vbi hun ca
44,1,1,25,chuchi ya xa,chuchi ya,CHI_RATINIB'AL_TOJIL,85.71428571428572,chila chuchi ya xa cu zcaquin
44,2,0,13,balam qui,balam quitze,B'ALAM_KI'TZE',85.71428571428572,chique xevqhax cut balam qui
44,2,1,32,chi qui,chiquic,KIK',85.71428571428572,qui xqha chique chi qui cuuh cu
44,2,1,38,vca qui,ca quic,KIK',85.71428571428572,xil qui vach xequel vca qui
44,2,1,45,xquina,mixquina,MIXKINA,85.71428571428572,macunic xquina ri ahauab ta
45,1,0,4,chiquih,chiquic,KIK',85.71428571428572,coh chiquih macuhabi xuban ri
45,1,0,8,na ahau,in ahau,WUQUB'_KAQIX,85.71428571428572,na ahau chupan xavi cazolouic
45,1,0,8,na ahau,at ahau,JUN_KAME'_WUQUB'_KAME',85.71428571428572,na ahau chupan xavi cazolouic
45,1,0,8,na ahau,at ahau,JUN_KAME'_WUQUB'_KAME,85.71428571428572,na ahau chupan xavi cazolouic
45,1,0,18,chibal,chahibal,CHAAJ,85.71428571428572,chibal chupan q'al vtzib mahu
45,1,0,25,quicha,quichaah,CHAAJ,85.71428571428572,ta xeyahic quicha catahic chi
45,1,0,25,quicha,quicahau,JUN_JUNAJPU,85.71428571428572,ta xeyahic quicha catahic chi
45,1,0,25,quicha,quicahau,XA_Q'ANA_JAL,85.71428571428572,ta xeyahic quicha catahic chi
45,1,0,25,catahic,chaahic,CHAAJ,85.71428571428572,ta xeyahic quicha catahic chi
45,1,0,26,ronohel,conohel,RAJAWAL_XIB'ALB'A,85.71428571428572,curi ronohel amac rumal tohil
45,1,0,28,chiquih,chiquic,KIK',85.71428571428572,hil chiquih xtah xpuch eta
45,1,0,34,ronohel,conohel,RAJAWAL_XIB'ALB'A,85.71428571428572,tah ta xenaohin chicut ronohel
45,1,0,45,amac eca,mac ec,MAK_EK',85.71428571428572,molotahic ronohel amac eca
45,2,0,4,quia vinac,yaqui vinac,YAKI,85.71428571428572,huyub maui eta quia vinac ma
45,2,1,28,catahic,chaahic,CHAAJ,85.71428571428572,cate cut xeya catahic ronohel
45,2,1,28,ronohel,conohel,RAJAWAL_XIB'ALB'A,85.71428571428572,cate cut xeya catahic ronohel
45,2,1,36,xquina,mixquina,MIXKINA,85.71428571428572,vi pabe mahabi chic xquina
45,2,1,40,chi qui,chiquic,KIK',85.71428571428572,chi ta xquir cur i puvac chi qui
46,1,0,11,chiquil,chiquic,KIK',85.71428571428572,re chiquil vvach ri ca puvac
46,2,0,9,ronohel,conohel,RAJAWAL_XIB'ALB'A,85.71428571428572,amac quequicot cut ronohel a
46,2,1,22,ronohel,conohel,RAJAWAL_XIB'ALB'A,85.71428571428572,ronohel ah labal e camizanel
46,2,1,26,qui chi,qui che,TINAMIT_K'ICHE',85.71428571428572,cob chiquicozih qui chi quelulu
46,2,1,43,chi qui,chiquic,KIK',85.71428571428572,ta catoh puch chi qui tzam chi
46,2,1,46,quimaha,quinaha,AJTZ'IKINA_JA,85.71428571428572,xchibe quimaha ronohel qo vi
47,1,0,9,xquicoh,xquicot,IXOQ_AJAWAB',85.71428571428572,chi icah xa bolah che xquicoh chic
47,1,0,11,xoquil,rixoquil,CHIMALMAT,85.71428571428572,xoquil e camizanel xaui cu xe
47,1,0,11,xoquil,rixoquil,IXB'AQIYALO,85.71428571428572,xoquil e camizanel xaui cu xe
47,1,0,13,ronohel,conohel,RAJAWAL_XIB'ALB'A,85.71428571428572,chi cacan ronohel amac are xqui
47,1,0,17,chi qui,chiquic,KIK',85.71428571428572,xquitzaih chi qui qux xa cu chi
47,1,0,21,ronohel,conohel,RAJAWAL_XIB'ALB'A,85.71428571428572,cotahic ronohel amac xa cu xe
47,1,0,28,ronohel,conohel,RAJAWAL_XIB'ALB'A,85.71428571428572,vchacatahic ronohel amac ri
47,1,0,35,ronohel,conohel,RAJAWAL_XIB'ALB'A,85.71428571428572,ta xquichaco ronohel amac chi
47,1,0,38,ronohel,conohel,RAJAWAL_XIB'ALB'A,85.71428571428572,na amac ronohel amac cate cut
47,1,0,44,balam qui,balam quitze,B'ALAM_KI'TZE',85.71428571428572,iqui balam qui bi
47,2,0,5,al vqahol,vmial vqahol,KA'IB'_K'AJOLAB',85.71428571428572,vbi vcab al vqahol balam quitze
47,2,0,7,cu caib,co caib,K'OKA'IB_KQDOS,85.71428571428572,cu caib chic xuqaholah balam
47,2,0,7,caib chic,qocavib chic,K'OQAWIB_KQDOS,85.71428571428572,cu caib chic xuqaholah balam
47,2,0,12,qaholah,qaholab,KA'IB'_K'AJOLAB',85.71428571428572,qaholah mahucutah qoahau
47,2,0,12,qaholah,qaholab,MOTZ,85.71428571428572,qaholah mahucutah qoahau
47,2,0,14,balam qui,balam quitze,B'ALAM_KI'TZE',85.71428571428572,bi vqahol ri iqui balam qui tzih
47,2,0,23,zaquil,zaquihal,JAL,85.71428571428572,zaquil tzih zaquil pixab capixab
47,2,0,28,cahaual,rahaual,RAJAWAL_XIB'ALB'A,85.71428571428572,cholan chic cahaual queh leman chicah
47,2,0,28,cahaual,rahaual,NAKXIT,85.71428571428572,cholan chic cahaual queh leman chicah
48,1,0,5,qui cahau xa,qui cahau,JUNAJPU,85.71428571428572,are natabal rech qui cahau xa
48,1,0,5,qui cahau xa,qui cahau,JUN_JUNAJPU,85.71428571428572,are natabal rech qui cahau xa
48,1,0,7,quicahau,icahau,K'AJOLOM,85.71428571428572,ba bal rech quicahau xehuzu
48,1,0,14,cavib qui bi,cavi quib,KAWEQ,85.71428571428572,caib qo cavib qui bi quehecut
48,1,0,16,ca cahau,acahau,KUCHUMA_KIK',85.71428571428572,camam ca cahau tax ezachic tax
48,1,0,29,qui cahau ya,qui cahau,JUNAJPU,85.71428571428572,canoc rumal qui cahau ya re
48,1,0,29,qui cahau ya,qui cahau,JUN_JUNAJPU,85.71428571428572,canoc rumal qui cahau ya re
48,2,0,18,bi ahau,in ahau,WUQUB'_KAQIX,85.71428571428572,bi ahau va rahaual ahrele
48,2,0,18,ahau va,aha vab,RAJAWAL_XIB'ALB'A,85.71428571428572,bi ahau va rahaual ahrele
48,2,0,18,ahau va,ahau ab,JUN_KAME'_WUQUB'_KAME,85.71428571428572,bi ahau va rahaual ahrele
48,2,1,24,ronohel,conohel,RAJAWAL_XIB'ALB'A,85.71428571428572,ronohel vvachinel ta xpetic re
48,2,2,44,co caib,cocauib,K'OQAWIB_KQDOS,85.71428571428572,co caib coacutec cahau xaui
49,1,0,17,e nabe cachuch,e canabe chuch,IXOQ_AJAWAB',85.71428571428572,xechihomanic e nabe cachuch
49,1,0,23,chiquix,chiquic,KIK',85.71428571428572,huntinamit chiquix vbi naht
49,1,0,36,chiquix,chiquic,KIK',85.71428571428572,vbi e chiquix chiq u chac hu
49,1,0,36,u chac,qui chac,KA'IB'_K'AJOLAB',85.71428571428572,vbi e chiquix chiq u chac hu
49,1,0,45,hun hu,hun ahpu,JUNAJPU,85.71428571428572,chiri chuvi hun hu tinamit ma
49,1,0,45,hun hu,hun ahpu,JUN_JUNAJPU,85.71428571428572,chiri chuvi hun hu tinamit ma
49,1,0,45,hun hu,hun ahau,JUN_KAME'_WUQUB'_KAME,85.71428571428572,chiri chuvi hun hu tinamit ma
49,1,0,45,hun hu,hun ahau,ISTAYUL_KQCUATRO,85.71428571428572,chiri chuvi hun hu tinamit ma
49,2,1,14,ahauar,ahauarem,NAKXIT,85.71428571428572,ha xe ahauar chiri chiizmachi
49,2,1,31,ca chu,ca chuch,IXKIK',85.71428571428572,q'aq'vachinic xquibano ca chu
49,2,1,31,ca chu,ca cahau,XA_Q'ANA_JAL,85.71428571428572,q'aq'vachinic xquibano ca chu
49,2,1,41,ri ahau,in ahau,WUQUB'_KAQIX,85.71428571428572,oc ri ahau cotuhu xacu hun
49,2,1,42,cuquib,cauiquib,KAWEQ,85.71428571428572,ahau xrah cuquib areri a
50,1,0,32,quixic,quic xic,KIK'_RE,85.71428571428572,rixnimarvi v quixic cabauil
50,1,0,36,che vinac,quiche vinac,TINAMIT_K'ICHE',85.71428571428572,che vinac xquipuzu xquicami
50,1,0,38,ri ahau,in ahau,WUQUB'_KAQIX,85.71428571428572,ual ri ahau cotuha aha zta
50,2,0,10,quib cuculel,qui culel,IXOQ_AJAWAB',85.71428571428572,ticpan quib cuculel quib oh ca
50,2,1,21,cucumatz,cumatz,KUMATZ,85.71428571428572,cucumatz ruq puchronohel aha
50,2,1,21,cucumatz,cumatz,SAQIKAS,85.71428571428572,cucumatz ruq puchronohel aha
50,2,1,31,quiniha,quinaha,AJTZ'IKINA_JA,85.71428571428572,hih chic quiniha xemoloxic xe
50,2,1,34,chiquib,chiquic,KIK',85.71428571428572,chiquib chuvi rahil canab ra
50,2,1,44,quevlic,quevaic,WA,85.71428571428572,xoheroc quevlic conohel chiri
51,1,0,4,hu tac,hun tzac,TZ'AQOL,85.71428571428572,chatzox qui vach hu tac vi chi
51,1,0,16,riahauab,ahauab,JUN_KAME'_WUQUB'_KAME,85.71428571428572,cabih quibi riahauab chuhu
51,1,0,16,riahauab,ahauab,XA_Q'ANA_JAL,85.71428571428572,cabih quibi riahauab chuhu
51,1,1,24,cam ha,chaim ha,CHAYIM_JA,85.71428571428572,tzalatz vchuch cam ha
51,1,3,31,va ahau,v cahau,KUCHUMA_KIK',85.71428571428572,u va ahau ealel ahau ahtzic vi
51,1,3,31,va ahau,at ahau,JUN_KAME'_WUQUB'_KAME',85.71428571428572,u va ahau ealel ahau ahtzic vi
51,1,3,31,va ahau,at ahau,JUN_KAME'_WUQUB'_KAME,85.71428571428572,u va ahau ealel ahau ahtzic vi
51,1,3,31,ahtzic vi,ahtzic vinac,AJTZIK_WINAQ,85.71428571428572,u va ahau ealel ahau ahtzic vi
51,1,4,38,quiche va,quiche vinac,TINAMIT_K'ICHE',85.71428571428572,a re chicut ahau quiche va
51,1,5,46,zaquic,zaquicaz,SAQIKAS,85.71428571428572,zaquic xahun chi nim ha ecaib
51,1,5,46,nim ha,nim ahau,NAKXIT,85.71428571428572,zaquic xahun chi nim ha ecaib
51,2,0,35,cucumatz,cumatz,KUMATZ,85.71428571428572,q'aq'aric ri ahau cucumatz a
51,2,0,35,cucumatz,cumatz,SAQIKAS,85.71428571428572,q'aq'aric ri ahau cucumatz a
51,2,0,35,ri ahau,in ahau,WUQUB'_KAQIX,85.71428571428572,q'aq'aric ri ahau cucumatz a
51,2,0,37,cucumatz,cumatz,KUMATZ,85.71428571428572,hau ri cucumatz xuxic hu vvc
51,2,0,37,cucumatz,cumatz,SAQIKAS,85.71428571428572,hau ri cucumatz xuxic hu vvc
51,2,0,41,cumatz,cucumatz,Q'UKUMATZ_KQCINCO,85.71428571428572,matzil quitzih chi cumatz chuxic
52,1,0,7,cucumatz,cumatz,KUMATZ,85.71428571428572,cucumatz retal nimal xmaza
52,1,0,7,cucumatz,cumatz,SAQIKAS,85.71428571428572,cucumatz retal nimal xmaza
52,1,0,8,vqahol chu,vqahol ahau,KA'IB'_K'AJOLAB',85.71428571428572,chel vvach vmam vqahol chu
52,1,0,15,cucumatz,cumatz,KUMATZ,85.71428571428572,hau rinaual ahau cucumatz
52,1,0,15,cucumatz,cumatz,SAQIKAS,85.71428571428572,hau rinaual ahau cucumatz
52,1,1,26,caib chinimac,cahib chi nimha,KAJIB'_UNIM_JA,85.71428571428572,le ahau e caib chinimac aha
52,2,0,16,ronohel,conohel,RAJAWAL_XIB'ALB'A,85.71428571428572,lah vacamic caril ronohel vinac
53,1,0,12,cabaha,vchabaha,UCH'AB'AJA,85.71428571428572,xayabah ah zac cabaha ah ziyaha
53,1,0,24,bi ahau,in ahau,WUQUB'_KAQIX,85.71428571428572,bi ahau ri xetacouic xezama
53,1,0,25,cal qui,ca quic,KIK',85.71428571428572,helan puch taxebec cal qui qa
53,1,0,29,ah tzic,ah tzac,TZ'AQOL,85.71428571428572,cauizimah ealel ah tzic vina x
53,1,0,35,quicanab,quicab,K'IKAB'_KQSIETE,85.71428571428572,tachul qui ya quicanab qui tele
53,1,0,36,ronohel,conohel,RAJAWAL_XIB'ALB'A,85.71428571428572,che ronohel catecut ta xcuch
53,1,0,37,naoh cumal ahauab,vinac cumal ahauab,XA_Q'ANA_JAL,85.71428571428572,naoh cumal ahauab ahpop ahpop
53,1,0,38,camha ealel,ahau ealel,AJAW_Q'ALEL,85.71428571428572,camha ealel ahtzic vinac taxel
53,1,0,45,quinaoh,quinaha,AJTZ'IKINA_JA,85.71428571428572,nohel ahauab taxcam quinaoh
53,2,2,15,ah tzic,ah tzac,TZ'AQOL,85.71428571428572,lel ah tzic vinac xoc queealem ro
53,2,2,17,zaquic,zaquicaz,SAQIKAS,85.71428571428572,chocoh ealel ahau ealel zaquic v
53,2,2,17,ahau ealel,ahau q'alel,AJAW_Q'ALEL,85.71428571428572,chocoh ealel ahau ealel zaquic v
53,2,2,23,che vinac,quiche vinac,TINAMIT_K'ICHE',85.71428571428572,che vinac ilol rech taol rech v
54,1,0,6,cucumatz,cumatz,KUMATZ,85.71428571428572,ual ahau ri cucumatz cotuha na
54,1,0,6,cucumatz,cumatz,SAQIKAS,85.71428571428572,ual ahau ri cucumatz cotuha na
54,1,0,10,ronohel,conohel,RAJAWAL_XIB'ALB'A,85.71428571428572,chiquivach ronohel chiquilo vve
54,1,0,14,e ahauab,ahauab,RAJAWAL_XIB'ALB'A,85.71428571428572,naxa quehe e ahauab nimqui qo
54,1,0,14,e ahauab,ahauab,JUN_KAME'_WUQUB'_KAME,85.71428571428572,naxa quehe e ahauab nimqui qo
54,1,0,14,e ahauab,ahauab,XA_Q'ANA_JAL,85.71428571428572,naxa quehe e ahauab nimqui qo
54,1,0,31,e ahauab,ahauab,RAJAWAL_XIB'ALB'A,85.71428571428572,heic e ahauab ruq cut mahabi
54,1,0,31,e ahauab,ahauab,JUN_KAME'_WUQUB'_KAME,85.71428571428572,heic e ahauab ruq cut mahabi
54,1,0,31,e ahauab,ahauab,XA_Q'ANA_JAL,85.71428571428572,heic e ahauab ruq cut mahabi
54,2,0,13,chiquih,chiquic,KIK',85.71428571428572,ta habi pac toxcom chiquih chi
54,2,0,24,riahauab,ahauab,JUN_KAME'_WUQUB'_KAME,85.71428571428572,hecut riahauab ta quemeva
54,2,0,24,riahauab,ahauab,XA_Q'ANA_JAL,85.71428571428572,hecut riahauab ta quemeva
54,2,0,28,cal qui,ca quic,KIK',85.71428571428572,chuvi cal qui qahol chui puch
54,2,0,29,ronohel,conohel,RAJAWAL_XIB'ALB'A,85.71428571428572,ronohel ixoc alcual taxqui
54,2,0,33,camha ealel,ahau ealel,AJAW_Q'ALEL,85.71428571428572,ahpop ahpop camha ealel ah
54,2,0,41,vchabaha,chaaha,CHAAJ,85.71428571428572,q ' iquinaha tuhalaha vchabaha
54,2,0,41,q ' iquinaha,q ' iquin,TZ'IKIN,85.71428571428572,q ' iquinaha tuhalaha vchabaha
54,2,0,45,xquicac,quichac,KA'IB'_K'AJOLAB',85.71428571428572,mana xa xquicac cochih tzucul
55,1,0,10,cucumatz,cumatz,KUMATZ,85.71428571428572,ual ahauab cucumatz cotuh chu
55,1,0,10,cucumatz,cumatz,SAQIKAS,85.71428571428572,ual ahauab cucumatz cotuh chu
55,1,0,10,ual ahauab,alac ahauab,RAJAWAL_XIB'ALB'A,85.71428571428572,ual ahauab cucumatz cotuh chu
55,1,0,10,ual ahauab,mial ahauab,IXTAJ_IXPUCH',85.71428571428572,ual ahauab cucumatz cotuh chu
55,1,0,19,cucumatz,cumatz,KUMATZ,85.71428571428572,ca cucumatz vxenimal chi aha
55,1,0,19,cucumatz,cumatz,SAQIKAS,85.71428571428572,ca cucumatz vxenimal chi aha
55,1,1,26,ronohel,conohel,RAJAWAL_XIB'ALB'A,85.71428571428572,uarem chi ronohel quizaquiri
55,1,1,29,ca cahau,acahau,KUCHUMA_KIK',85.71428571428572,mam nabe ca cahau ta xvachin
55,1,1,33,choquic,chiquic,KIK',85.71428571428572,chi roquic ahauab ta choquic ta
55,1,1,38,ahauabva,ahauab,RAJAWAL_XIB'ALB'A,85.71428571428572,chuhuhunal ahauabva
55,1,1,38,ahauabva,ahauab,JUN_KAME'_WUQUB'_KAME,85.71428571428572,chuhuhunal ahauabva
55,1,1,38,ahauabva,ahauab,XA_Q'ANA_JAL,85.71428571428572,chuhuhunal ahauabva
55,1,3,43,cocauib,co caib,K'OKA'IB_KQDOS,85.71428571428572,cocauib vcale chic balam quitze
55,2,3,5,vahxac le,vahxac culel,AJAL_Q'ANA,85.71428571428572,t epepul xtayub v vahxac le
55,2,4,6,vbeleh le,vbeleh culel,CH'AMIYA_BAQ,85.71428571428572,t ecum tepepul vbeleh le
55,2,8,17,qaholan,qaholab,KA'IB'_K'AJOLAB',85.71428571428572,qaholan eanoc roxlahu lea
55,2,8,17,qaholan,qaholab,MOTZ,85.71428571428572,qaholan eanoc roxlahu lea
55,2,9,20,eqahola,qaholab,KA'IB'_K'AJOLAB',85.71428571428572,cablahu le ahauab eqahola
55,2,9,20,eqahola,qaholab,MOTZ,85.71428571428572,cablahu le ahauab eqahola
55,2,10,23,ri ahau,in ahau,WUQUB'_KAQIX,85.71428571428572,ri ahau ahpop ahpop camba chu
55,2,10,29,uiquib,cauiquib,KAWEQ,85.71428571428572,uiquib beleheb vnimha va tac
55,2,15,37,cucumatz,cumatz,KUMATZ,85.71428571428572,a hau ah cucumatz hun vnimha
55,2,15,37,cucumatz,cumatz,SAQIKAS,85.71428571428572,a hau ah cucumatz hun vnimha
56,1,7,11,z tayul,iztayul,ISTAYUL_KQCUATRO,85.71428571428572,z tayul chicut v vcle ahau
56,1,14,23,ri ahau,in ahau,WUQUB'_KAQIX,85.71428571428572,elenac chirih ri ahau q'alel are
56,1,16,25,ah tzic,ah tzac,TZ'AQOL,85.71428571428572,a hau ah tzic vinac hun vnim ha
56,1,24,33,nim ha,nim ahau,NAKXIT,85.71428571428572,a recut nim ha ri chuvach ni
56,1,24,34,haibab,nihaibab,NIJA'IB,85.71428571428572,haibab are vbinaam vi beleheb
56,2,10,24,e vchuch,vchuch,ALOM,85.71428571428572,chocohib e alanel e vchuch tzih
56,2,10,24,e vchuch,vchuch,IXMUKANE,85.71428571428572,chocohib e alanel e vchuch tzih
56,2,11,32,quicheri,quiche,OXIB_RI_NIM_JA,85.71428571428572,qoheic quicheri rumal mahabi
56,2,11,34,mal ahauab,alac ahauab,RAJAWAL_XIB'ALB'A,85.71428571428572,mal ahauab zachinac chic xere
51,2,0,3,naipuch chi nimha,cahib naipuch chi nimha,KAJIB'_UNIM_JA,85.0,naipuch chi nimha xuxuxic ta
