chunk_num,chutzinik,xna'ojix,xukut,mata,iwumal,kojcha',uk'utb'al,jarub',chiwil,xkikob'isaj,xare,kipatan,kaweq,kipam,chik'ama',q'ol,usachik,amaq'el,wal,chikiya',xtikar,ke'ulik,uxe'najik,xepixab'an,wila,xe'ik'owik,xtikarik,qajuyub'al,ib'i',chuwa,q'alel,xe'ik'ow,lal,chiwinaqir,iwati't,q'apoj,puj,uq'ab',kikamik,ajtzik',rixoqil,nuwach,upa,xub'an,kichaq',wub',sipakna,ixim,kaqan,saqil,jumaj,koj,xril,ukik'el,xya',xkita'o,utiw,aq'ab'al,aponoq,kiwa,xch'akataj,sis,kib'ix,kiwachib'al,aq,kuk'a'm,nimaq,xkiya',mixutzinik,xekel,istayul,chib'ek,chuch,kekikotik,kal,choq',mixb'isonik,karaj,ra'il,xkikoj,chuwi',chuchax,kikajaw,kab'an,loq,ral,kaq,kichi',mama',ik',b'elejeb',q'ana,kamik,xpetik,toqob',kaminaq,b'anol,nimal,ox,kanajoq,kakib'ano,rismal,kepetoq,xub'ij,xojpe,keb'e,aq'aroq,k'im,chupan,quk',ilol,chiqab'ij,kojkamik,utzijel,uwi',uk'amik,iwach,uq'ij,chik'am,unimal,xkina',umam,xpiyakok,ajam,chajal,ajlab'al,xub'ina'j,k'ux,xepetik,alom,k'ajolom,qamam,tzuqul,k'ool,xkaj,kikab'awil,tzel,achij,kitinamit,keje,kikab'ichal,recha',k'otuja,nija'ib'ab',xe'ulik,qachuch,ch'ob',iwech,ub'ixik,xkitaq,kiq'aq'al,xil,chel,k'axtok',xkam,xucha'xik,kib'i,xoponik,xaqi,kak'ix,ajawarem,xe'oponik,kixoqil,itzel,anim,iwuk',kich'ab'al,xkikuch,xe'el,saqirik,utikarik,relik,chopon,kinawal,ka,kej,kati't,poy,chikib'ano,puwaq,xsaqirik,utzilaj,uqajaw,kawiqib',lab'al,b'aq,tulan,ajpop,qati't,b'atz',chowen,q'amja,q'aq'chekeleb',naj,xuk'am,ub'i,xch'aw,xech'akataj,ch'ipi,jom,q'equmal,k'axk'ol,jujunal,qatzij,kiq'ab',chib'e,xech'awik,jolom,xkilo,ukoq,kijujunal,xax,qak'ux,kiq'ij,kib'anoj,xkitik'ib'a,rax,chinamit,ub'aq,xb'ek,tz'ikin,usamajel,k'olik,juraqan,xkanaj,xk'is,ukaj,iwib',chuchi',aq'anoq,xwinaqir,ub'ik,utukel,ati't,ujolom,b'it,aj,k'echelaj,kaqulja,xb'an,qech,iwe,xe',rab'inaleb',kij,ixoq,k'eche',k'amol,qaqajaw,jutaq,xk'am,jupa,xch'awik,k'a'm,tamub',b'itol,tz'aqol,releb'al,ojer,tinamit,kib'e,xkipixab'aj,tz'ikina,chawaxoq,ch'umil,kajawarem,chok,tepew,chiya',taqal,xe'ul,nima'q,xe'uxik,chipe,xmukane,cha',q'aq'al,wach,qib',xekamik,utzij,usaqirik,nawal,saqiroq,wech,junam,samajel,kochoch,xraj,rox,chuxe',kiqajaw,al,kixcha',chaaj,unab'e,uxe',kik'ajol,xekam,xek'oje,ilokab',k'ya,ya',q'ukumatz,xul,xkib'ij,xepe,ju,xopon,jusuk',je,saqi,rajawal,xuchax,xe,ki,raxa,juta,uk'ajol,ajk'ajb',ke'ucha'xik,xma,kich'akatajik,q'aq',tz'aq,xk'oje,kus,najt,xe'ok,kacha',rochoch,,apanoq,uk'oje'ik,kichuch,xkik'am,xkil,awilix,uchi',ula,mi,oxib',k'iche',q'alaj,a,qawach,ajk'ixb',k'ajol,chucha'xik,ajilan,siwan,kekikot,kik',kik'oje'ik,xe'uchax,tzij,tojil,on,kame,kab'awil,ja',kecha',cha,xel,ukab',raqan,k'ajolab',retal,kitzij,wakamik,kajib',in,xe'ucha'xik,xkib'an,lo,xe'opon,xqaj,waral,b'e,kuk',xb'e,jakawitz,qe,k'ute,chuxoq,sqaqi'n,lib'aj,kanoq,kaj,ik'i,kib'il,kitze',chuxik,xchiqab'ij,ab'aj,xeb'ek,xpe,saq,majukutaj,jujun,ajaw,at,xok,xkib'ano,chikop,xib'alb'a,apa,wuqub',uk'ux,chu,ajawab',ka'ib',wa'e,naki,upam,amaq',chi',b'alam,wa',chila',tzatz,ch'uti,q'ij,ix,k'a,che',xeb'e,aq'ab',oj,nay,nim,jusu,kina'oj,taq,kib'i',kech,wa,xcha',rij,xb'alanke,juyub',mana,rib',junajpu,we,ulew,xuxik,konojel,ja,ri',b'a,kib',chiri',kik'ux,kiwach,rech,ke,k'i,xere,la,nima,winaq,chuwi,ruk',taj,nab'e,ub'i',chuwach,b'i,utz,na,uloq,maja,uwach,qitzij,xawi,ronojel,re,jun,k'o,k'ate,xecha',pu,kumal,e,pa,k'eje,puch,mawi,ma,rumal,chik,are,wi,k'u,xa,ri,ta,k'ut,chi
0,0.0,0.0,0.08571390348459643,0.0,0.0,0.0,0.0,0.0,0.0,0.0,0.0,0.0,0.0,0.0,0.0,0.0,0.0,0.0,0.0,0.0,0.0,0.0,0.0,0.0,0.0,0.0,0.0,0.0,0.0,0.0,0.0,0.0,0.0,0.0,0.0,0.0,0.0,0.0,0.0,0.0,0.0,0.0,0.24964844990615775,0.0,0.0,0.0,0.0,0.0,0.0,0.24567196090347784,0.0,0.0,0.0,0.0,0.0,0.0,0.06814249630477218,0.15105623624580644,0.0,0.0,0.0,0.07552811812290322,0.0,0.0,0.07552811812290322,0.0,0.15105623624580644,0.0,0.0,0.0,0.0,0.0,0.0,0.0,0.0,0.0,0.0,0.0,0.0,0.0,0.0,0.0,0.0,0.15105623624580644,0.0,0.0,0.0,0.0,0.0,0.0,0.0,0.0,0.0,0.0,0.0,0.0,0.0,0.0,0.0,0.0,0.0,0.0,0.0,0.0,0.0,0.0,0.0,0.08015679797752691,0.0,0.0,0.08015679797752691,0.0,0.0,0.0,0.0,0.0,0.0,0.0,0.0,0.0,0.0,0.0,0.06241211247653944,0.0,0.0,0.0,0.0,0.0,0.0,0.09826878436139114,0.09826878436139114,0.0,0.06511366533758861,0.06511366533758861,0.0,0.0,0.05219527095533706,0.0,0.0,0.0,0.0,0.0,0.0,0.0,0.0,0.0,0.0,0.0,0.0,0.0,0.0,0.0,0.0,0.0,0.0,0.0,0.0,0.0,0.0,0.0,0.0,0.0,0.0,0.0,0.0,0.0,0.0,0.07552811812290322,0.0,0.0,0.0,0.0,0.0,0.0,0.0,0.0,0.0,0.0,0.0,0.0,0.0,0.0,0.05219527095533706,0.0,0.0,0.0,0.0,0.0,0.0,0.0,0.0,0.0,0.0,0.0,0.0,0.06241211247653944,0.06511366533758861,0.0,0.06511366533758861,0.0,0.13628499260954435,0.0,0.0,0.0,0.0,0.0,0.0,0.0,0.0,0.0,0.0,0.07157721884262176,0.0,0.0,0.0,0.0,0.0,0.0,0.0,0.0,0.029799999509217977,0.0,0.17993950266512346,0.0,0.0,0.0,0.17993950266512346,0.0,0.0,0.0,0.0,0.0,0.1858595485084173,0.0,0.0,0.0,0.0,0.0,0.1432684820999494,0.05997983422170782,0.0,0.0,0.06241211247653944,0.0,0.0,0.0,0.0,0.0,0.0,0.0,0.0,0.06511366533758861,0.0,0.050609988765280715,0.0,0.13575510924613557,0.13575510924613557,0.0,0.16171490440214523,0.03351863252925936,0.0,0.0,0.0,0.06814249630477218,0.0,0.0,0.0,0.25304994382640356,0.0,0.0,0.050609988765280715,0.0,0.0,0.0,0.0539049681340484,0.0,0.0,0.0,0.0,0.0,0.06241211247653944,0.0,0.0,0.06511366533758861,0.0,0.0,0.0,0.0,0.0,0.0539049681340484,0.0,0.0,0.05575688545575266,0.0,0.0,0.0,0.0376217149244526,0.0,0.0,0.0,0.0,0.0,0.0,0.25205691356186316,0.04104193153139936,0.0,0.0,0.0,0.0,0.0,0.0,0.0,0.0,0.0,0.0,0.0,0.0539049681340484,0.0,0.0,0.0,0.0,0.0,0.0,0.0,0.0,0.0,0.0,0.0,0.0,0.0,0.0,0.0,0.0,0.0,0.0,0.0,0.0,0.0,0.0,0.0,0.0,0.04303016458925474,0.11919999803687191,0.039249016357492096,0.05219527095533706,0.0,0.0,0.04525170308204519,0.18100681232818075,0.0,0.039249016357492096,0.0,0.0,0.04646488712710432,0.0,0.22054495876327243,0.0,0.0,0.0,0.034133735466897845,0.06954781302394543,0.0,0.04104193153139936,0.0,0.04913439218069557,0.07849803271498419,0.0,0.0,0.050609988765280715,0.0,0.0,0.0,0.0,0.04410899175265449,0.04775616069998313,0.0,0.0,0.14454552933535436,0.0,0.08401897118728771,0.0,0.0,0.0,0.04012307960425198,0.039249016357492096,0.0,0.0,0.0,0.24212356506982902,0.0,0.0,0.0,0.0,0.0,0.0384162631836786,0.0,0.034773906511972714,0.1504868596978104,0.0,0.0,0.0,0.0,0.0,0.0,0.028043612362897017,0.0,0.0,0.0,0.1306650535556416,0.0,0.0,0.0,0.10632250952634949,0.05202186681622217,0.025783236403148037,0.0,0.0,0.0,0.0,0.0,0.0,0.0,0.0,0.0,0.0,0.03268133446530205,0.0,0.02038633560478905,0.0,0.02417172641739047,0.018826681162537606,0.0,0.0384162631836786,0.0,0.02763820596456672,0.0,0.0,0.0,0.0,0.0,0.0,0.0,0.0,0.023466141105571665,0.0,0.05440551159390018,0.0,0.0,0.0,0.02933928990103192,0.0,0.034681244544148115,0.0,0.0,0.0,0.0674837457328146,0.0,0.0,0.0,0.0,0.0,0.03307215185496347,0.0,0.03322831069249113,0.04300866171300926,0.07389716531839725,0.03184855371383628,0.0,0.0467178641217676,0.0,0.0,0.0,0.017340622272074058,0.03139096391583588,0.0,0.0,0.06390447348026135,0.04096035715842172,0.029836190847564652,0.0755103739392868,0.0,0.008297034384729103,0.0,0.016476253298382874,0.047208879592388446,0.049351799201211265,0.012014301672754727,0.0684756709250332,0.009041654475106952,0.01902306411999076,0.03360307529088317,0.026545228323437094,0.01509495454043318,0.04230384070499312,0.00409478069751938,0.035996114993793085,0.017525886099608555,0.03441241867000536,0.011498627113589514,0.02014240844223559
1,0.0,0.0,0.0,0.08834887449025983,0.0,0.0,0.0,0.0,0.0,0.0,0.0,0.0,0.0,0.0,0.0,0.0,0.0,0.0,0.0,0.0,0.0,0.0,0.0,0.0,0.0,0.0,0.0,0.0,0.0,0.0,0.0,0.0,0.0,0.13423070966649453,0.0,0.0,0.0,0.0,0.0,0.0,0.0,0.0,0.0,0.0,0.0,0.0,0.0,0.0,0.0,0.0,0.0,0.12364740445061079,0.0,0.0,0.0,0.0,0.0,0.0,0.0,0.0,0.0,0.0,0.0,0.0,0.0,0.0,0.0,0.0,0.1556999263188396,0.0,0.0,0.0,0.0,0.0,0.0,0.0,0.0,0.0,0.0,0.0,0.0,0.0,0.0,0.0,0.0,0.0,0.0,0.0,0.0,0.0,0.0,0.0,0.0,0.0,0.0,0.0,0.0,0.0,0.0,0.0,0.0,0.0,0.0,0.0,0.0,0.0,0.0,0.08262093541604129,0.0,0.0,0.0,0.0,0.0,0.0,0.0,0.0,0.0,0.0,0.0,0.0,0.0,0.0,0.0,0.0,0.15649744196450413,0.0,0.0,0.0,0.0,0.25322427701053124,0.25322427701053124,0.0,0.0,0.0,0.0,0.0,0.0,0.0,0.0,0.0,0.0,0.0,0.0,0.0,0.0,0.0,0.0,0.0,0.0702372965030722,0.0,0.0,0.0,0.07377760744527392,0.0,0.0,0.0,0.0,0.0,0.0,0.0,0.0,0.0,0.0,0.0,0.0,0.0,0.0778499631594198,0.0,0.0,0.0,0.0,0.0,0.0,0.0778499631594198,0.0,0.2661178494530576,0.0,0.0,0.0,0.0,0.0,0.0,0.0,0.0,0.0,0.0,0.0,0.0,0.0,0.0,0.0,0.0,0.0,0.0,0.0,0.0,0.0,0.0,0.13423070966649453,0.0,0.0,0.0,0.0702372965030722,0.0,0.0,0.0,0.0702372965030722,0.0,0.0,0.0,0.07377760744527392,0.0,0.0,0.0,0.07377760744527392,0.0,0.0,0.0,0.0,0.0,0.3071609516562084,0.0,0.0,0.0,0.0,0.0,0.0,0.061823702225305394,0.0,0.0,0.19299225683448262,0.0,0.0,0.0,0.0,0.05379983007595598,0.0,0.052165813988168046,0.19689702026358974,0.0,0.0,0.0,0.0,0.0,0.0,0.0,0.0,0.0,0.0,0.13423070966649453,0.0,0.0,0.0,0.20866325595267218,0.0,0.13992842025160762,0.13992842025160762,0.0,0.0,0.0,0.0,0.0,0.0,0.0702372965030722,0.0,0.0,0.0,0.0,0.0,0.0,0.0,0.11112417170295723,0.0,0.0,0.0,0.0,0.0,0.0,0.0,0.0,0.0,0.0,0.0,0.06711535483324726,0.0,0.0,0.0,0.1012897108042125,0.0,0.0,0.0,0.0,0.0,0.049224255065897435,0.0,0.0,0.03877826157533616,0.0,0.0,0.05954883950022073,0.0,0.0,0.0,0.04330091874511594,0.0,0.0,0.0,0.0,0.0,0.17241280147683427,0.05747093382561142,0.0,0.0,0.0,0.0,0.0,0.11112417170295723,0.0,0.0,0.0,0.05747093382561142,0.0,0.0,0.0,0.04546496680025196,0.05064485540210625,0.0,0.0,0.0,0.047893285851044666,0.04664280675053587,0.0,0.0,0.0,0.0,0.0,0.0,0.0,0.0,0.0,0.047893285851044666,0.0,0.0,0.0,0.0,0.0,0.0,0.0,0.0,0.0,0.04045558863921517,0.0,0.0,0.0,0.07919447082490064,0.0,0.0,0.055562085851478614,0.0,0.0,0.17921453679416285,0.0,0.0,0.0,0.0,0.04045558863921517,0.0,0.0,0.052165813988168046,0.0,0.0,0.0,0.1654260874844325,0.0,0.0,0.0,0.0,0.037247267684152194,0.02768922596175441,0.0,0.0,0.0,0.0,0.0,0.0,0.0,0.04664280675053587,0.0,0.10398616595367947,0.0,0.09578657170208933,0.0,0.04330091874511594,0.0,0.0,0.0,0.0,0.0,0.0,0.0,0.0,0.09607248884839585,0.0,0.03799579890767257,0.028905714104460762,0.0,0.0,0.0,0.13468188878978124,0.03877826157533616,0.0,0.0,0.0,0.0,0.026575850875159214,0.0,0.03518305651767024,0.018808105511496774,0.0,0.0,0.0,0.04045558863921517,0.0,0.044330811002669494,0.0,0.050529009871217556,0.0,0.0,0.10630340350063686,0.024914800710793737,0.0,0.0,0.0,0.029781707863857025,0.0,0.0,0.03518305651767024,0.0,0.0,0.0,0.11324588852372124,0.0,0.030716095165620842,0.0,0.0,0.2056193947530279,0.028082544136179895,0.0,0.011300903530909914,0.0604824453378311,0.015683258936394943,0.035747396826322206,0.0,0.0,0.0,0.0,0.0,0.0,0.0,0.0,0.0190422181188911,0.03408883826976882,0.035747396826322206,0.0,0.06649621650400424,0.0380844362377822,0.0,0.0,0.0,0.04280463558452291,0.0391848822019319,0.0,0.0,0.03235596814963464,0.0,0.0,0.03952139438770304,0.028146359042874523,0.0,0.0,0.009850485052512434,0.04276048690452737,0.010885031181536848,0.050948272411493425,0.006951449962146048,0.050868945833039594,0.0743018334778146,0.02352690446647429,0.05591764910455225,0.01960786098907816,0.025977062302627262,0.027361267543766638,0.005186331854818135,0.05153238144831807,0.021103301285029654,0.044523225984616596,0.03793578079673677,0.04212098938538162,0.04029717999127999,0.02249175022918688
2,0.0,0.0,0.0,0.0,0.0,0.0,0.0,0.0,0.0,0.0,0.0,0.0,0.0,0.0,0.0,0.0,0.0,0.0,0.0,0.0,0.0,0.0,0.0,0.0,0.0,0.0,0.0,0.0,0.10660976980939614,0.0,0.0,0.0,0.0,0.0,0.0,0.0,0.0,0.0,0.0,0.0,0.0,0.0,0.0,0.0,0.0,0.0,0.0,0.16197495600778172,0.0,0.0,0.0,0.0,0.0,0.0,0.0,0.0,0.1695093922911798,0.0,0.0,0.0,0.0,0.09394083059893099,0.0,0.0,0.09394083059893099,0.0,0.0,0.0,0.09394083059893099,0.0,0.0,0.0,0.0,0.0,0.0,0.0,0.0,0.0,0.0,0.0,0.0,0.0,0.0,0.0,0.0,0.0,0.0,0.0,0.06934964436422955,0.0,0.0,0.0,0.0,0.0,0.0,0.0,0.0,0.0,0.0,0.0,0.0,0.0,0.0,0.0,0.0,0.0,0.0,0.0,0.0,0.0,0.0,0.0,0.0,0.0,0.0,0.0,0.0,0.0,0.09969791869971385,0.0,0.0,0.0,0.310509295409128,0.0,0.0,0.0,0.0,0.0,0.0,0.12222535731440354,0.12222535731440354,0.08098747800389086,0.2429624340116726,0.2429624340116726,0.0,0.0,0.06491975741937293,0.0,0.0,0.0,0.0,0.0,0.0,0.0,0.0,0.0,0.0,0.0,0.0847546961455899,0.0,0.0,0.0,0.08902675661924567,0.0,0.0,0.0,0.0,0.0,0.0,0.0,0.0,0.0,0.0,0.0,0.0,0.0,0.09394083059893099,0.0,0.0,0.0,0.0,0.0,0.0,0.0,0.0,0.0,0.0,0.06704625516660184,0.0,0.0,0.0,0.0,0.0,0.0,0.0,0.0,0.0,0.0,0.052250818208907784,0.0,0.0,0.0,0.0,0.0,0.0,0.0,0.0,0.08098747800389086,0.0,0.0,0.0,0.0,0.0,0.0847546961455899,0.0,0.0,0.0,0.0,0.08902675661924567,0.0,0.0,0.0,0.0,0.08902675661924567,0.0,0.0,0.0,0.0,0.0,0.0,0.0,0.0,0.0,0.07460208973834859,0.0,0.0,0.0,0.0,0.0,0.0,0.0,0.0,0.0,0.04095421517076204,0.04679336962703373,0.19475927225811882,0.0,0.06294800531739085,0.0,0.0,0.14920417947669717,0.0,0.0,0.0,0.0,0.0,0.0,0.0,0.0,0.0,0.0,0.08098747800389086,0.0,0.0,0.0,0.11256688711947288,0.11256688711947288,0.0,0.0,0.0,0.0,0.0,0.0,0.0847546961455899,0.0,0.0,0.0,0.06294800531739085,0.0,0.0,0.0,0.0,0.0,0.0,0.26818502066640737,0.0,0.0,0.0,0.0,0.0,0.0,0.05939845336901126,0.0,0.08098747800389086,0.08098747800389086,0.0,0.0,0.0,0.16458646495268253,0.0,0.0,0.0,0.0,0.0,0.0,0.0,0.0,0.0,0.0,0.0,0.0,0.0,0.0,0.052250818208907784,0.0,0.12983951483874587,0.0,0.05104738782409782,0.0,0.06934964436422955,0.0,0.0,0.0,0.0,0.0,0.13409251033320368,0.0,0.0,0.0,0.0,0.06934964436422955,0.0,0.0,0.0,0.10972430996845502,0.0,0.0,0.0,0.0,0.0,0.0,0.0,0.06294800531739085,0.0,0.0,0.0,0.0,0.0,0.05486215498422751,0.0,0.0,0.0,0.0,0.0,0.0,0.0,0.0,0.0,0.0,0.0,0.048817384683331085,0.0,0.0,0.0,0.0,0.05486215498422751,0.0,0.0,0.0,0.0,0.04325130483972297,0.0,0.20418955129639127,0.0,0.0,0.0,0.0,0.0,0.0,0.0,0.0,0.0,0.09980906496510428,0.0,0.05939845336901126,0.0,0.0,0.04494593345695882,0.0,0.0,0.0,0.0,0.15314216347229342,0.0,0.19526953873332434,0.0,0.0,0.0,0.0,0.0,0.057792385126065056,0.0,0.0,0.0,0.0,0.0,0.0,0.09358673925406746,0.0,0.0,0.0,0.0,0.0,0.04584917916206909,0.10464077368158833,0.0,0.0,0.0,0.0,0.0,0.0,0.0,0.0,0.0,0.0,0.0,0.0,0.0,0.0,0.0,0.0,0.048817384683331085,0.06097288892640161,0.0,0.04584917916206909,0.020324296308800536,0.0,0.0,0.0,0.0,0.023416366113506015,0.0,0.0,0.0,0.034376019012559045,0.08190843034152408,0.0,0.0,0.03388694630569867,0.0,0.0,0.0,0.0,0.058373724678852976,0.0,0.09022509894878332,0.0,0.0,0.0,0.03649180372799447,0.0,0.043136053163410716,0.016753065612700128,0.0,0.0,0.055956900852489964,0.027659631974206355,0.0,0.0,0.0,0.04595613700860678,0.08226937178266933,0.0,0.020664457048780824,0.08024036950769775,0.04595613700860678,0.0,0.055502764250138344,0.01936901147316334,0.01721731930285908,0.0,0.0,0.021568026581705358,0.058565471314062874,0.0,0.0,0.0,0.016981975581727888,0.022265905359120906,0.06708482902022904,0.023772978433925028,0.07223815774659038,0.06567433231759384,0.061478809156471324,0.025164751149861973,0.026307037074793784,0.04482966766237184,0.06624262877442386,0.07872119506520116,0.05915156131193045,0.031346280848351414,0.07263649472617639,0.012516597373478862,0.047833575484191676,0.02546515850027473,0.09849723592699339,0.023978300689955295,0.05350211406561854,0.03146403404475855,0.03966701177070421
3,0.0,0.10304087898872541,0.0,0.10304087898872541,0.32766972126016963,0.0,0.0,0.0,0.0,0.0,0.0,0.0,0.0,0.0,0.0,0.10304087898872541,0.0,0.10304087898872541,0.0,0.0,0.0,0.0,0.0,0.0,0.0,0.0,0.10304087898872541,0.0,0.0,0.0,0.0,0.0,0.0,0.0,0.0,0.0,0.0,0.0,0.0,0.0,0.0,0.0,0.0,0.0,0.0,0.0,0.0,0.1565526487022859,0.1340561625003324,0.0,0.0,0.0,0.0,0.0,0.0,0.0,0.0,0.0,0.0,0.0,0.0,0.0,0.0,0.0,0.0,0.0,0.0,0.0,0.0,0.0,0.0,0.0,0.0,0.0,0.0,0.0,0.0,0.0,0.0,0.0,0.0,0.0,0.09079604782142274,0.0,0.0,0.0,0.0,0.0,0.0670280812501662,0.0,0.0,0.0,0.0,0.0,0.0,0.0,0.0963604104439177,0.0,0.0,0.0,0.0,0.0,0.0,0.0,0.0,0.0,0.0,0.0,0.0,0.0,0.0,0.0,0.0,0.0,0.0,0.0,0.0,0.0,0.0,0.0,0.0,0.0,0.0750286554185638,0.33514040625083097,0.0,0.0,0.0,0.0,0.0,0.0,0.0,0.0,0.07827632435114296,0.07827632435114296,0.0,0.0,0.0,0.0670280812501662,0.0,0.0,0.0,0.0,0.0,0.0,0.0,0.0,0.0,0.0,0.0,0.0,0.0,0.0,0.0,0.0,0.0,0.0,0.0,0.0,0.0,0.0,0.0,0.0,0.0,0.0,0.0,0.0,0.0,0.0,0.0,0.09079604782142274,0.0,0.0,0.0,0.0,0.0,0.0,0.0,0.2592072031529756,0.0,0.0,0.0,0.0,0.0,0.0,0.0,0.0,0.0,0.0,0.0,0.0,0.0,0.0,0.0,0.0,0.0,0.0750286554185638,0.0,0.0,0.0,0.0,0.0,0.0,0.0,0.0,0.16383486063008482,0.0,0.08191743031504241,0.0,0.0,0.0,0.0,0.0,0.0,0.0,0.0,0.0,0.0,0.0,0.0,0.0,0.0,0.0,0.0,0.07210469467084155,0.0,0.0,0.0,0.0,0.0,0.0,0.0,0.0,0.0,0.03958322334841758,0.0,0.12549298024349437,0.0,0.0,0.0,0.0,0.1442093893416831,0.0,0.0,0.0,0.0,0.1340561625003324,0.0,0.0,0.0,0.0,0.0,0.0,0.1565526487022859,0.0,0.0,0.16319786190167018,0.16319786190167018,0.0,0.0,0.0,0.0,0.0,0.0,0.08191743031504241,0.0,0.0,0.0,0.060840744803101955,0.0670280812501662,0.0,0.0,0.0,0.1389030658344775,0.0,0.0648018007882439,0.0,0.0,0.0750286554185638,0.0,0.0,0.0,0.0,0.0,0.07827632435114296,0.0,0.0,0.0,0.0,0.05302557807691889,0.0,0.0,0.0,0.0,0.0,0.0,0.0,0.0,0.0,0.0,0.0,0.0,0.0,0.0,0.050501658954444494,0.0,0.12549298024349437,0.06274649012174718,0.0,0.0,0.0670280812501662,0.0,0.0,0.0,0.0,0.0,0.0,0.0,0.1296036015764878,0.0,0.0,0.0,0.0,0.0,0.0,0.0,0.0,0.0,0.0,0.0,0.0,0.0,0.038898639180568156,0.0,0.0,0.05906685791979441,0.0,0.0,0.0,0.05302557807691889,0.05585771522526856,0.0,0.0,0.0,0.0,0.0,0.06274649012174718,0.0,0.0,0.0,0.0,0.0,0.0,0.0,0.0,0.0,0.0,0.0,0.0,0.0,0.0,0.0,0.0,0.0,0.0,0.0,0.04718316376345684,0.0,0.0,0.0,0.04180341516600458,0.0,0.0,0.0,0.0,0.0,0.0,0.0,0.04344131404329904,0.0,0.0,0.0,0.0,0.049338514855416245,0.0,0.04718316376345684,0.0,0.0,0.0,0.12127857886538077,0.0,0.0,0.0,0.050501658954444494,0.0,0.04618207041078024,0.0,0.20901707583002288,0.0,0.0,0.0,0.0,0.1400611178508081,0.04718316376345684,0.0,0.06742519825645998,0.0,0.0,0.0,0.12566308544239163,0.0,0.0,0.0,0.0,0.020846010839385965,0.0,0.0,0.0,0.0,0.0,0.027041838002436744,0.03958322334841758,0.04718316376345684,0.09821957969847982,0.051702817476205865,0.0,0.13750741157787175,0.0,0.0,0.0,0.0,0.0,0.0,0.04618207041078024,0.0,0.0,0.07916644669683516,0.0,0.05389809425159626,0.0,0.0,0.0,0.03698940808550349,0.0,0.0,0.022003077341644903,0.08720470477657827,0.0,0.0,0.02636038183644604,0.03527019651894223,0.01829131152533333,0.0,0.01619223650491614,0.026733692383187978,0.1250760650363158,0.0,0.053467384766375955,0.0,0.026138728855395317,0.04730217720857682,0.06662654971621253,0.03975765259362446,0.0,0.0,0.051702817476205865,0.06662654971621253,0.05104894049902616,0.10728948434769449,0.07488244167136571,0.01664094874201471,0.02285057239524801,0.06945373561304122,0.04169202167877193,0.05660492141929523,0.0,0.0,0.030729078252286882,0.016413483436225274,0.0,0.0,0.011488574632471212,0.029922813496265677,0.0761709656565389,0.03961382117222919,0.024322330708060304,0.016950918154575043,0.04332894038662589,0.04573219768590155,0.07608590797131921,0.04573711307722649,0.06059385246617247,0.031911318329994345,0.04839035662930633,0.004623228876562354,0.024612681559549304,0.03894542262709583,0.02738934322142765,0.03102663970253033,0.027646124999097226,0.02219632721090526
4,0.0,0.0,0.0,0.0,0.0,0.0,0.0,0.0,0.0,0.0,0.0,0.0,0.0,0.0,0.0,0.0,0.0,0.1091372279041347,0.0,0.0,0.0,0.0,0.0,0.0,0.0,0.0,0.0,0.0,0.0,0.0,0.0,0.0,0.0,0.0,0.0,0.0,0.0,0.0,0.0,0.0,0.0,0.1589353574255234,0.0,0.0,0.0,0.0,0.0,0.0,0.0,0.1251230229718654,0.0,0.0,0.0,0.0,0.0,0.0,0.0,0.0,0.0,0.0,0.0,0.0,0.0,0.0,0.0,0.0,0.0,0.0,0.0,0.0,0.0,0.0,0.0,0.0,0.0,0.0,0.0,0.0,0.0,0.0,0.0,0.0,0.0,0.0,0.0,0.0,0.0,0.0735605892600117,0.0,0.35496877798260396,0.0,0.0,0.0,0.0,0.0,0.0,0.0,0.10206151363192963,0.0,0.0,0.0,0.0,0.0,0.0,0.0,0.0,0.0,0.0,0.0,0.0,0.0,0.0,0.0,0.0,0.0,0.0,0.0,0.10206151363192963,0.0,0.0,0.0,0.0,0.0,0.1419875111930416,0.0,0.0,0.0,0.0,0.0,0.0,0.0,0.0,0.0,0.0,0.0,0.0,0.0,0.0,0.0,0.2384030361382851,0.0,0.0,0.0,0.0,0.0,0.0,0.0,0.0,0.0,0.0,0.0,0.0,0.0,0.0,0.0,0.0,0.0,0.0,0.0,0.18678467776524893,0.0,0.0,0.0,0.09616793898822991,0.0,0.0,0.0,0.0,0.0,0.0,0.0,0.0,0.0,0.0,0.0,0.0,0.0,0.13727151729749412,0.0,0.1419875111930416,0.0,0.0,0.0,0.0,0.0,0.0,0.0,0.0,0.0,0.0,0.0,0.0,0.0,0.1589353574255234,0.0,0.0,0.08290749393882214,0.0,0.0,0.0,0.0,0.0,0.0,0.0,0.0,0.0,0.0,0.0,0.09113736427807395,0.0,0.0,0.0,0.0,0.0,0.0,0.0,0.09113736427807395,0.0,0.06863575864874706,0.0,0.0,0.0,0.0,0.0,0.0,0.0,0.0,0.0,0.0,0.0,0.0,0.0,0.0,0.0,0.0,0.19937654045102687,0.0,0.06444034927302955,0.0,0.0763707236630884,0.0,0.0,0.0,0.0,0.0,0.0,0.0,0.0,0.0,0.0,0.0,0.08290749393882214,0.0,0.0,0.0,0.0,0.0,0.0,0.0,0.0,0.0,0.0,0.0,0.0,0.0735605892600117,0.0,0.0,0.0,0.0,0.0709937555965208,0.0,0.0,0.0,0.0735605892600117,0.0,0.0763707236630884,0.0,0.0,0.0,0.0,0.0,0.0,0.05916250187861289,0.0,0.0,0.0,0.0,0.0,0.056162803113921404,0.0,0.0,0.0,0.0709937555965208,0.0,0.0,0.0,0.09580545299963483,0.0,0.0,0.0,0.0,0.0,0.0,0.0,0.0,0.0,0.0,0.05225759711168886,0.0,0.0,0.0,0.0,0.0,0.0,0.0,0.0,0.06863575864874706,0.0,0.0,0.0,0.0,0.0,0.0,0.1069791158022083,0.11232560622784281,0.0625615114859327,0.0,0.0,0.0,0.05916250187861289,0.0,0.082400105493566,0.0,0.0625615114859327,0.0,0.0,0.0,0.0,0.0,0.0,0.0,0.0,0.0,0.0,0.0,0.06645884681700895,0.0,0.05761778698134919,0.0,0.0,0.0,0.0,0.0,0.0,0.0,0.0,0.0,0.0,0.0,0.043461575257037956,0.0,0.0,0.05225759711168886,0.0,0.0625615114859327,0.0,0.04415870396678321,0.12150440776616295,0.0,0.08855337595950835,0.0,0.3084012160550457,0.0,0.0,0.0,0.0,0.0,0.046011492115836626,0.0,0.0,0.0,0.0,0.05225759711168886,0.0,0.14992417807656544,0.0,0.0,0.0,0.10276315987536482,0.0,0.0,0.0,0.0,0.05348955790110415,0.0978288072262584,0.0,0.0,0.09580545299963483,0.0,0.0,0.0,0.0,0.0,0.0,0.0,0.0,0.0,0.12086165208931884,0.033274465750053606,0.0,0.0,0.03469032330294232,0.04512587216223732,0.0,0.0,0.0,0.0,0.0,0.0,0.0,0.0,0.0,0.12483681536188236,0.0,0.04693615157761291,0.10403067946823528,0.0,0.0,0.0,0.06155442950571529,0.047943022291210745,0.0,0.0,0.0,0.0,0.0,0.043461575257037956,0.04281520587022524,0.0,0.02650805431319715,0.0,0.039177863192610685,0.1517741792527319,0.014939405894223445,0.02330487559884029,0.09236411638681358,0.0,0.026229733965312568,0.027919977278522738,0.03735693555304979,0.0,0.0,0.0,0.0,0.08831740793356642,0.0,0.08494612352818517,0.03156495221294428,0.08305563101401145,0.0,0.0,0.18247618631288234,0.08831740793356642,0.0,0.0,0.02352282256714858,0.04055191426101217,0.05681859966592793,0.019828203580251225,0.01762550002700388,0.0,0.05517219170769633,0.06623805595017482,0.11990783211601322,0.020978774015991596,0.037322065246450487,0.032547144875101255,0.0,0.015195850511729862,0.04120514819672013,0.0,0.010564392656990024,0.0806775730188143,0.04195754803198319,0.025761346134632258,0.03590761717051371,0.09178493988463113,0.009687582890183415,0.04604999025659918,0.012110780164570956,0.09626827455898018,0.027039465155828554,0.057660009411817266,0.03917407448432743,0.026068875411964818,0.04583289345172603,0.04463048695054752,0.035600837308548086,0.04099450687946804,0.042744652682348165
5,0.0,0.09236121023176401,0.0,0.0,0.0,0.0,0.0,0.0,0.0,0.0,0.0,0.0,0.0,0.0,0.0,0.0,0.0,0.0,0.0,0.0,0.0,0.0,0.0,0.0,0.0,0.0,0.0,0.0,0.0,0.0,0.0,0.0,0.0,0.07016337710353507,0.0,0.0,0.0,0.2104901313106052,0.07016337710353507,0.0,0.11617084024787433,0.0,0.0,0.0,0.0,0.07342710075096867,0.14447231265217156,0.0,0.0,0.0,0.0,0.0,0.0,0.0,0.0,0.0,0.0,0.0,0.0,0.0,0.0,0.0,0.0,0.0,0.08138549421696328,0.0,0.08138549421696328,0.0,0.0,0.0,0.0,0.0,0.08138549421696328,0.0,0.0,0.0,0.0,0.0,0.0,0.0,0.0,0.0,0.08138549421696328,0.0,0.0,0.0,0.0,0.0,0.18024287344605483,0.0,0.0,0.0,0.0,0.0,0.0,0.0,0.08637313864532906,0.0,0.0,0.0,0.0,0.08637313864532906,0.0,0.0,0.0,0.0,0.0,0.0,0.0,0.0,0.0,0.0,0.0,0.0,0.0,0.0,0.0,0.0,0.0,0.0,0.0,0.0,0.0,0.0,0.0,0.0,0.0,0.0,0.0,0.0,0.0,0.0,0.0,0.0,0.0,0.0,0.0,0.0,0.0,0.06725231271832215,0.06725231271832215,0.20175693815496645,0.0,0.0,0.0,0.0,0.0,0.0,0.0,0.0,0.0,0.0,0.0,0.15425638755365795,0.0,0.0,0.0,0.07712819377682897,0.0,0.505833889240498,0.0,0.0,0.0,0.08138549421696328,0.08138549421696328,0.0,0.0,0.0,0.0,0.0,0.0,0.0,0.0,0.0,0.0,0.0,0.0,0.0,0.0,0.0600809578153516,0.0,0.0,0.0,0.0,0.0,0.0,0.0,0.0,0.0,0.0,0.0,0.0,0.0,0.0,0.0,0.0,0.0,0.0,0.0,0.0,0.0,0.0,0.0,0.0,0.0,0.0,0.0,0.0,0.0,0.0,0.07712819377682897,0.0,0.0,0.0,0.0,0.0,0.0,0.0,0.0,0.058085420123937165,0.0,0.0,0.0,0.0,0.0,0.0,0.0,0.0,0.0,0.0,0.0,0.0,0.0,0.07096124274588334,0.0,0.0,0.0,0.0,0.0,0.0,0.0,0.0,0.0,0.0,0.0,0.0,0.0,0.0,0.0,0.0,0.0,0.0,0.0,0.0,0.0,0.0,0.0,0.0,0.0,0.0,0.0,0.0,0.0,0.0,0.0,0.0,0.0,0.0,0.0,0.18024287344605483,0.0,0.0,0.0,0.0,0.0,0.0,0.06725231271832215,0.0,0.0,0.0,0.0,0.0,0.0,0.0,0.0,0.0,0.0,0.0,0.0,0.0,0.05624313206872113,0.0,0.1201619156307032,0.0,0.05624313206872113,0.0,0.0,0.0,0.0,0.0,0.0,0.0,0.050068344036074616,0.0,0.0,0.05624313206872113,0.0,0.0,0.058085420123937165,0.0600809578153516,0.0,0.0950594873120017,0.0,0.0,0.0,0.0,0.0,0.058085420123937165,0.12418659339896314,0.0,0.0,0.0,0.1201619156307032,0.13580224816176115,0.0,0.0,0.0,0.0,0.0,0.0,0.04876107482909391,0.10460097273080618,0.0,0.0,0.05294487523400105,0.05624313206872113,0.06463140579302942,0.0,0.04752974365600085,0.050068344036074616,0.050068344036074616,0.0,0.0,0.0,0.05624313206872113,0.0,0.0,0.0,0.04876107482909391,0.0,0.0,0.0,0.0,0.0,0.0,0.0,0.0,0.0,0.0,0.0,0.0,0.0,0.0,0.0,0.05294487523400105,0.0,0.09342713341181946,0.0,0.0,0.0,0.0,0.16312209693934682,0.0,0.0,0.051459758790074396,0.0,0.0,0.0,0.0,0.0,0.1058897504680021,0.0,0.0,0.043234715020767776,0.0422928661956894,0.0,0.0,0.0,0.021741732852299623,0.0,0.0,0.0,0.0,0.04526741605392038,0.0,0.0,0.037470701477377036,0.04053936386226199,0.0,0.03370573484695515,0.0,0.0,0.0,0.07944273180802702,0.0,0.0,0.0,0.2727557753836379,0.0,0.08107872772452399,0.0,0.11743161541194072,0.038189353401289816,0.037370853364727785,0.0,0.0,0.0,0.0,0.07494140295475407,0.0,0.0,0.0422928661956894,0.03521584574370491,0.0,0.0,0.08803961435926227,0.0,0.021967341960894282,0.0,0.0,0.020286732795129502,0.0,0.0,0.0,0.0,0.0,0.0,0.06038978489798949,0.02935790385298518,0.04486674298538722,0.08456351011155583,0.0,0.03211105675606025,0.11378696999445924,0.019722569062321296,0.05862478185926885,0.0,0.0,0.0,0.06322923615506225,0.0,0.018685426682363893,0.014513992646711046,0.0,0.0,0.024239087528258096,0.0,0.0,0.0,0.01413318149864113,0.059721043004975854,0.023757981269569583,0.11211256009418337,0.0,0.023172040268682505,0.09953507167495974,0.04575797461952232,0.016028244836335356,0.0,0.014916198117694665,0.0,0.03112760265292068,0.018685426682363893,0.016912702022311165,0.07101609577247693,0.06317021571299104,0.027544163874983495,0.014712308446579288,0.025720043851529203,0.0,0.02059568333086694,0.008940488134994982,0.0,0.07101609577247693,0.03633573914063514,0.022791061139930263,0.02589207578872076,0.0,0.009742855194646433,0.010249172847171414,0.06336587189011182,0.03432464485911673,0.05421867449226671,0.033152435686381154,0.03088638130302464,0.019393847493282962,0.06798620929689964,0.02549331086298423,0.044605337791677316,0.03436545468553265
6,0.0,0.0,0.0,0.0,0.0,0.0,0.0,0.0,0.0,0.0,0.0,0.0,0.0,0.0,0.0,0.0,0.08787441237671537,0.0,0.0,0.0,0.0,0.0,0.0,0.0,0.0,0.08787441237671537,0.08787441237671537,0.0,0.0,0.0,0.0,0.05037287610103562,0.28581148134623197,0.0,0.0,0.0,0.0,0.06675492360773141,0.0,0.0,0.05526369942790354,0.2559411010864052,0.0,0.0,0.0,0.0,0.0,0.20026477082319427,0.0,0.0,0.0,0.0,0.07338139776221114,0.0,0.0,0.0,0.0,0.0,0.0,0.0,0.0,0.0,0.0,0.0,0.0,0.0,0.0,0.0,0.0,0.0,0.0,0.0,0.0,0.0,0.0,0.0,0.0,0.0,0.0,0.0,0.0,0.0,0.07743188360523091,0.0,0.0,0.0,0.0,0.0,0.28581148134623197,0.0,0.0,0.0,0.0,0.0,0.0,0.08217723419328449,0.0,0.0,0.0,0.0,0.0,0.0,0.0,0.0,0.0,0.0,0.0,0.0,0.0,0.0,0.0,0.0,0.0,0.0,0.0,0.0,0.0,0.0,0.0,0.0,0.0,0.0,0.0,0.0,0.0,0.0,0.0,0.0,0.0,0.0,0.0,0.20026477082319427,0.0,0.0,0.0,0.0,0.0,0.0,0.0,0.0,0.0,0.0,0.0,0.0,0.0,0.0,0.0,0.0,0.0,0.0,0.0,0.0,0.14676279552442228,0.07338139776221114,0.14676279552442228,0.0,0.0,0.0,0.0,0.3308669924329442,0.0,0.0,0.0,0.0,0.0,0.0,0.0,0.0,0.0,0.0,0.0,0.0,0.0,0.0,0.0,0.0,0.0,0.0,0.0,0.0571622962692464,0.0,0.0,0.0,0.0,0.0,0.12920513629809022,0.0,0.0,0.0,0.0,0.0,0.0,0.0,0.0,0.0639852752716013,0.0,0.0,0.0,0.0,0.0,0.0,0.0,0.0,0.0,0.06986009943813198,0.0,0.0,0.0,0.0,0.07338139776221114,0.0,0.0,0.0,0.0,0.0,0.0,0.07338139776221114,0.0,0.27631849713951767,0.0,0.0,0.0,0.0,0.0,0.0,0.18447506667220806,0.0,0.0,0.0,0.0,0.0,0.0,0.0,0.2025420896554505,0.0,0.0,0.0,0.0,0.0,0.0,0.0,0.0,0.0,0.0,0.0639852752716013,0.0,0.0,0.0,0.0,0.0,0.0,0.0,0.0,0.0,0.0,0.0,0.0,0.0,0.0,0.0,0.0,0.0,0.0,0.0,0.0,0.0,0.059229042916377324,0.0,0.0,0.0,0.0,0.0,0.0,0.0,0.0,0.0,0.0,0.0,0.0639852752716013,0.0,0.0,0.0,0.0952721667419677,0.0,0.06675492360773141,0.0,0.0,0.0,0.0,0.0,0.05351090753751452,0.0,0.0,0.04895990484942928,0.0,0.0,0.0,0.0,0.0,0.0,0.0,0.0,0.0,0.0,0.0,0.0,0.0,0.04207643648822074,0.0,0.0,0.0571622962692464,0.09044161036232493,0.0,0.0,0.0,0.11052739885580708,0.0,0.05526369942790354,0.0,0.0,0.0,0.0,0.0,0.0,0.0,0.0,0.0,0.0,0.0,0.0,0.046392319748859975,0.1326927756748006,0.0,0.0,0.05037287610103562,0.05351090753751452,0.0,0.0,0.04522080518116246,0.04763608337098385,0.0,0.0,0.0,0.0,0.0,0.0,0.0,0.0,0.0,0.0,0.0,0.0,0.0,0.0,0.0,0.0,0.0,0.05526369942790354,0.0,0.0,0.0,0.0,0.0,0.04207643648822074,0.0,0.0,0.035555421710059695,0.0,0.0,0.0,0.0,0.06207912771274188,0.0,0.0,0.04895990484942928,0.0,0.046392319748859975,0.037047237774873294,0.0,0.0,0.0,0.0,0.0,0.0,0.0,0.0,0.0,0.0,0.0,0.0,0.0,0.0,0.0,0.0,0.0,0.03779174914292393,0.0,0.03857000973225646,0.0,0.0,0.13548848230667757,0.0,0.0,0.0,0.028750481043636353,0.0,0.041134423933935446,0.17841011642261215,0.0,0.0,0.0,0.083795195295285,0.0,0.05333313256508955,0.0,0.0,0.06998822418383804,0.0,0.0,0.0,0.0,0.0,0.016752550899408122,0.0,0.0,0.0,0.0,0.0,0.07929938980682642,0.024781000149417195,0.0,0.03779174914292393,0.03938458541421655,0.0,0.0,0.03375701494257508,0.0,0.03447367253948365,0.0,0.021343584959555358,0.0,0.03154498031826572,0.030551139771268644,0.02405762981931828,0.1313512906330719,0.01859228653698995,0.027931731765095,0.0,0.0,0.030078817493904016,0.12479227799009597,0.017777710855029848,0.0,0.0,0.017777710855029848,0.0,0.022798791430045564,0.02541526553934485,0.06687419966672112,0.08067965000177767,0.0,0.0,0.0,0.05109879770377606,0.04409274016809666,0.0,0.0,0.03049922349195686,0.04789543691629121,0.08514952161397542,0.038974446674192725,0.01480773034998942,0.035555421710059695,0.06436441221087254,0.016891554554221224,0.04507611126651609,0.0,0.05599040793008236,0.0,0.0,0.009797584752600084,0.05103701906366899,0.02165315006667633,0.0,0.03457059210511328,0.014455932312476324,0.04926853902061002,0.00780018578603954,0.027808676595487445,0.019502560415407696,0.06028763312119123,0.0326571943943303,0.005158479570478607,0.019713706094036307,0.050375927308553343,0.055355152273971836,0.053902933355302565,0.037484808534984565,0.04008077106361841,0.015487589239515808
7,0.0,0.0,0.0,0.0,0.0,0.11798242447502495,0.0,0.0,0.0,0.0,0.0,0.0,0.0,0.0,0.0,0.0,0.0,0.0,0.0,0.0,0.0,0.0,0.0,0.0,0.0,0.11798242447502495,0.0,0.0,0.0,0.0,0.0,0.0,0.0,0.0,0.0,0.0,0.0,0.0,0.0,0.0,0.0,0.0,0.0,0.0,0.0,0.0,0.4152358524238863,0.0,0.0,0.0,0.0,0.0,0.0,0.0,0.0,0.0,0.0,0.0,0.0,0.0,0.0,0.0,0.0,0.0,0.0,0.0,0.0,0.0,0.0,0.0,0.0,0.0,0.0,0.0,0.0,0.0,0.0,0.0,0.0,0.0,0.0,0.0,0.0,0.0,0.0,0.0,0.0,0.0,0.0,0.0,0.0,0.0,0.0,0.0,0.0,0.0,0.11033324792217553,0.0,0.0,0.0,0.0,0.0,0.0,0.0,0.0,0.0,0.0,0.0,0.0,0.11033324792217553,0.0,0.0,0.0,0.0,0.0,0.0,0.0,0.0,0.0,0.0,0.0,0.0,0.0,0.0,0.0,0.0,0.0,0.0,0.0,0.0,0.0,0.0,0.0,0.0,0.08962686087869831,0.0,0.0,0.0,0.0,0.1718165209431483,0.0,0.0,0.0,0.0,0.0,0.0,0.0,0.0,0.0,0.08962686087869831,0.0,0.0,0.0,0.0,0.0,0.19704746774832332,0.0,0.0,0.0,0.04038458656268557,0.0,0.0,0.0,0.1039620193447097,0.0,0.0,0.0,0.0,0.0,0.0,0.0,0.0,0.0,0.0,0.0,0.0,0.0,0.0,0.0,0.0,0.0,0.0,0.0,0.0,0.0,0.0,0.0,0.0,0.0,0.0,0.0,0.0,0.0,0.1718165209431483,0.0,0.08590826047157415,0.0,0.0,0.0,0.0,0.0,0.0,0.0,0.0,0.0,0.0,0.0,0.0,0.09852373387416166,0.0,0.09852373387416166,0.0,0.0,0.0,0.0,0.0,0.0,0.0,0.0,0.0,0.0,0.0,0.0,0.0,0.0,0.0,0.0,0.0,0.0825603078776932,0.08590826047157415,0.0,0.0,0.06395741896411611,0.0,0.0,0.0,0.0,0.0,0.0,0.0,0.0,0.0,0.0,0.0,0.0,0.0,0.0,0.0,0.0,0.0,0.08962686087869831,0.0,0.0,0.0,0.0,0.0,0.0,0.0,0.0,0.0,0.0,0.0,0.0,0.0,0.0,0.0,0.0,0.0,0.0,0.0,0.0,0.0,0.0,0.0,0.0,0.1651206157553864,0.0,0.0,0.0,0.0,0.08590826047157415,0.0,0.0,0.0,0.0,0.0,0.0,0.0,0.0,0.0,0.0,0.0,0.0,0.0,0.0,0.07184510753903758,0.0,0.0,0.0,0.0,0.0,0.0,0.0,0.0,0.0,0.0,0.0,0.0,0.07419845057980488,0.0,0.0,0.0,0.0,0.06071460494226912,0.0,0.0,0.0,0.0,0.0,0.0,0.0,0.0,0.0,0.0,0.0,0.0,0.0,0.07952242175631494,0.0,0.06395741896411611,0.0,0.40085257656083384,0.0,0.0,0.0,0.0,0.0,0.0,0.06071460494226912,0.12791483792823222,0.0,0.0,0.0,0.0,0.0,0.0,0.0,0.12457502048551787,0.0,0.0,0.0,0.0,0.0,0.0,0.0,0.0,0.0,0.0,0.0,0.0,0.047865161099420635,0.0,0.0,0.0,0.06763190659759119,0.10805001102181769,0.21481926699783546,0.0,0.0,0.0,0.0,0.04167450910195076,0.0,0.0,0.06573481540267813,0.0,0.062287510242758935,0.0,0.0,0.057824702408722325,0.06763190659759119,0.0,0.0,0.11045625077534323,0.0,0.0,0.0,0.0,0.027772940044482324,0.0,0.06395741896411611,0.0,0.0,0.0,0.0,0.0,0.0,0.0,0.0,0.0,0.0,0.032074164003450804,0.0,0.10148033013113106,0.0,0.0,0.05522812538767161,0.021776178812360714,0.035971246637773305,0.15535523267212384,0.0,0.07500370914127885,0.09756633747244173,0.04773761488840788,0.0,0.0,0.0,0.0,0.0,0.030963066708092124,0.0,0.0,0.0,0.05920003612061495,0.05074016506556553,0.15744681101776678,0.052878747617597,0.0,0.03548979358060384,0.0,0.0,0.0,0.052878747617597,0.0,0.0,0.0,0.0,0.0925704617933606,0.0,0.0,0.02160432484599134,0.0,0.08203747696740765,0.0,0.05038731105861006,0.09984991001770531,0.0,0.0,0.0,0.0,0.06283098422004701,0.0,0.0927010395909008,0.0,0.02386880744420394,0.0,0.0,0.0,0.0,0.07221503549254217,0.10171706539608297,0.0,0.0,0.0,0.029600018060307477,0.0,0.0,0.0,0.021435211213512793,0.07621594448402709,0.05232808489780891,0.11928741578433057,0.02386880744420394,0.0,0.022679031421748007,0.0,0.0,0.037587073963109556,0.049282265632825784,0.044544683592037296,0.0789269211717148,0.022841200618961534,0.014536035424260513,0.022679031421748007,0.018566143029727672,0.1455667721817455,0.0,0.010472728129860324,0.03733663756534959,0.052369268801850895,0.02312677483733821,0.03653865088999285,0.048481342510104004,0.047642623141589305,0.039454335215474465,0.04954749166700493,0.05066001597163001,0.06809090306432093,0.06647545578186467,0.0300358237502926
8,0.0,0.0,0.0,0.0,0.0,0.0,0.0,0.0,0.0,0.0,0.0,0.0,0.0,0.0,0.0,0.0,0.0,0.0,0.0,0.0,0.11418488522757932,0.0,0.0,0.0,0.0,0.0,0.0,0.0,0.0,0.0,0.0,0.0,0.0,0.0,0.0,0.0,0.0,0.0,0.08674201151806955,0.0,0.0,0.0,0.0,0.0,0.0,0.0,0.5358273586072334,0.0,0.0,0.0,0.1598058239829372,0.0,0.0,0.0,0.0,0.0,0.0,0.0,0.0,0.0,0.10061575950590794,0.0,0.0,0.0,0.0,0.0,0.0,0.0,0.10061575950590794,0.0,0.0,0.0,0.0,0.0,0.0,0.0,0.0,0.0,0.0,0.20123151901181588,0.0,0.0,0.0,0.0,0.0,0.0,0.0,0.0,0.0,0.0,0.0,0.0,0.0,0.0,0.0,0.0,0.0,0.0,0.0,0.0,0.0,0.10678191524574535,0.0,0.0,0.0,0.0,0.0,0.0,0.0,0.10678191524574535,0.0,0.10678191524574535,0.0,0.0,0.10678191524574535,0.0,0.0,0.0,0.0,0.0,0.0,0.0,0.0,0.0,0.0,0.0,0.0,0.0,0.0,0.0,0.0,0.0,0.0,0.0,0.0,0.0,0.06953260534364321,0.0,0.0,0.0,0.0,0.08314310292991298,0.0,0.0,0.0,0.0,0.0,0.0,0.0,0.0,0.0,0.0,0.0,0.09535251792520293,0.0,0.0,0.0,0.0,0.0,0.03908471454237353,0.0,0.0,0.0,0.0,0.0,0.0,0.0,0.0,0.0,0.0,0.0,0.0,0.0,0.0,0.10061575950590794,0.0,0.0,0.0,0.0,0.0,0.0,0.0,0.0,0.0,0.0,0.0,0.0,0.0,0.0,0.0,0.0,0.0,0.0,0.0,0.0,0.0,0.0,0.0,0.0,0.0,0.0,0.0,0.0,0.0,0.0,0.0,0.0,0.0,0.0,0.09535251792520293,0.0,0.0,0.09535251792520293,0.0,0.0,0.0,0.0,0.0,0.0,0.0,0.0,0.0,0.0,0.0,0.0,0.0,0.0,0.0,0.0,0.0,0.0,0.0,0.0,0.0,0.0,0.0,0.0,0.06742075116869665,0.0,0.0,0.0,0.0,0.08314310292991298,0.0,0.0,0.0,0.0,0.0,0.0,0.0,0.0,0.0,0.0,0.0,0.0,0.0,0.0,0.0,0.0,0.0,0.0,0.0,0.0,0.0,0.0,0.0,0.0,0.0,0.0,0.0,0.0,0.0,0.0,0.07696280731361074,0.0,0.0,0.0,0.0,0.0,0.08314310292991298,0.0,0.0,0.0,0.0,0.0,0.0,0.0,0.0,0.0,0.0,0.13906521068728642,0.0,0.0,0.0,0.0,0.06953260534364321,0.0,0.0,0.0,0.0,0.0,0.0,0.0,0.0,0.0,0.06953260534364321,0.0,0.0,0.0,0.0,0.0,0.0,0.0,0.05876036390859524,0.06742075116869665,0.0,0.0,0.07181020055502164,0.051176721910572265,0.0,0.0,0.07427725616949109,0.0,0.0,0.0,0.0,0.0,0.0,0.06361898719753638,0.0,0.0,0.0862111560757977,0.06742075116869665,0.0,0.0,0.0,0.0799029119914686,0.0,0.05876036390859524,0.18569640121480285,0.18569640121480285,0.0,0.0,0.0,0.0,0.0,0.0,0.06028264158689722,0.0,0.0,0.0,0.07696280731361074,0.0,0.0,0.0,0.05876036390859524,0.0,0.0,0.0,0.0,0.04632450935684828,0.0,0.0,0.0,0.0,0.0,0.3465080138837825,0.0,0.0,0.0,0.0,0.0,0.0,0.0,0.06361898719753638,0.0,0.06028264158689722,0.0,0.07157286624702848,0.0,0.0,0.0,0.0,0.0,0.05228608482264503,0.0,0.0,0.0,0.0,0.0,0.061898800404934284,0.0,0.0,0.0,0.051176721910572265,0.0,0.04632450935684828,0.0,0.0,0.0,0.0,0.031041782297666347,0.0,0.0,0.0,0.0,0.05345047948273491,0.021075261755711828,0.0,0.0,0.0,0.10888430998999253,0.0,0.023100534258918833,0.0,0.0,0.0,0.0,0.0,0.029966448257772452,0.0,0.0,0.04353686243767058,0.028647272506812666,0.04910697462117739,0.04353686243767058,0.0,0.0,0.06869494375595851,0.0,0.0,0.0,0.0,0.03849082304597687,0.0,0.13159260264475958,0.0,0.059727243852191636,0.0,0.11093626611141671,0.06272681792908222,0.0,0.03969845480615024,0.06252144681184445,0.02438273902131774,0.024159001999847215,0.03629476999666418,0.0823286211285293,0.0,0.07816942908474706,0.0,0.023100534258918833,0.01794344812502982,0.02962497628555498,0.0,0.0,0.0,0.03302484876026909,0.028965666671716826,0.08736328287997482,0.049221532315588803,0.0,0.0,0.0,0.0,0.0,0.028284975191781078,0.0,0.06223580698060652,0.01844068917922266,0.05064378355354248,0.09620656029231733,0.0693016027767565,0.020908939309694074,0.0,0.01952411573237661,0.0,0.036377246404414434,0.023848000539396015,0.07185151525870294,0.07638647430292646,0.04421200670763186,0.028136318506229153,0.06584716185027557,0.02695282268186955,0.07513672876156369,0.03201001475424689,0.07094947280445286,0.012044956961889522,0.01267091046441714,0.04476477140109176,0.06365262468758376,0.05362383718061608,0.025616185723185907,0.04909423564592932,0.03836215215603758,0.05836833965784393,0.0429777643615905,0.04901774349738826,0.04695769740605482
9,0.0,0.0,0.0,0.0,0.0,0.0,0.0,0.0,0.0,0.0,0.0,0.0,0.0,0.0,0.0,0.0,0.0,0.0,0.0,0.0,0.0,0.0,0.0,0.0,0.0,0.0,0.0,0.0,0.0,0.0,0.0,0.0,0.24217699625858244,0.0,0.0,0.0,0.0,0.0,0.0,0.0,0.0,0.13554180623768744,0.0,0.0,0.0,0.0,0.25477612203389377,0.0,0.0,0.0,0.0,0.0,0.0,0.0,0.0,0.0,0.0,0.0,0.0,0.0,0.16402613444561523,0.0,0.0,0.0,0.0,0.0,0.0,0.0,0.0,0.0,0.0,0.0,0.0,0.0,0.0,0.0,0.0,0.08201306722280761,0.0,0.0,0.0,0.0,0.0,0.0,0.0,0.0,0.07070441505990195,0.0,0.0,0.0,0.0,0.0,0.0,0.0,0.08703917195710516,0.0,0.08703917195710516,0.08703917195710516,0.0,0.0,0.0,0.0,0.0,0.0,0.0,0.0,0.0,0.0,0.0,0.0,0.0,0.0,0.0,0.0,0.0,0.0,0.0,0.0,0.0,0.0,0.0,0.0,0.0,0.0,0.0,0.0,0.0,0.07399330565974363,0.0,0.0,0.0,0.0,0.0,0.0,0.0,0.0,0.0,0.0,0.0,0.13554180623768744,0.0,0.0,0.0,0.0,0.0,0.0,0.0,0.0,0.07399330565974363,0.0,0.0,0.0,0.0,0.0,0.0,0.0,0.0,0.0,0.0,0.09557520621686633,0.0,0.0,0.0,0.0,0.0,0.0,0.0,0.0,0.0,0.0,0.0,0.0,0.0,0.0,0.0,0.0,0.0,0.0,0.0,0.0,0.0,0.0,0.0,0.0,0.0,0.0,0.0,0.0,0.0,0.0,0.0,0.0,0.0,0.0,0.0,0.13554180623768744,0.0,0.0,0.07070441505990195,0.0,0.0,0.0,0.0,0.0,0.0,0.14798661131948726,0.0,0.0,0.0,0.0,0.0,0.0,0.0,0.0,0.07772293824412718,0.0,0.0,0.0,0.0,0.05853332355013904,0.032358668847172166,0.0,0.0651297860756059,0.1953893582268177,0.0,0.1302595721512118,0.0,0.0,0.0,0.0,0.0,0.36299599680112593,0.0,0.0,0.0,0.0,0.0,0.0,0.10371314194317884,0.0,0.0,0.0,0.06777090311884372,0.0,0.0,0.0,0.0,0.0,0.0,0.0,0.0,0.0,0.07070441505990195,0.0,0.0,0.0,0.0,0.043568102933730174,0.05853332355013904,0.0,0.07399330565974363,0.0,0.0,0.0,0.0,0.0,0.0,0.0,0.0,0.06054424906464561,0.0,0.0,0.0,0.0,0.0,0.0,0.0,0.0,0.06777090311884372,0.0,0.06777090311884372,0.0,0.0,0.0,0.0,0.0,0.0,0.0,0.19158500413602866,0.05853332355013904,0.17003048819276623,0.0,0.0,0.0,0.0,0.056676829397588745,0.0,0.0,0.0,0.0,0.0,0.0,0.0,0.0,0.0,0.0,0.0,0.0,0.0,0.06054424906464561,0.0,0.0,0.0,0.09579250206801433,0.05495543267738123,0.0,0.05853332355013904,0.0,0.08342947377042353,0.0,0.0,0.0,0.0,0.0,0.0,0.0,0.0,0.0,0.0,0.0,0.0,0.07027170865996589,0.10991086535476247,0.0,0.0,0.0,0.0,0.0,0.0,0.10090885371337767,0.050454426856688835,0.0,0.0,0.0,0.056676829397588745,0.0,0.0,0.09827415428980231,0.0,0.0,0.17047596561153894,0.0,0.0,0.0,0.0,0.0,0.0,0.05853332355013904,0.0,0.0,0.03775964241191954,0.0,0.0,0.04456584876325446,0.16005941796311826,0.08523798280576947,0.13180658525603695,0.0,0.0,0.0,0.0,0.03287599007790646,0.0,0.0,0.1555697129147683,0.04171473688521177,0.0,0.0,0.0,0.0,0.053353139321039425,0.0,0.0,0.043568102933730174,0.0,0.14741123143470347,0.0,0.0,0.02190938588149925,0.0,0.0,0.0,0.04561647836082278,0.04561647836082278,0.04171473688521177,0.0,0.0,0.0,0.0,0.0,0.013045866297361526,0.07590754542218957,0.08523798280576947,0.0,0.0,0.0,0.0,0.05153606753844471,0.05675365459784168,0.040851967609143884,0.0,0.02958428606204556,0.0,0.0,0.0,0.0,0.03706450539197704,0.0,0.0,0.024425997949646953,0.0,0.042618991402884734,0.0354873992235893,0.0467014451292466,0.0,0.0,0.0,0.0,0.05599404176632592,0.0,0.0,0.04002766197355841,0.0,0.0,0.0,0.0357542165684796,0.0,0.09736873207810336,0.02958428606204556,0.11303178913921365,0.13634494266778197,0.0,0.09707600654151649,0.06370244141458165,0.0,0.03938456291100347,0.02958428606204556,0.0,0.0,0.09557520621686633,0.08260968388574139,0.0,0.0,0.0,0.01882951217943385,0.0,0.02414766020266079,0.05383787101939967,0.023610249324425785,0.07121082051981949,0.0802420785457759,0.0,0.0,0.0,0.07005216769386989,0.020060519636443976,0.0,0.032303680990659944,0.016909708269132056,0.1052185305862726,0.06192049901611263,0.03136763121513036,0.01882951217943385,0.0,0.03578185457080839,0.03182866429450861,0.0,0.014825756767113101,0.01943878057445061,0.023426799856841835,0.051886247597486,0.027028287834635817,0.022934238059577568,0.03578185457080839,0.007323185649735075,0.015311203774350465,0.0,0.008261676346171606,0.06872588438467099,0.07229743787224313,0.036488281996378345,0.04611910158052039,0.005463676099344711,0.02923206822503683,0.057802735304538014,0.05081282883448207,0.03425522942962197,0.023354447951175698,0.03745774561345177,0.02369451890076719
10,0.0,0.0,0.0,0.0,0.0,0.0,0.0,0.0,0.0,0.0,0.0,0.0,0.0,0.0,0.12444986624464896,0.0,0.0,0.0,0.0,0.0,0.0,0.0,0.0,0.0,0.0,0.0,0.0,0.0,0.12444986624464896,0.0,0.0,0.0,0.0,0.0,0.0,0.0,0.0,0.2836198077276223,0.0,0.0,0.0,0.0,0.0,0.1039245087318775,0.0,0.0,0.0,0.0,0.0,0.0,0.0,0.0,0.0,0.0,0.1039245087318775,0.0,0.0,0.0,0.0,0.0,0.0,0.0,0.0,0.0,0.0,0.0,0.0,0.0,0.0,0.0,0.0,0.0,0.0,0.0,0.0,0.0,0.0,0.0,0.0,0.0,0.0,0.0,0.0,0.0,0.0,0.0,0.0,0.0,0.0,0.0,0.0,0.0,0.0,0.11638138483210325,0.0,0.0,0.0,0.0,0.0,0.0,0.0,0.0,0.0,0.0,0.0,0.0,0.0,0.0,0.0,0.0,0.0,0.0,0.0,0.0,0.0,0.0,0.0,0.0,0.0,0.0,0.0,0.0,0.0,0.0,0.0,0.0,0.0,0.0,0.0,0.0,0.0,0.0,0.0,0.0,0.0,0.0,0.0,0.0,0.0,0.09061749300855436,0.0,0.0,0.0,0.0,0.0,0.0,0.0,0.0,0.0,0.0,0.0,0.0,0.0,0.0,0.0,0.0,0.0,0.0,0.0,0.0,0.0,0.0,0.0,0.0,0.0,0.0,0.0,0.0,0.0,0.0,0.0,0.0,0.0,0.0,0.0,0.0,0.0,0.0,0.0,0.0,0.0,0.0,0.0,0.0,0.0,0.0,0.0,0.0,0.0,0.0,0.0,0.0,0.0,0.0,0.0,0.0,0.0,0.0,0.0,0.0,0.0,0.0,0.0,0.0,0.0,0.0,0.0,0.0,0.0,0.0,0.0,0.1039245087318775,0.0,0.0,0.0,0.0,0.0,0.0,0.07826578654663606,0.0,0.47593988635078066,0.0,0.0,0.0,0.0,0.0,0.0,0.0,0.0,0.0,0.0,0.0,0.0,0.0,0.0,0.07578344031621713,0.0,0.0,0.0,0.0,0.08708601571983235,0.0,0.09061749300855436,0.0,0.09061749300855436,0.0,0.0,0.0,0.0,0.0,0.0,0.09453993590920744,0.0,0.0,0.0,0.0,0.0,0.11651113033184649,0.0,0.0,0.0,0.0,0.0,0.09893756095508328,0.0,0.0,0.0,0.0,0.08095462527189211,0.0,0.0,0.0,0.0,0.0,0.0,0.0,0.0,0.0,0.0,0.0,0.0,0.0,0.0,0.09453993590920744,0.09453993590920744,0.0,0.0,0.0,0.0,0.0,0.0,0.0,0.0,0.0,0.0,0.0,0.0,0.0,0.0,0.0,0.0,0.0,0.0,0.0,0.0,0.0,0.0,0.0,0.0,0.0,0.0,0.06404279703339684,0.0,0.0,0.0,0.0,0.0,0.0,0.0,0.0,0.0,0.0,0.0,0.0609944787320883,0.06404279703339684,0.0,0.08388160181535262,0.08388160181535262,0.0,0.0,0.0,0.18792271535844554,0.0,0.0,0.0,0.0,0.0,0.0,0.0,0.0,0.0,0.0,0.0,0.0,0.0,0.0,0.0,0.2628076970926957,0.0,0.0,0.0,0.08388160181535262,0.0,0.0,0.0557774015704139,0.0,0.0,0.0,0.0,0.0,0.0,0.0,0.05958966610851628,0.0,0.0,0.1139729877499215,0.12588611850739106,0.0,0.0,0.0,0.0,0.04395898038734621,0.0,0.0,0.0,0.0,0.0,0.0,0.0780071163835392,0.0,0.07133928436707551,0.0,0.05958966610851628,0.0,0.0,0.06570192427317392,0.0,0.0,0.0,0.0,0.06746337236968822,0.0,0.0,0.0,0.0,0.0,0.0,0.0546237798058496,0.0,0.0,0.0,0.13532949294437843,0.0,0.0,0.0,0.0,0.11651113033184649,0.0,0.03794308222299498,0.0,0.0,0.07911518696126314,0.0,0.10070889480591286,0.0,0.0,0.0,0.0,0.0,0.0653207378555253,0.0,0.05698649387496075,0.07117610219970419,0.0,0.0,0.0,0.0,0.0,0.0,0.0,0.0,0.0,0.0,0.041951067080122535,0.0,0.0,0.0,0.06509659745028548,0.15823037392252629,0.12090920310275884,0.20509748078306728,0.04467476339379185,0.0,0.0681419933789684,0.07972408792547256,0.10532338186417009,0.0,0.0,0.03183732539842305,0.0,0.022091729953274315,0.025177223701478214,0.0,0.0,0.0,0.0653207378555253,0.032288199343460285,0.0,0.0,0.03808682330393156,0.10729288908637727,0.0,0.025177223701478214,0.0,0.062445204102823726,0.0,0.0,0.04319373730623589,0.15827157529793862,0.020098468350162192,0.027598276588007776,0.0,0.10070889480591286,0.022788608975896366,0.0956889109391777,0.0,0.03711371366248628,0.07929496868793215,0.06931169500913505,0.07831081535528116,0.027751152559736047,0.07227985967940556,0.015332857180432317,0.04784445546958885,0.009791941583713338,0.030709260990849255,0.034887647754039935,0.03314043479213935,0.026255546517248665,0.05523999465784866,0.04878903019637654,0.03854158987029557,0.04383338051716572,0.05583805388243425,0.07134360556089286,0.06794259704019287,0.06107090940196511,0.046841374982633216,0.0667804194235757,0.06092749480572376
11,0.0,0.0,0.0,0.0,0.0,0.0,0.0,0.0,0.0,0.0,0.0,0.101590013311374,0.0,0.0,0.0,0.0,0.0,0.0,0.0,0.0,0.0,0.0,0.0,0.0,0.0,0.0,0.0,0.0,0.0,0.0,0.0,0.0,0.0,0.0,0.0,0.0,0.23152246693280293,0.0,0.0,0.0,0.12777871984960512,0.0,0.0,0.0,0.0,0.0,0.039727024279537684,0.0,0.0,0.0,0.0,0.0,0.0,0.0,0.0,0.0,0.0,0.08951759532066648,0.0,0.0,0.0,0.0,0.0,0.0,0.0,0.0,0.0,0.0,0.0,0.0,0.0,0.0,0.0,0.0,0.0,0.0,0.0,0.0,0.0,0.0,0.08951759532066648,0.0,0.17903519064133297,0.08951759532066648,0.0,0.0,0.0,0.0,0.0,0.0,0.0,0.1916680797744077,0.0,0.0,0.0,0.0,0.0,0.0,0.0,0.0,0.0,0.0,0.0,0.0,0.0,0.09500360901189701,0.0,0.0,0.0,0.0,0.09500360901189701,0.0,0.0,0.0,0.0,0.0,0.0,0.0,0.0,0.0,0.0,0.0,0.1479444309387228,0.0,0.0,0.0,0.0,0.0,0.0,0.0,0.0,0.0,0.0,0.0,0.0,0.0,0.0,0.0,0.0,0.0,0.0,0.0,0.0,0.0,0.0,0.0,0.0,0.0,0.1615279861315875,0.0,0.0,0.0,0.0,0.0,0.0,0.0,0.0,0.0,0.0,0.03477357500265673,0.0,0.0,0.0,0.0,0.0,0.0,0.0,0.0,0.0,0.0,0.0,0.0,0.08951759532066648,0.0,0.0,0.0,0.0,0.0,0.06388935992480256,0.0,0.0,0.0,0.0,0.0,0.0,0.24895285520564392,0.0,0.0,0.0,0.18212721761782832,0.18212721761782832,0.0,0.0,0.1479444309387228,0.0,0.0,0.0,0.0,0.07717415564426765,0.05823516784042117,0.08076399306579375,0.0,0.0,0.0,0.0,0.0,0.0,0.12372597806367264,0.0,0.0,0.0,0.0848349021500326,0.0,0.0,0.0848349021500326,0.0,0.0,0.0,0.0,0.0,0.0,0.07108942551067383,0.0,0.0,0.0,0.0,0.0,0.0,0.0,0.0,0.0,0.0,0.0,0.0,0.0,0.0,0.0,0.0,0.11320331484105775,0.0,0.0,0.0,0.0,0.0,0.0,0.0,0.0,0.0,0.0,0.0,0.0,0.0,0.0,0.0,0.0,0.0,0.0,0.0,0.0,0.0,0.0,0.0,0.0,0.0,0.0,0.06847362156459892,0.0,0.0,0.0,0.0,0.0,0.12777871984960512,0.06847362156459892,0.13694724312919784,0.12777871984960512,0.0,0.0,0.0,0.0,0.0,0.0,0.0,0.0,0.0,0.0,0.0,0.0,0.0,0.0,0.0,0.0,0.053633318884998164,0.06608429327534479,0.0,0.12372597806367264,0.0,0.0,0.0,0.0,0.0,0.0,0.0,0.0,0.0,0.0,0.0,0.0,0.0,0.0,0.0,0.0,0.0,0.05507121143540398,0.0,0.0,0.06388935992480256,0.06388935992480256,0.06388935992480256,0.09106360880891416,0.0,0.06608429327534479,0.0,0.06608429327534479,0.0,0.0,0.0,0.0,0.0,0.0,0.0,0.0,0.03835092742736254,0.0,0.05823516784042117,0.11647033568084234,0.06186298903183632,0.0,0.0,0.0,0.0,0.0,0.0,0.0,0.0,0.0,0.0,0.0,0.053633318884998164,0.10726663776999633,0.06608429327534479,0.0,0.0,0.06746715674566332,0.05507121143540398,0.0,0.05227895215516277,0.0,0.0,0.14348510100733908,0.0,0.0,0.0,0.0,0.0,0.05823516784042117,0.13955640562791008,0.0,0.0,0.0,0.0,0.04553180440445708,0.0,0.0,0.0,0.0,0.0,0.0,0.2569778353155478,0.0,0.0,0.0,0.0,0.0,0.04755476095919248,0.0,0.0,0.053633318884998164,0.0,0.023914183501223176,0.0,0.0,0.0,0.0,0.14937171312338637,0.0,0.0,0.0,0.0,0.0,0.03707363776610854,0.02847923189220654,0.0,0.0,0.0,0.0,0.08948515363845852,0.0,0.13125426212281457,0.0,0.044590088242320046,0.04663613955391525,0.0645827363183056,0.04200526293077462,0.02055248887088772,0.0,0.0,0.08091211575896176,0.0,0.0412148027545454,0.0,0.0,0.0,0.019367320051875563,0.0,0.04369035529968521,0.0,0.0,0.0,0.0,0.028648864521062023,0.022313798720587984,0.0,0.04553180440445708,0.0,0.06551482542963198,0.0,0.0,0.0,0.0645827363183056,0.09869972482356958,0.0,0.0,0.0,0.1807818298709862,0.0,0.12896523019814857,0.0,0.07324757300131911,0.012994607421538362,0.03477357500265673,0.0,0.02055248887088772,0.0,0.0,0.02055248887088772,0.0,0.02635726899580711,0.0,0.025770682843772715,0.0,0.0,0.026131897009258703,0.0,0.05907439263055992,0.025487408333434415,0.04379227700041626,0.06291268324432504,0.10577879624110495,0.07382806048281684,0.01640663609245943,0.0,0.017118948311343366,0.061657466612663164,0.018602632200969138,0.019528019654420328,0.01737055804883253,0.015148198944603614,0.016182373608775138,0.13437754936054325,0.0,0.0,0.009833828577659322,0.07509844142376447,0.039056039308840655,0.10391272868397552,0.02506836147746343,0.0,0.03607061288502773,0.03214910631090428,0.011273278071627436,0.00995677692685354,0.0314619914517843,0.11330886758833603,0.01367439469813401,0.04367902146454191,0.059728747773668954,0.049852962371907054,0.015294884764774516,0.038159595763569816,0.035809841669459934
12,0.0,0.0,0.0,0.0,0.0,0.0,0.0,0.0,0.0,0.0,0.0,0.11095561994613717,0.0,0.0,0.0,0.0,0.0,0.0,0.0,0.0,0.0,0.0,0.0,0.0,0.0,0.0,0.0,0.0,0.0,0.11095561994613717,0.0,0.0,0.0,0.0,0.0,0.0,0.08428885875902031,0.0,0.0,0.0,0.0,0.0,0.0,0.0,0.0,0.0,0.0,0.0,0.0,0.0,0.0,0.0,0.0,0.0,0.0,0.0,0.0,0.0,0.0,0.0,0.0,0.0,0.0,0.0,0.0,0.0,0.0,0.0,0.0,0.0,0.0,0.0,0.0,0.0,0.0,0.0,0.0,0.0,0.0,0.0,0.0,0.0,0.0,0.0,0.0,0.0,0.0,0.0,0.0,0.0,0.0,0.06977933467427441,0.10376201352318622,0.0,0.0,0.0,0.0,0.0,0.0,0.0,0.0,0.0,0.10376201352318622,0.0,0.0,0.0,0.0,0.0,0.0,0.0,0.0,0.0,0.0,0.0,0.0,0.0,0.0,0.0,0.10376201352318622,0.0,0.0,0.0,0.0,0.0,0.0,0.0,0.0,0.0,0.0,0.0,0.0,0.0,0.0,0.0,0.0,0.0,0.0,0.07217661943398218,0.0,0.08079173098477492,0.0,0.0,0.0,0.0,0.08820964411604593,0.17641928823209185,0.0,0.0,0.0,0.0,0.0,0.0,0.0,0.0,0.0,0.0,0.0,0.0,0.0,0.07595871772036275,0.0,0.0,0.0,0.0,0.0,0.0,0.0,0.09777024297111632,0.0,0.0,0.0,0.0,0.0,0.0,0.0,0.0,0.0,0.0,0.0,0.0,0.0,0.0,0.0,0.0,0.0,0.05438077520875865,0.0,0.0,0.0,0.09945878379754423,0.09945878379754423,0.0,0.0,0.0,0.0,0.0,0.0,0.0,0.0,0.1908116439732128,0.0,0.0,0.0,0.0,0.0,0.08820964411604593,0.0,0.2702646087351181,0.0,0.0,0.0,0.0,0.0,0.0,0.0,0.0,0.09265585124274105,0.0,0.0,0.0,0.0,0.1552863519168068,0.0776431759584034,0.1552863519168068,0.0,0.0,0.0,0.0,0.0,0.0,0.0,0.0,0.060148239052508524,0.0,0.04870085870759167,0.0,0.0,0.0,0.0,0.0,0.0,0.07478622044640132,0.0,0.0,0.0,0.0,0.0,0.08428885875902031,0.0,0.0,0.0,0.0,0.0,0.0,0.0,0.0,0.0,0.0,0.0,0.0,0.0,0.0,0.0,0.0,0.0,0.22435866133920393,0.0,0.0,0.0,0.07217661943398218,0.0,0.0,0.0,0.14957244089280264,0.0,0.0,0.0,0.0,0.0,0.0,0.08079173098477492,0.0,0.0,0.0,0.08428885875902031,0.0,0.16314232562627595,0.06360388132440425,0.0,0.0,0.0,0.058577786857988076,0.0,0.12363955440825833,0.0,0.0,0.0,0.0,0.0,0.0,0.0,0.0,0.0,0.0,0.0,0.0,0.06756615218377952,0.0,0.0,0.0,0.0,0.0,0.0,0.0,0.0,0.0,0.0,0.0,0.0,0.0,0.14435323886796436,0.0,0.07217661943398218,0.05438077520875865,0.0,0.0,0.0,0.0,0.0,0.12029647810501705,0.0,0.12565952467699623,0.06551402340377498,0.0,0.1272077626488085,0.0,0.0,0.0,0.0,0.0,0.0,0.0,0.0,0.0,0.0,0.0,0.0,0.0,0.11715557371597615,0.0,0.0,0.0,0.0736869694048969,0.0,0.0,0.0,0.0,0.0,0.15671302538869697,0.0,0.0,0.29837635139263274,0.0,0.0,0.0,0.1016147617872573,0.0,0.0,0.13102804680754995,0.0,0.04972939189877212,0.0,0.051938845282411335,0.0,0.0,0.0,0.0,0.0,0.06954871242312985,0.05438077520875865,0.0,0.0,0.10625657616145545,0.0,0.0,0.0,0.058577786857988076,0.10387769056482267,0.0,0.0,0.0,0.0,0.0,0.05438077520875865,0.0,0.0,0.0,0.0,0.0,0.04049146493749446,0.062209477628561195,0.0,0.0,0.0,0.0,0.07818784838622607,0.0,0.16383385447007082,0.033828868907287264,0.0,0.08489255993170697,0.0,0.0,0.0,0.0,0.0,0.044185711137140295,0.0,0.0,0.029118966467392864,0.0,0.0,0.0,0.05567419671043471,0.04771817917855145,0.0,0.04972939189877212,0.0,0.033376090261053315,0.06258001982821747,0.024370912944047893,0.0,0.04972939189877212,0.0,0.14310930443384254,0.0,0.044185711137140295,0.0,0.07053663359657443,0.02694971877488228,0.0,0.0,0.0,0.18225982914756503,0.047386340472350685,0.02347576072639052,0.0,0.026666761187116864,0.042577749783168035,0.07595871772036275,0.039392595052364636,0.0,0.0,0.0,0.0,0.0,0.0,0.0,0.02814648800765483,0.033957023972682784,0.0,0.042811503884894395,0.0673416826056302,0.0,0.0,0.0,0.0,0.019255094622530642,0.020158571579236912,0.017919167637964008,0.14763457674985003,0.03739429616746236,0.022447227535210067,0.0,0.04265662453326937,0.01897195378064577,0.01654471488072672,0.017674230344456775,0.10814325529077827,0.027927792382360418,0.037113093361212116,0.02148082298077756,0.027340594656100708,0.04265662453326937,0.026190569303500298,0.027379419473453345,0.0,0.039395970962504884,0.0,0.012312564163455749,0.010874694476103,0.027489983729587372,0.09118777543291312,0.004978346760881069,0.05300644497171777,0.06057550082476948,0.04764280360930623,0.02784153950052167,0.041677537651890806,0.028246948302983
13,0.0,0.0,0.0,0.0,0.0,0.0,0.0,0.0,0.0,0.0,0.0,0.0,0.0,0.0,0.0,0.0,0.0,0.0,0.0,0.0,0.0,0.0,0.0,0.0,0.0,0.0,0.0,0.0,0.0,0.0,0.0,0.32879540462384865,0.0,0.0,0.08714496299244233,0.0,0.08714496299244233,0.0,0.0,0.0,0.0,0.0,0.0,0.0,0.0,0.0,0.0,0.0,0.0,0.0,0.0,0.0,0.0,0.0,0.0,0.0,0.0,0.0,0.0,0.0,0.0,0.0,0.0,0.0,0.0,0.0,0.0,0.0,0.0,0.0,0.0,0.0,0.0,0.0,0.0,0.1010831601106264,0.1010831601106264,0.0,0.0,0.0,0.0,0.0,0.0,0.0,0.0,0.0,0.0,0.0,0.0,0.0,0.0,0.07214378777166837,0.0,0.0,0.0,0.0,0.0,0.0,0.0,0.0,0.0,0.0,0.0,0.0,0.0,0.0,0.0,0.0,0.0,0.0,0.0,0.0,0.10727796011986794,0.0,0.0,0.0,0.0,0.0,0.0,0.0,0.0,0.0,0.0,0.1492446077002046,0.0,0.0,0.0,0.0,0.0,0.0,0.0,0.0,0.0,0.0,0.0,0.0,0.0,0.0,0.0,0.0,0.0,0.0,0.0,0.0,0.0,0.0,0.0,0.0,0.0,0.0,0.0,0.0,0.0,0.0,0.0,0.0,0.0,0.0,0.0,0.0,0.0,0.08027409310233012,0.0,0.0,0.0,0.0,0.0,0.0,0.1010831601106264,0.0,0.0,0.0,0.0,0.0,0.0,0.0,0.0,0.14428757554333674,0.0,0.0,0.0,0.0,0.0,0.0,0.0,0.056223452456703765,0.0,0.0,0.0,0.05141445833363336,0.05141445833363336,0.0,0.0,0.0,0.0,0.0,0.17428992598488466,0.17428992598488466,0.0,0.0,0.0,0.0,0.0,0.0,0.0,0.0,0.0,0.0,0.0,0.0,0.0,0.0,0.0,0.0,0.0,0.0,0.0,0.0,0.0,0.0,0.0,0.0,0.0,0.0,0.0,0.0,0.0,0.0,0.08027409310233012,0.0,0.0,0.0,0.18655903556401476,0.0,0.0,0.0,0.0,0.0,0.0,0.0,0.0,0.0,0.0,0.0,0.0,0.0,0.0,0.0,0.0,0.0,0.08714496299244233,0.0,0.0,0.0,0.0,0.0,0.0,0.0,0.0,0.0,0.09119860305673778,0.0,0.0,0.0,0.0,0.0,0.0,0.0,0.0,0.0,0.0,0.0,0.0,0.0,0.07214378777166837,0.0,0.0,0.0,0.0,0.0,0.0,0.0,0.0,0.0,0.0,0.0,0.056223452456703765,0.0,0.0,0.0,0.0,0.0,0.0,0.0,0.06985561221597478,0.0,0.0,0.0,0.0,0.0,0.0,0.0,0.0,0.0,0.0,0.0,0.0,0.0,0.07214378777166837,0.0746223038501023,0.0,0.11806665878783015,0.18655903556401476,0.0,0.0,0.0,0.0,0.0,0.0,0.0,0.0,0.0,0.0,0.0,0.0,0.0,0.0,0.0,0.06391452293899205,0.0,0.0,0.0,0.1354678952607598,0.0,0.06575908092476973,0.06985561221597478,0.0,0.0,0.0,0.0,0.0,0.0,0.0,0.0,0.0,0.0,0.0,0.0,0.0,0.0746223038501023,0.052528974681892486,0.0,0.038091915802144896,0.0,0.15424337500090007,0.0,0.0,0.0,0.1620232021052269,0.0,0.18615882121685132,0.05141445833363336,0.05492852515518677,0.10985705031037354,0.0,0.0,0.0,0.0,0.0,0.0,0.15424337500090007,0.0810409628946595,0.05369877842273601,0.0,0.0,0.20565783333453344,0.0,0.0,0.32357407927731313,0.11244690491340753,0.0,0.0,0.0,0.0,0.0,0.0,0.0,0.0,0.0,0.0,0.06218634518800493,0.0,0.0,0.0,0.05141445833363336,0.09867019247396276,0.0,0.0,0.0,0.0837270136395128,0.016079357063130156,0.0,0.052528974681892486,0.0,0.0,0.22230235940529633,0.0,0.16938531847396254,0.03497515060003401,0.0,0.03510764816371696,0.0,0.0,0.0,0.10352108903078397,0.0,0.0,0.0,0.0,0.0,0.0,0.0,0.0,0.0,0.04933509623698138,0.04373910864572825,0.0,0.0,0.0,0.0,0.0,0.09867019247396276,0.05141445833363336,0.0,0.0,0.0,0.0,0.0,0.0,0.0,0.0,0.0,0.0,0.14132673908436624,0.024496006634852845,0.0,0.0,0.05514071375491018,0.05869397978624419,0.0,0.020363701019069785,0.023207845516468942,0.07210721058673147,0.059525192392359344,0.0,0.0,0.0,0.0,0.0,0.01755382408185848,0.0,0.0,0.06962353654940683,0.06670673254037135,0.0,0.049450186097883465,0.028416370259253674,0.0,0.020841639098181552,0.018526353585237385,0.050879044263936135,0.019330695679238848,0.023207845516468942,0.021006069728679768,0.044102032238471284,0.03922962617955176,0.0,0.036546233321085454,0.1197939203898036,0.0,0.0639511001239289,0.03331304192394352,0.028267023003704924,0.044102032238471284,0.018052019577342437,0.03774288451874125,0.0,0.020365446170021936,0.06050455311788366,0.012729771931472452,0.022486360869672966,0.0568429481677224,0.03367058839795928,0.03602925646871077,0.02740127671337666,0.048175449696193785,0.05160274594913102,0.03454193066766513,0.07386817589818782,0.06065464469935087
14,0.0,0.0,0.0,0.0,0.0,0.11021539132422788,0.0,0.0,0.0,0.0,0.0,0.0,0.0,0.0,0.0,0.0,0.0,0.0,0.0,0.0,0.0,0.0,0.0,0.0,0.0,0.0,0.0,0.0,0.0,0.0,0.0,0.0,0.0,0.0,0.0,0.1895993296778211,0.0,0.0,0.0,0.0,0.0,0.0,0.0,0.0,0.0,0.0,0.0,0.0,0.0,0.0,0.07712518776485132,0.0,0.0,0.0,0.0,0.0,0.0,0.0,0.0,0.0,0.0,0.0,0.0,0.0,0.0,0.0,0.0,0.0,0.0,0.0,0.0,0.0,0.0,0.0,0.0,0.0,0.0,0.0,0.0,0.0,0.0,0.0,0.0,0.0,0.0,0.0,0.0,0.0,0.0,0.0,0.0,0.0,0.0,0.0,0.0,0.0,0.0,0.0,0.0,0.0,0.0,0.0,0.0,0.0,0.0,0.0,0.0,0.0,0.0,0.0,0.0,0.0,0.0,0.0,0.0,0.0,0.10306977628171897,0.0,0.0,0.10306977628171897,0.0,0.0,0.0,0.0,0.0,0.0,0.0,0.0,0.0,0.0,0.0,0.0,0.0,0.0,0.0,0.0,0.0,0.0,0.0,0.0,0.0,0.0,0.0,0.0,0.0,0.0,0.0,0.0,0.08762116285358416,0.0,0.0,0.0,0.0,0.0,0.0,0.0,0.0,0.0,0.0,0.0,0.0,0.0,0.0,0.0,0.0,0.0,0.0,0.0,0.0,0.09711797918985512,0.0,0.0,0.0,0.0,0.0,0.0,0.0,0.0,0.0,0.0,0.0,0.0,0.13423078356594498,0.0,0.0,0.0,0.0,0.0,0.0,0.0,0.0,0.0,0.0,0.0,0.0,0.16050547508222393,0.0,0.08372653459921854,0.0,0.0,0.0,0.0,0.0,0.0,0.0,0.0,0.0,0.0,0.0,0.0,0.0,0.0,0.0,0.0,0.0,0.0,0.0,0.0,0.0,0.06931380926178282,0.0,0.0,0.0,0.0,0.0,0.07712518776485132,0.07712518776485132,0.0,0.0,0.0,0.0,0.0,0.29873483235250153,0.0,0.3870076488519509,0.0,0.0,0.0,0.0,0.0,0.0,0.0,0.0,0.0,0.0,0.0,0.0,0.0,0.0,0.0,0.0,0.0,0.0,0.0,0.0,0.0,0.0,0.0,0.0,0.0,0.0,0.0,0.0,0.0,0.0,0.0,0.07428729212780223,0.0,0.0,0.0,0.0,0.0,0.0,0.0,0.0,0.0,0.0,0.0,0.0,0.0,0.0,0.0,0.0,0.0,0.08372653459921854,0.08372653459921854,0.0,0.0,0.0,0.06931380926178282,0.13423078356594498,0.0,0.0,0.0,0.13423078356594498,0.06711539178297249,0.0,0.0,0.0,0.0,0.0,0.07712518776485132,0.059746966470500304,0.0,0.0,0.0,0.0,0.0,0.06931380926178282,0.0,0.07169510079109033,0.0,0.0,0.056717633771160694,0.0,0.0,0.0,0.0,0.0,0.0,0.0,0.0,0.0,0.0,0.0,0.0,0.07428729212780223,0.0,0.12281470626611345,0.059746966470500304,0.0,0.0,0.19523086068583756,0.0631795547923755,0.0,0.0,0.0,0.0,0.0,0.0,0.0,0.0,0.0,0.10093684970745515,0.06711539178297249,0.0,0.0,0.0,0.058186991380828515,0.0,0.0,0.0,0.0,0.0,0.0,0.0,0.0,0.06931380926178282,0.20755670813494126,0.0,0.0,0.04939762754784077,0.1055476967105635,0.0,0.0631795547923755,0.0,0.0,0.0,0.0,0.0894281921200321,0.0,0.0,0.0,0.0,0.0,0.0,0.0,0.04646603827442859,0.03454236279123376,0.0,0.0,0.0,0.0,0.10318468159627067,0.0,0.0,0.0,0.0,0.0,0.0,0.059746966470500304,0.0,0.0,0.05401797964859974,0.0,0.0,0.0,0.09675191221298772,0.0,0.0,0.04634584028440445,0.029962653783115915,0.05046842485372757,0.0,0.0,0.09708278308560021,0.051592340798135336,0.12205564074632591,0.0,0.0,0.01686524164874316,0.0,0.0,0.0,0.2320739765634526,0.0,0.0,0.03519472185090801,0.0,0.0,0.08467863422821764,0.0,0.0,0.0,0.0,0.21011679089720559,0.0,0.0,0.0,0.031081261939652886,0.04841664997880878,0.04739983241945527,0.0,0.0,0.0,0.0,0.08778186172603607,0.04323817601230714,0.0,0.0,0.0,0.0,0.0,0.15086991839573133,0.023535103769951275,0.0,0.03503302797241855,0.026488856725009342,0.1409789895075461,0.0,0.039129791542608226,0.06689241972974867,0.01731966672177799,0.028595101249834946,0.0,0.0,0.028595101249834946,0.0,0.02795871170538544,0.03373048329748632,0.0,0.0,0.0,0.064090032954935,0.0,0.0,0.10920673443406911,0.019126636305916413,0.04004817162432346,0.01779962181619445,0.0,0.01857241204813088,0.06689241972974867,0.2018206633565767,0.021186022698927828,0.018845384408055256,0.016434338574398227,0.035112637191599294,0.1304407438593761,0.09709516279646378,0.012288499101545515,0.010668757977027954,0.0,0.0,0.008671947234972213,0.03626234744980909,0.0,0.009783286232680724,0.01162622918429394,0.08561295540479097,0.021604290216159314,0.020479940419358248,0.01940987697514272,0.02967080549851742,0.047387536298657516,0.023142837619720448,0.05633923775036488,0.030421377392775773,0.044356596846976945,0.060433696164227196
15,0.10661628394354968,0.0,0.0,0.0,0.0,0.0,0.0,0.0,0.0,0.0,0.0,0.0,0.0,0.0,0.10661628394354968,0.0,0.0,0.0,0.10661628394354968,0.0,0.0,0.0,0.0,0.0,0.10661628394354968,0.0,0.0,0.0,0.0,0.0,0.0,0.0,0.06935388180783061,0.0,0.0,0.41266782599524066,0.0,0.0,0.0,0.0,0.0,0.0,0.0,0.0,0.0,0.0,0.0,0.0,0.0,0.0,0.0,0.0,0.08903219638557204,0.0,0.0,0.0,0.0,0.0,0.0,0.0,0.0,0.0,0.0,0.0,0.0,0.0,0.0,0.0,0.0,0.0,0.0,0.09394657062795564,0.0,0.0,0.0,0.0,0.0,0.0,0.0,0.0,0.0,0.0,0.0,0.09394657062795564,0.0,0.11257376524898441,0.0,0.0,0.0,0.06935388180783061,0.0,0.0,0.0,0.09970401050179165,0.0,0.0,0.0,0.0,0.0,0.0,0.0,0.0,0.0,0.0,0.0,0.0,0.0,0.0,0.0,0.0,0.0,0.0,0.0,0.0,0.0,0.0,0.0,0.0,0.0,0.0,0.0,0.0,0.0,0.0,0.0,0.0,0.0,0.0,0.0,0.0,0.0,0.0,0.0,0.0,0.0,0.0,0.12984744837072518,0.20806164542349184,0.0,0.0,0.0,0.0,0.0,0.0,0.0,0.0,0.0,0.0,0.0,0.0,0.0,0.08903219638557204,0.0,0.0,0.0,0.08903219638557204,0.0,0.08903219638557204,0.08903219638557204,0.0,0.0,0.0,0.0,0.0,0.0,0.0,0.0,0.09394657062795564,0.0,0.0,0.0,0.0,0.0,0.0,0.0,0.0,0.0,0.0,0.0,0.0,0.0,0.0,0.19477117255608778,0.0,0.0,0.36577807608837976,0.0,0.03956593207641628,0.0,0.0,0.0,0.0,0.0,0.0,0.0,0.0,0.08099242654938925,0.0,0.08099242654938925,0.0,0.0,0.0,0.0,0.0,0.0,0.0,0.0,0.0,0.0,0.0,0.0,0.0,0.0,0.0,0.0,0.0,0.0,0.0,0.0,0.0,0.0,0.0,0.0,0.0,0.0,0.0,0.0,0.0,0.0,0.0776320670836243,0.0776320670836243,0.0,0.0,0.0,0.1871849152943804,0.0,0.0,0.0,0.1188041655379327,0.0,0.0,0.0,0.0,0.0,0.0,0.0,0.0,0.0,0.0,0.0,0.0,0.0,0.08099242654938925,0.0,0.0,0.0,0.0,0.0,0.0,0.0,0.0,0.0,0.0,0.0,0.0,0.0,0.0,0.0,0.0,0.06935388180783061,0.0,0.0,0.0,0.0,0.0,0.0,0.0,0.0,0.0,0.0,0.0776320670836243,0.0,0.0,0.0,0.0,0.0,0.10450802173953709,0.0,0.0,0.0,0.0,0.0,0.0,0.0,0.06492372418536259,0.0,0.0,0.0,0.0,0.0,0.0,0.07460664812001998,0.0,0.0,0.0,0.0,0.0,0.0,0.0670503518671334,0.06935388180783061,0.0,0.05486550720455552,0.0,0.0,0.0,0.0670503518671334,0.0670503518671334,0.0,0.19113814945447044,0.0,0.0,0.0,0.0,0.0,0.0,0.0,0.0718614245772236,0.0718614245772236,0.0,0.0,0.11257376524898441,0.0,0.0,0.06111641280077948,0.0,0.0,0.0,0.0,0.05486550720455552,0.05779591639107423,0.0,0.0,0.0,0.0,0.0,0.0,0.0,0.0,0.0,0.0,0.0,0.0,0.0,0.0,0.04778453736361761,0.05486550720455552,0.0,0.0,0.05019472476354334,0.0,0.0,0.0,0.051050506952232774,0.0,0.0,0.048820367552475444,0.0,0.03956593207641628,0.0,0.043253947606915366,0.04778453736361761,0.0,0.0,0.0,0.0,0.0,0.0,0.0,0.0,0.052254010869768545,0.06111641280077948,0.0,0.0,0.0,0.09764073510495089,0.0,0.0,0.0,0.0,0.0,0.0,0.0,0.0,0.0,0.0,0.09170396133227571,0.0,0.0,0.0,0.0,0.044832406871636934,0.05796843371985076,0.0,0.045851980666137854,0.0,0.0,0.04990758177925395,0.039356629155482846,0.03250586400814412,0.0467962288235951,0.08157251772165668,0.0,0.044083516615205744,0.043138688888426,0.06414158594085503,0.0,0.0,0.0,0.0,0.027980159982318602,0.0,0.0,0.0,0.10699369653723241,0.0,0.08130215270461769,0.0,0.0,0.0,0.0,0.023417796914365303,0.045851980666137854,0.09556907472723522,0.03593950732543722,0.0,0.04095671757980252,0.04245766304700838,0.1394207468225585,0.03388901688623443,0.02589574886334265,0.0,0.0,0.0,0.0729716143315256,0.11383279939534388,0.022557652984235524,0.0,0.02562385739416043,0.013637529019149943,0.0,0.07570399951647323,0.0,0.0,0.0,0.0,0.055960319964637205,0.0,0.03083583826002921,0.02704571394305761,0.08157251772165668,0.0,0.013712399775868484,0.0,0.020665719700840447,0.053496848268616205,0.0,0.013205070620217325,0.03700410374223886,0.09685097485064868,0.08609185662919404,0.023643462077133196,0.03593185185207157,0.086277377776852,0.07809206642219786,0.020494188557191532,0.036459968629315914,0.0,0.050949039673782864,0.03711210977306092,0.08050671369326803,0.035661646537086596,0.0,0.01313566903801438,0.0,0.008388762927197774,0.02630864450316544,0.07472067811939488,0.018927621820369483,0.056232860810656406,0.07098621075136664,0.052246993646035356,0.013207442364523888,0.031293405425313454,0.02870189894402146,0.03056005738521161,0.03134194457043733,0.06539936134494112,0.0481548448655189,0.05435028863654928,0.037581570500466156
16,0.0,0.0,0.0,0.0,0.0,0.0,0.0,0.0,0.0,0.0,0.0,0.0,0.0,0.0,0.09604235572247131,0.0,0.0,0.0,0.09604235572247131,0.0,0.0,0.0,0.0,0.0,0.09604235572247131,0.0,0.0,0.0,0.0,0.0,0.0,0.0,0.12495108516159997,0.0,0.0,0.24782699648669476,0.0,0.0,0.0,0.0,0.0,0.0,0.0,0.0,0.0,0.0,0.0,0.0,0.0,0.0,0.0,0.0,0.0,0.08020221264270921,0.0,0.0,0.0,0.0,0.0,0.0,0.0,0.0,0.0,0.0,0.0,0.0,0.0,0.0,0.08462919191531508,0.0,0.0,0.0,0.0,0.0,0.0,0.0,0.0,0.0,0.0,0.0,0.0,0.0,0.0,0.0,0.08462919191531508,0.0507044946941947,0.2918392258203701,0.0,0.0,0.0,0.0,0.0,0.08981562374318176,0.0,0.0,0.0,0.0,0.0,0.08981562374318176,0.0,0.0,0.0,0.0,0.0,0.0,0.0,0.0,0.0,0.0,0.0,0.0,0.0,0.0,0.0,0.0,0.0,0.0,0.0,0.08981562374318176,0.0,0.08981562374318176,0.0,0.0,0.0,0.0,0.0,0.07635360896959076,0.22906082690877225,0.0,0.0,0.0,0.0,0.0,0.0,0.0,0.0,0.35090853943135136,0.0,0.0,0.0,0.0,0.0,0.0,0.0,0.0,0.0,0.0,0.15270721793918152,0.0,0.0,0.0,0.0,0.0,0.0,0.0,0.0,0.0,0.0,0.0,0.0,0.0,0.0,0.0,0.0,0.0,0.0,0.0,0.0,0.0,0.0,0.0,0.0,0.0,0.0,0.0,0.0,0.0,0.0,0.0,0.0,0.0,0.0,0.0,0.0,0.0,0.0,0.0,0.0,0.0,0.0860907802402907,0.0860907802402907,0.0,0.0,0.0,0.0,0.0,0.0,0.07295980645509252,0.0,0.0,0.0,0.0,0.0,0.0,0.0,0.0,0.0,0.0,0.0,0.0,0.0,0.0,0.0,0.0,0.0,0.0,0.0,0.0,0.0,0.0,0.0,0.0,0.0,0.0,0.0,0.0,0.0,0.0,0.0,0.20979815633784216,0.0,0.0,0.0,0.11068420770809011,0.0,0.0,0.0,0.0,0.0,0.0,0.0,0.0,0.0,0.0,0.0,0.24990217032319995,0.0,0.0,0.0,0.0,0.0,0.0,0.07295980645509252,0.0,0.0,0.0,0.0,0.0,0.0,0.0,0.0,0.0,0.0,0.0,0.0,0.0,0.0,0.0,0.062475542580799986,0.0,0.0,0.0,0.0,0.0,0.0,0.06720735306998771,0.0,0.0,0.0,0.06993271877928071,0.0,0.0,0.0,0.0,0.0,0.0,0.09414318552947128,0.0,0.0,0.0,0.0,0.0,0.0,0.0,0.0,0.0,0.0,0.0,0.0,0.0,0.0,0.0,0.0,0.0,0.13796234779055444,0.0,0.0,0.0,0.06040047080190603,0.0,0.0,0.0,0.052063866381581864,0.0,0.11341689846102693,0.0,0.0,0.0,0.0,0.0,0.0,0.0,0.0,0.14121477829420692,0.0,0.0,0.06473439372191521,0.0,0.0,0.0,0.0,0.03625664860359903,0.056708449230513464,0.0,0.0,0.0,0.0,0.0,0.0,0.0,0.0,0.0,0.0,0.0,0.0,0.0,0.0,0.0,0.1014089893883894,0.0,0.0,0.0,0.2551315609297301,0.0,0.0,0.0,0.0,0.0,0.11304135336597029,0.0,0.0,0.0,0.0,0.0,0.0,0.0,0.0,0.0,0.0,0.0,0.0,0.06784939444224075,0.0,0.0,0.0,0.0,0.0,0.04049078557311834,0.0,0.0,0.0,0.0,0.0,0.044957876463123804,0.13193546802266837,0.0507044946941947,0.0,0.08991575292624761,0.0,0.0,0.0,0.0,0.09414318552947128,0.0,0.0,0.0,0.0,0.0,0.0,0.0,0.0,0.026109636943190608,0.04397848934088946,0.0,0.0,0.050759113090868786,0.044957876463123804,0.01772667006190922,0.11712806481942042,0.0,0.058785892544137436,0.03052799154579313,0.0,0.03886030492130928,0.08667028317358315,0.0,0.0,0.0,0.0,0.05041031967717688,0.0,0.0,0.0,0.02409558437698841,0.0,0.12816792584507428,0.04304539012014535,0.0,0.02889009439119438,0.027084398827110584,0.0,0.0,0.0,0.0,0.03096858620208415,0.03689473590269671,0.038246821467390946,0.07535601391911893,0.09158397463737938,0.023327475241491074,0.0,0.0,0.03339087402440052,0.013146895543615271,0.0,0.04064088621440061,0.06105598309158626,0.0692476478021364,0.0,0.06574929860302081,0.06819587198353863,0.0,0.0,0.0,0.03886030492130928,0.07561547951576532,0.02491794343022056,0.0,0.0,0.08817883881620615,0.0,0.012352439311990992,0.07772060984261855,0.055848440670279484,0.02409558437698841,0.0,0.011895425754275659,0.0500011981755769,0.0,0.06204279056334002,0.04259712890622033,0.11328878191907796,0.0,0.03517354828458803,0.055384883289367554,0.0,0.0,0.030597363498797894,0.06017656749865044,0.0483481768986928,0.042833088476145156,0.01859363989794101,0.01183290724210198,0.0,0.022670361130350165,0.07109826286818141,0.04038604432077306,0.034100858154366705,0.05065583062460531,0.042630654231535864,0.03765221719293144,0.011897562275095447,0.028189806138964595,0.017236879060311114,0.05047018105645769,0.02016680806913747,0.060876995306147694,0.038559085758697424,0.041229445984081424,0.03573512316686063
17,0.0,0.0,0.10852364372353063,0.0,0.0,0.0,0.10852364372353063,0.0,0.10852364372353063,0.0,0.0,0.0,0.0,0.0,0.0,0.0,0.0,0.0,0.10852364372353063,0.0,0.0,0.0,0.0,0.0,0.10852364372353063,0.0,0.0,0.0,0.0,0.0,0.0,0.0,0.07059461914975343,0.0,0.0,0.4200504319601254,0.0,0.0,0.0,0.0,0.0,0.0,0.0,0.0,0.0,0.0,0.0,0.0,0.0,0.0,0.0,0.0,0.18124995550561565,0.0,0.0,0.0,0.0,0.0,0.0,0.0,0.0,0.0,0.0,0.0,0.0,0.0,0.0,0.0,0.0,0.0,0.0,0.0,0.0,0.0,0.0,0.0,0.0,0.0,0.0,0.0,0.0,0.0,0.0,0.0,0.09562726989503736,0.0,0.0,0.0,0.0,0.0,0.0,0.0,0.0,0.10148771006906043,0.0,0.10148771006906043,0.0,0.0,0.0,0.0,0.10148771006906043,0.0,0.0,0.0,0.0,0.0,0.0,0.0,0.0,0.0,0.0,0.0,0.0,0.0,0.10148771006906043,0.0,0.0,0.10148771006906043,0.0,0.0,0.0,0.0,0.0,0.0,0.12815611391685697,0.0,0.0,0.0,0.0,0.0,0.0,0.0,0.0,0.0,0.0,0.0,0.0,0.0,0.0,0.0,0.0,0.0,0.0,0.0,0.0,0.0,0.0,0.0,0.0,0.0,0.0,0.0,0.0,0.0,0.0,0.09062497775280783,0.0,0.09062497775280783,0.0,0.0,0.0,0.0,0.0,0.0,0.09562726989503736,0.0,0.0,0.0,0.0,0.0,0.0,0.0,0.0,0.0,0.0,0.0,0.0,0.0,0.0,0.0,0.0,0.0,0.0,0.0,0.0,0.0,0.0,0.0,0.0,0.1945576010166959,0.1945576010166959,0.0,0.0,0.0,0.07902090072999757,0.0,0.0,0.0,0.0,0.0,0.0,0.0,0.0,0.0,0.0,0.08627622463536573,0.0,0.0,0.0,0.09062497775280783,0.0,0.0,0.0,0.0,0.0,0.0,0.0,0.0,0.0,0.06824987917810828,0.0,0.0,0.0,0.0,0.0,0.07594135717833476,0.0,0.0,0.0,0.07902090072999757,0.0,0.060464782943178155,0.0,0.4168943112919912,0.0,0.0,0.0,0.0,0.0,0.0,0.0,0.0,0.0,0.0,0.0,0.0,0.0,0.0,0.0,0.0,0.0,0.0,0.0,0.0,0.0,0.0,0.0,0.0,0.0,0.0,0.0,0.0,0.0,0.0,0.0,0.0,0.0,0.0,0.0,0.0,0.0,0.0,0.0,0.0,0.0,0.0,0.0,0.0,0.0,0.0,0.0,0.0,0.0,0.0,0.0,0.0,0.0,0.0,0.0,0.06824987917810828,0.06608520623760991,0.0,0.0,0.0,0.0,0.0,0.0,0.0,0.07314702172899924,0.0,0.0,0.0,0.0,0.0,0.05196379786903008,0.0,0.0,0.15589139360709023,0.06824987917810828,0.0,0.0,0.0,0.0,0.1675411448329198,0.0,0.0,0.0,0.06824987917810828,0.0,0.0,0.0,0.07059461914975343,0.0,0.0,0.0,0.0,0.0,0.0,0.060464782943178155,0.0,0.057293852029984785,0.040968420506428814,0.0,0.0,0.0,0.0,0.0,0.0,0.0,0.0,0.0,0.0,0.0,0.049693761391288865,0.0,0.0,0.0,0.0,0.0,0.0,0.0,0.0,0.0,0.0,0.0,0.0,0.0,0.0,0.0,0.0,0.0,0.04863940025417397,0.0,0.0,0.0,0.0,0.0,0.04027376454542234,0.0,0.0,0.0,0.15333367146021032,0.0,0.0,0.0,0.0,0.0,0.0,0.0,0.0,0.062209782250184045,0.0,0.0,0.0,0.0,0.0,0.057293852029984785,0.0,0.0,0.0,0.0,0.0,0.0,0.05318883240911665,0.0,0.0,0.08805551696426644,0.04763341092572285,0.0,0.0,0.0,0.1475137149676653,0.0,0.0,0.03550643329805602,0.0,0.10160085164818584,0.020030358603054382,0.06617478445249815,0.0,0.0,0.034495289637459965,0.04487216843687761,0.0,0.0,0.0,0.04321722843282435,0.0,0.08805551696426644,0.0,0.0,0.0,0.020689160998013333,0.027226952052226007,0.0,0.0,0.0,0.0,0.0,0.0,0.0,0.0,0.0,0.0,0.06998628449572869,0.0,0.04321722843282435,0.09934048371725031,0.0,0.026359022464967886,0.019872282358209176,0.0,0.037730221098621876,0.07427707272032039,0.04634770490471527,0.0,0.0,0.0,0.041644511114094555,0.0,0.05779375510068924,0.0,0.0170538190550465,0.0,0.0,0.02848072359055657,0.0,0.0,0.1101182414408276,0.09963821499023881,0.07017172228045053,0.0,0.0,0.0,0.0,0.0,0.013441308647479147,0.0,0.0,0.03505281418838717,0.07219932715554508,0.05486200622203571,0.0,0.03974456471641835,0.08344331410241657,0.03711223557363884,0.0,0.0691473537949879,0.09066250437254463,0.08194697461812155,0.03629963154066026,0.0,0.026741330949153385,0.02086082852560414,0.042694187300431195,0.04463217464388849,0.030422970867389404,0.05779870797377689,0.022895545507482573,0.0240853834577579,0.021272675859046197,0.01344372282216812,0.025482594257896618,0.10712303955753702,0.03110677522393618,0.03646017180603294,0.07766424460813577,0.04084694378170263,0.055322612476222756,0.03612868601931979
18,0.0,0.0,0.0,0.0,0.0,0.0,0.0,0.0,0.0,0.0,0.0,0.0,0.0,0.0,0.0,0.0,0.0,0.0,0.0,0.0,0.0,0.09639466764642696,0.0,0.0,0.0,0.0,0.0,0.0,0.0,0.0,0.0,0.05525700279323417,0.0,0.0,0.0,0.0,0.0,0.0,0.0,0.0,0.0,0.0,0.0,0.0,0.24148925463288556,0.0,0.0,0.0,0.0,0.0,0.0,0.0,0.0,0.0,0.0,0.0,0.0,0.0,0.0,0.08493963696013106,0.0,0.0,0.0,0.0,0.0,0.1698792739202621,0.0,0.0,0.0,0.0,0.0,0.0,0.0,0.0,0.0,0.0,0.0,0.0,0.08493963696013106,0.0,0.0,0.0,0.0,0.0,0.0,0.0,0.0,0.06497185873020982,0.0,0.0,0.0,0.0,0.0,0.0,0.0,0.09014509416239633,0.0,0.0,0.0,0.0,0.0,0.0,0.0,0.0,0.09014509416239633,0.09014509416239633,0.0,0.0,0.0,0.09014509416239633,0.0,0.0,0.0,0.0,0.0,0.0,0.0,0.0,0.0,0.0,0.0,0.0,0.0,0.0,0.0,0.0,0.0,0.0,0.0,0.0,0.0,0.0,0.0,0.0,0.21968233417063393,0.0,0.0,0.0,0.0,0.0,0.1403785055797535,0.0,0.0,0.0,0.0,0.0,0.0,0.0,0.0,0.0,0.0,0.0,0.0,0.0,0.0,0.0,0.0,0.0,0.0,0.0,0.0,0.0,0.0,0.0,0.0,0.08493963696013106,0.0,0.0,0.08493963696013106,0.08493963696013106,0.0,0.0,0.0,0.0,0.0,0.0,0.03985710039433042,0.0,0.12124407538402747,0.0,0.0,0.0,0.0,0.0,0.0,0.0,0.0,0.0,0.09448853073234242,0.38882964071592735,0.38882964071592735,0.0,0.0,0.0,0.0,0.0,0.0,0.0,0.0,0.0,0.0,0.15326739342997778,0.0,0.07663369671498889,0.0,0.0,0.0,0.0,0.0,0.0,0.0,0.0,0.0,0.0,0.0,0.08049641821096186,0.0,0.0,0.0,0.0,0.16756680840413357,0.0,0.0,0.0,0.0,0.0,0.0,0.0,0.0,0.0,0.0,0.0,0.0,0.07406015353309436,0.0,0.0,0.0,0.0,0.0,0.0,0.0,0.0,0.0,0.0,0.07018925278987675,0.0,0.0,0.0,0.0,0.0,0.0,0.0,0.0,0.0,0.0,0.0,0.0,0.0,0.0,0.0,0.0,0.0,0.0,0.0,0.0,0.0,0.0,0.0,0.12540944290264533,0.0,0.05691647268748359,0.18186611307604122,0.12994371746041963,0.0,0.0,0.0,0.0,0.0,0.0,0.0,0.0,0.0,0.0,0.0,0.0,0.0,0.0,0.0,0.0,0.0,0.11739859210493424,0.10178098772067792,0.0,0.0,0.0,0.0,0.0,0.0,0.12994371746041963,0.0,0.0,0.0,0.0,0.0,0.0,0.0,0.0,0.0,0.0,0.0,0.0,0.0,0.0,0.0,0.05691647268748359,0.0,0.0,0.12124407538402747,0.0,0.0,0.0,0.0,0.0,0.0,0.0,0.0,0.06497185873020982,0.0,0.05370703061693499,0.0,0.0,0.0,0.05691647268748359,0.0,0.0,0.0,0.0674538896286335,0.0,0.0,0.0,0.0,0.0,0.0,0.0,0.0,0.0,0.0,0.0,0.0,0.06270472145132266,0.0,0.0,0.0,0.10450970425470998,0.04320329341288082,0.0,0.0,0.0,0.0,0.0,0.0,0.0,0.0,0.04615614490416507,0.0,0.0,0.0,0.03577262995441322,0.0,0.0,0.0,0.0,0.0,0.0,0.0,0.0,0.10178098772067792,0.0,0.0,0.0,0.0,0.0,0.04615614490416507,0.0,0.044139815519071965,0.0,0.0,0.0,0.0,0.0,0.05225485212735499,0.0,0.0,0.0,0.0,0.04145601660233214,0.0,0.04230973691546962,0.0,0.0,0.0,0.0,0.0,0.0,0.0,0.016981770871178553,0.0,0.0,0.0,0.0,0.0,0.0,0.0,0.03900285607688371,0.0579921436987724,0.0,0.0,0.0,0.0,0.025297619860935275,0.0,0.0,0.03675373826126877,0.048367948293104805,0.0,0.1286380839144407,0.08640658682576163,0.0,0.0289960718493862,0.0,0.0,0.0,0.04320329341288082,0.0,0.0,0.07406015353309436,0.0,0.025210814063061807,0.0,0.09365218943323621,0.017651287660185533,0.0,0.0,0.052780489065516495,0.0,0.0,0.0,0.0,0.02466011811132899,0.0,0.03422301736177329,0.019501428038441855,0.04544347655985695,0.07502804957208851,0.0,0.025297619860935275,0.0,0.0,0.04890552381626319,0.04425115251076292,0.041552725994797875,0.0,0.11700856823065114,0.0,0.048367948293104805,0.0,0.011939061713662895,0.0,0.08756558741912109,0.031135190985380725,0.0,0.09746087902580591,0.07800571215376742,0.0,0.0,0.032964444345883546,0.028747030443464595,0.015354801863910618,0.12079462608970512,0.0,0.032242659737483664,0.046654617247169704,0.07125788318996068,0.07411740201711296,0.06826056827154475,0.03964392913396133,0.04053419234222231,0.03422595024373215,0.07117831178705734,0.03209027711226655,0.04723792090428846,0.01791180910781468,0.016975928838948166,0.034600218117965,0.06447040815153711,0.04857788620507027,0.05124542148310519,0.03628174870575027,0.04396698084451463,0.03020312440111595
19,0.0,0.0,0.0,0.0,0.0,0.0,0.0,0.0,0.0,0.0,0.0,0.0,0.0,0.1042026439990589,0.0,0.0,0.0,0.0,0.0,0.0,0.0,0.0,0.0,0.0,0.0,0.0,0.0,0.0,0.0,0.0,0.0,0.0,0.0,0.0,0.0,0.0,0.0,0.0,0.0,0.0,0.0,0.0,0.0,0.0,0.08701663499482104,0.0,0.0,0.0,0.0,0.0,0.0,0.0,0.17403326998964208,0.0,0.0,0.0,0.0,0.0,0.0,0.0,0.0,0.0,0.0,0.0,0.0,0.0,0.0,0.0,0.0,0.0,0.0,0.0,0.0,0.0,0.0,0.0,0.09181975484402138,0.0,0.0,0.0,0.0,0.0,0.0,0.0,0.0,0.0,0.07915887403104838,0.14046916972740145,0.0,0.0,0.0,0.0,0.0,0.0,0.09744685452643924,0.0,0.0,0.0,0.0,0.0,0.09744685452643924,0.0,0.0,0.0,0.0,0.0,0.0,0.0,0.0,0.0,0.0,0.0,0.0,0.0,0.0,0.09744685452643924,0.0,0.0,0.0,0.0,0.0,0.0,0.0,0.0,0.0,0.0,0.08284103272614822,0.0,0.0,0.0,0.0,0.0,0.0,0.0,0.0,0.0,0.0,0.0,0.0,0.0,0.0,0.0,0.0,0.0,0.08284103272614822,0.0,0.0,0.0,0.0,0.0,0.0,0.17403326998964208,0.0,0.0,0.0,0.0,0.0,0.0,0.0,0.0,0.0,0.07291766047792214,0.0,0.09181975484402138,0.0,0.0,0.0,0.0,0.0,0.0,0.0,0.0,0.0,0.09181975484402138,0.0,0.0,0.3015987026296238,0.0,0.0,0.0,0.0,0.0,0.0,0.0,0.0,0.0,0.0,0.0,0.30642632949400617,0.14010829166200803,0.14010829166200803,0.0,0.0,0.0,0.0,0.0,0.0,0.0,0.0,0.0,0.0,0.0,0.0,0.0,0.0,0.0,0.0,0.0,0.0,0.0,0.0,0.0,0.0,0.08701663499482104,0.0,0.08701663499482104,0.08701663499482104,0.0,0.0,0.0,0.0,0.0,0.0,0.0,0.0,0.0,0.0,0.0,0.0,0.0,0.0,0.05805730470642351,0.0,0.28020661313974204,0.0,0.0,0.0,0.06152671186014353,0.0,0.0,0.0,0.0,0.0,0.0,0.0,0.0,0.0,0.0,0.0,0.0,0.0,0.07915887403104838,0.0,0.0,0.0,0.0,0.0,0.0,0.0,0.0,0.0,0.0,0.0,0.0,0.0,0.0,0.0,0.0,0.0,0.0,0.1845801355804306,0.0,0.0,0.0,0.0,0.0,0.0,0.0,0.0,0.0,0.0,0.0,0.0,0.0,0.0,0.0,0.0,0.05973282476203248,0.0,0.0,0.0,0.0,0.0,0.0,0.0,0.0,0.0,0.0,0.0,0.0,0.0,0.0,0.0,0.0,0.0,0.0,0.0,0.0,0.0,0.0,0.06778380927064198,0.0,0.0,0.0,0.12305342372028706,0.0,0.0,0.0,0.0,0.0,0.0,0.0,0.06778380927064198,0.0,0.053623430714309646,0.0,0.0,0.0,0.17417191411927055,0.0,0.0,0.0,0.0,0.0,0.05973282476203248,0.0,0.0,0.0,0.053623430714309646,0.0,0.05648749963455131,0.0,0.0,0.0,0.0,0.06345394407070522,0.0,0.0,0.0,0.0,0.0,0.0,0.0,0.0,0.04670276388733601,0.0,0.0,0.0,0.0,0.0,0.0,0.0,0.04989479660284887,0.0,0.0,0.0,0.0,0.0,0.0,0.0,0.0,0.0,0.0,0.0,0.0,0.04670276388733601,0.0,0.0,0.0,0.05107105491566769,0.0,0.0,0.0,0.0,0.0,0.0,0.05501262823080812,0.0,0.0,0.0,0.0,0.0,0.0,0.0,0.0,0.08962791501033851,0.0,0.0,0.0,0.0,0.0,0.0,0.0,0.044813957505169255,0.03409270184531631,0.0,0.0,0.0,0.0,0.13721048771082953,0.0,0.0,0.0,0.08432418153322388,0.0,0.0,0.041496482374698995,0.0,0.0,0.0,0.0,0.047715144364507585,0.0,0.2352859031525639,0.0,0.11919238264469104,0.14010829166200803,0.0,0.0,0.0,0.0,0.08962791501033851,0.0,0.1756294418082031,0.0,0.04002951616282029,0.124489447124097,0.027252892165939978,0.0,0.12654753101902605,0.0572431304268563,0.0,0.0,0.09984749811718109,0.06675347272705395,0.0,0.0331218180887276,0.0,0.013328794897426091,0.0,0.0,0.0,0.0,0.027035109342288307,0.16864836306644776,0.0,0.08110532802686493,0.030137759053051126,0.07930031316419708,0.031890333108054156,0.0224592501833625,0.0,0.08432418153322388,0.040395754819426866,0.0,0.0,0.01290612673716421,0.0,0.0,0.03365714412743861,0.04621641592823149,0.14047362478890313,0.0,0.0,0.02003022948544454,0.0356345671671416,0.0,0.016598542132744948,0.04352633372347313,0.0,0.09294484784936713,0.09078056144715474,0.05135318522946829,0.04006045897088908,0.00819885335112712,0.07713916343340167,0.04381746540087306,0.03699825515098729,0.021983931757381298,0.04625278975009923,0.020425678620731164,0.12263022549148256,0.012233987021264736,0.00935070968878883,0.049780369103655346,0.03500846610465222,0.0383512880917944,0.03922057346487203,0.039140961231216534,0.053055567613509255
20,0.0,0.0,0.0,0.0,0.0,0.0,0.0,0.0,0.0,0.0,0.0,0.0,0.0,0.0,0.0,0.0,0.0,0.0,0.0,0.0,0.0,0.0,0.0,0.0,0.0,0.0,0.0,0.0,0.0,0.0,0.0,0.0,0.0,0.0,0.0,0.0,0.0,0.0,0.0,0.0,0.0,0.0,0.0,0.0,0.09165665375696634,0.0,0.0,0.0,0.07139826927365377,0.0,0.0,0.0,0.0,0.0,0.0,0.0,0.0,0.0,0.0,0.19343178412469955,0.0,0.0,0.0,0.0,0.0,0.0,0.0,0.0,0.0,0.0,0.0,0.19343178412469955,0.0,0.0,0.0,0.09671589206234978,0.09671589206234978,0.0,0.0,0.0,0.0,0.0,0.0,0.0,0.0,0.0,0.08337989062995756,0.0,0.0,0.0,0.0,0.0,0.0,0.0,0.0,0.0,0.0,0.0,0.0,0.0,0.0,0.0,0.0,0.0,0.0,0.0,0.0,0.0,0.0,0.0,0.0,0.0,0.0,0.0,0.0,0.0,0.0,0.0,0.0,0.0,0.0,0.0,0.0,0.0,0.0,0.0,0.0,0.0,0.0,0.0,0.0,0.0,0.0,0.0,0.0,0.0,0.0,0.0,0.0,0.0,0.0,0.0,0.0,0.0,0.08725839437369638,0.17451678874739276,0.0,0.0,0.0,0.0,0.0,0.09165665375696634,0.0,0.0,0.0,0.0,0.0,0.0,0.0,0.0,0.0,0.07680587464213841,0.0,0.0,0.09671589206234978,0.0,0.0,0.0,0.09671589206234978,0.0,0.0,0.0,0.0,0.0,0.0,0.0,0.27229796294978315,0.0,0.20708051024891455,0.0,0.0,0.0,0.0,0.0,0.0,0.0,0.0,0.0,0.32276600889153895,0.09838622372307726,0.09838622372307726,0.0,0.0,0.0,0.0,0.0,0.0,0.0,0.0,0.0,0.0,0.0,0.0,0.0,0.08725839437369638,0.0,0.0,0.06683752114235036,0.0,0.0,0.0,0.0,0.0,0.0,0.09165665375696634,0.09165665375696634,0.0,0.0,0.0,0.0,0.0,0.0,0.15361174928427682,0.0,0.0,0.0,0.0,0.0,0.0,0.07992047576032198,0.0,0.0,0.0,0.0,0.0,0.0,0.0,0.06480752244792556,0.0,0.0,0.0,0.0,0.0,0.0,0.0,0.0,0.0,0.0,0.0,0.0,0.0,0.0,0.0,0.12961504489585113,0.0,0.0,0.0,0.0,0.13805367349927636,0.0,0.0,0.08725839437369638,0.0,0.0,0.0,0.0,0.0,0.0,0.0,0.0,0.0,0.0,0.14795945687855255,0.0,0.0,0.0,0.0,0.0,0.0,0.0,0.0,0.0,0.0,0.0,0.0,0.0,0.0,0.18875393782344052,0.0,0.0,0.0,0.0,0.0,0.0,0.0,0.0,0.0,0.0,0.0,0.0,0.0,0.0,0.0,0.0,0.0,0.0,0.0,0.0,0.0,0.0,0.0,0.0,0.0,0.0,0.0,0.0,0.0,0.0,0.0,0.0,0.07139826927365377,0.0,0.0,0.0,0.0,0.0,0.0,0.0,0.0,0.0,0.0,0.0,0.0,0.0,0.12583595854896035,0.06683752114235036,0.0,0.0,0.0,0.0,0.23799841011590384,0.0,0.0,0.0,0.06683752114235036,0.0,0.0,0.0,0.0,0.14279653854730753,0.0,0.0,0.0,0.0,0.0,0.0,0.0,0.0,0.0,0.0,0.0,0.04919311186153863,0.0,0.0,0.0,0.0,0.0,0.0,0.0,0.0,0.0,0.0,0.0,0.0,0.0,0.09838622372307726,0.0,0.0,0.0,0.0,0.0,0.0,0.0,0.0,0.05025947586046768,0.0,0.0,0.0,0.0,0.0,0.0,0.0,0.0,0.0,0.0,0.09440717597905657,0.0,0.0,0.0,0.04005480638416809,0.0,0.0,0.0,0.09440717597905657,0.10773191708211738,0.0,0.0,0.0,0.0,0.0,0.0,0.0,0.0,0.0,0.0,0.0,0.0,0.0,0.0,0.0,0.042164024191614316,0.10051895172093536,0.041849373387753186,0.19275832836513543,0.0,0.12554812016325956,0.09838622372307726,0.0,0.1980969819685262,0.0,0.02410809786423247,0.09440717597905657,0.0,0.0,0.0,0.0,0.0,0.02870610776063874,0.0,0.07997728182732067,0.04019701739260545,0.039401093832673234,0.07631948491822997,0.04507358636805724,0.0,0.06966779681111837,0.0,0.0,0.0,0.0,0.03896778667376213,0.044410314824230294,0.0172479599677907,0.028476712026560498,0.0,0.0,0.0,0.09523441627112297,0.027842957257319837,0.050386248906083404,0.04731370542701535,0.014116608704012094,0.022205157412115147,0.08509958384292558,0.0,0.04731370542701535,0.013594324691620058,0.05714234505011404,0.0,0.03545185591146517,0.024340415099216223,0.0,0.0,0.020098508696302725,0.10549154243491692,0.056302082667511494,0.06546518899741044,0.03496726411500441,0.07641217298355243,0.0,0.04895048939970148,0.07437211085806321,0.10818301852685686,0.0,0.043180218521040675,0.018056107175722178,0.07692326597465536,0.029228344633653397,0.02315618871521519,0.024359571797225442,0.03227226644427558,0.04079029904792156,0.04510220481287364,0.014773981326298773,0.04719134277703744,0.04609404363469663,0.06508293965554326,0.0358036864956025,0.061842132797331945,0.023643513547337486
21,0.0,0.0,0.0,0.0,0.09082289869148291,0.0,0.0,0.0,0.0,0.0,0.0,0.0,0.0,0.0,0.0,0.0,0.0,0.0,0.0,0.0,0.0,0.0,0.0,0.0,0.0,0.11424273536758967,0.0,0.0,0.11424273536758967,0.0,0.0,0.0,0.0,0.0,0.08678595811836694,0.0,0.0,0.0,0.0,0.0,0.0,0.0,0.0,0.09540082691549807,0.0,0.0,0.0,0.08678595811836694,0.0,0.0,0.0,0.15988678731948963,0.0,0.0,0.0,0.09540082691549807,0.18164579738296582,0.0,0.0,0.0,0.0,0.20133347008464067,0.0,0.0,0.20133347008464067,0.0,0.0,0.20133347008464067,0.0,0.10066673504232033,0.0,0.0,0.0,0.0,0.0,0.0,0.0,0.0,0.0,0.0,0.0,0.0,0.0,0.10066673504232033,0.0,0.0,0.0,0.0,0.0,0.0,0.0,0.0,0.0,0.10683601477682801,0.0,0.0,0.0,0.0,0.0,0.10683601477682801,0.0,0.10683601477682801,0.0,0.10683601477682801,0.0,0.0,0.0,0.10683601477682801,0.0,0.0,0.0,0.0,0.0,0.10683601477682801,0.10683601477682801,0.0,0.0,0.0,0.0,0.0,0.0,0.0,0.0,0.0,0.0,0.0,0.0,0.0,0.23983018097923445,0.0,0.0,0.0,0.0,0.0,0.0,0.0,0.0,0.0,0.0,0.0,0.0,0.16637045238922962,0.0,0.0,0.0,0.0,0.0,0.0,0.0,0.0,0.0,0.0,0.0,0.0,0.09540082691549807,0.09540082691549807,0.0,0.0,0.0,0.0,0.0,0.0,0.0,0.0,0.0,0.0,0.10066673504232033,0.0,0.0,0.0,0.0,0.0,0.0,0.0,0.0,0.2294089292935999,0.04723688855456854,0.0,0.0,0.0,0.0,0.0,0.0,0.0,0.0,0.0,0.0,0.0,0.1119836654380278,0.0,0.0,0.0,0.0,0.0,0.16637045238922962,0.0,0.0,0.0,0.0,0.0,0.0,0.0,0.0,0.0,0.09082289869148291,0.0,0.0,0.0,0.0,0.0,0.0,0.0,0.0,0.0,0.0,0.09540082691549807,0.0,0.0,0.07184658216672095,0.0,0.07943713492170379,0.0,0.0,0.0,0.0,0.0,0.0,0.0,0.0,0.0,0.0,0.0,0.0,0.0,0.0,0.0,0.0,0.06745490892860453,0.0,0.0,0.0,0.07700179941987602,0.0,0.0,0.0,0.0,0.0,0.0,0.0,0.0,0.17357191623673388,0.0,0.0,0.13490981785720907,0.0,0.0,0.0,0.0,0.0,0.0,0.0,0.0,0.0,0.0,0.0,0.0,0.0,0.0,0.07431488767965486,0.0,0.0,0.0,0.0,0.0,0.0,0.0,0.0,0.08318522619461481,0.0,0.0,0.0,0.0,0.0,0.0,0.0,0.0,0.0,0.0,0.17637040202125248,0.0,0.0,0.0,0.0,0.0,0.0,0.06956783304428324,0.0,0.0,0.07700179941987602,0.0,0.0,0.0,0.0,0.0,0.0,0.0,0.0,0.0,0.0,0.0,0.0,0.0,0.0,0.05879013400708416,0.13490981785720907,0.0,0.0,0.0,0.0,0.0,0.0,0.0,0.0,0.0559918327190139,0.0,0.0,0.0,0.0,0.0,0.0,0.0,0.0,0.0,0.0,0.0654881779401789,0.0,0.0,0.0,0.0,0.0,0.0,0.0,0.0,0.0,0.0,0.0,0.0,0.0,0.0,0.0,0.0,0.0,0.03793499125979326,0.0,0.0,0.0,0.0,0.0,0.0,0.0,0.0,0.0,0.0,0.0,0.0,0.0,0.06933671344324784,0.0,0.0,0.0,0.0,0.0,0.0,0.0,0.06365121884806839,0.05120264986523891,0.0,0.0,0.0,0.0,0.0,0.0,0.10940448007385409,0.0,0.0,0.0,0.0,0.10695511880835154,0.0,0.0,0.0,0.0,0.0,0.0,0.0,0.0,0.0463479790073792,0.0,0.0,0.0,0.0,0.0,0.0,0.0491318539679636,0.1868879409103949,0.02012605056977968,0.05347755940417577,0.021085939235843218,0.034831065972469,0.05014364586675869,0.0,0.0,0.0,0.04622447562883189,0.0,0.0,0.0,0.024320507002638915,0.0,0.0,0.0,0.10462514964034904,0.0,0.05732357247592265,0.0,0.10889729941683712,0.0,0.054343359686829046,0.0,0.03221699201898993,0.02509291336017954,0.0,0.10240529973047782,0.0,0.0,0.0,0.0,0.02987875190329199,0.036313158223107336,0.05549623519249284,0.0,0.0,0.07943713492170379,0.06255312240922764,0.04879018437506131,0.024171241812896167,0.0,0.05491355449844546,0.029226091196866,0.039104516254342976,0.060839430407327325,0.06933671344324784,0.053857616749648465,0.05927997071269686,0.04622447562883189,0.02998163033045983,0.0,0.0,0.0,0.06992603539082211,0.12311617425348365,0.0,0.04622447562883189,0.04428795038877802,0.0,0.0,0.0,0.0,0.04151155857510132,0.03690006378163035,0.10133888300521608,0.0,0.04622447562883189,0.020919532524935502,0.021960174124549075,0.01953400734654643,0.03406972057420131,0.07279135283270143,0.03181344371733373,0.057510334241525074,0.0891627034880279,0.0663516091333356,0.014075286684918344,0.021960174124549075,0.008988825981411284,0.04698424731951964,0.0,0.07098541834074007,0.04820423746868352,0.03803199000028065,0.04478745083268135,0.04953267929560947,0.06706375616407087,0.030754996557048216,0.06549214471826106,0.028786190844076402,0.06306974403427754,0.06019935380424831,0.05210773873878232,0.04698148785226046
22,0.0,0.0,0.0,0.0,0.0,0.0,0.0,0.0,0.0,0.0,0.0,0.0,0.0,0.0,0.11249316516444131,0.0,0.0,0.0,0.0,0.0,0.0,0.0,0.0,0.0,0.0,0.0,0.0,0.0,0.0,0.0,0.0,0.0,0.0,0.0,0.08545687469011203,0.0,0.0,0.0,0.0,0.0,0.0,0.0,0.0,0.0,0.0,0.08943199154274478,0.0,0.0,0.0,0.0,0.0,0.0,0.0,0.0,0.0,0.0,0.0,0.0,0.0,0.09912507447623205,0.0,0.0,0.0,0.0,0.0,0.09912507447623205,0.0,0.0,0.0,0.1982501489524641,0.0,0.0,0.0,0.0,0.0,0.0,0.0,0.0,0.0,0.0,0.0,0.0,0.0,0.0,0.0,0.0,0.0,0.0,0.0,0.0,0.0,0.0,0.0,0.0,0.0,0.0,0.0,0.0,0.0,0.0,0.0,0.0,0.10519987478529834,0.0,0.0,0.0,0.0,0.0,0.0,0.0,0.0,0.0,0.0,0.0,0.0,0.0,0.0,0.0,0.0,0.0,0.0,0.0,0.0,0.0,0.0,0.0,0.0,0.0,0.0,0.0,0.0,0.0,0.0,0.0,0.0,0.0,0.0,0.0,0.0,0.0,0.0,0.0,0.0,0.0,0.0,0.0,0.0,0.0,0.0,0.17091374938022405,0.0,0.0,0.09393981109169086,0.0,0.0,0.0,0.0,0.0,0.0,0.0,0.0,0.31487640269940304,0.0,0.0,0.0,0.0,0.0,0.0,0.0,0.0,0.0,0.0,0.0,0.0,0.0,0.0,0.37210783435291617,0.0,0.0,0.0,0.0,0.0,0.0,0.0,0.0,0.0,0.0,0.0,0.1654030376370012,0.0,0.0,0.0,0.0,0.0,0.0,0.0,0.0,0.0,0.0,0.1934557780056321,0.0,0.0,0.0,0.0,0.0,0.0,0.0,0.0,0.09393981109169086,0.0,0.0,0.0,0.09393981109169086,0.0,0.0,0.0,0.0,0.0,0.0,0.07074628778955562,0.0,0.0,0.07871910067485076,0.0,0.0,0.0,0.0,0.0,0.0,0.08191128617012253,0.0,0.0626764323504208,0.0,0.04321432547524884,0.0,0.0,0.0,0.0,0.0,0.0,0.0,0.0,0.0,0.0,0.0,0.0,0.0,0.0,0.0,0.0,0.08545687469011203,0.0,0.0,0.0,0.0,0.0,0.0,0.0,0.0,0.0,0.08943199154274478,0.08943199154274478,0.0,0.0,0.0,0.0,0.0,0.0,0.0,0.0,0.0,0.0,0.0,0.0,0.0,0.0,0.0,0.0,0.0,0.0,0.0,0.0,0.0,0.0,0.0,0.08545687469011203,0.1102686917580008,0.1289705186704214,0.0578897925861007,0.0,0.0,0.05938951677420197,0.0,0.1253528647008416,0.0,0.0,0.0,0.0,0.07582255547565196,0.0,0.0,0.0,0.1829451935837623,0.0,0.05386450266215102,0.0,0.13700487313441936,0.0,0.14149257557911124,0.0,0.07317679244133367,0.0,0.060981731194587434,0.0,0.0,0.0,0.0,0.0,0.0,0.0,0.0,0.07317679244133367,0.0,0.0,0.0,0.0,0.0,0.07582255547565196,0.0,0.0,0.0,0.0,0.06642187082480006,0.0,0.1934557780056321,0.0,0.07871910067485076,0.0,0.0,0.12196346238917487,0.0,0.0,0.0,0.05151143396985388,0.0,0.06850243656720968,0.0,0.0,0.0,0.0,0.0,0.07582255547565196,0.07470807178362113,0.0,0.05041850695901195,0.0,0.0,0.0,0.05296154822089513,0.0,0.09127636590176247,0.1008370139180239,0.0,0.0,0.0,0.0,0.045516570964643455,0.0,0.0,0.0,0.0,0.0,0.0,0.0,0.0,0.0,0.05938951677420197,0.047426331797576333,0.0352562348684428,0.0551343458790004,0.0,0.0,0.0,0.0,0.0,0.0,0.11877903354840394,0.10531715479830586,0.0,0.0,0.0,0.0,0.0,0.0,0.0,0.04837942426246679,0.0,0.0,0.0,0.08210513456055595,0.0,0.0,0.10302286793970776,0.04837942426246679,0.036805169162712016,0.019817830197861545,0.0,0.04152603730071437,0.0,0.0,0.051641364918328575,0.0,0.0,0.0682748564469652,0.03383859272835945,0.0,0.1343940172639718,0.0,0.0,0.0,0.0,0.0,0.021445918376942548,0.05644569070935615,0.04837942426246679,0.0,0.05041850695901195,0.026755559192323992,0.0676771854567189,0.0,0.0,0.09675884852493358,0.05041850695901195,0.0,0.0,0.0,0.0,0.04413176070166919,0.035757040414785106,0.05464633818007201,0.0,0.0,0.0,0.06159515270788133,0.048042987168043644,0.0,0.0,0.0270362904743293,0.1007247789314118,0.0,0.01996923501320982,0.022758285482321727,0.053032814356966086,0.0,0.022758285482321727,0.0,0.0,0.032535565094410045,0.0,0.03442757661221905,0.024246142356707617,0.0,0.0,0.06541455395630513,0.028222845354678075,0.024246142356707617,0.0,0.03904383645787011,0.0,0.01816747890449667,0.024946732207534083,0.07582496023214419,0.0,0.08239664149911793,0.043247730140285594,0.019234853819701744,0.0,0.10751488464983742,0.054820914365362836,0.014157398078043327,0.06271230099735493,0.07622471209806458,0.027719461455272182,0.021623865070142797,0.01770233323821814,0.10178235569235594,0.03153576648510712,0.009985473179389154,0.02373300687235188,0.04993273219363879,0.011025388370656223,0.0487741111512206,0.019811012510611462,0.030283999207404863,0.08598555381876764,0.03306956889440791,0.0529032903048773,0.042341022063392186,0.06640083333572065,0.03965313422184614
23,0.0,0.0,0.0,0.0,0.0,0.0,0.0,0.0,0.0,0.0,0.0,0.0,0.0,0.0,0.0,0.0,0.0,0.0,0.0,0.0,0.0,0.0,0.0,0.0,0.0,0.0,0.0,0.0,0.0,0.0,0.0,0.0,0.0,0.0,0.17694442601738425,0.0,0.0,0.0,0.0,0.0,0.0,0.08480151870914994,0.0,0.0,0.0,0.0925875915103735,0.0,0.0,0.0,0.0,0.0,0.0,0.0,0.0,0.0,0.0,0.0,0.0,0.0,0.0,0.0,0.0,0.0,0.0,0.0,0.0,0.0,0.0,0.0,0.0,0.0,0.10262269402391805,0.0,0.0,0.0,0.10262269402391805,0.0,0.0,0.0,0.10262269402391805,0.0,0.0,0.0,0.0,0.0,0.0,0.0,0.0,0.0,0.0,0.0,0.0,0.0,0.0,0.0,0.0,0.0,0.0,0.0,0.0,0.0,0.0,0.0,0.0,0.0,0.10891184312839809,0.0,0.0,0.0,0.0,0.0,0.0,0.0,0.0,0.0,0.0,0.0,0.0,0.0,0.0,0.0,0.0,0.0,0.0,0.0,0.0,0.0925875915103735,0.0,0.0,0.0,0.0,0.0,0.0,0.0,0.0,0.0,0.0,0.0,0.0,0.0,0.0,0.16960303741829988,0.0,0.0,0.0,0.0,0.0,0.0,0.0,0.0,0.0,0.0,0.0,0.0,0.0,0.09725446907622545,0.0,0.0,0.0,0.0,0.0,0.0,0.0,0.0,0.0,0.0,0.0,0.0,0.0,0.0,0.0,0.0,0.0,0.0,0.0,0.0,0.04815470332617305,0.0,0.0,0.0,0.0,0.0,0.0,0.0,0.0,0.0,0.0,0.0,0.0,0.0,0.0,0.0,0.0,0.08480151870914994,0.16960303741829988,0.0,0.0,0.0,0.0,0.13352123209545927,0.0,0.0,0.0,0.0,0.0,0.0,0.0,0.0,0.0,0.0,0.0,0.0,0.0,0.09725446907622545,0.0,0.0,0.0,0.0,0.07324256434123984,0.3662128217061992,0.04049030093098568,0.24449009168704997,0.0,0.0,0.0,0.08149669722901666,0.0,0.0,0.0,0.0,0.0,0.0,0.06313346622434586,0.08947827830908366,0.0,0.0,0.0,0.0,0.0,0.0,0.0,0.0,0.0,0.0,0.0,0.0,0.0,0.0,0.0,0.0,0.0,0.08847221300869212,0.0,0.0,0.0,0.0,0.0,0.0,0.07324256434123984,0.0,0.0,0.0,0.0,0.0,0.0,0.0,0.0,0.0,0.0,0.07575882913620788,0.0,0.0,0.0,0.0,0.07324256434123984,0.0,0.0,0.0,0.0,0.0,0.0,0.0,0.0,0.0,0.0,0.0,0.34247853858850985,0.0,0.0,0.0,0.0,0.06148507065796607,0.0,0.0,0.07091953902556943,0.0,0.0,0.0,0.0,0.0,0.0,0.0,0.0,0.0,0.0,0.0,0.0,0.0,0.21972769302371953,0.0,0.0,0.0,0.0,0.23972971533437637,0.0,0.0,0.0,0.0,0.0,0.0,0.0,0.0,0.0,0.0,0.0,0.0,0.07849794768684001,0.0,0.0,0.1894003986730376,0.0,0.0,0.0,0.0,0.0,0.0,0.0,0.0,0.0,0.0,0.0,0.0,0.0,0.0,0.0,0.0,0.0,0.12297014131593215,0.0,0.0,0.0,0.07849794768684001,0.07734413953561033,0.0,0.0,0.0,0.0,0.07324256434123984,0.0,0.0,0.0,0.05219751954928512,0.0,0.0,0.0,0.0,0.023561309586922763,0.0,0.0,0.04724852222833768,0.0,0.08227524673190394,0.0,0.0,0.0,0.0,0.12297014131593215,0.0,0.03650024801955768,0.057079756431418306,0.0,0.0,0.0,0.0,0.0,0.06148507065796607,0.06148507065796607,0.10903326135636501,0.0,0.0,0.0,0.0,0.0,0.0,0.0,0.0,0.0,0.0,0.0,0.0,0.0,0.06332191581783841,0.0,0.0,0.0,0.10258550297991242,0.10903326135636501,0.0,0.03550783507895519,0.0,0.017821175314768102,0.0,0.0,0.047122619173845526,0.0,0.0,0.046378699453529675,0.0,0.0,0.0,0.0,0.0,0.0,0.02921868597447514,0.0,0.0,0.05219751954928512,0.0,0.0,0.0,0.0,0.0,0.0,0.03925858111665022,0.0,0.0,0.046378699453529675,0.12183718933961829,0.03701872444562171,0.028287264711845138,0.02132599993957621,0.0,0.0,0.01594213306546635,0.0,0.0,0.03701872444562171,0.0,0.014896977701473153,0.039864318683184644,0.16539078173555108,0.0,0.0,0.0,0.0,0.03056417469432692,0.030215891543708153,0.0,0.0,0.053463525944304306,0.07530499608137133,0.0,0.047122619173845526,0.022574233582639443,0.02921868597447514,0.025101665360457107,0.02884916208787176,0.0,0.0,0.09404258401082903,0.025826975462643873,0.01962510932373847,0.0,0.04265199987915242,0.0671605837503762,0.0,0.0,0.11130853791270225,0.016215790146956496,0.04397082187775439,0.14283521786737416,0.0563673531216835,0.014348770109193052,0.0671605837503762,0.0,0.04789715326108602,0.016324251618024588,0.020675619447190464,0.024570423935599665,0.03877095319798255,0.0684865093863621,0.02164075773421175,0.0,0.026127139549903287,0.07789210321722684,0.0048909179612375625,0.08810822589216952,0.0555243603240895,0.059369628966536345,0.03877160871492442
24,0.0,0.0,0.0,0.0,0.0,0.0,0.0,0.0,0.0,0.0,0.0,0.0,0.0,0.0,0.0,0.0,0.0,0.0,0.0,0.0,0.0,0.11059304319004694,0.0,0.0,0.0,0.0,0.0,0.0,0.0,0.11059304319004694,0.0,0.2535841554588817,0.0,0.0,0.33605369071711017,0.0,0.08401342267927754,0.0,0.0,0.0,0.0,0.0,0.08052772269250821,0.0,0.0,0.1758427916718456,0.0,0.0,0.0,0.0,0.0,0.0,0.0,0.09235307380800921,0.0,0.09235307380800921,0.0,0.0,0.0,0.0,0.09745075291233579,0.0,0.0,0.0,0.0,0.0,0.0,0.0,0.0,0.0,0.0,0.0,0.0,0.0,0.0,0.0,0.0,0.0,0.0,0.0,0.0,0.0,0.0,0.0,0.0,0.0,0.0,0.0,0.0,0.0,0.0,0.0,0.0,0.0,0.0,0.0,0.0,0.0,0.0,0.0,0.0,0.0,0.0,0.10342294377361526,0.0,0.0,0.0,0.0,0.0,0.0,0.0,0.0,0.0,0.0,0.0,0.0,0.0,0.0,0.0,0.0,0.0,0.0,0.0,0.07194076329120513,0.0,0.0,0.0,0.0,0.0773894564002124,0.0,0.0,0.0,0.0,0.0,0.0,0.0,0.0,0.0,0.0,0.0,0.0,0.08052772269250821,0.0,0.0,0.0,0.0879213958359228,0.0,0.0,0.0,0.16802684535855508,0.0,0.0,0.0,0.09235307380800921,0.0,0.09235307380800921,0.0,0.0,0.0,0.0,0.0,0.0,0.0,0.0,0.0,0.09745075291233579,0.0,0.0,0.09745075291233579,0.0,0.0,0.0,0.0,0.0,0.0,0.0,0.09145564029554717,0.06955131229180642,0.0,0.0,0.0,0.0,0.0,0.0,0.0,0.0,0.0,0.0,0.10840614336236434,0.0,0.0,0.0,0.0,0.0,0.0,0.0,0.0,0.0,0.0,0.0,0.0,0.0,0.0879213958359228,0.1758427916718456,0.0,0.0,0.0,0.0,0.0,0.0,0.0,0.0,0.0,0.0,0.0,0.0,0.09235307380800921,0.0,0.0,0.0,0.0768993710192789,0.0773894564002124,0.0,0.0,0.0,0.0,0.0,0.0,0.0,0.0,0.0,0.06161776477526999,0.0,0.0,0.0,0.0,0.04248439233376313,0.0,0.0,0.0,0.0,0.07454183674395462,0.0,0.0,0.0,0.0,0.0,0.08401342267927754,0.0,0.0,0.0,0.0,0.08401342267927754,0.0,0.0,0.0,0.0,0.0,0.0,0.0,0.0879213958359228,0.0,0.0,0.0,0.0,0.0,0.0,0.0,0.0,0.07194076329120513,0.0,0.0,0.0,0.14908367348790924,0.0,0.0,0.0,0.0,0.0,0.08052772269250821,0.08052772269250821,0.0,0.0,0.0,0.08401342267927754,0.0,0.0,0.06339603886472042,0.05691197613987316,0.0,0.0,0.0,0.0,0.12323552955053999,0.0,0.0,0.0,0.0,0.0,0.0,0.0,0.0,0.11990337763095751,0.0,0.10590935477044726,0.0,0.0,0.0,0.0,0.0,0.07194076329120513,0.05691197613987316,0.0,0.11382395227974632,0.0,0.0,0.06955131229180642,0.0,0.0,0.0,0.0,0.07194076329120513,0.0,0.0,0.0,0.0,0.0,0.0,0.0,0.17985506644643628,0.0,0.0,0.06529993905098877,0.0,0.0,0.0,0.0,0.0,0.17073592841961946,0.0,0.05995168881547876,0.0,0.0,0.05064135437456819,0.0,0.0,0.0,0.0,0.0,0.0,0.05064135437456819,0.0,0.07344617779518918,0.0,0.0,0.0,0.0,0.0,0.0520669747468057,0.0,0.04486730843446385,0.04956688799310471,0.0,0.0,0.0,0.0,0.08949550119240172,0.12312519269472162,0.06529993905098877,0.0,0.04956688799310471,0.0,0.0,0.0,0.0,0.04956688799310471,0.05838636848775838,0.09325050732047122,0.2426250528089538,0.0,0.0,0.0,0.0,0.05176912140500241,0.0,0.0,0.05838636848775838,0.05176912140500241,0.0,0.0,0.0,0.0,0.0,0.0,0.0,0.09512449488193166,0.0,0.0,0.0,0.08071829678991392,0.0,0.03006532049753874,0.05064135437456819,0.0,0.03618349307603474,0.07793234896720326,0.0,0.020412310516804068,0.0,0.048541715805433316,0.016923030219827582,0.0,0.04572782014777359,0.02237387529810043,0.03326702508216736,0.0,0.13212396801202728,0.0,0.0,0.0,0.0,0.0,0.0,0.11098453317384456,0.0,0.0210836753845836,0.04956688799310471,0.0,0.03326702508216736,0.0311877615530235,0.0,0.04756224744096583,0.0,0.0,0.03566041425804436,0.0,0.04404132267067576,0.043386331162413395,0.0703061365401172,0.026861653459978138,0.020251219971244953,0.07940093768846761,0.0,0.015138687256604777,0.07084723965790517,0.046798094971543636,0.0351530682700586,0.026579620510769408,0.014146205251525424,0.0,0.039263869357037115,0.0,0.01737901237554065,0.05738616412010305,0.0,0.0,0.08607924618015458,0.0,0.0,0.016923030219827582,0.0,0.014223868667705163,0.0,0.0428730911806784,0.05549226658692228,0.0953464031322319,0.013697616268473111,0.0,0.02009269812916597,0.01786061203098201,0.024525356971202384,0.0,0.02237387529810043,0.04050243994248991,0.042517232760626036,0.0,0.0,0.05284942540407289,0.03079710533658459,0.055673061907894415,0.03699181653894827,0.03211594308820215,0.054502504102298586,0.042517232760626036,0.02610498470974264,0.10915979999268002,0.062006191750769865,0.009816808558875121,0.04666426533962176,0.024544659224477464,0.0,0.0068500382391081084,0.025968512949468427,0.06946910179509526,0.04754990918764097,0.06966640891984104,0.03165807878751714,0.03330067191138202,0.05341030110500953,0.05630928789682417
25,0.0,0.0,0.0,0.10183764529474014,0.0,0.0,0.0,0.0,0.0,0.0,0.0,0.0,0.0,0.0,0.0,0.0,0.0,0.0,0.0,0.0,0.0,0.0,0.0,0.0,0.0,0.0,0.0,0.0,0.0,0.0,0.0,0.0,0.0,0.0,0.0,0.0,0.23208681736264947,0.0,0.0,0.0,0.0,0.0,0.0,0.0,0.0,0.0,0.0,0.0,0.0,0.0,0.0,0.0,0.0,0.0,0.0,0.0,0.0,0.0,0.0,0.0,0.0,0.0,0.0,0.0,0.0,0.0,0.0,0.0,0.0,0.0,0.0,0.0,0.0,0.0,0.0,0.0,0.0,0.0,0.0,0.0,0.0,0.0,0.0,0.0,0.0,0.0,0.0,0.0,0.0,0.0,0.0,0.19213528265385846,0.0,0.0,0.0,0.0,0.0,0.0,0.0,0.0,0.0,0.09523518622465364,0.0,0.0,0.0,0.0,0.0,0.0,0.0,0.0,0.0,0.0,0.0,0.0,0.0,0.0,0.0,0.0,0.0,0.0,0.0,0.0,0.0,0.06624537785521353,0.0,0.0,0.0,0.0,0.0,0.0,0.0,0.0,0.0,0.0,0.0773622724542165,0.0,0.0,0.0,0.0,0.0,0.0,0.0,0.0,0.0,0.0,0.0,0.0,0.0,0.1619217206559871,0.0,0.0,0.0,0.0,0.0,0.0,0.0,0.0,0.0,0.0,0.0,0.0,0.07126271041203132,0.0,0.0,0.0,0.0,0.0,0.0,0.0,0.0,0.08973580003344155,0.0,0.0,0.0,0.0,0.0,0.0,0.0,0.0,0.0,0.0,0.0,0.0,0.0,0.0,0.14973581597536817,0.0,0.0,0.0,0.0,0.0,0.0,0.0,0.0,0.0,0.0,0.0,0.0,0.0,0.0,0.0,0.0,0.0,0.0,0.0,0.0,0.0,0.18604135175926398,0.0,0.0,0.0,0.0,0.0,0.0,0.0,0.0,0.0,0.0,0.0,0.0,0.0,0.0,0.0,0.0,0.07126271041203132,0.07126271041203132,0.07126271041203132,0.0,0.0,0.0,0.0,0.056739627485026214,0.0,0.0,0.0,0.0,0.0,0.0,0.0,0.0,0.0,0.0,0.07415252735075195,0.0,0.0,0.0,0.0,0.0,0.0,0.0,0.0,0.0,0.0773622724542165,0.0,0.0,0.0,0.0,0.0,0.0,0.0,0.0,0.0,0.0,0.0,0.0,0.0,0.0,0.0,0.0,0.0,0.0,0.0,0.0,0.0,0.0,0.0,0.0,0.0,0.0,0.0,0.0,0.0,0.0,0.0,0.0,0.0,0.0,0.0,0.0,0.1280901884359056,0.0,0.0,0.0,0.0,0.0,0.0,0.0,0.0,0.0,0.0,0.0,0.0,0.0,0.0,0.0,0.18604135175926398,0.0,0.0,0.0,0.0,0.0,0.0,0.0,0.0,0.0,0.0,0.0,0.0,0.0,0.0,0.0,0.0,0.0,0.0,0.0,0.0,0.0,0.0,0.11347925497005243,0.0,0.0,0.0,0.0,0.0,0.0,0.0,0.0,0.0,0.0,0.0,0.0,0.0,0.0,0.0,0.0,0.0,0.0,0.0,0.0,0.0,0.0,0.0,0.16907903035337662,0.0,0.045642791012917856,0.0,0.0,0.0,0.16780733068835624,0.0,0.0,0.0,0.0,0.0,0.05837711968828423,0.0,0.0,0.0,0.0,0.0,0.0,0.0,0.047670678650223126,0.0,0.0,0.045642791012917856,0.0,0.0,0.0,0.0,0.05837711968828423,0.0,0.0,0.0,0.0,0.0,0.0,0.0,0.0,0.0,0.055205450942513064,0.0,0.0,0.0,0.045642791012917856,0.0437968532612877,0.0,0.0,0.0,0.037164007066705834,0.0285486517933202,0.0,0.0,0.0,0.0,0.03588131170904524,0.0,0.05638894395421069,0.0,0.0,0.0,0.0,0.0,0.4944620842150965,0.0,0.0,0.0,0.0,0.0,0.026726063807271123,0.0,0.0,0.0,0.0,0.0437968532612877,0.01941452910048778,0.0,0.0,0.0,0.0,0.0,0.0,0.0,0.0,0.1313490437923331,0.03912100031114544,0.0,0.42614970356043763,0.0,0.0494701557743855,0.0,0.036557473667184724,0.0,0.041820576193481604,0.0,0.0,0.0,0.07342611852157097,0.026052565172581987,0.10457501327113576,0.036155438761276616,0.020602586842295687,0.01600315577564727,0.0,0.0,0.053452127614542246,0.026421516480228058,0.0,0.0,0.21816581755765435,0.0,0.0,0.020602586842295687,0.0,0.0,0.021949511701255434,0.06306603682724984,0.0,0.03700401048872564,0.01644662828956142,0.022583740639709315,0.0,0.041205173684591374,0.05594393182598502,0.019575620418320373,0.0,0.030370247245591887,0.1622181915210852,0.05671793810723364,0.025632776563103515,0.03406325916023396,0.029573397441483348,0.0,0.03915124083664075,0.00801277095620737,0.01675297811303286,0.0142743258966601,0.00903963431250498,0.0429699623459111,0.02260151477780803,0.019962094381224756,0.1513856736722794,0.02989080658124339,0.01827696918227079,0.014595163933071833,0.01283021578191926,0.012493620517997038,0.07155011266100837,0.01912630607720378,0.037891415409952646
26,0.0,0.0,0.0,0.10929016408903057,0.0,0.10929016408903057,0.0,0.0,0.0,0.0,0.0,0.0,0.0,0.0,0.0,0.0,0.0,0.0,0.0,0.0,0.0,0.0,0.0,0.0,0.0,0.0,0.0,0.0,0.0,0.10929016408903057,0.0,0.0,0.0,0.0,0.0,0.0,0.0,0.0,0.0,0.0,0.0,0.0,0.0,0.0,0.0,0.0,0.0,0.0,0.0,0.0,0.0,0.0,0.0,0.0,0.0,0.0,0.0,0.0,0.0,0.0,0.0,0.0,0.0,0.0,0.0,0.0,0.0,0.09630270104862489,0.0,0.0,0.0,0.0,0.0,0.0,0.0,0.0,0.0,0.0,0.0,0.0,0.0,0.0,0.0,0.0,0.0,0.0,0.0,0.0,0.0,0.0,0.0,0.06873193931300575,0.10220453447659754,0.0,0.0,0.0,0.0,0.0,0.0,0.0,0.10220453447659754,0.0,0.0,0.0,0.10220453447659754,0.0,0.0,0.0,0.0,0.0,0.0,0.0,0.0,0.0,0.0,0.0,0.0,0.0,0.0,0.0,0.0,0.0,0.0,0.0,0.0,0.0,0.0,0.0,0.0,0.0,0.0,0.0,0.0,0.0,0.0,0.0,0.06655197693108607,0.0,0.0,0.0,0.0,0.0,0.0,0.0,0.0,0.0,0.0,0.08688560781650856,0.0,0.0,0.0,0.0,0.0,0.0,0.09126507689329995,0.0,0.0,0.1825301537865999,0.0,0.03740928457558408,0.0,0.0,0.0,0.0,0.0,0.0,0.0,0.0,0.0,0.0,0.0,0.0,0.0,0.0,0.0,0.0,0.0,0.0,0.0,0.0,0.0,0.0,0.0,0.0,0.0,0.0,0.0,0.0,0.0,0.0,0.0,0.0,0.0,0.0,0.0,0.0,0.0,0.16604734774358146,0.0,0.0,0.0,0.0,0.0,0.0,0.0,0.0,0.0,0.06655197693108607,0.09126507689329995,0.0,0.0,0.0,0.09126507689329995,0.0,0.0,0.0,0.0,0.0,0.0,0.0,0.0,0.07647774348885335,0.0,0.0,0.0,0.07647774348885335,0.0,0.0,0.0,0.0,0.0,0.0,0.0,0.0,0.0,0.0,0.0,0.0,0.0,0.0,0.07647774348885335,0.0,0.0,0.0,0.0,0.0,0.0,0.0,0.0,0.0,0.0,0.0,0.0,0.0,0.0,0.0,0.0,0.0,0.0,0.0,0.0,0.0,0.0,0.0,0.0,0.0,0.0,0.0,0.0,0.0,0.0,0.06873193931300575,0.0,0.0,0.0,0.0,0.0,0.0,0.0,0.0,0.0,0.0,0.0,0.0,0.0,0.08302367387179073,0.053564513890680385,0.0,0.0,0.0,0.0,0.0,0.0,0.0,0.13310395386217214,0.0,0.0,0.0,0.0,0.0,0.0,0.0,0.0,0.0,0.0,0.06655197693108607,0.06655197693108607,0.20932330691967496,0.0,0.0,0.21327972170749102,0.11248301035118824,0.0,0.05624150517559412,0.0,0.0,0.0,0.0,0.0,0.0,0.0,0.0,0.07109324056916366,0.0,0.0,0.0,0.0,0.0,0.060891855661447294,0.11849081495657486,0.0,0.0,0.0,0.0,0.0,0.0,0.07647774348885335,0.0,0.0,0.0,0.0,0.0,0.0,0.0,0.06655197693108607,0.06655197693108607,0.0,0.0,0.0,0.0,0.0,0.0,0.07258092002364522,0.05924540747828743,0.0,0.0,0.0,0.0,0.07718037296323256,0.0,0.0,0.0,0.05233082672991874,0.05233082672991874,0.0,0.0,0.33165438332792463,0.0,0.0,0.0,0.0,0.0,0.0511592375966633,0.0,0.060891855661447294,0.0,0.11539705588215506,0.0,0.0,0.053564513890680385,0.12529836037179243,0.0,0.1569924801897562,0.0,0.0,0.0,0.0,0.0,0.0,0.0,0.05924540747828743,0.0,0.0,0.0,0.0,0.0,0.0,0.0,0.0,0.03988368366895021,0.030637853320177974,0.0,0.05004475661074313,0.0,0.035757221083053,0.26954984113616626,0.1023184751933266,0.020171836324136275,0.0,0.0,0.033447325369829965,0.0,0.045189107951354605,0.1105514611093082,0.0328751115360498,0.0,0.0,0.0,0.0,0.0,0.041983890445991386,0.0,0.0,0.10967704199142203,0.047001924147558334,0.0,0.0,0.025993752155061264,0.0328751115360498,0.030820343480757507,0.0,0.047001924147558334,0.0,0.03684085120576541,0.0,0.0,0.13056743650063363,0.0571669382351399,0.0,0.026545200581006276,0.0,0.0,0.0,0.04488102234939909,0.0,0.023123387018589327,0.0,0.026266490217239837,0.041938653153423454,0.0,0.23280784763794457,0.04422058444372328,0.017174272987173455,0.05671010682243835,0.02211029222186164,0.0,0.14177526705609586,0.03160918481313556,0.055448012356288406,0.2006839522189798,0.0,0.0,0.02211029222186164,0.04236801009344141,0.08225778149356651,0.02355578556987907,0.0,0.01896607356948436,0.079423956957377,0.15885179094113125,0.04847285526122469,0.01841650186858357,0.04422058444372328,0.04002528712148868,0.04201634398499413,0.03737436540452524,0.0,0.017408938235221424,0.022825717142432807,0.0,0.036556021815455524,0.22216313179540267,0.04039531405945173,0.04201634398499413,0.0,0.04494741904268739,0.030637853320177974,0.009701158294255328,0.034585890773193115,0.09702200994841223,0.04284585654294287,0.033846695125378135,0.05774080953868368,0.014710863712525118,0.0522108124991544,0.0596662560051312,0.04022372569179481,0.04662017946785031,0.02932282378829269,0.03424364129670527
27,0.0,0.0,0.0,0.0,0.0,0.0,0.0,0.0,0.0,0.0,0.0,0.0,0.0,0.0,0.0,0.0,0.0,0.0,0.0,0.0,0.0,0.0,0.0,0.11817260262368179,0.0,0.0,0.0,0.0,0.0,0.0,0.0,0.0,0.0,0.0,0.0,0.0,0.0,0.0,0.0,0.0,0.0,0.0,0.0,0.0,0.0,0.0,0.0,0.0,0.0,0.0,0.0,0.0,0.0,0.0,0.0,0.0,0.0,0.0,0.0,0.0,0.0,0.0,0.10412959773155483,0.0,0.0,0.10412959773155483,0.0,0.0,0.0,0.0,0.0,0.0,0.0,0.0,0.0,0.0,0.0,0.0,0.0,0.0,0.0,0.0,0.0,0.0,0.10412959773155483,0.0,0.0,0.3982530274189741,0.0,0.0,0.0,0.0,0.0,0.0,0.0,0.0,0.0,0.0,0.0,0.0,0.0,0.0,0.11051109621541497,0.0,0.0,0.0,0.0,0.0,0.0,0.0,0.0,0.0,0.0,0.0,0.0,0.0,0.0,0.0,0.0,0.0,0.11051109621541497,0.0,0.0,0.0,0.34887654441168386,0.0,0.0,0.0,0.0,0.0,0.0,0.0,0.0,0.0,0.0,0.0,0.2158827481663661,0.0,0.0,0.0,0.0,0.0,0.0,0.0,0.0,0.0,0.0,0.0,0.0,0.17954266429350194,0.0,0.0,0.0,0.0,0.0,0.0,0.0,0.0,0.0,0.0,0.0,0.0,0.0,0.0,0.0,0.0,0.0,0.0,0.0,0.0,0.0,0.0,0.0,0.0,0.0,0.0,0.0,0.0,0.0,0.0,0.08604673765581164,0.0,0.0,0.0,0.0,0.0,0.0,0.0,0.0,0.0,0.0,0.0,0.0,0.0,0.0,0.0,0.0,0.08977133214675097,0.0,0.0,0.0,0.0,0.0,0.0,0.0,0.0,0.0,0.0,0.0,0.0,0.0,0.0,0.0,0.0,0.0,0.0,0.0,0.0,0.0,0.0,0.0,0.0,0.0,0.0,0.0,0.0,0.0,0.0,0.0,0.0,0.0,0.0,0.0,0.0,0.0,0.0,0.0,0.0,0.0,0.0,0.0,0.07965060548379482,0.0,0.0,0.0,0.0,0.0,0.08977133214675097,0.0,0.0,0.0,0.0,0.0,0.0,0.0,0.0,0.0,0.0,0.0,0.0,0.0,0.09394714054828537,0.0,0.0,0.0,0.0,0.0,0.0,0.07687126592806375,0.0,0.0,0.0,0.0,0.0,0.0,0.08269338843248414,0.0,0.0,0.0,0.08604673765581164,0.0,0.0,0.0,0.0,0.0,0.08977133214675097,0.0579179111633284,0.0,0.0,0.0,0.07196091605545536,0.0,0.0,0.0,0.14392183211091072,0.0,0.05186855092403692,0.0,0.07965060548379482,0.0,0.0,0.0,0.0,0.0,0.056583957428096916,0.0,0.0,0.0,0.0,0.07687126592806375,0.0,0.0,0.0,0.0,0.0,0.0,0.0,0.0,0.0,0.0,0.0,0.0,0.07687126592806375,0.0,0.0,0.0,0.07965060548379482,0.0,0.06584077462119059,0.06406051316298164,0.0,0.0,0.0,0.0,0.0,0.07196091605545536,0.0,0.0,0.0,0.06406051316298164,0.06406051316298164,0.0,0.0,0.0,0.0,0.0,0.0,0.0,0.0,0.0,0.0,0.07965060548379482,0.0,0.0,0.1588919516764557,0.0,0.0,0.0743180524953212,0.1669062466975849,0.0,0.0,0.0,0.2829197871404846,0.0,0.06774092377404008,0.0,0.14344369221547107,0.0,0.0,0.047942315877037324,0.1059279677843038,0.0,0.0,0.0,0.06584077462119059,0.0529639838921519,0.06238791268350483,0.0,0.0,0.0579179111633284,0.0,0.0,0.0,0.0,0.0,0.0,0.06238791268350483,0.0,0.027817707782930814,0.0,0.0,0.0,0.0,0.0,0.0,0.05082195411760144,0.047942315877037324,0.0,0.0,0.0,0.04969186700138878,0.032125864967870156,0.0,0.0,0.03866335011202416,0.14572860480798677,0.05531714866962865,0.06543384076668332,0.0,0.0,0.03616572015148639,0.03756230453431136,0.048861803268077195,0.02390728203591184,0.0,0.0,0.04705972069183012,0.0,0.0,0.0,0.0,0.0,0.0,0.0,0.0,0.06758597253140769,0.0529639838921519,0.08431909778128437,0.035547000264306135,0.0,0.0,0.0,0.0,0.03983505108758522,0.0,0.0,0.0,0.0,0.0,0.05740526544126642,0.0,0.04242136388851738,0.0,0.03235245223055684,0.0,0.0,0.0,0.056802540953861634,0.030231447541394754,0.08089936651546187,0.10488710449498874,0.02390728203591184,0.03714018647479704,0.09197873807951198,0.04781456407182368,0.0,0.0,0.034178186731774717,0.059954488906383975,0.07233144030297278,0.0,0.0,0.02390728203591184,0.0,0.08894319270329047,0.025470256274575134,0.014636390477150995,0.0,0.021469763044455352,0.09542349804616543,0.026206216774245297,0.059739848736841364,0.02390728203591184,0.04327829854892851,0.022715588190506654,0.0404119260692421,0.07048338851412274,0.13176681452748132,0.05758865544671053,0.014872162009276673,0.06587845416691768,0.10295108456121546,0.0,0.04543117638101331,0.027894105231379848,0.038880377086191784,0.06625582266851836,0.04195843729038868,0.0,0.06556710479707864,0.05791013333088976,0.021958528948229507,0.034685350373169395,0.026510788447763216,0.0451633513376079,0.024813679112877546,0.05799048666262109,0.0533744296482047,0.06341200843134158,0.05091178920332245
28,0.11025425182631175,0.0,0.0,0.0,0.0,0.0,0.11025425182631175,0.0,0.0,0.0,0.08765205692691413,0.0,0.0,0.0,0.0,0.0,0.0,0.0,0.0,0.0,0.0,0.0,0.0,0.11025425182631175,0.11025425182631175,0.0,0.0,0.0,0.0,0.0,0.0,0.0,0.0,0.0,0.0,0.0,0.0,0.0,0.0,0.0,0.0,0.0,0.0,0.0,0.0,0.2629561707807424,0.0,0.0,0.0,0.0,0.0,0.0,0.0,0.0,0.0,0.0,0.0,0.0,0.0,0.0,0.0,0.09715222171612431,0.0,0.0,0.09715222171612431,0.0,0.0,0.09715222171612431,0.0,0.09715222171612431,0.0,0.0,0.0,0.0,0.0,0.0,0.0,0.19430444343224862,0.0,0.0,0.0,0.0,0.0,0.0,0.0,0.0,0.0,0.0,0.0,0.0,0.0,0.0,0.0,0.0,0.0,0.0,0.0,0.0,0.0,0.0,0.0,0.0,0.0,0.0,0.0,0.0,0.0,0.0,0.10310611733361613,0.0,0.0,0.0,0.0,0.0,0.0,0.0,0.0,0.0,0.0,0.10310611733361613,0.0,0.0,0.0,0.0,0.06509989884262872,0.0,0.0,0.0,0.0,0.0,0.0,0.0,0.0,0.0,0.08375605547768365,0.0,0.0,0.0,0.0,0.0,0.0,0.0,0.0,0.0,0.0,0.0,0.0,0.08765205692691413,0.0,0.0,0.0,0.0,0.0,0.0,0.0,0.0,0.0,0.0,0.0,0.0,0.0,0.0,0.0,0.0,0.0,0.0,0.0,0.0,0.09715222171612431,0.0,0.0,0.0,0.09715222171612431,0.0,0.0,0.0,0.0,0.0,0.0,0.0,0.24084310081282512,0.0,0.0,0.0,0.0,0.10807405136012244,0.0,0.0,0.0,0.0,0.0,0.0,0.0,0.0,0.0,0.0,0.0,0.0,0.0,0.06320183107512664,0.0,0.0,0.0,0.0,0.0,0.0,0.0,0.0,0.0,0.0,0.0,0.0,0.0,0.0,0.09207015887124609,0.0,0.0,0.0,0.0,0.0,0.0,0.0,0.0,0.0,0.0,0.0,0.0,0.0,0.0771523810949647,0.0,0.0,0.0,0.11953606493521912,0.0,0.14517903850325986,0.0,0.0,0.0,0.0,0.0,0.0,0.0,0.0,0.0,0.0,0.0,0.0,0.0,0.0,0.0,0.0,0.1675121109553673,0.0,0.0,0.0,0.0,0.0,0.0,0.0,0.0,0.0,0.0,0.0,0.0,0.0,0.0,0.0,0.0,0.0,0.0,0.0,0.0693382484022413,0.0,0.0,0.0,0.1543047621899294,0.0,0.0,0.0,0.16056206720855007,0.08028103360427503,0.12285800912147186,0.0,0.0,0.0,0.0,0.0,0.0,0.0,0.0,0.0,0.0,0.0,0.0,0.0,0.0,0.0,0.0,0.07431348485311812,0.07431348485311812,0.0,0.0,0.0,0.0,0.0,0.0,0.06713905579024866,0.0,0.0,0.07172037954372387,0.0,0.0,0.05976803246760956,0.0,0.0,0.0,0.0,0.0,0.0,0.0,0.0,0.0,0.0,0.16211107704018365,0.0,0.0,0.0,0.0,0.18428701368220782,0.0,0.1164150147023441,0.0,0.0,0.0,0.0,0.0,0.0,0.0,0.0,0.0,0.05976803246760956,0.0,0.0,0.0,0.0,0.0,0.0,0.0,0.0,0.07172037954372387,0.0,0.07431348485311812,0.0,0.0,0.0,0.0,0.0,0.0693382484022413,0.05190747247730288,0.0,0.0,0.14824513351116966,0.052792455722359466,0.0,0.0,0.0,0.06691600512000198,0.0,0.0,0.0,0.0,0.0,0.0,0.0,0.06142900456073593,0.0,0.0,0.0,0.0,0.0,0.0,0.0,0.0,0.0,0.0,0.05820750735117205,0.0,0.05161053158113768,0.02595373623865144,0.0,0.0,0.0,0.05403702568006122,0.0,0.0,0.0,0.04472986166409586,0.0,0.0,0.0,0.0,0.0,0.0,0.047416544978966066,0.18036324177757024,0.11654041584262131,0.05161053158113768,0.020349779327522202,0.0,0.0,0.0,0.0,0.0,0.06691600512000198,0.19899068811870457,0.0,0.04390640622984087,0.03520713104843837,0.0,0.028934900849333953,0.08470849080453015,0.050486219358702185,0.0,0.0,0.09483308995793213,0.0,0.04941504450372322,0.05244610473235643,0.0,0.0,0.0,0.09483308995793213,0.04941504450372322,0.03716583756821195,0.0,0.0,0.0,0.05767122830176943,0.0,0.10711746126592109,0.0,0.0,0.038331898522201056,0.09055386789065377,0.0,0.0,0.0,0.07949458904588427,0.12692582716594147,0.037739285292669685,0.019571794097062035,0.06691600512000198,0.08662886704603728,0.08581555052298238,0.1115266752000033,0.0,0.02860518350766079,0.12755208307942034,0.05593713916120166,0.03374237622369856,0.02376357960330595,0.0,0.04461067008000132,0.0,0.0,0.0,0.0,0.0,0.060093438126924574,0.07122359091799245,0.04890045170357501,0.0557368813114177,0.06691600512000198,0.0,0.0,0.15081623234831293,0.03288026621345873,0.01756250872357745,0.06140552261440678,0.04162688454770219,0.0983426549218358,0.0426900785649033,0.0,0.02119349261278785,0.034700019399520554,0.08161904942579094,0.046362181220106,0.009786735691149857,0.09304262752229821,0.036704203461643554,0.0864476304226501,0.061461484133589185,0.025888960857740496,0.059362534071118266,0.068472797643925,0.027781196977041806,0.03606982542528123,0.03596521331192351,0.032539640027782035,0.04965946781229081
29,0.0,0.0,0.0,0.0,0.0,0.0,0.0,0.0,0.0,0.0,0.3333824056559996,0.0,0.0,0.0,0.0,0.0,0.0,0.0,0.0,0.0,0.0,0.0,0.0,0.10483732212441603,0.0,0.0,0.0,0.0,0.0,0.0,0.0,0.0,0.0,0.0,0.0,0.0,0.0,0.0,0.0,0.0,0.0,0.0,0.0,0.0,0.0,0.0,0.0,0.0,0.0,0.0,0.0,0.0,0.0,0.0,0.0,0.0,0.0,0.0,0.0,0.0,0.0,0.0923790111895291,0.0,0.0,0.0,0.0,0.0,0.0,0.0,0.0,0.0,0.0,0.0,0.0,0.0,0.0,0.0,0.0,0.0,0.0,0.1847580223790582,0.0923790111895291,0.0,0.0,0.1847580223790582,0.0,0.07964101540335235,0.0,0.13639333465263034,0.0,0.0,0.0,0.0,0.0,0.0,0.0,0.0,0.0,0.0,0.09804038444640316,0.0,0.0,0.0,0.0,0.0,0.0,0.0,0.0,0.0,0.0,0.0,0.0,0.0,0.0,0.0,0.0,0.0,0.0,0.09804038444640316,0.0,0.0,0.0,0.0,0.0,0.0,0.0,0.0,0.0,0.0,0.0,0.0,0.0,0.0,0.0,0.0,0.0,0.0,0.0,0.0,0.0,0.22901017714159205,0.0,0.0,0.0,0.0,0.0,0.0,0.0,0.0,0.0,0.0,0.0,0.0,0.0,0.0,0.0,0.0,0.0,0.08754663646746984,0.0,0.0,0.0,0.0,0.0,0.0,0.0,0.0,0.0,0.0,0.0923790111895291,0.0,0.0,0.0923790111895291,0.0,0.0923790111895291,0.0,0.0,0.0,0.0,0.0,0.07633672571386402,0.0,0.0,0.0,0.0,0.0,0.0,0.0,0.0,0.0,0.0,0.0,0.0,0.0,0.0,0.0,0.0,0.0,0.0,0.3004832291508386,0.0,0.0,0.0833456014139999,0.0,0.0,0.0,0.0,0.12768085951188116,0.0,0.0,0.0,0.0,0.0,0.0,0.0,0.08754663646746984,0.08754663646746984,0.0,0.06593157327610445,0.06593157327610445,0.0,0.0,0.0,0.07336178782710893,0.0,0.0,0.0,0.0,0.0,0.0,0.0,0.0,0.0,0.0,0.2760924204402794,0.0,0.0,0.0,0.0,0.0,0.0,0.0,0.0,0.0,0.0,0.0,0.0,0.1592820308067047,0.0,0.0,0.0,0.0,0.07964101540335235,0.0,0.0,0.0,0.0,0.0,0.0,0.0,0.0,0.0,0.0,0.0,0.0,0.0,0.0,0.0,0.0,0.13639333465263034,0.06190145914720025,0.0,0.0,0.0,0.0,0.0,0.0,0.0,0.07633672571386402,0.0,0.0,0.0,0.0,0.0,0.0,0.07964101540335235,0.0,0.0,0.0,0.0,0.0,0.0,0.0,0.0,0.0,0.0,0.046015403406713236,0.0,0.0,0.0,0.0,0.0,0.0,0.0,0.0,0.0,0.0,0.0,0.0,0.0,0.06819666732631517,0.0,0.0568315540558047,0.16185012193922327,0.0,0.0,0.0,0.0,0.0,0.0,0.06819666732631517,0.0,0.06819666732631517,0.0,0.0,0.0,0.0,0.0,0.0,0.0568315540558047,0.0,0.0,0.0,0.060096645830167716,0.0,0.0,0.0,0.0,0.0,0.0,0.0,0.0,0.0,0.0,0.0,0.0,0.0,0.0,0.0,0.0,0.0,0.07066237011890915,0.2784949352407132,0.0,0.0,0.0,0.0,0.0,0.0,0.0,0.0,0.046987221378004665,0.050198696146638355,0.050198696146638355,0.0,0.0,0.0,0.0,0.06190145914720025,0.04253222744866777,0.0,0.07406262338714659,0.04907484142115264,0.10790008129281552,0.0,0.0,0.1106953989919116,0.0,0.0,0.0,0.060096645830167716,0.0,0.050198696146638355,0.0,0.0,0.0,0.0553476994959558,0.0,0.07403578985788267,0.0,0.0,0.0,0.0,0.0,0.046987221378004665,0.045086910641938725,0.04253222744866777,0.0,0.0,0.0,0.0,0.0,0.048005768068611336,0.0,0.06860070778014768,0.11081463901685615,0.04907484142115264,0.0,0.03196348259294626,0.046015403406713236,0.0,0.0,0.04334795456022812,0.0636283378449315,0.03153567099755949,0.0,0.08349845882578107,0.0,0.0,0.0,0.0402733281938989,0.048005768068611336,0.0,0.0,0.045086910641938725,0.0,0.046987221378004665,0.0,0.0,0.0,0.0,0.045086910641938725,0.0,0.0,0.0,0.0,0.0,0.06854721063623942,0.0333235566685391,0.12731830752404885,0.0,0.0,0.0,0.08610484276488206,0.022386685067456256,0.02218126391960194,0.0333235566685391,0.0503926134421274,0.01340997800597413,0.0,0.018610207301019206,0.021209445948310503,0.03294907285420896,0.0,0.04241889189662101,0.05502658574579779,0.02719977495783971,0.09096396692145235,0.02659443867162361,0.016042285475665084,0.022596045126909537,0.013483599495576567,0.04241889189662101,0.0,0.0,0.0,0.0,0.018193333140388023,0.0,0.08465535818620991,0.06974686675149658,0.017666152804279606,0.0,0.03839452483262321,0.04030445946861944,0.0896290260374656,0.0,0.033399281277008475,0.021895722096570782,0.06596950581761096,0.09351095691849184,0.030444496088975308,0.012916491883989991,0.02015222973430972,0.008248790979149481,0.051739335426386715,0.02938956606480651,0.0,0.0,0.04653450653543719,0.020550087473699137,0.03896120287804367,0.04307975653468485,0.02822298915210749,0.07011700036838919,0.035221695892172104,0.051446504480916914,0.04735135005915875,0.0646946649046009,0.05543174644763807
30,0.0,0.0,0.0,0.0,0.0,0.0,0.0,0.0,0.11530854291505661,0.0,0.09167021498338317,0.0,0.0,0.0,0.0,0.0,0.0,0.0,0.0,0.0,0.0,0.0,0.0,0.0,0.0,0.0,0.0,0.0,0.0,0.0,0.0,0.0,0.0,0.0,0.0,0.0,0.0,0.0,0.26278683744528997,0.0,0.0,0.0,0.0,0.0,0.0,0.0,0.0,0.0,0.0,0.0,0.0,0.0,0.0,0.0,0.0,0.0,0.0,0.0,0.0,0.0,0.0,0.0,0.0,0.0,0.0,0.0,0.0,0.10160588767764317,0.0,0.0,0.0,0.0,0.0,0.0,0.0,0.0,0.0,0.0,0.10160588767764317,0.0,0.0,0.0,0.0,0.10160588767764317,0.0,0.0,0.0,0.0,0.0,0.0,0.0,0.0,0.0,0.0,0.0,0.0,0.0,0.0,0.0,0.0,0.0,0.0,0.1078327226245879,0.0,0.0,0.0,0.0,0.0,0.0,0.0,0.1078327226245879,0.0,0.1078327226245879,0.0,0.0,0.0,0.0,0.0,0.0,0.0,0.0,0.0,0.0,0.0,0.0,0.0,0.0,0.0,0.0,0.0,0.0,0.0,0.0,0.0,0.0,0.0,0.0,0.0,0.0,0.0,0.16792257632307442,0.0,0.0,0.0,0.0,0.0,0.0,0.0,0.0,0.08759561248176331,0.0,0.0962908521852359,0.0,0.0,0.0,0.0,0.0,0.0,0.0,0.0,0.0,0.0,0.0,0.0,0.10160588767764317,0.0,0.0,0.0,0.0,0.0,0.0,0.0,0.0,0.0,0.0,0.0,0.0,0.0,0.0,0.0,0.0,0.0,0.0,0.0,0.0,0.0,0.0,0.0,0.0,0.0,0.0,0.0,0.0,0.08396128816153721,0.0,0.0,0.0,0.0,0.0,0.0,0.0,0.09167021498338317,0.09167021498338317,0.0,0.09167021498338317,0.09167021498338317,0.0,0.0,0.0,0.0,0.0,0.0962908521852359,0.0962908521852359,0.0,0.0,0.0,0.0,0.0,0.0,0.0,0.0,0.08068921151904697,0.0,0.0,0.08068921151904697,0.0,0.0,0.0,0.08068921151904697,0.0,0.0,0.06424504172210461,0.0,0.0,0.0,0.0,0.0,0.0,0.0,0.16137842303809394,0.0,0.0,0.0,0.0,0.0,0.0,0.0,0.0,0.0,0.0,0.0,0.0,0.0,0.0,0.0,0.0,0.0,0.0,0.0,0.0,0.0,0.0,0.0,0.0,0.0,0.0,0.07772017419203262,0.0,0.0,0.15001639076068787,0.0,0.0725168622443697,0.07772017419203262,0.0,0.0,0.0,0.0,0.0,0.0,0.08396128816153721,0.0,0.0,0.0,0.0,0.0,0.0,0.056514198694552,0.0,0.0,0.0,0.07021685393196546,0.0,0.0,0.19273512516631386,0.0,0.0,0.0,0.0,0.15544034838406523,0.07772017419203262,0.0,0.0,0.0625079271101195,0.0,0.05521257498388986,0.0,0.0,0.0,0.0,0.0,0.0,0.0,0.125015854220239,0.0,0.0,0.0725168622443697,0.0,0.0,0.0,0.0,0.0,0.0,0.0,0.0,0.0,0.0,0.0,0.0,0.0,0.0625079271101195,0.0,0.0,0.0,0.0,0.0,0.0,0.0,0.0,0.0,0.0,0.0,0.0,0.0,0.0,0.0,0.0,0.0,0.0,0.0,0.0,0.05280061580493711,0.07772017419203262,0.0,0.0,0.0,0.0,0.0,0.0,0.0814305333166228,0.0,0.18712149736970304,0.155041007999853,0.0,0.0,0.0,0.15840184741481134,0.09331143752157177,0.04279168067068691,0.06808421766161478,0.0,0.0,0.0,0.05397646890813406,0.0593386062433251,0.06424504172210461,0.05168033599995099,0.0,0.0,0.0,0.056514198694552,0.06609913840163772,0.0,0.11042514996777972,0.0,0.0,0.0,0.0,0.0,0.027143511105540932,0.0,0.0,0.0,0.0,0.113028397389104,0.155041007999853,0.09918044195164571,0.0,0.0,0.0,0.0,0.016162507641204735,0.0,0.0,0.04959022097582286,0.07545259166084864,0.18282431723400203,0.0,0.021282656804891963,0.0,0.0,0.017644599516105967,0.07330387091796324,0.09535515363042435,0.023327859380392942,0.0,0.0,0.0,0.0,0.04678037434242576,0.0,0.0,0.05280061580493711,0.0,0.14464590670943211,0.04959022097582286,0.021982647531568922,0.05168033599995099,0.0,0.0,0.0,0.0,0.04959022097582286,0.05168033599995099,0.03886959917844605,0.03718091381911144,0.0,0.13775750984121146,0.0,0.0,0.08402096636684349,0.04222939526356583,0.0,0.0,0.04735252558895857,0.22160413726390896,0.0,0.03665193545898162,0.0,0.0,0.0,0.08187602825951622,0.046655718760785884,0.036240047954601874,0.0,0.1166392969019647,0.030261338688183845,0.08974951919175835,0.0,0.08775212617209437,0.035289199032211935,0.07455885899493021,0.029660700589814626,0.023327859380392942,0.0,0.02892918134188642,0.0,0.0,0.020010495238486994,0.0,0.13035510757464253,0.025571076581745452,0.0,0.0,0.0,0.0443300954290886,0.07886498575773038,0.0859689201307585,0.01836761174561254,0.016055120828263266,0.01451171670262165,0.06428180805727055,0.04464708321637305,0.028413199203037854,0.1108252385727215,0.0453634282783283,0.03793806288648405,0.06465003056481894,0.0,0.07298092566184515,0.10236480740140481,0.07910925311455166,0.03571056123786374,0.06768941570602043,0.041389226532320245,0.03856016627579652,0.029054746558938464,0.03300792555464459,0.043400695078026734,0.055687625726057864,0.056452134996286214
31,0.0,0.0,0.0,0.0,0.09950843813541388,0.0,0.0,0.0,0.0,0.0,0.0,0.0,0.0,0.0,0.0,0.0,0.0,0.0,0.0,0.0,0.0,0.0,0.12516795134851078,0.0,0.0,0.0,0.0,0.0,0.0,0.0,0.0,0.0,0.0,0.09508543846172118,0.0,0.0,0.0,0.0,0.0,0.0,0.0,0.0,0.0,0.0,0.0,0.0,0.0,0.0,0.0,0.0,0.0,0.0,0.0,0.0,0.0,0.2090483219531598,0.0,0.0,0.0,0.0,0.0,0.0,0.1102936563418914,0.1102936563418914,0.0,0.0,0.0,0.0,0.0,0.0,0.0,0.0,0.0,0.0,0.0,0.0,0.0,0.0,0.2205873126837828,0.0,0.0,0.0,0.0,0.0,0.0,0.0,0.09508543846172118,0.0,0.0,0.0,0.0,0.0,0.0,0.0,0.0,0.0,0.0,0.0,0.0,0.0,0.11705291419036269,0.0,0.11705291419036269,0.0,0.0,0.0,0.0,0.0,0.0,0.11705291419036269,0.0,0.11705291419036269,0.0,0.11705291419036269,0.0,0.0,0.0,0.0,0.0,0.0,0.0,0.0,0.0,0.0,0.0,0.0,0.0,0.0,0.0,0.0,0.0,0.0,0.0,0.0,0.0,0.0,0.0,0.0,0.0,0.0,0.0,0.0,0.0,0.0,0.0,0.09950843813541388,0.0,0.0,0.0,0.0,0.0,0.0,0.0,0.0,0.0,0.0,0.0,0.1045241609765799,0.0,0.0,0.0,0.17517701718260076,0.0,0.1102936563418914,0.0,0.0,0.0,0.0,0.0,0.0,0.0,0.0,0.0,0.0,0.0,0.0,0.0,0.0,0.0,0.0,0.0,0.0,0.0,0.0,0.0,0.0,0.0,0.0,0.0,0.0,0.0,0.0,0.0,0.0,0.0,0.0,0.0,0.0,0.0,0.0,0.0,0.0,0.0,0.0,0.0,0.0,0.0,0.0,0.0,0.0,0.0,0.0,0.1045241609765799,0.0,0.0,0.0,0.0,0.0,0.07871738603128865,0.0,0.0,0.0,0.0,0.0,0.0,0.0,0.0,0.17517701718260076,0.0,0.0,0.0,0.0,0.0,0.0,0.0,0.0,0.0,0.0,0.0,0.0,0.0,0.0,0.0,0.0,0.09114036277002782,0.0,0.0,0.09508543846172118,0.09508543846172118,0.0,0.0,0.0,0.0,0.0,0.0,0.0,0.0,0.0,0.0,0.0,0.0,0.0,0.0,0.0,0.0,0.0,0.0,0.0,0.0,0.0,0.0,0.07871738603128865,0.0,0.0,0.0,0.0,0.0,0.0,0.09114036277002782,0.09114036277002782,0.0,0.0,0.0,0.0,0.0,0.0,0.18403926440846788,0.0,0.0,0.0,0.0,0.06608102932598993,0.0,0.06973828697652733,0.0,0.0,0.0,0.0,0.0,0.0,0.0,0.17517701718260076,0.06785264111072263,0.0,0.059933502971245445,0.07622071647610867,0.0,0.0,0.0,0.0,0.0,0.0,0.0,0.06441232879704632,0.0,0.0,0.0,0.0,0.0,0.0,0.0,0.0,0.0,0.0,0.0,0.0,0.16873120995436428,0.0,0.0,0.0,0.0,0.0,0.07390573003899822,0.0,0.07175091741233289,0.0,0.0,0.0,0.0,0.0,0.0,0.0,0.0,0.0,0.0,0.15244143295221735,0.0,0.0,0.0,0.0,0.0,0.0,0.0,0.0,0.05609924137955515,0.0,0.0,0.07871738603128865,0.05892881119812459,0.0,0.0,0.0,0.0,0.0,0.0,0.0,0.0,0.0,0.07390573003899822,0.0,0.0,0.0,0.17577511249712102,0.12882465759409265,0.0,0.1121984827591103,0.06608102932598993,0.0,0.0,0.18403926440846788,0.0,0.0,0.0,0.0,0.0,0.0,0.13216205865197986,0.0,0.0,0.0,0.0,0.0,0.0,0.0,0.0,0.05383041194993012,0.0,0.0,0.0,0.0,0.07017790421979524,0.03402758857848295,0.0,0.05383041194993012,0.0,0.1102536852978103,0.05859170416570701,0.023102421418022483,0.0,0.0,0.1149197614311814,0.07957168755029906,0.0,0.10128999271600901,0.0,0.0,0.09969093849590933,0.0,0.0,0.0,0.04808335315961433,0.0,0.0,0.06280551763490658,0.05383041194993012,0.0,0.05609924137955515,0.0,0.07530248299323689,0.07059590925677904,0.0,0.0,0.0,0.042193127897625735,0.0,0.04808335315961433,0.0,0.04910415729129762,0.0,0.030401714578387598,0.0,0.04493254014421895,0.0,0.017133794453587838,0.026728033972981503,0.0,0.0,0.0,0.0320210291644879,0.0,0.11109600449710298,0.15193498907401354,0.0,0.0,0.15193498907401354,0.0,0.1948470281169319,0.07240279927905692,0.031751778263091335,0.07661317428745427,0.0,0.0,0.050644996358004506,0.024261639051932585,0.06280551763490658,0.053955988569743735,0.0,0.0,0.0,0.02021443802669296,0.05551504144616198,0.0,0.0,0.0916804038660147,0.16842182553730495,0.021402075793500508,0.09331965646584986,0.03987625331553755,0.017427907177761354,0.01575253493191039,0.027911278800683288,0.04846461327671655,0.046263986764466365,0.024060260791043564,0.029545325473028943,0.0,0.05263342816484643,0.05555276266262963,0.06601760749664219,0.0972277837800815,0.04907054657620943,0.054269568846415484,0.014695434141669251,0.03369614619599112,0.035877631769882054,0.057821610798497826,0.035830254337552096,0.056533983894183695,0.05037431060599477,0.071083699207355
32,0.0,0.0,0.0,0.0,0.0,0.0,0.0,0.0,0.0,0.121731068344329,0.0,0.0,0.0,0.0,0.0,0.0,0.0,0.0,0.0,0.0,0.0,0.0,0.0,0.0,0.0,0.0,0.0,0.0,0.0,0.0,0.0,0.0,0.0,0.0,0.0,0.0,0.0,0.09247456623865233,0.0,0.0,0.0,0.08863781510966783,0.0,0.0,0.0,0.0,0.0,0.0,0.07918604751562736,0.0,0.0,0.0,0.0,0.0,0.0,0.0,0.0,0.0,0.10726519427259491,0.0,0.0,0.0,0.0,0.0,0.0,0.0,0.0,0.0,0.0,0.0,0.0,0.0,0.0,0.21453038854518983,0.10726519427259491,0.0,0.0,0.0,0.0,0.0,0.0,0.0,0.0,0.0,0.0,0.0,0.0,0.0,0.0,0.0,0.0,0.0,0.0,0.0,0.11383885526364373,0.11383885526364373,0.0,0.0,0.0,0.0,0.0,0.0,0.0,0.0,0.0,0.0,0.0,0.0,0.0,0.0,0.0,0.0,0.0,0.0,0.0,0.0,0.11383885526364373,0.0,0.0,0.0,0.0,0.0,0.0,0.0,0.0,0.0,0.0,0.0,0.0,0.0,0.0,0.0,0.0,0.0,0.0,0.0,0.0,0.0,0.0,0.0,0.08863781510966783,0.0,0.0,0.0,0.0,0.0,0.0,0.0,0.0,0.0,0.0,0.0,0.0,0.0,0.0,0.0,0.0,0.0,0.0,0.0,0.0,0.0,0.0,0.0,0.0,0.0,0.0,0.0,0.0,0.0,0.0,0.0,0.0,0.0,0.0,0.0,0.0,0.0,0.0,0.0,0.0,0.0,0.0,0.0,0.0,0.0,0.0,0.0,0.0,0.0,0.0,0.0,0.0,0.08863781510966783,0.0,0.0,0.0,0.0,0.0,0.0,0.0,0.0,0.09677611843124269,0.0,0.0,0.0,0.0,0.0,0.0,0.0,0.0,0.0,0.10165411869725453,0.0,0.0,0.0,0.0,0.0,0.0,0.0,0.0,0.0,0.0,0.0,0.0,0.0,0.0,0.08518348835012943,0.0,0.08863781510966783,0.0,0.0,0.0,0.0,0.10686087937932781,0.0,0.0,0.0,0.0,0.0,0.0,0.08204907977436679,0.0,0.0,0.0,0.0,0.0,0.0,0.09247456623865233,0.0,0.0,0.0,0.0,0.0,0.0,0.0,0.0,0.0,0.0,0.0,0.0,0.0,0.0,0.0,0.0,0.0,0.0,0.0,0.0,0.0,0.14375282774046716,0.0,0.0,0.0,0.0,0.0,0.0,0.0,0.0,0.08863781510966783,0.0,0.0,0.0,0.0,0.0,0.0,0.0,0.0,0.0,0.0,0.0,0.0,0.0,0.0,0.0,0.0,0.0,0.06426656512694771,0.0,0.0,0.0,0.0,0.0,0.0,0.0,0.07412783501403293,0.0,0.0,0.0,0.07918604751562736,0.0,0.0,0.2639581267698323,0.0,0.0,0.0,0.0,0.0,0.0,0.0,0.0,0.0,0.07918604751562736,0.0,0.0,0.0,0.0,0.0,0.0,0.0,0.12853313025389543,0.0,0.0,0.0,0.0,0.0,0.08518348835012943,0.0,0.0,0.0,0.0,0.0,0.0,0.0,0.0,0.0,0.0,0.0,0.0,0.07918604751562736,0.11148307330374181,0.08204907977436679,0.0,0.0,0.16367657646066175,0.0,0.0,0.0,0.3438644029621716,0.0,0.0,0.0,0.0,0.11657567720340464,0.0,0.055741536651870906,0.0,0.0,0.07187641387023358,0.0,0.0,0.0,0.0,0.0,0.0,0.0,0.0,0.0,0.0,0.0,0.0,0.0,0.05828783860170232,0.0,0.0,0.0,0.19279969538084313,0.0,0.0,0.0,0.0,0.0,0.0,0.1193239218845977,0.0,0.0,0.0,0.0,0.0,0.0,0.11943915782680734,0.03309325323466117,0.055741536651870906,0.05235232729690509,0.0,0.10722632076027479,0.0,0.11234035590813578,0.11134247246683149,0.0,0.16764641246634382,0.0,0.0,0.0,0.0,0.0,0.14543041149846492,0.0,0.04938597611493657,0.0,0.0,0.0,0.0,0.06108099299579002,0.0,0.0,0.0,0.0,0.10985222181464332,0.03432873735641462,0.08021307809318051,0.05235232729690509,0.0,0.0,0.03925183899473125,0.0,0.0,0.04775584694658942,0.0,0.14783469551331424,0.0,0.0873975495524526,0.042322022792597405,0.0,0.025994131047294398,0.0,0.0,0.11702600842270669,0.01557089513602719,0.0,0.08643640913200665,0.12313594347703388,0.019129284105225464,0.06316562837066261,0.12313594347703388,0.0,0.12633125674132523,0.035207375420003933,0.030879932507933774,0.05588213748878127,0.05247445581242595,0.0626255207005645,0.0,0.0,0.09162148949368502,0.026237227906212975,0.030154255892326443,0.02112505198573677,0.0,0.05897815959577518,0.10798139989692188,0.04102584100435118,0.0,0.13374454149739073,0.02339961003741195,0.062443241813754845,0.036302907754665686,0.019390662167801116,0.12712026542527158,0.015319999135031211,0.06786221534063686,0.07070079546132538,0.11998309948687767,0.02339961003741195,0.0478901081262487,0.050063950264813875,0.06825094732960418,0.04322190832745504,0.051363907796025156,0.04052489428845054,0.02386157956013075,0.022619753892110493,0.042875773196964034,0.010923637217921386,0.09304666033031134,0.025560879602381018,0.03733545116697038,0.03970897962818808,0.06532149889927091,0.0572125827670842
33,0.0,0.0,0.0,0.0,0.0,0.0,0.0,0.0,0.0,0.0,0.0,0.0,0.0,0.0,0.0,0.0,0.10626138847031612,0.0,0.0,0.0,0.0,0.0,0.0,0.0,0.0,0.0,0.0,0.0,0.0,0.0,0.0,0.0,0.0,0.0,0.0,0.0,0.0,0.0,0.0,0.0,0.0,0.0,0.07737365187567792,0.0,0.0,0.0,0.0,0.0,0.0,0.1827389206129446,0.0,0.0,0.0,0.0,0.0,0.0,0.0,0.0,0.0,0.0,0.0,0.0,0.0,0.0,0.0,0.0,0.0,0.0,0.0,0.0,0.0,0.0,0.09363384904914568,0.0,0.0,0.0,0.0,0.0,0.0,0.0,0.0,0.0,0.0,0.0,0.0,0.11219903900441866,0.0,0.0,0.0,0.0,0.0,0.0,0.0,0.0,0.0,0.0,0.0,0.0,0.0,0.0,0.0,0.0,0.0,0.09937212403303185,0.0,0.0,0.0,0.09937212403303185,0.0,0.0,0.0,0.0,0.0,0.0,0.0,0.0,0.0,0.0,0.0,0.0,0.0,0.0,0.0,0.0,0.0,0.0691230223387667,0.2534331996376668,0.08447773321255561,0.0,0.0,0.0,0.0,0.0,0.0,0.0,0.0,0.0,0.0,0.0,0.0,0.0,0.0,0.0,0.0,0.0,0.0,0.0,0.08447773321255561,0.0,0.0,0.0,0.0,0.0,0.0,0.0,0.0,0.0,0.0,0.0,0.0,0.0,0.0,0.0,0.09363384904914568,0.0,0.0,0.0,0.0,0.0,0.0,0.0,0.0,0.0,0.0,0.0,0.0,0.21968387524490432,0.0,0.0,0.0,0.0,0.0,0.0,0.0,0.0743583036766426,0.0,0.0,0.0,0.0,0.0,0.0,0.0,0.0,0.0,0.0,0.15474730375135584,0.08072282565461601,0.0,0.0,0.0,0.0,0.08447773321255561,0.0,0.08447773321255561,0.0,0.0,0.0,0.0,0.0,0.0,0.0,0.0,0.0,0.0887358333695246,0.0,0.0,0.0887358333695246,0.0,0.06682716019812943,0.0,0.0,0.0,0.0,0.0,0.0,0.0,0.0,0.0,0.0,0.0,0.0,0.0,0.0,0.0,0.0,0.0,0.44902422668124686,0.0,0.0,0.0,0.0,0.07162221820705904,0.0,0.0,0.0,0.0,0.0,0.0,0.16144565130923202,0.0,0.0,0.0,0.0,0.0,0.0,0.0,0.0,0.0,0.20048148059438828,0.0,0.0,0.0,0.0,0.0,0.0,0.07162221820705904,0.07162221820705904,0.0,0.0,0.0,0.0,0.0,0.0,0.0,0.06682716019812943,0.0,0.07737365187567792,0.15474730375135584,0.0,0.0,0.0,0.0,0.0,0.0,0.0,0.0,0.0,0.0,0.05468287543928156,0.0,0.0,0.22439807800883732,0.0691230223387667,0.0,0.12941522291760305,0.0,0.0,0.0,0.0,0.0,0.0,0.0,0.0,0.0,0.0,0.0,0.0,0.0,0.0,0.0,0.0,0.0,0.0,0.0,0.0,0.0,0.0,0.0,0.0,0.0,0.0691230223387667,0.0,0.0,0.0,0.0,0.0,0.0,0.0,0.0,0.0,0.0,0.0,0.0,0.0,0.0,0.0,0.0743583036766426,0.0,0.10936575087856312,0.0,0.0,0.0,0.0,0.0,0.0,0.06470761145880152,0.0,0.05609951950220933,0.0,0.0,0.0,0.0,0.10585421024552591,0.0,0.09525095229089357,0.0,0.0,0.0,0.0,0.04231633348775046,0.0,0.0,0.0,0.0,0.0,0.0,0.0,0.0,0.0,0.0,0.0,0.0,0.0,0.0,0.0,0.0,0.0,0.0,0.0,0.0,0.0,0.0,0.050880574244455995,0.09948290709264067,0.0,0.05609951950220933,0.0,0.09948290709264067,0.0,0.0,0.0,0.0,0.05208007203763107,0.05208007203763107,0.0,0.0,0.17243986976573694,0.0,0.0,0.0,0.0,0.0,0.0,0.0,0.0,0.09359991561333478,0.0,0.05883843309227366,0.032397661174924534,0.04664045740520005,0.0,0.0,0.043936775048980865,0.0,0.0,0.0,0.0,0.0,0.0,0.05577404387714323,0.0,0.0,0.0,0.05331877238207671,0.0,0.0,0.0,0.0,0.031964038365715895,0.14983107211411265,0.09335938275072064,0.0,0.0,0.0,0.06852736886848737,0.040820384243749716,0.04231633348775046,0.0,0.0,0.07742864770510172,0.0,0.11443650036091442,0.03694370686120142,0.10182019743486317,0.04538155287279272,0.0674476948007,0.0675524198560876,0.05107712563140024,0.027184267079621374,0.03637255515001767,0.037726001150236464,0.0,0.0,0.0,0.042995092386639844,0.0,0.08270773598175636,0.0,0.08086705921813821,0.032520394346935495,0.0,0.027333510145885958,0.042995092386639844,0.02059692936130071,0.0,0.04580596071070625,0.039483344017950034,0.03688092754041082,0.01930571706622727,0.017161056234616626,0.023564759674907412,0.0,0.021497546193319922,0.058374090004857125,0.04085193839268848,0.03633860369947431,0.06337901138941732,0.05077944472189543,0.014795429619874047,0.0,0.03554293899583738,0.010286013797816487,0.05236777643478905,0.02042596919634424,0.04180419553284753,0.008740356820660083,0.07447195410238117,0.03772923423477088,0.056045677511722056,0.011791652953440266,0.06248769380670267,0.039490435566270514,0.07485417245761011,0.061980443276432894,0.0304583315922407,0.04462516585147712,0.04997261010681772,0.015998183666114954,0.045616313169058724,0.04786104765142205
34,0.0,0.09754581449181289,0.0,0.0,0.0,0.0,0.0,0.0,0.0,0.0,0.0,0.0,0.0,0.0,0.0,0.0,0.0,0.0,0.0,0.0,0.0,0.0,0.0,0.0,0.0,0.0,0.0,0.0,0.09754581449181289,0.0,0.0,0.0,0.0,0.0,0.0,0.0,0.0,0.07410192817835953,0.0,0.0,0.0,0.0,0.0,0.08145770787719424,0.0,0.0,0.03814553039584711,0.0,0.0,0.2795844145452687,0.0,0.0,0.0,0.16291541575438848,0.0,0.0,0.07754885769201822,0.08595398762414838,0.08595398762414838,0.0,0.0,0.0,0.0,0.0,0.0,0.0,0.0,0.0,0.0,0.0,0.0,0.0,0.17190797524829676,0.0,0.0,0.0,0.0,0.0,0.08595398762414838,0.08595398762414838,0.0,0.0,0.08595398762414838,0.0,0.08595398762414838,0.0,0.0,0.0,0.0,0.12690708471317072,0.054348400937298584,0.30672993575283375,0.0,0.0,0.0,0.0,0.0,0.0,0.0,0.0912216084894407,0.0,0.0,0.0,0.0,0.0,0.0,0.0,0.0,0.0,0.0,0.0,0.0912216084894407,0.0,0.0912216084894407,0.0,0.0,0.0,0.0,0.0,0.0,0.0,0.0,0.0,0.0,0.0,0.0,0.0,0.0,0.0,0.16775064872716122,0.16775064872716122,0.0,0.07410192817835953,0.07410192817835953,0.0,0.0,0.0,0.06345354235658536,0.0,0.0,0.0,0.07102745410227121,0.0,0.0,0.0,0.0,0.0,0.0,0.0,0.0,0.0,0.0,0.08145770787719424,0.0,0.0,0.0,0.08145770787719424,0.0,0.0,0.0,0.0,0.0,0.0,0.0,0.0,0.0,0.0,0.0,0.0,0.0,0.0,0.0,0.0,0.0,0.0,0.0,0.0,0.0,0.0,0.0,0.07102745410227121,0.07102745410227121,0.0,0.0,0.0,0.0,0.0,0.0,0.0,0.0,0.0,0.0,0.0,0.0,0.0,0.0,0.0,0.0,0.0,0.0,0.07754885769201822,0.07754885769201822,0.0,0.0,0.0,0.0,0.0,0.0,0.0,0.0,0.0,0.0,0.0,0.0,0.0,0.0,0.0,0.0,0.0,0.0,0.0,0.0,0.0,0.0,0.06825942518522495,0.0,0.06825942518522495,0.0,0.0,0.0,0.07102745410227121,0.0,0.05287888050621878,0.0,0.0,0.11880056819193156,0.0,0.0,0.0,0.06825942518522495,0.0,0.06574775382941257,0.0,0.0,0.0,0.06345354235658536,0.0,0.07410192817835953,0.0,0.0,0.0,0.0,0.0,0.0,0.0,0.10299645809674354,0.10299645809674354,0.0,0.0,0.03814553039584711,0.0,0.0,0.0,0.0,0.06574775382941257,0.0,0.06574775382941257,0.11519234044493129,0.0,0.0,0.0,0.0,0.06574775382941257,0.0,0.06134598715056675,0.0,0.0,0.0,0.0,0.0,0.0,0.054348400937298584,0.0,0.0,0.0,0.0,0.0,0.0,0.0,0.06134598715056675,0.0,0.10299645809674354,0.12690708471317072,0.0,0.05940028409596578,0.0,0.0,0.0,0.06574775382941257,0.06574775382941257,0.0,0.0,0.0,0.09561691445660252,0.0,0.0,0.0,0.0,0.0,0.0,0.0,0.2509888916503823,0.0,0.0,0.0,0.0,0.0,0.0,0.04371922791565789,0.0,0.12690708471317072,0.0,0.0,0.0,0.15059333499022937,0.0,0.06574775382941257,0.0,0.0,0.0,0.0,0.03682421461007572,0.0,0.0,0.05591688290905374,0.0,0.0,0.0,0.0,0.0,0.05287888050621878,0.0,0.0,0.0,0.0,0.0,0.0,0.10299645809674354,0.0,0.06345354235658536,0.0,0.0,0.0,0.0,0.0,0.05019777833007646,0.0,0.0,0.0,0.0,0.07914816373710286,0.0,0.0,0.046707342412273034,0.05591688290905374,0.04466693398559411,0.019734314440927474,0.0,0.0,0.0,0.08743845583131578,0.0,0.0,0.05019777833007646,0.0,0.0,0.0,0.12337389983091752,0.0,0.0,0.0,0.0,0.0,0.0,0.04466693398559411,0.05149822904837177,0.0,0.0,0.09184873321686302,0.03391357884552163,0.0,0.025023110747470077,0.04780845722830126,0.0,0.0,0.0,0.03957408186855143,0.04281500055057026,0.027508381315072782,0.0,0.0,0.0,0.13400080195678235,0.0,0.09574422227975177,0.017184567482699923,0.0,0.0,0.08922120139115088,0.0,0.0,0.0,0.08066614920044345,0.0,0.05868468691621337,0.0,0.0,0.03114898715607021,0.03957408186855143,0.025599724489850064,0.07494458121140879,0.08933386797118822,0.037192652061052676,0.0,0.0,0.0,0.0,0.023200456754719646,0.0,0.11003352526029113,0.0,0.04195108509418155,0.04371922791565789,0.0,0.09436011670115933,0.0,0.0,0.0,0.0,0.0,0.017862079653177848,0.03501680085304093,0.0,0.0,0.0,0.041277083612030224,0.09301764136456388,0.0,0.0,0.0,0.0,0.0,0.015328721123282882,0.0,0.0,0.05119944897970013,0.05061602392147651,0.028212453551700958,0.0,0.0,0.04204894939194209,0.15054967087196458,0.0,0.018907566327722728,0.0,0.14717132287179732,0.02416327640443781,0.0,0.03544451889219755,0.0,0.0,0.0,0.03946862888185495,0.035724159306355696,0.0,0.01667905316497264,0.0290903279952606,0.0,0.01358190640836649,0.012276256291560815,0.010875900718946757,0.037769414016731784,0.03605442305285454,0.03750125667892381,0.053725573376937855,0.0160469430579392,0.04101825239226747,0.05195201573068859,0.030869281911295232,0.01082449992519564,0.028681222200444726,0.006041904084198304,0.04580974849284302,0.03501341454167441,0.02796013496526822,0.03277200279407658,0.02792321281246979,0.026924352398400606,0.03925767822023071,0.03629452515043929
35,0.0,0.0,0.10800423417378892,0.0,0.0,0.0,0.0,0.0,0.0,0.0,0.0,0.0,0.0,0.0,0.0,0.0,0.10800423417378892,0.0,0.0,0.0,0.0,0.0,0.0,0.0,0.0,0.0,0.0,0.0,0.0,0.0,0.0,0.0,0.0,0.0,0.0,0.0,0.0,0.0,0.0,0.0,0.0,0.0,0.15728539098463523,0.0,0.0,0.0,0.0,0.0,0.0,0.0,0.0,0.0,0.0,0.0,0.0,0.09019123375680033,0.0,0.0,0.0,0.0,0.0,0.0,0.0,0.19033916843881885,0.0,0.0,0.0,0.0,0.0,0.0,0.0,0.0,0.0,0.0,0.0,0.0,0.0,0.09516958421940942,0.0,0.0,0.0,0.0,0.0,0.0,0.0,0.0,0.0,0.0,0.0,0.0,0.0,0.0,0.0,0.0,0.0,0.0,0.0,0.0,0.0,0.0,0.0,0.0,0.0,0.0,0.0,0.0,0.0,0.0,0.0,0.10100197549562887,0.0,0.0,0.0,0.0,0.0,0.10100197549562887,0.0,0.0,0.0,0.0,0.0,0.0,0.07864269549231762,0.0,0.0,0.0,0.0,0.0,0.0,0.247648149638841,0.247648149638841,0.16409360146101518,0.0,0.0,0.0,0.0,0.0,0.0,0.0,0.0,0.0,0.0,0.0,0.0,0.0,0.0,0.0,0.0,0.0,0.0,0.0,0.0,0.0,0.0,0.0,0.0,0.0,0.0,0.0,0.0,0.0,0.0,0.14051348658147253,0.0,0.09516958421940942,0.0,0.0,0.0,0.0,0.0,0.0,0.0,0.09516958421940942,0.0,0.0,0.0,0.0,0.0,0.0,0.0,0.0,0.07864269549231762,0.0,0.0,0.0,0.0,0.0,0.0,0.052934263113938104,0.0,0.0,0.0,0.0,0.07864269549231762,0.0,0.0,0.0,0.0,0.08204680073050759,0.0,0.0,0.0,0.0,0.0,0.0,0.0,0.08586329438852079,0.0,0.0,0.0,0.0,0.0,0.0,0.0,0.09019123375680033,0.0,0.0,0.0,0.13584645115425537,0.0,0.0,0.0,0.0,0.07557789107283557,0.0,0.0,0.0,0.0,0.0,0.0,0.0,0.0,0.0,0.0,0.0,0.1315378261366352,0.0,0.0,0.12035077983372884,0.0,0.0,0.0,0.07864269549231762,0.0,0.0,0.07025674329073626,0.0,0.0,0.08204680073050759,0.0,0.0,0.0,0.0,0.0,0.0,0.17105890658617412,0.17105890658617412,0.0,0.0,0.0,0.0,0.0,0.0,0.08586329438852079,0.0,0.0,0.0,0.12754274058048265,0.0,0.0,0.0,0.0,0.0727969297092547,0.0,0.06792322557712768,0.0,0.0,0.07864269549231762,0.0,0.0,0.0,0.0,0.05854831417211444,0.08204680073050759,0.0,0.0,0.0,0.0,0.0,0.0,0.0,0.0,0.0,0.0,0.0,0.0,0.18962172266254662,0.0,0.0,0.0,0.0,0.0,0.0,0.10586852622787621,0.0,0.0,0.0,0.051715091762895446,0.06792322557712768,0.07025674329073626,0.0,0.0,0.0,0.0,0.0,0.0,0.06792322557712768,0.0,0.0,0.0,0.07025674329073626,0.0,0.0,0.0,0.1111595127686501,0.06191203740971025,0.0,0.0727969297092547,0.0,0.0,0.0,0.0,0.0,0.06191203740971025,0.0,0.0657689130683176,0.0,0.0,0.0,0.0,0.11709662834422888,0.0,0.0,0.09891184000334896,0.0,0.0,0.0,0.0,0.0,0.0,0.0,0.0,0.0,0.0,0.0,0.0,0.0,0.0,0.0,0.08602076929690905,0.0,0.048406605186491876,0.0,0.0,0.0,0.0,0.0,0.0,0.0,0.0,0.048406605186491876,0.0,0.050557287781555396,0.05557975638432505,0.0,0.0,0.0,0.0,0.0,0.0,0.0,0.0,0.0,0.0,0.04945592000167448,0.1140392710574494,0.0570196355287247,0.0,0.30508901307351954,0.07509927781904768,0.0,0.05541195031291156,0.0,0.0,0.048406605186491876,0.0,0.0,0.0,0.06091541031818153,0.0,0.0,0.058723077362942605,0.0,0.0,0.0,0.0,0.0,0.0,0.1317161250983307,0.0,0.0,0.0,0.0,0.0,0.12995318561097596,0.0,0.043010384648454525,0.06897728048317055,0.0,0.0,0.04148989959939747,0.0,0.0,0.0,0.0,0.02059013973932902,0.0,0.05137580894331275,0.06497659280548798,0.030457705159090766,0.04744530813158885,0.0,0.048406605186491876,0.0,0.03482566010632001,0.0,0.0,0.0,0.0,0.0,0.03955434159309026,0.0,0.0,0.0,0.09225175643197027,0.09140525050039844,0.10299057086734426,0.0,0.0,0.0,0.0,0.0,0.0,0.028021422185264953,0.04370027620848878,0.0,0.028021422185264953,0.031237264826680964,0.027397799980066053,0.0,0.0,0.05556364118868209,0.0,0.06280424942744847,0.0,0.046557246977216867,0.0,0.0,0.0,0.10465513934541837,0.07185377093643165,0.0,0.0,0.03955434159309026,0.0622829569253604,0.036934611150906405,0.11273241344862149,0.034408202376605294,0.0,0.08155476477583568,0.0361258963560736,0.010454719808639922,0.02661334314676095,0.0,0.07648172435717815,0.07995340570731135,0.07569340553554041,0.057522075160370875,0.05696491044906329,0.0958804295869087,0.06351258544644779,0.0535175170325812,0.0,0.03876739399926116,0.010319297928711668,0.054428502379452466,0.033125371079595754,0.03523125191371768,0.031875586140911655,0.029610633297610937
36,0.0,0.0,0.0,0.0,0.0,0.09376803059766128,0.0,0.0,0.0,0.0,0.0,0.0,0.0,0.0,0.0,0.0,0.0,0.0,0.0,0.0,0.0,0.0,0.0,0.0,0.0,0.0,0.0,0.0,0.0,0.0,0.0,0.0,0.0,0.0,0.0,0.0,0.0,0.0,0.0,0.0,0.23588064460360314,0.0,0.0,0.0,0.0,0.0,0.0,0.0,0.0,0.0,0.0,0.0,0.0,0.0,0.0,0.0,0.0,0.0,0.0,0.0,0.0,0.0,0.0,0.0,0.0,0.0,0.0,0.0,0.0,0.0,0.0,0.0,0.0,0.0,0.0,0.0,0.0,0.0,0.0,0.0,0.0,0.08262513551730714,0.0,0.0,0.0,0.0,0.0,0.0,0.0,0.0,0.10448715915843422,0.0,0.0,0.0,0.0,0.0,0.0,0.0,0.0876887503637962,0.0,0.0,0.0,0.0,0.0,0.0,0.0,0.0876887503637962,0.0,0.0,0.0,0.0,0.0,0.0,0.0,0.0,0.0,0.0,0.0,0.0,0.0,0.0,0.2731067252545105,0.0,0.0,0.0,0.0,0.0,0.0,0.0,0.0,0.0,0.0,0.0,0.0,0.0,0.0,0.0,0.0,0.0,0.0,0.0,0.0,0.0,0.0,0.0,0.07454552200688383,0.0,0.0,0.0,0.0,0.0,0.0,0.0,0.0,0.0,0.0,0.07830298905633905,0.0,0.0,0.0,0.0,0.0,0.1219921886391481,0.0,0.0,0.0,0.08262513551730714,0.0,0.0,0.0,0.08262513551730714,0.0,0.0,0.0,0.0,0.0,0.0,0.0,0.058970161150900785,0.0,0.0,0.20483004394088292,0.22839924749770885,0.0,0.0,0.0,0.0,0.0,0.0,0.0,0.0,0.0,0.0,0.0,0.0,0.0,0.0,0.0,0.14246417245011164,0.0,0.07454552200688383,0.0,0.0,0.0,0.0,0.0,0.0,0.0,0.0,0.0,0.07830298905633905,0.0,0.0,0.0,0.0,0.0,0.0,0.05375131690537129,0.0,0.0,0.0,0.0,0.0,0.06561585346016202,0.0,0.0,0.0,0.0,0.0,0.0,0.0,0.0,0.0,0.0,0.0,0.0,0.14408420947164485,0.0,0.10448715915843422,0.0,0.06561585346016202,0.0,0.0,0.06827668131362763,0.0,0.06099609431957405,0.06099609431957405,0.0,0.0,0.07123208622505582,0.0,0.0,0.0,0.0,0.10448715915843422,0.099007580023608,0.099007580023608,0.30725277955355385,0.0,0.036668218723234065,0.0,0.0,0.07454552200688383,0.07454552200688383,0.0,0.0,0.0,0.05536556827029775,0.0,0.0,0.0,0.0,0.0632014548745328,0.0,0.0,0.0,0.0,0.0,0.0,0.0,0.06827668131362763,0.05224357957921711,0.0,0.07123208622505582,0.0,0.0,0.0,0.0,0.0,0.0,0.0,0.0,0.0,0.0,0.0,0.0,0.08231369644264362,0.049503790011804,0.0,0.0632014548745328,0.09650740708683685,0.06561585346016202,0.0,0.0,0.0,0.0,0.0,0.0,0.0,0.0,0.0,0.04825370354341842,0.0,0.0,0.0,0.0,0.11794032230180157,0.0,0.0,0.0,0.0,0.0,0.0,0.0,0.0,0.05375131690537129,0.0,0.0632014548745328,0.0,0.0,0.049503790011804,0.0,0.0,0.05375131690537129,0.0,0.0,0.06561585346016202,0.0,0.0,0.0,0.0,0.0,0.0652003269526233,0.0,0.0,0.0,0.05083097118117103,0.0,0.0,0.0,0.0,0.0,0.0,0.05083097118117103,0.0,0.04825370354341842,0.0,0.0,0.0,0.03734111995316769,0.0,0.0,0.0,0.0,0.0,0.0,0.0,0.0,0.0,0.0,0.12607816918415116,0.0,0.0,0.0,0.0,0.0,0.0,0.0,0.08816289518754147,0.0,0.0,0.0,0.0,0.0,0.0,0.0,0.0,0.0,0.13243738142180503,0.03260016347631165,0.0,0.04810801624736802,0.0,0.0,0.0,0.0,0.0760828896423051,0.16462739288528724,0.05288605675767606,0.0,0.026286456713824756,0.10196539713613459,0.0,0.04032639074479678,0.0,0.0,0.0,0.0,0.11435442085124296,0.0,0.014348454203679514,0.0,0.0,0.0,0.0,0.09913926720555875,0.0,0.05988527946489581,0.03804144482115255,0.17225803415893373,0.07204210473582243,0.08587411883298049,0.1608850968734029,0.0,0.0,0.0,0.04202605639471705,0.04460388485533344,0.056411928559328584,0.02644302837883803,0.061787204066087856,0.0,0.0,0.0,0.06047047298495016,0.03602105236791121,0.0,0.0,0.029805075310968408,0.0,0.03434062322781914,0.03366065956726146,0.0,0.012835571288569938,0.0,0.05951773829475674,0.11922030124387363,0.04507188874521092,0.15592303992958334,0.0,0.0,0.0,0.014735065761654424,0.0,0.037940075849714004,0.07382487178240016,0.0,0.16271899855383498,0.09514581595775644,0.0,0.04042046492434653,0.15677906567830882,0.0,0.09087654181687202,0.07057497109896506,0.0,0.09290989482367742,0.0,0.034071812812449406,0.0,0.0,0.015800864836367803,0.07588015169942801,0.01717031161390957,0.0,0.04809930520323161,0.0,0.0,0.019583853325370063,0.011800817713900178,0.0,0.027230001520007988,0.0,0.0,0.06640055109456262,0.007712736089676412,0.013143228356912378,0.024970001152915956,0.03956502266298818,0.0,0.009190149042206709,0.023231645560057988,0.03302671099262232,0.033657404401988784,0.01343864318831464,0.027564948887423446,0.023007252133855505,0.02352874355565077,0.015094917979722004,0.034888899770472645
37,0.0,0.0,0.0,0.0,0.0,0.0,0.0,0.0,0.0,0.0,0.0,0.0,0.0,0.0,0.0,0.0,0.0,0.0,0.0,0.0,0.0,0.0,0.0,0.0,0.0,0.0,0.0,0.0,0.0,0.0,0.0,0.0,0.0,0.0,0.0,0.0,0.0,0.0,0.0,0.0,0.0,0.0,0.14545986828896687,0.0,0.0,0.0,0.0,0.0,0.0,0.0,0.06989555744618696,0.0,0.0,0.0,0.0,0.1668203880977754,0.0,0.0,0.0,0.0,0.0,0.0,0.0,0.0,0.0,0.0,0.0,0.0,0.0,0.08801424658074795,0.0,0.0,0.08801424658074795,0.08801424658074795,0.0,0.0,0.0,0.0,0.0,0.0,0.0,0.0,0.0,0.0,0.0,0.0,0.0,0.0,0.0,0.0,0.0,0.0,0.0,0.0,0.0,0.0,0.0,0.0,0.0,0.0,0.0,0.0,0.0,0.0,0.0,0.0,0.0,0.0,0.0,0.0,0.0,0.0,0.0,0.09340812875593023,0.0,0.0,0.0,0.0,0.0,0.0,0.0,0.07272993414448344,0.07272993414448344,0.0,0.05897671147304203,0.0,0.0,0.0,0.06989555744618696,0.057257172778352856,0.057257172778352856,0.0,0.0,0.0,0.0,0.07587810128504938,0.0,0.0,0.0,0.0,0.0,0.0,0.0,0.0,0.0,0.0,0.0,0.0,0.0,0.0,0.0,0.0,0.0,0.0,0.0,0.0,0.0,0.0834101940488877,0.0834101940488877,0.0,0.0,0.0,0.0,0.0,0.0,0.0,0.08801424658074795,0.0,0.0,0.0,0.0,0.08801424658074795,0.0,0.0,0.0,0.0,0.0,0.0,0.0,0.0,0.0,0.07272993414448344,0.06082406873605025,0.0,0.0,0.0,0.2707317575619202,0.0,0.0,0.0,0.0,0.0,0.0,0.0,0.07272993414448344,0.0,0.0,0.0,0.0,0.0,0.0,0.0,0.0,0.0,0.0,0.0,0.0,0.0,0.0,0.0834101940488877,0.0,0.0,0.0,0.0,0.0,0.0,0.0,0.0,0.0,0.0,0.0,0.0,0.06989555744618696,0.0,0.0,0.0,0.0,0.0,0.0,0.0,0.07272993414448344,0.0,0.0,0.0,0.0,0.06082406873605025,0.03837047607072655,0.0,0.0,0.0,0.0,0.0,0.0,0.07272993414448344,0.0,0.0,0.12994896171228734,0.07587810128504938,0.0,0.0,0.0,0.0,0.0,0.0,0.2782554767721368,0.0,0.0,0.09351226297260933,0.06281640897708,0.07811970592671541,0.0,0.0,0.07940765136814966,0.07940765136814966,0.06732368302650424,0.0,0.0,0.05897671147304203,0.0,0.0,0.0,0.12563281795416,0.0,0.0,0.06281640897708,0.06989555744618696,0.0,0.0,0.0,0.0,0.0,0.11130219070885472,0.05414635151238404,0.07587810128504938,0.0,0.07587810128504938,0.0,0.0,0.0,0.06281640897708,0.0,0.05273260677276389,0.0,0.0,0.0,0.0,0.0,0.0,0.0,0.0,0.15420295539055917,0.0,0.0,0.048954393617390235,0.0,0.0,0.06082406873605025,0.0,0.06281640897708,0.0,0.0,0.0,0.0,0.0,0.0,0.0,0.0,0.0,0.0,0.0,0.06497448085614367,0.06497448085614367,0.0,0.048954393617390235,0.051400985130186386,0.0,0.0,0.0,0.0,0.0,0.0,0.0,0.0,0.0,0.0,0.0,0.06989555744618696,0.0767409521414531,0.0,0.0,0.0,0.10028761766329196,0.06945292879249247,0.045737570187023915,0.0,0.0,0.05414635151238404,0.0,0.0,0.06497448085614367,0.09147514037404783,0.0,0.033167060334025146,0.05414635151238404,0.0,0.051400985130186386,0.14930264310007937,0.0,0.0,0.2784365027673301,0.0,0.0,0.0,0.09565377164771083,0.0,0.0,0.0,0.0,0.0,0.12156793754639615,0.0,0.0,0.0,0.0,0.0,0.08953429648696319,0.0,0.04211036292591264,0.0,0.0,0.057257172778352856,0.06633412066805029,0.09565377164771083,0.0,0.0,0.0,0.0,0.0,0.023512571309743272,0.17363232198123119,0.05414635151238404,0.12811448895050703,0.0,0.0,0.0,0.0,0.040522645848798715,0.043841247159940436,0.1408386930626736,0.0,0.0,0.0,0.045737570187023915,0.0,0.032679715513452716,0.0,0.0,0.07374285277097613,0.0,0.0,0.03056862487252902,0.0,0.0,0.0,0.03004565958791241,0.06034599419610532,0.0,0.17010990567234988,0.08104529169759743,0.10485333029579497,0.11511142821217965,0.0,0.09521033694816573,0.0,0.0,0.0,0.08953429648696319,0.11878278006861151,0.09013697876373723,0.0,0.0,0.0,0.0,0.03367008118112574,0.0,0.03837047607072655,0.0,0.0,0.0,0.0,0.018290221623156862,0.0,0.06945292879249247,0.0,0.021328949014297053,0.021133233696203246,0.031749070441498405,0.02400582041435858,0.025552754801384886,0.0,0.0,0.04041466522532415,0.04708842060748452,0.025914627892785966,0.0,0.0,0.0,0.028888686984543013,0.05067578560932182,0.0,0.02152841713654266,0.08992564272586277,0.0,0.05808230371882726,0.025059375575577126,0.06458525140962798,0.1360834958963332,0.01733372644418719,0.09073525010134059,0.0,0.022150478589796803,0.03366290911815427,0.0808293304506483,0.0,0.019200068220566302,0.06831535516022437,0.029787603484848435,0.04773182576997932,0.013907455520152814,0.050282039411995105,0.0,0.04834340166123162,0.012306207730491294,0.0,0.1021676296431785,0.0,0.02800095477556116,0.0,0.04214559696430032,0.011083955868288272,0.01957912780052691,0.024746897756932378,0.023453888592589192,0.040334245211550615,0.03817376065630001,0.033557525538843724,0.02246554619602288,0.020050698849223243,0.037518747671063925,0.03325242980828686
38,0.0,0.0,0.0,0.0,0.0,0.0,0.0,0.0,0.0,0.0,0.0,0.0,0.0,0.0,0.0,0.0,0.0,0.0,0.0,0.11091248629033816,0.0,0.0,0.0,0.0,0.0,0.0,0.11091248629033816,0.0,0.0,0.0,0.0,0.0,0.0,0.0,0.0,0.0,0.0,0.0,0.0,0.0,0.0,0.0,0.0,0.0,0.0,0.0,0.0,0.0,0.0721485609952937,0.0,0.0,0.0,0.0,0.0,0.0,0.0,0.0,0.0,0.0,0.0,0.0,0.0,0.0,0.0,0.0,0.0,0.0,0.0,0.0,0.0,0.0,0.0,0.0,0.09773223509003964,0.0,0.0,0.19546447018007929,0.0,0.0,0.0,0.0,0.0,0.0,0.0,0.0,0.0,0.0,0.07475714753335004,0.0,0.0,0.0,0.0,0.0,0.0,0.0,0.0,0.0,0.0,0.0,0.0,0.0,0.0,0.0,0.10372167635974651,0.10372167635974651,0.0,0.0,0.0,0.0,0.0,0.0,0.0,0.0,0.0,0.0,0.0,0.0,0.0,0.0,0.0,0.0,0.0,0.0,0.0,0.0,0.0,0.0,0.0,0.0,0.0,0.0,0.0,0.0,0.0,0.0,0.0,0.0,0.0,0.0,0.0,0.0,0.0,0.0,0.0,0.1763507057767047,0.0,0.0,0.08817535288835235,0.0,0.0,0.08425609172456845,0.0,0.0,0.0,0.0,0.0,0.0,0.0,0.0,0.0,0.0,0.0,0.0,0.0,0.0,0.09773223509003964,0.09773223509003964,0.0,0.0,0.0,0.0,0.0,0.0,0.0,0.0,0.0,0.0,0.0,0.0,0.0,0.0,0.0,0.0,0.0,0.0,0.0,0.06012485660967718,0.0,0.0,0.0,0.0,0.0,0.0,0.0,0.0,0.0,0.1685121834491369,0.0,0.0,0.0,0.0,0.0,0.0,0.0,0.08817535288835235,0.0,0.0,0.0,0.0,0.09261983156570973,0.0,0.0,0.0,0.0,0.0,0.0,0.0,0.0,0.0,0.0,0.0,0.07761299241268883,0.0,0.0,0.0,0.0,0.0,0.0,0.0,0.0,0.0,0.0,0.0,0.0,0.0,0.0,0.0,0.0,0.0,0.0,0.0,0.29902859013340016,0.0,0.0,0.0,0.0,0.0,0.0,0.0,0.0,0.0,0.08425609172456845,0.0,0.06548855502878974,0.0,0.11711002984722886,0.11711002984722886,0.0,0.0,0.0,0.0,0.0,0.0,0.0,0.0,0.0,0.0,0.0,0.0,0.0,0.13097711005757948,0.0,0.0,0.07475714753335004,0.0,0.0,0.0,0.0,0.0,0.0,0.0,0.0,0.0,0.0,0.0,0.0,0.054359634849747755,0.0,0.0,0.0,0.0,0.0,0.0,0.0,0.0,0.0,0.0,0.0,0.0,0.0,0.0,0.0,0.06012485660967718,0.0,0.0,0.0,0.0,0.0,0.0,0.0,0.0,0.0,0.0,0.0,0.13097711005757948,0.0,0.0,0.0,0.0,0.06179574495598537,0.0,0.0,0.0,0.1630789045492433,0.0,0.0,0.0,0.0,0.0,0.0,0.0,0.0,0.0,0.0,0.0,0.0,0.0,0.04260710661677426,0.0,0.0,0.06012485660967718,0.0,0.0,0.0,0.1350797721000926,0.0,0.06012485660967718,0.0,0.0,0.0721485609952937,0.0,0.0,0.0,0.0,0.0,0.0,0.23683959589159437,0.0,0.0,0.04416853407791293,0.0,0.0,0.053107634622233446,0.0,0.0,0.0,0.0,0.0,0.0,0.0,0.0,0.11753166049927562,0.0519186542161445,0.0,0.0,0.0,0.0,0.0,0.0,0.054359634849747755,0.0,0.03682916191115259,0.0,0.0,0.10157525936132197,0.05855501492361443,0.05855501492361443,0.0,0.0,0.23136447432560553,0.0,0.22761615695593607,0.0,0.0,0.0,0.0,0.0,0.0,0.18766707611427938,0.0,0.0,0.1507608142117747,0.0,0.0,0.0,0.07815745310078136,0.0,0.0,0.0,0.0,0.0,0.0,0.0,0.0,0.03336311540867598,0.1507703073244677,0.04416853407791293,0.24792126040803783,0.0,0.02910764655878943,0.08521421323354852,0.0,0.0,0.0,0.0,0.021144574645840127,0.0,0.21103686345893594,0.0,0.0,0.02436143882663999,0.0,0.0,0.0,0.0,0.0,0.0,0.07251941775954795,0.0,0.0,0.0,0.0,0.0771214914418685,0.0,0.023683959589159437,0.0,0.03525460634866667,0.026656394565769716,0.01418706593798956,0.07592918900260447,0.01968864065113244,0.0,0.01742921088200278,0.08632788226500548,0.08975400497833959,0.02910764655878943,0.028775960755001825,0.03207839704934202,0.0,0.01697191164205641,0.023905451747231726,0.014264953681502449,0.0,0.0,0.0,0.0,0.0,0.0,0.08060293998628605,0.05373660485006769,0.07378859213123475,0.01868987962495227,0.0673155037337547,0.0,0.08528008380350728,0.0,0.03307656634746315,0.0883367977090054,0.023164546057089484,0.04187540330852523,0.0741973315207597,0.05368118094237228,0.06832491521016539,0.02132002095087682,0.03490718373370997,0.018245850538927015,0.015546323471394166,0.03938065590003045,0.04679905300042683,0.04923111076811166,0.097834202748821,0.08930771551978324,0.03906528277107215,0.029858468663388905,0.04238867110348572,0.013973527450439773,0.03855299068915837,0.04731221751912477,0.044637145325771975,0.045611947320300474
39,0.0,0.0,0.0,0.0,0.0,0.0,0.0,0.0,0.0,0.0,0.0,0.0,0.0,0.0,0.0,0.0,0.0,0.11276644405252112,0.0,0.11276644405252112,0.0,0.0,0.0,0.0,0.0,0.0,0.0,0.11276644405252112,0.0,0.0,0.0,0.0,0.0,0.0,0.0,0.0,0.0,0.0,0.0,0.0,0.0,0.0,0.0,0.0,0.0,0.0,0.0,0.0,0.0,0.0,0.0,0.0,0.0,0.09416801844174665,0.0,0.0,0.0,0.09936587835168612,0.0,0.0,0.09936587835168612,0.0,0.0,0.0,0.0,0.0,0.0,0.0,0.0,0.0,0.0,0.0,0.0,0.0,0.0,0.0,0.0,0.09936587835168612,0.0,0.0,0.0,0.0,0.0,0.0,0.0,0.0,0.0,0.0,0.0,0.0,0.0,0.0,0.10545543613220715,0.0,0.0,0.0,0.0,0.0,0.0,0.0,0.0,0.0,0.0,0.10545543613220715,0.0,0.0,0.0,0.0,0.0,0.0,0.0,0.0,0.0,0.0,0.0,0.10545543613220715,0.10545543613220715,0.0,0.0,0.0,0.0,0.0,0.0,0.0,0.0,0.0,0.0,0.0,0.0,0.0,0.0,0.0,0.0,0.0,0.0,0.17132894899986228,0.0,0.0,0.0,0.0,0.0,0.0,0.0,0.0,0.0,0.0,0.0,0.0,0.0,0.0,0.17132894899986228,0.0,0.0,0.0,0.0,0.0,0.0,0.0,0.0,0.0,0.0,0.0,0.0,0.0,0.0,0.0,0.0,0.0,0.0,0.0,0.0,0.09936587835168612,0.0,0.0,0.09936587835168612,0.0,0.0,0.0,0.0,0.14670912066019448,0.0,0.0,0.0,0.0,0.0,0.0,0.18338962110972828,0.0,0.0,0.0,0.0,0.0,0.16422054541128517,0.0,0.0,0.0,0.0,0.0,0.0,0.0,0.089649248077147,0.0,0.0,0.0,0.0,0.0,0.0,0.0,0.0,0.09416801844174665,0.0,0.0,0.0,0.0,0.0,0.0,0.0,0.0,0.0,0.0,0.0,0.0,0.0,0.0,0.0,0.0,0.0,0.0,0.0,0.0,0.0,0.06282869178517395,0.0,0.0,0.0,0.0,0.0,0.0,0.0,0.0,0.0,0.0,0.16422054541128517,0.0,0.0,0.0,0.0,0.0,0.0,0.0,0.0,0.0,0.0,0.0,0.0,0.0,0.0,0.10557300105275998,0.0,0.0,0.0,0.0,0.0,0.0,0.07600675069872588,0.07600675069872588,0.0,0.0,0.0,0.0,0.0,0.0,0.0,0.0,0.0,0.0,0.08211027270564258,0.0,0.0,0.0,0.16422054541128517,0.06282869178517395,0.0,0.0,0.08566447449993114,0.0,0.0,0.0,0.0,0.0,0.0,0.0,0.0,0.1256573835703479,0.0,0.0,0.049495669182195084,0.0,0.0,0.07600675069872588,0.0,0.0,0.0,0.0,0.05399535533549315,0.06866884907474717,0.06866884907474717,0.05399535533549315,0.0,0.0,0.0,0.0,0.0,0.0,0.06658322902799976,0.0,0.070918151269747,0.0,0.0,0.0,0.0,0.0,0.0,0.16580485012173649,0.0,0.0,0.0,0.0,0.0,0.12225974740648551,0.0,0.0,0.0,0.0,0.0,0.13733769814949434,0.0,0.0,0.0,0.12225974740648551,0.0,0.0,0.0,0.0,0.0,0.13733769814949434,0.0,0.0,0.0,0.0,0.0,0.0,0.0,0.0,0.0,0.0,0.26487833720163856,0.070918151269747,0.0,0.0,0.0,0.0,0.0,0.0,0.0,0.0,0.0,0.0,0.0,0.0,0.0,0.03983208702459086,0.15835950157913994,0.0,0.0,0.0,0.0,0.04754154426582185,0.0,0.05526828337391216,0.0,0.0,0.05399535533549315,0.0,0.0,0.059533791327095256,0.0,0.05278650052637999,0.0,0.15682123159985534,0.0,0.1446380468923891,0.0,0.05526828337391216,0.0,0.0,0.09149810296236642,0.0,0.1272026835268028,0.0,0.0,0.030656171346878546,0.0,0.09699390414362938,0.0,0.0,0.0,0.0,0.03438096470323483,0.09899133836439017,0.0,0.0,0.0,0.06844071609565017,0.0,0.11922595107828168,0.0,0.1680435923030302,0.0,0.14797097725227992,0.0,0.05163657034927836,0.10749008400969358,0.0,0.04849695207181469,0.0,0.0,0.13410278145986526,0.0,0.0,0.0,0.09699390414362938,0.0,0.0,0.0,0.04331930574491884,0.044906833248158126,0.014746323230184146,0.0,0.0,0.0,0.08096134385395148,0.039205307899963834,0.0,0.04815969767302519,0.0,0.0,0.0,0.014424209851159851,0.0,0.0800709845650454,0.022813572031883386,0.0,0.0292569653523233,0.022813572031883386,0.029594195450455982,0.0292569653523233,0.065229207046895,0.057211691786877614,0.06902242258417415,0.07291513004084414,0.014503399527317967,0.0,0.0,0.08487422076814137,0.024305043346948045,0.041900415271257006,0.058708028080010605,0.0,0.10926967823144844,0.1250366756798904,0.01900229032426921,0.022813572031883386,0.0,0.021676395779841633,0.01928158092046864,0.05044418658202456,0.017962678305768347,0.01570116869806018,0.028383581099584602,0.03771878854054224,0.07640988427751133,0.05557360031238641,0.021676395779841633,0.0,0.03710167813933156,0.0,0.06005838493257029,0.07137198391805404,0.10010806688695333,0.011052172272328619,0.02095397047318615,0.026478852359738184,0.04047675723014076,0.059258676087346605,0.037885605228889396,0.03919742323894748,0.050932656987562386,0.042357725729893575,0.039749463313601935
40,0.0,0.0,0.0,0.0,0.0,0.0,0.0,0.0,0.0,0.10150294111037503,0.0,0.0,0.0,0.0,0.0,0.0,0.0,0.10150294111037503,0.0,0.0,0.0,0.0,0.0,0.10150294111037503,0.0,0.0,0.0,0.0,0.0,0.0,0.0,0.34911152893001596,0.0,0.0,0.0,0.0,0.0,0.0,0.0,0.0,0.3191730036568827,0.0,0.0,0.0,0.0,0.0,0.0,0.07710801013081459,0.0,0.0,0.0,0.0,0.0,0.0,0.0,0.0,0.0,0.08944087031789662,0.0,0.08944087031789662,0.0,0.0,0.08944087031789662,0.0,0.0,0.0,0.0,0.0,0.0,0.0,0.0,0.0,0.0,0.0,0.0,0.0,0.0,0.0,0.0,0.0,0.08944087031789662,0.0,0.0,0.0,0.0,0.0,0.0,0.0,0.0,0.0,0.0,0.0,0.0,0.0,0.0,0.0,0.0,0.0,0.0,0.0,0.0,0.0,0.0,0.0,0.09492218197916145,0.0,0.09492218197916145,0.0,0.09492218197916145,0.0,0.0,0.0,0.0,0.0,0.0,0.0,0.0,0.0,0.0,0.0,0.0,0.0,0.0,0.0,0.0,0.0,0.0,0.0,0.21308548555054987,0.0,0.0,0.0,0.0,0.0,0.0,0.07710801013081459,0.0,0.0,0.0,0.0,0.0,0.0,0.0,0.0,0.0,0.0,0.0,0.0,0.0,0.0,0.0,0.0,0.0,0.0,0.0,0.0,0.08476219065595005,0.0,0.0,0.03474377077669601,0.0,0.0,0.0,0.0,0.0,0.0,0.0,0.08944087031789662,0.0,0.0,0.0,0.08944087031789662,0.0,0.0,0.0,0.0,0.0,0.0,0.0,0.0,0.0,0.0,0.0,0.0,0.0,0.0,0.11004802045003725,0.0,0.0,0.0,0.0,0.0,0.14781762863987977,0.0,0.0,0.0,0.0,0.0,0.0,0.0,0.08069477072386777,0.08069477072386777,0.0,0.08069477072386777,0.0,0.0,0.0,0.0,0.0,0.0,0.0,0.0,0.0,0.0,0.0,0.0,0.0,0.0,0.0,0.0,0.0,0.0,0.0,0.0,0.0,0.0,0.0,0.0,0.0,0.0,0.0,0.0,0.0,0.0,0.0,0.0,0.03899242347236649,0.0,0.0,0.0,0.0,0.0,0.0,0.07390881431993988,0.0,0.0,0.13205530563498954,0.0,0.0,0.0,0.0,0.0,0.0,0.0,0.1131062889478395,0.0,0.0,0.04751400205416108,0.0,0.0,0.0,0.08069477072386777,0.08069477072386777,0.0,0.1368298664551398,0.0,0.0,0.0,0.0,0.0,0.059932665534970155,0.0,0.0,0.0,0.0,0.0,0.0,0.07390881431993988,0.07390881431993988,0.0,0.0,0.226212577895679,0.0,0.0,0.0,0.07710801013081459,0.0,0.0,0.0,0.0,0.0,0.0,0.0,0.0,0.0,0.0,0.0,0.0,0.0,0.0,0.10446828834746276,0.0,0.0,0.0,0.0,0.06180996662894651,0.0,0.04860211225867598,0.0,0.0,0.0,0.0,0.0,0.05223414417373138,0.0,0.06383460073137655,0.0,0.0,0.0,0.0,0.0,0.06602765281749477,0.0,0.0,0.0,0.0,0.0,0.0,0.0,0.0,0.0,0.0,0.0,0.0,0.0,0.0,0.0,0.07798484694473298,0.0,0.0,0.0,0.050956590292936345,0.03528934597893957,0.0464789308853564,0.0,0.0,0.0,0.0,0.0,0.0,0.0,0.0,0.0,0.0,0.0,0.0,0.04334934029241701,0.0,0.0,0.04042138323097472,0.08235895558056727,0.0,0.0,0.0,0.0,0.0,0.0,0.07533668075799697,0.0,0.20589738895141815,0.0,0.07170704046812565,0.0,0.0,0.0,0.09098555872710544,0.0,0.0855858603763806,0.031811812978983424,0.0,0.0,0.06740933104369219,0.0,0.0,0.0,0.0,0.0,0.04751400205416108,0.0,0.07057869195787914,0.11004802045003725,0.05207643915489629,0.09949579167293615,0.0,0.13647833809065815,0.0,0.041179477790283636,0.0,0.05724861949663507,0.03704186216992429,0.0,0.08278238037130545,0.0464789308853564,0.0,0.0,0.0,0.0,0.0,0.0,0.0,0.0,0.0,0.0,0.0,0.030532669962159933,0.030662071487180198,0.0,0.06482520701522848,0.041179477790283636,0.07991467417250896,0.0,0.0,0.07740288174452736,0.0,0.0,0.0,0.0,0.048283252499896054,0.0,0.0,0.04458934739072476,0.0,0.0,0.03421583983851136,0.03272933652965625,0.03899242347236649,0.04042138323097472,0.039820228198314093,0.0,0.0,0.09293343997335275,0.0,0.03528934597893957,0.0,0.0,0.021475782476712925,0.06452738283606385,0.048789861959120905,0.03895040946056782,0.03474377077669601,0.018018304335220028,0.14374411417759442,0.12760447267408143,0.10533871334426499,0.0,0.0,0.0,0.0,0.0,0.015532055997956727,0.0656321143472793,0.03916424927177663,0.06160462036182618,0.157396694179179,0.025465563226134847,0.0218773714490931,0.13828927454038226,0.03522937795299064,0.07376478288778374,0.01639257406146844,0.04501903180439689,0.11972993033226693,0.08213949381576824,0.01858668799467055,0.0,0.034711339692040294,0.0,0.0,0.007066440797676442,0.01277426536351032,0.0,0.03930160024483128,0.0250113583309075,0.01951128230399544,0.007986435822871953,0.01669791702183441,0.04268223376588104,0.009009924243887732,0.03212155150157414,0.022527231623015634,0.0,0.012574010225818296,0.06554364544690998,0.10019294600422131,0.0436415844329634,0.04262682472597777,0.03735767526900365,0.04839228942940831,0.03812688939919341,0.03776687978020078
41,0.0,0.0,0.0,0.0,0.07557996128310476,0.0,0.0,0.0,0.0,0.09506921316494078,0.0,0.0,0.0,0.09506921316494078,0.0,0.0,0.0,0.0,0.0,0.0,0.0,0.0,0.0,0.0,0.0,0.0,0.0,0.09506921316494078,0.0,0.0,0.0,0.0,0.0,0.0,0.0,0.0,0.0,0.0,0.0,0.0,0.0,0.0,0.0,0.0,0.0,0.0,0.0,0.0,0.0,0.0,0.0,0.0,0.0,0.0,0.0,0.0,0.0,0.0,0.0,0.0,0.0,0.0,0.0,0.0,0.0,0.0,0.0,0.0,0.0,0.0,0.0,0.0,0.0,0.0,0.0,0.0,0.0,0.0,0.0,0.0,0.0,0.16754338490869217,0.0,0.0,0.0,0.0,0.0,0.0,0.0,0.0,0.0,0.0,0.0,0.0,0.0,0.0,0.0,0.0,0.0,0.08890557311876554,0.0,0.0,0.0,0.0,0.0,0.0,0.08890557311876554,0.0,0.0,0.0,0.0,0.0,0.0,0.0,0.0,0.0,0.08890557311876554,0.0,0.0,0.0,0.0,0.0,0.0,0.0,0.0,0.061842513446593084,0.0,0.07557996128310476,0.0,0.0,0.0,0.0,0.0,0.0,0.0,0.0,0.0,0.0,0.0,0.0,0.0,0.0,0.0,0.0,0.0,0.0,0.0,0.0,0.0,0.0,0.0,0.0,0.07938956924445412,0.0,0.0,0.0,0.0,0.0,0.0,0.0,0.0,0.0,0.0,0.0,0.0,0.0,0.0,0.0,0.0,0.08377169245434608,0.0,0.08377169245434608,0.0,0.08377169245434608,0.0,0.0,0.0,0.0,0.0,0.0,0.0692241303206158,0.0,0.0,0.0,0.0,0.0,0.0,0.0,0.0,0.0,0.0,0.0,0.0692241303206158,0.0,0.0,0.0,0.0,0.0,0.0,0.0,0.0,0.0,0.0,0.0,0.0,0.0,0.07557996128310476,0.0,0.0,0.0,0.0,0.0,0.0,0.07938956924445412,0.0,0.0,0.0,0.0,0.0,0.0,0.0,0.0,0.0,0.0,0.19957913757525098,0.0,0.0,0.0,0.0,0.0,0.0,0.0,0.0,0.0,0.0,0.0,0.0365209025311006,0.3368031286359319,0.0,0.0,0.0,0.0,0.0,0.0692241303206158,0.0,0.0,0.0,0.0,0.0,0.0,0.0,0.0,0.0,0.0,0.10593708691243468,0.0,0.0,0.0,0.0,0.0,0.0,0.0,0.07557996128310476,0.0,0.06407847693402666,0.0,0.0,0.0,0.0,0.0,0.0,0.0,0.0,0.0,0.0,0.0,0.0,0.0,0.0692241303206158,0.0,0.0,0.15890563036865205,0.0,0.07222054623894573,0.0,0.07222054623894573,0.0,0.0,0.0,0.0,0.0,0.0,0.0,0.0,0.0,0.057892163802183254,0.0,0.0,0.0,0.1281569538680533,0.1467699043776714,0.0,0.0,0.0,0.09104296919952325,0.0,0.057892163802183254,0.0,0.0,0.0,0.0,0.04892330145922381,0.0,0.0,0.0,0.059788467189644964,0.0,0.0,0.0,0.10593708691243468,0.0,0.0,0.0,0.0,0.04892330145922381,0.27248601534031164,0.06407847693402666,0.0,0.0,0.0,0.0,0.0,0.0,0.0,0.0,0.057892163802183254,0.0,0.1095627075933018,0.0,0.0,0.0,0.0,0.0,0.0,0.0,0.057892163802183254,0.1030726656793886,0.0,0.0,0.0,0.2611972819514789,0.0,0.0,0.0515363328396943,0.0,0.0,0.08120331544556803,0.0,0.0,0.18929644090945988,0.0,0.04260923566811938,0.04552148459976162,0.0,0.054497203068062335,0.0,0.0,0.0,0.0,0.11570799355877762,0.0,0.0,0.0,0.0,0.0,0.0,0.0,0.0,0.0,0.0,0.0,0.2209781507085144,0.0,0.0,0.0,0.0,0.0,0.0,0.0,0.09915762987621148,0.0515363328396943,0.12193898129277596,0.0,0.0,0.0,0.0,0.03856933118625921,0.0,0.10723987208224602,0.06938795373090796,0.0,0.0,0.043532880325246485,0.0,0.0,0.0,0.0,0.0,0.0,0.0,0.0,0.0,0.0,0.0,0.0,0.08615570086162058,0.0,0.13155194919816482,0.0,0.024949770291718437,0.1460836101244024,0.043532880325246485,0.036248363759969024,0.023851437527096755,0.0,0.0,0.0,0.09044567130754973,0.05719473499730283,0.0,0.06264460111601311,0.0,0.0,0.09614124287357483,0.0,0.0365209025311006,0.03785928818189197,0.0,0.0,0.0,0.08704288682010249,0.1023832664270214,0.0,0.0,0.020300828861392006,0.0,0.030218668773088663,0.022848666925995062,0.012160517187516092,0.03254154918064669,0.016876220501365533,0.019233277778473706,0.11951630840194563,0.07399639225150666,0.0,0.0,0.0,0.0,0.0,0.014547562133730268,0.143434774098273,0.0,0.11539966667084225,0.036855040126635,0.04770287505419351,0.020490682014039,0.09419916937388172,0.016498188159095588,0.017272307067434045,0.01535353656478954,0.0,0.048060381915172735,0.03846655555694741,0.017408577364020496,0.0,0.0650223474575939,0.042527625725831526,0.04543100672933305,0.046329758666485366,0.03589371924351903,0.010599771288977893,0.02760786168257082,0.011713011124082183,0.0730982663630534,0.029920873675851563,0.10947667828887234,0.0,0.050633000335075666,0.01002851278161843,0.01054967551558741,0.037270708694309186,0.0,0.005580834973785504,0.11943559298907612,0.018166834698695688,0.051902420114264304,0.02721426731581089,0.019084194238381973,0.02295657644681216,0.03351130057087519
42,0.0,0.0,0.0,0.0,0.0,0.0,0.10393623706600155,0.10393623706600155,0.0,0.0,0.0,0.0,0.0,0.0,0.0,0.0,0.0,0.0,0.0,0.0,0.0,0.0,0.0,0.0,0.0,0.0,0.0,0.0,0.0,0.0,0.0,0.0,0.0,0.0,0.0,0.0,0.0,0.0,0.0,0.0,0.0,0.0,0.0,0.0,0.0,0.0,0.0,0.0,0.0,0.0,0.0727312374703273,0.21819371241098187,0.0867941662170216,0.0,0.0,0.0,0.0,0.0,0.18317001259385587,0.0,0.0,0.0,0.0,0.0,0.0,0.0,0.0,0.0,0.0,0.0,0.0,0.0,0.0,0.09158500629692794,0.0,0.0,0.0,0.0,0.0,0.0,0.0,0.0,0.0,0.0,0.0,0.0,0.0,0.0,0.0,0.20283153476375437,0.0,0.0,0.0,0.0,0.0,0.0,0.0,0.0,0.0,0.0,0.0,0.0,0.0,0.0,0.0,0.0,0.0,0.0,0.0,0.0,0.0,0.09719771960380993,0.0,0.0,0.0,0.0,0.0,0.0,0.0,0.0,0.0,0.0,0.0,0.0,0.0,0.0,0.0,0.0,0.0,0.0,0.0,0.07895649458993674,0.0,0.0,0.0,0.0,0.0,0.0,0.0,0.0,0.0,0.0,0.0,0.0,0.0,0.0,0.0,0.0,0.0,0.0,0.0,0.0,0.0,0.0,0.0,0.0,0.0,0.0,0.0,0.0,0.0,0.0,0.0,0.0,0.0,0.0,0.0,0.0,0.0,0.0,0.0,0.0,0.0,0.0,0.0,0.0,0.0,0.0,0.0,0.0,0.07568060553113543,0.0,0.0,0.0,0.0,0.0,0.056343082363010145,0.0,0.0,0.0,0.0,0.0,0.07568060553113543,0.0,0.0,0.0,0.0,0.0,0.0,0.0,0.0,0.0,0.0,0.0,0.0,0.0,0.0,0.0,0.0867941662170216,0.0,0.0,0.0,0.0,0.0,0.0,0.0,0.0,0.0,0.0,0.0,0.10840597689428844,0.0,0.0,0.0,0.0,0.0,0.0,0.0,0.0,0.07568060553113543,0.0,0.0,0.0,0.0,0.0,0.0,0.03992717575931956,0.06136941121998019,0.0,0.0,0.0,0.0,0.0,0.07568060553113543,0.0,0.0,0.0,0.0,0.07895649458993674,0.0,0.0,0.0,0.0,0.0,0.057908874034275165,0.0,0.0,0.19461215714274482,0.0,0.0,0.0,0.0,0.08262923939142174,0.0,0.21016506441117935,0.0,0.0,0.06136941121998019,0.0,0.0,0.0,0.0,0.0,0.0,0.0,0.0,0.0,0.0,0.0,0.0,0.0,0.11581774806855033,0.0,0.0,0.0,0.0,0.0,0.0,0.0,0.0,0.0,0.0,0.0,0.0,0.0,0.06329171622329646,0.0,0.0,0.0,0.14011004294078624,0.053486335788803324,0.0727312374703273,0.056343082363010145,0.0,0.0,0.0,0.18987514866988936,0.0,0.0,0.0,0.0,0.10697267157760665,0.0,0.0,0.06136941121998019,0.06536488619985166,0.0,0.0,0.0,0.057908874034275165,0.0,0.0,0.0,0.0,0.0,0.059580110415860525,0.07005502147039312,0.0,0.0,0.0,0.0,0.0,0.0,0.0,0.0,0.0,0.0,0.07985435151863912,0.0,0.11268616472602029,0.0,0.05217815553741028,0.0,0.0,0.0,0.0,0.056343082363010145,0.0,0.054871981650223015,0.06761051158791812,0.0475931547029914,0.0,0.0,0.056343082363010145,0.0,0.0,0.044388539484664195,0.0,0.0,0.041390391490841845,0.0,0.0,0.0,0.2488361719555055,0.0,0.0,0.0,0.0,0.06136941121998019,0.1686666383867998,0.0,0.0,0.0,0.0,0.11581774806855033,0.0,0.0,0.0,0.0325744268994878,0.0,0.0,0.06902531232271485,0.0,0.0,0.0,0.0,0.0,0.0,0.0,0.07227065126285895,0.0,0.10664970032091532,0.0,0.0,0.046583362501583854,0.0,0.0,0.04561989738246076,0.08793153216959422,0.0,0.0,0.0,0.0,0.0,0.1700276982053981,0.0,0.0,0.0,0.0,0.0,0.0,0.0,0.042975375469351526,0.0,0.03126461941624141,0.03139712304061011,0.0,0.14382168657095107,0.04216665959669995,0.19093769764332533,0.0,0.0951863094059828,0.35666295777865464,0.0,0.0,0.019814608765480815,0.0,0.09888146142858631,0.03126461941624141,0.0,0.06848740928572403,0.044699385086284925,0.0,0.03503608468843034,0.0,0.0,0.0,0.013591608390085073,0.0,0.0,0.038064520861227004,0.03731082193239665,0.10840597689428844,0.0,0.0,0.06597184261637212,0.03303713806876207,0.0,0.06647359093285107,0.0,0.0,0.0,0.06533174594474782,0.0808979722356391,0.02102714908633427,0.0,0.0,0.0,0.0,0.0,0.0672054910066491,0.05347082757463446,0.02102714908633427,0.1007311952038843,0.0,0.0672054910066491,0.03861939188903524,0.018036960006056098,0.018883280320443757,0.0,0.0,0.08757155413273299,0.04205429817266854,0.0951613021530675,0.0399580394582767,0.017771731496860264,0.04649414087003572,0.0,0.028943368849243784,0.026160997083267974,0.08111882000513057,0.0,0.012805473616755133,0.0,0.03271156787844369,0.06839284233951756,0.029136960424776384,0.07380732908151848,0.032891590679771314,0.05766817347352598,0.03056018677478252,0.01931316413205974,0.0366081279660056,0.06062422238755852,0.029791859663967704,0.030554092306455203,0.027627338761889577,0.04694436146798293,0.019520446264087304,0.024424580538543024
43,0.0,0.0,0.0,0.0,0.0,0.0,0.0,0.0,0.0,0.0,0.0,0.0,0.0,0.1152576113087478,0.0,0.1152576113087478,0.0,0.0,0.0,0.0,0.1152576113087478,0.0,0.0,0.0,0.0,0.0,0.0,0.1152576113087478,0.0,0.0,0.0,0.0,0.0,0.0,0.0,0.0,0.0,0.0,0.0,0.0,0.0,0.0,0.0,0.0,0.09624832066371411,0.0,0.0,0.0,0.0,0.0,0.0,0.0,0.0,0.0,0.19249664132742822,0.0,0.0,0.0,0.0,0.0,0.0,0.0,0.20312201702621496,0.0,0.0,0.0,0.0,0.0,0.0,0.0,0.0,0.0,0.0,0.0,0.0,0.0,0.0,0.0,0.0,0.0,0.0,0.0,0.0,0.0,0.0,0.0,0.0,0.0,0.0,0.07497506437564586,0.0,0.0,0.0,0.0,0.0,0.0,0.0,0.0,0.0,0.0,0.0,0.0,0.0,0.0,0.0,0.0,0.10778509307661964,0.0,0.0,0.0,0.0,0.0,0.0,0.0,0.0,0.0,0.0,0.0,0.0,0.0,0.0,0.0,0.0,0.0,0.0,0.0,0.0,0.0,0.0,0.0,0.0,0.0,0.0,0.0,0.0,0.08755692163426394,0.0,0.0,0.07497506437564586,0.0,0.0,0.0,0.0,0.0,0.0,0.0,0.0,0.18325944878043365,0.0,0.0,0.0,0.0,0.0,0.0,0.0,0.0,0.19249664132742822,0.0,0.0,0.0,0.0,0.0,0.0,0.0,0.0,0.0,0.0,0.0,0.0,0.0,0.0,0.0,0.0,0.10156100851310748,0.0,0.0,0.0,0.0,0.0,0.0,0.1678484051790166,0.0,0.0,0.0,0.0,0.0,0.3124015872735892,0.0,0.0,0.0,0.0,0.0,0.0839242025895083,0.0,0.0,0.0,0.0,0.0,0.0,0.0,0.09162972439021683,0.0,0.0,0.0,0.0,0.0,0.09162972439021683,0.0,0.0,0.0,0.0,0.0,0.0,0.0,0.0,0.0,0.0,0.0,0.0,0.0,0.0,0.0,0.0,0.0,0.0,0.0,0.0,0.0,0.0,0.0,0.0,0.0,0.0,0.0,0.0,0.0,0.0,0.13610828993448174,0.0,0.0,0.0,0.0,0.0,0.1678484051790166,0.0,0.0,0.1499501287512917,0.0,0.0,0.08755692163426394,0.0,0.0,0.08755692163426394,0.0,0.1284333295716936,0.0,0.0,0.05395262758471717,0.0,0.0,0.0,0.0,0.0,0.0,0.07768584531045862,0.0,0.0,0.06805414496724087,0.0,0.0,0.0,0.0,0.0,0.0,0.0,0.08065357121824562,0.0,0.0839242025895083,0.0839242025895083,0.0,0.0,0.0642166647858468,0.0,0.0,0.0,0.0,0.0,0.0,0.0,0.0,0.0,0.0,0.0,0.0,0.0,0.0,0.050589097208836455,0.0,0.0,0.07768584531045862,0.05931239647208269,0.0,0.0,0.0,0.0,0.07018583925542635,0.0,0.0,0.0,0.0,0.0,0.0,0.0,0.0,0.06805414496724087,0.0,0.0,0.0,0.0,0.1284333295716936,0.07497506437564586,0.0,0.0,0.0,0.0,0.0,0.0,0.0,0.0,0.0,0.0,0.0,0.06805414496724087,0.0,0.0,0.0,0.0,0.08855257866226979,0.0,0.0,0.0,0.0,0.0,0.0,0.0,0.07018583925542635,0.12496063490943567,0.0,0.0608489754036989,0.0,0.0,0.0,0.0,0.06248031745471783,0.0,0.0,0.17228264282197928,0.07248483165769148,0.0,0.0,0.0,0.0,0.055188187674317775,0.0,0.0,0.0,0.0,0.0,0.06805414496724087,0.09351942304585281,0.0,0.0,0.0,0.0,0.0,0.051657508874913126,0.0,0.048591802960955534,0.0,0.0,0.06606994251372417,0.07654397390877607,0.0,0.05395262758471717,0.0,0.0,0.0,0.05395262758471717,0.02713152185837401,0.08014281512803961,0.06248031745471783,0.02956666041790774,0.05648923645978602,0.05648923645978602,0.051657508874913126,0.0,0.09351942304585281,0.0,0.0650063836744443,0.0,0.0,0.0,0.0,0.0,0.0,0.0,0.0,0.0,0.0,0.10117819441767291,0.0,0.0,0.0,0.0,0.03467015406864112,0.06963418160558552,0.0,0.04907311670930234,0.0,0.15123986150681096,0.0,0.0,0.06591881348974893,0.0,0.0,0.0,0.051657508874913126,0.027413059604370037,0.03467015406864112,0.0650063836744443,0.10126330555254377,0.0,0.051657508874913126,0.0,0.037164491066581894,0.0,0.04589888752022987,0.0,0.07327149271076261,0.0,0.042210742604535986,0.0,0.0,0.0,0.0,0.02438596716680942,0.036635746355381305,0.0,0.014742860665948477,0.0,0.0,0.023317555500732744,0.12678414273377878,0.08970987696697325,0.0,0.06049594460272438,0.0,0.03333510538067185,0.11695115492365114,0.0,0.0,0.08894279851175559,0.06995266650219824,0.08936276525849052,0.0,0.0,0.17130421439059967,0.10000828316736649,0.0,0.0,0.025559781876492663,0.0582662318717046,0.0,0.021105371302267993,0.0,0.17736784023295368,0.06874475823261778,0.05507849639914326,0.0320960586121034,0.05802122759856776,0.0,0.04462736266828765,0.02840064913658832,0.022155257447011002,0.0544120695860751,0.03792130570237431,0.03231073737280565,0.06138515800999564,0.0,0.01278994912789909,0.033888990290979006,0.06425061828805995,0.04059571043703837,0.08274188994905723,0.04955545839802523,0.053243507390346445,0.030636678432863627,0.037597321716645406,0.01855434286243419,0.04288467213296993
44,0.0,0.0,0.0,0.0,0.0,0.0,0.0,0.0,0.0,0.0,0.0,0.0,0.0,0.0,0.0,0.09396862665306192,0.0,0.0,0.0,0.0,0.09396862665306192,0.0,0.0,0.0,0.0,0.0,0.0,0.0,0.0,0.0,0.0,0.0,0.0,0.0,0.0,0.0,0.0,0.0,0.07138447158948792,0.0,0.0,0.0,0.0,0.0,0.0,0.0,0.0,0.0,0.0,0.0,0.0,0.1972686723935665,0.0,0.1569410021209817,0.0,0.0,0.1494099914752223,0.0,0.0,0.0,0.0,0.0,0.0,0.0,0.0,0.0,0.0,0.0,0.0,0.0,0.0,0.0,0.0,0.0,0.0,0.0,0.0,0.08280189380215193,0.0,0.0,0.0,0.0,0.0,0.0,0.0,0.49609692470674643,0.0,0.0,0.0,0.0,0.0,0.0,0.0,0.0,0.08787634113768655,0.0,0.0,0.0,0.0,0.0,0.0,0.08787634113768655,0.0,0.0,0.0,0.08787634113768655,0.0,0.08787634113768655,0.0,0.0,0.0,0.0,0.0,0.0,0.0,0.0,0.0,0.0,0.0,0.0,0.0,0.0,0.0,0.0,0.0,0.0,0.0,0.07470499573761115,0.0,0.0,0.0,0.0,0.0,0.0,0.0,0.0,0.0,0.0,0.0,0.0,0.0,0.0,0.0,0.0,0.0,0.0,0.0,0.0,0.0,0.0,0.0,0.0,0.0,0.0,0.0,0.0,0.0,0.0,0.0,0.0,0.0,0.0,0.12225316406621775,0.0,0.0,0.0,0.0,0.0,0.0,0.0,0.0,0.0,0.08280189380215193,0.0,0.0,0.28304524517431195,0.0,0.0,0.23638525930598364,0.0,0.0,0.13684548847995934,0.0,0.0,0.0,0.0,0.0,0.0,0.0,0.0,0.0,0.0,0.0,0.0,0.0,0.0,0.0,0.0,0.0,0.0,0.0,0.0,0.07470499573761115,0.0,0.0,0.0,0.0,0.05722196434956318,0.0,0.0,0.07847050106049085,0.0,0.0,0.0,0.0,0.0,0.0,0.0,0.0,0.0,0.16334952174044706,0.0,0.0,0.0,0.0,0.0,0.06575622413118883,0.06575622413118883,0.0,0.0,0.0,0.0,0.0,0.0,0.0,0.0,0.0,0.0,0.0,0.0,0.13151244826237765,0.0,0.0,0.0,0.0,0.0,0.0,0.0,0.0,0.07138447158948792,0.0,0.0,0.0,0.0,0.0,0.0,0.0,0.0,0.0,0.0,0.07470499573761115,0.0,0.0,0.0,0.0,0.0,0.0,0.0,0.061126582033108876,0.0,0.0,0.0,0.0,0.0,0.0,0.0,0.0,0.06842274423997967,0.0,0.0,0.0,0.0,0.0,0.0,0.0,0.0,0.0,0.16159891803840112,0.0,0.0,0.0,0.0,0.061126582033108876,0.0,0.0,0.0,0.0,0.0,0.0,0.0,0.0,0.0,0.0,0.0,0.0,0.0,0.0,0.0,0.0,0.0,0.0,0.0,0.0,0.0,0.0,0.0,0.0,0.11819262965299182,0.0,0.10471068642922798,0.0,0.061126582033108876,0.0,0.0,0.0,0.053866306012800375,0.0,0.0,0.0,0.0,0.0,0.0,0.0,0.0,0.0,0.0,0.0,0.1804905573912664,0.0,0.0,0.0,0.0,0.0,0.1721156552045209,0.0,0.11444392869912635,0.1018794257038634,0.0,0.0,0.0,0.0,0.0,0.031202850836062657,0.0,0.0,0.0,0.1203948751346566,0.0,0.0,0.037421003057452856,0.03812282611629362,0.04211596188897871,0.0,0.0,0.0,0.0,0.0,0.0,0.0,0.0,0.0,0.0,0.0,0.0,0.05235534321461399,0.0,0.0,0.0,0.05890100019325595,0.0,0.0,0.12481140334425063,0.0,0.0,0.0,0.04960969247067464,0.0,0.0879743083496506,0.02212011700649772,0.03266990434808941,0.0,0.02410546637779718,0.09211046299730635,0.0,0.08423192377795742,0.0,0.0,0.0,0.02649959741576707,0.03429233555897436,0.0,0.0,0.0,0.0,0.0,0.0,0.0439871541748253,0.0,0.0,0.04124489423608077,0.0,0.029868836707045425,0.0,0.019010620144130165,0.0,0.14193050548432948,0.037421003057452856,0.06001339083463085,0.0,0.0,0.03609811147825328,0.0,0.035828727803135285,0.0,0.0,0.0,0.04211596188897871,0.022349652522997164,0.0,0.05299919483153414,0.020639794728245658,0.04041266017863678,0.0,0.09502824580944275,0.0,0.07219622295650656,0.037421003057452856,0.012288156762992017,0.0,0.0,0.034414087430016775,0.06746533827384663,0.03266990434808941,0.0,0.0,0.0,0.0,0.0,0.0,0.0,0.0,0.019010620144130165,0.02953317638090087,0.04875983945922026,0.03802124028826033,0.024660934613548884,0.0,0.0271778500038989,0.047674679740785514,0.0,0.0,0.02417145537989973,0.019010620144130165,0.01821419043373618,0.023575316903423342,0.0,0.0,0.04892158140251879,0.0,0.0,0.0,0.015834667307614046,0.0,0.0,0.018063007655639618,0.03213480205073136,0.028023531146292188,0.04490506619019518,0.006541916222513774,0.07095637779040548,0.020954122111723254,0.018192169408463323,0.08104189283387846,0.05418902296691885,0.014787244545200372,0.023187707370996315,0.026342690800150812,0.03336455862990626,0.03964966331745694,0.010427545225553244,0.0,0.02910168068816998,0.05516227394815499,0.03372940700794126,0.026934784412928656,0.07103293206750909,0.06340529548101542,0.0424423406193743,0.045381630699316416,0.04416446765003682
45,0.0,0.0,0.0,0.0,0.0,0.0,0.0,0.0,0.0,0.0,0.0,0.0,0.0939995436499421,0.0,0.0,0.0,0.0,0.0,0.0,0.0939995436499421,0.0,0.0939995436499421,0.0,0.0,0.0,0.0,0.0,0.0,0.0,0.0,0.0,0.0,0.0,0.28563183232966727,0.0,0.0,0.0,0.0,0.0,0.0,0.0,0.0,0.0,0.0,0.0,0.0,0.0,0.0,0.3668801612185161,0.0,0.0,0.0,0.0,0.0,0.07849631895655769,0.0,0.0,0.0,0.0,0.0,0.0,0.0,0.0,0.0828291367872155,0.0,0.0,0.0,0.0,0.0,0.0,0.0,0.0,0.0,0.0,0.0,0.0,0.0,0.0,0.0,0.0,0.0,0.0,0.0,0.0,0.0,0.0,0.0,0.0,0.0,0.0,0.0,0.0,0.0,0.0,0.0,0.0,0.0,0.0,0.0,0.0,0.0,0.0,0.0,0.0,0.0,0.0,0.0,0.0,0.0,0.0,0.0,0.0,0.0,0.0879052536871359,0.0,0.0879052536871359,0.0,0.0,0.0,0.0,0.0,0.0,0.0,0.0,0.0,0.0,0.07472957472958344,0.0,0.0,0.0,0.0,0.0,0.0,0.0,0.0,0.0,0.0,0.0,0.0,0.0,0.0,0.0,0.0,0.0,0.0,0.0,0.14945914945916688,0.0,0.0,0.0,0.0,0.0,0.0,0.0,0.0,0.0,0.0,0.0,0.0,0.0,0.0,0.0,0.0,0.0,0.0,0.0,0.0,0.0,0.0,0.0,0.0828291367872155,0.0,0.0,0.0,0.0828291367872155,0.047189728505349596,0.0,0.0,0.05911575834340359,0.0,0.0,0.0,0.0,0.0,0.0,0.0,0.05095647273232385,0.0,0.0,0.0,0.0,0.0,0.0,0.0,0.0,0.0,0.0,0.0,0.0,0.0,0.0,0.0,0.0,0.0,0.0,0.0,0.0,0.0,0.0,0.07849631895655769,0.0,0.0,0.0,0.0,0.07849631895655769,0.07849631895655769,0.0,0.0,0.0,0.0,0.0,0.0,0.06577785885171977,0.0,0.06577785885171977,0.0,0.0,0.06577785885171977,0.06577785885171977,0.0,0.06844525628304708,0.0,0.0,0.0,0.041258464385095804,0.0,0.0,0.0,0.0,0.0,0.0,0.0,0.0,0.0,0.06844525628304708,0.0,0.06114669353641934,0.0,0.0,0.0,0.07140795808241682,0.0,0.0,0.0,0.0,0.0,0.0,0.0,0.0,0.0,0.07472957472958344,0.0,0.0,0.0,0.0,0.0,0.0633574991215254,0.0,0.0,0.0,0.0,0.0,0.0,0.0,0.0,0.0,0.0,0.0,0.0,0.0,0.0,0.0,0.0,0.0,0.0,0.0,0.0,0.05388402878341288,0.048372841826690306,0.0,0.0,0.0,0.0,0.0,0.0,0.0,0.0,0.04962601475569648,0.0,0.0,0.0,0.06577785885171977,0.0,0.0,0.0,0.0,0.0,0.045009300447470736,0.0,0.0,0.06114669353641934,0.0,0.0,0.0,0.0,0.0,0.0,0.0,0.0,0.20949027542904702,0.0,0.06114669353641934,0.0,0.0,0.0,0.05388402878341288,0.0,0.0633574991215254,0.0,0.0,0.0,0.0,0.0,0.05388402878341288,0.0,0.057240791178860204,0.0,0.28887990610810776,0.0,0.0,0.0,0.047189728505349596,0.0,0.21521535458809127,0.0,0.0,0.2038258909292954,0.0,0.0,0.0,0.0,0.0,0.09363935103562138,0.0,0.0,0.0,0.18065173010721106,0.0,0.0,0.03743331509260744,0.11440610718325082,0.08425963726295141,0.0,0.0,0.0,0.12912921275285474,0.038033749809887295,0.03488378530653852,0.0,0.0,0.0,0.0,0.04400162656584376,0.048372841826690306,0.0,0.0,0.0,0.0,0.08838056917336251,0.0,0.0,0.18727870207124275,0.045009300447470736,0.0,0.0,0.0,0.04962601475569648,0.0,0.0,0.06536130641018788,0.1019129454646477,0.04822679482904041,0.0460703843161336,0.0,0.1263894558944271,0.0,0.07627073812216723,0.0,0.05301663231039938,0.0343036182186157,0.0,0.0,0.0,0.0,0.0,0.0,0.0,0.0,0.0,0.041258464385095804,0.0,0.029878663973487186,0.038866768668358594,0.019016874904943647,0.0,0.1987680836573873,0.07486663018521487,0.09004970412362252,0.03813536906108361,0.02466904840711665,0.03610998826351347,0.0,0.0,0.0,0.08085191302193546,0.0,0.042129818631475704,0.04471401174464339,0.0,0.0,0.020646585510360378,0.0,0.08425963726295141,0.031686503811965194,0.0,0.0,0.0,0.0,0.0,0.0,0.034425410147732295,0.0,0.06536130641018788,0.0,0.020072414456356786,0.0,0.05975732794697437,0.06777475670257585,0.0,0.0321754085345789,0.0,0.19016874904943645,0.04431433981557725,0.024387941065337447,0.019016874904943647,0.02466904840711665,0.024387941065337447,0.027186791897951288,0.0,0.014383880504168417,0.0,0.024179408127930506,0.038033749809887295,0.036440366315996446,0.04716614702705886,0.040520262959450826,0.02328482228517558,0.08156279548223763,0.017077968020032062,0.0,0.0,0.03167975427074898,0.019016874904943647,0.0,0.01806895063864604,0.0,0.01401637564065416,0.02994656039143216,0.013088137209514286,0.0354898617172334,0.04192203262391653,0.027297232331248526,0.04632488957367111,0.03613790127729208,0.022188164634259423,0.03865889408687784,0.03952703687265741,0.016687768018958975,0.039662708613113024,0.02086195206853539,0.03685135799637577,0.017466753329709376,0.044144338488324185,0.03374050445618944,0.013471823167495275,0.05921358574916826,0.04805011872199139,0.04953235553589613,0.03783046824390072,0.033134248784757715
46,0.10970812610295978,0.0,0.0,0.0,0.08721788733980462,0.0,0.0,0.10970812610295978,0.0,0.0,0.0,0.0,0.10970812610295978,0.0,0.0,0.0,0.10970812610295978,0.0,0.0,0.10970812610295978,0.0,0.0,0.0,0.0,0.0,0.0,0.0,0.0,0.0,0.0,0.0,0.0,0.0,0.0,0.0,0.04718167517125758,0.0,0.0,0.0,0.0,0.0,0.0,0.0,0.0,0.0,0.0,0.0,0.0,0.0,0.0,0.0,0.0,0.0,0.0,0.0,0.0,0.0,0.0,0.0,0.0,0.0,0.0,0.0,0.0,0.0,0.0,0.0,0.0,0.0,0.0,0.0,0.0,0.0,0.0,0.0,0.0,0.0,0.0,0.0,0.0,0.0,0.0,0.0,0.0,0.0,0.0,0.0,0.0,0.0,0.0,0.0,0.0,0.0,0.0,0.0,0.0,0.0,0.0,0.0,0.0,0.0,0.0,0.0,0.0,0.0,0.1025953986812458,0.0,0.0,0.0,0.0,0.0,0.0,0.0,0.0,0.0,0.0,0.1025953986812458,0.0,0.1025953986812458,0.0,0.0,0.0,0.0,0.0,0.0,0.0,0.0,0.0,0.0,0.0,0.0,0.0,0.0,0.0,0.0,0.0,0.0,0.0,0.0,0.0,0.07988337513013613,0.0,0.0,0.0,0.0,0.0,0.0,0.0,0.0,0.08334118407249816,0.0,0.0,0.0,0.0,0.0,0.0,0.09161410496602436,0.0,0.0,0.0,0.0,0.0,0.0,0.0,0.0,0.0,0.0,0.0,0.0,0.0,0.0,0.0,0.0,0.0,0.0,0.0,0.0,0.0,0.0,0.0,0.0,0.07988337513013613,0.0,0.0,0.0,0.0,0.0,0.0,0.0,0.0,0.0,0.0,0.0,0.0,0.0,0.0,0.0,0.0,0.0,0.0,0.0,0.0,0.0,0.0,0.0,0.08721788733980462,0.17443577467960925,0.0,0.0,0.0,0.0,0.0,0.09161410496602436,0.0,0.0,0.0,0.0,0.0,0.0,0.0,0.0,0.0,0.0,0.0,0.0,0.0,0.0,0.23031065961004613,0.23031065961004613,0.0,0.0,0.1222494528255501,0.0,0.0,0.0,0.0,0.0,0.0,0.0,0.0,0.0,0.0,0.0,0.0,0.0,0.0,0.0,0.0,0.0,0.0,0.0,0.0,0.0,0.0,0.0,0.0,0.0,0.0,0.0,0.0,0.0,0.08721788733980462,0.0,0.0,0.0,0.0,0.0,0.0,0.1427302496330079,0.0,0.0,0.0,0.0,0.07394538561886682,0.0,0.0,0.0,0.0,0.0,0.0,0.0,0.0,0.0,0.0,0.08334118407249816,0.0,0.0,0.0,0.0,0.0,0.0,0.0,0.0,0.1222494528255501,0.0,0.0,0.0,0.0,0.0,0.0,0.0,0.07677021987001538,0.2973599083150049,0.0,0.0,0.0,0.0,0.0,0.0,0.0,0.0,0.0,0.0,0.0,0.0,0.0,0.0,0.06899479315731989,0.0,0.06112472641277505,0.0,0.0,0.07136512481650395,0.0,0.0,0.0,0.0,0.0,0.0,0.0,0.0,0.0,0.0,0.0,0.0,0.0,0.0,0.1685778033452133,0.0,0.0,0.0,0.05507576403678124,0.0,0.0502361444399588,0.0,0.0,0.05947198166300098,0.057919186342865255,0.0,0.0,0.0,0.07394538561886682,0.0,0.05947198166300098,0.04917027546781721,0.0,0.18741426954748577,0.06899479315731989,0.0,0.0,0.08901659977237238,0.04917027546781721,0.0,0.0,0.0,0.0,0.0443896986973735,0.12213999883691969,0.0,0.0,0.0,0.0,0.10270977514525212,0.0,0.0,0.14751082640345162,0.0,0.046252178804317104,0.0,0.0,0.06288877153192239,0.14571698730612712,0.0,0.0,0.0502361444399588,0.057919186342865255,0.0,0.0,0.0,0.0,0.0,0.0,0.10753872488974192,0.0,0.04917027546781721,0.14154502551377274,0.0,0.0,0.0,0.0,0.0,0.0,0.0,0.0,0.0,0.0,0.15406466271787816,0.0,0.0,0.0,0.06715047818010063,0.27897431053056504,0.0,0.06658454804606025,0.0,0.03314069886542132,0.0,0.0,0.04450829988618619,0.05758315345799319,0.0,0.0,0.020914973049714708,0.027524120888849136,0.04718167517125758,0.0,0.0,0.0,0.13200334767940275,0.0,0.024096906419051045,0.04718167517125758,0.04917027546781721,0.11094522869953743,0.035375075243949936,0.1685778033452133,0.0,0.014346390915178269,0.0,0.0,0.0,0.0,0.0,0.0,0.2108410532409215,0.0,0.0,0.026366942030461624,0.014033013513750334,0.03755235014832973,0.058424545610563795,0.02219484934868675,0.017239953131268047,0.028463492586213637,0.06658454804606025,0.05758315345799319,0.028463492586213637,0.0,0.0,0.050362858635075475,0.0,0.028220111002587454,0.0,0.0,0.027524120888849136,0.02364587074505047,0.027176027886478195,0.019038606156213517,0.01993192516020418,0.03543539847445595,0.024329115807882242,0.03697386541991206,0.0,0.0,0.08435405697691199,0.0,0.016358699697711643,0.017475515817438565,0.015275340195070382,0.013806897613427032,0.03669582422701364,0.053098275632962766,0.013516599734729478,0.06326554273268399,0.12948052028601867,0.01804772518163932,0.0,0.009738258756972266,0.0462908783293336,0.024348263612981837,0.010752428344725794,0.02038568170119227,0.07728217285252417,0.029534245916996438,0.0524104840480346,0.013821793766510855,0.05383673950056417,0.08809123872500463,0.06770041729146481,0.062303963214926816
47,0.0,0.0,0.0,0.0,0.0,0.0,0.0,0.0,0.1106371578086412,0.0,0.0,0.0,0.0,0.0,0.0,0.0,0.0,0.0,0.0,0.0,0.0,0.0,0.0,0.0,0.0,0.0,0.0,0.0,0.0,0.0,0.0,0.0,0.0,0.0,0.0,0.0,0.0,0.0,0.0,0.0,0.0,0.0,0.0,0.09238991265889467,0.0,0.0,0.0,0.0,0.0,0.0,0.38710163196078073,0.0,0.0,0.0,0.0,0.0,0.0,0.0,0.0974896251837956,0.0,0.0,0.0,0.0,0.0974896251837956,0.0,0.0,0.0,0.0,0.0,0.0974896251837956,0.0,0.0974896251837956,0.0,0.0,0.0,0.0,0.0,0.0,0.0,0.0974896251837956,0.0,0.0,0.0,0.0,0.0,0.0,0.0,0.0,0.0,0.0,0.0,0.0,0.0,0.0,0.0,0.0,0.0,0.0,0.10346419830090617,0.0,0.0,0.0,0.0,0.0,0.0,0.0,0.0,0.0,0.0,0.0,0.0,0.0,0.0,0.0,0.0,0.0,0.0,0.0,0.0,0.0,0.10346419830090617,0.0,0.0,0.0,0.0,0.0,0.0,0.0,0.0,0.0,0.0,0.0,0.0,0.0,0.1680938698293787,0.0,0.0,0.0,0.0,0.0,0.0,0.0,0.0,0.0,0.0,0.0,0.0,0.0,0.0,0.0,0.0,0.09238991265889467,0.0,0.09238991265889467,0.0,0.0,0.0,0.0,0.0,0.0,0.0,0.0,0.0,0.0,0.0,0.0974896251837956,0.0,0.0,0.0,0.0,0.0,0.0,0.0974896251837956,0.0974896251837956,0.0,0.0,0.0,0.0,0.0,0.0,0.0,0.0,0.0,0.0,0.0,0.0,0.0,0.0,0.0,0.0,0.0,0.0,0.0,0.0,0.0,0.0,0.08404693491468936,0.08404693491468936,0.0,0.0,0.0,0.0,0.0,0.08795646692838664,0.0,0.08795646692838664,0.08795646692838664,0.0,0.0,0.0,0.0,0.0,0.0,0.0,0.0,0.0,0.0,0.0,0.0,0.0,0.0,0.0,0.0,0.0,0.0,0.0,0.0,0.0,0.0,0.0,0.0,0.12328468714876288,0.0,0.0,0.0,0.0,0.0,0.0,0.0,0.0,0.07742032639215615,0.0,0.0,0.0,0.16111968902404422,0.0,0.0,0.0,0.0,0.0,0.0,0.0,0.0,0.0,0.0,0.0,0.0,0.0,0.0,0.0,0.0,0.08795646692838664,0.0,0.0,0.0,0.0,0.0,0.0,0.215908379538275,0.0,0.0,0.0,0.0,0.0745715708447843,0.0,0.0,0.0,0.0,0.0,0.0,0.0,0.0,0.0,0.0,0.0,0.0,0.0,0.0,0.0,0.13915811143027115,0.0,0.0,0.0,0.12328468714876288,0.0,0.0,0.0,0.0,0.0,0.0,0.0,0.0,0.0,0.0,0.0,0.0,0.0,0.0,0.0,0.0,0.0,0.0,0.0,0.0,0.0,0.0,0.0,0.0,0.0,0.06164234357438144,0.0,0.0,0.07196945984609165,0.0,0.0,0.0,0.0,0.0,0.0,0.0,0.0,0.0,0.0,0.0,0.0,0.0,0.0,0.042501338994330125,0.05693467784016493,0.0,0.0,0.055542157300638266,0.0,0.0,0.0,0.0,0.059975603031146296,0.0,0.0,0.0,0.0,0.0,0.0,0.0,0.2479332990029298,0.0,0.1653761667030003,0.0,0.0,0.0,0.0,0.0,0.0,0.0,0.06342132700214963,0.0,0.0,0.2874067146545393,0.06532598663791078,0.0,0.0,0.0,0.05178977166454737,0.0,0.0,0.049586659800585964,0.0,0.0,0.0,0.16267407846799564,0.06342132700214963,0.03673773742351983,0.052975800552904406,0.0,0.0,0.0,0.0,0.0,0.0,0.03846502276017891,0.0,0.11352556199582767,0.0,0.0,0.0,0.0,0.0,0.0,0.1560010104211813,0.0,0.07753865686259763,0.0,0.0506615547774949,0.0,0.07239585272360805,0.0,0.05178977166454737,0.0,0.0,0.0,0.11850846470241445,0.1055012715845701,0.09149212116788377,0.044765600091011395,0.13312118005523935,0.05013201201004774,0.0,0.1413176126733648,0.0,0.0,0.0,0.0,0.0,0.027757200988610852,0.0,0.0,0.049586659800585964,0.10525649341602082,0.0,0.03120020208423626,0.0,0.04758121961448435,0.0,0.0,0.10702391667644727,0.08500267798866025,0.0,0.0,0.1055012715845701,0.0,0.0,0.0,0.0,0.0,0.02362516667185718,0.0,0.03516709052819003,0.026590222893951843,0.01415184805175251,0.07574070284542064,0.058919297067819607,0.0,0.0,0.0,0.11191400022752848,0.0,0.08611358245488383,0.0,0.0,0.033859561343546986,0.0,0.0,0.0,0.0,0.0,0.023846108999142787,0.013703080130393392,0.05759948734658231,0.020100712934518365,0.05360320942886877,0.024535139926237026,0.055930451944177964,0.0,0.0607778940288111,0.042534192520958296,0.01891750093764068,0.016497228640122274,0.0,0.0,0.0,0.061677620430050276,0.05354792310514488,0.01363106117120305,0.021267096260479148,0.034820530353020615,0.018200557150471162,0.031015462745039052,0.039282897599230995,0.011670719828941002,0.04910889975803154,0.054217410954822604,0.020558311982239667,0.02597887156707385,0.019856232121531644,0.08985232216356766,0.009292559767230701,0.07465238060716138,0.05552325877409461,0.035621070678062264,0.049831931975709905
48,0.11306560914451802,0.11306560914451802,0.0,0.0,0.0,0.0,0.0,0.0,0.0,0.0,0.0,0.0,0.0,0.0,0.0,0.0,0.0,0.0,0.0,0.0,0.0,0.0,0.0,0.0,0.0,0.0,0.0,0.0,0.0,0.0,0.0,0.0,0.0,0.0,0.0,0.0,0.0,0.0,0.0,0.0,0.0,0.0,0.0,0.0,0.0,0.0,0.0,0.0,0.0,0.0,0.0,0.0,0.0,0.0,0.0,0.0,0.0,0.0,0.0,0.0,0.0,0.0,0.0,0.09962949225197537,0.0,0.0,0.0,0.0,0.0,0.0,0.0,0.0,0.0,0.0,0.0,0.0,0.0,0.0,0.0,0.0,0.09962949225197537,0.0,0.0,0.0,0.0,0.0,0.0,0.0,0.0,0.0,0.0,0.0,0.0,0.0,0.0,0.0,0.0,0.0,0.0,0.0,0.10573520539794166,0.0,0.0,0.0,0.0,0.0,0.0,0.0,0.0,0.0,0.0,0.0,0.0,0.0,0.0,0.0,0.0,0.0,0.0,0.10573520539794166,0.10573520539794166,0.0,0.0,0.0,0.0,0.29419666876745204,0.0,0.0,0.0,0.0,0.0,0.0,0.0,0.0,0.0,0.0,0.0,0.0,0.22064750157558904,0.0,0.0,0.0,0.0,0.0,0.0,0.0,0.0,0.0,0.0,0.0,0.0,0.0,0.0,0.09441784261716508,0.0,0.0,0.0,0.0,0.0,0.0,0.0,0.07911967856980552,0.0,0.0,0.0,0.0,0.0,0.09962949225197537,0.0,0.0,0.09962949225197537,0.0,0.0,0.0,0.0,0.0,0.0,0.0711062944308365,0.0,0.29419666876745204,0.0,0.0,0.0,0.0,0.0,0.0,0.0,0.0,0.0,0.0,0.0,0.0,0.0,0.0,0.0,0.0,0.0,0.0,0.0,0.0,0.0,0.0,0.0,0.0,0.0,0.0,0.0,0.0,0.0,0.0,0.0,0.0,0.0,0.0,0.0,0.0,0.0,0.0,0.0,0.0,0.0,0.0,0.0,0.0,0.0,0.0,0.0,0.0,0.07911967856980552,0.0,0.0,0.0,0.0,0.0,0.0,0.0,0.0,0.0,0.0,0.0,0.07911967856980552,0.0,0.0,0.0,0.0,0.0,0.07354916719186301,0.0,0.0,0.0,0.08589173909632741,0.0,0.0,0.0,0.0,0.0,0.0,0.0,0.0,0.0,0.0,0.0,0.0,0.0,0.0,0.0,0.0,0.0,0.0,0.0,0.0,0.0,0.07620839372078109,0.0,0.0,0.07911967856980552,0.0,0.0,0.16465621627941032,0.0,0.0,0.0,0.0612920489358117,0.0,0.0,0.0,0.0,0.0,0.0,0.0,0.0,0.0,0.0,0.0,0.0,0.0,0.0,0.05969173221375654,0.0,0.0,0.0,0.07911967856980552,0.0,0.0,0.0,0.0,0.0,0.0,0.0,0.0,0.0,0.0,0.0,0.0,0.0,0.0,0.0,0.0,0.0,0.062995373917575,0.0,0.0,0.14709833438372602,0.0,0.0,0.0,0.0,0.0,0.0,0.0,0.0,0.0,0.0,0.0,0.0,0.06885102492256588,0.0,0.0,0.0,0.0,0.0,0.0,0.0,0.0,0.06885102492256588,0.0,0.0612920489358117,0.0,0.0,0.07354916719186301,0.0,0.0,0.0,0.0612920489358117,0.0,0.05818437637903924,0.048287463521331835,0.0711062944308365,0.0,0.045025969370724145,0.0,0.0,0.05413860296187768,0.0,0.0,0.0,0.0,0.04195931471368153,0.06675987180506857,0.0,0.0,0.0,0.0,0.11636875275807848,0.062995373917575,0.0,0.0,0.0,0.07087128654822002,0.0,0.0,0.03754411937774128,0.0,0.05292654110688117,0.051773560208706326,0.05969173221375654,0.0,0.0,0.0,0.11792795427715784,0.0612920489358117,0.17402611936307538,0.05541490803002322,0.0,0.0,0.04862561264322879,0.0,0.0,0.1913102211205235,0.0,0.0,0.0,0.051773560208706326,0.0,0.0,0.0,0.05292654110688117,0.0,0.0,0.0,0.017301384112270217,0.035938997269682756,0.04675017244054183,0.0457481911435615,0.0,0.1366197177108764,0.0,0.18052436310998463,0.0,0.0,0.04343423021733001,0.0,0.0,0.0,0.0,0.0,0.0,0.16135026125330618,0.03401078717833604,0.06377007370684117,0.024834362772831544,0.04862561264322879,0.10135014324016453,0.0,0.0,0.04343423021733001,0.0,0.0,0.035938997269682756,0.0,0.08281593329640854,0.04058806561170956,0.03930931809238594,0.0,0.0,0.0,0.07187799453936551,0.2989125705300968,0.0,0.0,0.02007085246128623,0.11437047785890374,0.03553512162955766,0.05866916593982173,0.02287409557178075,0.0,0.05866916593982173,0.06540225765508816,0.17209041669503053,0.0,0.024369523703582256,0.0727093824763493,0.0457481911435615,0.10957904833855149,0.028366462950469826,0.0,0.014003858493715392,0.0,0.08216766942300843,0.0,0.0,0.0,0.091496382287123,0.020703983324102136,0.06520170730303329,0.11599640533278106,0.0842966884876958,0.0,0.015742823302117983,0.08537664498579035,0.07563771010715538,0.05472328342688267,0.05572103496273604,0.04346780486868886,0.08896207551510237,0.046500134352396305,0.03169624254296464,0.03010885877306861,0.023853777026639364,0.050186824892615195,0.04432597306195005,0.03501593426799304,0.04646092456092296,0.025365087830832873,0.059415887103728644,0.04273437858779425,0.041613260308584844,0.05106777939158387,0.030335785119325692,0.03321243094138632
49,0.0,0.0,0.0,0.0,0.0,0.0,0.0,0.11664689842852823,0.0,0.0,0.0,0.0,0.0,0.0,0.0,0.0,0.0,0.0,0.0,0.0,0.0,0.0,0.0,0.0,0.0,0.0,0.0,0.0,0.0,0.0,0.0,0.0,0.0,0.0,0.0,0.0,0.0,0.0,0.0,0.0,0.0,0.0,0.0,0.0,0.0,0.0,0.0,0.0,0.15175759101012282,0.0,0.0,0.0,0.0,0.0,0.0974084744329988,0.0,0.0,0.0,0.0,0.0,0.0,0.0,0.0,0.0,0.0,0.10278520012524496,0.10278520012524496,0.0,0.0,0.0,0.0,0.0,0.0,0.0,0.0,0.0,0.10278520012524496,0.0,0.0,0.10278520012524496,0.0,0.0,0.0,0.0,0.0,0.0,0.0,0.15724450306347187,0.0,0.0,0.0,0.0,0.0,0.0,0.0,0.0,0.0,0.0,0.0,0.0,0.0,0.0,0.0,0.0,0.0,0.0,0.0,0.0,0.0,0.0,0.0,0.0,0.10908430828518884,0.0,0.10908430828518884,0.0,0.0,0.0,0.0,0.0,0.0,0.0,0.0,0.15175759101012282,0.0,0.22763638651518425,0.0,0.0,0.08162574968338529,0.0,0.0,0.0,0.0,0.0,0.0,0.0,0.0,0.0,0.07587879550506141,0.0,0.0,0.0,0.0,0.0,0.0,0.0,0.0,0.0,0.0,0.0,0.0,0.0,0.0,0.0,0.0974084744329988,0.0,0.0,0.0,0.0,0.0,0.0,0.0,0.22763638651518425,0.0,0.0,0.0,0.0,0.0,0.10278520012524496,0.0,0.0,0.0,0.0,0.0,0.0,0.0,0.0,0.22007563838888913,0.0,0.15175759101012282,0.0,0.0,0.0,0.0,0.0,0.0,0.0,0.0,0.0,0.0,0.0,0.0,0.0,0.0,0.0,0.0,0.0,0.0,0.0,0.0,0.0,0.0,0.0,0.0,0.09273420672712168,0.0,0.0,0.0,0.0974084744329988,0.0,0.0,0.0,0.0,0.0,0.0,0.0,0.0,0.0,0.0,0.0,0.0,0.08162574968338529,0.08162574968338529,0.0,0.0,0.0,0.0,0.08162574968338529,0.16325149936677058,0.0,0.0,0.0,0.0,0.0,0.0,0.0,0.0,0.0,0.0,0.0,0.0,0.0,0.0,0.0,0.0,0.0,0.0,0.0,0.0,0.0,0.0,0.0,0.0,0.0,0.0,0.0,0.0,0.0,0.0,0.2736903371672704,0.0,0.0,0.0,0.0,0.0,0.0,0.0,0.0,0.0,0.0,0.0,0.0,0.0,0.0,0.0,0.0,0.0,0.0,0.0,0.0,0.0,0.0,0.0,0.0,0.0,0.0,0.0,0.0,0.0,0.0,0.07103184223398315,0.0,0.0,0.0,0.0,0.0,0.0,0.0,0.0,0.0,0.0,0.0,0.0,0.0,0.0,0.0,0.07103184223398315,0.0,0.0,0.0,0.07587879550506141,0.0,0.0,0.0,0.0,0.0733585461296297,0.0,0.0,0.0,0.06499071679203705,0.0,0.0,0.0,0.0,0.0,0.06686633347738093,0.0,0.0,0.06499071679203705,0.0,0.0,0.0,0.0,0.0,0.0,0.0,0.08162574968338529,0.0,0.0,0.0,0.0,0.0,0.0,0.0,0.1420636844679663,0.0,0.0,0.0,0.0,0.07587879550506141,0.0,0.07862225153173594,0.0,0.0,0.052280175880631406,0.06002733362483383,0.04981694164442709,0.1467170922592594,0.0,0.0,0.0,0.0,0.0,0.11170682524134706,0.0,0.0,0.0,0.0,0.0,0.0,0.1568405276418942,0.041202766021332826,0.0,0.0,0.0,0.0,0.0,0.0,0.036558047252559116,0.0,0.0,0.03873330814541727,0.0,0.0,0.0,0.12316486820782424,0.0,0.0,0.0,0.08110883706391049,0.0,0.1196921989090957,0.0,0.05717014393069987,0.0,0.0,0.0,0.0,0.09868493213909756,0.08513681055685297,0.0,0.0,0.1602403754238581,0.050165801448695195,0.11449252466206015,0.0,0.0,0.0,0.0,0.051198885841062095,0.0,0.0,0.0,0.0,0.10526417893512068,0.15856545383427403,0.0,0.1241615802063487,0.04732334167459969,0.0,0.044809984917751206,0.0,0.0,0.0,0.0,0.06671338278103152,0.0,0.11097395974033855,0.0,0.0,0.0,0.0,0.052280175880631406,0.07864149650500463,0.0,0.044809984917751206,0.04645214150944617,0.0,0.14830937880612283,0.0,0.08543908118995272,0.08374733931284134,0.0,0.0,0.04981694164442709,0.02467990966399932,0.0,0.0,0.014920567510636184,0.0,0.0,0.02359861962443001,0.018330338264353575,0.09079121793154904,0.02359861962443001,0.12245029591162931,0.030263739310516343,0.0,0.029590213901220262,0.0,0.0,0.060009928866550974,0.04719723924886002,0.0452199611116199,0.029264954636477918,0.025141414597342173,0.014447422798881211,0.08097100688568505,0.021192570981163058,0.0,0.0,0.05896855881166396,0.0,0.02135977029748818,0.04484462302722111,0.019945087655010338,0.06957339077220041,0.0,0.008120734167509941,0.11744120263361688,0.03901674591855146,0.011291322501808922,0.043114475445776235,0.04484462302722111,0.1101358787887909,0.0191891999335852,0.01635010155806715,0.05177089977041469,0.09843732774328115,0.012944116053486663,0.03429747990983377,0.050575061881151136,0.06847506870642786,0.04710332278043687,0.039007723844654285,0.053885291635130006,0.04531641108361053,0.032196585940996295,0.03442631936953334,0.06396024306071238
50,0.0,0.0,0.0,0.0,0.0,0.0,0.0,0.0,0.10819856852170398,0.0,0.0,0.0,0.0,0.0,0.0,0.0,0.0,0.0,0.0,0.0,0.0,0.0,0.0,0.0,0.0,0.0,0.0,0.0,0.0,0.0,0.0,0.0,0.0,0.0,0.0,0.0,0.0,0.0,0.24658328792578454,0.0,0.0,0.0,0.0,0.0,0.0,0.0,0.0,0.0,0.0,0.12404687414780143,0.0,0.0,0.0,0.0,0.0,0.0,0.0,0.0,0.0,0.0,0.0,0.0,0.09534082490485206,0.0,0.0,0.0,0.0,0.0,0.0,0.0,0.0,0.0,0.09534082490485206,0.0,0.0,0.09534082490485206,0.0,0.0,0.0,0.0,0.09534082490485206,0.09534082490485206,0.0,0.0,0.0,0.0,0.0,0.0,0.0,0.0,0.0,0.0,0.0,0.0,0.10118371052848409,0.0,0.0,0.0,0.0,0.0,0.0,0.0,0.0,0.0,0.10118371052848409,0.0,0.0,0.0,0.0,0.0,0.0,0.0,0.10118371052848409,0.0,0.0,0.0,0.0,0.0,0.0,0.0,0.10118371052848409,0.15756839798086447,0.0,0.0,0.0,0.0,0.0,0.0,0.0,0.0,0.0,0.08219442930859484,0.0,0.0,0.0,0.0,0.0,0.0,0.0,0.0,0.0,0.0,0.0,0.07038315776419173,0.0,0.0,0.0,0.0,0.0,0.0,0.0,0.0,0.0,0.0,0.0,0.0,0.0903535167888857,0.0,0.0,0.0,0.0,0.0,0.14076631552838345,0.0,0.0,0.09534082490485206,0.0,0.0,0.0,0.0,0.0,0.0,0.0,0.0,0.0,0.054317934693609765,0.0,0.0,0.0,0.0,0.0,0.0,0.13177450498412646,0.14076631552838345,0.0,0.0,0.0,0.0,0.0,0.0,0.0,0.0,0.0,0.0,0.0,0.0,0.0,0.0,0.0,0.0,0.0,0.0,0.0,0.0,0.0,0.0,0.0,0.0,0.0,0.0,0.0903535167888857,0.0903535167888857,0.0,0.0,0.0,0.0,0.0,0.0,0.0,0.0,0.0,0.0,0.0,0.0,0.15142776000451696,0.0,0.0,0.0,0.0,0.0,0.07878419899043224,0.0,0.0,0.0,0.0,0.0,0.0,0.0,0.0,0.07571388000225848,0.0,0.0,0.0,0.0,0.0,0.0,0.0,0.0,0.08219442930859484,0.0,0.0,0.0,0.0,0.0,0.0,0.0,0.0,0.0,0.0,0.0,0.0,0.08601779006595861,0.0,0.0,0.0,0.0,0.0,0.0,0.0,0.0,0.0,0.0,0.0,0.0,0.0,0.0,0.07878419899043224,0.0,0.0,0.0,0.0,0.0,0.0,0.0,0.08219442930859484,0.0,0.0,0.0,0.0,0.0,0.0,0.11424446437738904,0.07038315776419173,0.0,0.0,0.06588725249206323,0.0,0.34273339313216716,0.07292791479491814,0.0,0.0,0.0,0.0,0.0,0.0,0.0,0.0,0.0,0.0,0.0,0.0,0.0,0.0,0.0,0.0,0.0,0.0,0.0,0.24246852117603296,0.06028366479376611,0.0,0.14076631552838345,0.0,0.0,0.0,0.0,0.0,0.0,0.0,0.0,0.0,0.0,0.0,0.12404687414780143,0.0,0.0,0.0,0.0,0.0,0.0,0.05865366141653687,0.054317934693609765,0.0,0.1981796284206684,0.0,0.06588725249206323,0.05865366141653687,0.0,0.05712223218869452,0.0,0.0,0.07292791479491814,0.0,0.0,0.0,0.05567976223869596,0.0,0.0,0.0,0.0,0.0,0.0,0.0,0.0,0.06202343707390071,0.0,0.0,0.08030625443974147,0.12777223098436927,0.04389587632278538,0.0,0.0,0.05064825659984796,0.05567976223869596,0.0,0.0,0.0,0.0,0.10173082441020076,0.0,0.0,0.10778396730399246,0.0,0.0,0.0495449071051671,0.0,0.0,0.05064825659984796,0.0254698305262256,0.07523440556932064,0.0,0.16653496269059714,0.0530295088752113,0.0530295088752113,0.0,0.0,0.0,0.04749072827944331,0.09153752509462738,0.0,0.01516592046252548,0.0,0.0,0.0,0.0,0.0,0.0,0.0,0.0,0.0,0.01655662591441982,0.06878392268182704,0.044737756904878384,0.0,0.03254675329514822,0.09805407232137672,0.0,0.13820278558320345,0.08779175264557076,0.0,0.0,0.0,0.020627188021836943,0.10858158226846105,0.0,0.0,0.0,0.10293650108877,0.0,0.0,0.0,0.04653246660320421,0.0,0.0,0.13955329067058742,0.041564553270574255,0.043087774161172925,0.028297976013523202,0.03439196134091352,0.0,0.059438268859502125,0.07768181026007231,0.0,0.0,0.02310443675173628,0.0,0.03439196134091352,0.0,0.0,0.0740712775799651,0.01920687927790447,0.0,0.06801094199472053,0.08421552520365297,0.02188945352898514,0.11358164607192908,0.0,0.03129347071098893,0.02744709743246839,0.01655662591441982,0.0,0.01391590451165848,0.06566836058695542,0.0,0.05429079113423053,0.09328203687163972,0.06700523060304829,0.018776639488104686,0.019657666636215064,0.017473907932462934,0.047988705984115795,0.0,0.02188945352898514,0.01981275628650071,0.020798341331011713,0.018500534196666137,0.06453443160656006,0.086175284493089,0.0150651551666971,0.027233836007672593,0.012063632820175758,0.02094706242294462,0.026661229109064464,0.041596682662023425,0.05107955971554859,0.0,0.06066368185010192,0.02881278793540311,0.057067408641017,0.024013237327938034,0.021208955003746782,0.06031553878711065,0.0635156571951238,0.082528941640713,0.04135146265613924,0.022719348649026208,0.026547979419364844,0.04615453480824838,0.0406419243624892,0.038139315876934074
51,0.0,0.0,0.0,0.0,0.0,0.0,0.0,0.0,0.0,0.0,0.0,0.0,0.0,0.0,0.0,0.0,0.0,0.0,0.0,0.0,0.0,0.0,0.0,0.0,0.0,0.10417902490206825,0.0,0.0,0.0,0.0,0.0,0.0,0.0,0.0,0.0,0.0,0.0,0.0,0.0,0.0,0.0,0.0,0.0,0.0,0.0,0.0,0.0,0.0,0.0,0.0,0.0,0.07290113259312898,0.0,0.0,0.17399382273066924,0.0,0.0,0.0,0.0,0.0,0.0,0.0,0.0,0.0,0.0,0.09179894251515823,0.0,0.0,0.0,0.0,0.0,0.0,0.0,0.09179894251515823,0.0,0.0,0.0,0.0,0.0,0.0,0.0,0.0,0.0,0.0,0.0,0.0,0.0,0.0,0.0,0.0,0.0,0.0,0.0,0.09742476673077337,0.0,0.0,0.0,0.0,0.0,0.0,0.0,0.0,0.0,0.0,0.0,0.0,0.0,0.0,0.0,0.0,0.0,0.0,0.09742476673077337,0.0,0.0,0.0,0.0,0.09742476673077337,0.0,0.09742476673077337,0.0,0.0,0.0,0.0,0.0,0.0,0.0,0.0,0.14580226518625797,0.0,0.0,0.0,0.0,0.0,0.0,0.0,0.0,0.0,0.06776844505046371,0.0,0.0,0.0,0.0,0.06776844505046371,0.1656445111194758,0.0,0.0,0.0,0.0,0.0,0.07914093148130437,0.0,0.0,0.0,0.0,0.0,0.0,0.0,0.08699691136533462,0.0,0.17915785625586034,0.0,0.13553689010092743,0.0,0.0,0.0,0.0,0.0,0.0,0.0,0.0,0.0,0.0,0.0,0.0,0.052300040087308264,0.0,0.0,0.0,0.0,0.0,0.0,0.0,0.0,0.0,0.0,0.056474695892904984,0.11598435259415805,0.0,0.0,0.0,0.049883487196531864,0.07585739017302556,0.0,0.0,0.0,0.0,0.0,0.0,0.0,0.0,0.0,0.0,0.0,0.0,0.0,0.0,0.06343956127961732,0.0,0.0,0.0,0.0,0.0,0.08699691136533462,0.0,0.0,0.0,0.0,0.0,0.0,0.0,0.0,0.0,0.0,0.07290113259312898,0.07290113259312898,0.0,0.0,0.0,0.0,0.0,0.0,0.0,0.0,0.0,0.0,0.08004088574147623,0.0,0.0,0.0,0.0,0.0,0.0,0.07585739017302556,0.0,0.06776844505046371,0.0,0.0,0.0,0.0,0.0,0.0,0.0,0.0,0.05804414514483994,0.0,0.0,0.1950667576347268,0.0,0.0,0.0828222555597379,0.0828222555597379,0.0828222555597379,0.0,0.0,0.14043733027672475,0.0,0.0,0.0,0.0,0.0,0.0,0.0,0.0,0.0,0.0,0.07585739017302556,0.0,0.0,0.07585739017302556,0.0,0.0,0.0,0.0,0.0,0.0,0.0,0.0,0.0,0.0,0.0,0.22000063516381954,0.0,0.0,0.0,0.0,0.0,0.11000031758190977,0.07021866513836238,0.0,0.053611276156973996,0.0,0.0,0.0,0.0,0.0,0.12687912255923464,0.049883487196531864,0.0,0.0,0.0,0.0,0.056474695892904984,0.0,0.0,0.0655175740373489,0.0,0.0655175740373489,0.1400765340097743,0.05804414514483994,0.0,0.0,0.0,0.0,0.0,0.0,0.0,0.07021866513836238,0.0,0.0,0.0,0.0,0.0,0.0,0.0,0.19031868383885198,0.0,0.0,0.0,0.056474695892904984,0.0,0.15690012026192482,0.03621973524412355,0.0,0.0,0.0,0.056474695892904984,0.0,0.055000158790954885,0.0,0.0,0.0,0.0,0.16942408767871495,0.0,0.053611276156973996,0.0,0.0,0.0,0.0,0.0,0.0,0.0,0.0,0.0,0.0,0.0,0.19330725432359677,0.06151276590523135,0.0,0.0,0.0,0.0,0.053611276156973996,0.0,0.1400765340097743,0.0,0.04392114840160293,0.032650518499889085,0.10211895778541458,0.0,0.10377982599237351,0.0,0.0,0.0,0.0,0.0,0.1463000682260451,0.0,0.03621973524412355,0.0,0.08017411996411271,0.05105947889270729,0.0,0.0,0.17921519898989977,0.08453031597386142,0.0,0.0881369341258333,0.0,0.07301255585517732,0.0,0.0,0.04480379974747494,0.0,0.0,0.0,0.0,0.0,0.0,0.0,0.0,0.0,0.0,0.03133765139726934,0.0786761613522703,0.0,0.08871239633772439,0.08453031597386142,0.16404318415966576,0.04002044287073812,0.0,0.13902626021423511,0.0,0.0,0.0,0.046692178003258096,0.07433433124469395,0.0,0.0,0.045764927413620274,0.0,0.046692178003258096,0.03511792655057465,0.03359223218609485,0.0,0.0,0.0,0.0,0.0,0.07630687388016325,0.07479595484572835,0.0,0.0,0.0,0.0,0.0,0.07511428026229164,0.013325773725530937,0.0,0.0,0.04215253409441124,0.14733980183004583,0.0,0.02107626704720562,0.08202159207983288,0.027028981428012792,0.06026185575307863,0.026427446185048532,0.0,0.02245415945640913,0.02679786585834659,0.08430506818882248,0.0,0.0,0.02245415945640913,0.09032240958556632,0.018079093092770705,0.01892739035267371,0.0,0.0,0.03511044608210493,0.02107626704720562,0.0,0.0,0.08906622514092821,0.10873974523106594,0.016594779823445576,0.021758233912540614,0.06555526839186052,0.023230945125311826,0.04033777096315984,0.012835386314356902,0.02002568933257696,0.10656093444962392,0.0,0.014602511171035466,0.04623733617477344,0.04395789753700069,0.0,0.010210524416683771,0.05807483502911232,0.042809249014161325,0.03739436083902594,0.01990763425362104,0.026250398181830552,0.019171297597676728,0.06273869365091661,0.022361193910558803,0.024481634663487187
52,0.0,0.0,0.0,0.0,0.0,0.0,0.0,0.09951279779740667,0.0,0.0,0.0,0.0,0.0,0.0,0.0,0.0,0.0,0.0,0.0,0.0,0.0,0.0,0.09951279779740667,0.0,0.0,0.0,0.0,0.0,0.0,0.0,0.04877250102376472,0.0,0.0,0.0,0.0,0.0,0.0,0.0,0.0,0.0,0.0,0.0,0.0,0.0,0.0,0.0,0.0,0.0,0.0,0.0,0.0,0.0,0.0,0.0,0.0,0.0,0.0,0.0,0.08768722507351227,0.0,0.0,0.0,0.0,0.0,0.0,0.0,0.0,0.0,0.0,0.0,0.17537445014702455,0.0,0.0,0.0,0.0,0.0,0.0,0.0,0.08768722507351227,0.0,0.0,0.0,0.0,0.0,0.0,0.0,0.0,0.0,0.0,0.0,0.055444320817473,0.0,0.0,0.0,0.0,0.0,0.0,0.0,0.0,0.09306106599915479,0.0,0.0,0.0,0.0,0.0,0.0,0.0,0.0,0.0,0.0,0.0,0.0,0.0,0.0,0.0,0.0,0.0,0.0,0.0,0.0,0.0,0.0,0.0,0.0,0.0,0.0,0.0,0.0,0.0,0.0,0.0,0.0,0.0,0.0,0.07559617225637046,0.0,0.0,0.0,0.32366532397912545,0.0,0.0,0.0,0.18774903403494667,0.0647330647958251,0.0,0.07911260811270768,0.07911260811270768,0.0,0.0,0.0,0.1511923445127409,0.08310027913810492,0.0,0.0,0.08310027913810492,0.0,0.0,0.0,0.16620055827620983,0.0,0.11408886155452541,0.0,0.0,0.0,0.0,0.0,0.0,0.0,0.0,0.0,0.0,0.0,0.0,0.0,0.08768722507351227,0.04995749690397847,0.0,0.0,0.0,0.0,0.0,0.07245970229442426,0.0,0.0647330647958251,0.13927171374010341,0.0,0.0,0.0738595729048489,0.0,0.0,0.0,0.04764918254403291,0.0,0.0,0.07245970229442426,0.0,0.0,0.0,0.0,0.0,0.0,0.07911260811270768,0.0,0.0,0.0,0.0,0.0,0.0,0.0,0.0,0.0,0.0,0.0,0.0,0.0,0.0,0.0,0.057044430777262706,0.0,0.0,0.0,0.0,0.0,0.0,0.0,0.0,0.0,0.0,0.0,0.0,0.07245970229442426,0.0,0.0,0.0,0.0,0.0,0.0,0.0,0.0,0.0,0.0,0.0,0.0,0.0,0.07245970229442426,0.0,0.0,0.07559617225637046,0.07559617225637046,0.07559617225637046,0.0,0.0,0.0,0.0,0.0,0.0,0.0,0.04658240664986999,0.06258301134498222,0.2724030683482328,0.0,0.0,0.0,0.0,0.0,0.0670735383834346,0.0,0.0,0.0,0.0,0.17627274130970408,0.0,0.0,0.0,0.0,0.0,0.07245970229442426,0.0,0.0,0.0,0.0,0.0,0.0,0.0,0.0,0.0,0.0,0.0,0.20484000839458683,0.0,0.0,0.0,0.0,0.0,0.0,0.0,0.0,0.052536676031807374,0.0,0.0670735383834346,0.20484000839458683,0.0,0.0,0.0,0.0,0.0,0.0,0.0,0.0,0.0,0.0647330647958251,0.0,0.0,0.0,0.0,0.12516602268996443,0.0,0.0,0.0,0.0,0.0,0.0,0.0,0.0,0.0,0.0,0.0,0.1341470767668692,0.0,0.0,0.0,0.0,0.0,0.0,0.0,0.0,0.0,0.0,0.0,0.0,0.0,0.09991499380795694,0.06919487282612326,0.0,0.0,0.0,0.0,0.0,0.0,0.0,0.0,0.0,0.0,0.053945167929375724,0.0,0.0,0.0,0.0,0.0,0.0,0.0,0.0,0.0,0.04764918254403291,0.0,0.0,0.0,0.03692978645242445,0.0,0.0,0.0446008135776523,0.0,0.0,0.0,0.0,0.0,0.10507335206361475,0.0,0.0,0.0,0.0,0.03304382639767532,0.0,0.0,0.0,0.0,0.0,0.0,0.023425209129103067,0.0,0.0,0.0,0.0,0.0,0.0,0.042797016664507664,0.0,0.04367835272770574,0.0,0.0363155914482,0.11158766309157693,0.0,0.0,0.21398508332253832,0.0,0.0,0.0,0.0,0.0,0.04367835272770574,0.015227522779088015,0.03163110512028663,0.0,0.0,0.0,0.015030443879628177,0.039628851067295044,0.0,0.12111624555660581,0.0,0.0,0.0,0.018971315598638402,0.0,0.128391049993523,0.0,0.0,0.0,0.0,0.08418923974756147,0.10928773743576703,0.0,0.0,0.1677248912233836,0.03208762044222232,0.0,0.0,0.0,0.03163110512028663,0.0,0.0911113167709029,0.03572290457519514,0.0,0.0,0.0,0.0,0.03163110512028663,0.023916625541036223,0.1145601549582929,0.034062558170222294,0.0,0.020132251218172803,0.15637820377850395,0.07745502223823268,0.020132251218172803,0.026115935574473913,0.05163668149215511,0.028781349566718527,0.0,0.0,0.0,0.012798788475273633,0.06039675365451841,0.038577663933897374,0.0,0.0857937087353947,0.08627682674235287,0.01726932208275704,0.10847774227693764,0.01607116887562959,0.0,0.016768916414938977,0.12079350730903682,0.01822226335418058,0.0,0.0,0.0,0.0,0.048495235762409904,0.037571410411066895,0.0,0.01926551169598889,0.09808386700896,0.019128729369272984,0.09395817277442654,0.0,0.013948457886447116,0.07066615092281747,0.010497250702122445,0.04417109141692371,0.029259570800497015,0.024654949372230197,0.03505011667595144,0.049114243722271,0.05229389558897154,0.0710447867185578,0.02645154234462549,0.034958349012338887,0.02135962560814737,0.044821424092707784
53,0.0,0.0,0.0,0.0,0.0,0.0,0.0,0.0,0.0,0.0,0.0,0.0,0.0,0.0,0.0,0.0,0.0,0.0,0.0,0.0,0.10464220487253849,0.10464220487253849,0.10464220487253849,0.0,0.0,0.0,0.10464220487253849,0.0,0.0,0.0,0.0,0.0,0.0,0.0,0.0,0.0,0.0,0.0,0.0,0.0,0.0,0.0,0.0,0.0,0.0,0.0,0.0,0.0,0.0,0.0,0.07322525104666101,0.0,0.0,0.0,0.0,0.0,0.0,0.0,0.0,0.0922070806362756,0.0,0.0,0.0,0.0,0.0,0.0,0.0,0.0922070806362756,0.0,0.0,0.0922070806362756,0.0,0.0,0.0,0.0,0.0,0.0,0.0,0.0,0.0,0.0,0.0,0.0,0.0,0.0,0.0,0.0,0.0,0.0,0.0,0.0,0.0,0.0,0.0,0.0,0.09785791726774422,0.09785791726774422,0.09785791726774422,0.09785791726774422,0.0,0.0,0.0,0.0,0.0,0.0,0.0,0.0,0.0,0.09785791726774422,0.0,0.0,0.0,0.0,0.0,0.09785791726774422,0.0,0.0,0.0,0.0,0.0,0.0,0.0,0.0,0.0,0.0,0.0,0.0,0.0,0.0,0.0,0.0,0.0,0.0,0.0,0.0,0.0,0.0,0.06806974357391211,0.06806974357391211,0.0,0.0,0.0,0.1974265955631496,0.06806974357391211,0.08319048332843222,0.0,0.08319048332843222,0.0,0.0,0.0,0.07949279208223585,0.0,0.0,0.0,0.0,0.0,0.0,0.0,0.0,0.0,0.11996959475271078,0.0,0.0,0.0,0.0,0.0,0.0,0.0,0.0,0.0,0.0,0.0,0.0,0.0,0.0,0.0,0.0,0.0,0.0,0.0,0.0,0.0,0.0,0.06806974357391211,0.14645050209332203,0.05128648934848744,0.0,0.0,0.0,0.0,0.0,0.0,0.0,0.0,0.0,0.07619465214848867,0.0,0.0,0.0,0.0,0.0,0.0,0.0,0.08319048332843222,0.0,0.0,0.0,0.0,0.0,0.0,0.0,0.0873836996547727,0.0,0.0,0.0,0.0873836996547727,0.0,0.17995439212906617,0.0,0.0,0.0,0.0,0.0,0.0,0.0,0.0,0.0,0.0,0.0,0.0,0.07619465214848867,0.0,0.0,0.0,0.04592976215916115,0.0,0.0,0.0,0.0,0.14645050209332203,0.0,0.0,0.0,0.0,0.0,0.06806974357391211,0.0,0.0,0.0,0.07949279208223585,0.0,0.0,0.0,0.0,0.0,0.0,0.0,0.0,0.0,0.3273647303023052,0.0,0.0,0.0,0.0,0.0,0.07053085734092733,0.07053085734092733,0.0,0.0,0.0,0.12357250335530699,0.0,0.0,0.0,0.0,0.0,0.07619465214848867,0.0,0.07619465214848867,0.0,0.0,0.0,0.05672578240480679,0.0,0.0,0.0,0.0,0.05998479737635539,0.05384963190402194,0.0,0.0,0.0,0.13613948714782423,0.0,0.0,0.0,0.22964881079580576,0.0,0.0,0.0,0.05384963190402194,0.0,0.0,0.05128648934848744,0.0,0.0,0.0,0.0,0.0,0.0,0.0,0.0,0.05672578240480679,0.0,0.0,0.0,0.0,0.0,0.0,0.0,0.0,0.13613948714782423,0.0,0.0,0.0,0.05998479737635539,0.0,0.07053085734092733,0.0,0.0,0.055244689510536876,0.0,0.0,0.0,0.0,0.0,0.07322525104666101,0.0,0.0,0.0,0.0,0.15759769823539893,0.1819038409798667,0.0,0.0,0.0,0.0,0.0,0.055244689510536876,0.0,0.047916422467731694,0.0,0.0,0.0,0.0,0.0,0.0,0.0,0.0,0.16668611250141221,0.0,0.0,0.0,0.0,0.0,0.0,0.0,0.038833339684821964,0.0,0.0,0.0937995428764081,0.036962391125738715,0.0,0.16154889571206582,0.0,0.0,0.0,0.0,0.0,0.0,0.0,0.0,0.0,0.0,0.0,0.0,0.0,0.04898350612184904,0.0492653324421664,0.0,0.0,0.0,0.0,0.0,0.0,0.0,0.0,0.04592976215916115,0.0,0.0,0.10267203757518395,0.0,0.047916422467731694,0.04500299745222883,0.0,0.0,0.0,0.0,0.0,0.04592976215916115,0.04803728546336078,0.0,0.0,0.0,0.0,0.07902595558509319,0.0,0.0,0.0,0.0823862600984976,0.04019837376963546,0.047916422467731694,0.0,0.0,0.09000599490445765,0.0,0.0,0.0,0.09443093580938712,0.059019193971164265,0.09193679658443091,0.0,0.0,0.03527406086070053,0.0,0.0,0.0,0.0,0.06652307352628954,0.0,0.0,0.0,0.036380768195973336,0.0,0.0,0.0,0.06652307352628954,0.025149412790302635,0.06692510059404555,0.0,0.0,0.19052974922137264,0.21377037445892305,0.05429830457224794,0.042339944271416144,0.0823862600984976,0.02714915228612397,0.09079466996798258,0.0,0.0,0.022553990654903554,0.040375513764866845,0.06350991640712422,0.060849236011230344,0.0,0.0,0.025921138011689628,0.03631894549026153,0.0,0.0,0.0,0.05289982070109922,0.0,0.01916153356507485,0.0,0.01789244271998483,0.031206629190070407,0.0,0.007284990341964983,0.026338690852535047,0.02333422991308223,0.020258556351417274,0.0644622622254188,0.040229447104600885,0.032933755197086606,0.01721434704087451,0.014667433939311992,0.12075155919537751,0.01103833359007942,0.01161197479067816,0.0717914428753525,0.06481448417778811,0.018428390976797913,0.07512123235312212,0.004999035900108575,0.02636710745863672,0.017116918392476105,0.04201175326559944,0.019653035311186718,0.05532858003882041
54,0.0,0.0,0.0,0.0,0.0,0.0,0.0,0.0,0.0,0.0,0.0,0.0,0.08878860957862901,0.0,0.0,0.0,0.0,0.0,0.0,0.0,0.0,0.0,0.0,0.0,0.0,0.0,0.0,0.0,0.0,0.0,0.13054931568867564,0.0,0.0,0.0,0.0,0.0,0.0,0.0,0.0,0.1196904588032628,0.0,0.0,0.0,0.0,0.0741448175870759,0.0,0.0,0.0,0.0,0.0,0.0,0.0,0.0,0.0,0.0,0.0,0.0,0.0,0.0,0.0,0.0,0.0,0.0,0.0,0.0,0.0,0.0,0.0,0.0,0.0,0.0,0.0,0.0,0.0,0.07823744246379077,0.0,0.0,0.0,0.0,0.0,0.0,0.0,0.0,0.0,0.0,0.0937499200101602,0.0,0.0,0.0,0.0,0.24734628426571845,0.0,0.0,0.0,0.0,0.0,0.0,0.0,0.0,0.0,0.0,0.0,0.0,0.0,0.0,0.0,0.0,0.0,0.0,0.0,0.0,0.0830321610773294,0.0,0.0,0.0,0.0,0.0,0.0830321610773294,0.0,0.0830321610773294,0.0,0.0,0.0,0.0,0.0,0.0,0.0,0.0,0.0,0.0,0.0,0.0,0.0,0.0,0.0,0.06744940522900844,0.0,0.0,0.0,0.0,0.0,0.0,0.05583863265383283,0.2310279258225977,0.0,0.0,0.0,0.0,0.0,0.0,0.0,0.0,0.0,0.0,0.0,0.0,0.0,0.0,0.0,0.0,0.0,0.0,0.0,0.0,0.0,0.0,0.0,0.0,0.0,0.0,0.0,0.0,0.0,0.07823744246379077,0.0,0.0,0.0,0.0,0.0,0.0,0.0,0.0,0.0,0.1732709443669483,0.062131414704023516,0.0,0.0,0.06589995384959235,0.0,0.0,0.0,0.2125708833076953,0.0,0.0,0.0,0.0,0.0,0.0,0.0,0.05089692788287276,0.0,0.0,0.14117377121215527,0.0,0.0,0.0,0.0,0.0,0.0,0.0,0.0741448175870759,0.0,0.0,0.0,0.0,0.0,0.0,0.10179385576574553,0.0,0.0,0.0,0.0,0.0,0.0,0.0,0.0,0.0,0.0,0.0,0.0,0.0,0.0,0.04813166306193173,0.0,0.0,0.0,0.06821640883189431,0.0,0.0,0.0,0.0,0.0,0.0,0.0,0.0,0.0,0.0,0.0,0.0,0.0,0.0,0.0,0.0,0.0,0.0,0.0,0.0,0.0,0.0,0.06944200780179778,0.0,0.0,0.0,0.0,0.0,0.0,0.0,0.0,0.0,0.0,0.0,0.0,0.0,0.0,0.0,0.0,0.12930188598055847,0.0,0.0,0.0,0.0,0.0,0.1443949891857952,0.0,0.0,0.0,0.0,0.10179385576574553,0.0,0.0,0.0,0.0,0.0,0.0,0.0,0.05406760567773011,0.0,0.0468749600050801,0.0,0.0,0.0,0.062131414704023516,0.0,0.08703287712578375,0.04251417666153906,0.0,0.0,0.25508505996923436,0.0,0.0,0.0,0.0,0.0,0.0,0.0,0.0,0.0,0.0,0.07958864208998423,0.0,0.0,0.0,0.0,0.043516438562891877,0.0,0.0,0.0,0.0,0.0,0.0,0.0937499200101602,0.0,0.0,0.1526907836486183,0.0,0.0,0.0,0.034108204415947155,0.0,0.0,0.0,0.0,0.15434488538623045,0.0,0.0,0.0,0.0,0.0,0.0,0.0,0.08131389303339455,0.0,0.02948279483589846,0.0,0.0,0.04569125764220054,0.0,0.0,0.0,0.035358171645691494,0.0,0.0,0.0,0.0,0.0,0.0,0.0,0.0,0.0,0.0,0.11938296313497636,0.0,0.0,0.09138251528440108,0.0,0.0,0.0468749600050801,0.0,0.0,0.0,0.0,0.02948279483589846,0.0,0.0415623639251757,0.0,0.0,0.0,0.0,0.020900746373305877,0.0,0.0,0.0,0.13054931568867564,0.0,0.0,0.0,0.0,0.0,0.0,0.1296078873101589,0.22401495848253172,0.0,0.0,0.0,0.0,0.015641817754539412,0.0,0.0,0.0,0.07794254192859153,0.3396624868377884,0.0846669545594534,0.07342432132924312,0.0,0.0,0.053642636644131346,0.0,0.009450859146813768,0.10806392020298598,0.0,0.10232461324784148,0.040656946516697275,0.0,0.0,0.0763698275570758,0.0,0.0,0.0,0.0,0.2503880808672776,0.1170121608358869,0.0,0.0,0.05985987817876071,0.08588890876785173,0.034108204415947155,0.035358171645691494,0.0,0.05644463637296894,0.0,0.0,0.0637463139926768,0.06173795415449219,0.0,0.0,0.0,0.11288927274593788,0.0,0.05678575518255928,0.0,0.0,0.017962660410657312,0.0,0.0,0.0,0.0,0.0,0.05135934405196696,0.0,0.0,0.05741098841918065,0.045678009589240655,0.0,0.01721013385864041,0.022275728429647125,0.038273992279453765,0.010997005489119138,0.0924495620682953,0.0,0.0,0.0,0.0,0.0,0.01625850606559332,0.10240371015362373,0.0,0.039718102539944025,0.0,0.01236258666461948,0.022348303361597644,0.009899513452025586,0.0,0.0546960439170749,0.0,0.006986049117834616,0.014606323905588366,0.024890550942503524,0.08669468106042723,0.009365994272789184,0.0295581815401037,0.034808475770557755,0.021997961291857673,0.03127287338018696,0.023902556019072027,0.004241667569456702,0.026101150565077,0.007261827988955423,0.028963067004391194,0.01905776443677585,0.06954983833602255
55,0.0,0.0,0.0,0.0,0.0,0.0,0.10666721994918453,0.0,0.0,0.0,0.08480036896854029,0.0,0.0,0.0,0.0,0.10666721994918453,0.0,0.0,0.0,0.0,0.0,0.0,0.0,0.0,0.0,0.0,0.0,0.10666721994918453,0.0,0.10666721994918453,0.05227897526070075,0.0,0.0,0.0,0.0,0.0,0.0,0.0,0.0,0.0718957564240279,0.0,0.0,0.0,0.26722419474253395,0.0,0.0,0.0,0.0,0.0,0.0,0.0,0.0,0.0,0.0,0.0,0.0,0.0,0.0,0.0,0.0,0.0939914536690248,0.0,0.0,0.0,0.0,0.0,0.0939914536690248,0.0,0.0,0.0,0.0939914536690248,0.0939914536690248,0.0,0.0,0.0,0.0,0.0,0.0,0.0,0.0,0.0,0.0,0.0,0.0,0.0,0.0,0.0,0.0,0.0,0.0,0.0,0.0,0.0,0.0,0.0,0.0,0.0,0.09975164416386362,0.0,0.0,0.0,0.0,0.0,0.0,0.0,0.0,0.0,0.0,0.0,0.0,0.09975164416386362,0.0,0.0,0.0,0.0,0.0,0.0,0.0,0.0,0.0,0.0,0.07766915585899851,0.0,0.0,0.0,0.20816104702286944,0.0,0.08480036896854029,0.0,0.0,0.0,0.0,0.0,0.0,0.0,0.0,0.0,0.06938701567428981,0.0,0.0,0.0,0.0,0.0,0.0,0.0,0.0,0.16960073793708058,0.0,0.0,0.0,0.0,0.0,0.0,0.0,0.08907473158084464,0.0,0.0,0.0,0.0,0.0,0.06114561121055008,0.0,0.0,0.0,0.0939914536690248,0.0939914536690248,0.0,0.0939914536690248,0.0,0.0,0.0939914536690248,0.0939914536690248,0.0,0.0,0.0939914536690248,0.0,0.0,0.0,0.0,0.0,0.0,0.0,0.0,0.0,0.07464229149932824,0.0,0.0,0.07916966945732544,0.0,0.0,0.0,0.051074896368310696,0.15533831171799703,0.0,0.15533831171799703,0.0,0.0,0.0,0.0,0.0,0.0,0.0,0.0,0.0,0.0,0.08480036896854029,0.0,0.0,0.0,0.0,0.0,0.0,0.0,0.08907473158084464,0.0,0.0,0.0,0.24458244484220032,0.0,0.06708238522052182,0.0,0.0,0.0,0.0,0.07464229149932824,0.0,0.07464229149932824,0.07464229149932824,0.0,0.0,0.0,0.0,0.0,0.0,0.046818585755265214,0.0,0.0,0.0,0.059430462156342526,0.07464229149932824,0.0,0.0718957564240279,0.0,0.15533831171799703,0.0,0.0,0.0,0.0,0.0,0.08103112073889303,0.0,0.0,0.0,0.06298192689616688,0.0,0.0,0.0,0.0,0.06708238522052182,0.16684991363329618,0.0,0.0,0.0,0.0,0.0,0.0,0.0,0.0,0.0,0.0,0.0,0.0,0.0,0.0718957564240279,0.0,0.0,0.0,0.07766915585899851,0.0,0.0,0.0,0.0,0.17347058529395615,0.0,0.0,0.0,0.0,0.0,0.0,0.0,0.0,0.0,0.0,0.0,0.0,0.0,0.0,0.056313773722779285,0.0,0.0,0.0,0.0,0.0,0.1045579505214015,0.0,0.0,0.0,0.10214979273662139,0.0,0.0,0.0,0.0,0.0,0.0,0.0,0.0,0.0,0.0,0.04780736646039705,0.0,0.0,0.06938701567428981,0.0,0.05227897526070075,0.054891719239722775,0.06114561121055008,0.0,0.0718957564240279,0.059430462156342526,0.0,0.0,0.0,0.0,0.12229122242110016,0.0,0.0,0.0,0.0,0.16467515771916832,0.0,0.0,0.0,0.07416960313110892,0.04884369151786581,0.06495474154086048,0.0,0.0,0.0,0.056313773722779285,0.0,0.04884369151786581,0.0,0.0,0.0,0.0,0.0,0.0,0.0,0.0,0.0,0.0,0.0,0.0,0.051074896368310696,0.0,0.0,0.0,0.11875450418598815,0.0,0.12982383663362937,0.0,0.0,0.0,0.054891719239722775,0.0,0.0,0.056313773722779285,0.0,0.0,0.0,0.0,0.0,0.0,0.049931425162015965,0.04884369151786581,0.0,0.056313773722779285,0.0,0.0,0.0,0.0,0.0,0.05227897526070075,0.0,0.0956147329207941,0.0,0.0,0.0,0.0,0.038926482485962456,0.10465892636726327,0.0,0.0,0.0,0.0,0.0,0.0,0.0,0.0,0.046818585755265214,0.08161148905013141,0.03390520738820307,0.0,0.0,0.0,0.16111050022994675,0.08495589445157367,0.0,0.04327461221120979,0.027993527523690404,0.08195256936162872,0.04884369151786581,0.0,0.0,0.09174777296515566,0.06100574614950964,0.04780736646039705,0.0,0.0,0.060161321640862,0.0,0.04587388648257783,0.04780736646039705,0.03595667745067448,0.034394543647788725,0.04097628468081436,0.0,0.013948735518371213,0.06781041477640613,0.0,0.03906468748129195,0.0,0.03708480156555446,0.0,0.045554873238551494,0.022568429919024604,0.10171562216460919,0.10254439684116602,0.01364404435835772,0.0,0.0,0.0,0.0,0.0,0.0,0.0839805825710712,0.0,0.030850570103733307,0.027058635052168215,0.01632229781002628,0.022990450983413884,0.02743790176926728,0.021579649213892764,0.04135118552631018,0.0,0.0,0.05284551740846727,0.037021782479172934,0.09689724547290508,0.0,0.0,0.0,0.08631859685557106,0.019532343740645976,0.06151193901114015,0.03647738740531201,0.09543160096094595,0.0,0.029703872087962557,0.040272587916554324,0.011892894638044734,0.010325297946568173,0.03942583383977555,0.0,0.016785541329329103,0.01754747565121724,0.07475637597661662,0.047341661262957656,0.022503890439993367,0.011836687410690319,0.05227195468448392,0.07267563726239253,0.05009336939529097,0.038287481728928756,0.005095776245734371,0.017918238975309662,0.021810201978810315,0.05888403996074268,0.034342897595165366,0.029244075095320957
56,0.0,0.0,0.0,0.0,0.0,0.0,0.0,0.0,0.0,0.07407672849160063,0.0,0.0,0.0,0.0,0.0,0.0,0.0,0.0,0.0,0.0,0.0,0.0,0.07407672849160063,0.0,0.0,0.0,0.0,0.0,0.0,0.0,0.4356714789849335,0.0,0.0,0.0,0.0,0.0,0.0,0.0,0.0,0.2496456939094381,0.0,0.0,0.0,0.0,0.0,0.0,0.0,0.0,0.0,0.0,0.0,0.0,0.0,0.0,0.0,0.0,0.0,0.0,0.0,0.0,0.0,0.0,0.0,0.0,0.0,0.0,0.0,0.0,0.0,0.0,0.0,0.0,0.0,0.0,0.1305476864830288,0.0,0.0,0.0,0.0,0.0,0.0,0.0,0.0,0.0,0.0,0.07821597166190411,0.0,0.0,0.0,0.0,0.0,0.0,0.0,0.0,0.0,0.0,0.0,0.0,0.06927409812346735,0.0,0.0,0.0,0.0,0.0,0.0,0.0,0.0,0.0,0.0,0.0,0.06927409812346735,0.0,0.0,0.0,0.0,0.06927409812346735,0.0,0.0,0.0,0.0,0.0,0.05393856682005736,0.0,0.0,0.17495515869965675,0.04818690431226617,0.05889094991940997,0.0,0.0,0.0,0.0,0.0,0.0,0.0,0.0,0.0,0.0,0.2409345215613308,0.0,0.0,0.0,0.0,0.0,0.0,0.0,0.0,0.05889094991940997,0.0,0.0,0.0,0.0,0.0,0.0,0.0,0.0,0.0,0.0,0.0,0.0,0.0,0.0,0.0,0.0,0.0,0.0,0.0,0.0,0.0,0.0,0.0,0.0,0.0652738432415144,0.0,0.0,0.0,0.0,0.0,0.0,0.0,0.0,0.0,0.0,0.0,0.09637380862453233,0.1555095397823458,0.0,0.0,0.3573740435693415,0.0,0.0,0.0,0.17734882529114393,0.0,0.0,0.0,0.0,0.0,0.0,0.0,0.0,0.0,0.0,0.0,0.0,0.0,0.0,0.0,0.0,0.0,0.0,0.0,0.0,0.0,0.0,0.0,0.0,0.0,0.04246353136656879,0.0,0.09317283489561025,0.0,0.0,0.0,0.0,0.0,0.0,0.0,0.0,0.0,0.0,0.0,0.0,0.0,0.0,0.0,0.0,0.2561096281225976,0.0,0.0,0.10367302652156388,0.0,0.0,0.10787713364011473,0.0,0.0,0.0,0.09637380862453233,0.0,0.0,0.0,0.05627333620586197,0.0,0.0,0.13121636902474257,0.08254483826208292,0.0,0.0,0.0,0.0,0.028967886659436615,0.0,0.0,0.0,0.0,0.0,0.0,0.09985827756377524,0.0,0.0,0.0,0.0,0.046586417447805124,0.0,0.0,0.0,0.05183651326078194,0.0,0.05393856682005736,0.0,0.0,0.0,0.0,0.0,0.0,0.0,0.05627333620586197,0.0,0.0,0.0,0.0,0.0,0.0,0.04818690431226617,0.0,0.0,0.18043536732865603,0.0,0.07821597166190411,0.0,0.0,0.07624083545995144,0.0,0.04015645873281141,0.0,0.07093953011645758,0.0,0.0,0.0,0.0,0.0,0.0,0.03812041772997572,0.0,0.0,0.0,0.0,0.0,0.0,0.06640115504786549,0.0,0.0,0.0,0.0,0.0,0.07624083545995144,0.0,0.0,0.0,0.0,0.0,0.11732395749285617,0.0,0.0,0.0,0.0,0.0,0.0,0.028456625346955287,0.1524816709199029,0.0,0.0,0.0,0.10301649477862726,0.0,0.0,0.0,0.0,0.039107985830952055,0.0,0.0,0.0,0.0,0.0,0.0,0.0,0.0,0.03163629818016327,0.0,0.0,0.05899895703711377,0.0,0.0,0.0,0.07093953011645758,0.0,0.0,0.0,0.0,0.0,0.030052735047151658,0.033200577523932746,0.05233171482112471,0.0,0.03812041772997572,0.0,0.0,0.0,0.0,0.0,0.0,0.04246353136656879,0.0,0.0,0.034675663495189926,0.0,0.0,0.0,0.0,0.0,0.0,0.0,0.0,0.0,0.03630595658207779,0.0,0.03185784194472582,0.0,0.0,0.0,0.1351655398734207,0.07268203742840168,0.020138161671543264,0.06784053951757843,0.0,0.0,0.0,0.0,0.0,0.0,0.0,0.04534110568582819,0.023546004511450017,0.0,0.0,0.0,0.0,0.0,0.0,0.0,0.0,0.0,0.0,0.0,0.0,0.0,0.0,0.0,0.0,0.0,0.020889987997292234,0.016270626959905707,0.0,0.033200577523932746,0.0,0.0477716635458114,0.0,0.029499478518556884,0.0,0.09418401804580007,0.0,0.13564543303647883,0.02659191542916352,0.025754123694656815,0.01014009917151544,0.015818149090081637,0.01567300109996054,0.0,0.0,0.0,0.025355963545933644,0.0,0.0,0.02328139897521063,0.0,0.0,0.058321636362580094,0.0,0.021424663607751734,0.018791294673918203,0.0,0.0,0.06669138843670273,0.02997265357666684,0.028716981135324907,0.0,0.015966080265419187,0.0733988013736569,0.05142071819798575,0.0,0.0,0.04928225565852355,0.0,0.0,0.0,0.0,0.03799844306704772,0.06627397617815961,0.0,0.015471240852092194,0.0372905760822605,0.008259207725685062,0.007170565549071099,0.018253260250558297,0.028478622312714617,0.02914245792263096,0.036558361326397254,0.04153259281622953,0.059178890205431406,0.0,0.016440347465310635,0.021780648619505173,0.02294124513435762,0.013045548080605976,0.029913011830285267,0.021233051742927632,0.015554503579613748,0.010602506447347958,0.029740325558914513,0.02186246824611974,0.02175965130339897
57,0.0,0.0,0.10445260029008112,0.0,0.0,0.0,0.0,0.0,0.0,0.0,0.0,0.10445260029008112,0.0,0.10445260029008112,0.0,0.0,0.0,0.0,0.10445260029008112,0.0,0.0,0.0,0.0,0.0,0.0,0.0,0.0,0.0,0.0,0.0,0.0,0.0,0.0,0.07934875653109776,0.0,0.0,0.0,0.0,0.0,0.0,0.0,0.0,0.0,0.0,0.0,0.0,0.0,0.0,0.0,0.0,0.0,0.0,0.0,0.0,0.0,0.0,0.0,0.0,0.0,0.0,0.0,0.0,0.0,0.0,0.0,0.0,0.092040007656067,0.0,0.0,0.0,0.0,0.0,0.0,0.0,0.092040007656067,0.184080015312134,0.0,0.0,0.0,0.0,0.0,0.0,0.0,0.0,0.0,0.0,0.0,0.0,0.0,0.0,0.0,0.0,0.09768060535457974,0.0,0.0,0.0,0.0,0.0,0.0,0.0,0.0,0.0,0.0,0.0,0.0,0.0,0.09768060535457974,0.0,0.09768060535457974,0.0,0.0,0.0,0.0,0.0,0.0,0.0,0.0,0.09768060535457974,0.0,0.0,0.0,0.0,0.0,0.0,0.0,0.0,0.0,0.0,0.0,0.0,0.0,0.0,0.1586975130621955,0.1586975130621955,0.0,0.23804626959329325,0.0,0.0,0.06794640581240344,0.0,0.0,0.0,0.06568962398459864,0.06794640581240344,0.0,0.0,0.0,0.0,0.0,0.0,0.0,0.0,0.0,0.0,0.0,0.0,0.0,0.0,0.0,0.0,0.05987610898934952,0.0,0.0,0.0,0.0,0.0,0.0,0.0,0.0,0.092040007656067,0.0,0.0,0.0,0.0,0.0,0.0,0.0,0.0,0.13137924796919728,0.0,0.0,0.0,0.0,0.0,0.07309257185505806,0.0,0.0,0.15505190522192994,0.0,0.0,0.0,0.10002896368271307,0.0,0.0,0.0,0.0,0.0,0.0,0.0,0.0,0.0,0.0,0.0,0.0,0.0,0.0,0.0,0.0,0.0,0.0,0.0,0.08722536631396816,0.0,0.0,0.0,0.0,0.0,0.0,0.0,0.0,0.0,0.0,0.0,0.07309257185505806,0.0,0.0,0.0,0.0,0.0,0.0,0.0,0.0,0.0,0.0,0.0,0.0,0.0,0.0,0.0,0.0,0.0,0.0,0.0,0.0,0.15211318520671743,0.06794640581240344,0.0,0.0,0.0,0.0,0.0,0.0,0.0,0.061674299177558366,0.0,0.0,0.0,0.0,0.0,0.0,0.0,0.0,0.0,0.0,0.0,0.07040306020809001,0.21120918062427002,0.0,0.0,0.0,0.0,0.0,0.0,0.0,0.0,0.0,0.07605659260335872,0.0,0.0,0.0,0.0,0.0,0.16986899739608852,0.0,0.0,0.0,0.0,0.0,0.0,0.0,0.0,0.0,0.0,0.0,0.0,0.0,0.0,0.11028917975538757,0.0,0.0,0.0,0.0,0.056622999132029506,0.051193561706046525,0.0,0.0,0.0,0.05001448184135653,0.0,0.0,0.0,0.0,0.0,0.0,0.12334859835511673,0.0,0.13137924796919728,0.06568962398459864,0.0,0.0,0.0,0.0,0.0,0.0,0.21500824008401287,0.05987610898934952,0.0,0.0,0.0,0.0,0.16543376963308137,0.07886314732622864,0.0,0.0,0.0,0.0,0.0,0.08025107408211585,0.0,0.0,0.0,0.0,0.07262969741986695,0.04782960115805161,0.12721230868012132,0.0,0.0,0.055144589877693787,0.0,0.0,0.04782960115805161,0.0,0.0,0.16986899739608852,0.0,0.0,0.06691359774706648,0.0,0.0,0.08319204428187017,0.0,0.0,0.0,0.0,0.0,0.0,0.0,0.038762976305482484,0.0,0.0,0.0,0.0,0.0,0.0,0.0,0.0,0.0,0.0,0.16368129579532603,0.0,0.0,0.06936823538612556,0.0,0.09778950265783176,0.0,0.0,0.0,0.0,0.14752820099713007,0.0,0.0,0.0,0.0,0.0,0.04681479223127967,0.0,0.0,0.045846540543302026,0.0,0.0,0.07320428771594938,0.28396007686722413,0.0,0.0,0.0,0.0,0.0,0.0,0.09553855831603002,0.0,0.07991707526354143,0.0,0.0,0.0,0.06283988890289358,0.04732965954602711,0.0,0.0,0.08475229361296045,0.0,0.0,0.0,0.03982609853329235,0.0,0.0,0.019913049266646176,0.0,0.0,0.0,0.05891225519207887,0.045885106670302045,0.0,0.0,0.03521014665333825,0.0,0.0,0.08319204428187017,0.0,0.0,0.0,0.0,0.037496184966983294,0.0,0.0,0.11152266291177747,0.06629959580730425,0.0,0.0,0.08016460421763737,0.0,0.0,0.02113161358112377,0.01641407977153929,0.08129987958714893,0.08452645432449508,0.05482465451962447,0.0,0.030210052060056686,0.0,0.0,0.045026248705145745,0.09403883083145763,0.02113161358112377,0.02024632710667025,0.13102794203415294,0.022513124352572873,0.05174834133315532,0.10875941406832201,0.07590837564089795,0.016868939633051666,0.046327277644080705,0.017601323270533622,0.02113161358112377,0.0,0.020078277036623286,0.01786002282654702,0.031150084893200015,0.016638357917341685,0.0,0.03943645039496653,0.02329194987010126,0.0,0.06434546097559427,0.04015655407324657,0.04109260183119766,0.060141045337957943,0.02928171508637975,0.0556305071791376,0.011018332877805424,0.05795467339715377,0.02047467475627736,0.032348522362829944,0.03678999996289192,0.02343284930371991,0.004989977985898109,0.057025219435416295,0.01067868981034612,0.026209769260180125,0.03082738268234222,0.020454936445194916
58,0.0,0.0,0.0,0.0,0.0,0.0,0.0,0.0,0.0,0.0,0.0,0.09229727672284008,0.0,0.0,0.0,0.0,0.0,0.0,0.0,0.0,0.0,0.0,0.0,0.0,0.0,0.0,0.0,0.0,0.0,0.0,0.09047216283919465,0.0,0.0,0.0,0.0,0.0,0.0,0.0,0.0,0.12442027698908151,0.0,0.0,0.0,0.0,0.0,0.0,0.0,0.0,0.0,0.0,0.0,0.0,0.0,0.0,0.0,0.0,0.0,0.0,0.0,0.0,0.0,0.0,0.0,0.0,0.0,0.0,0.0,0.0,0.0,0.0,0.08132915822691136,0.0,0.0,0.0,0.08132915822691136,0.0,0.0,0.0,0.0,0.0,0.0,0.0,0.0,0.0,0.0,0.0,0.0,0.0,0.06003936907433134,0.06003936907433134,0.15427241323126345,0.0,0.0,0.0,0.0,0.0,0.0,0.0863133501495253,0.0,0.0,0.0,0.0,0.0,0.0,0.0,0.0,0.0,0.0,0.0,0.0,0.0,0.0,0.0,0.0,0.0,0.0,0.0,0.0,0.0,0.0,0.0,0.0,0.0,0.0,0.0,0.0,0.0,0.0,0.0,0.0,0.0,0.07011480919407473,0.07011480919407473,0.07011480919407473,0.0,0.0,0.0,0.0,0.0,0.0,0.0,0.0,0.17413563815227173,0.0,0.0,0.0,0.07337627365386436,0.0,0.0,0.0,0.14022961838814946,0.0,0.0,0.0,0.0,0.0,0.0,0.0,0.07707480473988647,0.0,0.31744935703635413,0.0,0.0,0.0,0.0,0.0,0.0,0.0,0.0,0.0,0.08132915822691136,0.0,0.0,0.0,0.0,0.0,0.0,0.0,0.0,0.06003936907433134,0.0,0.0,0.0,0.18011810722299404,0.0,0.0,0.0,0.27401651204332933,0.0,0.0,0.0,0.17677685219290806,0.0,0.0,0.0,0.0,0.0,0.0,0.0,0.0,0.0,0.07337627365386436,0.0,0.0,0.0,0.0,0.0,0.0,0.0,0.0,0.0,0.0,0.0,0.0,0.0,0.0,0.0,0.10581645234545138,0.0,0.0,0.0,0.0,0.0,0.0,0.0,0.0,0.06458666717874896,0.0,0.0,0.0,0.0,0.0,0.0,0.0,0.0,0.0,0.03545606127225132,0.0,0.0,0.0,0.0,0.0,0.0,0.0,0.0,0.06003936907433134,0.12007873814866268,0.0,0.07011480919407473,0.07011480919407473,0.07011480919407473,0.0,0.0,0.05449715796514147,0.051424137743754476,0.0,0.0,0.0,0.0,0.03609307680731402,0.0,0.0,0.07337627365386436,0.0,0.062210138494540754,0.062210138494540754,0.0,0.0,0.0,0.0,0.0,0.0,0.0,0.0,0.0,0.0,0.0,0.0,0.0,0.0,0.0,0.0,0.15010105842991653,0.0,0.0,0.0,0.0,0.0,0.0,0.05804521271742391,0.0,0.0,0.0,0.0,0.0,0.0,0.2430678122454677,0.04872732184334476,0.0,0.0,0.0474968430120773,0.06458666717874896,0.0,0.135708244258792,0.3093594913375891,0.0,0.0,0.0,0.0,0.0,0.0,0.0,0.10006737228661101,0.0,0.0,0.0,0.0,0.0,0.0,0.0,0.0,0.0,0.0,0.0,0.0,0.05290822617272569,0.0,0.0,0.0,0.0,0.0,0.0,0.0,0.0,0.0,0.0,0.0,0.0,0.0,0.0,0.0,0.04633515505728339,0.1283553164294786,0.0,0.05620419991552605,0.0,0.0,0.0,0.0,0.0,0.0,0.0,0.0,0.0,0.0,0.0949936860241546,0.0,0.0,0.0,0.0,0.0,0.0,0.0,0.044194213048227016,0.0,0.08452718115906914,0.0,0.0,0.0,0.0,0.0,0.0,0.0,0.0474968430120773,0.0,0.0,0.04872732184334476,0.0,0.0,0.0,0.0,0.0,0.0,0.21602393722925559,0.0,0.04872732184334476,0.0,0.04320478744585112,0.0,0.03208882910736965,0.0,0.07103016123729317,0.0,0.09047216283919465,0.0,0.0,0.0,0.04051130204091129,0.026028268825904078,0.16841201671728445,0.025874152991321897,0.0,0.0,0.07938774062081493,0.0,0.0,0.0,0.017035435665555123,0.0,0.0,0.2118509751790132,0.0,0.15265167313855627,0.0,0.0,0.08364365601594888,0.0,0.05894597737807196,0.03744476381998516,0.0,0.0,0.04226359057953457,0.017595734461899458,0.0,0.03969387031040746,0.0,0.0,0.021952135910109888,0.0,0.052056537651808156,0.04054538016329372,0.0,0.0,0.03111268307432979,0.02976099606165865,0.0,0.036755423564843896,0.0,0.029337581968903504,0.0,0.0,0.06626538258190384,0.0,0.0,0.0,0.0,0.0,0.022182467528765345,0.05902976276882309,0.0,0.0,0.018672492411683086,0.0,0.0,0.018672492411683086,0.048444617897295185,0.04789258453403464,0.02669445784073253,0.0,0.0,0.01989323446706426,0.05935383929333216,0.018672492411683086,0.07156091281196887,0.023156000311653074,0.03978646893412852,0.011431575103707046,0.04805144969392924,0.0,0.0,0.0,0.015553027881325754,0.0,0.033801989704707165,0.0,0.03156324427577868,0.08257529244872214,0.01470212441476549,0.012851120068323693,0.0,0.0,0.0,0.034114483321792954,0.017741734400297575,0.02178635227046059,0.0,0.051748305982643794,0.05734947415956716,0.019472222152879144,0.03072623474990811,0.018092002655196053,0.03430088493887635,0.04334491495380878,0.028988301285148545,0.004409285912713205,0.023256507414527085,0.01132319140807239,0.020843725168903385,0.014858153818554497,0.04157149104599117
59,0.0,0.0,0.0,0.0,0.0,0.0,0.0,0.0,0.0,0.0,0.06942052263701988,0.0,0.08732148512063022,0.0,0.0,0.0,0.0,0.0,0.0,0.0,0.0,0.0,0.0,0.0,0.0,0.0,0.0,0.0,0.0,0.0,0.17118952804896742,0.0,0.0,0.0,0.0,0.0,0.0,0.0,0.0,0.11771271863667244,0.0,0.0,0.0,0.0,0.0,0.0,0.0,0.0,0.0,0.0,0.0,0.0,0.0,0.0,0.0,0.0,0.0,0.0,0.0,0.0,0.0,0.0,0.0,0.0,0.0,0.0,0.0,0.0,0.07694466328958544,0.0,0.07694466328958544,0.0,0.0,0.0,0.0,0.0,0.0,0.0,0.0,0.0,0.0,0.07694466328958544,0.0,0.0,0.0,0.04610040794691023,0.0,0.0,0.0,0.0,0.2919110230511027,0.0,0.0,0.0,0.0,0.0,0.0,0.0,0.0,0.0,0.0,0.0,0.0,0.0,0.0,0.0,0.0,0.0,0.08166015497322247,0.0,0.0,0.0,0.0,0.0,0.0,0.0,0.0,0.0,0.0,0.0,0.0,0.063582664298408,0.0,0.0,0.0,0.0,0.0,0.0,0.0,0.0,0.0,0.0,0.0,0.0,0.0,0.0,0.0,0.0,0.0,0.0,0.0,0.0,0.16474790021753902,0.22721046858271493,0.0,0.0,0.0,0.0,0.0,0.0,0.0,0.0,0.0,0.0,0.0,0.0,0.0,0.0,0.0,0.0,0.1001118353334324,0.0,0.0,0.0,0.0,0.0,0.0,0.0,0.0,0.0,0.0,0.0,0.0,0.0,0.0,0.08767440809866106,0.0,0.0,0.0,0.0,0.0,0.0,0.10634840768657329,0.05680261714567873,0.0,0.0,0.0,0.06481103676290109,0.0,0.0,0.0,0.20905840638707246,0.0,0.0,0.0,0.0,0.0,0.0,0.0,0.0500559176667162,0.0,0.0,0.0,0.0,0.0,0.0,0.0,0.0,0.0,0.0,0.0,0.0,0.0,0.0,0.0,0.0,0.0,0.1501677530001486,0.0,0.0,0.0,0.0,0.0,0.0,0.0,0.0,0.1222095363436565,0.0,0.0,0.0,0.0,0.0,0.0,0.0,0.0,0.0,0.03354460756321411,0.0,0.0,0.0,0.0,0.0,0.0,0.0,0.0,0.0,0.0,0.0,0.0,0.0,0.0,0.0,0.0,0.0,0.0,0.0,0.0,0.0,0.05491596673917967,0.0,0.06942052263701988,0.0,0.06942052263701988,0.0,0.0,0.0,0.0,0.05155918936438262,0.0,0.0,0.0,0.0,0.0,0.0,0.0,0.0,0.0,0.0,0.0,0.0,0.0,0.0,0.0,0.0,0.0,0.0,0.0,0.0,0.0,0.16474790021753902,0.0,0.0,0.0,0.0,0.0,0.10634840768657329,0.11498195344394356,0.0,0.0,0.0,0.0,0.0,0.04733634550467477,0.0,0.0,0.0,0.0,0.0,0.0,0.0,0.0,0.0,0.04733634550467477,0.0,0.0,0.0,0.0,0.0,0.03913676798754885,0.0,0.0,0.0,0.0,0.0,0.0,0.0,0.0,0.0,0.0,0.0,0.0,0.0,0.0,0.1001118353334324,0.0,0.0,0.0,0.03354460756321411,0.0,0.0,0.0,0.17534881619732212,0.2125123317881119,0.0,0.0,0.0,0.0,0.0,0.09220081589382045,0.0,0.0,0.0,0.0,0.0,0.0,0.08987252966976586,0.0,0.0,0.0,0.0,0.0,0.0,0.0,0.0,0.1001118353334324,0.0,0.0,0.0,0.0,0.03542609817807563,0.0782735359750977,0.0,0.0,0.0,0.0,0.0,0.0,0.0,0.0,0.0,0.0,0.02899562728592572,0.0,0.040875596096101044,0.0,0.04610040794691023,0.0,0.0,0.0,0.0,0.0,0.0,0.0,0.08559476402448371,0.0,0.0,0.0,0.038327317814647856,0.024625072046513673,0.09559970521822238,0.3427097054136726,0.0,0.0,0.0,0.0,0.0,0.0,0.016117046946685375,0.0,0.0,0.08017199394706459,0.0,0.0,0.0,0.0,0.0,0.0,0.009294695122293112,0.07085219635615125,0.0,0.03354460756321411,0.0,0.01664713975922858,0.0,0.0,0.0,0.0,0.020768685461836106,0.0,0.0,0.3068764701494784,0.0,0.0,0.029435383021064434,0.028156566120332367,0.0,0.03477392059527298,0.0,0.055511956979309836,0.0,0.0,0.0,0.030358904541158846,0.0,0.0,0.0,0.0,0.020986599789597157,0.3127456595920638,0.05977910846174964,0.0,0.0,0.0,0.0,0.0,0.045832944709694234,0.022655335868335166,0.025255346483760144,0.022151136958646626,0.0,0.03764156081729965,0.0898464713799716,0.0,0.0,0.0,0.09410390204324912,0.06489175959034767,0.13638291719288032,0.01586468904471907,0.0,0.0,0.0,0.01766584915812988,0.0,0.0,0.0,0.02604120593411625,0.013909525653511555,0.13982056341480795,0.021979024660059465,0.0,0.0,0.0,0.016785268769109643,0.041223678599545434,0.007182486028567868,0.012239632336202594,0.007751105112758451,0.0,0.0,0.01711665389004006,0.03245170735436597,0.061512253891734266,0.015671730113955284,0.025029474837645654,0.011001368828322694,0.017854587646307027,0.0,0.02811428687073874,0.039330351508807
