doc_id,token_num,token_str,term_str
0,0,ARE',are'
0,1,U,u
0,2,XE',xe'
0,3,OJER,ojer
0,4,"TZIJ,",tzij
0,5,Waral,waral
0,6,K'iche',k'iche'
0,7,u,u
0,8,b'i'.,b'i'
1,0,WARAL,waral
1,1,xchiqatz'ib'aj,xchiqatz'ib'aj
1,2,"wi,",wi
1,3,Xchiqatikib'a',xchiqatikib'a'
1,4,wi,wi
1,5,ojer,ojer
1,6,"tzij,",tzij
1,7,U,u
1,8,"tikarib'al,",tikarib'al
1,9,U,u
1,10,xe'nab'al,xe'nab'al
1,11,"puch,",puch
1,12,Ronojel,ronojel
1,13,xb'an,xb'an
1,14,pa,pa
1,15,Tinamit,tinamit
1,16,"K'iche',",k'iche'
1,17,Ramaq',ramaq'
1,18,K'iche',k'iche'
1,19,winaq.,winaq
2,0,Are',are'
2,1,k'ut,k'ut
2,2,xchiqak'am,xchiqak'am
2,3,wi,wi
2,4,U,u
2,5,"k'utunisaxik,",k'utunisaxik
2,6,U,u
2,7,"q'alajob'isaxik,",q'alajob'isaxik
2,8,U,u
2,9,tzijoxik,tzijoxik
2,10,"puch,",puch
2,11,"Awaxib'al,",awaxib'al
2,12,"Saqirib'al,",saqirib'al
2,13,Rumal,rumal
2,14,"Tz'aqol,",tz'aqol
2,15,B'itol;,b'itol
2,16,"Alom,",alom
2,17,"K'ajolom,",k'ajolom
2,18,ki,ki
2,19,b'i'.,b'i'
3,0,Junajpu,junajpu
3,1,"Wuch',",wuch'
3,2,Junajpu,junajpu
3,3,"Utiw,",utiw
3,4,Saqi,saqi
3,5,Nim,nim
3,6,"Aq,",aq
3,7,"Sis,",sis
3,8,"Tepew,",tepew
3,9,"Q'ukumatz,",q'ukumatz
3,10,U,u
3,11,K'u'x,k'u'x
3,12,"Cho,",cho
3,13,U,u
3,14,K'u'x,k'u'x
3,15,"Palo,",palo
3,16,Aj,aj
3,17,Raxa,raxa
3,18,"Laq,",laq
3,19,Aj,aj
3,20,Raxa,raxa
3,21,"Sel,",sel
3,22,"chuchaxik,",chuchaxik
3,23,Rach,rach
3,24,"b'i'xik,",b'i'xik
3,25,Rach,rach
3,26,tzijoxik,tzijoxik
3,27,ri':,ri'
3,28,"I'yom,",i'yom
3,29,"Mamom,",mamom
3,30,"Xpiyakok,",xpiyakok
3,31,"Xmuqane,",xmuqane
3,32,u,u
3,33,"b'i',",b'i'
3,34,"Matzanel,",matzanel
3,35,"Chuqenel,",chuqenel
3,36,Kamul,kamul
3,37,"I'yom,",i'yom
3,38,Kamul,kamul
3,39,"Mamom,",mamom
3,40,Chuchaxik,chuchaxik
3,41,Pa,pa
3,42,K'iche',k'iche'
3,43,tzij.,tzij
4,0,Ta,ta
4,1,xkitzijoj,xkitzijoj
4,2,"ronojel,",ronojel
4,3,Ruk',ruk'
4,4,xkib'an,xkib'an
4,5,"chik,",chik
4,6,Chi,chi
4,7,saqil,saqil
4,8,"k'olem,",k'olem
4,9,Saqil,saqil
4,10,tzij.,tzij
5,0,Wa'e,wa'e
5,1,xchiqatz'ib'aj,xchiqatz'ib'aj
5,2,Chupan,chupan
5,3,chik,chik
5,4,u,u
5,5,ch'ab'al,ch'ab'al
5,6,"Dios,",dios
5,7,Pa,pa
5,8,christianoil,christianoil
5,9,chik.,chik
6,0,"Xchiqelesaj,",xchiqelesaj
6,1,Rumal,rumal
6,2,maja,maja
6,3,b'i,b'i
6,4,chik,chik
6,5,Ilb'al,ilb'al
6,6,re,re
6,7,Popo,popo
6,8,"Wuj,",wuj
6,9,Ilb'al,ilb'al
6,10,saq,saq
6,11,Petenaq,petenaq
6,12,ch'aqa,ch'aqa
6,13,"palo,",palo
6,14,U,u
6,15,tzijoxik,tzijoxik
6,16,qa,qa
6,17,"mujib'al,",mujib'al
6,18,Ilb'al,ilb'al
6,19,saq,saq
6,20,"k'aslem,",k'aslem
6,21,chuchaxik.,chuchaxik
7,0,K'o,k'o
7,1,nab'e,nab'e
7,2,wujil,wujil
7,3,ojer,ojer
7,4,tz'ib'am,tz'ib'am
7,5,"puch,",puch
7,6,Xa,xa
7,7,ewal,ewal
7,8,u,u
7,9,wach,wach
7,10,Ilol,ilol
7,11,"re,",re
7,12,B'isol,b'isol
7,13,re.,re
8,0,Nim,nim
8,1,u,u
8,2,"pe'oxik,",pe'oxik
8,3,U,u
8,4,tzijoxik,tzijoxik
8,5,"puch,",puch
8,6,Ta,ta
8,7,chik'is,chik'is
8,8,"Tz'uk,",tz'uk
8,9,Ronojel,ronojel
8,10,"kaj,",kaj
8,11,Ulew.,ulew
9,0,U,u
9,1,kaj,kaj
9,2,"tz'ukuxik,",tz'ukuxik
9,3,U,u
9,4,kaj,kaj
9,5,"xukutaxik,",xukutaxik
9,6,"Retaxik,",retaxik
9,7,U,u
9,8,kaj,kaj
9,9,"che'xik,",che'xik
9,10,U,u
9,11,mej,mej
9,12,"k'a'amaxik,",k'a'amaxik
9,13,U,u
9,14,yuq,yuq
9,15,"k'a'amaxik,",k'a'amaxik
9,16,U,u
9,17,pa,pa
9,18,"kaj,",kaj
9,19,U,u
9,20,pa,pa
9,21,ulew.,ulew
10,0,Kaj,kaj
10,1,"tz'uk,",tz'uk
10,2,Kaj,kaj
10,3,"xukut,",xukut
10,4,"chuchaxik,",chuchaxik
10,5,Rumal,rumal
10,6,ri,ri
10,7,"Tz'aqol,",tz'aqol
10,8,"B'itol,",b'itol
10,9,U,u
10,10,"chuch,",chuch
10,11,U,u
10,12,"qajaw,",qajaw
10,13,"K'aslem,",k'aslem
10,14,"Winaqirem,",winaqirem
10,15,"Ab'anel,",ab'anel
10,16,"K'u'xlanel,",k'u'xlanel
10,17,Alay,alay
10,18,"rech,",rech
10,19,K'u'xlay,k'u'xlay
10,20,rech,rech
10,21,Saqil,saqil
10,22,"amaq'il,",amaq'il
10,23,Saqil,saqil
10,24,"al,",al
10,25,Saqil,saqil
10,26,"k'ajol,",k'ajol
10,27,Aj,aj
10,28,"b'is,",b'is
10,29,Aj,aj
10,30,na'oj,na'oj
10,31,Chirech,chirech
10,32,"ronojel,",ronojel
10,33,Atok'ol,atok'ol
10,34,wi:,wi
10,35,"Kaj,",kaj
10,36,"Ulew,",ulew
10,37,"Cho,",cho
10,38,Palo.,palo
11,0,ARE',are'
11,1,U,u
11,2,TZIJOXIK,tzijoxik
11,3,Wa'e.,wa'e
12,0,K'a,k'a
12,1,"katz'ininoq,",katz'ininoq
12,2,K'a,k'a
12,3,"kachamamoq,",kachamamoq
12,4,"Katz'inonik,",katz'inonik
12,5,K'a,k'a
12,6,"kasilanik,",kasilanik
12,7,K'a,k'a
12,8,"kalolinik,",kalolinik
12,9,Katolona',katolona'
12,10,puch,puch
12,11,u,u
12,12,pa,pa
12,13,kaj.,kaj
13,0,WA'E,wa'e
13,1,k'ut,k'ut
13,2,e,e
13,3,nab'e,nab'e
13,4,"tzij,",tzij
13,5,Nab'e,nab'e
13,6,ucha'n.,ucha'n
14,0,Maja,maja
14,1,b'i'oq,b'i'oq
14,2,jun,jun
14,3,"winaq,",winaq
14,4,Jun,jun
14,5,"chikop,",chikop
14,6,"Tz'ikin,",tz'ikin
14,7,"Kar,",kar
14,8,"Tap,",tap
14,9,"Che',",che'
14,10,Ab'aj,ab'aj
14,11,"Jul,",jul
14,12,"Siwan,",siwan
14,13,"K'im,",k'im
14,14,K'eche'laj.,k'eche'laj
15,0,Xa,xa
15,1,u,u
15,2,tukel,tukel
15,3,kaj,kaj
15,4,"k'olik,",k'olik
15,5,Mawi,mawi
15,6,q'alaj,q'alaj
15,7,u,u
15,8,wach,wach
15,9,"ulew,",ulew
15,10,Xa,xa
15,11,u,u
15,12,tukel,tukel
15,13,remanik,remanik
15,14,"palo,",palo
15,15,U,u
15,16,pa,pa
15,17,kaj,kaj
15,18,ronojel.,ronojel
16,0,Maja,maja
16,1,b'i,b'i
16,2,naqi,naqi
16,3,la',la'
16,4,"Kamolob'ik,",kamolob'ik
16,5,"Kakotz'ob'ik,",kakotz'ob'ik
16,6,Jun,jun
16,7,ta,ta
16,8,"kasilob'ik,",kasilob'ik
16,9,Kamal,kamal
16,10,"kab'antaj,",kab'antaj
16,11,Kakotz',kakotz'
16,12,kab'antaj,kab'antaj
16,13,pa,pa
16,14,kaj.,kaj
17,0,Xma,xma
17,1,k'o,k'o
17,2,wi,wi
17,3,naqi,naqi
17,4,la',la'
17,5,k'olik,k'olik
17,6,yakalik.,yakalik
18,0,Xa,xa
18,1,remanik,remanik
18,2,"ja',",ja'
18,3,Xa,xa
18,4,li'anik,li'anik
18,5,"palo,",palo
18,6,Xa,xa
18,7,u,u
18,8,tukel,tukel
18,9,remanik.,remanik
19,0,Xma,xma
19,1,k'o,k'o
19,2,wi,wi
19,3,naqi,naqi
19,4,la',la'
19,5,lo,lo
19,6,k'olik.,k'olik
20,0,Xa,xa
20,1,"kachamanik,",kachamanik
20,2,"Katz'ininik,",katz'ininik
20,3,Chi,chi
20,4,"q'equ'm,",q'equ'm
20,5,Chi,chi
20,6,aq'ab'.,aq'ab'
21,0,Xa,xa
21,1,u,u
21,2,tukel,tukel
21,3,ri,ri
21,4,"Tz'aqol,",tz'aqol
21,5,"B'itol,",b'itol
21,6,"Tepew,",tepew
21,7,"Q'ukumatz,",q'ukumatz
21,8,E,e
21,9,"Alom,",alom
21,10,E,e
21,11,"K'ajolom,",k'ajolom
21,12,K'o,k'o
21,13,pa,pa
21,14,ja'.,ja'
22,0,Saqtetoj,saqtetoj
22,1,e,e
22,2,k'o,k'o
22,3,wi.,wi
23,0,E,e
23,1,muqutal,muqutal
23,2,pa,pa
23,3,"q'uq',",q'uq'
23,4,Pa,pa
23,5,raxon.,raxon
24,0,Are',are'
24,1,u,u
24,2,b'i'nam,b'i'nam
24,3,wi,wi
24,4,Ri,ri
24,5,Q'ukumatz.,q'ukumatz
25,0,E,e
25,1,nima'q,nima'q
25,2,"eta'manel,",eta'manel
25,3,E,e
25,4,nima'q,nima'q
25,5,aj,aj
25,6,na'oj,na'oj
25,7,chi,chi
25,8,ki,ki
25,9,k'oje'ik.,k'oje'ik
26,0,Keje',keje'
26,1,k'ut,k'ut
26,2,xax,xax
26,3,k'o,k'o
26,4,wi,wi
26,5,ri,ri
26,6,"kaj,",kaj
26,7,K'o,k'o
26,8,nay,nay
26,9,puch,puch
26,10,u,u
26,11,K'u'x,k'u'x
26,12,Kaj.,kaj
27,0,Are',are'
27,1,u,u
27,2,b'i',b'i'
27,3,Ri,ri
27,4,k'ab'awil,k'ab'awil
27,5,chuchaxik.,chuchaxik
28,0,TA,ta
28,1,xpe,xpe
28,2,k'ut,k'ut
28,3,u,u
28,4,tzij,tzij
28,5,"waral,",waral
28,6,Xul,xul
28,7,kuk',kuk'
28,8,Ri,ri
28,9,"Tepew,",tepew
28,10,"Q'ukumatz,",q'ukumatz
28,11,Waral,waral
28,12,chi,chi
28,13,"q'equ'mal,",q'equ'mal
28,14,Chi,chi
28,15,aq'ab'al.,aq'ab'al
29,0,Xch'aw,xch'aw
29,1,ruk',ruk'
29,2,Ri,ri
29,3,"Tepew,",tepew
29,4,"Q'ukumatz,",q'ukumatz
29,5,Xecha',xecha'
29,6,"k'ut,",k'ut
29,7,Ta,ta
29,8,"xena'ojinik,",xena'ojinik
29,9,Ta,ta
29,10,"xeb'isonik,",xeb'isonik
29,11,Xeriqo,xeriqo
29,12,"kib',",kib'
29,13,Xkikuch,xkikuch
29,14,Ki,ki
29,15,"tzij,",tzij
29,16,Ki,ki
29,17,na'oj.,na'oj
30,0,Ta,ta
30,1,"xkalaj,",xkalaj
30,2,Ta,ta
30,3,xkik'u'xlaj,xkik'u'xlaj
30,4,kib'.,kib'
31,0,Xe',xe'
31,1,wi,wi
31,2,saq,saq
31,3,"ta,",ta
31,4,Xkalaj,xkalaj
31,5,puch,puch
31,6,winaq.,winaq
32,0,Ta,ta
32,1,xkina'ojij,xkina'ojij
32,2,u,u
32,3,"tz'ukik,",tz'ukik
32,4,U,u
32,5,winaqirik,winaqirik
32,6,"Che',",che'
32,7,"K'a'am,",k'a'am
32,8,U,u
32,9,tz'ukuxik,tz'ukuxik
32,10,puch,puch
32,11,"k'aslem,",k'aslem
32,12,"Winaqirem,",winaqirem
32,13,Chi,chi
32,14,"q'equ'mal,",q'equ'mal
32,15,Chi,chi
32,16,"aq'ab'al,",aq'ab'al
32,17,Rumal,rumal
32,18,"ri',",ri'
32,19,u,u
32,20,K'u'x,k'u'x
32,21,"Kaj,",kaj
32,22,Juraqan,juraqan
32,23,u,u
32,24,b'i'.,b'i'
33,0,Kaqulja,kaqulja
33,1,Juraqan,juraqan
33,2,"nab'e,",nab'e
33,3,U,u
33,4,kab',kab'
33,5,k'ut,k'ut
33,6,Ch'i'pi,ch'i'pi
33,7,"Kaqulja,",kaqulja
33,8,Rox,rox
33,9,chik,chik
33,10,Raxa,raxa
33,11,Kaqulja.,kaqulja
34,0,Chi,chi
34,1,e,e
34,2,k'u,k'u
34,3,oxib',oxib'
34,4,"ri',",ri'
34,5,U,u
34,6,K'u'x,k'u'x
34,7,Kaj.,kaj
35,0,Ta,ta
35,1,xe'ul,xe'ul
35,2,kuk',kuk'
35,3,Ri,ri
35,4,"Tepew,",tepew
35,5,"Q'ukumatz,",q'ukumatz
35,6,Ta,ta
35,7,xna'ojixik,xna'ojixik
35,8,"Saq,",saq
35,9,"K'aslem,",k'aslem
35,10,“Jupacha,jupacha
35,11,ta,ta
35,12,chawaxoq?,chawaxoq
36,0,Ta,ta
36,1,saqiro,saqiro
36,2,puch,puch
36,3,apachinaq?,apachinaq
37,0,Tzuqul?,tzuqul
38,0,Q'o'l?,q'o'l
39,0,Ta,ta
39,1,chuxoq.,chuxoq
40,0,"Kixno'jintaj,",kixno'jintaj
40,1,Are',are'
40,2,ri,ri
40,3,ja',ja'
40,4,"cheltaj,",cheltaj
40,5,"Chijamataj,",chijamataj
40,6,"Chiwinaqir,",chiwinaqir
40,7,Wa',wa'
40,8,"ulew,",ulew
40,9,U,u
40,10,"laqel,",laqel
40,11,Ta,ta
40,12,k'u',k'u'
40,13,"rib',",rib'
40,14,Ch'ata,ch'ata
40,15,k'ut.,k'ut
41,0,Ta,ta
41,1,"chawaxoq,",chawaxoq
41,2,Ta,ta
41,3,"saqiroq,",saqiroq
41,4,"Kaj,",kaj
41,5,Ulew.,ulew
42,0,Ma,ma
42,1,ta,ta
42,2,k'ut,k'ut
42,3,u,u
42,4,"q'ijilab'al,",q'ijilab'al
42,5,U,u
42,6,q'ala'ib'al,q'ala'ib'al
42,7,ri',ri'
42,8,Qa,qa
42,9,"tz'aq,",tz'aq
42,10,Qa,qa
42,11,"b'it,",b'it
42,12,Ta,ta
42,13,winaqiroq,winaqiroq
42,14,winaq,winaq
42,15,"tz'aq,",tz'aq
42,16,Winaq,winaq
42,17,"b'it,”",b'it
42,18,xecha',xecha'
42,19,k'ut.,k'ut
43,0,Ta,ta
43,1,xwinaqir,xwinaqir
43,2,k'u,k'u
43,3,Ri,ri
43,4,ulew,ulew
43,5,Kumal.,kumal
44,0,Xa,xa
44,1,ki,ki
44,2,tzij,tzij
44,3,Xk'oje',xk'oje'
44,4,wi,wi
44,5,U,u
44,6,winaqirik.,winaqirik
45,0,Chiwinaqir,chiwinaqir
45,1,"Ulew,",ulew
45,2,"“Uleuj,”",uleuj
45,3,xecha'.,xecha'
46,0,Lib'aj,lib'aj
46,1,chi,chi
46,2,xwinaqirik.,xwinaqirik
47,0,Keje',keje'
47,1,ri,ri
47,2,xa,xa
47,3,"sutz',",sutz'
47,4,Xa,xa
47,5,may,may
47,6,"wi,",wi
47,7,U,u
47,8,winaqirik,winaqirik
47,9,"chik,",chik
47,10,U,u
47,11,pupuje'ik.,pupuje'ik
48,0,Ta,ta
48,1,xta',xta'
48,2,pe,pe
48,3,pa,pa
48,4,ja',ja'
48,5,Ri,ri
48,6,juyub'.,juyub'
49,0,Ju,ju
49,1,suk',suk'
49,2,nima'q,nima'q
49,3,juyub',juyub'
49,4,Xuxik.,xuxik
50,0,Xa,xa
50,1,ki,ki
50,2,"nawal,",nawal
50,3,Xa,xa
50,4,ki,ki
50,5,"pus,",pus
50,6,Xb'antaj,xb'antaj
50,7,wi,wi
50,8,u,u
50,9,na'ojixik,na'ojixik
50,10,"Juyub',",juyub'
50,11,Taq'aj.,taq'aj
51,0,Ju,ju
51,1,suk',suk'
51,2,rach,rach
51,3,winaqirik,winaqirik
51,4,U,u
51,5,"k'isisil,",k'isisil
51,6,U,u
51,7,pachajil,pachajil
51,8,u,u
51,9,wach.,wach
52,0,Keje',keje'
52,1,k'ut,k'ut
52,2,xki'kot,xki'kot
52,3,wi,wi
52,4,ri,ri
52,5,Q'ukumatz:,q'ukumatz
52,6,“Utz,utz
52,7,mi,mi
52,8,"xatulik,",xatulik
52,9,At,at
52,10,u,u
52,11,K'u'x,k'u'x
52,12,Kaj:,kaj
52,13,At,at
52,14,"Juraqan,",juraqan
52,15,At,at
52,16,pu,pu
52,17,Ch'i'pi,ch'i'pi
52,18,"Kaqulja,",kaqulja
52,19,Raxa,raxa
52,20,Kaqulja.,kaqulja
53,0,Xchutzinik,xchutzinik
53,1,qa,qa
53,2,"tz'aq,",tz'aq
53,3,Qa,qa
53,4,"b'it,”",b'it
53,5,xecha',xecha'
53,6,k'ut.,k'ut
54,0,Nab'e,nab'e
54,1,k'ut,k'ut
54,2,xwinaqir,xwinaqir
54,3,"Ulew,",ulew
54,4,"Juyub',",juyub'
54,5,"taq'aj,",taq'aj
54,6,Xch'ob'och'ox,xch'ob'och'ox
54,7,u,u
54,8,b'e,b'e
54,9,"ja',",ja'
54,10,Xb'inije'ik,xb'inije'ik
54,11,k'oleje',k'oleje'
54,12,raqan,raqan
54,13,Xo'l,xo'l
54,14,taq,taq
54,15,juyub'.,juyub'
55,0,Xa,xa
55,1,ch'ob'ol,ch'ob'ol
55,2,chik,chik
55,3,xek'oje',xek'oje'
55,4,wi,wi
55,5,"ja',",ja'
55,6,Ta,ta
55,7,xk'utunije'ik,xk'utunije'ik
55,8,nima'q,nima'q
55,9,juyub'.,juyub'
56,0,Keje',keje'
56,1,k'ut,k'ut
56,2,u,u
56,3,winaqirik,winaqirik
56,4,ulew,ulew
56,5,"ri',",ri'
56,6,Ta,ta
56,7,xwinaqirik,xwinaqirik
56,8,kumal,kumal
56,9,Ri,ri
56,10,u,u
56,11,K'u'x,k'u'x
56,12,"Kaj,",kaj
56,13,U,u
56,14,K'u'x,k'u'x
56,15,"Ulew,",ulew
56,16,ke'uchaxik.,ke'uchaxik
57,0,Ri',ri'
57,1,"k'ut,",k'ut
57,2,E,e
57,3,nab'e,nab'e
57,4,Xkino'jij.,xkino'jij
58,0,Xk'olo,xk'olo
58,1,wi,wi
58,2,ri,ri
58,3,"kaj,",kaj
58,4,Xk'olo,xk'olo
58,5,nay,nay
58,6,puch,puch
58,7,ulew,ulew
58,8,chupan,chupan
58,9,"ja',",ja'
58,10,Keje',keje'
58,11,k'ut,k'ut
58,12,u,u
58,13,no'jixik,no'jixik
58,14,"ri',",ri'
58,15,Ta,ta
58,16,"xkino'jij,",xkino'jij
58,17,Ta,ta
58,18,xkib'isoj,xkib'isoj
58,19,"Rutzinik,",rutzinik
58,20,U,u
58,21,b'anatajik,b'anatajik
58,22,kumal.,kumal
59,0,TA,ta
59,1,xkino'jij,xkino'jij
59,2,chik,chik
59,3,U,u
59,4,chikopil,chikopil
59,5,"juyub',",juyub'
59,6,Chajal,chajal
59,7,re,re
59,8,"k'eche'laj,",k'eche'laj
59,9,Ronojel,ronojel
59,10,u,u
59,11,winaqil,winaqil
59,12,juyub':,juyub'
59,13,Ri,ri
59,14,"kiej,",kiej
59,15,"Tz'ikin,",tz'ikin
59,16,"Koj,",koj
59,17,"B'alam,",b'alam
59,18,"Kumatz,",kumatz
59,19,"Sochoj,",sochoj
59,20,K'an,k'an
59,21,"Ti',",ti'
59,22,Chajal,chajal
59,23,k'a'am.,k'a'am
60,0,Kacha',kacha'
60,1,ri,ri
60,2,"Alom,",alom
60,3,K'ajolom:,k'ajolom
60,4,“Xa,xa
60,5,pa,pa
60,6,chilolinik?,chilolinik
61,0,Ma,ma
61,1,xa'on,xa'on
61,2,chitz'ininik,chitz'ininik
61,3,U,u
61,4,xe',xe'
61,5,"che',",che'
61,6,K'a'am?,k'a'am
62,0,K'ate,k'ate
62,1,utz,utz
62,2,chik'oje',chik'oje'
62,3,Chajal,chajal
62,4,"re,”",re
62,5,xecha',xecha'
62,6,k'ut.,k'ut
63,0,Ta,ta
63,1,"xkino'jij,",xkino'jij
63,2,Xkitzijoj,xkitzijoj
63,3,"puch,",puch
63,4,Ju,ju
63,5,suk'u,suk'u
63,6,xwinaqir,xwinaqir
63,7,"Kiej,",kiej
63,8,Tz'ikin.,tz'ikin
64,0,Ta,ta
64,1,xkisipaj,xkisipaj
64,2,k'ut,k'ut
64,3,rochoch,rochoch
64,4,"Kiej,",kiej
64,5,Tz'ikin.,tz'ikin
65,0,“At,at
65,1,"kiej,",kiej
65,2,Pa,pa
65,3,b'e,b'e
65,4,"ya',",ya'
65,5,Pa,pa
65,6,siwan,siwan
65,7,Katwar,katwar
65,8,wi.,wi
66,0,Waral,waral
66,1,katk'oje',katk'oje'
66,2,wi,wi
66,3,Pa,pa
66,4,"k'im,",k'im
66,5,Pa,pa
66,6,"saq'ul,",saq'ul
66,7,Pa,pa
66,8,k'eche'laj,k'eche'laj
66,9,Kipoq'o',kipoq'o'
66,10,wi,wi
66,11,iwib'.,iwib'
67,0,Kajkaj,kajkaj
67,1,i,i
67,2,"b'inib'al,",b'inib'al
67,3,I,i
67,4,chakab'al,chakab'al
67,5,"chuxik,”",chuxik
67,6,xe'uchaxik.,xe'uchaxik
68,0,Ta,ta
68,1,xkich'ik,xkich'ik
68,2,k'ut,k'ut
68,3,Kochoch,kochoch
68,4,Ch'uti,ch'uti
68,5,"tz'ikin,",tz'ikin
68,6,Nima,nima
68,7,tz'ikin.,tz'ikin
69,0,"“Ix,",ix
69,1,ix,ix
69,2,"tz'ikin,",tz'ikin
69,3,chuwi',chuwi'
69,4,"che',",che'
69,5,Chuwi',chuwi'
69,6,k'a'am,k'a'am
69,7,Kixochochin,kixochochin
69,8,"wi,",wi
69,9,Kixjain,kixjain
69,10,wi.,wi
70,0,Chiri',chiri'
70,1,kixpoq',kixpoq'
70,2,"wi,",wi
70,3,Kixk'iritaj,kixk'iritaj
70,4,wi,wi
70,5,Chuq'ab',chuq'ab'
70,6,"che',",che'
70,7,Chuq'ab',chuq'ab'
70,8,"k'a'am,”",k'a'am
70,9,Xe'uchaxik,xe'uchaxik
70,10,"kiej,",kiej
70,11,Tz'ikin.,tz'ikin
71,0,Ta,ta
71,1,xkib'ano,xkib'ano
71,2,Ki,ki
71,3,"b'anoj,",b'anoj
71,4,Ronojel,ronojel
71,5,xuk'amo,xuk'amo
71,6,u,u
71,7,"warab'al,",warab'al
71,8,U,u
71,9,yakalib'al.,yakalib'al
72,0,Keje',keje'
72,1,k'ut,k'ut
72,2,kochoch,kochoch
72,3,wi,wi
72,4,Chikop,chikop
72,5,ri,ri
72,6,ulew.,ulew
73,0,"Xuya'o,",xuya'o
73,1,"Alom,",alom
73,2,K'ajolom.,k'ajolom
74,0,Xutzininaqa,xutzininaqa
74,1,chik,chik
74,2,ronojel,ronojel
74,3,Ri,ri
74,4,"kiej,",kiej
74,5,Tz'ikin.,tz'ikin
75,0,TA,ta
75,1,xe'uchax,xe'uchax
75,2,chi,chi
75,3,k'ut,k'ut
75,4,ri,ri
75,5,"kiej,",kiej
75,6,Tz'ikin,tz'ikin
75,7,Rumal,rumal
75,8,"Tz'aqol,",tz'aqol
75,9,"B'itol,",b'itol
75,10,"Alom,",alom
75,11,"K'ajolom,",k'ajolom
75,12,“Kixch'awoq!,kixch'awoq
76,0,Kixsik'inoq!,kixsik'inoq
77,0,"Mixyonolikinik,",mixyonolikinik
77,1,Mixsik'inik.,mixsik'inik
78,0,Kixch'awajetaj,kixch'awajetaj
78,1,Chi,chi
78,2,"jujunal,",jujunal
78,3,Chi,chi
78,4,ju,ju
78,5,taq,taq
78,6,"ch'ob'il,",ch'ob'il
78,7,Chi,chi
78,8,ju,ju
78,9,taq,taq
78,10,"molajil,”",molajil
78,11,Xe'uchaxik,xe'uchaxik
78,12,ri,ri
78,13,"kiej,",kiej
78,14,"Tz'ikin,",tz'ikin
78,15,"Koj,",koj
78,16,"B'alam,",b'alam
78,17,"Kumatz,",kumatz
78,18,“Chib'ij,chib'ij
78,19,na,na
78,20,k'ut,k'ut
78,21,ri,ri
78,22,qa,qa
78,23,b'i'.,b'i'
79,0,"Kojiq'ijarisaj,",kojiq'ijarisaj
79,1,Oj,oj
79,2,i,i
79,3,"chuch,",chuch
79,4,Oj,oj
79,5,i,i
79,6,qajaw.,qajaw
80,0,Kixcha',kixcha'
80,1,wa',wa'
80,2,na,na
80,3,k'ut:,k'ut
80,4,"‘Juraqan,",juraqan
80,5,Ch'i'pi,ch'i'pi
80,6,"Kaqulja,",kaqulja
80,7,Raxa,raxa
80,8,"Kaqulja,",kaqulja
80,9,U,u
80,10,K'u'x,k'u'x
80,11,"Kaj,",kaj
80,12,U,u
80,13,K'u'x,k'u'x
80,14,"Ulew,",ulew
80,15,"Tz'aqol,",tz'aqol
80,16,"B'itol,",b'itol
80,17,"Alom,",alom
80,18,K'ajolom.’,k'ajolom
80,19,Kixch'awoq!,kixch'awoq
81,0,Kojisik'ij!,kojisik'ij
82,0,Kojiq'ijila'!”,kojiq'ijila'
82,1,xe'uchaxik.,xe'uchaxik
83,0,Ma,ma
83,1,k'u,k'u
83,2,"xutzinik,",xutzinik
83,3,Xech'awik,xech'awik
83,4,keje',keje'
83,5,ta,ta
83,6,ri',ri'
83,7,winaq.,winaq
84,0,Xa,xa
84,1,"kewech'elajik,",kewech'elajik
84,2,Xa,xa
84,3,"kek'aralajik,",kek'aralajik
84,4,Xa,xa
84,5,kewojonik.,kewojonik
85,0,Mawi,mawi
85,1,xwachinik,xwachinik
85,2,u,u
85,3,wach,wach
85,4,ki,ki
85,5,ch'ab'al.,ch'ab'al
86,0,Ri,ri
86,1,"Tz'aqol,",tz'aqol
86,2,B'itol:,b'itol
86,3,“Mawi,mawi
86,4,mi,mi
86,5,xutzinik,xutzinik
86,6,Mi,mi
86,7,"xech'awik,”",xech'awik
86,8,Xecha',xecha'
86,9,chik,chik
86,10,chi,chi
86,11,kib'il,kib'il
86,12,kib':,kib'
86,13,“Mawi,mawi
86,14,mi,mi
86,15,xutzin,xutzin
86,16,U,u
86,17,b'ixik,b'ixik
86,18,qa,qa
86,19,b'i',b'i'
86,20,rumal.,rumal
87,0,Oj,oj
87,1,Kaj,kaj
87,2,"Tz'aq,",tz'aq
87,3,Oj,oj
87,4,pu,pu
87,5,Kaj,kaj
87,6,"B'it,",b'it
87,7,Mawi,mawi
87,8,"utz,”",utz
87,9,xcha',xcha'
87,10,chik,chik
87,11,chi,chi
87,12,kib'il,kib'il
87,13,"kib',",kib'
87,14,Ri,ri
87,15,"Alom,",alom
87,16,K'ajolom.,k'ajolom
88,0,Xe'uchax,xe'uchax
88,1,k'ut:,k'ut
88,2,“Xa,xa
88,3,kixjalatajik,kixjalatajik
88,4,Rumal,rumal
88,5,mawi,mawi
88,6,mi,mi
88,7,"xutzinik,",xutzinik
88,8,Mawi,mawi
88,9,mi,mi
88,10,xixch'awik.,xixch'awik
89,0,Mi,mi
89,1,k'u,k'u
89,2,xqajal,xqajal
89,3,qa,qa
89,4,tzij.,tzij
90,0,"Iwecha',",iwecha'
90,1,I,i
90,2,"k'uxun,",k'uxun
90,3,I,i
90,4,"warab'al,",warab'al
90,5,I,i
90,6,yakalib'al.,yakalib'al
91,0,Xiwech,xiwech
91,1,wi,wi
91,2,Mi,mi
91,3,xe'uxik,xe'uxik
91,4,"Siwan,",siwan
91,5,K'eche'laj.,k'eche'laj
92,0,Rumal,rumal
92,1,mawi,mawi
92,2,xutzin,xutzin
92,3,qa,qa
92,4,"q'ijiloxik,",q'ijiloxik
92,5,Mawi,mawi
92,6,ix,ix
92,7,sik'iy,sik'iy
92,8,qe.,qe
93,0,K'a,k'a
93,1,"k'o,",k'o
93,2,K'o,k'o
93,3,wi,wi
93,4,"lo,",lo
93,5,"Q'ijilonel,",q'ijilonel
93,6,Nimanel,nimanel
93,7,chiqab'an,chiqab'an
93,8,"chik,",chik
93,9,Xa,xa
93,10,chik'am,chik'am
93,11,i,i
93,12,patan.,patan
94,0,Xa,xa
94,1,i,i
94,2,tio'jil,tio'jil
94,3,chikach'ik.,chikach'ik
95,0,Ta,ta
95,1,chuxoq.,chuxoq
96,0,Are',are'
96,1,k'ut,k'ut
96,2,"chipatanij,”",chipatanij
96,3,Xe'uchaxik.,xe'uchaxik
97,0,Ta,ta
97,1,"xepixab'axik,",xepixab'axik
97,2,Ch'uti,ch'uti
97,3,"chikop,",chikop
97,4,Nima,nima
97,5,chikop,chikop
97,6,k'o,k'o
97,7,chuwach,chuwach
97,8,ulew.,ulew
98,0,Ta,ta
98,1,xraj,xraj
98,2,k'u,k'u
98,3,kitij,kitij
98,4,chik,chik
98,5,ki,ki
98,6,"q'ij,",q'ij
98,7,Xraj,xraj
98,8,kitijitob'ej,kitijitob'ej
98,9,"chik,",chik
98,10,Xraj,xraj
98,11,pu,pu
98,12,kinuk',kinuk'
98,13,chik,chik
98,14,q'ijilab'al.,q'ijilab'al
99,0,Xma,xma
99,1,xkita,xkita
99,2,wi,wi
99,3,ki,ki
99,4,ch'ab'al,ch'ab'al
99,5,chi,chi
99,6,kib'il,kib'il
99,7,"kib',",kib'
99,8,Xma,xma
99,9,xnawachir,xnawachir
99,10,wi,wi
99,11,"k'ut,",k'ut
99,12,Xma,xma
99,13,xb'anataj,xb'anataj
99,14,wi,wi
99,15,puch.,puch
100,0,Keje',keje'
100,1,k'ut,k'ut
100,2,xech'akataj,xech'akataj
100,3,wi,wi
100,4,ki,ki
100,5,"tio'jil,",tio'jil
100,6,"Xkipatanij,",xkipatanij
100,7,"Xeti'ik,",xeti'ik
100,8,"Xekamisaxik,",xekamisaxik
100,9,Ri,ri
100,10,chikop,chikop
100,11,k'o,k'o
100,12,waral,waral
100,13,Chuwach,chuwach
100,14,ulew.,ulew
101,0,KEJE',keje'
101,1,k'ut,k'ut
101,2,u,u
101,3,tijtob'exik,tijtob'exik
101,4,chik,chik
101,5,winaq,winaq
101,6,"tz'aq,",tz'aq
101,7,Winaq,winaq
101,8,"b'it,",b'it
101,9,Kumal,kumal
101,10,"Tz'aqol,",tz'aqol
101,11,"B'itol,",b'itol
101,12,"Alom,",alom
101,13,K'ajolom.,k'ajolom
102,0,“Xa,xa
102,1,qa,qa
102,2,tija',tija'
102,3,chik.,chik
103,0,Mi,mi
103,1,xyopij,xyopij
103,2,"Rawaxik,",rawaxik
103,3,U,u
103,4,saqirik.,saqirik
104,0,Qa,qa
104,1,b'ana',b'ana'
104,2,tzuqul,tzuqul
104,3,"qe,",qe
104,4,Q'o'l,q'o'l
104,5,qe.,qe
105,0,Jupacha,jupacha
105,1,ta,ta
105,2,"kojsik'ixoq,",kojsik'ixoq
105,3,Ta,ta
105,4,kojna'b'ax,kojna'b'ax
105,5,puch,puch
105,6,chuwach,chuwach
105,7,ulew?,ulew
106,0,Mi,mi
106,1,xqatijo,xqatijo
106,2,chirech,chirech
106,3,ri,ri
106,4,nab'e,nab'e
106,5,qa,qa
106,6,"tz'aq,",tz'aq
106,7,Qa,qa
106,8,b'it.,b'it
107,0,Mawi,mawi
107,1,mi,mi
107,2,xutzinik,xutzinik
107,3,qa,qa
107,4,"q'ijiloxik,",q'ijiloxik
107,5,Qa,qa
107,6,q'ala'ixik,q'ala'ixik
107,7,puch,puch
107,8,kumal.,kumal
108,0,Keje',keje'
108,1,k'ut,k'ut
108,2,qa,qa
108,3,tija',tija'
108,4,wi,wi
108,5,U,u
108,6,b'anik,b'anik
108,7,Aj,aj
108,8,"nim,",nim
108,9,Aj,aj
108,10,"xob',",xob'
108,11,"Tzuqul,",tzuqul
108,12,"Q'o'l,”",q'o'l
108,13,xecha'.,xecha'
109,0,Ta,ta
109,1,u,u
109,2,tz'aqik,tz'aqik
109,3,"k'ut,",k'ut
109,4,U,u
109,5,b'anik,b'anik
109,6,puch.,puch
110,0,"Ulew,",ulew
110,1,Xoq'o'l,xoq'o'l
110,2,U,u
110,3,tio'jil,tio'jil
110,4,xkib'ano.,xkib'ano
111,0,Ma,ma
111,1,k'u,k'u
111,2,utz,utz
111,3,xkilo.,xkilo
112,0,Xa,xa
112,1,"chiyojomanik,",chiyojomanik
112,2,Xa,xa
112,3,"tzub'ulik,",tzub'ulik
112,4,Xa,xa
112,5,"neb'elik,",neb'elik
112,6,Xa,xa
112,7,"lub'anik,",lub'anik
112,8,Xa,xa
112,9,"wulanik,",wulanik
112,10,Xa,xa
112,11,pu,pu
112,12,chi'umarik.,chi'umarik
113,0,Mawi,mawi
113,1,chi,chi
113,2,k'olol,k'olol
113,3,u,u
113,4,jolom.,jolom
114,0,Xa,xa
114,1,jun,jun
114,2,b'enaq,b'enaq
114,3,wi,wi
114,4,u,u
114,5,"wach,",wach
114,6,Xa,xa
114,7,k'u'l,k'u'l
114,8,u,u
114,9,"wach,",wach
114,10,Mawi,mawi
114,11,chimuqun,chimuqun
114,12,chirij.,chirij
115,0,Chich'aw,chich'aw
115,1,"nab'ek,",nab'ek
115,2,Maja,maja
115,3,b'i,b'i
115,4,u,u
115,5,na'oj.,na'oj
116,0,Xa,xa
116,1,ju,ju
116,2,suk',suk'
116,3,chi'umar,chi'umar
116,4,pa,pa
116,5,ja'.,ja'
117,0,Mawi,mawi
117,1,ko.,ko
118,0,Xecha',xecha'
118,1,chi,chi
118,2,k'u,k'u
118,3,ri,ri
118,4,Aj,aj
118,5,"Tz'aq,",tz'aq
118,6,Aj,aj
118,7,B'it:,b'it
118,8,“Qa,qa
118,9,"wachlab'eq,",wachlab'eq
118,10,Ta,ta
118,11,chuxoq,chuxoq
118,12,xa,xa
118,13,lab'e.,lab'e
119,0,Mawi,mawi
119,1,"chib'inik,",chib'inik
119,2,Ma,ma
119,3,pu,pu
119,4,chipoq'otajik.,chipoq'otajik
120,0,Ta,ta
120,1,chuxoq.,chuxoq
121,0,Xa,xa
121,1,u,u
121,2,na'oj,na'oj
121,3,chi,chi
121,4,"ri',”",ri'
121,5,xecha'.,xecha'
122,0,Ta,ta
122,1,xkiyoj,xkiyoj
122,2,"k'ut,",k'ut
122,3,Xkiyoq',xkiyoq'
122,4,chik,chik
122,5,Ri,ri
122,6,ki,ki
122,7,"tz'aq,",tz'aq
122,8,Ki,ki
122,9,b'it.,b'it
123,0,Xecha',xecha'
123,1,chi,chi
123,2,k'ut:,k'ut
123,3,“Jupacha,jupacha
123,4,qi,qi
123,5,chiqab'ano.,chiqab'ano
124,0,Chutzin,chutzin
124,1,ta,ta
124,2,"wi,",wi
124,3,Chinawachir,chinawachir
124,4,ta,ta
124,5,"wi,",wi
124,6,Q'ijiloy,q'ijiloy
124,7,"qech,",qech
124,8,Sik'iy,sik'iy
124,9,qech?”,qech
124,10,xecha'.,xecha'
125,0,Ta,ta
125,1,xkina'ojij,xkina'ojij
125,2,chik:,chik
125,3,“Xa,xa
125,4,qab'ij,qab'ij
125,5,chike,chike
125,6,"Xpiyakok,",xpiyakok
125,7,"Xmuqane,",xmuqane
125,8,Junajpu,junajpu
125,9,"Wuch',",wuch'
125,10,Junajpu,junajpu
125,11,Utiw:,utiw
125,12,‘Kitija',kitija'
125,13,chik,chik
125,14,u,u
125,15,"q'ijixik,",q'ijixik
125,16,U,u
125,17,"b'itaxik,’”",b'itaxik
125,18,Xe'ucha'n,xe'ucha'n
125,19,ki,ki
125,20,"kib',",kib'
125,21,Aj,aj
125,22,"Tz'aq,",tz'aq
125,23,Aj,aj
125,24,B'it.,b'it
126,0,Ta,ta
126,1,xkib'ij,xkib'ij
126,2,k'ut,k'ut
126,3,chire,chire
126,4,"Xpiyakok,",xpiyakok
126,5,Xmuqane.,xmuqane
127,0,K'ate,k'ate
127,1,k'ut,k'ut
127,2,u,u
127,3,b'ixik,b'ixik
127,4,ri',ri'
127,5,"chikech,",chikech
127,6,Ri,ri
127,7,e,e
127,8,nik'wachinel:,nik'wachinel
127,9,“Rati't,rati't
127,10,"Q'ij,",q'ij
127,11,Rati't,rati't
127,12,"Saq,”",saq
127,13,Ke'uchaxik,ke'uchaxik
127,14,kumal,kumal
127,15,ri,ri
127,16,"Tz'aqol,",tz'aqol
127,17,B'itol.,b'itol
128,0,Are',are'
128,1,ki,ki
128,2,b'i',b'i'
128,3,ri,ri
128,4,"Xpiyakok,",xpiyakok
128,5,Xmuqane.,xmuqane
129,0,XECHA',xecha'
129,1,k'u,k'u
129,2,Ri,ri
129,3,"Juraqan,",juraqan
129,4,Ruk',ruk'
129,5,"Tepew,",tepew
129,6,Q'ukumatz.,q'ukumatz
130,0,Ta,ta
130,1,xkib'ij,xkib'ij
130,2,chirech,chirech
130,3,Aj,aj
130,4,"Q'ij,",q'ij
130,5,Aj,aj
130,6,"B'it,",b'it
130,7,e,e
130,8,nik'wachinel:,nik'wachinel
130,9,“Xa,xa
130,10,"k'ulu',",k'ulu'
130,11,Xa,xa
130,12,pu,pu
130,13,"churiqo,",churiqo
130,14,Che,che
130,15,ta,ta
130,16,chik,chik
130,17,Chiqawinaq,chiqawinaq
130,18,"b'itoj,",b'itoj
130,19,Chiqawinaq,chiqawinaq
130,20,"tz'aqoj,",tz'aqoj
130,21,Ta,ta
130,22,"chik,",chik
130,23,"Tzuqul,",tzuqul
130,24,Q'o'l.,q'o'l
131,0,Kojsik'ix,kojsik'ix
131,1,"taj,",taj
131,2,Kojna'b'ax,kojna'b'ax
131,3,taj,taj
131,4,puch.,puch
132,0,Katoq',katoq'
132,1,ta,ta
132,2,k'ut,k'ut
132,3,Pa,pa
132,4,"tzij,",tzij
132,5,"I'yom,",i'yom
132,6,"Mamom,",mamom
132,7,"Qati't,",qati't
132,8,Qa,qa
132,9,"mam,",mam
132,10,"Xpiyakok,",xpiyakok
132,11,Xmuqane.,xmuqane
133,0,Cha',cha'
133,1,"taj,",taj
133,2,Ta,ta
133,3,chawaxoq.,chawaxoq
134,0,Ta,ta
134,1,"saqiroq,",saqiroq
134,2,Qa,qa
134,3,"sik'ixik,",sik'ixik
134,4,Qa,qa
134,5,"toq'exik,",toq'exik
134,6,Qa,qa
134,7,na'b'axik,na'b'axik
134,8,Rumal,rumal
134,9,winaq,winaq
134,10,"tz'aq,",tz'aq
134,11,Winaq,winaq
134,12,"b'it,",b'it
134,13,Winaq,winaq
134,14,"poy,",poy
134,15,Winaq,winaq
134,16,anom.,anom
135,0,Chata!,chata
136,0,Chuxoq!,chuxoq
137,0,Chik'utun,chik'utun
137,1,i,i
137,2,b'i':,b'i'
137,3,Junajpu,junajpu
137,4,"Wuch',",wuch'
137,5,Junajpu,junajpu
137,6,"Utiw,",utiw
137,7,Kamul,kamul
137,8,"Alom,",alom
137,9,Kamul,kamul
137,10,"K'ajolom,",k'ajolom
137,11,Nim,nim
137,12,"Aq,",aq
137,13,Nima,nima
137,14,"Sis,",sis
137,15,Aj,aj
137,16,"K'uwal,",k'uwal
137,17,Aj,aj
137,18,"Yamanik,",yamanik
137,19,Aj,aj
137,20,"Ch'ut,",ch'ut
137,21,Aj,aj
137,22,"Tz'alam,",tz'alam
137,23,Aj,aj
137,24,Raxa,raxa
137,25,"Laq,",laq
137,26,Aj,aj
137,27,Raxa,raxa
137,28,"Sel,",sel
137,29,Aj,aj
137,30,"Q'ol,",q'ol
137,31,Aj,aj
137,32,"Toltecat,",toltecat
137,33,Rati't,rati't
137,34,"Q'ij,",q'ij
137,35,Rati't,rati't
137,36,Saq.,saq
138,0,Kixuchaxik,kixuchaxik
138,1,rumal,rumal
138,2,qa,qa
138,3,"tz'aq,",tz'aq
138,4,Qa,qa
138,5,b'it.,b'it
139,0,Chimala',chimala'
139,1,chi,chi
139,2,"ixim,",ixim
139,3,Chi,chi
139,4,"tz'ite,",tz'ite
139,5,Xa,xa
139,6,"chib'anatajik,",chib'anatajik
139,7,Xa,xa
139,8,pu,pu
139,9,chel,chel
139,10,"apanoq,",apanoq
139,11,"Chiq'ajaj,",chiq'ajaj
139,12,Chiqak'otaj,chiqak'otaj
139,13,puch,puch
139,14,U,u
139,15,"chi',",chi'
139,16,U,u
139,17,wach,wach
139,18,"che',”",che'
139,19,"Xe'uchaxik,",xe'uchaxik
139,20,E,e
139,21,Aj,aj
139,22,Q'ij.,q'ij
140,0,K'ate,k'ate
140,1,puch,puch
140,2,u,u
140,3,"qajik,",qajik
140,4,U,u
140,5,"q'ijilo'xik,",q'ijilo'xik
140,6,Ri,ri
140,7,xmalik,xmalik
140,8,chi,chi
140,9,"ixim,",ixim
140,10,Chi,chi
140,11,"tz'ite,",tz'ite
140,12,"Q'ij,",q'ij
140,13,B'it.,b'it
141,0,Xecha',xecha'
141,1,k'u,k'u
141,2,ri,ri
141,3,Jun,jun
141,4,"Ati't,",ati't
141,5,Jun,jun
141,6,Mama',mama'
141,7,chikech.,chikech
142,0,Are',are'
142,1,ri,ri
142,2,"mama',",mama'
142,3,Are',are'
142,4,aj,aj
142,5,"tz'ite,",tz'ite
142,6,Xpiyakok,xpiyakok
142,7,u,u
142,8,b'i'.,b'i'
143,0,Are',are'
143,1,k'u,k'u
143,2,ri,ri
143,3,"ati't,",ati't
143,4,Aj,aj
143,5,"Q'ij,",q'ij
143,6,Aj,aj
143,7,B'it,b'it
143,8,chi,chi
143,9,"raqan,",raqan
143,10,Xmuqane,xmuqane
143,11,u,u
143,12,b'i'.,b'i'
144,0,Xecha',xecha'
144,1,"k'ut,",k'ut
144,2,Ta,ta
144,3,xkitikib'a',xkitikib'a'
144,4,q'ij:,q'ij
144,5,“Xa,xa
144,6,"chuk'ulu,",chuk'ulu
144,7,Xa,xa
144,8,pu,pu
144,9,churiqo.,churiqo
145,0,Chab'ij!,chab'ij
146,0,Kata,kata
146,1,qa,qa
146,2,xikin.,xikin
147,0,"Kach'awik,",kach'awik
147,1,Katzijon,katzijon
147,2,taj.,taj
148,0,Xa,xa
148,1,chuk'ulu,chuk'ulu
148,2,ri,ri
148,3,che',che'
148,4,"chajawaxik,",chajawaxik
148,5,Chik'otox,chik'otox
148,6,puch,puch
148,7,Kumal,kumal
148,8,Aj,aj
148,9,"Tz'aq,",tz'aq
148,10,Aj,aj
148,11,B'it.,b'it
149,0,We,we
149,1,are',are'
149,2,"tzuqul,",tzuqul
149,3,"Q'o'l,",q'o'l
149,4,Ta,ta
149,5,"chawaxoq,",chawaxoq
149,6,Ta,ta
149,7,saqiroq.,saqiroq
150,0,At,at
150,1,"ixim,",ixim
150,2,At,at
150,3,"tz'ite,",tz'ite
150,4,At,at
150,5,"q'ij,",q'ij
150,6,At,at
150,7,b'it.,b'it
151,0,"Katchokonik,",katchokonik
151,1,"Kattaqentaj,”",kattaqentaj
151,2,Xcha',xcha'
151,3,chire,chire
151,4,"ixim,",ixim
151,5,"Tz'ite,",tz'ite
151,6,"Q'ij,",q'ij
151,7,B'it.,b'it
152,0,“Katk'ix,katk'ix
152,1,la,la
152,2,"uloq,",uloq
152,3,At,at
152,4,u,u
152,5,K'u'x,k'u'x
152,6,Kaj.,kaj
153,0,Mak'ajisaj,mak'ajisaj
153,1,u,u
153,2,"chi',",chi'
153,3,U,u
153,4,wach,wach
153,5,"Tepew,",tepew
153,6,"Q'ukumatz,”",q'ukumatz
153,7,Xecha'.,xecha'
154,0,Ta,ta
154,1,xkib'ij,xkib'ij
154,2,k'ut,k'ut
154,3,u,u
154,4,suk'ulikil:,suk'ulikil
154,5,“Utz,utz
154,6,are',are'
154,7,chuxik,chuxik
154,8,ri,ri
154,9,i,i
154,10,poy,poy
154,11,Ajam,ajam
154,12,che'.,che'
155,0,"Chich'awik,",chich'awik
155,1,Chitzijon,chitzijon
155,2,b'a,b'a
155,3,la',la'
155,4,chuwach,chuwach
155,5,ulew.,ulew
156,0,Ta,ta
156,1,"chuxoq,”",chuxoq
156,2,xecha',xecha'
156,3,k'ut.,k'ut
157,0,Ta,ta
157,1,xkib'ij.,xkib'ij
158,0,Ju,ju
158,1,suk',suk'
158,2,xb'anik,xb'anik
158,3,"poy,",poy
158,4,Ajam,ajam
158,5,che'.,che'
159,0,Xe,xe
159,1,winaq,winaq
159,2,"wachinik,",wachinik
159,3,Xe,xe
159,4,winaq,winaq
159,5,tzijonik,tzijonik
159,6,puch.,puch
160,0,Are',are'
160,1,winaqil,winaqil
160,2,U,u
160,3,wach,wach
160,4,ulew.,ulew
161,0,"Xe'uxik,",xe'uxik
161,1,"Xepoq'ik,",xepoq'ik
161,2,"Xeme'alanik,",xeme'alanik
161,3,Xek'ajolanik.,xek'ajolanik
162,0,Ri,ri
162,1,"poy,",poy
162,2,Ajam,ajam
162,3,che'.,che'
163,0,Ma,ma
163,1,k'u,k'u
163,2,ja,ja
163,3,b'i,b'i
163,4,ki,ki
163,5,"k'u'x,",k'u'x
163,6,Ma,ma
163,7,pu,pu
163,8,ja,ja
163,9,b'i,b'i
163,10,ki,ki
163,11,na'oj.,na'oj
164,0,Mawi,mawi
164,1,na'tal,na'tal
164,2,Kaj,kaj
164,3,"Tz'aq,",tz'aq
164,4,Kaj,kaj
164,5,B'it.,b'it
165,0,Xaloq',xaloq'
165,1,"xeb'inik,",xeb'inik
165,2,Xechakanik.,xechakanik
166,0,Mawi,mawi
166,1,xkina'taj,xkina'taj
166,2,chik,chik
166,3,ri,ri
166,4,u,u
166,5,K'u'x,k'u'x
166,6,Kaj.,kaj
167,0,Keje',keje'
167,1,k'ut,k'ut
167,2,xepaj,xepaj
167,3,chi,chi
167,4,wi.,wi
168,0,Xa,xa
168,1,u,u
168,2,"tijtob'exik,",tijtob'exik
168,3,Xa,xa
168,4,pu,pu
168,5,u,u
168,6,wab'ab'exik,wab'ab'exik
168,7,chi,chi
168,8,winaq.,winaq
169,0,Kech'aw,kech'aw
169,1,"nab'ek,",nab'ek
169,2,Xa,xa
169,3,chaqi'j,chaqi'j
169,4,ki,ki
169,5,wach.,wach
170,0,Ma,ma
170,1,na,na
170,2,sonol,sonol
170,3,"kaqan,",kaqan
170,4,Ki,ki
170,5,q'ab'.,q'ab'
171,0,Maja,maja
171,1,b'i,b'i
171,2,ki,ki
171,3,"kik'el,",kik'el
171,4,Ki,ki
171,5,komajil.,komajil
172,0,Maja,maja
172,1,b'i,b'i
172,2,ki,ki
172,3,"tiqowal,",tiqowal
172,4,Ki,ki
172,5,kab'chiyal.,kab'chiyal
173,0,Chaqi'j,chaqi'j
173,1,"q'o'tz,",q'o'tz
173,2,K'oj,k'oj
173,3,ki,ki
173,4,wach.,wach
174,0,Kapichipoj,kapichipoj
174,1,"kaqan,",kaqan
174,2,Ki,ki
174,3,q'ab'.,q'ab'
175,0,Kayeyoj,kayeyoj
175,1,ki,ki
175,2,"tio'jil,",tio'jil
175,3,Keje',keje'
175,4,k'ut,k'ut
175,5,mawi,mawi
175,6,xena'w,xena'w
175,7,chi,chi
175,8,wi,wi
175,9,Chuwach,chuwach
175,10,"Tz'aqol,",tz'aqol
175,11,"B'itol,",b'itol
175,12,Alay,alay
175,13,"kech,",kech
175,14,K'u'xlay,k'u'xlay
175,15,kech.,kech
176,0,E,e
176,1,nab'e,nab'e
176,2,tzatz,tzatz
176,3,chi,chi
176,4,"winaq,",winaq
176,5,Xe'uxik,xe'uxik
176,6,waral,waral
176,7,chuwach,chuwach
176,8,ulew.,ulew
177,0,K'ATE,k'ate
177,1,k'ut,k'ut
177,2,ki,ki
177,3,k'isik,k'isik
177,4,"chik,",chik
177,5,Ki,ki
177,6,"ma'ixik,",ma'ixik
177,7,Ki,ki
177,8,k'utuxik,k'utuxik
177,9,"puch,",puch
177,10,Xekamisax,xekamisax
177,11,"chik,",chik
177,12,"Poy,",poy
177,13,Ajam,ajam
177,14,che'.,che'
178,0,Ta,ta
178,1,xna'ojix,xna'ojix
178,2,ki,ki
178,3,b'utik,b'utik
178,4,rumal,rumal
178,5,u,u
178,6,K'u'x,k'u'x
178,7,Kaj.,kaj
179,0,Nima,nima
179,1,b'utik,b'utik
179,2,"xb'anik,",xb'anik
179,3,xpe,xpe
179,4,pa,pa
179,5,ki,ki
179,6,"wi',",wi'
179,7,Ri,ri
179,8,e,e
179,9,"poy,",poy
179,10,E,e
179,11,ajam,ajam
179,12,che'.,che'
180,0,Tz'ite,tz'ite
180,1,u,u
180,2,tio'jil,tio'jil
180,3,ri,ri
180,4,achij,achij
180,5,Ta,ta
180,6,xajaxik,xajaxik
180,7,Rumal,rumal
180,8,"Tz'aqol,",tz'aqol
180,9,B'itol.,b'itol
181,0,"Ixoq,",ixoq
181,1,Sib'aq,sib'aq
181,2,k'ut,k'ut
181,3,U,u
181,4,tio'jil,tio'jil
181,5,"Ixoq,",ixoq
181,6,Xraj,xraj
181,7,okik,okik
181,8,rumal,rumal
181,9,"Tz'aqol,",tz'aqol
181,10,B'itol.,b'itol
182,0,Mawi,mawi
182,1,"xena'wik,",xena'wik
182,2,Ma,ma
182,3,pu,pu
182,4,xech'awik,xech'awik
182,5,Chuwach,chuwach
182,6,Kaj,kaj
182,7,"Tz'aq,",tz'aq
182,8,Kaj,kaj
182,9,"B'it,",b'it
182,10,B'anol,b'anol
182,11,"ke,",ke
182,12,Winaqirisay,winaqirisay
182,13,kech.,kech
183,0,Keje',keje'
183,1,k'ut,k'ut
183,2,ki,ki
183,3,"kamisaxik,",kamisaxik
183,4,Xeb'utik.,xeb'utik
184,0,Xpe,xpe
184,1,nima,nima
184,2,q'ol,q'ol
184,3,Chila',chila'
184,4,chi,chi
184,5,kaj.,kaj
185,0,Xe[pe],xepe
185,1,K'otk'o[l],k'otk'ol
185,2,Wach,wach
185,3,u,u
185,4,b'i',b'i'
185,5,Xk'otin,xk'otin
185,6,uloq,uloq
185,7,u,u
185,8,b'aq',b'aq'
185,9,ki,ki
185,10,wach.,wach
186,0,Xepe,xepe
186,1,Kama,kama
186,2,"Lotz,",lotz
186,3,Xqupin,xqupin
186,4,ula,ula
186,5,ki,ki
186,6,jolom.,jolom
187,0,Xpe,xpe
187,1,Kotz',kotz'
187,2,"B'alam,",b'alam
187,3,Xti'ow,xti'ow
187,4,ki,ki
187,5,tio'jil.,tio'jil
188,0,Xpe,xpe
188,1,Tukum,tukum
188,2,"B'alam,",b'alam
188,3,Xtukuwik.,xtukuwik
189,0,Xkich'o'wik,xkich'o'wik
189,1,ki,ki
189,2,"b'aqil,",b'aqil
189,3,Kib'och'il.,kib'och'il
190,0,"Xq'ajixik,",xq'ajixik
190,1,Xmuchu'lixik,xmuchu'lixik
190,2,Ki,ki
190,3,b'aqil.,b'aqil
191,0,K'ajisab'al,k'ajisab'al
191,1,ki,ki
191,2,"wach,",wach
191,3,Rumal,rumal
191,4,mawi,mawi
191,5,ki,ki
191,6,na'wik,na'wik
191,7,chuwach,chuwach
191,8,ki,ki
191,9,"chuch,",chuch
191,10,Chuwach,chuwach
191,11,puch,puch
191,12,ki,ki
191,13,"qajaw,",qajaw
191,14,Ri,ri
191,15,u,u
191,16,K'u'x,k'u'x
191,17,"Kaj,",kaj
191,18,Juraqan,juraqan
191,19,u,u
191,20,b'i'.,b'i'
192,0,Kumal,kumal
192,1,xq'equ'marik,xq'equ'marik
192,2,u,u
192,3,wach,wach
192,4,ulew.,ulew
193,0,Xtikarik,xtikarik
193,1,q'eqal,q'eqal
193,2,"jab',",jab'
193,3,Q'ijil,q'ijil
193,4,"jab',",jab'
193,5,Aq'ab'al,aq'ab'al
193,6,jab'.,jab'
194,0,Xok,xok
194,1,ula,ula
194,2,ch'uti,ch'uti
194,3,"chikop,",chikop
194,4,Nima,nima
194,5,chikop.,chikop
195,0,Xq'ut,xq'ut
195,1,ki,ki
195,2,wach,wach
195,3,rumal,rumal
195,4,"che',",che'
195,5,Ab'aj.,ab'aj
196,0,Xch'awik,xch'awik
196,1,ronojel,ronojel
196,2,ki,ki
196,3,"ke'b'al,",ke'b'al
196,4,Ki,ki
196,5,"xot,",xot
196,6,Ki,ki
196,7,"laq,",laq
196,8,Ki,ki
196,9,"b'o'j,",b'o'j
196,10,Ki,ki
196,11,"tz'i',",tz'i'
196,12,Ki,ki
196,13,"ka',",ka'
196,14,Jaruj,jaruj
196,15,pa,pa
196,16,"la',",la'
196,17,Ronojel,ronojel
196,18,xq'utu,xq'utu
196,19,ki,ki
196,20,wach.,wach
197,0,“K'ax,k'ax
197,1,xib'an,xib'an
197,2,chiqe.,chiqe
198,0,"Xojiti'o,",xojiti'o
198,1,Ix,ix
198,2,chi,chi
198,3,"k'ut,",k'ut
198,4,Xkixqati',xkixqati'
198,5,"chik,”",chik
198,6,Xcha',xcha'
198,7,ri,ri
198,8,ki,ki
198,9,"tz'i',",tz'i'
198,10,Kak',kak'
198,11,chikech.,chikech
199,0,Are',are'
199,1,k'u,k'u
199,2,ri,ri
199,3,ka':,ka'
199,4,“Xojk'ok'onik,xojk'ok'onik
199,5,"iwumal,",iwumal
199,6,Ju,ju
199,7,ta,ta
199,8,"q'ij,",q'ij
199,9,Ju,ju
199,10,ta,ta
199,11,"q'ij,",q'ij
199,12,"Xq'eq,",xq'eq
199,13,"Saqirik,",saqirik
199,14,"Amaq'el,",amaq'el
199,15,Joli!,joli
200,0,Joli!,joli
201,0,Juki!,juki
202,0,Juki!,juki
203,0,Qa,qa
203,1,wach,wach
203,2,Iwumal.,iwumal
204,0,Are',are'
204,1,ta,ta
204,2,nab'e,nab'e
204,3,qa,qa
204,4,patan,patan
204,5,chiwach,chiwach
204,6,Ix,ix
204,7,ta,ta
204,8,na,na
204,9,winaq.,winaq
205,0,Wakamik,wakamik
205,1,k'ut,k'ut
205,2,xchitij,xchitij
205,3,Qa,qa
205,4,chuq'ab'.,chuq'ab'
206,0,"Xchiqake'j,",xchiqake'j
206,1,Xchiqajok',xchiqajok'
206,2,puch,puch
206,3,i,i
206,4,"tio'jil,”",tio'jil
206,5,Xcha',xcha'
206,6,ri,ri
206,7,ki,ki
206,8,ka',ka'
206,9,chike.,chike
207,0,Are',are'
207,1,k'u,k'u
207,2,ri,ri
207,3,ki,ki
207,4,tz'i',tz'i'
207,5,xcha',xcha'
207,6,chik,chik
207,7,ta,ta
207,8,xch'awik:,xch'awik
207,9,“Naqi,naqi
207,10,pa,pa
207,11,rumal,rumal
207,12,mawi,mawi
207,13,chiya',chiya'
207,14,qa,qa
207,15,wa?,wa
208,0,Xa,xa
208,1,"kojmuqunik,",kojmuqunik
208,2,Xa,xa
208,3,pu,pu
208,4,kojikuxij,kojikuxij
208,5,"uloq,",uloq
208,6,Kojitzaq,kojitzaq
208,7,pu,pu
208,8,uloq.,uloq
209,0,Yakal,yakal
209,1,"ub'i,",ub'i
209,2,Qa,qa
209,3,che'el,che'el
209,4,iwumal,iwumal
209,5,Ta,ta
209,6,kixwa'ik.,kixwa'ik
210,0,Xere,xere
210,1,kojiwucha'j,kojiwucha'j
210,2,wi.,wi
211,0,Mawi,mawi
211,1,"kojch'awik,",kojch'awik
211,2,Ma,ma
211,3,ta,ta
211,4,k'u,k'u
211,5,mi,mi
211,6,xojk'amik,xojk'amik
211,7,chiwe.,chiwe
212,0,Jupacha,jupacha
212,1,mawi,mawi
212,2,mi,mi
212,3,xixna'wik?,xixna'wik
213,0,Xixna'w,xixna'w
213,1,ta,ta
213,2,k'ut.,k'ut
214,0,Chiwij,chiwij
214,1,ta,ta
214,2,k'ut,k'ut
214,3,xojsach,xojsach
214,4,wi.,wi
215,0,Wakamik,wakamik
215,1,k'ut,k'ut
215,2,xchitij,xchitij
215,3,Qa,qa
215,4,b'aq,b'aq
215,5,K'o,k'o
215,6,pa,pa
215,7,qa,qa
215,8,chi'.,chi'
216,0,"Xkixqati'o,”",xkixqati'o
216,1,Xecha',xecha'
216,2,ri,ri
216,3,tz'i',tz'i'
216,4,chike.,chike
217,0,Ta,ta
217,1,xq'ut,xq'ut
217,2,ki,ki
217,3,wach.,wach
218,0,Are',are'
218,1,chi,chi
218,2,k'u,k'u
218,3,ri,ri
218,4,ki,ki
218,5,"xot,",xot
218,6,Ki,ki
218,7,"b'o'j,",b'o'j
218,8,xch'aw,xch'aw
218,9,chik,chik
218,10,chike:,chike
218,11,“K'ax,k'ax
218,12,wa',wa'
218,13,Xib'an,xib'an
218,14,chiqe.,chiqe
219,0,Xaq,xaq
219,1,qa,qa
219,2,"chi',",chi'
219,3,Xaq,xaq
219,4,qa,qa
219,5,wach.,wach
220,0,Amaq'el,amaq'el
220,1,oj,oj
220,2,tzaqal,tzaqal
220,3,chuwi',chuwi'
220,4,q'aq'.,q'aq'
221,0,Kojik'ato.,kojik'ato
222,0,Mawi,mawi
222,1,k'ax,k'ax
222,2,"xqana'o,",xqana'o
222,3,xchitij,xchitij
222,4,k'ut.,k'ut
223,0,"Xkixqaporoj,”",xkixqaporoj
223,1,xcha',xcha'
223,2,ri,ri
223,3,ki,ki
223,4,b'o'j.,b'o'j
224,0,"Ronojel,",ronojel
224,1,Xq'utu,xq'utu
224,2,ki,ki
224,3,wach.,wach
225,0,Are',are'
225,1,ri,ri
225,2,"ab'aj,",ab'aj
225,3,Ri,ri
225,4,ki,ki
225,5,"xk'ub',",xk'ub'
225,6,"Chitaninik,",chitaninik
225,7,Chipe,chipe
225,8,pa,pa
225,9,"q'aq',",q'aq'
225,10,Taqal,taqal
225,11,chi,chi
225,12,ki,ki
225,13,"jolom,",jolom
225,14,K'ax,k'ax
225,15,xb'an,xb'an
225,16,chike.,chike
226,0,"Anilab'ik,",anilab'ik
226,1,Kemalmalijab',kemalmalijab'
226,2,chik.,chik
227,0,Keraj,keraj
227,1,aq'anik,aq'anik
227,2,chuwi',chuwi'
227,3,"ja,",ja
227,4,Xa,xa
227,5,chiwulij,chiwulij
227,6,"ja,",ja
227,7,ketzaq,ketzaq
227,8,uloq.,uloq
228,0,Keraj,keraj
228,1,aq'an,aq'an
228,2,chuwi',chuwi'
228,3,"che',",che'
228,4,Kech'akix,kech'akix
228,5,uloq,uloq
228,6,ruma,ruma
228,7,che'.,che'
229,0,Keraj,keraj
229,1,ok,ok
229,2,pa,pa
229,3,"jul,",jul
229,4,Xa,xa
229,5,chiyuch,chiyuch
229,6,jul,jul
229,7,chikiwach.,chikiwach
230,0,Keje',keje'
230,1,k'ut,k'ut
230,2,u,u
230,3,kayojik,kayojik
230,4,winaq,winaq
230,5,"tz'aq,",tz'aq
230,6,Winaq,winaq
230,7,b'it.,b'it
231,0,E,e
231,1,"tzixel,",tzixel
231,2,E,e
231,3,tzalatzoxel,tzalatzoxel
231,4,chi,chi
231,5,winaq.,winaq
232,0,"Xma'ixik,",xma'ixik
232,1,Xq'utuxik,xq'utuxik
232,2,Ki,ki
232,3,"chi',",chi'
232,4,Ki,ki
232,5,wach,wach
232,6,konojel.,konojel
233,0,Xcha',xcha'
233,1,k'ut,k'ut
233,2,are',are'
233,3,"retal,",retal
233,4,Ri,ri
233,5,k'oy,k'oy
233,6,K'o,k'o
233,7,pa,pa
233,8,k'eche'laj,k'eche'laj
233,9,"wakamik,",wakamik
233,10,Are',are'
233,11,xk'oje',xk'oje'
233,12,wi,wi
233,13,retal.,retal
234,0,Rumal,rumal
234,1,xa,xa
234,2,che',che'
234,3,Ki,ki
234,4,tio'jil,tio'jil
234,5,xkojik,xkojik
234,6,Rumal,rumal
234,7,Aj,aj
234,8,"Tz'aq,",tz'aq
234,9,Aj,aj
234,10,B'it.,b'it
235,0,Are',are'
235,1,k'u,k'u
235,2,ri,ri
235,3,"k'oy,",k'oy
235,4,Keje',keje'
235,5,ri',ri'
235,6,winaq,winaq
235,7,chiwachinik.,chiwachinik
236,0,Retal,retal
236,1,ju,ju
236,2,le',le'
236,3,winaq,winaq
236,4,"tz'aq,",tz'aq
236,5,Winaq,winaq
236,6,b'it.,b'it
237,0,Xa,xa
237,1,"poy,",poy
237,2,Xa,xa
237,3,pu,pu
237,4,ajam,ajam
237,5,che'.,che'
238,0,Maja,maja
238,1,b'i,b'i
238,2,"q'ij,",q'ij
238,3,Jun,jun
238,4,k'ut,k'ut
238,5,kunimarisaj,kunimarisaj
238,6,"rib',",rib'
238,7,Wuqub',wuqub'
238,8,Kaqix,kaqix
238,9,u,u
238,10,b'i'.,b'i'
239,0,K'o,k'o
239,1,nab'e,nab'e
239,2,"kaj,",kaj
239,3,"Ulew,",ulew
239,4,Xa,xa
239,5,kamoymot,kamoymot
239,6,u,u
239,7,wach,wach
239,8,"q'ij,",q'ij
239,9,Ik'.,ik'
240,0,Kacha',kacha'
240,1,k'u,k'u
240,2,"ri',",ri'
240,3,Xa,xa
240,4,wi,wi
240,5,xere,xere
240,6,u,u
240,7,saq,saq
240,8,etal,etal
240,9,winaq,winaq
240,10,ri,ri
240,11,xb'utik.,xb'utik
241,0,Keje',keje'
241,1,ri',ri'
241,2,nawal,nawal
241,3,winaq,winaq
241,4,U,u
241,5,k'oje'ik.,k'oje'ik
242,0,“In,in
242,1,"nim,",nim
242,2,Kik'oje',kik'oje'
242,3,chik,chik
242,4,chuwi',chuwi'
242,5,Winaq,winaq
242,6,"tz'aq,",tz'aq
242,7,Winaq,winaq
242,8,b'it.,b'it
243,0,In,in
243,1,u,u
243,2,"q'ij,",q'ij
243,3,In,in
243,4,pu,pu
243,5,u,u
243,6,"saq,",saq
243,7,In,in
243,8,nay,nay
243,9,pu,pu
243,10,rik'il.,rik'il
244,0,Ta,ta
244,1,chuxoq.,chuxoq
245,0,Nim,nim
245,1,nu,nu
245,2,saqil.,saqil
246,0,In,in
246,1,"b'inib'al,",b'inib'al
246,2,In,in
246,3,pu,pu
246,4,chakab'al,chakab'al
246,5,rumal,rumal
246,6,"winaq,",winaq
246,7,Rumal,rumal
246,8,puwaq.,puwaq
247,0,U,u
247,1,b'aq',b'aq'
247,2,nu,nu
247,3,wach,wach
247,4,xa,xa
247,5,katiltotik,katiltotik
247,6,Chi,chi
247,7,yamanik,yamanik
247,8,raxa,raxa
247,9,"k'uwal,",k'uwal
247,10,Nay,nay
247,11,pu,pu
247,12,"we',",we'
247,13,Rax,rax
247,14,kawakoj,kawakoj
247,15,chi,chi
247,16,"ab'aj,",ab'aj
247,17,Keje',keje'
247,18,ri',ri'
247,19,u,u
247,20,wa,wa
247,21,kaj.,kaj
248,0,Are',are'
248,1,k'u,k'u
248,2,ri,ri
248,3,nu,nu
248,4,"tza'm,",tza'm
248,5,Saq,saq
248,6,julujuj,julujuj
248,7,chi,chi
248,8,"naj,",naj
248,9,Keje',keje'
248,10,ri,ri
248,11,ik'.,ik'
249,0,Puwaq,puwaq
249,1,k'ut,k'ut
249,2,nu,nu
249,3,q'alib'al.,q'alib'al
250,0,K'a,k'a
250,1,saq,saq
250,2,pak'e,pak'e
250,3,u,u
250,4,wach,wach
250,5,ulew,ulew
250,6,Ta,ta
250,7,kinel,kinel
250,8,uloq,uloq
250,9,Chuwach,chuwach
250,10,nu,nu
250,11,q'alib'al.,q'alib'al
251,0,Keje',keje'
251,1,k'ut,k'ut
251,2,in,in
251,3,q'ij,q'ij
251,4,"wi,",wi
251,5,In,in
251,6,pu,pu
251,7,"ik',",ik'
251,8,Rumal,rumal
251,9,saqil,saqil
251,10,"al,",al
251,11,Saqil,saqil
251,12,k'ajol.,k'ajol
252,0,Ta,ta
252,1,chuxoq.,chuxoq
253,0,Rumal,rumal
253,1,chi,chi
253,2,naj,naj
253,3,Kopon,kopon
253,4,wi,wi
253,5,nu,nu
253,6,"wach,”",wach
253,7,cha',cha'
253,8,ri,ri
253,9,Wuqub',wuqub'
253,10,Kaqix.,kaqix
254,0,Ma,ma
254,1,k'u,k'u
254,2,qitzij,qitzij
254,3,are',are'
254,4,ta,ta
254,5,q'ij,q'ij
254,6,ri,ri
254,7,Wuqub',wuqub'
254,8,"Kaqix,",kaqix
254,9,Xere,xere
254,10,kunimarisaj,kunimarisaj
254,11,"rib',",rib'
254,12,Ri,ri
254,13,u,u
254,14,"xik',",xik'
254,15,U,u
254,16,puwaq.,puwaq
255,0,Xere,xere
255,1,k'ut,k'ut
255,2,tokol,tokol
255,3,wi,wi
255,4,u,u
255,5,wach,wach
255,6,ri,ri
255,7,chiku'b'e,chiku'b'e
255,8,wi.,wi
256,0,Ma,ma
256,1,na,na
256,2,ronojel,ronojel
256,3,ta,ta
256,4,u,u
256,5,xe',xe'
256,6,kaj,kaj
256,7,kopon,kopon
256,8,wi,wi
256,9,u,u
256,10,wach,wach
256,11,Maja',maja'
256,12,k'ut,k'ut
256,13,qi,qi
256,14,kiloq,kiloq
256,15,u,u
256,16,wach,wach
256,17,"q'ij,",q'ij
256,18,"Ik',",ik'
256,19,"Ch'umil,",ch'umil
256,20,Maja'oq,maja'oq
256,21,kasaqiroq.,kasaqiroq
257,0,Keje',keje'
257,1,k'ut,k'ut
257,2,kuq'ob'isaj,kuq'ob'isaj
257,3,wi,wi
257,4,rib',rib'
257,5,Ri,ri
257,6,Wuqub',wuqub'
257,7,Kaqix,kaqix
257,8,Chi,chi
257,9,"q'ijil,",q'ijil
257,10,Chi,chi
257,11,ik'il.,ik'il
258,0,Xa,xa
258,1,maja',maja'
258,2,"chik'utunoq,",chik'utunoq
258,3,Chiq'alajob'oq,chiq'alajob'oq
258,4,U,u
258,5,saqil,saqil
258,6,"q'ij,",q'ij
258,7,"Ik',",ik'
258,8,Xa,xa
258,9,xurayij,xurayij
258,10,"nimal,",nimal
258,11,Ik'owen.,ik'owen
259,0,Are,are
259,1,ta,ta
259,2,xb'anik,xb'anik
259,3,b'utik,b'utik
259,4,Kumal,kumal
259,5,poy,poy
259,6,ajam,ajam
259,7,che'.,che'
260,0,Keje',keje'
260,1,k'ut,k'ut
260,2,xchiqab'ij,xchiqab'ij
260,3,chik,chik
260,4,ta,ta
260,5,xkamik,xkamik
260,6,Wuqub',wuqub'
260,7,"Kaqix,",kaqix
260,8,Ta,ta
260,9,"xch'akatajik,",xch'akatajik
260,10,Ta,ta
260,11,xb'anatajik,xb'anatajik
260,12,winaq,winaq
260,13,Rumal,rumal
260,14,Aj,aj
260,15,"Tz'aq,",tz'aq
260,16,Aj,aj
260,17,B'it.,b'it
261,0,WA'E,wa'e
261,1,u,u
261,2,xe',xe'
261,3,U,u
261,4,"ch'akatajik,",ch'akatajik
261,5,U,u
261,6,yiqoxik,yiqoxik
261,7,chi,chi
261,8,puch,puch
261,9,u,u
261,10,q'ij,q'ij
261,11,Wuqub',wuqub'
261,12,Kaqix,kaqix
261,13,Kumal,kumal
261,14,e,e
261,15,kaib',kaib'
261,16,"k'ajolab',",k'ajolab'
261,17,Junajpu,junajpu
261,18,u,u
261,19,b'i',b'i'
261,20,"jun,",jun
261,21,Xb'alanke,xb'alanke
261,22,u,u
261,23,b'i',b'i'
261,24,u,u
261,25,kab'.,kab'
262,0,Xa,xa
262,1,wi,wi
262,2,e,e
262,3,k'ab'awil.,k'ab'awil
263,0,Rumal,rumal
263,1,itzel,itzel
263,2,"xkilo,",xkilo
263,3,Ri,ri
263,4,nimarisay,nimarisay
263,5,rib'.,rib'
264,0,Xraj,xraj
264,1,u,u
264,2,b'an,b'an
264,3,Chuwach,chuwach
264,4,u,u
264,5,K'u'x,k'u'x
264,6,Kaj.,kaj
265,0,Xcha',xcha'
265,1,k'u,k'u
265,2,ri,ri
265,3,k'ajolab':,k'ajolab'
265,4,“Mawi,mawi
265,5,utz,utz
265,6,ta,ta
265,7,chuxoq.,chuxoq
266,0,Mawi,mawi
266,1,chik'ase',chik'ase'
266,2,winaq,winaq
266,3,Waral,waral
266,4,Chuwach,chuwach
266,5,ulew.,ulew
267,0,Keje',keje'
267,1,k'ut,k'ut
267,2,chiqatij,chiqatij
267,3,wub'axik.,wub'axik
268,0,Chuwi',chuwi'
268,1,recha',recha'
268,2,chiqawub'aj,chiqawub'aj
268,3,wi.,wi
269,0,Chiri',chiri'
269,1,chiqakoj,chiqakoj
269,2,wi,wi
269,3,u,u
269,4,yab'.,yab'
270,0,Ta,ta
270,1,k'isoq,k'isoq
270,2,u,u
270,3,"q'inomal,",q'inomal
270,4,U,u
270,5,"xit,",xit
270,6,U,u
270,7,"puwaq,",puwaq
270,8,U,u
270,9,"k'uwal,",k'uwal
270,10,U,u
270,11,"yamanik,",yamanik
270,12,Ri,ri
270,13,kuk'ak'ab'ej.,kuk'ak'ab'ej
271,0,Keje',keje'
271,1,k'ut,k'ut
271,2,chub'ano.,chub'ano
272,0,Ronojel,ronojel
272,1,winaq,winaq
272,2,mawi,mawi
272,3,Are',are'
272,4,chiwinaqir,chiwinaqir
272,5,wi,wi
272,6,Q'aq'al,q'aq'al
272,7,"ri',",ri'
272,8,Xa,xa
272,9,puwaq.,puwaq
273,0,Ta,ta
273,1,"chuxoq,”",chuxoq
273,2,Xecha',xecha'
273,3,ri,ri
273,4,k'ajolab'.,k'ajolab'
274,0,Jujun,jujun
274,1,chi,chi
274,2,wub',wub'
274,3,Kitelen,kitelen
274,4,ki,ki
274,5,kab',kab'
274,6,ichal.,ichal
275,0,Are',are'
275,1,k'u,k'u
275,2,ri,ri
275,3,Wuqub',wuqub'
275,4,"Kaqix,",kaqix
275,5,E,e
275,6,kaib',kaib'
275,7,u,u
275,8,k'ajol.,k'ajol
276,0,Are',are'
276,1,nab'e,nab'e
276,2,al,al
276,3,ri,ri
276,4,Sipakna.,sipakna
277,0,U,u
277,1,kab',kab'
277,2,al,al
277,3,chi,chi
277,4,k'ut,k'ut
277,5,ri,ri
277,6,Kab'raqan.,kab'raqan
278,0,Chimalmat,chimalmat
278,1,k'ut,k'ut
278,2,u,u
278,3,b'i',b'i'
278,4,ki,ki
278,5,"chuch,",chuch
278,6,Rixoqil,rixoqil
278,7,ri,ri
278,8,Wuqub',wuqub'
278,9,Kaqix.,kaqix
279,0,Are',are'
279,1,k'u,k'u
279,2,ri,ri
279,3,"Sipakna,",sipakna
279,4,Are',are'
279,5,chirecha'j,chirecha'j
279,6,Ri,ri
279,7,nima'q,nima'q
279,8,juyub'--,juyub'
279,9,Ri,ri
279,10,Chi',chi'
279,11,"Q'aq',",q'aq'
279,12,"Junajpu,",junajpu
279,13,"Pekulya',",pekulya'
279,14,"Xkanul,",xkanul
279,15,"Makamob',",makamob'
279,16,"Julisnab',",julisnab'
279,17,Chuchaxik,chuchaxik
279,18,u,u
279,19,b'i',b'i'
279,20,juyub',juyub'
279,21,Xk'olik,xk'olik
279,22,ta,ta
279,23,chisaqirik.,chisaqirik
280,0,Xa,xa
280,1,jun,jun
280,2,aq'ab',aq'ab'
280,3,chiwinaqirik,chiwinaqirik
280,4,Rumal,rumal
280,5,ri,ri
280,6,Sipakna.,sipakna
281,0,Rumal,rumal
281,1,"chineb'owik,",chineb'owik
281,2,Ch'uti,ch'uti
281,3,"juyub',",juyub'
281,4,Nima,nima
281,5,juyub',juyub'
281,6,rumal.,rumal
282,0,Xa,xa
282,1,wi,wi
282,2,keje',keje'
282,3,nimarisab'al,nimarisab'al
282,4,kib',kib'
282,5,Xkib'ano,xkib'ano
282,6,u,u
282,7,k'ajol,k'ajol
282,8,Wuqub',wuqub'
282,9,Kaqix.,kaqix
283,0,“In,in
283,1,"wa',",wa'
283,2,In,in
283,3,q'ij!”,q'ij
283,4,Xcha',xcha'
283,5,Wuqub',wuqub'
283,6,Kaqix.,kaqix
284,0,“In,in
284,1,"wa',",wa'
284,2,In,in
284,3,b'anol,b'anol
284,4,ulew!”,ulew
284,5,Xcha',xcha'
284,6,ri,ri
284,7,Sipakna.,sipakna
285,0,“In,in
285,1,chi,chi
285,2,"k'ut,",k'ut
285,3,Kiyojow,kiyojow
285,4,"kaj,",kaj
285,5,Chinwulij,chinwulij
285,6,ronojel,ronojel
285,7,"ulew,”",ulew
285,8,Xcha',xcha'
285,9,ri,ri
285,10,Kab'raqan.,kab'raqan
286,0,Xa,xa
286,1,wi,wi
286,2,u,u
286,3,k'ajol,k'ajol
286,4,Wuqub',wuqub'
286,5,"Kaqix,",kaqix
286,6,Xa,xa
286,7,wi,wi
286,8,chiri',chiri'
286,9,xkik'am,xkik'am
286,10,wi,wi
286,11,ki,ki
286,12,nimal,nimal
286,13,chirij,chirij
286,14,ki,ki
286,15,qajaw.,qajaw
287,0,Are',are'
287,1,k'ut,k'ut
287,2,itzel,itzel
287,3,xkil,xkil
287,4,wi,wi
287,5,"k'ajolab',",k'ajolab'
287,6,Maja',maja'
287,7,chib'antajoq,chib'antajoq
287,8,Qa,qa
287,9,nab'e,nab'e
287,10,"chuch,",chuch
287,11,Qa,qa
287,12,nab'e,nab'e
287,13,qajaw.,qajaw
288,0,Keje',keje'
288,1,k'ut,k'ut
288,2,xno'jix,xno'jix
288,3,wi,wi
288,4,ki,ki
288,5,"kamik,",kamik
288,6,Ki,ki
288,7,sachik,sachik
288,8,kumal,kumal
288,9,k'ajolab'.,k'ajolab'
289,0,WA'E,wa'e
289,1,k'ute,k'ute
289,2,u,u
289,3,wub'axik,wub'axik
289,4,Wuqub',wuqub'
289,5,Kaqix,kaqix
289,6,kumal,kumal
289,7,kaib',kaib'
289,8,k'ajolab'.,k'ajolab'
290,0,Xchiqab'ij,xchiqab'ij
290,1,ki,ki
290,2,ch'akatajik,ch'akatajik
290,3,chi,chi
290,4,ki,ki
290,5,"jujunal,",jujunal
290,6,Ri,ri
290,7,nimarisay,nimarisay
290,8,rib'.,rib'
291,0,Are',are'
291,1,ri,ri
291,2,Wuqub',wuqub'
291,3,"Kaqix,",kaqix
291,4,Jun,jun
291,5,nima,nima
291,6,che',che'
291,7,ri,ri
291,8,"tapa'l,",tapa'l
291,9,Are',are'
291,10,k'u,k'u
291,11,recha',recha'
291,12,Ri,ri
291,13,Wuqub',wuqub'
291,14,Kaqix.,kaqix
292,0,Are',are'
292,1,chulo,chulo
292,2,Ri,ri
292,3,u,u
292,4,wach,wach
292,5,tapa'l.,tapa'l
293,0,Chaq'an,chaq'an
293,1,chuwi',chuwi'
293,2,che',che'
293,3,ju,ju
293,4,ta,ta
293,5,q'ij.,q'ij
294,0,Xiloma,xiloma
294,1,k'ut,k'ut
294,2,recha'b'al,recha'b'al
294,3,Kumal,kumal
294,4,ri,ri
294,5,"Junajpu,",junajpu
294,6,Xb'alanke.,xb'alanke
295,0,Kik'ak'alen,kik'ak'alen
295,1,chi,chi
295,2,k'ut,k'ut
295,3,Chuxe',chuxe'
295,4,che',che'
295,5,ri,ri
295,6,Wuqub',wuqub'
295,7,Kaqix.,kaqix
296,0,E,e
296,1,matzamoj,matzamoj
296,2,ulo,ulo
296,3,ri,ri
296,4,kaib',kaib'
296,5,k'ajolab',k'ajolab'
296,6,Pa,pa
296,7,xaq,xaq
296,8,che'.,che'
297,0,Ta,ta
297,1,xopon,xopon
297,2,k'ut,k'ut
297,3,Wuqub',wuqub'
297,4,"Kaqix,",kaqix
297,5,Tak'al,tak'al
297,6,Chuwi',chuwi'
297,7,"recha',",recha'
297,8,Ri,ri
297,9,tapa'l.,tapa'l
298,0,K'ate,k'ate
298,1,k'ut,k'ut
298,2,ta,ta
298,3,xub'axik,xub'axik
298,4,"kumal,",kumal
298,5,Ri,ri
298,6,"Junajpu,",junajpu
298,7,taqal,taqal
298,8,u,u
298,9,b'aq',b'aq'
298,10,wub',wub'
298,11,Chu,chu
298,12,kakate'.,kakate'
299,0,Churaquj,churaquj
299,1,u,u
299,2,chi'.,chi'
300,0,Ta,ta
300,1,xpe,xpe
300,2,chuwi',chuwi'
300,3,che',che'
300,4,Taqal,taqal
300,5,chuwach,chuwach
300,6,ulew.,ulew
301,0,Chimalmat,chimalmat
301,1,k'ut,k'ut
301,2,ri,ri
301,3,Junajpu,junajpu
301,4,anim,anim
301,5,"xb'ek,",xb'ek
301,6,Qitzij,qitzij
301,7,wi,wi
301,8,xb'e,xb'e
301,9,u,u
301,10,chapa'.,chapa'
302,0,K'ate,k'ate
302,1,k'ut,k'ut
302,2,ta,ta
302,3,xqupix,xqupix
302,4,ula,ula
302,5,U,u
302,6,q'ab',q'ab'
302,7,ri,ri
302,8,Junajpu,junajpu
302,9,rumal,rumal
302,10,ri,ri
302,11,Wuqub',wuqub'
302,12,Kaqix.,kaqix
303,0,Ju,ju
303,1,suk',suk'
303,2,xtzaq,xtzaq
303,3,"uloq,",uloq
303,4,Xmejo,xmejo
303,5,uloq,uloq
303,6,tza'm,tza'm
303,7,u,u
303,8,teleb'.,teleb'
304,0,Ta,ta
304,1,xutzoqopij,xutzoqopij
304,2,chi,chi
304,3,k'ut,k'ut
304,4,Junajpu,junajpu
304,5,Ri,ri
304,6,Wuqub',wuqub'
304,7,Kaqix.,kaqix
305,0,Xa,xa
305,1,wi,wi
305,2,utz,utz
305,3,xkib'ano.,xkib'ano
306,0,Ma,ma
306,1,nab'e,nab'e
306,2,ki,ki
306,3,ch'akatajik,ch'akatajik
306,4,taj,taj
306,5,rumal,rumal
306,6,Wuqub',wuqub'
306,7,Kaqix,kaqix
306,8,Uk'a'am,uk'a'am
306,9,chi,chi
306,10,k'ut,k'ut
306,11,u,u
306,12,q'ab',q'ab'
306,13,ri,ri
306,14,Junajpu,junajpu
306,15,Rumal,rumal
306,16,ri,ri
306,17,Wuqub',wuqub'
306,18,Kaqix.,kaqix
307,0,Ta,ta
307,1,xb'e,xb'e
307,2,chi,chi
307,3,"rochoch,",rochoch
307,4,“Naqi,naqi
307,5,pa,pa
307,6,mi,mi
307,7,xk'amow,xk'amow
307,8,chila'?”,chila'
307,9,Xcha',xcha'
307,10,k'u,k'u
307,11,ri,ri
307,12,"Chimalmat,",chimalmat
307,13,Rixoqil,rixoqil
307,14,Wuqub',wuqub'
307,15,Kaqix.,kaqix
308,0,“Naqi,naqi
308,1,pa,pa
308,2,ri'?”,ri'
308,3,“Ri,ri
308,4,e,e
308,5,kaib',kaib'
308,6,k'axtok',k'axtok'
308,7,mi,mi
308,8,"xikiwub'aj,",xikiwub'aj
308,9,Mi,mi
308,10,xsilib'ataj,xsilib'ataj
308,11,nu,nu
308,12,kakate',kakate'
308,13,rumal.,rumal
309,0,Xa,xa
309,1,kachuywaj,kachuywaj
309,2,e,e
309,3,"we',",we'
309,4,Kaq'oxow,kaq'oxow
309,5,chik.,chik
310,0,Mi,mi
310,1,nab'e,nab'e
310,2,mi,mi
310,3,xnuk'am,xnuk'am
310,4,uloq.,uloq
311,0,Chuwi',chuwi'
311,1,q'aq',q'aq'
311,2,k'ut,k'ut
311,3,Chixeke,chixeke
311,4,"wi,",wi
311,5,Chitzayab'a',chitzayab'a'
311,6,Chuwi',chuwi'
311,7,q'aq',q'aq'
311,8,Ta,ta
311,9,kul,kul
311,10,ki,ki
311,11,k'ama,k'ama
311,12,chik.,chik
312,0,Qitzij,qitzij
312,1,chi,chi
312,2,e,e
312,3,"k'axtok',”",k'axtok'
312,4,xcha',xcha'
312,5,ri,ri
312,6,Wuqub',wuqub'
312,7,"Kaqix,",kaqix
312,8,Ta,ta
312,9,xuxekeb'a',xuxekeb'a'
312,10,u,u
312,11,q'ab',q'ab'
312,12,ri,ri
312,13,Junajpu.,junajpu
313,0,Kina'ojinik,kina'ojinik
313,1,"chik,",chik
313,2,Ri,ri
313,3,Ju,ju
313,4,"Junajpu,",junajpu
313,5,Xb'alanke.,xb'alanke
314,0,Ta,ta
314,1,xkib'ij,xkib'ij
314,2,k'ut,k'ut
314,3,chirech,chirech
314,4,Jun,jun
314,5,Mama'.,mama'
315,0,Qitzij,qitzij
315,1,saq,saq
315,2,chik,chik
315,3,Rismal,rismal
315,4,wi',wi'
315,5,chi,chi
315,6,Mama'.,mama'
316,0,Jun,jun
316,1,k'u,k'u
316,2,"Ati't,",ati't
316,3,Qitzij,qitzij
316,4,kemel,kemel
316,5,ati't,ati't
316,6,chik.,chik
317,0,Xa,xa
317,1,keluq'uq'ila',keluq'uq'ila'
317,2,"chik,",chik
317,3,Chi,chi
317,4,ri'jitaq,ri'jitaq
317,5,winaq.,winaq
318,0,Saqi,saqi
318,1,Nim,nim
318,2,Aq,aq
318,3,u,u
318,4,b'i',b'i'
318,5,mama'.,mama'
319,0,Saqi,saqi
319,1,Nima,nima
319,2,Sis,sis
319,3,k'ut,k'ut
319,4,u,u
319,5,b'i',b'i'
319,6,ati't.,ati't
320,0,Xecha',xecha'
320,1,k'u,k'u
320,2,Ri,ri
320,3,k'ajolab',k'ajolab'
320,4,"chike,",chike
320,5,Ri,ri
320,6,"ati't,",ati't
320,7,Mama':,mama'
320,8,“Kixqachb'ilaj,kixqachb'ilaj
320,9,taj.,taj
321,0,Chib'e,chib'e
321,1,ta,ta
321,2,k'ama,k'ama
321,3,qa,qa
321,4,q'ab',q'ab'
321,5,ruk',ruk'
321,6,Wuqub',wuqub'
321,7,Kaqix.,kaqix
322,0,Xa,xa
322,1,kojtere,kojtere
322,2,Chiwij.,chiwij
323,0,‘Q'i',q'i'
323,1,ri,ri
323,2,qa,qa
323,3,mam,mam
323,4,Ri,ri
323,5,qachb'ilan.,qachb'ilan
324,0,Kaminaq,kaminaq
324,1,ki,ki
324,2,"chuch,",chuch
324,3,Ki,ki
324,4,qajaw.,qajaw
325,0,Keje',keje'
325,1,k'ut,k'ut
325,2,"ketere,",ketere
325,3,Kotila',kotila'
325,4,wi,wi
325,5,chiqij.,chiqij
326,0,Ta,ta
326,1,la',la'
326,2,keqasipaj,keqasipaj
326,3,"wi,",wi
326,4,Keje',keje'
326,5,k'u,k'u
326,6,ri,ri
326,7,oj,oj
326,8,ak'alab',ak'alab'
326,9,Chirilo,chirilo
326,10,ri,ri
326,11,Wuqub',wuqub'
326,12,Kaqix.,kaqix
327,0,Xa,xa
327,1,wi,wi
327,2,oj,oj
327,3,kojya'wik,kojya'wik
327,4,i,i
327,5,"na'oj,”",na'oj
327,6,Xecha',xecha'
327,7,ri,ri
327,8,e,e
327,9,kaib',kaib'
327,10,k'ajolab'.,k'ajolab'
328,0,“Utz,utz
328,1,b'a,b'a
328,2,"la',”",la'
328,3,xecha',xecha'
328,4,k'ut.,k'ut
329,0,K'ate,k'ate
329,1,k'ut,k'ut
329,2,ta,ta
329,3,xeb'ek.,xeb'ek
330,0,Tza'mal,tza'mal
330,1,ku'bi',ku'bi'
330,2,ri,ri
330,3,Wuqub',wuqub'
330,4,Kaqix,kaqix
330,5,Chuwach,chuwach
330,6,u,u
330,7,q'alib'al.,q'alib'al
331,0,Ta,ta
331,1,xe'ik'owik,xe'ik'owik
331,2,ri,ri
331,3,"ati't,",ati't
331,4,Mama'.,mama'
332,0,Ke'etz'eyaj,ke'etz'eyaj
332,1,k'u,k'u
332,2,Ri,ri
332,3,e,e
332,4,kaib',kaib'
332,5,k'ajolab',k'ajolab'
332,6,chikij.,chikij
333,0,Ta,ta
333,1,xe'ik'ow,xe'ik'ow
333,2,Chuxe',chuxe'
333,3,rochoch,rochoch
333,4,Ajaw.,ajaw
334,0,Kuraquj,kuraquj
334,1,k'u,k'u
334,2,u,u
334,3,chi',chi'
334,4,Ri,ri
334,5,Wuqub',wuqub'
334,6,Kaqix,kaqix
334,7,rumal,rumal
334,8,re'.,re'
335,0,Ta,ta
335,1,xril,xril
335,2,k'ut,k'ut
335,3,Wuqub',wuqub'
335,4,Kaqix,kaqix
335,5,ri,ri
335,6,"mama',",mama'
335,7,Ati't,ati't
335,8,kachb'ilan,kachb'ilan
335,9,kib'.,kib'
336,0,“Apa,apa
336,1,kixpe,kixpe
336,2,wi,wi
336,3,qa,qa
336,4,mam?”,mam
336,5,Xcha',xcha'
336,6,k'u,k'u
336,7,ri,ri
336,8,ajaw.,ajaw
337,0,“Naqi,naqi
337,1,pa,pa
337,2,i,i
337,3,tzuqub'al?,tzuqub'al
338,0,Ma,ma
338,1,iwalk'wal,iwalk'wal
338,2,ri,ri
338,3,iwachb'ilan?”,iwachb'ilan
338,4,“Maja,maja
338,5,b'i,b'i
338,6,lal,lal
338,7,ajaw.,ajaw
339,0,E,e
339,1,qa,qa
339,2,mam,mam
339,3,Ri'.,ri'
340,0,Xere,xere
340,1,na,na
340,2,"re,",re
340,3,Kaqatoq'ob'aj,kaqatoq'ob'aj
340,4,ki,ki
340,5,wach.,wach
341,0,Ri,ri
341,1,ya'axel,ya'axel
341,2,ju,ju
341,3,"pir,",pir
341,4,Ch'aqa'p,ch'aqa'p
341,5,kaqaya',kaqaya'
341,6,chikech,chikech
341,7,lal,lal
341,8,"ajaw,”",ajaw
341,9,Xecha',xecha'
341,10,k'ut,k'ut
341,11,ri,ri
341,12,"ati't,",ati't
341,13,Mama'.,mama'
342,0,Kutzin,kutzin
342,1,k'u,k'u
342,2,ri,ri
342,3,ajaw,ajaw
342,4,Rumal,rumal
342,5,u,u
342,6,q'oxom,q'oxom
342,7,re'.,re'
343,0,Xa,xa
343,1,k'u,k'u
343,2,nima'q,nima'q
343,3,wa',wa'
343,4,ch'ij,ch'ij
343,5,"chik,",chik
343,6,Kach'awik:,kach'awik
343,7,“In,in
343,8,ta,ta
343,9,b'a,b'a
343,10,kanij,kanij
343,11,"chiwech,",chiwech
343,12,Chitoq'ob'aj,chitoq'ob'aj
343,13,ta,ta
343,14,nu,nu
343,15,wach.,wach
344,0,Naqi,naqi
344,1,pa,pa
344,2,ki',ki'
344,3,chib'ano?,chib'ano
345,0,Naqi,naqi
345,1,on,on
345,2,ki',ki'
345,3,chikunaj?”,chikunaj
345,4,Xcha',xcha'
345,5,k'ut,k'ut
345,6,Ajaw.,ajaw
346,0,“Xa,xa
346,1,u,u
346,2,chikopil,chikopil
346,3,e'yaj,e'yaj
346,4,chiqelesaj.,chiqelesaj
347,0,Xa,xa
347,1,k'u,k'u
347,2,u,u
347,3,b'aq',b'aq'
347,4,u,u
347,5,wach,wach
347,6,chiqakunaj.,chiqakunaj
348,0,Xa,xa
348,1,b'aq,b'aq
348,2,"chiqawiqo,",chiqawiqo
348,3,Lal,lal
348,4,"ajaw,”",ajaw
348,5,Xecha',xecha'
348,6,k'ut.,k'ut
349,0,“Utz,utz
349,1,b'a,b'a
349,2,"la',",la'
349,3,Chikunaj,chikunaj
349,4,ta,ta
349,5,b'a,b'a
349,6,we'.,we'
350,0,Qitzij,qitzij
350,1,kaq'oxowik,kaq'oxowik
350,2,ju,ju
350,3,ta,ta
350,4,q'ij.,q'ij
351,0,Mawi,mawi
351,1,choq'itajik.,choq'itajik
352,0,Maja,maja
352,1,b'i,b'i
352,2,nu,nu
352,3,waram,waram
352,4,"rumal,",rumal
352,5,Ruk',ruk'
352,6,u,u
352,7,b'aq',b'aq'
352,8,nu,nu
352,9,wach.,wach
353,0,Xa,xa
353,1,"xiki'ub'aj,",xiki'ub'aj
353,2,E,e
353,3,kaib',kaib'
353,4,k'axtok'.,k'axtok'
354,0,Ta,ta
354,1,xtikarik,xtikarik
354,2,Mawi,mawi
354,3,kinecha'jik,kinecha'jik
354,4,rumal.,rumal
355,0,Keje',keje'
355,1,ta,ta
355,2,k'ut,k'ut
355,3,chitoq'ob'aj,chitoq'ob'aj
355,4,wi,wi
355,5,nu,nu
355,6,wach.,wach
356,0,Xa,xa
356,1,kachuyub',kachuyub'
356,2,We,we
356,3,je,je
356,4,"chik,",chik
356,5,Ri,ri
356,6,we'.”,we'
356,7,“Utz,utz
356,8,b'a,b'a
356,9,la',la'
356,10,lal,lal
356,11,ajaw.,ajaw
357,0,Chikop,chikop
357,1,b'a,b'a
357,2,kaq'axuwik.,kaq'axuwik
358,0,Xa,xa
358,1,chok,chok
358,2,u,u
358,3,"k'exel,",k'exel
358,4,Chel,chel
358,5,ri,ri
358,6,e',e'
358,7,la.”,la
358,8,“Ma,ma
358,9,b'a,b'a
358,10,utz,utz
358,11,lo,lo
358,12,chel,chel
358,13,ri,ri
358,14,"we',",we'
358,15,Rumal,rumal
358,16,xere,xere
358,17,in,in
358,18,ajaw,ajaw
358,19,wi.,wi
359,0,Nu,nu
359,1,kawub'al,kawub'al
359,2,ri,ri
359,3,"we',",we'
359,4,Ruk',ruk'
359,5,u,u
359,6,b'aq',b'aq'
359,7,nu,nu
359,8,wach.”,wach
359,9,“Xchiqakoj,xchiqakoj
359,10,chik,chik
359,11,na,na
359,12,k'ut,k'ut
359,13,U,u
359,14,k'exel,k'exel
359,15,jok'om,jok'om
359,16,b'aq.”,b'aq
359,17,Xchok,xchok
359,18,chik,chik
359,19,are',are'
359,20,k'ut,k'ut
359,21,jok'om,jok'om
359,22,b'aq,b'aq
359,23,Ri,ri
359,24,xa,xa
359,25,saqi,saqi
359,26,ixim.,ixim
360,0,“Utz,utz
360,1,b'a,b'a
360,2,"la',",la'
360,3,"chiwelesaj,",chiwelesaj
360,4,chito'o',chito'o'
360,5,"uloq,”",uloq
360,6,xcha',xcha'
360,7,k'ut.,k'ut
361,0,Ta,ta
361,1,xel,xel
361,2,k'u,k'u
361,3,ri,ri
361,4,re',re'
361,5,Wuqub',wuqub'
361,6,Kaqix.,kaqix
362,0,Xa,xa
362,1,saqi,saqi
362,2,ixim,ixim
362,3,u,u
362,4,k'exel,k'exel
362,5,re',re'
362,6,"xokik,",xokik
362,7,Xa,xa
362,8,chi,chi
362,9,k'u,k'u
362,10,saq,saq
362,11,julujuj,julujuj
362,12,chi,chi
362,13,ula,ula
362,14,ixim,ixim
362,15,pu,pu
362,16,chi'.,chi'
363,0,Ju,ju
363,1,su,su
363,2,k'u,k'u
363,3,xqaj,xqaj
363,4,u,u
363,5,"wach,",wach
363,6,Mawi,mawi
363,7,ajaw,ajaw
363,8,chik,chik
363,9,xwachinik.,xwachinik
364,0,Xk'is,xk'is
364,1,elik,elik
364,2,ri,ri
364,3,"re',",re'
364,4,K'uwal,k'uwal
364,5,rax,rax
364,6,kawakoj,kawakoj
364,7,pu,pu
364,8,chi'.,chi'
365,0,Ta,ta
365,1,xkunax,xkunax
365,2,chi,chi
365,3,k'ut,k'ut
365,4,u,u
365,5,b'aq',b'aq'
365,6,u,u
365,7,wach,wach
365,8,Wuqub',wuqub'
365,9,Kaqix.,kaqix
366,0,Ta,ta
366,1,xch'olik,xch'olik
366,2,u,u
366,3,b'aq',b'aq'
366,4,u,u
366,5,wach.,wach
367,0,Xk'is,xk'is
367,1,elik,elik
367,2,Ri,ri
367,3,puwaq.,puwaq
368,0,Ma,ma
368,1,na,na
368,2,k'ax,k'ax
368,3,taj,taj
368,4,"xuna'o,",xuna'o
368,5,Xa,xa
368,6,wi,wi
368,7,xere,xere
368,8,kamuqunik.,kamuqunik
369,0,Ta,ta
369,1,xk'is,xk'is
369,2,k'u,k'u
369,3,elik,elik
369,4,Ri,ri
369,5,u,u
369,6,nimarisab'al,nimarisab'al
369,7,rib'.,rib'
370,0,Xa,xa
370,1,wi,wi
370,2,ki,ki
370,3,na'oj,na'oj
370,4,ri,ri
370,5,"Junajpu,",junajpu
370,6,Xb'alanke.,xb'alanke
371,0,Ta,ta
371,1,xkam,xkam
371,2,k'ut,k'ut
371,3,ri,ri
371,4,Wuqub',wuqub'
371,5,Kaqix.,kaqix
372,0,Ta,ta
372,1,xuk'am,xuk'am
372,2,k'ut,k'ut
372,3,u,u
372,4,q'ab',q'ab'
372,5,ri,ri
372,6,Junajpu.,junajpu
373,0,Xkam,xkam
373,1,nay,nay
373,2,puch,puch
373,3,"Chimalmat,",chimalmat
373,4,Rixoqil,rixoqil
373,5,Wuqub',wuqub'
373,6,Kaqix.,kaqix
374,0,Keje',keje'
374,1,k'ut,k'ut
374,2,u,u
374,3,sachik,sachik
374,4,u,u
374,5,q'inomal,q'inomal
374,6,Wuqub',wuqub'
374,7,Kaqix.,kaqix
375,0,Ri,ri
375,1,xa,xa
375,2,aj,aj
375,3,kun,kun
375,4,xk'amowik:,xk'amowik
375,5,Ri,ri
375,6,"k'uwal,",k'uwal
375,7,Yamanik.,yamanik
376,0,Xupunab'ej,xupunab'ej
376,1,waral,waral
376,2,Chuwach,chuwach
376,3,ulew.,ulew
377,0,Nawal,nawal
377,1,"ati't,",ati't
377,2,Nawal,nawal
377,3,mama',mama'
377,4,xb'anowik.,xb'anowik
378,0,Ta,ta
378,1,xkik'am,xkik'am
378,2,k'ut,k'ut
378,3,Ki,ki
378,4,"q'ab',",q'ab'
378,5,Xtikitax,xtikitax
378,6,u,u
378,7,"kok,",kok
378,8,Utz,utz
378,9,chik,chik
378,10,xuxik.,xuxik
379,0,Xa,xa
379,1,rumal,rumal
379,2,u,u
379,3,kamik,kamik
379,4,Wuqub',wuqub'
379,5,Kaqix,kaqix
379,6,"xkaj,",xkaj
379,7,Keje',keje'
379,8,xkib'ano.,xkib'ano
380,0,Itzel,itzel
380,1,"xkilo,",xkilo
380,2,Nimarisab'al,nimarisab'al
380,3,ib'.,ib'
381,0,K'ate,k'ate
381,1,k'ut,k'ut
381,2,xeb'e,xeb'e
381,3,"chik,",chik
381,4,E,e
381,5,kaib',kaib'
381,6,k'ajolab'.,k'ajolab'
382,0,Xa,xa
382,1,u,u
382,2,tzij,tzij
382,3,ri,ri
382,4,u,u
382,5,K'u'x,k'u'x
382,6,"Kaj,",kaj
382,7,Ta,ta
382,8,xkib'ano.,xkib'ano
383,0,WA'E,wa'e
383,1,chi,chi
383,2,k'ute,k'ute
383,3,u,u
383,4,b'anoj,b'anoj
383,5,chik,chik
383,6,"Sipakna,",sipakna
383,7,U,u
383,8,nab'e,nab'e
383,9,k'ajol,k'ajol
383,10,Wuqub',wuqub'
383,11,Kaqix.,kaqix
384,0,“In,in
384,1,b'anol,b'anol
384,2,"juyub',”",juyub'
384,3,Kacha',kacha'
384,4,ri,ri
384,5,Sipakna.,sipakna
385,0,Are',are'
385,1,k'u,k'u
385,2,ri,ri
385,3,Sipakna,sipakna
385,4,Katinik,katinik
385,5,chuchi',chuchi'
385,6,ja',ja'
385,7,Ta,ta
385,8,xe'ik'owik,xe'ik'owik
385,9,O',o'
385,10,much',much'
385,11,k'ajolab'.,k'ajolab'
386,0,E,e
386,1,jur,jur
386,2,wi,wi
386,3,"che',",che'
386,4,Raqan,raqan
386,5,ki,ki
386,6,kab'al.,kab'al
387,0,O',o'
387,1,much',much'
387,2,Chub'inik.,chub'inik
388,0,Ta,ta
388,1,xkiq'at,xkiq'at
388,2,k'ut,k'ut
388,3,jun,jun
388,4,nima,nima
388,5,"che',",che'
388,6,U,u
388,7,wapalil,wapalil
388,8,ki,ki
388,9,kab'al.,kab'al
389,0,K'ate,k'ate
389,1,k'ut,k'ut
389,2,xb'e,xb'e
389,3,ri,ri
389,4,"Sipakna,",sipakna
389,5,“Naqi,naqi
389,6,pa,pa
389,7,"kib'ano,",kib'ano
389,8,Ix,ix
389,9,k'ajolab'?”,k'ajolab'
389,10,“Xa,xa
389,11,"che',",che'
389,12,Mawi,mawi
389,13,kaqayako,kaqayako
389,14,Chiteleb'a'.”,chiteleb'a'
389,15,“Xchintelej.,xchintelej
390,0,Apa,apa
390,1,kopon,kopon
390,2,wi?,wi
391,0,Naqi,naqi
391,1,pa,pa
391,2,u,u
391,3,chak,chak
391,4,chi,chi
391,5,i,i
391,6,k'u'x?”,k'u'x
391,7,“Xa,xa
391,8,u,u
391,9,wapalil,wapalil
391,10,Qa,qa
391,11,kab'al.”,kab'al
391,12,“Utz,utz
391,13,b'a,b'a
391,14,"la',”",la'
391,15,Cha',cha'
391,16,k'ut.,k'ut
392,0,Ta,ta
392,1,xujuruj,xujuruj
392,2,"k'ut,",k'ut
392,3,Xuteleb'a',xuteleb'a'
392,4,k'u,k'u
392,5,aq'anoq,aq'anoq
392,6,Chuchi',chuchi'
392,7,ki,ki
392,8,kab'al,kab'al
392,9,O',o'
392,10,much',much'
392,11,k'ajolab'.,k'ajolab'
393,0,“Xa,xa
393,1,ta,ta
393,2,wi,wi
393,3,katk'oje',katk'oje'
393,4,"quk',",quk'
393,5,At,at
393,6,k'ajol.,k'ajol
394,0,K'o,k'o
394,1,pa,pa
394,2,a,a
394,3,"chuch,",chuch
394,4,A,a
394,5,qajaw?”,qajaw
394,6,“Maja,maja
394,7,"b'i,”",b'i
394,8,Xcha',xcha'
394,9,k'ut.,k'ut
395,0,“Kaqacha'kimaj,kaqacha'kimaj
395,1,ta,ta
395,2,na,na
395,3,b'a,b'a
395,4,la'.,la'
396,0,Chuwe'q,chuwe'q
396,1,chuwab'axik,chuwab'axik
396,2,chik,chik
396,3,Jun,jun
396,4,qa,qa
396,5,"che',",che'
396,6,Raqan,raqan
396,7,qa,qa
396,8,kab'al.”,kab'al
396,9,"“Utz,”",utz
396,10,Xcha',xcha'
396,11,chi,chi
396,12,k'ut.,k'ut
397,0,K'ate,k'ate
397,1,k'ut,k'ut
397,2,xk'am,xk'am
397,3,ki,ki
397,4,"na'oj,",na'oj
397,5,Ri,ri
397,6,o',o'
397,7,much',much'
397,8,k'ajolab'.,k'ajolab'
398,0,“Are',are'
398,1,ri,ri
398,2,"ala,",ala
398,3,jupacha,jupacha
398,4,chiqab'an,chiqab'an
398,5,chire?,chire
399,0,Chiqakamisaj,chiqakamisaj
399,1,"taj,",taj
399,2,Rumal,rumal
399,3,mawi,mawi
399,4,utz,utz
399,5,ri,ri
399,6,kub'ano.,kub'ano
400,0,Xa,xa
400,1,u,u
400,2,tukel,tukel
400,3,mi,mi
400,4,xuyak,xuyak
400,5,ri,ri
400,6,che'.,che'
401,0,Qa,qa
401,1,k'oto',k'oto'
401,2,jun,jun
401,3,nima,nima
401,4,jul,jul
401,5,"chiri',",chiri'
401,6,Ta,ta
401,7,k'ut,k'ut
401,8,chiqatzaq,chiqatzaq
401,9,wi,wi
401,10,qajoq,qajoq
401,11,pa,pa
401,12,jul.,jul
402,0,"‘Jak'ama',",jak'ama'
402,1,Qaja,qaja
402,2,ulew,ulew
402,3,pa,pa
402,4,"jul,’",jul
402,5,kojcha',kojcha'
402,6,ta,ta
402,7,chire,chire
402,8,chi.,chi
403,0,Are,are
403,1,ta,ta
403,2,k'ut,k'ut
403,3,pachal,pachal
403,4,qajoq,qajoq
403,5,pa,pa
403,6,"jul,",jul
403,7,Ta,ta
403,8,qatarij,qatarij
403,9,qajoq,qajoq
403,10,ri,ri
403,11,nima,nima
403,12,che',che'
403,13,chiri'.,chiri'
404,0,Ta,ta
404,1,k'ut,k'ut
404,2,chikam,chikam
404,3,wi,wi
404,4,pa,pa
404,5,"jul,”",jul
404,6,Xecha',xecha'
404,7,k'ut,k'ut
404,8,o',o'
404,9,much',much'
404,10,k'ajolab'.,k'ajolab'
405,0,Ta,ta
405,1,xkik'ot,xkik'ot
405,2,k'ut,k'ut
405,3,jun,jun
405,4,nima,nima
405,5,jul,jul
405,6,najt,najt
405,7,xqajik.,xqajik
406,0,Ta,ta
406,1,xkitaq,xkitaq
406,2,k'ut,k'ut
406,3,ri,ri
406,4,Sipakna:,sipakna
406,5,“Oj,oj
406,6,kanij,kanij
406,7,"chawech,",chawech
406,8,Chib'e,chib'e
406,9,ta,ta
406,10,a,a
406,11,k'oto,k'oto
406,12,chik,chik
406,13,ulew.,ulew
407,0,Mawi,mawi
407,1,"kaqariqo,”",kaqariqo
407,2,xuchaxik.,xuchaxik
408,0,“Utz,utz
408,1,b'a,b'a
408,2,"la',”",la'
408,3,xcha',xcha'
408,4,k'ut.,k'ut
409,0,K'ate,k'ate
409,1,k'ut,k'ut
409,2,xqaj,xqaj
409,3,pa,pa
409,4,jul.,jul
410,0,“Kasik'in,kasik'in
410,1,uloq,uloq
410,2,Ta,ta
410,3,k'ototajoq,k'ototajoq
410,4,ri,ri
410,5,"ulew,",ulew
410,6,Naj,naj
410,7,ta,ta
410,8,chiqajik,chiqajik
410,9,"awumal,”",awumal
410,10,Xuchaxik.,xuchaxik
411,0,"“We',”",we'
411,1,xcha',xcha'
411,2,k'ut.,k'ut
412,0,Ta,ta
412,1,xutikib'a',xutikib'a'
412,2,u,u
412,3,k'otik,k'otik
412,4,jul.,jul
413,0,Xreta'maj,xreta'maj
413,1,ri,ri
413,2,u,u
413,3,kamisaxik.,kamisaxik
414,0,Ta,ta
414,1,xuk'ot,xuk'ot
414,2,k'ut,k'ut
414,3,jun,jun
414,4,wi',wi'
414,5,chi,chi
414,6,jul,jul
414,7,chu,chu
414,8,tzalanem.,tzalanem
415,0,U,u
415,1,ka,ka
415,2,jul,jul
415,3,"xuk'oto,",xuk'oto
415,4,Xkolotaj,xkolotaj
415,5,wi.,wi
416,0,“K'a,k'a
416,1,janik'an,janik'an
416,2,pa,pa
416,3,la'?”,la'
416,4,Xuchax,xuchax
416,5,k'u,k'u
416,6,qajoq,qajoq
416,7,kumal,kumal
416,8,o',o'
416,9,much',much'
416,10,k'ajolab'.,k'ajolab'
417,0,“Kinan,kinan
417,1,u,u
417,2,k'oto.,k'oto
418,0,We,we
418,1,xkixnusik'ij,xkixnusik'ij
418,2,"aq'anoq,",aq'anoq
418,3,Ta,ta
418,4,chutzinoq,chutzinoq
418,5,u,u
418,6,"k'ototajik,”",k'ototajik
418,7,Xcha',xcha'
418,8,uloq,uloq
418,9,Sipakna,sipakna
418,10,chiri',chiri'
418,11,pa,pa
418,12,jul.,jul
419,0,Ma,ma
419,1,k'u,k'u
419,2,are',are'
419,3,kuk'ot,kuk'ot
419,4,u,u
419,5,xe',xe'
419,6,jul,jul
419,7,Ri,ri
419,8,u,u
419,9,muqikil.,muqikil
420,0,Xa,xa
420,1,u,u
420,2,jul,jul
420,3,kuk'oto,kuk'oto
420,4,Kolb'al,kolb'al
420,5,rib'.,rib'
421,0,K'ate,k'ate
421,1,k'ut,k'ut
421,2,ta,ta
421,3,xsik'in,xsik'in
421,4,uloq,uloq
421,5,ri,ri
421,6,"Sipakna,",sipakna
421,7,Kolon,kolon
421,8,chuka,chuka
421,9,chiri',chiri'
421,10,pa,pa
421,11,jul,jul
421,12,ta,ta
421,13,xsik'in,xsik'in
421,14,uloq.,uloq
422,0,“Kixpetoq.,kixpetoq
423,0,Chul,chul
423,1,I,i
423,2,k'ama',k'ama'
423,3,"ulew,",ulew
423,4,Rachaq,rachaq
423,5,jul.,jul
424,0,Mi,mi
424,1,xk'ototajik.,xk'ototajik
425,0,Qitzij,qitzij
425,1,naj,naj
425,2,mi,mi
425,3,xqaj,xqaj
425,4,wumal.,wumal
426,0,Ma,ma
426,1,pa,pa
426,2,kita,kita
426,3,nu,nu
426,4,sik'ib'al,sik'ib'al
426,5,lo?,lo
427,0,Are',are'
427,1,k'u,k'u
427,2,ri,ri
427,3,i,i
427,4,sik'ib'al.,sik'ib'al
428,0,Xa,xa
428,1,ub'i,ub'i
428,2,"Kaxojanik,",kaxojanik
428,3,Keje',keje'
428,4,ri',ri'
428,5,jun,jun
428,6,"eleb'al,",eleb'al
428,7,Kaib',kaib'
428,8,eleb'al,eleb'al
428,9,ix,ix
428,10,k'o,k'o
428,11,wi.,wi
429,0,"Kanuta'o,”",kanuta'o
429,1,Xcha',xcha'
429,2,ula,ula
429,3,ri,ri
429,4,Sipakna,sipakna
429,5,pa,pa
429,6,u,u
429,7,jul.,jul
430,0,Chiri',chiri'
430,1,k'ut,k'ut
430,2,matzal,matzal
430,3,chi,chi
430,4,wi,wi
430,5,"uloq,",uloq
430,6,Kasik'iyaj,kasik'iyaj
430,7,chi,chi
430,8,ula,ula
430,9,pa,pa
430,10,jul.,jul
431,0,Are',are'
431,1,k'ut,k'ut
431,2,kajurux,kajurux
431,3,uloq,uloq
431,4,ri,ri
431,5,ki,ki
431,6,nima,nima
431,7,che',che'
431,8,rumal,rumal
431,9,"k'ajolab',",k'ajolab'
431,10,K'ate,k'ate
431,11,puch,puch
431,12,xkitarij,xkitarij
431,13,qajoq,qajoq
431,14,ri,ri
431,15,che',che'
431,16,pa,pa
431,17,jul.,jul
432,0,“Ma,ma
432,1,"k'o,",k'o
432,2,Ma,ma
432,3,"ch'awik,",ch'awik
432,4,Chiqata,chiqata
432,5,na,na
432,6,ta,ta
432,7,churaquj,churaquj
432,8,u,u
432,9,"chi',",chi'
432,10,Ta,ta
432,11,"kamoq,”",kamoq
432,12,Xecha',xecha'
432,13,chi,chi
432,14,kib'il,kib'il
432,15,kib'.,kib'
433,0,Xa,xa
433,1,kejaslajik.,kejaslajik
434,0,Xa,xa
434,1,pu,pu
434,2,chimatzalaj,chimatzalaj
434,3,ki,ki
434,4,wach,wach
434,5,Chi,chi
434,6,ki,ki
434,7,jujunal.,jujunal
435,0,Ta,ta
435,1,xkitarij,xkitarij
435,2,qajoq,qajoq
435,3,ri,ri
435,4,che'.,che'
436,0,Are,are
436,1,k'u,k'u
436,2,xcha',xcha'
436,3,k'ut.,k'ut
437,0,Ta,ta
437,1,xuraquj,xuraquj
437,2,u,u
437,3,chi'.,chi'
438,0,Xa,xa
438,1,ju,ju
438,2,paj,paj
438,3,chik,chik
438,4,"xsik'inik,",xsik'inik
438,5,Ta,ta
438,6,xqaj,xqaj
438,7,apanoq,apanoq
438,8,ri,ri
438,9,che'.,che'
439,0,"“Oka,",oka
439,1,mi,mi
439,2,xutzinik!,xutzinik
440,0,Qi,qi
440,1,utz!,utz
441,0,Mi,mi
441,1,xqab'ano,xqab'ano
441,2,chire.,chire
442,0,Mi,mi
442,1,xkamik.,xkamik
443,0,Ata,ata
443,1,lab'e,lab'e
443,2,Chitaqen,chitaqen
443,3,"Chub'ano,",chub'ano
443,4,Chuchakuj?,chuchakuj
444,0,Ta,ta
444,1,chuxoq,chuxoq
444,2,U,u
444,3,nab'e,nab'e
444,4,la'.,la'
445,0,Xukoj,xukoj
445,1,ula,ula
445,2,rib',rib'
445,3,"quk',",quk'
445,4,Chiqaxo'l,chiqaxo'l
445,5,"puch,",puch
445,6,La',la'
445,7,"oj,",oj
445,8,O',o'
445,9,much',much'
445,10,chi,chi
445,11,k'ajolab'!”,k'ajolab'
445,12,Xecha',xecha'
445,13,k'ut.,k'ut
446,0,Keki'kot,keki'kot
446,1,chik.,chik
447,0,“K'o,k'o
447,1,ri',ri'
447,2,u,u
447,3,b'anik,b'anik
447,4,qa,qa
447,5,ki',ki'
447,6,oxij.,oxij
448,0,Ke'ek'owik,ke'ek'owik
448,1,oxij,oxij
448,2,"puch,",puch
448,3,Chiquk'aj,chiquk'aj
448,4,"laq'ab'eb'al,",laq'ab'eb'al
448,5,Qa,qa
448,6,"kab'al,",kab'al
448,7,La',la'
448,8,"oj,",oj
448,9,O',o'
448,10,much',much'
448,11,chi,chi
448,12,k'ajolab'!”,k'ajolab'
448,13,xecha'.,xecha'
449,0,“Chuwe'q,chuwe'q
449,1,k'ut,k'ut
449,2,chiqilo.,chiqilo
450,0,Kab'ij,kab'ij
450,1,puch,puch
450,2,"chiqilo,",chiqilo
450,3,Ma,ma
450,4,pa,pa
450,5,chipe,chipe
450,6,sanik,sanik
450,7,Pu,pu
450,8,ulew.,ulew
451,0,Ta,ta
451,1,"chuwinoq,",chuwinoq
451,2,Ta,ta
451,3,q'eyoq.,q'eyoq
452,0,K'ate,k'ate
452,1,k'ut,k'ut
452,2,ku'ul,ku'ul
452,3,chi,chi
452,4,qa,qa
452,5,"k'u'x,",k'u'x
452,6,Ta,ta
452,7,quk'aj,quk'aj
452,8,ri,ri
452,9,qa,qa
452,10,"ki',”",ki'
452,11,xecha',xecha'
452,12,k'ut.,k'ut
453,0,Kuta',kuta'
453,1,k'u,k'u
453,2,uloq,uloq
453,3,Ri,ri
453,4,Sipakna,sipakna
453,5,chiri',chiri'
453,6,pa,pa
453,7,jul,jul
453,8,Ta,ta
453,9,xkib'ij,xkib'ij
453,10,k'ajolab',k'ajolab'
453,11,ri'.,ri'
454,0,K'a,k'a
454,1,chukab'ij,chukab'ij
454,2,"puch,",puch
454,3,Ta,ta
454,4,xtub'ukij,xtub'ukij
454,5,sanik.,sanik
455,0,"Keb'inowik,",keb'inowik
455,1,Keb'uchuwik.,keb'uchuwik
456,0,Ta,ta
456,1,xek'ulun,xek'ulun
456,2,xe',xe'
456,3,che'.,che'
457,0,Jumaj,jumaj
457,1,ki,ki
457,2,kayelo'n,kayelo'n
457,3,"is,",is
457,4,Ki,ki
457,5,kayelo'n,kayelo'n
457,6,puch,puch
457,7,rixk'aq,rixk'aq
457,8,Sipakna.,sipakna
458,0,Ta,ta
458,1,xkil,xkil
458,2,k'u,k'u
458,3,Ri,ri
458,4,k'ajolab':,k'ajolab'
458,5,“Mi,mi
458,6,pa,pa
458,7,xutzin,xutzin
458,8,ri,ri
458,9,k'axtok'.,k'axtok'
459,0,Chiwila',chiwila'
459,1,na,na
459,2,sanik!,sanik
460,0,Mi,mi
460,1,xek'ulun,xek'ulun
460,2,"uloq,",uloq
460,3,Mi,mi
460,4,xetub'ukij,xetub'ukij
460,5,uloq.,uloq
461,0,Jumaj,jumaj
461,1,is,is
461,2,ki,ki
461,3,kayen.,kayen
462,0,K'o,k'o
462,1,rixk'aq,rixk'aq
462,2,ri,ri
462,3,chila',chila'
462,4,na.,na
463,0,Mi,mi
463,1,xqab'ano,xqab'ano
463,2,"k'a,”",k'a
463,3,Xecha',xecha'
463,4,chi,chi
463,5,kib'il,kib'il
463,6,kib'.,kib'
464,0,Are',are'
464,1,k'u,k'u
464,2,ri,ri
464,3,Sipakna,sipakna
464,4,xa,xa
464,5,wi,wi
464,6,k'aslik.,k'aslik
465,0,Xuq'at,xuq'at
465,1,uloq,uloq
465,2,rismal,rismal
465,3,u,u
465,4,wi'.,wi'
466,0,Xa,xa
466,1,pu,pu
466,2,kuk'ux,kuk'ux
466,3,uloq,uloq
466,4,"rixk'aq,",rixk'aq
466,5,Chire,chire
466,6,kuya',kuya'
466,7,ula,ula
466,8,chikech,chikech
466,9,ri,ri
466,10,sanik.,sanik
467,0,Keje',keje'
467,1,k'u,k'u
467,2,ri',ri'
467,3,xkamik,xkamik
467,4,Xkina'o,xkina'o
467,5,o',o'
467,6,much',much'
467,7,k'ajolab'.,k'ajolab'
468,0,K'ate,k'ate
468,1,k'ut,k'ut
468,2,xtikar,xtikar
468,3,ki,ki
468,4,ki',ki'
468,5,chi,chi
468,6,roxij.,roxij
469,0,Ta,ta
469,1,xeq'ab'ar,xeq'ab'ar
469,2,puch,puch
469,3,konojel,konojel
469,4,"k'ajolab',",k'ajolab'
469,5,E,e
469,6,k'u,k'u
469,7,q'ab'arinaq,q'ab'arinaq
469,8,chik,chik
469,9,konojel,konojel
469,10,o',o'
469,11,much',much'
469,12,"k'ajolab',",k'ajolab'
469,13,Maja,maja
469,14,b'i,b'i
469,15,kakina',kakina'
469,16,chik.,chik
470,0,K'ate,k'ate
470,1,puch,puch
470,2,xulix,xulix
470,3,ri,ri
470,4,kab'al,kab'al
470,5,Pa,pa
470,6,ki,ki
470,7,wi',wi'
470,8,rumal,rumal
470,9,ri,ri
470,10,Sipakna.,sipakna
471,0,"Xek'is,",xek'is
471,1,Ch'ayatajik,ch'ayatajik
471,2,konojel.,konojel
472,0,Maja,maja
472,1,b'i,b'i
472,2,chik,chik
472,3,"jun,",jun
472,4,Kaib',kaib'
472,5,xkolotaj,xkolotaj
472,6,chikech,chikech
472,7,ri,ri
472,8,o',o'
472,9,much',much'
472,10,chi,chi
472,11,k'ajolab'.,k'ajolab'
473,0,Xekamisaxik,xekamisaxik
473,1,rumal,rumal
473,2,"Sipakna,",sipakna
473,3,U,u
473,4,k'ajol,k'ajol
473,5,ri,ri
473,6,Wuqub',wuqub'
473,7,Kaqix.,kaqix
474,0,Keje',keje'
474,1,k'ut,k'ut
474,2,ki,ki
474,3,"kamik,",kamik
474,4,O',o'
474,5,much',much'
474,6,k'ajolab',k'ajolab'
474,7,ri'.,ri'
475,0,Ri,ri
475,1,Motz,motz
475,2,u,u
475,3,b'i',b'i'
475,4,kumal.,kumal
476,0,We,we
476,1,k'ut,k'ut
476,2,xa,xa
476,3,saqb'al,saqb'al
476,4,tzij,tzij
476,5,lo.,lo
477,0,Are',are'
477,1,chi,chi
477,2,k'ut,k'ut
477,3,chiqab'ij,chiqab'ij
477,4,U,u
477,5,ch'akatajik,ch'akatajik
477,6,chik,chik
477,7,Sipakna,sipakna
477,8,Rumal,rumal
477,9,ri,ri
477,10,e,e
477,11,kaib',kaib'
477,12,"k'ajolab',",k'ajolab'
477,13,"Junajpu,",junajpu
477,14,Xb'alanke.,xb'alanke
478,0,ARE',are'
478,1,chik,chik
478,2,u,u
478,3,"ch'akatajik,",ch'akatajik
478,4,U,u
478,5,kamik,kamik
478,6,"Sipakna,",sipakna
478,7,Ta,ta
478,8,xch'ak,xch'ak
478,9,chik,chik
478,10,Kumal,kumal
478,11,ri,ri
478,12,e,e
478,13,kaib',kaib'
478,14,"k'ajolab',",k'ajolab'
478,15,"Junajpu,",junajpu
478,16,Xb'alanke.,xb'alanke
479,0,Are',are'
479,1,chi,chi
479,2,kuyoq',kuyoq'
479,3,ki,ki
479,4,k'u'x,k'u'x
479,5,"k'ajolab',",k'ajolab'
479,6,Ri,ri
479,7,o',o'
479,8,much',much'
479,9,chi,chi
479,10,k'ajolab',k'ajolab'
479,11,xekamik,xekamik
479,12,rumal,rumal
479,13,Sipakna.,sipakna
480,0,Xa,xa
480,1,"kar,",kar
480,2,Xa,xa
480,3,"tap,",tap
480,4,Chutzukuj,chutzukuj
480,5,chi,chi
480,6,taq,taq
480,7,a'.,a'
481,0,Xere,xere
481,1,chirecha'j,chirecha'j
481,2,ju,ju
481,3,ta,ta
481,4,"q'ij,",q'ij
481,5,K'ate,k'ate
481,6,k'ut,k'ut
481,7,u,u
481,8,jalwachixik,jalwachixik
481,9,Jun,jun
481,10,nima,nima
481,11,tap,tap
481,12,Kumal,kumal
481,13,"Junajpu,",junajpu
481,14,Xb'alanke.,xb'alanke
482,0,Are',are'
482,1,k'ut,k'ut
482,2,xkikoj,xkikoj
482,3,ri,ri
482,4,u,u
482,5,wach,wach
482,6,"ek',",ek'
482,7,Ri,ri
482,8,mak,mak
482,9,ek',ek'
482,10,k'o,k'o
482,11,pa,pa
482,12,taq,taq
482,13,k'eche'laj.,k'eche'laj
483,0,Are',are'
483,1,u,u
483,2,xul,xul
483,3,tap,tap
483,4,xuxik,xuxik
483,5,pa,pa
483,6,jaq.,jaq
484,0,Chi,chi
484,1,k'ut,k'ut
484,2,u,u
484,3,kok,kok
484,4,q'ab',q'ab'
484,5,xkikojo.,xkikojo
485,0,Sel,sel
485,1,ab'aj,ab'aj
485,2,k'u,k'u
485,3,ri,ri
485,4,u,u
485,5,wa,wa
485,6,rachaq,rachaq
485,7,"tap,",tap
485,8,Ri,ri
485,9,jowojik.,jowojik
486,0,K'ate,k'ate
486,1,k'ut,k'ut
486,2,ta,ta
486,3,xkikoj,xkikoj
486,4,u,u
486,5,kok,kok
486,6,chuxe',chuxe'
486,7,"pek,",pek
486,8,Chuxe',chuxe'
486,9,nima,nima
486,10,juyub'.,juyub'
487,0,Meawan,meawan
487,1,u,u
487,2,b'i',b'i'
487,3,"juyub',",juyub'
487,4,Xch'akataj,xch'akataj
487,5,wi.,wi
488,0,K'ate,k'ate
488,1,k'ut,k'ut
488,2,ta,ta
488,3,xepe,xepe
488,4,ri,ri
488,5,"k'ajolab',",k'ajolab'
488,6,Xkik'u,xkik'u
488,7,ri,ri
488,8,Sipakna,sipakna
488,9,chi,chi
488,10,ya'.,ya'
489,0,“Apa,apa
489,1,katb'e,katb'e
489,2,"wi,",wi
489,3,At,at
489,4,k'ajol?”,k'ajol
489,5,Xcha'x,xcha'x
489,6,k'u,k'u
489,7,ri,ri
489,8,Sipakna.,sipakna
490,0,“Maja,maja
490,1,b'i,b'i
490,2,kinb'e,kinb'e
490,3,wi.,wi
491,0,Xa,xa
491,1,wecha',wecha'
491,2,"kanutzukuj,",kanutzukuj
491,3,Ix,ix
491,4,"k'ajolab',”",k'ajolab'
491,5,Xcha',xcha'
491,6,k'u,k'u
491,7,ri,ri
491,8,Sipakna.,sipakna
492,0,“Naqi,naqi
492,1,pa,pa
492,2,awecha'?”,awecha'
492,3,“Xa,xa
492,4,"kar,",kar
492,5,Xa,xa
492,6,tap.,tap
493,0,Xma,xma
493,1,k'o,k'o
493,2,chi,chi
493,3,wi,wi
493,4,Kanuriqo.,kanuriqo
494,0,Kab'ijir,kab'ijir
494,1,chinkanaj,chinkanaj
494,2,recha'xik.,recha'xik
495,0,Mawi,mawi
495,1,kanuch'ij,kanuch'ij
495,2,chik,chik
495,3,"waij,”",waij
495,4,Xcha',xcha'
495,5,Sipakna,sipakna
495,6,chikech,chikech
495,7,"Junajpu,",junajpu
495,8,Xb'alanke.,xb'alanke
496,0,“Jun,jun
496,1,are',are'
496,2,la',la'
496,3,tap,tap
496,4,k'o,k'o
496,5,ula,ula
496,6,xe',xe'
496,7,siwan.,siwan
497,0,Qitzij,qitzij
497,1,chi,chi
497,2,nima,nima
497,3,tap.,tap
498,0,Kaq'ij,kaq'ij
498,1,ta,ta
498,2,"la',",la'
498,3,Chawecha'j,chawecha'j
498,4,lo.,lo
499,0,Xa,xa
499,1,kojuti'o.,kojuti'o
500,0,Mi,mi
500,1,xraj,xraj
500,2,qa,qa
500,3,chapo.,chapo
501,0,Kaqaxib'ij,kaqaxib'ij
501,1,qib',qib'
501,2,rumal.,rumal
502,0,Ma,ma
502,1,chib'e,chib'e
502,2,"on,",on
502,3,"kachapa',”",kachapa'
502,4,Xecha',xecha'
502,5,ri,ri
502,6,"Junajpu,",junajpu
502,7,Xb'alanke.,xb'alanke
503,0,“Kitoq'ob'a',kitoq'ob'a'
503,1,nu,nu
503,2,wach.,wach
504,0,Kib'e,kib'e
504,1,ta,ta
504,2,i,i
504,3,"wab'a',",wab'a'
504,4,Ix,ix
504,5,"k'ajolab',”",k'ajolab'
504,6,Xcha',xcha'
504,7,ri,ri
504,8,Sipakna.,sipakna
505,0,“Ma,ma
505,1,b'a,b'a
505,2,chiqaj.,chiqaj
506,0,Xa,xa
506,1,ta,ta
506,2,katb'ek.,katb'ek
507,0,Ma,ma
507,1,sachib'al,sachib'al
507,2,"taj,",taj
507,3,Xa,xa
507,4,raqan,raqan
507,5,ja',ja'
507,6,"katb'ek,",katb'ek
507,7,At,at
507,8,k'u,k'u
507,9,tak'al,tak'al
507,10,aponoq,aponoq
507,11,xe',xe'
507,12,nima,nima
507,13,"juyub',",juyub'
507,14,Jowol,jowol
507,15,ula,ula
507,16,chuxe',chuxe'
507,17,siwan.,siwan
508,0,Xa,xa
508,1,katel,katel
508,2,"apanoq,”",apanoq
508,3,Xecha',xecha'
508,4,"Junajpu,",junajpu
508,5,Xb'alanke.,xb'alanke
509,0,“La,la
509,1,qi,qi
509,2,"b'a,",b'a
509,3,Toq'ob',toq'ob'
509,4,nu,nu
509,5,wach.,wach
510,0,Ma,ma
510,1,b'a,b'a
510,2,xuk'ulu,xuk'ulu
510,3,ix,ix
510,4,k'ajolab'.,k'ajolab'
511,0,Kixb'e,kixb'e
511,1,na,na
511,2,k'u,k'u
511,3,nu,nu
511,4,wab'a'.,wab'a'
512,0,K'o,k'o
512,1,k'i,k'i
512,2,xo,xo
512,3,wi,wi
512,4,ri,ri
512,5,tz'ikin.,tz'ikin
513,0,Chib'e,chib'e
513,1,taj,taj
513,2,iwub'aj.,iwub'aj
514,0,Weta'm,weta'm
514,1,k'o,k'o
514,2,"wi,”",wi
514,3,Xcha',xcha'
514,4,chi,chi
514,5,k'ut,k'ut
514,6,Sipakna.,sipakna
515,0,"Xelajik,",xelajik
515,1,Xoq',xoq'
515,2,na,na
515,3,chikiwach,chikiwach
515,4,k'ajolab'.,k'ajolab'
516,0,“La,la
516,1,ma,ma
516,2,qi,qi
516,3,k'u,k'u
516,4,xchachap,xchachap
516,5,"lo,",lo
516,6,Ta,ta
516,7,xa,xa
516,8,keje',keje'
516,9,xkojtzalij,xkojtzalij
516,10,awumal.,awumal
517,0,Ma,ma
517,1,xa,xa
517,2,mawi,mawi
517,3,"xqatijo,",xqatijo
517,4,Xa,xa
517,5,ju,ju
517,6,suk',suk'
517,7,chiti'onik,chiti'onik
517,8,ri'.,ri'
518,0,Oj,oj
518,1,jupulik,jupulik
518,2,Kojok,kojok
518,3,ub'ik.,ub'ik
519,0,K'ate,k'ate
519,1,k'ut,k'ut
519,2,kuxib'ij,kuxib'ij
519,3,rib',rib'
519,4,ri',ri'
519,5,Oj,oj
519,6,pak'alik,pak'alik
519,7,Kojok,kojok
519,8,ub'ik.,ub'ik
520,0,Xa,xa
520,1,k'u,k'u
520,2,sqaqi'n,sqaqi'n
520,3,"chik,",chik
520,4,Mawi,mawi
520,5,chiqariqo.,chiqariqo
521,0,K'ate,k'ate
521,1,k'u,k'u
521,2,utz,utz
521,3,at,at
521,4,pak'alik,pak'alik
521,5,Katok,katok
521,6,"ub'ik,”",ub'ik
521,7,Xuchax,xuchax
521,8,k'ut.,k'ut
522,0,“Utz,utz
522,1,b'a,b'a
522,2,"la',”",la'
522,3,xcha',xcha'
522,4,k'u,k'u
522,5,ri,ri
522,6,Sipakna.,sipakna
523,0,Ta,ta
523,1,xb'e,xb'e
523,2,"k'ut,",k'ut
523,3,Achb'ilan,achb'ilan
523,4,chi,chi
523,5,k'ut,k'ut
523,6,ri,ri
523,7,Sipakna.,sipakna
524,0,"Xb'ek,",xb'ek
524,1,Xe'opon,xe'opon
524,2,chuxe',chuxe'
524,3,siwan.,siwan
525,0,Tzalam,tzalam
525,1,k'u,k'u
525,2,la',la'
525,3,ri,ri
525,4,tap.,tap
526,0,Kaq,kaq
526,1,wakawoj,wakawoj
526,2,ula,ula
526,3,rij,rij
526,4,xe',xe'
526,5,siwan.,siwan
527,0,Ri',ri'
527,1,k'ute,k'ute
527,2,ki,ki
527,3,kumatzij.,kumatzij
528,0,Karaj,karaj
528,1,"taj,",taj
528,2,Xkok,xkok
528,3,ta,ta
528,4,pu,pu
528,5,"chi',",chi'
528,6,Rumal,rumal
528,7,qitzij,qitzij
528,8,kutzin,kutzin
528,9,chi,chi
528,10,waij.,waij
529,0,Xraj,xraj
529,1,kutij,kutij
529,2,ri'.,ri'
530,0,Xa,xa
530,1,xraj,xraj
530,2,jupunik,jupunik
530,3,Xraj,xraj
530,4,okik.,okik
531,0,Paqal,paqal
531,1,k'u,k'u
531,2,ri,ri
531,3,tap,tap
531,4,xaq'anik.,xaq'anik
532,0,K'ate,k'ate
532,1,k'ut,k'ut
532,2,xel,xel
532,3,chu,chu
532,4,uloq.,uloq
533,0,“Mawi,mawi
533,1,xariqo?”,xariqo
533,2,xuchax,xuchax
533,3,k'ut.,k'ut
534,0,“Maja,maja
534,1,b'i.,b'i
535,0,Xa,xa
535,1,paqalik,paqalik
535,2,Kaq'anik.,kaq'anik
536,0,Xa,xa
536,1,nab'e,nab'e
536,2,sqaqi'n,sqaqi'n
536,3,chik,chik
536,4,Mawi,mawi
536,5,mi,mi
536,6,xnuriqo.,xnuriqo
537,0,K'ate,k'ate
537,1,utz,utz
537,2,lo,lo
537,3,kipak'e'ik,kipak'e'ik
537,4,Kinok,kinok
537,5,"ub'ik,”",ub'ik
537,6,xcha,xcha
537,7,chi,chi
537,8,k'ut.,k'ut
538,0,K'ate,k'ate
538,1,k'ut,k'ut
538,2,pak'al,pak'al
538,3,chik,chik
538,4,Ta,ta
538,5,xok,xok
538,6,ub'ik.,ub'ik
539,0,Xk'is,xk'is
539,1,k'u,k'u
539,2,ok,ok
539,3,ub'ik.,ub'ik
540,0,Xa,xa
540,1,u,u
540,2,wi',wi'
540,3,u,u
540,4,ch'ek,ch'ek
540,5,chik,chik
540,6,xk'utun,xk'utun
540,7,uloq.,uloq
541,0,Xk'is,xk'is
541,1,b'iq'itajik.,b'iq'itajik
542,0,Xlilob',xlilob'
542,1,k'u,k'u
542,2,qajoq,qajoq
542,3,nima,nima
542,4,juyub',juyub'
542,5,chi,chi
542,6,u,u
542,7,k'u'x.,k'u'x
543,0,Mawi,mawi
543,1,xsolkopij,xsolkopij
543,2,chik.,chik
544,0,Ab'aj,ab'aj
544,1,k'ut,k'ut
544,2,xuxik,xuxik
544,3,ri,ri
544,4,Sipakna.,sipakna
545,0,Keje',keje'
545,1,u,u
545,2,ch'akatajik,ch'akatajik
545,3,chik,chik
545,4,Sipakna,sipakna
545,5,Kumal,kumal
545,6,k'ajolab',k'ajolab'
545,7,"Junajpu,",junajpu
545,8,"Xb'alanke,",xb'alanke
545,9,“Ri,ri
545,10,B'anol,b'anol
545,11,"Juyub',”",juyub'
545,12,xcha'.,xcha'
546,0,U,u
546,1,tzijoxik,tzijoxik
546,2,ojer,ojer
546,3,u,u
546,4,nab'e,nab'e
546,5,k'ajol,k'ajol
546,6,Wuqub',wuqub'
546,7,Kaqix.,kaqix
547,0,Chuxe',chuxe'
547,1,"juyub',",juyub'
547,2,Meawan,meawan
547,3,u,u
547,4,"b'i',",b'i'
547,5,Xch'akataj,xch'akataj
547,6,wi.,wi
548,0,Xa,xa
548,1,nawal,nawal
548,2,xch'akataj,xch'akataj
548,3,wi,wi
548,4,U,u
548,5,kab',kab'
548,6,nimarisay,nimarisay
548,7,rib'.,rib'
549,0,Jun,jun
549,1,chi,chi
549,2,k'ut,k'ut
549,3,Xchiqab'ij,xchiqab'ij
549,4,U,u
549,5,b'ixik.,b'ixik
550,0,ROX,rox
550,1,chi,chi
550,2,k'ut,k'ut
550,3,nimarisay,nimarisay
550,4,"rib',",rib'
550,5,U,u
550,6,kab',kab'
550,7,u,u
550,8,k'ajol,k'ajol
550,9,Wuqub',wuqub'
550,10,"Kaqix,",kaqix
550,11,Kab'raqan,kab'raqan
550,12,u,u
550,13,b'i'.,b'i'
551,0,“In,in
551,1,yojol,yojol
551,2,"juyub',”",juyub'
551,3,xcha'.,xcha'
552,0,Xa,xa
552,1,wi,wi
552,2,k'u,k'u
552,3,xere,xere
552,4,"Junajpu,",junajpu
552,5,"Xb'alanke,",xb'alanke
552,6,Xch'akow,xch'akow
552,7,re,re
552,8,Kab'raqan.,kab'raqan
553,0,Xcha',xcha'
553,1,ri,ri
553,2,"Juraqan,",juraqan
553,3,Ch'i'pi,ch'i'pi
553,4,"Kaqulja,",kaqulja
553,5,Raxa,raxa
553,6,Kaqulja,kaqulja
553,7,ta,ta
553,8,xch'awik,xch'awik
553,9,Chikech,chikech
553,10,ri,ri
553,11,"Junajpu,",junajpu
553,12,Xb'alanke:,xb'alanke
553,13,“U,u
553,14,kab',kab'
553,15,u,u
553,16,k'ajol,k'ajol
553,17,Wuqub',wuqub'
553,18,Kaqix,kaqix
553,19,jun,jun
553,20,"chik,",chik
553,21,Jun,jun
553,22,chik,chik
553,23,chich'akatajik.,chich'akatajik
554,0,Xa,xa
554,1,wi,wi
554,2,nu,nu
554,3,"tzij,",tzij
554,4,Rumal,rumal
554,5,mawi,mawi
554,6,utz,utz
554,7,Ki,ki
554,8,b'anoj,b'anoj
554,9,chuwach,chuwach
554,10,ulew.,ulew
555,0,Kakik'owisaj,kakik'owisaj
555,1,q'ij,q'ij
555,2,Chi,chi
555,3,"nimal,",nimal
555,4,Chi,chi
555,5,alal.,alal
556,0,Ma,ma
556,1,k'u,k'u
556,2,keje',keje'
556,3,chuxik.,chuxik
557,0,Chib'ochi'j,chib'ochi'j
557,1,k'u,k'u
557,2,ub'ik,ub'ik
557,3,Chila',chila'
557,4,Releb'al,releb'al
557,5,"q'ij,”",q'ij
557,6,Xcha',xcha'
557,7,k'ut,k'ut
557,8,ri,ri
557,9,Juraqan,juraqan
557,10,Chike,chike
557,11,ri,ri
557,12,e,e
557,13,kaib',kaib'
557,14,k'ajolab'.,k'ajolab'
558,0,“Utz,utz
558,1,b'a,b'a
558,2,"la',",la'
558,3,Lal,lal
558,4,ajaw.,ajaw
559,0,Qe,qe
559,1,wi,wi
559,2,na,na
559,3,"k'ut,",k'ut
559,4,Mawi,mawi
559,5,utz,utz
559,6,wi,wi
559,7,kaqilo.,kaqilo
560,0,Ma,ma
560,1,pa,pa
560,2,lal,lal
560,3,"k'olik,",k'olik
560,4,Lal,lal
560,5,pu,pu
560,6,"yakalik,",yakalik
560,7,Lal,lal
560,8,u,u
560,9,K'u'x,k'u'x
560,10,"Kaj,”",kaj
560,11,Xecha',xecha'
560,12,k'ut,k'ut
560,13,ri,ri
560,14,"k'ajolab',",k'ajolab'
560,15,Ta,ta
560,16,xkik'ulub'a',xkik'ulub'a'
560,17,U,u
560,18,tzij,tzij
560,19,Juraqan.,juraqan
561,0,Are',are'
561,1,puch,puch
561,2,katajin,katajin
561,3,ri,ri
561,4,"Kab'raqan,",kab'raqan
561,5,Yojol,yojol
561,6,juyub'.,juyub'
562,0,Xa,xa
562,1,sqaqi'n,sqaqi'n
562,2,chutinij,chutinij
562,3,raqan,raqan
562,4,chuwach,chuwach
562,5,"ulew,",ulew
562,6,Ju,ju
562,7,su,su
562,8,chiwulij,chiwulij
562,9,Nima,nima
562,10,"juyub',",juyub'
562,11,Ch'uti,ch'uti
562,12,juyub',juyub'
562,13,rumal.,rumal
563,0,Ta,ta
563,1,xk'ulutaj,xk'ulutaj
563,2,Kumal,kumal
563,3,ri,ri
563,4,k'ajolab'.,k'ajolab'
564,0,“Apa,apa
564,1,katb'e,katb'e
564,2,wi,wi
564,3,at,at
564,4,k'ajol?”,k'ajol
564,5,Xecha',xecha'
564,6,"chirech,",chirech
564,7,Ri,ri
564,8,Kab'raqan.,kab'raqan
565,0,“Maja,maja
565,1,b'i,b'i
565,2,kinb'e,kinb'e
565,3,wi.,wi
566,0,Xa,xa
566,1,in,in
566,2,uliy,uliy
566,3,"juyub',",juyub'
566,4,In,in
566,5,puch,puch
566,6,yojol,yojol
566,7,"rech,",rech
566,8,Chi,chi
566,9,b'e,b'e
566,10,"q'ij,",q'ij
566,11,Chi,chi
566,12,b'e,b'e
566,13,"saq,”",saq
566,14,Xcha',xcha'
566,15,k'ut,k'ut
566,16,Ta,ta
566,17,xch'awik.,xch'awik
567,0,Xcha',xcha'
567,1,chi,chi
567,2,k'ut,k'ut
567,3,Ri,ri
567,4,Kab'raqan,kab'raqan
567,5,Chike,chike
567,6,ri,ri
567,7,"Junajpu,",junajpu
567,8,Xb'alanke.,xb'alanke
568,0,“Jupacha,jupacha
568,1,xpetik?,xpetik
569,0,Mawi,mawi
569,1,weta'm,weta'm
569,2,i,i
569,3,wach.,wach
570,0,Naqi,naqi
570,1,pa,pa
570,2,i,i
570,3,b'i'?”,b'i'
570,4,xcha',xcha'
570,5,Kab'raqan.,kab'raqan
571,0,“Maja,maja
571,1,b'i,b'i
571,2,qa,qa
571,3,b'i'.,b'i'
572,0,Xa,xa
572,1,oj,oj
572,2,"ub'om,",ub'om
572,3,Xa,xa
572,4,pu,pu
572,5,oj,oj
572,6,tzarab'om,tzarab'om
572,7,pa,pa
572,8,taq,taq
572,9,juyub'.,juyub'
573,0,Xa,xa
573,1,oj,oj
573,2,meb'a'.,meb'a'
574,0,Maja,maja
574,1,b'i,b'i
574,2,naqi,naqi
574,3,la',la'
574,4,qech,qech
574,5,at,at
574,6,k'ajol.,k'ajol
575,0,Xa,xa
575,1,ch'uti,ch'uti
575,2,"juyub',",juyub'
575,3,Xa,xa
575,4,nima,nima
575,5,juyub',juyub'
575,6,kojb'ek,kojb'ek
575,7,at,at
575,8,k'ajol.,k'ajol
576,0,Are',are'
576,1,k'u,k'u
576,2,ri,ri
576,3,jun,jun
576,4,nima,nima
576,5,juyub',juyub'
576,6,xqilo.,xqilo
577,0,Xa,xa
577,1,kokil,kokil
577,2,"Kak'iyik,",kak'iyik
577,3,Qitzij,qitzij
577,4,najt,najt
577,5,kaq'anik.,kaq'anik
578,0,Xa,xa
578,1,"kaq'upupik,",kaq'upupik
578,2,Kik'owik,kik'owik
578,3,chuwi',chuwi'
578,4,juyub',juyub'
578,5,ronojel.,ronojel
579,0,Ma,ma
579,1,k'u,k'u
579,2,ja,ja
579,3,b'i,b'i
579,4,"jun,",jun
579,5,Kaib',kaib'
579,6,tz'ikin,tz'ikin
579,7,Mi,mi
579,8,xqak'am,xqak'am
579,9,chuwach,chuwach
579,10,at,at
579,11,k'ajol.,k'ajol
580,0,We,we
580,1,k'ut,k'ut
580,2,qitzij,qitzij
580,3,kawulij,kawulij
580,4,ronojel,ronojel
580,5,juyub',juyub'
580,6,at,at
580,7,k'ajol?”,k'ajol
580,8,Xecha',xecha'
580,9,ri,ri
580,10,"Junajpu,",junajpu
580,11,Xb'alanke,xb'alanke
580,12,chire,chire
580,13,Kab'raqan.,kab'raqan
581,0,“Ma,ma
581,1,qitzij,qitzij
581,2,xiwilo,xiwilo
581,3,Ri,ri
581,4,juyub',juyub'
581,5,kib'ij?,kib'ij
582,0,Apa,apa
582,1,k'o,k'o
582,2,wi?,wi
583,0,Xchiwil,xchiwil
583,1,"na,",na
583,2,Xchinwulij,xchinwulij
583,3,qajoq.,qajoq
584,0,Apa,apa
584,1,xiwil,xiwil
584,2,wi?”,wi
584,3,“Chila',chila'
584,4,b'a,b'a
584,5,k'o,k'o
584,6,wi,wi
584,7,Chi,chi
584,8,releb'al,releb'al
584,9,"q'ij,”",q'ij
584,10,Xecha',xecha'
584,11,k'ut,k'ut
584,12,"Junajpu,",junajpu
584,13,Xb'alanke.,xb'alanke
585,0,“Utz.,utz
586,0,Chik'ama',chik'ama'
586,1,qa,qa
586,2,"b'e,”",b'e
586,3,Xe'uchax,xe'uchax
586,4,"k'u,",k'u
586,5,Ri,ri
586,6,e,e
586,7,kaib',kaib'
586,8,chi,chi
586,9,k'ajolab'.,k'ajolab'
587,0,“Maja,maja
587,1,"b'i,",b'i
587,2,xa,xa
587,3,kachape,kachape
587,4,nik'aj,nik'aj
587,5,Chiqaxo'l,chiqaxo'l
587,6,katk'oje',katk'oje'
587,7,"wi,",wi
587,8,Jun,jun
587,9,"chamox,",chamox
587,10,Jun,jun
587,11,chawikiq'ab',chawikiq'ab'
587,12,chiqe.,chiqe
588,0,Rumal,rumal
588,1,k'o,k'o
588,2,qa,qa
588,3,"wub',",wub'
588,4,We,we
588,5,k'o,k'o
588,6,tz'ikin,tz'ikin
588,7,"chiqawub'aj,”",chiqawub'aj
588,8,Xecha',xecha'
588,9,k'ut.,k'ut
589,0,Keki'kot,keki'kot
589,1,Chikitijtob'ela',chikitijtob'ela'
589,2,Ki,ki
589,3,wub'anik.,wub'anik
590,0,Are',are'
590,1,k'u,k'u
590,2,ri,ri
590,3,ta,ta
590,4,"kewub'anik,",kewub'anik
590,5,Ma,ma
590,6,na,na
590,7,ulew,ulew
590,8,taj,taj
590,9,u,u
590,10,b'aq',b'aq'
590,11,ki,ki
590,12,wub'.,wub'
591,0,Xa,xa
591,1,chikuxlab'ij,chikuxlab'ij
591,2,ri,ri
591,3,tz'ikin,tz'ikin
591,4,ta,ta
591,5,chikiwub'aj.,chikiwub'aj
592,0,Chumayijaj,chumayijaj
592,1,k'u,k'u
592,2,ri,ri
592,3,Kab'raqan.,kab'raqan
593,0,Ta,ta
593,1,xkib'aq,xkib'aq
593,2,k'u,k'u
593,3,Ki,ki
593,4,q'aq',q'aq'
593,5,ri,ri
593,6,k'ajolab'.,k'ajolab'
594,0,Xkib'ol,xkib'ol
594,1,k'ut,k'ut
594,2,ki,ki
594,3,tz'ikin,tz'ikin
594,4,chuwach,chuwach
594,5,q'aq'.,q'aq'
595,0,Jun,jun
595,1,k'ut,k'ut
595,2,tz'ikin,tz'ikin
595,3,xkik'u'l,xkik'u'l
595,4,sajkab',sajkab'
595,5,Chirij.,chirij
596,0,Saqi,saqi
596,1,ulew,ulew
596,2,xkikojo.,xkikojo
597,0,“Are',are'
597,1,k'ut,k'ut
597,2,chiqaya',chiqaya'
597,3,chire,chire
597,4,Ta,ta
597,5,"jiq'onoq,",jiq'onoq
597,6,Ta,ta
597,7,chutziqa',chutziqa'
597,8,puch,puch
597,9,ruxlab',ruxlab'
597,10,qa,qa
597,11,tz'ikin.,tz'ikin
598,0,Ta,ta
598,1,ch'akajoq.,ch'akajoq
599,0,Are',are'
599,1,k'u,k'u
599,2,ri,ri
599,3,ulew,ulew
599,4,xchok,xchok
599,5,Chirij,chirij
599,6,Tz'ikin,tz'ikin
599,7,qumal,qumal
599,8,pulew,pulew
599,9,Chiqatzak,chiqatzak
599,10,wi.,wi
600,0,Keje',keje'
600,1,k'ut,k'ut
600,2,pulew,pulew
600,3,Chimuq,chimuq
600,4,wi.,wi
601,0,We,we
601,1,"nima,",nima
601,2,"Eta'manel,",eta'manel
601,3,Jun,jun
601,4,"tz'aq,",tz'aq
601,5,Jun,jun
601,6,"b'it,",b'it
601,7,Ta,ta
601,8,"chawaxoq,",chawaxoq
601,9,Ta,ta
601,10,"saqiroq,”",saqiroq
601,11,xecha',xecha'
601,12,ri,ri
601,13,k'ajolab'.,k'ajolab'
602,0,“Rumal,rumal
602,1,xa,xa
602,2,xchirayin,xchirayin
602,3,wi,wi
602,4,U,u
602,5,k'u'xlal,k'u'xlal
602,6,Ri',ri'
602,7,"chiti'k,",chiti'k
602,8,"Chichaq'uxik,",chichaq'uxik
602,9,Keje',keje'
602,10,xchurayij,xchurayij
602,11,U,u
602,12,k'u'x,k'u'x
602,13,ri,ri
602,14,"Kab'raqan,”",kab'raqan
602,15,Xecha',xecha'
602,16,chi,chi
602,17,kib'il,kib'il
602,18,kib',kib'
602,19,"Junajpu,",junajpu
602,20,Xb'alanke.,xb'alanke
603,0,Ta,ta
603,1,xkib'ol,xkib'ol
603,2,ri,ri
603,3,"tz'ikin,",tz'ikin
603,4,Xchaq'aj,xchaq'aj
603,5,k'ut,k'ut
603,6,q'an,q'an
603,7,u,u
603,8,b'olik.,b'olik
604,0,Chiyipowik,chiyipowik
604,1,chi,chi
604,2,kab'chiyanik,kab'chiyanik
604,3,kij,kij
604,4,ri,ri
604,5,"tz'ikin,",tz'ikin
604,6,Chik'owinik,chik'owinik
604,7,simisoj,simisoj
604,8,ruxlab'.,ruxlab'
605,0,Are',are'
605,1,k'u,k'u
605,2,ri,ri
605,3,Kab'raqan,kab'raqan
605,4,Kurayij,kurayij
605,5,chik,chik
605,6,recha'xik.,recha'xik
606,0,Xa,xa
606,1,kawajin,kawajin
606,2,U,u
606,3,wa'l,wa'l
606,4,pu,pu
606,5,chi'.,chi'
607,0,Xa,xa
607,1,"kab'iq'ilajik,",kab'iq'ilajik
607,2,Kaqurulaj,kaqurulaj
607,3,puch,puch
607,4,U,u
607,5,"chub',",chub'
607,6,U,u
607,7,"k'axaj,",k'axaj
607,8,Rumal,rumal
607,9,u,u
607,10,simsojil,simsojil
607,11,tz'ikin.,tz'ikin
608,0,Ta,ta
608,1,xutz'onoj,xutz'onoj
608,2,k'ut:,k'ut
608,3,“Naqi,naqi
608,4,pa,pa
608,5,ri,ri
608,6,iwecha'?,iwecha'
609,0,Qitzij,qitzij
609,1,kus,kus
609,2,ruxlab',ruxlab'
609,3,kanuna'o.,kanuna'o
610,0,Chiya',chiya'
610,1,ta,ta
610,2,sqaqi'n,sqaqi'n
610,3,"wech,”",wech
610,4,xcha',xcha'
610,5,k'ut.,k'ut
611,0,Ta,ta
611,1,xya',xya'
611,2,k'ut,k'ut
611,3,jun,jun
611,4,tz'ikin,tz'ikin
611,5,chire,chire
611,6,Kab'raqan.,kab'raqan
612,0,U,u
612,1,ch'akatajik,ch'akatajik
612,2,k'u,k'u
612,3,ri'.,ri'
613,0,K'ate,k'ate
613,1,k'ut,k'ut
613,2,xuk'is,xuk'is
613,3,ri,ri
613,4,tz'ikin.,tz'ikin
614,0,Ta,ta
614,1,xb'e,xb'e
614,2,chi,chi
614,3,"k'ut,",k'ut
614,4,Xe'opon,xe'opon
614,5,k'u,k'u
614,6,Chila',chila'
614,7,releb'al,releb'al
614,8,"q'ij,",q'ij
614,9,K'o,k'o
614,10,wi,wi
614,11,ri,ri
614,12,nima,nima
614,13,juyub'.,juyub'
615,0,Are',are'
615,1,"k'u,",k'u
615,2,Ri,ri
615,3,"Kab'raqan,",kab'raqan
615,4,Xa,xa
615,5,tub'ul,tub'ul
615,6,chik,chik
615,7,"raqan,",raqan
615,8,U,u
615,9,q'ab'.,q'ab'
616,0,Ma,ma
616,1,b'i,b'i
616,2,chikowin,chikowin
616,3,chik,chik
616,4,Rumal,rumal
616,5,ri,ri
616,6,ulew,ulew
616,7,xk'u'l,xk'u'l
616,8,Chirij,chirij
616,9,tz'ikin,tz'ikin
616,10,Xuti'o.,xuti'o
617,0,Ma,ma
617,1,k'u,k'u
617,2,ja,ja
617,3,b'i',b'i'
617,4,chik,chik
617,5,Naqi,naqi
617,6,la',la'
617,7,xub'an,xub'an
617,8,chik,chik
617,9,chire,chire
617,10,juyub'.,juyub'
618,0,Mawi,mawi
618,1,xutzinik,xutzinik
618,2,Xwulijtaj.,xwulijtaj
619,0,Ta,ta
619,1,xim,xim
619,2,k'ut,k'ut
619,3,kumal,kumal
619,4,k'ajolab'.,k'ajolab'
620,0,Chirij,chirij
620,1,xim,xim
620,2,wi,wi
620,3,u,u
620,4,q'ab'.,q'ab'
621,0,Xrilij,xrilij
621,1,u,u
621,2,q'ab',q'ab'
621,3,kumal,kumal
621,4,k'ajolab'.,k'ajolab'
622,0,Xim,xim
622,1,k'ut,k'ut
622,2,u,u
622,3,qul,qul
622,4,raqan,raqan
622,5,u,u
622,6,kab',kab'
622,7,ichal.,ichal
623,0,K'ate,k'ate
623,1,k'ut,k'ut
623,2,xkitarij,xkitarij
623,3,qajoq,qajoq
623,4,"pulew,",pulew
623,5,Xkimuqu.,xkimuqu
624,0,Keje',keje'
624,1,k'ut,k'ut
624,2,u,u
624,3,ch'akatajik,ch'akatajik
624,4,"Kab'raqan,",kab'raqan
624,5,Ri',ri'
624,6,xa,xa
624,7,wi,wi
624,8,xere,xere
624,9,"Junajpu,",junajpu
624,10,Xb'alanke.,xb'alanke
625,0,Mawi,mawi
625,1,ajilan,ajilan
625,2,ki,ki
625,3,b'anoj,b'anoj
625,4,Waral,waral
625,5,chuwach,chuwach
625,6,ulew.,ulew
626,0,Are',are'
626,1,chi,chi
626,2,k'ut,k'ut
626,3,xchiqab'ij,xchiqab'ij
626,4,chik,chik
626,5,Kalaxik,kalaxik
626,6,"Junajpu,",junajpu
626,7,Xb'alanke.,xb'alanke
627,0,Are',are'
627,1,nab'e,nab'e
627,2,mi,mi
627,3,xqab'ij,xqab'ij
627,4,Ri,ri
627,5,ki,ki
627,6,ch'akatajik,ch'akatajik
627,7,Wuqub',wuqub'
627,8,"Kaqix,",kaqix
627,9,Ruk',ruk'
627,10,"Sipakna,",sipakna
627,11,Ruk',ruk'
627,12,"Kab'raqan,",kab'raqan
627,13,Waral,waral
627,14,Chuwach,chuwach
627,15,ulew.,ulew
628,0,ARE',are'
628,1,chi,chi
628,2,k'ut,k'ut
628,3,xchiqab'i'j,xchiqab'i'j
628,4,chik,chik
628,5,U,u
628,6,b'i',b'i'
628,7,ki,ki
628,8,qajaw,qajaw
628,9,Ri,ri
628,10,"Junajpu,",junajpu
628,11,Xb'alanke.,xb'alanke
629,0,Xqakamuluj,xqakamuluj
629,1,chuwi'.,chuwi'
630,0,Xa,xa
630,1,pu,pu
630,2,xqakamuluj,xqakamuluj
630,3,U,u
630,4,"b'ixik,",b'ixik
630,5,U,u
630,6,tzijoxik,tzijoxik
630,7,"puch,",puch
630,8,Ki,ki
630,9,k'ajolaxik,k'ajolaxik
630,10,ri,ri
630,11,"Junajpu,",junajpu
630,12,Xb'alanke.,xb'alanke
631,0,Xa,xa
631,1,nik'aj,nik'aj
631,2,"xchiqab'ij,",xchiqab'ij
631,3,Xa,xa
631,4,ch'aqa'p,ch'aqa'p
631,5,u,u
631,6,b'ixik,b'ixik
631,7,ki,ki
631,8,qajaw.,qajaw
632,0,WA'E,wa'e
632,1,k'ute,k'ute
632,2,u,u
632,3,tzijoxik,tzijoxik
632,4,Are',are'
632,5,ki,ki
632,6,b'i',b'i'
632,7,ri,ri
632,8,Jun,jun
632,9,"Junajpu,",junajpu
632,10,ke'uchaxik.,ke'uchaxik
633,0,Are',are'
633,1,k'ut,k'ut
633,2,ki,ki
633,3,"qajaw,",qajaw
633,4,ri,ri
633,5,"Xpiyakok,",xpiyakok
633,6,Xmuqane.,xmuqane
634,0,Chi,chi
634,1,"q'equ'mal,",q'equ'mal
634,2,Chi,chi
634,3,"aq'ab'al,",aq'ab'al
634,4,Xe'alaxik,xe'alaxik
634,5,ri,ri
634,6,Jun,jun
634,7,"Junajpu,",junajpu
634,8,Wuqub',wuqub'
634,9,"Junajpu,",junajpu
634,10,Kumal,kumal
634,11,"Xpiyakok,",xpiyakok
634,12,Xmuqane.,xmuqane
635,0,Are',are'
635,1,k'u,k'u
635,2,ri,ri
635,3,Jun,jun
635,4,Junajpu,junajpu
635,5,e,e
635,6,kaib',kaib'
635,7,"xeralk'u'alaj,",xeralk'u'alaj
635,8,E,e
635,9,pu,pu
635,10,kaib',kaib'
635,11,u,u
635,12,k'ajol.,k'ajol
636,0,Jun,jun
636,1,B'atz',b'atz'
636,2,u,u
636,3,b'i',b'i'
636,4,nab'e,nab'e
636,5,"al,",al
636,6,Jun,jun
636,7,Chowen,chowen
636,8,chi,chi
636,9,k'ut,k'ut
636,10,u,u
636,11,b'i',b'i'
636,12,u,u
636,13,kab',kab'
636,14,al.,al
637,0,Are',are'
637,1,k'ut,k'ut
637,2,u,u
637,3,b'i',b'i'
637,4,ki,ki
637,5,chuch,chuch
637,6,wa':,wa'
637,7,Xb'akiyalo,xb'akiyalo
637,8,"chuchaxik,",chuchaxik
637,9,Rixoqil,rixoqil
637,10,Jun,jun
637,11,Junajpu.,junajpu
638,0,Are',are'
638,1,k'u,k'u
638,2,ri,ri
638,3,Wuqub',wuqub'
638,4,Junajpu,junajpu
638,5,Maja,maja
638,6,b'i,b'i
638,7,rixoqil.,rixoqil
639,0,Xa,xa
639,1,u,u
639,2,"laq'el,",laq'el
639,3,Xa,xa
639,4,pu,pu
639,5,u,u
639,6,"kab',",kab'
639,7,Xa,xa
639,8,k'ajol,k'ajol
639,9,u,u
639,10,k'oje'ik.,k'oje'ik
640,0,E,e
640,1,nima'q,nima'q
640,2,aj,aj
640,3,"na'oj,",na'oj
640,4,Nim,nim
640,5,puch,puch
640,6,keta'mab'al.,keta'mab'al
641,0,E,e
641,1,nik'wachinel,nik'wachinel
641,2,Waral,waral
641,3,chuwach,chuwach
641,4,ulew.,ulew
642,0,Xa,xa
642,1,utz,utz
642,2,ki,ki
642,3,"k'oje'ik,",k'oje'ik
642,4,Ki,ki
642,5,yake'ik,yake'ik
642,6,puch.,puch
643,0,Xkik'utu,xkik'utu
643,1,na'wikil,na'wikil
643,2,Chikiwach,chikiwach
643,3,Ri,ri
643,4,Jun,jun
643,5,"B'atz',",b'atz'
643,6,Jun,jun
643,7,"Chowen,",chowen
643,8,U,u
643,9,k'ajol,k'ajol
643,10,Jun,jun
643,11,Junajpu.,junajpu
644,0,E,e
644,1,aj,aj
644,2,"su',",su'
644,3,E,e
644,4,aj,aj
644,5,"b'ix,",b'ix
644,6,E,e
644,7,aj,aj
644,8,pu,pu
644,9,aj,aj
644,10,"tz'ib',",tz'ib'
644,11,E,e
644,12,nay,nay
644,13,pu,pu
644,14,aj,aj
644,15,"k'ot,",k'ot
644,16,E,e
644,17,aj,aj
644,18,"xit,",xit
644,19,E,e
644,20,aj,aj
644,21,"puwaq,",puwaq
644,22,Xe'uxik,xe'uxik
644,23,ri,ri
644,24,Jun,jun
644,25,"B'atz',",b'atz'
644,26,Jun,jun
644,27,Chowen.,chowen
645,0,Are',are'
645,1,k'u,k'u
645,2,ri,ri
645,3,Jun,jun
645,4,"Junajpu,",junajpu
645,5,Wuqub',wuqub'
645,6,"Junajpu,",junajpu
645,7,Xa,xa
645,8,"sak,",sak
645,9,Xa,xa
645,10,"cha'j,",cha'j
645,11,Chikib'ano,chikib'ano
645,12,Ju,ju
645,13,ta,ta
645,14,q'ij.,q'ij
646,0,Xa,xa
646,1,e,e
646,2,kakab',kakab'
646,3,chikik'ulelaj,chikik'ulelaj
646,4,"kib',",kib'
646,5,E,e
646,6,kajib',kajib'
646,7,chi,chi
646,8,"konojel,",konojel
646,9,Ta,ta
646,10,kekuchmayijik,kekuchmayijik
646,11,Pa,pa
646,12,jom.,jom
647,0,Chul,chul
647,1,k'u,k'u
647,2,ri,ri
647,3,"Wok,",wok
647,4,Ilol,ilol
647,5,"ke,",ke
647,6,U,u
647,7,samajel,samajel
647,8,Juraqan,juraqan
647,9,"chi,",chi
647,10,Ch'i'pi,ch'i'pi
647,11,"Kaqulja,",kaqulja
647,12,Raxa,raxa
647,13,Kaqulja.,kaqulja
648,0,Are',are'
648,1,k'u,k'u
648,2,ri,ri
648,3,"Wok,",wok
648,4,Mawi,mawi
648,5,naj,naj
648,6,waral,waral
648,7,chuwach,chuwach
648,8,"ulew,",ulew
648,9,Mawi,mawi
648,10,naj,naj
648,11,chi,chi
648,12,Xib'alb'a,xib'alb'a
648,13,chire.,chire
649,0,Lib'aj,lib'aj
649,1,chi,chi
649,2,chopon,chopon
649,3,chik,chik
649,4,Chi,chi
649,5,kaj,kaj
649,6,ruk',ruk'
649,7,Juraqan.,juraqan
650,0,Xeyaluj,xeyaluj
650,1,waral,waral
650,2,Chuwach,chuwach
650,3,ulew.,ulew
651,0,Xkaminaq,xkaminaq
651,1,K'a,k'a
651,2,k'ut,k'ut
651,3,ki,ki
651,4,chuch,chuch
651,5,Ri,ri
651,6,Jun,jun
651,7,"B'atz',",b'atz'
651,8,Jun,jun
651,9,Chowen.,chowen
652,0,Are',are'
652,1,k'ut,k'ut
652,2,u,u
652,3,b'e'el,b'e'el
652,4,Xib'alb'a,xib'alb'a
652,5,Xecha'j,xecha'j
652,6,wi.,wi
653,0,Ta,ta
653,1,xkita,xkita
653,2,k'ut,k'ut
653,3,Jun,jun
653,4,"Kame,",kame
653,5,Wuqub',wuqub'
653,6,"Kame,",kame
653,7,Rajawal,rajawal
653,8,Xib'alb'a.,xib'alb'a
654,0,“Naqi,naqi
654,1,pa,pa
654,2,ri',ri'
654,3,kab'an,kab'an
654,4,Chuwach,chuwach
654,5,ulew?,ulew
655,0,Xa,xa
655,1,"keniknotik,",keniknotik
655,2,Xa,xa
655,3,pu,pu
655,4,kejuminik.,kejuminik
656,0,Keb'e,keb'e
656,1,ta,ta
656,2,taqoq,taqoq
656,3,Waral,waral
656,4,taj.,taj
657,0,Ke'ul,ke'ul
657,1,cha'j,cha'j
657,2,wi.,wi
658,0,Keqach'ak,keqach'ak
658,1,ta,ta
658,2,k'ut.,k'ut
659,0,Xa,xa
659,1,maja,maja
659,2,b'i,b'i
659,3,qa,qa
659,4,nimaxik,nimaxik
659,5,"kumal,",kumal
659,6,Maja,maja
659,7,b'i,b'i
659,8,ki,ki
659,9,"nim,",nim
659,10,Ma,ma
659,11,pu,pu
659,12,ja,ja
659,13,b'i',b'i'
659,14,ki,ki
659,15,xob',xob'
659,16,Kuxik.,kuxik
660,0,Xax,xax
660,1,kejikik,kejikik
660,2,uloq,uloq
660,3,pa,pa
660,4,qa,qa
660,5,"wi',”",wi'
660,6,Xecha',xecha'
660,7,k'ut,k'ut
660,8,kono[jel],konojel
660,9,Xib'alb'a.,xib'alb'a
661,0,Ta,ta
661,1,xkik'am,xkik'am
661,2,Ki,ki
661,3,na'oj,na'oj
661,4,"konojel,",konojel
661,5,Ri',ri'
661,6,ki,ki
661,7,b'i',b'i'
661,8,Jun,jun
661,9,"Kame,",kame
661,10,Wuqub',wuqub'
661,11,Kame.,kame
662,0,E,e
662,1,nima'q,nima'q
662,2,q'atol,q'atol
662,3,"tzij,",tzij
662,4,Are',are'
662,5,k'u,k'u
662,6,ri,ri
662,7,ajawab',ajawab'
662,8,ronojel.,ronojel
663,0,Ya'ol,ya'ol
663,1,u,u
663,2,"patan,",patan
663,3,Rajawarem,rajawarem
663,4,"puch,",puch
663,5,Jujun,jujun
663,6,chi,chi
663,7,ajawab',ajawab'
663,8,rumal,rumal
663,9,Jun,jun
663,10,"Kame,",kame
663,11,Wuqub',wuqub'
663,12,Kame.,kame
664,0,Are',are'
664,1,k'u,k'u
664,2,ri,ri
664,3,Xik'iri,xik'iri
664,4,"Pat,",pat
664,5,Kuchuma,kuchuma
664,6,Kik',kik'
664,7,u,u
664,8,b'i',b'i'
664,9,ajaw.,ajaw
665,0,Are',are'
665,1,k'ut,k'ut
665,2,ki,ki
665,3,"patan,",patan
665,4,Ri,ri
665,5,kik',kik'
665,6,chuyab'ij,chuyab'ij
665,7,winaq.,winaq
666,0,Are',are'
666,1,chi,chi
666,2,k'u,k'u
666,3,ri,ri
666,4,Ajal,ajal
666,5,"Puj,",puj
666,6,Ajal,ajal
666,7,Q'ana,q'ana
666,8,chik,chik
666,9,ki,ki
666,10,ajawab'.,ajawab'
667,0,Are',are'
667,1,k'ut,k'ut
667,2,"kajawarem,",kajawarem
667,3,Ri',ri'
667,4,chisipojik,chisipojik
667,5,winaq.,winaq
668,0,Chipe,chipe
668,1,puj,puj
668,2,chirij,chirij
668,3,"raqan,",raqan
668,4,Chipe,chipe
668,5,q'ana,q'ana
668,6,chirij,chirij
668,7,u,u
668,8,"wach,",wach
668,9,Chuq'anel,chuq'anel
668,10,chuchaxik.,chuchaxik
669,0,K'ate,k'ate
669,1,k'ut,k'ut
669,2,rajawarem,rajawarem
669,3,Ajal,ajal
669,4,"Puj,",puj
669,5,Ajal,ajal
669,6,Q'ana,q'ana
669,7,wi.,wi
670,0,Are',are'
670,1,chi,chi
670,2,k'u,k'u
670,3,ri,ri
670,4,ajaw,ajaw
670,5,Ch'ami'ya,ch'ami'ya
670,6,"B'aq,",b'aq
670,7,Ch'ami'ya,ch'ami'ya
670,8,"Jolom,",jolom
670,9,Raj,raj
670,10,ch'ami'y,ch'ami'y
670,11,"Xib'alb'a,",xib'alb'a
670,12,Xa,xa
670,13,b'aq,b'aq
670,14,ki,ki
670,15,ch'ami'y.,ch'ami'y
671,0,Are',are'
671,1,k'ut,k'ut
671,2,kaj,kaj
671,3,"ch'ami'yal,",ch'ami'yal
671,4,Ri',ri'
671,5,chib'aqir,chib'aqir
671,6,"winaq,",winaq
671,7,Qitzij,qitzij
671,8,chi,chi
671,9,"b'aq,",b'aq
671,10,Chi,chi
671,11,jolom,jolom
671,12,chik.,chik
672,0,Ta,ta
672,1,chikamik,chikamik
672,2,siyaj,siyaj
672,3,"b'aq,",b'aq
672,4,Xupan,xupan
672,5,chik'amowik.,chik'amowik
673,0,Are',are'
673,1,u,u
673,2,patan,patan
673,3,wi,wi
673,4,Ch'ami'ya,ch'ami'ya
673,5,"B'aq,",b'aq
673,6,Ch'ami'ya,ch'ami'ya
673,7,Jolom,jolom
673,8,ki,ki
673,9,b'i'.,b'i'
674,0,Are',are'
674,1,chi,chi
674,2,k'u,k'u
674,3,ri,ri
674,4,ajaw,ajaw
674,5,Ajal,ajal
674,6,"Mes,",mes
674,7,Ajal,ajal
674,8,Toq'ob',toq'ob'
674,9,ki,ki
674,10,b'i'.,b'i'
675,0,Are',are'
675,1,ki,ki
675,2,"patan,",patan
675,3,Ri',ri'
675,4,xa,xa
675,5,chik'ulwachij,chik'ulwachij
675,6,winaq.,winaq
676,0,We,we
676,1,tza,tza
676,2,"mes,",mes
676,3,We,we
676,4,pe,pe
676,5,"pu,",pu
676,6,Chirij,chirij
676,7,"ja,",ja
676,8,Chuwa,chuwa
676,9,"ja,",ja
676,10,Chik'ulwachix,chik'ulwachix
676,11,"wi,",wi
676,12,Xa,xa
676,13,chikitoq'o.,chikitoq'o
677,0,Ta,ta
677,1,chib'e,chib'e
677,2,jupuloq,jupuloq
677,3,chuwach,chuwach
677,4,"ulew,",ulew
677,5,Ta,ta
677,6,chikamik.,chikamik
678,0,Are',are'
678,1,k'ut,k'ut
678,2,kajawarem,kajawarem
678,3,Ajal,ajal
678,4,"Mes,",mes
678,5,Ajal,ajal
678,6,Toq'ob',toq'ob'
678,7,ke'uchaxik.,ke'uchaxik
679,0,Are',are'
679,1,chi,chi
679,2,k'u,k'u
679,3,ri,ri
679,4,Ajaw,ajaw
679,5,"Xik',",xik'
679,6,Patan,patan
679,7,ki,ki
679,8,b'i'.,b'i'
680,0,Are',are'
680,1,kajawarem,kajawarem
680,2,ri,ri
680,3,winaq,winaq
680,4,chikam,chikam
680,5,pa,pa
680,6,"b'e,",b'e
680,7,Xa,xa
680,8,rax,rax
680,9,kamik,kamik
680,10,chuchaxik.,chuchaxik
681,0,Chipe,chipe
681,1,kik',kik'
681,2,pu,pu
681,3,"chi',",chi'
681,4,Ta,ta
681,5,chikamik,chikamik
681,6,chuxawaj,chuxawaj
681,7,kik'.,kik'
682,0,Xa,xa
682,1,jujun,jujun
682,2,chi,chi
682,3,"patan,",patan
682,4,Ki,ki
682,5,telela'on.,telela'on
683,0,Xa,xa
683,1,chikikosij,chikikosij
683,2,u,u
683,3,"qulel,",qulel
683,4,U,u
683,5,k'u'x,k'u'x
683,6,winaq.,winaq
684,0,Ta,ta
684,1,chikam,chikam
684,2,pa,pa
684,3,b'e.,b'e
685,0,Xa,xa
685,1,chikik'ulmaj,chikik'ulmaj
685,2,apanoq,apanoq
685,3,We,we
685,4,"chib'inik,",chib'inik
685,5,Chikul.,chikul
686,0,Are',are'
686,1,k'ut,k'ut
686,2,kajawarem,kajawarem
686,3,"Xik',",xik'
686,4,Patan,patan
686,5,ri'.,ri'
687,0,Are',are'
687,1,k'ut,k'ut
687,2,xkikuch,xkikuch
687,3,Ki,ki
687,4,na'oj,na'oj
687,5,ri',ri'
687,6,Ta,ta
687,7,"xetza'ixik,",xetza'ixik
687,8,Ta,ta
687,9,xek'otob'ax,xek'otob'ax
687,10,puch,puch
687,11,Jun,jun
687,12,"Junajpu,",junajpu
687,13,Wuqub',wuqub'
687,14,Junajpu.,junajpu
688,0,Are',are'
688,1,xkirayij,xkirayij
688,2,"Xib'alb'a,",xib'alb'a
688,3,Ri,ri
688,4,ketz'ab'al,ketz'ab'al
688,5,Jun,jun
688,6,"Junajpu,",junajpu
688,7,Wuqub',wuqub'
688,8,Junajpu:,junajpu
688,9,Ri,ri
688,10,ki,ki
688,11,"tz'um,",tz'um
688,12,Ki,ki
688,13,"b'ate,",b'ate
688,14,Ki,ki
688,15,pach',pach'
688,16,"q'ab',",q'ab'
688,17,Ki,ki
688,18,yach,yach
688,19,"wach,",wach
688,20,Wach,wach
688,21,sot,sot
688,22,puch.,puch
689,0,Ki,ki
689,1,kawub'al,kawub'al
689,2,Jun,jun
689,3,"Junajpu,",junajpu
689,4,Wuqub',wuqub'
689,5,Junajpu.,junajpu
690,0,Are',are'
690,1,chi,chi
690,2,k'ut,k'ut
690,3,xchiqab'ij,xchiqab'ij
690,4,chik,chik
690,5,Ki,ki
690,6,b'e'ik,b'e'ik
690,7,chi,chi
690,8,Xib'alb'a.,xib'alb'a
691,0,Xekanaj,xekanaj
691,1,k'u,k'u
691,2,kanoq,kanoq
691,3,ri,ri
691,4,Jun,jun
691,5,"B'atz',",b'atz'
691,6,[Jun],jun
691,7,"Chowen,",chowen
691,8,U,u
691,9,k'ajol,k'ajol
691,10,Jun,jun
691,11,Junajpu.,junajpu
692,0,Xkaminaqoq,xkaminaqoq
692,1,ki,ki
692,2,chuch.,chuch
693,0,K'a,k'a
693,1,chuwi',chuwi'
693,2,chik,chik
693,3,ki,ki
693,4,ch'akatajik,ch'akatajik
693,5,chik,chik
693,6,Jun,jun
693,7,"B'atz',",b'atz'
693,8,Jun,jun
693,9,"Chowen,",chowen
693,10,Kumal,kumal
693,11,"Junajpu,",junajpu
693,12,Xb'alanke.,xb'alanke
694,0,K'ATE,k'ate
694,1,k'ut,k'ut
694,2,ki,ki
694,3,petik,petik
694,4,samajel,samajel
694,5,rumal,rumal
694,6,Jun,jun
694,7,"Kame,",kame
694,8,Wuqub',wuqub'
694,9,Kame.,kame
695,0,“Kixb'ek,kixb'ek
695,1,ix,ix
695,2,raj,raj
695,3,pop,pop
695,4,achij.,achij
696,0,Je',je'
696,1,i,i
696,2,taqa,taqa
696,3,Ri,ri
696,4,Jun,jun
696,5,"Junajpu,",junajpu
696,6,Wuqub',wuqub'
696,7,Junajpu.,junajpu
697,0,Kixcha',kixcha'
697,1,ta,ta
697,2,kixopon,kixopon
697,3,"kuk',",kuk'
697,4,‘Kepetoq,kepetoq
697,5,kecha',kecha'
697,6,ajawab',ajawab'
697,7,chiwech.,chiwech
698,0,Waral,waral
698,1,taj,taj
698,2,ke'ul,ke'ul
698,3,cha'ja,cha'ja
698,4,wi,wi
698,5,quk'.,quk'
699,0,Chiqak'astaj,chiqak'astaj
699,1,ta,ta
699,2,qa,qa
699,3,wach,wach
699,4,kuk'.,kuk'
700,0,Qitzij,qitzij
700,1,kaqamayijaj,kaqamayijaj
700,2,k'i,k'i
700,3,"chi,",chi
700,4,Keje',keje'
700,5,ta,ta
700,6,k'ut,k'ut
700,7,kepe,kepe
700,8,"wi,",wi
700,9,kecha',kecha'
700,10,ajawab'.,ajawab'
701,0,Chikik'am,chikik'am
701,1,k'u,k'u
701,2,uloq,uloq
701,3,Ri,ri
701,4,ki,ki
701,5,chokonisan:,chokonisan
701,6,Ki,ki
701,7,"b'ate,",b'ate
701,8,Ki,ki
701,9,pach',pach'
701,10,"q'ab',",q'ab'
701,11,Chipe,chipe
701,12,nay,nay
701,13,puch,puch
701,14,ri,ri
701,15,ki,ki
701,16,"kik',",kik'
701,17,Kecha',kecha'
701,18,"ajawab',’",ajawab'
701,19,Kixcha',kixcha'
701,20,ta,ta
701,21,"kixoponoq,”",kixoponoq
701,22,Xe'uchaxik,xe'uchaxik
701,23,ri,ri
701,24,samajel.,samajel
702,0,Are',are'
702,1,k'ut,k'ut
702,2,ki,ki
702,3,samajel,samajel
702,4,ri,ri
702,5,tukur:,tukur
702,6,Ch'ab'i,ch'ab'i
702,7,"Tukur,",tukur
702,8,Juraqan,juraqan
702,9,"Tukur,",tukur
702,10,Kaqix,kaqix
702,11,"Tukur,",tukur
702,12,Jolom,jolom
702,13,"Tukur,",tukur
702,14,"Ke'uchaxik,",ke'uchaxik
702,15,U,u
702,16,samajel,samajel
702,17,Xib'alb'a.,xib'alb'a
703,0,Are',are'
703,1,ri,ri
703,2,Ch'ab'i,ch'ab'i
703,3,"Tukur,",tukur
703,4,Keje',keje'
703,5,ri',ri'
703,6,"ch'ab',",ch'ab'
703,7,Xa,xa
703,8,kopkik.,kopkik
704,0,Are',are'
704,1,k'u,k'u
704,2,ri,ri
704,3,Juraqan,juraqan
704,4,Tukur,tukur
704,5,Xa,xa
704,6,jun,jun
704,7,"raqan,",raqan
704,8,K'o,k'o
704,9,u,u
704,10,xik'.,xik'
705,0,Are',are'
705,1,k'u,k'u
705,2,ri,ri
705,3,Kaqix,kaqix
705,4,Tukur,tukur
705,5,Q'aq',q'aq'
705,6,"rij,",rij
705,7,K'o,k'o
705,8,u,u
705,9,xik'.,xik'
706,0,Are',are'
706,1,chi,chi
706,2,nay,nay
706,3,puch,puch
706,4,ri,ri
706,5,Jolom,jolom
706,6,"Tukur,",tukur
706,7,Xa,xa
706,8,u,u
706,9,tukel,tukel
706,10,u,u
706,11,jolom.,jolom
707,0,Maja,maja
707,1,b'i,b'i
707,2,"raqan,",raqan
707,3,Xa,xa
707,4,u,u
707,5,xik',xik'
707,6,k'olik.,k'olik
708,0,E,e
708,1,kajib',kajib'
708,2,ri,ri
708,3,"samajel,",samajel
708,4,Raj,raj
708,5,pop,pop
708,6,achijab',achijab'
708,7,keqalem.,keqalem
709,0,Ta,ta
709,1,xepe,xepe
709,2,k'ut,k'ut
709,3,"chila',",chila'
709,4,Chi,chi
709,5,Xib'alb'a.,xib'alb'a
710,0,Lib'aj,lib'aj
710,1,chi,chi
710,2,"xe'ulik,",xe'ulik
710,3,E,e
710,4,k'u,k'u
710,5,tak'al,tak'al
710,6,Chuwi',chuwi'
710,7,jom.,jom
711,0,Kecha'j,kecha'j
711,1,"k'ut,",k'ut
711,2,Jun,jun
711,3,"Junajpu,",junajpu
711,4,Wuqub',wuqub'
711,5,"Junajpu,",junajpu
711,6,Pa,pa
711,7,"jom,",jom
711,8,Ri,ri
711,9,"Nim,",nim
711,10,"Xob',",xob'
711,11,"Karchaj,",karchaj
711,12,chuchaxik.,chuchaxik
712,0,E,e
712,1,k'u,k'u
712,2,tak'atoj,tak'atoj
712,3,ri,ri
712,4,tukur,tukur
712,5,Chuwi',chuwi'
712,6,jom.,jom
713,0,Ta,ta
713,1,xkitz'aq,xkitz'aq
713,2,k'ut,k'ut
713,3,ki,ki
713,4,"tzij,",tzij
713,5,Xa,xa
713,6,wi,wi
713,7,xere,xere
713,8,u,u
713,9,cholik,cholik
713,10,u,u
713,11,tzij,tzij
713,12,Jun,jun
713,13,"Kame,",kame
713,14,Wuqub',wuqub'
713,15,"Kame,",kame
713,16,Ajal,ajal
713,17,"Puj,",puj
713,18,Ajal,ajal
713,19,"Q'ana,",q'ana
713,20,Ch'ami'ya,ch'ami'ya
713,21,"B'aq,",b'aq
713,22,Ch'ami'ya,ch'ami'ya
713,23,"Jolom,",jolom
713,24,Xik'iri,xik'iri
713,25,"Pat,",pat
713,26,Kuchuma,kuchuma
713,27,"Kik',",kik'
713,28,Ajal,ajal
713,29,"Mes,",mes
713,30,Ajal,ajal
713,31,"Toq'ob',",toq'ob'
713,32,"Xik',",xik'
713,33,"Patan,",patan
713,34,Ki,ki
713,35,b'i',b'i'
713,36,konojel,konojel
713,37,"ajawab',",ajawab'
713,38,Xtz'aq,xtz'aq
713,39,ki,ki
713,40,tzij,tzij
713,41,kumal,kumal
713,42,tukur.,tukur
714,0,“Ma,ma
714,1,ki,ki
714,2,tzij,tzij
714,3,kacha',kacha'
714,4,ajaw,ajaw
714,5,Jun,jun
714,6,"Kame,",kame
714,7,Wuqub',wuqub'
714,8,Kame?,kame
715,0,Ki,ki
715,1,tzij,tzij
715,2,b'a,b'a
715,3,la',la'
715,4,kecha'.,kecha'
716,0,Oj,oj
716,1,na,na
716,2,k'u,k'u
716,3,achb'ilay,achb'ilay
716,4,iwe.,iwe
717,0,‘Chik'am,chik'am
717,1,uloq,uloq
717,2,ri,ri
717,3,ronojel,ronojel
717,4,"ketz'ab'al,’",ketz'ab'al
717,5,Kecha',kecha'
717,6,ajawab'.”,ajawab'
717,7,“Utz,utz
717,8,b'a,b'a
717,9,la'.,la'
718,0,Kojiwoyob'ej,kojiwoyob'ej
718,1,"na,",na
718,2,Oj,oj
718,3,na,na
718,4,qa,qa
718,5,pixab'aj,pixab'aj
718,6,kan,kan
718,7,na,na
718,8,qa,qa
718,9,"chuch,”",chuch
718,10,xecha',xecha'
718,11,k'ut.,k'ut
719,0,Xeb'e,xeb'e
719,1,k'ut,k'ut
719,2,chi,chi
719,3,"kochoch,",kochoch
719,4,Xecha',xecha'
719,5,k'ut,k'ut
719,6,chire,chire
719,7,ki,ki
719,8,chuch.,chuch
720,0,Xkaminaqoq,xkaminaqoq
720,1,ki,ki
720,2,qajaw.,qajaw
721,0,“Jo',jo'
721,1,na,na
721,2,ix,ix
721,3,qa,qa
721,4,chuch.,chuch
722,0,Xa,xa
722,1,et,et
722,2,"kulik,",kulik
722,3,Mi,mi
722,4,xul,xul
722,5,u,u
722,6,samajel,samajel
722,7,"ajaw,",ajaw
722,8,K'amol,k'amol
722,9,qe.,qe
723,0,"‘Kepetoq,’",kepetoq
723,1,kacha',kacha'
723,2,k'ut.,k'ut
724,0,Kecha',kecha'
724,1,Taqol,taqol
724,2,qe.,qe
725,0,Xchikanaj,xchikanaj
725,1,k'u,k'u
725,2,kan,kan
725,3,wa',wa'
725,4,qa,qa
725,5,"kik',”",kik'
725,6,xecha',xecha'
725,7,k'ut.,k'ut
726,0,K'ate,k'ate
726,1,xb'e,xb'e
726,2,ki,ki
726,3,xima,xima
726,4,kanoq,kanoq
726,5,puwi',puwi'
726,6,ja.,ja
727,0,“Kojul,kojul
727,1,"na,",na
727,2,K'ate,k'ate
727,3,chiqachokonisaj,chiqachokonisaj
727,4,chik.”,chik
727,5,“Xa,xa
727,6,"kixsu'anoq,",kixsu'anoq
727,7,Xa,xa
727,8,pu,pu
727,9,"kixb'ixanoq,",kixb'ixanoq
727,10,"Kixtz'ib'anoq,",kixtz'ib'anoq
727,11,Kixk'otonoq.,kixk'otonoq
728,0,Chimeq'oj,chimeq'oj
728,1,"qochoch,",qochoch
728,2,Chimeq'oj,chimeq'oj
728,3,puch,puch
728,4,u,u
728,5,k'u'x,k'u'x
728,6,"iwati't,”",iwati't
728,7,Xe'uchax,xe'uchax
728,8,k'ut,k'ut
728,9,Jun,jun
728,10,"B'atz',",b'atz'
728,11,Jun,jun
728,12,Chowen,chowen
728,13,ta,ta
728,14,xepixab'axik.,xepixab'axik
729,0,Q'usq'us,q'usq'us
729,1,k'ut,k'ut
729,2,Choq',choq'
729,3,Ki,ki
729,4,"chuch,",chuch
729,5,Ri,ri
729,6,Xmuqane.,xmuqane
730,0,“Jo',jo'
730,1,"na,",na
730,2,Maja,maja
730,3,b'i,b'i
730,4,kojkamik.,kojkamik
731,0,"Mixb'isonik,”",mixb'isonik
731,1,Xecha',xecha'
731,2,ta,ta
731,3,"xeb'ek,",xeb'ek
731,4,Jun,jun
731,5,"Junajpu,",junajpu
731,6,Wuqub',wuqub'
731,7,Junajpu.,junajpu
732,0,K'ATE,k'ate
732,1,puch,puch
732,2,ta,ta
732,3,xeb'ek,xeb'ek
732,4,Jun,jun
732,5,"Junajpu,",junajpu
732,6,Wuqub',wuqub'
732,7,Junajpu.,junajpu
733,0,Xk'am,xk'am
733,1,ki,ki
733,2,b'e,b'e
733,3,kumal,kumal
733,4,ri,ri
733,5,"samajel,",samajel
733,6,Ta,ta
733,7,xeqaj,xeqaj
733,8,k'ut,k'ut
733,9,pu,pu
733,10,b'e'al,b'e'al
733,11,Xib'alb'a.,xib'alb'a
734,0,Xuluxuj,xuluxuj
734,1,u,u
734,2,chi',chi'
734,3,"kumuk,",kumuk
734,4,Xeqaj,xeqaj
734,5,k'ut.,k'ut
735,0,Ta,ta
735,1,xe'el,xe'el
735,2,chi,chi
735,3,k'u,k'u
735,4,aponoq,aponoq
735,5,Chuchi',chuchi'
735,6,jal,jal
735,7,ja',ja'
735,8,"siwanub',",siwanub'
735,9,Nu',nu'
735,10,"Siwan,",siwan
735,11,K'ulk'u,k'ulk'u
735,12,Siwan,siwan
735,13,u,u
735,14,b'i'.,b'i'
736,0,Xe'ik'ow,xe'ik'ow
736,1,wi.,wi
737,0,Xe'ik'ow,xe'ik'ow
737,1,chi,chi
737,2,k'ut,k'ut
737,3,Chupan,chupan
737,4,jal,jal
737,5,ja'l:,ja'l
737,6,Ja',ja'
737,7,"Simaj,",simaj
737,8,Mawi,mawi
737,9,ajilan,ajilan
737,10,simaj.,simaj
738,0,Xe'ik'ow,xe'ik'ow
738,1,"wi,",wi
738,2,Mawi,mawi
738,3,xetoq'otajik.,xetoq'otajik
739,0,Ta,ta
739,1,xe'opon,xe'opon
739,2,chi,chi
739,3,k'ut,k'ut
739,4,chi,chi
739,5,"a',",a'
739,6,Chi,chi
739,7,Kik'i,kik'i
739,8,A'.,a'
740,0,Xe'ik'ow,xe'ik'ow
740,1,"chiri',",chiri'
740,2,Mawi,mawi
740,3,xkuk'aj.,xkuk'aj
741,0,Xe'opon,xe'opon
741,1,chi,chi
741,2,"a',",a'
741,3,U,u
741,4,tukel,tukel
741,5,puj,puj
741,6,chi,chi
741,7,a'.,a'
742,0,Mawi,mawi
742,1,"xech'akatajik,",xech'akatajik
742,2,Xa,xa
742,3,wi,wi
742,4,xe'ik'ow,xe'ik'ow
742,5,chik.,chik
743,0,Ta,ta
743,1,xe'opon,xe'opon
743,2,chi,chi
743,3,k'ut,k'ut
743,4,pa,pa
743,5,kajib',kajib'
743,6,xalkat,xalkat
743,7,"b'e,",b'e
743,8,K'a,k'a
743,9,chiri',chiri'
743,10,k'ut,k'ut
743,11,xech'akataj,xech'akataj
743,12,wi,wi
743,13,pa,pa
743,14,kajib',kajib'
743,15,xalkat,xalkat
743,16,b'e:,b'e
743,17,Jun,jun
743,18,kaqa,kaqa
743,19,"b'e,",b'e
743,20,Jun,jun
743,21,k'ut,k'ut
743,22,q'eqa,q'eqa
743,23,"b'e,",b'e
743,24,Saqi,saqi
743,25,b'e,b'e
743,26,"jun,",jun
743,27,Jun,jun
743,28,k'ut,k'ut
743,29,q'ana,q'ana
743,30,b'e.,b'e
744,0,Kajib',kajib'
744,1,b'e.,b'e
745,0,Are',are'
745,1,k'ut,k'ut
745,2,xch'aw,xch'aw
745,3,ri,ri
745,4,q'eqa,q'eqa
745,5,b'e:,b'e
745,6,“In,in
745,7,kinik'amo.,kinik'amo
746,0,In,in
746,1,u,u
746,2,b'e,b'e
746,3,"ajaw,”",ajaw
746,4,Xch'aw,xch'aw
746,5,ri,ri
746,6,b'e.,b'e
747,0,Chiri',chiri'
747,1,k'ut,k'ut
747,2,Xech'akataj,xech'akataj
747,3,wi.,wi
748,0,Are',are'
748,1,xkitaqej,xkitaqej
748,2,ri,ri
748,3,b'e,b'e
748,4,Xib'alb'a.,xib'alb'a
749,0,Ta,ta
749,1,xe'opon,xe'opon
749,2,k'ut,k'ut
749,3,pa,pa
749,4,ki,ki
749,5,popob'al,popob'al
749,6,rajawal,rajawal
749,7,Xib'alb'a.,xib'alb'a
750,0,Xech'akataj,xech'akataj
750,1,chi,chi
750,2,K'ut,k'ut
750,3,chiri'.,chiri'
751,0,Are',are'
751,1,nab'e,nab'e
751,2,ku'b'ulel,ku'b'ulel
751,3,"ri',",ri'
751,4,Xa,xa
751,5,"poy,",poy
751,6,Xa,xa
751,7,ajam,ajam
751,8,"che',",che'
751,9,Kawutalik,kawutalik
751,10,kumal,kumal
751,11,Xib'alb'a.,xib'alb'a
752,0,Are',are'
752,1,k'ut,k'ut
752,2,nab'e,nab'e
752,3,xkiq'ijila:,xkiq'ijila
752,4,"“Q'ala,",q'ala
752,5,Jun,jun
752,6,"Kame,”",kame
752,7,Xecha',xecha'
752,8,chire,chire
752,9,ri,ri
752,10,poy.,poy
753,0,"“Q'ala,",q'ala
753,1,Wuqub',wuqub'
753,2,"Kame,”",kame
753,3,Xecha',xecha'
753,4,chik,chik
753,5,chire,chire
753,6,ri,ri
753,7,ajam,ajam
753,8,che'.,che'
754,0,Ma,ma
754,1,k'u,k'u
754,2,xech'akowik.,xech'akowik
755,0,Xa,xa
755,1,kejumin,kejumin
755,2,chik,chik
755,3,chi,chi
755,4,tze',tze'
755,5,konojel,konojel
755,6,"ajawab',",ajawab'
755,7,Rumal,rumal
755,8,"xech'akomajik,",xech'akomajik
755,9,Chi,chi
755,10,ki,ki
755,11,k'u'x,k'u'x
755,12,xkich'ak,xkich'ak
755,13,Ri,ri
755,14,Jun,jun
755,15,"Junajpu,",junajpu
755,16,Wuqub',wuqub'
755,17,Junajpu.,junajpu
756,0,Xetze'n,xetze'n
756,1,na.,na
757,0,K'ate,k'ate
757,1,k'ut,k'ut
757,2,xech'aw,xech'aw
757,3,"chik,",chik
757,4,Jun,jun
757,5,"Kame,",kame
757,6,Wuqub',wuqub'
757,7,Kame:,kame
757,8,“Utz,utz
757,9,b'a,b'a
757,10,"la',",la'
757,11,Mi,mi
757,12,xixulik.,xixulik
758,0,Chuwe'q,chuwe'q
758,1,chiqasa',chiqasa'
758,2,u,u
758,3,wach,wach
758,4,i,i
758,5,"b'ate,",b'ate
758,6,I,i
758,7,pach',pach'
758,8,"q'ab',”",q'ab'
758,9,xe'uchax,xe'uchax
758,10,k'ut.,k'ut
759,0,“Kixku'loq,kixku'loq
759,1,chi,chi
759,2,qa,qa
759,3,"tem,”",tem
759,4,xe'uchaxik.,xe'uchaxik
760,0,U,u
760,1,tukel,tukel
760,2,k'u,k'u
760,3,k'atanalaj,k'atanalaj
760,4,ab'aj,ab'aj
760,5,ki,ki
760,6,tem,tem
760,7,xya'ik.,xya'ik
761,0,Xek'at,xek'at
761,1,chi,chi
761,2,k'ut,k'ut
761,3,chuwi',chuwi'
761,4,tem.,tem
762,0,Qitzij,qitzij
762,1,wi,wi
762,2,xepiskalij,xepiskalij
762,3,chik,chik
762,4,chuwi',chuwi'
762,5,tem.,tem
763,0,Mawi,mawi
763,1,"xeyakamarik,",xeyakamarik
763,2,Qitzij,qitzij
763,3,wi,wi
763,4,xewalejik.,xewalejik
764,0,Xk'at,xk'at
764,1,ki,ki
764,2,ku'lib'al.,ku'lib'al
765,0,K'ate,k'ate
765,1,k'ut,k'ut
765,2,xetze'n,xetze'n
765,3,chik,chik
765,4,Xib'alb'a.,xib'alb'a
766,0,Xepichicharik,xepichicharik
766,1,chi,chi
766,2,"tze',",tze'
766,3,Xwinaqirije'ik,xwinaqirije'ik
766,4,u,u
766,5,kumatz,kumatz
766,6,tze',tze'
766,7,chi,chi
766,8,ki,ki
766,9,k'u'x.,k'u'x
767,0,Chikikiy,chikikiy
767,1,"kib',",kib'
767,2,Chikib'a',chikib'a'
767,3,kib',kib'
767,4,chi,chi
767,5,"tze',",tze'
767,6,Konojel,konojel
767,7,Rajawal,rajawal
767,8,Xib'alb'a.,xib'alb'a
768,0,“Xa,xa
768,1,jix,jix
768,2,chi,chi
768,3,ja.,ja
769,0,We,we
769,1,chib'e,chib'e
769,2,ya'oq,ya'oq
769,3,I,i
769,4,"chaj,",chaj
769,5,I,i
769,6,"sik',",sik'
769,7,Chi,chi
769,8,"warab'al,”",warab'al
769,9,Xe'uchax,xe'uchax
769,10,k'ut.,k'ut
770,0,K'ate,k'ate
770,1,k'ut,k'ut
770,2,xe'oponik,xe'oponik
770,3,pa,pa
770,4,Q'equ'ma,q'equ'ma
770,5,"Ja,",ja
770,6,U,u
770,7,tukel,tukel
770,8,q'equ'm,q'equ'm
770,9,u,u
770,10,pam,pam
770,11,chi,chi
770,12,ja.,ja
771,0,Ta,ta
771,1,xkik'am,xkik'am
771,2,k'ut,k'ut
771,3,ki,ki
771,4,na'oj,na'oj
771,5,Xib'alb'a:,xib'alb'a
771,6,“Xa,xa
771,7,keqapusu,keqapusu
771,8,chuwe'q.,chuwe'q
772,0,Xa,xa
772,1,lab'e,lab'e
772,2,ju,ju
772,3,"su,",su
772,4,Ju,ju
772,5,su,su
772,6,"kekamik,",kekamik
772,7,Rumal,rumal
772,8,ri,ri
772,9,"qetz'ab'al,",qetz'ab'al
772,10,Ri,ri
772,11,qa,qa
772,12,"cha'jib'al,”",cha'jib'al
772,13,Kecha',kecha'
772,14,k'u,k'u
772,15,ri,ri
772,16,Xib'alb'a,xib'alb'a
772,17,Chi,chi
772,18,kib'il,kib'il
772,19,kib'.,kib'
773,0,Are',are'
773,1,k'u,k'u
773,2,ri,ri
773,3,ki,ki
773,4,"cha'j,",cha'j
773,5,Xa,xa
773,6,k'olok'ik,k'olok'ik
773,7,cha.,cha
774,0,Saqi,saqi
774,1,Toq',toq'
774,2,u,u
774,3,b'i',b'i'
774,4,ri,ri
774,5,"cha'j,",cha'j
774,6,U,u
774,7,cha'j,cha'j
774,8,Xib'alb'a.,xib'alb'a
775,0,Xa,xa
775,1,juq'ul,juq'ul
775,2,ki,ki
775,3,"cha'j,",cha'j
775,4,Xa,xa
775,5,ju,ju
775,6,suk',suk'
775,7,chiyojyox,chiyojyox
775,8,b'aq,b'aq
775,9,Chik'ow,chik'ow
775,10,wi,wi
775,11,Ri,ri
775,12,ki,ki
775,13,cha'j,cha'j
775,14,Xib'alb'a.,xib'alb'a
776,0,Xe'ok,xe'ok
776,1,k'ut,k'ut
776,2,Ri,ri
776,3,Jun,jun
776,4,"Junajpu,",junajpu
776,5,Wuqub',wuqub'
776,6,"Junajpu,",junajpu
776,7,Chupan,chupan
776,8,ri,ri
776,9,Q'equ'ma,q'equ'ma
776,10,Ja.,ja
777,0,Ta,ta
777,1,xb'e,xb'e
777,2,k'u,k'u
777,3,ya'oq,ya'oq
777,4,ki,ki
777,5,chaj.,chaj
778,0,Xa,xa
778,1,jun,jun
778,2,chi,chi
778,3,chaj,chaj
778,4,tzijom,tzijom
778,5,chik.,chik
779,0,Xel,xel
779,1,ruk',ruk'
779,2,Jun,jun
779,3,"Kame,",kame
779,4,Wuqub',wuqub'
779,5,Kame.,kame
780,0,Ruk',ruk'
780,1,jujun,jujun
780,2,ki,ki
780,3,"sik',",sik'
780,4,Xa,xa
780,5,wi,wi
780,6,tzijom,tzijom
780,7,chik,chik
780,8,Xel,xel
780,9,kuk',kuk'
780,10,"ajawab',",ajawab'
780,11,Ta,ta
780,12,xb'e,xb'e
780,13,k'u,k'u
780,14,ya'oq,ya'oq
780,15,Kuk',kuk'
780,16,ri,ri
780,17,Jun,jun
780,18,"Junajpu,",junajpu
780,19,Wuqub',wuqub'
780,20,Junajpu.,junajpu
781,0,E,e
781,1,ch'okoch'oj,ch'okoch'oj
781,2,chi,chi
781,3,uloq,uloq
781,4,Pa,pa
781,5,"q'equ'm,",q'equ'm
781,6,Ta,ta
781,7,xopon,xopon
781,8,ri,ri
781,9,ya'ol,ya'ol
781,10,ki,ki
781,11,"chaj,",chaj
781,12,Ruk',ruk'
781,13,ki,ki
781,14,sik'.,sik'
782,0,Kajuljut,kajuljut
782,1,ri,ri
782,2,"chaj,",chaj
782,3,Xok,xok
782,4,aponoq.,aponoq
783,0,Ri,ri
783,1,ki,ki
783,2,chaj,chaj
783,3,e,e
783,4,ki,ki
783,5,"tzija,",tzija
783,6,Ri,ri
783,7,jujun,jujun
783,8,ki,ki
783,9,sik'.,sik'
784,0,“Je,je
784,1,chul,chul
784,2,ki,ki
784,3,ya',ya'
784,4,chi,chi
784,5,"saqirik,",saqirik
784,6,Mawi,mawi
784,7,"chik'isik,",chik'isik
784,8,Xa,xa
784,9,wi,wi
784,10,xere,xere
784,11,u,u
784,12,wach,wach
784,13,chul,chul
784,14,ki,ki
784,15,"molob'a',",molob'a'
784,16,Kecha',kecha'
784,17,ajawab',ajawab'
784,18,"chiwe,”",chiwe
784,19,Xe'uchaxik.,xe'uchaxik
785,0,Xech'akataj,xech'akataj
785,1,k'ut.,k'ut
786,0,Xkik'is,xkik'is
786,1,ri,ri
786,2,"chaj,",chaj
786,3,Tzatz,tzatz
786,4,k'u,k'u
786,5,ri,ri
786,6,u,u
786,7,tijob'al,tijob'al
786,8,"Xib'alb'a,",xib'alb'a
786,9,K'iya,k'iya
786,10,molaj,molaj
786,11,chi,chi
786,12,tijob'al.,tijob'al
787,0,Are',are'
787,1,u,u
787,2,nab'e,nab'e
787,3,ri,ri
787,4,Q'equ'ma,q'equ'ma
787,5,"Ja,",ja
787,6,U,u
787,7,tukel,tukel
787,8,q'equ'm,q'equ'm
787,9,u,u
787,10,pam.,pam
788,0,U,u
788,1,kab',kab'
788,2,chi,chi
788,3,k'ut,k'ut
788,4,Xuxulim,xuxulim
788,5,Ja,ja
788,6,u,u
788,7,"b'i',",b'i'
788,8,Tzatz,tzatz
788,9,chi,chi
788,10,tew,tew
788,11,u,u
788,12,pam.,pam
789,0,Saq,saq
789,1,"xuruxuj,",xuruxuj
789,2,Saq,saq
789,3,k'arak'oj,k'arak'oj
789,4,Chixurulaj,chixurulaj
789,5,"tew,",tew
789,6,Chok,chok
789,7,uloq,uloq
789,8,chupan.,chupan
790,0,Rox,rox
790,1,chi,chi
790,2,k'ut,k'ut
790,3,B'alami,b'alami
790,4,Ja,ja
790,5,u,u
790,6,"b'i',",b'i'
790,7,U,u
790,8,tukel,tukel
790,9,b'alam,b'alam
790,10,k'o,k'o
790,11,chupan.,chupan
791,0,"Keq'ichowik,",keq'ichowik
791,1,"Keb'uchuwik,",keb'uchuwik
791,2,Chimatat,chimatat
791,3,ke,ke
791,4,Chiqit'it,chiqit'it
791,5,"ke,",ke
791,6,E,e
791,7,tz'apim,tz'apim
791,8,b'alam,b'alam
791,9,Pa,pa
791,10,ja.,ja
792,0,Sotz'i,sotz'i
792,1,Ja,ja
792,2,u,u
792,3,b'i',b'i'
792,4,u,u
792,5,kaj,kaj
792,6,u,u
792,7,"tijob'al,",tijob'al
792,8,U,u
792,9,tukel,tukel
792,10,sotz',sotz'
792,11,u,u
792,12,pam.,pam
793,0,Chi,chi
793,1,"ja,",ja
793,2,"Ketz'itz'otik,",ketz'itz'otik
793,3,"Ketz'itilajik,",ketz'itilajik
793,4,Keropop,keropop
793,5,Pa,pa
793,6,ja.,ja
794,0,E,e
794,1,tz'apin,tz'apin
794,2,"sotz',",sotz'
794,3,Maja,maja
794,4,b'i,b'i
794,5,ke'el,ke'el
794,6,wi.,wi
795,0,Ro',ro'
795,1,chi,chi
795,2,k'ut,k'ut
795,3,Chaim,chaim
795,4,Ja,ja
795,5,u,u
795,6,"b'i',",b'i'
795,7,U,u
795,8,tukel,tukel
795,9,cha,cha
795,10,k'o,k'o
795,11,chupan.,chupan
796,0,Saqleloj,saqleloj
796,1,Re,re
796,2,chi,chi
796,3,cha.,cha
797,0,"Chitzininik,",chitzininik
797,1,Chiyojojik,chiyojojik
797,2,chiri',chiri'
797,3,pa,pa
797,4,ja.,ja
798,0,K'i,k'i
798,1,nab'ek,nab'ek
798,2,u,u
798,3,tijob'al,tijob'al
798,4,Xib'alb'a.,xib'alb'a
799,0,Ma,ma
799,1,k'u,k'u
799,2,"xe'ok,",xe'ok
799,3,Ri,ri
799,4,Jun,jun
799,5,"Junajpu,",junajpu
799,6,Wuqub',wuqub'
799,7,Junajpu,junajpu
799,8,chupan.,chupan
800,0,Xa,xa
800,1,u,u
800,2,b'ixik,b'ixik
800,3,aponoq,aponoq
800,4,U,u
800,5,b'i',b'i'
800,6,tijob'al,tijob'al
800,7,ja.,ja
801,0,Ta,ta
801,1,xe'ok,xe'ok
801,2,k'u,k'u
801,3,apanoq,apanoq
801,4,Jun,jun
801,5,"Junajpu,",junajpu
801,6,Wuqub',wuqub'
801,7,"Junajpu,",junajpu
801,8,Chuwach,chuwach
801,9,Jun,jun
801,10,"Kame,",kame
801,11,Wuqub',wuqub'
801,12,Kame.,kame
802,0,“Apa,apa
802,1,k'o,k'o
802,2,wi,wi
802,3,ri,ri
802,4,nu,nu
802,5,"sik',",sik'
802,6,A,a
802,7,on,on
802,8,k'o,k'o
802,9,wi,wi
802,10,ri,ri
802,11,nu,nu
802,12,"chaj,",chaj
802,13,Xb'e,xb'e
802,14,ya'oq,ya'oq
802,15,chiwech,chiwech
802,16,xq'eq?”,xq'eq
802,17,xuchax,xuchax
802,18,k'ut.,k'ut
803,0,“Xqak'iso,xqak'iso
803,1,at,at
803,2,ajaw.”,ajaw
803,3,“Utz,utz
803,4,b'a,b'a
803,5,"la',",la'
803,6,Wakamik,wakamik
803,7,b'a,b'a
803,8,"la',",la'
803,9,Xk'is,xk'is
803,10,i,i
803,11,"q'ij,",q'ij
803,12,Kixkamik.,kixkamik
804,0,"Xkisachik,",xkisachik
804,1,Xkiqaq'up,xkiqaq'up
804,2,puch.,puch
805,0,Waral,waral
805,1,xchiwewaj,xchiwewaj
805,2,wi,wi
805,3,i,i
805,4,"wach,",wach
805,5,"Kixpusik,”",kixpusik
805,6,Xcha',xcha'
805,7,Jun,jun
805,8,"Kame,",kame
805,9,Wuqub',wuqub'
805,10,Kame.,kame
806,0,Ta,ta
806,1,xepus,xepus
806,2,"k'ut,",k'ut
806,3,Xemuq,xemuq
806,4,k'ut.,k'ut
807,0,Chi,chi
807,1,Puk'b'al,puk'b'al
807,2,"Cha'j,",cha'j
807,3,U,u
807,4,"b'i',",b'i'
807,5,Xemuq,xemuq
807,6,wi.,wi
808,0,Xq'at,xq'at
808,1,u,u
808,2,jolom,jolom
808,3,ri,ri
808,4,Jun,jun
808,5,Junajpu.,junajpu
809,0,Xa,xa
809,1,u,u
809,2,nimal,nimal
809,3,xmuqik,xmuqik
809,4,Ruk',ruk'
809,5,ri,ri
809,6,u,u
809,7,chaq'.,chaq'
810,0,“Chiya',chiya'
810,1,ri,ri
810,2,u,u
810,3,jolom,jolom
810,4,xo'l,xo'l
810,5,che',che'
810,6,Ri,ri
810,7,tikil,tikil
810,8,pa,pa
810,9,"b'e,”",b'e
810,10,Xcha',xcha'
810,11,k'ut,k'ut
810,12,Jun,jun
810,13,"Kame,",kame
810,14,Wuqub',wuqub'
810,15,Kame.,kame
811,0,Ta,ta
811,1,xb'e,xb'e
811,2,k'u,k'u
811,3,ya'oq,ya'oq
811,4,u,u
811,5,jolom,jolom
811,6,xo'l,xo'l
811,7,"che',",che'
811,8,Ta,ta
811,9,xwachin,xwachin
811,10,k'u,k'u
811,11,ri,ri
811,12,che'.,che'
812,0,Maja,maja
812,1,b'i,b'i
812,2,u,u
812,3,"wach,",wach
812,4,Are',are'
812,5,k'u,k'u
812,6,ri,ri
812,7,tzima,tzima
812,8,kojcha',kojcha'
812,9,chire,chire
812,10,wakamik.,wakamik
813,0,U,u
813,1,jolom,jolom
813,2,Jun,jun
813,3,Junajpu,junajpu
813,4,chuchaxik.,chuchaxik
814,0,Ta,ta
814,1,xumayijaj,xumayijaj
814,2,k'ut,k'ut
814,3,Jun,jun
814,4,"Kame,",kame
814,5,Wuqub',wuqub'
814,6,"Kame,",kame
814,7,U,u
814,8,wach,wach
814,9,ri,ri
814,10,che'.,che'
815,0,Jumaj,jumaj
815,1,k'olok'a'q,k'olok'a'q
815,2,u,u
815,3,"wach,",wach
815,4,Ma,ma
815,5,k'u,k'u
815,6,q'alaj,q'alaj
815,7,K'o,k'o
815,8,chi,chi
815,9,wi,wi
815,10,ri,ri
815,11,u,u
815,12,jolom,jolom
815,13,Jun,jun
815,14,Junajpu.,junajpu
816,0,Xa,xa
816,1,junam,junam
816,2,chik,chik
816,3,u,u
816,4,"wach,",wach
816,5,Ruk',ruk'
816,6,u,u
816,7,wach,wach
816,8,tzima.,tzima
817,0,Karilo,karilo
817,1,ronojel,ronojel
817,2,"Xib'alb'a,",xib'alb'a
817,3,Ta,ta
817,4,chul,chul
817,5,ki,ki
817,6,ka'yij.,ka'yij
818,0,Nim,nim
818,1,u,u
818,2,k'oje'ik,k'oje'ik
818,3,ri,ri
818,4,"che',",che'
818,5,Xux,xux
818,6,chi,chi
818,7,ki,ki
818,8,"k'u'x,",k'u'x
818,9,Rumal,rumal
818,10,ju,ju
818,11,su,su
818,12,"xub'anik,",xub'anik
818,13,Ta,ta
818,14,xok,xok
818,15,u,u
818,16,jolom,jolom
818,17,Jun,jun
818,18,Junajpu,junajpu
818,19,chuxo'l.,chuxo'l
819,0,Xecha',xecha'
819,1,k'u,k'u
819,2,ri,ri
819,3,Xib'alb'a,xib'alb'a
819,4,Chi,chi
819,5,kib'il,kib'il
819,6,kib':,kib'
819,7,“Ma,ma
819,8,k'o,k'o
819,9,mach'upuwik,mach'upuwik
819,10,ri,ri
819,11,u,u
819,12,"wach,",wach
819,13,Ma,ma
819,14,k'o,k'o
819,15,nay,nay
819,16,pu,pu
819,17,ma,ma
819,18,ok,ok
819,19,apanoq,apanoq
819,20,chuxe',chuxe'
819,21,"che',”",che'
819,22,xecha'.,xecha'
820,0,Xkiq'ataj,xkiq'ataj
820,1,"kib',",kib'
820,2,Xkiq'il,xkiq'il
820,3,kib',kib'
820,4,Xib'alb'a,xib'alb'a
820,5,konojel.,konojel
821,0,Ma,ma
821,1,k'u,k'u
821,2,q'alaj,q'alaj
821,3,chi,chi
821,4,ri,ri
821,5,u,u
821,6,jolom,jolom
821,7,Jun,jun
821,8,Junajpu.,junajpu
822,0,Xa,xa
822,1,junamatal,junamatal
822,2,chik,chik
822,3,ruk',ruk'
822,4,u,u
822,5,wach,wach
822,6,che'.,che'
823,0,Ri,ri
823,1,tzima,tzima
823,2,u,u
823,3,b'i',b'i'
823,4,xuxik.,xuxik
824,0,Nim,nim
824,1,k'ut,k'ut
824,2,u,u
824,3,tzijoxik,tzijoxik
824,4,Xuta,xuta
824,5,jun,jun
824,6,q'apoj.,q'apoj
825,0,Wa',wa'
825,1,k'ute,k'ute
825,2,xchiqab'ij,xchiqab'ij
825,3,roponik.,roponik
826,0,WA',wa'
826,1,chi,chi
826,2,k'ute,k'ute
826,3,u,u
826,4,tzijoxik,tzijoxik
826,5,Jun,jun
826,6,"q'apoj,",q'apoj
826,7,U,u
826,8,me'al,me'al
826,9,jun,jun
826,10,"ajaw,",ajaw
826,11,Kuchuma,kuchuma
826,12,Kik',kik'
826,13,u,u
826,14,b'i'.,b'i'
827,0,ARE',are'
827,1,k'ut,k'ut
827,2,ta,ta
827,3,xuta,xuta
827,4,Jun,jun
827,5,"q'apoj,",q'apoj
827,6,U,u
827,7,me'al,me'al
827,8,jun,jun
827,9,ajaw.,ajaw
828,0,Kuchuma,kuchuma
828,1,Kik',kik'
828,2,u,u
828,3,b'i',b'i'
828,4,u,u
828,5,"qajaw,",qajaw
828,6,Xkik',xkik'
828,7,k'ut,k'ut
828,8,u,u
828,9,b'i',b'i'
828,10,Ri,ri
828,11,q'apoj.,q'apoj
829,0,Ta,ta
829,1,xuta,xuta
829,2,k'ut,k'ut
829,3,u,u
829,4,tzijoxik,tzijoxik
829,5,ri,ri
829,6,u,u
829,7,wach,wach
829,8,"che',",che'
829,9,Ta,ta
829,10,chitzijox,chitzijox
829,11,chik,chik
829,12,rumal,rumal
829,13,u,u
829,14,qajaw.,qajaw
830,0,Chumayijaj,chumayijaj
830,1,k'ut,k'ut
830,2,Ta,ta
830,3,chitzijoxik.,chitzijoxik
831,0,“Ma,ma
831,1,"kina'ojwila',",kina'ojwila'
831,2,Ri,ri
831,3,che',che'
831,4,kab'ixik?,kab'ixik
832,0,Qitzij,qitzij
832,1,kus,kus
832,2,U,u
832,3,wach,wach
832,4,"kacha',",kacha'
832,5,"Kanuta'o,”",kanuta'o
832,6,Xcha',xcha'
832,7,k'ut.,k'ut
833,0,K'ate,k'ate
833,1,xb'ek,xb'ek
833,2,xa,xa
833,3,u,u
833,4,"tukel,",tukel
833,5,Xopon,xopon
833,6,k'ut,k'ut
833,7,Chuxe',chuxe'
833,8,che',che'
833,9,"tikil,",tikil
833,10,Chi,chi
833,11,Puk'b'al,puk'b'al
833,12,Cha'j,cha'j
833,13,tikil,tikil
833,14,wi.,wi
834,0,“Ji'a'!,ji'a'
835,0,Naqi,naqi
835,1,pe,pe
835,2,u,u
835,3,wach,wach
835,4,wa'e,wa'e
835,5,che'?,che'
836,0,Maki,maki
836,1,pa,pa
836,2,kus,kus
836,3,chiwachin,chiwachin
836,4,wa',wa'
836,5,che'?,che'
837,0,Ma,ma
837,1,kikam,kikam
837,2,"taj,",taj
837,3,Ma,ma
837,4,kisach,kisach
837,5,taj.,taj
838,0,La,la
838,1,kata,kata
838,2,xchinch'up,xchinch'up
838,3,junoq?”,junoq
838,4,Xcha',xcha'
838,5,k'u,k'u
838,6,ri,ri
838,7,q'apoj.,q'apoj
839,0,Ta,ta
839,1,xch'aw,xch'aw
839,2,k'ut,k'ut
839,3,ri,ri
839,4,"b'aq,",b'aq
839,5,K'o,k'o
839,6,ula,ula
839,7,xo'l,xo'l
839,8,che':,che'
839,9,“Naqi,naqi
839,10,pa,pa
839,11,karayij,karayij
839,12,chire,chire
839,13,ri'?,ri'
840,0,Xcha',xcha'
840,1,ri,ri
840,2,u,u
840,3,jolom,jolom
840,4,"Junajpu,",junajpu
840,5,Ta,ta
840,6,xch'awik,xch'awik
840,7,chire,chire
840,8,ri,ri
840,9,q'apoj.,q'apoj
841,0,“Ma,ma
841,1,"karayij,”",karayij
841,2,Xuchaxik.,xuchaxik
842,0,"“Kanurayij,”",kanurayij
842,1,Xcha',xcha'
842,2,k'ut,k'ut
842,3,ri,ri
842,4,q'apoj.,q'apoj
843,0,“Utz,utz
843,1,b'a,b'a
843,2,"la',",la'
843,3,chalik'ib'a',chalik'ib'a'
843,4,uloq,uloq
843,5,ri,ri
843,6,a,a
843,7,"wikiq'ab',",wikiq'ab'
843,8,Wila',wila'
843,9,"na,”",na
843,10,xcha',xcha'
843,11,ri,ri
843,12,b'aq.,b'aq
844,0,"“We',”",we'
844,1,Xcha',xcha'
844,2,k'u,k'u
844,3,q'apoj.,q'apoj
845,0,Xulik'ib'a',xulik'ib'a'
845,1,aq'anoq,aq'anoq
845,2,U,u
845,3,wikiq'ab',wikiq'ab'
845,4,chuwach,chuwach
845,5,b'aq.,b'aq
846,0,K'ate,k'ate
846,1,k'ut,k'ut
846,2,"chipitz',",chipitz'
846,3,Kab'an,kab'an
846,4,u,u
846,5,chub',chub'
846,6,b'aq.,b'aq
847,0,Ta,ta
847,1,xpetik,xpetik
847,2,taqal,taqal
847,3,k'ut,k'ut
847,4,Pu,pu
847,5,q'ab',q'ab'
847,6,q'apoj.,q'apoj
848,0,Ta,ta
848,1,xril,xril
848,2,k'ut,k'ut
848,3,u,u
848,4,pu,pu
848,5,"q'ab',",q'ab'
848,6,Ju,ju
848,7,suk',suk'
848,8,xunik'oj.,xunik'oj
849,0,Ma,ma
849,1,k'u,k'u
849,2,ja,ja
849,3,b'i',b'i'
849,4,u,u
849,5,chub',chub'
849,6,b'aq,b'aq
849,7,pu,pu
849,8,q'ab'.,q'ab'
850,0,“Xa,xa
850,1,retal,retal
850,2,mi,mi
850,3,xnuya',xnuya'
850,4,"chawe,",chawe
850,5,Ri,ri
850,6,nu,nu
850,7,"chub',",chub'
850,8,Nu,nu
850,9,k'axaj.,k'axaj
851,0,Are',are'
851,1,ri,ri
851,2,nu,nu
851,3,jolom,jolom
851,4,maja,maja
851,5,b'i,b'i
851,6,kachoko'n,kachoko'n
851,7,chi,chi
851,8,"wi,",wi
851,9,Xa,xa
851,10,b'aq,b'aq
851,11,maja,maja
851,12,b'i,b'i
851,13,chi,chi
851,14,u,u
851,15,chak.,chak
852,0,Xa,xa
852,1,wi,wi
852,2,keje',keje'
852,3,u,u
852,4,jolom,jolom
852,5,we,we
852,6,qi,qi
852,7,nim,nim
852,8,"ajaw,",ajaw
852,9,Xa,xa
852,10,u,u
852,11,tio'jil,tio'jil
852,12,utz,utz
852,13,wi,wi
852,14,u,u
852,15,wach.,wach
853,0,Are',are'
853,1,k'ut,k'ut
853,2,ta,ta
853,3,"chikamik,",chikamik
853,4,Chuxib'ij,chuxib'ij
853,5,chi,chi
853,6,rib',rib'
853,7,winaq,winaq
853,8,rumal,rumal
853,9,u,u
853,10,b'aqil.,b'aqil
854,0,Keje',keje'
854,1,k'ut,k'ut
854,2,xa,xa
854,3,u,u
854,4,"k'ajol,",k'ajol
854,5,Keje',keje'
854,6,ri,ri
854,7,u,u
854,8,"chub',",chub'
854,9,U,u
854,10,"k'axaj,",k'axaj
854,11,U,u
854,12,k'oje'ik.,k'oje'ik
855,0,We,we
855,1,u,u
855,2,k'ajol,k'ajol
855,3,"ajaw,",ajaw
855,4,We,we
855,5,puch,puch
855,6,u,u
855,7,k'ajol,k'ajol
855,8,"na'ol,",na'ol
855,9,Aj,aj
855,10,"ucha'n,",ucha'n
855,11,Xma,xma
855,12,chisach,chisach
855,13,"wi,",wi
855,14,"Chib'ek,",chib'ek
855,15,Chitz'aqatajik.,chitz'aqatajik
856,0,Mawi,mawi
856,1,"chupel,",chupel
856,2,Ma,ma
856,3,pu,pu
856,4,"ma'ixel,",ma'ixel
856,5,U,u
856,6,wach,wach
856,7,"ajaw,",ajaw
856,8,"Achij,",achij
856,9,"Na'ol,",na'ol
856,10,Aj,aj
856,11,ucha'n.,ucha'n
857,0,Xa,xa
857,1,xichikanajik,xichikanajik
857,2,u,u
857,3,"mi'al,",mi'al
857,4,U,u
857,5,k'ajol.,k'ajol
858,0,Ta,ta
858,1,"chuxoq,",chuxoq
858,2,Keje',keje'
858,3,mi,mi
858,4,xnub'an,xnub'an
858,5,chawe.,chawe
859,0,Kataq'an,kataq'an
859,1,k'ut,k'ut
859,2,chila',chila'
859,3,chuwach,chuwach
859,4,"ulew,",ulew
859,5,Mawi,mawi
859,6,kakamik.,kakamik
860,0,Katok,katok
860,1,pa,pa
860,2,tzij.,tzij
861,0,Ta,ta
861,1,"chuxoq,”",chuxoq
861,2,Xcha',xcha'
861,3,ri,ri
861,4,u,u
861,5,jolom,jolom
861,6,Jun,jun
861,7,"Junajpu,",junajpu
861,8,Wuqub',wuqub'
861,9,Junajpu.,junajpu
862,0,Xa,xa
862,1,wi,wi
862,2,ki,ki
862,3,na'oj,na'oj
862,4,ta,ta
862,5,xkib'ano.,xkib'ano
863,0,Are',are'
863,1,u,u
863,2,tzij,tzij
863,3,"Juraqan,",juraqan
863,4,Ch'i'pi,ch'i'pi
863,5,"Kaqulja,",kaqulja
863,6,Raxa,raxa
863,7,Kaqulja,kaqulja
863,8,chikech.,chikech
864,0,Keje',keje'
864,1,k'u,k'u
864,2,u,u
864,3,tzalijik,tzalijik
864,4,chik,chik
864,5,q'apoj,q'apoj
864,6,Chi,chi
864,7,rochoch.,rochoch
865,0,K'iya,k'iya
865,1,pixab',pixab'
865,2,Xb'ix,xb'ix
865,3,chirech.,chirech
866,0,Ju,ju
866,1,su,su
866,2,k'u,k'u
866,3,xwinaqir,xwinaqir
866,4,Ral,ral
866,5,chupan,chupan
866,6,Rumal,rumal
866,7,ri,ri
866,8,xa,xa
866,9,chub'.,chub'
867,0,Are',are'
867,1,k'ut,k'ut
867,2,ki,ki
867,3,winaqirik,winaqirik
867,4,"Junajpu,",junajpu
867,5,Xb'alanke.,xb'alanke
868,0,Ta,ta
868,1,xopon,xopon
868,2,k'ut,k'ut
868,3,chi,chi
868,4,rochoch,rochoch
868,5,ri,ri
868,6,q'apoj.,q'apoj
869,0,Xtz'aqat,xtz'aqat
869,1,k'ut,k'ut
869,2,waqib',waqib'
869,3,"ik',",ik'
869,4,Ta,ta
869,5,xnawachil,xnawachil
869,6,rumal,rumal
869,7,u,u
869,8,qajaw.,qajaw
870,0,Ri,ri
870,1,Kuchuma,kuchuma
870,2,Kik',kik'
870,3,u,u
870,4,b'i',b'i'
870,5,u,u
870,6,qajaw.,qajaw
871,0,K'ATE,k'ate
871,1,puch,puch
871,2,u,u
871,3,natajik,natajik
871,4,q'apoj,q'apoj
871,5,rumal,rumal
871,6,u,u
871,7,"qajaw,",qajaw
871,8,Ta,ta
871,9,xil,xil
871,10,ri,ri
871,11,ral,ral
871,12,k'o,k'o
871,13,chik.,chik
872,0,Ta,ta
872,1,xkikuch,xkikuch
872,2,k'ut,k'ut
872,3,Ki,ki
872,4,na'oj,na'oj
872,5,konojel,konojel
872,6,"ajawab',",ajawab'
872,7,Jun,jun
872,8,"Kame,",kame
872,9,Wuqub',wuqub'
872,10,Kame,kame
872,11,ruk',ruk'
872,12,ri,ri
872,13,Kuchuma,kuchuma
872,14,Kik'.,kik'
873,0,“Are',are'
873,1,ri,ri
873,2,nu,nu
873,3,me'al,me'al
873,4,k'o,k'o
873,5,chi,chi
873,6,ral,ral
873,7,ix,ix
873,8,"ajawab',",ajawab'
873,9,Xa,xa
873,10,u,u
873,11,"joxb'al,”",joxb'al
873,12,Xcha',xcha'
873,13,k'u,k'u
873,14,ri,ri
873,15,Kuchuma,kuchuma
873,16,"Kik',",kik'
873,17,Ta,ta
873,18,xoponik,xoponik
873,19,kuk',kuk'
873,20,ajawab'.,ajawab'
874,0,“Utz,utz
874,1,b'a,b'a
874,2,"la',",la'
874,3,chak'oto',chak'oto'
874,4,u,u
874,5,chi',chi'
874,6,ri'.,ri'
875,0,Ta,ta
875,1,ma,ma
875,2,"kub'ij,",kub'ij
875,3,Chipus,chipus
875,4,"k'ut,",k'ut
875,5,Chi,chi
875,6,najt,najt
875,7,chib'e,chib'e
875,8,pusu,pusu
875,9,wi.”,wi
875,10,“Utz,utz
875,11,b'a,b'a
875,12,"la',",la'
875,13,alaq,alaq
875,14,"ajawab',”",ajawab'
875,15,Xcha',xcha'
875,16,k'ut.,k'ut
876,0,K'ate,k'ate
876,1,k'ut,k'ut
876,2,xutz'onoj,xutz'onoj
876,3,Chirech,chirech
876,4,u,u
876,5,me'al:,me'al
876,6,“Apa,apa
876,7,aj,aj
876,8,choq'e,choq'e
876,9,ri,ri
876,10,awal,awal
876,11,K'o,k'o
876,12,"chapam,",chapam
876,13,At,at
876,14,nu,nu
876,15,me'al?”,me'al
876,16,Xcha',xcha'
876,17,k'ut.,k'ut
877,0,“Maja,maja
877,1,b'i,b'i
877,2,wal,wal
877,3,lal,lal
877,4,nu,nu
877,5,"qajaw,",qajaw
877,6,Maja,maja
877,7,b'i,b'i
877,8,achij,achij
877,9,weta'm,weta'm
877,10,u,u
877,11,"wach,”",wach
877,12,xcha',xcha'
877,13,k'ut.,k'ut
878,0,“Utz,utz
878,1,b'a,b'a
878,2,"la',",la'
878,3,Qitzij,qitzij
878,4,wi,wi
878,5,chi,chi
878,6,at,at
878,7,joxol,joxol
878,8,ch'ek.”,ch'ek
878,9,"“Chipusu',",chipusu'
878,10,Ix,ix
878,11,raj,raj
878,12,pop,pop
878,13,achij.,achij
879,0,Chik'ama',chik'ama'
879,1,uloq,uloq
879,2,ri,ri
879,3,u,u
879,4,k'u'x,k'u'x
879,5,chupan,chupan
879,6,"sel,",sel
879,7,Chikitzololej,chikitzololej
879,8,ajawab',ajawab'
879,9,"wakamik,”",wakamik
879,10,Xe'uchax,xe'uchax
879,11,k'ut,k'ut
879,12,ri,ri
879,13,tukur.,tukur
880,0,E,e
880,1,kajib'.,kajib'
881,0,Ta,ta
881,1,xeb'ek,xeb'ek
881,2,ki,ki
881,3,tik'em,tik'em
881,4,ri,ri
881,5,"sel,",sel
881,6,Ta,ta
881,7,xeb'ek,xeb'ek
881,8,ki,ki
881,9,ch'elem,ch'elem
881,10,ri,ri
881,11,q'apoj.,q'apoj
882,0,Kuk'a'am,kuk'a'am
882,1,ri,ri
882,2,Saqi,saqi
882,3,"Toq',",toq'
882,4,Pusb'al,pusb'al
882,5,re.,re
883,0,“Mawi,mawi
883,1,chutzinik,chutzinik
883,2,kinikamisaj,kinikamisaj
883,3,ix,ix
883,4,"samajel,",samajel
883,5,Rumal,rumal
883,6,mawi,mawi
883,7,nu,nu
883,8,joxb'al,joxb'al
883,9,Ri',ri'
883,10,k'o,k'o
883,11,chi,chi
883,12,nu,nu
883,13,pam.,pam
884,0,Xaqi,xaqi
884,1,xwinaqirik.,xwinaqirik
885,0,Xere,xere
885,1,xb'e,xb'e
885,2,nu,nu
885,3,mayijaj,mayijaj
885,4,ri,ri
885,5,u,u
885,6,jolom,jolom
885,7,Jun,jun
885,8,"Junajpu,",junajpu
885,9,K'o,k'o
885,10,chi,chi
885,11,Puk'b'al,puk'b'al
885,12,Cha'j.,cha'j
886,0,K'ek'e,k'ek'e
886,1,ta,ta
886,2,"k'ut,",k'ut
886,3,Mawi,mawi
886,4,"kinipus,",kinipus
886,5,ix,ix
886,6,"samajel,”",samajel
886,7,Xcha',xcha'
886,8,ri,ri
886,9,q'apoj,q'apoj
886,10,Ta,ta
886,11,xch'awik.,xch'awik
887,0,“Naqi,naqi
887,1,pa,pa
887,2,xchiqakoj,xchiqakoj
887,3,U,u
887,4,k'exel,k'exel
887,5,ri,ri
887,6,i,i
887,7,k'u'x?,k'u'x
888,0,Mi,mi
888,1,xb'ix,xb'ix
888,2,"uloq,",uloq
888,3,Rumal,rumal
888,4,a,a
888,5,qajaw:,qajaw
888,6,‘Chik'am,chik'am
888,7,uloq,uloq
888,8,ri,ri
888,9,u,u
888,10,"k'u'x,",k'u'x
888,11,Xchikitzololej,xchikitzololej
888,12,"ajawab',",ajawab'
888,13,Xchikitz'aqix,xchikitz'aqix
888,14,"taj,",taj
888,15,Xchikijunamwachij,xchikijunamwachij
888,16,u,u
888,17,tz'aqik.,tz'aqik
889,0,Chanim,chanim
889,1,chik'ama',chik'ama'
889,2,uloq,uloq
889,3,pa,pa
889,4,"sel,",sel
889,5,Chik'olob'a',chik'olob'a'
889,6,qajoq,qajoq
889,7,u,u
889,8,k'u'x,k'u'x
889,9,chupan,chupan
889,10,sel.’,sel
889,11,Ma,ma
889,12,pa,pa
889,13,mi,mi
889,14,xojuchax,xojuchax
889,15,uloq?,uloq
890,0,Naqi,naqi
890,1,la',la'
890,2,k'ut,k'ut
890,3,Xchiqaya',xchiqaya'
890,4,pa,pa
890,5,sel?,sel
891,0,Kaqaj,kaqaj
891,1,ta,ta
891,2,nab'ek,nab'ek
891,3,ma,ma
891,4,ta,ta
891,5,"katkamik,”",katkamik
891,6,Xecha',xecha'
891,7,k'u,k'u
891,8,ri,ri
891,9,samajel.,samajel
892,0,“Utz,utz
892,1,b'a,b'a
892,2,"la',",la'
892,3,mawi,mawi
892,4,kech,kech
892,5,ri,ri
892,6,k'u'x,k'u'x
892,7,ta,ta
892,8,"chuxoq,",chuxoq
892,9,Ruk',ruk'
892,10,mawi,mawi
892,11,waral,waral
892,12,iwochoch,iwochoch
892,13,chuxik.,chuxik
893,0,Ma,ma
893,1,k'u,k'u
893,2,xa,xa
893,3,chichi'j,chichi'j
893,4,winaq,winaq
893,5,Chikamik.,chikamik
894,0,K'ate,k'ate
894,1,qitzij,qitzij
894,2,iwech,iwech
894,3,ri,ri
894,4,qitzij,qitzij
894,5,joxol.,joxol
895,0,K'ate,k'ate
895,1,nay,nay
895,2,pu,pu
895,3,rech,rech
895,4,Jun,jun
895,5,"Kame,",kame
895,6,Wuqub',wuqub'
895,7,"Kame,",kame
895,8,Xa,xa
895,9,"kik',",kik'
895,10,Xa,xa
895,11,jolomax,jolomax
895,12,rech.,rech
896,0,Ta,ta
896,1,"chuxoq,",chuxoq
896,2,Are',are'
896,3,chik'at,chik'at
896,4,chuwach.,chuwach
897,0,Mawi,mawi
897,1,are',are'
897,2,ri,ri
897,3,k'u'x,k'u'x
897,4,chik'at,chik'at
897,5,"chuwach,",chuwach
897,6,Ta,ta
897,7,chuxoq.,chuxoq
898,0,Chikojo',chikojo'
898,1,ri,ri
898,2,u,u
898,3,wach,wach
898,4,"che',”",che'
898,5,Cha',cha'
898,6,k'ut,k'ut
898,7,ri,ri
898,8,q'apoj.,q'apoj
899,0,Kaq,kaq
899,1,k'ut,k'ut
899,2,u,u
899,3,wa'l,wa'l
899,4,ri,ri
899,5,che',che'
899,6,"xelik,",xelik
899,7,Xk'ol,xk'ol
899,8,pa,pa
899,9,sel.,sel
900,0,K'ate,k'ate
900,1,puch,puch
900,2,xuwon,xuwon
900,3,"rib',",rib'
900,4,K'olok'ik,k'olok'ik
900,5,xuxik.,xuxik
901,0,U,u
901,1,k'exel,k'exel
901,2,u,u
901,3,k'u'x,k'u'x
901,4,ta,ta
901,5,yitz',yitz'
901,6,chi,chi
901,7,"k'ut,",k'ut
901,8,U,u
901,9,wa'l,wa'l
901,10,kaq,kaq
901,11,che'.,che'
902,0,Keje',keje'
902,1,ri,ri
902,2,kik',kik'
902,3,u,u
902,4,wa'l,wa'l
902,5,che',che'
902,6,"xelik,",xelik
902,7,U,u
902,8,k'exel,k'exel
902,9,u,u
902,10,kik'el.,kik'el
903,0,Ta,ta
903,1,xuk'olo,xuk'olo
903,2,chila',chila'
903,3,ri,ri
903,4,kik',kik'
903,5,"chupan,",chupan
903,6,Ri,ri
903,7,u,u
903,8,wa'l,wa'l
903,9,kaq,kaq
903,10,che'.,che'
904,0,Keje',keje'
904,1,k'u,k'u
904,2,ri,ri
904,3,kik',kik'
904,4,rij,rij
904,5,"xuxik,",xuxik
904,6,Kaqlujluj,kaqlujluj
904,7,chik,chik
904,8,k'olom,k'olom
904,9,chi,chi
904,10,pa,pa
904,11,sel.,sel
905,0,Ta,ta
905,1,xqop,xqop
905,2,k'ut,k'ut
905,3,ri,ri
905,4,che',che'
905,5,rumal,rumal
905,6,"q'apoj,",q'apoj
905,7,Chuj,chuj
905,8,Kaq,kaq
905,9,Che',che'
905,10,chuchaxik.,chuchaxik
906,0,Are',are'
906,1,k'u,k'u
906,2,ri,ri
906,3,kik',kik'
906,4,"xub'i'naj,",xub'i'naj
906,5,Rumal,rumal
906,6,kik',kik'
906,7,jolomax,jolomax
906,8,chuchaxik.,chuchaxik
907,0,“Chila',chila'
907,1,k'ut,k'ut
907,2,kixloq'ox,kixloq'ox
907,3,"wi,",wi
907,4,Chuwach,chuwach
907,5,ulew,ulew
907,6,k'o,k'o
907,7,iwech,iwech
907,8,"chuxik,”",chuxik
907,9,Xcha',xcha'
907,10,k'ut,k'ut
907,11,Chike,chike
907,12,ri,ri
907,13,tukur.,tukur
908,0,“Utz,utz
908,1,b'a,b'a
908,2,"la',",la'
908,3,At,at
908,4,q'apoj.,q'apoj
909,0,Xqab'e,xqab'e
909,1,b'a,b'a
909,2,Qawab'a',qawab'a'
909,3,"aq'anoq,",aq'anoq
909,4,Xa,xa
909,5,qab'in,qab'in
909,6,apanoq,apanoq
909,7,"oj,",oj
909,8,Na,na
909,9,qa,qa
909,10,ya'ix,ya'ix
909,11,taj,taj
909,12,U,u
909,13,wa,wa
909,14,u,u
909,15,k'exewach,k'exewach
909,16,a,a
909,17,k'u'x,k'u'x
909,18,Chikiwach,chikiwach
909,19,"ajawab',”",ajawab'
909,20,Xecha',xecha'
909,21,k'ut,k'ut
909,22,Ri,ri
909,23,samajel.,samajel
910,0,Ta,ta
910,1,xopon,xopon
910,2,k'ut,k'ut
910,3,chikiwach,chikiwach
910,4,"ajawab',",ajawab'
910,5,Ketz'elewachin,ketz'elewachin
910,6,konojel.,konojel
911,0,“Mawi,mawi
911,1,xutzinik?”,xutzinik
911,2,Xcha',xcha'
911,3,k'ut,k'ut
911,4,Jun,jun
911,5,Kame.,kame
912,0,“Mi,mi
912,1,"xutzinik,",xutzinik
912,2,Ix,ix
912,3,ajawab'.,ajawab'
913,0,Wa',wa'
913,1,na,na
913,2,k'u,k'u
913,3,u,u
913,4,k'u'x.,k'u'x
914,0,Xe',xe'
914,1,k'o,k'o
914,2,pa,pa
914,3,sel.”,sel
914,4,“Utz,utz
914,5,b'a,b'a
914,6,"la',",la'
914,7,Wila',wila'
914,8,"k'ut,”",k'ut
914,9,Xcha',xcha'
914,10,k'u,k'u
914,11,ri,ri
914,12,Jun,jun
914,13,Kame.,kame
915,0,Ta,ta
915,1,xuchuyej,xuchuyej
915,2,k'u,k'u
915,3,"aq'anoq,",aq'anoq
915,4,Katurur,katurur
915,5,rij,rij
915,6,chi,chi
915,7,"komaj,",komaj
915,8,Kaqlujluj,kaqlujluj
915,9,rij,rij
915,10,chi,chi
915,11,kik'.,kik'
916,0,“Utz,utz
916,1,chilu',chilu'
916,2,u,u
916,3,wach,wach
916,4,"q'aq',",q'aq'
916,5,Chiya',chiya'
916,6,chuwi',chuwi'
916,7,"q'aq',”",q'aq'
916,8,xcha',xcha'
916,9,k'ut,k'ut
916,10,Jun,jun
916,11,Kame.,kame
917,0,K'ate,k'ate
917,1,puch,puch
917,2,xkichaqij,xkichaqij
917,3,chuwi',chuwi'
917,4,"q'aq',",q'aq'
917,5,K'ok',k'ok'
917,6,k'ut,k'ut
917,7,xkina',xkina'
917,8,Xib'alb'a.,xib'alb'a
918,0,Xek'is,xek'is
918,1,yakataj,yakataj
918,2,uloq,uloq
918,3,"konojel,",konojel
918,4,Xechiqe,xechiqe
918,5,chuwi'.,chuwi'
919,0,Qitzij,qitzij
919,1,chi,chi
919,2,kus,kus
919,3,"xkina'o,",xkina'o
919,4,Ri,ri
919,5,u,u
919,6,sib'el,sib'el
919,7,kik'.,kik'
920,0,Are',are'
920,1,k'ut,k'ut
920,2,e,e
920,3,chiqichoj,chiqichoj
920,4,wi,wi
920,5,"kanoq,",kanoq
920,6,Ta,ta
920,7,xeb'e,xeb'e
920,8,ri,ri
920,9,tukur,tukur
920,10,e,e
920,11,wab'ay,wab'ay
920,12,rech,rech
920,13,q'apoj.,q'apoj
921,0,Xukiya',xukiya'
921,1,aq'anoq,aq'anoq
921,2,chi,chi
921,3,jul,jul
921,4,chuwi',chuwi'
921,5,ulew.,ulew
922,0,Xtzalij,xtzalij
922,1,chi,chi
922,2,k'u,k'u
922,3,qajoq,qajoq
922,4,ri,ri
922,5,wab'anel.,wab'anel
923,0,Keje',keje'
923,1,k'ut,k'ut
923,2,xech'akataj,xech'akataj
923,3,wi,wi
923,4,rajawal,rajawal
923,5,Xib'alb'a.,xib'alb'a
924,0,Ri',ri'
924,1,rumal,rumal
924,2,q'apoj,q'apoj
924,3,xemoywachixik,xemoywachixik
924,4,konojel.,konojel
925,0,ARE',are'
925,1,k'ute,k'ute
925,2,k'o,k'o
925,3,ri,ri
925,4,u,u
925,5,chuch,chuch
925,6,Jun,jun
925,7,"B'atz',",b'atz'
925,8,Jun,jun
925,9,Chowen.,chowen
926,0,Ta,ta
926,1,xul,xul
926,2,ri,ri
926,3,"ixoq,",ixoq
926,4,Xkik',xkik'
926,5,u,u
926,6,b'i'.,b'i'
927,0,Ta,ta
927,1,xul,xul
927,2,k'ut,k'ut
927,3,ri,ri
927,4,ixoq,ixoq
927,5,Xkik',xkik'
927,6,Ruk',ruk'
927,7,ri,ri
927,8,u,u
927,9,chuch,chuch
927,10,Jun,jun
927,11,"B'atz',",b'atz'
927,12,Jun,jun
927,13,Chowen.,chowen
928,0,Xk'o,xk'o
928,1,loq,loq
928,2,ral,ral
928,3,chupan.,chupan
929,0,Xa,xa
929,1,sqaqi'n,sqaqi'n
929,2,chik,chik
929,3,mawi,mawi
929,4,"keyake'ik,",keyake'ik
929,5,Ri,ri
929,6,"Junajpu,",junajpu
929,7,Xb'alanke,xb'alanke
929,8,ki,ki
929,9,b'i'.,b'i'
930,0,Ta,ta
930,1,xul,xul
930,2,K'u,k'u
930,3,ri,ri
930,4,ixoq,ixoq
930,5,Chire,chire
930,6,ri,ri
930,7,ati't.,ati't
931,0,Xcha',xcha'
931,1,k'u,k'u
931,2,ri,ri
931,3,ixoq,ixoq
931,4,Chire,chire
931,5,ri,ri
931,6,ati't:,ati't
931,7,“Mi,mi
931,8,"xinulik,",xinulik
931,9,Lal,lal
931,10,chichu'.,chichu'
932,0,In,in
932,1,alib',alib'
932,2,"la,",la
932,3,In,in
932,4,puch,puch
932,5,alk'u'al,alk'u'al
932,6,"la,",la
932,7,Lal,lal
932,8,"chichu',”",chichu'
932,9,Xcha',xcha'
932,10,ta,ta
932,11,xok,xok
932,12,uloq,uloq
932,13,Ruk',ruk'
932,14,ri,ri
932,15,ati't.,ati't
933,0,“Apa,apa
933,1,katpe,katpe
933,2,wi,wi
933,3,uloq?,uloq
934,0,K'o,k'o
934,1,chi,chi
934,2,pa,pa
934,3,ri,ri
934,4,wal?,wal
935,0,Ma,ma
935,1,pa,pa
935,2,xekamik,xekamik
935,3,chi,chi
935,4,Xib'alb'a?,xib'alb'a
936,0,E,e
936,1,k'u,k'u
936,2,kaib',kaib'
936,3,"kanoq,",kanoq
936,4,"Ketal,",ketal
936,5,Ki,ki
936,6,tzijel,tzijel
936,7,"puch,",puch
936,8,Jun,jun
936,9,"B'atz',",b'atz'
936,10,Jun,jun
936,11,Chowen,chowen
936,12,ki,ki
936,13,b'i'.,b'i'
937,0,We,we
937,1,awila,awila
937,2,katpe,katpe
937,3,"wi,",wi
937,4,Katel,katel
937,5,"ub'ik,”",ub'ik
937,6,Xuchax,xuchax
937,7,ri,ri
937,8,q'apoj,q'apoj
937,9,Rumal,rumal
937,10,ati't.,ati't
938,0,“Xere,xere
938,1,la',la'
938,2,qitzij,qitzij
938,3,wi,wi
938,4,chi,chi
938,5,in,in
938,6,Alib',alib'
938,7,la.,la
939,0,Xk'o,xk'o
939,1,na,na
939,2,re.,re
940,0,In,in
940,1,k'o,k'o
940,2,wi,wi
940,3,rech,rech
940,4,Jun,jun
940,5,"Junajpu,",junajpu
940,6,Wa',wa'
940,7,Wuk'a'am.,wuk'a'am
941,0,E,e
941,1,"k'aslik,",k'aslik
941,2,Mawi,mawi
941,3,e,e
941,4,kaminaq,kaminaq
941,5,Ri,ri
941,6,Jun,jun
941,7,"Junajpu,",junajpu
941,8,Wuqub',wuqub'
941,9,Junajpu.,junajpu
942,0,Xa,xa
942,1,u,u
942,2,k'utb'al,k'utb'al
942,3,rib',rib'
942,4,saq,saq
942,5,Mi,mi
942,6,xkib'ano,xkib'ano
942,7,lal,lal
942,8,walib'.,walib'
943,0,Keje',keje'
943,1,k'ut,k'ut
943,2,"iwila',",iwila'
943,3,Ta,ta
943,4,chiloq,chiloq
943,5,u,u
943,6,wach,wach
943,7,Ri,ri
943,8,"wuk'a'am,”",wuk'a'am
943,9,Xuchaxik,xuchaxik
943,10,ri,ri
943,11,ati't.,ati't
944,0,Are',are'
944,1,k'ut,k'ut
944,2,keq'aq'al,keq'aq'al
944,3,ri,ri
944,4,Jun,jun
944,5,"B'atz',",b'atz'
944,6,Jun,jun
944,7,"Chowen,",chowen
944,8,Xa,xa
944,9,"su',",su'
944,10,Xa,xa
944,11,b'ix,b'ix
944,12,kakib'ano.,kakib'ano
945,0,Xa,xa
945,1,"tz'ib'anik,",tz'ib'anik
945,2,Xa,xa
945,3,pu,pu
945,4,k'otonik,k'otonik
945,5,ki,ki
945,6,chakij,chakij
945,7,chi,chi
945,8,ju,ju
945,9,ta,ta
945,10,q'ij.,q'ij
946,0,Are',are'
946,1,k'ut,k'ut
946,2,ku'b'ul,ku'b'ul
946,3,wi,wi
946,4,u,u
946,5,k'u'x,k'u'x
946,6,ri,ri
946,7,ati't.,ati't
947,0,Xcha',xcha'
947,1,chi,chi
947,2,k'ut,k'ut
947,3,"ati't,",ati't
947,4,“Xma,xma
947,5,kawaj,kawaj
947,6,wi.,wi
948,0,At,at
948,1,ta,ta
948,2,walib'.,walib'
949,0,Xa,xa
949,1,a,a
949,2,"joxb'al,",joxb'al
949,3,Ri',ri'
949,4,k'o,k'o
949,5,chapam.,chapam
950,0,At,at
950,1,k'axtok'.,k'axtok'
951,0,Xekam,xekam
951,1,"wi,",wi
951,2,Wal,wal
951,3,"kab'ij,”",kab'ij
951,4,Xcha',xcha'
951,5,chi,chi
951,6,k'ut,k'ut
951,7,ri,ri
951,8,ati't.,ati't
952,0,“Qitzij,qitzij
952,1,ib'a,ib'a
952,2,"re,",re
952,3,Wa',wa'
952,4,kanub'ij.”,kanub'ij
952,5,“Utz,utz
952,6,b'a,b'a
952,7,"la',",la'
952,8,At,at
952,9,walib',walib'
952,10,kanuta'o.,kanuta'o
953,0,Jat,jat
953,1,b'a,b'a
953,2,la'.,la'
954,0,Ja',ja'
954,1,k'ama',k'ama'
954,2,Kecha',kecha'
954,3,"wi,",wi
954,4,Chikiwa'ej.,chikiwa'ej
955,0,Ja',ja'
955,1,jach'a,jach'a
955,2,jun,jun
955,3,chi,chi
955,4,nima,nima
955,5,"k'at,",k'at
955,6,"Chipetik,",chipetik
955,7,At,at
955,8,na,na
955,9,k'u,k'u
955,10,walib',walib'
955,11,"kanuta'o,”",kanuta'o
955,12,Xuchax,xuchax
955,13,k'ut,k'ut
955,14,ri,ri
955,15,q'apoj.,q'apoj
956,0,“Utz,utz
956,1,b'a,b'a
956,2,"la',”",la'
956,3,Xcha',xcha'
956,4,k'ut.,k'ut
957,0,K'ate,k'ate
957,1,puch,puch
957,2,ta,ta
957,3,xb'ek,xb'ek
957,4,pa,pa
957,5,"ab'ix,",ab'ix
957,6,K'o,k'o
957,7,wi,wi
957,8,kab'ix,kab'ix
957,9,Ri,ri
957,10,Jun,jun
957,11,"B'atz',",b'atz'
957,12,Jun,jun
957,13,Chowen.,chowen
958,0,Jokam,jokam
958,1,U,u
958,2,b'e'el,b'e'el
958,3,kumal.,kumal
959,0,Xutaqej,xutaqej
959,1,k'ut,k'ut
959,2,"q'apoj,",q'apoj
959,3,Xopon,xopon
959,4,"puch,",puch
959,5,Chiri',chiri'
959,6,Pa,pa
959,7,ab'ix.,ab'ix
960,0,Xa,xa
960,1,k'u,k'u
960,2,ju,ju
960,3,wi',wi'
960,4,ri,ri
960,5,ab'ix.,ab'ix
961,0,Xma,xma
961,1,k'o,k'o
961,2,chi,chi
961,3,"wi',",wi'
961,4,U,u
961,5,ka,ka
961,6,"wi',",wi'
961,7,Rox,rox
961,8,wi'.,wi'
962,0,Xuwachelam,xuwachelam
962,1,"wi,",wi
962,2,U,u
962,3,wach,wach
962,4,chi,chi
962,5,ju,ju
962,6,wi'.,wi'
963,0,Ta,ta
963,1,xk'is,xk'is
963,2,k'ut,k'ut
963,3,U,u
963,4,k'u'x,k'u'x
963,5,ri,ri
963,6,q'apoj.,q'apoj
964,0,“Kila',kila'
964,1,in,in
964,2,makol!,makol
965,0,In,in
965,1,k'asb'ol!,k'asb'ol
966,0,Apa,apa
966,1,xchink'am,xchink'am
966,2,wi,wi
966,3,ri,ri
966,4,jun,jun
966,5,k'at,k'at
966,6,echa',echa'
966,7,Kab'ixik?”,kab'ixik
966,8,xcha',xcha'
966,9,k'ut.,k'ut
967,0,K'ate,k'ate
967,1,puch,puch
967,2,u,u
967,3,sik'ixik,sik'ixik
967,4,Chajal,chajal
967,5,echa',echa'
967,6,rumal.,rumal
968,0,"“Tatul,",tatul
968,1,"waloq,",waloq
968,2,"Tatul,",tatul
968,3,tak'aloq,tak'aloq
968,4,"Xtoj,",xtoj
968,5,"Xq'anil,",xq'anil
968,6,"Xkakaw,",xkakaw
968,7,Ix,ix
968,8,pu,pu
968,9,"Tz'i'a,",tz'i'a
968,10,At,at
968,11,chajal,chajal
968,12,Re,re
968,13,kecha',kecha'
968,14,Jun,jun
968,15,"B'atz',",b'atz'
968,16,Jun,jun
968,17,"Chowen,”",chowen
968,18,xcha',xcha'
968,19,ri,ri
968,20,q'apoj.,q'apoj
969,0,Ta,ta
969,1,xuk'am,xuk'am
969,2,k'ut,k'ut
969,3,Ri,ri
969,4,"tzami'y,",tzami'y
969,5,U,u
969,6,tzami'yal,tzami'yal
969,7,u,u
969,8,wi',wi'
969,9,"jal,",jal
969,10,Xub'oq,xub'oq
969,11,aq'anoq.,aq'anoq
970,0,Mawi,mawi
970,1,xujach',xujach'
970,2,ri,ri
970,3,jal.,jal
971,0,Chikaw,chikaw
971,1,k'ut,k'ut
971,2,ri,ri
971,3,"jal,",jal
971,4,Echa',echa'
971,5,pa,pa
971,6,"k'at,",k'at
971,7,Xq'axinik,xq'axinik
971,8,ri,ri
971,9,nima,nima
971,10,k'at.,k'at
972,0,Ta,ta
972,1,xpe,xpe
972,2,k'ut,k'ut
972,3,ri,ri
972,4,"q'apoj,",q'apoj
972,5,Xa,xa
972,6,k'u,k'u
972,7,chikop,chikop
972,8,Xeqan,xeqan
972,9,ri,ri
972,10,k'at.,k'at
973,0,Ta,ta
973,1,"xpetik,",xpetik
973,2,Xb'e,xb'e
973,3,ki,ki
973,4,ya',ya'
973,5,u,u
973,6,ko'k.,ko'k
974,0,Xuk'ut,xuk'ut
974,1,ja',ja'
974,2,keje',keje'
974,3,ri',ri'
974,4,reqan.,reqan
975,0,"Xoponik,",xoponik
975,1,Xril,xril
975,2,ri,ri
975,3,ati't.,ati't
976,0,K'ate,k'ate
976,1,puch,puch
976,2,ta,ta
976,3,xril,xril
976,4,ri,ri
976,5,ati't,ati't
976,6,ri,ri
976,7,"echa',",echa'
976,8,Jun,jun
976,9,chi,chi
976,10,nima,nima
976,11,k'at.,k'at
977,0,“Apa,apa
977,1,mi,mi
977,2,xpe,xpe
977,3,wi,wi
977,4,ri,ri
977,5,echa',echa'
977,6,"awumal,",awumal
977,7,Mi,mi
977,8,xe'elaq'alab'a',xe'elaq'alab'a'
977,9,wi?,wi
978,0,We,we
978,1,mi,mi
978,2,xk'is,xk'is
978,3,a,a
978,4,k'am,k'am
978,5,uloq,uloq
978,6,ri,ri
978,7,"qab'ix,",qab'ix
978,8,Chib'e,chib'e
978,9,na,na
978,10,"wila',”",wila'
978,11,xcha',xcha'
978,12,ri,ri
978,13,ati't.,ati't
979,0,Ta,ta
979,1,xb'e,xb'e
979,2,"puch,",puch
979,3,Xb'e,xb'e
979,4,rila,rila
979,5,ri,ri
979,6,ab'ix.,ab'ix
980,0,Xa,xa
980,1,wi,wi
980,2,xere,xere
980,3,k'o,k'o
980,4,wi,wi
980,5,ri,ri
980,6,ju,ju
980,7,wi',wi'
980,8,"ab'ix,",ab'ix
980,9,Xa,xa
980,10,wi,wi
980,11,k'u,k'u
980,12,xere,xere
980,13,q'alaj,q'alaj
980,14,u,u
980,15,k'olib'al,k'olib'al
980,16,k'at,k'at
980,17,chuxe'.,chuxe'
981,0,Anim,anim
981,1,chi,chi
981,2,k'ut,k'ut
981,3,xpe,xpe
981,4,ri,ri
981,5,"ati't,",ati't
981,6,Xul,xul
981,7,chi,chi
981,8,k'ut,k'ut
981,9,chi,chi
981,10,rochoch.,rochoch
982,0,Xcha',xcha'
982,1,chi,chi
982,2,k'ut,k'ut
982,3,Chire,chire
982,4,ri,ri
982,5,q'apoj:,q'apoj
982,6,“Xere,xere
982,7,wi,wi
982,8,retal,retal
982,9,ri',ri'
982,10,Qitzij,qitzij
982,11,wi,wi
982,12,chi,chi
982,13,at,at
982,14,walib'.,walib'
983,0,Chiwil,chiwil
983,1,chi,chi
983,2,na,na
983,3,A,a
983,4,b'anoj.,b'anoj
984,0,Ri',ri'
984,1,e,e
984,2,k'o,k'o
984,3,ri,ri
984,4,"wi'y,",wi'y
984,5,E,e
984,6,nawinaq,nawinaq
984,7,"chik,”",chik
984,8,xuchax,xuchax
984,9,k'ut,k'ut
984,10,q'apoj.,q'apoj
985,0,ARE',are'
985,1,chik,chik
985,2,xchiqatzijoj,xchiqatzijoj
985,3,Kalaxik,kalaxik
985,4,"Junajpu,",junajpu
985,5,Xb'alanke.,xb'alanke
986,0,ARE',are'
986,1,k'ut,k'ut
986,2,"kalaxik,",kalaxik
986,3,Wa'e,wa'e
986,4,xchiqab'ij,xchiqab'ij
986,5,Ta,ta
986,6,xuriq,xuriq
986,7,u,u
986,8,q'ij,q'ij
986,9,"Kalaxik,",kalaxik
986,10,Ta,ta
986,11,xalan,xalan
986,12,puch,puch
986,13,ri,ri
986,14,"q'apoj,",q'apoj
986,15,Xkik',xkik'
986,16,u,u
986,17,b'i'.,b'i'
987,0,Ma,ma
987,1,k'u,k'u
987,2,xuwachij,xuwachij
987,3,"ati't,",ati't
987,4,Ta,ta
987,5,xe'alaxik.,xe'alaxik
988,0,Lib'aj,lib'aj
988,1,chi,chi
988,2,"xeyake'ik,",xeyake'ik
988,3,E,e
988,4,kaib',kaib'
988,5,chi,chi
988,6,"kalaxik,",kalaxik
988,7,"Junajpu,",junajpu
988,8,Xb'alanke,xb'alanke
988,9,ki,ki
988,10,b'i'.,b'i'
989,0,Pa,pa
989,1,juyub',juyub'
989,2,xeyake',xeyake'
989,3,"wi,",wi
989,4,Ta,ta
989,5,xe'ok,xe'ok
989,6,k'ut,k'ut
989,7,pa,pa
989,8,ja.,ja
990,0,Ma,ma
990,1,k'u,k'u
990,2,kewarik.,kewarik
991,0,“Je',je'
991,1,a,a
991,2,tzaqa,tzaqa
991,3,"uloq,",uloq
991,4,Qitzij,qitzij
991,5,chach,chach
991,6,ki,ki
991,7,"chi',”",chi'
991,8,Xcha',xcha'
991,9,ri,ri
991,10,ati't.,ati't
992,0,K'ate,k'ate
992,1,k'ut,k'ut
992,2,ta,ta
992,3,xeya',xeya'
992,4,pa,pa
992,5,"sanik,",sanik
992,6,Kus,kus
992,7,k'u,k'u
992,8,ki,ki
992,9,waram,waram
992,10,chiri'.,chiri'
993,0,Xe'el,xe'el
993,1,chi,chi
993,2,k'u,k'u
993,3,"chiri',",chiri'
993,4,Xeya',xeya'
993,5,chik,chik
993,6,chuwi',chuwi'
993,7,k'ix.,k'ix
994,0,Are',are'
994,1,ta,ta
994,2,k'ut,k'ut
994,3,xkaj,xkaj
994,4,Jun,jun
994,5,"B'atz',",b'atz'
994,6,Jun,jun
994,7,Chowen:,chowen
994,8,Xekam,xekam
994,9,ta,ta
994,10,chiri',chiri'
994,11,pa,pa
994,12,"sanik,",sanik
994,13,Xekam,xekam
994,14,ta,ta
994,15,pu,pu
994,16,chuwi',chuwi'
994,17,k'ix.,k'ix
995,0,Xkaj,xkaj
995,1,rumal,rumal
995,2,ki,ki
995,3,"ch'aqimal,",ch'aqimal
995,4,Ki,ki
995,5,kaqwachib'al,kaqwachib'al
995,6,"puch,",puch
995,7,Kumal,kumal
995,8,Jun,jun
995,9,"B'atz',",b'atz'
995,10,Jun,jun
995,11,Chowen.,chowen
996,0,Mawi,mawi
996,1,xek'ulax,xek'ulax
996,2,pa,pa
996,3,ja,ja
996,4,kumal,kumal
996,5,ki,ki
996,6,chaq',chaq'
996,7,"nab'ek,",nab'ek
996,8,Xa,xa
996,9,mawi,mawi
996,10,keta'm.,keta'm
997,0,Xa,xa
997,1,wi,wi
997,2,k'u,k'u
997,3,pa,pa
997,4,juyub',juyub'
997,5,xek'iy,xek'iy
997,6,wi.,wi
998,0,E,e
998,1,k'u,k'u
998,2,nima'q,nima'q
998,3,Aj,aj
998,4,"su',",su'
998,5,Aj,aj
998,6,"b'ix,",b'ix
998,7,Ri,ri
998,8,Jun,jun
998,9,"B'atz',",b'atz'
998,10,Jun,jun
998,11,Chowen.,chowen
999,0,Xenimaqir,xenimaqir
999,1,"k'ut,",k'ut
999,2,Nima,nima
999,3,"k'axk'ol,",k'axk'ol
999,4,"Ra'il,",ra'il
999,5,Xe'ik'ow,xe'ik'ow
999,6,wi.,wi
1000,0,Xek'axk'ob'isaxik.,xek'axk'ob'isaxik
1001,0,E,e
1001,1,nima'q,nima'q
1001,2,eta'manel,eta'manel
1001,3,chik,chik
1001,4,xe'uxik.,xe'uxik
1002,0,Xa,xa
1002,1,wi,wi
1002,2,xere,xere
1002,3,e,e
1002,4,aj,aj
1002,5,su'.,su'
1003,0,E,e
1003,1,aj,aj
1003,2,"b'ix,",b'ix
1003,3,E,e
1003,4,pu,pu
1003,5,aj,aj
1003,6,"tz'ib'ab',",tz'ib'ab'
1003,7,Aj,aj
1003,8,k'ot,k'ot
1003,9,xe'uxik.,xe'uxik
1004,0,Ronojel,ronojel
1004,1,Chutzin,chutzin
1004,2,kumal.,kumal
1005,0,Xa,xa
1005,1,xketa'm,xketa'm
1005,2,wi,wi
1005,3,"xe'alaxik,",xe'alaxik
1005,4,Xa,xa
1005,5,xenawinaq.,xenawinaq
1006,0,E,e
1006,1,pu,pu
1006,2,u,u
1006,3,k'exel,k'exel
1006,4,Ki,ki
1006,5,qajaw,qajaw
1006,6,Ri,ri
1006,7,xeb'e,xeb'e
1006,8,chi,chi
1006,9,Xib'alb'a.,xib'alb'a
1007,0,Kaminaq,kaminaq
1007,1,wi,wi
1007,2,ki,ki
1007,3,qajaw.,qajaw
1008,0,E,e
1008,1,k'u,k'u
1008,2,"nima'q,",nima'q
1008,3,"Eta'manel,",eta'manel
1008,4,Ri,ri
1008,5,Jun,jun
1008,6,"B'atz',",b'atz'
1008,7,Jun,jun
1008,8,Chowen.,chowen
1009,0,Chi,chi
1009,1,ki,ki
1009,2,k'u'x,k'u'x
1009,3,Ronojel,ronojel
1009,4,nab'ek,nab'ek
1009,5,keta'm.,keta'm
1010,0,Ta,ta
1010,1,xewinaqir,xewinaqir
1010,2,Ri,ri
1010,3,ki,ki
1010,4,chaq'.,chaq'
1011,0,Ma,ma
1011,1,k'u,k'u
1011,2,xel,xel
1011,3,apanoq,apanoq
1011,4,ki,ki
1011,5,"na'wikil,",na'wikil
1011,6,Rumal,rumal
1011,7,ki,ki
1011,8,kaqwachib'al.,kaqwachib'al
1012,0,Xa,xa
1012,1,chikij,chikij
1012,2,xqaj,xqaj
1012,3,wi,wi
1012,4,U,u
1012,5,yoq',yoq'
1012,6,ki,ki
1012,7,k'u'x.,k'u'x
1013,0,Mawi,mawi
1013,1,b'anoj.,b'anoj
1014,0,Xepoysaxik,xepoysaxik
1014,1,Kumal,kumal
1014,2,ri,ri
1014,3,"Junajpu,",junajpu
1014,4,Xb'alanke.,xb'alanke
1015,0,Xa,xa
1015,1,k'u,k'u
1015,2,wub'anik,wub'anik
1015,3,Chikib'ano,chikib'ano
1015,4,ju,ju
1015,5,ta,ta
1015,6,q'ij.,q'ij
1016,0,Mawi,mawi
1016,1,keloq'oxik,keloq'oxik
1016,2,Rumal,rumal
1016,3,ri,ri
1016,4,"kati't,",kati't
1016,5,Jun,jun
1016,6,"B'atz',",b'atz'
1016,7,Jun,jun
1016,8,Chowen.,chowen
1017,0,Mawi,mawi
1017,1,chiya',chiya'
1017,2,ki,ki
1017,3,"wa,",wa
1017,4,Xb'aninaq,xb'aninaq
1017,5,wa'im.,wa'im
1018,0,Xe,xe
1018,1,pu,pu
1018,2,wainaq,wainaq
1018,3,ri,ri
1018,4,Jun,jun
1018,5,"B'atz',",b'atz'
1018,6,Jun,jun
1018,7,Chowen,chowen
1018,8,ta,ta
1018,9,ke'ulik.,ke'ulik
1019,0,Ma,ma
1019,1,k'u,k'u
1019,2,"keq'aq'arik,",keq'aq'arik
1019,3,Oyowarik.,oyowarik
1020,0,Xa,xa
1020,1,chikikuyu.,chikikuyu
1021,0,Xere,xere
1021,1,keta'm,keta'm
1021,2,Ri',ri'
1021,3,ki,ki
1021,4,k'oje'ik.,k'oje'ik
1022,0,Keje',keje'
1022,1,ri,ri
1022,2,saq,saq
1022,3,kakilo.,kakilo
1023,0,Kuk'a'am,kuk'a'am
1023,1,k'ut,k'ut
1023,2,ki,ki
1023,3,tz'ikin,tz'ikin
1023,4,Ta,ta
1023,5,ke'ulik,ke'ulik
1023,6,ju,ju
1023,7,ta,ta
1023,8,"q'ij,",q'ij
1023,9,Chikiti',chikiti'
1023,10,k'ut,k'ut
1023,11,ri,ri
1023,12,Jun,jun
1023,13,"B'a'tz,",b'a'tz
1023,14,Jun,jun
1023,15,Chowen.,chowen
1024,0,Maja,maja
1024,1,b'i,b'i
1024,2,naqi,naqi
1024,3,la',la'
1024,4,chiya',chiya'
1024,5,Chikech,chikech
1024,6,ki,ki
1024,7,kab',kab'
1024,8,"ichal,",ichal
1024,9,Ri,ri
1024,10,"Junajpu,",junajpu
1024,11,Xb'alanke.,xb'alanke
1025,0,Xa,xa
1025,1,k'u,k'u
1025,2,"su',",su'
1025,3,Xa,xa
1025,4,pu,pu
1025,5,"b'ix,",b'ix
1025,6,Chikib'ano,chikib'ano
1025,7,Jun,jun
1025,8,"B'atz',",b'atz'
1025,9,Jun,jun
1025,10,Chowen.,chowen
1026,0,Ta,ta
1026,1,xe'ul,xe'ul
1026,2,chi,chi
1026,3,puch,puch
1026,4,ri,ri
1026,5,"Junajpu,",junajpu
1026,6,Xb'alanke.,xb'alanke
1027,0,Maja,maja
1027,1,b'i,b'i
1027,2,chik,chik
1027,3,ki,ki
1027,4,tz'ikin,tz'ikin
1027,5,"kuk'a'am,",kuk'a'am
1027,6,Xe'ok,xe'ok
1027,7,uloq.,uloq
1028,0,Xq'aq'ar,xq'aq'ar
1028,1,k'u,k'u
1028,2,ri,ri
1028,3,ati't.,ati't
1029,0,“Naqi,naqi
1029,1,pa,pa
1029,2,rumal,rumal
1029,3,maja,maja
1029,4,b'i,b'i
1029,5,chi,chi
1029,6,tz'ikin,tz'ikin
1029,7,Iwuk'a'am?”,iwuk'a'am
1029,8,Xe'uchax,xe'uchax
1029,9,k'ut,k'ut
1029,10,Ri,ri
1029,11,"Junajpu,",junajpu
1029,12,Xb'alanke.,xb'alanke
1030,0,"“Are',",are'
1030,1,wi,wi
1030,2,ix,ix
1030,3,"qati't,",qati't
1030,4,Xa,xa
1030,5,mi,mi
1030,6,xetanatob',xetanatob'
1030,7,qa,qa
1030,8,tz'ikin,tz'ikin
1030,9,Chuwi',chuwi'
1030,10,"che',”",che'
1030,11,Xcha',xcha'
1030,12,k'ut.,k'ut
1031,0,“Ma,ma
1031,1,k'u,k'u
1031,2,ja,ja
1031,3,b'i,b'i
1031,4,Chaq'an,chaq'an
1031,5,chuwi',chuwi'
1031,6,che',che'
1031,7,"Chikech,",chikech
1031,8,Ix,ix
1031,9,qati't.,qati't
1032,0,Chikaj,chikaj
1032,1,ta,ta
1032,2,pu,pu
1032,3,ri,ri
1032,4,qatz,qatz
1032,5,Keb'e,keb'e
1032,6,ta,ta
1032,7,quk'.,quk'
1033,0,Chib'e,chib'e
1033,1,ta,ta
1033,2,Ki,ki
1033,3,qasaj,qasaj
1033,4,uloq,uloq
1033,5,ri,ri
1033,6,"tz'ikin,”",tz'ikin
1033,7,xecha',xecha'
1033,8,k'ut.,k'ut
1034,0,“Utz,utz
1034,1,b'a,b'a
1034,2,la'.,la'
1035,0,Kojb'e,kojb'e
1035,1,iwuk',iwuk'
1035,2,"Saqirik,”",saqirik
1035,3,Xecha',xecha'
1035,4,k'u,k'u
1035,5,ri,ri
1035,6,katz.,katz
1036,0,Ta,ta
1036,1,xech'akowik.,xech'akowik
1037,0,Xk'aminaq,xk'aminaq
1037,1,k'ut,k'ut
1037,2,Ki,ki
1037,3,na'oj,na'oj
1037,4,ki,ki
1037,5,kab',kab'
1037,6,ichal,ichal
1037,7,Chirech,chirech
1037,8,ki,ki
1037,9,"ch'akik,",ch'akik
1037,10,Jun,jun
1037,11,"B'atz',",b'atz'
1037,12,Jun,jun
1037,13,Chowen.,chowen
1038,0,“Xa,xa
1038,1,qa,qa
1038,2,tzolq'omij,tzolq'omij
1038,3,Ki,ki
1038,4,k'oje'ik.,k'oje'ik
1039,0,E,e
1039,1,u,u
1039,2,pam,pam
1039,3,qa,qa
1039,4,"tzij,",tzij
1039,5,Ta,ta
1039,6,chuxoq.,chuxoq
1040,0,Rumal,rumal
1040,1,nima,nima
1040,2,k'axk'ol,k'axk'ol
1040,3,Mi,mi
1040,4,xkib'an,xkib'an
1040,5,chiqe.,chiqe
1041,0,Xojkam,xojkam
1041,1,"taj,",taj
1041,2,Xojsach,xojsach
1041,3,taj,taj
1041,4,"puch,",puch
1041,5,Xkaj,xkaj
1041,6,"ri',",ri'
1041,7,Oj,oj
1041,8,ki,ki
1041,9,chaq'.,chaq'
1042,0,Keje',keje'
1042,1,ri',ri'
1042,2,ala,ala
1042,3,xojpe,xojpe
1042,4,wi,wi
1042,5,uloq,uloq
1042,6,chi,chi
1042,7,ki,ki
1042,8,"k'u'x,",k'u'x
1042,9,Keje',keje'
1042,10,k'ut,k'ut
1042,11,keqachak,keqachak
1042,12,wi.,wi
1043,0,Xa,xa
1043,1,retal,retal
1043,2,"chiqab'ano,”",chiqab'ano
1043,3,Xecha',xecha'
1043,4,chi,chi
1043,5,kib'il,kib'il
1043,6,kib'.,kib'
1044,0,Ta,ta
1044,1,xeb'e,xeb'e
1044,2,k'ut,k'ut
1044,3,Chila',chila'
1044,4,chuxe',chuxe'
1044,5,"che',",che'
1044,6,Q'an,q'an
1044,7,Te',te'
1044,8,u,u
1044,9,"b'i',",b'i'
1044,10,Kachb'ilan,kachb'ilan
1044,11,k'u,k'u
1044,12,ri,ri
1044,13,katz.,katz
1045,0,Ta,ta
1045,1,xeb'ek,xeb'ek
1045,2,xkitikib'a',xkitikib'a'
1045,3,chi,chi
1045,4,k'ut,k'ut
1045,5,wub'anik.,wub'anik
1046,0,Mawi,mawi
1046,1,ajilan,ajilan
1046,2,chi,chi
1046,3,tz'ikin,tz'ikin
1046,4,chuwi',chuwi'
1046,5,che'.,che'
1047,0,"Kech'ititik,",kech'ititik
1047,1,Xemayijan,xemayijan
1047,2,k'ut,k'ut
1047,3,ri,ri
1047,4,"katz,",katz
1047,5,Ta,ta
1047,6,xkil,xkil
1047,7,ri,ri
1047,8,tz'ikin.,tz'ikin
1048,0,Are',are'
1048,1,k'u,k'u
1048,2,ri,ri
1048,3,"tz'ikin,",tz'ikin
1048,4,Maja,maja
1048,5,b'i,b'i
1048,6,junoq,junoq
1048,7,xqaj,xqaj
1048,8,uloq,uloq
1048,9,chuxe',chuxe'
1048,10,che'.,che'
1049,0,“Ri',ri'
1049,1,qa,qa
1049,2,tz'ikin,tz'ikin
1049,3,e,e
1049,4,mawi,mawi
1049,5,keqaj,keqaj
1049,6,uloq.,uloq
1050,0,Xa,xa
1050,1,jix,jix
1050,2,qasaj,qasaj
1050,3,"uloq,”",uloq
1050,4,Xecha',xecha'
1050,5,k'ut,k'ut
1050,6,chire,chire
1050,7,katz.,katz
1051,0,“Utz,utz
1051,1,b'a,b'a
1051,2,"la',”",la'
1051,3,xecha',xecha'
1051,4,k'ut.,k'ut
1052,0,K'ate,k'ate
1052,1,puch,puch
1052,2,xe'aq'anik,xe'aq'anik
1052,3,chuwi',chuwi'
1052,4,che'.,che'
1053,0,Xnimar,xnimar
1053,1,k'ut,k'ut
1053,2,ri,ri
1053,3,"che',",che'
1053,4,Xsipoj,xsipoj
1053,5,u,u
1053,6,pam.,pam
1054,0,K'ate,k'ate
1054,1,k'ut,k'ut
1054,2,xeraj,xeraj
1054,3,qaj,qaj
1054,4,"uloq,",uloq
1054,5,Ma,ma
1054,6,k'u,k'u
1054,7,utz,utz
1054,8,chik,chik
1054,9,ki,ki
1054,10,qajik,qajik
1054,11,uloq,uloq
1054,12,chuwi',chuwi'
1054,13,"che',",che'
1054,14,Jun,jun
1054,15,"B'atz',",b'atz'
1054,16,Jun,jun
1054,17,Chowen.,chowen
1055,0,Xecha',xecha'
1055,1,k'u,k'u
1055,2,uloq,uloq
1055,3,chuwi',chuwi'
1055,4,che':,che'
1055,5,“Jupacha,jupacha
1055,6,"kojucha'nik,",kojucha'nik
1055,7,Ix,ix
1055,8,qa,qa
1055,9,chaq'?,chaq'
1056,0,Toq'ob',toq'ob'
1056,1,qa,qa
1056,2,wach.,wach
1057,0,Are',are'
1057,1,ri,ri
1057,2,che',che'
1057,3,kaxib'in,kaxib'in
1057,4,chik,chik
1057,5,"kaqilo,",kaqilo
1057,6,Ix,ix
1057,7,qa,qa
1057,8,"chaq',”",chaq'
1057,9,Xecha',xecha'
1057,10,uloq,uloq
1057,11,chuwi',chuwi'
1057,12,che'.,che'
1058,0,Xecha',xecha'
1058,1,k'u,k'u
1058,2,ri,ri
1058,3,"Junajpu,",junajpu
1058,4,Xb'alanke:,xb'alanke
1058,5,“Chikira',chikira'
1058,6,i,i
1058,7,"we'x,",we'x
1058,8,Chixima',chixima'
1058,9,xe',xe'
1058,10,i,i
1058,11,pam.,pam
1059,0,Najtik,najtik
1059,1,u,u
1059,2,tza'm,tza'm
1059,3,Chijure',chijure'
1059,4,je',je'
1059,5,chiwij.,chiwij
1060,0,K'ate,k'ate
1060,1,k'ut,k'ut
1060,2,utz,utz
1060,3,i,i
1060,4,"b'inik,”",b'inik
1060,5,Xe'uchax,xe'uchax
1060,6,chik,chik
1060,7,kumal,kumal
1060,8,ki,ki
1060,9,chaq'.,chaq'
1061,0,"“We',”",we'
1061,1,xecha',xecha'
1061,2,"k'ut,",k'ut
1061,3,Ta,ta
1061,4,xkijurub'a',xkijurub'a'
1061,5,k'ut,k'ut
1061,6,u,u
1061,7,tza'm,tza'm
1061,8,ki,ki
1061,9,to'q.,to'q
1062,0,Xa,xa
1062,1,pu,pu
1062,2,ju,ju
1062,3,su,su
1062,4,ki,ki
1062,5,je',je'
1062,6,chi,chi
1062,7,"xuxik,",xuxik
1062,8,Xa,xa
1062,9,k'oy,k'oy
1062,10,xkiwachib'ej,xkiwachib'ej
1062,11,chik.,chik
1063,0,K'ate,k'ate
1063,1,k'ut,k'ut
1063,2,xeb'e,xeb'e
1063,3,chuwi',chuwi'
1063,4,taq,taq
1063,5,che',che'
1063,6,Ch'uti,ch'uti
1063,7,"juyub',",juyub'
1063,8,Nima,nima
1063,9,"juyub',",juyub'
1063,10,Xeb'ek,xeb'ek
1063,11,pa,pa
1063,12,taq,taq
1063,13,k'iche'laj.,k'iche'laj
1064,0,Kewojon,kewojon
1064,1,"chik,",chik
1064,2,Kisiloj,kisiloj
1064,3,chik,chik
1064,4,chuq'ab',chuq'ab'
1064,5,taq,taq
1064,6,che'.,che'
1065,0,Keje',keje'
1065,1,k'ut,k'ut
1065,2,ki,ki
1065,3,ch'akatajik,ch'akatajik
1065,4,Jun,jun
1065,5,"B'atz',",b'atz'
1065,6,Jun,jun
1065,7,"Chowen,",chowen
1065,8,Kumal,kumal
1065,9,"Junajpu,",junajpu
1065,10,Xb'alanke.,xb'alanke
1066,0,Xa,xa
1066,1,rumal,rumal
1066,2,ki,ki
1066,3,nawal,nawal
1066,4,Ta,ta
1066,5,xkib'ano.,xkib'ano
1067,0,Ta,ta
1067,1,xe'opon,xe'opon
1067,2,K'ut,k'ut
1067,3,chi,chi
1067,4,kochoch.,kochoch
1068,0,Xecha',xecha'
1068,1,k'ut.,k'ut
1069,0,Xe'oponik,xe'oponik
1069,1,Ruk',ruk'
1069,2,"kati't,",kati't
1069,3,Ruk',ruk'
1069,4,pu,pu
1069,5,ki,ki
1069,6,chuch.,chuch
1070,0,“Ix,ix
1070,1,qati't,qati't
1070,2,naqi,naqi
1070,3,la',la'
1070,4,mi,mi
1070,5,xkik'ulwachij,xkik'ulwachij
1070,6,ri,ri
1070,7,"qatz,",qatz
1070,8,Xa,xa
1070,9,rax,rax
1070,10,ki,ki
1070,11,wach.,wach
1071,0,Mi,mi
1071,1,xeb'ek,xeb'ek
1071,2,keje',keje'
1071,3,ri',ri'
1071,4,e,e
1071,5,chikop,chikop
1071,6,"chik,”",chik
1071,7,Xecha',xecha'
1071,8,k'ut.,k'ut
1072,0,“We,we
1072,1,naqi,naqi
1072,2,la',la'
1072,3,mi,mi
1072,4,xib'an,xib'an
1072,5,Chike,chike
1072,6,"iwatz,",iwatz
1072,7,Mi,mi
1072,8,"xiniq'alab'a',",xiniq'alab'a'
1072,9,Mi,mi
1072,10,pu,pu
1072,11,xinich'iqib'a'.,xinich'iqib'a'
1073,0,Ma,ma
1073,1,ta,ta
1073,2,keje',keje'
1073,3,xib'an,xib'an
1073,4,Chike,chike
1073,5,"iwatz,",iwatz
1073,6,Ix,ix
1073,7,"wi'y,”",wi'y
1073,8,Xcha',xcha'
1073,9,ri,ri
1073,10,ati't,ati't
1073,11,Chikech,chikech
1073,12,"Junajpu,",junajpu
1073,13,Xb'alanke.,xb'alanke
1074,0,Xecha',xecha'
1074,1,chi,chi
1074,2,k'ut,k'ut
1074,3,chire,chire
1074,4,kati't:,kati't
1074,5,“Mixb'isonik,mixb'isonik
1074,6,ix,ix
1074,7,qati't.,qati't
1075,0,Xchiwil,xchiwil
1075,1,chik,chik
1075,2,Ki,ki
1075,3,wach,wach
1075,4,Ri,ri
1075,5,qatz.,qatz
1076,0,Xke'ulik.,xke'ulik
1077,0,Xere,xere
1077,1,chi,chi
1077,2,k'ut,k'ut
1077,3,u,u
1077,4,tijowik,tijowik
1077,5,Wa',wa'
1077,6,"chiwe,",chiwe
1077,7,ix,ix
1077,8,qati't.,qati't
1078,0,La,la
1078,1,qi,qi
1078,2,mixtze'nik.,mixtze'nik
1079,0,Qatija',qatija'
1079,1,na,na
1079,2,ki,ki
1079,3,"q'ij,”",q'ij
1079,4,xecha',xecha'
1079,5,k'ut.,k'ut
1080,0,K'ate,k'ate
1080,1,puch,puch
1080,2,xkitikib'a',xkitikib'a'
1080,3,"su'anik,",su'anik
1080,4,Junajpu,junajpu
1080,5,K'oy,k'oy
1080,6,xkisu'aj.,xkisu'aj
1081,0,K'ATE,k'ate
1081,1,puch,puch
1081,2,"xeb'ixanik,",xeb'ixanik
1081,3,"Xesu'anik,",xesu'anik
1081,4,Xeq'ojomanik.,xeq'ojomanik
1082,0,Ta,ta
1082,1,u,u
1082,2,k'amik,k'amik
1082,3,ri,ri
1082,4,ki,ki
1082,5,"su',",su'
1082,6,Ki,ki
1082,7,q'ojom.,q'ojom
1083,0,Ta,ta
1083,1,xku'b'e',xku'b'e'
1083,2,puch,puch
1083,3,Ri,ri
1083,4,kati't,kati't
1083,5,kuk'.,kuk'
1084,0,Ta,ta
1084,1,"xesu'anik,",xesu'anik
1084,2,Xesik'ix,xesik'ix
1084,3,pa,pa
1084,4,"su',",su'
1084,5,Pa,pa
1084,6,b'ix,b'ix
1084,7,ta,ta
1084,8,xub'i'naj.,xub'i'naj
1085,0,Ri,ri
1085,1,Junajpu,junajpu
1085,2,"K'oy,",k'oy
1085,3,U,u
1085,4,b'i',b'i'
1085,5,su'.,su'
1086,0,Ta,ta
1086,1,xe'ok,xe'ok
1086,2,k'u,k'u
1086,3,uloq,uloq
1086,4,Ri,ri
1086,5,Jun,jun
1086,6,"B'atz',",b'atz'
1086,7,Jun,jun
1086,8,"Chowen,",chowen
1086,9,Kexajowik,kexajowik
1086,10,ta,ta
1086,11,xe'ulik.,xe'ulik
1087,0,K'ate,k'ate
1087,1,puch,puch
1087,2,ta,ta
1087,3,xmuqun,xmuqun
1087,4,ri,ri
1087,5,"ati't,",ati't
1087,6,Itzel,itzel
1087,7,ki,ki
1087,8,wach,wach
1087,9,xril,xril
1087,10,ati't.,ati't
1088,0,Ta,ta
1088,1,"xtze'nik,",xtze'nik
1088,2,Mawi,mawi
1088,3,xukuy,xukuy
1088,4,u,u
1088,5,tze',tze'
1088,6,ati't.,ati't
1089,0,Xa,xa
1089,1,k'u,k'u
1089,2,ju,ju
1089,3,su,su
1089,4,"xeb'ek,",xeb'ek
1089,5,Mawi,mawi
1089,6,xil,xil
1089,7,chikiwach.,chikiwach
1090,0,E,e
1090,1,"yakatik,",yakatik
1090,2,Xeb'e,xeb'e
1090,3,pa,pa
1090,4,k'eche'laj.,k'eche'laj
1091,0,“Naqi,naqi
1091,1,pa,pa
1091,2,"chib'ano,",chib'ano
1091,3,Ix,ix
1091,4,qati't?,qati't
1092,0,Xa,xa
1092,1,kaj,kaj
1092,2,mul,mul
1092,3,"xchiqatijo,",xchiqatijo
1092,4,Xa,xa
1092,5,ox,ox
1092,6,mul,mul
1092,7,chik.,chik
1093,0,Xkeqasik'ij,xkeqasik'ij
1093,1,pa,pa
1093,2,"su',",su'
1093,3,Pa,pa
1093,4,b'ix.,b'ix
1094,0,Qi,qi
1094,1,chikuyu',chikuyu'
1094,2,i,i
1094,3,tze'.,tze'
1095,0,Qatija',qatija'
1095,1,chi,chi
1095,2,"na,”",na
1095,3,Xecha',xecha'
1095,4,chik,chik
1095,5,"Junajpu,",junajpu
1095,6,Xb'alanke.,xb'alanke
1096,0,K'ate,k'ate
1096,1,xesu'an,xesu'an
1096,2,"chik,",chik
1096,3,Ta,ta
1096,4,xe'ok,xe'ok
1096,5,chi,chi
1096,6,uloq.,uloq
1097,0,Kexajow,kexajow
1097,1,"chik,",chik
1097,2,Xe'ul,xe'ul
1097,3,chik,chik
1097,4,Chi,chi
1097,5,u,u
1097,6,"nik'ajal,",nik'ajal
1097,7,U,u
1097,8,wa,wa
1097,9,ja.,ja
1098,0,Xa,xa
1098,1,wi,wi
1098,2,kukus,kukus
1098,3,"kakib'ano,",kakib'ano
1098,4,Xa,xa
1098,5,wi,wi
1098,6,kakitaqchi'j,kakitaqchi'j
1098,7,Ri,ri
1098,8,kati't,kati't
1098,9,Chi,chi
1098,10,tze'.,tze'
1099,0,Lib'aj,lib'aj
1099,1,chi,chi
1099,2,xtze'n,xtze'n
1099,3,chi,chi
1099,4,Ri,ri
1099,5,kati't.,kati't
1100,0,Qitzij,qitzij
1100,1,tze'b'al,tze'b'al
1100,2,ki,ki
1100,3,wach,wach
1100,4,Ri,ri
1100,5,k'oy.,k'oy
1101,0,Chixiririk,chixiririk
1101,1,xe',xe'
1101,2,ki,ki
1101,3,"pam,",pam
1101,4,Chich'ilita,chich'ilita
1101,5,xe',xe'
1101,6,pu,pu
1101,7,chuchi',chuchi'
1101,8,ki,ki
1101,9,k'u'x.,k'u'x
1102,0,Ta,ta
1102,1,xe'ok,xe'ok
1102,2,"uloq,",uloq
1102,3,Are',are'
1102,4,k'ut,k'ut
1102,5,k'i,k'i
1102,6,Chutze'j,chutze'j
1102,7,ati't.,ati't
1103,0,K'ate,k'ate
1103,1,xeb'e,xeb'e
1103,2,chik,chik
1103,3,pa,pa
1103,4,taq,taq
1103,5,juyub'.,juyub'
1104,0,“Naqi,naqi
1104,1,pa,pa
1104,2,qi,qi
1104,3,chiqab'ano,chiqab'ano
1104,4,ix,ix
1104,5,qati't?,qati't
1105,0,Xere,xere
1105,1,chi,chi
1105,2,wa',wa'
1105,3,rox,rox
1105,4,mul,mul
1105,5,chik,chik
1105,6,"xchiqatijo,”",xchiqatijo
1105,7,Xcha',xcha'
1105,8,ri,ri
1105,9,"Junajpu,",junajpu
1105,10,Xb'alanke.,xb'alanke
1106,0,Xesu'an,xesu'an
1106,1,"chik,",chik
1106,2,Xe'ul,xe'ul
1106,3,chik.,chik
1107,0,Kexajowik.,kexajowik
1108,0,Xa,xa
1108,1,k'u,k'u
1108,2,chukuyuka',chukuyuka'
1108,3,u,u
1108,4,tze',tze'
1108,5,ri,ri
1108,6,kati't.,kati't
1109,0,Xe'aq'an,xe'aq'an
1109,1,k'u,k'u
1109,2,"uloq,",uloq
1109,3,Chukatanaj,chukatanaj
1109,4,tz'aq.,tz'aq
1110,0,Kaqruxruj,kaqruxruj
1110,1,u,u
1110,2,"chi',",chi'
1110,3,Tak,tak
1110,4,ki,ki
1110,5,"wach,",wach
1110,6,Mutzuma'q,mutzuma'q
1110,7,ki,ki
1110,8,"chi',",chi'
1110,9,Chik'imal,chik'imal
1110,10,ki,ki
1110,11,chi'.,chi'
1111,0,Ki,ki
1111,1,wach,wach
1111,2,"mak'ama,",mak'ama
1111,3,Chikijoq'ij,chikijoq'ij
1111,4,chike.,chike
1112,0,Ta,ta
1112,1,xril,xril
1112,2,chi,chi
1112,3,k'ut,k'ut
1112,4,ri,ri
1112,5,"ati't,",ati't
1112,6,K'ate,k'ate
1112,7,xpoq'olij,xpoq'olij
1112,8,chi,chi
1112,9,u,u
1112,10,tze',tze'
1112,11,ri,ri
1112,12,kati't.,kati't
1113,0,Ma,ma
1113,1,chi,chi
1113,2,k'u,k'u
1113,3,xil,xil
1113,4,"chikiwach,",chikiwach
1113,5,Rumal,rumal
1113,6,u,u
1113,7,tze'b'al,tze'b'al
1113,8,ati't.,ati't
1114,0,“Xere,xere
1114,1,wi,wi
1114,2,k'u,k'u
1114,3,wa',wa'
1114,4,ix,ix
1114,5,"qati't,",qati't
1114,6,Xkeqapixab'aj,xkeqapixab'aj
1114,7,ub'ik.”,ub'ik
1114,8,Chu,chu
1114,9,kaj,kaj
1114,10,mul,mul
1114,11,k'ut,k'ut
1114,12,Xesu'ax,xesu'ax
1114,13,chik.,chik
1115,0,Ma,ma
1115,1,k'u,k'u
1115,2,xe'ul,xe'ul
1115,3,chik,chik
1115,4,Chu,chu
1115,5,kaj,kaj
1115,6,mul.,mul
1116,0,Ju,ju
1116,1,su,su
1116,2,xeb'ek,xeb'ek
1116,3,pa,pa
1116,4,k'eche'laj.,k'eche'laj
1117,0,Xecha',xecha'
1117,1,k'ut,k'ut
1117,2,chire,chire
1117,3,kati't:,kati't
1117,4,“Mi,mi
1117,5,k'u,k'u
1117,6,xqatijo,xqatijo
1117,7,ix,ix
1117,8,qati't.,qati't
1118,0,Mi,mi
1118,1,nab'e,nab'e
1118,2,xe'ulik.,xe'ulik
1119,0,Mi,mi
1119,1,pu,pu
1119,2,xqatij,xqatij
1119,3,chik,chik
1119,4,ki,ki
1119,5,sik'ixik.,sik'ixik
1120,0,Mixb'ison,mixb'ison
1120,1,k'ut.,k'ut
1121,0,Oj,oj
1121,1,"k'olik,",k'olik
1121,2,Oj,oj
1121,3,iwi'y.,iwi'y
1122,0,Xa,xa
1122,1,chiloq'oj,chiloq'oj
1122,2,ri,ri
1122,3,qa,qa
1122,4,"chuch,",chuch
1122,5,Ix,ix
1122,6,qati't.,qati't
1123,0,Kena'b'ax,kena'b'ax
1123,1,ri,ri
1123,2,"qatz,",qatz
1123,3,Ta,ta
1123,4,chuxoq.,chuxoq
1124,0,Mi,mi
1124,1,"xekob'i'k,",xekob'i'k
1124,2,Mi,mi
1124,3,pu,pu
1124,4,xeb'i'najik,xeb'i'najik
1124,5,Jun,jun
1124,6,"B'atz',",b'atz'
1124,7,Jun,jun
1124,8,"Chowen,",chowen
1124,9,"Ke'uchaxik,”",ke'uchaxik
1124,10,xecha',xecha'
1124,11,Ri,ri
1124,12,"Junajpu,",junajpu
1124,13,Xb'alanke.,xb'alanke
1125,0,Xesik'ix,xesik'ix
1125,1,k'ut,k'ut
1125,2,rumal,rumal
1125,3,Ri,ri
1125,4,aj,aj
1125,5,"su',",su'
1125,6,Aj,aj
1125,7,"b'ix,",b'ix
1125,8,Ri,ri
1125,9,ojer,ojer
1125,10,winaq.,winaq
1126,0,Are',are'
1126,1,puch,puch
1126,2,"chusik'ij,",chusik'ij
1126,3,Ri,ri
1126,4,aj,aj
1126,5,"tz'ib',",tz'ib'
1126,6,Aj,aj
1126,7,k'ot.,k'ot
1127,0,Ojer,ojer
1127,1,"xechikopirik,",xechikopirik
1127,2,E,e
1127,3,k'oy,k'oy
1127,4,"xe'uxik,",xe'uxik
1127,5,Rumal,rumal
1127,6,xa,xa
1127,7,xkinimarisaj,xkinimarisaj
1127,8,"kib',",kib'
1127,9,Xkiyoq',xkiyoq'
1127,10,ri,ri
1127,11,ki,ki
1127,12,chaq'.,chaq'
1128,0,Keje',keje'
1128,1,wi,wi
1128,2,q'alab'il,q'alab'il
1128,3,chi,chi
1128,4,ki,ki
1128,5,"k'u'x,",k'u'x
1128,6,Keje',keje'
1128,7,k'ut,k'ut
1128,8,ki,ki
1128,9,ma'ixik,ma'ixik
1128,10,"ri',",ri'
1128,11,Ta,ta
1128,12,"xesachik,",xesachik
1128,13,Ri,ri
1128,14,Jun,jun
1128,15,"B'atz',",b'atz'
1128,16,Jun,jun
1128,17,Chowen.,chowen
1129,0,E,e
1129,1,chikop,chikop
1129,2,xe'uxik.,xe'uxik
1130,0,Are',are'
1130,1,k'ut,k'ut
1130,2,e,e
1130,3,"ramaq'elal,",ramaq'elal
1130,4,K'o,k'o
1130,5,kochoch,kochoch
1130,6,chik.,chik
1131,0,Xa,xa
1131,1,wi,wi
1131,2,xere,xere
1131,3,e,e
1131,4,aj,aj
1131,5,"su',",su'
1131,6,E,e
1131,7,aj,aj
1131,8,b'ix.,b'ix
1132,0,Nim,nim
1132,1,chik,chik
1132,2,"xkib'ano,",xkib'ano
1132,3,Ta,ta
1132,4,xek'oje'ik,xek'oje'ik
1132,5,Ruk',ruk'
1132,6,"rati't,",rati't
1132,7,Ruk',ruk'
1132,8,pu,pu
1132,9,ki,ki
1132,10,chuch.,chuch
1133,0,TA,ta
1133,1,xkitikib'a',xkitikib'a'
1133,2,chi,chi
1133,3,k'ut,k'ut
1133,4,ki,ki
1133,5,"b'anoj,",b'anoj
1133,6,Ki,ki
1133,7,k'utb'al,k'utb'al
1133,8,"kib',",kib'
1133,9,Chuwach,chuwach
1133,10,"kati't,",kati't
1133,11,Chuwach,chuwach
1133,12,pu,pu
1133,13,ki,ki
1133,14,chuch.,chuch
1134,0,Nab'e,nab'e
1134,1,xkib'ano,xkib'ano
1134,2,ri,ri
1134,3,ab'ix.,ab'ix
1135,0,“Xa,xa
1135,1,"kojab'ixik,",kojab'ixik
1135,2,Ix,ix
1135,3,"qati't,",qati't
1135,4,Ix,ix
1135,5,pu,pu
1135,6,qa,qa
1135,7,"chuch,”",chuch
1135,8,xecha'.,xecha'
1136,0,"“Mixb'isonik,",mixb'isonik
1136,1,oj,oj
1136,2,"k'olik,",k'olik
1136,3,Oj,oj
1136,4,iwi'y.,iwi'y
1137,0,Oj,oj
1137,1,ki,ki
1137,2,k'exel,k'exel
1137,3,"Qatz,”",qatz
1137,4,Xecha',xecha'
1137,5,k'u,k'u
1137,6,ri,ri
1137,7,"Junajpu,",junajpu
1137,8,Xb'alanke.,xb'alanke
1138,0,Ta,ta
1138,1,xkik'am,xkik'am
1138,2,k'ut,k'ut
1138,3,ki,ki
1138,4,"kaj,",kaj
1138,5,Ki,ki
1138,6,mixk'ina',mixk'ina'
1138,7,ki,ki
1138,8,"xokem,",xokem
1138,9,Xeb'ek,xeb'ek
1138,10,ruk',ruk'
1138,11,jujun,jujun
1138,12,Ki,ki
1138,13,wub',wub'
1138,14,"xkitelej,",xkitelej
1138,15,Xe'el,xe'el
1138,16,chi,chi
1138,17,kochoch.,kochoch
1139,0,Ta,ta
1139,1,xkipixab',xkipixab'
1139,2,k'u,k'u
1139,3,kati't,kati't
1139,4,chire,chire
1139,5,U,u
1139,6,ya'ik,ya'ik
1139,7,ki,ki
1139,8,wa.,wa
1140,0,“Chitik'oj,chitik'oj
1140,1,na,na
1140,2,q'ij,q'ij
1140,3,Chib'e,chib'e
1140,4,ya',ya'
1140,5,qa,qa
1140,6,wa,wa
1140,7,Ix,ix
1140,8,"qati't,”",qati't
1140,9,xecha'.,xecha'
1141,0,“Utz,utz
1141,1,b'a,b'a
1141,2,la',la'
1141,3,ix,ix
1141,4,"wi'y,”",wi'y
1141,5,Xcha',xcha'
1141,6,k'ut,k'ut
1141,7,ri,ri
1141,8,kati't.,kati't
1142,0,K'ate,k'ate
1142,1,k'ut,k'ut
1142,2,xe'opon,xe'opon
1142,3,"chiri',",chiri'
1142,4,Ke'ab'ix,ke'ab'ix
1142,5,wi.,wi
1143,0,Xa,xa
1143,1,qi,qi
1143,2,xkich'ikib'a',xkich'ikib'a'
1143,3,ri,ri
1143,4,mixk'ina',mixk'ina'
1143,5,pu,pu
1143,6,"ulew,",ulew
1143,7,Xa,xa
1143,8,k'u,k'u
1143,9,qi,qi
1143,10,chitajin,chitajin
1143,11,ri,ri
1143,12,mixk'ina',mixk'ina'
1143,13,pu,pu
1143,14,"ulew,",ulew
1143,15,Xa,xa
1143,16,k'u,k'u
1143,17,qi,qi
1143,18,chitajin,chitajin
1143,19,ri,ri
1143,20,mixk'ina',mixk'ina'
1143,21,chutukel.,chutukel
1144,0,Are',are'
1144,1,k'u,k'u
1144,2,ri,ri
1144,3,"ikaj,",ikaj
1144,4,Xa,xa
1144,5,wi,wi
1144,6,chikich'ikib'a',chikich'ikib'a'
1144,7,chutolok',chutolok'
1144,8,"che',",che'
1144,9,Xa,xa
1144,10,wi,wi
1144,11,chuq'ab',chuq'ab'
1144,12,rib',rib'
1144,13,che',che'
1144,14,chib'ek.,chib'ek
1145,0,"Chilajajik,",chilajajik
1145,1,Chib'ek,chib'ek
1145,2,Ronojel,ronojel
1145,3,"che',",che'
1145,4,K'a'am.,k'a'am
1146,0,Kaqchakachoj,kaqchakachoj
1146,1,chik,chik
1146,2,Chiq'atoj,chiq'atoj
1146,3,che'.,che'
1147,0,Chub'an,chub'an
1147,1,ri,ri
1147,2,xa,xa
1147,3,juna,juna
1147,4,ikaj.,ikaj
1148,0,Are',are'
1148,1,k'u,k'u
1148,2,ri,ri
1148,3,mixk'ina',mixk'ina'
1148,4,tzatz,tzatz
1148,5,"chiq'upuj,",chiq'upuj
1148,6,Mawi,mawi
1148,7,ajilan,ajilan
1148,8,tum,tum
1148,9,k'ixik,k'ixik
1148,10,kub'an,kub'an
1148,11,ri,ri
1148,12,xa,xa
1148,13,jun,jun
1148,14,chi,chi
1148,15,"mixk'ina',",mixk'ina'
1148,16,Mawi,mawi
1148,17,ajilan,ajilan
1148,18,q'upuj.,q'upuj
1149,0,Xa,xa
1149,1,ch'uti,ch'uti
1149,2,"juyub',",juyub'
1149,3,Nima,nima
1149,4,juyub',juyub'
1149,5,kab'ek.,kab'ek
1150,0,Ta,ta
1150,1,xkipixab'aj,xkipixab'aj
1150,2,k'ut,k'ut
1150,3,jun,jun
1150,4,"chikop,",chikop
1150,5,Xmukur,xmukur
1150,6,u,u
1150,7,b'i'.,b'i'
1151,0,Xkit'uyub'a',xkit'uyub'a'
1151,1,aq'anoq,aq'anoq
1151,2,Chuwi',chuwi'
1151,3,nima,nima
1151,4,kuta'm.,kuta'm
1152,0,Xecha',xecha'
1152,1,k'ut,k'ut
1152,2,"Junajpu,",junajpu
1152,3,Xb'alanke:,xb'alanke
1152,4,“Xa,xa
1152,5,chawil,chawil
1152,6,ri,ri
1152,7,qati't,qati't
1152,8,chipetik,chipetik
1152,9,ya'ol,ya'ol
1152,10,qa,qa
1152,11,"wa,",wa
1152,12,Ju,ju
1152,13,su,su
1152,14,katoq'ik,katoq'ik
1152,15,ta,ta
1152,16,petoq.,petoq
1153,0,K'ate,k'ate
1153,1,k'ut,k'ut
1153,2,chiqachap,chiqachap
1153,3,ri,ri
1153,4,"mixk'ina',",mixk'ina'
1153,5,Ruk',ruk'
1153,6,ikaj.”,ikaj
1153,7,“Utz,utz
1153,8,b'a,b'a
1153,9,"la',”",la'
1153,10,Xcha',xcha'
1153,11,k'u,k'u
1153,12,ri,ri
1153,13,xmukur.,xmukur
1154,0,Are',are'
1154,1,k'ut,k'ut
1154,2,xa,xa
1154,3,wub'anik,wub'anik
1154,4,chikib'ano.,chikib'ano
1155,0,Ma,ma
1155,1,na,na
1155,2,qitzij,qitzij
1155,3,ab'ixik,ab'ixik
1155,4,ta,ta
1155,5,chikib'ano.,chikib'ano
1156,0,K'ate,k'ate
1156,1,puch,puch
1156,2,choq',choq'
1156,3,ri,ri
1156,4,"xmukur,",xmukur
1156,5,Anim,anim
1156,6,k'ut,k'ut
1156,7,kepetik.,kepetik
1157,0,Jun,jun
1157,1,chichapo,chichapo
1157,2,"mixk'ina',",mixk'ina'
1157,3,Jun,jun
1157,4,k'ut,k'ut
1157,5,chichapow,chichapow
1157,6,ri,ri
1157,7,ikaj.,ikaj
1158,0,Chikipisla,chikipisla
1158,1,ki,ki
1158,2,"wi',",wi'
1158,3,Xaloq',xaloq'
1158,4,chub'aqala',chub'aqala'
1158,5,ulew,ulew
1158,6,pu,pu
1158,7,q'ab'.,q'ab'
1159,0,Ri,ri
1159,1,jun,jun
1159,2,xa,xa
1159,3,keje',keje'
1159,4,chutz'iloj,chutz'iloj
1159,5,u,u
1159,6,"wach,",wach
1159,7,Keje',keje'
1159,8,ri',ri'
1159,9,qitzij,qitzij
1159,10,ab'ixom.,ab'ixom
1160,0,Are',are'
1160,1,k'u,k'u
1160,2,ri,ri
1160,3,jun,jun
1160,4,chik,chik
1160,5,xaloq',xaloq'
1160,6,chupuk'ij,chupuk'ij
1160,7,u,u
1160,8,web'al,web'al
1160,9,che',che'
1160,10,pu,pu
1160,11,"jolom,",jolom
1160,12,Keje',keje'
1160,13,wi,wi
1160,14,ri',ri'
1160,15,qitzij,qitzij
1160,16,q'atoj,q'atoj
1160,17,che'nel.,che'nel
1161,0,Ta,ta
1161,1,xil,xil
1161,2,rumal,rumal
1161,3,"kati't,",kati't
1161,4,K'ate,k'ate
1161,5,k'ut,k'ut
1161,6,kewa'ik.,kewa'ik
1162,0,Ma,ma
1162,1,qitzij,qitzij
1162,2,ab'ixik,ab'ixik
1162,3,chikib'ano.,chikib'ano
1163,0,Xaloq',xaloq'
1163,1,chib'e,chib'e
1163,2,ya'oq,ya'oq
1163,3,ki,ki
1163,4,wa.,wa
1164,0,Ta,ta
1164,1,xeb'e,xeb'e
1164,2,k'ut,k'ut
1164,3,chi,chi
1164,4,kochoch.,kochoch
1165,0,“Qitzij,qitzij
1165,1,mi,mi
1165,2,"xojkosik,",xojkosik
1165,3,Ix,ix
1165,4,"qati't,”",qati't
1165,5,Kecha',kecha'
1165,6,ke'oponik.,ke'oponik
1166,0,Xaloq',xaloq'
1166,1,"chikikikij,",chikikikij
1166,2,Chikiyuq,chikiyuq
1166,3,"puch,",puch
1166,4,"Kaqan,",kaqan
1166,5,Ki,ki
1166,6,q'ab',q'ab'
1166,7,chuwach,chuwach
1166,8,kati't.,kati't
1167,0,Ta,ta
1167,1,xeb'e,xeb'e
1167,2,chi,chi
1167,3,k'ut,k'ut
1167,4,chu,chu
1167,5,ka,ka
1167,6,"q'ij,",q'ij
1167,7,Xe'opon,xe'opon
1167,8,k'ut,k'ut
1167,9,pa,pa
1167,10,kab'ix.,kab'ix
1168,0,K'is,k'is
1168,1,yakatajinaq,yakatajinaq
1168,2,chik,chik
1168,3,ronojel,ronojel
1168,4,"che',",che'
1168,5,K'a'am.,k'a'am
1169,0,Ta,ta
1169,1,xe'oponik.,xe'oponik
1170,0,“Apachinaq,apachinaq
1170,1,kojmich'owik?”,kojmich'owik
1170,2,Xecha',xecha'
1170,3,k'ut.,k'ut
1171,0,Are',are'
1171,1,k'ut,k'ut
1171,2,keb'anow,keb'anow
1171,3,ri,ri
1171,4,ronojel,ronojel
1171,5,ch'uti,ch'uti
1171,6,"chikop,",chikop
1171,7,Nima,nima
1171,8,chikop:,chikop
1171,9,"Koj,",koj
1171,10,"B'alam,",b'alam
1171,11,"Kej,",kej
1171,12,"Umul,",umul
1171,13,"Yak,",yak
1171,14,"Utiw,",utiw
1171,15,"Aq,",aq
1171,16,"Sis,",sis
1171,17,Ch'uti,ch'uti
1171,18,"tz'ikin,",tz'ikin
1171,19,Nima,nima
1171,20,tz'ikin.,tz'ikin
1172,0,Are',are'
1172,1,"xeb'anowik,",xeb'anowik
1172,2,Xa,xa
1172,3,jun,jun
1172,4,aq'ab',aq'ab'
1172,5,xkib'ano.,xkib'ano
1173,0,K'ate,k'ate
1173,1,chi,chi
1173,2,k'ut,k'ut
1173,3,xkitikib'a',xkitikib'a'
1173,4,chik,chik
1173,5,ab'ixik.,ab'ixik
1174,0,Xa,xa
1174,1,wi,wi
1174,2,xub'an,xub'an
1174,3,chi,chi
1174,4,rib',rib'
1174,5,"ulew,",ulew
1174,6,Ruk',ruk'
1174,7,q'atoj,q'atoj
1174,8,che'.,che'
1175,0,Ta,ta
1175,1,xk'am,xk'am
1175,2,chi,chi
1175,3,k'u,k'u
1175,4,ki,ki
1175,5,na'oj,na'oj
1175,6,chiri',chiri'
1175,7,pa,pa
1175,8,q'atoj,q'atoj
1175,9,"che',",che'
1175,10,Pa,pa
1175,11,q'upuj,q'upuj
1175,12,puch.,puch
1176,0,Ana,ana
1176,1,wi,wi
1176,2,chi,chi
1176,3,na,na
1176,4,kab'ano,kab'ano
1176,5,"ulo,",ulo
1176,6,Laqi,laqi
1176,7,ta,ta
1176,8,"chiqariqo,”",chiqariqo
1176,9,Xecha',xecha'
1176,10,k'ut.,k'ut
1177,0,Ta,ta
1177,1,xk'am,xk'am
1177,2,ki,ki
1177,3,na'oj.,na'oj
1178,0,Xe'opon,xe'opon
1178,1,chi,chi
1178,2,k'ut,k'ut
1178,3,chi,chi
1178,4,ja.,ja
1179,0,Nima,nima
1179,1,k'im,k'im
1179,2,"chik,",chik
1179,3,Nima,nima
1179,4,k'eche'laj,k'eche'laj
1179,5,chi,chi
1179,6,"puch,",puch
1179,7,Ri,ri
1179,8,"qab'ix,",qab'ix
1179,9,Ta,ta
1179,10,xojopon,xojopon
1179,11,mier,mier
1179,12,ix,ix
1179,13,"qati't,”",qati't
1179,14,Xecha',xecha'
1179,15,k'ut,k'ut
1179,16,chire,chire
1179,17,"kati't,",kati't
1179,18,Chire,chire
1179,19,pu,pu
1179,20,ki,ki
1179,21,chuch.,chuch
1180,0,“Xkojb'e,xkojb'e
1180,1,"k'ut,",k'ut
1180,2,"Xchiqawaraj,",xchiqawaraj
1180,3,Rumal,rumal
1180,4,mawi,mawi
1180,5,utz,utz
1180,6,kab'an,kab'an
1180,7,"chiqe,”",chiqe
1180,8,Xecha'.,xecha'
1181,0,K'ate,k'ate
1181,1,k'ut,k'ut
1181,2,"xeb'atz'onik,",xeb'atz'onik
1181,3,K'ate,k'ate
1181,4,k'ut,k'ut
1181,5,ki,ki
1181,6,b'ik,b'ik
1181,7,chik,chik
1181,8,pa,pa
1181,9,ki,ki
1181,10,q'atoj,q'atoj
1181,11,che'.,che'
1182,0,Chiri',chiri'
1182,1,k'ut,k'ut
1182,2,xematzeje',xematzeje'
1182,3,"wi,",wi
1182,4,E,e
1182,5,muqumuxinaq,muqumuxinaq
1182,6,chik,chik
1182,7,chiri'.,chiri'
1183,0,Xa,xa
1183,1,jun,jun
1183,2,xkisep,xkisep
1183,3,wi,wi
1183,4,"kib',",kib'
1183,5,Ronojel,ronojel
1183,6,ch'uti,ch'uti
1183,7,"chikop,",chikop
1183,8,Nima,nima
1183,9,chikop.,chikop
1184,0,Are',are'
1184,1,puch,puch
1184,2,tik'il,tik'il
1184,3,u,u
1184,4,k'u'x,k'u'x
1184,5,aq'ab',aq'ab'
1184,6,ta,ta
1184,7,xepetik.,xepetik
1185,0,Xech'awije'ik,xech'awije'ik
1185,1,konojel,konojel
1185,2,ta,ta
1185,3,xepetik.,xepetik
1186,0,Are',are'
1186,1,ki,ki
1186,2,ch'ab'al,ch'ab'al
1186,3,ri':,ri'
1186,4,“Yaklin,yaklin
1186,5,"che',",che'
1186,6,Yaklin,yaklin
1186,7,"k'a'am,”",k'a'am
1186,8,Xecha',xecha'
1186,9,ta,ta
1186,10,xepetik.,xepetik
1187,0,Keneb'eb'ik,keneb'eb'ik
1187,1,xe',xe'
1187,2,"che',",che'
1187,3,Xe',xe'
1187,4,k'a'am.,k'a'am
1188,0,Ta,ta
1188,1,"xeyopijik,",xeyopijik
1188,2,Ta,ta
1188,3,xek'utun,xek'utun
1188,4,k'u,k'u
1188,5,chikiwach.,chikiwach
1189,0,Are',are'
1189,1,k'ut,k'ut
1189,2,u,u
1189,3,nab'e,nab'e
1189,4,ri,ri
1189,5,"koj,",koj
1189,6,B'alam.,b'alam
1190,0,Xraj,xraj
1190,1,k'u,k'u
1190,2,ki,ki
1190,3,"chapo,",chapo
1190,4,Mawi,mawi
1190,5,xuya',xuya'
1190,6,rib'.,rib'
1191,0,Ta,ta
1191,1,xyopij,xyopij
1191,2,chik,chik
1191,3,"kej,",kej
1191,4,Umul.,umul
1192,0,Xa,xa
1192,1,k'u,k'u
1192,2,chu,chu
1192,3,je',je'
1192,4,xkichap,xkichap
1192,5,"wi,",wi
1192,6,Xa,xa
1192,7,k'u,k'u
1192,8,xq'upuq'ub'.,xq'upuq'ub'
1193,0,Kanajoq,kanajoq
1193,1,u,u
1193,2,je',je'
1193,3,kej,kej
1193,4,pa,pa
1193,5,ki,ki
1193,6,q'ab',q'ab'
1193,7,Ta,ta
1193,8,xuk'am,xuk'am
1193,9,ri,ri
1193,10,u,u
1193,11,je',je'
1193,12,kej.,kej
1194,0,Ruk',ruk'
1194,1,u,u
1194,2,je',je'
1194,3,"umul,",umul
1194,4,Ri',ri'
1194,5,xskataq,xskataq
1194,6,ki,ki
1194,7,je'.,je'
1195,0,Ma,ma
1195,1,k'u,k'u
1195,2,xkiya',xkiya'
1195,3,kib',kib'
1195,4,ri,ri
1195,5,"yak,",yak
1195,6,"Utiw,",utiw
1195,7,"Aq,",aq
1195,8,Sis.,sis
1196,0,"Xe'ik'owik,",xe'ik'owik
1196,1,Konojel,konojel
1196,2,"chikop,",chikop
1196,3,Chikiwach,chikiwach
1196,4,ri,ri
1196,5,"Junajpu,",junajpu
1196,6,Xb'alanke.,xb'alanke
1197,0,Chik'atat,chik'atat
1197,1,chi,chi
1197,2,k'ut,k'ut
1197,3,ki,ki
1197,4,"k'u'x,",k'u'x
1197,5,Rumal,rumal
1197,6,ri',ri'
1197,7,maja,maja
1197,8,b'i,b'i
1197,9,xkichapo.,xkichapo
1198,0,Xpe,xpe
1198,1,k'u,k'u
1198,2,ri',ri'
1198,3,jun,jun
1198,4,"chik,",chik
1198,5,U,u
1198,6,xam,xam
1198,7,b'e,b'e
1198,8,"chik,",chik
1198,9,Katzotzotik,katzotzotik
1198,10,Ta,ta
1198,11,xpetik.,xpetik
1199,0,K'ate,k'ate
1199,1,k'ut,k'ut
1199,2,"xkik'atej,",xkik'atej
1199,3,Xkise,xkise
1199,4,k'ut,k'ut
1199,5,pa,pa
1199,6,k'at,k'at
1199,7,ri,ri
1199,8,ch'o.,ch'o
1200,0,K'ate,k'ate
1200,1,puch,puch
1200,2,"xkichapo,",xkichapo
1200,3,Xkiyotej,xkiyotej
1200,4,puch,puch
1200,5,chirij,chirij
1200,6,u,u
1200,7,wi'.,wi'
1201,0,Xraj,xraj
1201,1,ki,ki
1201,2,b'iyo.,b'iyo
1202,0,Xkiporoj,xkiporoj
1202,1,u,u
1202,2,je',je'
1202,3,chuwi',chuwi'
1202,4,q'aq'.,q'aq'
1203,0,Ta,ta
1203,1,xuk'am,xuk'am
1203,2,ri,ri
1203,3,u,u
1203,4,je',je'
1203,5,"ch'o,",ch'o
1203,6,Maja,maja
1203,7,b'i,b'i
1203,8,rismal,rismal
1203,9,u,u
1203,10,je'.,je'
1204,0,Are',are'
1204,1,nay,nay
1204,2,pu,pu
1204,3,u,u
1204,4,b'aq',b'aq'
1204,5,u,u
1204,6,"wach,",wach
1204,7,Ta,ta
1204,8,xraj,xraj
1204,9,b'iyik,b'iyik
1204,10,kumal,kumal
1204,11,"k'ajolab',",k'ajolab'
1204,12,Ri,ri
1204,13,"Junajpu,",junajpu
1204,14,Xb'alanke.,xb'alanke
1205,0,“Ma,ma
1205,1,ta,ta
1205,2,kikamik,kikamik
1205,3,iwumal.,iwumal
1206,0,Mawi,mawi
1206,1,are',are'
1206,2,i,i
1206,3,patan,patan
1206,4,ri,ri
1206,5,ab'ixik,ab'ixik
1206,6,K'o,k'o
1206,7,"iwe,”",iwe
1206,8,xcha',xcha'
1206,9,ri',ri'
1206,10,ri,ri
1206,11,ch'o.,ch'o
1207,0,“Apa,apa
1207,1,k'o,k'o
1207,2,wi,wi
1207,3,qe?,qe
1208,0,Chab'ij,chab'ij
1208,1,na,na
1208,2,"k'ut,”",k'ut
1208,3,Xecha',xecha'
1208,4,k'u,k'u
1208,5,ri,ri
1208,6,k'ajolab',k'ajolab'
1208,7,chire,chire
1208,8,ch'o.,ch'o
1209,0,“La,la
1209,1,kinitzoqopij,kinitzoqopij
1209,2,ta,ta
1209,3,na,na
1209,4,b'a,b'a
1209,5,la'?,la'
1210,0,K'o,k'o
1210,1,nu,nu
1210,2,tzij,tzij
1210,3,chi,chi
1210,4,nu,nu
1210,5,"pam,",pam
1210,6,K'ate,k'ate
1210,7,k'ut,k'ut
1210,8,chinb'ij,chinb'ij
1210,9,"chiwe,",chiwe
1210,10,Chiya',chiya'
1210,11,ta,ta
1210,12,na,na
1210,13,sqi'n,sqi'n
1210,14,"wecha',”",wecha'
1210,15,xcha',xcha'
1210,16,ri,ri
1210,17,ch'o.,ch'o
1211,0,“K'ate,k'ate
1211,1,chiqaya'o,chiqaya'o
1211,2,awecha'.,awecha'
1212,0,Chab'ij,chab'ij
1212,1,"na,”",na
1212,2,xuchaxik.,xuchaxik
1213,0,“Utz,utz
1213,1,b'a,b'a
1213,2,la'.,la'
1214,0,Are',are'
1214,1,b'a,b'a
1214,2,ri,ri
1214,3,rech,rech
1214,4,i,i
1214,5,"qajaw,",qajaw
1214,6,Ri,ri
1214,7,Jun,jun
1214,8,"Junajpu,",junajpu
1214,9,Wuqub',wuqub'
1214,10,Junajpu,junajpu
1214,11,u,u
1214,12,"b'i',",b'i'
1214,13,Ri,ri
1214,14,xekam,xekam
1214,15,chi,chi
1214,16,Xib'alb'a.,xib'alb'a
1215,0,K'o,k'o
1215,1,k'u,k'u
1215,2,kanoq,kanoq
1215,3,Ri,ri
1215,4,ketz'ab'al.,ketz'ab'al
1216,0,"Xekel,",xekel
1216,1,Kanoq,kanoq
1216,2,chuwi',chuwi'
1216,3,ja:,ja
1216,4,Ri,ri
1216,5,ki,ki
1216,6,"b'ate,",b'ate
1216,7,Ki,ki
1216,8,pach',pach'
1216,9,"q'ab',",q'ab'
1216,10,Ki,ki
1216,11,kik',kik'
1216,12,puch.,puch
1217,0,Xa,xa
1217,1,mawi,mawi
1217,2,kak'ut,kak'ut
1217,3,chiwach,chiwach
1217,4,Rumal,rumal
1217,5,"iwati't,",iwati't
1217,6,Rumal,rumal
1217,7,ri',ri'
1217,8,are',are'
1217,9,xkam,xkam
1217,10,wi,wi
1217,11,i,i
1217,12,qajaw.”,qajaw
1217,13,“Ma,ma
1217,14,qitzij,qitzij
1217,15,aweta'm?”,aweta'm
1217,16,Xecha',xecha'
1217,17,k'u,k'u
1217,18,ri,ri
1217,19,k'ajolab',k'ajolab'
1217,20,chire,chire
1217,21,ch'o.,ch'o
1218,0,Nim,nim
1218,1,xki'kot,xki'kot
1218,2,ki,ki
1218,3,k'u'x,k'u'x
1218,4,ta,ta
1218,5,xkita'o,xkita'o
1218,6,u,u
1218,7,tzijel,tzijel
1218,8,"kik',",kik'
1218,9,Ta,ta
1218,10,xub'ij,xub'ij
1218,11,ch'o.,ch'o
1219,0,Ta,ta
1219,1,xkiya',xkiya'
1219,2,k'ut,k'ut
1219,3,recha',recha'
1219,4,"ch'o,",ch'o
1219,5,Are',are'
1219,6,k'u,k'u
1219,7,ri,ri
1219,8,recha':,recha'
1219,9,Ri,ri
1219,10,"ixim,",ixim
1219,11,"Sakil,",sakil
1219,12,"Ik,",ik
1219,13,"Kinaq',",kinaq'
1219,14,"Peq,",peq
1219,15,Kakaw.,kakaw
1220,0,“Are',are'
1220,1,k'ut,k'ut
1220,2,Awech,awech
1220,3,ri'.,ri'
1221,0,We,we
1221,1,naqi,naqi
1221,2,la',la'
1221,3,k'u'n,k'u'n
1221,4,chi,chi
1221,5,"mes,",mes
1221,6,"K'utajinaq,",k'utajinaq
1221,7,Awech,awech
1221,8,"k'ut,",k'ut
1221,9,"Chak'uxu',”",chak'uxu'
1221,10,Xuchax,xuchax
1221,11,k'u,k'u
1221,12,ri,ri
1221,13,ch'o,ch'o
1221,14,kumal,kumal
1221,15,"Junajpu,",junajpu
1221,16,Xb'alanke.,xb'alanke
1222,0,“Utz,utz
1222,1,b'a,b'a
1222,2,"la',",la'
1222,3,Ix,ix
1222,4,k'ajolab'.,k'ajolab'
1223,0,Naqi,naqi
1223,1,la',la'
1223,2,k'u,k'u
1223,3,kinwucha'j,kinwucha'j
1223,4,We,we
1223,5,kiril,kiril
1223,6,ri,ri
1223,7,iwati't?”,iwati't
1223,8,xcha',xcha'
1223,9,k'ut.,k'ut
1224,0,“Mawi,mawi
1224,1,chitzaq,chitzaq
1224,2,a,a
1224,3,"k'u'x,",k'u'x
1224,4,Oj,oj
1224,5,k'olik.,k'olik
1225,0,Kojno'jinik,kojno'jinik
1225,1,K'o,k'o
1225,2,ruchaxik,ruchaxik
1225,3,ri,ri
1225,4,qati't.,qati't
1226,0,Xa,xa
1226,1,ju,ju
1226,2,su,su
1226,3,kaqaya',kaqaya'
1226,4,aq'anoq,aq'anoq
1226,5,xikin,xikin
1226,6,"ja,",ja
1226,7,Ta,ta
1226,8,k'u,k'u
1226,9,joko,joko
1226,10,"apanoq,",apanoq
1226,11,Ju,ju
1226,12,su,su
1226,13,katopon,katopon
1226,14,chiri',chiri'
1226,15,Xekel,xekel
1226,16,wi.,wi
1227,0,Chiri',chiri'
1227,1,k'ut,k'ut
1227,2,kaqil,kaqil
1227,3,wi,wi
1227,4,pu,pu
1227,5,tum,tum
1227,6,"ja,",ja
1227,7,Ta,ta
1227,8,xkipixab'aj,xkipixab'aj
1227,9,jun,jun
1227,10,"aq'ab',",aq'ab'
1227,11,Xk'am,xk'am
1227,12,ki,ki
1227,13,"na'oj,",na'oj
1227,14,Ri,ri
1227,15,"Junajpu,",junajpu
1227,16,Xb'alanke.,xb'alanke
1228,0,Qi,qi
1228,1,k'u,k'u
1228,2,tik'il,tik'il
1228,3,"q'ij,",q'ij
1228,4,Xe'oponik.,xe'oponik
1229,0,MA,ma
1229,1,k'u,k'u
1229,2,q'alaj,q'alaj
1229,3,ri,ri
1229,4,ch'o,ch'o
1229,5,Kuk'a'am,kuk'a'am
1229,6,ta,ta
1229,7,xe'oponik.,xe'oponik
1230,0,Jun,jun
1230,1,ri',ri'
1230,2,yakalik,yakalik
1230,3,xok,xok
1230,4,pa,pa
1230,5,"ja,",ja
1230,6,Jun,jun
1230,7,k'u,k'u
1230,8,xok,xok
1230,9,xikin,xikin
1230,10,ja.,ja
1231,0,Lib'aj,lib'aj
1231,1,chi,chi
1231,2,xuya',xuya'
1231,3,aq'anoq,aq'anoq
1231,4,Ri,ri
1231,5,ch'o.,ch'o
1232,0,Ta,ta
1232,1,xkitz'onoj,xkitz'onoj
1232,2,k'ut,k'ut
1232,3,ki,ki
1232,4,wa,wa
1232,5,Chire,chire
1232,6,kati't.,kati't
1233,0,“Xa,xa
1233,1,chiq'utu',chiq'utu'
1233,2,qa,qa
1233,3,ti'.,ti'
1234,0,Kaqarayij,kaqarayij
1234,1,ri,ri
1234,2,q'utum,q'utum
1234,3,"ik,",ik
1234,4,Ix,ix
1234,5,"qati't,”",qati't
1234,6,Xecha',xecha'
1234,7,k'ut.,k'ut
1235,0,K'ate,k'ate
1235,1,k'ut,k'ut
1235,2,xq'ut,xq'ut
1235,3,ki,ki
1235,4,ti'.,ti'
1236,0,Jun,jun
1236,1,laq,laq
1236,2,u,u
1236,3,wa'l,wa'l
1236,4,xtikib'ax,xtikib'ax
1236,5,chikiwach.,chikiwach
1237,0,Xa,xa
1237,1,wi,wi
1237,2,ki,ki
1237,3,mich'b'al,mich'b'al
1237,4,re,re
1237,5,"kati't,",kati't
1237,6,Ki,ki
1237,7,chuch,chuch
1237,8,puch.,puch
1238,0,Xkitzajisaj,xkitzajisaj
1238,1,k'u,k'u
1238,2,ja',ja'
1238,3,pa,pa
1238,4,q'eb'al.,q'eb'al
1239,0,“Qitzij,qitzij
1239,1,chaqi'j,chaqi'j
1239,2,qa,qa
1239,3,chi'.,chi'
1240,0,Chik'ama',chik'ama'
1240,1,"quk'ia',”",quk'ia'
1240,2,xecha',xecha'
1240,3,chire,chire
1240,4,kati't.,kati't
1241,0,"“We',”",we'
1241,1,xcha',xcha'
1241,2,k'ut.,k'ut
1242,0,Ta,ta
1242,1,xb'ek.,xb'ek
1243,0,Are',are'
1243,1,k'ut,k'ut
1243,2,kewa,kewa
1243,3,kanoq.,kanoq
1244,0,Ma,ma
1244,1,k'u,k'u
1244,2,qitzij,qitzij
1244,3,ta,ta
1244,4,kenumik.,kenumik
1245,0,Xa,xa
1245,1,ki,ki
1245,2,moywachib'al,moywachib'al
1245,3,xkib'ano,xkib'ano
1245,4,Ta,ta
1245,5,xkil,xkil
1245,6,k'ut,k'ut
1245,7,ri,ri
1245,8,ch'o,ch'o
1245,9,chupan,chupan
1245,10,q'utum,q'utum
1245,11,ik.,ik
1246,0,K'olon,k'olon
1246,1,uloq,uloq
1246,2,ri,ri
1246,3,ch'o,ch'o
1246,4,chirij,chirij
1246,5,kik',kik'
1246,6,Xekel,xekel
1246,7,wi,wi
1246,8,puwi',puwi'
1246,9,"ja,",ja
1246,10,Ta,ta
1246,11,xkilo,xkilo
1246,12,pa,pa
1246,13,q'utum,q'utum
1246,14,ik.,ik
1247,0,Ta,ta
1247,1,xkitaq,xkitaq
1247,2,k'ut,k'ut
1247,3,jun,jun
1247,4,xa'n.,xa'n
1248,0,Ri,ri
1248,1,chikop,chikop
1248,2,ri,ri
1248,3,xa'n,xa'n
1248,4,keje',keje'
1248,5,ri,ri
1248,6,us.,us
1249,0,Xopon,xopon
1249,1,chi,chi
1249,2,"ya',",ya'
1249,3,Are',are'
1249,4,k'u,k'u
1249,5,xworo,xworo
1249,6,u,u
1249,7,wach,wach
1249,8,q'eb'al,q'eb'al
1249,9,ati't.,ati't
1250,0,Xa,xa
1250,1,yakal,yakal
1250,2,ja',ja'
1250,3,chel,chel
1250,4,chuwach,chuwach
1250,5,u,u
1250,6,q'eb'al.,q'eb'al
1251,0,Chutijo,chutijo
1251,1,xma,xma
1251,2,chitz'apitaj,chitz'apitaj
1251,3,wi,wi
1251,4,u,u
1251,5,wach,wach
1251,6,q'eb'al.,q'eb'al
1252,0,“Naqi,naqi
1252,1,pa,pa
1252,2,mi,mi
1252,3,xub'an,xub'an
1252,4,Ri,ri
1252,5,qati't?,qati't
1253,0,Oj,oj
1253,1,jisab'aj,jisab'aj
1253,2,chi,chi
1253,3,ya'!,ya'
1254,0,Kojutzin,kojutzin
1254,1,rumal,rumal
1254,2,chaqi'j,chaqi'j
1254,3,chi'!”,chi'
1254,4,Xecha',xecha'
1254,5,chik,chik
1254,6,chire,chire
1254,7,ki,ki
1254,8,chuch.,chuch
1255,0,Ta,ta
1255,1,xkitaq,xkitaq
1255,2,ub'ik.,ub'ik
1256,0,K'ate,k'ate
1256,1,k'ut,k'ut
1256,2,xuk'aqat,xuk'aqat
1256,3,ula,ula
1256,4,ch'o,ch'o
1256,5,Ri,ri
1256,6,kik'.,kik'
1257,0,Xqaj,xqaj
1257,1,ula,ula
1257,2,pu,pu
1257,3,tum,tum
1257,4,"ja,",ja
1257,5,Ruk',ruk'
1257,6,"b'ate,",b'ate
1257,7,Pach',pach'
1257,8,"q'ab',",q'ab'
1257,9,Tz'um.,tz'um
1258,0,Xkimajix,xkimajix
1258,1,taj,taj
1258,2,k'ut.,k'ut
1259,0,K'ate,k'ate
1259,1,xb'e,xb'e
1259,2,kewaj,kewaj
1259,3,pa,pa
1259,4,"b'e,",b'e
1259,5,U,u
1259,6,b'e'el,b'e'el
1259,7,jom.,jom
1260,0,K'ate,k'ate
1260,1,k'ut,k'ut
1260,2,xeb'e,xeb'e
1260,3,chik,chik
1260,4,Ruk',ruk'
1260,5,kati't,kati't
1260,6,chi,chi
1260,7,ya'.,ya'
1261,0,Katajin,katajin
1261,1,k'u,k'u
1261,2,Ri,ri
1261,3,"kati't,",kati't
1261,4,Ki,ki
1261,5,chuch,chuch
1261,6,Tz'api,tz'api
1261,7,u,u
1261,8,wach,wach
1261,9,q'eb'al,q'eb'al
1261,10,jujun.,jujun
1262,0,K'ate,k'ate
1262,1,k'ut,k'ut
1262,2,ta,ta
1262,3,"xe'oponik,",xe'oponik
1262,4,Jujun,jujun
1262,5,chi,chi
1262,6,k'u,k'u
1262,7,chi,chi
1262,8,wub',wub'
1262,9,ta,ta
1262,10,xe'oponik,xe'oponik
1262,11,chi,chi
1262,12,a'.,a'
1263,0,“Naqi,naqi
1263,1,pa,pa
1263,2,mi,mi
1263,3,xib'ano?,xib'ano
1264,0,Xa,xa
1264,1,mi,mi
1264,2,xkos,xkos
1264,3,qa,qa
1264,4,"k'u'x,",k'u'x
1264,5,"Xojpetik,”",xojpetik
1264,6,xecha'.,xecha'
1265,0,“Chiwila',chiwila'
1265,1,na,na
1265,2,u,u
1265,3,wach,wach
1265,4,nu,nu
1265,5,q'eb'al.,q'eb'al
1266,0,Mawi,mawi
1266,1,"katz'apitajik,”",katz'apitajik
1266,2,xcha',xcha'
1266,3,kati't.,kati't
1267,0,Lib'aj,lib'aj
1267,1,chi,chi
1267,2,k'ut,k'ut
1267,3,xkitz'apij,xkitz'apij
1267,4,chik.,chik
1268,0,Junam,junam
1268,1,k'ut,k'ut
1268,2,xepe,xepe
1268,3,"chik,",chik
1268,4,E,e
1268,5,nab'e,nab'e
1268,6,chuwach,chuwach
1268,7,kati't.,kati't
1269,0,Keje',keje'
1269,1,k'ut,k'ut
1269,2,u,u
1269,3,kana'ik,kana'ik
1269,4,kik',kik'
1269,5,ri'.,ri'
1270,0,KEKI'KOT,keki'kot
1270,1,chi,chi
1270,2,"k'ut,",k'ut
1270,3,Xeb'ek,xeb'ek
1270,4,e,e
1270,5,cha'jel,cha'jel
1270,6,pa,pa
1270,7,jom.,jom
1271,0,Najt,najt
1271,1,k'u,k'u
1271,2,xecha'jik,xecha'jik
1271,3,ki,ki
1271,4,tukel.,tukel
1272,0,Xkimes,xkimes
1272,1,ri,ri
1272,2,jom,jom
1272,3,ki,ki
1272,4,qajaw.,qajaw
1273,0,Ta,ta
1273,1,xkita,xkita
1273,2,k'u,k'u
1273,3,uloq,uloq
1273,4,rajawal,rajawal
1273,5,Xib'alb'a.,xib'alb'a
1274,0,“Apachina,apachina
1274,1,chiri',chiri'
1274,2,mi,mi
1274,3,xutikib'a',xutikib'a'
1274,4,chik,chik
1274,5,etz'anem,etz'anem
1274,6,pa,pa
1274,7,qa,qa
1274,8,wi'.,wi'
1275,0,Ma,ma
1275,1,pu,pu
1275,2,kek'ix,kek'ix
1275,3,"b'ik,",b'ik
1275,4,Keniknot,keniknot
1275,5,uloq?,uloq
1276,0,Ma,ma
1276,1,pu,pu
1276,2,xekam,xekam
1276,3,ri,ri
1276,4,Jun,jun
1276,5,"Junajpu,",junajpu
1276,6,Wuqub',wuqub'
1276,7,Junajpu?,junajpu
1277,0,Xraj,xraj
1277,1,ki,ki
1277,2,nimarisaj,nimarisaj
1277,3,kib',kib'
1277,4,chi,chi
1277,5,qa,qa
1277,6,wach.,wach
1278,0,Je',je'
1278,1,k'u,k'u
1278,2,i,i
1278,3,taqa,taqa
1278,4,"chik,”",chik
1278,5,xecha',xecha'
1278,6,"chik,",chik
1278,7,Ri,ri
1278,8,Jun,jun
1278,9,"Kame,",kame
1278,10,Wuqub',wuqub'
1278,11,"Kame,",kame
1278,12,Konojel,konojel
1278,13,ajawab'.,ajawab'
1279,0,“Xetaqa',xetaqa'
1279,1,"uloq,”",uloq
1279,2,Xecha',xecha'
1279,3,k'ut,k'ut
1279,4,Chire,chire
1279,5,ki,ki
1279,6,samajel.,samajel
1280,0,"“Kixcha',",kixcha'
1280,1,"‘kixoponik,",kixoponik
1280,2,"Kepetoq,",kepetoq
1280,3,kecha',kecha'
1280,4,ajawab'.,ajawab'
1281,0,Waral,waral
1281,1,taj,taj
1281,2,kojcha'j,kojcha'j
1281,3,wi,wi
1281,4,kuk'.,kuk'
1282,0,Wuqub'ix,wuqub'ix
1282,1,"kojetz'anik,",kojetz'anik
1282,2,kecha',kecha'
1282,3,ajawab'.’,ajawab'
1282,4,Kixcha',kixcha'
1282,5,"kixoponik,”",kixoponik
1282,6,Xe'uchax,xe'uchax
1282,7,k'ut,k'ut
1282,8,Ri,ri
1282,9,samajel.,samajel
1283,0,Ta,ta
1283,1,xepe,xepe
1283,2,k'ut.,k'ut
1284,0,Nima,nima
1284,1,jok,jok
1284,2,k'u,k'u
1284,3,Ki,ki
1284,4,b'e,b'e
1284,5,ri,ri
1284,6,k'ajolab',k'ajolab'
1284,7,Chi,chi
1284,8,"kochoch,",kochoch
1284,9,K'a,k'a
1284,10,toq'ol,toq'ol
1284,11,chi,chi
1284,12,kochoch.,kochoch
1285,0,Xa,xa
1285,1,k'u,k'u
1285,2,yakal,yakal
1285,3,ri,ri
1285,4,"samajel,",samajel
1285,5,Xopon,xopon
1285,6,ruk',ruk'
1285,7,kati't.,kati't
1286,0,Are,are
1286,1,k'ut,k'ut
1286,2,"kecha'jik,",kecha'jik
1286,3,Ta,ta
1286,4,xul,xul
1286,5,kanoq,kanoq
1286,6,u,u
1286,7,samajel,samajel
1286,8,Xib'alb'a.,xib'alb'a
1287,0,“‘Qitzij,qitzij
1287,1,"kepetik,’",kepetik
1287,2,kecha',kecha'
1287,3,ri,ri
1287,4,"ajawab',”",ajawab'
1287,5,Xecha',xecha'
1287,6,k'ut,k'ut
1287,7,ri,ri
1287,8,u,u
1287,9,samajel,samajel
1287,10,Xib'alb'a.,xib'alb'a
1288,0,Ta,ta
1288,1,xchoye',xchoye'
1288,2,k'u,k'u
1288,3,kanoq,kanoq
1288,4,ki,ki
1288,5,q'ij,q'ij
1288,6,Kumal,kumal
1288,7,ri,ri
1288,8,u,u
1288,9,samajel,samajel
1288,10,Xib'alb'a.,xib'alb'a
1289,0,“Wuqub'ix,wuqub'ix
1289,1,"ketz'elawachixik,”",ketz'elawachixik
1289,2,Xuchax,xuchax
1289,3,kanoq,kanoq
1289,4,Xmuqane.,xmuqane
1290,0,“Utz,utz
1290,1,b'a,b'a
1290,2,"la',",la'
1290,3,xkeb'e,xkeb'e
1290,4,"taqoq,",taqoq
1290,5,Ix,ix
1290,6,"samajel,”",samajel
1290,7,xcha',xcha'
1290,8,ri,ri
1290,9,ati't.,ati't
1291,0,Xeb'e,xeb'e
1291,1,k'u,k'u
1291,2,ri,ri
1291,3,"samajel,",samajel
1291,4,Xetzalijik.,xetzalijik
1292,0,Ta,ta
1292,1,xk'is,xk'is
1292,2,k'ut,k'ut
1292,3,u,u
1292,4,k'u'x,k'u'x
1292,5,ri,ri
1292,6,ati't.,ati't
1293,0,“Naqi,naqi
1293,1,xchiwuchaj,xchiwuchaj
1293,2,Ki,ki
1293,3,taqik,taqik
1293,4,ri,ri
1293,5,wi'y?,wi'y
1294,0,Mawi,mawi
1294,1,qitzij,qitzij
1294,2,ri,ri
1294,3,Xib'alb'a?,xib'alb'a
1295,0,Xa,xa
1295,1,keje',keje'
1295,2,rulik,rulik
1295,3,samajel,samajel
1295,4,"ojer,",ojer
1295,5,Ta,ta
1295,6,xeb'e,xeb'e
1295,7,kamoq,kamoq
1295,8,ri,ri
1295,9,ki,ki
1295,10,"qajaw,”",qajaw
1295,11,Xcha',xcha'
1295,12,ri,ri
1295,13,ati't.,ati't
1296,0,Q'us,q'us
1296,1,choq',choq'
1296,2,pa,pa
1296,3,ja,ja
1296,4,u,u
1296,5,tukel.,tukel
1297,0,K'ate,k'ate
1297,1,k'ut,k'ut
1297,2,xqaj,xqaj
1297,3,ulo,ulo
1297,4,jun,jun
1297,5,"uk',",uk'
1297,6,Chuk'ayaq.,chuk'ayaq
1298,0,K'ate,k'ate
1298,1,k'u,k'u
1298,2,xuchap,xuchap
1298,3,"aq'anoq,",aq'anoq
1298,4,Ta,ta
1298,5,xuya',xuya'
1298,6,k'ut,k'ut
1298,7,pu,pu
1298,8,q'ab'.,q'ab'
1299,0,Chimalmatib',chimalmatib'
1299,1,k'u,k'u
1299,2,Ri,ri
1299,3,uk',uk'
1299,4,xb'inik.,xb'inik
1300,0,“At,at
1300,1,"wi'y,",wi'y
1300,2,Chawaj,chawaj
1300,3,taj,taj
1300,4,Kanutaqo,kanutaqo
1300,5,Keb'e,keb'e
1300,6,ta,ta
1300,7,a,a
1300,8,taqa',taqa'
1300,9,Ri,ri
1300,10,wi'y,wi'y
1300,11,pa,pa
1300,12,jom?”,jom
1300,13,Xuchax,xuchax
1300,14,ri,ri
1300,15,uk'.,uk'
1301,0,Ta,ta
1301,1,xb'ek,xb'ek
1301,2,taqonel.,taqonel
1302,0,“Mi,mi
1302,1,xul,xul
1302,2,samajel,samajel
1302,3,ruk',ruk'
1302,4,"iwati't,",iwati't
1302,5,Kacha',kacha'
1302,6,katoponik.,katoponik
1303,0,‘Wuqub'ix,wuqub'ix
1303,1,k'ut,k'ut
1303,2,"ke'oponik,’",ke'oponik
1303,3,Kacha',kacha'
1303,4,u,u
1303,5,samajel,samajel
1303,6,"Xib'alb'a,",xib'alb'a
1303,7,kacha',kacha'
1303,8,Iwati't,iwati't
1303,9,"kacha',”",kacha'
1303,10,xuchax,xuchax
1303,11,ri,ri
1303,12,uk'.,uk'
1304,0,Ta,ta
1304,1,"xb'ek,",xb'ek
1304,2,Chimalmat,chimalmat
1304,3,k'ut,k'ut
1304,4,xb'ek.,xb'ek
1305,0,Ku'b'ul,ku'b'ul
1305,1,k'u,k'u
1305,2,ri,ri
1305,3,k'ajol,k'ajol
1305,4,pa,pa
1305,5,"b'e,",b'e
1305,6,Tamasul,tamasul
1305,7,u,u
1305,8,b'i',b'i'
1305,9,ri,ri
1305,10,xpeq.,xpeq
1306,0,“Apa,apa
1306,1,katb'e,katb'e
1306,2,wi?”,wi
1306,3,cha',cha'
1306,4,k'u,k'u
1306,5,ri,ri
1306,6,xpeq,xpeq
1306,7,chire,chire
1306,8,uk'.,uk'
1307,0,“K'o,k'o
1307,1,"b'a,",b'a
1307,2,Nu,nu
1307,3,tzij,tzij
1307,4,chi,chi
1307,5,nu,nu
1307,6,pam.,pam
1308,0,Kinb'e,kinb'e
1308,1,kuk',kuk'
1308,2,"k'ajolab',”",k'ajolab'
1308,3,xcha',xcha'
1308,4,ri,ri
1308,5,uk',uk'
1308,6,chire,chire
1308,7,Tamasul.,tamasul
1309,0,“Utz,utz
1309,1,b'a,b'a
1309,2,la'.,la'
1310,0,Ma,ma
1310,1,b'a,b'a
1310,2,"katana'ik,",katana'ik
1310,3,"Kawilo,”",kawilo
1310,4,xuchax,xuchax
1310,5,k'u,k'u
1310,6,uk',uk'
1310,7,rumal,rumal
1310,8,xpeq.,xpeq
1311,0,“Ma,ma
1311,1,chawaj,chawaj
1311,2,kanub'iq'o?,kanub'iq'o
1312,0,Chawila',chawila'
1312,1,na,na
1312,2,pe,pe
1312,3,kinanik,kinanik
1312,4,wa.,wa
1313,0,Xkojopon,xkojopon
1313,1,chanim.”,chanim
1313,2,“Utz,utz
1313,3,b'a,b'a
1313,4,"la',”",la'
1313,5,xcha',xcha'
1313,6,ri,ri
1313,7,uk',uk'
1313,8,chirech,chirech
1313,9,xpeq.,xpeq
1314,0,K'ate,k'ate
1314,1,k'ut,k'ut
1314,2,ta,ta
1314,3,xriq'taxik,xriq'taxik
1314,4,rumal,rumal
1314,5,xpeq.,xpeq
1315,0,Chib'eqnaj,chib'eqnaj
1315,1,k'u,k'u
1315,2,ri,ri
1315,3,xpeq.,xpeq
1316,0,Ta,ta
1316,1,xb'ek,xb'ek
1316,2,"chi,",chi
1316,3,Mawi,mawi
1316,4,ka'anik.,ka'anik
1317,0,K'ate,k'ate
1317,1,k'ut,k'ut
1317,2,ta,ta
1317,3,xuk'ul,xuk'ul
1317,4,chi,chi
1317,5,k'ut,k'ut
1317,6,jun,jun
1317,7,nima,nima
1317,8,"kumatz,",kumatz
1317,9,Saqi,saqi
1317,10,K'as,k'as
1317,11,u,u
1317,12,b'i'.,b'i'
1318,0,“Apa,apa
1318,1,katb'e,katb'e
1318,2,"wi,",wi
1318,3,At,at
1318,4,Tamasul,tamasul
1318,5,k'ajol?”,k'ajol
1318,6,Xuchax,xuchax
1318,7,chik,chik
1318,8,ri,ri
1318,9,xpeq,xpeq
1318,10,Rumal,rumal
1318,11,Saqi,saqi
1318,12,K'as.,k'as
1319,0,“In,in
1319,1,"samajel,",samajel
1319,2,K'o,k'o
1319,3,nu,nu
1319,4,tzij,tzij
1319,5,chi,chi
1319,6,nu,nu
1319,7,"pam,”",pam
1319,8,Xcha',xcha'
1319,9,chi,chi
1319,10,k'ut,k'ut
1319,11,xpeq,xpeq
1319,12,Chire,chire
1319,13,kumatz.,kumatz
1320,0,“Ma,ma
1320,1,b'a,b'a
1320,2,katanik,katanik
1320,3,kawilo.,kawilo
1321,0,In,in
1321,1,ta,ta
1321,2,on,on
1321,3,xkinopon,xkinopon
1321,4,"chanim,”",chanim
1321,5,Xcha',xcha'
1321,6,k'u,k'u
1321,7,kumatz,kumatz
1321,8,Chire,chire
1321,9,xpeq.,xpeq
1322,0,"“Katojo',”",katojo'
1322,1,Xuchaxik.,xuchaxik
1323,0,K'ate,k'ate
1323,1,k'u,k'u
1323,2,xb'iq',xb'iq'
1323,3,chik,chik
1323,4,Ri,ri
1323,5,xpeq,xpeq
1323,6,rumal,rumal
1323,7,Saqi,saqi
1323,8,K'as.,k'as
1324,0,Ta,ta
1324,1,xuk'am,xuk'am
1324,2,ri,ri
1324,3,recha',recha'
1324,4,"kumatz,",kumatz
1324,5,Keb'iq'ow,keb'iq'ow
1324,6,xpeq,xpeq
1324,7,wakamik.,wakamik
1325,0,Chan,chan
1325,1,k'u,k'u
1325,2,ri,ri
1325,3,"kumatz,",kumatz
1325,4,Ta,ta
1325,5,xb'ek.,xb'ek
1326,0,Xk'ulutaj,xk'ulutaj
1326,1,chi,chi
1326,2,wi,wi
1326,3,k'ut,k'ut
1326,4,ri,ri
1326,5,kumatz,kumatz
1326,6,rumal,rumal
1326,7,"wak,",wak
1326,8,Nima,nima
1326,9,tz'ikin.,tz'ikin
1327,0,Xb'iq',xb'iq'
1327,1,chi,chi
1327,2,wi,wi
1327,3,ri,ri
1327,4,kumatz,kumatz
1327,5,Rumal,rumal
1327,6,wak.,wak
1328,0,K'ate,k'ate
1328,1,pu,pu
1328,2,xopon,xopon
1328,3,ri',ri'
1328,4,Chuwi',chuwi'
1328,5,jom.,jom
1329,0,Ta,ta
1329,1,xuk'am,xuk'am
1329,2,recha',recha'
1329,3,ri,ri
1329,4,"xik',",xik'
1329,5,Keti'ow,keti'ow
1329,6,kumatz,kumatz
1329,7,pa,pa
1329,8,taq,taq
1329,9,juyub'.,juyub'
1330,0,Ta,ta
1330,1,xopon,xopon
1330,2,puch,puch
1330,3,ri,ri
1330,4,"wak,",wak
1330,5,Xchakachob',xchakachob'
1330,6,chuwi',chuwi'
1330,7,u,u
1330,8,tzutz'il,tzutz'il
1330,9,jom.,jom
1331,0,Keki'kot,keki'kot
1331,1,k'u,k'u
1331,2,Ri,ri
1331,3,"Junajpu,",junajpu
1331,4,Xb'alanke.,xb'alanke
1332,0,Kecha'jik.,kecha'jik
1333,0,Ta,ta
1333,1,xopon,xopon
1333,2,k'ut,k'ut
1333,3,ri,ri
1333,4,wak.,wak
1334,0,Ta,ta
1334,1,xoq',xoq'
1334,2,k'u,k'u
1334,3,ri,ri
1334,4,wak:,wak
1334,5,“Wako!,wako
1335,0,Wako!”,wako
1335,1,Xcha',xcha'
1335,2,roq'ib'al,roq'ib'al
1335,3,wak,wak
1335,4,ko.,ko
1336,0,“Naqi,naqi
1336,1,pa,pa
1336,2,ri',ri'
1336,3,choq'ik?,choq'ik
1337,0,Peta',peta'
1337,1,qa,qa
1337,2,wub'!”,wub'
1337,3,xecha'.,xecha'
1338,0,K'ATE,k'ate
1338,1,puch,puch
1338,2,xkiwub'aj,xkiwub'aj
1338,3,ri,ri
1338,4,"wak,",wak
1338,5,Kek'u',kek'u'
1338,6,taqal,taqal
1338,7,u,u
1338,8,b'aq',b'aq'
1338,9,wub',wub'
1338,10,chu,chu
1338,11,b'aq',b'aq'
1338,12,u,u
1338,13,wach.,wach
1339,0,Chiselet,chiselet
1339,1,"k'ut,",k'ut
1339,2,Xqaj,xqaj
1339,3,uloq.,uloq
1340,0,Qitzij,qitzij
1340,1,wi,wi
1340,2,k'ut,k'ut
1340,3,xb'e,xb'e
1340,4,ki,ki
1340,5,chapa'.,chapa'
1341,0,K'ate,k'ate
1341,1,xkitz'onoj:,xkitz'onoj
1341,2,“Ju,ju
1341,3,pa,pa
1341,4,a,a
1341,5,petik?”,petik
1341,6,Xecha',xecha'
1341,7,chire,chire
1341,8,wak.,wak
1342,0,“K'o,k'o
1342,1,b'a,b'a
1342,2,nu,nu
1342,3,tzij,tzij
1342,4,chi,chi
1342,5,nu,nu
1342,6,pam.,pam
1343,0,Chikunaj,chikunaj
1343,1,ta,ta
1343,2,na,na
1343,3,u,u
1343,4,b'aq',b'aq'
1343,5,nu,nu
1343,6,wach,wach
1343,7,"nab'e,",nab'e
1343,8,K'ate,k'ate
1343,9,k'ut,k'ut
1343,10,"xchinb'ij,”",xchinb'ij
1343,11,Xcha',xcha'
1343,12,ri,ri
1343,13,wak.,wak
1344,0,“Utz,utz
1344,1,b'a,b'a
1344,2,"la',”",la'
1344,3,Xecha',xecha'
1344,4,k'ut.,k'ut
1345,0,K'ate,k'ate
1345,1,xkelesaj,xkelesaj
1345,2,sqaqi'n,sqaqi'n
1345,3,Rij,rij
1345,4,kik',kik'
1345,5,ri,ri
1345,6,cha'j.,cha'j
1346,0,Xkikoj,xkikoj
1346,1,chi,chi
1346,2,u,u
1346,3,wach,wach
1346,4,ri,ri
1346,5,"wak,",wak
1346,6,Lotz,lotz
1346,7,Kik',kik'
1346,8,xub'i'naj,xub'i'naj
1346,9,kumal.,kumal
1347,0,Lib'aj,lib'aj
1347,1,chi,chi
1347,2,k'ut,k'ut
1347,3,xkach'oj,xkach'oj
1347,4,"kumal,",kumal
1347,5,Utz,utz
1347,6,chik,chik
1347,7,u,u
1347,8,muqub'al,muqub'al
1347,9,ri,ri
1347,10,wak,wak
1347,11,xuxik.,xuxik
1348,0,“Chab'ij,chab'ij
1348,1,"k'ut,”",k'ut
1348,2,Xecha',xecha'
1348,3,chire,chire
1348,4,wak.,wak
1349,0,K'ate,k'ate
1349,1,k'ut,k'ut
1349,2,xuxawaj,xuxawaj
1349,3,nima,nima
1349,4,kumatz.,kumatz
1350,0,"“Kach'awoq,”",kach'awoq
1350,1,xecha',xecha'
1350,2,chik,chik
1350,3,chire,chire
1350,4,kumatz.,kumatz
1351,0,"“We',”",we'
1351,1,xcha',xcha'
1351,2,chi,chi
1351,3,k'ut.,k'ut
1352,0,Ta,ta
1352,1,xuxawaj,xuxawaj
1352,2,chi,chi
1352,3,xpeq.,xpeq
1353,0,“Naqi,naqi
1353,1,pa,pa
1353,2,a,a
1353,3,taqikil?,taqikil
1354,0,"Kattzijonoq,”",kattzijonoq
1354,1,Xuchax,xuchax
1354,2,chi,chi
1354,3,k'u,k'u
1354,4,ri,ri
1354,5,xpeq.,xpeq
1355,0,K'ate,k'ate
1355,1,k'ut,k'ut
1355,2,xutij,xutij
1355,3,xab'ik.,xab'ik
1356,0,Maja,maja
1356,1,b'i,b'i
1356,2,xuxawaj.,xuxawaj
1357,0,Xa,xa
1357,1,keje',keje'
1357,2,chuk'axaj,chuk'axaj
1357,3,u,u
1357,4,chi'.,chi'
1358,0,"Chutijo,",chutijo
1358,1,Xma,xma
1358,2,k'o,k'o
1358,3,wi,wi
1358,4,chuxawaj.,chuxawaj
1359,0,K'ate,k'ate
1359,1,k'ut,k'ut
1359,2,xraj,xraj
1359,3,ch'ayik,ch'ayik
1359,4,kumal,kumal
1359,5,"k'ajolab',",k'ajolab'
1359,6,“At,at
1359,7,"k'axtok',”",k'axtok'
1359,8,xuchaxik.,xuchaxik
1360,0,Ta,ta
1360,1,xyik',xyik'
1360,2,u,u
1360,3,wa,wa
1360,4,rachaq,rachaq
1360,5,chi,chi
1360,6,aqan.,aqan
1361,0,Xk'aj,xk'aj
1361,1,k'u,k'u
1361,2,b'aqil,b'aqil
1361,3,u,u
1361,4,wa,wa
1361,5,rachaq,rachaq
1361,6,chi,chi
1361,7,aqan.,aqan
1362,0,Xutij,xutij
1362,1,chi,chi
1362,2,"k'ut,",k'ut
1362,3,Xa,xa
1362,4,keje',keje'
1362,5,chuchub',chuchub'
1362,6,u,u
1362,7,chi'.,chi'
1363,0,K'ate,k'ate
1363,1,puch,puch
1363,2,xkirech',xkirech'
1363,3,u,u
1363,4,chi',chi'
1363,5,ri,ri
1363,6,"xpeq,",xpeq
1363,7,Xrech',xrech'
1363,8,kumal,kumal
1363,9,k'ajolab'.,k'ajolab'
1364,0,Xkitzukuj,xkitzukuj
1364,1,pu,pu
1364,2,"chi',",chi'
1364,3,Xa,xa
1364,4,k'u,k'u
1364,5,nak'al,nak'al
1364,6,ri,ri
1364,7,uk',uk'
1364,8,Chuwa,chuwa
1364,9,re',re'
1364,10,xpeq.,xpeq
1365,0,Xa,xa
1365,1,pu,pu
1365,2,chi',chi'
1365,3,k'o,k'o
1365,4,wi.,wi
1366,0,Ma,ma
1366,1,na,na
1366,2,"xub'iq'o,",xub'iq'o
1366,3,Xa,xa
1366,4,keje',keje'
1366,5,xab'iq'.,xab'iq'
1367,0,Keje',keje'
1367,1,k'ut,k'ut
1367,2,xch'akataj,xch'akataj
1367,3,wi,wi
1367,4,ri,ri
1367,5,"xpeq,",xpeq
1367,6,Mawi,mawi
1367,7,q'alaj,q'alaj
1367,8,u,u
1367,9,wach,wach
1367,10,recha',recha'
1367,11,xkiya'o.,xkiya'o
1368,0,Ruk',ruk'
1368,1,mawi,mawi
1368,2,"chanik,",chanik
1368,3,Xa,xa
1368,4,u,u
1368,5,ch'ak,ch'ak
1368,6,kumatz,kumatz
1368,7,xuxik.,xuxik
1369,0,“Katzijonoq!”,katzijonoq
1369,1,Xuchax,xuchax
1369,2,chi,chi
1369,3,k'ut,k'ut
1369,4,ri,ri
1369,5,uk'.,uk'
1370,0,Ta,ta
1370,1,xub'ij,xub'ij
1370,2,k'u,k'u
1370,3,u,u
1370,4,tzij.,tzij
1371,0,“Kacha',kacha'
1371,1,ri,ri
1371,2,iwati't,iwati't
1371,3,ix,ix
1371,4,k'ajolab':,k'ajolab'
1371,5,‘Je',je'
1371,6,a,a
1371,7,taqa.,taqa
1372,0,Xul,xul
1372,1,taqol,taqol
1372,2,ke.,ke
1373,0,Kape,kape
1373,1,chi,chi
1373,2,"Xib'alb'a,",xib'alb'a
1373,3,U,u
1373,4,samajel,samajel
1373,5,Jun,jun
1373,6,Kame,kame
1373,7,Wuqub',wuqub'
1373,8,Kame.,kame
1374,0,‘Wuqub'ix,wuqub'ix
1374,1,ke'ulik,ke'ulik
1374,2,"waral,",waral
1374,3,Kojcha'j,kojcha'j
1374,4,wi.,wi
1375,0,Chipe,chipe
1375,1,ri,ri
1375,2,ketz'ab'al:,ketz'ab'al
1375,3,"Kik',",kik'
1375,4,"B'ate,",b'ate
1375,5,Pach',pach'
1375,6,"q'ab',",q'ab'
1375,7,Tz'um.,tz'um
1376,0,Are',are'
1376,1,chik'astaj,chik'astaj
1376,2,u,u
1376,3,wach,wach
1376,4,"waral,’",waral
1376,5,Kecha',kecha'
1376,6,ajawab'.,ajawab'
1377,0,‘Xul,xul
1377,1,ki,ki
1377,2,"tzij,’",tzij
1377,3,Kacha',kacha'
1377,4,ri,ri
1377,5,iwati't.,iwati't
1378,0,‘Ta,ta
1378,1,"xipetik,’",xipetik
1378,2,Qitzij,qitzij
1378,3,kacha',kacha'
1378,4,ri,ri
1378,5,iwati't.,iwati't
1379,0,"Koq'ik,",koq'ik
1379,1,"Kasik'inik,",kasik'inik
1379,2,Iwati't,iwati't
1379,3,Xipetik.”,xipetik
1379,4,“Ma,ma
1379,5,qitzij!”,qitzij
1379,6,xecha',xecha'
1379,7,k'ut,k'ut
1379,8,k'ajolab',k'ajolab'
1379,9,chi,chi
1379,10,ki,ki
1379,11,k'u'x,k'u'x
1379,12,Ta,ta
1379,13,xkita'o.,xkita'o
1380,0,Ju,ju
1380,1,su,su
1380,2,"xepetik,",xepetik
1380,3,Xe'opon,xe'opon
1380,4,k'ut,k'ut
1380,5,ruk',ruk'
1380,6,kati't.,kati't
1381,0,Xa,xa
1381,1,e,e
1381,2,pixab'ay,pixab'ay
1381,3,chire,chire
1381,4,Kati't,kati't
1381,5,Xeb'ek.,xeb'ek
1382,0,“JO',jo'
1382,1,"na,",na
1382,2,Ix,ix
1382,3,"qati't,",qati't
1382,4,Xa,xa
1382,5,oj,oj
1382,6,pixab'ay,pixab'ay
1382,7,iwe.,iwe
1383,0,Wa'e,wa'e
1383,1,k'ute,k'ute
1383,2,retal,retal
1383,3,qa,qa
1383,4,"tzij,",tzij
1383,5,Xchiqakanaj.,xchiqakanaj
1384,0,Jujun,jujun
1384,1,xchiqatik,xchiqatik
1384,2,chire,chire
1384,3,wa',wa'
1384,4,"aj,",aj
1384,5,Chu,chu
1384,6,nik'ajal,nik'ajal
1384,7,qochoch,qochoch
1384,8,xchiqatik,xchiqatik
1384,9,wi.,wi
1385,0,Are',are'
1385,1,retal,retal
1385,2,qa,qa
1385,3,kamik,kamik
1385,4,We,we
1385,5,chichaqijik.,chichaqijik
1386,0,‘Mi,mi
1386,1,pa,pa
1386,2,"xekamik,’",xekamik
1386,3,Kixcha',kixcha'
1386,4,ta,ta
1386,5,chichaqijik.,chichaqijik
1387,0,We,we
1387,1,k'ut,k'ut
1387,2,ta,ta
1387,3,chipe,chipe
1387,4,u,u
1387,5,"tux,",tux
1387,6,‘E,e
1387,7,pa,pa
1387,8,"k'aslik,’",k'aslik
1387,9,kixcha',kixcha'
1387,10,"k'ut,",k'ut
1387,11,Ix,ix
1387,12,"qati't,",qati't
1387,13,Ix,ix
1387,14,pu,pu
1387,15,qa,qa
1387,16,chuch.,chuch
1388,0,"Mixoq'ik,",mixoq'ik
1388,1,k'o,k'o
1388,2,retal,retal
1388,3,qa,qa
1388,4,"tzij,",tzij
1388,5,Kakanajik,kakanajik
1388,6,"iwuk',”",iwuk'
1388,7,xecha'.,xecha'
1389,0,Ta,ta
1389,1,xeb'ek,xeb'ek
1389,2,jun,jun
1389,3,xutik,xutik
1389,4,"Junajpu,",junajpu
1389,5,Jun,jun
1389,6,chi,chi
1389,7,k'u,k'u
1389,8,xtikow,xtikow
1389,9,Xb'alanke.,xb'alanke
1390,0,Xa,xa
1390,1,pa,pa
1390,2,ja,ja
1390,3,xutik,xutik
1390,4,wi.,wi
1391,0,Ma,ma
1391,1,na,na
1391,2,pa,pa
1391,3,juyub',juyub'
1391,4,"taj,",taj
1391,5,Ma,ma
1391,6,nay,nay
1391,7,pu,pu
1391,8,pa,pa
1391,9,rax,rax
1391,10,ulew,ulew
1391,11,taj.,taj
1392,0,Xa,xa
1392,1,pa,pa
1392,2,chaqi'j,chaqi'j
1392,3,"ulew,",ulew
1392,4,Chu,chu
1392,5,nik'ajal,nik'ajal
1392,6,u,u
1392,7,pa,pa
1392,8,"kochoch,",kochoch
1392,9,Xkitik,xkitik
1392,10,wi,wi
1392,11,kanoq.,kanoq
1393,0,Ta,ta
1393,1,xeb'e,xeb'e
1393,2,"k'ut,",k'ut
1393,3,Jujun,jujun
1393,4,chi,chi
1393,5,wub',wub'
1393,6,chike.,chike
1394,0,Xeqaj,xeqaj
1394,1,chi,chi
1394,2,"Xib'alb'a,",xib'alb'a
1394,3,Lib'aj,lib'aj
1394,4,chi,chi
1394,5,xeqaj,xeqaj
1394,6,chuwa,chuwa
1394,7,kumuk.,kumuk
1395,0,Xe'ik'ow,xe'ik'ow
1395,1,chiwi',chiwi'
1395,2,k'ut,k'ut
1395,3,Chupan,chupan
1395,4,jal,jal
1395,5,ja',ja'
1395,6,siwan.,siwan
1396,0,Xa,xa
1396,1,chuxo'l,chuxo'l
1396,2,tz'ikin,tz'ikin
1396,3,Xe'ik'ow,xe'ik'ow
1396,4,wi.,wi
1397,0,Are',are'
1397,1,ri,ri
1397,2,"tz'ikin,",tz'ikin
1397,3,Molay,molay
1397,4,ki,ki
1397,5,b'i'.,b'i'
1398,0,Xe'ik'ow,xe'ik'ow
1398,1,chi,chi
1398,2,k'ut,k'ut
1398,3,pa,pa
1398,4,Puj,puj
1398,5,"Ya',",ya'
1398,6,Pa,pa
1398,7,Kik',kik'
1398,8,"Ya',",ya'
1398,9,Ch'akb'al,ch'akb'al
1398,10,ta,ta
1398,11,ke,ke
1398,12,Chi,chi
1398,13,ki,ki
1398,14,k'u'x,k'u'x
1398,15,Xib'alb'a.,xib'alb'a
1399,0,Mawi,mawi
1399,1,xkiyikow.,xkiyikow
1400,0,Xa,xa
1400,1,chirij,chirij
1400,2,wub',wub'
1400,3,xe'ik'ow,xe'ik'ow
1400,4,wi.,wi
1401,0,Xe'el,xe'el
1401,1,chi,chi
1401,2,k'u,k'u
1401,3,apanoq,apanoq
1401,4,pa,pa
1401,5,kajib',kajib'
1401,6,xalkat,xalkat
1401,7,b'e.,b'e
1402,0,Xa,xa
1402,1,xketa'm,xketa'm
1402,2,wi,wi
1402,3,k'ut,k'ut
1402,4,ki,ki
1402,5,b'e,b'e
1402,6,Xib'alb'a:,xib'alb'a
1402,7,Q'eqa,q'eqa
1402,8,"B'e,",b'e
1402,9,Saqi,saqi
1402,10,"B'e,",b'e
1402,11,Kaqa,kaqa
1402,12,"B'e,",b'e
1402,13,Raxa,raxa
1402,14,B'e.,b'e
1403,0,Chiri',chiri'
1403,1,k'ut,k'ut
1403,2,xkitaq,xkitaq
1403,3,wi,wi
1403,4,jun,jun
1403,5,"chikop,",chikop
1403,6,Xa'n,xa'n
1403,7,u,u
1403,8,b'i'.,b'i'
1404,0,Are',are'
1404,1,k'amol,k'amol
1404,2,ki,ki
1404,3,"ta,",ta
1404,4,Xkitaq,xkitaq
1404,5,ub'ik.,ub'ik
1405,0,“Jujunal,jujunal
1405,1,ke'ati'o.,ke'ati'o
1406,0,Nab'e,nab'e
1406,1,chati',chati'
1406,2,Ri,ri
1406,3,nab'e,nab'e
1406,4,ku'b'ulel.,ku'b'ulel
1407,0,Chatz'akonisaj,chatz'akonisaj
1407,1,ki,ki
1407,2,ti'ik,ti'ik
1407,3,konojel.,konojel
1408,0,Xawech,xawech
1408,1,wi,wi
1408,2,k'ut,k'ut
1408,3,chatz'ub'aj,chatz'ub'aj
1408,4,wi,wi
1408,5,u,u
1408,6,kik'el,kik'el
1408,7,Winaq,winaq
1408,8,pa,pa
1408,9,"b'e,”",b'e
1408,10,xuchaxik,xuchaxik
1408,11,ri,ri
1408,12,xa'n.,xa'n
1409,0,“Utz,utz
1409,1,b'a,b'a
1409,2,"la',”",la'
1409,3,xcha',xcha'
1409,4,k'u,k'u
1409,5,ri,ri
1409,6,xa'n.,xa'n
1410,0,Ta,ta
1410,1,xok,xok
1410,2,pa,pa
1410,3,Q'eqa,q'eqa
1410,4,"B'e,",b'e
1410,5,Tak'al,tak'al
1410,6,k'u,k'u
1410,7,chirij,chirij
1410,8,Ri,ri
1410,9,poy,poy
1410,10,ajam,ajam
1410,11,che'.,che'
1411,0,Nab'e,nab'e
1411,1,ku'lel,ku'lel
1411,2,e,e
1411,3,"kawutalik,",kawutalik
1411,4,Nab'e,nab'e
1411,5,k'ut,k'ut
1411,6,xuti'o.,xuti'o
1412,0,Mawi,mawi
1412,1,xch'awik.,xch'awik
1413,0,Xuti',xuti'
1413,1,chi,chi
1413,2,k'u.,k'u
1414,0,Ta,ta
1414,1,xuti',xuti'
1414,2,chi,chi
1414,3,u,u
1414,4,kab',kab'
1414,5,"ku'lel,",ku'lel
1414,6,Ma,ma
1414,7,chi,chi
1414,8,wi,wi
1414,9,xch'awik.,xch'awik
1415,0,Xuti',xuti'
1415,1,chi,chi
1415,2,k'u,k'u
1415,3,"rox,",rox
1415,4,K'a,k'a
1415,5,chi,chi
1415,6,rox,rox
1415,7,ku'lel,ku'lel
1415,8,k'o,k'o
1415,9,wi,wi
1415,10,Jun,jun
1415,11,Kame.,kame
1416,0,“Aki!”,aki
1416,1,Xcha',xcha'
1416,2,k'ut,k'ut
1416,3,jun,jun
1416,4,ta,ta
1416,5,xti'ik.,xti'ik
1417,0,“Naqi?”,naqi
1417,1,“Aji!”,aji
1417,2,xcha',xcha'
1417,3,Jun,jun
1417,4,Kame.,kame
1418,0,"“Naqi,",naqi
1418,1,Jun,jun
1418,2,Kame?,kame
1419,0,Naqi,naqi
1419,1,la'?”,la'
1419,2,“Mi,mi
1419,3,xiti'owik!”,xiti'owik
1419,4,“Xa...aji!,xaaji
1420,0,Naqi,naqi
1420,1,chila'?,chila'
1421,0,Mi,mi
1421,1,xiti'owik!”,xiti'owik
1421,2,Xcha',xcha'
1421,3,chik,chik
1421,4,u,u
1421,5,kaj,kaj
1421,6,ku'lel.,ku'lel
1422,0,"“Naqi,",naqi
1422,1,Wuqub',wuqub'
1422,2,Kame?,kame
1423,0,Naqi,naqi
1423,1,la'?”,la'
1423,2,“Mi,mi
1423,3,xiti'owik!”,xiti'owik
1423,4,Xcha',xcha'
1423,5,chi,chi
1423,6,ro',ro'
1423,7,ku'lel.,ku'lel
1424,0,“Aji!,aji
1425,0,Aji!”,aji
1425,1,Xcha',xcha'
1425,2,na.,na
1426,0,“Xik'iri,xik'iri
1426,1,"Pat,”",pat
1426,2,Xcha',xcha'
1426,3,Wuqub',wuqub'
1426,4,Kame,kame
1426,5,"chire,",chire
1426,6,“Naqi,naqi
1426,7,la'?”,la'
1426,8,“Mi,mi
1426,9,xiti'owik!”,xiti'owik
1426,10,xcha',xcha'
1426,11,chik.,chik
1427,0,Xti'ik,xti'ik
1427,1,u,u
1427,2,waqaq,waqaq
1427,3,ku'lel.,ku'lel
1428,0,“Aji!”,aji
1428,1,"“Naqi,",naqi
1428,2,Kuchuma,kuchuma
1428,3,Kik'?”,kik'
1428,4,Xcha',xcha'
1428,5,Xik'iri,xik'iri
1428,6,Pat,pat
1428,7,"chire,",chire
1428,8,“Naqi,naqi
1428,9,la'?”,la'
1428,10,“Mi,mi
1428,11,xiti'owik!”,xiti'owik
1428,12,xcha',xcha'
1428,13,chik.,chik
1429,0,Ta,ta
1429,1,xti',xti'
1429,2,u,u
1429,3,wuq,wuq
1429,4,ku'lel.,ku'lel
1430,0,“Aji!”,aji
1430,1,xcha',xcha'
1430,2,chik.,chik
1431,0,"“Naqi,",naqi
1431,1,Ajal,ajal
1431,2,Puj?”,puj
1431,3,Xcha',xcha'
1431,4,Kuchuma,kuchuma
1431,5,Kik',kik'
1431,6,"chire,",chire
1431,7,“Naqi,naqi
1431,8,la'?”,la'
1431,9,“Mi,mi
1431,10,xiti'owik!”,xiti'owik
1431,11,xcha',xcha'
1431,12,chik.,chik
1432,0,Ta,ta
1432,1,xti',xti'
1432,2,u,u
1432,3,wajxaq,wajxaq
1432,4,ku'lel.,ku'lel
1433,0,“Aji!”,aji
1433,1,xcha',xcha'
1433,2,chik.,chik
1434,0,"“Naqi,",naqi
1434,1,Ajal,ajal
1434,2,Q'ana?”,q'ana
1434,3,Xcha',xcha'
1434,4,chi,chi
1434,5,Ajal,ajal
1434,6,Puj,puj
1434,7,"chire,",chire
1434,8,“Naqi,naqi
1434,9,la'?”,la'
1434,10,“Mi,mi
1434,11,xiti'owik!”,xiti'owik
1434,12,cha',cha'
1434,13,chik.,chik
1435,0,Ta,ta
1435,1,xti',xti'
1435,2,chik,chik
1435,3,u,u
1435,4,b'elej,b'elej
1435,5,ku'lel.,ku'lel
1436,0,“Aji!”,aji
1436,1,xcha'.,xcha'
1437,0,"“Naqi,",naqi
1437,1,Ch'ami'ya,ch'ami'ya
1437,2,B'aq?”,b'aq
1437,3,Xcha',xcha'
1437,4,Ajal,ajal
1437,5,Q'ana,q'ana
1437,6,"chire,",chire
1437,7,“Naqi,naqi
1437,8,la'?”,la'
1437,9,“Mi,mi
1437,10,xiti'owik!”,xiti'owik
1437,11,xcha',xcha'
1437,12,chik.,chik
1438,0,Ta,ta
1438,1,xti',xti'
1438,2,chik,chik
1438,3,u,u
1438,4,lajuj,lajuj
1438,5,ku'b'ulel.,ku'b'ulel
1439,0,“Aji!”,aji
1439,1,"“Naqi,",naqi
1439,2,Ch'ami'ya,ch'ami'ya
1439,3,Jolom?”,jolom
1439,4,Xcha',xcha'
1439,5,Ch'ami'ya,ch'ami'ya
1439,6,"B'aq,",b'aq
1439,7,“Naqi,naqi
1439,8,la'?”,la'
1439,9,“Mi,mi
1439,10,xiti'owik!”,xiti'owik
1439,11,xcha',xcha'
1439,12,chik.,chik
1440,0,Ta,ta
1440,1,xti',xti'
1440,2,chik,chik
1440,3,u,u
1440,4,julaj,julaj
1440,5,ku'lel.,ku'lel
1441,0,“Aji!”,aji
1441,1,xcha',xcha'
1441,2,chik.,chik
1442,0,"“Naqi,",naqi
1442,1,[Xik']?”,xik'
1442,2,Cha',cha'
1442,3,chik,chik
1442,4,Ch'ami'ya,ch'ami'ya
1442,5,Jolom,jolom
1442,6,"chire,",chire
1442,7,“Naqi,naqi
1442,8,la'?”,la'
1442,9,“Mi,mi
1442,10,xiti'owik!”,xiti'owik
1442,11,xcha',xcha'
1442,12,chik.,chik
1443,0,Ta,ta
1443,1,xti',xti'
1443,2,chik,chik
1443,3,u,u
1443,4,kab'lajuj,kab'lajuj
1443,5,ku'lel.,ku'lel
1444,0,“Aji!”,aji
1444,1,xcha',xcha'
1444,2,chik.,chik
1445,0,"“Naqi,",naqi
1445,1,Patan?”,patan
1445,2,Xcha',xcha'
1445,3,chik,chik
1445,4,[Xik'],xik'
1445,5,"chire,",chire
1445,6,“Naqi,naqi
1445,7,la'?”,la'
1445,8,“Mi,mi
1445,9,xiti'owik!”,xiti'owik
1445,10,xcha',xcha'
1445,11,chik.,chik
1446,0,Ta,ta
1446,1,xti',xti'
1446,2,chik,chik
1446,3,roxlajuj,roxlajuj
1446,4,ku'lel.,ku'lel
1447,0,“Aji!”,aji
1447,1,"“Naqi,",naqi
1447,2,Kik',kik'
1447,3,"[Re'],”",re'
1447,4,Cha',cha'
1447,5,Patan,patan
1447,6,"chirech,",chirech
1447,7,“Naqi,naqi
1447,8,la'?”,la'
1447,9,“Mi,mi
1447,10,xiti'owik!”,xiti'owik
1447,11,xcha',xcha'
1447,12,chik.,chik
1448,0,Ta,ta
1448,1,xti',xti'
1448,2,chik,chik
1448,3,u,u
1448,4,kajlajuj,kajlajuj
1448,5,ku'lel.,ku'lel
1449,0,“Aji!”,aji
1449,1,“Naqi,naqi
1449,2,la'?”,la'
1449,3,“Mi,mi
1449,4,xitiowik!”,xitiowik
1449,5,Xcha',xcha'
1449,6,chik,chik
1449,7,Kik',kik'
1449,8,"Rixk'aq,",rixk'aq
1449,9,Xcha',xcha'
1449,10,Kik',kik'
1449,11,Re',re'
1449,12,chirech.,chirech
1450,0,Keje',keje'
1450,1,k'ut,k'ut
1450,2,u,u
1450,3,b'i'xik,b'i'xik
1450,4,ki,ki
1450,5,"b'i',",b'i'
1450,6,Ri',ri'
1450,7,xkib'i'j.,xkib'i'j
1451,0,Konojel,konojel
1451,1,chi,chi
1451,2,kib'il,kib'il
1451,3,kib',kib'
1451,4,xkik'ut,xkik'ut
1451,5,u,u
1451,6,"wach,",wach
1451,7,Xkib'i'j,xkib'i'j
1451,8,ki,ki
1451,9,b'i'.,b'i'
1452,0,Jujun,jujun
1452,1,chijoloman,chijoloman
1452,2,u,u
1452,3,b'i'xik,b'i'xik
1452,4,"kumal,",kumal
1452,5,Are',are'
1452,6,chib'i'n,chib'i'n
1452,7,u,u
1452,8,b'i',b'i'
1452,9,jun,jun
1452,10,ri,ri
1452,11,ku'b'ul,ku'b'ul
1452,12,chu,chu
1452,13,xukut.,xukut
1453,0,Maja,maja
1453,1,b'i,b'i
1453,2,junoq,junoq
1453,3,xkisach,xkisach
1453,4,u,u
1453,5,"b'i',",b'i'
1453,6,K'is,k'is
1453,7,ki,ki
1453,8,b'i'j,b'i'j
1453,9,ki,ki
1453,10,b'i',b'i'
1453,11,konojel,konojel
1453,12,Ta,ta
1453,13,xeti',xeti'
1453,14,rumal,rumal
1453,15,rismal,rismal
1453,16,u,u
1453,17,wach,wach
1453,18,u,u
1453,19,ch'ek,ch'ek
1453,20,"Junajpu,",junajpu
1453,21,Xumich',xumich'
1453,22,ub'ik.,ub'ik
1454,0,Ma,ma
1454,1,na,na
1454,2,qitzij,qitzij
1454,3,xa'n,xa'n
1454,4,ri,ri
1454,5,xeti'owik.,xeti'owik
1455,0,Xb'e,xb'e
1455,1,ta'o,ta'o
1455,2,ki,ki
1455,3,b'i',b'i'
1455,4,konojel,konojel
1455,5,Rumal,rumal
1455,6,Junajpu,junajpu
1455,7,Xb'alanke.,xb'alanke
1456,0,K'ate,k'ate
1456,1,k'ut,k'ut
1456,2,ta,ta
1456,3,"xeb'ek,",xeb'ek
1456,4,Ta,ta
1456,5,xe'opon,xe'opon
1456,6,"puch,",puch
1456,7,Chila',chila'
1456,8,e,e
1456,9,k'o,k'o
1456,10,wi,wi
1456,11,Xib'alb'a.,xib'alb'a
1457,0,“Chiq'ijila',chiq'ijila'
1457,1,"ajaw,”",ajaw
1457,2,"xcha',",xcha'
1457,3,“Ri',ri'
1457,4,"ku'b'ulik,”",ku'b'ulik
1457,5,xcha',xcha'
1457,6,jun,jun
1457,7,taqchi'nel.,taqchi'nel
1458,0,“Mawi,mawi
1458,1,are',are'
1458,2,ajaw,ajaw
1458,3,"ri',",ri'
1458,4,Xa,xa
1458,5,poy,poy
1458,6,ajam,ajam
1458,7,che',che'
1458,8,"ri',”",ri'
1458,9,Xecha',xecha'
1458,10,ta,ta
1458,11,xe'oponik.,xe'oponik
1459,0,K'ate,k'ate
1459,1,k'ut,k'ut
1459,2,ta,ta
1459,3,xeq'ala'inik:,xeq'ala'inik
1459,4,“Q'ala,q'ala
1459,5,ta,ta
1459,6,Jun,jun
1459,7,"Kame,",kame
1459,8,Q'ala,q'ala
1459,9,ta,ta
1459,10,Wuqub',wuqub'
1459,11,"Kame,",kame
1459,12,Q'ala,q'ala
1459,13,ta,ta
1459,14,Xik'iri,xik'iri
1459,15,"Pat,",pat
1459,16,Q'ala,q'ala
1459,17,ta,ta
1459,18,Kuchuma,kuchuma
1459,19,"Kik',",kik'
1459,20,Q'ala,q'ala
1459,21,ta,ta
1459,22,Ajal,ajal
1459,23,"Puj,",puj
1459,24,Q'ala,q'ala
1459,25,ta,ta
1459,26,Ajal,ajal
1459,27,"Q'ana,",q'ana
1459,28,Q'ala,q'ala
1459,29,ta,ta
1459,30,Ch'ami'ya,ch'ami'ya
1459,31,"B'aq,",b'aq
1459,32,Q'ala,q'ala
1459,33,ta,ta
1459,34,Ch'ami'ya,ch'ami'ya
1459,35,"Jolom,",jolom
1459,36,Q'ala,q'ala
1459,37,"ta,",ta
1459,38,Q'ala,q'ala
1459,39,"Xik',",xik'
1459,40,Q'ala,q'ala
1459,41,ta,ta
1459,42,"patan,",patan
1459,43,Q'ala,q'ala
1459,44,ta,ta
1459,45,Kik',kik'
1459,46,"Re',",re'
1459,47,Q'ala,q'ala
1459,48,ta,ta
1459,49,Kik',kik'
1459,50,"Rixk'aq,”",rixk'aq
1459,51,Xecha',xecha'
1459,52,ta,ta
1459,53,xe'oponik.,xe'oponik
1460,0,Ronojel,ronojel
1460,1,xk'isk'ut,xk'isk'ut
1460,2,u,u
1460,3,wach.,wach
1461,0,Xkib'i'j,xkib'i'j
1461,1,u,u
1461,2,b'i',b'i'
1461,3,"ronojel,",ronojel
1461,4,Maja,maja
1461,5,b'i,b'i
1461,6,jun,jun
1461,7,xkisach,xkisach
1461,8,u,u
1461,9,b'i'.,b'i'
1462,0,Are,are
1462,1,ta,ta
1462,2,xajawax,xajawax
1462,3,"chikech,",chikech
1462,4,Ma,ma
1462,5,ta,ta
1462,6,xkanaj,xkanaj
1462,7,u,u
1462,8,b'i',b'i'
1462,9,kumal.,kumal
1463,0,“Kixku',kixku'
1463,1,"uloq,”",uloq
1463,2,Xe'uchax,xe'uchax
1463,3,k'ut.,k'ut
1464,0,Xerajoq,xerajoq
1464,1,chuwi',chuwi'
1464,2,tem.,tem
1465,0,Ma,ma
1465,1,k'u,k'u
1465,2,xkaj:,xkaj
1465,3,“Mawi,mawi
1465,4,are',are'
1465,5,qa,qa
1465,6,tem,tem
1465,7,"ri',",ri'
1465,8,Xa,xa
1465,9,chojim,chojim
1465,10,ab'aj,ab'aj
1465,11,ri,ri
1465,12,"tem,”",tem
1465,13,Xecha',xecha'
1465,14,Junajpu,junajpu
1465,15,Xb'alanke.,xb'alanke
1466,0,Mawi,mawi
1466,1,xech'akatajik.,xech'akatajik
1467,0,K'ate,k'ate
1467,1,k'ut,k'ut
1467,2,ta,ta
1467,3,xe'ok,xe'ok
1467,4,pa,pa
1467,5,Q'equ'ma,q'equ'ma
1467,6,Ja.,ja
1468,0,Mawi,mawi
1468,1,xech'akatajik,xech'akatajik
1468,2,chiri',chiri'
1468,3,Are,are
1468,4,nab'e,nab'e
1468,5,u,u
1468,6,tijob'al,tijob'al
1468,7,Xib'alb'a,xib'alb'a
1468,8,ri,ri
1468,9,xe'ok,xe'ok
1468,10,wi.,wi
1469,0,Chi,chi
1469,1,ki,ki
1469,2,k'u'x,k'u'x
1469,3,Xib'alb'a.,xib'alb'a
1470,0,Nab'e,nab'e
1470,1,xe'ok,xe'ok
1470,2,pa,pa
1470,3,Q'equ'ma,q'equ'ma
1470,4,"Ja,",ja
1470,5,K'ate,k'ate
1470,6,k'ut,k'ut
1470,7,ta,ta
1470,8,xb'e,xb'e
1470,9,ya'oq,ya'oq
1470,10,ki,ki
1470,11,chaj.,chaj
1471,0,Katilowik,katilowik
1471,1,ta,ta
1471,2,"xoponik,",xoponik
1471,3,Ruk',ruk'
1471,4,jujun,jujun
1471,5,ki,ki
1471,6,sik',sik'
1471,7,rumal,rumal
1471,8,u,u
1471,9,samajel,samajel
1471,10,Jun,jun
1471,11,Kame.,kame
1472,0,“‘Wa'e,wa'e
1472,1,ki,ki
1472,2,"chaje,’",chaje
1472,3,kacha',kacha'
1472,4,ajaw.,ajaw
1473,0,‘Chul,chul
1473,1,ki,ki
1473,2,ya',ya'
1473,3,chik,chik
1473,4,Ri,ri
1473,5,chaj,chaj
1473,6,"saqarik,",saqarik
1473,7,Ruk',ruk'
1473,8,ri,ri
1473,9,sik'.,sik'
1474,0,Chul,chul
1474,1,ki,ki
1474,2,"molob'a',’",molob'a'
1474,3,kacha',kacha'
1474,4,"ajaw,”",ajaw
1474,5,Xcha',xcha'
1474,6,samajel,samajel
1474,7,ta,ta
1474,8,xoponik.,xoponik
1475,0,“Utz,utz
1475,1,b'a,b'a
1475,2,"la',”",la'
1475,3,xecha',xecha'
1475,4,"k'ut,",k'ut
1475,5,Ma,ma
1475,6,k'u,k'u
1475,7,xkitzij,xkitzij
1475,8,ri,ri
1475,9,chaj.,chaj
1476,0,Xa,xa
1476,1,kaqaj,kaqaj
1476,2,u,u
1476,3,k'exwach,k'exwach
1476,4,xokik.,xokik
1477,0,Are',are'
1477,1,u,u
1477,2,je',je'
1477,3,kaqix.,kaqix
1478,0,Keje',keje'
1478,1,ri',ri'
1478,2,chaj,chaj
1478,3,xkilo,xkilo
1478,4,waranel.,waranel
1479,0,Are',are'
1479,1,chi,chi
1479,2,k'u,k'u
1479,3,ri,ri
1479,4,"sik',",sik'
1479,5,Xa,xa
1479,6,q'aq'a,q'aq'a
1479,7,chikop,chikop
1479,8,xkikojo,xkikojo
1479,9,chuwi',chuwi'
1479,10,sik'.,sik'
1480,0,Jun,jun
1480,1,aq'ab',aq'ab'
1480,2,chiyok'owik,chiyok'owik
1480,3,kumal.,kumal
1481,0,“Mi,mi
1481,1,"xeqach'ako,”",xeqach'ako
1481,2,xecha',xecha'
1481,3,waranel.,waranel
1482,0,Ma,ma
1482,1,k'u,k'u
1482,2,ja,ja
1482,3,b'i,b'i
1482,4,xk'is,xk'is
1482,5,ri,ri
1482,6,"chaj,",chaj
1482,7,Xa,xa
1482,8,wi,wi
1482,9,xere,xere
1482,10,u,u
1482,11,wach.,wach
1483,0,Are',are'
1483,1,k'u,k'u
1483,2,ri,ri
1483,3,"sik',",sik'
1483,4,Maja,maja
1483,5,b'i,b'i
1483,6,naqi,naqi
1483,7,la',la'
1483,8,xkitzij,xkitzij
1483,9,chire.,chire
1484,0,Xa,xa
1484,1,wi,wi
1484,2,xere,xere
1484,3,u,u
1484,4,"wach,",wach
1484,5,Xb'e,xb'e
1484,6,ya'oq,ya'oq
1484,7,kuk',kuk'
1484,8,ajawab'.,ajawab'
1485,0,“Naqi,naqi
1485,1,pa,pa
1485,2,ke'uxik?,ke'uxik
1486,0,Apa,apa
1486,1,xepe,xepe
1486,2,wi?,wi
1487,0,Achinaq,achinaq
1487,1,xek'ajolanik?,xek'ajolanik
1488,0,Xe'alanik?,xe'alanik
1489,0,Qitzij,qitzij
1489,1,kaq'atat,kaq'atat
1489,2,qa,qa
1489,3,"k'u'x,",k'u'x
1489,4,Rumal,rumal
1489,5,ma,ma
1489,6,utz,utz
1489,7,kakib'ano,kakib'ano
1489,8,chiqe.,chiqe
1490,0,Jalan,jalan
1490,1,ki,ki
1490,2,"wach,",wach
1490,3,Jalan,jalan
1490,4,nay,nay
1490,5,pu,pu
1490,6,ki,ki
1490,7,"k'oje'ik,”",k'oje'ik
1490,8,Xecha',xecha'
1490,9,chikib'il,chikib'il
1490,10,kib'.,kib'
1491,0,Ta,ta
1491,1,xetaqon,xetaqon
1491,2,k'ut,k'ut
1491,3,konojel,konojel
1491,4,ajawab'.,ajawab'
1492,0,“Oj,oj
1492,1,o,o
1492,2,"cha'joq,",cha'joq
1492,3,ix,ix
1492,4,"k'ajolab',”",k'ajolab'
1492,5,xe'uchaxik.,xe'uchaxik
1493,0,Ta,ta
1493,1,xetz'onox,xetz'onox
1493,2,k'ut,k'ut
1493,3,Rumal,rumal
1493,4,Jun,jun
1493,5,Kame,kame
1493,6,Wuqub',wuqub'
1493,7,Kame:,kame
1493,8,“Apa,apa
1493,9,qi,qi
1493,10,xixpe,xixpe
1493,11,wi?,wi
1494,0,“Ala',ala'
1494,1,b'a,b'a
1494,2,xojpe,xojpe
1494,3,wi,wi
1494,4,"lo,",lo
1494,5,Mawi,mawi
1494,6,"qeta'm,”",qeta'm
1494,7,Xa,xa
1494,8,"xecha',",xecha'
1494,9,Mawi,mawi
1494,10,xkib'ij.,xkib'ij
1495,0,“Utz,utz
1495,1,b'a,b'a
1495,2,"la',",la'
1495,3,Xa,xa
1495,4,qab'e,qab'e
1495,5,"kaqacha'j,",kaqacha'j
1495,6,Ix,ix
1495,7,"k'ajolab',”",k'ajolab'
1495,8,xecha',xecha'
1495,9,Xib'alb'a,xib'alb'a
1495,10,chike.,chike
1496,0,"“Utz,”",utz
1496,1,xecha'.,xecha'
1497,0,“Are',are'
1497,1,b'a,b'a
1497,2,chiqakoj,chiqakoj
1497,3,ri,ri
1497,4,wa',wa'
1497,5,qa,qa
1497,6,"kik',”",kik'
1497,7,xecha',xecha'
1497,8,Xib'alb'a.,xib'alb'a
1498,0,“Ma,ma
1498,1,"taj,",taj
1498,2,are',are'
1498,3,ta,ta
1498,4,chikoj,chikoj
1498,5,wa',wa'
1498,6,"qe,”",qe
1498,7,xecha',xecha'
1498,8,k'ajolab'.,k'ajolab'
1499,0,“Maja,maja
1499,1,"b'i,",b'i
1499,2,are',are'
1499,3,chiqakoj,chiqakoj
1499,4,wa',wa'
1499,5,"qe,”",qe
1499,6,xecha',xecha'
1499,7,chik,chik
1499,8,Xib'alb'a.,xib'alb'a
1500,0,“Utz,utz
1500,1,b'a,b'a
1500,2,"la',”",la'
1500,3,xecha',xecha'
1500,4,k'ajolab'.,k'ajolab'
1501,0,“Je,je
1501,1,b'a,b'a
1501,2,la',la'
1501,3,xa,xa
1501,4,"juch'il,”",juch'il
1501,5,xecha',xecha'
1501,6,Xib'alb'a.,xib'alb'a
1502,0,“Ma,ma
1502,1,b'a,b'a
1502,2,"la',",la'
1502,3,xa,xa
1502,4,jolom,jolom
1502,5,kojcha',kojcha'
1502,6,"chik,”",chik
1502,7,xecha',xecha'
1502,8,k'ajolab'.,k'ajolab'
1503,0,“Maja,maja
1503,1,"b'i,”",b'i
1503,2,xecha',xecha'
1503,3,Xib'alb'a.,xib'alb'a
1504,0,“Utz,utz
1504,1,b'a,b'a
1504,2,"la',”",la'
1504,3,xcha',xcha'
1504,4,Junajpu.,junajpu
1505,0,Ta,ta
1505,1,xtzaq,xtzaq
1505,2,k'u,k'u
1505,3,uloq,uloq
1505,4,rumal,rumal
1505,5,Xib'alb'a,xib'alb'a
1505,6,Kik',kik'
1505,7,u,u
1505,8,taqal,taqal
1505,9,chuwach,chuwach
1505,10,u,u
1505,11,b'ate,b'ate
1505,12,Junajpu.,junajpu
1506,0,K'ate,k'ate
1506,1,puch,puch
1506,2,ta,ta
1506,3,xkil,xkil
1506,4,"Xib'alb'a,",xib'alb'a
1506,5,Ri,ri
1506,6,Saqi,saqi
1506,7,Toq',toq'
1506,8,ta,ta
1506,9,xel,xel
1506,10,chupan,chupan
1506,11,ri,ri
1506,12,kik'.,kik'
1507,0,Chitzininik.,chitzininik
1508,0,Xb'e,xb'e
1508,1,je',je'
1508,2,chuwa,chuwa
1508,3,taq,taq
1508,4,ulew,ulew
1508,5,ri,ri
1508,6,cha'.,cha'
1509,0,“Naqi,naqi
1509,1,pa,pa
1509,2,la'?”,la'
1509,3,xcha',xcha'
1509,4,ri,ri
1509,5,"Junajpu,",junajpu
1509,6,Xb'alanke.,xb'alanke
1510,0,“Xa,xa
1510,1,kamik,kamik
1510,2,Kiwaj,kiwaj
1510,3,chiqech.,chiqech
1511,0,Ma,ma
1511,1,ta,ta
1511,2,xojb'e,xojb'e
1511,3,i,i
1511,4,taqa'?,taqa'
1512,0,Ma,ma
1512,1,ta,ta
1512,2,pu,pu
1512,3,xb'e,xb'e
1512,4,i,i
1512,5,samajel?,samajel
1513,0,Qitzij,qitzij
1513,1,toq'ob',toq'ob'
1513,2,qa,qa
1513,3,wach!,wach
1514,0,Xa,xa
1514,1,"kojb'ek,”",kojb'ek
1514,2,Xecha',xecha'
1514,3,k'ajolab',k'ajolab'
1514,4,chike.,chike
1515,0,Are',are'
1515,1,ta,ta
1515,2,k'u,k'u
1515,3,xajawax,xajawax
1515,4,chike,chike
1515,5,"k'ajolab',",k'ajolab'
1515,6,Ju,ju
1515,7,su,su
1515,8,ta,ta
1515,9,xkam,xkam
1515,10,ri',ri'
1515,11,"chiri',",chiri'
1515,12,Chi,chi
1515,13,cha,cha
1515,14,xech'akataj,xech'akataj
1515,15,taj.,taj
1516,0,Mawi,mawi
1516,1,keje'.,keje'
1517,0,Xa,xa
1517,1,Xib'alb'a,xib'alb'a
1517,2,xech'akataj,xech'akataj
1517,3,chik,chik
1517,4,kumal,kumal
1517,5,k'ajolab'.,k'ajolab'
1518,0,“Ma,ma
1518,1,b'a,b'a
1518,2,"kixb'ek,",kixb'ek
1518,3,Ix,ix
1518,4,k'ajolab'.,k'ajolab'
1519,0,Kojcha'j,kojcha'j
1519,1,"na,",na
1519,2,Xa,xa
1519,3,are',are'
1519,4,kaqakojo,kaqakojo
1519,5,ri,ri
1519,6,"iwech,”",iwech
1519,7,Xuchax,xuchax
1519,8,k'ut,k'ut
1519,9,k'ajolab'.,k'ajolab'
1520,0,“Utz,utz
1520,1,b'a,b'a
1520,2,"la',”",la'
1520,3,xecha',xecha'
1520,4,k'ut.,k'ut
1521,0,Are',are'
1521,1,k'u,k'u
1521,2,xok,xok
1521,3,ri,ri
1521,4,ki,ki
1521,5,kik'.,kik'
1522,0,Ta,ta
1522,1,xqaj,xqaj
1522,2,k'u,k'u
1522,3,cha'j.,cha'j
1523,0,K'ate,k'ate
1523,1,k'ut,k'ut
1523,2,ta,ta
1523,3,xkicho'y,xkicho'y
1523,4,ki,ki
1523,5,ch'ako'n.,ch'ako'n
1524,0,“Naqi,naqi
1524,1,pa,pa
1524,2,chiqach'ako?”,chiqach'ako
1524,3,xecha',xecha'
1524,4,Xib'alb'a.,xib'alb'a
1525,0,“Je,je
1525,1,na,na
1525,2,"kik'ut,”",kik'ut
1525,3,xa,xa
1525,4,xecha',xecha'
1525,5,k'ajolab'.,k'ajolab'
1526,0,“Xa,xa
1526,1,qa,qa
1526,2,ch'aka,ch'aka
1526,3,kajkaj,kajkaj
1526,4,sel,sel
1526,5,"kotz'i'j,”",kotz'i'j
1526,6,xecha',xecha'
1526,7,Xib'alb'a.,xib'alb'a
1527,0,“Utz,utz
1527,1,b'a,b'a
1527,2,"la',",la'
1527,3,Naqi,naqi
1527,4,pa,pa
1527,5,chi,chi
1527,6,kotz'i'jal?”,kotz'i'jal
1527,7,xecha',xecha'
1527,8,k'ajolab',k'ajolab'
1527,9,chike,chike
1527,10,Xib'alb'a.,xib'alb'a
1528,0,“Ju,ju
1528,1,tik'ab',tik'ab'
1528,2,kaqa,kaqa
1528,3,"much'ij,",much'ij
1528,4,Ju,ju
1528,5,tik'ab',tik'ab'
1528,6,saqi,saqi
1528,7,"much'it,",much'it
1528,8,Ju,ju
1528,9,tik'ab',tik'ab'
1528,10,q'ana,q'ana
1528,11,"much'it,",much'it
1528,12,Ju,ju
1528,13,tik'ab',tik'ab'
1528,14,k'u,k'u
1528,15,ri,ri
1528,16,"nima'q,”",nima'q
1528,17,Xecha',xecha'
1528,18,Xib'alb'a.,xib'alb'a
1529,0,“Utz,utz
1529,1,b'a,b'a
1529,2,"la',”",la'
1529,3,xecha',xecha'
1529,4,k'ut,k'ut
1529,5,k'ajolab'.,k'ajolab'
1530,0,Ta,ta
1530,1,xqaj,xqaj
1530,2,k'ut,k'ut
1530,3,ki,ki
1530,4,"cha',",cha'
1530,5,Junam,junam
1530,6,ki,ki
1530,7,chuq'ab'.,chuq'ab'
1531,0,Tzatz,tzatz
1531,1,pu,pu
1531,2,ki,ki
1531,3,cha',cha'
1531,4,ri,ri
1531,5,"k'ajolab',",k'ajolab'
1531,6,Xa,xa
1531,7,k'u,k'u
1531,8,k'i,k'i
1531,9,rutz,rutz
1531,10,ki,ki
1531,11,k'u'x.,k'u'x
1532,0,Ta,ta
1532,1,xkiya',xkiya'
1532,2,kib',kib'
1532,3,chich'akatajik,chich'akatajik
1532,4,ri,ri
1532,5,k'ajolab'.,k'ajolab'
1533,0,Keki'kot,keki'kot
1533,1,k'ut,k'ut
1533,2,Ri,ri
1533,3,"Xib'alb'a,",xib'alb'a
1533,4,Ta,ta
1533,5,xech'akatajik.,xech'akatajik
1534,0,“Utz,utz
1534,1,mi,mi
1534,2,xqab'ano.,xqab'ano
1535,0,Nab'e,nab'e
1535,1,mi,mi
1535,2,"xeqach'ako,”",xeqach'ako
1535,3,xecha',xecha'
1535,4,Xib'alb'a.,xib'alb'a
1536,0,“Apa,apa
1536,1,xchib'e,xchib'e
1536,2,Ki,ki
1536,3,k'ama',k'ama'
1536,4,wi,wi
1536,5,ri,ri
1536,6,kotz'i'j?”,kotz'i'j
1536,7,Xecha',xecha'
1536,8,chi,chi
1536,9,ki,ki
1536,10,k'u'x.,k'u'x
1537,0,“Qitzij,qitzij
1537,1,ta,ta
1537,2,aq'ab',aq'ab'
1537,3,Chiya',chiya'
1537,4,ri,ri
1537,5,qa,qa
1537,6,"kotz'i'j,",kotz'i'j
1537,7,Qa,qa
1537,8,chakom,chakom
1537,9,"puch,”",puch
1537,10,Xe'uchax,xe'uchax
1537,11,puch,puch
1537,12,"k'ajolab',",k'ajolab'
1537,13,"Junajpu,",junajpu
1537,14,"Xb'alanke,",xb'alanke
1537,15,Rumal,rumal
1537,16,Xib'alb'a.,xib'alb'a
1538,0,“Utz,utz
1538,1,b'a,b'a
1538,2,"la',",la'
1538,3,Aq'ab'a',aq'ab'a'
1538,4,chi,chi
1538,5,k'ut,k'ut
1538,6,"kojcha'jik,”",kojcha'jik
1538,7,Xecha',xecha'
1538,8,k'ut,k'ut
1538,9,ta,ta
1538,10,xepixab'an,xepixab'an
1538,11,kib'.,kib'
1539,0,K'ate,k'ate
1539,1,chi,chi
1539,2,k'ut,k'ut
1539,3,ta,ta
1539,4,xe'ok,xe'ok
1539,5,chi,chi
1539,6,k'ajolab',k'ajolab'
1539,7,pa,pa
1539,8,Chaim,chaim
1539,9,"Ja,",ja
1539,10,U,u
1539,11,kab',kab'
1539,12,tijob'al,tijob'al
1539,13,Xib'alb'a.,xib'alb'a
1540,0,Are',are'
1540,1,ta,ta
1540,2,k'ut,k'ut
1540,3,xajawax,xajawax
1540,4,"chik,",chik
1540,5,Xeq'ataq'ox,xeq'ataq'ox
1540,6,taj,taj
1540,7,rumal,rumal
1540,8,cha.,cha
1541,0,Chanim,chanim
1541,1,taj,taj
1541,2,chi,chi
1541,3,ki,ki
1541,4,"k'u'x,",k'u'x
1541,5,Xekam,xekam
1541,6,taj,taj
1541,7,chi,chi
1541,8,ki,ki
1541,9,"k'u'x,",k'u'x
1541,10,Ma,ma
1541,11,k'u,k'u
1541,12,xekamik.,xekamik
1542,0,Ta,ta
1542,1,xecha',xecha'
1542,2,chire,chire
1542,3,"cha,",cha
1542,4,Ta,ta
1542,5,xkipixab'aj:,xkipixab'aj
1542,6,“Are',are'
1542,7,"iwe,",iwe
1542,8,Ri,ri
1542,9,ronojel,ronojel
1542,10,u,u
1542,11,tio'jil,tio'jil
1542,12,"chikop,”",chikop
1542,13,xecha',xecha'
1542,14,chire,chire
1542,15,cha.,cha
1543,0,Ma,ma
1543,1,k'u,k'u
1543,2,xesilab',xesilab'
1543,3,"chik,",chik
1543,4,Xa,xa
1543,5,jun,jun
1543,6,qaj,qaj
1543,7,chi,chi
1543,8,wi',wi'
1543,9,cha,cha
1543,10,ronojel.,ronojel
1544,0,Are',are'
1544,1,k'ut,k'ut
1544,2,e,e
1544,3,k'o,k'o
1544,4,"chi,",chi
1544,5,Chiri',chiri'
1544,6,pa,pa
1544,7,Chaim,chaim
1544,8,Ja,ja
1544,9,chaq'ab'.,chaq'ab'
1545,0,Ta,ta
1545,1,xkisik'ij,xkisik'ij
1545,2,ronojel,ronojel
1545,3,sanik:,sanik
1545,4,“Chay,chay
1545,5,"sanik,",sanik
1545,6,Ch'eken,ch'eken
1545,7,"sanik,",sanik
1545,8,Kixpetoq!,kixpetoq
1546,0,Kixojo',kixojo'
1546,1,iwonojel,iwonojel
1546,2,ojik'ama',ojik'ama'
1546,3,Ronojel,ronojel
1546,4,u,u
1546,5,wach,wach
1546,6,"kotz'i'j,",kotz'i'j
1546,7,Ki,ki
1546,8,ch'ako'n,ch'ako'n
1546,9,ajawab'.”,ajawab'
1546,10,“Utz,utz
1546,11,b'a,b'a
1546,12,"la',”",la'
1546,13,Xecha',xecha'
1546,14,k'ut.,k'ut
1547,0,Ta,ta
1547,1,xeb'e,xeb'e
1547,2,k'u,k'u
1547,3,ri,ri
1547,4,"sanik,",sanik
1547,5,Konojel,konojel
1547,6,e,e
1547,7,k'amol,k'amol
1547,8,kotz'i'j,kotz'i'j
1547,9,u,u
1547,10,tiko'n,tiko'n
1547,11,Jun,jun
1547,12,"Kame,",kame
1547,13,Wuqub',wuqub'
1547,14,Kame.,kame
1548,0,Mieroq,mieroq
1548,1,k'ut,k'ut
1548,2,chikipixab'aj,chikipixab'aj
1548,3,Chajal,chajal
1548,4,ki,ki
1548,5,kotz'i'j,kotz'i'j
1548,6,ri,ri
1548,7,Xib'alb'a:,xib'alb'a
1548,8,“Laq'i,laq'i
1548,9,chiwila',chiwila'
1548,10,qa,qa
1548,11,"kotz'i'j,",kotz'i'j
1548,12,Miya',miya'
1548,13,chi,chi
1548,14,eleq'axik.,eleq'axik
1549,0,Rumal,rumal
1549,1,ri',ri'
1549,2,mi,mi
1549,3,xeqach'ako,xeqach'ako
1549,4,ri,ri
1549,5,k'ajolab'.,k'ajolab'
1550,0,Ana,ana
1550,1,wi,wi
1550,2,xpe,xpe
1550,3,wi,wi
1550,4,ri',ri'
1550,5,lo,lo
1550,6,qa,qa
1550,7,ch'ako'n,ch'ako'n
1550,8,kumal?,kumal
1551,0,Maja,maja
1551,1,b'i,b'i
1551,2,chiwaraj,chiwaraj
1551,3,jun,jun
1551,4,aq'ab'.”,aq'ab'
1551,5,“Utz,utz
1551,6,b'a,b'a
1551,7,"la',”",la'
1551,8,xecha',xecha'
1551,9,k'ut.,k'ut
1552,0,Ma,ma
1552,1,k'u,k'u
1552,2,xkina',xkina'
1552,3,ri,ri
1552,4,chajal,chajal
1552,5,tiko'n.,tiko'n
1553,0,Xaloq',xaloq'
1553,1,chikiraquj,chikiraquj
1553,2,ki,ki
1553,3,chi',chi'
1553,4,Chuq'ab',chuq'ab'
1553,5,taq,taq
1553,6,"che',",che'
1553,7,Tiko'n,tiko'n
1553,8,puch.,puch
1554,0,Keb'e,keb'e
1554,1,chakala,chakala
1554,2,"chiri',",chiri'
1554,3,Xa,xa
1554,4,wi,wi
1554,5,xere,xere
1554,6,chikich'ab'ej,chikich'ab'ej
1554,7,ri,ri
1554,8,ki,ki
1554,9,b'ix:,b'ix
1554,10,"“Xpurpuweq,",xpurpuweq
1554,11,"Xpurpuweq,”",xpurpuweq
1554,12,Cha',cha'
1554,13,ri,ri
1554,14,jun,jun
1554,15,Ta,ta
1554,16,choq'ik.,choq'ik
1555,0,"“Pujuyu,",pujuyu
1555,1,"Pujuyu,”",pujuyu
1555,2,Cha',cha'
1555,3,chik,chik
1555,4,Ta,ta
1555,5,"choq'ik,",choq'ik
1555,6,Ri,ri
1555,7,"pujuyu,",pujuyu
1555,8,U,u
1555,9,b'i'.,b'i'
1556,0,E,e
1556,1,kaib',kaib'
1556,2,chi,chi
1556,3,Chajal,chajal
1556,4,"tiko'n,",tiko'n
1556,5,U,u
1556,6,tiko'n,tiko'n
1556,7,Jun,jun
1556,8,"Kame,",kame
1556,9,Wuqub',wuqub'
1556,10,Kame.,kame
1557,0,Ma,ma
1557,1,k'u,k'u
1557,2,kakina',kakina'
1557,3,Ri,ri
1557,4,sanik,sanik
1557,5,eleq'ay,eleq'ay
1557,6,ki,ki
1557,7,chajem.,chajem
1558,0,"Kab'olowik,",kab'olowik
1558,1,"Katukuwik,",katukuwik
1558,2,Eray,eray
1558,3,"kotz'i'j,",kotz'i'j
1558,4,Ri,ri
1558,5,kab'e,kab'e
1558,6,q'atowa,q'atowa
1558,7,"uloq,",uloq
1558,8,Kotz'i'j,kotz'i'j
1558,9,Chuwi',chuwi'
1558,10,che',che'
1558,11,re,re
1558,12,Kasik'ow,kasik'ow
1558,13,kuk',kuk'
1558,14,chuxe',chuxe'
1558,15,che',che'
1558,16,Ri,ri
1558,17,kotz'i'j.,kotz'i'j
1559,0,Xa,xa
1559,1,keje',keje'
1559,2,chikiraquj,chikiraquj
1559,3,ki,ki
1559,4,chi',chi'
1559,5,ri,ri
1559,6,chajalib'.,chajalib'
1560,0,Ma,ma
1560,1,na,na
1560,2,re,re
1560,3,kakina'o,kakina'o
1560,4,Kak'ux,kak'ux
1560,5,ki,ki
1560,6,"je',",je'
1560,7,Kak'ux,kak'ux
1560,8,ki,ki
1560,9,xik'.,xik'
1561,0,Are',are'
1561,1,kakirixik,kakirixik
1561,2,"kotz'i'j,",kotz'i'j
1561,3,K'a,k'a
1561,4,kaqaj,kaqaj
1561,5,uloq,uloq
1561,6,Re,re
1561,7,"kasik'owik,",kasik'owik
1561,8,Re,re
1561,9,kab'e,kab'e
1561,10,q'atowa,q'atowa
1561,11,uloq.,uloq
1562,0,Tik'itoj,tik'itoj
1562,1,chi,chi
1562,2,k'ut,k'ut
1562,3,ta,ta
1562,4,xsaqirik.,xsaqirik
1563,0,K'ate,k'ate
1563,1,k'ut,k'ut
1563,2,ta,ta
1563,3,xul,xul
1563,4,"samajel,",samajel
1563,5,"Taqonel,",taqonel
1563,6,“‘Kepetoq!’,kepetoq
1563,7,kacha',kacha'
1563,8,"ajaw,",ajaw
1563,9,‘Ju,ju
1563,10,suk',suk'
1563,11,chikik'am,chikik'am
1563,12,ula,ula
1563,13,ri,ri
1563,14,qa,qa
1563,15,"ch'ako'n,’”",ch'ako'n
1563,16,Xe'uchax,xe'uchax
1563,17,k'ut,k'ut
1563,18,k'ajolab'.,k'ajolab'
1564,0,“Utz,utz
1564,1,b'a,b'a
1564,2,"la',”",la'
1564,3,xecha',xecha'
1564,4,k'ut.,k'ut
1565,0,Ki,ki
1565,1,tik'ela'on,tik'ela'on
1565,2,k'u,k'u
1565,3,Ri,ri
1565,4,kotz'i'j,kotz'i'j
1565,5,kajib',kajib'
1565,6,sel.,sel
1566,0,Ta,ta
1566,1,"xeb'ek,",xeb'ek
1566,2,Ta,ta
1566,3,xe'opon,xe'opon
1566,4,k'u,k'u
1566,5,Chikiwach,chikiwach
1566,6,ajaw.,ajaw
1567,0,Ajawab',ajawab'
1567,1,kuk'am,kuk'am
1567,2,kotz'i'j,kotz'i'j
1567,3,q'us,q'us
1567,4,u,u
1567,5,wach.,wach
1568,0,Keje',keje'
1568,1,k'ut,k'ut
1568,2,xech'akataj,xech'akataj
1568,3,wi,wi
1568,4,Xib'alb'a.,xib'alb'a
1569,0,Xa,xa
1569,1,sanik,sanik
1569,2,xkitaq,xkitaq
1569,3,ri,ri
1569,4,k'ajolab'.,k'ajolab'
1570,0,Xa,xa
1570,1,jun,jun
1570,2,aq'ab'il,aq'ab'il
1570,3,xkichap,xkichap
1570,4,"sanik,",sanik
1570,5,Ta,ta
1570,6,kiya',kiya'
1570,7,pa,pa
1570,8,sel.,sel
1571,0,Keje',keje'
1571,1,k'ut,k'ut
1571,2,xesaqkaje',xesaqkaje'
1571,3,ri,ri
1571,4,konojel,konojel
1571,5,"Xib'alb'a,",xib'alb'a
1571,6,Saqb'uk,saqb'uk
1571,7,ki,ki
1571,8,wach,wach
1571,9,rumal,rumal
1571,10,ri,ri
1571,11,kotz'i'j.,kotz'i'j
1572,0,K'ate,k'ate
1572,1,k'ut,k'ut
1572,2,xkitaq,xkitaq
1572,3,ri,ri
1572,4,chajal,chajal
1572,5,kotz'i'j:,kotz'i'j
1572,6,“Naqi,naqi
1572,7,pa,pa
1572,8,rumal,rumal
1572,9,mi,mi
1572,10,xiya',xiya'
1572,11,qa,qa
1572,12,kotz'i'j,kotz'i'j
1572,13,chi,chi
1572,14,eleq'axik?,eleq'axik
1573,0,Are',are'
1573,1,qa,qa
1573,2,kotz'i'j,kotz'i'j
1573,3,wa'e,wa'e
1573,4,"kawilo,”",kawilo
1573,5,Xe'uchax,xe'uchax
1573,6,chajal.,chajal
1574,0,“Ma,ma
1574,1,b'a,b'a
1574,2,xqana'o,xqana'o
1574,3,at,at
1574,4,"ajaw,",ajaw
1574,5,Mi,mi
1574,6,na,na
1574,7,re,re
1574,8,xkuyu,xkuyu
1574,9,qa,qa
1574,10,"je',”",je'
1574,11,Xecha',xecha'
1574,12,k'ut.,k'ut
1575,0,K'ate,k'ate
1575,1,puch,puch
1575,2,xjix,xjix
1575,3,ki,ki
1575,4,"chi',",chi'
1575,5,Ki,ki
1575,6,tojb'al,tojb'al
1575,7,Ki,ki
1575,8,chajin,chajin
1575,9,chi,chi
1575,10,eleq'axik.,eleq'axik
1576,0,Keje',keje'
1576,1,k'ut,k'ut
1576,2,ki,ki
1576,3,ch'akatajik,ch'akatajik
1576,4,Jun,jun
1576,5,"Kame,",kame
1576,6,Wuqub',wuqub'
1576,7,"Kame,",kame
1576,8,Kumal,kumal
1576,9,"Junajpu,",junajpu
1576,10,Xb'alanke.,xb'alanke
1577,0,U,u
1577,1,xe',xe'
1577,2,ri,ri
1577,3,b'anoj,b'anoj
1577,4,"ri',",ri'
1577,5,Ta,ta
1577,6,xkik'am,xkik'am
1577,7,ri,ri
1577,8,ki,ki
1577,9,chi',chi'
1577,10,jereb'aq.,jereb'aq
1578,0,Ki,ki
1578,1,chi',chi'
1578,2,purpuweq,purpuweq
1578,3,Jereb'aq,jereb'aq
1578,4,wakamik.,wakamik
1579,0,K'ate,k'ate
1579,1,chi,chi
1579,2,k'ut,k'ut
1579,3,ta,ta
1579,4,xqaj,xqaj
1579,5,"cha'j,",cha'j
1579,6,Xa,xa
1579,7,wi,wi
1579,8,xere,xere
1579,9,junam,junam
1579,10,kecha'jik.,kecha'jik
1580,0,Xkelej,xkelej
1580,1,chi,chi
1580,2,k'u,k'u
1580,3,"cha'j,",cha'j
1580,4,Ta,ta
1580,5,xepixab'an,xepixab'an
1580,6,chi,chi
1580,7,k'u,k'u
1580,8,kib'.,kib'
1581,0,“Saqirik,saqirik
1581,1,"chik,”",chik
1581,2,xecha',xecha'
1581,3,Xib'alb'a.,xib'alb'a
1582,0,“Utz,utz
1582,1,b'a,b'a
1582,2,"la',”",la'
1582,3,xecha',xecha'
1582,4,k'ajolab',k'ajolab'
1582,5,ta,ta
1582,6,xkelej.,xkelej
1583,0,XE'OK,xe'ok
1583,1,chi,chi
1583,2,k'ut,k'ut
1583,3,pa,pa
1583,4,Tew,tew
1583,5,Ja.,ja
1584,0,Mawi,mawi
1584,1,ajilan,ajilan
1584,2,tew.,tew
1585,0,Tzatz,tzatz
1585,1,chi,chi
1585,2,saqb'oqom,saqb'oqom
1585,3,chupan,chupan
1585,4,"ja,",ja
1585,5,Rochoch,rochoch
1585,6,tew.,tew
1586,0,Ju,ju
1586,1,su,su
1586,2,k'u,k'u
1586,3,stzaj,stzaj
1586,4,tew.,tew
1587,0,Rumal,rumal
1587,1,"kutzina[q],",kutzinaq
1587,2,"Ma'ina[q],",ma'inaq
1587,3,Xsach,xsach
1587,4,ri,ri
1587,5,tew,tew
1587,6,kumal,kumal
1587,7,k'ajolab'.,k'ajolab'
1588,0,Mawi,mawi
1588,1,"xekamik,",xekamik
1588,2,Xa,xa
1588,3,wi,wi
1588,4,e,e
1588,5,k'aslik,k'aslik
1588,6,Ta,ta
1588,7,xsaqirik.,xsaqirik
1589,0,Are',are'
1589,1,ta,ta
1589,2,k'u,k'u
1589,3,xkaj,xkaj
1589,4,"Xib'alb'a,",xib'alb'a
1589,5,Chiri',chiri'
1589,6,ta,ta
1589,7,xekam,xekam
1589,8,wi.,wi
1590,0,Mawi,mawi
1590,1,keje'.,keje'
1591,0,Xa,xa
1591,1,wi,wi
1591,2,k'u,k'u
1591,3,utz,utz
1591,4,ki,ki
1591,5,wach,wach
1591,6,Ta,ta
1591,7,xsaqirik.,xsaqirik
1592,0,Xekel,xekel
1592,1,chi,chi
1592,2,ula,ula
1592,3,taqol,taqol
1592,4,"ke,",ke
1592,5,Xeb'e,xeb'e
1592,6,chik,chik
1592,7,e,e
1592,8,chajal.,chajal
1593,0,“Naqi,naqi
1593,1,pa,pa
1593,2,"la',",la'
1593,3,Mawi,mawi
1593,4,mi,mi
1593,5,xekamik?”,xekamik
1593,6,xcha',xcha'
1593,7,chi,chi
1593,8,rajawal,rajawal
1593,9,Xib'alb'a.,xib'alb'a
1594,0,Xkimayijaj,xkimayijaj
1594,1,chik,chik
1594,2,Ki,ki
1594,3,b'anoj,b'anoj
1594,4,"k'ajolab',",k'ajolab'
1594,5,"Junajpu,",junajpu
1594,6,Xb'alanke.,xb'alanke
1595,0,K'ATE,k'ate
1595,1,xe'ok,xe'ok
1595,2,chi,chi
1595,3,k'ut,k'ut
1595,4,pa,pa
1595,5,B'alami,b'alami
1595,6,Ja.,ja
1596,0,Tzatz,tzatz
1596,1,chi,chi
1596,2,b'alam,b'alam
1596,3,B'alam,b'alam
1596,4,Rochoch.,rochoch
1597,0,“Mawi,mawi
1597,1,kojiti'o.,kojiti'o
1598,0,K'o,k'o
1598,1,iwech,iwech
1598,2,"chuxik,”",chuxik
1598,3,xe'uchaxik,xe'uchaxik
1598,4,b'alam.,b'alam
1599,0,K'ate,k'ate
1599,1,k'ut,k'ut
1599,2,xkipuk'ij,xkipuk'ij
1599,3,b'aq,b'aq
1599,4,chikiwach,chikiwach
1599,5,"chikop,",chikop
1599,6,K'ate,k'ate
1599,7,k'ut,k'ut
1599,8,kepaq'aq'ik,kepaq'aq'ik
1599,9,chiri',chiri'
1599,10,chuwi',chuwi'
1599,11,b'aq.,b'aq
1600,0,“Mi,mi
1600,1,k'u,k'u
1600,2,"xe'utzinik,",xe'utzinik
1600,3,Mi,mi
1600,4,xutij,xutij
1600,5,ki,ki
1600,6,k'u'x.,k'u'x
1601,0,K'ate,k'ate
1601,1,wi,wi
1601,2,ri,ri
1601,3,mi,mi
1601,4,xkiya',xkiya'
1601,5,kib'.,kib'
1602,0,Are',are'
1602,1,ki,ki
1602,2,b'aqil,b'aqil
1602,3,ri,ri
1602,4,"kak'uxixik,”",kak'uxixik
1602,5,Xecha',xecha'
1602,6,ri,ri
1602,7,waranel.,waranel
1603,0,Konojel,konojel
1603,1,ki',ki'
1603,2,ki,ki
1603,3,k'u'x,k'u'x
1603,4,chire.,chire
1604,0,Ma,ma
1604,1,k'u,k'u
1604,2,"xekamik,",xekamik
1604,3,Xa,xa
1604,4,wi,wi
1604,5,xere,xere
1604,6,utz,utz
1604,7,ki,ki
1604,8,wach.,wach
1605,0,Xe'el,xe'el
1605,1,uloq,uloq
1605,2,Pa,pa
1605,3,B'alami,b'alami
1605,4,Ja.,ja
1606,0,“Naqi,naqi
1606,1,pa,pa
1606,2,k'u,k'u
1606,3,chi,chi
1606,4,e,e
1606,5,winaqil?,winaqil
1607,0,Apa,apa
1607,1,k'u,k'u
1607,2,xepe,xepe
1607,3,wi?”,wi
1607,4,Xecha',xecha'
1607,5,ri,ri
1607,6,"Xib'alb'a,",xib'alb'a
1607,7,Konojel.,konojel
1608,0,K'ATE,k'ate
1608,1,chik,chik
1608,2,xe'ok,xe'ok
1608,3,chupam,chupam
1608,4,"q'aq',",q'aq'
1608,5,Jun,jun
1608,6,ja,ja
1608,7,chi,chi
1608,8,q'aq'.,q'aq'
1609,0,Xa,xa
1609,1,u,u
1609,2,tukel,tukel
1609,3,q'aq',q'aq'
1609,4,u,u
1609,5,"pam,",pam
1609,6,Mawi,mawi
1609,7,xek'atik,xek'atik
1609,8,rumal.,rumal
1610,0,Xa,xa
1610,1,"b'olol,",b'olol
1610,2,Xa,xa
1610,3,tzimaj,tzimaj
1610,4,wi.,wi
1611,0,Xa,xa
1611,1,wi,wi
1611,2,xere,xere
1611,3,utz,utz
1611,4,chi,chi
1611,5,Ki,ki
1611,6,wach,wach
1611,7,Ta,ta
1611,8,xsaqirik.,xsaqirik
1612,0,Are',are'
1612,1,ta,ta
1612,2,kajawaxik,kajawaxik
1612,3,Ju,ju
1612,4,suk',suk'
1612,5,ta,ta
1612,6,kekamik,kekamik
1612,7,chupan,chupan
1612,8,Ri',ri'
1612,9,ke'ik'ow,ke'ik'ow
1612,10,wi.,wi
1613,0,Mawi,mawi
1613,1,keje'.,keje'
1614,0,Xa,xa
1614,1,wi,wi
1614,2,kasach,kasach
1614,3,ki,ki
1614,4,k'u'x,k'u'x
1614,5,Xib'alb'a,xib'alb'a
1614,6,rumal.,rumal
1615,0,XEKOJ,xekoj
1615,1,chik,chik
1615,2,chupan,chupan
1615,3,Sotz'in,sotz'in
1615,4,"Ja,",ja
1615,5,U,u
1615,6,tukel,tukel
1615,7,sotz',sotz'
1615,8,chupam,chupam
1615,9,chi,chi
1615,10,ja.,ja
1616,0,Jun,jun
1616,1,ja,ja
1616,2,chi,chi
1616,3,kama,kama
1616,4,"sotz',",sotz'
1616,5,Nima'q,nima'q
1616,6,chikop.,chikop
1617,0,Keje',keje'
1617,1,ri,ri
1617,2,cha,cha
1617,3,ki,ki
1617,4,"tza'm,",tza'm
1617,5,Ki,ki
1617,6,kamisab'al.,kamisab'al
1618,0,Ju,ju
1618,1,su,su
1618,2,chutzinik,chutzinik
1618,3,Chopon,chopon
1618,4,chikiwach.,chikiwach
1619,0,Xek'oje',xek'oje'
1619,1,k'u,k'u
1619,2,chiri',chiri'
1619,3,chupan,chupan
1619,4,Xa,xa
1619,5,pa,pa
1619,6,wub',wub'
1619,7,xewar,xewar
1619,8,wi.,wi
1620,0,Mawi,mawi
1620,1,xeti'ik,xeti'ik
1620,2,Rumal,rumal
1620,3,ri',ri'
1620,4,e,e
1620,5,k'o,k'o
1620,6,pa,pa
1620,7,ja.,ja
1621,0,Chiri',chiri'
1621,1,k'ut,k'ut
1621,2,xkiya',xkiya'
1621,3,wi,wi
1621,4,kib',kib'
1621,5,jun,jun
1621,6,wi,wi
1621,7,Rumal,rumal
1621,8,jun,jun
1621,9,chi,chi
1621,10,kama,kama
1621,11,sotz'.,sotz'
1622,0,"Chiqaj,",chiqaj
1622,1,Xpe,xpe
1622,2,wi.,wi
1623,0,Xa,xa
1623,1,wi,wi
1623,2,u,u
1623,3,k'utb'al,k'utb'al
1623,4,rib',rib'
1623,5,Ta,ta
1623,6,xkib'ano.,xkib'ano
1624,0,Rumal,rumal
1624,1,ko,ko
1624,2,kakitz'onoj,kakitz'onoj
1624,3,wi,wi
1624,4,Ki,ki
1624,5,na'oj.,na'oj
1625,0,Jun,jun
1625,1,aq'ab',aq'ab'
1625,2,k'u,k'u
1625,3,Ri,ri
1625,4,sotz',sotz'
1625,5,keb'ujujik:,keb'ujujik
1625,6,“Kilitz!,kilitz
1626,0,Kilitz,kilitz
1626,2,"Kecha',",kecha'
1626,3,Kecha',kecha'
1626,4,jun,jun
1626,5,aq'ab'.,aq'ab'
1627,0,Xtane',xtane'
1627,1,k'u,k'u
1627,2,ri',ri'
1627,3,sqaqi'n.,sqaqi'n
1628,0,Maja,maja
1628,1,b'i,b'i
1628,2,chik,chik
1628,3,kesilob'ik,kesilob'ik
1628,4,ri,ri
1628,5,sotz'.,sotz'
1629,0,Chiri',chiri'
1629,1,k'u,k'u
1629,2,chakal,chakal
1629,3,wi,wi
1629,4,ri,ri
1629,5,jun,jun
1629,6,Tza'm,tza'm
1629,7,wub'.,wub'
1630,0,Xcha',xcha'
1630,1,k'u,k'u
1630,2,ri,ri
1630,3,Xb'alanke:,xb'alanke
1630,4,"“Junajpu,",junajpu
1630,5,K'a,k'a
1630,6,janik',janik'
1630,7,pa,pa
1630,8,u,u
1630,9,saqirik,saqirik
1630,10,kawilo?”,kawilo
1630,11,“K'a,k'a
1630,12,janik'an,janik'an
1630,13,la',la'
1630,14,b'a,b'a
1630,15,lo,lo
1630,16,wila',wila'
1630,17,"na,”",na
1630,18,xcha',xcha'
1630,19,k'ut.,k'ut
1631,0,Qi,qi
1631,1,k'u,k'u
1631,2,are',are'
1631,3,karaj,karaj
1631,4,muqum,muqum
1631,5,uloq,uloq
1631,6,chuchi',chuchi'
1631,7,"wub',",wub'
1631,8,Karaj,karaj
1631,9,ril,ril
1631,10,uloq,uloq
1631,11,u,u
1631,12,saqirik.,saqirik
1632,0,K'ate,k'ate
1632,1,puch,puch
1632,2,ta,ta
1632,3,xqupix,xqupix
1632,4,u,u
1632,5,jolom,jolom
1632,6,rumal,rumal
1632,7,kama,kama
1632,8,"sotz',",sotz'
1632,9,Qupul,qupul
1632,10,chi,chi
1632,11,kanoq,kanoq
1632,12,u,u
1632,13,nimal,nimal
1632,14,ri,ri
1632,15,Junajpu.,junajpu
1633,0,"“Jucha'lik,",jucha'lik
1633,1,ma,ma
1633,2,mi,mi
1633,3,xsaqirik?”,xsaqirik
1633,4,xcha',xcha'
1633,5,ri,ri
1633,6,Xb'alanke.,xb'alanke
1634,0,Maja,maja
1634,1,b'i,b'i
1634,2,chik,chik
1634,3,chisilob'ik,chisilob'ik
1634,4,ri,ri
1634,5,Junajpu.,junajpu
1635,0,"“Jupacha',",jupacha'
1635,1,ma,ma
1635,2,xa,xa
1635,3,on,on
1635,4,mi,mi
1635,5,xb'ek,xb'ek
1635,6,Junajpu?,junajpu
1636,0,Jupacha',jupacha'
1636,1,mi,mi
1636,2,xab'ano?”,xab'ano
1636,3,Maja,maja
1636,4,b'i,b'i
1636,5,"chisilab'ik,",chisilab'ik
1636,6,Xaqi,xaqi
1636,7,chiqosos,chiqosos
1636,8,chik.,chik
1637,0,K'ate,k'ate
1637,1,k'ut,k'ut
1637,2,xuk'ixb'ij,xuk'ixb'ij
1637,3,Xb'alanke.,xb'alanke
1638,0,"“Akarok,",akarok
1638,1,mi,mi
1638,2,xqaya',xqaya'
1638,3,"yan,”",yan
1638,4,xcha',xcha'
1638,5,k'ut.,k'ut
1639,0,Chila',chila'
1639,1,k'ut,k'ut
1639,2,xb'e,xb'e
1639,3,k'ola,k'ola
1639,4,na,na
1639,5,wi,wi
1639,6,u,u
1639,7,"jolom,",jolom
1639,8,Chuwi',chuwi'
1639,9,jom.,jom
1640,0,Xa,xa
1640,1,wi,wi
1640,2,u,u
1640,3,tzij,tzij
1640,4,Jun,jun
1640,5,"Kame,",kame
1640,6,Wuqub',wuqub'
1640,7,Kame.,kame
1641,0,Keki'kot,keki'kot
1641,1,k'u,k'u
1641,2,ri,ri
1641,3,Xib'alb'a,xib'alb'a
1641,4,konojel,konojel
1641,5,Rumal,rumal
1641,6,u,u
1641,7,jolom,jolom
1641,8,Junajpu.,junajpu
1642,0,K'ate,k'ate
1642,1,k'ut,k'ut
1642,2,ta,ta
1642,3,xutaq,xutaq
1642,4,"chikop,",chikop
1642,5,Ronojel:,ronojel
1642,6,"Sis,",sis
1642,7,"Aq,",aq
1642,8,Ronojel,ronojel
1642,9,ch'uti,ch'uti
1642,10,"chikop,",chikop
1642,11,Nima,nima
1642,12,"chikop,",chikop
1642,13,"Chaq'ab',",chaq'ab'
1642,14,Xa,xa
1642,15,wi,wi
1642,16,xare,xare
1642,17,raq'ab'al.,raq'ab'al
1643,0,Ta,ta
1643,1,xutz'onoj,xutz'onoj
1643,2,k'ut,k'ut
1643,3,Kecha'.,kecha'
1644,0,“Naqi,naqi
1644,1,taq,taq
1644,2,pa,pa
1644,3,iwecha',iwecha'
1644,4,chi,chi
1644,5,jujunal,jujunal
1644,6,Are',are'
1644,7,kixnutaq,kixnutaq
1644,8,wi,wi
1644,9,chik'am,chik'am
1644,10,uloq,uloq
1644,11,ri,ri
1644,12,"iwecha',”",iwecha'
1644,13,Xcha',xcha'
1644,14,k'ut,k'ut
1644,15,Xb'alanke,xb'alanke
1644,16,chike.,chike
1645,0,“Utz,utz
1645,1,b'a,b'a
1645,2,"la',”",la'
1645,3,xecha',xecha'
1645,4,k'ut.,k'ut
1646,0,Ta,ta
1646,1,xeb'ek,xeb'ek
1646,2,e,e
1646,3,k'amol,k'amol
1646,4,"rech,",rech
1646,5,Ta,ta
1646,6,xe'ul,xe'ul
1646,7,je,je
1646,8,k'ut,k'ut
1646,9,konojel.,konojel
1647,0,K'o,k'o
1647,1,xa,xa
1647,2,q'umar,q'umar
1647,3,rech,rech
1647,4,xb'e,xb'e
1647,5,u,u
1647,6,"k'ama',",k'ama'
1647,7,K'o,k'o
1647,8,xa,xa
1647,9,tz'alik,tz'alik
1647,10,xb'e,xb'e
1647,11,u,u
1647,12,"k'ama',",k'ama'
1647,13,K'o,k'o
1647,14,xa,xa
1647,15,ab'aj,ab'aj
1647,16,xb'e,xb'e
1647,17,u,u
1647,18,"k'ama',",k'ama'
1647,19,K'o,k'o
1647,20,xa,xa
1647,21,ulew,ulew
1647,22,xb'e,xb'e
1647,23,u,u
1647,24,k'ama'.,k'ama'
1648,0,Jalajoj,jalajoj
1648,1,kecha',kecha'
1648,2,ri,ri
1648,3,[ch'uti],ch'uti
1648,4,"chikop,",chikop
1648,5,Nima,nima
1648,6,chikop.,chikop
1649,0,K'i,k'i
1649,1,pu,pu
1649,2,k'a,k'a
1649,3,u,u
1649,4,xamb'e,xamb'e
1649,5,kanajoq,kanajoq
1649,6,ri,ri
1649,7,"sis,",sis
1649,8,Q'oq',q'oq'
1649,9,xb'e,xb'e
1649,10,u,u
1649,11,k'ama'.,k'ama'
1650,0,Kub'alka'tij,kub'alka'tij
1650,1,chutza'm,chutza'm
1650,2,kapetik.,kapetik
1651,0,Are',are'
1651,1,k'ut,k'ut
1651,2,xok,xok
1651,3,jalwachib'al,jalwachib'al
1651,4,u,u
1651,5,jolom,jolom
1651,6,Junajpu.,junajpu
1652,0,Lib'aj,lib'aj
1652,1,chi,chi
1652,2,xk'otox,xk'otox
1652,3,u,u
1652,4,b'aq',b'aq'
1652,5,u,u
1652,6,wach.,wach
1653,0,Tzatz,tzatz
1653,1,chi,chi
1653,2,aj,aj
1653,3,na'oj,na'oj
1653,4,chi,chi
1653,5,kaj,kaj
1653,6,xpe,xpe
1653,7,wi.,wi
1654,0,Are',are'
1654,1,u,u
1654,2,K'u'x,k'u'x
1654,3,"Kaj,",kaj
1654,4,Juraqan.,juraqan
1655,0,Xulk'o,xulk'o
1655,1,"loq,",loq
1655,2,Xulu,xulu
1655,3,k'u,k'u
1655,4,loq,loq
1655,5,Chiri',chiri'
1655,6,Pa,pa
1655,7,Sotz'i,sotz'i
1655,8,Ja.,ja
1656,0,Utz,utz
1656,1,chik,chik
1656,2,xuxik.,xuxik
1657,0,Xa,xa
1657,1,wi,wi
1657,2,xare,xare
1657,3,u,u
1657,4,ch'uq,ch'uq
1657,5,jeb'el,jeb'el
1657,6,"xwachinik,",xwachinik
1657,7,Xa,xa
1657,8,wi,wi
1657,9,xare,xare
1657,10,xch'awik.,xch'awik
1658,0,Are,are
1658,1,k'ut,k'ut
1658,2,ta,ta
1658,3,chiraj,chiraj
1658,4,"saqirik,",saqirik
1658,5,Chikaqtarin,chikaqtarin
1658,6,u,u
1658,7,xe',xe'
1658,8,kaj.,kaj
1659,0,“Kaxaqi',kaxaqi'
1659,1,na,na
1659,2,"chik,",chik
1659,3,"Ama',”",ama'
1659,4,xuchax,xuchax
1659,5,ri,ri
1659,6,wuch'.,wuch'
1660,0,"“We',”",we'
1660,1,xcha',xcha'
1660,2,ri,ri
1660,3,mama'.,mama'
1661,0,Ta,ta
1661,1,chi,chi
1661,2,xaqinik.,xaqinik
1662,0,K'ate,k'ate
1662,1,ta,ta
1662,2,chiq'equ'mar,chiq'equ'mar
1662,3,chik.,chik
1663,0,Kaj,kaj
1663,1,mul,mul
1663,2,xaqin,xaqin
1663,3,ri,ri
1663,4,mama'.,mama'
1664,0,“Kaxaqin,kaxaqin
1664,1,"wuch',”",wuch'
1664,2,Kacha',kacha'
1664,3,winaq,winaq
1664,4,wakamik.,wakamik
1665,0,Xa,xa
1665,1,k'u,k'u
1665,2,kaq,kaq
1665,3,rax,rax
1665,4,utzinik,utzinik
1665,5,Ta,ta
1665,6,xutikib'a',xutikib'a'
1665,7,u,u
1665,8,k'ojik.,k'ojik
1666,0,“Ma,ma
1666,1,utz?”,utz
1666,2,chuchax,chuchax
1666,3,k'ut,k'ut
1666,4,Junajpu.,junajpu
1667,0,“Je',je'
1667,1,"utz,”",utz
1667,2,xcha',xcha'
1667,3,k'ut.,k'ut
1668,0,Xa,xa
1668,1,wi,wi
1668,2,xare,xare
1668,3,chub'aqitila',chub'aqitila'
1668,4,u,u
1668,5,"jolom,",jolom
1668,6,Keje',keje'
1668,7,ri',ri'
1668,8,qitzij,qitzij
1668,9,u,u
1668,10,jolom,jolom
1668,11,xuxik.,xuxik
1669,0,K'ate,k'ate
1669,1,k'ut,k'ut
1669,2,ta,ta
1669,3,xkib'an,xkib'an
1669,4,ki,ki
1669,5,"tzij,",tzij
1669,6,Xepixab'an,xepixab'an
1669,7,kib'.,kib'
1670,0,“Ma,ma
1670,1,naqi,naqi
1670,2,"katcha'jik,",katcha'jik
1670,3,Xaqi,xaqi
1670,4,chayekuj,chayekuj
1670,5,awib'.,awib'
1671,0,Xa,xa
1671,1,in,in
1671,2,"jun,",jun
1671,3,Qi,qi
1671,4,"kinb'anowik,”",kinb'anowik
1671,5,xcha',xcha'
1671,6,Xb'alanke,xb'alanke
1671,7,chire.,chire
1672,0,K'ate,k'ate
1672,1,k'ut,k'ut
1672,2,ta,ta
1672,3,xupixab'aj,xupixab'aj
1672,4,jun,jun
1672,5,umul:,umul
1672,6,“Katk'oje',katk'oje'
1672,7,ta,ta
1672,8,chiri',chiri'
1672,9,Chuwi',chuwi'
1672,10,jom.,jom
1673,0,Chi,chi
1673,1,"wi',",wi'
1673,2,Katk'oje',katk'oje'
1673,3,wi,wi
1673,4,chupan,chupan
1673,5,"pixk,”",pixk
1673,6,Xuchax,xuchax
1673,7,umul,umul
1673,8,rumal,rumal
1673,9,Xb'alanke.,xb'alanke
1674,0,“Chopon,chopon
1674,1,na,na
1674,2,kik',kik'
1674,3,"awuk',",awuk'
1674,4,K'ate,k'ate
1674,5,katelik,katelik
1674,6,K'a,k'a
1674,7,in,in
1674,8,"kib'anowik,”",kib'anowik
1674,9,Xuchax,xuchax
1674,10,ri,ri
1674,11,"umul,",umul
1674,12,Ta,ta
1674,13,xpixab'axik,xpixab'axik
1674,14,Chaq'ab'.,chaq'ab'
1675,0,K'ate,k'ate
1675,1,k'ut,k'ut
1675,2,ta,ta
1675,3,"xsaqirik,",xsaqirik
1675,4,Xa,xa
1675,5,wi,wi
1675,6,xare,xare
1675,7,utz,utz
1675,8,ki,ki
1675,9,wach,wach
1675,10,ki,ki
1675,11,kab',kab'
1675,12,ichal.,ichal
1676,0,XQAJ,xqaj
1676,1,chi,chi
1676,2,k'u,k'u
1676,3,ki,ki
1676,4,"cha'j,",cha'j
1676,5,K'olan,k'olan
1676,6,chi,chi
1676,7,k'u,k'u
1676,8,u,u
1676,9,jolom,jolom
1676,10,Junajpu,junajpu
1676,11,chuwi',chuwi'
1676,12,jom.,jom
1677,0,“Mi,mi
1677,1,xqach'ako,xqach'ako
1677,2,"yan,",yan
1677,3,Mi,mi
1677,4,"xib'ano,",xib'ano
1677,5,"Kiya'n,",kiya'n
1677,6,Mi,mi
1677,7,"xiya'o,”",xiya'o
1677,8,Xe'uchaxik.,xe'uchaxik
1678,0,Xa,xa
1678,1,wi,wi
1678,2,k'u,k'u
1678,3,xere,xere
1678,4,chisik'in,chisik'in
1678,5,Junajpu:,junajpu
1678,6,“Chak'aqa',chak'aqa'
1678,7,ri,ri
1678,8,jolom,jolom
1678,9,chi,chi
1678,10,"kik',”",kik'
1678,11,Ke'uchaxik.,ke'uchaxik
1679,0,“Ma,ma
1679,1,k'u,k'u
1679,2,chikiqaq'axow,chikiqaq'axow
1679,3,"chik,",chik
1679,4,Chiyekow,chiyekow
1679,5,qib'.”,qib'
1679,6,Are',are'
1679,7,k'u,k'u
1679,8,xetzaqow,xetzaqow
1679,9,kik',kik'
1679,10,rajawal,rajawal
1679,11,Xib'alb'a.,xib'alb'a
1680,0,Xuk'ul,xuk'ul
1680,1,k'ut,k'ut
1680,2,Xb'alanke.,xb'alanke
1681,0,Taqal,taqal
1681,1,k'u,k'u
1681,2,ri,ri
1681,3,kik',kik'
1681,4,chuwach,chuwach
1681,5,"b'ate,",b'ate
1681,6,Chitanenik.,chitanenik
1682,0,Ta,ta
1682,1,"xelik,",xelik
1682,2,Ju,ju
1682,3,su,su
1682,4,k'u,k'u
1682,5,xik'ow,xik'ow
1682,6,kik',kik'
1682,7,chuwi',chuwi'
1682,8,jom.,jom
1683,0,Xa,xa
1683,1,"jun,",jun
1683,2,Xa,xa
1683,3,ka,ka
1683,4,nab',nab'
1683,5,wi,wi
1683,6,taqal,taqal
1683,7,pa,pa
1683,8,pix.,pix
1684,0,Ta,ta
1684,1,xel,xel
1684,2,k'u,k'u
1684,3,ri,ri
1684,4,umul,umul
1684,5,"Chik'oxk'otik,",chik'oxk'otik
1684,6,Ta,ta
1684,7,xb'ek,xb'ek
1684,8,oq'otal,oq'otal
1684,9,"k'ut,",k'ut
1684,10,Ta,ta
1684,11,xb'e,xb'e
1684,12,kumal,kumal
1684,13,ri,ri
1684,14,Xib'alb'a.,xib'alb'a
1685,0,"Kejuminik,",kejuminik
1685,1,Kechaninik.,kechaninik
1686,0,Xeb'e,xeb'e
1686,1,chirij,chirij
1686,2,ri,ri
1686,3,"umul,",umul
1686,4,Xek'is,xek'is
1686,5,b'e,b'e
1686,6,konojel,konojel
1686,7,Xib'alb'a.,xib'alb'a
1687,0,K'ate,k'ate
1687,1,k'ut,k'ut
1687,2,xkik'amixtaj,xkik'amixtaj
1687,3,ri,ri
1687,4,u,u
1687,5,jolom,jolom
1687,6,"Junajpu,",junajpu
1687,7,Xtikixtaj,xtikixtaj
1687,8,chik,chik
1687,9,u,u
1687,10,q'oq',q'oq'
1687,11,Xb'alanke.,xb'alanke
1688,0,Are',are'
1688,1,chi,chi
1688,2,k'ut,k'ut
1688,3,xb'e,xb'e
1688,4,Kikub'a',kikub'a'
1688,5,ri,ri
1688,6,q'oq',q'oq'
1688,7,chuwi',chuwi'
1688,8,jom.,jom
1689,0,Qitzij,qitzij
1689,1,jolom,jolom
1689,2,chi,chi
1689,3,k'u,k'u
1689,4,U,u
1689,5,jolom,jolom
1689,6,ri,ri
1689,7,Junajpu.,junajpu
1690,0,Keki'kot,keki'kot
1690,1,chi,chi
1690,2,"k'u,",k'u
1690,3,Ki,ki
1690,4,kab',kab'
1690,5,ichal.,ichal
1691,0,Are',are'
1691,1,k'ut,k'ut
1691,2,keb'e,keb'e
1691,3,tzuku,tzuku
1691,4,na,na
1691,5,kik',kik'
1691,6,Ri,ri
1691,7,Xib'alb'a.,xib'alb'a
1692,0,K'ate,k'ate
1692,1,k'ut,k'ut
1692,2,xkik'amixtaj,xkik'amixtaj
1692,3,"chi,",chi
1692,4,Ri,ri
1692,5,kik',kik'
1692,6,pa,pa
1692,7,pix.,pix
1693,0,Ta,ta
1693,1,xesik'in,xesik'in
1693,2,chi,chi
1693,3,k'ut:,k'ut
1693,4,“Kixpetoq!,kixpetoq
1694,0,Wa'e,wa'e
1694,1,kik',kik'
1694,2,"qe,",qe
1694,3,Mi,mi
1694,4,xqariqo!”,xqariqo
1694,5,xecha'.,xecha'
1695,0,Ki,ki
1695,1,k'olem,k'olem
1695,2,chi,chi
1695,3,k'ut,k'ut
1695,4,Ta,ta
1695,5,xe'ul,xe'ul
1695,6,Xib'alb'a.,xib'alb'a
1696,0,“Naqi,naqi
1696,1,pa,pa
1696,2,ri',ri'
1696,3,mi,mi
1696,4,xqilo?”,xqilo
1696,5,Xecha',xecha'
1696,6,k'ut.,k'ut
1697,0,Ta,ta
1697,1,xkitikib'a',xkitikib'a'
1697,2,chi,chi
1697,3,k'ut,k'ut
1697,4,"cha'jik,",cha'jik
1697,5,K'ate,k'ate
1697,6,k'ut,k'ut
1697,7,xk'aqataj,xk'aqataj
1697,8,ri,ri
1697,9,q'oq',q'oq'
1697,10,rumal,rumal
1697,11,Xb'alanke.,xb'alanke
1698,0,Chipuk'ab'in,chipuk'ab'in
1698,1,ri,ri
1698,2,q'oq',q'oq'
1698,3,xqaj,xqaj
1698,4,pa,pa
1698,5,jom.,jom
1699,0,Saqiram,saqiram
1699,1,k'u,k'u
1699,2,Ri,ri
1699,3,u,u
1699,4,sakilal,sakilal
1699,5,chikiwach.,chikiwach
1700,0,“Naqi,naqi
1700,1,pa,pa
1700,2,ri',ri'
1700,3,chib'e,chib'e
1700,4,i,i
1700,5,k'ama'?,k'ama'
1701,0,Apa,apa
1701,1,k'o,k'o
1701,2,wi,wi
1701,3,ri,ri
1701,4,k'amol,k'amol
1701,5,re?”,re
1701,6,xcha',xcha'
1701,7,Xib'alb'a.,xib'alb'a
1702,0,Keje',keje'
1702,1,k'ut,k'ut
1702,2,ki,ki
1702,3,ch'akatajik,ch'akatajik
1702,4,Rajawal,rajawal
1702,5,"Xib'alb'a,",xib'alb'a
1702,6,Rumal,rumal
1702,7,"Junajpu,",junajpu
1702,8,Xb'alanke.,xb'alanke
1703,0,Nima,nima
1703,1,k'axk'ol,k'axk'ol
1703,2,xek'oje',xek'oje'
1703,3,"wi,",wi
1703,4,Mawi,mawi
1703,5,are',are'
1703,6,xekam,xekam
1703,7,wi.,wi
1704,0,Ri,ri
1704,1,ronojel,ronojel
1704,2,Xb'an,xb'an
1704,3,chike.,chike
1705,0,ARE',are'
1705,1,k'ut,k'ut
1705,2,wa'e,wa'e
1705,3,ki,ki
1705,4,nab'al,nab'al
1705,5,ki,ki
1705,6,kamik,kamik
1705,7,"Junajpu,",junajpu
1705,8,Xb'alanke.,xb'alanke
1706,0,Are',are'
1706,1,wa',wa'
1706,2,ki,ki
1706,3,nab'al,nab'al
1706,4,ki,ki
1706,5,kamik,kamik
1706,6,xchiqab'ij,xchiqab'ij
1706,7,chik.,chik
1707,0,Ta,ta
1707,1,xepixab'aj,xepixab'aj
1707,2,"k'ut,",k'ut
1707,3,Xkib'ano.,xkib'ano
1708,0,Ronojel,ronojel
1708,1,"k'axk'ol,",k'axk'ol
1708,2,Ra'il,ra'il
1708,3,xb'an,xb'an
1708,4,"chike,",chike
1708,5,Mawi,mawi
1708,6,xekamik,xekamik
1708,7,rumal,rumal
1708,8,U,u
1708,9,tijob'al,tijob'al
1708,10,Xib'alb'a.,xib'alb'a
1709,0,Mawi,mawi
1709,1,xech'akatajik,xech'akatajik
1709,2,rumal,rumal
1709,3,Ronojel,ronojel
1709,4,ti'onel,ti'onel
1709,5,chikop,chikop
1709,6,e,e
1709,7,k'o,k'o
1709,8,chi,chi
1709,9,Xib'alb'a.,xib'alb'a
1710,0,K'ate,k'ate
1710,1,k'ut,k'ut
1710,2,ta,ta
1710,3,xkitaq,xkitaq
1710,4,chi,chi
1710,5,kaib',kaib'
1710,6,"nik'wachinel,",nik'wachinel
1710,7,Keje',keje'
1710,8,ri',ri'
1710,9,e,e
1710,10,ilol.,ilol
1711,0,Are',are'
1711,1,ki,ki
1711,2,b'i',b'i'
1711,3,wa':,wa'
1711,4,"Xulu,",xulu
1711,5,Paqam.,paqam
1712,0,E,e
1712,1,eta'manel.,eta'manel
1713,0,“We,we
1713,1,kojtz'onoxik,kojtz'onoxik
1713,2,chiwe,chiwe
1713,3,kumal,kumal
1713,4,rajawal,rajawal
1713,5,"Xib'alb'a,",xib'alb'a
1713,6,Rumal,rumal
1713,7,ri',ri'
1713,8,qa,qa
1713,9,kamik.,kamik
1714,0,Ki,ki
1714,1,na'oj,na'oj
1714,2,kakinuk',kakinuk'
1714,3,Rumal,rumal
1714,4,ri',ri'
1714,5,mawi,mawi
1714,6,mi,mi
1714,7,"xojkamik,",xojkamik
1714,8,Ma,ma
1714,9,pu,pu
1714,10,mi,mi
1714,11,xojch'akatajik.,xojch'akatajik
1715,0,Mi,mi
1715,1,xqasach,xqasach
1715,2,ki,ki
1715,3,"tijob'al,",tijob'al
1715,4,Ma,ma
1715,5,xa,xa
1715,6,chikop,chikop
1715,7,chok,chok
1715,8,chiqe.,chiqe
1716,0,Are',are'
1716,1,k'u,k'u
1716,2,retal,retal
1716,3,wa',wa'
1716,4,chi,chi
1716,5,qa,qa
1716,6,k'u'x:,k'u'x
1716,7,Chojim,chojim
1716,8,ab'aj,ab'aj
1716,9,kamisab'al,kamisab'al
1716,10,qe,qe
1716,11,kumal.,kumal
1717,0,Mi,mi
1717,1,xekuchu,xekuchu
1717,2,kib',kib'
1717,3,ronojel,ronojel
1717,4,"Xib'alb'a,",xib'alb'a
1717,5,Ma,ma
1717,6,k'u,k'u
1717,7,qitzij,qitzij
1717,8,ta,ta
1717,9,kojkamik.,kojkamik
1718,0,Are',are'
1718,1,k'u,k'u
1718,2,i,i
1718,3,na'oj,na'oj
1718,4,Wa',wa'
1718,5,xchiqab'ij.,xchiqab'ij
1719,0,We,we
1719,1,kixul,kixul
1719,2,tz'onob'exoq,tz'onob'exoq
1719,3,kumal,kumal
1719,4,Chirech,chirech
1719,5,qa,qa
1719,6,kamik,kamik
1719,7,ta,ta
1719,8,"kojk'atoq,",kojk'atoq
1719,9,Naqi,naqi
1719,10,"xchikucha'j,",xchikucha'j
1719,11,Ix,ix
1719,12,"Xulu,",xulu
1719,13,Ix,ix
1719,14,"Paqam,",paqam
1719,15,We,we
1719,16,kecha',kecha'
1719,17,chiwe?,chiwe
1720,0,‘Ma,ma
1720,1,utz,utz
1720,2,lo,lo
1720,3,Chiqatix,chiqatix
1720,4,ta,ta
1720,5,Ki,ki
1720,6,b'aqil,b'aqil
1720,7,pa,pa
1720,8,"siwan,’",siwan
1720,9,‘We,we
1720,10,ma,ma
1720,11,b'a,b'a
1720,12,utz?,utz
1721,0,‘We,we
1721,1,b'a,b'a
1721,2,are',are'
1721,3,utz,utz
1721,4,Xa,xa
1721,5,chiqaxekeb'a',chiqaxekeb'a'
1721,6,Chuwi',chuwi'
1721,7,che'?’,che'
1721,8,ta,ta
1721,9,kecha',kecha'
1721,10,chik,chik
1721,11,chiwe.,chiwe
1722,0,‘Xax,xax
1722,1,ma,ma
1722,2,utz,utz
1722,3,"wi,",wi
1722,4,Xa,xa
1722,5,wi,wi
1722,6,xere,xere
1722,7,chiwil,chiwil
1722,8,"chikiwach,’",chikiwach
1722,9,kixcha'.,kixcha'
1723,0,Ta,ta
1723,1,kecha',kecha'
1723,2,chi,chi
1723,3,k'ut,k'ut
1723,4,Chi,chi
1723,5,rox,rox
1723,6,"mul,",mul
1723,7,‘Xa,xa
1723,8,b'a,b'a
1723,9,are',are'
1723,10,rutzil,rutzil
1723,11,Xa,xa
1723,12,chiqatix,chiqatix
1723,13,ki,ki
1723,14,b'aqil,b'aqil
1723,15,pa,pa
1723,16,raqan,raqan
1723,17,ja'?’,ja'
1723,18,We,we
1723,19,k'ut,k'ut
1723,20,kixuchax,kixuchax
1723,21,chik,chik
1723,22,"kumal,",kumal
1723,23,‘Are',are'
1723,24,utz,utz
1723,25,b'a,b'a
1723,26,la',la'
1723,27,"kekamik,",kekamik
1723,28,K'ate,k'ate
1723,29,k'u,k'u
1723,30,utz,utz
1723,31,Chijok',chijok'
1723,32,ki,ki
1723,33,b'aqil,b'aqil
1723,34,chuwach,chuwach
1723,35,"ab'aj,",ab'aj
1723,36,Keje',keje'
1723,37,ri',ri'
1723,38,chike'x,chike'x
1723,39,k'ajim,k'ajim
1723,40,"jal,",jal
1723,41,Jujunal,jujunal
1723,42,k'u,k'u
1723,43,chike'ik.,chike'ik
1724,0,Chirikaj,chirikaj
1724,1,k'u,k'u
1724,2,"a',",a'
1724,3,Chib'e,chib'e
1724,4,ch'uti,ch'uti
1724,5,"juyub',",juyub'
1724,6,Nima,nima
1724,7,"juyub',’",juyub'
1724,8,Kixcha',kixcha'
1724,9,k'ut.,k'ut
1725,0,Ta,ta
1725,1,chik'utunisaj,chik'utunisaj
1725,2,Ri,ri
1725,3,qa,qa
1725,4,"pixab',",pixab'
1725,5,Mi,mi
1725,6,xqab'ij,xqab'ij
1725,7,"chiwe,”",chiwe
1725,8,Xecha',xecha'
1725,9,"Xjunajpu,",xjunajpu
1725,10,Xb'alanke.,xb'alanke
1726,0,Ta,ta
1726,1,"xepixab'ik,",xepixab'ik
1726,2,Xketa'maj,xketa'maj
1726,3,ki,ki
1726,4,kamik.,kamik
1727,0,Are',are'
1727,1,kab'an,kab'an
1727,2,ri,ri
1727,3,nima,nima
1727,4,chojim,chojim
1727,5,"ab'aj,",ab'aj
1727,6,Keje',keje'
1727,7,ri,ri
1727,8,chojib'al.,chojib'al
1728,0,Qi,qi
1728,1,xkib'an,xkib'an
1728,2,"Xib'alb'a,",xib'alb'a
1728,3,Nima'q,nima'q
1728,4,xaq,xaq
1728,5,xkikojo.,xkikojo
1729,0,K'ate,k'ate
1729,1,k'ut,k'ut
1729,2,xul,xul
1729,3,"samajel,",samajel
1729,4,Achb'ilay,achb'ilay
1729,5,"ke,",ke
1729,6,U,u
1729,7,samajel,samajel
1729,8,Jun,jun
1729,9,"Kame,",kame
1729,10,Wuqub',wuqub'
1729,11,Kame.,kame
1730,0,“‘Kepetoq!,kepetoq
1731,0,Kojb'e,kojb'e
1731,1,ta,ta
1731,2,kuk',kuk'
1731,3,"k'ajolab',",k'ajolab'
1731,4,Chib'e,chib'e
1731,5,ta,ta
1731,6,Kila',kila'
1731,7,K'a,k'a
1731,8,"kixqachojij,’",kixqachojij
1731,9,Kacha',kacha'
1731,10,"ajaw,",ajaw
1731,11,Ix,ix
1731,12,"k'ajolab',”",k'ajolab'
1731,13,Xe'uchaxik.,xe'uchaxik
1732,0,“Utz,utz
1732,1,b'a,b'a
1732,2,"la',”",la'
1732,3,Xecha',xecha'
1732,4,k'ut.,k'ut
1733,0,Anim,anim
1733,1,"xeb'ek,",xeb'ek
1733,2,Xe'opon,xe'opon
1733,3,k'ut,k'ut
1733,4,chuchi',chuchi'
1733,5,choj.,choj
1734,0,Chiri',chiri'
1734,1,k'ut,k'ut
1734,2,xeraj,xeraj
1734,3,ch'ij,ch'ij
1734,4,wi,wi
1734,5,Chi,chi
1734,6,etz'anem.,etz'anem
1735,0,“Qach'opij,qach'opij
1735,1,wa'e,wa'e
1735,2,ri,ri
1735,3,qa,qa
1735,4,"ki',",ki'
1735,5,Kaj,kaj
1735,6,taq,taq
1735,7,mul,mul
1735,8,"taj,",taj
1735,9,Chi,chi
1735,10,q'axiq'aj,q'axiq'aj
1735,11,"Chiqajujunal,",chiqajujunal
1735,12,Ix,ix
1735,13,"k'ajolab',”",k'ajolab'
1735,14,xecha'x,xecha'x
1735,15,k'ut,k'ut
1735,16,Rumal,rumal
1735,17,Jun,jun
1735,18,Kame.,kame
1736,0,“Mawi,mawi
1736,1,are',are'
1736,2,kojimich',kojimich'
1736,3,wi,wi
1736,4,ri'.,ri'
1737,0,Ma,ma
1737,1,pa,pa
1737,2,qeta'm,qeta'm
1737,3,qa,qa
1737,4,"kamik,",kamik
1737,5,Ix,ix
1737,6,ajawab'?,ajawab'
1738,0,Chiwila',chiwila'
1738,1,"na,”",na
1738,2,xecha',xecha'
1738,3,k'ut.,k'ut
1739,0,Ta,ta
1739,1,xkik'ulawachij,xkik'ulawachij
1739,2,ki,ki
1739,3,"wach,",wach
1739,4,Xkirip,xkirip
1739,5,ki,ki
1739,6,q'ab',q'ab'
1739,7,ki,ki
1739,8,kab',kab'
1739,9,"ichal,",ichal
1739,10,E,e
1739,11,pu,pu
1739,12,jupujuj,jupujuj
1739,13,ta,ta
1739,14,xeb'ek,xeb'ek
1739,15,pa,pa
1739,16,"choj,",choj
1739,17,Chiri',chiri'
1739,18,k'ut,k'ut
1739,19,xekam,xekam
1739,20,wi,wi
1739,21,ki,ki
1739,22,kab',kab'
1739,23,ichal.,ichal
1740,0,Keki'kot,keki'kot
1740,1,chi,chi
1740,2,k'ut,k'ut
1740,3,Ronojel,ronojel
1740,4,Xib'alb'a.,xib'alb'a
1741,0,Taqal,taqal
1741,1,ki,ki
1741,2,"yuyub',",yuyub'
1741,3,Taqal,taqal
1741,4,ki,ki
1741,5,xulq'ab'.,xulq'ab'
1742,0,“Mi,mi
1742,1,xeqach'ako!,xeqach'ako
1743,0,Qitzij,qitzij
1743,1,mawi,mawi
1743,2,ata'n,ata'n
1743,3,xkiya',xkiya'
1743,4,"kib',”",kib'
1743,5,xecha'.,xecha'
1744,0,K'ate,k'ate
1744,1,k'ut,k'ut
1744,2,ki,ki
1744,3,taqik,taqik
1744,4,ri,ri
1744,5,"Xulu,",xulu
1744,6,"Paqam,",paqam
1744,7,Xkanaj,xkanaj
1744,8,wi,wi
1744,9,ki,ki
1744,10,tzij.,tzij
1745,0,Xa,xa
1745,1,wi,wi
1745,2,xare,xare
1745,3,xtz'onox,xtz'onox
1745,4,Ri,ri
1745,5,xb'e,xb'e
1745,6,wi,wi
1745,7,ki,ki
1745,8,"b'aqil,",b'aqil
1745,9,Ta,ta
1745,10,xeq'ijin,xeq'ijin
1745,11,Xib'alb'a.,xib'alb'a
1746,0,Xjok',xjok'
1746,1,ki,ki
1746,2,"b'aqil,",b'aqil
1746,3,Xb'e,xb'e
1746,4,tixoq,tixoq
1746,5,chi,chi
1746,6,raqan,raqan
1746,7,"a',",a'
1746,8,Ma,ma
1746,9,k'u,k'u
1746,10,xeb'e,xeb'e
1746,11,ta,ta
1746,12,chi,chi
1746,13,naj.,naj
1747,0,Xa,xa
1747,1,ju,ju
1747,2,su,su
1747,3,xeqaj,xeqaj
1747,4,chuxe',chuxe'
1747,5,a'.,a'
1748,0,E,e
1748,1,cha'om,cha'om
1748,2,k'ajolab',k'ajolab'
1748,3,"xe'uxik,",xe'uxik
1748,4,Xa,xa
1748,5,wi,wi
1748,6,xere,xere
1748,7,ki,ki
1748,8,wach,wach
1748,9,xuxik.,xuxik
1749,0,Xek'utun,xek'utun
1749,1,chi,chi
1749,2,"k'ut,",k'ut
1750,0,CHI,chi
1750,1,ro',ro'
1750,2,b'ix,b'ix
1750,3,k'ut,k'ut
1750,4,xek'utun,xek'utun
1750,5,chik.,chik
1751,0,Xe'il,xe'il
1751,1,chi,chi
1751,2,ya',ya'
1751,3,rumal,rumal
1751,4,"winaq,",winaq
1751,5,E,e
1751,6,kaib',kaib'
1751,7,keje',keje'
1751,8,ri,ri
1751,9,xa,xa
1751,10,winaq,winaq
1751,11,kar,kar
1751,12,xewachinik.,xewachinik
1752,0,Ta,ta
1752,1,xil,xil
1752,2,ki,ki
1752,3,wach,wach
1752,4,kumal,kumal
1752,5,"Xib'alb'a,",xib'alb'a
1752,6,Xetzukux,xetzukux
1752,7,k'ut,k'ut
1752,8,chi,chi
1752,9,taq,taq
1752,10,ya'.,ya'
1753,0,Xchuweqa,xchuweqa
1753,1,k'ut,k'ut
1753,2,"kek'utunoq,",kek'utunoq
1753,3,E,e
1753,4,kaib',kaib'
1753,5,chi,chi
1753,6,meb'a'.,meb'a'
1754,0,Atz'iyaq,atz'iyaq
1754,1,ki,ki
1754,2,"wach,",wach
1754,3,Atz'iyaq,atz'iyaq
1754,4,pu,pu
1754,5,"kij,",kij
1754,6,Atz'iyaq,atz'iyaq
1754,7,k'ut,k'ut
1754,8,ki,ki
1754,9,q'u'.,q'u'
1755,0,Ta,ta
1755,1,qi,qi
1755,2,xe'ilik,xe'ilik
1755,3,rumal,rumal
1755,4,Xib'alb'a.,xib'alb'a
1756,0,Jala,jala
1756,1,chi,chi
1756,2,k'ut,k'ut
1756,3,xkib'ano,xkib'ano
1756,4,Xa,xa
1756,5,Xajoj,xajoj
1756,6,"Pujuy,",pujuy
1756,7,Xajoj,xajoj
1756,8,"Kux,",kux
1756,9,Xa,xa
1756,10,Ib'oy,ib'oy
1756,11,"xkixajo,",xkixajo
1756,12,Xa,xa
1756,13,"Xtz'ul,",xtz'ul
1756,14,Xa,xa
1756,15,Ch'itik,ch'itik
1756,16,xkixaj,xkixaj
1756,17,chik.,chik
1757,0,K'iya,k'iya
1757,1,mayijab'al,mayijab'al
1757,2,xkib'an,xkib'an
1757,3,chik.,chik
1758,0,Xkiporoj,xkiporoj
1758,1,ja,ja
1758,2,keje',keje'
1758,3,ri',ri'
1758,4,qitzij,qitzij
1758,5,"chik'atik,",chik'atik
1758,6,Lib'aj,lib'aj
1758,7,chi,chi
1758,8,k'ut,k'ut
1758,9,chiwinaqir,chiwinaqir
1758,10,chik.,chik
1759,0,Tzatz,tzatz
1759,1,chi,chi
1759,2,Xib'alb'a,xib'alb'a
1759,3,chika'yik.,chika'yik
1760,0,K'ate,k'ate
1760,1,chikipus,chikipus
1760,2,kib'.,kib'
1761,0,Chikam,chikam
1761,1,jun,jun
1761,2,"chike,",chike
1761,3,Chipune',chipune'
1761,4,na,na
1761,5,chi,chi
1761,6,kaminaqil.,kaminaqil
1762,0,Nab'e,nab'e
1762,1,chikikamisaj,chikikamisaj
1762,2,"kib',",kib'
1762,3,Xa,xa
1762,4,kika'y,kika'y
1762,5,"Xib'alb'a,",xib'alb'a
1762,6,Ta,ta
1762,7,chikib'ano.,chikib'ano
1763,0,Ronojel,ronojel
1763,1,xkib'an,xkib'an
1763,2,"chik,",chik
1763,3,U,u
1763,4,xe'najik,xe'najik
1763,5,"chik,",chik
1763,6,Ch'akb'al,ch'akb'al
1763,7,kech,kech
1763,8,Xib'alb'a,xib'alb'a
1763,9,kumal.,kumal
1764,0,K'ATE,k'ate
1764,1,chi,chi
1764,2,puch,puch
1764,3,roponik,roponik
1764,4,chik,chik
1764,5,U,u
1764,6,tzijel,tzijel
1764,7,ki,ki
1764,8,xajoj,xajoj
1764,9,Chi,chi
1764,10,xikin,xikin
1764,11,ajawab',ajawab'
1764,12,Jun,jun
1764,13,"Kame,",kame
1764,14,Wuqub',wuqub'
1764,15,Kame.,kame
1765,0,Xcha',xcha'
1765,1,ta,ta
1765,2,"xkita'o,",xkita'o
1765,3,“Naqi,naqi
1765,4,ri,ri
1765,5,e,e
1765,6,kaib',kaib'
1765,7,meb'a'?,meb'a'
1766,0,La,la
1766,1,qitzij,qitzij
1766,2,wi,wi
1766,3,chi,chi
1766,4,kus?,kus
1767,0,Qitzij,qitzij
1767,1,wi,wi
1767,2,pu,pu
1767,3,chi,chi
1767,4,jeb'elik,jeb'elik
1767,5,Ki,ki
1767,6,"xajowik,",xajowik
1767,7,Ronojel,ronojel
1767,8,kakib'ano?”,kakib'ano
1767,9,xcha',xcha'
1767,10,k'ut.,k'ut
1768,0,Ki,ki
1768,1,tzijoxik,tzijoxik
1768,2,xoponik,xoponik
1768,3,kuk',kuk'
1768,4,"ajawab',",ajawab'
1768,5,Kus,kus
1768,6,xkita'o.,xkita'o
1769,0,Ta,ta
1769,1,xb'ochi',xb'ochi'
1769,2,k'ut,k'ut
1769,3,ki,ki
1769,4,"samajel,",samajel
1769,5,Taqol,taqol
1769,6,chi,chi
1769,7,kepetoq:,kepetoq
1769,8,“‘Chul,chul
1769,9,ta,ta
1769,10,ki,ki
1769,11,"b'ana',",b'ana'
1769,12,Qaka'y.,qaka'y
1770,0,Keqamayijaj,keqamayijaj
1770,1,"taj,",taj
1770,2,Keqaka'yij,keqaka'yij
1770,3,ta,ta
1770,4,"puch,",puch
1770,5,Kecha',kecha'
1770,6,"ajawab',’",ajawab'
1770,7,Kixcha',kixcha'
1770,8,"chike,”",chike
1770,9,Xuchax,xuchax
1770,10,ri,ri
1770,11,samajel.,samajel
1771,0,Xe'opon,xe'opon
1771,1,k'ut,k'ut
1771,2,kuk',kuk'
1771,3,ri,ri
1771,4,xajol.,xajol
1772,0,Ta,ta
1772,1,xch'aw,xch'aw
1772,2,k'ut,k'ut
1772,3,Ki,ki
1772,4,tzij,tzij
1772,5,ajawab',ajawab'
1772,6,chike.,chike
1773,0,“Ma,ma
1773,1,b'a,b'a
1773,2,chiqaj,chiqaj
1773,3,Rumal,rumal
1773,4,ri,ri
1773,5,qitzij,qitzij
1773,6,kojxob'ik.,kojxob'ik
1774,0,Ma,ma
1774,1,xa,xa
1774,2,mawi,mawi
1774,3,kojk'ixb'ik,kojk'ixb'ik
1774,4,Kojok,kojok
1774,5,apanoq,apanoq
1774,6,chi,chi
1774,7,ajawal,ajawal
1774,8,ja.,ja
1775,0,Rumal,rumal
1775,1,qi,qi
1775,2,itzel,itzel
1775,3,qa,qa
1775,4,"wach,",wach
1775,5,Ma,ma
1775,6,xa,xa
1775,7,ki,ki
1775,8,nima'q,nima'q
1775,9,u,u
1775,10,b'aq',b'aq'
1775,11,qa,qa
1775,12,wach,wach
1775,13,chi,chi
1775,14,meb'a'.,meb'a'
1776,0,Ma,ma
1776,1,xa,xa
1776,2,on,on
1776,3,ril,ril
1776,4,chire,chire
1776,5,xa,xa
1776,6,oj,oj
1776,7,xajol?,xajol
1777,0,Naqi,naqi
1777,1,ta,ta
1777,2,chiqab'ij,chiqab'ij
1777,3,chike,chike
1777,4,qach,qach
1777,5,meb'a'?,meb'a'
1778,0,K'o,k'o
1778,1,"k'am,",k'am
1778,2,kurayij,kurayij
1778,3,nay,nay
1778,4,pu,pu
1778,5,ri,ri
1778,6,qa,qa
1778,7,"xajoj,",xajoj
1778,8,Kakik'astaj,kakik'astaj
1778,9,ki,ki
1778,10,wach,wach
1778,11,quk'.,quk'
1779,0,Ma,ma
1779,1,keje',keje'
1779,2,la',la'
1779,3,k'u,k'u
1779,4,xchiqab'an,xchiqab'an
1779,5,chike,chike
1779,6,ri,ri
1779,7,"ajawab',",ajawab'
1779,8,Keje',keje'
1779,9,k'u,k'u
1779,10,mawi,mawi
1779,11,kaqaj,kaqaj
1779,12,"wi,",wi
1779,13,Ix,ix
1779,14,"samajel,”",samajel
1779,15,Xecha',xecha'
1779,16,"k'ut,",k'ut
1779,17,Ri,ri
1779,18,"Junajpu,",junajpu
1779,19,Xb'alanke.,xb'alanke
1780,0,Xelejeb'ex,xelejeb'ex
1780,1,na,na
1780,2,ki,ki
1780,3,wach,wach
1780,4,chuwi',chuwi'
1780,5,"ra',",ra'
1780,6,Chuwi',chuwi'
1780,7,k'ax.,k'ax
1781,0,Kaq,kaq
1781,1,ra'il,ra'il
1781,2,"xeb'ek,",xeb'ek
1781,3,Mawi,mawi
1781,4,ata'n,ata'n
1781,5,xkaj,xkaj
1781,6,b'enam.,b'enam
1782,0,K'iya,k'iya
1782,1,mul,mul
1782,2,"xech'ijik,",xech'ijik
1782,3,Xa,xa
1782,4,"chimachka'y,",chimachka'y
1782,5,Samajel,samajel
1782,6,"chikiwach,",chikiwach
1782,7,K'amol,k'amol
1782,8,ke.,ke
1783,0,Ta,ta
1783,1,xeb'e,xeb'e
1783,2,k'ut,k'ut
1783,3,ruk',ruk'
1783,4,ajaw.,ajaw
1784,0,XE'OPON,xe'opon
1784,1,puch,puch
1784,2,kuk',kuk'
1784,3,ajawab'.,ajawab'
1785,0,"Kemoch'och'ik,",kemoch'och'ik
1785,1,Chikixulela,chikixulela
1785,2,ki,ki
1785,3,wach,wach
1785,4,"xe'oponik,",xe'oponik
1785,5,Xkikemelaj,xkikemelaj
1785,6,"kib',",kib'
1785,7,Chikiluk,chikiluk
1785,8,"kib',",kib'
1785,9,Chikipach,chikipach
1785,10,"kib',",kib'
1785,11,Chimayo,chimayo
1785,12,kib',kib'
1785,13,chi,chi
1785,14,"atz'iyaq,",atz'iyaq
1785,15,Qitzij,qitzij
1785,16,wi,wi
1785,17,chi,chi
1785,18,meb'a',meb'a'
1785,19,ki,ki
1785,20,wachib'al,wachib'al
1785,21,xe'oponik.,xe'oponik
1786,0,Ta,ta
1786,1,xtz'onox,xtz'onox
1786,2,k'ut,k'ut
1786,3,Ki,ki
1786,4,"juyub'al,",juyub'al
1786,5,Kamaq',kamaq'
1786,6,puch.,puch
1787,0,Xtz'onox,xtz'onox
1787,1,nay,nay
1787,2,puch,puch
1787,3,ki,ki
1787,4,"chuch,",chuch
1787,5,Ki,ki
1787,6,qajaw.,qajaw
1788,0,“Apa,apa
1788,1,kixpe,kixpe
1788,2,wi?”,wi
1788,3,Xe'uchaxik.,xe'uchaxik
1789,0,“Ma,ma
1789,1,b'a,b'a
1789,2,qeta'on,qeta'on
1789,3,at,at
1789,4,ajaw.,ajaw
1790,0,Mawi,mawi
1790,1,xqeta'maj,xqeta'maj
1790,2,u,u
1790,3,wach,wach
1790,4,Qa,qa
1790,5,"chuch,",chuch
1790,6,Qa,qa
1790,7,qajaw.,qajaw
1791,0,K'a,k'a
1791,1,oj,oj
1791,2,ch'uti'koq,ch'uti'koq
1791,3,Ta,ta
1791,4,"xekamik,”",xekamik
1791,5,Xa,xa
1791,6,xecha'.,xecha'
1792,0,Mawi,mawi
1792,1,naqi,naqi
1792,2,la',la'
1792,3,xkib'ij.,xkib'ij
1793,0,“Utz,utz
1793,1,b'a,b'a
1793,2,"la',",la'
1793,3,Chib'an,chib'an
1793,4,ta,ta
1793,5,b'a,b'a
1793,6,qa,qa
1793,7,ka'y.,ka'y
1794,0,Naqi,naqi
1794,1,"chiwaj,",chiwaj
1794,2,Iwajil,iwajil
1794,3,chiqaya'o?”,chiqaya'o
1794,4,xe'uchaxik.,xe'uchaxik
1795,0,“Ma,ma
1795,1,b'a,b'a
1795,2,kaqaj.,kaqaj
1796,0,Qitzij,qitzij
1796,1,chi,chi
1796,2,kaqaxib'ij,kaqaxib'ij
1796,3,"qib',”",qib'
1796,4,xecha',xecha'
1796,5,chik,chik
1796,6,chire,chire
1796,7,ajaw.,ajaw
1797,0,“Mixib'ij,mixib'ij
1797,1,"iwib',",iwib'
1797,2,Mixxob'ik.,mixxob'ik
1798,0,Kixxajowoq!,kixxajowoq
1799,0,Are',are'
1799,1,ta,ta
1799,2,nab'e,nab'e
1799,3,chixaj,chixaj
1799,4,Ri,ri
1799,5,kixpusu',kixpusu'
1799,6,ta,ta
1799,7,"iwib',",iwib'
1799,8,Chiporoj,chiporoj
1799,9,ta,ta
1799,10,k'u,k'u
1799,11,ri,ri
1799,12,wochoch.,wochoch
1800,0,Chib'ana',chib'ana'
1800,1,ronojel,ronojel
1800,2,Ri,ri
1800,3,iweta'm.,iweta'm
1801,0,Kojka'y,kojka'y
1801,1,taj,taj
1801,2,Kaqaj.,kaqaj
1802,0,Are',are'
1802,1,uma,uma
1802,2,qa,qa
1802,3,k'u'x,k'u'x
1802,4,Kixb'e,kixb'e
1802,5,taqoq.,taqoq
1803,0,Rumal,rumal
1803,1,ix,ix
1803,2,"meb'a',",meb'a'
1803,3,Chiqaya',chiqaya'
1803,4,"iwajil,”",iwajil
1803,5,xe'uchax,xe'uchax
1803,6,k'ut.,k'ut
1804,0,Ta,ta
1804,1,xkitikib'a',xkitikib'a'
1804,2,k'ut,k'ut
1804,3,ki,ki
1804,4,"b'ix,",b'ix
1804,5,Ki,ki
1804,6,xajoj.,xajoj
1805,0,Ta,ta
1805,1,xul,xul
1805,2,k'ut,k'ut
1805,3,ronojel,ronojel
1805,4,ri,ri
1805,5,"Xib'alb'a,",xib'alb'a
1805,6,Xepulik,xepulik
1805,7,e,e
1805,8,ka'yel.,ka'yel
1806,0,Ronojel,ronojel
1806,1,k'ut,k'ut
1806,2,Xkixajo:,xkixajo
1806,3,Xkixaj,xkixaj
1806,4,"Kux,",kux
1806,5,Xkixaj,xkixaj
1806,6,"Pujuy,",pujuy
1806,7,Xkixaj,xkixaj
1806,8,Ib'oy.,ib'oy
1807,0,Xcha',xcha'
1807,1,k'u,k'u
1807,2,ajaw,ajaw
1807,3,chike:,chike
1807,4,“Chipusu',chipusu'
1807,5,ri,ri
1807,6,nu,nu
1807,7,"tz'i',",tz'i'
1807,8,Chik'astaj,chik'astaj
1807,9,chi,chi
1807,10,u,u
1807,11,wach,wach
1807,12,"iwumal,”",iwumal
1807,13,Xe'uchaxik.,xe'uchaxik
1808,0,"“We',”",we'
1808,1,Xecha'.,xecha'
1809,0,Ta,ta
1809,1,xkipus,xkipus
1809,2,"tz'i',",tz'i'
1809,3,Xk'astaj,xk'astaj
1809,4,chi,chi
1809,5,u,u
1809,6,wach.,wach
1810,0,Qitzij,qitzij
1810,1,k'u,k'u
1810,2,chiki'kot,chiki'kot
1810,3,ri,ri
1810,4,tz'i',tz'i'
1810,5,Ta,ta
1810,6,xk'astaj,xk'astaj
1810,7,u,u
1810,8,wach.,wach
1811,0,Chusaqb'isala',chusaqb'isala'
1811,1,u,u
1811,2,je',je'
1811,3,Ta,ta
1811,4,xk'astaj,xk'astaj
1811,5,u,u
1811,6,wach.,wach
1812,0,Xcha',xcha'
1812,1,k'u,k'u
1812,2,ajaw,ajaw
1812,3,chike:,chike
1812,4,“Chiporoj,chiporoj
1812,5,na,na
1812,6,b'a,b'a
1812,7,"wochoch,”",wochoch
1812,8,Xe'uchax,xe'uchax
1812,9,chik.,chik
1813,0,Ta,ta
1813,1,xkiporoj,xkiporoj
1813,2,k'ut,k'ut
1813,3,rochoch,rochoch
1813,4,ajaw.,ajaw
1814,0,E,e
1814,1,pulinaq,pulinaq
1814,2,ajawab',ajawab'
1814,3,pa,pa
1814,4,ja,ja
1814,5,"konojel,",konojel
1814,6,Mawi,mawi
1814,7,xek'atik.,xek'atik
1815,0,Lib'aj,lib'aj
1815,1,chi,chi
1815,2,chik,chik
1815,3,"xkutzinisaj,",xkutzinisaj
1815,4,Ma,ma
1815,5,na,na
1815,6,ju,ju
1815,7,su,su
1815,8,sachik,sachik
1815,9,ri,ri
1815,10,rochoch,rochoch
1815,11,Jun,jun
1815,12,Kame.,kame
1816,0,Xkimayijaj,xkimayijaj
1816,1,k'ut,k'ut
1816,2,Konojel,konojel
1816,3,ajawab'.,ajawab'
1817,0,Xa,xa
1817,1,wi,wi
1817,2,k'u,k'u
1817,3,xere,xere
1817,4,"kexajowik,",kexajowik
1817,5,Nim,nim
1817,6,keki'kotik.,keki'kotik
1818,0,Xe'uchax,xe'uchax
1818,1,chi,chi
1818,2,k'ut,k'ut
1818,3,Rumal,rumal
1818,4,"ajaw,",ajaw
1818,5,“Chikamisaj,chikamisaj
1818,6,na,na
1818,7,k'u,k'u
1818,8,jun,jun
1818,9,"winaq,",winaq
1818,10,Chipusu',chipusu'
1818,11,ma,ma
1818,12,ta,ta
1818,13,k'u,k'u
1818,14,"chikamik,”",chikamik
1818,15,Xe'uchax,xe'uchax
1818,16,k'ut.,k'ut
1819,0,“Utz,utz
1819,1,b'a,b'a
1819,2,"la',”",la'
1819,3,xecha'.,xecha'
1820,0,Ta,ta
1820,1,xkichap,xkichap
1820,2,k'ut,k'ut
1820,3,jun,jun
1820,4,"winaq,",winaq
1820,5,K'ate,k'ate
1820,6,xkipusu.,xkipusu
1821,0,Xkipoq'oj,xkipoq'oj
1821,1,k'u,k'u
1821,2,aq'anoq,aq'anoq
1821,3,u,u
1821,4,k'u'x,k'u'x
1821,5,ri,ri
1821,6,jun,jun
1821,7,"winaq,",winaq
1821,8,Xkik'olob'a',xkik'olob'a'
1821,9,k'ut,k'ut
1821,10,chikiwach,chikiwach
1821,11,ajawab'.,ajawab'
1822,0,Xkimayijaj,xkimayijaj
1822,1,chi,chi
1822,2,k'ut,k'ut
1822,3,Jun,jun
1822,4,"Kame,",kame
1822,5,Wuqub',wuqub'
1822,6,Kame.,kame
1823,0,Lib'aj,lib'aj
1823,1,chi,chi
1823,2,k'ut,k'ut
1823,3,xk'astaj,xk'astaj
1823,4,chi,chi
1823,5,u,u
1823,6,wach,wach
1823,7,Ri,ri
1823,8,jun,jun
1823,9,winaq,winaq
1823,10,kumal.,kumal
1824,0,Nim,nim
1824,1,chiki'kot,chiki'kot
1824,2,u,u
1824,3,k'u'x,k'u'x
1824,4,Ta,ta
1824,5,xk'astaj,xk'astaj
1824,6,u,u
1824,7,wach.,wach
1825,0,Xkimayijaj,xkimayijaj
1825,1,k'ut,k'ut
1825,2,Ajawab'.,ajawab'
1826,0,“Chipusu',chipusu'
1826,1,chi,chi
1826,2,na,na
1826,3,k'u,k'u
1826,4,"iwib',",iwib'
1826,5,Chiqil,chiqil
1826,6,taj.,taj
1827,0,Qitzij,qitzij
1827,1,kurayij,kurayij
1827,2,qa,qa
1827,3,k'u'x,k'u'x
1827,4,ri,ri
1827,5,i,i
1827,6,"xajoj,”",xajoj
1827,7,Xecha',xecha'
1827,8,chi,chi
1827,9,k'u,k'u
1827,10,ajawab'.,ajawab'
1828,0,“Utz,utz
1828,1,b'a,b'a
1828,2,"la',",la'
1828,3,at,at
1828,4,"ajaw,”",ajaw
1828,5,Xecha',xecha'
1828,6,k'ut.,k'ut
1829,0,K'ate,k'ate
1829,1,puch,puch
1829,2,xkipus,xkipus
1829,3,kib'.,kib'
1830,0,Are',are'
1830,1,k'u,k'u
1830,2,"xpus,",xpus
1830,3,Ri,ri
1830,4,Xjunajpu,xjunajpu
1830,5,Rumal,rumal
1830,6,Xb'alanke.,xb'alanke
1831,0,Jujunal,jujunal
1831,1,k'u,k'u
1831,2,Xperepoxik,xperepoxik
1831,3,"Raqan,",raqan
1831,4,U,u
1831,5,q'ab'.,q'ab'
1832,0,Xel,xel
1832,1,u,u
1832,2,"jolom,",jolom
1832,3,Xk'ole',xk'ole'
1832,4,aponoq,aponoq
1832,5,chi,chi
1832,6,naj.,naj
1833,0,Xk'otix,xk'otix
1833,1,uloq,uloq
1833,2,u,u
1833,3,"k'u'x,",k'u'x
1833,4,Xch'eqe',xch'eqe'
1833,5,chuwach,chuwach
1833,6,tz'alik.,tz'alik
1834,0,Keq'ab'ar,keq'ab'ar
1834,1,k'u,k'u
1834,2,"ri',",ri'
1834,3,Ronojel,ronojel
1834,4,rajawal,rajawal
1834,5,Xib'alb'a,xib'alb'a
1834,6,chi,chi
1834,7,ka'y.,ka'y
1835,0,Xa,xa
1835,1,k'u,k'u
1835,2,jun,jun
1835,3,chi,chi
1835,4,"kaxajowilab'ik,",kaxajowilab'ik
1835,5,Ri,ri
1835,6,Xb'alanke.,xb'alanke
1836,0,“Kawa'lijoq!”,kawa'lijoq
1836,1,xcha',xcha'
1836,2,k'ut.,k'ut
1837,0,Lib'aj,lib'aj
1837,1,chi,chi
1837,2,k'ut,k'ut
1837,3,xk'astaj,xk'astaj
1837,4,u,u
1837,5,wach.,wach
1838,0,Nim,nim
1838,1,keki'kotik.,keki'kotik
1839,0,Xa,xa
1839,1,wi,wi
1839,2,keje',keje'
1839,3,keki'kot,keki'kot
1839,4,"ajawab',",ajawab'
1839,5,Xa,xa
1839,6,wi,wi
1839,7,are',are'
1839,8,keb'anowik.,keb'anowik
1840,0,Kaki'kot,kaki'kot
1840,1,ki,ki
1840,2,k'u'x,k'u'x
1840,3,Jun,jun
1840,4,"Kame,",kame
1840,5,Wuqub',wuqub'
1840,6,Kame.,kame
1841,0,Keje',keje'
1841,1,ri',ri'
1841,2,are',are'
1841,3,"kexajowik,",kexajowik
1841,4,Kakina'o.,kakina'o
1842,0,K'ATE,k'ate
1842,1,puch,puch
1842,2,u,u
1842,3,"rayinik,",rayinik
1842,4,U,u
1842,5,malinik,malinik
1842,6,pu,pu
1842,7,ki,ki
1842,8,k'u'x,k'u'x
1842,9,ajawab',ajawab'
1842,10,Chire,chire
1842,11,ki,ki
1842,12,xajoj,xajoj
1842,13,"Xjunajpu,",xjunajpu
1842,14,Xb'alanke.,xb'alanke
1843,0,Ta,ta
1843,1,xel,xel
1843,2,k'u,k'u
1843,3,ki,ki
1843,4,tzij,tzij
1843,5,Jun,jun
1843,6,"Kame,",kame
1843,7,Wuqub',wuqub'
1843,8,Kame:,kame
1843,9,“Chib'ana',chib'ana'
1843,10,chiqe!,chiqe
1844,0,Kojipusu'!”,kojipusu'
1844,1,xecha',xecha'
1844,2,k'ut.,k'ut
1845,0,“Junal,junal
1845,1,taj,taj
1845,2,"kojipusu',”",kojipusu'
1845,3,Xecha',xecha'
1845,4,k'ut,k'ut
1845,5,Jun,jun
1845,6,"Kame,",kame
1845,7,Wuqub',wuqub'
1845,8,Kame,kame
1845,9,Chike,chike
1845,10,ri,ri
1845,11,"Xjunajpu,",xjunajpu
1845,12,Xb'alanke.,xb'alanke
1846,0,“Utz,utz
1846,1,b'a,b'a
1846,2,"la',",la'
1846,3,chik'astaj,chik'astaj
1846,4,i,i
1846,5,wach.,wach
1847,0,Ma,ma
1847,1,pa,pa
1847,2,ix,ix
1847,3,k'o,k'o
1847,4,kam?,kam
1848,0,Oj,oj
1848,1,pu,pu
1848,2,ki'kotirisay,ki'kotirisay
1848,3,"iwe,",iwe
1848,4,Ix,ix
1848,5,pu,pu
1848,6,rajawal,rajawal
1848,7,"Iwal,",iwal
1848,8,I,i
1848,9,"k'ajol,”",k'ajol
1848,10,Xecha',xecha'
1848,11,k'ut,k'ut
1848,12,Chike,chike
1848,13,ajawab'.,ajawab'
1849,0,Are',are'
1849,1,k'u,k'u
1849,2,nab'e,nab'e
1849,3,"xpus,",xpus
1849,4,Ri,ri
1849,5,qi,qi
1849,6,u,u
1849,7,jolom,jolom
1849,8,"ajaw,",ajaw
1849,9,Jun,jun
1849,10,Kame,kame
1849,11,U,u
1849,12,"b'i',",b'i'
1849,13,Rajawal,rajawal
1849,14,Xib'alb'a.,xib'alb'a
1850,0,Kaminaq,kaminaq
1850,1,chi,chi
1850,2,k'ut,k'ut
1850,3,Jun,jun
1850,4,Kame.,kame
1851,0,Ta,ta
1851,1,xchap,xchap
1851,2,chik,chik
1851,3,Wuqub',wuqub'
1851,4,Kame.,kame
1852,0,Mawi,mawi
1852,1,xk'astaj,xk'astaj
1852,2,chi,chi
1852,3,ki,ki
1852,4,wach.,wach
1853,0,K'ate,k'ate
1853,1,pu,pu
1853,2,kelik,kelik
1853,3,Xib'alb'a,xib'alb'a
1853,4,chi,chi
1853,5,kaqan.,kaqan
1854,0,Are',are'
1854,1,xkil,xkil
1854,2,ri,ri
1854,3,"ajawab',",ajawab'
1854,4,Xekamik.,xekamik
1855,0,E,e
1855,1,xaraxoj,xaraxoj
1855,2,"chub'ik,",chub'ik
1855,3,E,e
1855,4,pu,pu
1855,5,xaraxoxinaq,xaraxoxinaq
1855,6,ki,ki
1855,7,kab',kab'
1855,8,ichal.,ichal
1856,0,Xa,xa
1856,1,k'u,k'u
1856,2,k'ajisab'al,k'ajisab'al
1856,3,ki,ki
1856,4,wach,wach
1856,5,Xb'anik.,xb'anik
1857,0,Ju,ju
1857,1,suk',suk'
1857,2,xukamib'ej,xukamib'ej
1857,3,ri,ri
1857,4,jun,jun
1857,5,"ajaw,",ajaw
1857,6,Ma,ma
1857,7,na,na
1857,8,xkik'astaj,xkik'astaj
1857,9,chi,chi
1857,10,u,u
1857,11,wach.,wach
1858,0,Are',are'
1858,1,k'u,k'u
1858,2,ri,ri
1858,3,jun,jun
1858,4,ajaw,ajaw
1858,5,xelaj,xelaj
1858,6,"na,",na
1858,7,Xoq',xoq'
1858,8,na,na
1858,9,chikiwach,chikiwach
1858,10,ri,ri
1858,11,e,e
1858,12,xajol.,xajol
1859,0,Mawi,mawi
1859,1,"xuk'ulu,",xuk'ulu
1859,2,Ma,ma
1859,3,pu,pu
1859,4,xuriqo.,xuriqo
1860,0,“Toq'ob',toq'ob'
1860,1,nu,nu
1860,2,"wach,”",wach
1860,3,Xcha',xcha'
1860,4,ta,ta
1860,5,xuna',xuna'
1860,6,rib'.,rib'
1861,0,Xek'is,xek'is
1861,1,k'u,k'u
1861,2,b'ek,b'ek
1861,3,ronojel,ronojel
1861,4,"kal,",kal
1861,5,Ki,ki
1861,6,k'ajol,k'ajol
1861,7,pa,pa
1861,8,nima,nima
1861,9,siwan.,siwan
1862,0,Xa,xa
1862,1,jun,jun
1862,2,xkib'alij,xkib'alij
1862,3,wi,wi
1862,4,kib',kib'
1862,5,Pa,pa
1862,6,nima,nima
1862,7,xolob'achan.,xolob'achan
1863,0,Chiri',chiri'
1863,1,k'ut,k'ut
1863,2,e,e
1863,3,tub'ul,tub'ul
1863,4,wi.,wi
1864,0,Ta,ta
1864,1,xk'ulun,xk'ulun
1864,2,k'ut,k'ut
1864,3,Mawi,mawi
1864,4,ajilan,ajilan
1864,5,chi,chi
1864,6,sanik,sanik
1864,7,tukuliy,tukuliy
1864,8,"ula,",ula
1864,9,Ke,ke
1864,10,pa,pa
1864,11,siwan,siwan
1864,12,Keje',keje'
1864,13,ri',ri'
1864,14,xeb'eyo'x,xeb'eyo'x
1864,15,"uloq,",uloq
1864,16,Ta,ta
1864,17,xe'ul,xe'ul
1864,18,k'ut.,k'ut
1865,0,Xkixul,xkixul
1865,1,Ki,ki
1865,2,ya',ya'
1865,3,chi,chi
1865,4,kib',kib'
1865,5,konojel.,konojel
1866,0,Xe'ul,xe'ul
1866,1,"elajoq,",elajoq
1866,2,Xe'ul,xe'ul
1866,3,pu,pu
1866,4,oq'oq.,oq'oq
1867,0,Keje',keje'
1867,1,k'ut,k'ut
1867,2,kech'akatajik,kech'akatajik
1867,3,Rajawal,rajawal
1867,4,Xib'alb'a.,xib'alb'a
1868,0,Xa,xa
1868,1,"mayijab'al,",mayijab'al
1868,2,Xa,xa
1868,3,pu,pu
1868,4,ki,ki
1868,5,jalwachib'al,jalwachib'al
1868,6,kib',kib'
1868,7,ta,ta
1868,8,xkib'ano.,xkib'ano
1869,0,K'ate,k'ate
1869,1,puch,puch
1869,2,ta,ta
1869,3,xkib'i'j,xkib'i'j
1869,4,ki,ki
1869,5,"b'i',",b'i'
1869,6,Xkikob'isaj,xkikob'isaj
1869,7,kib',kib'
1869,8,chikiwach,chikiwach
1869,9,konojel,konojel
1869,10,Xib'alb'a.,xib'alb'a
1870,0,“CHITA',chita'
1870,1,qa,qa
1870,2,b'i'!,b'i'
1871,0,Xchiqab'i'j.,xchiqab'i'j
1872,0,Xchiqab'i'j,xchiqab'i'j
1872,1,nay,nay
1872,2,puch,puch
1872,3,U,u
1872,4,b'i',b'i'
1872,5,qa,qa
1872,6,qajaw,qajaw
1872,7,chiwe.,chiwe
1873,0,Oj,oj
1873,1,wa'.,wa'
1874,0,Oj,oj
1874,1,"Xjunajpu,",xjunajpu
1874,2,Xb'alanke,xb'alanke
1874,3,qa,qa
1874,4,b'i'.,b'i'
1875,0,Are',are'
1875,1,k'u,k'u
1875,2,qa,qa
1875,3,qajaw,qajaw
1875,4,Ri',ri'
1875,5,xikamisaj:,xikamisaj
1875,6,Jun,jun
1875,7,"Junajpu,",junajpu
1875,8,Wuqub',wuqub'
1875,9,Junajpu,junajpu
1875,10,ki,ki
1875,11,b'i'.,b'i'
1876,0,Oj,oj
1876,1,k'u,k'u
1876,2,paq'ol,paq'ol
1876,3,re,re
1876,4,wa'e,wa'e
1876,5,ki,ki
1876,6,"ra'il,",ra'il
1876,7,Ki,ki
1876,8,k'axk'ol,k'axk'ol
1876,9,ri,ri
1876,10,qa,qa
1876,11,qajaw.,qajaw
1877,0,Keje',keje'
1877,1,k'ut,k'ut
1877,2,mi,mi
1877,3,xqakuyu,xqakuyu
1877,4,wi,wi
1877,5,Ronojel,ronojel
1877,6,k'axk'ol,k'axk'ol
1877,7,mi,mi
1877,8,xib'an,xib'an
1877,9,chiqe.,chiqe
1878,0,Keje',keje'
1878,1,k'ut,k'ut
1878,2,kixqasach,kixqasach
1878,3,wi,wi
1878,4,iwonojel.,iwonojel
1879,0,Kixqakamisaj.,kixqakamisaj
1880,0,Maja,maja
1880,1,b'i,b'i
1880,2,chik,chik
1880,3,kolotajel,kolotajel
1880,4,"chiwe,”",chiwe
1880,5,Xe'uchax,xe'uchax
1880,6,k'ut.,k'ut
1881,0,K'ate,k'ate
1881,1,puch,puch
1881,2,"kelajik,",kelajik
1881,3,Koq'ik,koq'ik
1881,4,konojel,konojel
1881,5,Xib'alb'a.,xib'alb'a
1882,0,“Toq'ob',toq'ob'
1882,1,qa,qa
1882,2,"wach,",wach
1882,3,"Ix,",ix
1882,4,"Junajpu,",junajpu
1882,5,Xb'alanke.,xb'alanke
1883,0,Qitzij,qitzij
1883,1,wi,wi
1883,2,xojmakunik,xojmakunik
1883,3,"chike,",chike
1883,4,Ri,ri
1883,5,i,i
1883,6,qajaw,qajaw
1883,7,kib'i'j.,kib'i'j
1884,0,La',la'
1884,1,k'ute,k'ute
1884,2,e,e
1884,3,"muqul,",muqul
1884,4,Chi,chi
1884,5,Puk'b'al,puk'b'al
1884,6,"Cha'j,”",cha'j
1884,7,Xecha,xecha
1884,8,k'ut.,k'ut
1885,0,“Utz,utz
1885,1,b'a,b'a
1885,2,la'.,la'
1886,0,Are',are'
1886,1,b'a,b'a
1886,2,ri,ri
1886,3,qa,qa
1886,4,tzij,tzij
1886,5,Xchiqab'ij,xchiqab'ij
1886,6,chiwe.,chiwe
1887,0,Chita',chita'
1887,1,"iwonojel,",iwonojel
1887,2,Ix,ix
1887,3,Xib'alb'a.,xib'alb'a
1888,0,Rumal,rumal
1888,1,ma,ma
1888,2,na,na
1888,3,nim,nim
1888,4,chi,chi
1888,5,i,i
1888,6,"q'ij,",q'ij
1888,7,Iwalaxik,iwalaxik
1888,8,"chuxik,",chuxik
1888,9,Ruk',ruk'
1888,10,nay,nay
1888,11,puch,puch
1888,12,mawi,mawi
1888,13,nim,nim
1888,14,chi,chi
1888,15,i,i
1888,16,kochib'al.,kochib'al
1889,0,Xsqaqi'n,xsqaqi'n
1889,1,chik,chik
1889,2,Chi,chi
1889,3,kik',kik'
1889,4,jolomax.,jolomax
1890,0,Mawi,mawi
1890,1,ch'ajom,ch'ajom
1890,2,kik',kik'
1890,3,iwe.,iwe
1891,0,Xa,xa
1891,1,"xot,",xot
1891,2,Xa,xa
1891,3,"aq'am,",aq'am
1891,4,Xa,xa
1891,5,"ch'uch',",ch'uch'
1891,6,Chire,chire
1891,7,xjeraxik.,xjeraxik
1892,0,Xa,xa
1892,1,nay,nay
1892,2,pu,pu
1892,3,ral,ral
1892,4,"k'im,",k'im
1892,5,Ral,ral
1892,6,tolob',tolob'
1892,7,chiwecha'j.,chiwecha'j
1893,0,Ma,ma
1893,1,k'u,k'u
1893,2,iwech,iwech
1893,3,ri,ri
1893,4,ronojel,ronojel
1893,5,saqil,saqil
1893,6,"al,",al
1893,7,Saqil,saqil
1893,8,k'ajol.,k'ajol
1894,0,Xa,xa
1894,1,no'j,no'j
1894,2,Chitzaqo,chitzaqo
1894,3,rib',rib'
1894,4,chiwach.,chiwach
1895,0,Are',are'
1895,1,ri,ri
1895,2,aj,aj
1895,3,"mak,",mak
1895,4,Aj,aj
1895,5,"lab'al,",lab'al
1895,6,Aj,aj
1895,7,"b'is,",b'is
1895,8,Aj,aj
1895,9,moken.,moken
1896,0,Chak,chak
1896,1,na,na
1896,2,u,u
1896,3,"mak,",mak
1896,4,Kixok,kixok
1896,5,wi.,wi
1897,0,Ma,ma
1897,1,na,na
1897,2,xa,xa
1897,3,rax,rax
1897,4,chapom,chapom
1897,5,ronojel,ronojel
1897,6,winaq,winaq
1897,7,"chib'ano,",chib'ano
1897,8,Kixta'on,kixta'on
1897,9,puch,puch
1897,10,chuwi',chuwi'
1897,11,ri,ri
1897,12,kik',kik'
1897,13,"jolomax,”",jolomax
1897,14,Xe'uchax,xe'uchax
1897,15,k'ut,k'ut
1897,16,Konojel,konojel
1897,17,Xib'alb'a.,xib'alb'a
1898,0,Keje',keje'
1898,1,k'ut,k'ut
1898,2,tikarinaq,tikarinaq
1898,3,ki,ki
1898,4,"sachik,",sachik
1898,5,U,u
1898,6,ma'ixik,ma'ixik
1898,7,nay,nay
1898,8,puch,puch
1898,9,ki,ki
1898,10,sik'ixik.,sik'ixik
1899,0,Mawi,mawi
1899,1,nim,nim
1899,2,ki,ki
1899,3,q'ij,q'ij
1899,4,"ojer,",ojer
1899,5,Xa,xa
1899,6,xraj,xraj
1899,7,tza,tza
1899,8,wi,wi
1899,9,winaq,winaq
1899,10,ojer.,ojer
1900,0,Qitzij,qitzij
1900,1,ma,ma
1900,2,na,na
1900,3,k'ab'awil,k'ab'awil
1900,4,Ki,ki
1900,5,b'i',b'i'
1900,6,ojer.,ojer
1901,0,Xa,xa
1901,1,wi,wi
1901,2,"xib'al,",xib'al
1901,3,Itzel,itzel
1901,4,ki,ki
1901,5,wach.,wach
1902,0,E,e
1902,1,aj,aj
1902,2,"tza,",tza
1902,3,Aj,aj
1902,4,"tukur,",tukur
1902,5,E,e
1902,6,taqchi'nel,taqchi'nel
1902,7,chi,chi
1902,8,"mak,",mak
1902,9,Chi,chi
1902,10,lab'al.,lab'al
1903,0,E,e
1903,1,nay,nay
1903,2,pu,pu
1903,3,aj,aj
1903,4,muqulik,muqulik
1903,5,"k'u'x,",k'u'x
1903,6,E,e
1903,7,q'eqa,q'eqa
1903,8,"il,",il
1903,9,Saqi,saqi
1903,10,"il,",il
1903,11,Aj,aj
1903,12,mox,mox
1903,13,"wach,",wach
1903,14,Aj,aj
1903,15,"latz'ab',",latz'ab'
1903,16,ke'uchaxik.,ke'uchaxik
1904,0,Chi,chi
1904,1,xe'on,xe'on
1904,2,Ki,ki
1904,3,wach,wach
1904,4,kek'u'lutajik.,kek'u'lutajik
1905,0,Keje',keje'
1905,1,k'ut,k'ut
1905,2,u,u
1905,3,sachik,sachik
1905,4,ki,ki
1905,5,"nimal,",nimal
1905,6,Q'aq'al.,q'aq'al
1906,0,Mawi,mawi
1906,1,nim,nim
1906,2,chi,chi
1906,3,kajawarem,kajawarem
1906,4,xuxik.,xuxik
1907,0,Are',are'
1907,1,xeb'anow,xeb'anow
1907,2,Ri,ri
1907,3,"Xjunajpu,",xjunajpu
1907,4,Xb'alanke.,xb'alanke
1908,0,Are',are'
1908,1,k'ut,k'ut
1908,2,"koq'ik,",koq'ik
1908,3,Kasik'in,kasik'in
1908,4,ri,ri
1908,5,kati't,kati't
1908,6,Chuwach,chuwach
1908,7,ri,ri
1908,8,aj,aj
1908,9,Ri,ri
1908,10,xkitik,xkitik
1908,11,kanoq.,kanoq
1909,0,Xpe,xpe
1909,1,u,u
1909,2,tux,tux
1909,3,ri,ri
1909,4,aj.,aj
1910,0,K'ate,k'ate
1910,1,xchaqij,xchaqij
1910,2,"chik,",chik
1910,3,Are',are'
1910,4,k'ut,k'ut
1910,5,ta,ta
1910,6,xek'at,xek'at
1910,7,pa,pa
1910,8,choj.,choj
1911,0,Ta,ta
1911,1,xpe,xpe
1911,2,chi,chi
1911,3,k'ut,k'ut
1911,4,u,u
1911,5,tux,tux
1911,6,ri,ri
1911,7,aj.,aj
1912,0,K'ate,k'ate
1912,1,k'ut,k'ut
1912,2,xk'aton,xk'aton
1912,3,ri,ri
1912,4,"kati't,",kati't
1912,5,U,u
1912,6,na'tab'al,na'tab'al
1912,7,kech,kech
1912,8,ri'.,ri'
1913,0,Are',are'
1913,1,xki'kot,xki'kot
1913,2,wi,wi
1913,3,u,u
1913,4,k'u'x,k'u'x
1913,5,kati't,kati't
1913,6,Ri',ri'
1913,7,chu,chu
1913,8,ka,ka
1913,9,mul,mul
1913,10,xpe,xpe
1913,11,u,u
1913,12,tux,tux
1913,13,ri,ri
1913,14,aj.,aj
1914,0,Ta,ta
1914,1,xk'ab'awilax,xk'ab'awilax
1914,2,rumal,rumal
1914,3,kati't.,kati't
1915,0,Ta,ta
1915,1,xub'i'natisaj,xub'i'natisaj
1915,2,k'ut,k'ut
1915,3,Nik'aj,nik'aj
1915,4,"Ja,",ja
1915,5,Nik'aj,nik'aj
1915,6,"B'ichoq',",b'ichoq'
1915,7,K'asam,k'asam
1915,8,"Aj,",aj
1915,9,Ch'atam,ch'atam
1915,10,Ulew,ulew
1915,11,U,u
1915,12,b'i',b'i'
1915,13,xuxik.,xuxik
1916,0,Are',are'
1916,1,k'ut,k'ut
1916,2,xub'i'naj,xub'i'naj
1916,3,wi,wi
1916,4,Nik'aj,nik'aj
1916,5,"Ja,",ja
1916,6,Nik'aj,nik'aj
1916,7,"B'ichoq',",b'ichoq'
1916,8,Rumal,rumal
1916,9,xa,xa
1916,10,chu,chu
1916,11,nik'ajal,nik'ajal
1916,12,U,u
1916,13,pa,pa
1916,14,kochoch,kochoch
1916,15,xkitik,xkitik
1916,16,aj.,aj
1917,0,Are',are'
1917,1,chi,chi
1917,2,k'u,k'u
1917,3,xub'i'naj,xub'i'naj
1917,4,wi,wi
1917,5,Ch'atam,ch'atam
1917,6,"Ulew,",ulew
1917,7,K'asam,k'asam
1917,8,"Aj,",aj
1917,9,Chuwi',chuwi'
1917,10,ch'ata,ch'ata
1917,11,ulew,ulew
1917,12,Kitik,kitik
1917,13,wi,wi
1917,14,aj.,aj
1918,0,Are',are'
1918,1,nay,nay
1918,2,pu,pu
1918,3,xub'i'naj,xub'i'naj
1918,4,wi,wi
1918,5,K'asam,k'asam
1918,6,Aj,aj
1918,7,Rumal,rumal
1918,8,xpe,xpe
1918,9,u,u
1918,10,tux,tux
1918,11,aj.,aj
1919,0,Ta,ta
1919,1,xkoj,xkoj
1919,2,u,u
1919,3,b'i',b'i'
1919,4,rumal,rumal
1919,5,Xmuqane.,xmuqane
1920,0,Xkitik,xkitik
1920,1,kanoq,kanoq
1920,2,"Junajpu,",junajpu
1920,3,Xb'alanke.,xb'alanke
1921,0,Xa,xa
1921,1,na'tab'al,na'tab'al
1921,2,ke,ke
1921,3,Rumal,rumal
1921,4,kati't.,kati't
1922,0,Are',are'
1922,1,k'u,k'u
1922,2,ri,ri
1922,3,nab'e,nab'e
1922,4,ki,ki
1922,5,"qajaw,",qajaw
1922,6,Xojeroq,xojeroq
1922,7,"kekamoq,",kekamoq
1922,8,Ri,ri
1922,9,Jun,jun
1922,10,"Junajpu,",junajpu
1922,11,Wuqub',wuqub'
1922,12,Junajpu.,junajpu
1923,0,Xkil,xkil
1923,1,chi,chi
1923,2,k'ut,k'ut
1923,3,U,u
1923,4,wach,wach
1923,5,ri,ri
1923,6,ki,ki
1923,7,qajaw,qajaw
1923,8,Chila',chila'
1923,9,Chi,chi
1923,10,Xib'alb'a.,xib'alb'a
1924,0,Xch'aw,xch'aw
1924,1,chik,chik
1924,2,ki,ki
1924,3,qajaw,qajaw
1924,4,"chike,",chike
1924,5,Ta,ta
1924,6,xkich'ak,xkich'ak
1924,7,Xib'alb'a.,xib'alb'a
1925,0,WA',wa'
1925,1,k'ute,k'ute
1925,2,u,u
1925,3,wiqik,wiqik
1925,4,chik,chik
1925,5,ki,ki
1925,6,qajaw,qajaw
1925,7,kumal,kumal
1925,8,Are,are
1925,9,xkiwiq,xkiwiq
1925,10,ri,ri
1925,11,Wuqub',wuqub'
1925,12,Junajpu.,junajpu
1926,0,Chila',chila'
1926,1,xb'e,xb'e
1926,2,ki,ki
1926,3,wiqa,wiqa
1926,4,wi,wi
1926,5,Chi,chi
1926,6,Puk'b'al,puk'b'al
1926,7,Cha'j.,cha'j
1927,0,Xa,xa
1927,1,wi,wi
1927,2,xere,xere
1927,3,u,u
1927,4,wach,wach
1927,5,xraj,xraj
1927,6,uxik.,uxik
1928,0,Xtz'onox,xtz'onox
1928,1,k'ut,k'ut
1928,2,chire,chire
1928,3,u,u
1928,4,b'i',b'i'
1928,5,ronojel:,ronojel
1928,6,U,u
1928,7,"chi',",chi'
1928,8,U,u
1928,9,"tza'm,",tza'm
1928,10,U,u
1928,11,b'aq',b'aq'
1928,12,u,u
1928,13,wach.,wach
1929,0,Xuriq,xuriq
1929,1,nab'e,nab'e
1929,2,u,u
1929,3,"b'i',",b'i'
1929,4,Xa,xa
1929,5,k'u,k'u
1929,6,sqaqi'n,sqaqi'n
1929,7,chik,chik
1929,8,xcha'taj,xcha'taj
1929,9,wi.,wi
1930,0,Xere,xere
1930,1,mawi,mawi
1930,2,xub'ij,xub'ij
1930,3,chi,chi
1930,4,U,u
1930,5,b'i',b'i'
1930,6,ri,ri
1930,7,u,u
1930,8,junal,junal
1930,9,puwi'l,puwi'l
1930,10,u,u
1930,11,chi'.,chi'
1931,0,Xere,xere
1931,1,pu,pu
1931,2,xcha'taj,xcha'taj
1931,3,chi,chi
1931,4,"wi,",wi
1931,5,Keje',keje'
1931,6,k'ut,k'ut
1931,7,ta,ta
1931,8,xkinimaj,xkinimaj
1931,9,wi.,wi
1932,0,Kanajoq,kanajoq
1932,1,u,u
1932,2,k'u'x,k'u'x
1932,3,ki,ki
1932,4,qajaw.,qajaw
1933,0,Xa,xa
1933,1,wi,wi
1933,2,xkanaj,xkanaj
1933,3,chi,chi
1933,4,Puk'b'a[l],puk'b'al
1933,5,Cha'j.,cha'j
1934,0,“Chiri',chiri'
1934,1,kixsik'ix,kixsik'ix
1934,2,wi.,wi
1935,0,"Chuxik,”",chuxik
1935,1,Xecha',xecha'
1935,2,chi,chi
1935,3,u,u
1935,4,k'ajol,k'ajol
1935,5,chirech.,chirech
1936,0,Ta,ta
1936,1,xku'b'ax,xku'b'ax
1936,2,u,u
1936,3,k'u'x.,k'u'x
1937,0,“Nab'e,nab'e
1937,1,chel,chel
1937,2,"iwe,",iwe
1937,3,Nab'e,nab'e
1937,4,nay,nay
1937,5,puch,puch
1937,6,kixq'ijiloxik,kixq'ijiloxik
1937,7,Rumal,rumal
1937,8,saqil,saqil
1937,9,"al,",al
1937,10,Saqil,saqil
1937,11,k'ajol.,k'ajol
1938,0,Mawi,mawi
1938,1,chisachik,chisachik
1938,2,i,i
1938,3,b'i'.,b'i'
1939,0,Ta,ta
1939,1,"chuxoq,”",chuxoq
1939,2,Xecha',xecha'
1939,3,chirech,chirech
1939,4,ki,ki
1939,5,qajaw,qajaw
1939,6,Ta,ta
1939,7,xkiku'b'a',xkiku'b'a'
1939,8,u,u
1939,9,k'u'x.,k'u'x
1940,0,“Xa,xa
1940,1,oj,oj
1940,2,paq'ol,paq'ol
1940,3,i,i
1940,4,"kamik,",kamik
1940,5,I,i
1940,6,"sachik,",sachik
1940,7,"K'axk'ol,",k'axk'ol
1940,8,Ra'il,ra'il
1940,9,xb'an,xb'an
1940,10,chiwe.”,chiwe
1940,11,Keje',keje'
1940,12,k'ut,k'ut
1940,13,ki,ki
1940,14,pixab'ik,pixab'ik
1940,15,Ri,ri
1940,16,xch'akatajinaqoq,xch'akatajinaqoq
1940,17,ronojel,ronojel
1940,18,Xib'alb'a.,xib'alb'a
1941,0,Ta,ta
1941,1,xe'aq'an,xe'aq'an
1941,2,k'u,k'u
1941,3,"loq,",loq
1941,4,Waral,waral
1941,5,e,e
1941,6,nik'aj,nik'aj
1941,7,saq.,saq
1942,0,Ju,ju
1942,1,su,su
1942,2,k'u,k'u
1942,3,Xe'aq'an,xe'aq'an
1942,4,chi,chi
1942,5,kaj.,kaj
1943,0,Jun,jun
1943,1,k'u,k'u
1943,2,"q'ij,",q'ij
1943,3,Jun,jun
1943,4,nay,nay
1943,5,pu,pu
1943,6,ik',ik'
1943,7,chike.,chike
1944,0,Ta,ta
1944,1,xsaqirik,xsaqirik
1944,2,u,u
1944,3,pam,pam
1944,4,"kaj,",kaj
1944,5,U,u
1944,6,wach,wach
1944,7,ulew.,ulew
1945,0,Chi,chi
1945,1,kaj,kaj
1945,2,xek'oje',xek'oje'
1945,3,wi.,wi
1946,0,Are',are'
1946,1,k'ut,k'ut
1946,2,k'a,k'a
1946,3,"chaq'anik,",chaq'anik
1946,4,Ri,ri
1946,5,o',o'
1946,6,much',much'
1946,7,"k'ajolab',",k'ajolab'
1946,8,Xekam,xekam
1946,9,rumal,rumal
1946,10,Sipakna.,sipakna
1947,0,Are',are'
1947,1,k'ut,k'ut
1947,2,kachb'il,kachb'il
1947,3,"xuxik,",xuxik
1947,4,E,e
1947,5,u,u
1947,6,ch'umilal,ch'umilal
1947,7,kaj,kaj
1947,8,xe'uxik.,xe'uxik
1948,0,WA'E,wa'e
1948,1,k'ut,k'ut
1948,2,u,u
1948,3,tikerik,tikerik
1948,4,ta,ta
1948,5,xna'ojix,xna'ojix
1948,6,"winaq,",winaq
1948,7,Ta,ta
1948,8,xtzukux,xtzukux
1948,9,puch,puch
1948,10,ri,ri
1948,11,chok,chok
1948,12,u,u
1948,13,tio'jil,tio'jil
1948,14,winaq.,winaq
1949,0,Xecha',xecha'
1949,1,k'ut,k'ut
1949,2,ri,ri
1949,3,"Alom,",alom
1949,4,"K'ajolom,",k'ajolom
1949,5,E,e
1949,6,"Tz'aqol,",tz'aqol
1949,7,"B'itol,",b'itol
1949,8,"Tepew,",tepew
1949,9,Q'ukumatz,q'ukumatz
1949,10,ki,ki
1949,11,b'i':,b'i'
1949,12,“Mi,mi
1949,13,xyopijik,xyopijik
1949,14,u,u
1949,15,"saqirik,",saqirik
1949,16,Mi,mi
1949,17,xtz'aq,xtz'aq
1949,18,"utzinik,",utzinik
1949,19,Mi,mi
1949,20,pu,pu
1949,21,xq'ale'ik,xq'ale'ik
1949,22,"Tzuqul,",tzuqul
1949,23,"Q'o'l,",q'o'l
1949,24,Saqil,saqil
1949,25,"al,",al
1949,26,Saqil,saqil
1949,27,k'ajol.,k'ajol
1950,0,Mi,mi
1950,1,xq'ale',xq'ale'
1950,2,"winaq,",winaq
1950,3,U,u
1950,4,winaqil,winaqil
1950,5,u,u
1950,6,wach,wach
1950,7,"ulew,”",ulew
1950,8,xecha'.,xecha'
1951,0,Xmolomanik,xmolomanik
1951,1,"xulik,",xulik
1951,2,Xb'e,xb'e
1951,3,ki,ki
1951,4,"na'oj,",na'oj
1951,5,Chi,chi
1951,6,"q'equ'mal,",q'equ'mal
1951,7,Chi,chi
1951,8,aq'ab'al.,aq'ab'al
1952,0,Ta,ta
1952,1,"xkitzukuj,",xkitzukuj
1952,2,Xkipuk'uj,xkipuk'uj
1952,3,puch.,puch
1953,0,"Xena'ojinik,",xena'ojinik
1953,1,Xeb'ison,xeb'ison
1953,2,puch,puch
1953,3,waral.,waral
1954,0,Keje',keje'
1954,1,k'ut,k'ut
1954,2,xel,xel
1954,3,wi,wi
1954,4,apanoq,apanoq
1954,5,ki,ki
1954,6,na'oj,na'oj
1954,7,"Saqil,",saqil
1954,8,Q'alal.,q'alal
1955,0,"Xkiriqo,",xkiriqo
1955,1,Xkikana'isaj,xkikana'isaj
1955,2,"puch,",puch
1955,3,Ri',ri'
1955,4,xok,xok
1955,5,U,u
1955,6,tio'jil,tio'jil
1955,7,winaq.,winaq
1956,0,Xa,xa
1956,1,sqaqi'n,sqaqi'n
1956,2,chik,chik
1956,3,Mawi,mawi
1956,4,kawachin,kawachin
1956,5,"Q'ij,",q'ij
1956,6,"Ik',",ik'
1956,7,Ch'umil,ch'umil
1956,8,Pa,pa
1956,9,ki,ki
1956,10,wi',wi'
1956,11,E,e
1956,12,"Tz'aqol,",tz'aqol
1956,13,B'itol.,b'itol
1957,0,PAN,pan
1957,1,"Paxil,",paxil
1957,2,Pan,pan
1957,3,K'ayala',k'ayala'
1957,4,u,u
1957,5,b'i',b'i'
1957,7,Xpe,xpe
1957,8,wi,wi
1957,9,q'ana,q'ana
1957,10,"jal,",jal
1957,11,Saqi,saqi
1957,12,jal.,jal
1958,0,ARE',are'
1958,1,k'u,k'u
1958,2,ki,ki
1958,3,b'i',b'i'
1958,4,"chikop,",chikop
1958,5,Wa',wa'
1958,6,k'amol,k'amol
1958,7,recha':,recha'
1958,8,"Yak,",yak
1958,9,"Utiw,",utiw
1958,10,"K'el,",k'el
1958,11,Joj.,joj
1959,0,E,e
1959,1,kajib',kajib'
1959,2,chi,chi
1959,3,"chikop,",chikop
1959,4,Xb'i'n,xb'i'n
1959,5,u,u
1959,6,"tzijel,",tzijel
1959,7,Q'ana,q'ana
1959,8,"jal,",jal
1959,9,Saqi,saqi
1959,10,jal,jal
1959,11,chike.,chike
1960,0,Chila',chila'
1960,1,kepe,kepe
1960,2,wi,wi
1960,3,pan,pan
1960,4,"Paxil,",paxil
1960,5,Xk'ut,xk'ut
1960,6,u,u
1960,7,b'e'el,b'e'el
1960,8,"Paxil,",paxil
1960,9,Are',are'
1960,10,k'ut,k'ut
1960,11,xkiriqo,xkiriqo
1960,12,ri,ri
1960,13,"echa',",echa'
1960,14,Are',are'
1960,15,k'ut,k'ut
1960,16,xok,xok
1960,17,u,u
1960,18,tio'jil,tio'jil
1960,19,Winaq,winaq
1960,20,"tz'aq,",tz'aq
1960,21,Winaq,winaq
1960,22,b'it.,b'it
1961,0,Ja',ja'
1961,1,k'ut,k'ut
1961,2,U,u
1961,3,kik'el.,kik'el
1962,0,U,u
1962,1,kik'el,kik'el
1962,2,Winaq,winaq
1962,3,xuxik.,xuxik
1963,0,Are',are'
1963,1,xok,xok
1963,2,kumal,kumal
1963,3,"Alom,",alom
1963,4,"K'ajolom,",k'ajolom
1963,5,Ri,ri
1963,6,jal.,jal
1964,0,Keje',keje'
1964,1,k'ut,k'ut
1964,2,xeki'kot,xeki'kot
1964,3,wi,wi
1964,4,Rumal,rumal
1964,5,ri,ri
1964,6,u,u
1964,7,riqitajik,riqitajik
1964,8,Utzilaj,utzilaj
1964,9,"juyub',",juyub'
1964,10,Nojinaq,nojinaq
1964,11,chi,chi
1964,12,"kus,",kus
1964,13,Tzatz,tzatz
1964,14,chi,chi
1964,15,q'ana,q'ana
1964,16,"jal,",jal
1964,17,Saqi,saqi
1964,18,"jal,",jal
1964,19,Tzatz,tzatz
1964,20,nay,nay
1964,21,puch,puch
1964,22,chi,chi
1964,23,"peq,",peq
1964,24,Chi,chi
1964,25,"kako,",kako
1964,26,Mawi,mawi
1964,27,ajilan,ajilan
1964,28,"tulul,",tulul
1964,29,"K'awex,",k'awex
1964,30,"Q'inom,",q'inom
1964,31,"Tapa'l,",tapa'l
1964,32,"Ajache',",ajache'
1964,33,Kab'.,kab'
1965,0,Nojinaq,nojinaq
1965,1,ki'laj,ki'laj
1965,2,"echa',",echa'
1965,3,Chupan,chupan
1965,4,ri,ri
1965,5,"tinamit,",tinamit
1965,6,Pan,pan
1965,7,"Paxil,",paxil
1965,8,Pan,pan
1965,9,K'ayala',k'ayala'
1965,10,u,u
1965,11,b'i'.,b'i'
1966,0,K'o,k'o
1966,1,wi,wi
1966,2,"echa',",echa'
1966,3,U,u
1966,4,wachinel,wachinel
1966,5,ronojel,ronojel
1966,6,Ch'uti,ch'uti
1966,7,"echa',",echa'
1966,8,Nima,nima
1966,9,"echa',",echa'
1966,10,Ch'uti,ch'uti
1966,11,"tiko'n,",tiko'n
1966,12,Nima,nima
1966,13,tiko'n.,tiko'n
1967,0,Xk'ut,xk'ut
1967,1,u,u
1967,2,b'e'el,b'e'el
1967,3,Kumal,kumal
1967,4,chikop.,chikop
1968,0,Saqi,saqi
1968,1,"jal,",jal
1968,2,B'elejeb',b'elejeb'
1968,3,k'u,k'u
1968,4,u,u
1968,5,ka'l,ka'l
1968,6,Xub'an,xub'an
1968,7,Xmuqane.,xmuqane
1969,0,Echa',echa'
1969,1,"xokik,",xokik
1969,2,Ruk',ruk'
1969,3,ja',ja'
1969,4,"rope'nal,",rope'nal
1969,5,Xwinaqir,xwinaqir
1969,6,u,u
1969,7,q'ab',q'ab'
1969,8,"chiyal,",chiyal
1969,9,U,u
1969,10,q'anal,q'anal
1969,11,winaq,winaq
1969,12,"xuxik,",xuxik
1969,13,Ta,ta
1969,14,xkib'an,xkib'an
1969,15,ri,ri
1969,16,"Alom,",alom
1969,17,"K'ajolom,",k'ajolom
1969,18,"Tepew,",tepew
1969,19,Q'ukumatz,q'ukumatz
1969,20,ke'uchaxik.,ke'uchaxik
1970,0,K'ate,k'ate
1970,1,k'ut,k'ut
1970,2,xkikoj,xkikoj
1970,3,pa,pa
1970,4,tzij,tzij
1970,5,u,u
1970,6,"tz'aqik,",tz'aqik
1970,7,U,u
1970,8,"b'itik,",b'itik
1970,9,Qa,qa
1970,10,nab'e,nab'e
1970,11,"chuch,",chuch
1970,12,Qajaw.,qajaw
1971,0,Xa,xa
1971,1,q'ana,q'ana
1971,2,"jal,",jal
1971,3,Saqi,saqi
1971,4,jal,jal
1971,5,u,u
1971,6,tio'jil.,tio'jil
1972,0,Xa,xa
1972,1,echa',echa'
1972,2,"raqan,",raqan
1972,3,U,u
1972,4,q'ab',q'ab'
1972,5,winaq.,winaq
1973,0,Ri',ri'
1973,1,e,e
1973,2,qa,qa
1973,3,nab'e,nab'e
1973,4,"qajaw,",qajaw
1973,5,E,e
1973,6,kajib',kajib'
1973,7,chi,chi
1973,8,winaq,winaq
1973,9,tz'aq.,tz'aq
1974,0,Xa,xa
1974,1,echa',echa'
1974,2,okinaq,okinaq
1974,3,Ki,ki
1974,4,tio'jil.,tio'jil
1975,0,WA'E,wa'e
1975,1,ki,ki
1975,2,b'i',b'i'
1975,3,nab'e,nab'e
1975,4,winaq,winaq
1975,5,"xetz'aqik,",xetz'aqik
1975,6,Xeb'itik.,xeb'itik
1976,0,Are',are'
1976,1,nab'e,nab'e
1976,2,winaq,winaq
1976,3,ri,ri
1976,4,B'alam,b'alam
1976,5,"Kitze,",kitze
1976,6,U,u
1976,7,kab',kab'
1976,8,chi,chi
1976,9,k'ut,k'ut
1976,10,B'alam,b'alam
1976,11,"Aq'ab',",aq'ab'
1976,12,Rox,rox
1976,13,chi,chi
1976,14,k'ut,k'ut
1976,15,"Majukutaj,",majukutaj
1976,16,U,u
1976,17,kaj,kaj
1976,18,k'ut,k'ut
1976,19,Ik'i,ik'i
1976,20,B'alam.,b'alam
1977,0,Are',are'
1977,1,k'u,k'u
1977,2,ki,ki
1977,3,b'i',b'i'
1977,4,ri,ri
1977,5,qa,qa
1977,6,nab'e,nab'e
1977,7,"chuch,",chuch
1977,8,Qajaw.,qajaw
1978,0,XA,xa
1978,1,"tz'aq,",tz'aq
1978,2,Xa,xa
1978,3,b'it,b'it
1978,4,ke'uchaxik.,ke'uchaxik
1979,0,Maja,maja
1979,1,b'i,b'i
1979,2,ki,ki
1979,3,"chuch,",chuch
1979,4,Maja,maja
1979,5,b'i,b'i
1979,6,ki,ki
1979,7,qajaw.,qajaw
1980,0,Xa,xa
1980,1,u,u
1980,2,tukel,tukel
1980,3,achij,achij
1980,4,chiqab'ij.,chiqab'ij
1981,0,Ma,ma
1981,1,na,na
1981,2,ixoq,ixoq
1981,3,"xe'alanik,",xe'alanik
1981,4,Ma,ma
1981,5,nay,nay
1981,6,pu,pu
1981,7,xek'ajolaxik,xek'ajolaxik
1981,8,Rumal,rumal
1981,9,ri,ri
1981,10,Aj,aj
1981,11,"Tz'aq,",tz'aq
1981,12,Aj,aj
1981,13,"B'it,",b'it
1981,14,Ri,ri
1981,15,"Alom,",alom
1981,16,K'ajolom.,k'ajolom
1982,0,Xa,xa
1982,1,"pus,",pus
1982,2,Xa,xa
1982,3,"nawal,",nawal
1982,4,Ki,ki
1982,5,"tz'aqik,",tz'aqik
1982,6,Ki,ki
1982,7,"b'itik,",b'itik
1982,8,Rumal,rumal
1982,9,ri,ri
1982,10,"Tz'aqol,",tz'aqol
1982,11,"B'itol,",b'itol
1982,12,"Alom,",alom
1982,13,"K'ajolom,",k'ajolom
1982,14,"Tepew,",tepew
1982,15,Q'ukumatz.,q'ukumatz
1983,0,Ta,ta
1983,1,xewinaqwachin,xewinaqwachin
1983,2,k'ut;,k'ut
1983,3,E,e
1983,4,winaq,winaq
1983,5,xe'uxik.,xe'uxik
1984,0,"Xech'awik,",xech'awik
1984,1,Xetzijon,xetzijon
1984,2,puch.,puch
1985,0,"Xemuqunik,",xemuqunik
1985,1,Xeta'on,xeta'on
1985,2,puch.,puch
1986,0,"Xeb'inik,",xeb'inik
1986,1,Xechapanik.,xechapanik
1987,0,E,e
1987,1,utzilaj,utzilaj
1987,2,"winaq,",winaq
1987,3,E,e
1987,4,cha'om.,cha'om
1988,0,Achijil,achijil
1988,1,wach,wach
1988,2,Ki,ki
1988,3,wachib'al.,wachib'al
1989,0,K'o,k'o
1989,1,"kuxlab',",kuxlab'
1989,2,Xuxik.,xuxik
1990,0,Xemuqum,xemuqum
1990,1,nay,nay
1990,2,"puch,",puch
1990,3,Ju,ju
1990,4,suk',suk'
1990,5,xopon,xopon
1990,6,ki,ki
1990,7,muqub'al.,muqub'al
1991,0,Xk'is,xk'is
1991,1,"kilo,",kilo
1991,2,Xk'is,xk'is
1991,3,keta'maj,keta'maj
1991,4,Ronojel,ronojel
1991,5,xe',xe'
1991,6,kaj.,kaj
1992,0,We,we
1992,1,kemuqunik,kemuqunik
1992,2,Lib'aj,lib'aj
1992,3,chi,chi
1992,4,"chikisolwachij,",chikisolwachij
1992,5,Chisolmuquj,chisolmuquj
1992,6,"puch,",puch
1992,7,U,u
1992,8,pam,pam
1992,9,"kaj,",kaj
1992,10,U,u
1992,11,pam,pam
1992,12,ulew.,ulew
1993,0,Ma,ma
1993,1,ju,ju
1993,2,q'atajil,q'atajil
1993,3,na,na
1993,4,Chikil,chikil
1993,5,ixtaj,ixtaj
1993,6,ronojel.,ronojel
1994,0,Ma,ma
1994,1,keb'in,keb'in
1994,2,ta,ta
1994,3,na'on,na'on
1994,4,"nab'e,",nab'e
1994,5,K'ate,k'ate
1994,6,ta,ta
1994,7,chikil,chikil
1994,8,ri,ri
1994,9,u,u
1994,10,xe',xe'
1994,11,"kaj,",kaj
1994,12,Xa,xa
1994,13,wi,wi
1994,14,chire,chire
1994,15,e,e
1994,16,k'o,k'o
1994,17,wi,wi
1994,18,ta,ta
1994,19,kemuqunik.,kemuqunik
1995,0,Tzatz,tzatz
1995,1,keta'mab'al,keta'mab'al
1995,2,xuxik.,xuxik
1996,0,Xik'ow,xik'ow
1996,1,ki,ki
1996,2,wachib'al,wachib'al
1996,3,pa,pa
1996,4,"che',",che'
1996,5,Pa,pa
1996,6,"ab'aj,",ab'aj
1996,7,Pa,pa
1996,8,"cho,",cho
1996,9,Pa,pa
1996,10,"palo,",palo
1996,11,Pa,pa
1996,12,"juyub',",juyub'
1996,13,Pa,pa
1996,14,taq'aj.,taq'aj
1997,0,Qitzij,qitzij
1997,1,wi,wi
1997,2,chi,chi
1997,3,E,e
1997,4,loq'olaj,loq'olaj
1997,5,"winaq,",winaq
1997,6,Ri,ri
1997,7,B'alam,b'alam
1997,8,"Kitze,",kitze
1997,9,B'alam,b'alam
1997,10,"Aq'ab',",aq'ab'
1997,11,"Majukutaj,",majukutaj
1997,12,Ik'i,ik'i
1997,13,B'alam.,b'alam
1998,0,TA,ta
1998,1,xetz'onox,xetz'onox
1998,2,k'ut,k'ut
1998,3,rumal,rumal
1998,4,ri,ri
1998,5,Aj,aj
1998,6,"Tz'aq,",tz'aq
1998,7,Aj,aj
1998,8,B'it:,b'it
1998,9,“Juchalik,juchalik
1998,10,i,i
1998,11,k'oje'ik?,k'oje'ik
1999,0,Kina'o?,kina'o
2000,0,Ma,ma
2000,1,kixmuqunik?,kixmuqunik
2001,0,Ma,ma
2001,1,kixta'onik?,kixta'onik
2002,0,Ma,ma
2002,1,utz,utz
2002,2,i,i
2002,3,"ch'ab'al,",ch'ab'al
2002,4,Ruk',ruk'
2002,5,i,i
2002,6,b'inib'al?,b'inib'al
2003,0,Kixmuquna',kixmuquna'
2003,1,na,na
2003,2,"k'ut,",k'ut
2003,3,Chiwila',chiwila'
2003,4,U,u
2003,5,xe',xe'
2003,6,kaj!,kaj
2004,0,Ma,ma
2004,1,q'alaj,q'alaj
2004,2,juyub'?,juyub'
2005,0,Taq'aj,taq'aj
2005,1,kiwilo?,kiwilo
2006,0,Chitija',chitija'
2006,1,na,na
2006,2,k'ut!”,k'ut
2006,3,xe'uchaxik.,xe'uchaxik
2007,0,K'ate,k'ate
2007,1,puch,puch
2007,2,xk'is,xk'is
2007,3,kil,kil
2007,4,ronojel,ronojel
2007,5,U,u
2007,6,xe',xe'
2007,7,"kaj,",kaj
2007,8,K'ate,k'ate
2007,9,k'ut,k'ut
2007,10,ki,ki
2007,11,k'amowanik,k'amowanik
2007,12,ri',ri'
2007,13,chire,chire
2007,14,"Tz'aqol,",tz'aqol
2007,15,B'itol.,b'itol
2008,0,“Qitzij,qitzij
2008,1,wi,wi
2008,2,chi,chi
2008,3,ka,ka
2008,4,mul,mul
2008,5,"k'amo,",k'amo
2008,6,Ox,ox
2008,7,mul,mul
2008,8,"k'amo,",k'amo
2008,9,Mi,mi
2008,10,"xojwinaqirik,",xojwinaqirik
2008,11,Mi,mi
2008,12,pu,pu
2008,13,"xojchi'nik,",xojchi'nik
2008,14,Xojwachinik.,xojwachinik
2009,0,"Kojch'awik,",kojch'awik
2009,1,"Kojta'onik,",kojta'onik
2009,2,"Kojb'isonik,",kojb'isonik
2009,3,Kojsilab'ik.,kojsilab'ik
2010,0,Utz,utz
2010,1,"kaqana'o,",kaqana'o
2010,2,Xqeta'maj,xqeta'maj
2010,3,"Naj,",naj
2010,4,Naqaj.,naqaj
2011,0,Mi,mi
2011,1,pu,pu
2011,2,xqilo,xqilo
2011,3,"nim,",nim
2011,4,"Ch'uti'n,",ch'uti'n
2011,5,U,u
2011,6,pa,pa
2011,7,"kaj,",kaj
2011,8,U,u
2011,9,pa,pa
2011,10,ulew.,ulew
2012,0,K'amo,k'amo
2012,1,k'ut,k'ut
2012,2,Chiwe,chiwe
2012,3,Mi,mi
2012,4,xojwinaqirik.,xojwinaqirik
2013,0,Oj,oj
2013,1,"tz'aq,",tz'aq
2013,2,Oj,oj
2013,3,"b'it,",b'it
2013,4,Mi,mi
2013,5,"xojuxik,",xojuxik
2013,6,At,at
2013,7,"qati't,",qati't
2013,8,At,at
2013,9,qa,qa
2013,10,"mam,”",mam
2013,11,Xecha',xecha'
2013,12,ta,ta
2013,13,xkik'amowaj,xkik'amowaj
2013,14,Ki,ki
2013,15,"tz'aqik,",tz'aqik
2013,16,Ki,ki
2013,17,b'itik.,b'itik
2014,0,Xk'is,xk'is
2014,1,keta'maj,keta'maj
2014,2,ronojel,ronojel
2014,3,Xkimuquj:,xkimuquj
2014,4,Kaj,kaj
2014,5,"tz'uk,",tz'uk
2014,6,Kaj,kaj
2014,7,"xukut,",xukut
2014,8,U,u
2014,9,pam,pam
2014,10,"kaj,",kaj
2014,11,U,u
2014,12,pam,pam
2014,13,ulew.,ulew
2015,0,Ma,ma
2015,1,k'u,k'u
2015,2,utz,utz
2015,3,"Xkita'o,",xkita'o
2015,4,Ri,ri
2015,5,Aj,aj
2015,6,"Tz'aq,",tz'aq
2015,7,Aj,aj
2015,8,B'it.,b'it
2016,0,“Mawi,mawi
2016,1,utz,utz
2016,2,Ri',ri'
2016,3,mi,mi
2016,4,"xkib'ij,",xkib'ij
2016,5,Qa,qa
2016,6,"tz'aq,",tz'aq
2016,7,Qa,qa
2016,8,b'it:,b'it
2016,9,‘Mi,mi
2016,10,xqeta'maj,xqeta'maj
2016,11,ronojel,ronojel
2016,12,"nim,",nim
2017,0,"Ch'uti'n,’”",ch'uti'n
2017,1,kecha'.,kecha'
2018,0,KEJE',keje'
2018,1,chi,chi
2018,2,k'ut,k'ut
2018,3,u,u
2018,4,k'amik,k'amik
2018,5,chik,chik
2018,6,Ki,ki
2018,7,"na'oj,",na'oj
2018,8,"Alom,",alom
2018,9,K'ajolom.,k'ajolom
2019,0,“Jucha,jucha
2019,1,chik,chik
2019,2,chiqab'an,chiqab'an
2019,3,"chike,",chike
2019,4,Xa,xa
2019,5,ta,ta
2019,6,naqaj,naqaj
2019,7,chopon,chopon
2019,8,wi,wi
2019,9,ki,ki
2019,10,"muqub'al,",muqub'al
2019,11,Xa,xa
2019,12,ta,ta
2019,13,sqaqi'n,sqaqi'n
2019,14,U,u
2019,15,"wach,",wach
2019,16,U,u
2019,17,wach,wach
2019,18,ulew,ulew
2019,19,Chikilo?,chikilo
2020,0,Mawi,mawi
2020,1,utz,utz
2020,2,Ri',ri'
2020,3,kakib'ij.,kakib'ij
2021,0,Ma,ma
2021,1,pa,pa
2021,2,xa,xa
2021,3,"tz'aq,",tz'aq
2021,4,Xa,xa
2021,5,b'it,b'it
2021,6,ki,ki
2021,7,b'i'?,b'i'
2022,0,Xa,xa
2022,1,lab'e,lab'e
2022,2,e,e
2022,3,k'ab'awil,k'ab'awil
2022,4,Ke'uxik,ke'uxik
2022,5,chik.,chik
2023,0,We,we
2023,1,mawi,mawi
2023,2,"kepoq'otajik,",kepoq'otajik
2023,3,"Kek'iritajik,",kek'iritajik
2023,4,Ta,ta
2023,5,chawaxoq?,chawaxoq
2024,0,Ta,ta
2024,1,saqiroq?,saqiroq
2025,0,We,we
2025,1,mawi,mawi
2025,2,"chik'iyarik,",chik'iyarik
2025,3,Ta,ta
2025,4,chuxoq?,chuxoq
2026,0,Xa,xa
2026,1,qayojo,qayojo
2026,2,chi,chi
2026,3,sqaqi'n,sqaqi'n
2026,4,"chik,",chik
2026,5,K'o,k'o
2026,6,chi,chi
2026,7,karaj.,karaj
2027,0,Mawi,mawi
2027,1,utz,utz
2027,2,kaqana'o.,kaqana'o
2028,0,Xa,xa
2028,1,pa,pa
2028,2,xchijunamataj,xchijunamataj
2028,3,ki,ki
2028,4,b'anoj,b'anoj
2028,5,"quk',",quk'
2028,6,Ri,ri
2028,7,najt,najt
2028,8,kopon,kopon
2028,9,wi,wi
2028,10,"keta'mab'al,",keta'mab'al
2028,11,Kilon,kilon
2028,12,"ronojel,”",ronojel
2028,13,xe'uchaxik,xe'uchaxik
2028,14,Rumal,rumal
2028,15,u,u
2028,16,K'u'x,k'u'x
2028,17,Kaj:,kaj
2028,18,"Juraqan,",juraqan
2028,19,Ch'i'pi,ch'i'pi
2028,20,"Kaqulja,",kaqulja
2028,21,Raxa,raxa
2028,22,"Kaqulja,",kaqulja
2028,23,"Tepew,",tepew
2028,24,"Q'ukumatz,",q'ukumatz
2028,25,"Alom,",alom
2028,26,"K'ajolom,",k'ajolom
2028,27,"Xpiyakok,",xpiyakok
2028,28,"Xmuqane,",xmuqane
2028,29,"Tz'aqol,",tz'aqol
2028,30,"B'itol,",b'itol
2028,31,ke'uchaxik.,ke'uchaxik
2029,0,Ta,ta
2029,1,xkib'an,xkib'an
2029,2,k'ut,k'ut
2029,3,U,u
2029,4,k'oje'ik,k'oje'ik
2029,5,chik,chik
2029,6,Ki,ki
2029,7,"tz'aq,",tz'aq
2030,0,Ki,ki
2030,1,b'it.,b'it
2031,0,XA,xa
2031,1,k'u,k'u
2031,2,xwab'ax,xwab'ax
2031,3,u,u
2031,4,b'aq',b'aq'
2031,5,ki,ki
2031,6,wach,wach
2031,7,Rumal,rumal
2031,8,ri,ri
2031,9,u,u
2031,10,K'u'x,k'u'x
2031,11,Kaj.,kaj
2032,0,Xmoyik,xmoyik
2032,1,keje',keje'
2032,2,ri',ri'
2032,3,xuxlab'ix,xuxlab'ix
2032,4,u,u
2032,5,wach,wach
2032,6,"lemo',",lemo'
2032,7,Xmoyomob'ik,xmoyomob'ik
2032,8,u,u
2032,9,b'aq',b'aq'
2032,10,ki,ki
2032,11,wach.,wach
2033,0,Xa,xa
2033,1,naqaj,naqaj
2033,2,chik,chik
2033,3,xemuqun,xemuqun
2033,4,"wi,",wi
2033,5,Xere,xere
2033,6,chi,chi
2033,7,q'alaj,q'alaj
2033,8,ri,ri
2033,9,e,e
2033,10,k'o,k'o
2033,11,wi.,wi
2034,0,Keje',keje'
2034,1,k'ut,k'ut
2034,2,u,u
2034,3,sachik,sachik
2034,4,"keta'mab'al,",keta'mab'al
2034,5,Ruk',ruk'
2034,6,ronojel,ronojel
2034,7,ki,ki
2034,8,na'ob'al,na'ob'al
2034,9,e,e
2034,10,kajib',kajib'
2034,11,chi,chi
2034,12,"winaq,",winaq
2034,13,U,u
2034,14,"xe',",xe'
2034,15,U,u
2034,16,tikarib'al.,tikarib'al
2035,0,Keje',keje'
2035,1,k'ut,k'ut
2035,2,ki,ki
2035,3,"tz'aqik,",tz'aqik
2035,4,Ki,ki
2035,5,b'itik,b'itik
2035,6,Nab'e,nab'e
2035,7,qa,qa
2035,8,"mam,",mam
2035,9,Qa,qa
2035,10,"qajaw,",qajaw
2035,11,Rumal,rumal
2035,12,u,u
2035,13,K'u'x,k'u'x
2035,14,"Kaj,",kaj
2035,15,U,u
2035,16,K'u'x,k'u'x
2035,17,Ulew.,ulew
2036,0,Ta,ta
2036,1,xk'oje',xk'oje'
2036,2,chi,chi
2036,3,k'ut,k'ut
2036,4,Ki,ki
2036,5,"k'ulel,",k'ulel
2036,6,Kixoqil,kixoqil
2036,7,Puch,puch
2036,8,xuxik.,xuxik
2037,0,Xa,xa
2037,1,wi,wi
2037,2,k'ab'awil,k'ab'awil
2037,3,xna'ojin,xna'ojin
2037,4,chik.,chik
2038,0,Keje',keje'
2038,1,ri',ri'
2038,2,xa,xa
2038,3,pa,pa
2038,4,waram,waram
2038,5,xkik'am,xkik'am
2038,6,wi.,wi
2039,0,Qitzij,qitzij
2039,1,e,e
2039,2,jeb'el,jeb'el
2039,3,Chi,chi
2039,4,ixoq,ixoq
2039,5,k'o,k'o
2039,6,Ruk',ruk'
2039,7,B'alam,b'alam
2039,8,"Kitze,",kitze
2039,9,B'alam,b'alam
2039,10,"Aq'ab',",aq'ab'
2039,11,"Majukutaj,",majukutaj
2039,12,Ik'i,ik'i
2039,13,B'alam.,b'alam
2040,0,Are',are'
2040,1,k'u,k'u
2040,2,ki,ki
2040,3,"b'i',",b'i'
2040,4,Kixoqil,kixoqil
2040,5,wa':,wa'
2040,6,Kajapalu,kajapalu
2040,7,Na,na
2040,8,u,u
2040,9,b'i',b'i'
2040,10,Rixoqil,rixoqil
2040,11,B'alam,b'alam
2040,12,Kitze;,kitze
2040,13,Chomi,chomi
2040,14,Ja,ja
2040,15,u,u
2040,16,b'i',b'i'
2040,17,Rixoqil,rixoqil
2040,18,B'alam,b'alam
2040,19,Aq'ab';,aq'ab'
2040,20,Tz'ununi,tz'ununi
2040,21,Ja,ja
2040,22,u,u
2040,23,b'i',b'i'
2040,24,Rixoqil,rixoqil
2040,25,Majukutaj;,majukutaj
2040,26,Kaqixa,kaqixa
2040,27,Ja,ja
2040,28,u,u
2040,29,b'i',b'i'
2040,30,Rixoqil,rixoqil
2040,31,Ik'i,ik'i
2040,32,B'alam.,b'alam
2041,0,Are',are'
2041,1,k'ut,k'ut
2041,2,u,u
2041,3,b'i',b'i'
2041,4,Kixoqil.,kixoqil
2042,0,Ri',ri'
2042,1,xok,xok
2042,2,qajawab',qajawab'
2042,3,xe'uxik.,xe'uxik
2043,0,E,e
2043,1,poq'ol,poq'ol
2043,2,"winaq,",winaq
2043,3,Ch'uti,ch'uti
2043,4,"amaq',",amaq'
2043,5,Nima,nima
2043,6,amaq'.,amaq'
2044,0,Are',are'
2044,1,k'ut,k'ut
2044,2,u,u
2044,3,xe',xe'
2044,4,"qech,",qech
2044,5,Ri,ri
2044,6,oj,oj
2044,7,K'iche',k'iche'
2044,8,winaq.,winaq
2045,0,Tzatz,tzatz
2045,1,k'ut,k'ut
2045,2,xuxik,xuxik
2045,3,ri,ri
2045,4,aj,aj
2045,5,"k'ix,",k'ix
2045,6,Aj,aj
2045,7,k'ajb'.,k'ajb'
2046,0,Ma,ma
2046,1,na,na
2046,2,xa,xa
2046,3,e,e
2046,4,kajib',kajib'
2046,5,chik,chik
2046,6,"xuxik,",xuxik
2046,7,Xere,xere
2046,8,kajib',kajib'
2046,9,ri,ri
2046,10,ki,ki
2046,11,chuch,chuch
2046,12,oj,oj
2046,13,K'iche',k'iche'
2046,14,winaq.,winaq
2047,0,Jalajoj,jalajoj
2047,1,chi,chi
2047,2,ki,ki
2047,3,"b'i',",b'i'
2047,4,Chi,chi
2047,5,ki,ki
2047,6,jujunal.,jujunal
2048,0,Ta,ta
2048,1,"xpoq'otajik,",xpoq'otajik
2048,2,Chila',chila'
2048,3,chi,chi
2048,4,releb'al,releb'al
2048,5,q'ij.,q'ij
2049,0,Qi,qi
2049,1,u,u
2049,2,b'i',b'i'
2049,3,xuxik,xuxik
2049,4,ri,ri
2049,5,winaq:,winaq
2049,6,"Tepew,",tepew
2049,7,"Oloman,",oloman
2049,8,"K'ojaj,",k'ojaj
2049,9,K'enech,k'enech
2049,10,"Ajaw,",ajaw
2049,11,Chuchax,chuchax
2049,12,chik,chik
2049,13,u,u
2049,14,b'i',b'i'
2049,15,winaq.,winaq
2050,0,Chila',chila'
2050,1,releb'al,releb'al
2050,2,q'ij,q'ij
2050,3,Xpoq'otajik.,xpoq'otajik
2051,0,Reta'm,reta'm
2051,1,k'ut,k'ut
2051,2,U,u
2051,3,tikarik,tikarik
2051,4,chik,chik
2051,5,Rech,rech
2051,6,"Tamub',",tamub'
2051,7,Rech,rech
2051,8,Ilokab'.,ilokab'
2052,0,Xa,xa
2052,1,jun,jun
2052,2,xpe,xpe
2052,3,wi,wi
2052,4,"chila',",chila'
2052,5,Releb'al,releb'al
2052,6,q'ij.,q'ij
2053,0,B'alam,b'alam
2053,1,Kitze,kitze
2053,2,u,u
2053,3,"mam,",mam
2053,4,U,u
2053,5,"qajaw,",qajaw
2053,6,B'elejeb',b'elejeb'
2053,7,nim,nim
2053,8,ja,ja
2053,9,Chi,chi
2053,10,Kawiqib'.,kawiqib'
2054,0,B'alam,b'alam
2054,1,Aq'ab',aq'ab'
2054,2,u,u
2054,3,"mam,",mam
2054,4,U,u
2054,5,"qajaw,",qajaw
2054,6,B'elejeb',b'elejeb'
2054,7,nim,nim
2054,8,ja,ja
2054,9,Chi,chi
2054,10,Nim,nim
2054,11,Jaib'ab'.,jaib'ab'
2055,0,Majukutaj,majukutaj
2055,1,u,u
2055,2,"mam,",mam
2055,3,U,u
2055,4,"qajaw,",qajaw
2055,5,Kajib',kajib'
2055,6,nim,nim
2055,7,ja,ja
2055,8,Chi,chi
2055,9,Ajaw,ajaw
2055,10,K'iche'.,k'iche'
2056,0,Ox,ox
2056,1,"ch'ob',",ch'ob'
2056,2,"Chinamit,",chinamit
2056,3,Chi,chi
2056,4,u,u
2056,5,k'oje'ik.,k'oje'ik
2057,0,Mawi,mawi
2057,1,sachel,sachel
2057,2,u,u
2057,3,b'i',b'i'
2057,4,U,u
2057,5,"mam,",mam
2057,6,U,u
2057,7,qajaw.,qajaw
2058,0,Are',are'
2058,1,"poq'ol,",poq'ol
2058,2,"K'irol,",k'irol
2058,3,Chila',chila'
2058,4,Releb'al,releb'al
2058,5,q'ij.,q'ij
2059,0,Xa,xa
2059,1,wi,wi
2059,2,xere,xere
2059,3,xpe,xpe
2059,4,wi,wi
2059,5,"Tamub',",tamub'
2059,6,"Ilokab',",ilokab'
2059,7,Ruk',ruk'
2059,8,oxlajuj,oxlajuj
2059,9,uk'a,uk'a
2059,10,"amaq',",amaq'
2059,11,Oxlajuj,oxlajuj
2059,12,tekpan:,tekpan
2059,13,Ruk',ruk'
2059,14,"Rab'inaleb',",rab'inaleb'
2059,15,"Kaqchikeleb',",kaqchikeleb'
2059,16,Aj,aj
2059,17,Tz'ikina,tz'ikina
2059,18,"Ja,",ja
2059,19,Ruk',ruk'
2059,20,puch,puch
2059,21,"Saqajib',",saqajib'
2059,22,Ruk',ruk'
2059,23,nay,nay
2059,24,puch,puch
2059,25,"Lamakib',",lamakib'
2059,26,"Kumatz,",kumatz
2059,27,Tujal,tujal
2059,28,"Ja,",ja
2059,29,U,u
2059,30,Ch'ab'a,ch'ab'a
2059,31,"Ja,",ja
2059,32,Aj,aj
2059,33,Ch'umila,ch'umila
2059,34,"Ja,",ja
2059,35,Ruk',ruk'
2059,36,Aj,aj
2059,37,Qib'a,qib'a
2059,38,"Ja,",ja
2059,39,Ah,ah
2059,40,B'atena,b'atena
2059,41,"Ja,",ja
2059,42,Akul,akul
2059,43,"Winaq,",winaq
2059,44,B'alami,b'alami
2059,45,"Ja,",ja
2059,46,Kan,kan
2059,47,"Chajeleb',",chajeleb'
2059,48,B'alam,b'alam
2059,49,"Kolob',",kolob'
2059,50,Xere,xere
2059,51,k'ut,k'ut
2059,52,u,u
2059,53,nimaqil,nimaqil
2059,54,"amaq',",amaq'
2059,55,Ri,ri
2059,56,uk'a,uk'a
2059,57,amaq',amaq'
2059,58,Kojcha',kojcha'
2059,59,chirech.,chirech
2060,0,Xa,xa
2060,1,u,u
2060,2,nimaqil,nimaqil
2060,3,ri,ri
2060,4,mi,mi
2060,5,xqacholo.,xqacholo
2061,0,K'i,k'i
2061,1,chik,chik
2061,2,elenaq,elenaq
2061,3,"chirij,",chirij
2061,4,Ri,ri
2061,5,ju,ju
2061,6,taq,taq
2061,7,ch'ob',ch'ob'
2061,8,chi,chi
2061,9,tinamit.,tinamit
2062,0,Mawi,mawi
2062,1,mi,mi
2062,2,xqatz'ib'aj,xqatz'ib'aj
2062,3,ki,ki
2062,4,b'i'.,b'i'
2063,0,Xa,xa
2063,1,wi,wi
2063,2,k'u,k'u
2063,3,chila',chila'
2063,4,Xpoq'otaj,xpoq'otaj
2063,5,wi,wi
2063,6,uloq,uloq
2063,7,Releb'al,releb'al
2063,8,q'ij.,q'ij
2064,0,K'iya,k'iya
2064,1,winaq,winaq
2064,2,xuxik,xuxik
2064,3,chi,chi
2064,4,q'equ'mal,q'equ'mal
2064,5,Ta,ta
2064,6,xk'iyarik.,xk'iyarik
2065,0,Ma,ma
2065,1,ja,ja
2065,2,chalaxoq,chalaxoq
2065,3,"q'ij,",q'ij
2065,4,Saq,saq
2065,5,ta,ta
2065,6,xek'iyarik.,xek'iyarik
2066,0,Xa,xa
2066,1,jun,jun
2066,2,xek'oje',xek'oje'
2066,3,wi,wi
2066,4,konojel.,konojel
2067,0,E,e
2067,1,tzatz,tzatz
2067,2,chi,chi
2067,3,ki,ki
2067,4,"k'oje'ik,",k'oje'ik
2067,5,Ki,ki
2067,6,b'inowik,b'inowik
2067,7,chila',chila'
2067,8,Releb'al,releb'al
2067,9,q'ij.,q'ij
2068,0,Are',are'
2068,1,maja,maja
2068,2,b'i,b'i
2068,3,chi,chi
2068,4,tzuqun,tzuqun
2068,5,Ki,ki
2068,6,q'o'n.,q'o'n
2069,0,Xa,xa
2069,1,wi,wi
2069,2,chi,chi
2069,3,kaj,kaj
2069,4,chikipaqab'a',chikipaqab'a'
2069,5,ki,ki
2069,6,wach.,wach
2070,0,Mawi,mawi
2070,1,keta'm,keta'm
2070,2,xeb'e,xeb'e
2070,3,wi.,wi
2071,0,Najt,najt
2071,1,xkib'ano,xkib'ano
2071,2,Ta,ta
2071,3,xk'oje',xk'oje'
2071,4,pa,pa
2071,5,ki,ki
2071,6,"chiri',",chiri'
2071,7,Q'eqa,q'eqa
2071,8,"winaq,",winaq
2071,9,Saqi,saqi
2071,10,"winaq,",winaq
2071,11,K'i,k'i
2071,12,wachib'al,wachib'al
2071,13,"winaq,",winaq
2071,14,K'i,k'i
2071,15,u,u
2071,16,ch'ab'al,ch'ab'al
2071,17,winaq.,winaq
2072,0,Ka'y,ka'y
2072,1,u,u
2072,2,xikin,xikin
2072,3,k'ole'y,k'ole'y
2072,4,u,u
2072,5,xe',xe'
2072,6,kaj.,kaj
2073,0,K'o,k'o
2073,1,k'ut,k'ut
2073,2,juyub'al,juyub'al
2073,3,winaq.,winaq
2074,0,Mawi,mawi
2074,1,ilo,ilo
2074,2,u,u
2074,3,"wach,",wach
2074,4,Maja,maja
2074,5,b'i,b'i
2074,6,rochoch.,rochoch
2075,0,Xa,xa
2075,1,ch'uti,ch'uti
2075,2,"juyub',",juyub'
2075,3,Nima,nima
2075,4,juyub',juyub'
2075,5,keb'ek.,keb'ek
2076,0,“Keje',keje'
2076,1,ri',ri'
2076,2,e,e
2076,3,"ch'u'j,”",ch'u'j
2076,4,xecha'.,xecha'
2077,0,“Ta,ta
2077,1,xkiyajob'ej,xkiyajob'ej
2077,2,ri,ri
2077,3,juyub'al,juyub'al
2077,4,"winaq,”",winaq
2077,5,xecha'.,xecha'
2078,0,Chila',chila'
2078,1,xkil,xkil
2078,2,wi,wi
2078,3,releb'al,releb'al
2078,4,"q'ij,",q'ij
2078,5,Xa,xa
2078,6,k'u,k'u
2078,7,jun,jun
2078,8,ki,ki
2078,9,ch'ab'al,ch'ab'al
2078,10,konojel.,konojel
2079,0,Maja,maja
2079,1,chikisik'ijoq,chikisik'ijoq
2079,2,"che',",che'
2079,3,Ab'aj.,ab'aj
2080,0,Are',are'
2080,1,na'tal,na'tal
2080,2,chikech,chikech
2080,3,ri,ri
2080,4,u,u
2080,5,tzij,tzij
2080,6,"Tz'aqol,",tz'aqol
2080,7,"B'itol,",b'itol
2080,8,U,u
2080,9,K'u'x,k'u'x
2080,10,"Kaj,",kaj
2080,11,U,u
2080,12,K'u'x,k'u'x
2080,13,"Ulew,",ulew
2080,14,xecha'.,xecha'
2081,0,Xere,xere
2081,1,ki,ki
2081,2,k'u'xlan,k'u'xlan
2081,3,Ri,ri
2081,4,"rawaxik,",rawaxik
2081,5,U,u
2081,6,"saqirik,",saqirik
2081,7,Xa,xa
2081,8,tz'ononik,tz'ononik
2081,9,Chikib'ano.,chikib'ano
2082,0,E,e
2082,1,aj,aj
2082,2,loq',loq'
2082,3,"tzij,",tzij
2082,4,E,e
2082,5,aj,aj
2082,6,"loq',",loq'
2082,7,E,e
2082,8,aj,aj
2082,9,"nim,",nim
2082,10,E,e
2082,11,aj,aj
2082,12,xob'.,xob'
2083,0,Chikipaqab'a',chikipaqab'a'
2083,1,ki,ki
2083,2,wach,wach
2083,3,chi,chi
2083,4,kaj,kaj
2083,5,Ta,ta
2083,6,xkitz'onoj,xkitz'onoj
2083,7,Ki,ki
2083,8,"me'al,",me'al
2083,9,Ki,ki
2083,10,k'ajol.,k'ajol
2084,0,"“Akarok,",akarok
2084,1,at,at
2084,2,"Tz'aqol,",tz'aqol
2084,3,At,at
2084,4,B'itol.,b'itol
2085,0,"Kojawila',",kojawila'
2085,1,Kojata!,kojata
2086,0,"Mojatzaqo,",mojatzaqo
2086,1,"Mojapisk'alij,",mojapisk'alij
2086,2,At,at
2086,3,k'ab'awil,k'ab'awil
2086,4,chi,chi
2086,5,"kaj,",kaj
2086,6,Chi,chi
2086,7,"ulew,",ulew
2086,8,U,u
2086,9,K'u'x,k'u'x
2086,10,"Kaj,",kaj
2086,11,U,u
2086,12,K'u'x,k'u'x
2086,13,Ulew.,ulew
2087,0,Chaya'taj,chaya'taj
2087,1,"qetal,",qetal
2087,2,Qa,qa
2087,3,"tzijel,",tzijel
2087,4,Chib'e,chib'e
2087,5,"q'ij,",q'ij
2087,6,Chib'e,chib'e
2087,7,"saq,",saq
2087,8,Ta,ta
2087,9,"chawaxok,",chawaxok
2087,10,Ta,ta
2087,11,saqirok.,saqirok
2088,0,Qi,qi
2088,1,ta,ta
2088,2,raxal,raxal
2088,3,"b'e,",b'e
2088,4,Raxal,raxal
2088,5,jok.,jok
2089,0,Kojaya',kojaya'
2089,1,wi,wi
2089,2,li'anik,li'anik
2089,3,"saq,",saq
2089,4,Li'anik,li'anik
2089,5,amaq',amaq'
2089,6,taj.,taj
2090,0,Utzilaj,utzilaj
2090,1,"saq,",saq
2090,2,Utzilaj,utzilaj
2090,3,amaq',amaq'
2090,4,taj.,taj
2091,0,Utzilaj,utzilaj
2091,1,"k'aslem,",k'aslem
2091,2,Winaqirem,winaqirem
2091,3,ta,ta
2091,4,puch,puch
2091,5,kojaya',kojaya'
2091,6,"wi,",wi
2091,7,At,at
2091,8,"Juraqan,",juraqan
2091,9,Ch'ipi,ch'ipi
2091,10,"Kaqulja,",kaqulja
2091,11,Raxa,raxa
2091,12,Kaqulja;,kaqulja
2091,13,Ch'ipi,ch'ipi
2091,14,"Nanawak,",nanawak
2091,15,Raxa,raxa
2091,16,Nanawak;,nanawak
2091,17,"Wok,",wok
2091,18,Junajpu;,junajpu
2091,19,"Tepew,",tepew
2091,20,Q'ukumatz;,q'ukumatz
2091,21,"Alom,",alom
2091,22,"K'ajolom,",k'ajolom
2091,23,"Xpiyakok,",xpiyakok
2091,24,"Xmuqane,",xmuqane
2091,25,Rati't,rati't
2091,26,"Q'ij,",q'ij
2091,27,Rati't,rati't
2091,28,Saq.,saq
2092,0,Ta,ta
2092,1,"chawaxoq,",chawaxoq
2092,2,Ta,ta
2092,3,"saqirok,”",saqirok
2092,4,xecha'.,xecha'
2093,0,Ta,ta
2093,1,"xeq'i'lonik,",xeq'i'lonik
2093,2,Xesik'inik.,xesik'inik
2094,0,Xeselawachin,xeselawachin
2094,1,u,u
2094,2,"saqirik,",saqirik
2094,3,Xa,xa
2094,4,wi,wi
2094,5,chila',chila'
2094,6,kemuqun,kemuqun
2094,7,wi,wi
2094,8,releb'al,releb'al
2094,9,q'ij.,q'ij
2095,0,Kilawachin,kilawachin
2095,1,ri,ri
2095,2,"Ik'oq'ij,",ik'oq'ij
2095,3,Nima,nima
2095,4,Ch'umil.,ch'umil
2096,0,Chalaxik,chalaxik
2096,1,"q'ij,",q'ij
2096,2,Tzijol,tzijol
2096,3,re,re
2096,4,U,u
2096,5,pa,pa
2096,6,"kaj,",kaj
2096,7,U,u
2096,8,pa,pa
2096,9,"ulew,",ulew
2096,10,U,u
2096,11,b'inib'al,b'inib'al
2096,12,winaq,winaq
2096,13,"tz'aq,",tz'aq
2096,14,Winaq,winaq
2096,15,b'it.,b'it
2097,0,"Xecha',",xecha'
2097,1,e,e
2097,2,B'alam,b'alam
2097,3,"Kitze,",kitze
2097,4,B'alam,b'alam
2097,5,"Aq'ab',",aq'ab'
2097,6,"Majukutaj,",majukutaj
2097,7,Ik'i,ik'i
2097,8,B'alam:,b'alam
2097,9,“Kojoyob'ej,kojoyob'ej
2097,10,na,na
2097,11,U,u
2097,12,"saqirik,”",saqirik
2097,13,xecha'.,xecha'
2098,0,E,e
2098,1,nima'q,nima'q
2098,2,"eta'manel,",eta'manel
2098,3,E,e
2098,4,"na'onel,",na'onel
2098,5,E,e
2098,6,aj,aj
2098,7,"k'ixb',",k'ixb'
2098,8,E,e
2098,9,aj,aj
2098,10,"nim,",nim
2098,11,keuchaxik.,keuchaxik
2099,0,Maja,maja
2099,1,b'i,b'i
2099,2,k'u,k'u
2099,3,jab'ioq,jab'ioq
2099,4,"che',",che'
2099,5,Ab'aj,ab'aj
2099,6,Chichajin,chichajin
2099,7,e,e
2099,8,qa,qa
2099,9,nab'e,nab'e
2099,10,"chuch,",chuch
2099,11,Qajaw.,qajaw
2100,0,E,e
2100,1,xa,xa
2100,2,k'u,k'u
2100,3,xkos,xkos
2100,4,ki,ki
2100,5,k'u'x,k'u'x
2100,6,chiri',chiri'
2100,7,Chiroyob'exik,chiroyob'exik
2100,8,q'ij.,q'ij
2101,0,E,e
2101,1,k'i,k'i
2101,2,chik,chik
2101,3,ronojel,ronojel
2101,4,"amaq',",amaq'
2101,5,Ruk',ruk'
2101,6,Yaki,yaki
2101,7,"winaq,",winaq
2101,8,Aj,aj
2101,9,"k'ixb',",k'ixb'
2101,10,Ah,ah
2101,11,k'ajb'.,k'ajb'
2102,0,“Xa,xa
2102,1,"jo',",jo'
2102,2,Oj,oj
2102,3,"qatzukuj,",qatzukuj
2102,4,Oj,oj
2102,5,pu,pu
2102,6,qila',qila'
2102,7,We,we
2102,8,k'o,k'o
2102,9,chichajin,chichajin
2102,10,qe,qe
2102,11,ta,ta
2102,12,la'.,la'
2103,0,Chiqariq,chiqariq
2103,1,ri,ri
2103,2,kojtzijon,kojtzijon
2103,3,ta,ta
2103,4,chuwach.,chuwach
2104,0,Xaqi,xaqi
2104,1,keje',keje'
2104,2,oj,oj
2104,3,k'oli'k.,k'oli'k
2105,0,Maja,maja
2105,1,b'i,b'i
2105,2,chajal,chajal
2105,3,"qe,”",qe
2105,4,Xecha',xecha'
2105,5,k'ut,k'ut
2105,6,e,e
2105,7,B'alam,b'alam
2105,8,"Kitze,",kitze
2105,9,B'alam,b'alam
2105,10,"Aq'ab',",aq'ab'
2105,11,"Majukutaj,",majukutaj
2105,12,Ik'i,ik'i
2105,13,B'alam.,b'alam
2106,0,Xkita'o,xkita'o
2106,1,u,u
2106,2,tzijel,tzijel
2106,3,jun,jun
2106,4,"tinamit,",tinamit
2106,5,Xeb'e,xeb'e
2106,6,wi.,wi
2107,0,ARE',are'
2107,1,k'ut,k'ut
2107,2,u,u
2107,3,b'i',b'i'
2107,4,"juyub',",juyub'
2107,5,Wa',wa'
2107,6,xeb'e,xeb'e
2107,7,"wi,",wi
2107,8,B'alam,b'alam
2107,9,"Kitze,",kitze
2107,10,B'alam,b'alam
2107,11,"Aq'ab',",aq'ab'
2107,12,"Majukutaj,",majukutaj
2107,13,Ik'i,ik'i
2107,14,"B'alam,",b'alam
2107,15,Ruk',ruk'
2107,16,"Tamub',",tamub'
2107,17,Ilokab'.,ilokab'
2108,0,Tulan,tulan
2108,1,"Zuywa,",zuywa
2108,2,Wuqub',wuqub'
2108,3,"Pek,",pek
2108,4,Wuqub',wuqub'
2108,5,Siwan,siwan
2108,6,u,u
2108,7,b'i',b'i'
2108,8,tinamit.,tinamit
2109,0,Xe'opon,xe'opon
2109,1,"wi,",wi
2109,2,E,e
2109,3,k'amol,k'amol
2109,4,re,re
2109,5,k'ab'awil.,k'ab'awil
2110,0,XE'OPON,xe'opon
2110,1,k'ut,k'ut
2110,2,chila',chila'
2110,3,Tulan,tulan
2110,4,Konojel.,konojel
2111,0,Mawi,mawi
2111,1,ajilan,ajilan
2111,2,chi,chi
2111,3,winaq,winaq
2111,4,Xoponik.,xoponik
2112,0,Tzatz,tzatz
2112,1,k'ut,k'ut
2112,2,"chub'inik,",chub'inik
2112,3,Cholon,cholon
2112,4,k'ut,k'ut
2112,5,relik,relik
2112,6,uloq,uloq
2112,7,ki,ki
2112,8,k'ab'awil.,k'ab'awil
2113,0,Nab'e,nab'e
2113,1,ri,ri
2113,2,B'alam,b'alam
2113,3,"Kitze,",kitze
2113,4,B'alam,b'alam
2113,5,"Aq'ab',",aq'ab'
2113,6,"Majukutaj,",majukutaj
2113,7,Ik'i,ik'i
2113,8,B'alam,b'alam
2113,9,keki'kotik.,keki'kotik
2114,0,“Are',are'
2114,1,qa,qa
2114,2,"tzukum,",tzukum
2114,3,Wa',wa'
2114,4,mi,mi
2114,5,"xqariqo,”",xqariqo
2114,6,xecha'.,xecha'
2115,0,Are,are
2115,1,k'ut,k'ut
2115,2,nab'e,nab'e
2115,3,xel,xel
2115,4,ri,ri
2115,5,"Tojil,",tojil
2115,6,U,u
2115,7,b'i',b'i'
2115,8,k'ab'awil,k'ab'awil
2115,9,Xekel,xekel
2115,10,u,u
2115,11,"ko'k,",ko'k
2115,12,Rikaxik,rikaxik
2115,13,rumal,rumal
2115,14,B'alam,b'alam
2115,15,Kitze.,kitze
2116,0,Xel,xel
2116,1,chi,chi
2116,2,k'u,k'u
2116,3,uloq,uloq
2116,4,"Awilix,",awilix
2116,5,U,u
2116,6,b'i',b'i'
2116,7,k'ab'awil,k'ab'awil
2116,8,Ruk'aj,ruk'aj
2116,9,B'alam,b'alam
2116,10,Aq'ab'.,aq'ab'
2117,0,Jaq'awitz,jaq'awitz
2117,1,"chik,",chik
2117,2,U,u
2117,3,b'i',b'i'
2117,4,k'ab'awil,k'ab'awil
2117,5,Xuk'amo,xuk'amo
2117,6,Majukutaj.,majukutaj
2118,0,Nik'aqaj,nik'aqaj
2118,1,"Taq'aj,",taq'aj
2118,2,U,u
2118,3,b'i',b'i'
2118,4,k'ab'awil,k'ab'awil
2118,5,Xuk'amo,xuk'amo
2118,6,Ik'i,ik'i
2118,7,B'alam.,b'alam
2119,0,Xere,xere
2119,1,k'ut,k'ut
2119,2,rach,rach
2119,3,K'iche',k'iche'
2119,4,"winaq,",winaq
2119,5,Ri,ri
2119,6,xuk'am,xuk'am
2119,7,chi,chi
2119,8,k'ut,k'ut
2119,9,re,re
2119,10,Tamub'.,tamub'
2120,0,Xawi,xawi
2120,1,xere,xere
2120,2,Tojil,tojil
2120,3,chi,chi
2120,4,"Tamub',",tamub'
2120,5,K'o,k'o
2120,6,u,u
2120,7,b'i,b'i
2120,8,xk'amowik,xk'amowik
2120,9,U,u
2120,10,"mam,",mam
2120,11,U,u
2120,12,qajaw,qajaw
2120,13,"Tamub',",tamub'
2120,14,"Ajawab',",ajawab'
2120,15,Keta'm,keta'm
2120,16,k'ut,k'ut
2120,17,wakamik.,wakamik
2121,0,Rox,rox
2121,1,chi,chi
2121,2,k'ut,k'ut
2121,3,Ilokab',ilokab'
2121,4,xawi,xawi
2121,5,Tojil.,tojil
2122,0,U,u
2122,1,b'i',b'i'
2122,2,k'ab'awil,k'ab'awil
2122,3,xuk'amo,xuk'amo
2122,4,Ki,ki
2122,5,"mam,",mam
2122,6,Ki,ki
2122,7,"qajaw,",qajaw
2122,8,"Ajawab',",ajawab'
2122,9,Xawi,xawi
2122,10,keta'm,keta'm
2122,11,wakamik.,wakamik
2123,0,KEJE',keje'
2123,1,k'ut,k'ut
2123,2,u,u
2123,3,b'i'nam,b'i'nam
2123,4,wi,wi
2123,5,oxib',oxib'
2123,6,chi,chi
2123,7,"K'iche',",k'iche'
2123,8,Xma,xma
2123,9,xutzoqopij,xutzoqopij
2123,10,wi,wi
2123,11,"rib',",rib'
2123,12,Rumal,rumal
2123,13,xa,xa
2123,14,junam,junam
2123,15,u,u
2123,16,b'i',b'i'
2123,17,k'ab'awil,k'ab'awil
2123,18,Tojil,tojil
2123,19,"K'iche',",k'iche'
2123,20,Tojil,tojil
2123,21,chi,chi
2123,22,"Tamub',",tamub'
2123,23,Chi,chi
2123,24,Ilokab'.,ilokab'
2124,0,Xa,xa
2124,1,jun,jun
2124,2,u,u
2124,3,b'i',b'i'
2124,4,u,u
2124,5,k'ab'awil,k'ab'awil
2124,6,"ke,",ke
2124,7,K'u,k'u
2124,8,mawi,mawi
2124,9,xujach,xujach
2124,10,wi,wi
2124,11,rib',rib'
2124,12,Rox,rox
2124,13,ichal,ichal
2124,14,K'iche'.,k'iche'
2125,0,Oxib',oxib'
2125,1,ri',ri'
2125,2,qitzij,qitzij
2125,3,nima'q,nima'q
2125,4,ki,ki
2125,5,k'oje'ik:,k'oje'ik
2125,6,"Tojil,",tojil
2125,7,"Awilix,",awilix
2125,8,Jaq'awitz.,jaq'awitz
2126,0,Ta,ta
2126,1,xok,xok
2126,2,chi,chi
2126,3,k'ut,k'ut
2126,4,ronojel,ronojel
2126,5,amaq':,amaq'
2126,6,"Rab'inaleb',",rab'inaleb'
2126,7,"Kaqchekeleb',",kaqchekeleb'
2126,8,Aj,aj
2126,9,Tz'ikina,tz'ikina
2126,10,"Ja,",ja
2126,11,Ruk',ruk'
2126,12,Yaki,yaki
2126,13,"winaq,",winaq
2126,14,U,u
2126,15,b'i',b'i'
2126,16,wakamik.,wakamik
2127,0,Jalajoj,jalajoj
2127,1,ki,ki
2127,2,ch'ab'al,ch'ab'al
2127,3,xuxik.,xuxik
2128,0,Mawi,mawi
2128,1,q'alaj,q'alaj
2128,2,chik,chik
2128,3,Xkita'o,xkita'o
2128,4,chi,chi
2128,5,kib'il,kib'il
2128,6,kib',kib'
2128,7,Ta,ta
2128,8,xepetik,xepetik
2128,9,chi,chi
2128,10,Tulan.,tulan
2129,0,Chiri',chiri'
2129,1,k'ut,k'ut
2129,2,xkipaxij,xkipaxij
2129,3,wi,wi
2129,4,kib'.,kib'
2130,0,K'o,k'o
2130,1,xb'e,xb'e
2130,2,chila',chila'
2130,3,releb'al,releb'al
2130,4,"q'ij,",q'ij
2130,5,Tzatz,tzatz
2130,6,k'u,k'u
2130,7,ri',ri'
2130,8,xpe,xpe
2130,9,waral.,waral
2131,0,Xa,xa
2131,1,k'u,k'u
2131,2,jumaj,jumaj
2131,3,tz'um,tz'um
2131,4,ki,ki
2131,5,q'u'.,q'u'
2132,0,Maja,maja
2132,1,b'i,b'i
2132,2,ri,ri
2132,3,utzilaj,utzilaj
2132,4,taq,taq
2132,5,q'u'l,q'u'l
2132,6,taj.,taj
2133,0,Ki,ki
2133,1,kojom,kojom
2133,2,xa,xa
2133,3,u,u
2133,4,tz'umal,tz'umal
2133,5,chikop.,chikop
2134,0,Ki,ki
2134,1,kawub'al,kawub'al
2134,2,e,e
2134,3,meb'a.,meb'a
2135,0,Maja,maja
2135,1,b'i,b'i
2135,2,kech.,kech
2136,0,Xa,xa
2136,1,e,e
2136,2,nawal,nawal
2136,3,winaq,winaq
2136,4,chi,chi
2136,5,ki,ki
2136,6,k'oje'ik,k'oje'ik
2136,7,Ta,ta
2136,8,xepe,xepe
2136,9,chila',chila'
2136,10,Tulan,tulan
2136,11,"Suywa,",suywa
2136,12,Wuqub',wuqub'
2136,13,"Pek,",pek
2136,14,Wuqub',wuqub'
2136,15,"Siwan,",siwan
2136,16,Cha',cha'
2136,17,Chupan,chupan
2136,18,ojer,ojer
2136,19,tzij.,tzij
2137,0,Tzatz,tzatz
2137,1,"chub'inik,",chub'inik
2137,2,Xopon,xopon
2137,3,chi,chi
2137,4,Tulan.,tulan
2138,0,Ma,ma
2138,1,k'u,k'u
2138,2,ja,ja
2138,3,b'i,b'i
2138,4,q'aq'.,q'aq'
2139,0,Xaqi,xaqi
2139,1,e,e
2139,2,k'o,k'o
2139,3,ri,ri
2139,4,Tojil.,tojil
2140,0,Are',are'
2140,1,k'u,k'u
2140,2,ri,ri
2140,3,u,u
2140,4,k'ab'awil,k'ab'awil
2140,5,amaq',amaq'
2140,6,Nab'e,nab'e
2140,7,xwinaqir,xwinaqir
2140,8,u,u
2140,9,q'aq'.,q'aq'
2141,0,Mawi,mawi
2141,1,q'alaj,q'alaj
2141,2,u,u
2141,3,winaqirik.,winaqirik
2142,0,Kanikow,kanikow
2142,1,chik,chik
2142,2,ki,ki
2142,3,q'aq',q'aq'
2142,4,Ta,ta
2142,5,xkil,xkil
2142,6,ri,ri
2142,7,B'alam,b'alam
2142,8,"Kitze,",kitze
2142,9,B'alam,b'alam
2142,10,Aq'ab'.,aq'ab'
2143,0,"“Akarok,",akarok
2143,1,maja,maja
2143,2,b'i,b'i
2143,3,qa,qa
2143,4,q'aq',q'aq'
2143,5,mi,mi
2143,6,"xuxik,",xuxik
2143,7,Xkojkam,xkojkam
2143,8,rumal,rumal
2143,9,"tew,”",tew
2143,10,Xecha',xecha'
2143,11,k'ut.,k'ut
2144,0,Ta,ta
2144,1,xch'aw,xch'aw
2144,2,k'ut,k'ut
2144,3,ri,ri
2144,4,Tojil:,tojil
2144,5,“Mixb'isonik.,mixb'isonik
2145,0,K'o,k'o
2145,1,iwech,iwech
2145,2,Chisach,chisach
2145,3,ri,ri
2145,4,q'aq'.,q'aq'
2146,0,"Kib'ij,”",kib'ij
2146,1,xcha',xcha'
2146,2,k'ut,k'ut
2146,3,Tojil,tojil
2146,4,chike.,chike
2147,0,“Ma,ma
2147,1,qitzij,qitzij
2147,2,at,at
2147,3,k'ab'awil?,k'ab'awil
2148,0,At,at
2148,1,qa,qa
2148,2,tzuquj.,tzuquj
2149,0,At,at
2149,1,pu,pu
2149,2,qa,qa
2149,3,ko'on.,ko'on
2150,0,At,at
2150,1,qa,qa
2150,2,k'ab'awil.”,k'ab'awil
2150,3,Xecha',xecha'
2150,4,chire,chire
2150,5,ta,ta
2150,6,xkik'amowaj,xkik'amowaj
2150,7,ri'.,ri'
2151,0,Xub'ij,xub'ij
2151,1,Tojil:,tojil
2151,2,“Utz,utz
2151,3,b'a,b'a
2151,4,"la',",la'
2151,5,Qitzij,qitzij
2151,6,in,in
2151,7,i,i
2151,8,"k'ab'awil,",k'ab'awil
2151,9,Ta,ta
2151,10,chuxoq.,chuxoq
2152,0,In,in
2152,1,"iwajawal,",iwajawal
2152,2,Ta,ta
2152,3,"chuxoq,”",chuxoq
2152,4,Xe'uchaxik,xe'uchaxik
2152,5,ri,ri
2152,6,aj,aj
2152,7,"k'ixb',",k'ixb'
2152,8,Aj,aj
2152,9,k'ajb',k'ajb'
2152,10,rumal,rumal
2152,11,Tojil.,tojil
2153,0,Are',are'
2153,1,k'ut,k'ut
2153,2,ki,ki
2153,3,q'aq'al,q'aq'al
2153,4,ri,ri
2153,5,amaq'.,amaq'
2154,0,Keki'kotik,keki'kotik
2154,1,rumal,rumal
2154,2,ki,ki
2154,3,q'aq'.,q'aq'
2155,0,K'ATE,k'ate
2155,1,puch,puch
2155,2,ta,ta
2155,3,xtikarik,xtikarik
2155,4,nima,nima
2155,5,jab',jab'
2155,6,Are,are
2155,7,katilo,katilo
2155,8,u,u
2155,9,q'aq',q'aq'
2155,10,amaq'.,amaq'
2156,0,Tzatz,tzatz
2156,1,k'ut,k'ut
2156,2,chi,chi
2156,3,saqb'och,saqb'och
2156,4,xqajik,xqajik
2156,5,pakiwi',pakiwi'
2156,6,ronojel,ronojel
2156,7,amaq'.,amaq'
2157,0,Ta,ta
2157,1,xchup,xchup
2157,2,k'ut,k'ut
2157,3,ki,ki
2157,4,q'aq',q'aq'
2157,5,rumal,rumal
2157,6,saqb'och.,saqb'och
2158,0,Maja,maja
2158,1,b'i,b'i
2158,2,chik,chik
2158,3,ki,ki
2158,4,q'aq',q'aq'
2158,5,xuxik.,xuxik
2159,0,Ta,ta
2159,1,xkitz'onoj,xkitz'onoj
2159,2,chi,chi
2159,3,k'ut,k'ut
2159,4,ki,ki
2159,5,q'aq',q'aq'
2159,6,Ri,ri
2159,7,B'alam,b'alam
2159,8,"Kitze,",kitze
2159,9,B'alam,b'alam
2159,10,Aq'ab':,aq'ab'
2159,11,“At,at
2159,12,"Tojil,",tojil
2159,13,Qitzij,qitzij
2159,14,kojutzinik,kojutzinik
2159,15,rumal,rumal
2159,16,"tew,”",tew
2159,17,Xecha',xecha'
2159,18,k'ut,k'ut
2159,19,chire,chire
2159,20,Tojil.,tojil
2160,0,"“Utz,",utz
2160,1,"mixb'isonik,”",mixb'isonik
2160,2,xcha',xcha'
2160,3,Tojil.,tojil
2161,0,K'ate,k'ate
2161,1,ta,ta
2161,2,xrelesaj,xrelesaj
2161,3,"q'aq',",q'aq'
2161,4,Xub'ak,xub'ak
2161,5,uloq,uloq
2161,6,chupan,chupan
2161,7,u,u
2161,8,xajab'.,xajab'
2162,0,K'ate,k'ate
2162,1,k'ut,k'ut
2162,2,xeki'kot,xeki'kot
2162,3,Ri,ri
2162,4,B'alam,b'alam
2162,5,"Kitze,",kitze
2162,6,B'alam,b'alam
2162,7,"Aq'ab',",aq'ab'
2162,8,"Majukutaj,",majukutaj
2162,9,Ik'i,ik'i
2162,10,B'alam.,b'alam
2163,0,K'ate,k'ate
2163,1,k'ut,k'ut
2163,2,xemiq'ik.,xemiq'ik
2164,0,Are,are
2164,1,k'ut,k'ut
2164,2,chupinaq,chupinaq
2164,3,chik,chik
2164,4,u,u
2164,5,q'aq',q'aq'
2164,6,amaq',amaq'
2164,7,Ke'utzin,ke'utzin
2164,8,chik,chik
2164,9,rumal,rumal
2164,10,tew.,tew
2165,0,K'ate,k'ate
2165,1,pu,pu
2165,2,ki,ki
2165,3,petik,petik
2165,4,chik,chik
2165,5,E,e
2165,6,tz'onoy,tz'onoy
2165,7,ki,ki
2165,8,q'aq',q'aq'
2165,9,Kuk',kuk'
2165,10,ri,ri
2165,11,B'alam,b'alam
2165,12,"Kitze,",kitze
2165,13,B'alam,b'alam
2165,14,"Aq'ab',",aq'ab'
2165,15,"Majukutaj,",majukutaj
2165,16,Ik'i,ik'i
2165,17,B'alam.,b'alam
2166,0,Ma,ma
2166,1,k'u,k'u
2166,2,kakich'ij,kakich'ij
2166,3,chik,chik
2166,4,rumal,rumal
2166,5,"tew,",tew
2166,6,Saqb'och.,saqb'och
2167,0,Xa,xa
2167,1,kelexlot,kelexlot
2167,2,"chik,",chik
2167,3,Kesisot,kesisot
2167,4,chi,chi
2167,5,"puch,",puch
2167,6,Maja,maja
2167,7,b'i,b'i
2167,8,e,e
2167,9,k'as,k'as
2167,10,chi,chi
2167,11,"wi',",wi'
2167,12,Kakoykot,kakoykot
2167,13,chik,chik
2167,14,"Kaqan,",kaqan
2167,15,Ki,ki
2167,16,q'ab'.,q'ab'
2168,0,Mawi,mawi
2168,1,kechapon,kechapon
2168,2,"chik,",chik
2168,3,Ta,ta
2168,4,xe'ulik.,xe'ulik
2169,0,“Ma,ma
2169,1,qi,qi
2169,2,kojk'ix,kojk'ix
2169,3,na,na
2169,4,"iwuk',",iwuk'
2169,5,Chiqatz'onoj,chiqatz'onoj
2169,6,ta,ta
2169,7,u,u
2169,8,koq',koq'
2169,9,sqaqi'n,sqaqi'n
2169,10,i,i
2169,11,"q'aq',”",q'aq'
2169,12,Xecha',xecha'
2169,13,ta,ta
2169,14,xe'ulik;,xe'ulik
2169,15,Ma,ma
2169,16,k'u,k'u
2169,17,ja,ja
2169,18,b'i,b'i
2169,19,xek'ulaxik.,xek'ulaxik
2170,0,Ta,ta
2170,1,xk'oqon,xk'oqon
2170,2,k'u,k'u
2170,3,ki,ki
2170,4,k'u'x,k'u'x
2170,5,ri,ri
2170,6,amaq'.,amaq'
2171,0,Jalan,jalan
2171,1,chik,chik
2171,2,ki,ki
2171,3,ch'ab'al,ch'ab'al
2171,4,Ri,ri
2171,5,B'alam,b'alam
2171,6,"Kitze,",kitze
2171,7,B'alam,b'alam
2171,8,"Aq'ab',",aq'ab'
2171,9,"Majukutaj,",majukutaj
2171,10,Ik'i,ik'i
2171,11,B'alam.,b'alam
2172,0,"“Akarok,",akarok
2172,1,a,a
2172,2,xkanaj,xkanaj
2172,3,wi,wi
2172,4,qa,qa
2172,5,ch'ab'al?,ch'ab'al
2173,0,Jupacha,jupacha
2173,1,xqab'ano?,xqab'ano
2174,0,Mi,mi
2174,1,xojsachik.,xojsachik
2175,0,Apa,apa
2175,1,xojk'axtok'ax,xojk'axtok'ax
2175,2,wi?,wi
2176,0,Xa,xa
2176,1,jun,jun
2176,2,qa,qa
2176,3,ch'ab'al,ch'ab'al
2176,4,Ta,ta
2176,5,xojpe,xojpe
2176,6,chila',chila'
2176,7,Tulan.,tulan
2177,0,Xa,xa
2177,1,pu,pu
2177,2,jun,jun
2177,3,qa,qa
2177,4,"tz'ukib'al,",tz'ukib'al
2177,5,Qa,qa
2177,6,winaqirib'al.,winaqirib'al
2178,0,Mawi,mawi
2178,1,utz,utz
2178,2,"xqab'ano,”",xqab'ano
2178,3,Xecha',xecha'
2178,4,k'ut,k'ut
2178,5,konojel,konojel
2178,6,amaq',amaq'
2178,7,Xe',xe'
2178,8,"che',",che'
2178,9,Xe',xe'
2178,10,k'a'am.,k'a'am
2179,0,Ta,ta
2179,1,xuk'ut,xuk'ut
2179,2,k'u,k'u
2179,3,rib',rib'
2179,4,Jun,jun
2179,5,winaq,winaq
2179,6,[Demonium,demonium
2179,7,loquens,loquens
2179,8,cis],cis
2179,9,Chikiwach,chikiwach
2179,10,ri,ri
2179,11,B'alam,b'alam
2179,12,"Kitze,",kitze
2179,13,B'alam,b'alam
2179,14,"Aq'ab',",aq'ab'
2179,15,"Majukutaj,",majukutaj
2179,16,Ik'i,ik'i
2179,17,B'alam.,b'alam
2180,0,Xcha',xcha'
2180,1,k'u,k'u
2180,2,Ri,ri
2180,3,u,u
2180,4,samajel,samajel
2180,5,Xib'alb'a:,xib'alb'a
2180,6,“Qitzij,qitzij
2180,7,chi,chi
2180,8,are',are'
2180,9,i,i
2180,10,k'ab'awil,k'ab'awil
2180,11,ri'.,ri'
2181,0,Are',are'
2181,1,i,i
2181,2,tzuqun.,tzuqun
2182,0,Are',are'
2182,1,pu,pu
2182,2,u,u
2182,3,"k'exwach,",k'exwach
2182,4,Na'tab'al,na'tab'al
2182,5,"re,",re
2182,6,Tz'aqol,tz'aqol
2182,7,"iwe,",iwe
2182,8,B'itol,b'itol
2182,9,pu,pu
2182,10,iwe.,iwe
2183,0,Miya',miya'
2183,1,k'u,k'u
2183,2,ki,ki
2183,3,q'aq',q'aq'
2183,4,ri,ri
2183,5,amaq',amaq'
2183,6,K'u,k'u
2183,7,na,na
2183,8,chikiya'o,chikiya'o
2183,9,chire,chire
2183,10,Tojil.,tojil
2184,0,Miajawaj,miajawaj
2184,1,chikiya',chikiya'
2184,2,chiwe.,chiwe
2185,0,Chitz'onoj,chitz'onoj
2185,1,na,na
2185,2,chirech,chirech
2185,3,Tojil,tojil
2185,4,chire,chire
2185,5,"na,",na
2185,6,Chipe,chipe
2185,7,wi,wi
2185,8,"Chikiya'o,",chikiya'o
2185,9,K'amb'al,k'amb'al
2185,10,"q'aq',”",q'aq'
2185,11,Xcha',xcha'
2185,12,ri,ri
2185,13,Xib'alb'a.,xib'alb'a
2186,0,K'o,k'o
2186,1,u,u
2186,2,xik',xik'
2186,3,Keje',keje'
2186,4,ri',ri'
2186,5,u,u
2186,6,xik',xik'
2186,7,sotz'.,sotz'
2187,0,“In,in
2187,1,samajel,samajel
2187,2,kumal,kumal
2187,3,Tz'aqol,tz'aqol
2187,4,"iwe,",iwe
2187,5,B'itol,b'itol
2187,6,"iwe,”",iwe
2187,7,xcha',xcha'
2187,8,k'u,k'u
2187,9,ri,ri
2187,10,Xib'alb'a.,xib'alb'a
2188,0,Xeki'kot,xeki'kot
2188,1,chi,chi
2188,2,"k'ut,",k'ut
2188,3,Xnimar,xnimar
2188,4,chik,chik
2188,5,chi,chi
2188,6,ki,ki
2188,7,k'u'x,k'u'x
2188,8,Ri,ri
2188,9,"Tojil,",tojil
2188,10,"Awilix,",awilix
2188,11,"Jaq'awitz,",jaq'awitz
2188,12,ta,ta
2188,13,xch'aw,xch'aw
2188,14,ri,ri
2188,15,Xib'alb'a.,xib'alb'a
2189,0,Mawi,mawi
2189,1,xma'inik.,xma'inik
2190,0,Ta,ta
2190,1,xe'ul,xe'ul
2190,2,chi,chi
2190,3,k'ut,k'ut
2190,4,Ri,ri
2190,5,amaq'.,amaq'
2191,0,Ke'utzin,ke'utzin
2191,1,chik,chik
2191,2,rumal,rumal
2191,3,"tew,",tew
2191,4,Tzatz,tzatz
2191,5,chi,chi
2191,6,"saqb'och,",saqb'och
2191,7,Chi,chi
2191,8,q'eqal,q'eqal
2191,9,"jab',",jab'
2191,10,Saqb'oqom,saqb'oqom
2191,11,"puch,",puch
2191,12,Mawi,mawi
2191,13,ajilan,ajilan
2191,14,tew.,tew
2192,0,"Kakik'u'lu,",kakik'u'lu
2192,1,"Keluklutik,",keluklutik
2192,2,Kechakchot,kechakchot
2192,3,"chik,",chik
2192,4,Rumal,rumal
2192,5,tew,tew
2192,6,Ronojel,ronojel
2192,7,amaq'.,amaq'
2193,0,Ta,ta
2193,1,xe'ul,xe'ul
2193,2,chiri',chiri'
2193,3,E,e
2193,4,k'o,k'o
2193,5,wi,wi
2193,6,B'alam,b'alam
2193,7,"Kitze,",kitze
2193,8,B'alam,b'alam
2193,9,"Aq'ab',",aq'ab'
2193,10,"Majukutaj,",majukutaj
2193,11,Ik'i,ik'i
2193,12,B'alam.,b'alam
2194,0,Nim,nim
2194,1,u,u
2194,2,q'atat,q'atat
2194,3,Ki,ki
2194,4,k'u'x.,k'u'x
2195,0,Chikimaj,chikimaj
2195,1,ki,ki
2195,2,"chi',",chi'
2195,3,Chikimaj,chikimaj
2195,4,ki,ki
2195,5,wach.,wach
2196,0,K'ATE,k'ate
2196,1,puch,puch
2196,2,kulik,kulik
2196,3,chik,chik
2196,4,E,e
2196,5,eleq'om,eleq'om
2196,6,Chikiwach,chikiwach
2196,7,B'alam,b'alam
2196,8,"Kitze,",kitze
2196,9,B'alam,b'alam
2196,10,"Aq'ab',",aq'ab'
2196,11,"Majukutaj,",majukutaj
2196,12,Ik'i,ik'i
2196,13,B'alam.,b'alam
2197,0,“Ma,ma
2197,1,qi,qi
2197,2,chitoq'ob'aj,chitoq'ob'aj
2197,3,qa,qa
2197,4,wach?,wach
2198,0,Chiqatz'onoj,chiqatz'onoj
2198,1,ta,ta
2198,2,u,u
2198,3,koq,koq
2198,4,sqaqi'n,sqaqi'n
2198,5,i,i
2198,6,q'aq'.,q'aq'
2199,0,Mawi,mawi
2199,1,"xuk'ulu,",xuk'ulu
2199,2,Ma,ma
2199,3,pu,pu
2199,4,xuriqo.,xuriqo
2200,0,Ma,ma
2200,1,pu,pu
2200,2,xa,xa
2200,3,jun,jun
2200,4,qochoch?,qochoch
2201,0,Xa,xa
2201,1,pu,pu
2201,2,jun,jun
2201,3,qa,qa
2201,4,juyub'al,juyub'al
2201,5,Ta,ta
2201,6,"xixtz'aqik,",xixtz'aqik
2201,7,Ta,ta
2201,8,xixb'itik.,xixb'itik
2202,0,Chitoq'ob'aj,chitoq'ob'aj
2202,1,ta,ta
2202,2,k'u,k'u
2202,3,qa,qa
2202,4,"wach,”",wach
2202,5,Xecha',xecha'
2202,6,k'ut.,k'ut
2203,0,“Naqi,naqi
2203,1,la',la'
2203,2,k'u,k'u
2203,3,chikuya'o,chikuya'o
2203,4,chiqe,chiqe
2203,5,Chiqatoq'ob'aj,chiqatoq'ob'aj
2203,6,k'u,k'u
2203,7,i,i
2203,8,wach?”,wach
2203,9,xe'uchax,xe'uchax
2203,10,k'ut.,k'ut
2204,0,"“Utz,",utz
2204,1,chiqaya',chiqaya'
2204,2,puwaq,puwaq
2204,3,"chiwe,”",chiwe
2204,4,Xecha',xecha'
2204,5,k'u,k'u
2204,6,ri,ri
2204,7,amaq'.,amaq'
2205,0,“Mawi,mawi
2205,1,kaqaj,kaqaj
2205,2,ri,ri
2205,3,"puwaq,”",puwaq
2205,4,Xecha',xecha'
2205,5,k'ut,k'ut
2205,6,B'alam,b'alam
2205,7,"Kitze,",kitze
2205,8,B'alam,b'alam
2205,9,Aq'ab'.,aq'ab'
2206,0,“Naqi,naqi
2206,1,pa,pa
2206,2,qi,qi
2206,3,chiwaj?,chiwaj
2207,0,Xa,xa
2207,1,ta,ta
2207,2,b'a,b'a
2207,3,"chiqatz'onoj,”",chiqatz'onoj
2207,4,xecha',xecha'
2207,5,k'ut,k'ut
2207,6,ri,ri
2207,7,amaq'.,amaq'
2208,0,“Utz,utz
2208,1,b'a,b'a
2208,2,"la',",la'
2208,3,qatz'onoj,qatz'onoj
2208,4,na,na
2208,5,chirech,chirech
2208,6,"Tojil,",tojil
2208,7,K'ate,k'ate
2208,8,puch,puch
2208,9,xkitz'onoj,xkitz'onoj
2208,10,chire,chire
2208,11,Tojil:,tojil
2208,12,“Naqi,naqi
2208,13,pa,pa
2208,14,chikiya',chikiya'
2208,15,ri,ri
2208,16,"amaq',",amaq'
2208,17,at,at
2208,18,Tojil?,tojil
2209,0,Kul,kul
2209,1,Kitz'onoj,kitz'onoj
2209,2,ri,ri
2209,3,a,a
2209,4,"q'aq',”",q'aq'
2209,5,Xecha',xecha'
2209,6,k'u,k'u
2209,7,ri,ri
2209,8,B'alam,b'alam
2209,9,"Kitze,",kitze
2209,10,B'alam,b'alam
2209,11,"Aq'ab',",aq'ab'
2209,12,"Majukutaj,",majukutaj
2209,13,Ik'i,ik'i
2209,14,B'alam.,b'alam
2210,0,“Utz,utz
2210,1,b'a,b'a
2210,2,"la',",la'
2210,3,ma,ma
2210,4,chikaj,chikaj
2210,5,Ki,ki
2210,6,tu'nik,tu'nik
2210,7,Xe',xe'
2210,8,ki,ki
2210,9,"tolok',",tolok'
2210,10,Xe',xe'
2210,11,pu,pu
2210,12,ki,ki
2210,13,meskel?,meskel
2211,0,Ma,ma
2211,1,karajon,karajon
2211,2,ki,ki
2211,3,k'u'x,k'u'x
2211,4,"kinkiq'aluj,",kinkiq'aluj
2211,5,Ri,ri
2211,6,in,in
2211,7,Tojil?,tojil
2212,0,Ta,ta
2212,1,ma,ma
2212,2,k'u,k'u
2212,3,"chiraj,",chiraj
2212,4,Ma,ma
2212,5,k'u,k'u
2212,6,chinya',chinya'
2212,7,ki,ki
2212,8,"q'aq',",q'aq'
2212,9,Kacha',kacha'
2212,10,"Tojil,",tojil
2212,11,Kicha',kicha'
2212,12,chike.,chike
2213,0,‘Katikal,katikal
2213,1,na,na
2213,2,"k'ut,",k'ut
2213,3,Ma,ma
2213,4,na,na
2213,5,kamik,kamik
2213,6,taj,taj
2213,7,xkitu'nik,xkitu'nik
2213,8,Xe',xe'
2213,9,ki,ki
2213,10,"tolok',",tolok'
2213,11,Ki,ki
2213,12,meskel.,meskel
2214,0,Kacha',kacha'
2214,1,"chiwech,’",chiwech
2214,2,"Kixcha',”",kixcha'
2214,3,Xe'uchax,xe'uchax
2214,4,k'ut,k'ut
2214,5,B'alam,b'alam
2214,6,"Kitze,",kitze
2214,7,B'alam,b'alam
2214,8,"Aq'ab',",aq'ab'
2214,9,"Majukutaj,",majukutaj
2214,10,Ik'i,ik'i
2214,11,B'alam.,b'alam
2215,0,Ta,ta
2215,1,xkib'ij,xkib'ij
2215,2,k'ut,k'ut
2215,3,U,u
2215,4,tzij,tzij
2215,5,Tojil.,tojil
2216,0,“Utz,utz
2216,1,b'a,b'a
2216,2,"la',",la'
2216,3,"chitu'nik,",chitu'nik
2216,4,Utz,utz
2216,5,puch,puch
2216,6,"chiqaq'aluj,”",chiqaq'aluj
2216,7,xecha',xecha'
2216,8,k'ut.,k'ut
2217,0,Ta,ta
2217,1,"xkichokob'ej,",xkichokob'ej
2217,2,Xkik'ulub'a',xkik'ulub'a'
2217,3,puch,puch
2217,4,u,u
2217,5,tzij,tzij
2217,6,Tojil.,tojil
2218,0,Mawi,mawi
2218,1,xkik'iyalaj,xkik'iyalaj
2218,2,chik.,chik
2219,0,"“Utz,”",utz
2219,1,xa,xa
2219,2,ju,ju
2219,3,suk',suk'
2219,4,xecha'.,xecha'
2220,0,Ta,ta
2220,1,xkik'am,xkik'am
2220,2,k'ut,k'ut
2220,3,"q'aq',",q'aq'
2220,4,K'ate,k'ate
2220,5,xemiq'ik.,xemiq'ik
2221,0,Xa,xa
2221,1,k'u,k'u
2221,2,ju,ju
2221,3,ch'ob',ch'ob'
2221,4,Ri',ri'
2221,5,xa,xa
2221,6,xreleq'aj,xreleq'aj
2221,7,ub'ik,ub'ik
2221,8,q'aq',q'aq'
2221,9,pa,pa
2221,10,sib'.,sib'
2222,0,Are',are'
2222,1,ri,ri
2222,2,Sotz'ila,sotz'ila
2222,3,Ja.,ja
2223,0,Chamal,chamal
2223,1,Qan,qan
2223,2,u,u
2223,3,b'i',b'i'
2223,4,ki,ki
2223,5,"k'ab'awil,",k'ab'awil
2223,6,Kaqchekeleb'.,kaqchekeleb'
2224,0,Xa,xa
2224,1,sotz',sotz'
2224,2,u,u
2224,3,wachib'al.,wachib'al
2225,0,Ta,ta
2225,1,xe'ik'o,xe'ik'o
2225,2,pa,pa
2225,3,sib'.,sib'
2226,0,Chilib'lotik,chilib'lotik
2226,1,xe'ik'owik,xe'ik'owik
2226,2,Ta,ta
2226,3,xul,xul
2226,4,u,u
2226,5,k'ama',k'ama'
2226,6,q'aq'.,q'aq'
2227,0,Mawi,mawi
2227,1,xutz'onoj,xutz'onoj
2227,2,u,u
2227,3,q'aq',q'aq'
2227,4,ri,ri
2227,5,Kaqchekeleb',kaqchekeleb'
2227,6,Mawi,mawi
2227,7,xuya',xuya'
2227,8,rib',rib'
2227,9,chi,chi
2227,10,ch'akik.,ch'akik
2228,0,Xere,xere
2228,1,xch'akajataj,xch'akajataj
2228,2,ri,ri
2228,3,amaq',amaq'
2228,4,ronojel,ronojel
2228,5,Ta,ta
2228,6,xuya'o,xuya'o
2228,7,u,u
2228,8,xe',xe'
2228,9,u,u
2228,10,"tolok',",tolok'
2228,11,U,u
2228,12,xe',xe'
2228,13,u,u
2228,14,meskel,meskel
2228,15,Chi,chi
2228,16,tu'xik.,tu'xik
2229,0,Are',are'
2229,1,k'ut,k'ut
2229,2,u,u
2229,3,tu'xik,tu'xik
2229,4,ri,ri
2229,5,xub'ij,xub'ij
2229,6,Tojil.,tojil
2230,0,Ta,ta
2230,1,xpus,xpus
2230,2,ronojel,ronojel
2230,3,amaq',amaq'
2230,4,"chuwach,",chuwach
2230,5,Ta,ta
2230,6,xk'otix,xk'otix
2230,7,uloq,uloq
2230,8,u,u
2230,9,k'u'x,k'u'x
2230,10,Chu,chu
2230,11,"tolok',",tolok'
2230,12,Chu,chu
2230,13,meskel.,meskel
2231,0,Maja,maja
2231,1,chitijowoq,chitijowoq
2231,2,U,u
2231,3,b'anik.,b'anik
2232,0,Ta,ta
2232,1,xnik'wachixik,xnik'wachixik
2232,2,rumal,rumal
2232,3,Tojil,tojil
2232,4,U,u
2232,5,k'amik,k'amik
2232,6,"puch,",puch
2232,7,"Q'aq'al,",q'aq'al
2232,8,"Tepewal,",tepewal
2232,9,Kumal,kumal
2232,10,ri,ri
2232,11,B'alam,b'alam
2232,12,"Kitze,",kitze
2232,13,B'alam,b'alam
2232,14,"Aq'ab',",aq'ab'
2232,15,"Majukutaj,",majukutaj
2232,16,Ik'i,ik'i
2232,17,"B'alam,",b'alam
2232,18,Chila',chila'
2232,19,petenaq,petenaq
2232,20,wi,wi
2232,21,Tulan,tulan
2232,22,Suywa.,suywa
2233,0,Ma,ma
2233,1,k'u,k'u
2233,2,kewa,kewa
2233,3,"taj,",taj
2233,4,Junelik,junelik
2233,5,mewajik,mewajik
2233,6,xkib'ano.,xkib'ano
2234,0,Xere,xere
2234,1,kiselawachin,kiselawachin
2234,2,ri,ri
2234,3,u,u
2234,4,"saqirik,",saqirik
2234,5,Kilawachin,kilawachin
2234,6,relik,relik
2234,7,ula,ula
2234,8,q'ij.,q'ij
2235,0,Kejalow,kejalow
2235,1,kib',kib'
2235,2,chi,chi
2235,3,rilik,rilik
2235,4,ri,ri
2235,5,Nima,nima
2235,6,"Ch'umil,",ch'umil
2235,7,Ik'oq'ij,ik'oq'ij
2235,8,u,u
2235,9,b'i'.,b'i'
2236,0,Are',are'
2236,1,nab'e,nab'e
2236,2,chuwach,chuwach
2236,3,"q'ij,",q'ij
2236,4,Ta,ta
2236,5,chalaxoq,chalaxoq
2236,6,ri,ri
2236,7,q'ij.,q'ij
2237,0,Raxa,raxa
2237,1,Ik'oq'ij.,ik'oq'ij
2238,0,Amaq'el,amaq'el
2238,1,k'u,k'u
2238,2,chila',chila'
2238,3,k'o,k'o
2238,4,wi,wi
2238,5,ki,ki
2238,6,wach,wach
2238,7,Chi,chi
2238,8,releb'al,releb'al
2238,9,q'ij.,q'ij
2239,0,Ta,ta
2239,1,xek'oje',xek'oje'
2239,2,"chila',",chila'
2239,3,Tulan,tulan
2239,4,Suywa,suywa
2239,5,u,u
2239,6,"b'i',",b'i'
2239,7,Xpe,xpe
2239,8,wi,wi
2239,9,ki,ki
2239,10,k'ab'awil.,k'ab'awil
2240,0,Ma,ma
2240,1,na,na
2240,2,xa,xa
2240,3,ta,ta
2240,4,k'a,k'a
2240,5,waral,waral
2240,6,taj,taj
2240,7,Xkik'am,xkik'am
2240,8,wi,wi
2240,9,ki,ki
2240,10,"q'aq'al,",q'aq'al
2240,11,Kajawarem,kajawarem
2240,12,puch.,puch
2241,0,Xawi,xawi
2241,1,chila',chila'
2241,2,xch'ataj,xch'ataj
2241,3,"wi,",wi
2241,4,Xyoq'otaj,xyoq'otaj
2241,5,"wi,",wi
2241,6,Nima,nima
2241,7,"amaq',",amaq'
2241,8,Ch'uti,ch'uti
2241,9,amaq'.,amaq'
2242,0,Ta,ta
2242,1,xpusik,xpusik
2242,2,Chuwach,chuwach
2242,3,Tojil.,tojil
2243,0,Xuya'o,xuya'o
2243,1,u,u
2243,2,"kik'el,",kik'el
2243,3,U,u
2243,4,"k'omajil,",k'omajil
2243,5,U,u
2243,6,"tolok',",tolok'
2243,7,U,u
2243,8,meskel,meskel
2243,9,ronojel,ronojel
2243,10,winaq.,winaq
2244,0,Ju,ju
2244,1,su,su
2244,2,chi,chi
2244,3,Tulan,tulan
2244,4,xpe,xpe
2244,5,wi,wi
2244,6,ki,ki
2244,7,q'aq'al.,q'aq'al
2245,0,Nima,nima
2245,1,eta'mab'al,eta'mab'al
2245,2,k'o,k'o
2245,3,kuk'.,kuk'
2246,0,Chi,chi
2246,1,q'equ'mal,q'equ'mal
2246,2,"k'ut,",k'ut
2246,3,Chi,chi
2246,4,aq'ab'al,aq'ab'al
2246,5,puch,puch
2246,6,xkib'ano.,xkib'ano
2247,0,Xepe,xepe
2247,1,chi,chi
2247,2,"k'ut,",k'ut
2247,3,Xeb'oqotaj,xeb'oqotaj
2247,4,chi,chi
2247,5,ula,ula
2247,6,chila'.,chila'
2248,0,Xkikanaj,xkikanaj
2248,1,chik,chik
2248,2,Releb'al,releb'al
2248,3,q'ij.,q'ij
2249,0,“Mawi,mawi
2249,1,are,are
2249,2,qochoch,qochoch
2249,3,wa'.,wa'
2250,0,Xa,xa
2250,1,jo',jo'
2250,2,chiqil,chiqil
2250,3,na,na
2250,4,kojtike',kojtike'
2250,5,"wi,”",wi
2250,6,Xcha',xcha'
2250,7,k'u,k'u
2250,8,ri,ri
2250,9,Tojil.,tojil
2251,0,Qitzij,qitzij
2251,1,chich'awik,chich'awik
2251,2,Chikech,chikech
2251,3,B'alam,b'alam
2251,4,"Kitze,",kitze
2251,5,B'alam,b'alam
2251,6,"Aq'ab',",aq'ab'
2251,7,"Majukutaj,",majukutaj
2251,8,Ik'i,ik'i
2251,9,B'alam:,b'alam
2251,10,“Kixk'amowan,kixk'amowan
2251,11,na,na
2251,12,"kanoq,",kanoq
2251,13,Chitaja',chitaja'
2251,14,na,na
2251,15,"k'ut,",k'ut
2251,16,U,u
2251,17,jutik,jutik
2251,18,i,i
2251,19,"xikin,",xikin
2251,20,Chit'isa',chit'isa'
2251,21,i,i
2251,22,"ch'uk,",ch'uk
2251,23,Kixqajb'oq.,kixqajb'oq
2252,0,Are',are'
2252,1,i,i
2252,2,k'amowab'al,k'amowab'al
2252,3,chuwach,chuwach
2252,4,k'ab'awil.”,k'ab'awil
2252,5,“Utz,utz
2252,6,b'a,b'a
2252,7,"la',”",la'
2252,8,xecha',xecha'
2252,9,k'ut.,k'ut
2253,0,Ta,ta
2253,1,xkijut,xkijut
2253,2,ki,ki
2253,3,xikin.,xikin
2254,0,Xoq',xoq'
2254,1,k'ut,k'ut
2254,2,chupan,chupan
2254,3,ki,ki
2254,4,b'ix,b'ix
2254,5,Ki,ki
2254,6,petik,petik
2254,7,Tulan;,tulan
2254,8,Xoq',xoq'
2254,9,ki,ki
2254,10,k'u'x,k'u'x
2254,11,Ta,ta
2254,12,"xepetik,",xepetik
2254,13,Ta,ta
2254,14,xkoq'otaj,xkoq'otaj
2254,15,Kanoq,kanoq
2254,16,Tulan.,tulan
2255,0,"“Akarok,",akarok
2255,1,mawi,mawi
2255,2,waral,waral
2255,3,xchiqil,xchiqil
2255,4,wi,wi
2255,5,u,u
2255,6,"saqirik,",saqirik
2255,7,Ta,ta
2255,8,chalaxoq,chalaxoq
2255,9,ri,ri
2255,10,"q'ij,",q'ij
2255,11,Saqirisay,saqirisay
2255,12,u,u
2255,13,wach,wach
2255,14,"ulew,”",ulew
2255,15,Xecha',xecha'
2255,16,"k'ut,",k'ut
2255,17,Ta,ta
2255,18,xpe,xpe
2255,19,k'ut.,k'ut
2256,0,Xa,xa
2256,1,k'u,k'u
2256,2,xukanajib'ej,xukanajib'ej
2256,3,ri',ri'
2256,4,pa,pa
2256,5,"b'e,",b'e
2256,6,Xa,xa
2256,7,xk'o,xk'o
2256,8,wi,wi
2256,9,winaq,winaq
2256,10,chikanaj,chikanaj
2256,11,chiri'.,chiri'
2257,0,Kewar,kewar
2257,1,wi,wi
2257,2,jujun,jujun
2257,3,chi,chi
2257,4,"amaq',",amaq'
2257,5,Keyakataj,keyakataj
2257,6,wi,wi
2257,7,uloq.,uloq
2258,0,Amaq'el,amaq'el
2258,1,k'ut,k'ut
2258,2,chikil,chikil
2258,3,ri,ri
2258,4,"ch'umil,",ch'umil
2258,5,Retal,retal
2258,6,q'ij.,q'ij
2259,0,Are',are'
2259,1,retal,retal
2259,2,u,u
2259,3,saqirik,saqirik
2259,4,chi,chi
2259,5,ki,ki
2259,6,"k'u'x,",k'u'x
2259,7,Ta,ta
2259,8,xepetik,xepetik
2259,9,chila',chila'
2259,10,releb'al,releb'al
2259,11,q'ij.,q'ij
2260,0,Qi,qi
2260,1,junam,junam
2260,2,wach,wach
2260,3,Xe'ik'ow,xe'ik'ow
2260,4,ula,ula
2260,5,Chila',chila'
2260,6,"Nim,",nim
2260,7,"Xol,",xol
2260,8,kab'ixik,kab'ixik
2260,9,wakamik.,wakamik
2261,0,TA,ta
2261,1,xe'ul,xe'ul
2261,2,puch,puch
2261,3,chiri',chiri'
2261,4,chuwi',chuwi'
2261,5,jun,jun
2261,6,"juyub',",juyub'
2261,7,Chiri',chiri'
2261,8,xkikuch,xkikuch
2261,9,wi,wi
2261,10,kib',kib'
2261,11,Konojel,konojel
2261,12,K'iche',k'iche'
2261,13,"winaq,",winaq
2261,14,Ruk',ruk'
2261,15,amaq'.,amaq'
2262,0,Chiri',chiri'
2262,1,k'u,k'u
2262,2,xe'opon,xe'opon
2262,3,wi,wi
2262,4,konojel.,konojel
2263,0,Ta,ta
2263,1,xkipixab'aj,xkipixab'aj
2263,2,kib'.,kib'
2264,0,U,u
2264,1,b'i'nam,b'i'nam
2264,2,juyub',juyub'
2264,3,wakamik,wakamik
2264,4,Chi,chi
2264,5,"Pixab',",pixab'
2264,6,U,u
2264,7,b'i',b'i'
2264,8,juyub',juyub'
2264,9,Xekuchu,xekuchu
2264,10,wi,wi
2264,11,kib'.,kib'
2265,0,Chiri',chiri'
2265,1,k'ut,k'ut
2265,2,xkikob'isaj,xkikob'isaj
2265,3,wi,wi
2265,4,kib':,kib'
2265,5,“In,in
2265,6,wa':,wa'
2265,7,In,in
2265,8,K'iche',k'iche'
2265,9,winaq.,winaq
2266,0,At,at
2266,1,k'u,k'u
2266,2,ri':,ri'
2266,3,At,at
2266,4,Tamub'.,tamub'
2267,0,Are',are'
2267,1,a,a
2267,2,b'i',b'i'
2267,3,"chuxik,”",chuxik
2267,4,Xuchax,xuchax
2267,5,ri,ri
2267,6,Tamub'.,tamub'
2268,0,Xcha',xcha'
2268,1,chi,chi
2268,2,k'ut,k'ut
2268,3,Ilokab':,ilokab'
2268,4,“At,at
2268,5,Ilokab'.,ilokab'
2269,0,Are',are'
2269,1,ri',ri'
2269,2,a,a
2269,3,b'i',b'i'
2269,4,ri,ri
2269,5,chuxik.,chuxik
2270,0,Mawi,mawi
2270,1,sachel,sachel
2270,2,oxib',oxib'
2270,3,chi,chi
2270,4,K'iche'.,k'iche'
2271,0,Xa,xa
2271,1,junam,junam
2271,2,qa,qa
2271,3,"tzij,”",tzij
2271,4,xecha',xecha'
2271,5,k'ut,k'ut
2271,6,Ta,ta
2271,7,xkoj,xkoj
2271,8,ki,ki
2271,9,"b'i',",b'i'
2272,0,TA,ta
2272,1,xb'i'naj,xb'i'naj
2272,2,chi,chi
2272,3,k'u,k'u
2272,4,Ri,ri
2272,5,"Kaqchekeleb',",kaqchekeleb'
2272,6,Kaqchekeleb',kaqchekeleb'
2272,7,u,u
2272,8,b'i',b'i'
2272,9,xuxik.,xuxik
2273,0,Ruk',ruk'
2273,1,chik,chik
2273,2,"Rab'inaleb',",rab'inaleb'
2273,3,Are',are'
2273,4,chi,chi
2273,5,k'u,k'u
2273,6,u,u
2273,7,b'i',b'i'
2273,8,xuxik.,xuxik
2274,0,Mawi,mawi
2274,1,sachinaq,sachinaq
2274,2,wakamik.,wakamik
2275,0,Are',are'
2275,1,chi,chi
2275,2,k'u,k'u
2275,3,ri,ri
2275,4,Aj,aj
2275,5,Tz'ikina,tz'ikina
2275,6,"Ja,",ja
2275,7,U,u
2275,8,b'i',b'i'
2275,9,wakamik.,wakamik
2276,0,Are',are'
2276,1,k'u,k'u
2276,2,ki,ki
2276,3,b'i'.,b'i'
2277,0,Ri',ri'
2277,1,xkib'ij,xkib'ij
2277,2,chi,chi
2277,3,kib'il,kib'il
2277,4,kib',kib'
2277,5,Chiri',chiri'
2277,6,"na,",na
2277,7,Xe'opon,xe'opon
2277,8,wi.,wi
2278,0,Xa,xa
2278,1,chikoyob'ej,chikoyob'ej
2278,2,na,na
2278,3,u,u
2278,4,saqirik.,saqirik
2279,0,Chikilawachij,chikilawachij
2279,1,relik,relik
2279,2,ula,ula
2279,3,ch'umil.,ch'umil
2280,0,Are',are'
2280,1,"nab'e,",nab'e
2280,2,Chuwach,chuwach
2280,3,q'ij.,q'ij
2281,0,Ta,ta
2281,1,chalaxoq.,chalaxoq
2282,0,“Chila',chila'
2282,1,xojpe,xojpe
2282,2,"wi,",wi
2282,3,Xa,xa
2282,4,xojpaxin,xojpaxin
2282,5,"qib',”",qib'
2282,6,Xecha',xecha'
2282,7,Chi,chi
2282,8,kib'il,kib'il
2282,9,kib'.,kib'
2283,0,Are',are'
2283,1,chiq'atatat,chiq'atatat
2283,2,wi,wi
2283,3,ki,ki
2283,4,"k'u'x,",k'u'x
2283,5,Ri',ri'
2283,6,nima,nima
2283,7,k'axk'ol,k'axk'ol
2283,8,xe'ik'ow,xe'ik'ow
2283,9,wi,wi
2283,10,uloq.,uloq
2284,0,Maja,maja
2284,1,b'i,b'i
2284,2,"wa,",wa
2284,3,Maja,maja
2284,4,b'i,b'i
2284,5,echa'.,echa'
2285,0,Xa,xa
2285,1,u,u
2285,2,xe',xe'
2285,3,ki,ki
2285,4,ch'ami'y,ch'ami'y
2285,5,"chikisiqo,",chikisiqo
2285,6,Keje',keje'
2285,7,ri',ri'
2285,8,kewa'ik,kewa'ik
2285,9,chikina'o.,chikina'o
2286,0,Xma,xma
2286,1,kewa,kewa
2286,2,wi,wi
2286,3,Ta,ta
2286,4,xepetik.,xepetik
2287,0,Ma,ma
2287,1,k'u,k'u
2287,2,q'alaj,q'alaj
2287,3,Ki,ki
2287,4,ik'owik,ik'owik
2287,5,uloq,uloq
2287,6,pa,pa
2287,7,palo.,palo
2288,0,Keje',keje'
2288,1,ri',ri'
2288,2,maja,maja
2288,3,b'i,b'i
2288,4,palo,palo
2288,5,xe'ik'ow,xe'ik'ow
2288,6,wi,wi
2288,7,uloq.,uloq
2289,0,Xa,xa
2289,1,chuwi',chuwi'
2289,2,taq,taq
2289,3,ab'aj,ab'aj
2289,4,xe'ik'ow,xe'ik'ow
2289,5,wi,wi
2289,6,uloq.,uloq
2290,0,K'oleje',k'oleje'
2290,1,ula,ula
2290,2,ri,ri
2290,3,ab'aj,ab'aj
2290,4,pa,pa
2290,5,sanayeb'.,sanayeb'
2291,0,Ta,ta
2291,1,xkib'i'natisaj,xkib'i'natisaj
2291,2,k'ut:,k'ut
2291,3,Cholochik,cholochik
2291,4,"Ab'aj,",ab'aj
2291,5,B'oqotajinaq,b'oqotajinaq
2291,6,Sanayeb',sanayeb'
2291,7,u,u
2291,8,b'i'.,b'i'
2292,0,Kumal,kumal
2292,1,ri',ri'
2292,2,xe'ik'ow,xe'ik'ow
2292,3,wi,wi
2292,4,uloq,uloq
2292,5,Chupan,chupan
2292,6,"palo,",palo
2292,7,U,u
2292,8,jachon,jachon
2292,9,rib',rib'
2292,10,"ja',",ja'
2292,11,Xe'ik'ow,xe'ik'ow
2292,12,wi,wi
2292,13,uloq.,uloq
2293,0,Are',are'
2293,1,k'ut,k'ut
2293,2,chiq'atatat,chiq'atatat
2293,3,wi,wi
2293,4,ki,ki
2293,5,"k'u'x,",k'u'x
2293,6,Ta,ta
2293,7,xepixab'an,xepixab'an
2293,8,kib'.,kib'
2294,0,Chi,chi
2294,1,maja,maja
2294,2,b'i,b'i
2294,3,ki,ki
2294,4,wa.,wa
2295,0,Ju,ju
2295,1,uk',uk'
2295,2,chikiqumej.,chikiqumej
2296,0,Ri',ri'
2296,1,xa,xa
2296,2,juna,juna
2296,3,"ixim,",ixim
2296,4,Chiri',chiri'
2296,5,k'ut,k'ut
2296,6,eqal,eqal
2296,7,wi,wi
2296,8,Chuwi',chuwi'
2296,9,"juyub',",juyub'
2296,10,Chi,chi
2296,11,Pixab',pixab'
2296,12,u,u
2296,13,b'i'.,b'i'
2297,0,Xawi,xawi
2297,1,k'u,k'u
2297,2,kuk'a'am,kuk'a'am
2297,3,Ri,ri
2297,4,"Tojil,",tojil
2297,5,"Awilix,",awilix
2297,6,Jaq'awitz.,jaq'awitz
2298,0,Nima,nima
2298,1,mewajik,mewajik
2298,2,kakib'an,kakib'an
2298,3,ri,ri
2298,4,B'alam,b'alam
2298,5,Kitze,kitze
2298,6,Ruk',ruk'
2298,7,"rixoqil,",rixoqil
2298,8,Kajapalu,kajapalu
2298,9,Na,na
2298,10,U,u
2298,11,b'i',b'i'
2298,12,rixoqil;,rixoqil
2298,13,Xawi,xawi
2298,14,keje',keje'
2298,15,kub'ano,kub'ano
2298,16,B'alam,b'alam
2298,17,Aq'ab',aq'ab'
2298,18,Ruk',ruk'
2298,19,"rixoqil,",rixoqil
2298,20,Chomi,chomi
2298,21,Ja,ja
2298,22,U,u
2298,23,b'i';,b'i'
2298,24,Ruk',ruk'
2298,25,chik,chik
2298,26,Majukutaj,majukutaj
2298,27,nima,nima
2298,28,mewajik,mewajik
2298,29,k'o,k'o
2298,30,wi,wi
2298,31,Ruk',ruk'
2298,32,"rixoqil,",rixoqil
2298,33,Tz'ununi,tz'ununi
2298,34,Ja,ja
2298,35,U,u
2298,36,b'i';,b'i'
2298,37,Ruk',ruk'
2298,38,Ik'i,ik'i
2298,39,"B'alam,",b'alam
2298,40,Kaqix,kaqix
2298,41,Ja,ja
2298,42,U,u
2298,43,b'i',b'i'
2298,44,Rixoqil.,rixoqil
2299,0,Are',are'
2299,1,k'ut,k'ut
2299,2,e,e
2299,3,aj,aj
2299,4,mewa,mewa
2299,5,ri',ri'
2299,6,chi,chi
2299,7,"q'equ'mal,",q'equ'mal
2299,8,Chi,chi
2299,9,aq'ab'al.,aq'ab'al
2300,0,Nim,nim
2300,1,ki,ki
2300,2,b'is,b'is
2300,3,ta,ta
2300,4,xek'oje'ik,xek'oje'ik
2300,5,chuwi',chuwi'
2300,6,"juyub',",juyub'
2300,7,Chi,chi
2300,8,Pixab',pixab'
2300,9,u,u
2300,10,b'i',b'i'
2300,11,wakamik.,wakamik
2301,0,Xcha',xcha'
2301,1,chi,chi
2301,2,k'ut,k'ut
2301,3,ki,ki
2301,4,k'ab'awil,k'ab'awil
2301,5,chiri'.,chiri'
2302,0,TA,ta
2302,1,xcha',xcha'
2302,2,k'ut,k'ut
2302,3,ruk',ruk'
2302,4,"Tojil,",tojil
2302,5,"Awilix,",awilix
2302,6,Jaq'awitz,jaq'awitz
2302,7,Chikech,chikech
2302,8,ri,ri
2302,9,B'alam,b'alam
2302,10,"Kitze,",kitze
2302,11,B'alam,b'alam
2302,12,"Akab',",akab'
2302,13,"Majukutaj,",majukutaj
2302,14,Ik'i,ik'i
2302,15,B'alam.,b'alam
2303,0,“Xa,xa
2303,1,ta,ta
2303,2,"kojb'ek,",kojb'ek
2303,3,Xa,xa
2303,4,ta,ta
2303,5,pu,pu
2303,6,kojyakatajik.,kojyakatajik
2304,0,Ma,ma
2304,1,ta,ta
2304,2,waral,waral
2304,3,kojk'oje',kojk'oje'
2304,4,"wi,",wi
2304,5,Chi,chi
2304,6,ewal,ewal
2304,7,taj,taj
2304,8,kojiya',kojiya'
2304,9,wi.,wi
2305,0,Mi,mi
2305,1,xyopij,xyopij
2305,2,u,u
2305,3,saqirik?,saqirik
2306,0,Ma,ma
2306,1,pa,pa
2306,2,toq'ob',toq'ob'
2306,3,i,i
2306,4,wach,wach
2306,5,We,we
2306,6,kojkanab'ixik,kojkanab'ixik
2306,7,rumal,rumal
2306,8,aj,aj
2306,9,lab'al?,lab'al
2307,0,Chitz'aq,chitz'aq
2307,1,wa',wa'
2307,2,oj,oj
2307,3,k'o,k'o
2307,4,wi,wi
2307,5,"iwumal,",iwumal
2307,6,Ix,ix
2307,7,aj,aj
2307,8,"k'ixb',",k'ixb'
2307,9,Aj,aj
2307,10,k'ajb'.,k'ajb'
2308,0,Jujun,jujun
2308,1,ta,ta
2308,2,k'ut,k'ut
2308,3,Kojiya',kojiya'
2308,4,"wi,”",wi
2308,5,Xecha',xecha'
2308,6,k'ut,k'ut
2308,7,Ta,ta
2308,8,xech'awik.,xech'awik
2309,0,“Utz,utz
2309,1,b'a,b'a
2309,2,"la',",la'
2309,3,xa,xa
2309,4,kojb'oqotajik,kojb'oqotajik
2309,5,Qa,qa
2309,6,tzukuj,tzukuj
2309,7,taq,taq
2309,8,ri,ri
2309,9,"k'eche'laj,”",k'eche'laj
2309,10,xecha',xecha'
2309,11,k'ut,k'ut
2309,12,konojel.,konojel
2310,0,K'ate,k'ate
2310,1,puch,puch
2310,2,xkik'am,xkik'am
2310,3,Chireqaxik,chireqaxik
2310,4,u,u
2310,5,k'ab'awil,k'ab'awil
2310,6,jujun,jujun
2310,7,chikech.,chikech
2311,0,Ta,ta
2311,1,xok,xok
2311,2,k'ut,k'ut
2311,3,Awilix,awilix
2311,4,pa,pa
2311,5,"siwan,",siwan
2311,6,U,u
2311,7,b'i'nam,b'i'nam
2311,8,Ewab'al,ewab'al
2311,9,"Siwan,",siwan
2311,10,Chuchax,chuchax
2311,11,kumal,kumal
2311,12,pa,pa
2311,13,nima,nima
2311,14,siwan,siwan
2311,15,chi,chi
2311,16,k'eche'laj.,k'eche'laj
2312,0,P[a],pa
2312,1,Awilix,awilix
2312,2,u,u
2312,3,b'i',b'i'
2312,4,wakamik.,wakamik
2313,0,Chiri',chiri'
2313,1,xkanaj,xkanaj
2313,2,"wi,",wi
2313,3,Xk'u,xk'u
2313,4,kanajoq,kanajoq
2313,5,pa,pa
2313,6,siwan,siwan
2313,7,rumal,rumal
2313,8,B'alam,b'alam
2313,9,Aq'ab'.,aq'ab'
2314,0,Cholom,cholom
2314,1,u,u
2314,2,"kanajik,",kanajik
2314,3,U,u
2314,4,nab'e,nab'e
2314,5,ri'.,ri'
2315,0,Xkanaj,xkanaj
2315,1,chi,chi
2315,2,k'ut,k'ut
2315,3,Jaq'awitz,jaq'awitz
2315,4,chuwi',chuwi'
2315,5,jun,jun
2315,6,nima,nima
2315,7,q'aq',q'aq'
2315,8,ja.,ja
2316,0,Jaq'awitz,jaq'awitz
2316,1,u,u
2316,2,b'i',b'i'
2316,3,juyub',juyub'
2316,4,wakamik.,wakamik
2317,0,Xkitinamit,xkitinamit
2317,1,k'u,k'u
2317,2,ri',ri'
2317,3,xuxik.,xuxik
2318,0,Chiri',chiri'
2318,1,k'ut,k'ut
2318,2,xk'oje',xk'oje'
2318,3,wi,wi
2318,4,"k'ab'awil,",k'ab'awil
2318,5,Jaq'awitz,jaq'awitz
2318,6,u,u
2318,7,b'i'.,b'i'
2319,0,Xawi,xawi
2319,1,xkajnaj,xkajnaj
2319,2,ri,ri
2319,3,Majukutaj,majukutaj
2319,4,ruk',ruk'
2319,5,u,u
2319,6,"k'ab'awil,",k'ab'awil
2319,7,U,u
2319,8,kab',kab'
2319,9,k'ut,k'ut
2319,10,k'ab'awil,k'ab'awil
2319,11,Ri,ri
2319,12,xewax,xewax
2319,13,kumal.,kumal
2320,0,Ma,ma
2320,1,na,na
2320,2,pa,pa
2320,3,k'eche'laj,k'eche'laj
2320,4,xk'oje',xk'oje'
2320,5,wi,wi
2320,6,Jaq'awitz.,jaq'awitz
2321,0,Xa,xa
2321,1,saqi,saqi
2321,2,juyub',juyub'
2321,3,xewax,xewax
2321,4,wi,wi
2321,5,Jaq'awitz.,jaq'awitz
2322,0,Ta,ta
2322,1,xpe,xpe
2322,2,chi,chi
2322,3,k'ut,k'ut
2322,4,B'alam,b'alam
2322,5,"Kitze,",kitze
2322,6,Xul,xul
2322,7,chiri',chiri'
2322,8,pa,pa
2322,9,nima,nima
2322,10,k'eche'laj.,k'eche'laj
2323,0,Xul,xul
2323,1,ewaxa,ewaxa
2323,2,wi,wi
2323,3,Tojil,tojil
2323,4,rumal,rumal
2323,5,B'alam,b'alam
2323,6,Kitze.,kitze
2324,0,Pa,pa
2324,1,Tojil,tojil
2324,2,chuchax,chuchax
2324,3,wakamik,wakamik
2324,4,u,u
2324,5,b'i',b'i'
2324,6,juyub'.,juyub'
2325,0,Ta,ta
2325,1,xkikob'isaj,xkikob'isaj
2325,2,ri,ri
2325,3,ewab'al,ewab'al
2325,4,siwan,siwan
2325,5,Kunab'al,kunab'al
2325,6,Tojil.,tojil
2326,0,Tzatz,tzatz
2326,1,chi,chi
2326,2,"kumatz,",kumatz
2326,3,Tzatz,tzatz
2326,4,puch,puch
2326,5,chi,chi
2326,6,"b'alam,",b'alam
2326,7,"Sochoj,",sochoj
2326,8,K'an,k'an
2326,9,"Ti',",ti'
2326,10,Chiri',chiri'
2326,11,pa,pa
2326,12,k'eche'laj,k'eche'laj
2326,13,xek'oje',xek'oje'
2326,14,"wi,",wi
2326,15,Xewax,xewax
2326,16,wi,wi
2326,17,Kumal,kumal
2326,18,aj,aj
2326,19,"k'ixb',",k'ixb'
2326,20,Ah,ah
2326,21,k'ajb'.,k'ajb'
2327,0,Xa,xa
2327,1,k'u,k'u
2327,2,jun,jun
2327,3,xek'oje',xek'oje'
2327,4,wi,wi
2327,5,B'alam,b'alam
2327,6,"Kitze,",kitze
2327,7,B'alam,b'alam
2327,8,"Aq'ab',",aq'ab'
2327,9,"Majukutaj,",majukutaj
2327,10,Ik'i,ik'i
2327,11,B'alam.,b'alam
2328,0,Xa,xa
2328,1,jun,jun
2328,2,xkoyob'ej,xkoyob'ej
2328,3,wi,wi
2328,4,u,u
2328,5,saqirik,saqirik
2328,6,Chiri',chiri'
2328,7,chuwi',chuwi'
2328,8,juyub',juyub'
2328,9,Jaq'awitz,jaq'awitz
2328,10,u,u
2328,11,b'i'.,b'i'
2329,0,Xawi,xawi
2329,1,k'u,k'u
2329,2,kok,kok
2329,3,u,u
2329,4,xo'l,xo'l
2329,5,Ri',ri'
2329,6,xk'oje',xk'oje'
2329,7,wi,wi
2329,8,k'ab'awil,k'ab'awil
2329,9,"Tamub',",tamub'
2329,10,Ruk',ruk'
2329,11,Ilokab'.,ilokab'
2330,0,Amaq',amaq'
2330,1,Tan,tan
2330,2,u,u
2330,3,b'i',b'i'
2330,4,Ri,ri
2330,5,xk'oje',xk'oje'
2330,6,wi,wi
2330,7,Ri',ri'
2330,8,u,u
2330,9,k'ab'awil,k'ab'awil
2330,10,Tamub'.,tamub'
2331,0,Chiri',chiri'
2331,1,xsaqir,xsaqir
2331,2,wi.,wi
2332,0,Amaq',amaq'
2332,1,U,u
2332,2,Q'in,q'in
2332,3,K'at,k'at
2332,4,u,u
2332,5,b'i',b'i'
2332,6,Ri,ri
2332,7,xsaqirik,xsaqirik
2332,8,wi,wi
2332,9,ri,ri
2332,10,Ilokab'.,ilokab'
2333,0,Chiri',chiri'
2333,1,xk'oje',xk'oje'
2333,2,wi,wi
2333,3,u,u
2333,4,k'ab'awil,k'ab'awil
2333,5,"Ilokab',",ilokab'
2333,6,Xa,xa
2333,7,kok,kok
2333,8,u,u
2333,9,xo'l,xo'l
2333,10,juyub'.,juyub'
2334,0,Xawi,xawi
2334,1,chiri',chiri'
2334,2,ronojel,ronojel
2334,3,"Rab'inaleb',",rab'inaleb'
2334,4,"Kaqchekeleb',",kaqchekeleb'
2334,5,Aj,aj
2334,6,Tz'ikina,tz'ikina
2334,7,"Ja,",ja
2334,8,Ronojel,ronojel
2334,9,ch'uti,ch'uti
2334,10,"amaq',",amaq'
2334,11,Nima,nima
2334,12,"amaq',",amaq'
2334,13,Xa,xa
2334,14,jun,jun
2334,15,xtak'atob',xtak'atob'
2334,16,"wi,",wi
2334,17,Xa,xa
2334,18,pu,pu
2334,19,jun,jun
2334,20,saqirik,saqirik
2334,21,"wi,",wi
2334,22,Xa,xa
2334,23,jun,jun
2334,24,xkoyob'ej,xkoyob'ej
2334,25,wi,wi
2334,26,Relik,relik
2334,27,uloq,uloq
2334,28,Nima,nima
2334,29,"Ch'umil,",ch'umil
2334,30,Ik'oq'ij,ik'oq'ij
2334,31,u,u
2334,32,b'i'.,b'i'
2335,0,“Nab'e,nab'e
2335,1,chel,chel
2335,2,uloq,uloq
2335,3,Chuwach,chuwach
2335,4,"q'ij,",q'ij
2335,5,Ta,ta
2335,6,"saqiroq,”",saqiroq
2335,7,Xecha'.,xecha'
2336,0,Xa,xa
2336,1,k'u,k'u
2336,2,jun,jun
2336,3,Xek'oje',xek'oje'
2336,4,wi,wi
2336,5,B'alam,b'alam
2336,6,"Kitze,",kitze
2336,7,B'alam,b'alam
2336,8,"Aq'ab',",aq'ab'
2336,9,"Majukutaj,",majukutaj
2336,10,Ik'i,ik'i
2336,11,B'alam.,b'alam
2337,0,Maja,maja
2337,1,b'i,b'i
2337,2,ki,ki
2337,3,"waram,",waram
2337,4,Ki,ki
2337,5,yakalem.,yakalem
2338,0,Nim,nim
2338,1,roq'ej,roq'ej
2338,2,ki,ki
2338,3,"k'u'x,",k'u'x
2338,4,Ki,ki
2338,5,"pam,",pam
2338,6,Chire,chire
2338,7,u,u
2338,8,"saqirik,",saqirik
2338,9,U,u
2338,10,pakatajik,pakatajik
2338,11,puch.,puch
2339,0,Xawi,xawi
2339,1,chila',chila'
2339,2,xk'ixb',xk'ixb'
2339,3,wi,wi
2339,4,u,u
2339,5,wach,wach
2339,6,Xepe,xepe
2339,7,wi,wi
2339,8,Nima,nima
2339,9,"b'is,",b'is
2339,10,Nima,nima
2339,11,mok'em.,mok'em
2340,0,E,e
2340,1,chik'arinaq,chik'arinaq
2340,2,rumal,rumal
2340,3,u,u
2340,4,k'axk'ol,k'axk'ol
2340,5,Xe'ek'ow,xe'ek'ow
2340,6,wi,wi
2340,7,uloq.,uloq
2341,0,“Mawi,mawi
2341,1,kus,kus
2341,2,mi,mi
2341,3,xojpe,xojpe
2341,4,wi.,wi
2342,0,Akarok!,akarok
2343,0,Oj,oj
2343,1,taj,taj
2343,2,xkojilowik,xkojilowik
2343,3,ralaxik,ralaxik
2343,4,q'ij.,q'ij
2344,0,Ju,ju
2344,1,la',la'
2344,2,chaxqab'ano?,chaxqab'ano
2345,0,Junam,junam
2345,1,qa,qa
2345,2,wach,wach
2345,3,chi,chi
2345,4,qa,qa
2345,5,"juyub'al,",juyub'al
2345,6,Xa,xa
2345,7,xqok'otaj,xqok'otaj
2345,8,"qib',”",qib'
2345,9,kecha'.,kecha'
2346,0,Ta,ta
2346,1,k'i,k'i
2346,2,kech'awik,kech'awik
2346,3,chi,chi
2346,4,kib'il,kib'il
2346,5,"kib',",kib'
2346,6,Chuwi',chuwi'
2346,7,"b'is,",b'is
2346,8,Chuwi',chuwi'
2346,9,"mok'em,",mok'em
2346,10,Chuwi',chuwi'
2346,11,puch,puch
2346,12,"oq'ej,",oq'ej
2346,13,"Sik',",sik'
2346,14,Xech'aw,xech'aw
2346,15,wi.,wi
2347,0,Are',are'
2347,1,k'ut,k'ut
2347,2,e,e
2347,3,ku'b'ukuxinaq,ku'b'ukuxinaq
2347,4,wi,wi
2347,5,ri,ri
2347,6,k'ab'awil,k'ab'awil
2347,7,Pa,pa
2347,8,taq,taq
2347,9,"siwan,",siwan
2347,10,Pa,pa
2347,11,taq,taq
2347,12,k'eche'laj.,k'eche'laj
2348,0,Xa,xa
2348,1,pa,pa
2348,2,"ek',",ek'
2348,3,Xa,xa
2348,4,pa,pa
2348,5,atz'iaq,atz'iaq
2348,6,e,e
2348,7,k'o,k'o
2348,8,wi.,wi
2349,0,Ma,ma
2349,1,na,na
2349,2,pa,pa
2349,3,tz'alam,tz'alam
2349,4,taj,taj
2349,5,Xeya',xeya'
2349,6,wi.,wi
2350,0,Kech'aw,kech'aw
2350,1,nab'ek,nab'ek
2350,2,Ri,ri
2350,3,"Tojil,",tojil
2350,4,"Awilix,",awilix
2350,5,Jaq'awitz.,jaq'awitz
2351,0,Nim,nim
2351,1,ki,ki
2351,2,"q'ij,",q'ij
2351,3,Nim,nim
2351,4,puch,puch
2351,5,"kab',",kab'
2351,6,"Kuxlab',",kuxlab'
2351,7,Chuwi',chuwi'
2351,8,ronojel,ronojel
2351,9,U,u
2351,10,k'ab'awil,k'ab'awil
2351,11,amaq'.,amaq'
2352,0,Tzatz,tzatz
2352,1,ki,ki
2352,2,"nawal,",nawal
2352,3,Tzatz,tzatz
2352,4,puch,puch
2352,5,ki,ki
2352,6,"b'inib'al,",b'inib'al
2352,7,Ki,ki
2352,8,ch'akab'al,ch'akab'al
2352,9,chi,chi
2352,10,"tewnik,",tewnik
2352,11,Chi,chi
2352,12,xib'inik,xib'inik
2352,13,ki,ki
2352,14,k'oje'ik,k'oje'ik
2352,15,Chi,chi
2352,16,k'u'x,k'u'x
2352,17,amaq'.,amaq'
2353,0,Ku'b'ulik,ku'b'ulik
2353,1,ki,ki
2353,2,k'u'xlal,k'u'xlal
2353,3,Kumal,kumal
2353,4,ri,ri
2353,5,B'alam,b'alam
2353,6,"Kitze,",kitze
2353,7,B'alam,b'alam
2353,8,"Aq'ab',",aq'ab'
2353,9,"Majukutaj,",majukutaj
2353,10,Ik'i,ik'i
2353,11,B'alam.,b'alam
2354,0,Ma,ma
2354,1,na,na
2354,2,"chilik,",chilik
2354,3,Ka'yal,ka'yal
2354,4,ta,ta
2354,5,ki,ki
2354,6,k'u'x,k'u'x
2354,7,Chire,chire
2354,8,ri,ri
2354,9,k'ab'awil,k'ab'awil
2354,10,"kuk'a'am,",kuk'a'am
2354,11,Kek'a'am,kek'a'am
2354,12,"puch,",puch
2354,13,Xepe,xepe
2354,14,chila',chila'
2354,15,Tulan,tulan
2354,16,"Suywa,",suywa
2354,17,"Chila',",chila'
2354,18,Releb'al,releb'al
2354,19,q'ij.,q'ij
2355,0,Xawi,xawi
2355,1,k'u,k'u
2355,2,chiri',chiri'
2355,3,xek'oje',xek'oje'
2355,4,wi,wi
2355,5,Pa,pa
2355,6,k'eche'laj.,k'eche'laj
2356,0,Are,are
2356,1,saqirib'al,saqirib'al
2356,2,Pa,pa
2356,3,"Tojil,",tojil
2356,4,Pa,pa
2356,5,"Awilix,",awilix
2356,6,Pa,pa
2356,7,"Jaq'awitz,",jaq'awitz
2356,8,kuchaxik,kuchaxik
2356,9,wakamik.,wakamik
2357,0,Are,are
2357,1,k'ut,k'ut
2357,2,xechawax,xechawax
2357,3,"wi,",wi
2357,4,Xesaqir,xesaqir
2357,5,"wi,",wi
2357,6,Qa,qa
2357,7,"mam,",mam
2357,8,Qa,qa
2357,9,qajaw.,qajaw
2358,0,Wa',wa'
2358,1,chiqab'ij,chiqab'ij
2358,2,chik,chik
2358,3,u,u
2358,4,"saqirik,",saqirik
2358,5,U,u
2358,6,wachinik,wachinik
2358,7,puch,puch
2358,8,"Q'ij,",q'ij
2358,9,"Ik',",ik'
2358,10,Ch'umil.,ch'umil
2359,0,WA'E,wa'e
2359,1,k'ute,k'ute
2359,2,u,u
2359,3,"saqirik,",saqirik
2359,4,U,u
2359,5,wachinik,wachinik
2359,6,puch,puch
2359,7,"Q'ij,",q'ij
2359,8,"Ik',",ik'
2359,9,Ch'umil.,ch'umil
2360,0,NIM,nim
2360,1,k'ut,k'ut
2360,2,xeki'kotik,xeki'kotik
2360,3,B'alam,b'alam
2360,4,"Kitze,",kitze
2360,5,B'alam,b'alam
2360,6,"Aq'ab',",aq'ab'
2360,7,"Majukutaj,",majukutaj
2360,8,Ik'i,ik'i
2360,9,"B'alam,",b'alam
2360,10,Ta,ta
2360,11,xril,xril
2360,12,ri,ri
2360,13,Ik'oq'ij.,ik'oq'ij
2361,0,Nab'e,nab'e
2361,1,xel,xel
2361,2,"uloq,",uloq
2361,3,Chitiltotik,chitiltotik
2361,4,u,u
2361,5,"wach,",wach
2361,6,K'ate,k'ate
2361,7,k'ut,k'ut
2361,8,ta,ta
2361,9,xkikir,xkikir
2361,10,ki,ki
2361,11,pom,pom
2361,12,"chila',",chila'
2361,13,Petenaq,petenaq
2361,14,wi,wi
2361,15,releb'al,releb'al
2361,16,q'ij.,q'ij
2362,0,K'ate,k'ate
2362,1,u,u
2362,2,ch'ak,ch'ak
2362,3,chi,chi
2362,4,ki,ki
2362,5,k'u'x,k'u'x
2362,6,Ta,ta
2362,7,xkikiroq.,xkikiroq
2363,0,Ox,ox
2363,1,ichal,ichal
2363,2,ki,ki
2363,3,k'amowab'al,k'amowab'al
2363,4,Chi,chi
2363,5,ki,ki
2363,6,k'u'x.,k'u'x
2364,0,Mixtam,mixtam
2364,1,Pom,pom
2364,2,U,u
2364,3,b'i',b'i'
2364,4,pom,pom
2364,5,Ruk'a'am,ruk'a'am
2364,6,B'alam,b'alam
2364,7,Kitze;,kitze
2364,8,Kawistan,kawistan
2364,9,Pom,pom
2364,10,U,u
2364,11,b'i',b'i'
2364,12,pom,pom
2364,13,Ruk'a'am,ruk'a'am
2364,14,B'alam,b'alam
2364,15,Aq'ab';,aq'ab'
2364,16,K'ab'awil,k'ab'awil
2364,17,Pom,pom
2364,18,Chuchaxik,chuchaxik
2364,19,chik,chik
2364,20,Ruk'a'am,ruk'a'am
2364,21,Majukutaj.,majukutaj
2365,0,E,e
2365,1,oxib',oxib'
2365,2,K'o,k'o
2365,3,ki,ki
2365,4,pom.,pom
2366,0,Are',are'
2366,1,k'ut,k'ut
2366,2,xkik'ato,xkik'ato
2366,3,Ta,ta
2366,4,xesaqb'isani,xesaqb'isani
2366,5,aponoq,aponoq
2366,6,"Chila',",chila'
2366,7,Releb'al,releb'al
2366,8,q'ij.,q'ij
2367,0,Quz,quz
2367,1,keoq'ik,keoq'ik
2367,2,Ta,ta
2367,3,xesaqb'isanik.,xesaqb'isanik
2368,0,Xkik'at,xkik'at
2368,1,ki,ki
2368,2,"pom,",pom
2368,3,Loq'olaj,loq'olaj
2368,4,pom.,pom
2369,0,K'ate,k'ate
2369,1,k'ut,k'ut
2369,2,xkoq'ej,xkoq'ej
2369,3,ri,ri
2369,4,mawi,mawi
2369,5,"xkilo,",xkilo
2369,6,Ma,ma
2369,7,pu,pu
2369,8,xkiwachij,xkiwachij
2369,9,ralaxik,ralaxik
2369,10,"q'ij,",q'ij
2369,11,K'ate,k'ate
2369,12,puch,puch
2369,13,ta,ta
2369,14,xel,xel
2369,15,ulo,ulo
2369,16,q'ij,q'ij
2369,17,Xki'kotik,xki'kotik
2369,18,ch'uti,ch'uti
2369,19,"chikop,",chikop
2369,20,Nima,nima
2369,21,chikop.,chikop
2370,0,Xk'isyakataj,xk'isyakataj
2370,1,uloq,uloq
2370,2,pa,pa
2370,3,b'e,b'e
2370,4,"ya',",ya'
2370,5,Pa,pa
2370,6,siwan.,siwan
2371,0,Xek'oje'ik,xek'oje'ik
2371,1,Tza'm,tza'm
2371,2,taq,taq
2371,3,juyub'.,juyub'
2372,0,Xa,xa
2372,1,jun,jun
2372,2,xkixe,xkixe
2372,3,wi,wi
2372,4,ki,ki
2372,5,wach,wach
2372,6,chila',chila'
2372,7,Xel,xel
2372,8,wi,wi
2372,9,uloq,uloq
2372,10,q'ij.,q'ij
2373,0,K'ate,k'ate
2373,1,ta,ta
2373,2,xe'oq'ik,xe'oq'ik
2373,3,"koj,",koj
2373,4,B'alam.,b'alam
2374,0,Nab'e,nab'e
2374,1,k'ut,k'ut
2374,2,xoq',xoq'
2374,3,ri,ri
2374,4,"tz'ikin,",tz'ikin
2374,5,K'eletzu,k'eletzu
2374,6,u,u
2374,7,b'i'.,b'i'
2375,0,Qitzij,qitzij
2375,1,chi,chi
2375,2,xki'kot,xki'kot
2375,3,ronojel,ronojel
2375,4,chikop.,chikop
2376,0,Xkirip,xkirip
2376,1,ki,ki
2376,2,"xik',",xik'
2376,3,"Kot,",kot
2376,4,Saq,saq
2376,5,"k'uch,",k'uch
2376,6,Ch'uti,ch'uti
2376,7,"tz'ikin,",tz'ikin
2376,8,Nima,nima
2376,9,tz'ikin.,tz'ikin
2377,0,E,e
2377,1,k'u,k'u
2377,2,xukuxuxinaq,xukuxuxinaq
2377,3,ri,ri
2377,4,aj,aj
2377,5,"k'ixb',",k'ixb'
2377,6,Aj,aj
2377,7,k'ajb'.,k'ajb'
2378,0,Nim,nim
2378,1,keki'kotik,keki'kotik
2378,2,ruk',ruk'
2378,3,raj,raj
2378,4,"k'ixb',",k'ixb'
2378,5,Raj,raj
2378,6,"k'ajb',",k'ajb'
2378,7,"Tamub',",tamub'
2378,8,"Ilokab',",ilokab'
2378,9,Ruk',ruk'
2378,10,"Rab'inaleb',",rab'inaleb'
2378,11,"Kaqchekeleb',",kaqchekeleb'
2378,12,Aj,aj
2378,13,Tz'ikina,tz'ikina
2378,14,"Ja,",ja
2378,15,Ruk',ruk'
2378,16,Tujal,tujal
2378,17,"Ja,",ja
2378,18,U,u
2378,19,Ch'ab'a,ch'ab'a
2378,20,"Ja,",ja
2378,21,Kib'a,kib'a
2378,22,"Ja,",ja
2378,23,Ah,ah
2378,24,B'ate,b'ate
2378,25,"Na,",na
2378,26,Ruk',ruk'
2378,27,Yaki,yaki
2378,28,Tepew.,tepew
2379,0,Jarub',jarub'
2379,1,pa,pa
2379,2,chi,chi
2379,3,amaq',amaq'
2379,4,k'o,k'o
2379,5,"wakamik,",wakamik
2379,6,Mawi,mawi
2379,7,ajilan,ajilan
2379,8,chi,chi
2379,9,"winaq,",winaq
2379,10,Xa,xa
2379,11,jun,jun
2379,12,xsaqir,xsaqir
2379,13,wi,wi
2379,14,Ronojel,ronojel
2379,15,amaq'.,amaq'
2380,0,K'ate,k'ate
2380,1,puch,puch
2380,2,xchaqijik,xchaqijik
2380,3,u,u
2380,4,wach,wach
2380,5,ulew,ulew
2380,6,rumal,rumal
2380,7,ri,ri
2380,8,q'ij.,q'ij
2381,0,Keje',keje'
2381,1,ri',ri'
2381,2,jun,jun
2381,3,chi,chi
2381,4,winaq,winaq
2381,5,ri,ri
2381,6,q'ij,q'ij
2381,7,ta,ta
2381,8,xuk'ut,xuk'ut
2381,9,rib'.,rib'
2382,0,K'atan,k'atan
2382,1,u,u
2382,2,wach,wach
2382,3,Are,are
2382,4,xchaqij,xchaqij
2382,5,wi,wi
2382,6,U,u
2382,7,wach,wach
2382,8,ulew,ulew
2382,9,maja,maja
2382,10,chela,chela
2382,11,ula,ula
2382,12,q'ij,q'ij
2382,13,"Ch'aqalik,",ch'aqalik
2382,14,Yitz'il,yitz'il
2382,15,puch,puch
2382,16,U,u
2382,17,wach,wach
2382,18,ulew,ulew
2382,19,maja,maja
2382,20,chela,chela
2382,21,ula,ula
2382,22,q'ij.,q'ij
2383,0,Xa,xa
2383,1,k'u,k'u
2383,2,xka'oj,xka'oj
2383,3,aq'anoq,aq'anoq
2383,4,ri,ri
2383,5,"q'ij,",q'ij
2383,6,Keje',keje'
2383,7,ri',ri'
2383,8,jun,jun
2383,9,chi,chi
2383,10,winaq.,winaq
2384,0,Ma,ma
2384,1,k'u,k'u
2384,2,xch'ijitajik,xch'ijitajik
2384,3,u,u
2384,4,k'atanal.,k'atanal
2385,0,Xa,xa
2385,1,chi,chi
2385,2,k'u,k'u
2385,3,u,u
2385,4,lemo',lemo'
2385,5,ri,ri
2385,6,xkanajik.,xkanajik
2386,0,Mawi,mawi
2386,1,qitzij,qitzij
2386,2,are',are'
2386,3,chi,chi
2386,4,q'ij,q'ij
2386,5,ri,ri
2386,6,"kawachinik,",kawachinik
2386,7,Xcha',xcha'
2386,8,Chupan,chupan
2386,9,ki,ki
2386,10,tzij.,tzij
2387,0,K'ate,k'ate
2387,1,puch,puch
2387,2,ju,ju
2387,3,su,su
2387,4,xab'ajir,xab'ajir
2387,5,Ri,ri
2387,6,"Tojil,",tojil
2387,7,"Awilix,",awilix
2387,8,"Jaq'awitz,",jaq'awitz
2387,9,Ruk',ruk'
2387,10,u,u
2387,11,k'ab'awilal,k'ab'awilal
2387,12,"Koj,",koj
2387,13,"B'alam,",b'alam
2387,14,"Sochoj,",sochoj
2387,15,K'an,k'an
2387,16,Ti'.,ti'
2388,0,Saqi,saqi
2388,1,K'oxol,k'oxol
2388,2,xa,xa
2388,3,xuchap,xuchap
2388,4,chi,chi
2388,5,U,u
2388,6,k'u',k'u'
2388,7,rib',rib'
2388,8,pa,pa
2388,9,che'.,che'
2389,0,Ta,ta
2389,1,xwachin,xwachin
2389,2,"Q'ij,",q'ij
2389,3,"Ik',",ik'
2389,4,"Ch'umil,",ch'umil
2389,5,Jumaj,jumaj
2389,6,ab'aj,ab'aj
2389,7,xuxik,xuxik
2389,8,Ronojel.,ronojel
2390,0,Ma,ma
2390,1,ta,ta
2390,2,oj,oj
2390,3,yakamarinaq,yakamarinaq
2390,4,lo,lo
2390,5,wakamik,wakamik
2390,6,Rumal,rumal
2390,7,ri,ri
2390,8,ti'onel,ti'onel
2390,9,chikop:,chikop
2390,10,"Koj,",koj
2390,11,"B'alam,",b'alam
2390,12,"Sochoj,",sochoj
2390,13,K'an,k'an
2390,14,Ti'.,ti'
2391,0,Saqi,saqi
2391,1,K'oxol.,k'oxol
2392,0,Ma,ma
2392,1,ta,ta
2392,2,ja,ja
2392,3,b'i,b'i
2392,4,qa,qa
2392,5,q'ij,q'ij
2392,6,lo,lo
2392,7,wakamik.,wakamik
2393,0,Ma,ma
2393,1,ta,ta
2393,2,xab'ajirik,xab'ajirik
2393,3,u,u
2393,4,nab'e,nab'e
2393,5,chikop,chikop
2393,6,Rumal,rumal
2393,7,q'ij,q'ij
2393,8,ta,ta
2393,9,xel,xel
2393,10,uloq.,uloq
2394,0,Nima,nima
2394,1,ki'kotem,ki'kotem
2394,2,xk'oje',xk'oje'
2394,3,wi,wi
2394,4,ki,ki
2394,5,k'u'x,k'u'x
2394,6,B'alam,b'alam
2394,7,"Kitze,",kitze
2394,8,B'alam,b'alam
2394,9,"Akab',",akab'
2394,10,"Majukutaj,",majukutaj
2394,11,Ik'i,ik'i
2394,12,B'alam.,b'alam
2395,0,Nim,nim
2395,1,keki'kotik,keki'kotik
2395,2,Ta,ta
2395,3,xsaqirik.,xsaqirik
2396,0,Ma,ma
2396,1,na,na
2396,2,e,e
2396,3,ta,ta
2396,4,k'iya,k'iya
2396,5,winaq,winaq
2396,6,chi,chi
2396,7,ki,ki
2396,8,"k'oje'ik,",k'oje'ik
2396,9,Xa,xa
2396,10,e,e
2396,11,ch'uti'n,ch'uti'n
2396,12,ta,ta
2396,13,xek'oje',xek'oje'
2396,14,chiri',chiri'
2396,15,Chuwi',chuwi'
2396,16,juyub',juyub'
2396,17,Jaq'awitz.,jaq'awitz
2397,0,Chiri',chiri'
2397,1,xesaqir,xesaqir
2397,2,"wi,",wi
2397,3,Chiri',chiri'
2397,4,puch,puch
2397,5,xek'aton,xek'aton
2397,6,wi.,wi
2398,0,Xesaqb'isan,xesaqb'isan
2398,1,aponoq,aponoq
2398,2,Chila',chila'
2398,3,chi,chi
2398,4,releb'al,releb'al
2398,5,q'ij,q'ij
2398,6,xepe,xepe
2398,7,wi.,wi
2399,0,Are,are
2399,1,ki,ki
2399,2,"juyub'al,",juyub'al
2399,3,Ki,ki
2399,4,taq'ajal.,taq'ajal
2400,0,Chila',chila'
2400,1,xepe,xepe
2400,2,wi,wi
2400,3,B'alam,b'alam
2400,4,"Kitze,",kitze
2400,5,B'alam,b'alam
2400,6,"Aq'ab',",aq'ab'
2400,7,"Majukutaj,",majukutaj
2400,8,Ik'i,ik'i
2400,9,B'alam,b'alam
2400,10,ki,ki
2400,11,b'i'.,b'i'
2401,0,Chiri',chiri'
2401,1,k'ute,k'ute
2401,2,xek'iyar,xek'iyar
2401,3,wi,wi
2401,4,chuwi',chuwi'
2401,5,"juyub',",juyub'
2401,6,Are,are
2401,7,k'ut,k'ut
2401,8,ki,ki
2401,9,tinamit,tinamit
2401,10,xuxik.,xuxik
2402,0,Chiri',chiri'
2402,1,k'u,k'u
2402,2,k'o,k'o
2402,3,wi,wi
2402,4,Ta,ta
2402,5,qi,qi
2402,6,xwachin,xwachin
2402,7,"Q'ij,",q'ij
2402,8,"Ik',",ik'
2402,9,Ch'umil.,ch'umil
2403,0,"Xsaqirik,",xsaqirik
2403,1,"Xpakatajik,",xpakatajik
2403,2,U,u
2403,3,wach,wach
2403,4,"ulew,",ulew
2403,5,Ronojel,ronojel
2403,6,xe',xe'
2403,7,kaj.,kaj
2404,0,Chiri',chiri'
2404,1,k'ut,k'ut
2404,2,xtikar,xtikar
2404,3,wi,wi
2404,4,ki,ki
2404,5,"b'ix,",b'ix
2404,6,“Qa,qa
2404,7,Muqu”,muqu
2404,8,u,u
2404,9,b'i'.,b'i'
2405,0,"Xkib'ixaj,",xkib'ixaj
2405,1,Xa,xa
2405,2,roq'ej,roq'ej
2405,3,ki,ki
2405,4,"k'u'x,",k'u'x
2405,5,Ki,ki
2405,6,pam.,pam
2406,0,Xkib'ij,xkib'ij
2406,1,chupan,chupan
2406,2,ki,ki
2406,3,b'ix:,b'ix
2406,4,“Akarok,akarok
2406,5,xojsachik!,xojsachik
2407,0,Chi,chi
2407,1,Tulan,tulan
2407,2,xojpaxin,xojpaxin
2407,3,wi,wi
2407,4,qib'.,qib'
2408,0,Xeqakanaj,xeqakanaj
2408,1,chik,chik
2408,2,"qatz,",qatz
2408,3,Qa,qa
2408,4,chaq'.,chaq'
2409,0,Awi,awi
2409,1,mi,mi
2409,2,xkil,xkil
2409,3,wi,wi
2409,4,q'ij?,q'ij
2410,0,Awi,awi
2410,1,on,on
2410,2,e,e
2410,3,k'o,k'o
2410,4,wi,wi
2410,5,ta,ta
2410,6,mi,mi
2410,7,xsaqirik?”,xsaqirik
2410,8,Xecha',xecha'
2410,9,chire,chire
2410,10,raj,raj
2410,11,"kixb',",kixb'
2410,12,Raj,raj
2410,13,k'ajb',k'ajb'
2410,14,Yaki,yaki
2410,15,winaq.,winaq
2411,0,“Xawi,xawi
2411,1,xere,xere
2411,2,Tojil,tojil
2411,3,u,u
2411,4,b'i',b'i'
2411,5,U,u
2411,6,k'ab'awil,k'ab'awil
2411,7,Yaki,yaki
2411,8,winaq.,winaq
2412,0,"Yolkwat,",yolkwat
2412,1,Kitzalkwat,kitzalkwat
2412,2,u,u
2412,3,b'i'.,b'i'
2413,0,Xqajach,xqajach
2413,1,chila',chila'
2413,2,chu,chu
2413,3,Tulan,tulan
2413,4,Chi,chi
2413,5,Suywa,suywa
2413,6,Are,are
2413,7,qa,qa
2413,8,chelik,chelik
2413,9,"uloq,",uloq
2413,10,Are,are
2413,11,puch,puch
2413,12,u,u
2413,13,tz'aqat,tz'aqat
2413,14,qa,qa
2413,15,wach,wach
2413,16,ta,ta
2413,17,"xojpetik,”",xojpetik
2413,18,Xecha',xecha'
2413,19,chi,chi
2413,20,kib'il,kib'il
2413,21,kib',kib'
2413,22,Ta,ta
2413,23,xkina'taj,xkina'taj
2413,24,chi,chi
2413,25,apanoq,apanoq
2413,26,"Katz,",katz
2413,27,Ki,ki
2413,28,"chaq',",chaq'
2413,29,Ri,ri
2413,30,Yaki,yaki
2413,31,winaq.,winaq
2414,0,Ri',ri'
2414,1,xsaqirik,xsaqirik
2414,2,chila',chila'
2414,3,Mexiko,mexiko
2414,4,U,u
2414,5,b'i'nam,b'i'nam
2414,6,wakamik.,wakamik
2415,0,K'o,k'o
2415,1,chi,chi
2415,2,nay,nay
2415,3,puch,puch
2415,4,chajkar,chajkar
2415,5,"winaq,",winaq
2415,6,Xkikanaj,xkikanaj
2415,7,chila',chila'
2415,8,releb'al,releb'al
2415,9,q'ij.,q'ij
2416,0,"Tepew,",tepew
2416,1,Oliman,oliman
2416,2,ki,ki
2416,3,b'i'.,b'i'
2417,0,“Xeqakanaj,xeqakanaj
2417,1,"kanoq,”",kanoq
2417,2,xecha'.,xecha'
2418,0,Nim,nim
2418,1,u,u
2418,2,q'atat,q'atat
2418,3,ki,ki
2418,4,k'u'x,k'u'x
2418,5,Chiri',chiri'
2418,6,Chuwi',chuwi'
2418,7,Jaq'awitz.,jaq'awitz
2419,0,Xawi,xawi
2419,1,keje',keje'
2419,2,kakib'an,kakib'an
2419,3,ri,ri
2419,4,rech,rech
2419,5,"Tamub',",tamub'
2419,6,Ilokab'.,ilokab'
2420,0,Xawi,xawi
2420,1,xere,xere
2420,2,e,e
2420,3,k'o,k'o
2420,4,wi,wi
2420,5,chiri',chiri'
2420,6,pa,pa
2420,7,"k'eche'laj,",k'eche'laj
2420,8,Amaq',amaq'
2420,9,T'an,t'an
2420,10,u,u
2420,11,b'i'.,b'i'
2421,0,Xsaqir,xsaqir
2421,1,wi,wi
2421,2,"rajk'ixb',",rajk'ixb'
2421,3,Raj,raj
2421,4,k'ajb',k'ajb'
2421,5,"Tamub',",tamub'
2421,6,Ruk',ruk'
2421,7,u,u
2421,8,k'ab'awil.,k'ab'awil
2422,0,Xawi,xawi
2422,1,xere,xere
2422,2,"Tojil,",tojil
2422,3,Xa,xa
2422,4,jun,jun
2422,5,u,u
2422,6,b'i',b'i'
2422,7,U,u
2422,8,k'ab'awil,k'ab'awil
2422,9,rox,rox
2422,10,ch'ob',ch'ob'
2422,11,ichal,ichal
2422,12,K'eche',k'eche'
2422,13,winaq.,winaq
2423,0,Xawi,xawi
2423,1,k'u,k'u
2423,2,xere,xere
2423,3,chik,chik
2423,4,u,u
2423,5,b'i',b'i'
2423,6,U,u
2423,7,k'ab'awil,k'ab'awil
2423,8,Rab'inaleb'.,rab'inaleb'
2424,0,Xsqaqi'n,xsqaqi'n
2424,1,u,u
2424,2,jalk'at,jalk'at
2424,3,u,u
2424,4,b'i'.,b'i'
2425,0,“Jun,jun
2425,1,Toj”,toj
2425,2,chuchaxik,chuchaxik
2425,3,u,u
2425,4,b'i',b'i'
2425,5,U,u
2425,6,k'ab'awil,k'ab'awil
2425,7,Rab'inaleb'.,rab'inaleb'
2426,0,Xa,xa
2426,1,k'u,k'u
2426,2,cha',cha'
2426,3,"ri',",ri'
2426,4,Xa,xa
2426,5,chiraj,chiraj
2426,6,junamataj,junamataj
2426,7,chi,chi
2426,8,"K'iche',",k'iche'
2426,9,Chi,chi
2426,10,u,u
2426,11,ch'ab'al.,ch'ab'al
2427,0,Are,are
2427,1,k'ut,k'ut
2427,2,jalk'atajinaq,jalk'atajinaq
2427,3,wi,wi
2427,4,ch'ab'al,ch'ab'al
2427,5,ruk',ruk'
2427,6,"Kaqchekeleb',",kaqchekeleb'
2427,7,Rumal,rumal
2427,8,jalan,jalan
2427,9,u,u
2427,10,b'i',b'i'
2427,11,u,u
2427,12,k'ab'awil,k'ab'awil
2427,13,Ta,ta
2427,14,xpe,xpe
2427,15,chila',chila'
2427,16,Tulan,tulan
2427,17,Suywa.,suywa
2428,0,Tzotz'i,tzotz'i
2428,1,"Ja,",ja
2428,2,Chimalkan,chimalkan
2428,3,u,u
2428,4,b'i',b'i'
2428,5,U,u
2428,6,k'ab'awil.,k'ab'awil
2429,0,Xa,xa
2429,1,k'u,k'u
2429,2,chajalan,chajalan
2429,3,u,u
2429,4,ch'ab'al,ch'ab'al
2429,5,wakamik.,wakamik
2430,0,Ruk',ruk'
2430,1,nay,nay
2430,2,puch,puch
2430,3,chirij,chirij
2430,4,u,u
2430,5,"k'ab'awil,",k'ab'awil
2430,6,Xk'amon,xk'amon
2430,7,wi,wi
2430,8,U,u
2430,9,b'i',b'i'
2430,10,U,u
2430,11,chinamit:,chinamit
2430,12,Aj,aj
2430,13,Po,po
2430,14,"Sotz'il,",sotz'il
2430,15,Aj,aj
2430,16,Po,po
2430,17,Xa[jil],xajil
2430,18,keuchaxik.,keuchaxik
2431,0,Xawi,xawi
2431,1,u,u
2431,2,k'ab'awil,k'ab'awil
2431,3,xjalk'atij,xjalk'atij
2431,4,wi,wi
2431,5,u,u
2431,6,ch'ab'al,ch'ab'al
2431,7,Ta,ta
2431,8,xya',xya'
2431,9,uloq,uloq
2431,10,u,u
2431,11,k'ab'awil,k'ab'awil
2431,12,chila',chila'
2431,13,Tulan.,tulan
2432,0,Chirij,chirij
2432,1,ab'aj,ab'aj
2432,2,xjalk'atij,xjalk'atij
2432,3,wi,wi
2432,4,u,u
2432,5,ch'ab'al,ch'ab'al
2432,6,Ta,ta
2432,7,xpe,xpe
2432,8,Tulan,tulan
2432,9,chi,chi
2432,10,q'equ'mal.,q'equ'mal
2433,0,Xa,xa
2433,1,k'u,k'u
2433,2,jun,jun
2433,3,xawax,xawax
2433,4,wi,wi
2433,5,ronojel,ronojel
2433,6,"amaq',",amaq'
2433,7,K'oleje',k'oleje'
2433,8,u,u
2433,9,b'i',b'i'
2433,10,U,u
2433,11,k'ab'awil,k'ab'awil
2433,12,Chu,chu
2433,13,jutaq,jutaq
2433,14,ch'ob'il.,ch'ob'il
2434,0,Are',are'
2434,1,k'ut,k'ut
2434,2,xchiqab'ij,xchiqab'ij
2434,3,chik,chik
2434,4,ki,ki
2434,5,"alub'ik,",alub'ik
2434,6,Ki,ki
2434,7,b'ayatajik,b'ayatajik
2434,8,"puch,",puch
2434,9,Chiri',chiri'
2434,10,chuwi',chuwi'
2434,11,juyub'.,juyub'
2435,0,Xa,xa
2435,1,jun,jun
2435,2,xek'oje',xek'oje'
2435,3,wi,wi
2435,4,ki,ki
2435,5,kaj,kaj
2435,6,ichal:,ichal
2435,7,B'alam,b'alam
2435,8,"Kitze,",kitze
2435,9,B'alam,b'alam
2435,10,"Aq'ab',",aq'ab'
2435,11,"Majukutaj,",majukutaj
2435,12,Ik'i,ik'i
2435,13,B'alam,b'alam
2435,14,ki,ki
2435,15,b'i'.,b'i'
2436,0,Koq',koq'
2436,1,ki,ki
2436,2,k'u'x,k'u'x
2436,3,Chire,chire
2436,4,ri,ri
2436,5,"Tojil,",tojil
2436,6,"Awilix,",awilix
2436,7,Jaq'awitz.,jaq'awitz
2437,0,Are',are'
2437,1,k'o,k'o
2437,2,chik,chik
2437,3,pa,pa
2437,4,"ek',",ek'
2437,5,Pa,pa
2437,6,atz'iaq,atz'iaq
2437,7,kumal.,kumal
2438,0,WA',wa'
2438,1,k'ute,k'ute
2438,2,ki,ki
2438,3,k'atonik,k'atonik
2438,4,u,u
2438,5,xe',xe'
2438,6,chi,chi
2438,7,"puch,",puch
2438,8,Kojb'al,kojb'al
2438,9,rech,rech
2438,10,Tojil.,tojil
2439,0,Ta,ta
2439,1,xeb'e,xeb'e
2439,2,k'ut,k'ut
2439,3,chuwach,chuwach
2439,4,"Tojil,",tojil
2439,5,"Awilix,",awilix
2439,6,Xeb'e,xeb'e
2439,7,"kila',",kila'
2439,8,Xb'e,xb'e
2439,9,pu,pu
2439,10,ki,ki
2439,11,"q'ijila',",q'ijila'
2439,12,Xek'amowan,xek'amowan
2439,13,chik,chik
2439,14,chuwach,chuwach
2439,15,Chire,chire
2439,16,u,u
2439,17,saqirik.,saqirik
2440,0,E,e
2440,1,k'u,k'u
2440,2,wonowoj,wonowoj
2440,3,chik,chik
2440,4,Chi,chi
2440,5,ab'ajil,ab'ajil
2440,6,Chiri',chiri'
2440,7,Pa,pa
2440,8,k'eche'laj.,k'eche'laj
2441,0,Xa,xa
2441,1,ki,ki
2441,2,nawal,nawal
2441,3,wach,wach
2441,4,chik,chik
2441,5,Xch'awik,xch'awik
2441,6,Ta,ta
2441,7,xe'opon,xe'opon
2441,8,ri,ri
2441,9,aj,aj
2441,10,"k'ixb',",k'ixb'
2441,11,Aj,aj
2441,12,k'ajb',k'ajb'
2441,13,chuwach,chuwach
2441,14,ri,ri
2441,15,Tojil.,tojil
2442,0,Ma,ma
2442,1,k'u,k'u
2442,2,nim,nim
2442,3,ri',ri'
2442,4,kuk'a'am,kuk'a'am
2442,5,Ki,ki
2442,6,k'atoj,k'atoj
2442,7,puch.,puch
2443,0,Xa,xa
2443,1,"q'ol,",q'ol
2443,2,Xa,xa
2443,3,rachaq,rachaq
2443,4,"noj,",noj
2443,5,Ruk',ruk'
2443,6,"iya',",iya'
2443,7,Xkik'ato,xkik'ato
2443,8,Chuwach,chuwach
2443,9,ki,ki
2443,10,k'ab'awil.,k'ab'awil
2444,0,Ta,ta
2444,1,xch'aw,xch'aw
2444,2,k'ut,k'ut
2444,3,ri,ri
2444,4,"Tojil,",tojil
2444,5,Xa,xa
2444,6,u,u
2444,7,nawal,nawal
2444,8,chik,chik
2444,9,Ta,ta
2444,10,xya',xya'
2444,11,uloq,uloq
2444,12,ki,ki
2444,13,na'oj,na'oj
2444,14,ri,ri
2444,15,e,e
2444,16,aj,aj
2444,17,"k'ixb',",k'ixb'
2444,18,E,e
2444,19,aj,aj
2444,20,k'ajb'.,k'ajb'
2445,0,"Xecha',",xecha'
2445,1,Ta,ta
2445,2,xech'awik:,xech'awik
2445,3,“Xawi,xawi
2445,4,waral,waral
2445,5,qa,qa
2445,6,"juyub'al,",juyub'al
2445,7,Qa,qa
2445,8,taq'ajal,taq'ajal
2445,9,chuxik.,chuxik
2446,0,Oj,oj
2446,1,iwech,iwech
2446,2,chik,chik
2446,3,Mi,mi
2446,4,xuxik.,xuxik
2447,0,Nim,nim
2447,1,qa,qa
2447,2,"q'ij,",q'ij
2447,3,Nim,nim
2447,4,pu,pu
2447,5,"qalaxik,",qalaxik
2447,6,Rumal,rumal
2447,7,ronojel,ronojel
2447,8,winaq,winaq
2447,9,"iwech,",iwech
2447,10,Ri,ri
2447,11,ronojel,ronojel
2447,12,amaq'.,amaq'
2448,0,Xawi,xawi
2448,1,k'u,k'u
2448,2,oj,oj
2448,3,iwachb'il,iwachb'il
2448,4,chi,chi
2448,5,"na,",na
2448,6,I,i
2448,7,tinamit.,tinamit
2449,0,Xawi,xawi
2449,1,chiqaya',chiqaya'
2449,2,i,i
2449,3,na'oj.,na'oj
2450,0,Mojik'ut,mojik'ut
2450,1,chuwach,chuwach
2450,2,ri,ri
2450,3,amaq',amaq'
2450,4,Ta,ta
2450,5,"kojkaq'anij,",kojkaq'anij
2450,6,Rumal,rumal
2450,7,ri',ri'
2450,8,qitzij,qitzij
2450,9,wi,wi
2450,10,Chi,chi
2450,11,e,e
2450,12,k'i,k'i
2450,13,Chikik'oje'ik.,chikik'oje'ik
2451,0,Keje',keje'
2451,1,k'u,k'u
2451,2,mawi,mawi
2451,3,kojiralajob'isaj,kojiralajob'isaj
2451,4,wi,wi
2451,5,Xere,xere
2451,6,k'ut,k'ut
2451,7,chiya',chiya'
2451,8,chiqech,chiqech
2451,9,Ri,ri
2451,10,ral,ral
2451,11,"k'im,",k'im
2451,12,Ral,ral
2451,13,torob';,torob'
2451,14,Xere,xere
2451,15,k'u,k'u
2451,16,ri,ri
2451,17,xnam,xnam
2451,18,"kej,",kej
2451,19,Xnam,xnam
2451,20,tz'ikin.,tz'ikin
2452,0,Chul,chul
2452,1,ta,ta
2452,2,iya',iya'
2452,3,sqaqi'n,sqaqi'n
2452,4,u,u
2452,5,kik'el,kik'el
2452,6,chiqech.,chiqech
2453,0,Toq'ob',toq'ob'
2453,1,qa,qa
2453,2,wach.,wach
2454,0,Chikanaj,chikanaj
2454,1,k'ut,k'ut
2454,2,rismal,rismal
2454,3,ri,ri
2454,4,kej,kej
2454,5,chi,chi
2454,6,chajij.,chajij
2455,0,Are',are'
2455,1,e,e
2455,2,ri,ri
2455,3,u,u
2455,4,muquwach,muquwach
2455,5,Chimich',chimich'
2455,6,"kanoq,",kanoq
2455,7,Are',are'
2455,8,u,u
2455,9,kej,kej
2455,10,chuxik.,chuxik
2456,0,Are',are'
2456,1,nay,nay
2456,2,puch,puch
2456,3,qa,qa
2456,4,k'exwach,k'exwach
2456,5,chi,chi
2456,6,k'ut,k'ut
2456,7,Chuwach,chuwach
2456,8,amaq'.,amaq'
2457,0,‘Apa,apa
2457,1,k'o,k'o
2457,2,wi,wi
2457,3,Tojil?’,tojil
2457,4,Ta,ta
2457,5,"kixuchaxik,",kixuchaxik
2457,6,Are',are'
2457,7,k'ut,k'ut
2457,8,chi,chi
2457,9,k'ut,k'ut
2457,10,ri,ri
2457,11,q'u',q'u'
2457,12,kej,kej
2457,13,chikiwach.,chikiwach
2458,0,Mik'ut,mik'ut
2458,1,nay,nay
2458,2,pu,pu
2458,3,iwib'.,iwib'
2459,0,K'o,k'o
2459,1,chi,chi
2459,2,k'ut,k'ut
2459,3,chib'an,chib'an
2459,4,"chik,",chik
2459,5,Nim,nim
2459,6,i,i
2459,7,k'oje'ik,k'oje'ik
2459,8,chuxik.,chuxik
2460,0,Chich'ak,chich'ak
2460,1,ri,ri
2460,2,ronojel,ronojel
2460,3,"amaq',",amaq'
2460,4,Chikuk'a'j,chikuk'a'j
2460,5,U,u
2460,6,"kik'el,",kik'el
2460,7,U,u
2460,8,komajil,komajil
2460,9,chiqawach.,chiqawach
2461,0,Chul,chul
2461,1,wi,wi
2461,2,Kojkiq'aluj.,kojkiq'aluj
2462,0,E,e
2462,1,qech,qech
2462,2,"chik,”",chik
2462,3,Xcha',xcha'
2462,4,k'u,k'u
2462,5,ri,ri
2462,6,"Tojil,",tojil
2462,7,"Awilix,",awilix
2462,8,Jaq'awitz.,jaq'awitz
2463,0,K'ajolal,k'ajolal
2463,1,wach,wach
2463,2,Chikiwachib'ej,chikiwachib'ej
2463,3,Ta,ta
2463,4,"ke'ilik,",ke'ilik
2463,5,Ta,ta
2463,6,chopon,chopon
2463,7,puch,puch
2463,8,K'atoj,k'atoj
2463,9,chikiwach.,chikiwach
2464,0,Ta,ta
2464,1,xtikar,xtikar
2464,2,k'ut,k'ut
2464,3,u,u
2464,4,tzukuxik,tzukuxik
2464,5,Ri,ri
2464,6,ral,ral
2464,7,taq,taq
2464,8,"tz'ikin,",tz'ikin
2464,9,Ral,ral
2464,10,"kej,",kej
2464,11,"K'amob',",k'amob'
2464,12,"Tzukuxik,",tzukuxik
2464,13,Kumal,kumal
2464,14,ri,ri
2464,15,aj,aj
2464,16,"k'ixb',",k'ixb'
2464,17,Aj,aj
2464,18,k'ajb'.,k'ajb'
2465,0,Are',are'
2465,1,k'ut,k'ut
2465,2,ta,ta
2465,3,chikiriq,chikiriq
2465,4,ri,ri
2465,5,"tz'ikin,",tz'ikin
2465,6,Al,al
2465,7,kej.,kej
2466,0,K'ate,k'ate
2466,1,k'ut,k'ut
2466,2,chib'e,chib'e
2466,3,Ki,ki
2466,4,k'ulu,k'ulu
2466,5,Ri,ri
2466,6,u,u
2466,7,kik'el,kik'el
2466,8,"kej,",kej
2466,9,Tz'ikin,tz'ikin
2466,10,pu,pu
2466,11,chi',chi'
2466,12,ri,ri
2466,13,"ab'aj,",ab'aj
2466,14,Ri,ri
2466,15,"Tojil,",tojil
2466,16,Awilix.,awilix
2467,0,Xuk'a,xuk'a
2467,1,ri',ri'
2467,2,"k'ut,",k'ut
2467,3,Ukaj,ukaj
2467,4,kik',kik'
2467,5,kumal,kumal
2467,6,k'ab'awil.,k'ab'awil
2468,0,Ju,ju
2468,1,su,su
2468,2,chich'aw,chich'aw
2468,3,ri,ri
2468,4,ab'aj,ab'aj
2468,5,Ta,ta
2468,6,"ke'oponik,",ke'oponik
2468,7,Ri,ri
2468,8,aj,aj
2468,9,"k'ixb',",k'ixb'
2468,10,Aj,aj
2468,11,"k'ajb',",k'ajb'
2468,12,Ta,ta
2468,13,chib'e,chib'e
2468,14,ki,ki
2468,15,ya',ya'
2468,16,Ki,ki
2468,17,k'atoj.,k'atoj
2469,0,Xawi,xawi
2469,1,keje',keje'
2469,2,chik,chik
2469,3,chikib'ano,chikib'ano
2469,4,Chuwach,chuwach
2469,5,ri,ri
2469,6,q'u',q'u'
2469,7,kej:,kej
2469,8,Chikik'at,chikik'at
2469,9,"q'ol,",q'ol
2469,10,Chikik'at,chikik'at
2469,11,puch,puch
2469,12,"iya',",iya'
2469,13,Jolom,jolom
2469,14,"okox,",okox
2469,15,Xk'oje',xk'oje'
2469,16,ki,ki
2469,17,q'u',q'u'
2469,18,kej,kej
2469,19,Chi,chi
2469,20,ki,ki
2469,21,"jujunal,",jujunal
2469,22,Chiri',chiri'
2469,23,k'ul,k'ul
2469,24,wi,wi
2469,25,kumal,kumal
2469,26,Chuwi',chuwi'
2469,27,"juyub',",juyub'
2469,28,Mawi,mawi
2469,29,ki,ki
2469,30,laqab'en,laqab'en
2469,31,Ri,ri
2469,32,kochoch,kochoch
2469,33,chi,chi
2469,34,q'ijil.,q'ijil
2470,0,Xa,xa
2470,1,pa,pa
2470,2,taq,taq
2470,3,juyub',juyub'
2470,4,Keb'in,keb'in
2470,5,wi.,wi
2471,0,Are',are'
2471,1,k'ut,k'ut
2471,2,chikecha'j:,chikecha'j
2471,3,Ri,ri
2471,4,xa,xa
2471,5,ral,ral
2471,6,"wonon,",wonon
2471,7,Xa,xa
2471,8,ral,ral
2471,9,"sita'l,",sita'l
2471,10,Xa,xa
2471,11,pu,pu
2471,12,ral,ral
2471,13,"aqaj,",aqaj
2471,14,Chikitzukuj.,chikitzukuj
2472,0,Ma,ma
2472,1,na,na
2472,2,utzilaj,utzilaj
2472,3,"wa,",wa
2472,4,Utzilaj,utzilaj
2472,5,a',a'
2472,6,ta,ta
2472,7,puch.,puch
2473,0,Mawi,mawi
2473,1,q'alaj,q'alaj
2473,2,u,u
2473,3,b'e'el,b'e'el
2473,4,kochoch.,kochoch
2474,0,Mawi,mawi
2474,1,q'alaj,q'alaj
2474,2,k'o,k'o
2474,3,wi,wi
2474,4,kanoq,kanoq
2474,5,kixoqila.,kixoqila
2475,0,Are,are
2475,1,k'ut,k'ut
2475,2,tzatz,tzatz
2475,3,chik,chik
2475,4,ri,ri
2475,5,"amaq',",amaq'
2475,6,Jujun,jujun
2475,7,chisepesoj,chisepesoj
2475,8,"wi,",wi
2475,9,Kikuchun,kikuchun
2475,10,chi,chi
2475,11,"kib',",kib'
2475,12,Ri,ri
2475,13,ju,ju
2475,14,taq,taq
2475,15,chob',chob'
2475,16,chi,chi
2475,17,amaq',amaq'
2475,18,Keb'olow,keb'olow
2475,19,chik,chik
2475,20,pa,pa
2475,21,taq,taq
2475,22,b'e.,b'e
2476,0,Q'alaj,q'alaj
2476,1,chi,chi
2476,2,ki,ki
2476,3,b'e,b'e
2476,4,Are,are
2476,5,k'u,k'u
2476,6,ri,ri
2476,7,B'alam,b'alam
2476,8,"Kitze,",kitze
2476,9,B'alam,b'alam
2476,10,"Aq'ab',",aq'ab'
2476,11,"Majukutaj,",majukutaj
2476,12,Ik'i,ik'i
2476,13,B'alam,b'alam
2476,14,xma,xma
2476,15,q'alaj,q'alaj
2476,16,e,e
2476,17,k'o,k'o
2476,18,wi.,wi
2477,0,Are,are
2477,1,k'ut,k'ut
2477,2,ta,ta
2477,3,chikil,chikil
2477,4,ri,ri
2477,5,amaq',amaq'
2477,6,Chik'owik,chik'owik
2477,7,pa,pa
2477,8,b'e.,b'e
2478,0,K'ate,k'ate
2478,1,k'ut,k'ut
2478,2,ta,ta
2478,3,ke'oq',ke'oq'
2478,4,uloq,uloq
2478,5,Tza'm,tza'm
2478,6,taq,taq
2478,7,juyub'.,juyub'
2479,0,Xa,xa
2479,1,roq'ib'al,roq'ib'al
2479,2,"utiw,",utiw
2479,3,Xa,xa
2479,4,pu,pu
2479,5,roq'ib'al,roq'ib'al
2479,6,yak,yak
2479,7,chikoq'ib'ej;,chikoq'ib'ej
2479,8,Xa,xa
2479,9,pu,pu
2479,10,roq'ib'al,roq'ib'al
2479,11,"koj,",koj
2479,12,B'alam,b'alam
2479,13,chikib'ano.,chikib'ano
2480,0,Ta,ta
2480,1,chikil,chikil
2480,2,ri,ri
2480,3,"amaq',",amaq'
2480,4,K'i,k'i
2480,5,chub'ixik:,chub'ixik
2480,6,“Xa,xa
2480,7,utiw,utiw
2480,8,ri,ri
2480,9,"koq'ik,",koq'ik
2480,10,Xa,xa
2480,11,pu,pu
2480,12,yak,yak
2480,13,"ri',",ri'
2480,14,Xa,xa
2480,15,"koj,",koj
2480,16,Xa,xa
2480,17,"b'alam,”",b'alam
2480,18,kecha',kecha'
2480,19,k'ut,k'ut
2480,20,ri,ri
2480,21,amaq'.,amaq'
2481,0,Keje',keje'
2481,1,ri',ri'
2481,2,mawinaq,mawinaq
2481,3,chu,chu
2481,4,k'u'x,k'u'x
2481,5,ri,ri
2481,6,ronojel,ronojel
2481,7,"amaq',",amaq'
2481,8,Xa,xa
2481,9,k'u,k'u
2481,10,mich'b'al,mich'b'al
2481,11,kech,kech
2481,12,amaq'.,amaq'
2482,0,Ta,ta
2482,1,chikib'ano,chikib'ano
2482,2,k'o,k'o
2482,3,karaj,karaj
2482,4,ki,ki
2482,5,k'u'x,k'u'x
2482,6,K'o,k'o
2482,7,kakaj,kakaj
2482,8,chire,chire
2482,9,roq'ib'al,roq'ib'al
2482,10,"koj,",koj
2482,11,Roq'ib'al,roq'ib'al
2482,12,b'alam,b'alam
2482,13,chikoq'eb'ej.,chikoq'eb'ej
2483,0,Ta,ta
2483,1,chikil,chikil
2483,2,k'u,k'u
2483,3,ri,ri
2483,4,winaq,winaq
2483,5,xa,xa
2483,6,"jun,",jun
2483,7,Xa,xa
2483,8,kaib',kaib'
2483,9,chub'inik,chub'inik
2483,10,chikaj,chikaj
2483,11,ki,ki
2483,12,ma'ij,ma'ij
2483,13,chikech.,chikech
2484,0,Ju,ju
2484,1,ta,ta
2484,2,q'ij,q'ij
2484,3,ta,ta
2484,4,ke'ul,ke'ul
2484,5,chi,chi
2484,6,k'ut,k'ut
2484,7,chiri',chiri'
2484,8,Chi,chi
2484,9,kochoch,kochoch
2484,10,ruk',ruk'
2484,11,kixoqil.,kixoqil
2485,0,Xawi,xawi
2485,1,ral,ral
2485,2,"wonon,",wonon
2485,3,Ral,ral
2485,4,"sita'l,",sita'l
2485,5,Xa,xa
2485,6,pu,pu
2485,7,ral,ral
2485,8,aqaj,aqaj
2485,9,"k'u,",k'u
2485,10,Kuk'a'am,kuk'a'am
2485,11,chikiya'o,chikiya'o
2485,12,chirech,chirech
2485,13,kixoqil.,kixoqil
2486,0,Ju,ju
2486,1,ta,ta
2486,2,q'ij,q'ij
2486,3,ta,ta
2486,4,xeb'e,xeb'e
2486,5,chi,chi
2486,6,k'ut,k'ut
2486,7,Chuwach,chuwach
2486,8,"Tojil,",tojil
2486,9,"Awilix,",awilix
2486,10,Jaq'awitz.,jaq'awitz
2487,0,Xecha',xecha'
2487,1,k'ut,k'ut
2487,2,Chi,chi
2487,3,ki,ki
2487,4,"k'u'x,",k'u'x
2487,5,“Are',are'
2487,6,ri,ri
2487,7,"Tojil,",tojil
2487,8,"Awilix,",awilix
2487,9,"Jaq'awitz,",jaq'awitz
2487,10,Xa,xa
2487,11,u,u
2487,12,kik'el,kik'el
2487,13,"kej,",kej
2487,14,Tz'ikin,tz'ikin
2487,15,kaqaya',kaqaya'
2487,16,chire.,chire
2488,0,Xa,xa
2488,1,qasisa,qasisa
2488,2,qa,qa
2488,3,"xikin,",xikin
2488,4,Qa,qa
2488,5,ch'uk.,ch'uk
2489,0,Qa,qa
2489,1,tz'onoj,tz'onoj
2489,2,qa,qa
2489,3,"kowil,",kowil
2489,4,Qa,qa
2489,5,ch'ijilal,ch'ijilal
2489,6,Chire,chire
2489,7,"Tojil,",tojil
2489,8,"Awilix,",awilix
2489,9,Jaq'awitz.,jaq'awitz
2490,0,Naqi,naqi
2490,1,taj,taj
2490,2,chikuch'aj,chikuch'aj
2490,3,ki,ki
2490,4,kamik,kamik
2490,5,ri,ri
2490,6,amaq'?,amaq'
2491,0,Xa,xa
2491,1,ta,ta
2491,2,jujunal,jujunal
2491,3,keqakamisaj?”,keqakamisaj
2491,4,Xecha',xecha'
2491,5,chi,chi
2491,6,kib'il,kib'il
2491,7,kib',kib'
2491,8,Ta,ta
2491,9,xeb'e,xeb'e
2491,10,k'ut,k'ut
2491,11,chuwach,chuwach
2491,12,"Tojil,",tojil
2491,13,"Awilix,",awilix
2491,14,Jaq'awitz.,jaq'awitz
2492,0,Ta,ta
2492,1,xkisis,xkisis
2492,2,ki,ki
2492,3,"xikin,",xikin
2492,4,Ki,ki
2492,5,chu'k,chu'k
2492,6,chuwach,chuwach
2492,7,k'ab'awil.,k'ab'awil
2493,0,Xkiwakuj,xkiwakuj
2493,1,ri,ri
2493,2,ki,ki
2493,3,"kik'el,",kik'el
2493,4,Xkijik',xkijik'
2493,5,koq,koq
2493,6,pu,pu
2493,7,chi',chi'
2493,8,ri,ri
2493,9,ab'aj.,ab'aj
2494,0,Ma,ma
2494,1,k'u,k'u
2494,2,kitzij,kitzij
2494,3,ta,ta
2494,4,chi,chi
2494,5,ab'aj,ab'aj
2494,6,chuxik.,chuxik
2495,0,Keje',keje'
2495,1,ri',ri'
2495,2,e,e
2495,3,jujun,jujun
2495,4,chi,chi
2495,5,k'ajolab',k'ajolab'
2495,6,Ta,ta
2495,7,ke'ulik.,ke'ulik
2496,0,Xeki'kot,xeki'kot
2496,1,chik,chik
2496,2,Chirech,chirech
2496,3,ri,ri
2496,4,ki,ki
2496,5,kik'el,kik'el
2496,6,aj,aj
2496,7,"k'ixb',",k'ixb'
2496,8,Aj,aj
2496,9,k'ajb'.,k'ajb'
2497,0,Ta,ta
2497,1,xpe,xpe
2497,2,chi,chi
2497,3,k'ut,k'ut
2497,4,retal,retal
2497,5,Ki,ki
2497,6,b'anoj,b'anoj
2497,7,ri':,ri'
2497,8,“Chich'ako'nisaj,chich'ako'nisaj
2497,9,k'i,k'i
2497,10,je'.,je'
2498,0,Are',are'
2498,1,i,i
2498,2,kolb'al,kolb'al
2498,3,iwib'.,iwib'
2499,0,Chila',chila'
2499,1,xpe,xpe
2499,2,wi,wi
2499,3,chi,chi
2499,4,Tulan,tulan
2499,5,Ta,ta
2499,6,xojik'am,xojik'am
2499,7,"uloq,”",uloq
2499,8,Xe'uchax,xe'uchax
2499,9,k'ut.,k'ut
2500,0,Ta,ta
2500,1,xya',xya'
2500,2,uloq,uloq
2500,3,Ri,ri
2500,4,tz'um,tz'um
2500,5,Pa,pa
2500,6,Silisib',silisib'
2500,7,u,u
2500,8,b'i'.,b'i'
2501,0,Ruk',ruk'
2501,1,kik',kik'
2501,2,chok,chok
2501,3,"chikij,",chikij
2501,4,Ki,ki
2501,5,jab',jab'
2501,6,rib',rib'
2501,7,ri,ri
2501,8,"kik',",kik'
2501,9,Xuxik,xuxik
2501,10,u,u
2501,11,ya'on,ya'on
2501,12,"Tojil,",tojil
2501,13,Ruk',ruk'
2501,14,"Awilix,",awilix
2501,15,Jaq'awitz.,jaq'awitz
2502,0,WA'E,wa'e
2502,1,u,u
2502,2,tikarik,tikarik
2502,3,chik,chik
2502,4,releq'axik,releq'axik
2502,5,"winaq,",winaq
2502,6,"Amaq',",amaq'
2502,7,Kumal,kumal
2502,8,B'alam,b'alam
2502,9,"Kitze,",kitze
2502,10,B'alam,b'alam
2502,11,"Aq'ab',",aq'ab'
2502,12,"Majukutaj,",majukutaj
2502,13,Ik'i,ik'i
2502,14,B'alam.,b'alam
2503,0,K'ATE,k'ate
2503,1,puch,puch
2503,2,u,u
2503,3,kamisaxik,kamisaxik
2503,4,amaq',amaq'
2503,5,ri'.,ri'
2504,0,Are',are'
2504,1,xkik'am,xkik'am
2504,2,ri':,ri'
2504,3,Xa,xa
2504,4,jun,jun
2504,5,"chub'inik,",chub'inik
2504,6,Xa,xa
2504,7,kaib',kaib'
2504,8,chub'inik.,chub'inik
2505,0,Mawi,mawi
2505,1,q'alaj,q'alaj
2505,2,ta,ta
2505,3,chkik'amo.,chkik'amo
2506,0,K'ate,k'ate
2506,1,k'ut,k'ut
2506,2,ta,ta
2506,3,chib'e,chib'e
2506,4,ki,ki
2506,5,pusu',pusu'
2506,6,Chuwach,chuwach
2506,7,"Tojil,",tojil
2506,8,Awilix.,awilix
2507,0,K'ate,k'ate
2507,1,k'ut,k'ut
2507,2,ta,ta
2507,3,chikiya',chikiya'
2507,4,kik',kik'
2507,5,pa,pa
2507,6,"b'e,",b'e
2507,7,K'olik,k'olik
2507,8,u,u
2507,9,jolom,jolom
2507,10,chikik'olob'a',chikik'olob'a'
2507,11,pa,pa
2507,12,b'e.,b'e
2508,0,Kecha',kecha'
2508,1,k'ut,k'ut
2508,2,ri,ri
2508,3,"amaq',",amaq'
2508,4,“B'alam,b'alam
2508,5,mi,mi
2508,6,"xti'owik,”",xti'owik
2508,7,Xa,xa
2508,8,kecha'.,kecha'
2509,0,Rumal,rumal
2509,1,keje',keje'
2509,2,ri,ri
2509,3,raqan,raqan
2509,4,b'alam,b'alam
2509,5,Kaqan,kaqan
2509,6,ta,ta
2509,7,chikib'ano.,chikib'ano
2510,0,Mawi,mawi
2510,1,chikik'ut,chikik'ut
2510,2,kib'.,kib'
2511,0,Tzatz,tzatz
2511,1,chi,chi
2511,2,amaq',amaq'
2511,3,xkeleq'aj.,xkeleq'aj
2512,0,K'a,k'a
2512,1,u,u
2512,2,najt,najt
2512,3,k'ut,k'ut
2512,4,Xuna',xuna'
2512,5,wi,wi
2512,6,rib',rib'
2512,7,amaq'.,amaq'
2513,0,“We,we
2513,1,are',are'
2513,2,ri,ri
2513,3,"Tojil,",tojil
2513,4,Awilix,awilix
2513,5,kok,kok
2513,6,chiqe.,chiqe
2514,0,Xa,xa
2514,1,keqatzukuj,keqatzukuj
2514,2,ri,ri
2514,3,aj,aj
2514,4,"k'ixb',",k'ixb'
2514,5,Aj,aj
2514,6,"k'ajb',",k'ajb'
2514,7,Ta,ta
2514,8,la,la
2514,9,k'o,k'o
2514,10,wi,wi
2514,11,kochoch.,kochoch
2515,0,Chiqataqej,chiqataqej
2515,1,ri,ri
2515,2,"kaqan,”",kaqan
2515,3,Xecha',xecha'
2515,4,k'ut,k'ut
2515,5,konojel,konojel
2515,6,amaq',amaq'
2515,7,Ta,ta
2515,8,xkik'am,xkik'am
2515,9,ki,ki
2515,10,na'oj,na'oj
2515,11,chi,chi
2515,12,kib'il,kib'il
2515,13,kib'.,kib'
2516,0,K'ate,k'ate
2516,1,k'ut,k'ut
2516,2,xkitikib'a',xkitikib'a'
2516,3,U,u
2516,4,taqexik,taqexik
2516,5,kaqan,kaqan
2516,6,Ri,ri
2516,7,aj,aj
2516,8,"k'ixb',",k'ixb'
2516,9,Aj,aj
2516,10,k'ajb'.,k'ajb'
2517,0,Ma,ma
2517,1,k'u,k'u
2517,2,"q'alaj,",q'alaj
2517,3,xa,xa
2517,4,raqan,raqan
2517,5,"kej,",kej
2517,6,Xa,xa
2517,7,raqan,raqan
2517,8,b'alam,b'alam
2517,9,chikilo.,chikilo
2518,0,Mawi,mawi
2518,1,q'alaj,q'alaj
2518,2,kaqan.,kaqan
2519,0,Xma,xma
2519,1,k'o,k'o
2519,2,wi,wi
2519,3,q'alaj,q'alaj
2519,4,wi,wi
2519,5,Are,are
2519,6,nab'e,nab'e
2519,7,kaqan,kaqan
2519,8,ri,ri
2519,9,xa,xa
2519,10,ki,ki
2519,11,"pich,",pich
2519,12,Keje',keje'
2519,13,ri',ri'
2519,14,kaqan,kaqan
2519,15,xa,xa
2519,16,sachb'al,sachb'al
2519,17,re,re
2519,18,Kumal.,kumal
2520,0,Mawi,mawi
2520,1,q'alaj,q'alaj
2520,2,ki,ki
2520,3,b'e.,b'e
2521,0,Xa,xa
2521,1,chiwinaqir,chiwinaqir
2521,2,"sutz',",sutz'
2521,3,Xa,xa
2521,4,chiwinaqir,chiwinaqir
2521,5,q'eqal,q'eqal
2521,6,"jab',",jab'
2521,7,Xa,xa
2521,8,pu,pu
2521,9,chiwinaqir,chiwinaqir
2521,10,"xoq'ol,",xoq'ol
2521,11,Xa,xa
2521,12,chiwinaqir,chiwinaqir
2521,13,musmul,musmul
2521,14,jab'.,jab'
2522,0,Chikilo,chikilo
2522,1,Chikiwach,chikiwach
2522,2,amaq'.,amaq'
2523,0,Ta,ta
2523,1,chikoq'otaj,chikoq'otaj
2523,2,puch.,puch
2524,0,Rumal,rumal
2524,1,nim,nim
2524,2,u,u
2524,3,k'oje'ik,k'oje'ik
2524,4,Ri,ri
2524,5,"Tojil,",tojil
2524,6,"Awilix,",awilix
2524,7,Jaq'awitz.,jaq'awitz
2525,0,Najt,najt
2525,1,k'ut,k'ut
2525,2,xkib'an,xkib'an
2525,3,chiri',chiri'
2525,4,chuwi',chuwi'
2525,5,"juyub',",juyub'
2525,6,Chuxikin,chuxikin
2525,7,ri,ri
2525,8,amaq'.,amaq'
2526,0,Xkikamisaj.,xkikamisaj
2527,0,Are',are'
2527,1,ta,ta
2527,2,xwinaqir,xwinaqir
2527,3,ri,ri
2527,4,"eleq'ik,",eleq'ik
2527,5,E,e
2527,6,ch'alami,ch'alami
2527,7,"q'at,",q'at
2527,8,Ta,ta
2527,9,chikik'am,chikik'am
2527,10,ri,ri
2527,11,amaq',amaq'
2527,12,pa,pa
2527,13,taq,taq
2527,14,b'e.,b'e
2528,0,Chikipus,chikipus
2528,1,Chuwach,chuwach
2528,2,Ri,ri
2528,3,"Tojil,",tojil
2528,4,"Awilix,",awilix
2528,5,Jaq'awitz.,jaq'awitz
2529,0,Xkolo,xkolo
2529,1,k'ut,k'ut
2529,2,ki,ki
2529,3,k'ajol,k'ajol
2529,4,chiri',chiri'
2529,5,Chuwi',chuwi'
2529,6,juyub'.,juyub'
2530,0,Are,are
2530,1,"Tojil,",tojil
2530,2,"Awilix,",awilix
2530,3,Jaq'awitz.,jaq'awitz
2531,0,Oxib',oxib'
2531,1,chi,chi
2531,2,k'ajolab',k'ajolab'
2531,3,ki,ki
2531,4,wachib'al,wachib'al
2531,5,keb'inik;,keb'inik
2531,6,Xa,xa
2531,7,u,u
2531,8,nawal,nawal
2531,9,ri,ri
2531,10,ab'aj.,ab'aj
2532,0,Xk'oje',xk'oje'
2532,1,jun,jun
2532,2,"ja',",ja'
2532,3,Are,are
2532,4,ke'atin,ke'atin
2532,5,wi,wi
2532,6,Chiri',chiri'
2532,7,Chuchi',chuchi'
2532,8,ja'.,ja'
2533,0,Xa,xa
2533,1,ki,ki
2533,2,k'utb'al,k'utb'al
2533,3,kib'.,kib'
2534,0,Xub'i'naj,xub'i'naj
2534,1,k'ut:,k'ut
2534,2,Chi,chi
2534,3,Ratinib'al,ratinib'al
2534,4,"Tojil,",tojil
2534,5,U,u
2534,6,b'i',b'i'
2534,7,ja',ja'
2534,8,xuxik.,xuxik
2535,0,K'iya,k'iya
2535,1,mul,mul
2535,2,k'ut,k'ut
2535,3,chikilo,chikilo
2535,4,amaq'.,amaq'
2536,0,Lib'aj,lib'aj
2536,1,chi,chi
2536,2,chikisachix,chikisachix
2536,3,taj,taj
2536,4,kib'.,kib'
2537,0,Ta,ta
2537,1,ke'ilik,ke'ilik
2537,2,Rumal,rumal
2537,3,amaq'.,amaq'
2538,0,Ta,ta
2538,1,xux,xux
2538,2,taj,taj
2538,3,u,u
2538,4,tzijel,tzijel
2538,5,Ri,ri
2538,6,e,e
2538,7,k'o,k'o
2538,8,wi,wi
2538,9,Ri,ri
2538,10,B'alam,b'alam
2538,11,"Kitze,",kitze
2538,12,B'alam,b'alam
2538,13,"Aq'ab',",aq'ab'
2538,14,"Majukutaj,",majukutaj
2538,15,Ik'i,ik'i
2538,16,B'alam.,b'alam
2539,0,Are',are'
2539,1,k'u,k'u
2539,2,wa',wa'
2539,3,u,u
2539,4,k'amik,k'amik
2539,5,u,u
2539,6,na'oj,na'oj
2539,7,amaq',amaq'
2539,8,Chire,chire
2539,9,u,u
2539,10,kamisaxik,kamisaxik
2539,11,taj.,taj
2540,0,NAB'E,nab'e
2540,1,k'ut,k'ut
2540,2,xraj,xraj
2540,3,Ki,ki
2540,4,na'ojij,na'ojij
2540,5,amaq',amaq'
2540,6,u,u
2540,7,ch'akik,ch'akik
2540,8,"Tojil,",tojil
2540,9,"Awilix,",awilix
2540,10,Jaq'awitz.,jaq'awitz
2541,0,Xecha',xecha'
2541,1,ronojel,ronojel
2541,2,ri,ri
2541,3,aj,aj
2541,4,"k'ixb',",k'ixb'
2541,5,Aj,aj
2541,6,k'ajb',k'ajb'
2541,7,chuwach,chuwach
2541,8,amaq'.,amaq'
2542,0,Xkejek,xkejek
2542,1,"kib',",kib'
2542,2,Xketaq,xketaq
2542,3,pu,pu
2542,4,kib',kib'
2542,5,konojel.,konojel
2543,0,Maja,maja
2543,1,b'i,b'i
2543,2,ju,ju
2543,3,"ch'ob',",ch'ob'
2543,4,Ka,ka
2543,5,ch'ob',ch'ob'
2543,6,ta,ta
2543,7,chik,chik
2543,8,xkanaj,xkanaj
2543,9,chike.,chike
2544,0,Konojel,konojel
2544,1,xekuchu,xekuchu
2544,2,"kib',",kib'
2544,3,Xetaqo,xetaqo
2544,4,pu,pu
2544,5,kib'.,kib'
2545,0,Ta,ta
2545,1,xk'am,xk'am
2545,2,ki,ki
2545,3,"na'oj,",na'oj
2545,4,Xecha',xecha'
2545,5,"k'ut,",k'ut
2545,6,Ta,ta
2545,7,xkitz'onob'ej,xkitz'onob'ej
2545,8,kib':,kib'
2545,9,Naqi,naqi
2545,10,pa,pa
2545,11,chi,chi
2545,12,kuchaj,kuchaj
2545,13,ki,ki
2545,14,ch'akik,ch'akik
2545,15,Ri,ri
2545,16,Kaweq,kaweq
2545,17,K'eche',k'eche'
2545,18,winaq?,winaq
2546,0,Rumal,rumal
2546,1,mi,mi
2546,2,xk'is,xk'is
2546,3,"qal,",qal
2546,4,K'ajol.,k'ajol
2547,0,Mawi,mawi
2547,1,q'alaj,q'alaj
2547,2,U,u
2547,3,sachik,sachik
2547,4,winaq,winaq
2547,5,kumal.,kumal
2548,0,We,we
2548,1,kojk'isik,kojk'isik
2548,2,chi,chi
2548,3,"eleq'axik,",eleq'axik
2548,4,Ta,ta
2548,5,chuxoq,chuxoq
2548,6,We,we
2548,7,are',are'
2548,8,nim,nim
2548,9,U,u
2548,10,q'aq'al,q'aq'al
2548,11,Ri,ri
2548,12,"Tojil,",tojil
2548,13,"Awilix,",awilix
2548,14,"Jaq'awitz,",jaq'awitz
2548,15,Are',are'
2548,16,ta,ta
2548,17,k'ut,k'ut
2548,18,qa,qa
2548,19,k'ab'awil,k'ab'awil
2548,20,Ri,ri
2548,21,Tojil,tojil
2548,22,chuxik.,chuxik
2549,0,Chiqanab'ij,chiqanab'ij
2549,1,taj.,taj
2550,0,Mawi,mawi
2550,1,chutzinik,chutzinik
2550,2,kojkich'ako.,kojkich'ako
2551,0,Ma,ma
2551,1,pa,pa
2551,2,oj,oj
2551,3,k'iya,k'iya
2551,4,winaq,winaq
2551,5,chiqak'oje'ik?,chiqak'oje'ik
2552,0,Are',are'
2552,1,k'u,k'u
2552,2,ri,ri
2552,3,Kaweq,kaweq
2552,4,mawi,mawi
2552,5,jarub',jarub'
2552,6,chikik'oje'ik?”,chikik'oje'ik
2552,7,Xecha',xecha'
2552,8,k'ut,k'ut
2552,9,Ta,ta
2552,10,xeponik,xeponik
2552,11,konojel.,konojel
2553,0,Xcha',xcha'
2553,1,chik,chik
2553,2,chajkar,chajkar
2553,3,Chikech,chikech
2553,4,ri,ri
2553,5,amaq',amaq'
2553,6,ta,ta
2553,7,xech'awik:,xech'awik
2553,8,“Apachina,apachina
2553,9,ri',ri'
2553,10,lo,lo
2553,11,ke'atin,ke'atin
2553,12,Chuchi',chuchi'
2553,13,ya',ya'
2553,14,ju,ju
2553,15,taq,taq
2553,16,q'ij?,q'ij
2554,0,We,we
2554,1,are',are'
2554,2,"Tojil,",tojil
2554,3,"Awilix,",awilix
2554,4,"Jaq'awitz,",jaq'awitz
2554,5,Are',are'
2554,6,taq,taq
2554,7,keqach'ak,keqach'ak
2554,8,na,na
2554,9,nab'e.,nab'e
2555,0,Chiri',chiri'
2555,1,ta,ta
2555,2,k'ut,k'ut
2555,3,chitikar,chitikar
2555,4,wi,wi
2555,5,ki,ki
2555,6,ch'akatajik,ch'akatajik
2555,7,Ri,ri
2555,8,e,e
2555,9,aj,aj
2555,10,"k'ixb',",k'ixb'
2555,11,E,e
2555,12,ah,ah
2555,13,"k'ajb',”",k'ajb'
2555,14,Xecha',xecha'
2555,15,chi,chi
2555,16,k'ut,k'ut
2555,17,chajkar,chajkar
2555,18,chik,chik
2555,19,Ta,ta
2555,20,xech'awik:,xech'awik
2555,21,“Naqi,naqi
2555,22,la',la'
2555,23,k'ut,k'ut
2555,24,chiqach'akb'ej,chiqach'akb'ej
2555,25,kech?”,kech
2555,26,xecha',xecha'
2555,27,chi,chi
2555,28,k'ut.,k'ut
2556,0,“Are',are'
2556,1,ta,ta
2556,2,qa,qa
2556,3,ch'akob'al,ch'akob'al
2556,4,kech,kech
2556,5,chuxik:,chuxik
2556,6,Rumal,rumal
2556,7,ri,ri
2556,8,e,e
2556,9,k'ajolab',k'ajolab'
2556,10,kewachinik,kewachinik
2556,11,Ta,ta
2556,12,ka'ilitaj,ka'ilitaj
2556,13,chi,chi
2556,14,"a',",a'
2556,15,Keb'e,keb'e
2556,16,ta,ta
2556,17,k'ut,k'ut
2556,18,e,e
2556,19,kaib',kaib'
2556,20,q'apojib'.,q'apojib'
2557,0,Are',are'
2557,1,ta,ta
2557,2,ri,ri
2557,3,qitzij,qitzij
2557,4,chi,chi
2557,5,e,e
2557,6,"cha'om,",cha'om
2557,7,E,e
2557,8,ta,ta
2557,9,saqloq'oj,saqloq'oj
2557,10,chi,chi
2557,11,q'apojib'.,q'apojib'
2558,0,Chib'e,chib'e
2558,1,ta,ta
2558,2,k'ut,k'ut
2558,3,ki,ki
2558,4,rayb'al,rayb'al
2558,5,"chire,”",chire
2558,6,xecha',xecha'
2558,7,k'ut.,k'ut
2559,0,“Utz,utz
2559,1,b'a,b'a
2559,2,"la',",la'
2559,3,xa,xa
2559,4,b'a,b'a
2559,5,keqatzukuj,keqatzukuj
2559,6,e,e
2559,7,ta,ta
2559,8,kaib',kaib'
2559,9,Chi,chi
2559,10,utzilaj,utzilaj
2559,11,taq,taq
2559,12,"q'apojib',”",q'apojib'
2559,13,xecha',xecha'
2559,14,k'ut.,k'ut
2560,0,Ta,ta
2560,1,xkitzukuj,xkitzukuj
2560,2,k'ut,k'ut
2560,3,ki,ki
2560,4,me'al.,me'al
2561,0,Are',are'
2561,1,ri,ri
2561,2,qitzij,qitzij
2561,3,e,e
2561,4,saqilaj,saqilaj
2561,5,taq,taq
2561,6,q'apojib'.,q'apojib'
2562,0,Ta,ta
2562,1,xkipixab'aj,xkipixab'aj
2562,2,k'ut,k'ut
2562,3,ri,ri
2562,4,q'apojib':,q'apojib'
2562,5,“Kixb'ek,kixb'ek
2562,6,ix,ix
2562,7,qa,qa
2562,8,mi'al,mi'al
2562,9,ojich'aja',ojich'aja'
2562,10,ri,ri
2562,11,k'ul,k'ul
2562,12,chi,chi
2562,13,ya'.,ya'
2563,0,We,we
2563,1,k'ut,k'ut
2563,2,ta,ta
2563,3,ke'iwil,ke'iwil
2563,4,ri,ri
2563,5,e,e
2563,6,oxib',oxib'
2563,7,"k'ajolab',",k'ajolab'
2563,8,Chisonob'a',chisonob'a'
2563,9,k'u,k'u
2563,10,iwib',iwib'
2563,11,chikiwach.,chikiwach
2564,0,We,we
2564,1,k'ut,k'ut
2564,2,chirayin,chirayin
2564,3,ki,ki
2564,4,k'u'x,k'u'x
2564,5,"chiwe,",chiwe
2564,6,Kixchoko.,kixchoko
2565,0,‘Kojopon,kojopon
2565,1,ta,ta
2565,2,"chiwij,’",chiwij
2565,3,Ta,ta
2565,4,kecha',kecha'
2565,5,"chiwech,",chiwech
2565,6,"‘We',’",we'
2565,7,kixcha',kixcha'
2565,8,"k'ut,",k'ut
2565,9,Ta,ta
2565,10,kixtz'onox,kixtz'onox
2565,11,k'ut.,k'ut
2566,0,‘Apa,apa
2566,1,kixpe,kixpe
2566,2,"wi,",wi
2566,3,Apa,apa
2566,4,aj,aj
2566,5,choq',choq'
2566,6,mi'al?’,mi'al
2566,7,Ta,ta
2566,8,"kecha',",kecha'
2566,9,‘Oj,oj
2566,10,ki,ki
2566,11,mi'al,mi'al
2566,12,"ajawab',’",ajawab'
2566,13,Kixcha',kixcha'
2566,14,k'u,k'u
2566,15,chike.,chike
2567,0,‘Chipe,chipe
2567,1,k'u,k'u
2567,2,retal,retal
2567,3,iwumal.’,iwumal
2567,4,Ta,ta
2567,5,naqi,naqi
2567,6,la',la'
2567,7,chikiya',chikiya'
2567,8,chiwe.,chiwe
2568,0,Taseq,taseq
2568,1,chikirayij,chikirayij
2568,2,i,i
2568,3,"wach,",wach
2568,4,Qitzij,qitzij
2568,5,chiya',chiya'
2568,6,iwib',iwib'
2568,7,chikech.,chikech
2569,0,We,we
2569,1,k'ut,k'ut
2569,2,ta,ta
2569,3,mawi,mawi
2569,4,chiya',chiya'
2569,5,"iwib',",iwib'
2569,6,Kixqakamisaj,kixqakamisaj
2569,7,k'ut.,k'ut
2570,0,K'ate,k'ate
2570,1,utz,utz
2570,2,qa,qa
2570,3,k'u'x,k'u'x
2570,4,Ta,ta
2570,5,k'o,k'o
2570,6,retal,retal
2570,7,chik'am,chik'am
2570,8,uloq.,uloq
2571,0,Are',are'
2571,1,k'u,k'u
2571,2,retal,retal
2571,3,chi,chi
2571,4,qa,qa
2571,5,k'u'x,k'u'x
2571,6,Ta,ta
2571,7,ke'apon,ke'apon
2571,8,"chiwij,”",chiwij
2571,9,Xecha',xecha'
2571,10,k'u,k'u
2571,11,ri,ri
2571,12,"ajawab',",ajawab'
2571,13,Ta,ta
2571,14,xepixab'ax,xepixab'ax
2571,15,ri,ri
2571,16,q'apojib'.,q'apojib'
2572,0,E,e
2572,1,"kaib',",kaib'
2572,2,Are',are'
2572,3,ki,ki
2572,4,b'i,b'i
2572,5,wa':,wa'
2572,6,Xtaj,xtaj
2572,7,u,u
2572,8,b'i',b'i'
2572,9,jun,jun
2572,10,"q'apoj,",q'apoj
2572,11,Xpuch',xpuch'
2572,12,chi,chi
2572,13,k'ut,k'ut
2572,14,u,u
2572,15,b'i',b'i'
2572,16,jun,jun
2572,17,chik.,chik
2573,0,E,e
2573,1,pu,pu
2573,2,"kaib',",kaib'
2573,3,"Xtaj,",xtaj
2573,4,"Xpuch',",xpuch'
2573,5,Ki,ki
2573,6,b'i'.,b'i'
2574,0,Xetaq,xetaq
2574,1,ub'ik,ub'ik
2574,2,chi,chi
2574,3,"ya',",ya'
2574,4,Chi,chi
2574,5,Ratinib'al,ratinib'al
2574,6,"Tojil,",tojil
2574,7,"Awilix,",awilix
2574,8,Jaq'awitz.,jaq'awitz
2575,0,Are',are'
2575,1,ki,ki
2575,2,na'oj,na'oj
2575,3,ronojel,ronojel
2575,4,amaq',amaq'
2575,5,ri'.,ri'
2576,0,K'ATE,k'ate
2576,1,puch,puch
2576,2,xeb'ek.,xeb'ek
2577,0,Xekawuxik.,xekawuxik
2578,0,Qitzij,qitzij
2578,1,wi,wi
2578,2,chi,chi
2578,3,jeb'elik,jeb'elik
2578,4,chiwachinik,chiwachinik
2578,5,Ta,ta
2578,6,xeb'ek,xeb'ek
2578,7,chila',chila'
2578,8,Chatin,chatin
2578,9,wi,wi
2578,10,Tojil.,tojil
2579,0,Kikarilo'on,kikarilo'on
2579,1,k'u,k'u
2579,2,Ri,ri
2579,3,ki,ki
2579,4,ch'ajo'n,ch'ajo'n
2579,5,ta,ta
2579,6,xeb'ek.,xeb'ek
2580,0,Keki'kot,keki'kot
2580,1,chi,chi
2580,2,k'u,k'u
2580,3,ri,ri
2580,4,ajawab',ajawab'
2580,5,Kumal,kumal
2580,6,ri,ri
2580,7,e,e
2580,8,kaib',kaib'
2580,9,ki,ki
2580,10,mi'al,mi'al
2580,11,xkitaq,xkitaq
2580,12,ub'ik.,ub'ik
2581,0,Ta,ta
2581,1,xe'opon,xe'opon
2581,2,k'ut,k'ut
2581,3,chi,chi
2581,4,ya',ya'
2581,5,K'ate,k'ate
2581,6,xkitikib'a',xkitikib'a'
2581,7,ch'ajo'nik.,ch'ajo'nik
2582,0,Xkitzonob'a',xkitzonob'a'
2582,1,kib',kib'
2582,2,ki,ki
2582,3,kab',kab'
2582,4,"ichal,",ichal
2582,5,E,e
2582,6,chakachaxinaq,chakachaxinaq
2582,7,chuwach,chuwach
2582,8,taq,taq
2582,9,ab'aj.,ab'aj
2583,0,Ta,ta
2583,1,xek'ulun,xek'ulun
2583,2,k'u,k'u
2583,3,Ri,ri
2583,4,"Tojil,",tojil
2583,5,"Awilix,",awilix
2583,6,Jaq'awitz.,jaq'awitz
2584,0,Xe'opon,xe'opon
2584,1,chila',chila'
2584,2,chuchi',chuchi'
2584,3,ya'.,ya'
2585,0,Xa,xa
2585,1,k'u,k'u
2585,2,sqaqi'n,sqaqi'n
2585,3,xrok'o'ib'ej,xrok'o'ib'ej
2585,4,ki,ki
2585,5,wach,wach
2585,6,Ri,ri
2585,7,e,e
2585,8,kaib',kaib'
2585,9,q'apojib',q'apojib'
2585,10,kech'ajo'nik.,kech'ajo'nik
2586,0,Are',are'
2586,1,k'u,k'u
2586,2,ri,ri
2586,3,q'apojib',q'apojib'
2586,4,xa,xa
2586,5,ju,ju
2586,6,su,su
2586,7,xek'ixb'ik.,xek'ixb'ik
2587,0,Ta,ta
2587,1,xe'opon,xe'opon
2587,2,ri,ri
2587,3,"Tojil,",tojil
2587,4,Ma,ma
2587,5,k'u,k'u
2587,6,ja,ja
2587,7,b'i,b'i
2587,8,xb'e,xb'e
2587,9,ki,ki
2587,10,rayib'al,rayib'al
2587,11,ri,ri
2587,12,Tojil,tojil
2587,13,Chirech,chirech
2587,14,ri,ri
2587,15,E,e
2587,16,kaib',kaib'
2587,17,q'apojib'.,q'apojib'
2588,0,Ta,ta
2588,1,xetz'onox,xetz'onox
2588,2,k'ut:,k'ut
2588,3,“Apa,apa
2588,4,kixpe,kixpe
2588,5,wi?”,wi
2588,6,Xe'uchaxik,xe'uchaxik
2588,7,chirech,chirech
2588,8,Ri,ri
2588,9,e,e
2588,10,kaib,kaib
2588,11,q'apojib'.,q'apojib'
2589,0,Xe'uchaxik:,xe'uchaxik
2589,1,“Naqi,naqi
2589,2,pa,pa
2589,3,kiwaj.,kiwaj
2590,0,Kixul,kixul
2590,1,waral,waral
2590,2,Chuchi',chuchi'
2590,3,wi,wi
2590,4,qa,qa
2590,5,a'?”,a'
2590,6,Xe'uchax,xe'uchax
2590,7,k'ut.,k'ut
2591,0,“Oj,oj
2591,1,b'a,b'a
2591,2,taqon,taqon
2591,3,uloq,uloq
2591,4,kumal,kumal
2591,5,"ajawab',",ajawab'
2591,6,Ta,ta
2591,7,xojpetik.,xojpetik
2592,0,‘Chib'e,chib'e
2592,1,iwila',iwila'
2592,2,Ki,ki
2592,3,wach,wach
2592,4,ri,ri
2592,5,"Tojil,",tojil
2592,6,Kixch'aw,kixch'aw
2592,7,"kuk',",kuk'
2592,8,xecha',xecha'
2592,9,ajawab',ajawab'
2592,10,chiqe.,chiqe
2593,0,Keje',keje'
2593,1,k'ut,k'ut
2593,2,chipe,chipe
2593,3,wi,wi
2593,4,retal,retal
2593,5,Qitzij,qitzij
2593,6,we,we
2593,7,chiwil,chiwil
2593,8,ki,ki
2593,9,"wach,",wach
2593,10,"Xojojuchaxik,”",xojojuchaxik
2593,11,Xecha',xecha'
2593,12,k'u,k'u
2593,13,Ri,ri
2593,14,e,e
2593,15,kaib',kaib'
2593,16,q'apojib',q'apojib'
2593,17,Ta,ta
2593,18,xkisuk'ub'a',xkisuk'ub'a'
2593,19,ki,ki
2593,20,taqikil.,taqikil
2594,0,Are',are'
2594,1,ta,ta
2594,2,k'u,k'u
2594,3,xkaj,xkaj
2594,4,ri,ri
2594,5,amaq':,amaq'
2594,6,Xejox,xejox
2594,7,ta,ta
2594,8,ri,ri
2594,9,q'apojib',q'apojib'
2594,10,Rumal,rumal
2594,11,ki,ki
2594,12,nawal,nawal
2594,13,Tojil.,tojil
2595,0,Xecha',xecha'
2595,1,k'u,k'u
2595,2,Ri,ri
2595,3,"Tojil,",tojil
2595,4,"Awilix,",awilix
2595,5,"Jaq'awitz,",jaq'awitz
2595,6,Ta,ta
2595,7,xech'aw,xech'aw
2595,8,chik,chik
2595,9,chikech,chikech
2595,10,ri,ri
2595,11,"Xtaj,",xtaj
2595,12,"Xpuch',",xpuch'
2595,13,Ki,ki
2595,14,b'i',b'i'
2595,15,Re,re
2595,16,e,e
2595,17,kaib',kaib'
2595,18,q'apojib':,q'apojib'
2595,19,“Utz,utz
2595,20,chib'ek,chib'ek
2595,21,retal,retal
2595,22,qa,qa
2595,23,tzij,tzij
2595,24,iwuk'.,iwuk'
2596,0,Chiwoyob'ej,chiwoyob'ej
2596,1,na,na
2596,2,chiya',chiya'
2596,3,apanoq,apanoq
2596,4,chikech,chikech
2596,5,"ajawab',”",ajawab'
2596,6,Xe'uchax,xe'uchax
2596,7,k'ut.,k'ut
2597,0,K'ate,k'ate
2597,1,puch,puch
2597,2,ki,ki
2597,3,na'ojinik,na'ojinik
2597,4,chik,chik
2597,5,Ri,ri
2597,6,aj,aj
2597,7,"k'ixb',",k'ixb'
2597,8,Aj,aj
2597,9,k'aj'b'.,k'aj'b'
2598,0,Xe'uchax,xe'uchax
2598,1,ri,ri
2598,2,B'alam,b'alam
2598,3,"Kitze,",kitze
2598,4,B'alam,b'alam
2598,5,"Aq'ab',",aq'ab'
2598,6,"Majukutaj,",majukutaj
2598,7,Ik'i,ik'i
2598,8,B'alam:,b'alam
2598,9,“Kixtz'ib'anoq,kixtz'ib'anoq
2598,10,oxib',oxib'
2598,11,"k'ul,",k'ul
2598,12,Chitz'ib'aj,chitz'ib'aj
2598,13,retal,retal
2598,14,i,i
2598,15,k'oje'ik.,k'oje'ik
2599,0,Chopon,chopon
2599,1,kuk',kuk'
2599,2,"amaq',",amaq'
2599,3,Chib'e,chib'e
2599,4,kuk',kuk'
2599,5,ri,ri
2599,6,e,e
2599,7,kaib',kaib'
2599,8,q'apojib',q'apojib'
2599,9,Kech'ajo'nik.,kech'ajo'nik
2600,0,Chiya',chiya'
2600,1,ub'ik,ub'ik
2600,2,"chike,”",chike
2600,3,Xe'uchax,xe'uchax
2600,4,k'ut,k'ut
2600,5,B'alam,b'alam
2600,6,"Kitze,",kitze
2600,7,B'alam,b'alam
2600,8,"Aq'ab',",aq'ab'
2600,9,Majukutaj.,majukutaj
2601,0,K'ATE,k'ate
2601,1,k'ut,k'ut
2601,2,xetz'ib'anik,xetz'ib'anik
2601,3,kox,kox
2601,4,ichal.,ichal
2602,0,Nab'e,nab'e
2602,1,xtz'ib'an,xtz'ib'an
2602,2,ri,ri
2602,3,B'alam,b'alam
2602,4,Kitze.,kitze
2603,0,B'alam,b'alam
2603,1,u,u
2603,2,wachib'al,wachib'al
2603,3,xuxik,xuxik
2603,4,Xutz'ib'aj,xutz'ib'aj
2603,5,chuwach,chuwach
2603,6,k'ul.,k'ul
2604,0,Are',are'
2604,1,k'u,k'u
2604,2,ri,ri
2604,3,chi,chi
2604,4,B'alam,b'alam
2604,5,Aq'ab'.,aq'ab'
2605,0,Kot,kot
2605,1,chik,chik
2605,2,u,u
2605,3,wachib'al,wachib'al
2605,4,Xutz'ib'aj,xutz'ib'aj
2605,5,chuwach,chuwach
2605,6,k'ul.,k'ul
2606,0,Ta,ta
2606,1,xtz'ib'an,xtz'ib'an
2606,2,chi,chi
2606,3,k'u,k'u
2606,4,ri,ri
2606,5,Majukutaj.,majukutaj
2607,0,Jumaj,jumaj
2607,1,"wonon,",wonon
2607,2,Jumaj,jumaj
2607,3,"sita'l,",sita'l
2607,4,U,u
2607,5,wachib'al,wachib'al
2607,6,u,u
2607,7,"tz'ib',",tz'ib'
2607,8,Xutz'ib'aj,xutz'ib'aj
2607,9,chuwach,chuwach
2607,10,k'ul.,k'ul
2608,0,Xutzin,xutzin
2608,1,k'ut,k'ut
2608,2,ki,ki
2608,3,tz'ib',tz'ib'
2608,4,kox,kox
2608,5,"ichal,",ichal
2608,6,Ox,ox
2608,7,b'usaj,b'usaj
2608,8,xkitz'ib'aj.,xkitz'ib'aj
2609,0,K'ate,k'ate
2609,1,k'ut,k'ut
2609,2,ta,ta
2609,3,xeb'e,xeb'e
2609,4,ki,ki
2609,5,ya',ya'
2609,6,k'ul,k'ul
2609,7,Ri,ri
2609,8,"Xtaj,",xtaj
2609,9,Xpuch',xpuch'
2609,10,ki,ki
2609,11,b'i'.,b'i'
2610,0,Xecha',xecha'
2610,1,k'u,k'u
2610,2,Ri,ri
2610,3,B'alam,b'alam
2610,4,"Kitze,",kitze
2610,5,B'alam,b'alam
2610,6,"Aq'ab',",aq'ab'
2610,7,Majukutaj.,majukutaj
2611,0,“Wa'e,wa'e
2611,1,retal,retal
2611,2,i,i
2611,3,tzij,tzij
2611,4,Kixoponik,kixoponik
2611,5,chikiwach,chikiwach
2611,6,ajawab'.,ajawab'
2612,0,‘Qitzij,qitzij
2612,1,xch'aw,xch'aw
2612,2,ri,ri
2612,3,Tojil,tojil
2612,4,"chiqech,’",chiqech
2612,5,kixcha'.,kixcha'
2613,0,Chikiq'u'j,chikiq'u'j
2613,1,k'u,k'u
2613,2,Ri',ri'
2613,3,k'ul,k'ul
2613,4,chiya',chiya'
2613,5,"chike,”",chike
2613,6,Xe'uchax,xe'uchax
2613,7,k'ut,k'ut
2613,8,ri,ri
2613,9,q'apojib',q'apojib'
2613,10,Ta,ta
2613,11,xkipixab'aj,xkipixab'aj
2613,12,ub'ik.,ub'ik
2614,0,Ta,ta
2614,1,xeb'e,xeb'e
2614,2,"k'ut,",k'ut
2614,3,Xkuk'a'j,xkuk'a'j
2614,4,ub'i,ub'i
2614,5,ri,ri
2614,6,tz'ib'an,tz'ib'an
2614,7,k'ul.,k'ul
2615,0,Ta,ta
2615,1,xe'opon,xe'opon
2615,2,"k'ut,",k'ut
2615,3,Ju,ju
2615,4,su,su
2615,5,k'u,k'u
2615,6,xeki'kot,xeki'kot
2615,7,ri,ri
2615,8,ajawab',ajawab'
2615,9,Ta,ta
2615,10,xil,xil
2615,11,Ki,ki
2615,12,wach,wach
2615,13,Xekel,xekel
2615,14,u,u
2615,15,q'a.,q'a
2616,0,Kitz'onoxik,kitz'onoxik
2616,1,ri,ri
2616,2,q'apojib':,q'apojib'
2616,3,“Ma,ma
2616,4,xiwil,xiwil
2616,5,u,u
2616,6,wach,wach
2616,7,ri,ri
2616,8,Tojil?”,tojil
2616,9,xe'uchaxik.,xe'uchaxik
2617,0,“Xqil,xqil
2617,1,b'a,b'a
2617,2,"la',”",la'
2617,3,xecha',xecha'
2617,4,k'u,k'u
2617,5,Ri,ri
2617,6,"Xtaj,",xtaj
2617,7,Xpuch'.,xpuch'
2618,0,“Utz,utz
2618,1,b'a,b'a
2618,2,"la',",la'
2618,3,naqi,naqi
2618,4,pa,pa
2618,5,retal,retal
2618,6,xik'am,xik'am
2618,7,uloq?,uloq
2619,0,Ma,ma
2619,1,qitzij?”,qitzij
2619,2,xech'aw,xech'aw
2619,3,ri,ri
2619,4,ajawab'.,ajawab'
2620,0,Keje',keje'
2620,1,ri',ri'
2620,2,b'a,b'a
2620,3,ri,ri
2620,4,retal,retal
2620,5,ki,ki
2620,6,makunik,makunik
2620,7,Xkina',xkina'
2620,8,ri,ri
2620,9,ajawab'.,ajawab'
2621,0,Ta,ta
2621,1,xkiritaj,xkiritaj
2621,2,k'u,k'u
2621,3,Ri,ri
2621,4,tz'ib'an,tz'ib'an
2621,5,k'ul,k'ul
2621,6,kumal,kumal
2621,7,q'apojib'.,q'apojib'
2622,0,Jumaj,jumaj
2622,1,"b'alam,",b'alam
2622,2,Jumaj,jumaj
2622,3,"kot,",kot
2622,4,Jumaj,jumaj
2622,5,nay,nay
2622,6,puch,puch
2622,7,"wonon,",wonon
2622,8,"Sita'l,",sita'l
2622,9,U,u
2622,10,tz'ib'al,tz'ib'al
2622,11,u,u
2622,12,pam,pam
2622,13,k'ul,k'ul
2622,14,Chiyulinik,chiyulinik
2622,15,u,u
2622,16,wach.,wach
2623,0,Ta,ta
2623,1,xkirayij,xkirayij
2623,2,k'ut,k'ut
2623,3,u,u
2623,4,wach.,wach
2624,0,K'ate,k'ate
2624,1,xkikoj,xkikoj
2624,2,chikij.,chikij
2625,0,Ma,ma
2625,1,k'u,k'u
2625,2,ja,ja
2625,3,b'i,b'i
2625,4,xub'an,xub'an
2625,5,ri,ri
2625,6,"b'alam,",b'alam
2625,7,U,u
2625,8,tz'ib'al,tz'ib'al
2625,9,nab'e'oq,nab'e'oq
2625,10,chirij,chirij
2625,11,ajaw.,ajaw
2626,0,Kot,kot
2626,1,u,u
2626,2,tz'ib'al.,tz'ib'al
2627,0,Xa,xa
2627,1,utz,utz
2627,2,xuna',xuna'
2627,3,ajaw,ajaw
2627,4,chupan.,chupan
2628,0,Xawi,xawi
2628,1,kasolowik,kasolowik
2628,2,chikiwach.,chikiwach
2629,0,Katz'onon,katz'onon
2629,1,u,u
2629,2,q'u'xik,q'u'xik
2629,3,Chikiwach,chikiwach
2629,4,konojel.,konojel
2630,0,Ta,ta
2630,1,xok,xok
2630,2,chi,chi
2630,3,k'ut,k'ut
2630,4,Rox,rox
2630,5,tz'ib'am,tz'ib'am
2630,6,k'ul,k'ul
2630,7,chirij,chirij
2630,8,ajaw.,ajaw
2631,0,Are',are'
2631,1,ri,ri
2631,2,"wonon,",wonon
2631,3,Sita'l,sita'l
2631,4,u,u
2631,5,pam.,pam
2632,0,Xukoj,xukoj
2632,1,k'u,k'u
2632,2,chirij.,chirij
2633,0,K'ate,k'ate
2633,1,puch,puch
2633,2,ta,ta
2633,3,xti'ik,xti'ik
2633,4,u,u
2633,5,tio'jil,tio'jil
2633,6,Rumal,rumal
2633,7,"wonon,",wonon
2633,8,Sita'l.,sita'l
2634,0,Mawi,mawi
2634,1,xch'ijtajik.,xch'ijtajik
2635,0,Ma,ma
2635,1,pu,pu
2635,2,xkuyutaj,xkuyutaj
2635,3,ri,ri
2635,4,ti'ob'al,ti'ob'al
2635,5,chikop.,chikop
2636,0,Ta,ta
2636,1,k'u,k'u
2636,2,xuraquj,xuraquj
2636,3,k'ut,k'ut
2636,4,u,u
2636,5,chi',chi'
2636,6,ajaw,ajaw
2636,7,Rumal,rumal
2636,8,chikop,chikop
2636,9,Xa,xa
2636,10,tz'ib'am,tz'ib'am
2636,11,ki,ki
2636,12,wachib'al,wachib'al
2636,13,Chupan,chupan
2636,14,k'ul,k'ul
2636,15,U,u
2636,16,tz'ib',tz'ib'
2636,17,Majukutaj,majukutaj
2636,18,"k'u,",k'u
2636,19,Rox,rox
2636,20,tz'ib'.,tz'ib'
2637,0,Ta,ta
2637,1,xech'akataj,xech'akataj
2637,2,wi.,wi
2638,0,K'ate,k'ate
2638,1,puch,puch
2638,2,ki,ki
2638,3,yajik,yajik
2638,4,Q'apojib',q'apojib'
2638,5,ri',ri'
2638,6,Rumal,rumal
2638,7,"ajawab',",ajawab'
2638,8,Ri,ri
2638,9,"Xtaj,",xtaj
2638,10,Xpuch',xpuch'
2638,11,ki,ki
2638,12,b'i':,b'i'
2638,13,“Naqi,naqi
2638,14,pa,pa
2638,15,chi,chi
2638,16,"k'ulal,",k'ulal
2638,17,Ri,ri
2638,18,iwuk'a'm,iwuk'a'm
2638,19,uloq?,uloq
2639,0,Apa,apa
2639,1,xb'e,xb'e
2639,2,i,i
2639,3,k'ama',k'ama'
2639,4,wi,wi
2639,5,Ix,ix
2639,6,k'axtok'?”,k'axtok'
2639,7,Xe'uchax,xe'uchax
2639,8,ri,ri
2639,9,q'apojib',q'apojib'
2639,10,Ta,ta
2639,11,xeyajik.,xeyajik
2640,0,Kich'akatajik,kich'akatajik
2640,1,chi,chi
2640,2,k'u,k'u
2640,3,Ri,ri
2640,4,ronojel,ronojel
2640,5,amaq',amaq'
2640,6,rumal,rumal
2640,7,Tojil.,tojil
2641,0,Are',are'
2641,1,ta,ta
2641,2,"xkaj,",xkaj
2641,3,Xb'e,xb'e
2641,4,ta,ta
2641,5,ki'ib'al,ki'ib'al
2641,6,wi,wi
2641,7,Tojil,tojil
2641,8,Chikij,chikij
2641,9,"Xtaj,",xtaj
2641,10,Xpuch'.,xpuch'
2642,0,E,e
2642,1,ta,ta
2642,2,joxol,joxol
2642,3,ch'ek,ch'ek
2642,4,"xe'uxik,",xe'uxik
2642,5,Chuk'u'x,chuk'u'x
2642,6,amaq',amaq'
2642,7,taqchi'b'al,taqchi'b'al
2642,8,ta,ta
2642,9,kexuxik.,kexuxik
2643,0,Ma,ma
2643,1,k'u,k'u
2643,2,xb'anatajik,xb'anatajik
2643,3,Ki,ki
2643,4,ch'akatajik,ch'akatajik
2643,5,Rumal,rumal
2643,6,e,e
2643,7,nawal,nawal
2643,8,winaq,winaq
2643,9,Ri,ri
2643,10,B'alam,b'alam
2643,11,"Kitze,",kitze
2643,12,B'alam,b'alam
2643,13,"Aq'ab',",aq'ab'
2643,14,Majukutaj.,majukutaj
2644,0,Ta,ta
2644,1,xena'ojin,xena'ojin
2644,2,chi,chi
2644,3,k'ut,k'ut
2644,4,Ronojel,ronojel
2644,5,amaq':,amaq'
2644,6,“Naqi,naqi
2644,7,pa,pa
2644,8,kequch'aj?,kequch'aj
2645,0,Qitzij,qitzij
2645,1,nim,nim
2645,2,ki,ki
2645,3,k'oje'ik,k'oje'ik
2645,4,ta,ta
2645,5,"chuxoq,”",chuxoq
2645,6,Xecha',xecha'
2645,7,k'ut.,k'ut
2646,0,Ta,ta
2646,1,xkikuch,xkikuch
2646,2,chik,chik
2646,3,ki,ki
2646,4,na'oj:,na'oj
2646,5,“Xa,xa
2646,6,ta,ta
2646,7,"keqokib'ej,",keqokib'ej
2646,8,Keqakamisaj.,keqakamisaj
2647,0,Chiqawiq,chiqawiq
2647,1,qib',qib'
2647,2,chi,chi
2647,3,"ch'ab',",ch'ab'
2647,4,Chi,chi
2647,5,pokob'.,pokob'
2648,0,Ma,ma
2648,1,pa,pa
2648,2,oj,oj
2648,3,k'i?,k'i
2649,0,Ma,ma
2649,1,ja,ja
2649,2,b'i,b'i
2649,3,"Jun,",jun
2649,4,Kaib',kaib'
2649,5,chik,chik
2649,6,chiqakanaj,chiqakanaj
2649,7,"chike,”",chike
2649,8,Xecha',xecha'
2649,9,k'ut.,k'ut
2650,0,Ta,ta
2650,1,xk'am,xk'am
2650,2,ki,ki
2650,3,na'oj.,na'oj
2651,0,Xa,xa
2651,1,xuwiq,xuwiq
2651,2,rib',rib'
2651,3,ronojel,ronojel
2651,4,amaq'.,amaq'
2652,0,Tzatz,tzatz
2652,1,chi,chi
2652,2,kamisanel,kamisanel
2652,3,Ta,ta
2652,4,xemolotajik,xemolotajik
2652,5,ronojel,ronojel
2652,6,amaq',amaq'
2652,7,E,e
2652,8,kamisanel.,kamisanel
2653,0,Are,are
2653,1,k'ut,k'ut
2653,2,e,e
2653,3,k'o,k'o
2653,4,ri,ri
2653,5,B'alam,b'alam
2653,6,"Kitze,",kitze
2653,7,B'alam,b'alam
2653,8,"Aq'ab',",aq'ab'
2653,9,"Majukutaj,",majukutaj
2653,10,Ik'i,ik'i
2653,11,B'alam.,b'alam
2654,0,Are,are
2654,1,e,e
2654,2,k'o,k'o
2654,3,chuwi',chuwi'
2654,4,juyub'.,juyub'
2655,0,Jaq'awitz,jaq'awitz
2655,1,u,u
2655,2,b'i',b'i'
2655,3,juyub',juyub'
2655,4,e,e
2655,5,k'o,k'o
2655,6,wi.,wi
2656,0,Xk'olo,xk'olo
2656,1,k'ut,k'ut
2656,2,ki,ki
2656,3,k'ajol,k'ajol
2656,4,chiri',chiri'
2656,5,Chuwi',chuwi'
2656,6,juyub'.,juyub'
2657,0,Mawi,mawi
2657,1,e,e
2657,2,ta,ta
2657,3,k'iya,k'iya
2657,4,winaq.,winaq
2658,0,Ma,ma
2658,1,na,na
2658,2,keje',keje'
2658,3,ta,ta
2658,4,Ki,ki
2658,5,k'iyal,k'iyal
2658,6,"ri',",ri'
2658,7,U,u
2658,8,k'iyal,k'iyal
2658,9,amaq'.,amaq'
2659,0,Xa,xa
2659,1,sqaqi'n,sqaqi'n
2659,2,u,u
2659,3,wi',wi'
2659,4,juyub',juyub'
2659,5,Ki,ki
2659,6,q'atem.,q'atem
2660,0,Xa,xa
2660,1,k'u,k'u
2660,2,cha',cha'
2660,3,ta,ta
2660,4,xna'ojix,xna'ojix
2660,5,Ki,ki
2660,6,kamisaxik,kamisaxik
2660,7,rumal,rumal
2660,8,amaq'.,amaq'
2661,0,Ta,ta
2661,1,xkikuch,xkikuch
2661,2,kib',kib'
2661,3,"konojel,",konojel
2661,4,"Xepoponik,",xepoponik
2661,5,Xetaqo,xetaqo
2661,6,kib',kib'
2661,7,konojel.,konojel
2662,0,WA'E,wa'e
2662,1,k'ute,k'ute
2662,2,ki,ki
2662,3,molowik,molowik
2662,4,kib',kib'
2662,5,konojel,konojel
2662,6,"amaq',",amaq'
2662,7,E,e
2662,8,kawutal,kawutal
2662,9,chik,chik
2662,10,chi,chi
2662,11,"ch'ab',",ch'ab'
2662,12,Chi,chi
2662,13,pokob',pokob'
2662,14,konojel.,konojel
2663,0,Mawi,mawi
2663,1,ajilan,ajilan
2663,2,chi,chi
2663,3,puwaq,puwaq
2663,4,ki,ki
2663,5,kawub'al.,kawub'al
2664,0,Jeb'ejoj,jeb'ejoj
2664,1,ki,ki
2664,2,wachib'al,wachib'al
2664,3,Konojel,konojel
2664,4,"ajawab',",ajawab'
2664,5,Achijab'.,achijab'
2665,0,Qitzij,qitzij
2665,1,b'anoj,b'anoj
2665,2,ki,ki
2665,3,tzij,tzij
2665,4,konojel.,konojel
2666,0,Qitzij,qitzij
2666,1,e,e
2666,2,kalab'il,kalab'il
2666,3,chuxik.,chuxik
2667,0,“Are',are'
2667,1,k'u,k'u
2667,2,ri,ri
2667,3,"Tojil,",tojil
2667,4,Are',are'
2667,5,"k'ab'awil,",k'ab'awil
2667,6,Are',are'
2667,7,pu,pu
2667,8,chiqaq'ijila'.,chiqaq'ijila'
2668,0,Xere,xere
2668,1,ta,ta
2668,2,"chiqakanab'ij,”",chiqakanab'ij
2668,3,xecha',xecha'
2668,4,chi,chi
2668,5,kib'il,kib'il
2668,6,kib'.,kib'
2669,0,Xawi,xawi
2669,1,k'u,k'u
2669,2,kareta'maj,kareta'maj
2669,3,ri,ri
2669,4,Tojil.,tojil
2670,0,Kaketa'maj,kaketa'maj
2670,1,nay,nay
2670,2,pu,pu
2670,3,Ri,ri
2670,4,B'alam,b'alam
2670,5,"Kitze,",kitze
2670,6,B'alam,b'alam
2670,7,"Aq'ab',",aq'ab'
2670,8,Majukutaj.,majukutaj
2671,0,Kakita'o,kakita'o
2671,1,Ta,ta
2671,2,kana'ojixik,kana'ojixik
2671,3,rumal.,rumal
2672,0,Maja,maja
2672,1,b'i,b'i
2672,2,ki,ki
2672,3,"waram,",waram
2672,4,Ki,ki
2672,5,yakalem.,yakalem
2673,0,Xekawutaj,xekawutaj
2673,1,k'ut,k'ut
2673,2,ronojel,ronojel
2673,3,cha,cha
2673,4,aj,aj
2673,5,"lab'al,",lab'al
2673,6,K'ate,k'ate
2673,7,k'ut,k'ut
2673,8,xeyakatajik,xeyakatajik
2673,9,ronojel,ronojel
2673,10,aj,aj
2673,11,"lab'al,",lab'al
2673,12,Chaq'ab',chaq'ab'
2673,13,taj.,taj
2674,0,Xkokib'ej,xkokib'ej
2674,1,chi,chi
2674,2,ki,ki
2674,3,k'u'x.,k'u'x
2675,0,Ta,ta
2675,1,"xeb'ek,",xeb'ek
2675,2,Ma,ma
2675,3,k'u,k'u
2675,4,xe'oponik.,xe'oponik
2676,0,Xa,xa
2676,1,pa,pa
2676,2,b'e,b'e
2676,3,xewaraj,xewaraj
2676,4,wi,wi
2676,5,Konojel,konojel
2676,6,ri,ri
2676,7,aj,aj
2676,8,lab'al.,lab'al
2677,0,K'ate,k'ate
2677,1,puch,puch
2677,2,ki,ki
2677,3,ch'akatajik,ch'akatajik
2677,4,chik,chik
2677,5,Kumal,kumal
2677,6,ri,ri
2677,7,B'alam,b'alam
2677,8,"Kitze,",kitze
2677,9,B'alam,b'alam
2677,10,"Aq'ab',",aq'ab'
2677,11,Majukutaj.,majukutaj
2678,0,Xa,xa
2678,1,k'u,k'u
2678,2,jun,jun
2678,3,xewaraj,xewaraj
2678,4,wi,wi
2678,5,pa,pa
2678,6,b'e.,b'e
2679,0,Maja,maja
2679,1,b'i,b'i
2679,2,chik,chik
2679,3,xkina',xkina'
2679,4,chi,chi
2679,5,kib'.,kib'
2680,0,Xek'iswarik,xek'iswarik
2680,1,konojel.,konojel
2681,0,K'ate,k'ate
2681,1,k'u,k'u
2681,2,u,u
2681,3,tikarik,tikarik
2681,4,U,u
2681,5,mich'ik,mich'ik
2681,6,ki,ki
2681,7,muquwach,muquwach
2681,8,"rumal,",rumal
2681,9,Ruk',ruk'
2681,10,kismachi'.,kismachi'
2682,0,Ta,ta
2682,1,xkir,xkir
2682,2,k'u,k'u
2682,3,ri,ri
2682,4,puwaq,puwaq
2682,5,Chi,chi
2682,6,ki,ki
2682,7,"k'ul,",k'ul
2682,8,Ruk',ruk'
2682,9,ki,ki
2682,10,"yachwach,",yachwach
2682,11,Ruk',ruk'
2682,12,puch,puch
2682,13,ki,ki
2682,14,chachal.,chachal
2683,0,Are',are'
2683,1,k'u,k'u
2683,2,ri,ri
2683,3,u,u
2683,4,qul,qul
2683,5,ki,ki
2683,6,ch'ami'y,ch'ami'y
2683,7,Xere,xere
2683,8,xkik'am,xkik'am
2683,9,ri,ri
2683,10,puwaq,puwaq
2683,11,K'ajisab'al,k'ajisab'al
2683,12,ki,ki
2683,13,"wach,",wach
2683,14,Xa,xa
2683,15,pu,pu
2683,16,mich'b'al,mich'b'al
2683,17,"kech,",kech
2683,18,Xb'anik,xb'anik
2683,19,retal,retal
2683,20,U,u
2683,21,nimal,nimal
2683,22,K'eche',k'eche'
2683,23,winaq.,winaq
2684,0,K'ate,k'ate
2684,1,puch,puch
2684,2,xek'astajik.,xek'astajik
2685,0,Ju,ju
2685,1,su,su
2685,2,xkichapala',xkichapala'
2685,3,Ki,ki
2685,4,yachwach,yachwach
2685,5,Ruk',ruk'
2685,6,u,u
2685,7,qul,qul
2685,8,ki,ki
2685,9,ch'ami'y.,ch'ami'y
2686,0,Maja,maja
2686,1,b'i,b'i
2686,2,chi,chi
2686,3,puwaq,puwaq
2686,4,chi,chi
2686,5,"qul,",qul
2686,6,Ruk',ruk'
2686,7,ki,ki
2686,8,yachwach.,yachwach
2687,0,“Naqi,naqi
2687,1,pa,pa
2687,2,mi,mi
2687,3,xojk'amowik?,xojk'amowik
2688,0,A'on,a'on
2688,1,chi,chi
2688,2,naq,naq
2688,3,mi,mi
2688,4,xojmich'owik?,xojmich'owik
2689,0,Apa,apa
2689,1,mi,mi
2689,2,xpe,xpe
2689,3,"wi,",wi
2689,4,Mi,mi
2689,5,xeleq'an,xeleq'an
2689,6,qa,qa
2689,7,puwaq?”,puwaq
2689,8,Xecha',xecha'
2689,9,k'ut,k'ut
2689,10,Konojel,konojel
2689,11,aj,aj
2689,12,lab'al:,lab'al
2689,13,“Are',are'
2689,14,la',la'
2689,15,b'a,b'a
2689,16,ri,ri
2689,17,lo,lo
2689,18,e,e
2689,19,"k'axtok',",k'axtok'
2689,20,Ke'eleqan,ke'eleqan
2689,21,winaq.,winaq
2690,0,Ma,ma
2690,1,k'u,k'u
2690,2,chutzinik,chutzinik
2690,3,Chiqaxib'ij,chiqaxib'ij
2690,4,ta,ta
2690,5,qib',qib'
2690,6,chike.,chike
2691,0,Qi,qi
2691,1,wi,wi
2691,2,chiqokib'ej,chiqokib'ej
2691,3,ki,ki
2691,4,tinamit.,tinamit
2692,0,Xawi,xawi
2692,1,xere,xere
2692,2,chiqil,chiqil
2692,3,u,u
2692,4,wach,wach
2692,5,ri,ri
2692,6,qa,qa
2692,7,puwaq.,puwaq
2693,0,Chiqab'an,chiqab'an
2693,1,"qech,”",qech
2693,2,xecha',xecha'
2693,3,k'ut,k'ut
2693,4,konojel,konojel
2693,5,amaq'.,amaq'
2694,0,Xawi,xawi
2694,1,xere,xere
2694,2,b'anoj,b'anoj
2694,3,tzij,tzij
2694,4,konojel.,konojel
2695,0,Xawi,xawi
2695,1,k'u,k'u
2695,2,ku'b'ul,ku'b'ul
2695,3,ki,ki
2695,4,k'u'x,k'u'x
2695,5,Ri,ri
2695,6,aj,aj
2695,7,"k'ixb',",k'ixb'
2695,8,Aj,aj
2695,9,k'ajb',k'ajb'
2695,10,e,e
2695,11,k'o,k'o
2695,12,chuwi',chuwi'
2695,13,juyub'.,juyub'
2696,0,Xawi,xawi
2696,1,xere,xere
2696,2,nima,nima
2696,3,na'oj,na'oj
2696,4,Kakib'ano,kakib'ano
2696,5,Ri,ri
2696,6,B'alam,b'alam
2696,7,"Kitze,",kitze
2696,8,B'alam,b'alam
2696,9,"Aq'ab',",aq'ab'
2696,10,"Majukutaj,",majukutaj
2696,11,Ik'i,ik'i
2696,12,B'alam.,b'alam
2697,0,Ta,ta
2697,1,xena'ojin,xena'ojin
2697,2,k'ut,k'ut
2697,3,B'alam,b'alam
2697,4,"Kitze,",kitze
2697,5,B'alam,b'alam
2697,6,"Aq'ab',",aq'ab'
2697,7,"Majukutaj,",majukutaj
2697,8,Ik'i,ik'i
2697,9,B'alam.,b'alam
2698,0,Xkib'an,xkib'an
2698,1,k'oxtun,k'oxtun
2698,2,Chuchi',chuchi'
2698,3,ki,ki
2698,4,tinamit.,tinamit
2699,0,Xa,xa
2699,1,"tz'alam,",tz'alam
2699,2,Xa,xa
2699,3,"ch'ut,",ch'ut
2699,4,Xchikejb'ej,xchikejb'ej
2699,5,Rij,rij
2699,6,ki,ki
2699,7,tinamit.,tinamit
2700,0,K'ate,k'ate
2700,1,xkib'an,xkib'an
2700,2,ri,ri
2700,3,poy.,poy
2701,0,Keje',keje'
2701,1,ri,ri
2701,2,winaq,winaq
2701,3,xuxik,xuxik
2701,4,kumal.,kumal
2702,0,K'ate,k'ate
2702,1,xkichol,xkichol
2702,2,chiri',chiri'
2702,3,Chuwi',chuwi'
2702,4,k'oxtun.,k'oxtun
2703,0,Xawi,xawi
2703,1,xere,xere
2703,2,k'o,k'o
2703,3,ki,ki
2703,4,pokob'.,pokob'
2704,0,K'o,k'o
2704,1,pu,pu
2704,2,ki,ki
2704,3,ch'ab'.,ch'ab'
2705,0,Xekawuxik.,xekawuxik
2706,0,Xok,xok
2706,1,ri,ri
2706,2,yachwach,yachwach
2706,3,puwaq,puwaq
2706,4,pa,pa
2706,5,ki,ki
2706,6,wi'.,wi'
2707,0,Xok,xok
2707,1,pu,pu
2707,2,k'u,k'u
2707,3,xa,xa
2707,4,"poy,",poy
2707,5,Xa,xa
2707,6,pu,pu
2707,7,ajam,ajam
2707,8,che'.,che'
2708,0,Xkojow,xkojow
2708,1,ri,ri
2708,2,puwaq,puwaq
2708,3,rech,rech
2708,4,"amaq',",amaq'
2708,5,Ri',ri'
2708,6,xb'e,xb'e
2708,7,ki,ki
2708,8,k'ama',k'ama'
2708,9,pa,pa
2708,10,b'e.,b'e
2709,0,Are',are'
2709,1,xukawub'ej,xukawub'ej
2709,2,poy,poy
2709,3,kumal.,kumal
2710,0,Xekotkomijik,xekotkomijik
2710,1,chirij,chirij
2710,2,tinamit.,tinamit
2711,0,K'ate,k'ate
2711,1,puch,puch
2711,2,ta,ta
2711,3,xkitz'onoj,xkitz'onoj
2711,4,Chi,chi
2711,5,ki,ki
2711,6,na'oj,na'oj
2711,7,chirech,chirech
2711,8,Tojil.,tojil
2712,0,“We,we
2712,1,"kojkamik,",kojkamik
2712,2,We,we
2712,3,puch,puch
2712,4,kojch'akatajik?”,kojch'akatajik
2712,5,xecha'.,xecha'
2713,0,Xoq',xoq'
2713,1,ki,ki
2713,2,k'u'x,k'u'x
2713,3,Chuwach,chuwach
2713,4,ri,ri
2713,5,Tojil:,tojil
2713,6,“Mixb'isonik.,mixb'isonik
2714,0,In,in
2714,1,k'olik.,k'olik
2715,0,Are',are'
2715,1,k'ut,k'ut
2715,2,chikoj,chikoj
2715,3,wa',wa'
2715,4,chikech.,chikech
2716,0,Mixib'ij,mixib'ij
2716,1,iwib'.”,iwib'
2716,2,Xe'uchax,xe'uchax
2716,3,ri,ri
2716,4,B'alam,b'alam
2716,5,"Kitze,",kitze
2716,6,B'alam,b'alam
2716,7,"Aq'ab',",aq'ab'
2716,8,"Majukutaj,",majukutaj
2716,9,Ik'i,ik'i
2716,10,B'alam.,b'alam
2717,0,Ta,ta
2717,1,xya',xya'
2717,2,uloq,uloq
2717,3,ri,ri
2717,4,"wonon,",wonon
2717,5,Sita'l.,sita'l
2718,0,Are',are'
2718,1,k'ut,k'ut
2718,2,xb'e,xb'e
2718,3,ki,ki
2718,4,"k'ama',",k'ama'
2718,5,Kuk'a'am,kuk'a'am
2718,6,ta,ta
2718,7,xepetik.,xepetik
2719,0,K'ate,k'ate
2719,1,xkiya'o,xkiya'o
2719,2,chupan,chupan
2719,3,kajib',kajib'
2719,4,nima'q,nima'q
2719,5,q'oq'ob'.,q'oq'ob'
2720,0,Kajib',kajib'
2720,1,xk'oje',xk'oje'
2720,2,wi,wi
2720,3,chirij,chirij
2720,4,tinamit.,tinamit
2721,0,Xkitz'apij,xkitz'apij
2721,1,wi,wi
2721,2,ri,ri
2721,3,"wonon,",wonon
2721,4,Sita'l,sita'l
2721,5,chupan,chupan
2721,6,q'oq'ob'.,q'oq'ob'
2722,0,Are',are'
2722,1,k'ulelab'al,k'ulelab'al
2722,2,Rech,rech
2722,3,amaq',amaq'
2722,4,kumal.,kumal
2723,0,Xenik'wachix,xenik'wachix
2723,1,"k'ut,",k'ut
2723,2,Xemuqche'x,xemuqche'x
2723,3,"k'ut,",k'ut
2723,4,Xnik'ox,xnik'ox
2723,5,ki,ki
2723,6,tinamit,tinamit
2723,7,rumal,rumal
2723,8,u,u
2723,9,samajel,samajel
2723,10,amaq'.,amaq'
2724,0,“Mawi,mawi
2724,1,e,e
2724,2,"jarub',”",jarub'
2724,3,Xecha',xecha'
2724,4,k'ut.,k'ut
2725,0,Xere,xere
2725,1,k'ut,k'ut
2725,2,xul,xul
2725,3,kila,kila
2725,4,ri,ri
2725,5,"poy,",poy
2725,6,Ajam,ajam
2725,7,che'.,che'
2726,0,"Kesilaje'ik,",kesilaje'ik
2726,1,Kuk'ala,kuk'ala
2726,2,on,on
2726,3,Ki,ki
2726,4,"ch'ab',",ch'ab'
2726,5,Ki,ki
2726,6,pokob'.,pokob'
2727,0,Qitzij,qitzij
2727,1,winaq,winaq
2727,2,"kewachinik,",kewachinik
2727,3,Qitzij,qitzij
2727,4,chi,chi
2727,5,e,e
2727,6,kamisanel,kamisanel
2727,7,kewachinik,kewachinik
2727,8,Ta,ta
2727,9,xkil,xkil
2727,10,amaq'.,amaq'
2728,0,Keki'kot,keki'kot
2728,1,k'ut,k'ut
2728,2,Ronojel,ronojel
2728,3,amaq'.,amaq'
2729,0,Mawi,mawi
2729,1,janik',janik'
2729,2,xkilo.,xkilo
2730,0,Tzatz,tzatz
2730,1,ri,ri
2730,2,amaq',amaq'
2730,3,chu,chu
2730,4,k'oje'ik.,k'oje'ik
2731,0,Mawi,mawi
2731,1,ajilan,ajilan
2731,2,chi,chi
2731,3,winaq.,winaq
2732,0,E,e
2732,1,aj,aj
2732,2,"lab'al,",lab'al
2732,3,E,e
2732,4,pu,pu
2732,5,"kamisanel,",kamisanel
2732,6,E,e
2732,7,"kamisay,",kamisay
2732,8,Rech,rech
2732,9,ri,ri
2732,10,B'alam,b'alam
2732,11,"Kitze,",kitze
2732,12,B'alam,b'alam
2732,13,"Aq'ab',",aq'ab'
2732,14,Majukutaj,majukutaj
2732,15,Are,are
2732,16,k'o,k'o
2732,17,chuwi',chuwi'
2732,18,juyub'.,juyub'
2733,0,Jaq'awitz,jaq'awitz
2733,1,u,u
2733,2,b'i',b'i'
2733,3,e,e
2733,4,k'o,k'o
2733,5,wi.,wi
2734,0,Are,are
2734,1,k'ut,k'ut
2734,2,kokib'exik,kokib'exik
2734,3,wa',wa'
2734,4,Xchiqab'ij,xchiqab'ij
2734,5,chik.,chik
2735,0,ARE,are
2735,1,k'ut,k'ut
2735,2,e,e
2735,3,k'o,k'o
2735,4,chiri',chiri'
2735,5,B'alam,b'alam
2735,6,"Kitze,",kitze
2735,7,B'alam,b'alam
2735,8,"Aq'ab',",aq'ab'
2735,9,"Majukutaj,",majukutaj
2735,10,Ik'i,ik'i
2735,11,B'alam.,b'alam
2736,0,Xa,xa
2736,1,jun,jun
2736,2,e,e
2736,3,k'o,k'o
2736,4,wi,wi
2736,5,chuwi',chuwi'
2736,6,juyub',juyub'
2736,7,Ruk',ruk'
2736,8,"kixoqil,",kixoqil
2736,9,Kalk'u'al.,kalk'u'al
2737,0,Ta,ta
2737,1,xepe,xepe
2737,2,k'ut,k'ut
2737,3,ronojel,ronojel
2737,4,aj,aj
2737,5,"lab'al,",lab'al
2737,6,E,e
2737,7,kamisanel.,kamisanel
2738,0,Mawi,mawi
2738,1,xa,xa
2738,2,ka,ka
2738,3,"chuy,",chuy
2738,4,Ox,ox
2738,5,chuy,chuy
2738,6,chi,chi
2738,7,amaq',amaq'
2738,8,Xkotkomij,xkotkomij
2738,9,Chirij,chirij
2738,10,tinamit.,tinamit
2739,0,"Ke'ominik,",ke'ominik
2739,1,E,e
2739,2,wiqitalik,wiqitalik
2739,3,Chi,chi
2739,4,"ch'ab',",ch'ab'
2739,5,Chi,chi
2739,6,pokob'.,pokob'
2740,0,Chikiq'osij,chikiq'osij
2740,1,ki,ki
2740,2,"chi',",chi'
2740,3,"Kelulutik,",kelulutik
2740,4,"Kechaninik,",kechaninik
2740,5,Chi,chi
2740,6,ominik,ominik
2740,7,Ki,ki
2740,8,"yuyub',",yuyub'
2740,9,Ki,ki
2740,10,xulq'ab'.,xulq'ab'
2741,0,Ta,ta
2741,1,xe'ok,xe'ok
2741,2,chuxe',chuxe'
2741,3,tinamit.,tinamit
2742,0,Ma,ma
2742,1,k'u,k'u
2742,2,ja,ja
2742,3,b'i,b'i
2742,4,kakixib'ij,kakixib'ij
2742,5,kib',kib'
2742,6,Ri,ri
2742,7,aj,aj
2742,8,"k'ixb',",k'ixb'
2742,9,Aj,aj
2742,10,k'ajb'.,k'ajb'
2743,0,Xa,xa
2743,1,keka'y,keka'y
2743,2,uloq,uloq
2743,3,chuchi',chuchi'
2743,4,k'oxtum.,k'oxtum
2744,0,E,e
2744,1,cholon,cholon
2744,2,uloq,uloq
2744,3,Ruk',ruk'
2744,4,"kixoqil,",kixoqil
2744,5,Kalk'u'al.,kalk'u'al
2745,0,Xa,xa
2745,1,ku'l,ku'l
2745,2,ki,ki
2745,3,"k'u'x,",k'u'x
2745,4,B'anoj,b'anoj
2745,5,kusuy,kusuy
2745,6,tzij,tzij
2745,7,ri,ri
2745,8,amaq'.,amaq'
2746,0,Ta,ta
2746,1,xe'aq'an,xe'aq'an
2746,2,k'ut,k'ut
2746,3,chuwach,chuwach
2746,4,juyub'.,juyub'
2747,0,Xa,xa
2747,1,k'u,k'u
2747,2,sqaqi'n,sqaqi'n
2747,3,chik,chik
2747,4,Mawi,mawi
2747,5,ketz'ako'nik,ketz'ako'nik
2747,6,chuchi',chuchi'
2747,7,tinamit.,tinamit
2748,0,K'ate,k'ate
2748,1,puch,puch
2748,2,ta,ta
2748,3,xjaq,xjaq
2748,4,u,u
2748,5,wi',wi'
2748,6,Ri,ri
2748,7,q'oq'ob'.,q'oq'ob'
2749,0,Kajib',kajib'
2749,1,k'o,k'o
2749,2,wi,wi
2749,3,chi,chi
2749,4,tinamit.,tinamit
2750,0,Ta,ta
2750,1,xe'el,xe'el
2750,2,k'u,k'u
2750,3,ri,ri
2750,4,"wonon,",wonon
2750,5,Sita'l.,sita'l
2751,0,Keje',keje'
2751,1,ri',ri'
2751,2,sib',sib'
2751,3,Ta,ta
2751,4,xel,xel
2751,5,chupan,chupan
2751,6,ri,ri
2751,7,jujun,jujun
2751,8,chi,chi
2751,9,q'oq'ob'.,q'oq'ob'
2752,0,Kutzin,kutzin
2752,1,k'u,k'u
2752,2,ri,ri
2752,3,aj,aj
2752,4,lab'al,lab'al
2752,5,Rumal,rumal
2752,6,chikop.,chikop
2753,0,Taqatoj,taqatoj
2753,1,chub'aq',chub'aq'
2753,2,ki,ki
2753,3,"wach,",wach
2753,4,Taqatoj,taqatoj
2753,5,puch,puch
2753,6,chi,chi
2753,7,ki,ki
2753,8,"tza'm,",tza'm
2753,9,Chi,chi
2753,10,ki,ki
2753,11,"chi',",chi'
2753,12,Chi,chi
2753,13,"kaqan,",kaqan
2753,14,Chi,chi
2753,15,ki,ki
2753,16,q'ab'.,q'ab'
2754,0,A,a
2754,1,k'o,k'o
2754,2,wi,wi
2754,3,xchib'e,xchib'e
2754,4,ki,ki
2754,5,chapa'.,chapa'
2755,0,A'on,a'on
2755,1,k'o,k'o
2755,2,wi,wi
2755,3,xchib'e,xchib'e
2755,4,ki,ki
2755,5,maja'.,maja'
2756,0,Ronojel,ronojel
2756,1,k'o,k'o
2756,2,wi,wi
2756,3,"wonon,",wonon
2756,4,"Sita'l,",sita'l
2756,5,Taqatoj,taqatoj
2756,6,chu,chu
2756,7,ti'omal,ti'omal
2756,8,u,u
2756,9,b'aq',b'aq'
2756,10,u,u
2756,11,"wach,",wach
2756,12,Xchikilij,xchikilij
2756,13,chu,chu
2756,14,b'uchu.,b'uchu
2757,0,Je,je
2757,1,taq,taq
2757,2,chikop,chikop
2757,3,Chirij,chirij
2757,4,ri,ri
2757,5,jujun,jujun
2757,6,chi,chi
2757,7,winaq.,winaq
2758,0,Xeq'ab'arik,xeq'ab'arik
2758,1,rumal,rumal
2758,2,"wonon,",wonon
2758,3,Sita'l.,sita'l
2759,0,Mawi,mawi
2759,1,xchapataj,xchapataj
2759,2,chik,chik
2759,3,ki,ki
2759,4,"ch'ab',",ch'ab'
2759,5,Ki,ki
2759,6,pokob'.,pokob'
2760,0,Kewonk'oyeje'ik,kewonk'oyeje'ik
2760,1,chuwach,chuwach
2760,2,taq,taq
2760,3,"ulew,",ulew
2760,4,Kelajajik.,kelajajik
2761,0,Xeqajik,xeqajik
2761,1,chuwach,chuwach
2761,2,"juyub',",juyub'
2761,3,Are,are
2761,4,k'ut,k'ut
2761,5,mawi,mawi
2761,6,kakina',kakina'
2761,7,chik.,chik
2762,0,Ta,ta
2762,1,xekaq',xekaq'
2762,2,chi,chi
2762,3,ch'ab'.,ch'ab'
2763,0,Xechoy,xechoy
2763,1,chi,chi
2763,2,ikaj.,ikaj
2764,0,Xa,xa
2764,1,b'olaj,b'olaj
2764,2,che',che'
2764,3,Xkikoj,xkikoj
2764,4,chik,chik
2764,5,B'alam,b'alam
2764,6,"Kitze,",kitze
2764,7,B'alam,b'alam
2764,8,Aq'ab'.,aq'ab'
2765,0,Xok,xok
2765,1,"kixoqil,",kixoqil
2765,2,E,e
2765,3,kamisanel.,kamisanel
2766,0,Xawi,xawi
2766,1,k'u,k'u
2766,2,xetzalij,xetzalij
2766,3,ri,ri
2766,4,chajkar,chajkar
2766,5,chik.,chik
2767,0,Xa,xa
2767,1,xel,xel
2767,2,chik,chik
2767,3,chi,chi
2767,4,kaqan,kaqan
2767,5,ronojel,ronojel
2767,6,amaq',amaq'
2767,7,Are,are
2767,8,xkiriq,xkiriq
2767,9,ki,ki
2767,10,nab'e,nab'e
2767,11,"xe'utzinik,",xe'utzinik
2767,12,Xekamisaxik.,xekamisaxik
2768,0,Ma,ma
2768,1,na,na
2768,2,xa,xa
2768,3,sqaqi'n,sqaqi'n
2768,4,chi,chi
2768,5,winaq,winaq
2768,6,"xkamik,",xkamik
2768,7,Mawi,mawi
2768,8,are,are
2768,9,xkam,xkam
2768,10,wi,wi
2768,11,ri'.,ri'
2769,0,Xkitzayij,xkitzayij
2769,1,chi,chi
2769,2,ki,ki
2769,3,"k'u'x,",k'u'x
2769,4,Xa,xa
2769,5,k'u,k'u
2769,6,chikop,chikop
2769,7,xok,xok
2769,8,chike.,chike
2770,0,Ma,ma
2770,1,na,na
2770,2,k'u,k'u
2770,3,la',la'
2770,4,achijilal,achijilal
2770,5,taj,taj
2770,6,Xkib'ano.,xkib'ano
2771,0,Mawi,mawi
2771,1,"ch'ab',",ch'ab'
2771,2,Mawi,mawi
2771,3,pokob',pokob'
2771,4,taj,taj
2771,5,xek'am,xek'am
2771,6,wi.,wi
2772,0,Ta,ta
2772,1,xeyoq'otajik,xeyoq'otajik
2772,2,ronojel,ronojel
2772,3,amaq'.,amaq'
2773,0,Xa,xa
2773,1,k'u,k'u
2773,2,xe'elaj,xe'elaj
2773,3,chik,chik
2773,4,ri,ri
2773,5,amaq',amaq'
2773,6,Chikiwach,chikiwach
2773,7,Ri,ri
2773,8,B'alam,b'alam
2773,9,"Kitze,",kitze
2773,10,B'alam,b'alam
2773,11,"Aq'ab',",aq'ab'
2773,12,Majukutaj.,majukutaj
2774,0,“Toq'ob',toq'ob'
2774,1,qa,qa
2774,2,wach.,wach
2775,0,Ma,ma
2775,1,ta,ta
2775,2,"kojkamik,”",kojkamik
2775,3,Xecha'.,xecha'
2776,0,“Utz,utz
2776,1,b'a,b'a
2776,2,"la',",la'
2776,3,Xax,xax
2776,4,ix,ix
2776,5,wi,wi
2776,6,kame'l,kame'l
2776,7,"chuxik,",chuxik
2776,8,Ix,ix
2776,9,aj,aj
2776,10,"patan,",patan
2776,11,Chi,chi
2776,12,b'e,b'e
2776,13,"q'ij,",q'ij
2776,14,Chi,chi
2776,15,b'e,b'e
2776,16,"saq,”",saq
2776,17,xe'uchaxik.,xe'uchaxik
2777,0,Keje',keje'
2777,1,k'ut,k'ut
2777,2,u,u
2777,3,ch'akatajik,ch'akatajik
2777,4,Ronojel,ronojel
2777,5,amaq'.,amaq'
2778,0,Ri',ri'
2778,1,kumal,kumal
2778,2,qa,qa
2778,3,nab'e,nab'e
2778,4,"chuch,",chuch
2778,5,Qajaw.,qajaw
2779,0,Chiri',chiri'
2779,1,xb'an,xb'an
2779,2,wi,wi
2779,3,chuwi',chuwi'
2779,4,"juyub',",juyub'
2779,5,Jaq'awitz,jaq'awitz
2779,6,u,u
2779,7,b'i'nam,b'i'nam
2779,8,wakamik,wakamik
2779,9,Are,are
2779,10,nab'e,nab'e
2779,11,xetike,xetike
2779,12,wi,wi
2779,13,Chiri'.,chiri'
2780,0,Xepoq',xepoq'
2780,1,wi;,wi
2780,2,Xek'iritaj,xek'iritaj
2780,3,wi.,wi
2781,0,"Xemi'alanik,",xemi'alanik
2781,1,Xek'ajolanik,xek'ajolanik
2781,2,chuwi',chuwi'
2781,3,Jaq'awitz.,jaq'awitz
2782,0,Keki'kot,keki'kot
2782,1,chik,chik
2782,2,ta,ta
2782,3,Xkich'ako,xkich'ako
2782,4,Ronojel,ronojel
2782,5,amaq'.,amaq'
2783,0,Chiri',chiri'
2783,1,ch'akatajinaq,ch'akatajinaq
2783,2,wi,wi
2783,3,chuwi',chuwi'
2783,4,juyub'.,juyub'
2784,0,Keje',keje'
2784,1,k'ut,k'ut
2784,2,xkib'an,xkib'an
2784,3,ri'.,ri'
2785,0,Xkich'ak,xkich'ak
2785,1,na,na
2785,2,"Amaq',",amaq'
2785,3,Ronojel,ronojel
2785,4,amaq'.,amaq'
2786,0,K'ate,k'ate
2786,1,k'ut,k'ut
2786,2,xku'b'e,xku'b'e
2786,3,ki,ki
2786,4,k'u'x.,k'u'x
2787,0,Xetzijon,xetzijon
2787,1,chire,chire
2787,2,ki,ki
2787,3,k'ajol,k'ajol
2787,4,Xnaqajoq,xnaqajoq
2787,5,Kekamoq.,kekamoq
2788,0,Ta,ta
2788,1,qi,qi
2788,2,xeraj,xeraj
2788,3,kamisaxik.,kamisaxik
2789,0,Are',are'
2789,1,chik,chik
2789,2,wi,wi
2789,3,xchiqab'ij,xchiqab'ij
2789,4,chik,chik
2789,5,ki,ki
2789,6,kamik,kamik
2789,7,B'alam,b'alam
2789,8,"Kitze,",kitze
2789,9,B'alam,b'alam
2789,10,"Aq'ab',",aq'ab'
2789,11,"Majukutaj,",majukutaj
2789,12,Ik'i,ik'i
2789,13,B'alam,b'alam
2789,14,ki,ki
2789,15,b'i'.,b'i'
2790,0,XKINA',xkina'
2790,1,k'ut,k'ut
2790,2,ki,ki
2790,3,"kamik,",kamik
2790,4,Ki,ki
2790,5,sachik.,sachik
2791,0,Ta,ta
2791,1,xepixab'ik,xepixab'ik
2791,2,chirech,chirech
2791,3,ki,ki
2791,4,k'ajol.,k'ajol
2792,0,Ma,ma
2792,1,na,na
2792,2,e,e
2792,3,ta,ta
2792,4,"yab',",yab'
2792,5,Ma,ma
2792,6,pu,pu
2792,7,"kejilowik,",kejilowik
2792,8,Kepolow,kepolow
2792,9,taj.,taj
2793,0,Ta,ta
2793,1,xkanaj,xkanaj
2793,2,ki,ki
2793,3,tzij,tzij
2793,4,chire,chire
2793,5,ki,ki
2793,6,k'ajol.,k'ajol
2794,0,Are',are'
2794,1,ki,ki
2794,2,b'i',b'i'
2794,3,ki,ki
2794,4,k'ajol,k'ajol
2794,5,"wa',",wa'
2794,6,E,e
2794,7,kaib',kaib'
2794,8,xuk'ajolaj,xuk'ajolaj
2794,9,B'alam,b'alam
2794,10,Kitze:,kitze
2794,11,K'o,k'o
2794,12,Kaib',kaib'
2794,13,u,u
2794,14,b'i',b'i'
2794,15,"nab'e'al,",nab'e'al
2794,16,K'o,k'o
2794,17,Kawib',kawib'
2794,18,chik,chik
2794,19,u,u
2794,20,b'i',b'i'
2794,21,u,u
2794,22,"kab'al,",kab'al
2794,23,U,u
2794,24,k'ajol,k'ajol
2794,25,B'alam,b'alam
2794,26,"Kitze,",kitze
2794,27,U,u
2794,28,"mam,",mam
2794,29,U,u
2794,30,qajaw,qajaw
2794,31,Kaweqib'.,kaweqib'
2795,0,E,e
2795,1,chi,chi
2795,2,wi,wi
2795,3,k'u,k'u
2795,4,kaib',kaib'
2795,5,chik,chik
2795,6,xuk'ajolaj,xuk'ajolaj
2795,7,B'alam,b'alam
2795,8,Aq'ab'.,aq'ab'
2796,0,Are',are'
2796,1,ki,ki
2796,2,b'i',b'i'
2796,3,wa':,wa'
2796,4,K'o,k'o
2796,5,Akul,akul
2796,6,u,u
2796,7,b'i',b'i'
2796,8,u,u
2796,9,nab'e,nab'e
2796,10,u,u
2796,11,"k'ajol,",k'ajol
2796,12,K'o,k'o
2796,13,Akutek,akutek
2796,14,chuchax,chuchax
2796,15,chik,chik
2796,16,u,u
2796,17,kab',kab'
2796,18,u,u
2796,19,k'ajol,k'ajol
2796,20,B'alam,b'alam
2796,21,Aq'ab',aq'ab'
2796,22,Rech,rech
2796,23,Nijaib'ab'.,nijaib'ab'
2797,0,Xa,xa
2797,1,k'u,k'u
2797,2,jun,jun
2797,3,xuk'ajolaj,xuk'ajolaj
2797,4,Majukutaj:,majukutaj
2797,5,K'o,k'o
2797,6,Ajaw,ajaw
2797,7,u,u
2797,8,b'i'.,b'i'
2798,0,E,e
2798,1,oxib',oxib'
2798,2,xek'ajolanik.,xek'ajolanik
2799,0,Maja,maja
2799,1,b'i,b'i
2799,2,u,u
2799,3,k'ajol,k'ajol
2799,4,ri,ri
2799,5,Ik'i,ik'i
2799,6,B'alam.,b'alam
2800,0,Qitzij,qitzij
2800,1,aj,aj
2800,2,"k'ixb',",k'ixb'
2800,3,Aj,aj
2800,4,k'ajb'.,k'ajb'
2801,0,Are',are'
2801,1,k'ut,k'ut
2801,2,ki,ki
2801,3,b'i',b'i'
2801,4,ki,ki
2801,5,k'ajol,k'ajol
2801,6,ri'.,ri'
2802,0,Are',are'
2802,1,xkipixab'aj,xkipixab'aj
2802,2,kanoq.,kanoq
2803,0,Xa,xa
2803,1,jun,jun
2803,2,e,e
2803,3,k'o,k'o
2803,4,wi,wi
2803,5,Ki,ki
2803,6,kaj,kaj
2803,7,ichal.,ichal
2804,0,Xeb'ixanik.,xeb'ixanik
2805,0,Chi,chi
2805,1,q'atat,q'atat
2805,2,ki,ki
2805,3,k'u'x.,k'u'x
2806,0,Choq',choq'
2806,1,pu,pu
2806,2,ki,ki
2806,3,k'u'x,k'u'x
2806,4,Chupan,chupan
2806,5,ki,ki
2806,6,b'ixik.,b'ixik
2807,0,“Qa,qa
2807,1,Muqu”,muqu
2807,2,u,u
2807,3,b'i',b'i'
2807,4,ki,ki
2807,5,b'ix,b'ix
2807,6,Xkib'ixaj.,xkib'ixaj
2808,0,Ta,ta
2808,1,xepixab',xepixab'
2808,2,k'ut,k'ut
2808,3,chire,chire
2808,4,ki,ki
2808,5,k'ajol:,k'ajol
2808,6,“Ix,ix
2808,7,qa,qa
2808,8,"k'ajol,",k'ajol
2808,9,"Kojb'ek,",kojb'ek
2808,10,Kojtzalij,kojtzalij
2808,11,puch.,puch
2809,0,Saqil,saqil
2809,1,"tzij,",tzij
2809,2,Saqil,saqil
2809,3,pixab',pixab'
2809,4,qa,qa
2809,5,pixab',pixab'
2809,6,chiwe.”,chiwe
2809,7,“Mi,mi
2809,8,k'u,k'u
2809,9,xixul,xixul
2809,10,K'a,k'a
2809,11,ka,ka
2809,12,najt,najt
2809,13,chi,chi
2809,14,"juyub'al,",juyub'al
2809,15,Ix,ix
2809,16,"qixoqil,”",qixoqil
2809,17,xecha',xecha'
2809,18,Chire,chire
2809,19,kixoqil,kixoqil
2809,20,chi,chi
2809,21,ki,ki
2809,22,jujunal.,jujunal
2810,0,Xepixab'ik:,xepixab'ik
2810,1,“Kojb'e,kojb'e
2810,2,chi,chi
2810,3,qamaq'.,qamaq'
2811,0,Cholan,cholan
2811,1,chik,chik
2811,2,Qajawal,qajawal
2811,3,"Kej,",kej
2811,4,Leman,leman
2811,5,chi,chi
2811,6,kaj.,kaj
2812,0,Xa,xa
2812,1,tzalijem,tzalijem
2812,2,Xchiqab'ano.,xchiqab'ano
2813,0,Mi,mi
2813,1,xb'anatajik,xb'anatajik
2813,2,qa,qa
2813,3,patan.,patan
2814,0,Mi,mi
2814,1,xtz'aqat,xtz'aqat
2814,2,qa,qa
2814,3,q'ij.,q'ij
2815,0,Kojina',kojina'
2815,1,k'ut.,k'ut
2816,0,Mojisacho.,mojisacho
2817,0,Mojimes,mojimes
2817,1,k'u,k'u
2817,2,taj,taj
2817,3,puch.,puch
2818,0,Chiwil,chiwil
2818,1,na,na
2818,2,"Iwochoch,",iwochoch
2818,3,I,i
2818,4,juyub'al,juyub'al
2818,5,puch.,puch
2819,0,Kixtike',kixtike'
2819,1,wi.,wi
2820,0,Ta,ta
2820,1,chuxoq.,chuxoq
2821,0,Kixb'e,kixb'e
2821,1,k'ut.,k'ut
2822,0,Chib'e,chib'e
2822,1,Iwila,iwila
2822,2,chik,chik
2822,3,Xojpe,xojpe
2822,4,"wi,”",wi
2822,5,Xcha',xcha'
2822,6,k'u,k'u
2822,7,Ki,ki
2822,8,tzij.,tzij
2823,0,Ta,ta
2823,1,xepixab'ik.,xepixab'ik
2824,0,Ta,ta
2824,1,xkanaj,xkanaj
2824,2,k'ut,k'ut
2824,3,"Retal,",retal
2824,4,U,u
2824,5,k'oje'ik,k'oje'ik
2824,6,ri,ri
2824,7,B'alam,b'alam
2824,8,Kitze.,kitze
2825,0,“Are',are'
2825,1,i,i
2825,2,na'tab'al,na'tab'al
2825,3,wech.,wech
2826,0,Wa',wa'
2826,1,xchinkanaj,xchinkanaj
2826,2,iwuk'.,iwuk'
2827,0,Are',are'
2827,1,i,i
2827,2,q'aq'al.,q'aq'al
2828,0,Wa'e.,wa'e
2829,0,Mi,mi
2829,1,"xnupixab'aj,",xnupixab'aj
2829,2,"Xnub'isoj,”",xnub'isoj
2829,3,xcha',xcha'
2829,4,k'ut,k'ut
2829,5,Ta,ta
2829,6,xukanaj,xukanaj
2829,7,Ri,ri
2829,8,"retal,",retal
2829,9,U,u
2829,10,k'oje'ik.,k'oje'ik
2830,0,Pisom,pisom
2830,1,Q'aq'al,q'aq'al
2830,2,Chuchaxik.,chuchaxik
2831,0,Mawi,mawi
2831,1,q'alaj,q'alaj
2831,2,u,u
2831,3,wach,wach
2831,4,Xa,xa
2831,5,wi,wi
2831,6,qi,qi
2831,7,pislik.,pislik
2832,0,Xmawi,xmawi
2832,1,kiron,kiron
2832,2,"wi,",wi
2832,3,Mawi,mawi
2832,4,q'alaj,q'alaj
2832,5,t'isb'al,t'isb'al
2832,6,"re,",re
2832,7,Rumal,rumal
2832,8,maji,maji
2832,9,xilowik,xilowik
2832,10,Ta,ta
2832,11,xpisik.,xpisik
2833,0,Keje',keje'
2833,1,k'ut,k'ut
2833,2,ki,ki
2833,3,pixab'ik,pixab'ik
2833,4,ri',ri'
2833,5,Ta,ta
2833,6,xesach,xesach
2833,7,k'ut,k'ut
2833,8,Chiri',chiri'
2833,9,Chuwi',chuwi'
2833,10,juyub',juyub'
2833,11,Jaq'awitz.,jaq'awitz
2834,0,Ma,ma
2834,1,na,na
2834,2,xemuq,xemuq
2834,3,taj,taj
2834,4,rumal,rumal
2834,5,"kixoqil,",kixoqil
2834,6,Kalk'u'al.,kalk'u'al
2835,0,Mawi,mawi
2835,1,q'alaj,q'alaj
2835,2,ki,ki
2835,3,"sachik,",sachik
2835,4,Ta,ta
2835,5,xesachik.,xesachik
2836,0,Xere,xere
2836,1,q'alaj,q'alaj
2836,2,ri,ri
2836,3,ki,ki
2836,4,pixab'ik.,pixab'ik
2837,0,Loq',loq'
2837,1,k'u,k'u
2837,2,ri,ri
2837,3,Pisom,pisom
2837,4,chikech,chikech
2837,5,xuxik.,xuxik
2838,0,Are',are'
2838,1,nab'ab'al,nab'ab'al
2838,2,rech,rech
2838,3,ki,ki
2838,4,qajaw.,qajaw
2839,0,Xa,xa
2839,1,ju,ju
2839,2,su,su
2839,3,xek'aton,xek'aton
2839,4,Chuwach,chuwach
2839,5,Ki,ki
2839,6,nab'ab'al,nab'ab'al
2839,7,rech,rech
2839,8,ki,ki
2839,9,qajaw.,qajaw
2840,0,Are,are
2840,1,ta,ta
2840,2,xwinaqir,xwinaqir
2840,3,wi,wi
2840,4,Winaq,winaq
2840,5,kumal,kumal
2840,6,ajawab',ajawab'
2840,7,Ta,ta
2840,8,xek'am,xek'am
2840,9,Chirij,chirij
2840,10,B'alam,b'alam
2840,11,Kitze,kitze
2840,12,tikarinaq,tikarinaq
2840,13,"wi,",wi
2840,14,U,u
2840,15,"mam,",mam
2840,16,U,u
2840,17,qajaw,qajaw
2840,18,Q'awekib'.,q'awekib'
2841,0,Xma,xma
2841,1,k'o,k'o
2841,2,wi,wi
2841,3,k'ut,k'ut
2841,4,Xkisach,xkisach
2841,5,wi,wi
2841,6,ri,ri
2841,7,u,u
2841,8,"k'ajol,",k'ajol
2841,9,Ri,ri
2841,10,K'o,k'o
2841,11,"Kaib',",kaib'
2841,12,K'o,k'o
2841,13,Kawib',kawib'
2841,14,ki,ki
2841,15,b'i'.,b'i'
2842,0,Keje',keje'
2842,1,k'ut,k'ut
2842,2,ki,ki
2842,3,kamik,kamik
2842,4,Ri,ri
2842,5,ki,ki
2842,6,kaj,kaj
2842,7,"ichal,",ichal
2842,8,E,e
2842,9,nab'e,nab'e
2842,10,qa,qa
2842,11,"mam,",mam
2842,12,Qa,qa
2842,13,qajaw.,qajaw
2843,0,Ta,ta
2843,1,"xesachik,",xesachik
2843,2,Ta,ta
2843,3,xkanaj,xkanaj
2843,4,chik,chik
2843,5,ki,ki
2843,6,k'ajol,k'ajol
2843,7,Chiri',chiri'
2843,8,Chuwi',chuwi'
2843,9,juyub',juyub'
2843,10,Jaq'awitz.,jaq'awitz
2844,0,Xeyaluj,xeyaluj
2844,1,chi,chi
2844,2,wi,wi
2844,3,ki,ki
2844,4,k'ajol,k'ajol
2844,5,Chiri'.,chiri'
2845,0,Qajinaq,qajinaq
2845,1,"chik,",chik
2845,2,Yoq'otajinaq,yoq'otajinaq
2845,3,chi,chi
2845,4,puch,puch
2845,5,Ki,ki
2845,6,q'ij,q'ij
2845,7,konojel,konojel
2845,8,amaq'.,amaq'
2846,0,Maja,maja
2846,1,b'i,b'i
2846,2,chik,chik
2846,3,ki,ki
2846,4,q'aq'al.,q'aq'al
2847,0,Xa,xa
2847,1,k'i,k'i
2847,2,e,e
2847,3,k'o,k'o
2847,4,chik,chik
2847,5,Xawi,xawi
2847,6,kuk'am,kuk'am
2847,7,kib',kib'
2847,8,konojel,konojel
2847,9,ju,ju
2847,10,ta,ta
2847,11,"q'ij,",q'ij
2847,12,Chikina'b'aj,chikina'b'aj
2847,13,ki,ki
2847,14,qajaw.,qajaw
2848,0,Nim,nim
2848,1,u,u
2848,2,q'ij,q'ij
2848,3,ri,ri
2848,4,Pisom,pisom
2848,5,chike.,chike
2849,0,Mawi,mawi
2849,1,chikikiro.,chikikiro
2850,0,Xawi,xawi
2850,1,pislik,pislik
2850,2,chiri',chiri'
2850,3,kuk'.,kuk'
2851,0,“Pisom,pisom
2851,1,Q'aq'al”,q'aq'al
2851,2,chuchaxik,chuchaxik
2851,3,kumal,kumal
2851,4,Ta,ta
2851,5,xk'oji'k.,xk'oji'k
2852,0,Xb'i'naj,xb'i'naj
2852,1,puch,puch
2852,2,ki,ki
2852,3,"“Q'u'n,”",q'u'n
2852,4,Xya',xya'
2852,5,kanoq,kanoq
2852,6,rumal,rumal
2852,7,ki,ki
2852,8,qajaw.,qajaw
2853,0,Xa,xa
2853,1,retal,retal
2853,2,qi,qi
2853,3,Ki,ki
2853,4,k'oje'ik,k'oje'ik
2853,5,ta,ta
2853,6,xkib'ano.,xkib'ano
2854,0,Keje',keje'
2854,1,k'u,k'u
2854,2,ki,ki
2854,3,"sachik,",sachik
2854,4,Ki,ki
2854,5,ma'ixik,ma'ixik
2854,6,B'alam,b'alam
2854,7,"Kitze,",kitze
2854,8,B'alam,b'alam
2854,9,"Aq'ab',",aq'ab'
2854,10,"Majukutaj,",majukutaj
2854,11,Ik'i,ik'i
2854,12,"B'alam,",b'alam
2854,13,E,e
2854,14,nab'e,nab'e
2854,15,winaq,winaq
2854,16,Xepe,xepe
2854,17,"chila',",chila'
2854,18,Ch'aqa,ch'aqa
2854,19,palo,palo
2854,20,Chi,chi
2854,21,releb'al,releb'al
2854,22,q'ij.,q'ij
2855,0,Ojeroq,ojeroq
2855,1,ke'ul,ke'ul
2855,2,waral.,waral
2856,0,Ta,ta
2856,1,xekamik,xekamik
2856,2,e,e
2856,3,ri'j,ri'j
2856,4,chik.,chik
2857,0,E,e
2857,1,aj,aj
2857,2,"k'ixb',",k'ixb'
2857,3,Aj,aj
2857,4,k'ajb',k'ajb'
2857,5,ki,ki
2857,6,b'i'nam.,b'i'nam
2858,0,K'ATE,k'ate
2858,1,puch,puch
2858,2,ta,ta
2858,3,xkik'u'xlaj,xkik'u'xlaj
2858,4,Ki,ki
2858,5,b'ik,b'ik
2858,6,Chila',chila'
2858,7,Releb'al,releb'al
2858,8,q'ij.,q'ij
2859,0,Are',are'
2859,1,ki,ki
2859,2,k'u'xlan,k'u'xlan
2859,3,Ri,ri
2859,4,u,u
2859,5,pixab',pixab'
2859,6,ki,ki
2859,7,qajaw.,qajaw
2860,0,Mawi,mawi
2860,1,xkisacho.,xkisacho
2861,0,Xojeroq,xojeroq
2861,1,kekamoq,kekamoq
2861,2,ki,ki
2861,3,qajaw.,qajaw
2862,0,Xya',xya'
2862,1,kixoqil,kixoqil
2862,2,amaq'.,amaq'
2863,0,Xkiji'aj.,xkiji'aj
2864,0,Ta,ta
2864,1,xech'oko,xech'oko
2864,2,ixoq,ixoq
2864,3,e,e
2864,4,oxib'.,oxib'
2865,0,Xecha',xecha'
2865,1,k'ut,k'ut
2865,2,ta,ta
2865,3,xeb'ek:,xeb'ek
2865,4,“Kojb'e,kojb'e
2865,5,chila',chila'
2865,6,releb'al,releb'al
2865,7,q'ij.,q'ij
2866,0,Chila',chila'
2866,1,xepe,xepe
2866,2,wi,wi
2866,3,qa,qa
2866,4,"qajaw,”",qajaw
2866,5,Xecha',xecha'
2866,6,ta,ta
2866,7,xkik'am,xkik'am
2866,8,ki,ki
2866,9,b'e,b'e
2866,10,E,e
2866,11,oxib',oxib'
2866,12,chi,chi
2866,13,k'ajolaxel.,k'ajolaxel
2867,0,K'o,k'o
2867,1,Kaib',kaib'
2867,2,U,u
2867,3,b'i',b'i'
2867,4,"jun,",jun
2867,5,U,u
2867,6,k'ajol,k'ajol
2867,7,B'alam,b'alam
2867,8,"Kitze,",kitze
2867,9,Rech,rech
2867,10,ronojel,ronojel
2867,11,Kaweqib'.,kaweqib'
2868,0,K'o,k'o
2868,1,Akutek,akutek
2868,2,U,u
2868,3,b'i',b'i'
2868,4,K'ajol,k'ajol
2868,5,B'alam,b'alam
2868,6,"Aq'ab',",aq'ab'
2868,7,Xa,xa
2868,8,rech,rech
2868,9,Nijaib'ab'.,nijaib'ab'
2869,0,K'o,k'o
2869,1,Ajaw,ajaw
2869,2,U,u
2869,3,b'i',b'i'
2869,4,jun,jun
2869,5,"chik,",chik
2869,6,U,u
2869,7,k'ajol,k'ajol
2869,8,Majukutaj,majukutaj
2869,9,Rech,rech
2869,10,Ajaw,ajaw
2869,11,K'iche'.,k'iche'
2870,0,Are',are'
2870,1,k'u,k'u
2870,2,ki,ki
2870,3,"b'i',",b'i'
2870,4,Ri',ri'
2870,5,xeb'e,xeb'e
2870,6,chila',chila'
2870,7,ch'aqa,ch'aqa
2870,8,palo.,palo
2871,0,E,e
2871,1,oxib',oxib'
2871,2,Ta,ta
2871,3,xeb'ek.,xeb'ek
2872,0,Xawi,xawi
2872,1,k'o,k'o
2872,2,ki,ki
2872,3,"na'oj,",na'oj
2872,4,K'o,k'o
2872,5,pu,pu
2872,6,keta'mab'al.,keta'mab'al
2873,0,Ma,ma
2873,1,na,na
2873,2,xa,xa
2873,3,e,e
2873,4,ta,ta
2873,5,winaq,winaq
2873,6,ki,ki
2873,7,k'oje'ik.,k'oje'ik
2874,0,Xkipixab'aj,xkipixab'aj
2874,1,kanoq,kanoq
2874,2,Ronojel,ronojel
2874,3,"katz,",katz
2874,4,Ki,ki
2874,5,ch'aq.,ch'aq
2875,0,"Keki'kotik,",keki'kotik
2875,1,Xeb'ek.,xeb'ek
2876,0,“Mawi,mawi
2876,1,"kojkamik,",kojkamik
2876,2,"Kojulik,”",kojulik
2876,3,Xecha',xecha'
2876,4,Ta,ta
2876,5,xeb'ek,xeb'ek
2876,6,e,e
2876,7,oxib'.,oxib'
2877,0,Xawi,xawi
2877,1,xere,xere
2877,2,xe'ik'owik,xe'ik'owik
2877,3,chuwi',chuwi'
2877,4,palo,palo
2877,5,Ta,ta
2877,6,xe'opon,xe'opon
2877,7,k'ut,k'ut
2877,8,chila',chila'
2877,9,releb'al,releb'al
2877,10,q'ij.,q'ij
2878,0,Ta,ta
2878,1,xb'e,xb'e
2878,2,ki,ki
2878,3,k'ama',k'ama'
2878,4,ri,ri
2878,5,ajawarem.,ajawarem
2879,0,Are',are'
2879,1,k'ut,k'ut
2879,2,u,u
2879,3,b'i',b'i'
2879,4,ajaw,ajaw
2879,5,"wa',",wa'
2879,6,Rajawal,rajawal
2879,7,Aj,aj
2879,8,releb'al,releb'al
2879,9,q'ij.,q'ij
2880,0,Xe'opon,xe'opon
2880,1,wi.,wi
2881,0,TA,ta
2881,1,xe'opon,xe'opon
2881,2,k'ut,k'ut
2881,3,Chuwach,chuwach
2881,4,ajaw.,ajaw
2882,0,Nakxit,nakxit
2882,1,u,u
2882,2,b'i',b'i'
2882,3,nima,nima
2882,4,ajaw.,ajaw
2883,0,Xa,xa
2883,1,ju,ju
2883,2,q'atol,q'atol
2883,3,"tzij,",tzij
2883,4,Tzatz,tzatz
2883,5,rajawarem.,rajawarem
2884,0,Are',are'
2884,1,k'ut,k'ut
2884,2,xya'w,xya'w
2884,3,uloq,uloq
2884,4,retal,retal
2884,5,"ajawarem,",ajawarem
2884,6,Ronojel,ronojel
2884,7,u,u
2884,8,wachinel.,wachinel
2885,0,Ta,ta
2885,1,xpetik,xpetik
2885,2,retal,retal
2885,3,Aj,aj
2885,4,"Popol,",popol
2885,5,Aj,aj
2885,6,Pop,pop
2885,7,K'am,k'am
2885,8,Ja'il.,ja'il
2886,0,Ta,ta
2886,1,xpe,xpe
2886,2,k'ut,k'ut
2886,3,retal,retal
2886,4,u,u
2886,5,"q'aq'al,",q'aq'al
2886,6,Rajawarem,rajawarem
2886,7,puch:,puch
2886,8,Aj,aj
2886,9,"Pop,",pop
2886,10,Aj,aj
2886,11,Pop,pop
2886,12,K'am,k'am
2886,13,Ja.,ja
2887,0,Xk'is,xk'is
2887,1,u,u
2887,2,ya',ya'
2887,3,uloq,uloq
2887,4,Nakxit,nakxit
2887,5,U,u
2887,6,wachinel,wachinel
2887,7,rajawarem.,rajawarem
2888,0,Are',are'
2888,1,taq,taq
2888,2,u,u
2888,3,b'i',b'i'
2888,4,Wa':,wa'
2888,5,"Muj,",muj
2888,6,"Q'alib'aj,",q'alib'aj
2888,7,Su',su'
2888,8,"B'aq,",b'aq
2888,9,Cham,cham
2888,10,"Cham,",cham
2888,11,"Tatil,",tatil
2888,12,Q'an,q'an
2888,13,"Ab'aj,",ab'aj
2888,14,Tz'ikwil,tz'ikwil
2888,15,"Koj,",koj
2888,16,Tz'ikwil,tz'ikwil
2888,17,"B'alam,",b'alam
2888,18,"Jolom,",jolom
2888,19,Pich,pich
2888,20,"Kej,",kej
2888,21,"Makutax,",makutax
2888,22,T'ot',t'ot'
2888,23,"tatam,",tatam
2888,24,K'us,k'us
2888,25,"B'us,",b'us
2888,26,"Kaxkon,",kaxkon
2888,27,"Chiyom,",chiyom
2888,28,Astapulul.,astapulul
2889,0,Ronojel,ronojel
2889,1,k'u,k'u
2889,2,kek'am,kek'am
2889,3,ri,ri
2889,4,"xepetik,",xepetik
2889,5,Ta,ta
2889,6,xkik'am,xkik'am
2889,7,ula,ula
2889,8,ri,ri
2889,9,ch'aqa,ch'aqa
2889,10,palo,palo
2889,11,U,u
2889,12,tz'ib'al,tz'ib'al
2889,13,"Tulan,",tulan
2889,14,U,u
2889,15,tz'ib'al,tz'ib'al
2889,16,xecha',xecha'
2889,17,chire.,chire
2890,0,K'i,k'i
2890,1,okinaq,okinaq
2890,2,"chupan,",chupan
2890,3,Chupan,chupan
2890,4,ki,ki
2890,5,tzij.,tzij
2891,0,K'ATE,k'ate
2891,1,puch,puch
2891,2,ta,ta
2891,3,xe'ulik,xe'ulik
2891,4,"chiri',",chiri'
2891,5,Chuwi',chuwi'
2891,6,ki,ki
2891,7,tinamit,tinamit
2891,8,Jaq'awitz,jaq'awitz
2891,9,u,u
2891,10,"b'i',",b'i'
2891,11,Chiri',chiri'
2891,12,k'ut,k'ut
2891,13,xekuch,xekuch
2891,14,wi,wi
2891,15,ronojel,ronojel
2891,16,"Tamub',",tamub'
2891,17,Ilokab',ilokab'
2891,18,xekuchu,xekuchu
2891,19,kib'.,kib'
2892,0,Ronojel,ronojel
2892,1,amaq',amaq'
2892,2,xeki'kotik,xeki'kotik
2892,3,Ta,ta
2892,4,xe'ulik,xe'ulik
2892,5,"K'okaib',",k'okaib'
2892,6,K'o,k'o
2892,7,"Akutek,",akutek
2892,8,K'o,k'o
2892,9,Ajaw.,ajaw
2893,0,Xawi,xawi
2893,1,chiri',chiri'
2893,2,chik,chik
2893,3,Xkik'am,xkik'am
2893,4,wi,wi
2893,5,kajawarem,kajawarem
2893,6,amaq'.,amaq'
2894,0,Xeki'kotik,xeki'kotik
2894,1,e,e
2894,2,"Rab'inaleb',",rab'inaleb'
2894,3,E,e
2894,4,"Kaqchekeleb',",kaqchekeleb'
2894,5,Aj,aj
2894,6,Tz'ikina,tz'ikina
2894,7,Ja.,ja
2895,0,Xa,xa
2895,1,retal,retal
2895,2,xk'utun,xk'utun
2895,3,Chikiwach,chikiwach
2895,4,Ri,ri
2895,5,u,u
2895,6,nimal,nimal
2895,7,ajawarem.,ajawarem
2896,0,Nim,nim
2896,1,chik,chik
2896,2,ki,ki
2896,3,k'oje'ik,k'oje'ik
2896,4,Chuxik,chuxik
2896,5,amaq'.,amaq'
2897,0,Ma,ma
2897,1,nab'e,nab'e
2897,2,xk'is,xk'is
2897,3,Ta,ta
2897,4,qi,qi
2897,5,k'ut,k'ut
2897,6,kajawarem.,kajawarem
2898,0,Are,are
2898,1,E,e
2898,2,k'o,k'o
2898,3,chiri',chiri'
2898,4,Jaq'awitz.,jaq'awitz
2899,0,Najt,najt
2899,1,chi,chi
2899,2,k'ut,k'ut
2899,3,xkib'an,xkib'an
2899,4,Chiri',chiri'
2899,5,Chuwi',chuwi'
2899,6,juyub'.,juyub'
2900,0,E,e
2900,1,k'i,k'i
2900,2,chik,chik
2900,3,Chi,chi
2900,4,konojel.,konojel
2901,0,Chiri',chiri'
2901,1,k'ut,k'ut
2901,2,xekam,xekam
2901,3,wi,wi
2901,4,Kixoqil,kixoqil
2901,5,B'alam,b'alam
2901,6,"Kitze,",kitze
2901,7,B'alam,b'alam
2901,8,"Aq'ab',",aq'ab'
2901,9,Majukutaj.,majukutaj
2902,0,Ta,ta
2902,1,"xepetik,",xepetik
2902,2,Xkoqotaj,xkoqotaj
2902,3,chi,chi
2902,4,kanoq,kanoq
2902,5,Ri,ri
2902,6,ki,ki
2902,7,juyub'al.,juyub'al
2903,0,Jun,jun
2903,1,chi,chi
2903,2,juyub',juyub'
2903,3,xkitzukuj,xkitzukuj
2903,4,Are,are
2903,5,ketik'e,ketik'e
2903,6,wi.,wi
2904,0,Mawi,mawi
2904,1,ajilam,ajilam
2904,2,juyub',juyub'
2904,3,xetik'e,xetik'e
2904,4,wi.,wi
2905,0,Ta,ta
2905,1,"xekob'i'k,",xekob'i'k
2905,2,Ta,ta
2905,3,xeb'i'naj,xeb'i'naj
2905,4,puch,puch
2905,5,chire,chire
2905,6,"Xemolomanik,",xemolomanik
2905,7,Xech'ijomanik,xech'ijomanik
2905,8,E,e
2905,9,nab'e,nab'e
2905,10,qa,qa
2905,11,"chuch,",chuch
2905,12,E,e
2905,13,nab'e,nab'e
2905,14,qa,qa
2905,15,qajaw.,qajaw
2906,0,Xecha',xecha'
2906,1,ojer,ojer
2906,2,taq,taq
2906,3,winaq,winaq
2906,4,Ta,ta
2906,5,"xkitzijoj,",xkitzijoj
2906,6,Ta,ta
2906,7,xkitolob'a',xkitolob'a'
2906,8,pu,pu
2906,9,Kanajoq,kanajoq
2906,10,Nab'e,nab'e
2906,11,ki,ki
2906,12,"tinamit,",tinamit
2906,13,Jaq'awitz,jaq'awitz
2906,14,u,u
2906,15,b'i',b'i'
2906,16,Ta,ta
2906,17,xe'ul,xe'ul
2906,18,chi,chi
2906,19,k'u,k'u
2906,20,chiri',chiri'
2906,21,Xkitikilib'ej,xkitikilib'ej
2906,22,chik,chik
2906,23,Jun,jun
2906,24,tinamit,tinamit
2906,25,Chi,chi
2906,26,K'ix,k'ix
2906,27,u,u
2906,28,b'i'.,b'i'
2907,0,Najt,najt
2907,1,chi,chi
2907,2,xkib'an,xkib'an
2907,3,chiri',chiri'
2907,4,Chuwi',chuwi'
2907,5,ju,ju
2907,6,ch'ob',ch'ob'
2907,7,tinamit.,tinamit
2908,0,"Kemi'alanik,",kemi'alanik
2908,1,Kek'ajolanik,kek'ajolanik
2908,2,puch,puch
2908,3,Chiri',chiri'
2908,4,ke,ke
2908,5,e,e
2908,6,k'o,k'o
2908,7,taq,taq
2908,8,wi.,wi
2909,0,Are',are'
2909,1,taq,taq
2909,2,kaji,kaji
2909,3,juyub',juyub'
2909,4,"wa',",wa'
2909,5,Xa,xa
2909,6,jun,jun
2909,7,xchok,xchok
2909,8,wi,wi
2909,9,U,u
2909,10,b'i',b'i'
2909,11,ri,ri
2909,12,ki,ki
2909,13,tinamit.,tinamit
2910,0,Xkik'ulub'a',xkik'ulub'a'
2910,1,ki,ki
2910,2,"mi'al,",mi'al
2910,3,Ki,ki
2910,4,k'ajol,k'ajol
2910,5,xaqi,xaqi
2910,6,chikisipaj.,chikisipaj
2911,0,Xa,xa
2911,1,"toq'ob'anik,",toq'ob'anik
2911,2,Xa,xa
2911,3,pu,pu
2911,4,mayjanik,mayjanik
2911,5,chikib'ano.,chikib'ano
2912,0,Rajil,rajil
2912,1,ki,ki
2912,2,mi'al,mi'al
2912,3,chikik'amo.,chikik'amo
2913,0,Xa,xa
2913,1,utz,utz
2913,2,ki,ki
2913,3,k'oje'ik,k'oje'ik
2913,4,xkib'ano.,xkib'ano
2914,0,Ta,ta
2914,1,xe'ik'o,xe'ik'o
2914,2,chiri',chiri'
2914,3,chuwi',chuwi'
2914,4,Ju,ju
2914,5,taq,taq
2914,6,ch'ob',ch'ob'
2914,7,chi,chi
2914,8,tinamit.,tinamit
2915,0,Wa',wa'
2915,1,taq,taq
2915,2,u,u
2915,3,b'i',b'i'
2915,4,E,e
2915,5,Chi,chi
2915,6,K'ix:,k'ix
2915,7,Chi,chi
2915,8,"Chak,",chak
2915,9,Jumeta,jumeta
2915,10,"Ja,",ja
2915,11,"K'ulb'a,",k'ulb'a
2915,12,Kawinal,kawinal
2915,13,U,u
2915,14,b'i',b'i'
2915,15,juyub'.,juyub'
2916,0,Xeyaluj,xeyaluj
2916,1,wi,wi
2916,2,Are,are
2916,3,k'ut,k'ut
2916,4,kakinik'wachij,kakinik'wachij
2916,5,ri,ri
2916,6,"juyub',",juyub'
2916,7,Ki,ki
2916,8,tinamit,tinamit
2916,9,puch.,puch
2917,0,Ulaj,ulaj
2917,1,juyub',juyub'
2917,2,kakitzukuj.,kakitzukuj
2918,0,E,e
2918,1,k'u,k'u
2918,2,k'i,k'i
2918,3,chik,chik
2918,4,chi,chi
2918,5,konojel.,konojel
2919,0,Xa,xa
2919,1,k'u,k'u
2919,2,kaminaqoq,kaminaqoq
2919,3,Ri,ri
2919,4,k'amol,k'amol
2919,5,ajawarem,ajawarem
2919,6,releb'al,releb'al
2919,7,"q'ij,",q'ij
2919,8,E,e
2919,9,mamaxel,mamaxel
2919,10,chik,chik
2919,11,xe'ul,xe'ul
2919,12,chiri',chiri'
2919,13,Chuwi',chuwi'
2919,14,jujun,jujun
2919,15,tinamit.,tinamit
2920,0,Ma,ma
2920,1,na,na
2920,2,xuk'am,xuk'am
2920,3,ki,ki
2920,4,wach,wach
2920,5,Ri,ri
2920,6,xe'ik'o,xe'ik'o
2920,7,wi,wi
2920,8,Je,je
2920,9,taq,taq
2920,10,wi,wi
2920,11,uloq,uloq
2920,12,"k'axk'ol,",k'axk'ol
2920,13,Ra'il,ra'il
2920,14,xkib'ano.,xkib'ano
2921,0,K'a,k'a
2921,1,u,u
2921,2,najt,najt
2921,3,xkiriq,xkiriq
2921,4,wi,wi
2921,5,Ki,ki
2921,6,tinamit,tinamit
2921,7,E,e
2921,8,"mamaxel,",mamaxel
2921,9,E,e
2921,10,pu,pu
2921,11,qajawixel.,qajawixel
2922,0,Wa',wa'
2922,1,k'u,k'u
2922,2,u,u
2922,3,b'i',b'i'
2922,4,tinamit,tinamit
2922,5,E,e
2922,6,xe'ul,xe'ul
2922,7,wi:,wi
2923,0,CHI,chi
2923,1,ISMACHI',ismachi'
2923,2,"k'ut,",k'ut
2923,3,U,u
2923,4,b'i',b'i'
2923,5,juyub',juyub'
2923,6,ki,ki
2923,7,tinamit,tinamit
2923,8,xek'oje',xek'oje'
2923,9,wi.,wi
2924,0,Chi,chi
2924,1,nay,nay
2924,2,puch,puch
2924,3,xe'amaq'elab',xe'amaq'elab'
2924,4,"wi,",wi
2924,5,Chiri',chiri'
2924,6,k'ut,k'ut
2924,7,xkitij,xkitij
2924,8,wi,wi
2924,9,q'aq'al.,q'aq'al
2925,0,Xk'aj,xk'aj
2925,1,ki,ki
2925,2,"chun,",chun
2925,3,Ki,ki
2925,4,"sajkab',",sajkab'
2925,5,Chukaj,chukaj
2925,6,le,le
2925,7,oq,oq
2925,8,"ajawab',",ajawab'
2925,9,Xecha',xecha'
2925,10,k'u,k'u
2925,11,ri,ri
2925,12,K'o,k'o
2925,13,"Nache',",nache'
2925,14,Xu,xu
2925,15,B'elejeb',b'elejeb'
2925,16,Kej,kej
2925,17,Ruk',ruk'
2925,18,puch,puch
2925,19,Q'alel,q'alel
2925,20,Ajaw.,ajaw
2926,0,Ta,ta
2926,1,xajawar,xajawar
2926,2,k'ut,k'ut
2926,3,Ajaw,ajaw
2926,4,K'o,k'o
2926,5,"Tuja,",tuja
2926,6,Ruk',ruk'
2926,7,Istayul,istayul
2926,8,ki,ki
2926,9,"b'i',",b'i'
2926,10,Aj,aj
2926,11,"Pop,",pop
2926,12,Aj,aj
2926,13,Pop,pop
2926,14,K'am,k'am
2926,15,Ja.,ja
2927,0,Xe'ajawar,xe'ajawar
2927,1,chiri',chiri'
2927,2,Chi,chi
2927,3,Ismachi'.,ismachi'
2928,0,Utzilaj,utzilaj
2928,1,tinamit,tinamit
2928,2,"xuxik,",xuxik
2928,3,Xkib'ano.,xkib'ano
2929,0,Xa,xa
2929,1,k'u,k'u
2929,2,oxib',oxib'
2929,3,ri,ri
2929,4,nim,nim
2929,5,ja,ja
2929,6,xux,xux
2929,7,chiri',chiri'
2929,8,Chi,chi
2929,9,Ismachi'.,ismachi'
2930,0,Maja,maja
2930,1,b'i'oq,b'i'oq
2930,2,ri,ri
2930,3,juwinaq,juwinaq
2930,4,kajib',kajib'
2930,5,chi,chi
2930,6,nim,nim
2930,7,ja.,ja
2931,0,K'a,k'a
2931,1,oxib',oxib'
2931,2,oq,oq
2931,3,ki,ki
2931,4,nim,nim
2931,5,ja.,ja
2932,0,Xa,xa
2932,1,jun,jun
2932,2,u,u
2932,3,nim,nim
2932,4,ja,ja
2932,5,Kaweqib'.,kaweqib'
2933,0,Xa,xa
2933,1,k'u,k'u
2933,2,jun,jun
2933,3,nim,nim
2933,4,ja,ja
2933,5,Chuwach,chuwach
2933,6,Nijaib'ab'.,nijaib'ab'
2934,0,Xa,xa
2934,1,nay,nay
2934,2,pu,pu
2934,3,jun,jun
2934,4,Rech,rech
2934,5,Ajaw,ajaw
2934,6,K'iche'.,k'iche'
2935,0,Xaqi,xaqi
2935,1,kaib',kaib'
2935,2,chi,chi
2935,3,kumatzil,kumatzil
2935,4,nim,nim
2935,5,ja,ja
2935,6,Ri,ri
2935,7,ka,ka
2935,8,ch'ob',ch'ob'
2935,9,chi,chi
2935,10,chinamit,chinamit
2935,11,Are,are
2935,12,e,e
2935,13,k'o,k'o
2935,14,Chi,chi
2935,15,Ismachi'.,ismachi'
2936,0,Xa,xa
2936,1,jun,jun
2936,2,ki,ki
2936,3,k'u'x.,k'u'x
2937,0,Maja,maja
2937,1,b'i,b'i
2937,2,"kitzelal,",kitzelal
2937,3,Ma,ma
2937,4,pu,pu
2937,5,ja,ja
2937,6,b'i,b'i
2937,7,ki,ki
2937,8,kayewal.,kayewal
2938,0,Xa,xa
2938,1,li'anik,li'anik
2938,2,Ajawarem.,ajawarem
2939,0,Maja,maja
2939,1,b'i,b'i
2939,2,ki,ki
2939,3,"ch'a'oj,",ch'a'oj
2939,4,Ki,ki
2939,5,yujuj,yujuj
2939,6,puch.,puch
2940,0,Xa,xa
2940,1,"saq,",saq
2940,2,Xa,xa
2940,3,amaq',amaq'
2940,4,k'o,k'o
2940,5,chi,chi
2940,6,ki,ki
2940,7,k'u'x.,k'u'x
2941,0,Maja,maja
2941,1,b'i,b'i
2941,2,"moxwachinik,",moxwachinik
2941,3,Ma,ma
2941,4,pu,pu
2941,5,ja,ja
2941,6,b'i,b'i
2941,7,q'aq'wachinik,q'aq'wachinik
2941,8,Xkib'ano.,xkib'ano
2942,0,K'a,k'a
2942,1,ch'uti'noq,ch'uti'noq
2942,2,ki,ki
2942,3,q'aq'al.,q'aq'al
2943,0,Maja,maja
2943,1,ki,ki
2943,2,"kanuk'maijoq,",kanuk'maijoq
2943,3,Maja,maja
2943,4,pu,pu
2943,5,kanimaroq.,kanimaroq
2944,0,Ta,ta
2944,1,xkitij,xkitij
2944,2,"k'ut,",k'ut
2944,3,Xkikowisaj,xkikowisaj
2944,4,pokob',pokob'
2944,5,Chiri',chiri'
2944,6,Chi,chi
2944,7,Ismachi'.,ismachi'
2945,0,Xretal,xretal
2945,1,ki,ki
2945,2,"q'aq'al,",q'aq'al
2945,3,Retal,retal
2945,4,nay,nay
2945,5,pu,pu
2945,6,ki,ki
2945,7,nimal.,nimal
2946,0,Ta,ta
2946,1,xil,xil
2946,2,k'ut,k'ut
2946,3,rumal,rumal
2946,4,"Ilokab',",ilokab'
2946,5,Ta,ta
2946,6,xwinaqir,xwinaqir
2946,7,lab'al,lab'al
2946,8,rumal,rumal
2946,9,Ilokab'.,ilokab'
2947,0,Xraj,xraj
2947,1,ul,ul
2947,2,kamisaxoq,kamisaxoq
2947,3,ri,ri
2947,4,ajaw,ajaw
2947,5,K'o,k'o
2947,6,Tuja.,tuja
2948,0,Are',are'
2948,1,ri,ri
2948,2,ajaw,ajaw
2948,3,Istayul,istayul
2948,4,xraj,xraj
2948,5,ki,ki
2948,6,"tijoj,",tijoj
2948,7,Xraj,xraj
2948,8,tijox,tijox
2948,9,kumal,kumal
2948,10,Ilokab',ilokab'
2948,11,chi,chi
2948,12,kamisanik.,kamisanik
2949,0,Ma,ma
2949,1,k'u,k'u
2949,2,xel,xel
2949,3,aponoq,aponoq
2949,4,Ki,ki
2949,5,moxwachib'al,moxwachib'al
2949,6,chirij,chirij
2949,7,ajaw,ajaw
2949,8,K'o,k'o
2949,9,Tuja.,tuja
2950,0,Xa,xa
2950,1,chikij,chikij
2950,2,xqaj,xqaj
2950,3,wi.,wi
2951,0,Ma,ma
2951,1,nab'e,nab'e
2951,2,xkam,xkam
2951,3,ta,ta
2951,4,ri,ri
2951,5,ajaw,ajaw
2951,6,rumal,rumal
2951,7,Ilokab'.,ilokab'
2952,0,Keje',keje'
2952,1,k'ut,k'ut
2952,2,u,u
2952,3,xe'najik,xe'najik
2952,4,yujuj,yujuj
2952,5,Ch'akimal,ch'akimal
2952,6,lab'al,lab'al
2952,7,puch.,puch
2953,0,Xkokib'ej,xkokib'ej
2953,1,nab'e,nab'e
2953,2,"tinamit,",tinamit
2953,3,Xeb'ek,xeb'ek
2953,4,e,e
2953,5,kamisanel.,kamisanel
2954,0,Are',are'
2954,1,ta,ta
2954,2,k'u,k'u
2954,3,"xkaj,",xkaj
2954,4,Ri,ri
2954,5,sach,sach
2954,6,ta,ta
2954,7,u,u
2954,8,wach,wach
2954,9,K'iche'.,k'iche'
2955,0,Xa,xa
2955,1,ta,ta
2955,2,ki,ki
2955,3,tukel,tukel
2955,4,xajawarik,xajawarik
2955,5,chi,chi
2955,6,ki,ki
2955,7,"k'u'x,",k'u'x
2955,8,Xa,xa
2955,9,k'u,k'u
2955,10,are',are'
2955,11,xe'ul,xe'ul
2955,12,k'amoq.,k'amoq
2956,0,"Xeteleche'xik,",xeteleche'xik
2956,1,Xekanab'ix,xekanab'ix
2956,2,puch.,puch
2957,0,Mawi,mawi
2957,1,jarub',jarub'
2957,2,chik,chik
2957,3,Xkolotaj,xkolotaj
2957,4,chike.,chike
2958,0,Ta,ta
2958,1,xtiker,xtiker
2958,2,k'ut,k'ut
2958,3,"pusunik,",pusunik
2958,4,Xepus,xepus
2958,5,ri,ri
2958,6,Ilokab',ilokab'
2958,7,chuwach,chuwach
2958,8,k'ab'awil.,k'ab'awil
2959,0,Are',are'
2959,1,chik,chik
2959,2,tojb'al,tojb'al
2959,3,ki,ki
2959,4,mak,mak
2959,5,xuxik,xuxik
2959,6,Rumal,rumal
2959,7,ajaw,ajaw
2959,8,K'o,k'o
2959,9,Tuja.,tuja
2960,0,K'i,k'i
2960,1,chi,chi
2960,2,k'ut,k'ut
2960,3,xok,xok
2960,4,chi,chi
2960,5,"munil,",munil
2960,6,"Xe'alab'ilaxik,",xe'alab'ilaxik
2960,7,Xewinaqix,xewinaqix
2960,8,puch.,puch
2961,0,Xa,xa
2961,1,xb'e,xb'e
2961,2,kiya',kiya'
2961,3,kib',kib'
2961,4,Chi,chi
2961,5,ch'akix,ch'akix
2961,6,Rumal,rumal
2961,7,ki,ki
2961,8,nuk'b'al,nuk'b'al
2961,9,lab'al,lab'al
2961,10,Chirij,chirij
2961,11,"ajaw,",ajaw
2961,12,Chirij,chirij
2961,13,siwan,siwan
2961,14,tinamit.,tinamit
2962,0,"Xmaixik,",xmaixik
2962,1,Xk'utux,xk'utux
2962,2,ta,ta
2962,3,u,u
2962,4,wach,wach
2962,5,rajawal,rajawal
2962,6,K'iche',k'iche'
2962,7,Xraj,xraj
2962,8,ki,ki
2962,9,k'u'x.,k'u'x
2963,0,Ma,ma
2963,1,k'u,k'u
2963,2,xb'anatajik.,xb'anatajik
2964,0,Keje',keje'
2964,1,k'ut,k'ut
2964,2,u,u
2964,3,winaqirik,winaqirik
2964,4,U,u
2964,5,pusik,pusik
2964,6,winaq,winaq
2964,7,chuwa,chuwa
2964,8,k'ab'awil.,k'ab'awil
2965,0,Ta,ta
2965,1,xb'an,xb'an
2965,2,ri,ri
2965,3,pokob',pokob'
2965,4,Lab'al,lab'al
2965,5,u,u
2965,6,xe',xe'
2965,7,Ta,ta
2965,8,xtikarik,xtikarik
2965,9,u,u
2965,10,pokob'axik,pokob'axik
2965,11,tinamit,tinamit
2965,12,Chi,chi
2965,13,"Ismachi',",ismachi'
2965,14,Chila',chila'
2965,15,xtikar,xtikar
2965,16,wi,wi
2965,17,u,u
2965,18,xe'najik,xe'najik
2965,19,q'aq'al.,q'aq'al
2966,0,Rumal,rumal
2966,1,ri',ri'
2966,2,xa,xa
2966,3,xnim,xnim
2966,4,wi,wi
2966,5,rajawarem,rajawarem
2966,6,K'iche',k'iche'
2966,7,"ajaw,",ajaw
2966,8,Jumaj,jumaj
2966,9,e,e
2966,10,nawal,nawal
2966,11,ajawab'.,ajawab'
2967,0,Xma,xma
2967,1,k'o,k'o
2967,2,wi,wi
2967,3,ki,ki
2967,4,yoq'otaj,yoq'otaj
2967,5,"wi,",wi
2967,6,Xma,xma
2967,7,k'o,k'o
2967,8,wi,wi
2967,9,alachinaq,alachinaq
2967,10,chok,chok
2967,11,chike.,chike
2968,0,Xawi,xawi
2968,1,b'anol,b'anol
2968,2,rech,rech
2968,3,nimal,nimal
2968,4,Ajawarem.,ajawarem
2969,0,Chiri',chiri'
2969,1,xe'najinaq,xe'najinaq
2969,2,wi,wi
2969,3,Chi,chi
2969,4,"Ismachi',",ismachi'
2969,5,Chiri',chiri'
2969,6,xnimar,xnimar
2969,7,wi,wi
2969,8,u,u
2969,9,k'ixik,k'ixik
2969,10,k'ab'awil,k'ab'awil
2969,11,Chixib'in,chixib'in
2969,12,"chik,",chik
2969,13,Xuxib'ij,xuxib'ij
2969,14,pu,pu
2969,15,rib',rib'
2969,16,ronojel,ronojel
2969,17,"amaq',",amaq'
2969,18,Ch'uti,ch'uti
2969,19,"amaq',",amaq'
2969,20,Nima,nima
2969,21,amaq'.,amaq'
2970,0,Xkiwachij,xkiwachij
2970,1,rokik,rokik
2970,2,Teleche',teleche'
2970,3,winaq.,winaq
2971,0,"Xkipusu,",xkipusu
2971,1,"Xkikamisaj,",xkikamisaj
2971,2,Rumal,rumal
2971,3,ki,ki
2971,4,"q'aq'al,",q'aq'al
2971,5,Ki,ki
2971,6,"tepewal,",tepewal
2971,7,Ri,ri
2971,8,ajaw,ajaw
2971,9,K'o,k'o
2971,10,"Tuja,",tuja
2971,11,Ajaw,ajaw
2971,12,"Istayul,",istayul
2971,13,Ruk',ruk'
2971,14,"Nijaib'ab',",nijaib'ab'
2971,15,Ajaw,ajaw
2971,16,K'iche'.,k'iche'
2972,0,Xa,xa
2972,1,ox,ox
2972,2,ch'ob',ch'ob'
2972,3,chi,chi
2972,4,chinamit,chinamit
2972,5,xk'oje',xk'oje'
2972,6,Chiri',chiri'
2972,7,Chi,chi
2972,8,Ismachi',ismachi'
2972,9,u,u
2972,10,b'i',b'i'
2972,11,tinamit,tinamit
2972,12,K'a,k'a
2972,13,chiri',chiri'
2972,14,chi,chi
2972,15,nay,nay
2972,16,puch,puch
2972,17,xkitikib'a',xkitikib'a'
2972,18,wi,wi
2972,19,"wa'im,",wa'im
2972,20,Uk'aja,uk'aja
2972,21,chirech,chirech
2972,22,ki,ki
2972,23,mi'al.,mi'al
2973,0,Ta,ta
2973,1,xkisi'j,xkisi'j
2973,2,uloq.,uloq
2974,0,Are',are'
2974,1,ki,ki
2974,2,kuchb'al,kuchb'al
2974,3,kib',kib'
2974,4,Ri,ri
2974,5,Oxib',oxib'
2974,6,Chi,chi
2974,7,Nim,nim
2974,8,"Ja,",ja
2974,9,U,u
2974,10,b'i',b'i'
2974,11,kumal.,kumal
2975,0,Chiri',chiri'
2975,1,k'ut,k'ut
2975,2,chikuk'aj,chikuk'aj
2975,3,wi,wi
2975,4,"kuk'ia',",kuk'ia'
2975,5,Chiri',chiri'
2975,6,puch,puch
2975,7,chikiwej,chikiwej
2975,8,wi,wi
2975,9,ki,ki
2975,10,"wa,",wa
2975,11,Rajil,rajil
2975,12,"kanab',",kanab'
2975,13,Rajil,rajil
2975,14,pu,pu
2975,15,mi'al.,mi'al
2976,0,Xa,xa
2976,1,ki'kotem,ki'kotem
2976,2,chi,chi
2976,3,ki,ki
2976,4,k'u'x,k'u'x
2976,5,Ta,ta
2976,6,xkib'ano.,xkib'ano
2977,0,"Xewa'ik,",xewa'ik
2977,1,Xe'echa',xe'echa'
2977,2,chupan,chupan
2977,3,ki,ki
2977,4,nim,nim
2977,5,ja.,ja
2978,0,“Xa,xa
2978,1,qa,qa
2978,2,"k'amowab'al,",k'amowab'al
2978,3,Xa,xa
2978,4,pu,pu
2978,5,qa,qa
2978,6,"paq'ub'al,",paq'ub'al
2978,7,Chirech,chirech
2978,8,qetal,qetal
2978,9,qa,qa
2978,10,"tzijel,",tzijel
2978,11,Retal,retal
2978,12,qa,qa
2978,13,"tzij,",tzij
2978,14,Chuwi',chuwi'
2978,15,ixoq,ixoq
2978,16,"al,",al
2978,17,Achij,achij
2978,18,"al,”",al
2978,19,xecha'.,xecha'
2979,0,Chila',chila'
2979,1,xkob',xkob'
2979,2,wi,wi
2979,3,"uloq,",uloq
2979,4,Chila',chila'
2979,5,puch,puch
2979,6,xkib'ij,xkib'ij
2979,7,wi,wi
2979,8,Ki,ki
2979,9,chinamit,chinamit
2979,10,"kib',",kib'
2979,11,Wuq,wuq
2979,12,amaq',amaq'
2979,13,"kib',",kib'
2979,14,Ki,ki
2979,15,tikpan,tikpan
2979,16,kib'.,kib'
2980,0,“Qa,qa
2980,1,k'ulel,k'ulel
2980,2,"qib',",qib'
2980,3,Oj,oj
2980,4,"Qawikib',",qawikib'
2980,5,Oj,oj
2980,6,Nijaib',nijaib'
2980,7,Oj,oj
2980,8,pu,pu
2980,9,Ajaw,ajaw
2980,10,"K'iche',”",k'iche'
2980,11,xecha'.,xecha'
2981,0,E,e
2981,1,oxib',oxib'
2981,2,"chinamit,",chinamit
2981,3,Oxib',oxib'
2981,4,puch,puch
2981,5,nim,nim
2981,6,ja.,ja
2982,0,Najt,najt
2982,1,k'ut,k'ut
2982,2,xkib'an,xkib'an
2982,3,chiri',chiri'
2982,4,Chi,chi
2982,5,Ismachi'.,ismachi'
2983,0,Ta,ta
2983,1,xkiriq,xkiriq
2983,2,"chik,",chik
2983,3,Ta,ta
2983,4,xkil,xkil
2983,5,"puch,",puch
2983,6,Jun,jun
2983,7,chik,chik
2983,8,tinamit.,tinamit
2984,0,Xkoqotaj,xkoqotaj
2984,1,chiwi',chiwi'
2984,2,ri,ri
2984,3,Chi,chi
2984,4,Ismachi'.,ismachi'
2985,0,K'ATE,k'ate
2985,1,puch,puch
2985,2,ta,ta
2985,3,xeyakataj,xeyakataj
2985,4,chi,chi
2985,5,"uloq,",uloq
2985,6,Xe'ul,xe'ul
2985,7,chiri',chiri'
2985,8,pa,pa
2985,9,tinamit.,tinamit
2986,0,Q'umarkaj,q'umarkaj
2986,1,u,u
2986,2,b'i',b'i'
2986,3,Kumal,kumal
2986,4,K'iche',k'iche'
2986,5,chuchaxik.,chuchaxik
2987,0,Ta,ta
2987,1,xe'ul,xe'ul
2987,2,chik,chik
2987,3,"ajawab',",ajawab'
2987,4,K'o,k'o
2987,5,"Tuja,",tuja
2987,6,Ruk',ruk'
2987,7,"Q'ukumatz,",q'ukumatz
2987,8,Ruk',ruk'
2987,9,puch,puch
2987,10,ronojel,ronojel
2987,11,ajawab'.,ajawab'
2988,0,Xro,xro
2988,1,"k'exoq,",k'exoq
2988,2,Xro,xro
2988,3,le'a,le'a
2988,4,puch,puch
2988,5,winaq,winaq
2988,6,U,u
2988,7,xe',xe'
2988,8,"saq,",saq
2988,9,U,u
2988,10,xe',xe'
2988,11,"amaq',",amaq'
2988,12,U,u
2988,13,xe',xe'
2988,14,"k'aslem,",k'aslem
2988,15,Winaqirem.,winaqirem
2989,0,Chiri',chiri'
2989,1,k'ut,k'ut
2989,2,k'i,k'i
2989,3,xkib'an,xkib'an
2989,4,wi,wi
2989,5,kochoch.,kochoch
2990,0,Chiri',chiri'
2990,1,nay,nay
2990,2,puch,puch
2990,3,xkib'an,xkib'an
2990,4,wi,wi
2990,5,rochoch,rochoch
2990,6,k'ab'awil.,k'ab'awil
2991,0,Chu,chu
2991,1,nik'ajal,nik'ajal
2991,2,U,u
2991,3,wi',wi'
2991,4,tinamit,tinamit
2991,5,xkiya',xkiya'
2991,6,wi.,wi
2992,0,Ta,ta
2992,1,"xe'ulik,",xe'ulik
2992,2,Ta,ta
2992,3,xkitikilib'ej,xkitikilib'ej
2992,4,puch.,puch
2993,0,K'ate,k'ate
2993,1,puch,puch
2993,2,u,u
2993,3,nimarik,nimarik
2993,4,chik,chik
2993,5,Kajawarem.,kajawarem
2994,0,E,e
2994,1,k'i,k'i
2994,2,"chik,",chik
2994,3,E,e
2994,4,pu,pu
2994,5,tzatz,tzatz
2994,6,chik.,chik
2995,0,Ta,ta
2995,1,xkina'ojij,xkina'ojij
2995,2,chik,chik
2995,3,Ki,ki
2995,4,nim,nim
2995,5,ja.,ja
2996,0,"Xemoloxik,",xemoloxik
2996,1,Xejachajox,xejachajox
2996,2,"puch,",puch
2996,3,Rumal,rumal
2996,4,xwinaqir,xwinaqir
2996,5,ki,ki
2996,6,ch'a'oj.,ch'a'oj
2997,0,Xeq'aq'wachin,xeq'aq'wachin
2997,1,chi,chi
2997,2,kib',kib'
2997,3,Chuwi',chuwi'
2997,4,rajil,rajil
2997,5,"kanab',",kanab'
2997,6,Rajil,rajil
2997,7,ki,ki
2997,8,mi'al.,mi'al
2998,0,Rumal,rumal
2998,1,xa,xa
2998,2,mawi,mawi
2998,3,chi,chi
2998,4,"tzaqon,",tzaqon
2998,5,Kuk'ia,kuk'ia
2998,6,chikiwach.,chikiwach
2999,0,Are',are'
2999,1,chi,chi
2999,2,k'ut,k'ut
2999,3,u,u
2999,4,xe',xe'
2999,5,chik,chik
2999,6,Ki,ki
2999,7,jachowik,jachowik
2999,8,kib'.,kib'
3000,0,Ta,ta
3000,1,xkitzolb'ej,xkitzolb'ej
3000,2,"kib',",kib'
3000,3,Tzolkaqb'ej,tzolkaqb'ej
3000,4,"B'aq,",b'aq
3000,5,U,u
3000,6,jolom,jolom
3000,7,kaminaq.,kaminaq
3001,0,Xkiq'aq'b'ej,xkiq'aq'b'ej
3001,1,kib'.,kib'
3002,0,Ta,ta
3002,1,xkipax,xkipax
3002,2,Ri,ri
3002,3,b'ele,b'ele
3002,4,taq,taq
3002,5,chi,chi
3002,6,chinamit.,chinamit
3003,0,Xb'anomoq,xb'anomoq
3003,1,u,u
3003,2,ch'a'ojil,ch'a'ojil
3003,3,"Anab',",anab'
3003,4,Mi'al.,mi'al
3004,0,Ta,ta
3004,1,xb'an,xb'an
3004,2,u,u
3004,3,na'ojixik,na'ojixik
3004,4,"ajawarem,",ajawarem
3004,5,Juwinaq,juwinaq
3004,6,kajib',kajib'
3004,7,chi,chi
3004,8,nim,nim
3004,9,ja,ja
3004,10,xuxik.,xuxik
3005,0,Xojeroq,xojeroq
3005,1,ke'ulik,ke'ulik
3005,2,konojel,konojel
3005,3,chiri',chiri'
3005,4,Chuwi',chuwi'
3005,5,ki,ki
3005,6,tinamit.,tinamit
3006,0,Ta,ta
3006,1,xetz'aqat,xetz'aqat
3006,2,Juwinaq,juwinaq
3006,3,kajib',kajib'
3006,4,nim,nim
3006,5,ja,ja
3006,6,Chiri',chiri'
3006,7,Pa,pa
3006,8,tinamit,tinamit
3006,9,Q'umarkaj.,q'umarkaj
3007,0,Xutzirisaxik,xutzirisaxik
3007,1,Rumal,rumal
3007,2,Sor.,sor
3008,0,obispo,obispo
3008,1,Ri,ri
3008,2,tinamit,tinamit
3008,3,K'a,k'a
3008,4,xtole',xtole'
3008,5,kanoq.,kanoq
3009,0,Xeq'aq'ar,xeq'aq'ar
3009,1,"chiri',",chiri'
3009,2,Xnuk'mayijinaq,xnuk'mayijinaq
3009,3,oq,oq
3009,4,Ki,ki
3009,5,"tem,",tem
3009,6,Ki,ki
3009,7,"ch'akat,",ch'akat
3009,8,Xjachatzox,xjachatzox
3009,9,ki,ki
3009,10,"wach,",wach
3009,11,Ju,ju
3009,12,taq,taq
3009,13,wi,wi
3009,14,chi,chi
3009,15,q'aq'.,q'aq'
3010,0,Jujun,jujun
3010,1,chi,chi
3010,2,"ajawab',",ajawab'
3010,3,B'elejeb',b'elejeb'
3010,4,taq,taq
3010,5,chi,chi
3010,6,chinamit,chinamit
3010,7,xuk'olela',xuk'olela'
3010,8,rib':,rib'
3010,9,B'elejeb',b'elejeb'
3010,10,chi,chi
3010,11,ajawab',ajawab'
3010,12,"Kaweqib',",kaweqib'
3010,13,B'elejeb',b'elejeb'
3010,14,chi,chi
3010,15,ajawab',ajawab'
3010,16,"Nijaib'ab',",nijaib'ab'
3010,17,Kaji,kaji
3010,18,chi,chi
3010,19,ajawab',ajawab'
3010,20,Ajaw,ajaw
3010,21,"K'iche',",k'iche'
3010,22,Kaib',kaib'
3010,23,chi,chi
3010,24,Ajaw,ajaw
3010,25,Saqikib'.,saqikib'
3011,0,K'iya,k'iya
3011,1,taq,taq
3011,2,"xuxik,",xuxik
3011,3,K'i,k'i
3011,4,chi,chi
3011,5,nay,nay
3011,6,puch,puch
3011,7,chirij,chirij
3011,8,jujun,jujun
3011,9,ajawab'.,ajawab'
3012,0,Xa,xa
3012,1,u,u
3012,2,nab'e,nab'e
3012,3,ri,ri
3012,4,k'o,k'o
3012,5,chiwi',chiwi'
3012,6,"ral,",ral
3012,7,U,u
3012,8,k'ajol.,k'ajol
3013,0,"Tzatz,",tzatz
3013,1,Tzatz,tzatz
3013,2,u,u
3013,3,chinamital,chinamital
3013,4,jujun,jujun
3013,5,chi,chi
3013,6,ajawab'.,ajawab'
3014,0,Chiqab'ij,chiqab'ij
3014,1,Ki,ki
3014,2,b'i',b'i'
3014,3,ri,ri
3014,4,ajawab',ajawab'
3014,5,"Chujujunal,",chujujunal
3014,6,Jujun,jujun
3014,7,u,u
3014,8,nim,nim
3014,9,ja.,ja
3015,0,WA'E,wa'e
3015,1,k'ute,k'ute
3015,2,ki,ki
3015,3,b'i',b'i'
3015,4,ajawab',ajawab'
3015,5,chuwach,chuwach
3015,6,Kaweqib'.,kaweqib'
3016,0,Are',are'
3016,1,nab'e,nab'e
3016,2,ajaw,ajaw
3016,3,wa':,wa'
3016,4,Aj,aj
3016,5,"Pop,",pop
3016,6,Aj,aj
3016,7,Pop,pop
3016,8,K'am,k'am
3016,9,Ja;,ja
3016,10,Aj,aj
3016,11,"Tojil,",tojil
3016,12,Aj,aj
3016,13,Q'ukumatz;,q'ukumatz
3016,14,Nim,nim
3016,15,Ch'okoj,ch'okoj
3016,16,"Kaweq,",kaweq
3016,17,Popol,popol
3016,18,Winaq,winaq
3016,19,chi,chi
3016,20,T'uy;,t'uy
3016,21,Lolmet,lolmet
3016,22,Kej,kej
3016,23,"Nay,",nay
3016,24,Popol,popol
3016,25,Winaq,winaq
3016,26,pa,pa
3016,27,Jom,jom
3016,28,"Tzalatz',",tzalatz'
3016,29,U,u
3016,30,Chuch,chuch
3016,31,K'am,k'am
3016,32,Ja.,ja
3017,0,ARE',are'
3017,1,k'ut,k'ut
3017,2,ajawab',ajawab'
3017,3,Ri',ri'
3017,4,chuwach,chuwach
3017,5,Kaweqib'.,kaweqib'
3018,0,B'elejeb',b'elejeb'
3018,1,chi,chi
3018,2,ajawab',ajawab'
3018,3,k'oloje',k'oloje'
3018,4,u,u
3018,5,nim,nim
3018,6,ja,ja
3018,7,"chujujunal,",chujujunal
3018,8,K'ate,k'ate
3018,9,chik,chik
3018,10,chiwachin,chiwachin
3018,11,u,u
3018,12,wach.,wach
3019,0,ARE',are'
3019,1,chi,chi
3019,2,k'u,k'u
3019,3,ajawab',ajawab'
3019,4,wa',wa'
3019,5,chuwach,chuwach
3019,6,Nijaib'ab'.,nijaib'ab'
3020,0,Are',are'
3020,1,nab'e,nab'e
3020,2,ajaw,ajaw
3020,3,wa':,wa'
3020,4,Ajaw,ajaw
3020,5,"Q'alel,",q'alel
3020,6,Ajaw,ajaw
3020,7,Aj,aj
3020,8,Tzik',tzik'
3020,9,"Winaq,",winaq
3020,10,Q'alel,q'alel
3020,11,K'am,k'am
3020,12,"Ja,",ja
3020,13,Nima,nima
3020,14,K'am,k'am
3020,15,Ja;,ja
3020,16,U,u
3020,17,Chuch,chuch
3020,18,K'am,k'am
3020,19,"Ja,",ja
3020,20,Nim,nim
3020,21,Ch'okoj,ch'okoj
3020,22,Nijaib'ab';,nijaib'ab'
3020,23,"Awilix,",awilix
3020,24,Yakolatam,yakolatam
3020,25,(u,u
3020,26,tza'm,tza'm
3020,27,pop),pop
3020,28,"Saklatol,",saklatol
3020,29,Nima,nima
3020,30,Lolmet,lolmet
3020,31,Ye'ol,ye'ol
3020,32,T'ux.,t'ux
3021,0,B'elejeb',b'elejeb'
3021,1,k'ut,k'ut
3021,2,chi,chi
3021,3,ajawab',ajawab'
3021,4,chuwach,chuwach
3021,5,Nijaib'ab'.,nijaib'ab'
3022,0,ARE',are'
3022,1,chi,chi
3022,2,k'ut,k'ut
3022,3,Ajaw,ajaw
3022,4,K'iche',k'iche'
3022,5,wa'.,wa'
3023,0,Wa'e,wa'e
3023,1,ki,ki
3023,2,b'i',b'i'
3023,3,ajawab':,ajawab'
3023,4,Aj,aj
3023,5,Tzik',tzik'
3023,6,"Winaq,",winaq
3023,7,Ajaw,ajaw
3023,8,"Lolmet,",lolmet
3023,9,Ajaw,ajaw
3023,10,Nim,nim
3023,11,Ch'okoj,ch'okoj
3023,12,Ajaw,ajaw
3023,13,"[K'iche'],",k'iche'
3023,14,Ajaw,ajaw
3023,15,Jaq'awitz.,jaq'awitz
3024,0,Kajib',kajib'
3024,1,ajawab',ajawab'
3024,2,chuwach,chuwach
3024,3,Ajaw,ajaw
3024,4,K'iche'eb',k'iche'eb'
3024,5,K'oleje',k'oleje'
3024,6,u,u
3024,7,nim,nim
3024,8,ja.,ja
3025,0,KAIB',kaib'
3025,1,chinamit,chinamit
3025,2,chi,chi
3025,3,nay,nay
3025,4,"puch,",puch
3025,5,Saqikib',saqikib'
3025,6,ajawab':,ajawab'
3025,7,Tz'utuju,tz'utuju
3025,8,"Ja,",ja
3025,9,Q'alel,q'alel
3025,10,Saqik.,saqik
3026,0,Xa,xa
3026,1,jun,jun
3026,2,chi,chi
3026,3,nim,nim
3026,4,ja,ja
3026,5,E,e
3026,6,kaib',kaib'
3026,7,chi,chi
3026,8,ajawab'.,ajawab'
3027,0,KEJE',keje'
3027,1,k'ut,k'ut
3027,2,xtz'akat,xtz'akat
3027,3,wi,wi
3027,4,juwinaq,juwinaq
3027,5,kajib',kajib'
3027,6,chi,chi
3027,7,"ajawab',",ajawab'
3027,8,Juwinaq,juwinaq
3027,9,kajib',kajib'
3027,10,nay,nay
3027,11,puch,puch
3027,12,chi,chi
3027,13,nim,nim
3027,14,ja,ja
3027,15,xuxik.,xuxik
3028,0,Ta,ta
3028,1,xnimarik,xnimarik
3028,2,"q'aq'al,",q'aq'al
3028,3,Tepewal,tepewal
3028,4,pa,pa
3028,5,K'iche'.,k'iche'
3029,0,Ta,ta
3029,1,"xq'aq'arik,",xq'aq'arik
3029,2,Ta,ta
3029,3,xtepewarik,xtepewarik
3029,4,U,u
3029,5,"nimal,",nimal
3029,6,Ralal,ralal
3029,7,K'iche'.,k'iche'
3030,0,Ta,ta
3030,1,"xchunaxik,",xchunaxik
3030,2,Ta,ta
3030,3,xsajkab'ix,xsajkab'ix
3030,4,puch,puch
3030,5,"Siwan,",siwan
3030,6,Tinamit.,tinamit
3031,0,Xul,xul
3031,1,ch'uti,ch'uti
3031,2,"amaq',",amaq'
3031,3,Nima,nima
3031,4,amaq'.,amaq'
3032,0,K'o,k'o
3032,1,k'ut,k'ut
3032,2,u,u
3032,3,b'i',b'i'
3032,4,ajaw,ajaw
3032,5,Xnimarisan,xnimarisan
3032,6,K'iche'.,k'iche'
3033,0,Ta,ta
3033,1,xwinaqirik,xwinaqirik
3033,2,"q'aq'al,",q'aq'al
3033,3,Tepewal.,tepewal
3034,0,Ta,ta
3034,1,xwinaqirik,xwinaqirik
3034,2,rochoch,rochoch
3034,3,"k'ab'awil,",k'ab'awil
3034,4,Kochoch,kochoch
3034,5,nay,nay
3034,6,pu,pu
3034,7,ajawab'.,ajawab'
3035,0,Ma,ma
3035,1,nay,nay
3035,2,pu,pu
3035,3,are',are'
3035,4,"xeb'anowik,",xeb'anowik
3035,5,Mawi,mawi
3035,6,xechakun,xechakun
3035,7,taj.,taj
3036,0,Ma,ma
3036,1,pu,pu
3036,2,xkib'an,xkib'an
3036,3,ta,ta
3036,4,"kochoch,",kochoch
3036,5,Ma,ma
3036,6,nay,nay
3036,7,pu,pu
3036,8,xa,xa
3036,9,ta,ta
3036,10,xkib'an,xkib'an
3036,11,rochoch,rochoch
3036,12,ki,ki
3036,13,k'ab'awil.,k'ab'awil
3037,0,Xa,xa
3037,1,rumal,rumal
3037,2,xek'irik,xek'irik
3037,3,"kal,",kal
3037,4,Ki,ki
3037,5,k'ajol.,k'ajol
3038,0,Ma,ma
3038,1,na,na
3038,2,xa,xa
3038,3,ki,ki
3038,4,"b'ochi',",b'ochi'
3038,5,Xa,xa
3038,6,ta,ta
3038,7,pu,pu
3038,8,"keleq',",keleq'
3038,9,Ki,ki
3038,10,q'upun,q'upun
3038,11,ta,ta
3038,12,puch.,puch
3039,0,Qitzij,qitzij
3039,1,wi,wi
3039,2,chi,chi
3039,3,kech,kech
3039,4,Ajawab',ajawab'
3039,5,chikijujunal.,chikijujunal
3040,0,Tzatz,tzatz
3040,1,nay,nay
3040,2,puch,puch
3040,3,"katz,",katz
3040,4,Ki,ki
3040,5,chaq',chaq'
3040,6,xuxik.,xuxik
3041,0,Xmolomoxik,xmolomoxik
3041,1,u,u
3041,2,"k'oje'ik,",k'oje'ik
3041,3,Xmolomox,xmolomox
3041,4,nay,nay
3041,5,puch,puch
3041,6,u,u
3041,7,tab'al,tab'al
3041,8,tzij,tzij
3041,9,jun,jun
3041,10,chi,chi
3041,11,ajawab'.,ajawab'
3042,0,Qitzij,qitzij
3042,1,wi,wi
3042,2,chi,chi
3042,3,e,e
3042,4,"loq',",loq'
3042,5,Qitzij,qitzij
3042,6,puch,puch
3042,7,chi,chi
3042,8,nim,nim
3042,9,ki,ki
3042,10,qale'm,qale'm
3042,11,ajawab'.,ajawab'
3043,0,Nimatalik,nimatalik
3043,1,Xowatal,xowatal
3043,2,puch,puch
3043,3,U,u
3043,4,q'ij,q'ij
3043,5,Ralaxik,ralaxik
3043,6,ajawab',ajawab'
3043,7,Rumal,rumal
3043,8,"ral,",ral
3043,9,U,u
3043,10,k'ajol.,k'ajol
3044,0,Ta,ta
3044,1,xk'iarik,xk'iarik
3044,2,aj,aj
3044,3,"siwan,",siwan
3044,4,Aj,aj
3044,5,tinamit,tinamit
3044,6,ruk',ruk'
3044,7,nay,nay
3044,8,puch.,puch
3045,0,Ma,ma
3045,1,na,na
3045,2,xa,xa
3045,3,ta,ta
3045,4,k'i,k'i
3045,5,Keje',keje'
3045,6,xul,xul
3045,7,kiya',kiya'
3045,8,kib',kib'
3045,9,ronojel,ronojel
3045,10,amaq'.,amaq'
3046,0,K'a,k'a
3046,1,lab'al,lab'al
3046,2,k'ut,k'ut
3046,3,Xqaj,xqaj
3046,4,wi,wi
3046,5,U,u
3046,6,"siwan,",siwan
3046,7,U,u
3046,8,tinamit.,tinamit
3047,0,K'a,k'a
3047,1,rumal,rumal
3047,2,ki,ki
3047,3,nawal,nawal
3047,4,ajawab',ajawab'
3047,5,"Xeq'aq'arik,",xeq'aq'arik
3047,6,Ri,ri
3047,7,ajaw,ajaw
3047,8,"Q'ukumatz,",q'ukumatz
3047,9,Ajaw,ajaw
3047,10,K'o,k'o
3047,11,Tuja.,tuja
3048,0,Qitzij,qitzij
3048,1,chi,chi
3048,2,nawal,nawal
3048,3,ajaw,ajaw
3048,4,Ri,ri
3048,5,Q'ukumatz,q'ukumatz
3048,6,xuxik.,xuxik
3049,0,Ju,ju
3049,1,wuq',wuq'
3049,2,chaq'an,chaq'an
3049,3,chi,chi
3049,4,"kaj,",kaj
3049,5,Ju,ju
3049,6,wuq',wuq'
3049,7,k'ut,k'ut
3049,8,chib'e,chib'e
3049,9,u,u
3049,10,b'ana,b'ana
3049,11,qajoq,qajoq
3049,12,chi,chi
3049,13,Xib'alb'a;,xib'alb'a
3049,14,Ju,ju
3049,15,wuq',wuq'
3049,16,chi,chi
3049,17,k'ut,k'ut
3049,18,chik'oje',chik'oje'
3049,19,chi,chi
3049,20,"kumatzil,",kumatzil
3049,21,Qitzij,qitzij
3049,22,chi,chi
3049,23,kumatz,kumatz
3049,24,chuxik;,chuxik
3049,25,Ju,ju
3049,26,wuq',wuq'
3049,27,chi,chi
3049,28,nay,nay
3049,29,puch,puch
3049,30,chub'ano,chub'ano
3049,31,chi,chi
3049,32,"kotal,",kotal
3049,33,Ju,ju
3049,34,wuq',wuq'
3049,35,chik,chik
3049,36,chi,chi
3049,37,"b'alamil,",b'alamil
3049,38,Qitzij,qitzij
3049,39,wi,wi
3049,40,chi,chi
3049,41,"kot,",kot
3049,42,Chi,chi
3049,43,b'alam,b'alam
3049,44,u,u
3049,45,wachib'al,wachib'al
3049,46,chuxik;,chuxik
3049,47,Ju,ju
3049,48,wuq',wuq'
3049,49,chik,chik
3049,50,chireme'ik,chireme'ik
3049,51,chi,chi
3049,52,"kik'el,",kik'el
3049,53,U,u
3049,54,tukel,tukel
3049,55,remanik,remanik
3049,56,kik',kik'
3049,57,chuxik.,chuxik
3050,0,Qitzij,qitzij
3050,1,chi,chi
3050,2,nawal,nawal
3050,3,Ajaw,ajaw
3050,4,u,u
3050,5,k'oje'ik.,k'oje'ik
3051,0,Xib'ix,xib'ix
3051,1,ib',ib'
3051,2,chuwach,chuwach
3051,3,rumal,rumal
3051,4,ronojel,ronojel
3051,5,ajawab'.,ajawab'
3052,0,Xpaxin,xpaxin
3052,1,rib',rib'
3052,2,U,u
3052,3,ta'ik,ta'ik
3052,4,Xuta,xuta
3052,5,Ronojel,ronojel
3052,6,ajawab',ajawab'
3052,7,Amaq',amaq'
3052,8,U,u
3052,9,k'oje'ik,k'oje'ik
3052,10,Nawal,nawal
3052,11,ajaw.,ajaw
3053,0,Are',are'
3053,1,k'ut,k'ut
3053,2,u,u
3053,3,"tikarik,",tikarik
3053,4,U,u
3053,5,nimarik,nimarik
3053,6,puch,puch
3053,7,K'iche'.,k'iche'
3054,0,Ta,ta
3054,1,"xub'an,",xub'an
3054,2,Ajaw,ajaw
3054,3,"Q'ukumatz,",q'ukumatz
3054,4,"Retal,",retal
3054,5,Nimal.,nimal
3055,0,Xma,xma
3055,1,sachel,sachel
3055,2,u,u
3055,3,wach,wach
3055,4,u,u
3055,5,"mam,",mam
3055,6,U,u
3055,7,k'ajol,k'ajol
3055,8,chu,chu
3055,9,k'u'x.,k'u'x
3056,0,Maja,maja
3056,1,b'i,b'i
3056,2,ata,ata
3056,3,la,la
3056,4,xb'an,xb'an
3056,5,wi,wi
3056,6,Ri,ri
3056,7,xk'oje',xk'oje'
3056,8,Ta,ta
3056,9,jun,jun
3056,10,ajaw.,ajaw
3057,0,Nawal,nawal
3057,1,ta,ta
3057,2,U,u
3057,3,k'oje'ik.,k'oje'ik
3058,0,Xa,xa
3058,1,yoq'b'al,yoq'b'al
3058,2,rech,rech
3058,3,ronojel,ronojel
3058,4,amaq',amaq'
3058,5,Ta,ta
3058,6,xub'ano.,xub'ano
3059,0,Xa,xa
3059,1,u,u
3059,2,k'utb'al,k'utb'al
3059,3,rib'.,rib'
3060,0,Rumal,rumal
3060,1,xere,xere
3060,2,ju,ju
3060,3,"k'isik,",k'isik
3060,4,U,u
3060,5,jolom,jolom
3060,6,amaq',amaq'
3060,7,xuxik.,xuxik
3061,0,Ukaj,ukaj
3061,1,le',le'
3061,2,"ajaw,",ajaw
3061,3,Ri,ri
3061,4,nawal,nawal
3061,5,"ajaw,",ajaw
3061,6,Q'ukumatz,q'ukumatz
3061,7,u,u
3061,8,b'i'.,b'i'
3062,0,Xawi,xawi
3062,1,xere,xere
3062,2,Aj,aj
3062,3,"Pop,",pop
3062,4,Aj,aj
3062,5,Pop,pop
3062,6,K'am,k'am
3062,7,Ja.,ja
3063,0,Xkanaj,xkanaj
3063,1,chi,chi
3063,2,k'ut,k'ut
3063,3,"ketal,",ketal
3063,4,Ki,ki
3063,5,tzijel.,tzijel
3064,0,"Xeq'aq'arik,",xeq'aq'arik
3064,1,Xetepewar,xetepewar
3064,2,puch.,puch
3065,0,Ta,ta
3065,1,xek'ajolan,xek'ajolan
3065,2,chi,chi
3065,3,"k'ut,",k'ut
3065,4,K'a,k'a
3065,5,ki,ki
3065,6,k'ajol,k'ajol
3065,7,k'ut.,k'ut
3066,0,Tzatz,tzatz
3066,1,chik,chik
3066,2,xub'ano.,xub'ano
3067,0,Xk'ajolax,xk'ajolax
3067,1,Ri,ri
3067,2,"Tepepul,",tepepul
3067,3,Istayul.,istayul
3068,0,Xa,xa
3068,1,qi,qi
3068,2,ajawarem,ajawarem
3068,3,xub'ano.,xub'ano
3069,0,Ro,ro
3069,1,le',le'
3069,2,ajaw,ajaw
3069,3,xuxik.,xuxik
3070,0,Xawi,xawi
3070,1,"xek'ajolanik,",xek'ajolanik
3070,2,Jutaq,jutaq
3070,3,le',le'
3070,4,chi,chi
3070,5,ajawab'.,ajawab'
3071,0,WA',wa'
3071,1,chi,chi
3071,2,k'ute,k'ute
3071,3,ki,ki
3071,4,b'i',b'i'
3071,5,chik,chik
3071,6,Uwaq,uwaq
3071,7,le',le'
3071,8,ajaw.,ajaw
3072,0,E,e
3072,1,kaib',kaib'
3072,2,chi,chi
3072,3,nima'q,nima'q
3072,4,"ajawab',",ajawab'
3072,5,E,e
3072,6,q'aq'.,q'aq'
3073,0,K'iq'ab',k'iq'ab'
3073,1,u,u
3073,2,b'i',b'i'
3073,3,jun,jun
3073,4,"ajaw,",ajaw
3073,5,Kawisimaj,kawisimaj
3073,6,u,u
3073,7,b'i',b'i'
3073,8,jun,jun
3073,9,chik.,chik
3074,0,Are',are'
3074,1,k'ut,k'ut
3074,2,tzatz,tzatz
3074,3,chik,chik
3074,4,xub'an,xub'an
3074,5,ri,ri
3074,6,"K'iq'ab',",k'iq'ab'
3074,7,Kawisimaj,kawisimaj
3074,8,Are',are'
3074,9,chi,chi
3074,10,xnimarisan,xnimarisan
3074,11,K'iche'.,k'iche'
3075,0,Rumal,rumal
3075,1,qitzij,qitzij
3075,2,nawal,nawal
3075,3,U,u
3075,4,k'oje'ik.,k'oje'ik
3076,0,Are',are'
3076,1,"q'ajowik,",q'ajowik
3076,2,Are',are'
3076,3,puch,puch
3076,4,xpaxinik,xpaxinik
3076,5,U,u
3076,6,"siwan,",siwan
3076,7,U,u
3076,8,"tinamit,",tinamit
3076,9,Ch'uti,ch'uti
3076,10,"amaq',",amaq'
3076,11,Nima,nima
3076,12,amaq'.,amaq'
3077,0,Naqaj,naqaj
3077,1,taq,taq
3077,2,u,u
3077,3,xo'l,xo'l
3077,4,K'o,k'o
3077,5,wi,wi
3077,6,tinamit,tinamit
3077,7,ojer.,ojer
3078,0,Are',are'
3078,1,u,u
3078,2,juyub'al,juyub'al
3078,3,"Kaqchekeleb',",kaqchekeleb'
3078,4,Ri,ri
3078,5,Chuwi',chuwi'
3078,6,La,la
3078,7,"wakamik,",wakamik
3078,8,U,u
3078,9,juyub'al,juyub'al
3078,10,chi,chi
3078,11,nay,nay
3078,12,pu,pu
3078,13,"Rab'inaleb',",rab'inaleb'
3078,14,Ri,ri
3078,15,Pa,pa
3078,16,"Mak'a',",mak'a'
3078,17,U,u
3078,18,juyub',juyub'
3078,19,k'u,k'u
3078,20,"Ka'okeb',",ka'okeb'
3078,21,Ri,ri
3078,22,Saqkab'a,saqkab'a
3078,23,"Ja,",ja
3078,24,U,u
3078,25,tinamit,tinamit
3078,26,chi,chi
3078,27,k'ut,k'ut
3078,28,"Saqulewab',",saqulewab'
3078,29,Chuwi',chuwi'
3078,30,"Miq'ina',",miq'ina'
3078,31,Xe',xe'
3078,32,"Laju,",laju
3078,33,Chuwa,chuwa
3078,34,"Tz'aq,",tz'aq
3078,35,Ruk',ruk'
3078,36,Tz'oloj,tz'oloj
3078,37,Che'.,che'
3079,0,Are',are'
3079,1,xrixowaj,xrixowaj
3079,2,"K'iq'ab',",k'iq'ab'
3079,3,Xub'an,xub'an
3079,4,lab'al.,lab'al
3080,0,Qitzij,qitzij
3080,1,wi,wi
3080,2,"xq'ajik,",xq'ajik
3080,3,Xpaxik,xpaxik
3080,4,U,u
3080,5,"siwan,",siwan
3080,6,U,u
3080,7,tinamit,tinamit
3080,8,"Rab'inaleb',",rab'inaleb'
3080,9,"Kaqchekeleb',",kaqchekeleb'
3080,10,Saq,saq
3080,11,Ulewab'.,ulewab'
3081,0,"Xule'ik,",xule'ik
3081,1,Xpaq'a'ik,xpaq'a'ik
3081,2,ronojel,ronojel
3081,3,amaq'.,amaq'
3082,0,K'a,k'a
3082,1,xtok'e,xtok'e
3082,2,Chi,chi
3082,3,najt,najt
3082,4,u,u
3082,5,kamisay,kamisay
3082,6,K'iq'ab'.,k'iq'ab'
3083,0,Ju,ju
3083,1,"ch'ob',",ch'ob'
3083,2,Ka,ka
3083,3,ch'ob',ch'ob'
3083,4,ta,ta
3083,5,chik,chik
3083,6,Mawi,mawi
3083,7,kuk'an,kuk'an
3083,8,u,u
3083,9,patan,patan
3083,10,Chirech,chirech
3083,11,ronojel.,ronojel
3084,0,Xqaj,xqaj
3084,1,u,u
3084,2,"tinamit,",tinamit
3084,3,Xuk'a'am,xuk'a'am
3084,4,u,u
3084,5,patan,patan
3084,6,Chuwach,chuwach
3084,7,"K'iq'ab',",k'iq'ab'
3084,8,Kawisimaj.,kawisimaj
3085,0,Xe'ok,xe'ok
3085,1,"chinamit,",chinamit
3085,2,"Xelotz'ik,",xelotz'ik
3085,3,Xek'aqik,xek'aqik
3085,4,chi,chi
3085,5,che'.,che'
3086,0,Maja,maja
3086,1,b'i,b'i
3086,2,ki,ki
3086,3,"q'ij,",q'ij
3086,4,Maja,maja
3086,5,b'i,b'i
3086,6,kalaxik,kalaxik
3086,7,xuxik.,xuxik
3087,0,Xa,xa
3087,1,"cha',",cha'
3087,2,Mi,mi
3087,3,xk'oje',xk'oje'
3087,4,paxib'al,paxib'al
3087,5,tinamit.,tinamit
3088,0,Ju,ju
3088,1,suk',suk'
3088,2,chijixitajik,chijixitajik
3088,3,U,u
3088,4,chi',chi'
3088,5,ulew,ulew
3088,6,Keje',keje'
3088,7,ri',ri'
3088,8,chiq'osin,chiq'osin
3088,9,"kaqulja,",kaqulja
3088,10,Chupaxij,chupaxij
3088,11,ab'aj.,ab'aj
3089,0,"Chixib'inik,",chixib'inik
3089,1,Lib'aj,lib'aj
3089,2,chi,chi
3089,3,chelaj,chelaj
3089,4,amaq',amaq'
3089,5,Chuwach,chuwach
3089,6,Q'ol,q'ol
3089,7,Che',che'
3089,8,Retal,retal
3089,9,tinamit.,tinamit
3090,0,Rumal,rumal
3090,1,wakamik,wakamik
3090,2,Jun,jun
3090,3,juyub',juyub'
3090,4,ab'aj.,ab'aj
3091,0,Xsqaqi'n,xsqaqi'n
3091,1,chik,chik
3091,2,Mawi,mawi
3091,3,xq'atatajik,xq'atatajik
3091,4,Keje',keje'
3091,5,ri',ri'
3091,6,xchoy,xchoy
3091,7,Chi,chi
3091,8,ikaj,ikaj
3091,9,rumal.,rumal
3092,0,Chila',chila'
3092,1,k'o,k'o
3092,2,wi,wi
3092,3,pa,pa
3092,4,"taq'aj,",taq'aj
3092,5,Petatayub',petatayub'
3092,6,u,u
3092,7,b'i'.,b'i'
3093,0,Q'alaj,q'alaj
3093,1,"wakamik,",wakamik
3093,2,Karil,karil
3093,3,ronojel,ronojel
3093,4,winaq,winaq
3093,5,ke'ik'ow,ke'ik'ow
3093,6,"wi,",wi
3093,7,Retal,retal
3093,8,Rachijilal,rachijilal
3093,9,K'iq'ab'.,k'iq'ab'
3094,0,Maja,maja
3094,1,b'i,b'i
3094,2,xkam,xkam
3094,3,"wi,",wi
3094,4,Ma,ma
3094,5,pu,pu
3094,6,ja,ja
3094,7,b'i,b'i
3094,8,xch'akataj,xch'akataj
3094,9,wi.,wi
3095,0,Qitzij,qitzij
3095,1,wi,wi
3095,2,chi,chi
3095,3,achij.,achij
3096,0,Xuk'am,xuk'am
3096,1,k'ut,k'ut
3096,2,u,u
3096,3,patan,patan
3096,4,ronojel,ronojel
3096,5,amaq'.,amaq'
3097,0,Ta,ta
3097,1,xena'ojin,xena'ojin
3097,2,k'ut,k'ut
3097,3,ajawab',ajawab'
3097,4,"konojel,",konojel
3097,5,Ta,ta
3097,6,xb'ek,xb'ek
3097,7,q'atey,q'atey
3097,8,Rij,rij
3097,9,"siwan,",siwan
3097,10,Rij,rij
3097,11,tinamit.,tinamit
3098,0,Xqajinaq,xqajinaq
3098,1,oq,oq
3098,2,u,u
3098,3,"tinamit,",tinamit
3098,4,Ronojel,ronojel
3098,5,amaq'.,amaq'
3099,0,K'ATE,k'ate
3099,1,k'ut,k'ut
3099,2,ta,ta
3099,3,relik,relik
3099,4,"waranel,",waranel
3099,5,Ilol,ilol
3099,6,aj,aj
3099,7,lab'al.,lab'al
3100,0,Ta,ta
3100,1,xkib'an,xkib'an
3100,2,k'ut,k'ut
3100,3,u,u
3100,4,wachinel,wachinel
3100,5,"chinamit,",chinamit
3100,6,Laq'ab'ey,laq'ab'ey
3100,7,juyub'.,juyub'
3101,0,“We,we
3101,1,chipe,chipe
3101,2,"chik,",chik
3101,3,Ta,ta
3101,4,chul,chul
3101,5,u,u
3101,6,laq'ab'ej,laq'ab'ej
3101,7,U,u
3101,8,"tinamit,",tinamit
3101,9,"Amaq',”",amaq'
3101,10,xecha',xecha'
3101,11,Ta,ta
3101,12,xkikuch,xkikuch
3101,13,ki,ki
3101,14,na'oj,na'oj
3101,15,konojel,konojel
3101,16,"ajawab',",ajawab'
3101,17,Ta,ta
3101,18,xel,xel
3101,19,ki,ki
3101,20,wab'an:,wab'an
3101,21,“Keje',keje'
3101,22,ri',ri'
3101,23,qa,qa
3101,24,"k'ejoj,",k'ejoj
3101,25,Keje',keje'
3101,26,pu,pu
3101,27,qa,qa
3101,28,ka,ka
3101,29,"chinamit,",chinamit
3101,30,Keje',keje'
3101,31,nay,nay
3101,32,pu,pu
3101,33,qa,qa
3101,34,"tz'alam,",tz'alam
3101,35,Qa,qa
3101,36,k'oxtun,k'oxtun
3101,37,"chuxik,",chuxik
3101,38,Are',are'
3101,39,chik,chik
3101,40,"qoyowal,",qoyowal
3101,41,Qachijilal,qachijilal
3101,42,ta,ta
3101,43,"chuxoq,”",chuxoq
3101,44,Xecha',xecha'
3101,45,konojel,konojel
3101,46,ajawab'.,ajawab'
3102,0,Ta,ta
3102,1,xe'elik,xe'elik
3102,2,u,u
3102,3,wab'an,wab'an
3102,4,Jujun,jujun
3102,5,chi,chi
3102,6,"chinamit,",chinamit
3102,7,K'ulelay,k'ulelay
3102,8,rech,rech
3102,9,aj,aj
3102,10,lab'al.,lab'al
3103,0,Ta,ta
3103,1,xepixab'ax,xepixab'ax
3103,2,"k'ut,",k'ut
3103,3,Ta,ta
3103,4,xeb'e,xeb'e
3103,5,puch,puch
3103,6,"wab'an,",wab'an
3103,7,Laq'ab'ey,laq'ab'ey
3103,8,u,u
3103,9,juyub'al,juyub'al
3103,10,amaq'.,amaq'
3104,0,"“Chib'ek,",chib'ek
3104,1,rumal,rumal
3104,2,qa,qa
3104,3,juyub'al,juyub'al
3104,4,chik.,chik
3105,0,Mixib'ij,mixib'ij
3105,1,iwib',iwib'
3105,2,we,we
3105,3,k'o,k'o
3105,4,chik,chik
3105,5,aj,aj
3105,6,lab'al,lab'al
3105,7,Chul,chul
3105,8,chik,chik
3105,9,iwuk',iwuk'
3105,10,ta,ta
3105,11,kamisay,kamisay
3105,12,iwe.,iwe
3106,0,Anim,anim
3106,1,chul,chul
3106,2,ib'ij,ib'ij
3106,3,Chib'e,chib'e
3106,4,na,na
3106,5,qa,qa
3106,6,"kamisaj,”",kamisaj
3106,7,Xcha',xcha'
3106,8,k'ut,k'ut
3106,9,K'iq'ab',k'iq'ab'
3106,10,chi,chi
3106,11,kech,kech
3106,12,Ta,ta
3106,13,xepixab'axik,xepixab'axik
3106,14,konojel,konojel
3106,15,wach,wach
3106,16,Ruk',ruk'
3106,17,"Q'alel,",q'alel
3106,18,Aj,aj
3106,19,Tzik',tzik'
3106,20,Winaq.,winaq
3107,0,Ta,ta
3107,1,xb'e'ije'ik,xb'e'ije'ik
3107,2,ri,ri
3107,3,u,u
3107,4,chi',chi'
3107,5,"ch'a,",ch'a
3107,6,U,u
3107,7,chi',chi'
3107,8,k'a'am,k'a'am
3107,9,chuchaxik.,chuchaxik
3108,0,Ta,ta
3108,1,xpaxin,xpaxin
3108,2,rib',rib'
3108,3,u,u
3108,4,"mam,",mam
3108,5,U,u
3108,6,qajaw,qajaw
3108,7,Ri,ri
3108,8,ronojel,ronojel
3108,9,K'iche',k'iche'
3108,10,winaq.,winaq
3109,0,K'o,k'o
3109,1,pa,pa
3109,2,jujun,jujun
3109,3,chi,chi
3109,4,juyub'.,juyub'
3110,0,Xa,xa
3110,1,chajal,chajal
3110,2,"juyub',",juyub'
3110,3,Xa,xa
3110,4,pu,pu
3110,5,chajal,chajal
3110,6,"Ch'a,",ch'a
3110,7,K'a'am.,k'a'am
3111,0,Chajal,chajal
3111,1,Lab'al,lab'al
3111,2,puch,puch
3111,3,ta,ta
3111,4,xb'ek.,xb'ek
3112,0,Ma,ma
3112,1,na,na
3112,2,jun,jun
3112,3,ta,ta
3112,4,saqir,saqir
3112,5,"wi,",wi
3112,6,Ma,ma
3112,7,nay,nay
3112,8,puch,puch
3112,9,jun,jun
3112,10,ta,ta
3112,11,u,u
3112,12,k'ab'awil.,k'ab'awil
3113,0,Xa,xa
3113,1,q'atey,q'atey
3113,2,rij,rij
3113,3,tinamit.,tinamit
3114,0,Ta,ta
3114,1,xelik,xelik
3114,2,ronojel:,ronojel
3114,3,Aj,aj
3114,4,Wi',wi'
3114,5,"La,",la
3114,6,Aj,aj
3114,7,Chulimal;,chulimal
3114,8,Saqi,saqi
3114,9,"Ya',",ya'
3114,10,Xajb'akiej;,xajb'akiej
3114,11,Chi,chi
3114,12,"Temaj,",temaj
3114,13,Wajxalajuj;,wajxalajuj
3114,14,Ruk',ruk'
3114,15,chik,chik
3114,16,Aj,aj
3114,17,"Kab'raqan,",kab'raqan
3114,18,Ch'ab'i,ch'ab'i
3114,19,Q'aq',q'aq'
3114,20,Chi,chi
3114,21,Junajpu;,junajpu
3114,22,Ruk',ruk'
3114,23,Aj,aj
3114,24,"Mak'a',",mak'a'
3114,25,Aj,aj
3114,26,Xay,xay
3114,27,Ab'aj;,ab'aj
3114,28,Aj,aj
3114,29,Saqkab'a,saqkab'a
3114,30,"Ja,",ja
3114,31,Aj,aj
3114,32,Siya,siya
3114,33,Ja;,ja
3114,34,Aj,aj
3114,35,"Miq'ina',",miq'ina'
3114,36,Aj,aj
3114,37,Xelajuj.,xelajuj
3115,0,"Taq'ajal,",taq'ajal
3115,1,Juyub'.,juyub'
3116,0,Ri',ri'
3116,1,xelik,xelik
3116,2,waray,waray
3116,3,"lab'al,",lab'al
3116,4,Chajal,chajal
3116,5,ulew.,ulew
3117,0,Ta,ta
3117,1,xb'ek,xb'ek
3117,2,rumal,rumal
3117,3,"K'iq'ab',",k'iq'ab'
3117,4,"Kawisamaj,",kawisamaj
3117,5,Aj,aj
3117,6,"Pop,",pop
3117,7,Aj,aj
3117,8,Pop,pop
3117,9,K'am,k'am
3117,10,"Ja,",ja
3117,11,"Q'alel,",q'alel
3117,12,Aj,aj
3117,13,Tzik',tzik'
3117,14,Winaq.,winaq
3118,0,E,e
3118,1,kajib',kajib'
3118,2,chi,chi
3118,3,ajawab',ajawab'
3118,4,xetaqonik.,xetaqonik
3119,0,Xewaran,xewaran
3119,1,puch,puch
3119,2,aj,aj
3119,3,lab'al.,lab'al
3120,0,"K'iq'ab',",k'iq'ab'
3120,1,Kawisamaj,kawisamaj
3120,2,u,u
3120,3,b'i'.,b'i'
3121,0,Ajaw,ajaw
3121,1,chuwach,chuwach
3121,2,"Kaweqib',",kaweqib'
3121,3,E,e
3121,4,kaib'.,kaib'
3122,0,Kema,kema
3122,1,u,u
3122,2,b'i',b'i'
3122,3,Ajaw,ajaw
3122,4,chuwach,chuwach
3122,5,Nijaib'.,nijaib'
3123,0,Achaq,achaq
3123,1,Ib'oy,ib'oy
3123,2,k'ut,k'ut
3123,3,u,u
3123,4,b'i',b'i'
3123,5,Ajaw,ajaw
3123,6,chuwach,chuwach
3123,7,Ajaw,ajaw
3123,8,K'iche'.,k'iche'
3124,0,Are',are'
3124,1,k'ut,k'ut
3124,2,ki,ki
3124,3,b'i',b'i'
3124,4,Ajaw,ajaw
3124,5,ri'.,ri'
3125,0,"Xetakowik,",xetakowik
3125,1,Xesamajelan,xesamajelan
3125,2,puch,puch
3125,3,Ta,ta
3125,4,xeb'ek,xeb'ek
3125,5,"kal,",kal
3125,6,Ki,ki
3125,7,k'ajol,k'ajol
3125,8,Pa,pa
3125,9,"juyub',",juyub'
3125,10,Pa,pa
3125,11,jujun,jujun
3125,12,chi,chi
3125,13,juyub'.,juyub'
3126,0,Xb'e,xb'e
3126,1,na,na
3126,2,k'u,k'u
3126,3,nab'e,nab'e
3126,4,xul,xul
3126,5,na,na
3126,6,"kanab',",kanab'
3126,7,Xul,xul
3126,8,na,na
3126,9,pu,pu
3126,10,"teleche',",teleche'
3126,11,Chuwach,chuwach
3126,12,"K'iq'ab',",k'iq'ab'
3126,13,"Kawisimaj,",kawisimaj
3126,14,"Q'alel,",q'alel
3126,15,Aj,aj
3126,16,Tzik',tzik'
3126,17,Winaq.,winaq
3127,0,Xkib'an,xkib'an
3127,1,chi,chi
3127,2,wi,wi
3127,3,lab'al,lab'al
3127,4,ri,ri
3127,5,u,u
3127,6,chi',chi'
3127,7,"ch'a,",ch'a
3127,8,U,u
3127,9,chi',chi'
3127,10,k'a'am.,k'a'am
3128,0,Xekanab',xekanab'
3128,1,"chik,",chik
3128,2,Xeteleche'n,xeteleche'n
3128,3,chik.,chik
3129,0,E,e
3129,1,achij,achij
3129,2,xe'ux,xe'ux
3129,3,chik,chik
3129,4,Ri,ri
3129,5,e,e
3129,6,wab'an,wab'an
3129,7,"Xeya'ik,",xeya'ik
3129,8,Xek'iyar,xek'iyar
3129,9,"k'ut,",k'ut
3129,10,K'i,k'i
3129,11,chi,chi
3129,12,k'ut,k'ut
3129,13,ki,ki
3129,14,k'u'xlal,k'u'xlal
3129,15,kumal,kumal
3129,16,ajawab'.,ajawab'
3130,0,Ta,ta
3130,1,chul,chul
3130,2,ki,ki
3130,3,ya',ya'
3130,4,ki,ki
3130,5,"kanab',",kanab'
3130,6,Ki,ki
3130,7,teleche',teleche'
3130,8,ronojel.,ronojel
3131,0,K'ate,k'ate
3131,1,k'ut,k'ut
3131,2,ta,ta
3131,3,xkuch,xkuch
3131,4,na'oj,na'oj
3131,5,Kumal,kumal
3131,6,ajawab',ajawab'
3131,7,Aj,aj
3131,8,"Pop,",pop
3131,9,Aj,aj
3131,10,Pop,pop
3131,11,K'am,k'am
3131,12,"Ja,",ja
3131,13,"Q'alel,",q'alel
3131,14,Aj,aj
3131,15,Tzik',tzik'
3131,16,Winaq.,winaq
3132,0,Ta,ta
3132,1,xel,xel
3132,2,K'u,k'u
3132,3,na'oj.,na'oj
3133,0,“Xa,xa
3133,1,qa,qa
3133,2,"chapa,",chapa
3133,3,Qi,qi
3133,4,nab'e,nab'e
3133,5,chi,chi
3133,6,k'oje',k'oje'
3133,7,Ta,ta
3133,8,"keqalem,",keqalem
3133,9,Wachinel,wachinel
3133,10,chinamit,chinamit
3133,11,chok,chok
3133,12,wi.,wi
3134,0,“In,in
3134,1,Aj,aj
3134,2,Pop.,pop
3135,0,In,in
3135,1,Aj,aj
3135,2,Pop,pop
3135,3,K'am,k'am
3135,4,Ja.,ja
3136,0,Aj,aj
3136,1,Pop,pop
3136,2,chire,chire
3136,3,q'alej,q'alej
3136,4,we,we
3136,5,Chok,chok
3136,6,chi,chi
3136,7,k'u,k'u
3136,8,awe.,awe
3137,0,At,at
3137,1,Ajaw,ajaw
3137,2,"Q'alel,",q'alel
3137,3,Q'alel,q'alel
3137,4,ri',ri'
3137,5,q'alem,q'alem
3137,6,"xchuxik,”",xchuxik
3137,7,Xecha',xecha'
3137,8,k'ut,k'ut
3137,9,ronojel,ronojel
3137,10,ajawab',ajawab'
3137,11,Ta,ta
3137,12,xk'am,xk'am
3137,13,ki,ki
3137,14,na'oj.,na'oj
3138,0,Xawi,xawi
3138,1,k'u,k'u
3138,2,keje',keje'
3138,3,xub'ano,xub'ano
3138,4,"Tamub',",tamub'
3138,5,Ilokab'.,ilokab'
3139,0,Junam,junam
3139,1,wach,wach
3139,2,Ox,ox
3139,3,ch'ob',ch'ob'
3139,4,chi,chi
3139,5,K'iche'.,k'iche'
3140,0,Ta,ta
3140,1,xb'an,xb'an
3140,2,"chaponik,",chaponik
3140,3,Xkikob'isaj,xkikob'isaj
3140,4,U,u
3140,5,nab'e,nab'e
3140,6,"kal,",kal
3140,7,Ki,ki
3140,8,k'ajol.,k'ajol
3141,0,Keje',keje'
3141,1,k'ut,k'ut
3141,2,u,u
3141,3,k'amik,k'amik
3141,4,na'oj.,na'oj
3142,0,Ma,ma
3142,1,k'u,k'u
3142,2,chiri',chiri'
3142,3,Xchap,xchap
3142,4,wi,wi
3142,5,K'iche'.,k'iche'
3143,0,K'o,k'o
3143,1,u,u
3143,2,b'i',b'i'
3143,3,juyub’,juyub
3143,4,xchap,xchap
3143,5,wi.,wi
3144,0,U,u
3144,1,nab'e,nab'e
3144,2,"al,",al
3144,3,K'ajol.,k'ajol
3145,0,Ta,ta
3145,1,xetaq,xetaq
3145,2,k'ut,k'ut
3145,3,ronojel,ronojel
3145,4,k'o,k'o
3145,5,pa,pa
3145,6,jujun,jujun
3145,7,chi,chi
3145,8,juyub'.,juyub'
3146,0,Xa,xa
3146,1,jun,jun
3146,2,xekuch,xekuch
3146,3,wi.,wi
3147,0,XE',xe'
3147,1,B'alax,b'alax
3147,2,Xe',xe'
3147,3,K'a'amaq',k'a'amaq'
3147,4,u,u
3147,5,b'i',b'i'
3147,6,juyub',juyub'
3147,7,xechap,xechap
3147,8,"wi,",wi
3147,9,Ta,ta
3147,10,xok,xok
3147,11,ki,ki
3147,12,q'alem,q'alem
3147,13,Chiri',chiri'
3147,14,Chulimal,chulimal
3147,15,xb'an,xb'an
3147,16,wi.,wi
3148,0,WA',wa'
3148,1,k'ute,k'ute
3148,2,ki,ki
3148,3,"kob'ik,",kob'ik
3148,4,Ki,ki
3148,5,"chapik,",chapik
3148,6,Ketaxik,ketaxik
3148,7,puch:,puch
3148,8,Juwinaq,juwinaq
3148,9,"Q'alel,",q'alel
3148,10,Juwinaq,juwinaq
3148,11,Aj,aj
3148,12,"Pop,",pop
3148,13,Xchapik,xchapik
3148,14,rumal,rumal
3148,15,Aj,aj
3148,16,"Pop,",pop
3148,17,Aj,aj
3148,18,Pop,pop
3148,19,K'am,k'am
3148,20,"Ja,",ja
3148,21,Rumal,rumal
3148,22,puch,puch
3148,23,"Q'alel,",q'alel
3148,24,Aj,aj
3148,25,Tzik',tzik'
3148,26,Winaq.,winaq
3149,0,Xok,xok
3149,1,keqalem,keqalem
3149,2,ronojel,ronojel
3149,3,Q'alel,q'alel
3149,4,Aj,aj
3149,5,"Pop,",pop
3149,6,Julajuj,julajuj
3149,7,Nim,nim
3149,8,"Ch'okoj,",ch'okoj
3149,9,Q'alel,q'alel
3149,10,"Ajaw,",ajaw
3149,11,Q'alel,q'alel
3149,12,"Saqik,",saqik
3149,13,U,u
3149,14,Q'alel,q'alel
3149,15,"Achij,",achij
3149,16,Raj,raj
3149,17,Pop,pop
3149,18,"Achij,",achij
3149,19,Raj,raj
3149,20,Tz'alam,tz'alam
3149,21,"Achij,",achij
3149,22,U,u
3149,23,Tza'm,tza'm
3149,24,"Achij,",achij
3149,25,Ki,ki
3149,26,b'i',b'i'
3149,27,achijab',achijab'
3149,28,xokik,xokik
3149,29,Ta,ta
3149,30,xekob'ik.,xekob'ik
3150,0,Xeb'i'naj,xeb'i'naj
3150,1,puch,puch
3150,2,chuwi',chuwi'
3150,3,ki,ki
3150,4,"tem,",tem
3150,5,Chuwi',chuwi'
3150,6,ki,ki
3150,7,ch'akat.,ch'akat
3151,0,E,e
3151,1,u,u
3151,2,nab'e,nab'e
3151,3,"ral,",ral
3151,4,U,u
3151,5,k'ajol,k'ajol
3151,6,K'iche',k'iche'
3151,7,"winaq,",winaq
3151,8,Ilol,ilol
3151,9,"rech,",rech
3151,10,Ta'ol,ta'ol
3151,11,"rech,",rech
3151,12,U,u
3151,13,chi',chi'
3151,14,"ch'a,",ch'a
3151,15,U,u
3151,16,chi',chi'
3151,17,"k'a'am,",k'a'am
3151,18,"K'ejoj,",k'ejoj
3151,19,"Tz'apib',",tz'apib'
3151,20,"Tz'alam,",tz'alam
3151,21,K'oxtum,k'oxtum
3151,22,chirij,chirij
3151,23,K'iche'.,k'iche'
3152,0,Xawi,xawi
3152,1,k'u,k'u
3152,2,keje',keje'
3152,3,xub'ano,xub'ano
3152,4,"Tamub',",tamub'
3152,5,Ilokab'.,ilokab'
3153,0,"Xuchapo,",xuchapo
3153,1,Xukob'isaj,xukob'isaj
3153,2,"puch,",puch
3153,3,U,u
3153,4,nab'e,nab'e
3153,5,"ral,",ral
3153,6,U,u
3153,7,"k'ajol,",k'ajol
3153,8,K'o,k'o
3153,9,pa,pa
3153,10,jujun,jujun
3153,11,chi,chi
3153,12,juyub'.,juyub'
3154,0,Are',are'
3154,1,k'ut,k'ut
3154,2,u,u
3154,3,xe'najik,xe'najik
3154,4,"Q'alel,",q'alel
3154,5,Aj,aj
3154,6,"Pop,",pop
3154,7,Reqalem,reqalem
3154,8,Pa,pa
3154,9,jujun,jujun
3154,10,chi,chi
3154,11,juyub',juyub'
3154,12,wakamik.,wakamik
3155,0,Keje',keje'
3155,1,relik,relik
3155,2,ri',ri'
3155,3,Ta,ta
3155,4,xe'elik,xe'elik
3155,5,Chirij,chirij
3155,6,Aj,aj
3155,7,"Pop,",pop
3155,8,Aj,aj
3155,9,Pop,pop
3155,10,K'am,k'am
3155,11,"Ja,",ja
3155,12,Chirij,chirij
3155,13,puch,puch
3155,14,"Q'alel,",q'alel
3155,15,Aj,aj
3155,16,Tzik',tzik'
3155,17,Winaq,winaq
3155,18,xel,xel
3155,19,wi.,wi
3156,0,ARE',are'
3156,1,k'ut,k'ut
3156,2,xchiqab'ij,xchiqab'ij
3156,3,chik,chik
3156,4,U,u
3156,5,b'i',b'i'
3156,6,rochoch,rochoch
3156,7,k'ab'awil.,k'ab'awil
3157,0,Xawi,xawi
3157,1,xere,xere
3157,2,xub'i'naj,xub'i'naj
3157,3,rochoch,rochoch
3157,4,ri',ri'
3157,5,U,u
3157,6,b'i',b'i'
3157,7,k'ab'awil.,k'ab'awil
3158,0,Nima'q,nima'q
3158,1,Tz'aq,tz'aq
3158,2,Tojil,tojil
3158,3,u,u
3158,4,b'i',b'i'
3158,5,tz'aq,tz'aq
3158,6,Rochoch,rochoch
3158,7,Tojil,tojil
3158,8,rech,rech
3158,9,Kaweqib'.,kaweqib'
3159,0,Awilix,awilix
3159,1,k'ut,k'ut
3159,2,u,u
3159,3,b'i',b'i'
3159,4,tz'aq,tz'aq
3159,5,Rochoch,rochoch
3159,6,Awilix,awilix
3159,7,rech,rech
3159,8,Nijaib'ab'.,nijaib'ab'
3160,0,Jaq'awitz,jaq'awitz
3160,1,chi,chi
3160,2,k'ut,k'ut
3160,3,u,u
3160,4,b'i',b'i'
3160,5,tz'aq,tz'aq
3160,6,Rochoch,rochoch
3160,7,u,u
3160,8,k'ab'awil,k'ab'awil
3160,9,Ajaw,ajaw
3160,10,K'iche'.,k'iche'
3161,0,Tz'utu,tz'utu
3161,1,Ja,ja
3161,2,kil,kil
3161,3,"na,",na
3161,4,K'ajb'a,k'ajb'a
3161,5,Ja,ja
3161,6,u,u
3161,7,b'i',b'i'
3161,8,chik.,chik
3162,0,Nima'q,nima'q
3162,1,tz'aq,tz'aq
3162,2,Xk'oje',xk'oje'
3162,3,wi,wi
3162,4,ab'aj.,ab'aj
3163,0,Xq'ijilo'xik,xq'ijilo'xik
3163,1,rumal,rumal
3163,2,ajawab',ajawab'
3163,3,"K'iche',",k'iche'
3163,4,Q'ijilo'x,q'ijilo'x
3163,5,puch,puch
3163,6,rumal,rumal
3163,7,ronojel,ronojel
3163,8,amaq'.,amaq'
3164,0,Chok,chok
3164,1,na,na
3164,2,u,u
3164,3,k'atoj,k'atoj
3164,4,amaq',amaq'
3164,5,nab'e,nab'e
3164,6,chuwach,chuwach
3164,7,ri,ri
3164,8,Tojil.,tojil
3165,0,K'ate,k'ate
3165,1,k'ut,k'ut
3165,2,ta,ta
3165,3,chuq'ijila,chuq'ijila
3165,4,chik,chik
3165,5,Aj,aj
3165,6,"Pop,",pop
3165,7,Aj,aj
3165,8,Pop,pop
3165,9,K'am,k'am
3165,10,Ja.,ja
3166,0,K'ate,k'ate
3166,1,chul,chul
3166,2,ki,ki
3166,3,ya',ya'
3166,4,ki,ki
3166,5,"q'uq',",q'uq'
3166,6,Ki,ki
3166,7,patan,patan
3166,8,chuwach,chuwach
3166,9,ajaw.,ajaw
3167,0,Are',are'
3167,1,ajaw,ajaw
3167,2,"chik,",chik
3167,3,Are',are'
3167,4,chi,chi
3167,5,"puch,",puch
3167,6,Ki,ki
3167,7,"tzuqun,",tzuqun
3167,8,Ki,ki
3167,9,"q'o'n,",q'o'n
3167,10,Aj,aj
3167,11,"Pop,",pop
3167,12,Aj,aj
3167,13,Pop,pop
3167,14,K'am,k'am
3167,15,"Ja,",ja
3167,16,Xqasan,xqasan
3167,17,ki,ki
3167,18,"tinamit,",tinamit
3167,19,E,e
3167,20,nima,nima
3167,21,ajawab'.,ajawab'
3168,0,E,e
3168,1,nawal,nawal
3168,2,taq,taq
3168,3,"winaq,",winaq
3168,4,Nawal,nawal
3168,5,ajaw,ajaw
3168,6,Ri,ri
3168,7,"Q'ukumatz,",q'ukumatz
3168,8,K'o,k'o
3168,9,Tuja.,tuja
3169,0,Nawal,nawal
3169,1,ajaw,ajaw
3169,2,k'u,k'u
3169,3,ri,ri
3169,4,"K'iq'ab',",k'iq'ab'
3169,5,Kawisimaj.,kawisimaj
3170,0,Keta'm,keta'm
3170,1,we,we
3170,2,Lab'al,lab'al
3170,3,chib'anik.,chib'anik
3171,0,Q'alaj,q'alaj
3171,1,chikiwach,chikiwach
3171,2,Ronojel,ronojel
3171,3,chikilo.,chikilo
3172,0,We,we
3172,1,"kamik,",kamik
3172,2,We,we
3172,3,"waij,",waij
3172,4,We,we
3172,5,ch'a'oj,ch'a'oj
3172,6,"chib'anik,",chib'anik
3172,7,Xa,xa
3172,8,xketa'm,xketa'm
3172,9,wi.,wi
3173,0,K'o,k'o
3173,1,k'ut,k'ut
3173,2,ilb'al,ilb'al
3173,3,"re,",re
3173,4,K'o,k'o
3173,5,wuj.,wuj
3174,0,Popol,popol
3174,1,Wuj,wuj
3174,2,u,u
3174,3,b'i',b'i'
3174,4,kumal.,kumal
3175,0,Ma,ma
3175,1,na,na
3175,2,keje',keje'
3175,3,e,e
3175,4,ajawab'.,ajawab'
3176,0,Nim,nim
3176,1,ki,ki
3176,2,k'oje'ik,k'oje'ik
3176,3,Nim,nim
3176,4,nay,nay
3176,5,puch,puch
3176,6,ki,ki
3176,7,mewajik.,mewajik
3177,0,Are',are'
3177,1,loq'b'al,loq'b'al
3177,2,tz'aq,tz'aq
3177,3,Loq'b'al,loq'b'al
3177,4,pu,pu
3177,5,ajawarem,ajawarem
3177,6,kumal.,kumal
3178,0,Najtik,najtik
3178,1,chik,chik
3178,2,xemewajik,xemewajik
3178,3,Xek'ajb'ik,xek'ajb'ik
3178,4,chuwach,chuwach
3178,5,ki,ki
3178,6,k'ab'awil.,k'ab'awil
3179,0,Wa',wa'
3179,1,k'ute,k'ute
3179,2,ki,ki
3179,3,mewajib'al:,mewajib'al
3179,4,B'elej,b'elej
3179,5,winaq,winaq
3179,6,"kemewajik,",kemewajik
3179,7,Ju,ju
3179,8,b'elej,b'elej
3179,9,k'ut,k'ut
3179,10,"kek'ajb'ik,",kek'ajb'ik
3179,11,Kek'atonik.,kek'atonik
3180,0,Oxlaju,oxlaju
3180,1,winaq,winaq
3180,2,chik,chik
3180,3,ki,ki
3180,4,"mewajib'al,",mewajib'al
3180,5,Oxlaju,oxlaju
3180,6,chi,chi
3180,7,k'ut,k'ut
3180,8,kek'ajb'ik.,kek'ajb'ik
3181,0,Kek'atonik,kek'atonik
3181,1,chuwach,chuwach
3181,2,"Tojil,",tojil
3181,3,Chuwach,chuwach
3181,4,pu,pu
3181,5,ki,ki
3181,6,k'ab'awil.,k'ab'awil
3182,0,Xa,xa
3182,1,"tulul,",tulul
3182,2,Xa,xa
3182,3,"ajache',",ajache'
3182,4,Xa,xa
3182,5,q'inom,q'inom
3182,6,chikilo'o.,chikilo'o
3183,0,Are',are'
3183,1,maja,maja
3183,2,b'i,b'i
3183,3,wa,wa
3183,4,Chikiwej.,chikiwej
3184,0,We,we
3184,1,k'ut,k'ut
3184,2,wuqlajuj,wuqlajuj
3184,3,winaq,winaq
3184,4,"kek'ajb'ik,",kek'ajb'ik
3184,5,We,we
3184,6,[wuq]lajuj,wuqlajuj
3184,7,k'ut,k'ut
3184,8,kemewajik.,kemewajik
3185,0,Mawi,mawi
3185,1,kewa'ik.,kewa'ik
3186,0,Qitzij,qitzij
3186,1,wi,wi
3186,2,chi,chi
3186,3,nima,nima
3186,4,awasinik,awasinik
3186,5,chikib'ano.,chikib'ano
3187,0,Are',are'
3187,1,retal,retal
3187,2,Ki,ki
3187,3,k'oje'ik,k'oje'ik
3187,4,e,e
3187,5,ajawab'.,ajawab'
3188,0,Ruk',ruk'
3188,1,k'ut,k'ut
3188,2,maja,maja
3188,3,b'i,b'i
3188,4,ixoq,ixoq
3188,5,chiwar,chiwar
3188,6,k'ut,k'ut
3188,7,Xa,xa
3188,8,ki,ki
3188,9,tukel,tukel
3188,10,chikichajij,chikichajij
3188,11,kib'.,kib'
3189,0,"Kemewajik,",kemewajik
3189,1,Xa,xa
3189,2,pa,pa
3189,3,rachoch,rachoch
3189,4,k'ab'awil,k'ab'awil
3189,5,kek'oje',kek'oje'
3189,6,wi.,wi
3190,0,Ju,ju
3190,1,ta,ta
3190,2,q'ij,q'ij
3190,3,xa,xa
3190,4,"q'ijilonik,",q'ijilonik
3190,5,Xa,xa
3190,6,"k'atonik,",k'atonik
3190,7,Xa,xa
3190,8,pu,pu
3190,9,k'ajb'ik,k'ajb'ik
3190,10,chikib'ano.,chikib'ano
3191,0,Xawi,xawi
3191,1,chiri',chiri'
3191,2,e,e
3191,3,k'o,k'o
3191,4,wi,wi
3191,5,"xq'eq,",xq'eq
3191,6,Saqirik,saqirik
3191,7,Xa,xa
3191,8,choq',choq'
3191,9,ki,ki
3191,10,"k'u'x,",k'u'x
3191,11,Xa,xa
3191,12,pu,pu
3191,13,choq',choq'
3191,14,ki,ki
3191,15,pam.,pam
3192,0,Ta,ta
3192,1,ketz'ononik,ketz'ononik
3192,2,chirech,chirech
3192,3,u,u
3192,4,"saq,",saq
3192,5,U,u
3192,6,"k'aslem,",k'aslem
3192,7,"Kal,",kal
3192,8,Ki,ki
3192,9,"k'ajol,",k'ajol
3192,10,Chire,chire
3192,11,nay,nay
3192,12,puch,puch
3192,13,kajawarem.,kajawarem
3193,0,Chikipakab'a',chikipakab'a'
3193,1,ki,ki
3193,2,wach,wach
3193,3,chi,chi
3193,4,kaj.,kaj
3194,0,Wa',wa'
3194,1,k'ute,k'ute
3194,2,ki,ki
3194,3,tz'onob'al,tz'onob'al
3194,4,chuwach,chuwach
3194,5,ki,ki
3194,6,k'ab'awil,k'ab'awil
3194,7,Ta,ta
3194,8,ketz'ononik.,ketz'ononik
3195,0,Are',are'
3195,1,k'ut,k'ut
3195,2,roq'ej,roq'ej
3195,3,ki,ki
3195,4,"k'u'x,",k'u'x
3195,5,Wa':,wa'
3196,0,“AKAROK,akarok
3196,1,atob',atob'
3196,2,u,u
3196,3,"q'ij,",q'ij
3196,4,At,at
3196,5,"Juraqan,",juraqan
3196,6,At,at
3196,7,U,u
3196,8,K'u'x,k'u'x
3196,9,"Kaj,",kaj
3196,10,"Ulew,",ulew
3196,11,At,at
3196,12,ya'ol,ya'ol
3196,13,rech,rech
3196,14,"q'anal,",q'anal
3196,15,Raxal;,raxal
3196,16,At,at
3196,17,pu,pu
3196,18,ya'ol,ya'ol
3196,19,"mi'al,",mi'al
3196,20,K'ajol.,k'ajol
3197,0,"Chatziloj,",chatziloj
3197,1,Chamaq'ij,chamaq'ij
3197,2,uloq,uloq
3197,3,A,a
3197,4,"raxal,",raxal
3197,5,A,a
3197,6,q'anal.,q'anal
3198,0,Chaya'taj,chaya'taj
3198,1,u,u
3198,2,"k'ase'ik,",k'ase'ik
3198,3,Winaqirik,winaqirik
3198,4,"Wal,",wal
3198,5,Nu,nu
3198,6,"k'ajol,",k'ajol
3198,7,"Chipoq'taj,",chipoq'taj
3198,8,"Chiwinaqirtaj,",chiwinaqirtaj
3198,9,Tzuqul,tzuqul
3198,10,"awe,",awe
3198,11,Q'o'l,q'o'l
3198,12,"awe,",awe
3198,13,Sik'iy,sik'iy
3198,14,"awe,",awe
3198,15,Pa,pa
3198,16,"b'e,",b'e
3198,17,Pa,pa
3198,18,"jok,",jok
3198,19,Pa,pa
3198,20,b'e,b'e
3198,21,"ya',",ya'
3198,22,Pa,pa
3198,23,"siwan,",siwan
3198,24,Xe',xe'
3198,25,"che',",che'
3198,26,Xe',xe'
3198,27,"k'a'am,",k'a'am
3198,28,Chaya',chaya'
3198,29,ki,ki
3198,30,"mi'al,",mi'al
3198,31,Ki,ki
3198,32,k'ajol.,k'ajol
3199,0,Ma,ma
3199,1,ta,ta
3199,2,ja,ja
3199,3,b'i,b'i
3199,4,"il,",il
3199,5,"Tz'ap,",tz'ap
3199,6,"Yan,",yan
3199,7,K'exo.,k'exo
3200,0,Ma,ma
3200,1,ta,ta
3200,2,chok,chok
3200,3,k'axtok'onel,k'axtok'onel
3200,4,"chikij,",chikij
3200,5,Chikiwach.,chikiwach
3201,0,"Mepajik,",mepajik
3201,1,"Mesokotajik,",mesokotajik
3201,2,"Mejoxowik,",mejoxowik
3201,3,"Meq'atowik,",meq'atowik
3201,4,Meqajik,meqajik
3201,5,rekem,rekem
3201,6,"b'e,",b'e
3201,7,Rajsik,rajsik
3201,8,"b'e,",b'e
3201,9,Ma,ma
3201,10,ta,ta
3201,11,ja,ja
3201,12,b'i,b'i
3201,13,"pak',",pak'
3201,14,"Toxk'om,",toxk'om
3201,15,"Chikij,",chikij
3201,16,Chikiwach.,chikiwach
3202,0,Ke'aya',ke'aya'
3202,1,taj,taj
3202,2,pa,pa
3202,3,raxa,raxa
3202,4,"b'e,",b'e
3202,5,Pa,pa
3202,6,raxa,raxa
3202,7,jok.,jok
3203,0,Ma,ma
3203,1,ta,ta
3203,2,ja,ja
3203,3,b'i',b'i'
3203,4,"kil,",kil
3203,5,Ki,ki
3203,6,"tz'ap,",tz'ap
3203,7,"Ak'u'wil,",ak'u'wil
3203,8,Awitzmal.,awitzmal
3204,0,Utz,utz
3204,1,taj,taj
3204,2,Ki,ki
3204,3,k'oje'ik,k'oje'ik
3204,4,Tzuqul,tzuqul
3204,5,"awe,",awe
3204,6,Q'o'l,q'o'l
3204,7,"awe,",awe
3204,8,"Chachi',",chachi'
3204,9,"Chawach,",chawach
3204,10,At,at
3204,11,U,u
3204,12,K'u'x,k'u'x
3204,13,"Kaj,",kaj
3204,14,At,at
3204,15,U,u
3204,16,K'u'x,k'u'x
3204,17,"Ulew,",ulew
3204,18,At,at
3204,19,Pisom,pisom
3204,20,"Q'aq'al,",q'aq'al
3204,21,At,at
3204,22,puch,puch
3204,23,"Tojil,",tojil
3204,24,"Awilix,",awilix
3204,25,"Jaq'awitz,",jaq'awitz
3204,26,Pam,pam
3204,27,"kaj,",kaj
3204,28,U,u
3204,29,pam,pam
3204,30,ulew,ulew
3204,31,Kaj,kaj
3204,32,"tzuk,",tzuk
3204,33,Kaj,kaj
3204,34,xukut.,xukut
3205,0,Xa,xa
3205,1,ta,ta
3205,2,"saq,",saq
3205,3,Xa,xa
3205,4,ta,ta
3205,5,amaq',amaq'
3205,6,U,u
3205,7,pam,pam
3205,8,"chachi',",chachi'
3205,9,"Chawach,",chawach
3205,10,At,at
3205,11,K'ab'awil.”,k'ab'awil
3205,12,Keje',keje'
3205,13,k'ut,k'ut
3205,14,ri,ri
3205,15,ajawab',ajawab'
3205,16,Ta,ta
3205,17,kemewajik,kemewajik
3205,18,Chupan,chupan
3205,19,ri,ri
3205,20,b'elej,b'elej
3205,21,"winaq,",winaq
3205,22,Oxlaju,oxlaju
3205,23,"winaq,",winaq
3205,24,Wuqlaju,wuqlaju
3205,25,winaq,winaq
3205,26,puch.,puch
3206,0,K'i,k'i
3206,1,mewaij,mewaij
3206,2,q'ij,q'ij
3206,3,Choq',choq'
3206,4,ki,ki
3206,5,k'u'x,k'u'x
3206,6,Chuwi',chuwi'
3206,7,"kal,",kal
3206,8,Ki,ki
3206,9,k'ajol;,k'ajol
3206,10,Chuwi',chuwi'
3206,11,puch,puch
3206,12,ronojel,ronojel
3206,13,"ixoq,",ixoq
3206,14,Alk'u'al.,alk'u'al
3207,0,Ta,ta
3207,1,xkib'an,xkib'an
3207,2,ki,ki
3207,3,patan,patan
3207,4,Jujun,jujun
3207,5,chi,chi
3207,6,ajawab'.,ajawab'
3208,0,Are',are'
3208,1,loq'b'al,loq'b'al
3208,2,"saq,",saq
3208,3,K'aslem;,k'aslem
3208,4,Loq'b'al,loq'b'al
3208,5,puch,puch
3208,6,ajawarem.,ajawarem
3209,0,Are',are'
3209,1,rajawarem,rajawarem
3209,2,Aj,aj
3209,3,"Pop,",pop
3209,4,Aj,aj
3209,5,Pop,pop
3209,6,K'am,k'am
3209,7,"Ja,",ja
3209,8,"Q'alel,",q'alel
3209,9,Aj,aj
3209,10,Tzik',tzik'
3209,11,Winaq.,winaq
3210,0,E,e
3210,1,kakab',kakab'
3210,2,ta,ta
3210,3,"ke'okik,",ke'okik
3210,4,Kejalow,kejalow
3210,5,kib',kib'
3210,6,Chi,chi
3210,7,reqalixik,reqalixik
3210,8,"amaq',",amaq'
3210,9,Ruk',ruk'
3210,10,ronojel,ronojel
3210,11,K'iche',k'iche'
3210,12,winaq.,winaq
3211,0,Xa,xa
3211,1,jun,jun
3211,2,Xel,xel
3211,3,wi,wi
3211,4,U,u
3211,5,xe',xe'
3211,6,"tzij,",tzij
3211,7,U,u
3211,8,xe',xe'
3211,9,puch,puch
3211,10,"Tzuquj,",tzuquj
3211,11,Q'o'j.,q'o'j
3212,0,Xawi,xawi
3212,1,u,u
3212,2,xe',xe'
3212,3,"tzij,",tzij
3212,4,Xawi,xawi
3212,5,keje',keje'
3212,6,kub'ano,kub'ano
3212,7,"Tamub',",tamub'
3212,8,"Ilokab',",ilokab'
3212,9,Ruk',ruk'
3212,10,"Rab'inaleb',",rab'inaleb'
3212,11,"Kaqchekeleb',",kaqchekeleb'
3212,12,Aj,aj
3212,13,Tz'ikina,tz'ikina
3212,14,Ja;,ja
3212,15,Tujala,tujala
3212,16,"Ja,",ja
3212,17,U,u
3212,18,Ch'ab'a,ch'ab'a
3212,19,Ja.,ja
3213,0,Xa,xa
3213,1,jun,jun
3213,2,chel,chel
3213,3,wi,wi
3213,4,Ta,ta
3213,5,xiqan,xiqan
3213,6,chiri',chiri'
3213,7,K'iche'.,k'iche'
3214,0,Ta,ta
3214,1,chub'an,chub'an
3214,2,rech,rech
3214,3,ronojel.,ronojel
3215,0,Ma,ma
3215,1,na,na
3215,2,xaqi,xaqi
3215,3,keje',keje'
3215,4,"xe'ajawarik,",xe'ajawarik
3215,5,Ma,ma
3215,6,na,na
3215,7,xa,xa
3215,8,xkikaqkochij.,xkikaqkochij
3216,0,Tzuqul,tzuqul
3216,1,"ke,",ke
3216,2,Q'o'l,q'o'l
3216,3,ke.,ke
3217,0,Xa,xa
3217,1,ta,ta
3217,2,ki,ki
3217,3,"wain,",wain
3217,4,Uk'aja,uk'aja
3217,5,xkib'ano.,xkib'ano
3218,0,Ma,ma
3218,1,pu,pu
3218,2,xaloq',xaloq'
3218,3,"taj,",taj
3218,4,"Xkitz'ub'u,",xkitz'ub'u
3218,5,Xkeleq'aj,xkeleq'aj
3218,6,"Kajawarem,",kajawarem
3218,7,Ki,ki
3218,8,"q'aq'al,",q'aq'al
3218,9,Ki,ki
3218,10,tepewal.,tepewal
3219,0,Ma,ma
3219,1,nay,nay
3219,2,pu,pu
3219,3,xa,xa
3219,4,ta,ta
3219,5,keje',keje'
3219,6,xk'aj,xk'aj
3219,7,u,u
3219,8,"siwan,",siwan
3219,9,U,u
3219,10,"tinamit,",tinamit
3219,11,Ch'uti',ch'uti'
3219,12,"amaq',",amaq'
3219,13,Nima,nima
3219,14,amaq'.,amaq'
3220,0,Nim,nim
3220,1,rajil,rajil
3220,2,Xkiya'o.,xkiya'o
3221,0,Xul,xul
3221,1,xit,xit
3221,2,Xul,xul
3221,3,"puwaq,",puwaq
3221,4,Xul,xul
3221,5,puch,puch
3221,6,kajq'ab',kajq'ab'
3221,7,"raqan,",raqan
3221,8,Tuwik,tuwik
3221,9,raqan;,raqan
3221,10,Chi,chi
3221,11,"k'uwal,",k'uwal
3221,12,Chi,chi
3221,13,yamanik;,yamanik
3221,14,Xul,xul
3221,15,puch,puch
3221,16,"raxon,",raxon
3221,17,"K'ub'ul,",k'ub'ul
3221,18,Ch'aktik;,ch'aktik
3221,19,U,u
3221,20,patan,patan
3221,21,ronojel,ronojel
3221,22,amaq',amaq'
3221,23,Xul,xul
3221,24,chikiwach,chikiwach
3221,25,nawal,nawal
3221,26,ajawab',ajawab'
3221,27,"Q'ukumatz,",q'ukumatz
3221,28,K'o,k'o
3221,29,Tuja;,tuja
3221,30,Chuwach,chuwach
3221,31,puch,puch
3221,32,"K'iq'ab',",k'iq'ab'
3221,33,Kawisimaj;,kawisimaj
3221,34,Ri,ri
3221,35,Aj,aj
3221,36,"Pop,",pop
3221,37,Aj,aj
3221,38,Pop,pop
3221,39,K'am,k'am
3221,40,"Ja,",ja
3221,41,"Q'alel,",q'alel
3221,42,Aj,aj
3221,43,Tzik',tzik'
3221,44,Winaq.,winaq
3222,0,Mawi,mawi
3222,1,xa,xa
3222,2,ch'uti'n,ch'uti'n
3222,3,xkib'ano.,xkib'ano
3223,0,K'ia,k'ia
3223,1,ch'ob',ch'ob'
3223,2,chi,chi
3223,3,"amaq',",amaq'
3223,4,Xul,xul
3223,5,u,u
3223,6,patan,patan
3223,7,K'iche'.,k'iche'
3224,0,K'axk'ol,k'axk'ol
3224,1,k'ut,k'ut
3224,2,xk'am,xk'am
3224,3,wi.,wi
3225,0,Xyake'x,xyake'x
3225,1,wi,wi
3225,2,kumal.,kumal
3226,0,Mawi,mawi
3226,1,atan,atan
3226,2,xwinaqirik,xwinaqirik
3226,3,ki,ki
3226,4,"q'aq'al,",q'aq'al
3226,5,K'a,k'a
3226,6,Q'ukumatz,q'ukumatz
3226,7,u,u
3226,8,xe',xe'
3226,9,nimal,nimal
3226,10,chi,chi
3226,11,ajawarem.,ajawarem
3227,0,Keje',keje'
3227,1,k'ut,k'ut
3227,2,u,u
3227,3,tikarik,tikarik
3227,4,u,u
3227,5,"nimarik,",nimarik
3227,6,Ri,ri
3227,7,u,u
3227,8,nimarik,nimarik
3227,9,puch,puch
3227,10,K'iche'.,k'iche'
3228,0,Are',are'
3228,1,chi,chi
3228,2,k'ut,k'ut
3228,3,xchiqacholo,xchiqacholo
3228,4,u,u
3228,5,le'el,le'el
3228,6,"ajawab',",ajawab'
3228,7,Ruk',ruk'
3228,8,ki,ki
3228,9,b'i',b'i'
3228,10,konojel,konojel
3228,11,ajawab',ajawab'
3228,12,xchiqab'ij,xchiqab'ij
3228,13,chik.,chik
3229,0,WA'E,wa'e
3229,1,k'ute,k'ute
3229,2,u,u
3229,3,"le'el,",le'el
3229,4,U,u
3229,5,"tasel,",tasel
3229,6,"Ajawarem,",ajawarem
3229,7,Chi,chi
3229,8,ronojel,ronojel
3229,9,ki,ki
3229,10,saqirib'em:,saqirib'em
3229,11,B'alam,b'alam
3229,12,"Kitze,",kitze
3229,13,B'alam,b'alam
3229,14,"Aq'ab',",aq'ab'
3229,15,"Majukutaj,",majukutaj
3229,16,Ik'i,ik'i
3229,17,B'alam.,b'alam
3230,0,Nab'e,nab'e
3230,1,qa,qa
3230,2,"mam,",mam
3230,3,Nab'e,nab'e
3230,4,qa,qa
3230,5,qajaw,qajaw
3230,6,Ta,ta
3230,7,xwachin,xwachin
3230,8,"q'ij,",q'ij
3230,9,Xwachin,xwachin
3230,10,"ik',",ik'
3230,11,Ch'umil.,ch'umil
3231,0,Wa'e,wa'e
3231,1,k'ute,k'ute
3231,2,u,u
3231,3,"le'el,",le'el
3231,4,U,u
3231,5,tasel,tasel
3231,6,ajawarem.,ajawarem
3232,0,Xchiqatikib'a',xchiqatikib'a'
3232,1,uloq,uloq
3232,2,Qi,qi
3232,3,chuxe'.,chuxe'
3233,0,K'uluk'uj,k'uluk'uj
3233,1,chi,chi
3233,2,rokik,rokik
3233,3,"ajawab',",ajawab'
3233,4,Ta,ta
3233,5,chokik.,chokik
3234,0,Ta,ta
3234,1,chikamije'ik,chikamije'ik
3234,2,ju,ju
3234,3,taq,taq
3234,4,le',le'
3234,5,chi,chi
3234,6,"ajawab',",ajawab'
3234,7,Ri,ri
3234,8,"mama',",mama'
3234,9,Ruk',ruk'
3234,10,rajawal,rajawal
3234,11,chi,chi
3234,12,tinamit.,tinamit
3235,0,Ronojel,ronojel
3235,1,chi,chi
3235,2,jujun,jujun
3235,3,chi,chi
3235,4,ajawab'.,ajawab'
3236,0,Wa'e,wa'e
3236,1,k'ute,k'ute
3236,2,xchiwachin,xchiwachin
3236,3,u,u
3236,4,wach,wach
3236,5,chujujunal,chujujunal
3236,6,ajawab'.,ajawab'
3237,0,Wa'e,wa'e
3237,1,k'ute,k'ute
3237,2,xchiwachin,xchiwachin
3237,3,u,u
3237,4,wach,wach
3237,5,jujun,jujun
3237,6,chujujunal,chujujunal
3237,7,ajawab',ajawab'
3237,8,K'iche'.,k'iche'
3238,0,B'ALAM,b'alam
3238,1,Kitze,kitze
3238,2,U,u
3238,3,xe'nab'al,xe'nab'al
3238,4,Kaweqib'.,kaweqib'
3239,0,K'okaib',k'okaib'
3239,1,U,u
3239,2,ka,ka
3239,3,le',le'
3239,4,chik,chik
3239,5,B'alam,b'alam
3239,6,Kitze.,kitze
3240,0,B'alam,b'alam
3240,1,K'o,k'o
3240,2,Nache,nache
3240,3,xtikib'an,xtikib'an
3240,4,Aj,aj
3240,5,"Popol,",popol
3240,6,Rox,rox
3240,7,le',le'
3240,8,k'u,k'u
3240,9,ri'.,ri'
3241,0,K'o,k'o
3241,1,"Tuja,",tuja
3241,2,Istayub',istayub'
3241,3,u,u
3241,4,kaj,kaj
3241,5,le'.,le'
3242,0,"Q'ukumatz,",q'ukumatz
3242,1,K'o,k'o
3242,2,"Tuja,",tuja
3242,3,U,u
3242,4,xe',xe'
3242,5,nawal,nawal
3242,6,"ajaw,",ajaw
3242,7,Ro',ro'
3242,8,le',le'
3242,9,xk'oje',xk'oje'
3242,10,wi.,wi
3243,0,"Tepepul,",tepepul
3243,1,Istayul,istayul
3243,2,chik,chik
3243,3,u,u
3243,4,waq,waq
3243,5,tas.,tas
3244,0,"K'iq'ab',",k'iq'ab'
3244,1,"Kawisimaj,",kawisimaj
3244,2,U,u
3244,3,wuq,wuq
3244,4,jal,jal
3244,5,ajawarem.,ajawarem
3245,0,Nawal,nawal
3245,1,chiwi'.,chiwi'
3246,0,"Tepepul,",tepepul
3246,1,Istayub',istayub'
3246,2,u,u
3246,3,wajxaq,wajxaq
3246,4,le'.,le'
3247,0,"Tekum,",tekum
3247,1,Tepepul,tepepul
3247,2,u,u
3247,3,b'elej,b'elej
3247,4,le'.,le'
3248,0,Wajxaqi,wajxaqi
3248,1,"K'a'am,",k'a'am
3248,2,K'iq'ab',k'iq'ab'
3248,3,k'ut,k'ut
3248,4,u,u
3248,5,lajuj,lajuj
3248,6,le',le'
3248,7,ajawab'.,ajawab'
3249,0,Wuqub',wuqub'
3249,1,"No'j,",no'j
3249,2,Kawatepech,kawatepech
3249,3,chik,chik
3249,4,u,u
3249,5,julajuj,julajuj
3249,6,tas,tas
3249,7,ajawab'.,ajawab'
3250,0,Oxib',oxib'
3250,1,"Kiej,",kiej
3250,2,B'elejeb',b'elejeb'
3250,3,Tz'i',tz'i'
3250,4,u,u
3250,5,kab'lajuj,kab'lajuj
3250,6,le',le'
3250,7,ajawab'.,ajawab'
3251,0,Are',are'
3251,1,k'ut,k'ut
3251,2,ke'ajawarik,ke'ajawarik
3251,3,ta,ta
3251,4,xul,xul
3251,5,Tonatiu.,tonatiu
3252,0,Xejitz'axik,xejitz'axik
3252,1,rumal,rumal
3252,2,castillan,castillan
3252,3,winaq.,winaq
3253,0,"Tekum,",tekum
3253,1,"Tepepul,",tepepul
3253,2,Xepatanijik,xepatanijik
3253,3,chuwach,chuwach
3253,4,castillan,castillan
3253,5,winaq.,winaq
3254,0,Don,don
3254,1,Juan,juan
3254,2,de,de
3254,3,"Rojas,",rojas
3254,4,Don,don
3254,5,Juan,juan
3254,6,"Cortes,",cortes
3254,7,Kajlaju,kajlaju
3254,8,le',le'
3254,9,ajawab'.,ajawab'
3255,0,E,e
3255,1,k'ajolaxel,k'ajolaxel
3255,2,Rumal,rumal
3255,3,"Tekum,",tekum
3255,4,Tepepul.,tepepul
3256,0,ARE',are'
3256,1,k'ut,k'ut
3256,2,u,u
3256,3,le'el,le'el
3256,4,U,u
3256,5,tasel,tasel
3256,6,"Ajawarem,",ajawarem
3256,7,Ri,ri
3256,8,ajaw,ajaw
3256,9,Aj,aj
3256,10,"Pop,",pop
3256,11,Aj,aj
3256,12,Pop,pop
3256,13,K'am,k'am
3256,14,"Ja,",ja
3256,15,Chuwach,chuwach
3256,16,Kaweqib',kaweqib'
3256,17,K'iche'.,k'iche'
3257,0,Are',are'
3257,1,chi,chi
3257,2,xchiqab'ij,xchiqab'ij
3257,3,chik,chik
3257,4,re,re
3257,5,chinamit.,chinamit
3258,0,Wa',wa'
3258,1,chi,chi
3258,2,k'ute,k'ute
3258,3,nim,nim
3258,4,ja,ja
3258,5,rech,rech
3258,6,jujun,jujun
3258,7,chi,chi
3258,8,ajawab',ajawab'
3258,9,Chirij,chirij
3258,10,Aj,aj
3258,11,"Pop,",pop
3258,12,Aj,aj
3258,13,Pop,pop
3258,14,K'am,k'am
3258,15,Ja.,ja
3259,0,Are',are'
3259,1,u,u
3259,2,b'i'nam,b'i'nam
3259,3,wi,wi
3259,4,b'elejeb',b'elejeb'
3259,5,chinamit,chinamit
3259,6,chi,chi
3259,7,"Kaweqib',",kaweqib'
3259,8,B'elejeb',b'elejeb'
3259,9,u,u
3259,10,nim,nim
3259,11,ja.,ja
3260,0,Wa',wa'
3260,1,taq,taq
3260,2,u,u
3260,3,b'i',b'i'
3260,4,e,e
3260,5,rajawal,rajawal
3260,6,Jujun,jujun
3260,7,chi,chi
3260,8,nim,nim
3260,9,ja:,ja
3260,10,Ajaw,ajaw
3260,11,Aj,aj
3260,12,Pop,pop
3260,13,jun,jun
3260,14,u,u
3260,15,nim,nim
3260,16,"ja,",ja
3260,17,K'u,k'u
3260,18,Ja,ja
3260,19,u,u
3260,20,b'i',b'i'
3260,21,nim,nim
3260,22,ja;,ja
3260,23,Ajaw,ajaw
3260,24,Aj,aj
3260,25,Pop,pop
3260,26,K'am,k'am
3260,27,"Ja,",ja
3260,28,Tz'ikina,tz'ikina
3260,29,Ja,ja
3260,30,u,u
3260,31,b'i',b'i'
3260,32,u,u
3260,33,nim,nim
3260,34,ja;,ja
3260,35,Nim,nim
3260,36,Ch'okoj,ch'okoj
3260,37,"Kaweq,",kaweq
3260,38,Jun,jun
3260,39,u,u
3260,40,nim,nim
3260,41,ja;,ja
3260,42,Ajaw,ajaw
3260,43,Aj,aj
3260,44,"Tojil,",tojil
3260,45,Jun,jun
3260,46,u,u
3260,47,nim,nim
3260,48,ja;,ja
3260,49,Ajaw,ajaw
3260,50,Aj,aj
3260,51,"Q'ukumatz,",q'ukumatz
3260,52,Jun,jun
3260,53,u,u
3260,54,nim,nim
3260,55,ja;,ja
3260,56,Popol,popol
3260,57,Winaq,winaq
3260,58,Chi,chi
3260,59,"T'uy,",t'uy
3260,60,Jun,jun
3260,61,u,u
3260,62,nim,nim
3260,63,ja;,ja
3260,64,Lolmet,lolmet
3260,65,Kej,kej
3260,66,"Nay,",nay
3260,67,Jun,jun
3260,68,u,u
3260,69,nim,nim
3260,70,ja;,ja
3260,71,Popol,popol
3260,72,Winaq,winaq
3260,73,pa,pa
3260,74,Jom,jom
3260,75,"Tz'alatz',",tz'alatz'
3260,76,Xkuxeb'a',xkuxeb'a'
3260,77,jun,jun
3260,78,u,u
3260,79,nim,nim
3260,80,ja;,ja
3260,81,Tepew,tepew
3260,82,"Yaki,",yaki
3260,83,Jun,jun
3260,84,u,u
3260,85,nim,nim
3260,86,ja.,ja
3261,0,ARE',are'
3261,1,k'u,k'u
3261,2,ri,ri
3261,3,b'elejeb',b'elejeb'
3261,4,chinamit,chinamit
3261,5,Chi,chi
3261,6,Kaweqib'.,kaweqib'
3262,0,Tzatz,tzatz
3262,1,"ral,",ral
3262,2,U,u
3262,3,k'ajol,k'ajol
3262,4,ajilatal,ajilatal
3262,5,Chirij,chirij
3262,6,b'elejeb',b'elejeb'
3262,7,Chi,chi
3262,8,nim,nim
3262,9,ja.,ja
3263,0,WA',wa'
3263,1,k'ute,k'ute
3263,2,rech,rech
3263,3,"Nijaib'ab',",nijaib'ab'
3263,4,B'elejeb',b'elejeb'
3263,5,chiwi',chiwi'
3263,6,chi,chi
3263,7,nim,nim
3263,8,ja.,ja
3264,0,Are',are'
3264,1,nab'e,nab'e
3264,2,xchiqab'ij,xchiqab'ij
3264,3,U,u
3264,4,le'ab'al,le'ab'al
3264,5,rib',rib'
3264,6,ajawarem:,ajawarem
3264,7,Xa,xa
3264,8,jun,jun
3264,9,u,u
3264,10,xe',xe'
3264,11,Xchtikar,xchtikar
3264,12,chuwach,chuwach
3264,13,U,u
3264,14,xe',xe'
3264,15,"q'ij,",q'ij
3264,16,U,u
3264,17,xe',xe'
3264,18,saq,saq
3264,19,chi,chi
3264,20,winaq.,winaq
3265,0,B'alam,b'alam
3265,1,Aq'ab',aq'ab'
3265,2,Nab'e,nab'e
3265,3,"Mamaxel,",mamaxel
3265,4,Qajawixel.,qajawixel
3266,0,K'o,k'o
3266,1,"Akul,",akul
3266,2,K'o,k'o
3266,3,Akutek,akutek
3266,4,u,u
3266,5,ka,ka
3266,6,le'.,le'
3267,0,K'o,k'o
3267,1,"Chajuj,",chajuj
3267,2,K'o,k'o
3267,3,Tz'ib'a,tz'ib'a
3267,4,Ja,ja
3267,5,rox,rox
3267,6,le'.,le'
3268,0,B'elejeb',b'elejeb'
3268,1,"Kej,",kej
3268,2,U,u
3268,3,kaj,kaj
3268,4,le',le'
3268,5,chik.,chik
3269,0,K'o,k'o
3269,1,Tuja,tuja
3269,2,Ro',ro'
3269,3,le',le'
3269,4,ajaw.,ajaw
3270,0,B'atz'a,b'atz'a
3270,1,chi,chi
3270,2,"k'ut,",k'ut
3270,3,U,u
3270,4,waq,waq
3270,5,le',le'
3270,6,chik.,chik
3271,0,Istayul,istayul
3271,1,chi,chi
3271,2,"k'ut,",k'ut
3271,3,U,u
3271,4,wuq,wuq
3271,5,le',le'
3271,6,ajaw.,ajaw
3272,0,K'o,k'o
3272,1,Tuja,tuja
3272,2,"chiwi',",chiwi'
3272,3,U,u
3272,4,wajxaq,wajxaq
3272,5,tas,tas
3272,6,ajawarem.,ajawarem
3273,0,B'elejeb',b'elejeb'
3273,1,"Kej,",kej
3273,2,U,u
3273,3,b'elej,b'elej
3273,4,tas.,tas
3274,0,Kema,kema
3274,1,chuchax,chuchax
3274,2,"chik,",chik
3274,3,U,u
3274,4,lajuj,lajuj
3274,5,le'.,le'
3275,0,Ajaw,ajaw
3275,1,K'o,k'o
3275,2,"Tuja,",tuja
3275,3,U,u
3275,4,julaju,julaju
3275,5,le'.,le'
3276,0,Don,don
3276,1,Christowal,christowal
3276,2,"chuchaxik,",chuchaxik
3276,3,Xajawarik,xajawarik
3276,4,chuwach,chuwach
3276,5,Caxtilan,caxtilan
3276,6,winaq.,winaq
3277,0,Don,don
3277,1,Pedro,pedro
3277,2,de,de
3277,3,"Robles,",robles
3277,4,Ajaw,ajaw
3277,5,Q'alel,q'alel
3277,6,wakamik.,wakamik
3278,0,ARE',are'
3278,1,k'u,k'u
3278,2,ri',ri'
3278,3,chi,chi
3278,4,ronojel,ronojel
3278,5,ajawab',ajawab'
3278,6,Elenaq,elenaq
3278,7,chirij,chirij
3278,8,ri,ri
3278,9,Ajaw,ajaw
3278,10,Q'alel.,q'alel
3279,0,Are',are'
3279,1,chik,chik
3279,2,xchiqab'ij,xchiqab'ij
3279,3,Rajawal,rajawal
3279,4,jujun,jujun
3279,5,chi,chi
3279,6,nim,nim
3279,7,ja:,ja
3279,8,Ajaw,ajaw
3279,9,"Q'alel,",q'alel
3279,10,U,u
3279,11,nab'e,nab'e
3279,12,ajaw,ajaw
3279,13,Chuwach,chuwach
3279,14,"Nijaib'ab',",nijaib'ab'
3279,15,Jun,jun
3279,16,u,u
3279,17,nim,nim
3279,18,ja;,ja
3279,19,Ajaw,ajaw
3279,20,Aj,aj
3279,21,Tzik',tzik'
3279,22,"Winaq,",winaq
3279,23,Jun,jun
3279,24,u,u
3279,25,nim,nim
3279,26,ja;,ja
3279,27,Ajaw,ajaw
3279,28,Q'alel,q'alel
3279,29,K'am,k'am
3279,30,"Ja,",ja
3279,31,Jun,jun
3279,32,u,u
3279,33,nim,nim
3279,34,ja;,ja
3279,35,Nima,nima
3279,36,K'am,k'am
3279,37,"Ja,",ja
3279,38,Jun,jun
3279,39,u,u
3279,40,nim,nim
3279,41,ja;,ja
3279,42,U,u
3279,43,Chuch,chuch
3279,44,K'am,k'am
3279,45,"Ja,",ja
3279,46,Jun,jun
3279,47,u,u
3279,48,nim,nim
3279,49,ja;,ja
3279,50,Nima,nima
3279,51,K'am,k'am
3279,52,"Ja,",ja
3279,53,Jun,jun
3279,54,u,u
3279,55,nim,nim
3279,56,ja;,ja
3279,57,Nim,nim
3279,58,Ch'okoj,ch'okoj
3279,59,"Nijaib'ab',",nijaib'ab'
3279,60,Jun,jun
3279,61,u,u
3279,62,nim,nim
3279,63,ja;,ja
3279,64,Ajaw,ajaw
3279,65,"Awilix,",awilix
3279,66,Jun,jun
3279,67,u,u
3279,68,nim,nim
3279,69,ja;,ja
3279,70,"Yakolatam,",yakolatam
3279,71,Jun,jun
3279,72,u,u
3279,73,nim,nim
3279,74,ja.,ja
3280,0,ARE',are'
3280,1,k'ut,k'ut
3280,2,nim,nim
3280,3,ja,ja
3280,4,ri',ri'
3280,5,Chuwach,chuwach
3280,6,Nijaib'ab'.,nijaib'ab'
3281,0,Are',are'
3281,1,u,u
3281,2,b'i'nam,b'i'nam
3281,3,"wi,",wi
3281,4,B'elejeb',b'elejeb'
3281,5,chinamit,chinamit
3281,6,chi,chi
3281,7,Nijaib'ab',nijaib'ab'
3281,8,chuchaxik.,chuchaxik
3282,0,K'iya,k'iya
3282,1,taq,taq
3282,2,k'ut,k'ut
3282,3,u,u
3282,4,chinamital,chinamital
3282,5,Jujun,jujun
3282,6,chike,chike
3282,7,ajawab'.,ajawab'
3283,0,Are',are'
3283,1,u,u
3283,2,nab'e,nab'e
3283,3,ri',ri'
3283,4,Mi,mi
3283,5,xqab'ij,xqab'ij
3283,6,ki,ki
3283,7,b'i'.,b'i'
3284,0,ARE',are'
3284,1,chi,chi
3284,2,k'ut,k'ut
3284,3,Rech,rech
3284,4,Ajaw,ajaw
3284,5,K'iche':,k'iche'
3284,6,Wa',wa'
3284,7,u,u
3284,8,"mam,",mam
3284,9,U,u
3284,10,"qajaw,",qajaw
3284,11,Majukutaj,majukutaj
3284,12,Nab'e,nab'e
3284,13,winaq.,winaq
3285,0,K'o,k'o
3285,1,Ajaw,ajaw
3285,2,u,u
3285,3,b'i',b'i'
3285,4,U,u
3285,5,ka,ka
3285,6,le',le'
3285,7,"ajaw,",ajaw
3285,8,Q'aq',q'aq'
3285,9,"Lakan,",lakan
3285,10,K'o,k'o
3285,11,"Kosom,",kosom
3285,12,K'o,k'o
3285,13,"Majkun,",majkun
3285,14,Wuqub',wuqub'
3285,15,"Aj,",aj
3285,16,K'o,k'o
3285,17,"Kame'l,",kame'l
3285,18,K'o,k'o
3285,19,Yab'a,yab'a
3285,20,"Koj,",koj
3285,21,"Winaq,",winaq
3285,22,B'am.,b'am
3286,0,ARE',are'
3286,1,k'ut,k'ut
3286,2,ajawab',ajawab'
3286,3,ri',ri'
3286,4,Chuwach,chuwach
3286,5,Ajaw,ajaw
3286,6,K'iche'.,k'iche'
3287,0,Are',are'
3287,1,u,u
3287,2,"le'el,",le'el
3287,3,U,u
3287,4,tasel,tasel
3287,5,puch.,puch
3288,0,Xa,xa
3288,1,kajib',kajib'
3288,2,u,u
3288,3,nim,nim
3288,4,ja:,ja
3288,5,Aj,aj
3288,6,Tzik',tzik'
3288,7,Winaq,winaq
3288,8,Ajaw,ajaw
3288,9,u,u
3288,10,b'i',b'i'
3288,11,nab'e,nab'e
3288,12,"ajaw,",ajaw
3288,13,Jun,jun
3288,14,u,u
3288,15,nim,nim
3288,16,ja;,ja
3288,17,Lolmet,lolmet
3288,18,Ajaw,ajaw
3288,19,u,u
3288,20,kab',kab'
3288,21,"ajaw,",ajaw
3288,22,Jun,jun
3288,23,u,u
3288,24,nim,nim
3288,25,ja;,ja
3288,26,Nim,nim
3288,27,Ch'okoj,ch'okoj
3288,28,Ajaw,ajaw
3288,29,rox,rox
3288,30,"ajaw,",ajaw
3288,31,Jun,jun
3288,32,u,u
3288,33,nim,nim
3288,34,ja;,ja
3288,35,Jaq'awitz,jaq'awitz
3288,36,k'ut,k'ut
3288,37,u,u
3288,38,kaj,kaj
3288,39,"ajaw,",ajaw
3288,40,Jun,jun
3288,41,u,u
3288,42,nim,nim
3288,43,ja.,ja
3289,0,Chi,chi
3289,1,kajib',kajib'
3289,2,k'ut,k'ut
3289,3,nim,nim
3289,4,ja,ja
3289,5,Chuwach,chuwach
3289,6,Ajaw,ajaw
3289,7,K'iche'.,k'iche'
3290,0,ARE',are'
3290,1,k'u,k'u
3290,2,ri,ri
3290,3,e,e
3290,4,oxib',oxib'
3290,5,chi,chi
3290,6,Nim,nim
3290,7,Ch'okoj.,ch'okoj
3291,0,Keje',keje'
3291,1,ri',ri'
3291,2,e,e
3291,3,qajawixel,qajawixel
3291,4,Rumal,rumal
3291,5,ronojel,ronojel
3291,6,ajawab',ajawab'
3291,7,K'iche'.,k'iche'
3292,0,Xa,xa
3292,1,jun,jun
3292,2,chikikuch,chikikuch
3292,3,wi,wi
3292,4,kib',kib'
3292,5,E,e
3292,6,oxib',oxib'
3292,7,chik,chik
3292,8,ch'okojib'.,ch'okojib'
3293,0,E,e
3293,1,"alanel,",alanel
3293,2,E,e
3293,3,u,u
3293,4,chuch,chuch
3293,5,"tzij,",tzij
3293,6,E,e
3293,7,u,u
3293,8,qajaw,qajaw
3293,9,tzij.,tzij
3294,0,Nim,nim
3294,1,sqaqi'n,sqaqi'n
3294,2,u,u
3294,3,k'oje'ik,k'oje'ik
3294,4,E,e
3294,5,oxib',oxib'
3294,6,chi,chi
3294,7,ch'okojib'.,ch'okojib'
3295,0,NIM,nim
3295,1,Ch'okoj,ch'okoj
3295,2,k'ut,k'ut
3295,3,(chuwach,chuwach
3295,4,"Kaweqib'),",kaweqib'
3295,5,Chuwach,chuwach
3295,6,Nijayib',nijayib'
3295,7,u,u
3295,8,kab',kab'
3295,9,k'u,k'u
3295,10,ri',ri'
3295,11,Nim,nim
3295,12,Ch'okoj,ch'okoj
3295,13,"Ajaw,",ajaw
3295,14,Chuwach,chuwach
3295,15,Ajaw,ajaw
3295,16,K'iche',k'iche'
3295,17,rox,rox
3295,18,Nim,nim
3295,19,Ch'okoj.,ch'okoj
3296,0,Chi,chi
3296,1,oxib',oxib'
3296,2,k'ut,k'ut
3296,3,ri',ri'
3296,4,"ch'okojib',",ch'okojib'
3296,5,Jujun,jujun
3296,6,chuwach,chuwach
3296,7,chinamit.,chinamit
3297,0,Xere,xere
3297,1,k'ut,k'ut
3297,2,u,u
3297,3,k'oje'ik,k'oje'ik
3297,4,K'iche'.,k'iche'
3298,0,Ri',ri'
3298,1,rumal,rumal
3298,2,maja,maja
3298,3,b'i,b'i
3298,4,chi,chi
3298,5,ilb'al,ilb'al
3298,6,re.,re
3299,0,K'o,k'o
3299,1,nab'e,nab'e
3299,2,ojer,ojer
3299,3,kumal,kumal
3299,4,ajawab'.,ajawab'
3300,0,Sachinaq,sachinaq
3300,1,chik.,chik
3301,0,Xere,xere
3301,1,k'u,k'u
3301,2,ri',ri'
3301,3,mi,mi
3301,4,xutzinik,xutzinik
3301,5,chi,chi
3301,6,konojel,konojel
3301,7,"K'iche',",k'iche'
3301,8,Sta.,sta
3302,0,Cruz,cruz
3302,1,u,u
3302,2,b'i'.,b'i'
