doc_id,token_num,token_str,term_str
0,0,Este,este
0,1,es,es
0,2,el,el
0,3,principio,principio
0,4,de,de
0,5,las,las
0,6,antiguas,antiguas
0,7,historias,historias
0,8,de,de
0,9,este,este
0,10,lugar,lugar
0,11,llamado,llamado
0,12,Quiché,quich
1,0,Aquí,aqu
1,1,escribiremos,escribiremos
1,2,y,y
1,3,comenzaremos,comenzaremos
1,4,las,las
1,5,antiguas,antiguas
1,6,historias,historias
1,8,el,el
1,9,principio,principio
1,10,y,y
1,11,el,el
1,12,origen,origen
1,13,de,de
1,14,todo,todo
1,15,lo,lo
1,16,que,que
1,17,se,se
1,18,hizo,hizo
1,19,en,en
1,20,la,la
1,21,ciudad,ciudad
1,22,de,de
1,23,Quiché,quich
1,25,por,por
1,26,las,las
1,27,tribus,tribus
1,28,de,de
1,29,la,la
1,30,nación,nacin
1,31,quiché,quich
2,0,Y,y
2,1,aquí,aqu
2,2,traeremos,traeremos
2,3,la,la
2,4,manifestación,manifestacin
2,6,la,la
2,7,publicación,publicacin
2,8,y,y
2,9,la,la
2,10,narración,narracin
2,11,de,de
2,12,lo,lo
2,13,que,que
2,14,estaba,estaba
2,15,oculto,oculto
2,17,la,la
2,18,revelación,revelacin
2,19,por,por
2,20,Tzacol,tzacol
2,22,Bitol,bitol
2,24,Alom,alom
2,26,Qaholom,qaholom
2,28,que,que
2,29,se,se
2,30,llaman,llaman
2,31,Hunahpú-Vuch,hunahpvuch
2,33,Hunahpú-Utiú,hunahputi
2,35,Zaqui-Nimá-Tziís,zaquinimtzis
2,37,Tepeu,tepeu
2,39,Gucumatz,gucumatz
2,41,u,u
2,42,Qux,qux
2,43,Cho,cho
2,45,u,u
2,46,Qux,qux
2,47,Palo,palo
2,49,Ah,ah
2,50,Raxá,rax
2,51,Lac,lac
2,53,Ah,ah
2,54,Raxá,rax
2,55,Tzel,tzel
2,57,así,as
2,58,llamados,llamados
3,0,Y,y
3,2,al,al
3,3,mismo,mismo
3,4,tiempo,tiempo
3,6,la,la
3,7,declaración,declaracin
3,9,la,la
3,10,narración,narracin
3,11,conjuntas,conjuntas
3,12,de,de
3,13,la,la
3,14,Abuela,abuela
3,15,y,y
3,16,el,el
3,17,Abuelo,abuelo
3,18,cuyos,cuyos
3,19,nombres,nombres
3,20,son,son
3,21,Ixpiyacoc,ixpiyacoc
3,22,e,e
3,23,Ixmucané,ixmucan
3,25,amparadores,amparadores
3,26,y,y
3,27,protectores,protectores
3,29,dos,dos
3,30,veces,veces
3,31,abuela,abuela
3,33,dos,dos
3,34,veces,veces
3,35,abuelo,abuelo
3,37,así,as
3,38,llamados,llamados
3,39,en,en
3,40,las,las
3,41,historias,historias
3,42,quichés,quichs
3,44,cuando,cuando
3,45,contaban,contaban
3,46,todo,todo
3,47,lo,lo
3,48,que,que
3,49,hicieron,hicieron
3,50,en,en
3,51,el,el
3,52,principio,principio
3,53,de,de
3,54,la,la
3,55,vida,vida
3,57,el,el
3,58,principio,principio
3,59,de,de
3,60,la,la
3,61,historia,historia
4,0,Esto,esto
4,1,lo,lo
4,2,escribiremos,escribiremos
4,3,ya,ya
4,4,dentro,dentro
4,5,de,de
4,6,la,la
4,7,ley,ley
4,8,de,de
4,9,Dios,dios
4,10,en,en
4,11,el,el
4,12,Cristianismo,cristianismo
4,14,lo,lo
4,15,sacaremos,sacaremos
4,16,a,a
4,17,luz,luz
4,18,porque,porque
4,19,ya,ya
4,20,no,no
4,21,se,se
4,22,ve,ve
4,23,el,el
4,24,Popol,popol
4,25,Vuh,vuh
4,26,así,as
4,27,llamado,llamado
4,29,donde,donde
4,30,se,se
4,31,veía,vea
4,32,claramente,claramente
4,33,la,la
4,34,venida,venida
4,35,del,del
4,36,otro,otro
4,37,lado,lado
4,38,del,del
4,39,mar,mar
4,41,la,la
4,42,narración,narracin
4,43,de,de
4,44,nuestra,nuestra
4,45,oscuridad,oscuridad
4,47,y,y
4,48,se,se
4,49,veía,vea
4,50,claramente,claramente
4,51,la,la
4,52,vida,vida
5,0,Existia,existia
5,1,el,el
5,2,libro,libro
5,3,original,original
5,5,escrito,escrito
5,6,antiguamente,antiguamente
5,7,pero,pero
5,8,su,su
5,9,vista,vista
5,10,está,est
5,11,oculta,oculta
5,12,al,al
5,13,investigador,investigador
5,14,y,y
5,15,al,al
5,16,pensa-,pensa
5,17,dor,dor
6,0,Grande,grande
6,1,era,era
6,2,la,la
6,3,descripción,descripcin
6,4,y,y
6,5,el,el
6,6,relato,relato
6,7,de,de
6,8,cómo,cmo
6,9,se,se
6,10,acabó,acab
6,11,de,de
6,12,formar,formar
6,13,todo,todo
6,14,el,el
6,15,cielo,cielo
6,16,y,y
6,17,la,la
6,18,tierra,tierra
6,20,como,como
6,21,fue,fue
6,22,formado,formado
6,23,y,y
6,24,repartido,repartido
6,25,en,en
6,26,cuatro,cuatro
6,27,partes,partes
6,29,cómo,cmo
6,30,fue,fue
6,31,señalado,sealado
6,32,y,y
6,33,el,el
6,34,cielo,cielo
6,35,fue,fue
6,36,medido,medido
6,37,y,y
6,38,se,se
6,39,trajo,trajo
6,40,la,la
6,41,cuerda,cuerda
6,42,de,de
6,43,medir,medir
6,44,y,y
6,45,fue,fue
6,46,extendida,extendida
6,47,en,en
6,48,el,el
6,49,cielo,cielo
6,50,y,y
6,51,en,en
6,52,la,la
6,53,tierra,tierra
6,55,en,en
6,56,los,los
6,57,cuatro,cuatro
6,58,ángulos,ngulos
6,60,en,en
6,61,los,los
6,62,cuatro,cuatro
6,63,rincones,rincones
6,65,como,como
6,66,fue,fue
6,67,dicho,dicho
6,68,por,por
6,69,el,el
6,70,Creador,creador
6,71,y,y
6,72,el,el
6,73,Formador,formador
6,75,la,la
6,76,madre,madre
6,77,y,y
6,78,el,el
6,79,padre,padre
6,80,de,de
6,81,la,la
6,82,vida,vida
6,84,de,de
6,85,todo,todo
6,86,lo,lo
6,87,creado,creado
6,89,el,el
6,90,que,que
6,91,da,da
6,92,la,la
6,93,respiración,respiracin
6,94,y,y
6,95,el,el
6,96,pensamiento,pensamiento
6,98,la,la
6,99,que,que
6,100,da,da
6,101,a,a
6,102,luz,luz
6,103,a,a
6,104,los,los
6,105,hijos,hijos
6,106,el,el
6,107,que,que
6,108,vela,vela
6,109,por,por
6,110,la,la
6,111,felicidad,felicidad
6,112,de,de
6,113,los,los
6,114,pueblos,pueblos
6,116,la,la
6,117,felicidad,felicidad
6,118,del,del
6,119,linaje,linaje
6,120,humano,humano
6,122,el,el
6,123,sabio,sabio
6,125,el,el
6,126,que,que
6,127,medita,medita
6,128,en,en
6,129,la,la
6,130,bondad,bondad
6,131,de,de
6,132,todo,todo
6,133,lo,lo
6,134,que,que
6,135,existe,existe
6,136,en,en
6,137,el,el
6,138,cielo,cielo
6,140,en,en
6,141,la,la
6,142,tierra,tierra
6,144,en,en
6,145,los,los
6,146,lagos,lagos
6,147,y,y
6,148,en,en
6,149,el,el
6,150,mar,mar
7,0,Esta,esta
7,1,es,es
7,2,la,la
7,3,relación,relacin
7,4,de,de
7,5,cómo,cmo
7,6,todo,todo
7,7,estaba,estaba
7,8,en,en
7,9,suspenso,suspenso
7,11,todo,todo
7,12,en,en
7,13,calma,calma
7,15,en,en
7,16,silencio,silencio
7,18,todo,todo
7,19,inmóvil,inmvil
7,21,callado,callado
7,22,y,y
7,23,vacía,vaca
7,24,la,la
7,25,extensión,extensin
7,26,del,del
7,27,cielo,cielo
8,0,Esta,esta
8,1,es,es
8,2,la,la
8,3,primera,primera
8,4,relación,relacin
8,6,el,el
8,7,primer,primer
8,8,discurso,discurso
9,0,No,no
9,1,había,haba
9,2,todavía,todava
9,3,un,un
9,4,hombre,hombre
9,6,ni,ni
9,7,un,un
9,8,animal,animal
9,10,pájaros,pjaros
9,12,peces,peces
9,14,cangrejos,cangrejos
9,16,árboles,rboles
9,18,piedras,piedras
9,20,cuevas,cuevas
9,22,barrancas,barrancas
9,24,hierbas,hierbas
9,26,ni,ni
9,27,bosques,bosques
9,29,sólo,slo
9,30,el,el
9,31,cielo,cielo
9,32,existía,exista
10,0,No,no
10,1,se,se
10,2,manifestaba,manifestaba
10,3,la,la
10,4,faz,faz
10,5,de,de
10,6,la,la
10,7,tierra,tierra
11,0,Sólo,slo
11,1,estaban,estaban
11,2,el,el
11,3,mar,mar
11,4,en,en
11,5,calma,calma
11,6,y,y
11,7,el,el
11,8,cielo,cielo
11,9,en,en
11,10,toda,toda
11,11,su,su
11,12,extensión,extensin
12,0,No,no
12,1,había,haba
12,2,nada,nada
12,3,junto,junto
12,5,que,que
12,6,hiciera,hiciera
12,7,ruido,ruido
12,8,ni,ni
12,9,cosa,cosa
12,10,alguna,alguna
12,11,que,que
12,12,se,se
12,13,moviera,moviera
12,15,ni,ni
12,16,se,se
12,17,agitara,agitara
12,19,ni,ni
12,20,hiciera,hiciera
12,21,ruido,ruido
12,22,en,en
12,23,el,el
12,24,cielo,cielo
13,0,No,no
13,1,había,haba
13,2,nada,nada
13,3,que,que
13,4,estuviera,estuviera
13,5,en,en
13,6,pie,pie
13,8,sólo,slo
13,9,el,el
13,10,agua,agua
13,11,en,en
13,12,reposo,reposo
13,14,el,el
13,15,mar,mar
13,16,apacible,apacible
13,17,solo,solo
13,18,y,y
13,19,tranquilo,tranquilo
14,0,No,no
14,1,había,haba
14,2,nada,nada
14,3,dotado,dotado
14,4,de,de
14,5,existencia,existencia
15,0,Solamente,solamente
15,1,había,haba
15,2,inmovilidad,inmovilidad
15,3,y,y
15,4,silencio,silencio
15,5,en,en
15,6,la,la
15,7,oscuridad,oscuridad
15,9,en,en
15,10,la,la
15,11,noche,noche
16,0,Sólo,slo
16,1,el,el
16,2,Creador,creador
16,4,el,el
16,5,Formador,formador
16,7,Tepeu,tepeu
16,9,Gucumatz,gucumatz
16,11,los,los
16,12,progenitores,progenitores
16,14,estaban,estaban
16,15,en,en
16,16,elagua,elagua
16,17,rodeados,rodeados
16,18,de,de
16,19,claridad,claridad
17,0,Estaban,estaban
17,1,ocultos,ocultos
17,2,bajo,bajo
17,3,plumas,plumas
17,4,verdes,verdes
17,5,y,y
17,6,azules,azules
17,8,por,por
17,9,eso,eso
17,10,se,se
17,11,les,les
17,12,llama,llama
17,13,Gucumatz,gucumatz
18,0,De,de
18,1,grandes,grandes
18,2,sabios,sabios
18,4,de,de
18,5,grandes,grandes
18,6,pensadores,pensadores
18,7,es,es
18,8,su,su
18,9,naturaleza,naturaleza
19,0,De,de
19,1,esta,esta
19,2,manera,manera
19,3,existía,exista
19,4,el,el
19,5,cielo,cielo
19,6,y,y
19,7,también,tambin
19,8,el,el
19,9,Corazón,corazn
19,10,del,del
19,11,Cielo,cielo
19,13,que,que
19,14,éste,ste
19,15,es,es
19,16,el,el
19,17,nombre,nombre
19,18,de,de
19,19,Dios,dios
20,0,Así,as
20,1,contaban,contaban
21,0,Llegó,lleg
21,1,aquí,aqu
21,2,entonces,entonces
21,3,la,la
21,4,palabra,palabra
21,6,vinieron,vinieron
21,7,juntos,juntos
21,8,Tepeu,tepeu
21,9,y,y
21,10,Gucumatz,gucumatz
21,12,en,en
21,13,la,la
21,14,oscuridad,oscuridad
21,16,en,en
21,17,la,la
21,18,noche,noche
21,20,y,y
21,21,hablaron,hablaron
21,22,entre,entre
21,23,sí,s
21,24,Tepeu,tepeu
21,25,y,y
21,26,Gucumatz,gucumatz
22,0,Hablaron,hablaron
22,2,pues,pues
22,4,consultando,consultando
22,5,entre,entre
22,6,sí,s
22,7,y,y
22,8,meditando,meditando
22,10,se,se
22,11,pusieron,pusieron
22,12,de,de
22,13,acuerdo,acuerdo
22,15,juntaron,juntaron
22,16,sus,sus
22,17,palabras,palabras
22,18,y,y
22,19,su,su
22,20,pensamiento,pensamiento
23,0,Entonces,entonces
23,1,se,se
23,2,manifestó,manifest
23,3,con,con
23,4,claridad,claridad
23,6,mientras,mientras
23,7,meditaban,meditaban
23,9,que,que
23,10,cuando,cuando
23,11,amaneciera,amaneciera
23,12,debía,deba
23,13,aparecer,aparecer
23,14,el,el
23,15,hombre,hombre
24,0,Entonces,entonces
24,1,dispusieron,dispusieron
24,2,la,la
24,3,creación,creacin
24,4,y,y
24,5,crecimiento,crecimiento
24,6,de,de
24,7,los,los
24,8,árboles,rboles
24,9,y,y
24,10,los,los
24,11,bejucos,bejucos
24,12,y,y
24,13,el,el
24,14,nacimiento,nacimiento
24,15,de,de
24,16,la,la
24,17,vida,vida
24,18,y,y
24,19,la,la
24,20,creación,creacin
24,21,del,del
24,22,hombre,hombre
25,0,Se,se
25,1,dispuso,dispuso
25,2,así,as
25,3,en,en
25,4,las,las
25,5,tinieblas,tinieblas
25,6,y,y
25,7,en,en
25,8,la,la
25,9,noche,noche
25,10,por,por
25,11,el,el
25,12,Corazón,corazn
25,13,el,el
25,14,Cielo,cielo
25,16,que,que
25,17,se,se
25,18,llama,llama
25,19,Huracán,huracn
26,0,El,el
26,1,primero,primero
26,2,se,se
26,3,llama,llama
26,4,Caculhá,caculh
26,5,Huracán,huracn
27,0,El,el
27,1,segundo,segundo
27,2,es,es
27,3,Chipi-Caculhá,chipicaculh
28,0,El,el
28,1,tercero,tercero
28,2,es,es
28,3,Raxa-,raxa
28,4,Caculhá,caculh
29,0,Y,y
29,1,estos,estos
29,2,tres,tres
29,3,son,son
29,4,el,el
29,5,corazón,corazn
29,6,del,del
29,7,Cielo,cielo
30,0,Entonces,entonces
30,1,vinieron,vinieron
30,2,juntos,juntos
30,3,Tepeu,tepeu
30,4,y,y
30,5,Gucumatz,gucumatz
30,7,entonces,entonces
30,8,conferenciaron,conferenciaron
30,9,sobre,sobre
30,10,la,la
30,11,vida,vida
30,12,y,y
30,13,la,la
30,14,claridad,claridad
30,16,como,como
30,17,se,se
30,18,hará,har
30,19,para,para
30,20,que,que
30,21,aclare,aclare
30,22,y,y
30,23,amanezca,amanezca
30,25,quién,quin
30,26,será,ser
30,27,el,el
30,28,que,que
30,29,produzca,produzca
30,30,el,el
30,31,alimento,alimento
30,32,y,y
30,33,el,el
30,34,sustento,sustento
31,2,Hágase,hgase
31,3,así,as
31,6,Que,que
31,7,se,se
31,8,llene,llene
31,9,el,el
31,10,vacío,vaco
31,13,Que,que
31,14,esta,esta
31,15,agua,agua
31,16,se,se
31,17,retire,retire
31,18,y,y
31,19,desocupe,desocupe
31,21,el,el
31,22,espacio,espacio
31,25,que,que
31,26,surja,surja
31,27,la,la
31,28,tierra,tierra
31,29,y,y
31,30,que,que
31,31,se,se
31,32,afirme,afirme
32,0,Así,as
32,1,dijeron,dijeron
33,1,Que,que
33,2,aclare,aclare
33,4,que,que
33,5,amanezca,amanezca
33,6,en,en
33,7,el,el
33,8,cielo,cielo
33,9,y,y
33,10,en,en
33,11,la,la
33,12,tierra,tierra
33,14,No,no
33,15,habrá,habr
33,16,gloria,gloria
33,17,ni,ni
33,18,grandeza,grandeza
33,19,en,en
33,20,nuestra,nuestra
33,21,creación,creacin
33,22,y,y
33,23,formación,formacin
33,24,hasta,hasta
33,25,que,que
33,26,exista,exista
33,27,la,la
33,28,criatura,criatura
33,29,humana,humana
33,30,el,el
33,31,hombre,hombre
33,32,formado,formado
34,0,Así,as
34,1,dijeron,dijeron
35,0,Luego,luego
35,1,la,la
35,2,tierra,tierra
35,3,fue,fue
35,4,creada,creada
35,5,por,por
35,6,ellos,ellos
36,0,Así,as
36,1,fue,fue
36,2,en,en
36,3,verdad,verdad
36,4,como,como
36,5,se,se
36,6,hizo,hizo
36,7,la,la
36,8,creación,creacin
36,9,de,de
36,10,la,la
36,11,tierra,tierra
36,15,Tierra,tierra
36,18,dijeron,dijeron
36,19,y,y
36,20,al,al
36,21,instante,instante
36,22,fue,fue
36,23,hecha,hecha
37,0,Como,como
37,1,la,la
37,2,neblina,neblina
37,4,como,como
37,5,la,la
37,6,nube,nube
37,7,y,y
37,8,como,como
37,9,una,una
37,10,polvareda,polvareda
37,11,fue,fue
37,12,la,la
37,13,creación,creacin
37,15,cuando,cuando
37,16,surgieron,surgieron
37,17,del,del
37,18,agua,agua
37,19,las,las
37,20,montañas,montaas
37,22,y,y
37,23,al,al
37,24,instante,instante
37,25,crecieron,crecieron
37,26,las,las
37,27,montañas,montaas
38,0,Solamente,solamente
38,1,por,por
38,2,un,un
38,3,prodigio,prodigio
38,5,sólo,slo
38,6,por,por
38,7,arte,arte
38,8,mágica,mgica
38,9,se,se
38,10,realizó,realiz
38,11,la,la
38,12,formación,formacin
38,13,de,de
38,14,las,las
38,15,montañas,montaas
38,16,y,y
38,17,los,los
38,18,valles,valles
38,20,y,y
38,21,al,al
38,22,instante,instante
38,23,brotaron,brotaron
38,24,juntos,juntos
38,25,los,los
38,26,cipresales,cipresales
38,27,y,y
38,28,pinares,pinares
38,29,en,en
38,30,la,la
38,31,superficie,superficie
39,0,Y,y
39,1,así,as
39,2,se,se
39,3,llenó,llen
39,4,de,de
39,5,alegría,alegra
39,6,Gucumatz,gucumatz
39,7,diciendo,diciendo
39,11,Buena,buena
39,12,ha,ha
39,13,sido,sido
39,14,tu,tu
39,15,venida,venida
39,17,Corazón,corazn
39,18,del,del
39,19,Cielo,cielo
39,21,tú,t
39,23,Huracán,huracn
39,24,y,y
39,25,tú,t
39,27,Chipi-Caculhá,chipicaculh
39,29,Raxa-Caculhá,raxacaculh
39,32,Nuestra,nuestra
39,33,obra,obra
39,35,nuestra,nuestra
39,36,creación,creacin
39,37,será,ser
39,38,terminada,terminada
39,40,contestaron,contestaron
40,0,Primero,primero
40,1,se,se
40,2,formaron,formaron
40,3,la,la
40,4,tierra,tierra
40,6,las,las
40,7,montañas,montaas
40,8,y,y
40,9,los,los
40,10,valles,valles
40,12,se,se
40,13,dividieron,dividieron
40,14,las,las
40,15,corrientes,corrientes
40,16,de,de
40,17,agua,agua
40,19,los,los
40,20,arroyos,arroyos
40,21,se,se
40,22,fueron,fueron
40,23,corriendo,corriendo
40,24,libremente,libremente
40,25,entre,entre
40,26,los,los
40,27,cerros,cerros
40,29,y,y
40,30,las,las
40,31,aguas,aguas
40,32,quedaron,quedaron
40,33,separadas,separadas
40,34,cuando,cuando
40,35,aparecieron,aparecieron
40,36,las,las
40,37,altas,altas
40,38,montañas,montaas
41,0,Así,as
41,1,fue,fue
41,2,la,la
41,3,creación,creacin
41,4,de,de
41,5,la,la
41,6,tierra,tierra
41,8,cuando,cuando
41,9,fue,fue
41,10,formada,formada
41,11,por,por
41,12,el,el
41,13,Corazón,corazn
41,14,del,del
41,15,Cielo,cielo
41,17,el,el
41,18,Corazón,corazn
41,19,de,de
41,20,la,la
41,21,Tierra,tierra
41,23,que,que
41,24,así,as
41,25,son,son
41,26,llamados,llamados
41,27,los,los
41,28,que,que
41,29,primero,primero
41,30,la,la
41,31,fecundaron,fecundaron
41,33,cuando,cuando
41,34,el,el
41,35,cielo,cielo
41,36,estaba,estaba
41,37,en,en
41,38,suspenso,suspenso
41,39,y,y
41,40,la,la
41,41,tierra,tierra
41,42,se,se
41,43,hallaba,hallaba
41,44,sumergida,sumergida
41,45,dentro,dentro
41,46,del,del
41,47,agua,agua
42,0,De,de
42,1,esta,esta
42,2,manera,manera
42,3,se,se
42,4,perfeccionó,perfeccion
42,5,la,la
42,6,obra,obra
42,8,cuando,cuando
42,9,la,la
42,10,ejecutaron,ejecutaron
42,11,después,despus
42,12,de,de
42,13,pensar,pensar
42,14,y,y
42,15,meditar,meditar
42,16,sobre,sobre
42,17,su,su
42,18,feliz,feliz
42,19,terminación,terminacin
43,0,Luego,luego
43,1,hicieron,hicieron
43,2,a,a
43,3,los,los
43,4,animales,animales
43,5,pequeños,pequeos
43,6,del,del
43,7,monte,monte
43,9,los,los
43,10,guardianes,guardianes
43,11,de,de
43,12,todos,todos
43,13,los,los
43,14,bosques,bosques
43,16,los,los
43,17,genios,genios
43,18,de,de
43,19,la,la
43,20,montaña,montaa
43,22,los,los
43,23,venados,venados
43,25,los,los
43,26,pájaros,pjaros
43,28,leones,leones
43,30,tigres,tigres
43,32,serpientes,serpientes
43,34,culebras,culebras
43,36,cantiles,cantiles
43,39,víboras,vboras
43,42,guardianes,guardianes
43,43,de,de
43,44,los,los
43,45,bejucos,bejucos
44,0,Y,y
44,1,dijeron,dijeron
44,2,los,los
44,3,Progenitores,progenitores
44,7,Sólo,slo
44,8,silencio,silencio
44,9,e,e
44,10,inmovilidad,inmovilidad
44,11,habrá,habr
44,12,bajo,bajo
44,13,los,los
44,14,árboles,rboles
44,15,y,y
44,16,los,los
44,17,bejucos,bejucos
45,0,Conviene,conviene
45,1,que,que
45,2,en,en
45,3,lo,lo
45,4,sucesivo,sucesivo
45,5,haya,haya
45,6,quien,quien
45,7,los,los
45,8,guarde,guarde
46,0,Así,as
46,1,dijeron,dijeron
46,2,cuando,cuando
46,3,meditaron,meditaron
46,4,y,y
46,5,hablaron,hablaron
46,6,en,en
46,7,seguida,seguida
47,0,Al,al
47,1,punto,punto
47,2,fueron,fueron
47,3,creados,creados
47,4,los,los
47,5,venados,venados
47,6,y,y
47,7,las,las
47,8,aves,aves
48,0,En,en
48,1,seguida,seguida
48,2,les,les
48,3,repartieron,repartieron
48,4,sus,sus
48,5,moradas,moradas
48,6,a,a
48,7,los,los
48,8,venados,venados
48,9,y,y
48,10,a,a
48,11,las,las
48,12,aves,aves
49,1,Tú,t
49,3,venado,venado
49,5,dormirás,dormirs
49,6,con,con
49,7,la,la
49,8,vega,vega
49,9,de,de
49,10,los,los
49,11,ríos,ros
49,12,y,y
49,13,en,en
49,14,los,los
49,15,barrancos,barrancos
50,0,Aquí,aqu
50,1,estarás,estars
50,2,entre,entre
50,3,la,la
50,4,maleza,maleza
50,6,entre,entre
50,7,las,las
50,8,hierbas,hierbas
50,10,en,en
50,11,el,el
50,12,bosque,bosque
50,13,os,os
50,14,multiplicaréis,multiplicaris
50,16,en,en
50,17,cuatro,cuatro
50,18,pies,pies
50,19,andaréis,andaris
50,20,y,y
50,21,os,os
50,22,sostendréis,sostendris
51,0,Y,y
51,1,así,as
51,2,como,como
51,3,se,se
51,4,dijo,dijo
51,6,así,as
51,7,se,se
51,8,hizo,hizo
52,0,Luego,luego
52,1,designaron,designaron
52,2,también,tambin
52,3,su,su
52,4,morada,morada
52,5,a,a
52,6,los,los
52,7,pájaros,pjaros
52,8,pequeños,pequeos
52,9,y,y
52,10,a,a
52,11,las,las
52,12,aves,aves
52,13,mayores,mayores
52,16,Vosotros,vosotros
52,18,pájaros,pjaros
52,20,habitaréis,habitaris
52,21,sobre,sobre
52,22,los,los
52,23,árboles,rboles
52,24,y,y
52,25,los,los
52,26,bejucos,bejucos
52,27,allí,all
52,28,haréis,haris
52,29,vuestros,vuestros
52,30,nidos,nidos
52,32,allí,all
52,33,os,os
52,34,multiplicaréis,multiplicaris
52,36,allí,all
52,37,os,os
52,38,sacudiréis,sacudiris
52,39,en,en
52,40,las,las
52,41,ramas,ramas
52,42,de,de
52,43,los,los
52,44,árboles,rboles
52,45,y,y
52,46,de,de
52,47,los,los
52,48,bejucos,bejucos
53,0,Así,as
53,1,les,les
53,2,fue,fue
53,3,dicho,dicho
53,4,a,a
53,5,los,los
53,6,venados,venados
53,7,y,y
53,8,a,a
53,9,los,los
53,10,pájaros,pjaros
53,11,para,para
53,12,que,que
53,13,hicieran,hicieran
53,14,lo,lo
53,15,que,que
53,16,debían,deban
53,17,hacer,hacer
53,19,y,y
53,20,todos,todos
53,21,tomaron,tomaron
53,22,sus,sus
53,23,habitaciones,habitaciones
53,24,y,y
53,25,sus,sus
53,26,nidos,nidos
54,0,De,de
54,1,esta,esta
54,2,manera,manera
54,3,los,los
54,4,Progenitores,progenitores
54,5,les,les
54,6,dieron,dieron
54,7,sus,sus
54,8,habitaciones,habitaciones
54,9,a,a
54,10,los,los
54,11,animales,animales
54,12,de,de
54,13,la,la
54,14,tierra,tierra
55,0,Y,y
55,1,estando,estando
55,2,terminada,terminada
55,3,la,la
55,4,creación,creacin
55,5,de,de
55,6,todos,todos
55,7,los,los
55,8,cuadrúpedos,cuadrpedos
55,9,y,y
55,10,las,las
55,11,aves,aves
55,13,les,les
55,14,fue,fue
55,15,dicho,dicho
55,16,a,a
55,17,los,los
55,18,cuadrúpedos,cuadrpedos
55,19,y,y
55,20,pájaros,pjaros
55,21,por,por
55,22,el,el
55,23,Creador,creador
55,24,y,y
55,25,el,el
55,26,Formador,formador
55,27,y,y
55,28,los,los
55,29,Progenitores,progenitores
55,32,Hablad,hablad
55,34,gritad,gritad
55,36,gorjead,gorjead
55,38,llamad,llamad
55,40,hablad,hablad
55,41,cada,cada
55,42,uno,uno
55,43,según,segn
55,44,vuestra,vuestra
55,45,especie,especie
55,47,según,segn
55,48,la,la
55,49,variedad,variedad
55,50,de,de
55,51,cada,cada
55,52,uno,uno
56,0,Así,as
56,1,les,les
56,2,fue,fue
56,3,dicho,dicho
56,4,a,a
56,5,los,los
56,6,venados,venados
56,8,los,los
56,9,pájaros,pjaros
56,11,leones,leones
56,13,tigres,tigres
56,14,y,y
56,15,serpientes,serpientes
57,1,Decid,decid
57,3,pues,pues
57,5,nuestros,nuestros
57,6,nombres,nombres
57,8,alabadnos,alabadnos
57,9,a,a
57,10,nosotros,nosotros
57,12,vuestra,vuestra
57,13,madre,madre
57,15,vuestro,vuestro
57,16,padre,padre
58,1,Invocad,invocad
58,3,pues,pues
58,5,a,a
58,6,Huracán,huracn
58,8,Chipi-Caculhá,chipicaculh
58,10,Kaxa-Caculhá,kaxacaculh
58,12,el,el
58,13,Corazón,corazn
58,14,del,del
58,15,Cielo,cielo
58,17,el,el
58,18,Corazón,corazn
58,19,de,de
58,20,la,la
58,21,Tierra,tierra
58,23,el,el
58,24,Creador,creador
58,26,el,el
58,27,Formador,formador
58,29,los,los
58,30,Progenitores,progenitores
58,32,hablad,hablad
58,34,invocadnos,invocadnos
58,36,adoradnos,adoradnos
58,39,les,les
58,40,dijeron,dijeron
59,0,Pero,pero
59,1,no,no
59,2,se,se
59,3,pudo,pudo
59,4,conseguir,conseguir
59,5,que,que
59,6,hablaran,hablaran
59,7,como,como
59,8,los,los
59,9,hombres,hombres
59,11,sólo,slo
59,12,chillaban,chillaban
59,14,cacareaban,cacareaban
59,15,y,y
59,16,graznaban,graznaban
59,18,no,no
59,19,se,se
59,20,manifestó,manifest
59,21,la,la
59,22,forma,forma
59,23,de,de
59,24,su,su
59,25,lenguaje,lenguaje
59,27,y,y
59,28,cada,cada
59,29,uno,uno
59,30,gritaba,gritaba
59,31,de,de
59,32,manera,manera
59,33,diferente,diferente
60,0,Cuando,cuando
60,1,el,el
60,2,Creador,creador
60,3,y,y
60,4,el,el
60,5,Formador,formador
60,6,vieron,vieron
60,7,que,que
60,8,no,no
60,9,era,era
60,10,posible,posible
60,11,que,que
60,12,hablaran,hablaran
60,14,se,se
60,15,dijeron,dijeron
60,16,entre,entre
60,17,sí,s
60,20,No,no
60,21,ha,ha
60,22,sido,sido
60,23,posible,posible
60,24,que,que
60,25,ellos,ellos
60,26,digan,digan
60,27,nuestro,nuestro
60,28,nombre,nombre
60,30,el,el
60,31,nosotros,nosotros
60,33,sus,sus
60,34,creadores,creadores
60,35,y,y
60,36,formadores,formadores
61,0,Esto,esto
61,1,no,no
61,2,está,est
61,3,bien,bien
61,5,dijeron,dijeron
61,6,entre,entre
61,7,sí,s
61,8,los,los
61,9,Progenitores,progenitores
62,0,Entonces,entonces
62,1,se,se
62,2,les,les
62,3,dijo,dijo
62,6,Seréis,seris
62,7,cambiados,cambiados
62,8,porque,porque
62,9,no,no
62,10,se,se
62,11,ha,ha
62,12,conseguido,conseguido
62,13,que,que
62,14,habléis,hablis
63,0,Hemos,hemos
63,1,cambiado,cambiado
63,2,de,de
63,3,parecer,parecer
63,5,vuestro,vuestro
63,6,alimento,alimento
63,8,vuestra,vuestra
63,9,postura,postura
63,11,vuestra,vuestra
63,12,habitación,habitacin
63,13,y,y
63,14,vuestros,vuestros
63,15,nidos,nidos
63,16,los,los
63,17,tendréis,tendris
63,19,serán,sern
63,20,los,los
63,21,barrancos,barrancos
63,22,y,y
63,23,los,los
63,24,bosques,bosques
63,26,porque,porque
63,27,no,no
63,28,se,se
63,29,ha,ha
63,30,podido,podido
63,31,lograr,lograr
63,32,que,que
63,33,nos,nos
63,34,adoréis,adoris
63,35,ni,ni
63,36,nos,nos
63,37,invoquéis,invoquis
64,0,Todavía,todava
64,1,hay,hay
64,2,quienes,quienes
64,3,nos,nos
64,4,adoren,adoren
64,6,haremos,haremos
64,7,otros,otros
64,9,seres,seres
64,11,que,que
64,12,sean,sean
64,13,obedientes,obedientes
65,0,Vosotros,vosotros
65,2,aceptad,aceptad
65,3,vuestro,vuestro
65,4,destino,destino
65,6,vuestras,vuestras
65,7,carnes,carnes
65,8,serán,sern
65,9,trituradas,trituradas
66,0,Así,as
66,1,será,ser
67,0,Esta,esta
67,1,será,ser
67,2,vuestra,vuestra
67,3,suerte,suerte
68,0,Así,as
68,1,dijeron,dijeron
68,2,cuando,cuando
68,3,hicieron,hicieron
68,4,saber,saber
68,5,su,su
68,6,voluntad,voluntad
68,7,a,a
68,8,los,los
68,9,animales,animales
68,10,pequeños,pequeos
68,11,y,y
68,12,grandes,grandes
68,13,que,que
68,14,hay,hay
68,15,sobre,sobre
68,16,la,la
68,17,faz,faz
68,18,de,de
68,19,la,la
68,20,tierra,tierra
69,0,Luego,luego
69,1,quisieron,quisieron
69,2,probar,probar
69,3,suerte,suerte
69,4,nuevamente,nuevamente
69,6,quisieron,quisieron
69,7,hacer,hacer
69,8,otra,otra
69,9,tentativa,tentativa
69,10,y,y
69,11,quisieron,quisieron
69,12,probar,probar
69,13,de,de
69,14,nuevo,nuevo
69,15,a,a
69,16,que,que
69,17,los,los
69,18,adoraran,adoraran
70,0,Pero,pero
70,1,no,no
70,2,pudieron,pudieron
70,3,entender,entender
70,4,su,su
70,5,lenguaje,lenguaje
70,6,entre,entre
70,7,ellos,ellos
70,8,mismos,mismos
70,10,nada,nada
70,11,pudieron,pudieron
70,12,conseguir,conseguir
70,13,y,y
70,14,nada,nada
70,15,pudieron,pudieron
70,16,hacer,hacer
71,0,Por,por
71,1,está,est
71,2,razón,razn
71,3,fueron,fueron
71,4,inmoladas,inmoladas
71,5,sus,sus
71,6,carnes,carnes
71,7,y,y
71,8,fueron,fueron
71,9,condenados,condenados
71,10,a,a
71,11,ser,ser
71,12,comidos,comidos
71,13,y,y
71,14,matados,matados
71,15,los,los
71,16,animales,animales
71,17,que,que
71,18,existen,existen
71,19,sobre,sobre
71,20,la,la
71,21,faz,faz
71,22,de,de
71,23,la,la
71,24,tierra,tierra
72,0,Así,as
72,2,pues,pues
72,4,hubo,hubo
72,5,que,que
72,6,hacer,hacer
72,7,una,una
72,8,nueva,nueva
72,9,tentativa,tentativa
72,10,de,de
72,11,crear,crear
72,12,y,y
72,13,formar,formar
72,14,al,al
72,15,hombre,hombre
72,16,por,por
72,17,el,el
72,18,Creador,creador
72,20,el,el
72,21,Formador,formador
72,22,y,y
72,23,los,los
72,24,Progenitores,progenitores
73,2,A,a
73,3,probar,probar
73,4,otra,otra
73,5,vez,vez
73,7,Ya,ya
73,8,se,se
73,9,acercan,acercan
73,10,el,el
73,11,amanecer,amanecer
73,12,y,y
73,13,la,la
73,14,aurora,aurora
73,17,hagamos,hagamos
73,18,al,al
73,19,que,que
73,20,nos,nos
73,21,sustentará,sustentar
73,22,y,y
73,23,alimentará,alimentar
73,26,Cómo,cmo
73,27,haremos,haremos
73,28,para,para
73,29,ser,ser
73,30,invocados,invocados
73,32,para,para
73,33,ser,ser
73,34,recordados,recordados
73,35,sobre,sobre
73,36,la,la
73,37,tierra,tierra
74,0,Ya,ya
74,1,hemos,hemos
74,2,probado,probado
74,3,con,con
74,4,nuestras,nuestras
74,5,primeras,primeras
74,6,obras,obras
74,8,nuestras,nuestras
74,9,primeras,primeras
74,10,criaturas,criaturas
74,12,pero,pero
74,13,no,no
74,14,se,se
74,15,pudo,pudo
74,16,lograr,lograr
74,17,que,que
74,18,fuésemos,fusemos
74,19,alabados,alabados
74,20,y,y
74,21,venerados,venerados
74,22,por,por
74,23,ellos,ellos
75,0,Provemos,provemos
75,1,ahora,ahora
75,2,a,a
75,3,hacer,hacer
75,4,unos,unos
75,5,seres,seres
75,6,obedientes,obedientes
75,8,respetuosos,respetuosos
75,10,que,que
75,11,nos,nos
75,12,sustenten,sustenten
75,13,y,y
75,14,alimenten,alimenten
76,0,Así,as
76,1,dijeron,dijeron
77,0,Entonces,entonces
77,1,fue,fue
77,2,la,la
77,3,creación,creacin
77,4,y,y
77,5,la,la
77,6,formación,formacin
78,0,De,de
78,1,tierra,tierra
78,3,de,de
78,4,lodo,lodo
78,5,hicieron,hicieron
78,6,la,la
78,7,carne,carne
78,9,del,del
78,10,hombre,hombre
79,0,Pero,pero
79,1,vieron,vieron
79,2,que,que
79,3,no,no
79,4,estaba,estaba
79,5,bien,bien
79,7,porque,porque
79,8,se,se
79,9,deshacía,deshaca
79,11,estaba,estaba
79,12,blando,blando
79,14,no,no
79,15,tenía,tena
79,16,movimiento,movimiento
79,18,no,no
79,19,tenía,tena
79,20,fuerza,fuerza
79,22,se,se
79,23,caía,caa
79,25,estaba,estaba
79,26,aguado,aguado
79,28,no,no
79,29,movía,mova
79,30,la,la
79,31,cabeza,cabeza
79,33,la,la
79,34,cara,cara
79,35,se,se
79,36,le,le
79,37,iba,iba
79,38,para,para
79,39,un,un
79,40,lado,lado
79,42,tenía,tena
79,43,velada,velada
79,44,la,la
79,45,vista,vista
79,47,no,no
79,48,podía,poda
79,49,ver,ver
79,50,hacia,hacia
79,51,atrás,atrs
80,0,Al,al
80,1,principio,principio
80,2,hablaba,hablaba
80,4,pero,pero
80,5,no,no
80,6,tenía,tena
80,7,entendimiento,entendimiento
81,0,Rápidamente,rpidamente
81,1,se,se
81,2,humedeció,humedeci
81,3,dentro,dentro
81,4,del,del
81,5,agua,agua
81,6,y,y
81,7,no,no
81,8,se,se
81,9,pudo,pudo
81,10,sostener,sostener
82,0,Y,y
82,1,dijeron,dijeron
82,2,el,el
82,3,Creador,creador
82,4,y,y
82,5,el,el
82,6,Formador,formador
83,0,Bien,bien
83,1,se,se
83,2,ve,ve
83,3,que,que
83,4,no,no
83,5,puede,puede
83,6,andar,andar
83,7,ni,ni
83,8,multiplicarse,multiplicarse
84,0,Que,que
84,1,se,se
84,2,haga,haga
84,3,una,una
84,4,consulta,consulta
84,5,acerca,acerca
84,6,de,de
84,7,esto,esto
84,9,dijeron,dijeron
85,0,Entonces,entonces
85,1,desbarataron,desbarataron
85,2,y,y
85,3,deshicieron,deshicieron
85,4,su,su
85,5,obra,obra
85,6,y,y
85,7,su,su
85,8,creación,creacin
86,0,Y,y
86,1,en,en
86,2,seguida,seguida
86,3,dijeron,dijeron
86,7,Cómo,cmo
86,8,haremos,haremos
86,9,para,para
86,10,perfeccionar,perfeccionar
86,12,para,para
86,13,que,que
86,14,salgan,salgan
86,15,bien,bien
86,16,nuestros,nuestros
86,17,adoradores,adoradores
86,19,nuestros,nuestros
86,20,invocadores,invocadores
87,0,Así,as
87,1,dijeron,dijeron
87,2,cuando,cuando
87,3,de,de
87,4,nuevo,nuevo
87,5,consultaron,consultaron
87,6,entre,entre
87,7,sí,s
87,10,Digámosles,digmosles
87,11,a,a
87,12,Ixpiyacoc,ixpiyacoc
87,14,Ixmucané,ixmucan
87,16,Hunahpú-Vuch,hunahpvuch
87,18,Hunahpú-Utiú,hunahputi
87,21,Probad,probad
87,22,suerte,suerte
87,23,otra,otra
87,24,vez,vez
87,27,Probad,probad
87,28,a,a
87,29,hacer,hacer
87,30,la,la
87,31,creación,creacin
88,0,Así,as
88,1,dijeron,dijeron
88,2,entre,entre
88,3,sí,s
88,4,el,el
88,5,Creador,creador
88,6,y,y
88,7,el,el
88,8,Formador,formador
88,9,cuando,cuando
88,10,hablaron,hablaron
88,11,a,a
88,12,Ixpiyacoc,ixpiyacoc
88,13,e,e
88,14,Ixmucané,ixmucan
89,0,En,en
89,1,seguida,seguida
89,2,les,les
89,3,hablaron,hablaron
89,4,a,a
89,5,aquellos,aquellos
89,6,adivinos,adivinos
89,8,la,la
89,9,abuela,abuela
89,10,del,del
89,11,día,da
89,13,la,la
89,14,abuela,abuela
89,15,del,del
89,16,alba,alba
89,18,que,que
89,19,así,as
89,20,eran,eran
89,21,llamados,llamados
89,22,por,por
89,23,el,el
89,24,Creador,creador
89,25,y,y
89,26,el,el
89,27,Fundador,fundador
89,29,y,y
89,30,cuyos,cuyos
89,31,nombres,nombres
89,32,eran,eran
89,33,Ixpiyacoc,ixpiyacoc
89,34,e,e
89,35,Ixmucané,ixmucan
90,0,Y,y
90,1,dijeron,dijeron
90,2,Huracán,huracn
90,4,Tepeu,tepeu
90,5,y,y
90,6,Gucumatz,gucumatz
90,7,cuando,cuando
90,8,le,le
90,9,hablaron,hablaron
90,10,al,al
90,11,agorero,agorero
90,13,al,al
90,14,formador,formador
90,16,que,que
90,17,son,son
90,18,los,los
90,19,adivinos,adivinos
90,22,Hay,hay
90,23,que,que
90,24,reunirse,reunirse
90,25,y,y
90,26,encontrar,encontrar
90,27,los,los
90,28,medios,medios
90,29,para,para
90,30,que,que
90,31,el,el
90,32,hombre,hombre
90,33,que,que
90,34,formemos,formemos
90,36,el,el
90,37,hombre,hombre
90,38,que,que
90,39,vamos,vamos
90,40,a,a
90,41,crear,crear
90,42,nos,nos
90,43,sostenga,sostenga
90,44,y,y
90,45,alimente,alimente
90,47,nos,nos
90,48,invoque,invoque
90,49,y,y
90,50,se,se
90,51,acuerde,acuerde
90,52,de,de
90,53,nosotros,nosotros
91,1,Entrad,entrad
91,3,pues,pues
91,5,en,en
91,6,consulta,consulta
91,8,abuela,abuela
91,10,abuelo,abuelo
91,12,nuestra,nuestra
91,13,abuela,abuela
91,15,nuestro,nuestro
91,16,abuelo,abuelo
91,18,Ixpiyacoc,ixpiyacoc
91,20,Ixmucané,ixmucan
91,22,haced,haced
91,23,que,que
91,24,aclare,aclare
91,26,que,que
91,27,amanezca,amanezca
91,29,que,que
91,30,seamos,seamos
91,31,invocados,invocados
91,33,que,que
91,34,seamos,seamos
91,35,adorados,adorados
91,37,que,que
91,38,seamos,seamos
91,39,recordados,recordados
91,40,por,por
91,41,el,el
91,42,hombre,hombre
91,43,creado,creado
91,45,por,por
91,46,el,el
91,47,hombre,hombre
91,48,formado,formado
91,50,por,por
91,51,el,el
91,52,hombre,hombre
91,53,mortal,mortal
91,55,haced,haced
91,56,que,que
91,57,así,as
91,58,se,se
91,59,haga,haga
92,1,Dad,dad
92,2,a,a
92,3,conocer,conocer
92,4,vuestra,vuestra
92,5,naturaleza,naturaleza
92,7,Hunahpú-Vuch,hunahpvuch
92,9,Hunahpú-Utiú,hunahputi
92,11,dos,dos
92,12,veces,veces
92,13,madre,madre
92,15,dos,dos
92,16,veces,veces
92,17,padre,padre
92,19,Nim-Ac,nimac
92,21,Nimá,nim
92,22,Tziís,tzis
92,24,el,el
92,25,Señor,seor
92,26,de,de
92,27,la,la
92,28,esmeralda,esmeralda
92,30,el,el
92,31,joyero,joyero
92,33,el,el
92,34,escultor,escultor
92,36,el,el
92,37,tallador,tallador
92,39,el,el
92,40,Señor,seor
92,41,de,de
92,42,los,los
92,43,hermosos,hermosos
92,44,platos,platos
92,46,el,el
92,47,Señor,seor
92,48,de,de
92,49,la,la
92,50,verde,verde
92,51,jicara,jicara
92,53,el,el
92,54,maestro,maestro
92,55,de,de
92,56,la,la
92,57,resina,resina
92,59,el,el
92,60,maestro,maestro
92,61,Toltecat,toltecat
92,63,la,la
92,64,abuela,abuela
92,65,del,del
92,66,sol,sol
92,68,la,la
92,69,abuela,abuela
92,70,del,del
92,71,alba,alba
92,73,que,que
92,74,así,as
92,75,seréis,seris
92,76,llamados,llamados
92,77,por,por
92,78,nuestras,nuestras
92,79,obras,obras
92,80,y,y
92,81,nuestras,nuestras
92,82,criaturas,criaturas
93,1,Echad,echad
93,2,la,la
93,3,suerte,suerte
93,4,con,con
93,5,vuestros,vuestros
93,6,granos,granos
93,7,de,de
93,8,maíz,maz
93,9,y,y
93,10,de,de
93,11,tzité,tzit
94,0,Hágase,hgase
94,1,así,as
94,2,y,y
94,3,se,se
94,4,sabrá,sabr
94,5,y,y
94,6,resultará,resultar
94,7,si,si
94,8,labraremos,labraremos
94,9,o,o
94,10,tallaremos,tallaremos
94,11,su,su
94,12,boca,boca
94,13,y,y
94,14,sus,sus
94,15,ojos,ojos
94,16,en,en
94,17,madera,madera
95,0,Así,as
95,1,les,les
95,2,fue,fue
95,3,dicho,dicho
95,4,a,a
95,5,los,los
95,6,adivinos,adivinos
96,0,A,a
96,1,continuación,continuacin
96,2,vino,vino
96,3,la,la
96,4,adivinación,adivinacin
96,6,la,la
96,7,echada,echada
96,8,de,de
96,9,la,la
96,10,suerte,suerte
96,11,con,con
96,12,el,el
96,13,maíz,maz
96,14,y,y
96,15,el,el
96,16,tzité,tzit
97,0,—¡Suerte,suerte
97,3,Criatura,criatura
97,6,les,les
97,7,dijeron,dijeron
97,8,entonces,entonces
97,9,una,una
97,10,vieja,vieja
97,11,y,y
97,12,un,un
97,13,viejo,viejo
98,0,Y,y
98,1,este,este
98,2,viejo,viejo
98,3,era,era
98,4,el,el
98,5,de,de
98,6,las,las
98,7,suertes,suertes
98,8,del,del
98,9,tzité,tzit
98,11,el,el
98,12,llamado,llamado
98,13,Ixpiyacoc,ixpiyacoc
99,0,Y,y
99,1,la,la
99,2,vieja,vieja
99,3,era,era
99,4,la,la
99,5,adivina,adivina
99,7,la,la
99,8,formadora,formadora
99,9,que,que
99,10,se,se
99,11,llamaba,llamaba
99,12,Chiracán,chiracn
99,13,Ixmucané,ixmucan
100,0,Y,y
100,1,comenzando,comenzando
100,2,la,la
100,3,adivinación,adivinacin
100,5,dijeron,dijeron
100,6,así,as
100,9,Juntaos,juntaos
100,11,acoplaos,acoplaos
100,14,Hablad,hablad
100,16,que,que
100,17,os,os
100,18,oigamos,oigamos
100,20,decid,decid
100,22,declarad,declarad
100,23,si,si
100,24,conviene,conviene
100,25,que,que
100,26,se,se
100,27,junten,junten
100,28,la,la
100,29,madera,madera
100,30,y,y
100,31,que,que
100,32,sea,sea
100,33,labrada,labrada
100,34,por,por
100,35,el,el
100,36,Creador,creador
100,37,y,y
100,38,el,el
100,39,Formador,formador
100,41,y,y
100,42,si,si
100,43,éste,ste
100,45,el,el
100,46,hombre,hombre
100,47,de,de
100,48,madera,madera
100,50,es,es
100,51,el,el
100,52,que,que
100,53,nos,nos
100,54,ha,ha
100,55,de,de
100,56,sustentar,sustentar
100,57,y,y
100,58,alimentar,alimentar
100,59,cuando,cuando
100,60,aclare,aclare
100,62,cuando,cuando
100,63,amanezca,amanezca
101,0,Tú,t
101,2,maíz,maz
101,4,tú,t
101,6,tzité,tzit
101,8,tú,t
101,10,suerte,suerte
101,12,tú,t
101,14,criatura,criatura
101,17,uníos,unos
101,19,ayuntaos,ayuntaos
101,22,les,les
101,23,dijeron,dijeron
101,24,al,al
101,25,maíz,maz
101,27,al,al
101,28,tzité,tzit
101,30,a,a
101,31,la,la
101,32,suerte,suerte
101,34,a,a
101,35,la,la
101,36,criatura,criatura
102,1,Ven,ven
102,2,a,a
102,3,sacrificar,sacrificar
102,4,aquí,aqu
102,6,Corazón,corazn
102,7,del,del
102,8,Cielo,cielo
102,10,no,no
102,11,castigues,castigues
102,12,a,a
102,13,Tepeu,tepeu
102,14,y,y
102,15,Gucumatz,gucumatz
103,0,Entonces,entonces
103,1,hablaron,hablaron
103,2,y,y
103,3,dijeron,dijeron
103,4,la,la
103,5,verdad,verdad
103,8,Buenos,buenos
103,9,saldrán,saldrn
103,10,vuestros,vuestros
103,11,muñecos,muecos
103,12,hechos,hechos
103,13,de,de
103,14,madera,madera
103,16,hablarán,hablarn
103,17,y,y
103,18,conversarán,conversarn
103,19,sobre,sobre
103,20,la,la
103,21,faz,faz
103,22,de,de
103,23,la,la
103,24,tierra,tierra
104,2,Así,as
104,3,sea,sea
104,6,contestaron,contestaron
104,8,cuando,cuando
104,9,hablaron,hablaron
105,0,Y,y
105,1,al,al
105,2,instante,instante
105,3,fueron,fueron
105,4,hechos,hechos
105,5,los,los
105,6,muñecos,muecos
105,7,labrados,labrados
105,8,en,en
105,9,madera,madera
106,0,Se,se
106,1,parecían,parecan
106,2,al,al
106,3,hombre,hombre
106,5,hablaban,hablaban
106,6,como,como
106,7,el,el
106,8,hombre,hombre
106,9,y,y
106,10,poblaron,poblaron
106,11,la,la
106,12,superficie,superficie
106,13,de,de
106,14,la,la
106,15,tierra,tierra
107,0,Existieron,existieron
107,1,y,y
107,2,se,se
107,3,multiplicaron,multiplicaron
107,5,tuvieron,tuvieron
107,6,hijas,hijas
107,8,tuvieron,tuvieron
107,9,hijos,hijos
107,11,los,los
107,12,muñecos,muecos
107,13,de,de
107,14,palo,palo
107,16,pero,pero
107,17,no,no
107,18,tenían,tenan
107,19,alma,alma
107,20,ni,ni
107,21,entendimiento,entendimiento
107,22,no,no
107,23,se,se
107,24,acordaban,acordaban
107,25,de,de
107,26,su,su
107,27,Creador,creador
107,29,de,de
107,30,su,su
107,31,Formador,formador
107,33,caminaban,caminaban
107,34,sin,sin
107,35,rumbo,rumbo
107,36,y,y
107,37,andaban,andaban
107,38,a,a
107,39,gatas,gatas
108,0,Ya,ya
108,1,no,no
108,2,se,se
108,3,acordaban,acordaban
108,4,del,del
108,5,Corazón,corazn
108,6,del,del
108,7,Cielo,cielo
108,8,y,y
108,9,por,por
108,10,eso,eso
108,11,cayeron,cayeron
108,12,en,en
108,13,desgracia,desgracia
109,0,Fue,fue
109,1,solamente,solamente
109,2,un,un
109,3,ensayo,ensayo
109,5,un,un
109,6,intento,intento
109,7,de,de
109,8,hacer,hacer
109,9,hombres,hombres
110,0,Hablaban,hablaban
110,1,al,al
110,2,principio,principio
110,3,pero,pero
110,4,su,su
110,5,cara,cara
110,6,estaba,estaba
110,7,enjuta,enjuta
110,9,sus,sus
110,10,pies,pies
110,11,y,y
110,12,sus,sus
110,13,manos,manos
110,14,no,no
110,15,tenían,tenan
110,16,consistencia,consistencia
110,18,tenían,tenan
110,19,sangre,sangre
110,21,ni,ni
110,22,sustancia,sustancia
110,24,ni,ni
110,25,humedad,humedad
110,26,ni,ni
110,27,gordura,gordura
110,29,sus,sus
110,30,mejillas,mejillas
110,31,estaban,estaban
110,32,secas,secas
110,34,secos,secos
110,35,sus,sus
110,36,pies,pies
110,37,y,y
110,38,sus,sus
110,39,manos,manos
110,41,y,y
110,42,amarillas,amarillas
110,43,sus,sus
110,44,carnes,carnes
111,0,Por,por
111,1,esta,esta
111,2,razón,razn
111,3,ya,ya
111,4,no,no
111,5,pensaban,pensaban
111,6,en,en
111,7,el,el
111,8,Creador,creador
111,9,ni,ni
111,10,en,en
111,11,el,el
111,12,Formador,formador
111,14,en,en
111,15,los,los
111,16,que,que
111,17,les,les
111,18,daban,daban
111,19,el,el
111,20,ser,ser
111,21,y,y
111,22,cuidaban,cuidaban
111,23,de,de
111,24,ellos,ellos
112,0,Estos,estos
112,1,fueron,fueron
112,2,los,los
112,3,primeros,primeros
112,4,hombres,hombres
112,5,que,que
112,6,en,en
112,7,gran,gran
112,8,número,nmero
112,9,existieron,existieron
112,10,sobre,sobre
112,11,la,la
112,12,faz,faz
112,13,de,de
112,14,la,la
112,15,tierra,tierra
113,0,En,en
113,1,seguida,seguida
113,2,fueron,fueron
113,3,aniquilados,aniquilados
113,5,destruidos,destruidos
113,6,y,y
113,7,deshechos,deshechos
113,8,los,los
113,9,muñecos,muecos
113,10,de,de
113,11,palo,palo
113,12,y,y
113,13,recibieron,recibieron
113,14,la,la
113,15,muerte,muerte
114,0,Una,una
114,1,inundación,inundacin
114,2,fue,fue
114,3,producida,producida
114,4,por,por
114,5,el,el
114,6,Corazón,corazn
114,7,del,del
114,8,Cielo,cielo
114,10,un,un
114,11,gran,gran
114,12,diluvio,diluvio
114,13,se,se
114,14,formó,form
114,16,que,que
114,17,cayó,cay
114,18,sobre,sobre
114,19,las,las
114,20,cabezas,cabezas
114,21,de,de
114,22,los,los
114,23,muñecos,muecos
114,24,de,de
114,25,palo,palo
115,0,De,de
115,1,tzité,tzit
115,2,se,se
115,3,hizo,hizo
115,4,la,la
115,5,carne,carne
115,6,del,del
115,7,hombre,hombre
115,9,pero,pero
115,10,cuando,cuando
115,11,la,la
115,12,mujer,mujer
115,13,fue,fue
115,14,honrada,honrada
115,15,por,por
115,16,el,el
115,17,Creador,creador
115,18,y,y
115,19,el,el
115,20,Formador,formador
115,22,se,se
115,23,hizo,hizo
115,24,de,de
115,25,espadaña,espadaa
115,26,la,la
115,27,carne,carne
115,28,de,de
115,29,la,la
115,30,mujer,mujer
116,0,Estos,estos
116,1,materiales,materiales
116,2,quisieron,quisieron
116,3,el,el
116,4,Creador,creador
116,5,y,y
116,6,el,el
116,7,Formador,formador
116,8,que,que
116,9,entraran,entraran
116,10,en,en
116,11,su,su
116,12,composición,composicin
117,0,Pero,pero
117,1,no,no
117,2,pensaban,pensaban
117,4,no,no
117,5,hablaban,hablaban
117,6,con,con
117,7,su,su
117,8,Creador,creador
117,9,y,y
117,10,su,su
117,11,Formador,formador
117,13,que,que
117,14,los,los
117,15,habían,haban
117,16,hecho,hecho
117,18,que,que
117,19,los,los
117,20,habían,haban
117,21,creado,creado
118,0,Y,y
118,1,por,por
118,2,esta,esta
118,3,razón,razn
118,4,fueron,fueron
118,5,muertos,muertos
118,7,fueron,fueron
118,8,anegados,anegados
119,0,Una,una
119,1,resina,resina
119,2,abundante,abundante
119,3,vino,vino
119,4,del,del
119,5,cielo,cielo
120,0,El,el
120,1,llamado,llamado
120,2,Xecotcovach,xecotcovach
120,3,llegó,lleg
120,4,y,y
120,5,les,les
120,6,vació,vaci
120,7,los,los
120,8,ojos,ojos
121,0,Camalotz,camalotz
121,1,vino,vino
121,2,a,a
121,3,cortarles,cortarles
121,4,la,la
121,5,cabeza,cabeza
121,7,y,y
121,8,vino,vino
121,9,Cotzbalam,cotzbalam
121,10,y,y
121,11,les,les
121,12,devoró,devor
121,13,las,las
121,14,carnes,carnes
122,0,El,el
122,1,Tucumbalam,tucumbalam
122,2,llegó,lleg
122,3,también,tambin
122,4,y,y
122,5,les,les
122,6,quebró,quebr
122,7,y,y
122,8,magulló,magull
122,9,los,los
122,10,huesos,huesos
122,11,y,y
122,12,los,los
122,13,nervios,nervios
122,15,les,les
122,16,molió,moli
122,17,y,y
122,18,desmoronó,desmoron
122,19,los,los
122,20,huesos,huesos
123,0,Y,y
123,1,esto,esto
123,2,fue,fue
123,3,para,para
123,4,castigarlos,castigarlos
123,5,porque,porque
123,6,no,no
123,7,habían,haban
123,8,pensado,pensado
123,9,en,en
123,10,su,su
123,11,madre,madre
123,13,ni,ni
123,14,en,en
123,15,su,su
123,16,padre,padre
123,18,el,el
123,19,Corazón,corazn
123,20,del,del
123,21,Cielo,cielo
123,23,llamado,llamado
123,24,Huracán,huracn
124,0,Y,y
124,1,por,por
124,2,este,este
124,3,motivo,motivo
124,4,se,se
124,5,oscureció,oscureci
124,6,la,la
124,7,faz,faz
124,8,de,de
124,9,la,la
124,10,tierra,tierra
124,11,y,y
124,12,comenzó,comenz
124,13,una,una
124,14,lluvia,lluvia
124,15,negra,negra
124,17,una,una
124,18,lluvia,lluvia
124,19,de,de
124,20,día,da
124,22,una,una
124,23,lluvia,lluvia
124,24,de,de
124,25,noche,noche
125,0,Llegaron,llegaron
125,1,entonces,entonces
125,2,los,los
125,3,animales,animales
125,4,pequeños,pequeos
125,6,los,los
125,7,animales,animales
125,8,grandes,grandes
125,10,y,y
125,11,los,los
125,12,palos,palos
125,13,y,y
125,14,las,las
125,15,piedras,piedras
125,16,les,les
125,17,golpearon,golpearon
125,18,las,las
125,19,caras,caras
126,0,Y,y
126,1,se,se
126,2,pusieron,pusieron
126,3,todos,todos
126,4,a,a
126,5,hablar,hablar
126,7,sus,sus
126,8,tinajas,tinajas
126,10,sus,sus
126,11,comales,comales
126,13,sus,sus
126,14,platos,platos
126,16,sus,sus
126,17,ollas,ollas
126,19,sus,sus
126,20,perros,perros
126,22,sus,sus
126,23,piedras,piedras
126,24,de,de
126,25,moler,moler
126,27,todos,todos
126,28,se,se
126,29,levantaron,levantaron
126,30,y,y
126,31,les,les
126,32,golpearon,golpearon
126,33,las,las
126,34,caras,caras
127,0,Mucho,mucho
127,1,mal,mal
127,2,nos,nos
127,3,hacíais,hacais
127,5,nos,nos
127,6,comíais,comais
127,8,y,y
127,9,nosotros,nosotros
127,10,ahora,ahora
127,11,os,os
127,12,morderemos,morderemos
127,14,les,les
127,15,dijeron,dijeron
127,16,sus,sus
127,17,perros,perros
127,18,y,y
127,19,sus,sus
127,20,aves,aves
127,21,de,de
127,22,corral,corral
128,0,Y,y
128,1,las,las
128,2,piedras,piedras
128,3,de,de
128,4,moler,moler
128,7,Eramos,eramos
128,8,atormentados,atormentados
128,9,por,por
128,10,vosotros,vosotros
128,12,cada,cada
128,13,día,da
128,15,cada,cada
128,16,día,da
128,18,de,de
128,19,noche,noche
128,21,al,al
128,22,amanecer,amanecer
128,24,todo,todo
128,25,el,el
128,26,tiempo,tiempo
128,27,hacían,hacan
128,28,holi,holi
128,30,holi,holi
128,32,hiqui,hiqui
128,34,huqui,huqui
128,35,nuestras,nuestras
128,36,caras,caras
128,38,a,a
128,39,cauda,cauda
128,40,de,de
128,41,vosotros,vosotros
129,0,Este,este
129,1,era,era
129,2,el,el
129,3,tributo,tributo
129,4,que,que
129,5,os,os
129,6,pagábamos,pagbamos
130,0,Pero,pero
130,1,ahora,ahora
130,2,que,que
130,3,habéis,habis
130,4,dejado,dejado
130,5,de,de
130,6,ser,ser
130,7,hombres,hombres
130,8,probaréis,probaris
130,9,nuestras,nuestras
130,10,fuerzas,fuerzas
131,0,Moleremos,moleremos
131,1,y,y
131,2,reduciremos,reduciremos
131,3,a,a
131,4,polvo,polvo
131,5,vuestras,vuestras
131,6,carnes,carnes
131,8,les,les
131,9,dijeron,dijeron
131,10,sus,sus
131,11,piedras,piedras
131,12,de,de
131,13,moler,moler
132,0,Y,y
132,1,he,he
132,2,aquí,aqu
132,3,que,que
132,4,sus,sus
132,5,perros,perros
132,6,hablaron,hablaron
132,7,y,y
132,8,les,les
132,9,dijeron,dijeron
132,13,Por,por
132,14,qué,qu
132,15,no,no
132,16,nos,nos
132,17,dabais,dabais
132,18,nuestra,nuestra
132,19,comida,comida
133,0,Apenas,apenas
133,1,estábamos,estbamos
133,2,mirando,mirando
133,3,y,y
133,4,ya,ya
133,5,nos,nos
133,6,arrojabais,arrojabais
133,7,de,de
133,8,vuestro,vuestro
133,9,lado,lado
133,10,y,y
133,11,nos,nos
133,12,echabais,echabais
133,13,fuera,fuera
134,0,Siempre,siempre
134,1,teníais,tenais
134,2,listo,listo
134,3,un,un
134,4,palo,palo
134,5,para,para
134,6,pegamos,pegamos
134,7,mientras,mientras
134,8,comíais,comais
135,0,Así,as
135,1,era,era
135,2,como,como
135,3,nos,nos
135,4,tratabais,tratabais
136,0,Nosotros,nosotros
136,1,no,no
136,2,podíamos,podamos
136,3,hablar,hablar
137,0,Quizás,quizs
137,1,no,no
137,2,os,os
137,3,diéramos,diramos
137,4,muerte,muerte
137,5,ahora,ahora
137,7,pero,pero
137,9,por,por
137,10,qué,qu
137,11,no,no
137,12,reflexionabais,reflexionabais
137,14,por,por
137,15,qué,qu
137,16,no,no
137,17,pensabais,pensabais
137,18,en,en
137,19,vosotros,vosotros
137,20,mismos,mismos
138,0,Ahora,ahora
138,1,nosotros,nosotros
138,2,os,os
138,3,destruiremos,destruiremos
138,5,ahora,ahora
138,6,probaréis,probaris
138,7,vosotros,vosotros
138,8,los,los
138,9,dientes,dientes
138,10,que,que
138,11,hay,hay
138,12,en,en
138,13,nuestra,nuestra
138,14,boca,boca
138,16,os,os
138,17,devoraremos,devoraremos
138,19,dijeron,dijeron
138,20,los,los
138,21,perros,perros
138,22,y,y
138,23,luego,luego
138,24,les,les
138,25,destrozaron,destrozaron
138,26,las,las
138,27,caras,caras
139,0,Y,y
139,1,a,a
139,2,su,su
139,3,vez,vez
139,4,sus,sus
139,5,comales,comales
139,7,sus,sus
139,8,ollas,ollas
139,9,les,les
139,10,hablaron,hablaron
139,11,así,as
140,1,Dolor,dolor
140,2,y,y
140,3,sufrimiento,sufrimiento
140,4,nos,nos
140,5,causabais,causabais
141,0,Nuestra,nuestra
141,1,boca,boca
141,2,y,y
141,3,nuestras,nuestras
141,4,caras,caras
141,5,estaban,estaban
141,6,tiznadas,tiznadas
141,8,siempre,siempre
141,9,estábamos,estbamos
141,10,puestos,puestos
141,11,sobre,sobre
141,12,el,el
141,13,fuego,fuego
141,14,y,y
141,15,nos,nos
141,16,quemabais,quemabais
141,17,como,como
141,18,si,si
141,19,no,no
141,20,sintiéramos,sintiramos
141,21,dolor,dolor
142,0,Ahora,ahora
142,1,probaréis,probaris
142,2,vosotros,vosotros
142,4,os,os
142,5,que,que
142,6,maremos,maremos
142,8,dijeron,dijeron
142,9,sus,sus
142,10,ollas,ollas
142,11,y,y
142,12,todos,todos
142,13,les,les
142,14,destrozaron,destrozaron
142,15,las,las
142,16,caras,caras
143,0,Las,las
143,1,piedras,piedras
143,2,del,del
143,3,hogar,hogar
143,5,que,que
143,6,estaban,estaban
143,7,amontonadas,amontonadas
143,9,se,se
143,10,arrojaron,arrojaron
143,11,directamente,directamente
143,12,desde,desde
143,13,el,el
143,14,fuego,fuego
143,15,contra,contra
143,16,sus,sus
143,17,cabezas,cabezas
143,18,causándoles,causndoles
143,19,dolor,dolor
144,0,Desesperados,desesperados
144,1,corrían,corran
144,2,de,de
144,3,un,un
144,4,lado,lado
144,5,para,para
144,6,otro,otro
144,8,querían,queran
144,9,subirse,subirse
144,10,sobre,sobre
144,11,las,las
144,12,casas,casas
144,13,y,y
144,14,las,las
144,15,casas,casas
144,16,se,se
144,17,caían,caan
144,18,y,y
144,19,los,los
144,20,arrojaban,arrojaban
144,21,al,al
144,22,suelo,suelo
144,24,querían,queran
144,25,subirse,subirse
144,26,sobre,sobre
144,27,los,los
144,28,árboles,rboles
144,29,y,y
144,30,los,los
144,31,árboles,rboles
144,32,los,los
144,33,lanzaban,lanzaban
144,34,a,a
144,35,lo,lo
144,36,lejos,lejos
144,38,querían,queran
144,39,entrar,entrar
144,40,en,en
144,41,las,las
144,42,cavernas,cavernas
144,43,y,y
144,44,las,las
144,45,cavernas,cavernas
144,46,se,se
144,47,cerraban,cerraban
144,48,ante,ante
144,49,ellos,ellos
145,0,Así,as
145,1,fue,fue
145,2,la,la
145,3,ruina,ruina
145,4,de,de
145,5,los,los
145,6,hombres,hombres
145,7,que,que
145,8,habían,haban
145,9,sido,sido
145,10,creados,creados
145,11,y,y
145,12,formados,formados
145,14,de,de
145,15,los,los
145,16,hombres,hombres
145,17,hechos,hechos
145,18,para,para
145,19,ser,ser
145,20,destruidos,destruidos
145,21,y,y
145,22,aniquilados,aniquilados
145,24,a,a
145,25,todos,todos
145,26,les,les
145,27,fueron,fueron
145,28,destrozadas,destrozadas
145,29,las,las
145,30,bocas,bocas
145,31,y,y
145,32,las,las
145,33,caras,caras
146,0,Dicen,dicen
146,1,que,que
146,2,la,la
146,3,descendencia,descendencia
146,4,de,de
146,5,aquéllos,aqullos
146,6,son,son
146,7,los,los
146,8,monos,monos
146,9,que,que
146,10,existen,existen
146,11,ahora,ahora
146,12,en,en
146,13,los,los
146,14,bosques,bosques
146,16,éstos,stos
146,17,son,son
146,18,la,la
146,19,muestra,muestra
146,20,de,de
146,21,aquéllos,aqullos
146,23,porque,porque
146,24,sólo,slo
146,25,de,de
146,26,palo,palo
146,27,fue,fue
146,28,hecha,hecha
146,29,su,su
146,30,carne,carne
146,31,por,por
146,32,el,el
146,33,Creador,creador
146,34,y,y
146,35,el,el
146,36,Formador,formador
147,0,por,por
147,1,esta,esta
147,2,razón,razn
147,3,el,el
147,4,mono,mono
147,5,se,se
147,6,parece,parece
147,7,al,al
147,8,hombre,hombre
147,10,es,es
147,11,la,la
147,12,muestra,muestra
147,13,de,de
147,14,una,una
147,15,generación,generacin
147,16,de,de
147,17,hombres,hombres
147,18,creados,creados
147,20,de,de
147,21,hombres,hombres
147,22,formados,formados
147,23,que,que
147,24,eran,eran
147,25,solamente,solamente
147,26,muñecos,muecos
147,27,y,y
147,28,hechos,hechos
147,29,solamente,solamente
147,30,de,de
147,31,madera,madera
148,0,Había,haba
148,1,entonces,entonces
148,2,muy,muy
148,3,poca,poca
148,4,claridad,claridad
148,5,sobre,sobre
148,6,la,la
148,7,faz,faz
148,8,de,de
148,9,la,la
148,10,tierra,tierra
149,0,Aún,an
149,1,no,no
149,2,había,haba
149,3,sol,sol
149,4,sin,sin
149,5,embargo,embargo
149,7,un,un
149,8,ser,ser
149,9,orgulloso,orgulloso
149,10,de,de
149,11,sí,s
149,12,mismo,mismo
149,13,que,que
149,14,se,se
149,15,llamaba,llamaba
149,16,Vucub-Caquix,vucubcaquix
150,0,Existían,existan
150,1,ya,ya
150,2,el,el
150,3,cielo,cielo
150,4,y,y
150,5,la,la
150,6,tierra,tierra
150,8,pero,pero
150,9,estaba,estaba
150,10,cubierta,cubierta
150,11,la,la
150,12,faz,faz
150,13,del,del
150,14,sol,sol
150,15,y,y
150,16,de,de
150,17,la,la
150,18,luna,luna
151,0,Y,y
151,1,decía,deca
151,3,Vucub-Caquix,vucubcaquix
151,6,Verdaderamente,verdaderamente
151,8,son,son
151,9,una,una
151,10,muestra,muestra
151,11,clara,clara
151,12,de,de
151,13,aquellos,aquellos
151,14,hombres,hombres
151,15,que,que
151,16,se,se
151,17,ahogaron,ahogaron
151,18,y,y
151,19,su,su
151,20,naturaleza,naturaleza
151,21,es,es
151,22,como,como
151,23,la,la
151,24,de,de
151,25,seres,seres
151,26,sobre,sobre
151,27,naturales,naturales
152,1,Yo,yo
152,2,seré,ser
152,3,grande,grande
152,4,ahora,ahora
152,5,sobre,sobre
152,6,todos,todos
152,7,los,los
152,8,seres,seres
152,9,creados,creados
152,10,y,y
152,11,formados,formados
153,0,Yo,yo
153,1,soy,soy
153,2,el,el
153,3,sol,sol
153,5,soy,soy
153,6,la,la
153,7,claridad,claridad
153,9,la,la
153,10,luna,luna
153,12,exclamó,exclam
154,0,Grande,grande
154,1,es,es
154,2,mi,mi
154,3,esplendor,esplendor
155,0,Por,por
155,1,mí,m
155,2,caminarán,caminarn
155,3,y,y
155,4,vencerán,vencern
155,5,los,los
155,6,hombres,hombres
156,0,Porque,porque
156,1,de,de
156,2,plata,plata
156,3,son,son
156,4,mis,mis
156,5,ojos,ojos
156,7,resplandecientes,resplandecientes
156,8,como,como
156,9,piedras,piedras
156,10,preciosas,preciosas
156,12,como,como
156,13,esmeraldas,esmeraldas
156,15,mis,mis
156,16,dientes,dientes
156,17,brillan,brillan
156,18,como,como
156,19,piedras,piedras
156,20,finas,finas
156,22,semejantes,semejantes
156,23,a,a
156,24,la,la
156,25,faz,faz
156,26,del,del
156,27,cielo,cielo
157,0,Mi,mi
157,1,nariz,nariz
157,2,brilla,brilla
157,3,de,de
157,4,lejos,lejos
157,5,como,como
157,6,la,la
157,7,luna,luna
157,9,mi,mi
157,10,trono,trono
157,11,es,es
157,12,de,de
157,13,plata,plata
157,14,y,y
157,15,la,la
157,16,faz,faz
157,17,de,de
157,18,la,la
157,19,tierra,tierra
157,20,se,se
157,21,ilumina,ilumina
157,22,cuando,cuando
157,23,salgo,salgo
157,24,frente,frente
157,25,a,a
157,26,mi,mi
157,27,trono,trono
158,0,Así,as
158,2,pues,pues
158,4,yo,yo
158,5,soy,soy
158,6,el,el
158,7,sol,sol
158,9,yo,yo
158,10,soy,soy
158,11,la,la
158,12,luna,luna
158,14,para,para
158,15,el,el
158,16,linaje,linaje
158,17,humano,humano
159,0,Así,as
159,1,será,ser
159,2,porque,porque
159,3,mí,m
159,4,vista,vista
159,5,alcanza,alcanza
159,6,muy,muy
159,7,lejos,lejos
160,0,De,de
160,1,esta,esta
160,2,manera,manera
160,3,hablaba,hablaba
160,4,Vucub-Caquix,vucubcaquix
161,0,Pero,pero
161,1,en,en
161,2,realidad,realidad
161,4,Vucub-Caquix,vucubcaquix
161,5,no,no
161,6,era,era
161,7,el,el
161,8,sol,sol
161,10,solamente,solamente
161,11,se,se
161,12,vanagloriaba,vanagloriaba
161,13,de,de
161,14,sus,sus
161,15,plumas,plumas
161,16,y,y
161,17,riquezas,riquezas
162,0,Pero,pero
162,1,su,su
162,2,vista,vista
162,3,alcanzaba,alcanzaba
162,4,solamente,solamente
162,5,el,el
162,6,horizonte,horizonte
162,7,y,y
162,8,no,no
162,9,se,se
162,10,extendía,extenda
162,11,sobre,sobre
162,12,todo,todo
162,13,el,el
162,14,mundo,mundo
163,0,Aún,an
163,1,no,no
163,2,se,se
163,3,le,le
163,4,veía,vea
163,5,la,la
163,6,cara,cara
163,7,al,al
163,8,sol,sol
163,10,ni,ni
163,11,a,a
163,12,la,la
163,13,luna,luna
163,15,ni,ni
163,16,a,a
163,17,las,las
163,18,estrellas,estrellas
163,20,y,y
163,21,aún,an
163,22,no,no
163,23,había,haba
163,24,amanecido,amanecido
164,0,Por,por
164,1,esta,esta
164,2,razón,razn
164,3,Vucub-Caquix,vucubcaquix
164,4,se,se
164,5,envanecía,envaneca
164,6,como,como
164,7,si,si
164,8,él,l
164,9,fuera,fuera
164,10,el,el
164,11,sol,sol
164,12,y,y
164,13,la,la
164,14,luna,luna
164,15,porque,porque
164,16,aún,an
164,17,no,no
164,18,se,se
164,19,había,haba
164,20,manifestado,manifestado
164,21,ni,ni
164,22,se,se
164,23,ostentaba,ostentaba
164,24,la,la
164,25,claridad,claridad
164,26,del,del
164,27,sol,sol
164,28,y,y
164,29,de,de
164,30,la,la
164,31,luna,luna
165,0,Su,su
165,1,única,nica
165,2,ambición,ambicin
165,3,era,era
165,4,engrandecerse,engrandecerse
165,5,y,y
165,6,dominar,dominar
166,0,Y,y
166,1,fue,fue
166,2,entonces,entonces
166,3,cuando,cuando
166,4,ocurrió,ocurri
166,5,el,el
166,6,diluvio,diluvio
166,7,a,a
166,8,causa,causa
166,9,de,de
166,10,los,los
166,11,muñecos,muecos
166,12,de,de
166,13,palo,palo
167,0,Ahora,ahora
167,1,contaremos,contaremos
167,2,cómo,cmo
167,3,murió,muri
167,4,Vucub-Caquix,vucubcaquix
167,5,y,y
167,6,fue,fue
167,7,vencido,vencido
167,9,y,y
167,10,cómo,cmo
167,11,fue,fue
167,12,hecho,hecho
167,13,el,el
167,14,hombre,hombre
167,15,por,por
167,16,el,el
167,17,Creador,creador
167,18,y,y
167,19,Formador,formador
168,0,Este,este
168,1,es,es
168,2,el,el
168,3,principio,principio
168,4,de,de
168,5,la,la
168,6,derrota,derrota
168,7,y,y
168,8,de,de
168,9,la,la
168,10,ruina,ruina
168,11,de,de
168,12,la,la
168,13,gloria,gloria
168,14,de,de
168,15,Vucub-Caquix,vucubcaquix
168,16,por,por
168,17,los,los
168,18,dos,dos
168,19,muchachos,muchachos
168,21,el,el
168,22,primero,primero
168,23,de,de
168,24,los,los
168,25,cuales,cuales
168,26,se,se
168,27,llamaba,llamaba
168,28,Hunahpú,hunahp
168,29,y,y
168,30,el,el
168,31,segundo,segundo
168,32,Ixbalanqué,ixbalanqu
169,0,Estos,estos
169,1,eran,eran
169,2,dioses,dioses
169,3,verdaderamente,verdaderamente
170,0,Como,como
170,1,veían,vean
170,2,el,el
170,3,mal,mal
170,4,que,que
170,5,hacía,haca
170,6,el,el
170,7,soberbio,soberbio
170,9,y,y
170,10,que,que
170,11,quería,quera
170,12,hacerlo,hacerlo
170,13,en,en
170,14,presencia,presencia
170,15,del,del
170,16,Corazón,corazn
170,17,del,del
170,18,Cielo,cielo
170,20,se,se
170,21,dijeron,dijeron
170,22,los,los
170,23,muchachos,muchachos
170,26,No,no
170,27,está,est
170,28,bien,bien
170,29,que,que
170,30,esto,esto
170,31,sea,sea
170,32,así,as
170,33,cuando,cuando
170,34,el,el
170,35,hombre,hombre
170,36,no,no
170,37,vive,vive
170,38,todavía,todava
170,39,aquí,aqu
170,40,sobre,sobre
170,41,la,la
170,42,tierra,tierra
171,0,Así,as
171,2,pues,pues
171,4,probaremos,probaremos
171,5,a,a
171,6,tirarle,tirarle
171,7,con,con
171,8,la,la
171,9,cerbatana,cerbatana
171,10,cuando,cuando
171,11,esté,est
171,12,comiendo,comiendo
171,14,le,le
171,15,tiraremos,tiraremos
171,16,y,y
171,17,le,le
171,18,causaremos,causaremos
171,19,una,una
171,20,enfermedad,enfermedad
171,22,y,y
171,23,entonces,entonces
171,24,se,se
171,25,acabarán,acabarn
171,26,sus,sus
171,27,riquezas,riquezas
171,28,sus,sus
171,29,piedras,piedras
171,30,verdes,verdes
171,32,sus,sus
171,33,metales,metales
171,34,preciosos,preciosos
171,36,sus,sus
171,37,esmeraldas,esmeraldas
171,39,sus,sus
171,40,alhajas,alhajas
171,41,de,de
171,42,que,que
171,43,se,se
171,44,enorgullece,enorgullece
172,0,Y,y
172,1,así,as
172,2,lo,lo
172,3,harán,harn
172,4,todos,todos
172,5,los,los
172,6,hombres,hombres
172,8,porque,porque
172,9,no,no
172,10,deben,deben
172,11,envanecerse,envanecerse
172,12,por,por
172,13,el,el
172,14,poder,poder
172,15,ni,ni
172,16,la,la
172,17,riqueza,riqueza
173,1,Así,as
173,2,será,ser
173,4,dijeron,dijeron
173,5,los,los
173,6,muchachos,muchachos
173,8,echándose,echndose
173,9,cada,cada
173,10,uno,uno
173,11,su,su
173,12,cerbatana,cerbatana
173,13,al,al
173,14,hombro,hombro
174,0,Ahora,ahora
174,1,bien,bien
174,3,este,este
174,4,Vucub-Caquix,vucubcaquix
174,5,tenía,tena
174,6,dos,dos
174,7,hijos,hijos
174,9,el,el
174,10,primero,primero
174,11,se,se
174,12,llamaba,llamaba
174,13,Zipacná,zipacn
174,15,el,el
174,16,segundo,segundo
174,17,era,era
174,18,Cabracán,cabracn
174,20,y,y
174,21,la,la
174,22,madre,madre
174,23,de,de
174,24,los,los
174,25,dos,dos
174,26,se,se
174,27,llamaba,llamaba
174,28,Chimalmat,chimalmat
174,30,la,la
174,31,mujer,mujer
174,32,de,de
174,33,Vucub-Caquix,vucubcaquix
175,0,Zipacná,zipacn
175,1,jugaba,jugaba
175,2,a,a
175,3,la,la
175,4,pelota,pelota
175,5,con,con
175,6,los,los
175,7,grandes,grandes
175,8,montes,montes
175,10,el,el
175,11,Chigag,chigag
175,13,Hunahpú,hunahp
175,15,Pecul,pecul
175,17,Yaxcanul,yaxcanul
175,19,Macamob,macamob
175,20,y,y
175,21,Huliznab,huliznab
176,0,Estos,estos
176,1,son,son
176,2,los,los
176,3,nombres,nombres
176,4,de,de
176,5,los,los
176,6,montes,montes
176,7,que,que
176,8,existían,existan
176,9,cuando,cuando
176,10,amaneció,amaneci
176,11,y,y
176,12,que,que
176,13,fueron,fueron
176,14,creados,creados
176,15,en,en
176,16,una,una
176,17,sola,sola
176,18,noche,noche
176,19,por,por
176,20,Zipacná,zipacn
177,0,Cabracán,cabracn
177,1,movía,mova
177,2,los,los
177,3,montes,montes
177,4,y,y
177,5,por,por
177,6,él,l
177,7,temblaban,temblaban
177,8,las,las
177,9,montañas,montaas
177,10,grandes,grandes
177,11,y,y
177,12,pequeñas,pequeas
178,0,De,de
178,1,esta,esta
178,2,manera,manera
178,3,proclamaban,proclamaban
178,4,su,su
178,5,orgullo,orgullo
178,6,los,los
178,7,hijos,hijos
178,8,de,de
178,9,Vucub-Caquix,vucubcaquix
179,2,Oíd,od
179,5,Yo,yo
179,6,soy,soy
179,7,el,el
179,8,que,que
179,9,hizo,hizo
179,10,el,el
179,11,sol,sol
179,14,decía,deca
179,15,Vucub-Caquix,vucubcaquix
180,2,Yo,yo
180,3,soy,soy
180,4,el,el
180,5,que,que
180,6,hizo,hizo
180,7,la,la
180,8,tierra,tierra
180,11,decía,deca
180,12,Zipacná,zipacn
181,2,Yo,yo
181,3,soy,soy
181,4,el,el
181,5,que,que
181,6,sacudo,sacudo
181,7,el,el
181,8,cielo,cielo
181,9,y,y
181,10,conmuevo,conmuevo
181,11,toda,toda
181,12,la,la
181,13,tierra,tierra
181,16,decía,deca
181,17,Cabracán,cabracn
182,0,Así,as
182,1,era,era
182,2,como,como
182,3,los,los
182,4,hijos,hijos
182,5,de,de
182,6,Vucub-,vucub
182,7,Caquix,caquix
182,8,le,le
182,9,disputaban,disputaban
182,10,a,a
182,11,su,su
182,12,padre,padre
182,13,la,la
182,14,grandeza,grandeza
183,0,Y,y
183,1,esto,esto
183,2,les,les
183,3,parecía,pareca
183,4,muy,muy
183,5,mal,mal
183,6,a,a
183,7,los,los
183,8,muchachos,muchachos
184,0,Aún,an
184,1,no,no
184,2,había,haba
184,3,sido,sido
184,4,creada,creada
184,5,nuestra,nuestra
184,6,primera,primera
184,7,madre,madre
184,9,ni,ni
184,10,nuestro,nuestro
184,11,primer,primer
184,12,padre,padre
185,0,Por,por
185,1,tanto,tanto
185,3,fue,fue
185,4,resuelta,resuelta
185,5,su,su
185,6,muerte,muerte
185,8,de,de
185,9,Vucub-Caquix,vucubcaquix
185,10,y,y
185,11,de,de
185,12,sus,sus
185,13,hijos,hijos
185,15,y,y
185,16,su,su
185,17,destrucción,destruccin
185,19,por,por
185,20,los,los
185,21,dos,dos
185,22,jóvenes,jvenes
186,0,Contaremos,contaremos
186,1,ahora,ahora
186,2,el,el
186,3,tiro,tiro
186,4,de,de
186,5,cerbatana,cerbatana
186,6,que,que
186,7,dispararon,dispararon
186,8,los,los
186,9,dos,dos
186,10,muchachos,muchachos
186,11,contra,contra
186,12,Vucub-,vucub
186,13,Caquix,caquix
186,15,y,y
186,16,la,la
186,17,destrucción,destruccin
186,18,de,de
186,19,cada,cada
186,20,uno,uno
186,21,de,de
186,22,los,los
186,23,que,que
186,24,se,se
186,25,habían,haban
186,26,ensoberbecido,ensoberbecido
187,0,Vucub-Caquix,vucubcaquix
187,1,tenía,tena
187,2,un,un
187,3,gran,gran
187,4,árbol,rbol
187,5,de,de
187,6,nance,nance
187,8,cuya,cuya
187,9,fruta,fruta
187,10,era,era
187,11,la,la
187,12,comida,comida
187,13,de,de
187,14,Vucub-Caquix,vucubcaquix
188,0,Este,este
188,1,venía,vena
188,2,cada,cada
188,3,día,da
188,4,junto,junto
188,5,al,al
188,6,nance,nance
188,7,y,y
188,8,se,se
188,9,subía,suba
188,10,a,a
188,11,la,la
188,12,cima,cima
188,13,del,del
188,14,árbol,rbol
189,0,Hunahpú,hunahp
189,1,e,e
189,2,Ixbalanqué,ixbalanqu
189,3,habían,haban
189,4,visto.que,vistoque
189,5,ésa,sa
189,6,era,era
189,7,su,su
189,8,comida,comida
190,0,Y,y
190,1,habiéndose,habindose
190,2,puesto,puesto
190,3,en,en
190,4,acecho,acecho
190,5,de,de
190,6,Vucub-Caquix,vucubcaquix
190,7,al,al
190,8,pie,pie
190,9,del,del
190,10,árbol,rbol
190,12,escondidos,escondidos
190,13,entre,entre
190,14,las,las
190,15,hojas,hojas
190,17,llegó,lleg
190,18,Vucub-Caquix,vucubcaquix
190,19,directamente,directamente
190,20,a,a
190,21,su,su
190,22,comida,comida
190,23,de,de
190,24,nances,nances
191,0,En,en
191,1,este,este
191,2,momento,momento
191,3,fue,fue
191,4,herido,herido
191,5,por,por
191,6,un,un
191,7,tiro,tiro
191,8,de,de
191,9,cerbatana,cerbatana
191,10,de,de
191,11,Hun-Hunahpú,hunhunahp
191,13,que,que
191,14,le,le
191,15,dio,dio
191,16,precisamente,precisamente
191,17,en,en
191,18,la,la
191,19,quijada,quijada
191,21,y,y
191,22,dando,dando
191,23,gritos,gritos
191,24,se,se
191,25,vino,vino
191,26,derecho,derecho
191,27,a,a
191,28,tierra,tierra
191,29,desde,desde
191,30,lo,lo
191,31,alto,alto
191,32,del,del
191,33,árbol,rbol
192,0,Hun-,hun
192,1,Hunahpú,hunahp
192,2,corrió,corri
192,3,apresuradamente,apresuradamente
192,4,para,para
192,5,apoderarse,apoderarse
192,6,de,de
192,7,él,l
192,9,pero,pero
192,10,Vucub-Caquix,vucubcaquix
192,11,le,le
192,12,arrancó,arranc
192,13,el,el
192,14,brazo,brazo
192,15,a,a
192,16,Hun-Hunahpú,hunhunahp
192,17,y,y
192,18,tirando,tirando
192,19,de,de
192,20,él,l
192,21,lo,lo
192,22,dobló,dobl
192,23,desde,desde
192,24,la,la
192,25,punta,punta
192,26,hasta,hasta
192,27,el,el
192,28,hombro,hombro
193,0,Así,as
193,1,le,le
193,2,arrancó,arranc
193,4,el,el
193,5,brazo,brazo
193,7,Vucub-Caquix,vucubcaquix
193,8,a,a
193,9,Hun-Hunahpú,hunhunahp
194,0,Ciertamente,ciertamente
194,1,hicieron,hicieron
194,2,bien,bien
194,3,los,los
194,4,muchachos,muchachos
194,5,no,no
194,6,dejándose,dejndose
194,7,vencer,vencer
194,8,primero,primero
194,9,por,por
194,10,Vucub-Caquix,vucubcaquix
195,0,Llevando,llevando
195,1,el,el
195,2,brazo,brazo
195,3,de,de
195,4,Hun-Hunahpú,hunhunahp
195,5,se,se
195,6,fue,fue
195,7,Vucub-Caquix,vucubcaquix
195,8,para,para
195,9,su,su
195,10,casa,casa
195,12,donde,donde
195,13,llegó,lleg
195,14,sosteniéndose,sostenindose
195,15,la,la
195,16,quijada,quijada
196,2,Qué,qu
196,3,os,os
196,4,ha,ha
196,5,sucedido,sucedido
196,6,Señor,seor
196,9,dijo,dijo
196,10,Chimalmat,chimalmat
196,11,la,la
196,12,mujer,mujer
196,13,de,de
196,14,Vucub-Caquix,vucubcaquix
197,2,Qué,qu
197,3,ha,ha
197,4,de,de
197,5,ser,ser
197,7,sino,sino
197,8,aquellos,aquellos
197,9,dos,dos
197,10,demonios,demonios
197,11,que,que
197,12,me,me
197,13,tiraron,tiraron
197,14,con,con
197,15,cerbatana,cerbatana
197,16,y,y
197,17,me,me
197,18,desquiciaron,desquiciaron
197,19,la,la
197,20,quijada,quijada
198,0,A,a
198,1,causa,causa
198,2,de,de
198,3,ello,ello
198,4,se,se
198,5,me,me
198,6,menean,menean
198,7,los,los
198,8,dientes,dientes
198,9,y,y
198,10,me,me
198,11,duelen,duelen
198,12,mucho,mucho
199,0,Pero,pero
199,1,yo,yo
199,2,he,he
199,3,traído,trado
199,5,su,su
199,6,brazo,brazo
199,8,para,para
199,9,ponerlo,ponerlo
199,10,sobre,sobre
199,11,el,el
199,12,fuego,fuego
200,0,Allí,all
200,1,que,que
200,2,se,se
200,3,quede,quede
200,4,colgado,colgado
200,5,y,y
200,6,suspendido,suspendido
200,7,sobre,sobre
200,8,el,el
200,9,fuego,fuego
200,11,porque,porque
200,12,de,de
200,13,seguro,seguro
200,14,vendrán,vendrn
200,15,a,a
200,16,buscarlo,buscarlo
200,17,esos,esos
200,18,demonios,demonios
201,0,Así,as
201,1,habló,habl
201,2,Vucub-Caquix,vucubcaquix
201,3,mientras,mientras
201,4,colgaba,colgaba
201,5,el,el
201,6,brazo,brazo
201,7,de,de
201,8,Hun-Hunahpú,hunhunahp
202,0,Habiendo,habiendo
202,1,meditado,meditado
202,2,Hun-Hunahpú,hunhunahp
202,3,e,e
202,4,lxbalanqué,lxbalanqu
202,6,se,se
202,7,fueron,fueron
202,8,a,a
202,9,hablar,hablar
202,10,con,con
202,11,un,un
202,12,viejo,viejo
202,13,que,que
202,14,tenía,tena
202,15,los,los
202,16,cabellos,cabellos
202,17,completamente,completamente
202,18,blancos,blancos
202,19,y,y
202,20,con,con
202,21,una,una
202,22,vieja,vieja
202,24,de,de
202,25,verdad,verdad
202,26,muy,muy
202,27,vieja,vieja
202,28,y,y
202,29,humilde,humilde
202,30,ambos,ambos
202,31,doblados,doblados
202,32,ya,ya
202,33,como,como
202,34,gentes,gentes
202,35,muy,muy
202,36,ancianas,ancianas
203,0,Llamábase,llambase
203,1,el,el
203,2,viejo,viejo
203,3,Zaqui-Nim-Ac,zaquinimac
203,4,y,y
203,5,la,la
203,6,vieja,vieja
203,7,Zaqui-Nimá-Tziís,zaquinimtzis
204,0,Los,los
204,1,muchachos,muchachos
204,2,les,les
204,3,dijeron,dijeron
204,4,a,a
204,5,la,la
204,6,vieja,vieja
204,7,y,y
204,8,al,al
204,9,viejo,viejo
204,12,Acompañadnos,acompaadnos
204,13,para,para
204,14,ir,ir
204,15,a,a
204,16,traer,traer
204,17,nuestro,nuestro
204,18,brazo,brazo
204,19,a,a
204,20,casa,casa
204,21,de,de
204,22,Vucub-Caquix,vucubcaquix
205,0,Nosotros,nosotros
205,1,iremos,iremos
205,2,detrás,detrs
206,1,Estos,estos
206,2,que,que
206,3,nos,nos
206,4,acompañan,acompaan
206,5,son,son
206,6,nuestros,nuestros
206,7,nietos,nietos
206,9,su,su
206,10,madre,madre
206,11,y,y
206,12,su,su
206,13,padre,padre
206,14,ya,ya
206,15,son,son
206,16,muertos,muertos
206,18,por,por
206,19,esta,esta
206,20,razón,razn
206,21,ellos,ellos
206,22,van,van
206,23,a,a
206,24,todas,todas
206,25,partes,partes
206,26,tras,tras
206,27,de,de
206,28,nosotros,nosotros
206,30,a,a
206,31,donde,donde
206,32,nos,nos
206,33,dan,dan
206,34,limosna,limosna
206,36,pues,pues
206,37,lo,lo
206,38,único,nico
206,39,que,que
206,40,nosotros,nosotros
206,41,sabemos,sabemos
206,42,hacer,hacer
206,43,es,es
206,44,sacar,sacar
206,45,el,el
206,46,gusano,gusano
206,47,de,de
206,48,las,las
206,49,muelas,muelas
207,1,Así,as
207,2,les,les
207,3,diréis,diris
208,0,De,de
208,1,esta,esta
208,2,manera,manera
208,3,Vucub-Caquix,vucubcaquix
208,4,nos,nos
208,5,verá,ver
208,6,como,como
208,7,a,a
208,8,muchachos,muchachos
208,9,y,y
208,10,nosotros,nosotros
208,11,también,tambin
208,12,estaremos,estaremos
208,13,allí,all
208,14,para,para
208,15,aconsejaros,aconsejaros
208,17,dijeron,dijeron
208,18,los,los
208,19,dos,dos
208,20,jóvenes,jvenes
209,1,Está,est
209,2,bien,bien
209,4,contestaron,contestaron
209,5,los,los
209,6,viejos,viejos
210,0,A,a
210,1,continuación,continuacin
210,2,se,se
210,3,pusieron,pusieron
210,4,en,en
210,5,camino,camino
210,6,para,para
210,7,el,el
210,8,lugar,lugar
210,9,donde,donde
210,10,se,se
210,11,encontraba,encontraba
210,12,Vucub-Caquix,vucubcaquix
210,13,recostado,recostado
210,14,en,en
210,15,su,su
210,16,trono,trono
211,0,Caminaban,caminaban
211,1,la,la
211,2,vieja,vieja
211,3,y,y
211,4,el,el
211,5,viejo,viejo
211,6,seguidos,seguidos
211,7,de,de
211,8,los,los
211,9,dos,dos
211,10,muchachos,muchachos
211,12,que,que
211,13,iban,iban
211,14,jugando,jugando
211,15,tras,tras
211,16,ellos,ellos
212,0,Así,as
212,1,llegaron,llegaron
212,2,al,al
212,3,pie,pie
212,4,de,de
212,5,la,la
212,6,casa,casa
212,7,del,del
212,8,Señor,seor
212,10,quien,quien
212,11,estaba,estaba
212,12,gritando,gritando
212,13,a,a
212,14,causa,causa
212,15,de,de
212,16,las,las
212,17,muelas,muelas
213,0,Al,al
213,1,ver,ver
213,2,Vucub-Caquix,vucubcaquix
213,3,al,al
213,4,viejo,viejo
213,5,y,y
213,6,a,a
213,7,la,la
213,8,vieja,vieja
213,9,y,y
213,10,a,a
213,11,los,los
213,12,que,que
213,13,los,los
213,14,acompañaban,acompaaban
213,15,les,les
213,16,preguntó,pregunt
213,17,el,el
213,18,Señor,seor
213,22,De,de
213,23,dónde,dnde
213,24,venís,vens
213,25,abuelos,abuelos
214,1,Andamos,andamos
214,2,buscando,buscando
214,3,de,de
214,4,qué,qu
214,5,alimentarnos,alimentarnos
214,7,respetable,respetable
214,8,Señor,seor
214,10,contestaron,contestaron
214,11,aquéllos,aqullos
215,2,Y,y
215,3,cuál,cul
215,4,es,es
215,5,vuestra,vuestra
215,6,comida,comida
216,1,No,no
216,2,son,son
216,3,vuestros,vuestros
216,4,hijos,hijos
216,5,éstos,stos
216,6,que,que
216,7,os,os
216,8,acompañan,acompaan
217,2,Oh,oh
217,4,no,no
217,6,Señor,seor
217,8,Son,son
217,9,nuestros,nuestros
217,10,nietos,nietos
217,12,pero,pero
217,13,les,les
217,14,tenernos,tenernos
217,15,lástima,lstima
217,16,y,y
217,17,lo,lo
217,18,que,que
217,19,a,a
217,20,nosotros,nosotros
217,21,nos,nos
217,22,dan,dan
217,23,lo,lo
217,24,compartimos,compartimos
217,25,con,con
217,26,ellos,ellos
217,28,Señor,seor
217,30,contestaron,contestaron
217,31,la,la
217,32,vieja,vieja
217,33,y,y
217,34,el,el
217,35,viejo,viejo
218,0,Mientras,mientras
218,1,tanto,tanto
218,2,se,se
218,3,moría,mora
218,4,el,el
218,5,Señor,seor
218,6,del,del
218,7,dolor,dolor
218,8,de,de
218,9,muelas,muelas
218,10,y,y
218,11,sólo,slo
218,12,con,con
218,13,gran,gran
218,14,dificultad,dificultad
218,15,podía,poda
218,16,hablar,hablar
219,1,Yo,yo
219,2,os,os
219,3,ruego,ruego
219,4,encarecidamente,encarecidamente
219,5,que,que
219,6,tengáis,tengis
219,7,lástima,lstima
219,8,de,de
219,9,mí,m
220,1,Qué,qu
220,2,podéis,podis
220,3,hacer,hacer
221,1,Qué,qu
221,2,es,es
221,3,lo,lo
221,4,que,que
221,5,sabéis,sabis
221,6,curar,curar
222,1,les,les
222,2,preguntó,pregunt
222,3,el,el
222,4,Señor,seor
223,0,Y,y
223,1,los,los
223,2,viejos,viejos
223,3,contestaron,contestaron
223,7,Oh,oh
223,9,Señor,seor
223,11,nosotros,nosotros
223,12,sólo,slo
223,13,sacamos,sacamos
223,14,el,el
223,15,gusano,gusano
223,16,de,de
223,17,las,las
223,18,muelas,muelas
223,20,curamos,curamos
223,21,los,los
223,22,ojos,ojos
223,23,y,y
223,24,ponemos,ponemos
223,25,los,los
223,26,huesos,huesos
223,27,en,en
223,28,su,su
223,29,lugar,lugar
224,1,Está,est
224,2,muy,muy
224,3,bien,bien
225,0,Curadme,curadme
225,1,los,los
225,2,dientes,dientes
225,4,que,que
225,5,verdaderamente,verdaderamente
225,6,me,me
225,7,hacen,hacen
225,8,sufrir,sufrir
225,9,día,da
225,10,y,y
225,11,noche,noche
225,13,y,y
225,14,a,a
225,15,causa,causa
225,16,de,de
225,17,ellos,ellos
225,18,y,y
225,19,de,de
225,20,mis,mis
225,21,ojos,ojos
225,22,no,no
225,23,tengo,tengo
225,24,sosiego,sosiego
225,25,y,y
225,26,no,no
225,27,puedo,puedo
225,28,dormir,dormir
226,0,Todo,todo
226,1,esto,esto
226,2,se,se
226,3,debe,debe
226,4,a,a
226,5,que,que
226,6,dos,dos
226,7,demonios,demonios
226,8,me,me
226,9,tiraron,tiraron
226,10,un,un
226,11,bodocazo,bodocazo
226,13,y,y
226,14,por,por
226,15,eso,eso
226,16,no,no
226,17,puedo,puedo
226,18,comer,comer
227,0,Así,as
227,2,pues,pues
227,4,tened,tened
227,5,piedad,piedad
227,6,de,de
227,7,mí,m
227,9,apretadme,apretadme
227,10,los,los
227,11,dientes,dientes
227,12,con,con
227,13,vuestras,vuestras
227,14,manos,manos
228,1,Muy,muy
228,2,bien,bien
228,4,Señor,seor
229,0,Un,un
229,1,gusano,gusano
229,2,es,es
229,3,el,el
229,4,que,que
229,5,os,os
229,6,hace,hace
229,7,sufrir,sufrir
230,0,Bastará,bastar
230,1,con,con
230,2,sacar,sacar
230,3,esos,esos
230,4,dientes,dientes
230,5,y,y
230,6,poneros,poneros
230,7,otros,otros
230,8,en,en
230,9,su,su
230,10,lugar,lugar
231,1,No,no
231,2,está,est
231,3,bien,bien
231,4,que,que
231,5,me,me
231,6,saquéis,saquis
231,7,los,los
231,8,dientes,dientes
231,10,porque,porque
231,11,sólo,slo
231,12,así,as
231,13,soy,soy
231,14,Señor,seor
231,15,y,y
231,16,todo,todo
231,17,mi,mi
231,18,ornamento,ornamento
231,19,son,son
231,20,mis,mis
231,21,dientes,dientes
231,22,y,y
231,23,mis,mis
231,24,ojos,ojos
232,1,Nosotros,nosotros
232,2,os,os
232,3,pondremos,pondremos
232,4,otros,otros
232,5,en,en
232,6,su,su
232,7,lugar,lugar
232,9,hechos,hechos
232,10,de,de
232,11,hueso,hueso
232,12,molido,molido
233,0,Pero,pero
233,1,el,el
233,2,hueso,hueso
233,3,molido,molido
233,4,no,no
233,5,eran,eran
233,6,más,ms
233,7,que,que
233,8,granos,granos
233,9,de,de
233,10,maíz,maz
233,11,blanco,blanco
234,1,Está,est
234,2,bien,bien
234,4,sacadlos,sacadlos
234,6,venid,venid
234,7,a,a
234,8,socorredme,socorredme
234,10,replicó,replic
235,0,Sacáronle,sacronle
235,1,entonces,entonces
235,2,los,los
235,3,dientes,dientes
235,4,a,a
235,5,Vucub-Caquix,vucubcaquix
235,7,y,y
235,8,en,en
235,9,su,su
235,10,lugar,lugar
235,11,le,le
235,12,pusieron,pusieron
235,13,solamente,solamente
235,14,granos,granos
235,15,de,de
235,16,maíz,maz
235,17,blanco,blanco
235,19,y,y
235,20,estos,estos
235,21,granos,granos
235,22,de,de
235,23,maíz,maz
235,24,le,le
235,25,brillaban,brillaban
235,26,en,en
235,27,la,la
235,28,boca,boca
236,0,Al,al
236,1,instante,instante
236,2,decayeron,decayeron
236,3,sus,sus
236,4,facciones,facciones
236,5,y,y
236,6,ya,ya
236,7,no,no
236,8,parecía,pareca
236,9,Señor,seor
237,0,Luego,luego
237,1,acabaron,acabaron
237,2,de,de
237,3,sacarle,sacarle
237,4,los,los
237,5,dientes,dientes
237,6,que,que
237,7,le,le
237,8,brillaban,brillaban
237,9,en,en
237,10,la,la
237,11,boca,boca
237,12,como,como
237,13,perlas,perlas
238,0,Y,y
238,1,por,por
238,2,último,ltimo
238,3,le,le
238,4,curaron,curaron
238,5,los,los
238,6,ojos,ojos
238,7,a,a
238,8,Vucub-Caquix,vucubcaquix
238,9,reventándole,reventndole
238,10,las,las
238,11,niñas,nias
238,12,de,de
238,13,los,los
238,14,ojos,ojos
238,15,y,y
238,16,acabaron,acabaron
238,17,de,de
238,18,quitarle,quitarle
238,19,todas,todas
238,20,sus,sus
238,21,riquezas,riquezas
239,0,Pero,pero
239,1,nada,nada
239,2,sentía,senta
239,3,ya,ya
240,0,Sólo,slo
240,1,se,se
240,2,quedó,qued
240,3,mirando,mirando
240,4,mientras,mientras
240,5,por,por
240,6,consejo,consejo
240,7,de,de
240,8,Hunahpú,hunahp
240,9,e,e
240,10,Ixbalanqué,ixbalanqu
240,11,acababan,acababan
240,12,de,de
240,13,despojarlo,despojarlo
240,14,de,de
240,15,las,las
240,16,cosas,cosas
240,17,de,de
240,18,que,que
240,19,se,se
240,20,enorgullecía,enorgulleca
241,0,Así,as
241,1,murió,muri
241,2,Vucub-Caquix,vucubcaquix
242,0,Luego,luego
242,1,recuperó,recuper
242,2,su,su
242,3,brazo,brazo
242,4,Hunahpú,hunahp
243,0,Y,y
243,1,murió,muri
243,2,también,tambin
243,3,Chimalmat,chimalmat
243,5,la,la
243,6,mujer,mujer
243,7,de,de
243,8,Vucub-Caquix,vucubcaquix
244,0,Así,as
244,1,se,se
244,2,perdieron,perdieron
244,3,las,las
244,4,riquezas,riquezas
244,5,de,de
244,6,Vucub-Caquix,vucubcaquix
245,0,El,el
245,1,médico,mdico
245,2,se,se
245,3,apoderó,apoder
245,4,de,de
245,5,todas,todas
245,6,las,las
245,7,esmeraldas,esmeraldas
245,8,y,y
245,9,piedras,piedras
245,10,preciosas,preciosas
245,11,que,que
245,12,habían,haban
245,13,sido,sido
245,14,su,su
245,15,orgullo,orgullo
245,16,aquí,aqu
245,17,en,en
245,18,la,la
245,19,tierra,tierra
246,0,La,la
246,1,vieja,vieja
246,2,y,y
246,3,el,el
246,4,viejo,viejo
246,5,que,que
246,6,estas,estas
246,7,cosas,cosas
246,8,hicieron,hicieron
246,9,eran,eran
246,10,seres,seres
246,11,maravillosos,maravillosos
247,0,Y,y
247,1,habiendo,habiendo
247,2,recuperado,recuperado
247,3,el,el
247,4,brazo,brazo
247,5,volvieron,volvieron
247,6,a,a
247,7,ponerlo,ponerlo
247,8,en,en
247,9,su,su
247,10,lugar,lugar
247,11,y,y
247,12,quedó,qued
247,13,bien,bien
247,14,otra,otra
247,15,vez,vez
248,0,Solamente,solamente
248,1,para,para
248,2,lograr,lograr
248,3,la,la
248,4,muerte,muerte
248,5,de,de
248,6,Vucub-Caquix,vucubcaquix
248,7,quisieron,quisieron
248,8,obrar,obrar
248,9,de,de
248,10,esta,esta
248,11,manera,manera
248,13,porque,porque
248,14,les,les
248,15,pareció,pareci
248,16,mal,mal
248,17,que,que
248,18,se,se
248,19,enorgulleciera,enorgulleciera
249,0,Y,y
249,1,en,en
249,2,seguida,seguida
249,3,se,se
249,4,marcharon,marcharon
249,5,los,los
249,6,dos,dos
249,7,muchachos,muchachos
249,8,habiendo,habiendo
249,9,ejecutado,ejecutado
249,10,así,as
249,11,la,la
249,12,orden,orden
249,14,del,del
249,15,Corazón,corazn
249,16,del,del
249,17,Cielo,cielo
250,0,He,he
250,1,aquí,aqu
250,2,ahora,ahora
250,3,los,los
250,4,hechos,hechos
250,5,de,de
250,6,Zipacná,zipacn
250,8,el,el
250,9,primer,primer
250,10,hijo,hijo
250,11,de,de
250,12,Vucub-Caquix,vucubcaquix
251,1,Yo,yo
251,2,soy,soy
251,3,el,el
251,4,creador,creador
251,5,de,de
251,6,las,las
251,7,montañas,montaas
251,8,decía,deca
251,9,Zipacná,zipacn
252,0,Este,este
252,1,Zipacná,zipacn
252,2,se,se
252,3,estaba,estaba
252,4,bañando,baando
252,5,a,a
252,6,la,la
252,7,orilla,orilla
252,8,de,de
252,9,un,un
252,10,río,ro
252,11,cuando,cuando
252,12,pasaron,pasaron
252,13,cuatrocientos,cuatrocientos
252,14,muchachos,muchachos
252,15,que,que
252,16,llevaban,llevaban
252,17,arrastrando,arrastrando
252,18,un,un
252,19,árbol,rbol
252,20,para,para
252,21,sostén,sostn
252,22,de,de
252,23,su,su
252,24,casa,casa
253,0,Los,los
253,1,cuatrocientos,cuatrocientos
253,2,caminaban,caminaban
253,3,después,despus
253,4,de,de
253,5,haber,haber
253,6,cortado,cortado
253,7,un,un
253,8,gran,gran
253,9,árbol,rbol
253,10,para,para
253,11,viga,viga
253,12,madre,madre
253,13,de,de
253,14,su,su
253,15,casa,casa
254,0,Llegó,lleg
254,1,entonces,entonces
254,2,Zipacná,zipacn
254,3,y,y
254,4,dirigiéndose,dirigindose
254,5,hacia,hacia
254,6,donde,donde
254,7,estaban,estaban
254,8,los,los
254,9,cuatrocientos,cuatrocientos
254,10,muchachos,muchachos
254,11,les,les
254,12,dijo,dijo
254,16,Qué,qu
254,17,estáis,estis
254,18,haciendo,haciendo
254,20,muchachos,muchachos
255,1,Sólo,slo
255,2,es,es
255,3,este,este
255,4,palo,palo
255,6,respondieron,respondieron
255,8,que,que
255,9,no,no
255,10,lo,lo
255,11,podemos,podemos
255,12,levantar,levantar
255,13,y,y
255,14,llevar,llevar
255,15,en,en
255,16,hombros,hombros
256,1,Yo,yo
256,2,lo,lo
256,3,llevaré,llevar
257,1,A,a
257,2,dónde,dnde
257,3,ha,ha
257,4,de,de
257,5,ir,ir
258,1,Para,para
258,2,que,que
258,3,lo,lo
258,4,queréis,queris
259,0,Para,para
259,1,viga,viga
259,2,madre,madre
259,3,de,de
259,4,nuestra,nuestra
259,5,casa,casa
260,1,Está,est
260,2,bien,bien
260,4,contestó,contest
260,6,y,y
260,7,levantándolo,levantndolo
260,8,se,se
260,9,lo,lo
260,10,echó,ech
260,11,al,al
260,12,hombro,hombro
260,13,y,y
260,14,lo,lo
260,15,llevó,llev
260,16,hacia,hacia
260,17,la,la
260,18,entrada,entrada
260,19,de,de
260,20,la,la
260,21,casa,casa
260,22,de,de
260,23,los,los
260,24,cuatrocientos,cuatrocientos
260,25,muchachos,muchachos
261,1,Ahora,ahora
261,2,quédate,qudate
261,3,con,con
261,4,nosotros,nosotros
261,6,muchacho,muchacho
261,8,le,le
261,9,dijeron,dijeron
262,1,Tienes,tienes
262,2,madre,madre
262,3,o,o
262,4,padre,padre
263,1,No,no
263,2,tengo-contestó,tengocontest
264,1,Entonces,entonces
264,2,te,te
264,3,ocuparemos,ocuparemos
264,4,mañana,maana
264,5,para,para
264,6,preparar,preparar
264,7,otro,otro
264,8,palo,palo
264,9,para,para
264,10,sostén,sostn
264,11,de,de
264,12,nuestra,nuestra
264,13,casa,casa
265,1,Bueno-contestó,buenocontest
266,0,Los,los
266,1,cuatrocientos,cuatrocientos
266,2,muchachos,muchachos
266,3,conferenciaron,conferenciaron
266,4,en,en
266,5,seguida,seguida
266,6,y,y
266,7,dijeron,dijeron
266,10,Cómo,cmo
266,11,haremos,haremos
266,12,con,con
266,13,este,este
266,14,muchacho,muchacho
266,15,para,para
266,16,matarlo,matarlo
267,0,Porque,porque
267,1,no,no
267,2,está,est
267,3,bien,bien
267,4,lo,lo
267,5,que,que
267,6,ha,ha
267,7,hecho,hecho
267,8,levantando,levantando
267,9,él,l
267,10,sólo,slo
267,11,el,el
267,12,palo,palo
268,0,Hagamos,hagamos
268,1,un,un
268,2,gran,gran
268,3,hoyo,hoyo
268,4,y,y
268,5,echémoslo,echmoslo
268,6,para,para
268,7,hacerlo,hacerlo
268,8,caer,caer
268,9,en,en
268,10,él,l
269,1,Baja,baja
269,2,a,a
269,3,sacar,sacar
269,4,y,y
269,5,traer,traer
269,6,tierra,tierra
269,7,del,del
269,8,hoyo,hoyo
269,11,le,le
269,12,diremos,diremos
269,14,y,y
269,15,cuando,cuando
269,16,se,se
269,17,haya,haya
269,18,agachado,agachado
269,19,para,para
269,20,bajar,bajar
269,21,a,a
269,22,la,la
269,23,excavación,excavacin
269,24,le,le
269,25,dejaremos,dejaremos
269,26,caer,caer
269,27,el,el
269,28,palo,palo
269,29,grande,grande
269,30,y,y
269,31,allí,all
269,32,en,en
269,33,el,el
269,34,hoyo,hoyo
269,35,morirá,morir
270,0,Así,as
270,1,dijeron,dijeron
270,2,los,los
270,3,cuatrocientos,cuatrocientos
270,4,muchachos,muchachos
270,5,y,y
270,6,luego,luego
270,7,abrieron,abrieron
270,8,un,un
270,9,gran,gran
270,10,hoyo,hoyo
270,11,muy,muy
270,12,profundo,profundo
271,0,En,en
271,1,seguida,seguida
271,2,llamaron,llamaron
271,3,a,a
271,4,Zipacná,zipacn
272,1,Nosotros,nosotros
272,2,te,te
272,3,queremos,queremos
272,4,bien,bien
273,0,Anda,anda
273,2,ven,ven
273,3,a,a
273,4,cavar,cavar
273,5,la,la
273,6,tierra,tierra
273,7,porque,porque
273,8,nosotros,nosotros
273,9,ya,ya
273,10,no,no
273,11,alcanzamos,alcanzamos
273,13,le,le
273,14,dijeron,dijeron
274,1,Está,est
274,2,bien,bien
274,4,contestó,contest
275,0,En,en
275,1,seguida,seguida
275,2,bajó,baj
275,3,al,al
275,4,hoyo,hoyo
276,0,Y,y
276,1,llamándolo,llamndolo
276,2,mientras,mientras
276,3,estaba,estaba
276,4,cavando,cavando
276,5,la,la
276,6,tierra,tierra
276,7,le,le
276,8,dijeron,dijeron
276,11,Has,has
276,12,bajado,bajado
276,13,ya,ya
276,14,muy,muy
276,15,hondo,hondo
277,1,Sí,s
277,3,contestó,contest
277,5,mientras,mientras
277,6,comenzaba,comenzaba
277,7,a,a
277,8,abrir,abrir
277,9,el,el
277,10,hoyo,hoyo
277,12,pero,pero
277,13,el,el
277,14,hoyo,hoyo
277,15,que,que
277,16,estaba,estaba
277,17,haciendo,haciendo
277,18,era,era
277,19,para,para
277,20,librarse,librarse
277,21,del,del
277,22,peligro,peligro
278,0,El,el
278,1,sabía,saba
278,2,que,que
278,3,lo,lo
278,4,querían,queran
278,5,matar,matar
278,7,por,por
278,8,eso,eso
278,10,al,al
278,11,abrir,abrir
278,12,el,el
278,13,hoyo,hoyo
278,15,hizo,hizo
278,17,hacia,hacia
278,18,un,un
278,19,lado,lado
278,21,una,una
278,22,segunda,segunda
278,23,excavación,excavacin
278,24,para,para
278,25,librarse,librarse
279,2,Hasta,hasta
279,3,dónde,dnde
279,4,vas,vas
279,7,gritaron,gritaron
279,8,hacia,hacia
279,9,abajo,abajo
279,10,los,los
279,11,cuatrocientos,cuatrocientos
279,12,muchachos,muchachos
280,1,Todavía,todava
280,2,estoy,estoy
280,3,cavando,cavando
280,5,yo,yo
280,6,os,os
280,7,llamaré,llamar
280,8,allí,all
280,9,arriba,arriba
280,10,cuando,cuando
280,11,esté,est
280,12,terminada,terminada
280,13,la,la
280,14,excavación,excavacin
280,15,dijo,dijo
280,16,Zipacná,zipacn
280,17,desde,desde
280,18,el,el
280,19,fondo,fondo
280,20,del,del
280,21,hoyo,hoyo
281,0,Pero,pero
281,1,no,no
281,2,estaba,estaba
281,3,cavando,cavando
281,4,su,su
281,5,sepultura,sepultura
281,6,sino,sino
281,7,que,que
281,8,estaba,estaba
281,9,abriendo,abriendo
281,10,otro,otro
281,11,hoyo,hoyo
281,12,para,para
281,13,salvarse,salvarse
282,0,Por,por
282,1,último,ltimo
282,2,los,los
282,3,llamó,llam
282,4,Zipacná,zipacn
282,6,pero,pero
282,7,cuando,cuando
282,8,los,los
282,9,llamó,llam
282,10,ya,ya
282,11,se,se
282,12,había,haba
282,13,puesto,puesto
282,14,en,en
282,15,salvo,salvo
282,16,dentro,dentro
282,17,del,del
282,18,hoyo,hoyo
283,0,Venid,venid
283,1,a,a
283,2,sacar,sacar
283,3,y,y
283,4,llevaros,llevaros
283,5,la,la
283,6,tierra,tierra
283,7,que,que
283,8,he,he
283,9,arrancado,arrancado
283,10,y,y
283,11,está,est
283,12,en,en
283,13,el,el
283,14,asiento,asiento
283,15,del,del
283,16,hoyo,hoyo
283,17,porque,porque
283,18,en,en
283,19,verdad,verdad
283,20,lo,lo
283,21,he,he
283,22,ahondado,ahondado
283,23,mucho,mucho
284,1,No,no
284,2,oís,os
284,3,mi,mi
284,4,llamada,llamada
285,0,Y,y
285,1,sin,sin
285,2,embargo,embargo
285,4,vuestros,vuestros
285,5,gritos,gritos
285,7,vuestras,vuestras
285,8,palabras,palabras
285,10,se,se
285,11,repiten,repiten
285,12,como,como
285,13,un,un
285,14,eco,eco
285,15,una,una
285,16,y,y
285,17,dos,dos
285,18,veces,veces
285,20,y,y
285,21,así,as
285,22,oigo,oigo
285,23,bien,bien
285,24,dónde,dnde
285,25,estáis,estis
286,0,Esto,esto
286,1,decía,deca
286,2,Zipacná,zipacn
286,3,desde,desde
286,4,el,el
286,5,hoyo,hoyo
286,6,donde,donde
286,7,estaba,estaba
286,8,escondido,escondido
286,10,gritando,gritando
286,11,desde,desde
286,12,el,el
286,13,fondo,fondo
287,0,Entonces,entonces
287,1,los,los
287,2,muchachos,muchachos
287,3,arrojaron,arrojaron
287,4,violentamente,violentamente
287,5,su,su
287,6,gran,gran
287,7,palo,palo
287,9,que,que
287,10,cayó,cay
287,11,en,en
287,12,seguida,seguida
287,13,con,con
287,14,estruendo,estruendo
287,15,al,al
287,16,fondo,fondo
287,17,del,del
287,18,hoyo,hoyo
288,2,Que,que
288,3,nadie,nadie
288,4,hable,hable
288,6,Esperemos,esperemos
288,7,hasta,hasta
288,8,oír,or
288,9,sus,sus
288,10,gritos,gritos
288,11,cuando,cuando
288,12,muera,muera
288,14,se,se
288,15,dijeron,dijeron
288,16,entre,entre
288,17,sí,s
288,19,hablando,hablando
288,20,en,en
288,21,secreto,secreto
288,22,y,y
288,23,cubriéndose,cubrindose
288,24,cada,cada
288,25,uno,uno
288,26,la,la
288,27,cara,cara
288,29,mientras,mientras
288,30,caía,caa
288,31,el,el
288,32,palo,palo
288,33,con,con
288,34,estrépito,estrpito
289,1,Zipacná,zipacn
289,3,habló,habl
289,4,entonces,entonces
289,5,lanzando,lanzando
289,6,un,un
289,7,grito,grito
289,9,pero,pero
289,10,llamó,llam
289,11,una,una
289,12,sola,sola
289,13,vez,vez
289,14,cuando,cuando
289,15,cayó,cay
289,16,el,el
289,17,palo,palo
289,18,en,en
289,19,el,el
289,20,fondo,fondo
290,2,Qué,qu
290,3,bien,bien
290,4,nos,nos
290,5,ha,ha
290,6,salido,salido
290,7,lo,lo
290,8,que,que
290,9,le,le
290,10,hicimos,hicimos
290,12,Ya,ya
290,13,murió,muri
290,15,dijeron,dijeron
290,16,los,los
290,17,jóvenes,jvenes
291,0,Si,si
291,1,desgraciadamente,desgraciadamente
291,2,hubiera,hubiera
291,3,continuado,continuado
291,4,lo,lo
291,5,que,que
291,6,había,haba
291,7,comenzado,comenzado
291,8,a,a
291,9,hacer,hacer
291,11,estaríamos,estaramos
291,12,perdidos,perdidos
291,14,porque,porque
291,15,ya,ya
291,16,se,se
291,17,había,haba
291,18,metido,metido
291,19,entre,entre
291,20,nosotros,nosotros
291,22,los,los
291,23,cuatrocientos,cuatrocientos
291,24,muchachos,muchachos
292,0,Y,y
292,1,llenos,llenos
292,2,de,de
292,3,alegría,alegra
292,4,dijeron:—Ahora,dijeronahora
292,5,vamos,vamos
292,6,a,a
292,7,fabricar,fabricar
292,8,nuestra,nuestra
292,9,chicha,chicha
292,10,durante,durante
292,11,estos,estos
292,12,tres,tres
292,13,días,das
293,0,Pasados,pasados
293,1,estos,estos
293,2,tres,tres
293,3,días,das
293,4,beberemos,beberemos
293,5,por,por
293,6,la,la
293,7,construcción,construccin
293,8,de,de
293,9,nuestra,nuestra
293,10,casa,casa
293,12,nosotros,nosotros
293,13,los,los
293,14,cuatrocientos,cuatrocientos
293,15,muchachos,muchachos
294,0,Luego,luego
294,1,dijeron,dijeron
294,4,Mañana,maana
294,5,veremos,veremos
294,6,y,y
294,7,pasado,pasado
294,8,mañana,maana
294,9,veremos,veremos
294,10,también,tambin
294,11,si,si
294,12,no,no
294,13,vienen,vienen
294,14,las,las
294,15,hormigas,hormigas
294,16,entre,entre
294,17,la,la
294,18,tierra,tierra
294,19,cuando,cuando
294,20,hieda,hieda
294,21,y,y
294,22,se,se
294,23,pudra,pudra
295,0,En,en
295,1,seguida,seguida
295,2,se,se
295,3,tranquilizará,tranquilizar
295,4,nuestro,nuestro
295,5,corazón,corazn
295,6,y,y
295,7,beberemos,beberemos
295,8,nuestra,nuestra
295,9,chicha,chicha
295,11,dijeron,dijeron
296,0,Zipacná,zipacn
296,1,escuchaba,escuchaba
296,2,desde,desde
296,3,el,el
296,4,hoyo,hoyo
296,5,todo,todo
296,6,lo,lo
296,7,que,que
296,8,hablaban,hablaban
296,9,los,los
296,10,muchachos,muchachos
297,0,Y,y
297,1,luego,luego
297,3,al,al
297,4,segundo,segundo
297,5,día,da
297,7,llegaron,llegaron
297,8,las,las
297,9,hormigas,hormigas
297,10,en,en
297,11,montón,montn
297,13,yendo,yendo
297,14,y,y
297,15,viniendo,viniendo
297,16,y,y
297,17,juntándose,juntndose
297,18,debajo,debajo
297,19,del,del
297,20,palo,palo
298,0,Unas,unas
298,1,traían,traan
298,2,en,en
298,3,la,la
298,4,boca,boca
298,5,los,los
298,6,cabellos,cabellos
298,7,y,y
298,8,otras,otras
298,9,las,las
298,10,uñas,uas
298,11,de,de
298,12,Zipacná,zipacn
299,0,Cuando,cuando
299,1,vieron,vieron
299,2,esto,esto
299,3,los,los
299,4,muchachos,muchachos
299,6,dijeron,dijeron
299,9,Ya,ya
299,10,pereció,pereci
299,11,aquel,aquel
299,12,demonio,demonio
300,0,Mirad,mirad
300,1,cómo,cmo
300,2,se,se
300,3,han,han
300,4,juntado,juntado
300,5,las,las
300,6,hormigas,hormigas
300,8,cómo,cmo
300,9,han,han
300,10,llegado,llegado
300,11,por,por
300,12,montones,montones
300,14,trayendo,trayendo
300,15,unas,unas
300,16,los,los
300,17,cabellos,cabellos
300,18,y,y
300,19,otras,otras
300,20,las,las
300,21,uñas,uas
301,1,Mirad,mirad
301,2,lo,lo
301,3,que,que
301,4,hemos,hemos
301,5,hecho,hecho
302,0,Así,as
302,1,hablaban,hablaban
302,2,entre,entre
302,3,sí,s
303,0,Sin,sin
303,1,embargo,embargo
303,3,Zipacná,zipacn
303,4,estaba,estaba
303,5,bien,bien
303,6,vivo,vivo
304,0,Se,se
304,1,había,haba
304,2,cortado,cortado
304,3,los,los
304,4,cabellos,cabellos
304,5,de,de
304,6,la,la
304,7,cabeza,cabeza
304,8,y,y
304,9,se,se
304,10,había,haba
304,11,roído,rodo
304,12,las,las
304,13,uñas,uas
304,14,con,con
304,15,los,los
304,16,dientes,dientes
304,17,para,para
304,18,dárselos,drselos
304,19,a,a
304,20,las,las
304,21,hormigas,hormigas
305,0,Y,y
305,1,así,as
305,2,los,los
305,3,cuatrocientos,cuatrocientos
305,4,muchachos,muchachos
305,5,creyeron,creyeron
305,6,que,que
305,7,había,haba
305,8,muerto,muerto
305,10,y,y
305,11,al,al
305,12,tercer,tercer
305,13,día,da
305,14,dieron,dieron
305,15,principio,principio
305,16,a,a
305,17,la,la
305,18,orgía,orga
305,19,y,y
305,20,se,se
305,21,emborracharon,emborracharon
305,22,todos,todos
305,23,los,los
305,24,muchachos,muchachos
306,0,Y,y
306,1,estando,estando
306,2,ebrios,ebrios
306,3,los,los
306,4,cuatrocientos,cuatrocientos
306,5,muchachos,muchachos
306,7,ya,ya
306,8,no,no
306,9,sentían,sentan
306,10,nada,nada
307,0,En,en
307,1,seguida,seguida
307,2,Zipacná,zipacn
307,3,dejó,dej
307,4,caer,caer
307,5,la,la
307,6,casa,casa
307,7,sobre,sobre
307,8,sus,sus
307,9,cabezas,cabezas
307,10,y,y
307,11,acabó,acab
307,12,de,de
307,13,matarlos,matarlos
307,14,a,a
307,15,todos,todos
308,0,Ni,ni
308,1,siquiera,siquiera
308,2,uno,uno
308,4,ni,ni
308,5,dos,dos
308,6,se,se
308,7,salvaron,salvaron
308,8,de,de
308,9,entre,entre
308,10,los,los
308,11,cuatrocientos,cuatrocientos
308,12,muchachos,muchachos
308,14,muertos,muertos
308,15,fueron,fueron
308,16,por,por
308,17,Zipacná,zipacn
308,19,el,el
308,20,hijo,hijo
308,21,de,de
308,22,Vucub-Caquix,vucubcaquix
309,0,Así,as
309,1,fue,fue
309,2,la,la
309,3,muerte,muerte
309,4,de,de
309,5,los,los
309,6,cuatrocientos,cuatrocientos
309,7,mucha-chos,muchachos
309,8,y,y
309,9,se,se
309,10,cuenta,cuenta
309,11,que,que
309,12,entraron,entraron
309,13,en,en
309,14,el,el
309,15,grupo,grupo
309,16,de,de
309,17,estrellas,estrellas
309,18,que,que
309,19,por,por
309,20,ellos,ellos
309,21,se,se
309,22,llama,llama
309,23,Motz,motz
309,25,aunque,aunque
309,26,esto,esto
309,27,tal,tal
309,28,vez,vez
309,29,será,ser
309,30,mentira,mentira
310,0,Contaremos,contaremos
310,1,ahora,ahora
310,2,derrota,derrota
310,3,de,de
310,4,Zipacná,zipacn
310,5,por,por
310,6,los,los
310,7,dos,dos
310,8,muchachos,muchachos
310,9,Hunahpú,hunahp
310,10,e,e
310,11,Ixbalanqué,ixbalanqu
311,0,Ahora,ahora
311,1,sigue,sigue
311,2,la,la
311,3,derrota,derrota
311,4,y,y
311,5,muerte,muerte
311,6,de,de
311,7,Zipacná,zipacn
311,9,cuando,cuando
311,10,fue,fue
311,11,vencido,vencido
311,12,por,por
311,13,los,los
311,14,dos,dos
311,15,muchachos,muchachos
311,16,Hunahpú,hunahp
311,17,e,e
311,18,Ixbalanqué,ixbalanqu
312,0,El,el
312,1,corazón,corazn
312,2,de,de
312,3,los,los
312,4,dos,dos
312,5,jóvenes,jvenes
312,6,estaba,estaba
312,7,lleno,lleno
312,8,de,de
312,9,rencor,rencor
312,10,porque,porque
312,11,los,los
312,12,cuatrocientos,cuatrocientos
312,13,muchachos,muchachos
312,14,habían,haban
312,15,sido,sido
312,16,muertos,muertos
312,17,por,por
312,18,Zipacná,zipacn
313,0,Y,y
313,1,éste,ste
313,2,sólo,slo
313,3,buscaba,buscaba
313,4,pescados,pescados
313,5,y,y
313,6,cangrejos,cangrejos
313,7,a,a
313,8,la,la
313,9,orilla,orilla
313,10,de,de
313,11,los,los
313,12,ríos,ros
313,14,que,que
313,15,ésta,sta
313,16,era,era
313,17,su,su
313,18,comida,comida
313,19,de,de
313,20,cada,cada
313,21,día,da
314,0,Durante,durante
314,1,el,el
314,2,día,da
314,3,se,se
314,4,paseaba,paseaba
314,5,buscando,buscando
314,6,su,su
314,7,comida,comida
314,8,y,y
314,9,de,de
314,10,noche,noche
314,11,se,se
314,12,echaba,echaba
314,13,los,los
314,14,cerros,cerros
314,15,a,a
314,16,cuestas,cuestas
315,0,En,en
315,1,seguida,seguida
315,2,Hunahpú,hunahp
315,3,e,e
315,4,Ixbalanqué,ixbalanqu
315,5,hicieron,hicieron
315,6,una,una
315,7,figura,figura
315,8,a,a
315,9,imitación,imitacin
315,10,de,de
315,11,un,un
315,12,cangrejo,cangrejo
315,13,muy,muy
315,14,grande,grande
315,16,y,y
315,17,le,le
315,18,dieron,dieron
315,19,la,la
315,20,apariencia,apariencia
315,21,de,de
315,22,tal,tal
315,23,con,con
315,24,una,una
315,25,hoja,hoja
315,26,de,de
315,27,pie,pie
315,28,de,de
315,29,gallo,gallo
315,31,del,del
315,32,que,que
315,33,se,se
315,34,encuentra,encuentra
315,35,en,en
315,36,los,los
315,37,bosques,bosques
316,0,Así,as
316,1,hicieron,hicieron
316,2,la,la
316,3,parte,parte
316,4,inferior,inferior
316,5,del,del
316,6,cangrejo,cangrejo
316,8,de,de
316,9,pahac,pahac
316,11,le,le
316,12,hicieron,hicieron
316,13,las,las
316,14,patas,patas
316,15,y,y
316,16,le,le
316,17,pusieron,pusieron
316,18,una,una
316,19,concha,concha
316,20,de,de
316,21,piedra,piedra
316,22,que,que
316,23,le,le
316,24,cubrió,cubri
316,25,la,la
316,26,espalda,espalda
316,27,al,al
316,28,cangrejo,cangrejo
317,0,Luego,luego
317,1,pusieron,pusieron
317,2,esta,esta
317,4,especie,especie
317,5,de,de
317,7,tortuga,tortuga
317,9,al,al
317,10,pie,pie
317,11,de,de
317,12,un,un
317,13,gran,gran
317,14,cerro,cerro
317,15,llamado,llamado
317,16,Meauán,meaun
317,18,donde,donde
317,19,lo,lo
317,20,iban,iban
317,21,a,a
317,22,vencer,vencer
317,24,a,a
317,25,Zipacná,zipacn
318,0,A,a
318,1,continuación,continuacin
318,2,se,se
318,3,fueron,fueron
318,4,los,los
318,5,muchachos,muchachos
318,6,a,a
318,7,hacerle,hacerle
318,8,encuentro,encuentro
318,9,a,a
318,10,Zipacná,zipacn
318,11,a,a
318,12,la,la
318,13,orilla,orilla
318,14,de,de
318,15,un,un
318,16,río,ro
319,2,A,a
319,3,dónde,dnde
319,4,vas,vas
319,6,muchacho,muchacho
319,9,le,le
319,10,preguntaron,preguntaron
319,11,a,a
319,12,Zipacná,zipacn
320,1,No,no
320,2,voy,voy
320,3,a,a
320,4,ninguna,ninguna
320,5,parte,parte
320,7,sólo,slo
320,8,ando,ando
320,9,buscando,buscando
320,10,mi,mi
320,11,comida,comida
320,13,muchachos,muchachos
320,15,contestó,contest
320,16,Zipacná,zipacn
321,2,Y,y
321,3,cuál,cul
321,4,es,es
321,5,tu,tu
321,6,comida,comida
322,1,Pescado,pescado
322,2,y,y
322,3,cangrejos,cangrejos
322,5,pero,pero
322,6,aquí,aqu
322,7,no,no
322,8,los,los
322,9,hay,hay
322,10,y,y
322,11,no,no
322,12,he,he
322,13,hallado,hallado
322,14,ninguno,ninguno
322,16,desde,desde
322,17,antier,antier
322,18,no,no
322,19,he,he
322,20,comido,comido
322,21,y,y
322,22,ya,ya
322,23,no,no
322,24,aguanto,aguanto
322,25,el,el
322,26,hambre,hambre
322,28,dijo,dijo
322,29,Zipacná,zipacn
322,30,a,a
322,31,Hunahpú,hunahp
322,32,e,e
322,33,Ixbalanqué,ixbalanqu
323,1,Allá,all
323,2,en,en
323,3,el,el
323,4,fondo,fondo
323,5,del,del
323,6,barranco,barranco
323,7,está,est
323,8,un,un
323,9,cangrejo,cangrejo
323,11,verdaderamente,verdaderamente
323,12,un,un
323,13,gran,gran
323,14,cangrejo,cangrejo
323,15,y,y
323,17,bien,bien
323,18,que,que
323,19,te,te
323,20,lo,lo
323,21,comieras,comieras
324,0,Sólo,slo
324,1,que,que
324,2,nos,nos
324,3,mordió,mordi
324,4,cuando,cuando
324,5,lo,lo
324,6,quisimos,quisimos
324,7,coger,coger
324,8,y,y
324,9,por,por
324,10,eso,eso
324,11,le,le
324,12,tenemos,tenemos
324,13,miedo,miedo
325,0,Por,por
325,1,nada,nada
325,2,iríamos,iramos
325,3,a,a
325,4,cogerlo,cogerlo
325,6,dijeron,dijeron
325,7,Hunahpú,hunahp
325,8,e,e
325,9,Ixbalanqué,ixbalanqu
326,2,Tened,tened
326,3,lástima,lstima
326,4,de,de
326,5,mí,m
326,7,Venid,venid
326,8,y,y
326,9,enseñádmelo,ensedmelo
326,11,muchachos,muchachos
326,13,dijo,dijo
326,14,Zipacná,zipacn
327,1,No,no
327,2,queremos,queremos
328,0,Anda,anda
328,1,tú,t
328,2,solo,solo
328,4,que,que
328,5,no,no
328,6,te,te
328,7,perderás,perders
329,0,Sigue,sigue
329,1,por,por
329,2,la,la
329,3,vega,vega
329,4,del,del
329,5,río,ro
329,6,y,y
329,7,llegarás,llegars
329,8,al,al
329,9,pie,pie
329,10,de,de
329,11,un,un
329,12,gran,gran
329,13,cerro,cerro
329,15,allí,all
329,16,está,est
329,17,haciendo,haciendo
329,18,ruido,ruido
329,19,en,en
329,20,el,el
329,21,fondo,fondo
329,22,del,del
329,23,barranco,barranco
330,0,Sólo,slo
330,1,tienes,tienes
330,2,que,que
330,3,llegar,llegar
330,4,allá,all
330,6,le,le
330,7,dijeron,dijeron
330,8,Hunahpú,hunahp
330,9,e,e
330,10,Ixbalanqué,ixbalanqu
331,1,jAy,jay
331,3,desgraciado,desgraciado
331,4,de,de
331,5,mí,m
332,1,No,no
332,2,lo,lo
332,3,podéis,podis
332,4,encontrar,encontrar
332,5,vosotros,vosotros
332,7,pues,pues
332,9,muchachos,muchachos
333,0,Venid,venid
333,1,a,a
333,2,enseñarmelo,ensearmelo
334,0,Hay,hay
334,1,muchos,muchos
334,2,pájaros,pjaros
334,3,que,que
334,4,podéis,podis
334,5,tirar,tirar
334,6,con,con
334,7,la,la
334,8,cerbatana,cerbatana
334,10,y,y
334,11,yo,yo
334,12,sé,s
334,13,dónde,dnde
334,14,se,se
334,15,encuentran,encuentran
334,17,dijo,dijo
334,18,Zipacná,zipacn
335,0,Su,su
335,1,humildad,humildad
335,2,convenció,convenci
335,3,a,a
335,4,los,los
335,5,muchachos,muchachos
336,0,Y,y
336,1,éstos,stos
336,2,le,le
336,3,dijeron,dijeron
336,6,Pero,pero
336,8,de,de
336,9,veras,veras
336,10,lo,lo
336,11,podrás,podrs
336,12,coger,coger
337,0,Porque,porque
337,1,sólo,slo
337,2,por,por
337,3,causa,causa
337,4,tuya,tuya
337,5,volveremos,volveremos
337,7,nosotros,nosotros
337,8,ya,ya
337,9,no,no
337,10,lo,lo
337,11,intentaremos,intentaremos
337,12,por,por
337,13,que,que
337,14,nos,nos
337,15,mordió,mordi
337,16,cuando,cuando
337,17,íbamos,bamos
337,18,entrando,entrando
337,19,boca,boca
337,20,abajo,abajo
338,0,Luego,luego
338,1,tuvimos,tuvimos
338,2,miedo,miedo
338,3,al,al
338,4,entrar,entrar
338,5,arrastrándonos,arrastrndonos
338,7,pero,pero
338,8,en,en
338,9,poco,poco
338,10,estuvo,estuvo
338,11,que,que
338,12,lo,lo
338,13,cogiéramos,cogiramos
339,0,Así,as
339,2,pues,pues
339,4,es,es
339,5,bueno,bueno
339,6,que,que
339,7,tú,t
339,8,entres,entres
339,9,arrastrándote,arrastrndote
339,11,le,le
339,12,dijeron,dijeron
340,1,Está,est
340,2,bien,bien
340,4,dijo,dijo
340,5,Zipacná,zipacn
340,7,y,y
340,8,entonces,entonces
340,9,se,se
340,10,fue,fue
340,11,en,en
340,12,su,su
340,13,compañía,compaa
341,0,Llegaron,llegaron
341,1,al,al
341,2,fondo,fondo
341,3,de,de
341,4,barranco,barranco
341,6,y,y
341,7,allí,all
341,9,tendido,tendido
341,10,sobre,sobre
341,11,el,el
341,12,costado,costado
341,14,estaba,estaba
341,15,el,el
341,16,cangrejo,cangrejo
341,17,mostrando,mostrando
341,18,su,su
341,19,concha,concha
341,20,colorada,colorada
342,0,Y,y
342,1,allí,all
342,2,también,tambin
342,4,en,en
342,5,el,el
342,6,fondo,fondo
342,7,del,del
342,8,barranco,barranco
342,10,estaba,estaba
342,11,el,el
342,12,engaño,engao
342,13,de,de
342,14,los,los
342,15,muchachos,muchachos
343,1,Que,que
343,2,bueno,bueno
343,5,dijo,dijo
343,6,entonces,entonces
343,7,Zipacná,zipacn
343,8,con,con
343,9,alegría,alegra
344,1,Quisiera,quisiera
344,2,tenerlo,tenerlo
344,3,ya,ya
344,4,en,en
344,5,la,la
344,6,boca,boca
345,0,Y,y
345,1,era,era
345,2,que,que
345,3,verdaderamente,verdaderamente
345,4,se,se
345,5,estaba,estaba
345,6,muriendo,muriendo
345,7,de,de
345,8,hambre,hambre
346,0,Quiso,quiso
346,1,probar,probar
346,2,a,a
346,3,ponerse,ponerse
346,4,de,de
346,5,bruces,bruces
346,7,quiso,quiso
346,8,entrar,entrar
346,10,pero,pero
346,11,el,el
346,12,cangrejo,cangrejo
346,13,iba,iba
346,14,subiendo,subiendo
347,0,Salióse,salise
347,1,en,en
347,2,seguida,seguida
347,3,y,y
347,4,los,los
347,5,muchachos,muchachos
347,6,le,le
347,7,preguntaron,preguntaron
347,11,No,no
347,12,lo,lo
347,13,cogiste,cogiste
348,0,No,no
348,2,contestó,contest
348,4,porque,porque
348,5,se,se
348,6,fue,fue
348,7,para,para
348,8,arriba,arriba
348,9,y,y
348,10,poco,poco
348,11,me,me
348,12,faltó,falt
348,13,para,para
348,14,cogerlo,cogerlo
349,0,Pero,pero
349,1,tal,tal
349,2,vez,vez
349,3,sería,sera
349,4,bueno,bueno
349,5,que,que
349,6,yo,yo
349,7,entrara,entrara
349,8,para,para
349,9,arriba,arriba
349,11,agregó,agreg
350,0,Y,y
350,1,luego,luego
350,2,entró,entr
350,3,de,de
350,4,nuevo,nuevo
350,5,hacia,hacia
350,6,arriba,arriba
350,8,pero,pero
350,9,cuando,cuando
350,10,ya,ya
350,11,casi,casi
350,12,había,haba
350,13,acabado,acabado
350,14,de,de
350,15,entrar,entrar
350,16,y,y
350,17,sólo,slo
350,18,mostraba,mostraba
350,19,la,la
350,20,punta,punta
350,21,de,de
350,22,los,los
350,23,pies,pies
350,25,sé,s
350,26,derrumbó,derrumb
350,27,el,el
350,28,gran,gran
350,29,cerro,cerro
350,30,y,y
350,31,le,le
350,32,cayó,cay
350,33,lentamente,lentamente
350,34,sobre,sobre
350,35,el,el
350,36,pecho,pecho
351,0,Nunca,nunca
351,1,más,ms
351,2,volvió,volvi
351,3,Zipacná,zipacn
351,4,y,y
351,5,fue,fue
351,6,convertido,convertido
351,7,en,en
351,8,piedra,piedra
352,0,Así,as
352,1,fue,fue
352,2,vencido,vencido
352,3,Zipacná,zipacn
352,4,por,por
352,5,los,los
352,6,muchachos,muchachos
352,7,Hu-nahpú,hunahp
352,8,e,e
352,9,Ixbalanqué,ixbalanqu
352,11,aquel,aquel
352,12,que,que
352,14,según,segn
352,15,la,la
352,16,antigua,antigua
352,17,tradición,tradicin
352,19,hacía,haca
352,20,las,las
352,21,montañas,montaas
352,23,el,el
352,24,hijo,hijo
352,25,primogénito,primognito
352,26,de,de
352,27,Vucub-Caquix,vucubcaquix
353,0,Al,al
353,1,pie,pie
353,2,del,del
353,3,cerro,cerro
353,4,llamado,llamado
353,5,Meauán,meaun
353,6,fue,fue
353,7,vencido,vencido
354,0,Sólo,slo
354,1,por,por
354,2,un,un
354,3,prodigio,prodigio
354,4,fue,fue
354,5,vencido,vencido
354,6,el,el
354,7,segundo,segundo
354,8,de,de
354,9,los,los
354,10,soberbios,soberbios
355,0,Quedaba,quedaba
355,1,otro,otro
355,3,cuya,cuya
355,4,historia,historia
355,5,contaremos,contaremos
355,6,ahora,ahora
356,0,El,el
356,1,tercero,tercero
356,2,de,de
356,3,los,los
356,4,soberbios,soberbios
356,5,era,era
356,6,el,el
356,7,segundo,segundo
356,8,hijo,hijo
356,9,de,de
356,10,Vucub-Caquix,vucubcaquix
356,12,que,que
356,13,se,se
356,14,llamaba,llamaba
356,15,Cabracán,cabracn
357,2,Yo,yo
357,3,derribo,derribo
357,4,las,las
357,5,montañas,montaas
357,8,decía,deca
358,0,Pero,pero
358,1,Hunahpú,hunahp
358,2,e,e
358,3,Ixbalanqué,ixbalanqu
358,4,vencieron,vencieron
358,5,también,tambin
358,6,a,a
358,7,Cabracán,cabracn
359,0,Huracán,huracn
359,2,Chipi-Caculhá,chipicaculh
359,3,y,y
359,4,Raxa-,raxa
359,5,Caculhá,caculh
359,6,hablaron,hablaron
359,7,y,y
359,8,dijeron,dijeron
359,9,a,a
359,10,Hunahpú,hunahp
359,11,e,e
359,12,Ixbalanqué,ixbalanqu
359,15,Que,que
359,16,el,el
359,17,segundo,segundo
359,18,hijo,hijo
359,19,de,de
359,20,Vucub-Caquix,vucubcaquix
359,21,sea,sea
359,22,también,tambin
359,23,vencido,vencido
360,0,Esta,esta
360,1,es,es
360,2,nuestra,nuestra
360,3,voluntad,voluntad
361,0,Porque,porque
361,1,no,no
361,2,está,est
361,3,bien,bien
361,4,que,que
361,5,hace,hace
361,6,sobre,sobre
361,7,la,la
361,8,tierra,tierra
361,10,exaltando,exaltando
361,11,su,su
361,12,gloria,gloria
361,14,su,su
361,15,grandeza,grandeza
361,16,y,y
361,17,su,su
361,18,poder,poder
361,20,y,y
361,21,no,no
361,22,debe,debe
361,23,ser,ser
361,24,así,as
362,0,Llevadle,llevadle
362,1,con,con
362,2,halagos,halagos
362,3,allá,all
362,4,donde,donde
362,5,nace,nace
362,6,el,el
362,7,sol,sol
362,9,les,les
362,10,dijo,dijo
362,11,Huracán,huracn
362,12,a,a
362,13,los,los
362,14,dos,dos
362,15,jóvenes,jvenes
363,1,Muy,muy
363,2,bien,bien
363,4,respetable,respetable
363,5,Señor,seor
363,7,contestaron,contestaron
363,8,éstos,stos
363,10,porque,porque
363,11,no,no
363,12,es,es
363,13,justo,justo
363,14,lo,lo
363,15,que,que
363,16,vemos,vemos
364,1,Acaso,acaso
364,2,no,no
364,3,existes,existes
364,4,tú,t
364,6,tú,t
364,7,que,que
364,8,eres,eres
364,9,la,la
364,10,paz,paz
364,12,tú,t
364,14,Corazón,corazn
364,15,del,del
364,16,Cielo,cielo
364,19,dijeron,dijeron
364,20,los,los
364,21,muchachos,muchachos
364,23,mientras,mientras
364,24,escuchaban,escuchaban
364,25,la,la
364,26,orden,orden
364,27,de,de
364,28,Huracán,huracn
365,0,Entre,entre
365,1,tanto,tanto
365,3,Cabracán,cabracn
365,4,se,se
365,5,ocupaba,ocupaba
365,6,en,en
365,7,sacudir,sacudir
365,8,las,las
365,9,montañas,montaas
366,0,Al,al
366,1,más,ms
366,2,pequeño,pequeo
366,3,golpe,golpe
366,4,de,de
366,5,sus,sus
366,6,pies,pies
366,7,sobre,sobre
366,8,la,la
366,9,tierra,tierra
366,11,se,se
366,12,abríanlas,abranlas
366,13,montañas,montaas
366,14,grandes,grandes
366,15,y,y
366,16,pequeñas,pequeas
367,0,Así,as
367,1,lo,lo
367,2,encontraron,encontraron
367,3,los,los
367,4,muchachos,muchachos
367,6,quienes,quienes
367,7,preguntaron,preguntaron
367,8,a,a
367,9,Cabracán,cabracn
367,13,A,a
367,14,dónde,dnde
367,15,vas,vas
367,17,muchacho,muchacho
368,1,A,a
368,2,ninguna,ninguna
368,3,parte,parte
368,5,contestó,contest
369,0,Aquí,aqu
369,1,estoy,estoy
369,2,moviendo,moviendo
369,3,las,las
369,4,montañas,montaas
369,5,y,y
369,6,las,las
369,7,estaré,estar
369,8,derribando,derribando
369,9,para,para
369,10,siempre,siempre
369,12,dijo,dijo
369,13,en,en
369,14,respuesta,respuesta
370,0,A,a
370,1,continuación,continuacin
370,2,les,les
370,3,preguntó,pregunt
370,4,Cabracán,cabracn
370,5,a,a
370,6,Hunahpú,hunahp
370,7,e,e
370,8,Ixbalanqué,ixbalanqu
370,12,Qué,qu
370,13,venís,vens
370,14,ahacer,ahacer
370,15,aquí,aqu
371,0,No,no
371,1,conozco,conozco
371,2,vuestras,vuestras
371,3,caras,caras
372,1,Cómo,cmo
372,2,os,os
372,3,llamáis,llamis
372,6,dijo,dijo
372,7,Cabracán,cabracn
373,1,No,no
373,2,tenemos,tenemos
373,3,nombre,nombre
373,5,contestaron,contestaron
373,6,aquéllos,aqullos
374,0,No,no
374,1,somos,somos
374,2,más,ms
374,3,que,que
374,4,tiradores,tiradores
374,5,con,con
374,6,cerbatana,cerbatana
374,7,y,y
374,8,cazadores,cazadores
374,9,con,con
374,10,liga,liga
374,11,en,en
374,12,los,los
374,13,montes,montes
375,0,Somos,somos
375,1,pobres,pobres
375,2,y,y
375,3,no,no
375,4,tenemos,tenemos
375,5,nada,nada
375,6,que,que
375,7,nos,nos
375,8,pertenezca,pertenezca
375,10,muchacho,muchacho
376,0,Solamente,solamente
376,1,caminamos,caminamos
376,2,por,por
376,3,los,los
376,4,montes,montes
376,5,pequeños,pequeos
376,6,y,y
376,7,grandes,grandes
376,9,muchacho,muchacho
377,0,Y,y
377,1,precisamente,precisamente
377,2,hemos,hemos
377,3,visto,visto
377,4,una,una
377,5,gran,gran
377,6,montaña,montaa
377,8,allá,all
377,9,donde,donde
377,10,se,se
377,11,enrojece,enrojece
377,12,el,el
377,13,cielo,cielo
378,0,Verdaderamente,verdaderamente
378,1,se,se
378,2,levanta,levanta
378,3,muy,muy
378,4,alto,alto
378,5,y,y
378,6,domina,domina
378,7,la,la
378,8,cima,cima
378,9,de,de
378,10,todos,todos
378,11,los,los
378,12,cerros,cerros
379,0,Así,as
379,1,es,es
379,2,que,que
379,3,no,no
379,4,hemos,hemos
379,5,podido,podido
379,6,coger,coger
379,7,ni,ni
379,8,uno,uno
379,9,ni,ni
379,10,dos,dos
379,11,pájaros,pjaros
379,12,en,en
379,13,ella,ella
379,15,muchacho,muchacho
380,0,Pero,pero
380,2,es,es
380,3,verdad,verdad
380,4,que,que
380,5,tú,t
380,6,puedes,puedes
380,7,derribar,derribar
380,8,todas,todas
380,9,la,la
380,10,montañas,montaas
380,12,muchacho,muchacho
380,15,le,le
380,16,dijeron,dijeron
380,17,Hunahpú,hunahp
380,18,e,e
380,19,Ixbalanqué,ixbalanqu
380,20,a,a
380,21,Cabracán,cabracn
381,2,De,de
381,3,veras,veras
381,4,habéis,habis
381,5,visto,visto
381,6,esa,esa
381,7,montaña,montaa
381,8,que,que
381,9,decís,decs
382,1,En,en
382,2,dónde,dnde
382,3,está,est
383,0,En,en
383,1,cuanto,cuanto
383,2,yo,yo
383,3,la,la
383,4,vea,vea
383,5,la,la
383,6,echaré,echar
383,7,abajo,abajo
384,1,Dónde,dnde
384,2,la,la
384,3,visteis,visteis
386,0,Por,por
386,1,allá,all
386,2,está,est
386,4,donde,donde
386,5,nace,nace
386,6,el,el
386,7,sol,sol
386,9,dijeron,dijeron
386,10,Hunahpú,hunahp
386,11,e,e
386,12,Ixbalanqué,ixbalanqu
387,1,Está,est
387,2,bien,bien
387,4,enseñadme,enseadme
387,5,el,el
387,6,camino,camino
387,8,les,les
387,9,dijo,dijo
387,10,a,a
387,11,los,los
387,12,dos,dos
387,13,jóvenes,jvenes
388,2,Oh,oh
388,4,no,no
388,7,contestaron,contestaron
388,8,éstos,stos
389,0,Tenemos,tenemos
389,1,que,que
389,2,llevarte,llevarte
389,3,en,en
389,4,medio,medio
389,5,de,de
389,6,nosotros,nosotros
389,8,uno,uno
389,9,irá,ir
389,10,a,a
389,11,tu,tu
389,12,mano,mano
389,13,izquierda,izquierda
389,14,y,y
389,15,otro,otro
389,16,a,a
389,17,tu,tu
389,18,mano,mano
389,19,derecha,derecha
389,21,porque,porque
389,22,tenemos,tenemos
389,23,nuestras,nuestras
389,24,cerbatanas,cerbatanas
389,26,y,y
389,27,si,si
389,28,hubiere,hubiere
389,29,pájaros,pjaros
389,30,les,les
389,31,tiraremos,tiraremos
390,0,Y,y
390,1,así,as
390,2,iban,iban
390,3,alegres,alegres
390,5,probando,probando
390,6,sus,sus
390,7,cerbatanas,cerbatanas
390,9,pero,pero
390,10,cuando,cuando
390,11,tiraban,tiraban
390,12,con,con
390,13,ellas,ellas
390,15,no,no
390,16,usaban,usaban
390,17,el,el
390,18,bodoque,bodoque
390,19,de,de
390,20,barro,barro
390,21,en,en
390,22,el,el
390,23,tubo,tubo
390,24,de,de
390,25,sus,sus
390,26,cerbatanas,cerbatanas
390,28,sino,sino
390,29,que,que
390,30,sólo,slo
390,31,con,con
390,32,el,el
390,33,soplo,soplo
390,34,derribaban,derribaban
390,35,a,a
390,36,los,los
390,37,pájaros,pjaros
390,38,cuando,cuando
390,39,les,les
390,40,tiraban,tiraban
390,42,de,de
390,43,lo,lo
390,44,cual,cual
390,45,se,se
390,46,admiraba,admiraba
390,47,grandemente,grandemente
390,48,Cabracán,cabracn
391,0,En,en
391,1,seguida,seguida
391,2,hicieron,hicieron
391,3,un,un
391,4,fuego,fuego
391,5,los,los
391,6,muchachos,muchachos
391,7,y,y
391,8,pusieron,pusieron
391,9,a,a
391,10,asar,asar
391,11,los,los
391,12,pájaros,pjaros
391,13,en,en
391,14,el,el
391,15,fuego,fuego
391,17,pero,pero
391,18,untaron,untaron
391,19,uno,uno
391,20,de,de
391,21,los,los
391,22,pájaros,pjaros
391,23,con,con
391,24,tizate,tizate
391,26,lo,lo
391,27,cubrieron,cubrieron
391,28,de,de
391,29,una,una
391,30,tierra,tierra
391,31,blanca,blanca
392,1,Esto,esto
392,2,le,le
392,3,daremos,daremos
392,5,dijeron,dijeron
392,7,para,para
392,8,que,que
392,9,se,se
392,10,le,le
392,11,abra,abra
392,12,el,el
392,13,apetito,apetito
392,14,con,con
392,15,el,el
392,16,olor,olor
392,17,que,que
392,18,despide,despide
393,0,Este,este
393,1,nuestro,nuestro
393,2,pájaro,pjaro
393,3,será,ser
393,4,su,su
393,5,perdición,perdicin
394,0,Así,as
394,1,como,como
394,2,la,la
394,3,tierra,tierra
394,4,cubre,cubre
394,5,este,este
394,6,pájaro,pjaro
394,7,por,por
394,8,obra,obra
394,9,nuestra,nuestra
394,11,así,as
394,12,daremos,daremos
394,13,con,con
394,14,él,l
394,15,en,en
394,16,tierra,tierra
394,17,y,y
394,18,en,en
394,19,tierra,tierra
394,20,lo,lo
394,21,sepultaremos,sepultaremos
395,1,Grande,grande
395,2,será,ser
395,3,la,la
395,4,sabiduría,sabidura
395,5,de,de
395,6,un,un
395,7,ser,ser
395,8,creado,creado
395,10,de,de
395,11,un,un
395,12,ser,ser
395,13,formado,formado
395,15,cuando,cuando
395,16,amanezca,amanezca
395,18,cuando,cuando
395,19,aclare,aclare
395,21,dijeron,dijeron
395,22,los,los
395,23,muchachos,muchachos
396,1,Como,como
396,2,el,el
396,3,deseo,deseo
396,4,de,de
396,5,comer,comer
396,6,un,un
396,7,bocado,bocado
396,8,es,es
396,9,natural,natural
396,10,en,en
396,11,el,el
396,12,hombre,hombre
396,14,el,el
396,15,corazón,corazn
396,16,de,de
396,17,Cabracán,cabracn
396,18,está,est
396,19,ansioso,ansioso
396,21,decían,decan
396,22,entre,entre
396,23,sí,s
396,24,Hunahpú,hunahp
396,25,e,e
396,26,Ixbalanqué,ixbalanqu
397,0,Mientras,mientras
397,1,estaban,estaban
397,2,asando,asando
397,3,los,los
397,4,pájaros,pjaros
397,6,éstos,stos
397,7,se,se
397,8,iban,iban
397,9,dorando,dorando
397,10,al,al
397,11,cocerse,cocerse
397,13,y,y
397,14,la,la
397,15,grasa,grasa
397,16,y,y
397,17,el,el
397,18,jugo,jugo
397,19,que,que
397,20,de,de
397,21,ellos,ellos
397,22,se,se
397,23,escapaban,escapaban
397,24,despedían,despedan
397,25,el,el
397,26,olor,olor
397,27,más,ms
397,28,apetitoso,apetitoso
398,0,Cabracán,cabracn
398,1,sentía,senta
398,2,grandes,grandes
398,3,ganas,ganas
398,4,de,de
398,5,comérselos,comrselos
398,7,se,se
398,8,le,le
398,9,hacía,haca
398,10,agua,agua
398,11,la,la
398,12,boca,boca
398,14,bostezaba,bostezaba
398,15,y,y
398,16,la,la
398,17,baba,baba
398,18,y,y
398,19,la,la
398,20,saliva,saliva
398,21,le,le
398,22,corrían,corran
398,23,a,a
398,24,causa,causa
398,25,del,del
398,26,olor,olor
398,27,excitante,excitante
398,28,de,de
398,29,los,los
398,30,pájaros,pjaros
399,0,Luego,luego
399,1,les,les
399,2,preguntó,pregunt
399,6,Qué,qu
399,7,es,es
399,8,esa,esa
399,9,vuestra,vuestra
399,10,comida,comida
400,0,Verdaderamente,verdaderamente
400,1,es,es
400,2,agradable,agradable
400,3,el,el
400,4,olor,olor
400,5,que,que
400,6,siento,siento
401,0,Dadme,dadme
401,1,un,un
401,2,pedacíto,pedacto
401,4,les,les
401,5,dijo,dijo
402,0,Diéronle,dironle
402,1,entonces,entonces
402,2,un,un
402,3,pájaro,pjaro
402,4,a,a
402,5,Cabracán,cabracn
402,7,el,el
402,8,pájaro,pjaro
402,9,que,que
402,10,sería,sera
402,11,su,su
402,12,ruina,ruina
403,0,Y,y
403,1,en,en
403,2,cuanto,cuanto
403,3,acabó,acab
403,4,de,de
403,5,comerlo,comerlo
403,6,se,se
403,7,pusieron,pusieron
403,8,en,en
403,9,camino,camino
403,10,y,y
403,11,llegaron,llegaron
403,12,al,al
403,13,oriente,oriente
403,15,adonde,adonde
403,16,estaba,estaba
403,17,la,la
403,18,gran,gran
403,19,montaña,montaa
404,0,Pero,pero
404,1,ya,ya
404,2,entonces,entonces
404,3,se,se
404,4,le,le
404,5,habían,haban
404,6,aflojado,aflojado
404,7,las,las
404,8,piernas,piernas
404,9,y,y
404,10,las,las
404,11,manos,manos
404,12,a,a
404,13,Cabracán,cabracn
404,15,ya,ya
404,16,no,no
404,17,tenía,tena
404,18,fuerzas,fuerzas
404,19,a,a
404,20,causa,causa
404,21,de,de
404,22,la,la
404,23,tierra,tierra
404,24,con,con
404,25,que,que
404,26,habían,haban
404,27,untado,untado
404,28,el,el
404,29,pájaro,pjaro
404,30,que,que
404,31,se,se
404,32,comió,comi
404,34,y,y
404,35,ya,ya
404,36,no,no
404,37,pudo,pudo
404,38,hacerles,hacerles
404,39,nada,nada
404,40,a,a
404,41,las,las
404,42,montañas,montaas
404,44,ni,ni
404,45,le,le
404,46,fue,fue
404,47,posible,posible
404,48,derribarlas,derribarlas
405,0,En,en
405,1,seguida,seguida
405,2,lo,lo
405,3,amarraron,amarraron
405,4,los,los
405,5,muchachos,muchachos
406,0,Atáronle,atronle
406,1,los,los
406,2,brazos,brazos
406,3,detrás,detrs
406,4,de,de
406,5,la,la
406,6,espalda,espalda
406,7,y,y
406,8,le,le
406,9,ataron,ataron
406,10,también,tambin
406,11,el,el
406,12,cuello,cuello
406,13,y,y
406,14,los,los
406,15,pies,pies
406,16,juntos,juntos
407,0,Luego,luego
407,1,lo,lo
407,2,botaron,botaron
407,3,al,al
407,4,suelo,suelo
407,6,y,y
407,7,allí,all
407,8,mismo,mismo
407,9,lo,lo
407,10,enterraron,enterraron
408,0,De,de
408,1,esta,esta
408,2,manera,manera
408,3,fue,fue
408,4,vencido,vencido
408,5,Cabracán,cabracn
408,6,tan,tan
408,7,sólo,slo
408,8,por,por
408,9,obra,obra
408,10,de,de
408,11,Hunahpú,hunahp
408,12,e,e
408,13,Ixbalanqué,ixbalanqu
409,0,No,no
409,1,sería,sera
409,2,posible,posible
409,3,enumerar,enumerar
409,4,todas,todas
409,5,las,las
409,6,cosas,cosas
409,7,que,que
409,8,éstos,stos
409,9,hicieron,hicieron
409,10,aquí,aqu
409,11,en,en
409,12,la,la
409,13,tierra,tierra
410,0,Ahora,ahora
410,1,contaremos,contaremos
410,2,el,el
410,3,nacimiento,nacimiento
410,4,de,de
410,5,Hunahpú,hunahp
410,6,e,e
410,7,Ixbalanqué,ixbalanqu
410,9,habiendo,habiendo
410,10,relatado,relatado
410,11,primeramente,primeramente
410,12,la,la
410,13,destrucción,destruccin
410,14,de,de
410,15,Vucub-Caquix,vucubcaquix
410,16,con,con
410,17,la,la
410,18,de,de
410,19,Zipacná,zipacn
410,20,y,y
410,21,la,la
410,22,de,de
410,23,Cabracán,cabracn
410,24,aquí,aqu
410,25,sobre,sobre
410,26,la,la
410,27,tierra,tierra
411,0,Ahora,ahora
411,1,diremos,diremos
411,2,también,tambin
411,3,el,el
411,4,nombre,nombre
411,5,del,del
411,6,padre,padre
411,7,de,de
411,8,Hunahpú,hunahp
411,9,e,e
411,10,Ixbalanqué,ixbalanqu
412,0,Dejaremos,dejaremos
412,1,en,en
412,2,la,la
412,3,sombra,sombra
412,4,su,su
412,5,origen,origen
412,7,y,y
412,8,dejaremos,dejaremos
412,9,en,en
412,10,la,la
412,11,oscuridad,oscuridad
412,12,el,el
412,13,relato,relato
412,14,y,y
412,15,la,la
412,16,historia,historia
412,17,del,del
412,18,nacimiento,nacimiento
412,19,del,del
412,20,Hunahpú,hunahp
412,21,e,e
412,22,Ixbalanqué,ixbalanqu
413,0,Sólo,slo
413,1,diremos,diremos
413,2,la,la
413,3,mitad,mitad
413,5,una,una
413,6,parte,parte
413,7,solamente,solamente
413,8,de,de
413,9,la,la
413,10,historia,historia
413,11,de,de
413,12,su,su
413,13,padre,padre
414,0,He,he
414,1,aquí,aqu
414,2,la,la
414,3,historia,historia
415,0,He,he
415,1,aquí,aqu
415,2,el,el
415,3,nombre,nombre
415,4,de,de
415,5,Hun-Hunahpú,hunhunahp
415,7,así,as
415,8,llamado,llamado
416,0,Sus,sus
416,1,padres,padres
416,2,eran,eran
416,3,Ixpiyacoc,ixpiyacoc
416,4,e,e
416,5,Ixmucané,ixmucan
417,0,De,de
417,1,ellos,ellos
417,2,nacieron,nacieron
417,4,durante,durante
417,5,la,la
417,6,noche,noche
417,8,Hun-Hunahpú,hunhunahp
417,9,y,y
417,10,Vucub-Hunahpú,vucubhunahp
417,12,de,de
417,13,Ixpiacoc,ixpiacoc
417,14,e,e
417,15,Ixmucané,ixmucan
419,0,Ahora,ahora
419,1,bien,bien
419,3,Hun-Hunahpú,hunhunahp
419,4,había,haba
419,5,engendrado,engendrado
419,6,y,y
419,7,tenía,tena
419,8,dos,dos
419,9,hijos,hijos
419,11,y,y
419,12,de,de
419,13,estos,estos
419,14,dos,dos
419,15,hijos,hijos
419,17,el,el
419,18,primero,primero
419,19,se,se
419,20,llamaba,llamaba
419,21,Hunbatz,hunbatz
419,22,y,y
419,23,el,el
419,24,segundo,segundo
419,25,Hunchouén,hunchoun
420,0,La,la
420,1,madre,madre
420,2,de,de
420,3,éstos,stos
420,4,se,se
420,5,llamaba,llamaba
420,6,Ixbaquiyalo,ixbaquiyalo
420,8,así,as
420,9,se,se
420,10,llamaba,llamaba
420,11,la,la
420,12,mujer,mujer
420,13,de,de
420,14,Hun-Hunahpú,hunhunahp
421,0,Y,y
421,1,el,el
421,2,otro,otro
421,3,Vucub-Hunahpú,vucubhunahp
421,4,no,no
421,5,tenía,tena
421,6,mujer,mujer
421,8,era,era
421,9,soltero,soltero
422,0,Estos,estos
422,1,dos,dos
422,2,hijos,hijos
422,4,por,por
422,5,su,su
422,6,naturaleza,naturaleza
422,8,eran,eran
422,9,grandes,grandes
422,10,sabios,sabios
422,11,y,y
422,12,grande,grande
422,13,era,era
422,14,su,su
422,15,sabiduría,sabidura
422,17,eran,eran
422,18,adivinos,adivinos
422,19,aquí,aqu
422,20,en,en
422,21,la,la
422,22,tierra,tierra
422,24,de,de
422,25,buena,buena
422,26,índole,ndole
422,27,y,y
422,28,buenas,buenas
422,29,costumbres,costumbres
423,0,Todas,todas
423,1,las,las
423,2,artes,artes
423,3,les,les
423,4,fueron,fueron
423,5,enseñadas,enseadas
423,6,a,a
423,7,Hunbatz,hunbatz
423,8,y,y
423,9,Hunchouén,hunchoun
423,11,los,los
423,12,hijos,hijos
423,13,de,de
423,14,Hun-Hunahpú,hunhunahp
424,0,Eran,eran
424,1,flautistas,flautistas
424,3,cantores,cantores
424,5,tiradores,tiradores
424,6,con,con
424,7,cerbatana,cerbatana
424,9,pintores,pintores
424,11,escultores,escultores
424,13,joyeros,joyeros
424,15,plateros,plateros
424,17,esto,esto
424,18,eran,eran
424,19,Hunbatz,hunbatz
424,20,y,y
424,21,Hunchouén,hunchoun
425,0,Ahora,ahora
425,1,bien,bien
425,3,Hun-Hunahpú,hunhunahp
425,4,y,y
425,5,Vucub-Hunahpú,vucubhunahp
425,6,se,se
425,7,ocupaban,ocupaban
425,8,solamente,solamente
425,9,de,de
425,10,jugar,jugar
425,11,a,a
425,12,los,los
425,13,dados,dados
425,14,y,y
425,15,a,a
425,16,la,la
425,17,pelota,pelota
425,18,todos,todos
425,19,los,los
425,20,días,das
425,22,y,y
425,23,de,de
425,24,dos,dos
425,25,en,en
425,26,dos,dos
425,27,se,se
425,28,disputaban,disputaban
425,29,los,los
425,30,cuatro,cuatro
425,31,cuando,cuando
425,32,se,se
425,33,reunían,reunan
425,34,en,en
425,35,el,el
425,36,juego,juego
425,37,de,de
425,38,la,la
425,39,pelota,pelota
426,0,Allí,all
426,1,venía,vena
426,2,observarlos,observarlos
426,3,el,el
426,4,Voc,voc
426,6,el,el
426,7,mensajero,mensajero
426,8,de,de
426,9,Huracán,huracn
426,11,de,de
426,12,Chipi-Caculhá,chipicaculh
426,14,de,de
426,15,Raxa-Caculhá,raxacaculh
426,17,pero,pero
426,18,este,este
426,19,Voc,voc
426,20,nos,nos
426,21,se,se
426,22,quedaba,quedaba
426,23,lejos,lejos
426,24,de,de
426,25,la,la
426,26,tierra,tierra
426,28,ni,ni
426,29,lejos,lejos
426,30,de,de
426,31,Xibalbá,xibalb
426,33,y,y
426,34,en,en
426,35,un,un
426,36,instante,instante
426,37,subía,suba
426,38,al,al
426,39,cíelo,celo
426,40,al,al
426,41,lado,lado
426,42,de,de
426,43,Huracán,huracn
427,0,Estaban,estaban
427,1,todavía,todava
427,2,aquí,aqu
427,3,en,en
427,4,la,la
427,5,tierra,tierra
427,6,cuando,cuando
427,7,murió,muri
427,8,la,la
427,9,madre,madre
427,10,de,de
427,11,Hunbatz,hunbatz
427,12,y,y
427,13,Hunchouén,hunchoun
428,0,Y,y
428,1,habiendo,habiendo
428,2,ido,ido
428,3,a,a
428,4,jugar,jugar
428,5,a,a
428,6,la,la
428,7,pelota,pelota
428,8,en,en
428,9,el,el
428,10,camino,camino
428,11,de,de
428,12,Xibalbá,xibalb
428,14,los,los
428,15,oyeron,oyeron
428,16,Hun-Camé,huncam
428,17,y,y
428,18,Vucub-,vucub
428,19,Camé,cam
428,21,los,los
428,22,Señores,seores
428,23,de,de
428,24,Xibalbá,xibalb
429,2,Qué,qu
429,3,están,estn
429,4,haciendo,haciendo
429,5,sobre,sobre
429,6,la,la
429,7,tierra,tierra
430,1,Quiénes,quines
430,2,son,son
430,3,los,los
430,4,que,que
430,5,la,la
430,6,hacen,hacen
430,7,temblar,temblar
430,8,y,y
430,9,hacen,hacen
430,10,tanto,tanto
430,11,ruido,ruido
431,1,Que,que
431,2,vayan,vayan
431,3,a,a
431,4,llamarlos,llamarlos
431,7,Que,que
431,8,vengan,vengan
431,9,a,a
431,10,jugar,jugar
431,11,aquí,aqu
431,12,a,a
431,13,la,la
431,14,pelota,pelota
431,16,donde,donde
431,17,los,los
431,18,venceremos,venceremos
432,0,Ya,ya
432,1,no,no
432,2,somos,somos
432,3,respetados,respetados
432,4,por,por
432,5,ellos,ellos
432,7,ya,ya
432,8,no,no
432,9,tienen,tienen
432,10,consideración,consideracin
432,11,ni,ni
432,12,miedo,miedo
432,13,a,a
432,14,nuestra,nuestra
432,15,categoría,categora
432,17,y,y
432,18,hasta,hasta
432,19,se,se
432,20,ponen,ponen
432,21,a,a
432,22,pelear,pelear
432,23,sobre,sobre
432,24,nuestras,nuestras
432,25,cabezas,cabezas
432,27,dijeron,dijeron
432,28,todos,todos
432,29,los,los
432,30,de,de
432,31,Xibalbá,xibalb
433,0,En,en
433,1,seguida,seguida
433,2,entraron,entraron
433,3,todos,todos
433,4,en,en
433,5,consejo,consejo
434,0,Los,los
434,1,llamados,llamados
434,2,Hun-Camé,huncam
434,3,y,y
434,4,Vucub-Camé,vucubcam
434,5,eran,eran
434,6,los,los
434,7,jueces,jueces
434,8,supremos,supremos
435,0,A,a
435,1,todos,todos
435,2,los,los
435,3,Señores,seores
435,4,les,les
435,5,señalaban,sealaban
435,6,susfunciones,susfunciones
435,7,Hun-Camé,huncam
435,8,y,y
435,9,Vucub-Camé,vucubcam
435,10,y,y
435,11,a,a
435,12,cada,cada
435,13,uno,uno
435,14,le,le
435,15,señalaban,sealaban
435,16,sus,sus
435,17,atribuciones,atribuciones
436,0,Xiquíripat,xiquripat
436,1,y,y
436,2,Cuchumacuic,cuchumacuic
436,4,eran,eran
436,5,los,los
436,6,Señores,seores
436,7,de,de
436,8,estos,estos
436,9,nombres,nombres
437,0,Estos,estos
437,1,son,son
437,2,los,los
437,3,que,que
437,4,causan,causan
437,5,los,los
437,6,derrames,derrames
437,7,de,de
437,8,sangre,sangre
437,9,de,de
437,10,los,los
437,11,hombres,hombres
438,0,Otros,otros
438,1,se,se
438,2,llamaban,llamaban
438,3,Ahalpuh,ahalpuh
438,4,y,y
438,5,Ahalganá,ahalgan
438,7,también,tambin
438,8,Señores,seores
439,0,Y,y
439,1,el,el
439,2,oficio,oficio
439,3,de,de
439,4,éstos,stos
439,5,era,era
439,6,hinchar,hinchar
439,7,a,a
439,8,los,los
439,9,hombres,hombres
439,11,hacerles,hacerles
439,12,brotar,brotar
439,13,pus,pus
439,14,de,de
439,15,las,las
439,16,piernas,piernas
439,17,y,y
439,18,teñirles,teirles
439,19,de,de
439,20,amarillo,amarillo
439,21,la,la
439,22,cara,cara
439,24,Io,io
439,25,que,que
439,26,se,se
439,27,llama,llama
439,28,Chuganal,chuganal
440,0,Tal,tal
440,1,era,era
440,2,el,el
440,3,oficio,oficio
440,4,de,de
440,5,Ahalpuh,ahalpuh
440,6,y,y
440,7,Ahalganá,ahalgan
441,0,Otros,otros
441,1,eran,eran
441,2,el,el
441,3,Señor,seor
441,4,Chamiahac,chamiahac
441,5,y,y
441,6,el,el
441,7,Señor,seor
441,8,Chami-aholom,chamiaholom
441,10,alguaciles,alguaciles
441,11,de,de
441,12,Xibalbá,xibalb
441,14,cuyas,cuyas
441,15,varas,varas
441,16,eran,eran
441,17,de,de
441,18,hueso,hueso
442,0,La,la
442,1,ocupación,ocupacin
442,2,de,de
442,3,éstos,stos
442,4,era,era
442,5,enflaquecer,enflaquecer
442,6,a,a
442,7,los,los
442,8,hombres,hombres
442,9,hasta,hasta
442,10,que,que
442,11,los,los
442,12,volvían,volvan
442,13,sólo,slo
442,14,huesos,huesos
442,15,y,y
442,16,calaveras,calaveras
442,17,y,y
442,18,se,se
442,19,morían,moran
442,20,y,y
442,21,se,se
442,22,los,los
442,23,llevaban,llevaban
442,24,con,con
442,25,el,el
442,26,vientre,vientre
442,27,y,y
442,28,los,los
442,29,huesos,huesos
442,30,estirados,estirados
443,0,Tal,tal
443,1,era,era
443,2,el,el
443,3,oficio,oficio
443,4,de,de
443,5,Chamiabac,chamiabac
443,6,y,y
443,7,Chamiaho-lom,chamiaholom
443,9,así,as
443,10,llamados,llamados
444,0,Otros,otros
444,1,se,se
444,2,llamaban,llamaban
444,3,el,el
444,4,Señor,seor
444,5,Ahalmez,ahalmez
444,6,y,y
444,7,el,el
444,8,Señor,seor
444,9,Ahaltocob,ahaltocob
445,0,El,el
445,1,oficio,oficio
445,2,de,de
445,3,éstos,stos
445,4,era,era
445,5,hacer,hacer
445,6,que,que
445,7,a,a
445,8,los,los
445,9,hombres,hombres
445,10,les,les
445,11,sucediera,sucediera
445,12,alguna,alguna
445,13,desgracia,desgracia
445,15,ya,ya
445,16,cuando,cuando
445,17,iban,iban
445,18,para,para
445,19,la,la
445,20,casa,casa
445,22,o,o
445,23,frente,frente
445,24,a,a
445,25,ella,ella
445,27,y,y
445,28,que,que
445,29,los,los
445,30,encontraran,encontraran
445,31,heridos,heridos
445,33,tendidos,tendidos
445,34,boca,boca
445,35,arriba,arriba
445,36,en,en
445,37,el,el
445,38,suelo,suelo
445,39,y,y
445,40,muertos,muertos
446,0,Tal,tal
446,1,era,era
446,2,el,el
446,3,oficio,oficio
446,4,de,de
446,5,Ahalmez,ahalmez
446,6,y,y
446,7,Ahaltocob,ahaltocob
446,9,como,como
446,10,les,les
446,11,llamaban,llamaban
447,0,Venían,venan
447,1,en,en
447,2,seguida,seguida
447,3,otros,otros
447,4,Señores,seores
447,5,llamados,llamados
447,6,Xic,xic
447,7,y,y
447,8,Patán,patn
447,10,cuyo,cuyo
447,11,oficio,oficio
447,12,era,era
447,13,causar,causar
447,14,la,la
447,15,muerte,muerte
447,16,a,a
447,17,los,los
447,18,hombres,hombres
447,19,en,en
447,20,los,los
447,21,caminos,caminos
447,23,lo,lo
447,24,que,que
447,25,se,se
447,26,llama,llama
447,27,muerte,muerte
447,28,repentina,repentina
447,30,haciéndoles,hacindoles
447,31,llegar,llegar
447,32,la,la
447,33,sangre,sangre
447,34,a,a
447,35,la,la
447,36,boca,boca
447,37,hasta,hasta
447,38,que,que
447,39,morían,moran
447,40,vomitando,vomitando
447,41,sangre,sangre
448,0,El,el
448,1,oficio,oficio
448,2,de,de
448,3,cada,cada
448,4,uno,uno
448,5,de,de
448,6,estos,estos
448,7,Señores,seores
448,8,era,era
448,9,cargar,cargar
448,10,con,con
448,11,ellos,ellos
448,13,oprimirles,oprimirles
448,14,la,la
448,15,garganta,garganta
448,16,y,y
448,17,el,el
448,18,pecho,pecho
448,19,para,para
448,20,que,que
448,21,los,los
448,22,hombres,hombres
448,23,murieran,murieran
448,24,en,en
448,25,los,los
448,26,caminos,caminos
448,28,haciéndoles,hacindoles
448,29,llegar,llegar
448,31,la,la
448,32,sangre,sangre
448,34,a,a
448,35,la,la
448,36,garganta,garganta
448,37,cuando,cuando
448,38,caminaban,caminaban
449,0,Este,este
449,1,era,era
449,2,el,el
449,3,oficio,oficio
449,4,de,de
449,5,Xic,xic
449,6,y,y
449,7,Patán,patn
450,0,Y,y
450,1,habiéndose,habindose
450,2,reunido,reunido
450,3,en,en
450,4,consejo,consejo
450,6,trataron,trataron
450,7,de,de
450,8,la,la
450,9,manera,manera
450,10,de,de
450,11,atormentar,atormentar
450,12,y,y
450,13,castigar,castigar
450,14,a,a
450,15,Hun-,hun
450,16,Hunahpú,hunahp
450,17,y,y
450,18,a,a
450,19,Vucub-Hunahpú,vucubhunahp
451,0,Lo,lo
451,1,que,que
451,2,deseaban,deseaban
451,3,los,los
451,4,de,de
451,5,Xibalbá,xibalb
451,6,eran,eran
451,7,los,los
451,8,instrumentos,instrumentos
451,9,de,de
451,10,juego,juego
451,11,de,de
451,12,Hun-Hunahpú,hunhunahp
451,13,y,y
451,14,Vucub,vucub
451,15,Hunahpú,hunahp
451,17,sus,sus
451,18,cueros,cueros
451,20,sus,sus
451,21,anillos,anillos
451,23,sus,sus
451,24,guantes,guantes
451,26,la,la
451,27,corona,corona
451,28,y,y
451,29,la,la
451,30,máscara,mscara
451,32,que,que
451,33,eran,eran
451,34,los,los
451,35,adornos,adornos
451,36,de,de
451,37,Hun-Hunahpú,hunhunahp
451,38,y,y
451,39,Vucub-Hunahpú,vucubhunahp
452,0,Ahora,ahora
452,1,contaremos,contaremos
452,2,su,su
452,3,ida,ida
452,4,a,a
452,5,Xibalbá,xibalb
452,6,y,y
452,7,cómo,cmo
452,8,dejaron,dejaron
452,9,tras,tras
452,10,de,de
452,11,ellos,ellos
452,12,a,a
452,13,los,los
452,14,hijos,hijos
452,15,de,de
452,16,Hun-Hunahpú,hunhunahp
452,18,Hunbatz,hunbatz
452,19,y,y
452,20,Chouén,choun
452,22,cuya,cuya
452,23,madre,madre
452,24,había,haba
452,25,muerto,muerto
453,0,Luego,luego
453,1,diremos,diremos
453,2,cómo,cmo
453,3,Hunbatz,hunbatz
453,4,y,y
453,5,Hunchouén,hunchoun
453,6,fueron,fueron
453,7,vencidos,vencidos
453,8,por,por
453,9,Hunahpú,hunahp
453,10,e,e
453,11,Ixbalanqué,ixbalanqu
454,0,En,en
454,1,seguida,seguida
454,2,fue,fue
454,3,la,la
454,4,venida,venida
454,5,de,de
454,6,los,los
454,7,mensajeros,mensajeros
454,8,de,de
454,9,Hun-Camé,huncam
454,10,y,y
454,11,Vucub-Camé,vucubcam
455,1,Id,id
455,3,les,les
455,4,dijeron,dijeron
455,6,Ahpop,ahpop
455,7,Achih,achih
455,9,id,id
455,10,a,a
455,11,llamar,llamar
455,12,a,a
455,13,Hun-Hunahpú,hunhunahp
455,14,y,y
455,15,Vucub-Hunahpú,vucubhunahp
456,1,Venid,venid
456,2,con,con
456,3,nosotros,nosotros
456,6,les,les
456,7,diréis,diris
457,1,Dicen,dicen
457,2,los,los
457,3,Señores,seores
457,4,que,que
457,5,vengáis,vengis
458,0,Que,que
458,1,vengan,vengan
458,2,aquí,aqu
458,3,a,a
458,4,jugar,jugar
458,5,a,a
458,6,la,la
458,7,pelota,pelota
458,8,con,con
458,9,nosotros,nosotros
458,11,para,para
458,12,que,que
458,13,con,con
458,14,ellos,ellos
458,15,se,se
458,16,alegren,alegren
458,17,nuestras,nuestras
458,18,caras,caras
458,20,porque,porque
458,21,verdaderamente,verdaderamente
458,22,nos,nos
458,23,causan,causan
458,24,admiración,admiracin
459,0,Así,as
459,2,pues,pues
459,4,que,que
459,5,vengan,vengan
459,7,dijeron,dijeron
459,8,los,los
459,9,Señores,seores
460,0,Y,y
460,1,que,que
460,2,traigan,traigan
460,3,acá,ac
460,4,sus,sus
460,5,instrumentos,instrumentos
460,6,de,de
460,7,juego,juego
460,9,sus,sus
460,10,anillos,anillos
460,12,sus,sus
460,13,guantes,guantes
460,15,y,y
460,16,que,que
460,17,traigan,traigan
460,18,también,tambin
460,19,sus,sus
460,20,pelotas,pelotas
460,21,de,de
460,22,caucho,caucho
460,24,dijeron,dijeron
460,25,los,los
460,26,Señores,seores
461,1,Venid,venid
461,2,pronto,pronto
461,4,les,les
461,5,diréis,diris
461,8,les,les
461,9,fue,fue
461,10,dicho,dicho
461,11,a,a
461,12,los,los
461,13,mensajeros,mensajeros
462,0,Y,y
462,1,estos,estos
462,2,mensajeros,mensajeros
462,3,eran,eran
462,4,buhos,buhos
462,6,Chabi-Tucur,chabitucur
462,8,Hu-racán-Tucur,huracntucur
462,10,Caquix-Tucur,caquixtucur
462,11,y,y
462,12,Holom-Tucur,holomtucur
463,0,Así,as
463,1,se,se
463,2,llamaban,llamaban
463,3,los,los
463,4,mensajeros,mensajeros
463,5,de,de
463,6,Xibalbá,xibalb
464,0,Chabi-Tucur,chabitucur
464,1,era,era
464,2,veloz,veloz
464,3,como,como
464,4,una,una
464,5,flecha,flecha
464,7,Hura-cán-Tucur,huracntucur
464,8,tenía,tena
464,9,solamente,solamente
464,10,una,una
464,11,pierna,pierna
464,13,Caquix-,caquix
464,14,Tucur,tucur
464,15,tenía,tena
464,16,la,la
464,17,espalda,espalda
464,18,roja,roja
464,19,y,y
464,20,Holom-Tucur,holomtucur
464,21,solamente,solamente
464,22,tenía,tena
464,23,cabeza,cabeza
464,25,no,no
464,26,tenía,tena
464,27,piernas,piernas
464,29,pero,pero
464,30,sí,s
464,31,tenía,tena
464,32,alas,alas
465,0,Los,los
465,1,cuatro,cuatro
465,2,mensajeros,mensajeros
465,3,tenían,tenan
465,4,la,la
465,5,dignidad,dignidad
465,6,de,de
465,7,Ahpop-Achih,ahpopachih
465,9,Saliendo,saliendo
465,10,de,de
465,11,Xibalbá,xibalb
465,12,llegaron,llegaron
465,13,rápida-,rpida
465,14,mente,mente
465,16,llevando,llevando
465,17,su,su
465,18,mensaje,mensaje
465,20,al,al
465,21,patio,patio
465,22,donde,donde
465,23,estaban,estaban
465,24,jugando,jugando
465,25,a,a
465,26,la,la
465,27,pelota,pelota
465,28,Hun-Hunahpú,hunhunahp
465,29,y,y
465,30,Vucub-,vucub
465,31,Hunahpú,hunahp
465,33,en,en
465,34,el,el
465,35,juego,juego
465,36,de,de
465,37,pelota,pelota
465,38,que,que
465,39,se,se
465,40,llamaba,llamaba
465,41,Nim-Xob,nimxob
465,42,Carchah,carchah
466,0,Los,los
466,1,buhos,buhos
466,2,mensajeros,mensajeros
466,3,se,se
466,4,dirigieron,dirigieron
466,5,al,al
466,6,juego,juego
466,7,de,de
466,8,la,la
466,9,pelota,pelota
466,10,y,y
466,11,presentaron,presentaron
466,12,su,su
466,13,mensaje,mensaje
466,15,precisamente,precisamente
466,16,en,en
466,17,el,el
466,18,orden,orden
466,19,en,en
466,20,que,que
466,21,se,se
466,22,lo,lo
466,23,dieron,dieron
466,24,Hun-Camé,huncam
466,26,Vucub-Camé,vucubcam
466,28,Ahalpuh,ahalpuh
466,30,Ahalganá,ahalgan
466,32,Chamiabac,chamiabac
466,34,Chamiaho-lom,chamiaholom
466,36,Xiquiripat,xiquiripat
466,38,Cuchumaquic,cuchumaquic
466,40,Ahalmez,ahalmez
466,42,Ahaltoco,ahaltoco
466,44,Xic,xic
466,45,y,y
466,46,Patán,patn
466,48,que,que
466,49,así,as
466,50,se,se
466,51,llamaban,llamaban
466,52,los,los
466,53,Señores,seores
466,54,que,que
466,55,enviaban,enviaban
466,56,su,su
466,57,recado,recado
466,58,por,por
466,59,medio,medio
466,60,de,de
466,61,los,los
466,62,buhos,buhos
467,2,De,de
467,3,veras,veras
467,4,han,han
467,5,hablado,hablado
467,6,asilos,asilos
467,7,Señores,seores
467,8,Hun-Came,huncame
467,9,y,y
467,10,Vucub-Camé,vucubcam
468,0,Ciertamente,ciertamente
468,1,han,han
468,2,hablado,hablado
468,3,así,as
468,4,y,y
468,5,nosotros,nosotros
468,6,os,os
468,7,tenemos,tenemos
468,8,que,que
468,9,acompañar,acompaar
469,2,Que,que
469,3,traigan,traigan
469,4,todos,todos
469,5,sus,sus
469,6,instrumentos,instrumentos
469,7,para,para
469,8,el,el
469,9,juegos,juegos
469,12,han,han
469,13,dicho,dicho
469,14,los,los
469,15,Señores,seores
470,1,Está,est
470,2,bien,bien
470,4,dijeron,dijeron
470,5,los,los
470,6,jóvenes,jvenes
471,0,Aguardadnos,aguardadnos
471,2,sólo,slo
471,3,vamos,vamos
471,4,a,a
471,5,despedimos,despedimos
471,6,de,de
471,7,nuestra,nuestra
471,8,madre,madre
472,0,Y,y
472,1,habiéndose,habindose
472,2,dirigido,dirigido
472,3,hacia,hacia
472,4,su,su
472,5,casa,casa
472,7,le,le
472,8,dijeron,dijeron
472,9,a,a
472,10,su,su
472,11,madre,madre
472,13,pues,pues
472,14,su,su
472,15,padre,padre
472,16,ya,ya
472,17,era,era
472,18,muerto,muerto
472,21,Nos,nos
472,22,vamos,vamos
472,24,madre,madre
472,25,nuestra,nuestra
472,27,pero,pero
472,28,en,en
472,29,vano,vano
472,30,será,ser
472,31,nuestra,nuestra
472,32,ida,ida
473,0,Los,los
473,1,mensajeros,mensajeros
473,2,del,del
473,3,Señor,seor
473,4,han,han
473,5,venido,venido
473,6,a,a
473,7,llevarnos,llevarnos
474,1,Que,que
474,2,vengan,vengan
474,4,han,han
474,5,dicho,dicho
474,7,según,segn
474,8,manifiestan,manifiestan
474,9,los,los
474,10,enviados,enviados
475,1,Aquí,aqu
475,2,se,se
475,3,quedará,quedar
475,4,en,en
475,5,prenda,prenda
475,6,nuestra,nuestra
475,7,pelota,pelota
475,9,agregaron,agregaron
476,0,En,en
476,1,seguida,seguida
476,2,la,la
476,3,fueron,fueron
476,4,a,a
476,5,colgar,colgar
476,6,en,en
476,7,el,el
476,8,hueco,hueco
476,9,que,que
476,10,hada,hada
476,11,el,el
476,12,techo,techo
476,13,de,de
476,14,la,la
476,15,casa,casa
477,0,Luego,luego
477,1,dijeron,dijeron
477,4,Ya,ya
477,5,volveremos,volveremos
477,6,a,a
477,7,jugar,jugar
478,0,Y,y
478,1,dirigiéndose,dirigindose
478,2,a,a
478,3,Hunbatz,hunbatz
478,4,y,y
478,5,Hun-chouén,hunchoun
478,6,les,les
478,7,dijeron,dijeron
478,10,Vosotros,vosotros
478,11,ocupaos,ocupaos
478,12,de,de
478,13,tocar,tocar
478,14,la,la
478,15,flauta,flauta
478,16,y,y
478,17,de,de
478,18,cantar,cantar
478,20,de,de
478,21,pintar,pintar
478,23,de,de
478,24,esculpir,esculpir
478,26,calentad,calentad
478,27,nuestra,nuestra
478,28,casa,casa
478,29,y,y
478,30,calentad,calentad
478,31,el,el
478,32,corazón,corazn
478,33,de,de
478,34,vuestra,vuestra
478,35,abuela,abuela
479,0,Cuando,cuando
479,1,se,se
479,2,despidieron,despidieron
479,3,de,de
479,4,su,su
479,5,madre,madre
479,7,se,se
479,8,enterneció,enterneci
479,9,Ixmu-cané,ixmucan
479,10,y,y
479,11,echó,ech
479,12,a,a
479,13,llorar,llorar
480,0,—No,no
480,1,os,os
480,2,aflijáis,aflijis
480,4,nosotros,nosotros
480,5,nos,nos
480,6,vamos,vamos
480,7,pero,pero
480,8,todavía,todava
480,9,no,no
480,10,hemos,hemos
480,11,muerto,muerto
480,13,dijeron,dijeron
480,14,al,al
480,15,partir,partir
480,16,Hun-Hunahpú,hunhunahp
480,17,y,y
480,18,Vucub-,vucub
480,19,Hunahpú,hunahp
481,0,En,en
481,1,seguida,seguida
481,2,se,se
481,3,fueron,fueron
481,4,Hun-Hunahpú,hunhunahp
481,5,y,y
481,6,Vucub-Hunahpú,vucubhunahp
481,7,y,y
481,8,los,los
481,9,mensajeros,mensajeros
481,10,los,los
481,11,llevaban,llevaban
481,12,por,por
481,13,el,el
481,14,camino,camino
482,0,Así,as
482,1,fueron,fueron
482,2,bajando,bajando
482,3,por,por
482,4,el,el
482,5,camino,camino
482,6,de,de
482,7,Xibalbá,xibalb
482,9,por,por
482,10,unas,unas
482,11,escaleras,escaleras
482,12,muy,muy
482,13,inclinadas,inclinadas
483,0,Fueron,fueron
483,1,bajando,bajando
483,2,hasta,hasta
483,3,que,que
483,4,llegaron,llegaron
483,5,a,a
483,6,la,la
483,7,orilla,orilla
483,8,de,de
483,9,un,un
483,10,río,ro
483,11,que,que
483,12,corría,corra
483,13,rápidamente,rpidamente
483,14,entre,entre
483,15,los,los
483,16,barrancos,barrancos
483,17,llamados,llamados
483,18,Nu,nu
483,19,zivan,zivan
483,20,cul,cul
483,21,y,y
483,22,Cuzivan,cuzivan
483,24,y,y
483,25,pasaron,pasaron
483,26,por,por
483,27,ellos,ellos
484,0,Luego,luego
484,1,pasaron,pasaron
484,2,por,por
484,3,el,el
484,4,río,ro
484,5,que,que
484,6,corre,corre
484,7,entre,entre
484,8,jícaros,jcaros
484,9,espinosos,espinosos
485,0,Los,los
485,1,jícaros,jcaros
485,2,eran,eran
485,3,innumerables,innumerables
485,5,pero,pero
485,6,ellos,ellos
485,7,pasaron,pasaron
485,8,sin,sin
485,9,lastimarse,lastimarse
486,0,Luego,luego
486,1,llegaron,llegaron
486,2,a,a
486,3,la,la
486,4,orilla,orilla
486,5,de,de
486,6,un,un
486,7,río,ro
486,8,de,de
486,9,sangre,sangre
486,10,y,y
486,11,lo,lo
486,12,atravesaron,atravesaron
486,13,sin,sin
486,14,beber,beber
486,15,sus,sus
486,16,aguas,aguas
486,18,llegaron,llegaron
486,19,a,a
486,20,otro,otro
486,21,río,ro
486,22,solamente,solamente
486,23,de,de
486,24,agua,agua
486,25,y,y
486,26,no,no
486,27,fueron,fueron
486,28,vencidos,vencidos
487,0,Pasaron,pasaron
487,1,adelante,adelante
487,2,hasta,hasta
487,3,que,que
487,4,llegaron,llegaron
487,5,a,a
487,6,donde,donde
487,7,se,se
487,8,juntaban,juntaban
487,9,cuatro,cuatro
487,10,caminos,caminos
487,11,y,y
487,12,allí,all
487,13,fueron,fueron
487,14,vencidos,vencidos
487,16,en,en
487,17,el,el
487,18,cruce,cruce
487,19,de,de
487,20,los,los
487,21,cuatro,cuatro
487,22,caminos,caminos
488,0,De,de
488,1,estos,estos
488,2,cuatro,cuatro
488,3,caminos,caminos
488,5,uno,uno
488,6,era,era
488,7,rojo,rojo
488,9,otro,otro
488,10,negro,negro
488,12,otro,otro
488,13,blanco,blanco
488,14,y,y
488,15,otro,otro
488,16,amarillo,amarillo
489,0,Y,y
489,1,el,el
489,2,camino,camino
489,3,negro,negro
489,4,les,les
489,5,habló,habl
489,6,de,de
489,7,esta,esta
489,8,manera,manera
489,11,Yo,yo
489,12,soy,soy
489,13,el,el
489,14,que,que
489,15,debéis,debis
489,16,tomar,tomar
489,17,porque,porque
489,18,yo,yo
489,19,soy,soy
489,20,el,el
489,21,camino,camino
489,22,del,del
489,23,Señor,seor
490,0,Así,as
490,1,habló,habl
490,2,el,el
490,3,camino,camino
491,0,Y,y
491,1,allí,all
491,2,fueron,fueron
491,3,vencidos,vencidos
492,0,Los,los
492,1,llevaron,llevaron
492,2,por,por
492,3,el,el
492,4,camino,camino
492,5,de,de
492,6,Xibalbá,xibalb
492,7,y,y
492,8,cuándo,cundo
492,9,llegaron,llegaron
492,10,a,a
492,11,la,la
492,12,sala,sala
492,13,del,del
492,14,consejo,consejo
492,15,de,de
492,16,los,los
492,17,Señores,seores
492,18,de,de
492,19,Xibalbá,xibalb
492,20,ya,ya
492,21,habían,haban
492,22,perdido,perdido
492,23,la,la
492,24,partida,partida
493,0,Ahora,ahora
493,1,bien,bien
493,3,los,los
493,4,primeros,primeros
493,5,que,que
493,6,estaban,estaban
493,7,allí,all
493,8,sentados,sentados
493,9,eran,eran
493,10,solamente,solamente
493,11,muñecos,muecos
493,13,hechos,hechos
493,14,de,de
493,15,palo,palo
493,17,arreglados,arreglados
493,18,por,por
493,19,los,los
493,20,de,de
493,21,Xibalbá,xibalb
494,0,A,a
494,1,éstos,stos
494,2,los,los
494,3,saludaron,saludaron
494,4,primero,primero
494,8,Cómo,cmo
494,9,estáis,estis
494,11,Hun-Camé,huncam
494,14,le,le
494,15,dijeron,dijeron
494,16,al,al
494,17,muñeco,mueco
495,2,Cómo,cmo
495,3,estáis,estis
495,5,Vucub-Camé,vucubcam
495,8,le,le
495,9,dijeron,dijeron
495,10,al,al
495,11,hombre,hombre
495,12,de,de
495,13,palo,palo
496,0,Pero,pero
496,1,éstos,stos
496,2,no,no
496,3,les,les
496,4,respondieron,respondieron
497,0,Al,al
497,1,punto,punto
497,2,soltaron,soltaron
497,3,la,la
497,4,carcajada,carcajada
497,5,los,los
497,6,Señores,seores
497,7,de,de
497,8,Xibalbá,xibalb
497,9,y,y
497,10,todos,todos
497,11,los,los
497,12,demás,dems
497,13,Señores,seores
497,14,se,se
497,15,pusieron,pusieron
497,16,a,a
497,17,reír,rer
497,18,ruidosamente,ruidosamente
497,20,porque,porque
497,21,sentían,sentan
497,22,que,que
497,23,ya,ya
497,24,los,los
497,25,habían,haban
497,26,vencido,vencido
497,28,que,que
497,29,habían,haban
497,30,vencido,vencido
497,31,a,a
497,32,Hun-Hunahpú,hunhunahp
497,33,y,y
497,34,Vucub-Hunahpú,vucubhunahp
498,0,Y,y
498,1,seguían,seguan
498,2,riéndose,rindose
499,0,Luego,luego
499,1,hablaron,hablaron
499,2,Hun-Camé,huncam
499,3,y,y
499,4,Vucub-Camé,vucubcam
499,7,Muy,muy
499,8,bien,bien
499,10,dijeron,dijeron
500,0,Ya,ya
500,1,vinisteis,vinisteis
501,0,Mañana,maana
501,1,preparad,preparad
501,2,la,la
501,3,máscara,mscara
501,5,vuestros,vuestros
501,6,anillos,anillos
501,7,y,y
501,8,vuestros,vuestros
501,9,guantes,guantes
501,11,les,les
501,12,dijeron,dijeron
502,1,Venid,venid
502,2,a,a
502,3,sentaros,sentaros
502,4,en,en
502,5,nuestro,nuestro
502,6,banco,banco
502,8,les,les
502,9,dijeron,dijeron
503,0,Pero,pero
503,1,el,el
503,2,banco,banco
503,3,que,que
503,4,les,les
503,5,ofrecían,ofrecan
503,6,era,era
503,7,de,de
503,8,piedra,piedra
503,9,ardiente,ardiente
503,10,y,y
503,11,en,en
503,12,el,el
503,13,banco,banco
503,14,se,se
503,15,quemaron,quemaron
504,0,Se,se
504,1,pusieron,pusieron
504,2,a,a
504,3,dar,dar
504,4,vueltas,vueltas
504,5,en,en
504,6,el,el
504,7,banco,banco
504,9,pero,pero
504,10,no,no
504,11,se,se
504,12,aliviaron,aliviaron
504,13,y,y
504,14,si,si
504,15,no,no
504,16,se,se
504,17,hubieran,hubieran
504,18,levantado,levantado
504,19,se,se
504,20,les,les
504,21,habrían,habran
504,22,quemado,quemado
504,23,las,las
504,24,asentaderas,asentaderas
505,0,Los,los
505,1,de,de
505,2,Xibalbá,xibalb
505,3,se,se
505,4,echaron,echaron
505,5,a,a
505,6,reír,rer
505,7,de,de
505,8,nuevo,nuevo
505,10,se,se
505,11,morían,moran
505,12,de,de
505,13,la,la
505,14,risa,risa
505,16,se,se
505,17,retorcían,retorcan
505,18,del,del
505,19,dolor,dolor
505,20,que,que
505,21,les,les
505,22,causaba,causaba
505,23,la,la
505,24,risa,risa
505,25,en,en
505,26,las,las
505,27,entrañas,entraas
505,29,en,en
505,30,la,la
505,31,sangre,sangre
505,32,y,y
505,33,en,en
505,34,los,los
505,35,huesos,huesos
505,37,riéndose,rindose
505,38,todos,todos
505,39,los,los
505,40,Señores,seores
505,41,de,de
505,42,Xibalbá,xibalb
506,1,Idos,idos
506,2,ahora,ahora
506,3,a,a
506,4,aquella,aquella
506,5,casa,casa
506,7,les,les
506,8,dijeron,dijeron
506,10,allí,all
506,11,se,se
506,12,os,os
506,13,llevará,llevar
506,14,vuestra,vuestra
506,15,raja,raja
506,16,de,de
506,17,ocote,ocote
506,18,y,y
506,19,vuestro,vuestro
506,20,cigarro,cigarro
506,21,y,y
506,22,allí,all
506,23,dormiréis,dormiris
507,0,En,en
507,1,seguida,seguida
507,2,llegaron,llegaron
507,3,a,a
507,4,la,la
507,5,Casa,casa
507,6,Oscura,oscura
508,0,No,no
508,1,había,haba
508,2,más,ms
508,3,que,que
508,4,tinieblas,tinieblas
508,5,en,en
508,6,el,el
508,7,interior,interior
508,8,de,de
508,9,la,la
508,10,casa,casa
509,0,Mientras,mientras
509,1,tanto,tanto
509,3,los,los
509,4,Señores,seores
509,5,de,de
509,6,Xibalbá,xibalb
509,7,discurrían,discurran
509,8,lo,lo
509,9,que,que
509,10,debían,deban
509,11,hacer,hacer
510,1,Sacrifiquémoslos,sacrifiqumoslos
510,2,mañana,maana
510,4,que,que
510,5,mueran,mueran
510,6,pronto,pronto
510,8,pronto,pronto
510,10,para,para
510,11,que,que
510,12,sus,sus
510,13,instrumentos,instrumentos
510,14,de,de
510,15,juego,juego
510,16,nos,nos
510,17,sirvan,sirvan
510,18,a,a
510,19,nosotros,nosotros
510,20,para,para
510,21,jugar,jugar
510,23,dijeron,dijeron
510,24,entre,entre
510,25,sí,s
510,26,los,los
510,27,Señores,seores
510,28,de,de
510,29,Xibalbá,xibalb
511,0,Ahora,ahora
511,1,bien,bien
511,3,su,su
511,4,ocote,ocote
511,5,era,era
511,6,una,una
511,7,punta,punta
511,8,redonda,redonda
511,9,de,de
511,10,pedernal,pedernal
511,11,del,del
511,12,que,que
511,13,llaman,llaman
511,14,zaquitoc,zaquitoc
511,16,éste,ste
511,17,es,es
511,18,el,el
511,19,pino,pino
511,20,de,de
511,21,Xibalbá,xibalb
512,0,Su,su
512,1,ocote,ocote
512,2,era,era
512,3,puntiagudo,puntiagudo
512,4,y,y
512,5,afilado,afilado
512,6,y,y
512,7,brillante,brillante
512,8,como,como
512,9,hueso,hueso
512,11,muy,muy
512,12,duro,duro
512,13,era,era
512,14,el,el
512,15,pino,pino
512,16,de,de
512,17,los,los
512,18,de,de
512,19,Xibalbá,xibalb
513,0,Hun-Hunahpú,hunhunahp
513,1,y,y
513,2,Vucub-Hunahpú,vucubhunahp
513,3,entraron,entraron
513,4,a,a
513,5,la,la
513,6,Casa,casa
513,7,Oscura,oscura
514,0,Allí,all
514,1,fueron,fueron
514,2,a,a
514,3,darles,darles
514,4,su,su
514,5,ocote,ocote
514,7,un,un
514,8,solo,solo
514,9,ocote,ocote
514,10,encendido,encendido
514,11,que,que
514,12,les,les
514,13,mandaban,mandaban
514,14,Hun-Camé,huncam
514,15,y,y
514,16,Vucub-Camé,vucubcam
514,18,junto,junto
514,19,con,con
514,20,un,un
514,21,cigarro,cigarro
514,22,para,para
514,23,cada,cada
514,24,uno,uno
514,26,encendido,encendido
514,27,también,tambin
514,29,que,que
514,30,les,les
514,31,mandaban,mandaban
514,32,los,los
514,33,Señores,seores
515,0,Esto,esto
515,1,fueron,fueron
515,2,a,a
515,3,darles,darles
515,4,a,a
515,5,Hun-,hun
515,6,Hunahpú,hunahp
515,7,y,y
515,8,Vucub-Hunahpú,vucubhunahp
516,0,Estos,estos
516,1,se,se
516,2,hallaban,hallaban
516,3,en,en
516,4,cuclillas,cuclillas
516,5,en,en
516,6,la,la
516,7,oscuridad,oscuridad
516,8,cuando,cuando
516,9,llegaron,llegaron
516,10,los,los
516,11,portadores,portadores
516,12,del,del
516,13,ocote,ocote
516,14,y,y
516,15,los,los
516,16,cigarros,cigarros
517,0,Al,al
517,1,entrar,entrar
517,3,el,el
517,4,ocote,ocote
517,5,alumbraba,alumbraba
517,6,brillantemente,brillantemente
518,1,Que,que
518,2,enciendan,enciendan
518,3,su,su
518,4,ocote,ocote
518,5,y,y
518,6,sus,sus
518,7,cigarros,cigarros
518,8,cada,cada
518,9,uno,uno
518,11,que,que
518,12,vengan,vengan
518,13,a,a
518,14,devolverlos,devolverlos
518,15,al,al
518,16,amanecer,amanecer
518,18,pero,pero
518,19,que,que
518,20,no,no
518,21,los,los
518,22,consuman,consuman
518,24,sino,sino
518,25,que,que
518,26,los,los
518,27,devuelvan,devuelvan
518,28,enteros,enteros
518,30,esto,esto
518,31,es,es
518,32,lo,lo
518,33,que,que
518,34,os,os
518,35,mandan,mandan
518,36,decir,decir
518,37,los,los
518,38,Señores,seores
519,0,Así,as
519,1,les,les
519,2,dijeron,dijeron
520,0,Y,y
520,1,así,as
520,2,fueron,fueron
520,3,vencidos,vencidos
521,0,Su,su
521,1,ocote,ocote
521,2,se,se
521,3,consumió,consumi
521,5,y,y
521,6,asimismo,asimismo
521,7,se,se
521,8,consumieron,consumieron
521,9,los,los
521,10,cigarros,cigarros
521,11,que,que
521,12,les,les
521,13,habían,haban
521,14,dado,dado
522,0,Los,los
522,1,castigos,castigos
522,2,de,de
522,3,Xíbalbá,xbalb
522,4,eran,eran
522,5,numerosos,numerosos
522,7,eran,eran
522,8,castigos,castigos
522,9,de,de
522,10,muchas,muchas
522,11,maneras,maneras
523,0,El,el
523,1,primero,primero
523,2,era,era
523,3,la,la
523,4,Casa,casa
523,5,Oscura,oscura
523,7,Quequma-ha,quequmaha
523,9,en,en
523,10,cuyo,cuyo
523,11,interior,interior
523,12,sólo,slo
523,13,había,haba
523,14,tinieblas,tinieblas
524,0,El,el
524,1,segundo,segundo
524,2,la,la
524,3,Casa,casa
524,4,donde,donde
524,5,tiritaban,tiritaban
524,7,Xuxulim-ha,xuxulimha
524,9,dentro,dentro
524,10,de,de
524,11,la,la
524,12,cual,cual
524,13,hacía,haca
524,14,mucho,mucho
524,15,frío,fro
525,0,Un,un
525,1,viento,viento
525,2,frío,fro
525,3,e,e
525,4,insoportable,insoportable
525,5,soplaba,soplaba
525,6,en,en
525,7,su,su
525,8,interior,interior
526,0,El,el
526,1,tercero,tercero
526,2,era,era
526,3,la,la
526,4,Casa,casa
526,5,de,de
526,6,los,los
526,7,tigres,tigres
526,9,Balami-ha,balamiha
526,11,así,as
526,12,llamada,llamada
526,13,en,en
526,14,la,la
526,15,cual,cual
526,16,no,no
526,17,había,haba
526,18,más,ms
526,19,que,que
526,20,tigres,tigres
526,22,que,que
526,23,se,se
526,24,revolvían,revolvan
526,26,se,se
526,27,amontonaban,amontonaban
526,29,gruñían,gruan
526,30,y,y
526,31,se,se
526,32,mofaban,mofaban
527,0,Los,los
527,1,tigres,tigres
527,2,estaban,estaban
527,3,cerrados,cerrados
527,4,dentro,dentro
527,5,de,de
527,6,la,la
527,7,casa,casa
528,0,Zotzí-ha,zotzha
528,2,la,la
528,3,Casa,casa
528,4,de,de
528,5,los,los
528,6,murciélagos,murcilagos
528,8,se,se
528,9,llamaba,llamaba
528,10,el,el
528,11,cuarto,cuarto
528,12,lugar,lugar
528,13,de,de
528,14,castigo,castigo
529,0,Dentro,dentro
529,1,de,de
529,2,esta,esta
529,3,casa,casa
529,4,no,no
529,5,había,haba
529,6,más,ms
529,7,que,que
529,8,murciélagos,murcilagos
529,9,que,que
529,10,chillaban,chillaban
529,12,gritaban,gritaban
529,13,y,y
529,14,revoloteaban,revoloteaban
529,15,en,en
529,16,la,la
529,17,casa,casa
530,0,Los,los
530,1,murciélagos,murcilagos
530,2,estaban,estaban
530,3,encerrados,encerrados
530,4,y,y
530,5,no,no
530,6,podían,podan
530,7,salir,salir
531,0,El,el
531,1,quinto,quinto
531,2,se,se
531,3,llamaba,llamaba
531,4,la,la
531,5,Casa,casa
531,6,de,de
531,7,las,las
531,8,Navajas,navajas
531,10,Chayinha,chayinha
531,12,dentro,dentro
531,13,de,de
531,14,la,la
531,15,cual,cual
531,16,solamente,solamente
531,17,había,haba
531,18,navajas,navajas
531,19,cortantes,cortantes
531,20,y,y
531,21,afiladas,afiladas
531,23,calladas,calladas
531,24,o,o
531,25,rechinando,rechinando
531,26,las,las
531,27,unas,unas
531,28,con,con
531,29,las,las
531,30,otras,otras
531,31,dentro,dentro
531,32,de,de
531,33,la,la
531,34,casa,casa
532,0,Muchos,muchos
532,1,eran,eran
532,2,los,los
532,3,lugares,lugares
532,4,de,de
532,5,tormento,tormento
532,6,de,de
532,7,Xibalbá,xibalb
532,9,pero,pero
532,10,no,no
532,11,entraron,entraron
532,12,en,en
532,13,ellos,ellos
532,14,Hun-Hunahpú,hunhunahp
532,15,y,y
532,16,Vucub-,vucub
532,17,Hunahpú,hunahp
533,0,Solamente,solamente
533,1,mencionamos,mencionamos
533,2,los,los
533,3,nombres,nombres
533,4,de,de
533,5,estas,estas
533,6,casas,casas
533,7,de,de
533,8,castigo,castigo
534,0,Cuando,cuando
534,1,entraron,entraron
534,2,Hun-,hun
534,3,Hunahpú,hunahp
534,4,y,y
534,5,Vucub-Hu-nahpú,vucubhunahp
534,6,ante,ante
534,7,Hun-Camé,huncam
534,8,y,y
534,9,Vucub-Camé,vucubcam
534,11,les,les
534,12,dijeron,dijeron
534,13,éstos,stos
534,17,Dónde,dnde
534,18,están,estn
534,19,mis,mis
534,20,cigarros,cigarros
535,1,Dónde,dnde
535,2,está,est
535,3,mi,mi
535,4,raja,raja
535,5,de,de
535,6,ocote,ocote
535,7,que,que
535,8,os,os
535,9,dieron,dieron
535,10,anoche,anoche
536,1,Se,se
536,2,acabaron,acabaron
536,4,Señor,seor
537,1,Está,est
537,2,bien,bien
538,0,Hoy,hoy
538,1,será,ser
538,2,el,el
538,3,fin,fin
538,4,de,de
538,5,vuestros,vuestros
538,6,días,das
539,0,Ahora,ahora
539,1,moriréis,moriris
540,0,Seréis,seris
540,1,destruidos,destruidos
540,3,os,os
540,4,haremos,haremos
540,5,pedazos,pedazos
540,6,y,y
540,7,aquí,aqu
540,8,quedará,quedar
540,9,oculta,oculta
540,10,vuestra,vuestra
540,11,memoria,memoria
541,0,Seréis,seris
541,1,sacrificados,sacrificados
541,3,dijeron,dijeron
541,4,Hun-Camé,huncam
541,5,y,y
541,6,Vucub-,vucub
541,7,Camé,cam
542,0,En,en
542,1,seguida,seguida
542,2,los,los
542,3,sacrificaron,sacrificaron
542,4,y,y
542,5,los,los
542,6,enterraron,enterraron
542,7,en,en
542,8,el,el
542,9,Pucbal-Chah,pucbalchah
542,11,así,as
542,12,llamado,llamado
543,0,Antes,antes
543,1,de,de
543,2,enterrarlos,enterrarlos
543,3,le,le
543,4,cortaron,cortaron
543,5,la,la
543,6,cabeza,cabeza
543,7,a,a
543,8,Hun-Hunahpú,hunhunahp
543,9,y,y
543,10,enterraron,enterraron
543,11,al,al
543,12,hermano,hermano
543,13,mayor,mayor
543,14,junto,junto
543,15,con,con
543,16,el,el
543,17,hermano,hermano
543,18,menor,menor
544,1,Llevad,llevad
544,2,la,la
544,3,cabeza,cabeza
544,4,y,y
544,5,ponedla,ponedla
544,6,en,en
544,7,aquel,aquel
544,8,árbol,rbol
544,9,que,que
544,10,está,est
544,11,sembrado,sembrado
544,12,en,en
544,13,el,el
544,14,camino,camino
544,16,dijeron,dijeron
544,17,Hun-Camé,huncam
544,18,y,y
544,19,Vu-,vu
544,20,cub-Camé,cubcam
545,0,Y,y
545,1,habiendo,habiendo
545,2,ido,ido
545,3,a,a
545,4,ponerla,ponerla
545,5,cabeza,cabeza
545,6,en,en
545,7,el,el
545,8,árbol,rbol
545,10,al,al
545,11,punto,punto
545,12,se,se
545,13,cubrió,cubri
545,14,de,de
545,15,frutas,frutas
545,16,este,este
545,17,árbol,rbol
545,18,que,que
545,19,jamás,jams
545,20,había,haba
545,21,fructificado,fructificado
545,22,antes,antes
545,23,de,de
545,24,que,que
545,25,pusieran,pusieran
545,26,entre,entre
545,27,sus,sus
545,28,ramas,ramas
545,29,la,la
545,30,cabeza,cabeza
545,31,de,de
545,32,Hun-Hunahpú,hunhunahp
546,0,Y,y
546,1,a,a
546,2,esta,esta
546,3,jicara,jicara
546,4,la,la
546,5,llamamos,llamamos
546,6,hoy,hoy
546,7,la,la
546,8,cabeza,cabeza
546,9,de,de
546,10,Hun-Hunahpú,hunhunahp
546,12,que,que
546,13,así,as
546,14,se,se
546,15,dice,dice
547,0,Con,con
547,1,admiración,admiracin
547,2,contemplaban,contemplaban
547,3,Hun-Camé,huncam
547,4,y,y
547,5,Vu-cub-Camé,vucubcam
547,6,el,el
547,7,fruto,fruto
547,8,del,del
547,9,árbol,rbol
548,0,El,el
548,1,fruto,fruto
548,2,redondo,redondo
548,3,estaba,estaba
548,4,en,en
548,5,todas,todas
548,6,partes,partes
548,8,pero,pero
548,9,no,no
548,10,se,se
548,11,distinguía,distingua
548,12,la,la
548,13,cabeza,cabeza
548,14,de,de
548,15,Hun-Hunahpú,hunhunahp
548,17,era,era
548,18,un,un
548,19,fruto,fruto
548,20,igual,igual
548,21,a,a
548,22,los,los
548,23,demás,dems
548,24,frutos,frutos
548,25,del,del
548,26,jícaro,jcaro
549,0,Así,as
549,1,aparecía,apareca
549,2,ante,ante
549,3,todos,todos
549,4,los,los
549,5,de,de
549,6,Xibalbá,xibalb
549,7,cuando,cuando
549,8,llegaban,llegaban
549,9,a,a
549,10,verla,verla
550,0,A,a
550,1,juicio,juicio
550,2,de,de
550,3,aquellos,aquellos
550,5,la,la
550,6,naturaleza,naturaleza
550,7,de,de
550,8,este,este
550,9,árbol,rbol
550,10,era,era
550,11,maravillosa,maravillosa
550,13,por,por
550,14,lo,lo
550,15,que,que
550,16,había,haba
550,17,sucedido,sucedido
550,18,en,en
550,19,un,un
550,20,instante,instante
550,21,cuando,cuando
550,22,pusieron,pusieron
550,23,entre,entre
550,24,sus,sus
550,25,ramas,ramas
550,26,la,la
550,27,cabeza,cabeza
550,28,de,de
550,29,Hun-Hunahpú,hunhunahp
551,0,Y,y
551,1,los,los
551,2,Señores,seores
551,3,de,de
551,4,Xibalbá,xibalb
551,5,ordenaron,ordenaron
551,9,Que,que
551,10,nadie,nadie
551,11,venga,venga
551,12,a,a
551,13,coger,coger
551,14,de,de
551,15,esta,esta
551,16,fruta,fruta
551,19,Que,que
551,20,nadie,nadie
551,21,venga,venga
551,22,a,a
551,23,ponerse,ponerse
551,24,cerca,cerca
551,25,de,de
551,26,este,este
551,27,árbol,rbol
551,30,dijeron,dijeron
551,32,y,y
551,33,así,as
551,34,dispusieron,dispusieron
551,35,impedirlo,impedirlo
551,36,todos,todos
551,37,los,los
551,38,de,de
551,39,Xibalbá,xibalb
551,41,La,la
551,42,cabeza,cabeza
551,43,de,de
551,44,Hun-Hunahpú,hunhunahp
551,45,no,no
551,46,volvió,volvi
551,47,a,a
551,48,aparecer,aparecer
551,50,porque,porque
551,51,se,se
551,52,había,haba
551,53,vuelto,vuelto
551,54,la,la
551,55,misma,misma
551,56,cosa,cosa
551,57,que,que
551,58,el,el
551,59,fruto,fruto
551,60,del,del
551,61,árbol,rbol
551,62,que,que
551,63,se,se
551,64,llama,llama
551,65,jícaro,jcaro
552,0,Sin,sin
552,1,embargo,embargo
552,3,una,una
552,4,muchacha,muchacha
552,5,oyó,oy
552,6,la,la
552,7,historia,historia
552,8,maravillosa,maravillosa
553,0,Ahora,ahora
553,1,contaremos,contaremos
553,2,cómo,cmo
553,3,fue,fue
553,4,su,su
553,5,llegada,llegada
554,0,Esta,esta
554,1,es,es
554,2,la,la
554,3,historia,historia
554,4,de,de
554,5,una,una
554,6,doncella,doncella
554,8,hija,hija
554,9,de,de
554,10,un,un
554,11,Señor,seor
554,12,llamado,llamado
554,13,Cuchumaquic,cuchumaquic
555,0,Llegaron,llegaron
555,2,estas,estas
555,3,noticias,noticias
555,5,a,a
555,6,oídos,odos
555,7,de,de
555,8,una,una
555,9,doncella,doncella
555,11,hija,hija
555,12,de,de
555,13,un,un
555,14,Señor,seor
556,0,El,el
556,1,nombre,nombre
556,2,del,del
556,3,padre,padre
556,4,era,era
556,5,Cuchumaquic,cuchumaquic
556,6,y,y
556,7,el,el
556,8,de,de
556,9,la,la
556,10,doncella,doncella
556,11,Ixquic,ixquic
557,0,Cuando,cuando
557,1,ella,ella
557,2,oyó,oy
557,3,la,la
557,4,historia,historia
557,5,de,de
557,6,los,los
557,7,frutos,frutos
557,8,del,del
557,9,árbol,rbol
557,11,que,que
557,12,fue,fue
557,13,contada,contada
557,14,por,por
557,15,su,su
557,16,padre,padre
557,18,se,se
557,19,quedó,qued
557,20,admirada,admirada
557,21,de,de
557,22,oírla,orla
558,2,Por,por
558,3,qué,qu
558,4,no,no
558,5,he,he
558,6,de,de
558,7,ir,ir
558,8,a,a
558,9,ver,ver
558,10,ese,ese
558,11,árbol,rbol
558,12,que,que
558,13,cuentan,cuentan
558,16,exclamó,exclam
558,17,la,la
558,18,joven,joven
559,0,Ciertamente,ciertamente
559,1,deben,deben
559,2,ser,ser
559,3,sabrosos,sabrosos
559,4,los,los
559,5,frutos,frutos
559,6,de,de
559,7,que,que
559,8,oigo,oigo
559,9,hablar,hablar
560,0,A,a
560,1,continuación,continuacin
560,2,se,se
560,3,puso,puso
560,4,en,en
560,5,camino,camino
560,6,ella,ella
560,7,sola,sola
560,8,y,y
560,9,llegó,lleg
560,10,al,al
560,11,pie,pie
560,12,del,del
560,13,árbol,rbol
560,14,que,que
560,15,estaba,estaba
560,16,sembrado,sembrado
560,17,en,en
560,18,Pucbal-Chah,pucbalchah
561,2,Ah,ah
561,5,exclamó,exclam
561,8,qué,qu
561,9,frutos,frutos
561,10,son,son
561,11,los,los
561,12,que,que
561,13,produce,produce
561,14,este,este
561,15,árbol,rbol
562,1,No,no
562,2,es,es
562,3,admirable,admirable
562,4,ver,ver
562,5,cómo,cmo
562,6,se,se
562,7,ha,ha
562,8,cubierto,cubierto
562,9,de,de
562,10,frutos,frutos
563,1,Me,me
563,2,he,he
563,3,de,de
563,4,morir,morir
563,6,me,me
563,7,perderé,perder
563,8,si,si
563,9,corto,corto
563,10,uno,uno
563,11,de,de
563,12,ellos,ellos
563,15,dijo,dijo
563,16,la,la
563,17,doncella,doncella
564,0,Habló,habl
564,1,entonces,entonces
564,2,la,la
564,3,calavera,calavera
564,4,que,que
564,5,estaba,estaba
564,6,entre,entre
564,7,las,las
564,8,ramas,ramas
564,9,del,del
564,10,árbol,rbol
564,11,y,y
564,12,dijo,dijo
564,16,Qué,qu
564,17,es,es
564,18,lo,lo
564,19,que,que
564,20,quieres,quieres
565,0,Estos,estos
565,1,objetos,objetos
565,2,redondos,redondos
565,3,que,que
565,4,cubren,cubren
565,5,las,las
565,6,ramas,ramas
565,7,del,del
565,8,árbol,rbol
565,9,no,no
565,10,son,son
565,11,más,ms
565,12,que,que
565,13,calaveras,calaveras
566,0,Así,as
566,1,dijo,dijo
566,2,la,la
566,3,cabeza,cabeza
566,4,de,de
566,5,Hun-Hunahpú,hunhunahp
566,6,dirigiéndose,dirigindose
566,7,a,a
566,8,la,la
566,9,joven,joven
567,1,Por,por
567,2,ventura,ventura
567,3,los,los
567,4,deseas,deseas
567,7,agregó,agreg
568,1,Sí,s
568,2,los,los
568,3,deseo,deseo
568,5,contestó,contest
568,6,la,la
568,7,doncella,doncella
568,9,Muy,muy
568,10,bien,bien
568,12,dijo,dijo
568,13,la,la
568,14,calavera,calavera
569,0,Extiende,extiende
569,1,hacia,hacia
569,2,acá,ac
569,3,tu,tu
569,4,mano,mano
569,5,derecha,derecha
570,1,Bien,bien
570,3,replicó,replic
570,4,la,la
570,5,joven,joven
570,7,y,y
570,8,levantando,levantando
570,9,su,su
570,10,mano,mano
570,11,derecha,derecha
570,12,la,la
570,13,extendió,extendi
570,14,en,en
570,15,dirección,direccin
570,16,a,a
570,17,la,la
570,18,calavera,calavera
571,0,En,en
571,1,ese,ese
571,2,instante,instante
571,3,la,la
571,4,calavera,calavera
571,5,lanzó,lanz
571,6,un,un
571,7,chisguete,chisguete
571,8,de,de
571,9,saliva,saliva
571,10,que,que
571,11,fue,fue
571,12,a,a
571,13,caer,caer
571,14,directamente,directamente
571,15,en,en
571,16,la,la
571,17,palma,palma
571,18,de,de
571,19,la,la
571,20,mano,mano
571,21,de,de
571,22,la,la
571,23,doncella,doncella
572,0,Miróse,mirse
572,1,ésta,sta
572,2,rápidamente,rpidamente
572,3,y,y
572,4,con,con
572,5,atención,atencin
572,6,la,la
572,7,palma,palma
572,8,de,de
572,9,la,la
572,10,mano,mano
572,12,pero,pero
572,13,la,la
572,14,saliva,saliva
572,15,de,de
572,16,la,la
572,17,calavera,calavera
572,18,ya,ya
572,19,no,no
572,20,estaba,estaba
572,21,en,en
572,22,su,su
572,23,mano,mano
573,1,En,en
573,2,mi,mi
573,3,saliva,saliva
573,4,y,y
573,5,mi,mi
573,6,baba,baba
573,7,te,te
573,8,he,he
573,9,dado,dado
573,10,mí,m
573,11,descendencia,descendencia
573,13,dijo,dijo
573,14,la,la
573,15,voz,voz
573,16,en,en
573,17,el,el
573,18,árbol,rbol
574,0,Ahora,ahora
574,1,mi,mi
574,2,cabeza,cabeza
574,3,ya,ya
574,4,no,no
574,5,tiene,tiene
574,6,nada,nada
574,7,encima,encima
574,9,no,no
574,10,es,es
574,11,más,ms
574,12,que,que
574,13,una,una
574,14,calavera,calavera
574,15,despojada,despojada
574,16,de,de
574,17,la,la
574,18,carne,carne
575,0,Así,as
575,1,es,es
575,2,la,la
575,3,cabeza,cabeza
575,4,de,de
575,5,los,los
575,6,grandes,grandes
575,7,príncipes,prncipes
575,9,la,la
575,10,carne,carne
575,11,es,es
575,12,lo,lo
575,13,único,nico
575,14,que,que
575,15,les,les
575,16,da,da
575,17,una,una
575,18,hermosa,hermosa
575,19,apariencia,apariencia
576,0,Y,y
576,1,cuando,cuando
576,2,mueren,mueren
576,3,espántanse,espntanse
576,4,los,los
576,5,hombres,hombres
576,6,a,a
576,7,causa,causa
576,8,de,de
576,9,los,los
576,10,huesos,huesos
577,0,Así,as
577,1,es,es
577,2,también,tambin
577,3,la,la
577,4,naturaleza,naturaleza
577,5,de,de
577,6,los,los
577,7,hijos,hijos
577,9,que,que
577,10,son,son
577,11,como,como
577,12,la,la
577,13,saliva,saliva
577,14,y,y
577,15,la,la
577,16,baba,baba
577,18,ya,ya
577,19,sean,sean
577,20,hijos,hijos
577,21,de,de
577,22,un,un
577,23,Señor,seor
577,25,de,de
577,26,un,un
577,27,hombre,hombre
577,28,sabio,sabio
577,29,o,o
577,30,de,de
577,31,un,un
577,32,orador,orador
578,0,Su,su
578,1,condición,condicin
578,2,no,no
578,3,se,se
578,4,pierde,pierde
578,5,cuando,cuando
578,6,se,se
578,7,van,van
578,9,sino,sino
578,10,se,se
578,11,hereda,hereda
578,13,no,no
578,14,se,se
578,15,extingue,extingue
578,16,ni,ni
578,17,desaparece,desaparece
578,18,la,la
578,19,imagen,imagen
578,20,del,del
578,21,Señor,seor
578,23,del,del
578,24,hombre,hombre
578,25,sabio,sabio
578,26,o,o
578,27,del,del
578,28,orador,orador
578,30,sino,sino
578,31,que,que
578,32,la,la
578,33,dejan,dejan
578,34,a,a
578,35,sus,sus
578,36,hijas,hijas
578,37,y,y
578,38,a,a
578,39,los,los
578,40,hijos,hijos
578,41,que,que
578,42,engendran,engendran
579,0,Esto,esto
579,1,mismo,mismo
579,2,he,he
579,3,hecho,hecho
579,4,yo,yo
579,5,contigo,contigo
580,0,Sube,sube
580,2,pues,pues
580,4,a,a
580,5,ia,ia
580,6,superficie,superficie
580,7,de,de
580,8,la,la
580,9,tierra,tierra
580,11,que,que
580,12,no,no
580,13,morirás,morirs
581,0,Confía,confa
581,1,en,en
581,2,mi,mi
581,3,palabra,palabra
581,4,que,que
581,5,así,as
581,6,será,ser
581,8,dijo,dijo
581,9,la,la
581,10,cabeza,cabeza
581,11,de,de
581,12,Hun-,hun
581,13,Hunahpú,hunahp
581,14,y,y
581,15,de,de
581,16,Vucub-Hunahpú,vucubhunahp
581,17,Y,y
581,18,todo,todo
581,19,lo,lo
581,20,que,que
581,21,tan,tan
581,22,acertadamente,acertadamente
581,23,hicieron,hicieron
581,24,fue,fue
581,25,por,por
581,26,mandato,mandato
581,27,de,de
581,28,Huracán,huracn
581,30,Chipi-Caculhá,chipicaculh
581,31,y,y
581,32,Raxa-,raxa
581,33,Caculhá,caculh
582,0,Volvióse,volvise
582,1,en,en
582,2,seguida,seguida
582,3,a,a
582,4,su,su
582,5,casa,casa
582,6,la,la
582,7,doncella,doncella
582,8,después,despus
582,9,que,que
582,10,le,le
582,11,fueron,fueron
582,12,hechas,hechas
582,13,todas,todas
582,14,estas,estas
582,15,advertencias,advertencias
582,17,habiendo,habiendo
582,18,concebido,concebido
582,19,inmediatamente,inmediatamente
582,20,los,los
582,21,hijos,hijos
582,22,en,en
582,23,su,su
582,24,vientre,vientre
582,25,por,por
582,26,la,la
582,27,sola,sola
582,28,virtud,virtud
582,29,de,de
582,30,la,la
582,31,saliva,saliva
583,0,Y,y
583,1,así,as
583,2,fueron,fueron
583,3,engendrados,engendrados
583,4,Hunahpú,hunahp
583,5,e,e
583,6,Ixbalanqué,ixbalanqu
584,0,Llegó,lleg
584,2,pues,pues
584,4,la,la
584,5,joven,joven
584,6,a,a
584,7,su,su
584,8,casa,casa
584,9,y,y
584,10,después,despus
584,11,de,de
584,12,haberse,haberse
584,13,cumplido,cumplido
584,14,seis,seis
584,15,meses,meses
584,17,fue,fue
584,18,advertido,advertido
584,19,su,su
584,20,estado,estado
584,21,por,por
584,22,su,su
584,23,padre,padre
584,25,el,el
584,26,llamado,llamado
584,27,Cuchumaquic,cuchumaquic
585,0,Al,al
585,1,instante,instante
585,2,fue,fue
585,3,descubierto,descubierto
585,4,el,el
585,5,secreto,secreto
585,6,de,de
585,7,la,la
585,8,joven,joven
585,9,por,por
585,10,el,el
585,11,padre,padre
585,13,al,al
585,14,observar,observar
585,15,que,que
585,16,tenía,tena
585,17,hijo,hijo
586,0,Reuniéronse,reunironse
586,1,entonces,entonces
586,2,en,en
586,3,consejo,consejo
586,4,todos,todos
586,5,los,los
586,6,Señores,seores
586,7,Hun-Camé,huncam
586,8,y,y
586,9,Vucub-Camé,vucubcam
586,10,con,con
586,11,Cuchumaquic,cuchumaquic
587,1,Mi,mi
587,2,hija,hija
587,3,está,est
587,4,preñada,preada
588,0,Señores,seores
588,2,ha,ha
588,3,sido,sido
588,4,deshonrada,deshonrada
588,6,exclamó,exclam
588,7,el,el
588,8,Cuchumaquic,cuchumaquic
588,9,cuando,cuando
588,10,compareció,compareci
588,11,ante,ante
588,12,los,los
588,13,Señores,seores
589,1,Está,est
589,2,bien,bien
589,4,dijeron,dijeron
589,5,éstos,stos
590,0,Oblígala,oblgala
590,1,a,a
590,2,declarar,declarar
590,3,la,la
590,4,verdad,verdad
590,6,y,y
590,7,si,si
590,8,se,se
590,9,niega,niega
590,10,a,a
590,11,hablar,hablar
590,13,castígala,castgala
590,15,que,que
590,16,la,la
590,17,lleven,lleven
590,18,a,a
590,19,sacrificar,sacrificar
590,20,lejos,lejos
590,21,de,de
590,22,aquí,aqu
591,1,Muy,muy
591,2,bien,bien
591,4,respetables,respetables
591,5,Señores,seores
591,7,contestó,contest
592,0,A,a
592,1,continuación,continuacin
592,2,interrogó,interrog
592,3,a,a
592,4,su,su
592,5,hija,hija
592,9,De,de
592,10,quién,quin
592,11,es,es
592,12,el,el
592,13,hijo,hijo
592,14,que,que
592,15,tienes,tienes
592,16,en,en
592,17,el,el
592,18,vientre,vientre
592,20,hija,hija
592,21,mía,ma
593,0,Y,y
593,1,ella,ella
593,2,contestó,contest
593,5,No,no
593,6,tengo,tengo
593,7,hijo,hijo
593,9,señor,seor
593,10,padre,padre
593,12,aún,an
593,13,no,no
593,14,he,he
593,15,conocido,conocido
593,16,varón,varn
594,1,Está,est
594,2,bien,bien
594,4,replicó,replic
595,0,Positivamente,positivamente
595,1,eres,eres
595,2,una,una
595,3,ramera,ramera
596,0,Llevadla,llevadla
596,1,a,a
596,2,sacrificar,sacrificar
596,4,señores,seores
596,5,Ahpop,ahpop
596,6,Achih,achih
596,8,traedme,traedme
596,9,el,el
596,10,corazón,corazn
596,11,dentro,dentro
596,12,de,de
596,13,una,una
596,14,jicara,jicara
596,15,y,y
596,16,volved,volved
596,17,hoy,hoy
596,18,mismo,mismo
596,19,ante,ante
596,20,los,los
596,21,Señores,seores
596,23,les,les
596,24,dijo,dijo
596,25,a,a
596,26,los,los
596,27,buhos,buhos
597,0,Los,los
597,1,cuatro,cuatro
597,2,mensajeros,mensajeros
597,3,tomaron,tomaron
597,4,la,la
597,5,jicara,jicara
597,6,y,y
597,7,se,se
597,8,marcharon,marcharon
597,9,llevando,llevando
597,10,en,en
597,11,sus,sus
597,12,brazos,brazos
597,13,a,a
597,14,la,la
597,15,joven,joven
597,16,y,y
597,17,llevan-,llevan
597,18,do,do
597,19,también,tambin
597,20,el,el
597,21,cuchillo,cuchillo
597,22,de,de
597,23,pedernal,pedernal
597,24,para,para
597,25,sacrificarla,sacrificarla
598,0,Y,y
598,1,ella,ella
598,2,les,les
598,3,dijo,dijo
598,6,No,no
598,7,es,es
598,8,posible,posible
598,9,que,que
598,10,me,me
598,11,matéis,matis
598,14,oh,oh
598,15,mensajeros,mensajeros
598,18,porque,porque
598,19,no,no
598,20,es,es
598,21,una,una
598,22,deshonra,deshonra
598,23,lo,lo
598,24,que,que
598,25,llevo,llevo
598,26,en,en
598,27,el,el
598,28,vientre,vientre
598,30,sino,sino
598,31,que,que
598,32,se,se
598,33,engendró,engendr
598,34,solo,solo
598,35,cuando,cuando
598,36,fui,fui
598,37,a,a
598,38,admirar,admirar
598,39,la,la
598,40,cabeza,cabeza
598,41,de,de
598,42,Hun-Hunahpú,hunhunahp
598,43,que,que
598,44,estaba,estaba
598,45,en,en
598,46,Pucbal-Chah,pucbalchah
599,0,Así,as
599,2,pues,pues
599,4,no,no
599,5,debéis,debis
599,6,sacrificarme,sacrificarme
599,9,oh,oh
599,10,mensajeros,mensajeros
599,13,dijo,dijo
599,14,a,a
599,15,joven,joven
599,17,dirigiéndose,dirigindose
599,18,a,a
599,19,ellos,ellos
600,2,Y,y
600,3,qué,qu
600,4,pondremos,pondremos
600,5,en,en
600,6,lugar,lugar
600,7,de,de
600,8,tu,tu
600,9,corazón,corazn
601,0,Se,se
601,1,nos,nos
601,2,ha,ha
601,3,dicho,dicho
601,4,por,por
601,5,tu,tu
601,6,padre,padre
601,9,Traedme,traedme
601,10,el,el
601,11,corazón,corazn
601,13,volved,volved
601,14,ante,ante
601,15,los,los
601,16,Señores,seores
601,18,cumplid,cumplid
601,19,vuestro,vuestro
601,20,deber,deber
601,21,y,y
601,22,atended,atended
601,23,juntos,juntos
601,24,a,a
601,25,la,la
601,26,obra,obra
601,28,traedlo,traedlo
601,29,pronto,pronto
601,30,en,en
601,31,la,la
601,32,jicara,jicara
601,34,poned,poned
601,35,el,el
601,36,corazón,corazn
601,37,en,en
601,38,el,el
601,39,fondo,fondo
601,40,de,de
601,41,la,la
601,42,jicara,jicara
602,2,Acaso,acaso
602,3,no,no
602,4,se,se
602,5,nos,nos
602,6,habló,habl
602,7,así,as
603,1,Qué,qu
603,2,le,le
603,3,daremos,daremos
603,4,entre,entre
603,5,la,la
603,6,jícara,jcara
604,0,Nosotros,nosotros
604,1,bien,bien
604,2,quisieramos,quisieramos
604,3,que,que
604,4,no,no
604,5,murieras,murieras
604,7,dijeron,dijeron
604,8,los,los
604,9,mensajeros,mensajeros
605,1,Muy,muy
605,2,bien,bien
605,4,pero,pero
605,5,este,este
605,6,corazón,corazn
605,7,no,no
605,8,les,les
605,9,pertenece,pertenece
605,10,a,a
605,11,ellos,ellos
606,0,Tampoco,tampoco
606,1,debe,debe
606,2,ser,ser
606,3,aquí,aqu
606,4,vuestra,vuestra
606,5,morada,morada
606,7,ni,ni
606,8,debéis,debis
606,9,tolerar,tolerar
606,10,que,que
606,11,os,os
606,12,obliguen,obliguen
606,13,a,a
606,14,matar,matar
606,15,a,a
606,16,los,los
606,17,hombres,hombres
607,0,Después,despus
607,1,serán,sern
607,2,ciertamente,ciertamente
607,3,vuestros,vuestros
607,4,los,los
607,5,verdaderos,verdaderos
607,6,criminales,criminales
607,7,y,y
607,8,míos,mos
607,9,serán,sern
607,10,en,en
607,11,seguida,seguida
607,12,Hun-Camé,huncam
607,13,y,y
607,14,Vucub-Camé,vucubcam
608,0,Así,as
608,2,pues,pues
608,4,la,la
608,5,sangre,sangre
608,6,y,y
608,7,sólo,slo
608,8,la,la
608,9,sangre,sangre
608,10,será,ser
608,11,de,de
608,12,ellos,ellos
608,13,y,y
608,14,estará,estar
608,15,en,en
608,16,su,su
608,17,presencia,presencia
609,0,Tampoco,tampoco
609,1,puede,puede
609,2,ser,ser
609,3,que,que
609,4,este,este
609,5,corazón,corazn
609,6,sea,sea
609,7,quemado,quemado
609,8,ante,ante
609,9,ellos,ellos
610,0,Recoged,recoged
610,1,el,el
610,2,producto,producto
610,3,de,de
610,4,este,este
610,5,árbol,rbol
610,7,dijo,dijo
610,8,la,la
610,9,doncella,doncella
611,0,El,el
611,1,jugo,jugo
611,2,rojo,rojo
611,3,brotó,brot
611,4,del,del
611,5,árbol,rbol
611,7,cayó,cay
611,8,en,en
611,9,la,la
611,10,jicara,jicara
611,11,y,y
611,12,en,en
611,13,seguida,seguida
611,14,se,se
611,15,hizo,hizo
611,16,una,una
611,17,bola,bola
611,18,resplandeciente,resplandeciente
611,19,que,que
611,20,tomó,tom
611,21,la,la
611,22,forma,forma
611,23,de,de
611,24,un,un
611,25,corazón,corazn
611,26,hecho,hecho
611,27,con,con
611,28,la,la
611,29,savia,savia
611,30,que,que
611,31,corría,corra
611,32,de,de
611,33,aquel,aquel
611,34,árbol,rbol
611,35,encarnado,encarnado
612,0,Semejante,semejante
612,1,a,a
612,2,la,la
612,3,sangre,sangre
612,4,brotaba,brotaba
612,5,la,la
612,6,savia,savia
612,7,del,del
612,8,árbol,rbol
612,10,imitando,imitando
612,11,la,la
612,12,verdadera,verdadera
612,13,sangre,sangre
613,0,Luego,luego
613,1,se,se
613,2,coaguló,coagul
613,3,allí,all
613,4,dentro,dentro
613,5,la,la
613,6,sangre,sangre
613,7,o,o
613,8,sea,sea
613,9,la,la
613,10,savia,savia
613,11,del,del
613,12,árbol,rbol
613,13,rojo,rojo
613,15,y,y
613,16,se,se
613,17,cubrió,cubri
613,18,de,de
613,19,una,una
613,20,capa,capa
613,21,muy,muy
613,22,encendida,encendida
613,23,como,como
613,24,de,de
613,25,sangre,sangre
613,26,al,al
613,27,coagularse,coagularse
613,28,dentro,dentro
613,29,de,de
613,30,la,la
613,31,jicara,jicara
613,33,mientras,mientras
613,34,que,que
613,35,el,el
613,36,árbol,rbol
613,37,resplandecía,resplandeca
613,38,por,por
613,39,obra,obra
613,40,de,de
613,41,la,la
613,42,doncella,doncella
614,0,Llamábase,llambase
614,1,Árbol,rbol
614,2,rojo,rojo
614,3,de,de
614,4,grana,grana
614,6,pero,pero
614,8,desde,desde
614,9,entonces,entonces
614,11,tomó,tom
614,12,el,el
614,13,nombre,nombre
614,14,de,de
614,15,Árbol,rbol
614,16,de,de
614,17,la,la
614,18,Sangre,sangre
614,19,porque,porque
614,20,a,a
614,21,su,su
614,22,savia,savia
614,23,se,se
614,24,le,le
614,25,llama,llama
614,26,la,la
614,27,Sangre,sangre
615,1,Allá,all
615,2,en,en
615,3,la,la
615,4,tierra,tierra
615,5,seréis,seris
615,6,amados,amados
615,7,y,y
615,8,tendréis,tendris
615,9,lo,lo
615,10,que,que
615,11,os,os
615,12,pertenece,pertenece
615,14,dijo,dijo
615,15,la,la
615,16,joven,joven
615,17,a,a
615,18,los,los
615,19,buhos,buhos
616,1,Está,est
616,2,bien,bien
616,4,niña,nia
617,0,Nosotros,nosotros
617,1,nos,nos
617,2,iremos,iremos
617,3,allá,all
617,5,subiremos,subiremos
617,6,a,a
617,7,servirte,servirte
617,9,tú,t
617,11,sigue,sigue
617,12,tu,tu
617,13,camino,camino
618,0,mientras,mientras
618,1,noso-,noso
618,2,tros,tros
618,3,vamos,vamos
618,4,a,a
618,5,presentar,presentar
618,6,la,la
618,7,savia,savia
618,8,en,en
618,9,lugar,lugar
618,10,de,de
618,11,tu,tu
618,12,corazón,corazn
618,13,ante,ante
618,14,los,los
618,15,Señores,seores
618,17,dijeron,dijeron
618,18,los,los
618,19,mensajeros,mensajeros
619,0,Cuando,cuando
619,1,llegaron,llegaron
619,2,a,a
619,3,presencia,presencia
619,4,de,de
619,5,los,los
619,6,Señores,seores
619,8,estaban,estaban
619,9,todos,todos
619,10,aguantando,aguantando
620,2,Se,se
620,3,ha,ha
620,4,terminado,terminado
620,5,eso,eso
620,8,preguntó,pregunt
620,9,Hun-Camé,huncam
621,1,Todo,todo
621,2,está,est
621,3,concluido,concluido
621,5,Señores,seores
622,0,Aquí,aqu
622,1,está,est
622,2,el,el
622,3,corazón,corazn
622,4,en,en
622,5,el,el
622,6,fondo,fondo
622,7,de,de
622,8,la,la
622,9,jicara,jicara
623,1,Muy,muy
623,2,bien,bien
624,0,Veamos,veamos
624,2,exclamó,exclam
624,3,Hun-Camé,huncam
625,0,Y,y
625,1,cogiéndolo,cogindolo
625,2,con,con
625,3,los,los
625,4,dedos,dedos
625,5,lo,lo
625,6,levantó,levant
625,8,se,se
625,9,rompió,rompi
625,10,la,la
625,11,corteza,corteza
625,12,y,y
625,13,comenzó,comenz
625,14,a,a
625,15,derramarse,derramarse
625,16,la,la
625,17,sangre,sangre
625,18,de,de
625,19,vivo,vivo
625,20,color,color
625,21,rojo,rojo
626,1,Atizad,atizad
626,2,bien,bien
626,3,el,el
626,4,fuego,fuego
626,5,y,y
626,6,ponedlo,ponedlo
626,7,sobre,sobre
626,8,las,las
626,9,brasas,brasas
626,11,dijo,dijo
626,12,Hun-Camé,huncam
627,0,En,en
627,1,seguida,seguida
627,2,lo,lo
627,3,arrojaron,arrojaron
627,4,al,al
627,5,fuego,fuego
627,6,y,y
627,7,comenzaron,comenzaron
627,8,a,a
627,9,sentir,sentir
627,10,el,el
627,11,olor,olor
627,12,los,los
627,13,de,de
627,14,Xibalbá,xibalb
627,16,y,y
627,17,levantándose,levantndose
627,18,todos,todos
627,19,se,se
627,20,acercaron,acercaron
627,21,y,y
627,22,ciertamente,ciertamente
627,23,sentían,sentan
627,24,muy,muy
627,25,dulce,dulce
627,26,la,la
627,27,fragancia,fragancia
627,28,de,de
627,29,la,la
627,30,sangre,sangre
628,0,Y,y
628,1,mientras,mientras
628,2,ellos,ellos
628,3,se,se
628,4,quedaban,quedaban
628,5,pensativos,pensativos
628,7,se,se
628,8,marcharon,marcharon
628,9,los,los
628,10,buhos,buhos
628,12,los,los
628,13,servidores,servidores
628,14,de,de
628,15,la,la
628,16,doncella,doncella
628,18,remontaron,remontaron
628,19,el,el
628,20,vuelo,vuelo
628,21,en,en
628,22,bandada,bandada
628,23,desde,desde
628,24,el,el
628,25,abismo,abismo
628,26,hacia,hacia
628,27,la,la
628,28,tierra,tierra
628,29,y,y
628,30,los,los
628,31,cuatro,cuatro
628,32,se,se
628,33,convirtieron,convirtieron
628,34,en,en
628,35,sus,sus
628,36,servidores,servidores
629,0,Así,as
629,1,fueron,fueron
629,2,vencidos,vencidos
629,3,las,las
629,4,Señores,seores
629,5,de,de
629,6,Xibalbá,xibalb
630,0,Por,por
630,1,la,la
630,2,doncella,doncella
630,3,fueron,fueron
630,4,engañados,engaados
630,5,todos,todos
631,0,Ahora,ahora
631,1,bien,bien
631,3,estaban,estaban
631,4,con,con
631,5,su,su
631,6,madre,madre
631,7,Hunbatz,hunbatz
631,8,y,y
631,9,Hunchouén,hunchoun
631,10,cuando,cuando
631,11,llegó,lleg
631,12,la,la
631,13,mujer,mujer
631,14,llamada,llamada
631,15,Ixquic,ixquic
632,0,Cuando,cuando
632,1,llegó,lleg
632,3,pues,pues
632,5,la,la
632,6,mujer,mujer
632,7,Ixquic,ixquic
632,8,ante,ante
632,9,la,la
632,10,madre,madre
632,11,de,de
632,12,Hunbatz,hunbatz
632,13,y,y
632,14,Hunchouén,hunchoun
632,16,llevaba,llevaba
632,17,a,a
632,18,sus,sus
632,19,hijos,hijos
632,20,en,en
632,21,el,el
632,22,vientre,vientre
632,23,faltaba,faltaba
632,24,poco,poco
632,25,para,para
632,26,que,que
632,27,nacieran,nacieran
632,28,Hunahpú,hunahp
632,29,e,e
632,30,Ixbalanqué,ixbalanqu
632,32,que,que
632,33,así,as
632,34,fueron,fueron
632,35,llamados,llamados
633,0,Al,al
633,1,llegar,llegar
633,2,la,la
633,3,mujer,mujer
633,4,ante,ante
633,5,la,la
633,6,anciana,anciana
633,8,le,le
633,9,dijo,dijo
633,10,la,la
633,11,mujer,mujer
633,12,a,a
633,13,la,la
633,14,abuela,abuela
633,17,He,he
633,18,llegado,llegado
633,20,señora,seora
633,21,madre,madre
633,23,yo,yo
633,24,soy,soy
633,25,vuestra,vuestra
633,26,nuera,nuera
633,27,y,y
633,28,vuestra,vuestra
633,29,hija,hija
633,31,señora,seora
633,32,madre,madre
634,0,Así,as
634,1,dijo,dijo
634,2,cuando,cuando
634,3,entró,entr
634,4,a,a
634,5,la,la
634,6,casa,casa
634,7,de,de
634,8,la,la
634,9,abuela,abuela
635,2,De,de
635,3,dónde,dnde
635,4,vienes,vienes
635,5,tú,t
636,1,En,en
636,2,dónde,dnde
636,3,están,estn
636,4,mis,mis
636,5,hijos,hijos
637,1,Por,por
637,2,ventura,ventura
637,3,no,no
637,4,murieron,murieron
637,5,en,en
637,6,Xibalbá,xibalb
638,1,No,no
638,2,ves,ves
638,3,a,a
638,4,éstos,stos
638,5,a,a
638,6,quienes,quienes
638,7,les,les
638,8,quedaron,quedaron
638,9,su,su
638,10,descendencia,descendencia
638,11,y,y
638,12,linaje,linaje
638,13,y,y
638,14,que,que
638,15,se,se
638,16,llaman,llaman
638,17,Hunbatz,hunbatz
638,18,y,y
638,19,Hunchouén,hunchoun
638,22,Sal,sal
638,23,de,de
638,24,aquí,aqu
638,27,Vete,vete
638,30,gritó,grit
638,31,la,la
638,32,vieja,vieja
638,33,a,a
638,34,la,la
638,35,muchacha,muchacha
639,1,Y,y
639,2,sin,sin
639,3,embargo,embargo
639,5,es,es
639,6,la,la
639,7,verdad,verdad
639,8,que,que
639,9,soy,soy
639,10,vuestra,vuestra
639,11,nuera,nuera
639,13,ha,ha
639,14,tiempo,tiempo
639,15,que,que
639,16,lo,lo
639,17,soy,soy
640,0,Pertenezco,pertenezco
640,1,a,a
640,2,Hun-Hunahpú,hunhunahp
641,0,Ellos,ellos
641,1,viven,viven
641,2,en,en
641,3,lo,lo
641,4,que,que
641,5,llevo,llevo
641,7,no,no
641,8,han,han
641,9,muerto,muerto
641,10,Hun-Hunahpú,hunhunahp
641,11,y,y
641,12,Vucub-Hunahpú,vucubhunahp
641,14,volverán,volvern
641,15,a,a
641,16,mostrarse,mostrarse
641,17,claramente,claramente
641,19,mi,mi
641,20,señora,seora
641,21,suegra,suegra
642,0,Y,y
642,1,así,as
642,3,pronto,pronto
642,4,veréis,veris
642,5,su,su
642,6,imagen,imagen
642,7,en,en
642,8,lo,lo
642,9,que,que
642,10,traigo,traigo
642,12,le,le
642,13,fue,fue
642,14,dicho,dicho
642,15,a,a
642,16,la,la
642,17,vieja,vieja
643,0,Entonces,entonces
643,1,se,se
643,2,enfurecieron,enfurecieron
643,3,Hunbatz,hunbatz
643,4,y,y
643,5,Hunchouén,hunchoun
644,0,Sólo,slo
644,1,se,se
644,2,entretenían,entretenan
644,3,en,en
644,4,tocar,tocar
644,5,la,la
644,6,flauta,flauta
644,7,y,y
644,8,cantar,cantar
644,10,en,en
644,11,pintar,pintar
644,12,y,y
644,13,esculpir,esculpir
644,15,en,en
644,16,lo,lo
644,17,que,que
644,18,pasaban,pasaban
644,19,todo,todo
644,20,el,el
644,21,día,da
644,23,y,y
644,24,eran,eran
644,25,el,el
644,26,consuelo,consuelo
644,27,de,de
644,28,la,la
644,29,vieja,vieja
645,0,Habló,habl
645,1,luego,luego
645,2,la,la
645,3,vieja,vieja
645,4,y,y
645,5,dijo,dijo
645,8,No,no
645,9,quiero,quiero
645,10,que,que
645,11,tú,t
645,12,seas,seas
645,13,mi,mi
645,14,nuera,nuera
645,16,porque,porque
645,17,lo,lo
645,18,que,que
645,19,llevas,llevas
645,20,en,en
645,21,el,el
645,22,vientre,vientre
645,23,es,es
645,24,fruto,fruto
645,25,de,de
645,26,tu,tu
645,27,deshonestidad,deshonestidad
646,0,Además,adems
646,2,eres,eres
646,3,una,una
646,4,embustera,embustera
646,6,mis,mis
646,7,hijos,hijos
646,8,de,de
646,9,quienes,quienes
646,10,hablas,hablas
646,11,ya,ya
646,12,son,son
646,13,muertos,muertos
647,0,Luego,luego
647,1,agregó,agreg
647,2,la,la
647,3,abuela,abuela
647,6,Esto,esto
647,7,que,que
647,8,te,te
647,9,digo,digo
647,10,es,es
647,11,la,la
647,12,pura,pura
647,13,verdad,verdad
647,15,pero,pero
647,16,en,en
647,17,fin,fin
647,19,está,est
647,20,bien,bien
647,22,tú,t
647,23,eres,eres
647,24,mi,mi
647,25,nuera,nuera
647,27,según,segn
647,28,he,he
647,29,oído,odo
648,0,Anda,anda
648,2,pues,pues
648,4,a,a
648,5,traer,traer
648,6,la,la
648,7,comida,comida
648,8,parados,parados
648,9,que,que
648,10,hay,hay
648,11,que,que
648,12,alimentar,alimentar
649,0,Anda,anda
649,1,a,a
649,2,cosechar,cosechar
649,3,una,una
649,4,red,red
649,5,grande,grande
649,7,de,de
649,8,maíz,maz
649,10,y,y
649,11,vuelve,vuelve
649,12,en,en
649,13,seguida,seguida
649,15,puesto,puesto
649,16,que,que
649,17,eres,eres
649,18,mí,m
649,19,nuera,nuera
649,21,según,segn
649,22,lo,lo
649,23,que,que
649,24,oigo,oigo
649,26,le,le
649,27,dijo,dijo
649,28,a,a
649,29,la,la
649,30,muchacha,muchacha
650,1,Muy,muy
650,2,bien,bien
650,4,replicó,replic
650,5,la,la
650,6,joven,joven
650,8,y,y
650,9,se,se
650,10,fue,fue
650,11,en,en
650,12,seguida,seguida
650,13,para,para
650,14,la,la
650,15,milpa,milpa
650,16,que,que
650,17,poseían,posean
650,18,Hunbatz,hunbatz
650,19,y,y
650,20,Hunchouén,hunchoun
651,0,El,el
651,1,camino,camino
651,2,había,haba
651,3,sido,sido
651,4,abierto,abierto
651,5,por,por
651,6,ellos,ellos
651,7,y,y
651,8,la,la
651,9,joven,joven
651,10,lo,lo
651,11,tomó,tom
651,12,y,y
651,13,así,as
651,14,llegó,lleg
651,15,a,a
651,16,la,la
651,17,milpa,milpa
651,19,pero,pero
651,20,no,no
651,21,encontró,encontr
651,22,más,ms
651,23,que,que
651,24,una,una
651,25,mata,mata
651,26,de,de
651,27,maíz,maz
651,29,no,no
651,30,había,haba
651,31,dos,dos
651,33,ni,ni
651,34,tres,tres
651,36,y,y
651,37,viendo,viendo
651,38,que,que
651,39,sólo,slo
651,40,había,haba
651,41,una,una
651,42,mata,mata
651,43,con,con
651,44,su,su
651,45,espiga,espiga
651,47,se,se
651,48,llenó,llen
651,49,de,de
651,50,angustia,angustia
651,51,el,el
651,52,corazón,corazn
651,53,de,de
651,54,la,la
651,55,muchacha,muchacha
652,2,Ay,ay
652,4,pecadora,pecadora
652,6,desgraciada,desgraciada
652,7,de,de
652,8,mí,m
652,11,A,a
652,12,dónde,dnde
652,13,he,he
652,14,de,de
652,15,ir,ir
652,16,a,a
652,17,conseguir,conseguir
652,18,una,una
652,19,red,red
652,20,de,de
652,21,maíz,maz
652,23,como,como
652,24,se,se
652,25,me,me
652,26,ha,ha
652,27,ordenado,ordenado
652,30,exclamó,exclam
653,0,Y,y
653,1,en,en
653,2,seguida,seguida
653,3,se,se
653,4,puso,puso
653,5,a,a
653,6,invocar,invocar
653,7,al,al
653,8,Chahal,chahal
653,9,de,de
653,10,la,la
653,11,comida,comida
653,12,para,para
653,13,que,que
653,14,llegara,llegara
653,15,y,y
653,16,se,se
653,17,la,la
653,18,llevase,llevase
654,1,lxtoh,lxtoh
654,3,Ixcanil,ixcanil
654,5,Ixcacau,ixcacau
654,7,l,l
654,8,vosotras,vosotras
654,9,las,las
654,10,que,que
654,11,cocéis,cocis
654,12,el,el
654,13,maíz,maz
654,15,y,y
654,16,tú,t
654,17,Chahal,chahal
654,19,guardián,guardin
654,20,de,de
654,21,la,la
654,22,comida,comida
654,23,de,de
654,24,Hunbaíz,hunbaz
654,26,y,y
654,27,Hunchouén,hunchoun
654,30,dijo,dijo
654,31,la,la
654,32,muchacha,muchacha
655,0,Y,y
655,1,a,a
655,2,continuación,continuacin
655,3,cogió,cogi
655,4,las,las
655,5,barbas,barbas
655,7,los,los
655,8,pelos,pelos
655,9,rojos,rojos
655,10,de,de
655,11,la,la
655,12,mazor-,mazor
655,13,ca,ca
656,0,Luego,luego
656,1,los,los
656,2,arregló,arregl
656,3,en,en
656,4,la,la
656,5,red,red
656,6,como,como
656,7,mazorcas,mazorcas
656,8,de,de
656,9,maíz,maz
656,10,y,y
656,11,la,la
656,12,gran,gran
656,13,red,red
656,14,se,se
656,15,llenó,llen
656,16,completamente,completamente
657,0,Volvióse,volvise
657,1,en,en
657,2,seguida,seguida
657,3,la,la
657,4,joven,joven
657,6,los,los
657,7,animales,animales
657,8,del,del
657,9,campo,campo
657,10,iban,iban
657,11,cargando,cargando
657,12,la,la
657,13,red,red
657,15,y,y
657,16,cuando,cuando
657,17,llegaron,llegaron
657,19,fueron,fueron
657,20,a,a
657,21,dejar,dejar
657,22,la,la
657,23,carga,carga
657,24,a,a
657,25,un,un
657,26,rincón,rincn
657,27,de,de
657,28,la,la
657,29,casa,casa
657,31,como,como
657,32,si,si
657,33,ella,ella
657,34,la,la
657,35,hubiera,hubiera
657,36,llevado,llevado
658,0,Llegó,lleg
658,1,entonces,entonces
658,2,la,la
658,3,vieja,vieja
658,4,y,y
658,5,luego,luego
658,6,que,que
658,7,vio,vio
658,8,el,el
658,9,maíz,maz
658,10,que,que
658,11,había,haba
658,12,en,en
658,13,la,la
658,14,gran,gran
658,15,red,red
658,17,exclamó,exclam
658,21,De,de
658,22,dónde,dnde
658,23,has,has
658,24,traído,trado
658,25,todo,todo
658,26,este,este
658,27,maíz,maz
659,1,Por,por
659,2,ventura,ventura
659,3,acabaste,acabaste
659,4,con,con
659,5,nuestra,nuestra
659,6,milpa,milpa
659,7,y,y
659,8,te,te
659,9,la,la
659,10,has,has
659,11,traído,trado
659,12,toda,toda
659,13,para,para
659,14,acá,ac
660,0,Iré,ir
660,1,a,a
660,2,ver,ver
660,3,al,al
660,4,instante,instante
660,6,dijo,dijo
660,7,la,la
660,8,vieja,vieja
660,10,y,y
660,11,se,se
660,12,puso,puso
660,13,en,en
660,14,camino,camino
660,15,para,para
660,16,ir,ir
660,17,a,a
660,18,ver,ver
660,19,la,la
660,20,milpa,milpa
661,0,Pero,pero
661,1,la,la
661,2,única,nica
661,3,mata,mata
661,4,de,de
661,5,maíz,maz
661,6,estaba,estaba
661,7,allí,all
661,8,todavía,todava
661,9,y,y
661,10,asimismo,asimismo
661,11,se,se
661,12,veía,vea
661,13,el,el
661,14,lugar,lugar
661,15,donde,donde
661,16,había,haba
661,17,estado,estado
661,18,la,la
661,19,red,red
661,20,al,al
661,21,pie,pie
661,22,de,de
661,23,la,la
661,24,mata,mata
662,0,La,la
662,1,vieja,vieja
662,2,regresó,regres
662,3,entonces,entonces
662,4,a,a
662,5,toda,toda
662,6,prisa,prisa
662,7,a,a
662,8,su,su
662,9,casa,casa
662,10,y,y
662,11,dijo,dijo
662,12,a,a
662,13,la,la
662,14,muchacha,muchacha
662,17,Esta,esta
662,18,es,es
662,19,prueba,prueba
662,20,suficiente,suficiente
662,21,de,de
662,22,que,que
662,23,realmente,realmente
662,24,eres,eres
662,25,mí,m
662,26,nuera,nuera
663,0,Veré,ver
663,1,ahora,ahora
663,2,tus,tus
663,3,obras,obras
663,5,aquellos,aquellos
663,6,que,que
663,7,llevas,llevas
663,9,en,en
663,10,el,el
663,11,vientre,vientre
663,13,y,y
663,14,que,que
663,15,también,tambin
663,16,son,son
663,17,sabios,sabios
663,19,le,le
663,20,dijo,dijo
663,21,a,a
663,22,la,la
663,23,muchacha,muchacha
664,0,Contaremos,contaremos
664,1,Ahora,ahora
664,2,el,el
664,3,nacimiento,nacimiento
664,4,de,de
664,5,Hunahpú,hunahp
664,6,e,e
664,7,Ixbalanqué,ixbalanqu
665,0,Aquí,aqu
665,2,pues,pues
665,4,diremos,diremos
665,5,cómo,cmo
665,6,fue,fue
665,7,su,su
665,8,nacimiento,nacimiento
666,0,Cuando,cuando
666,1,llegó,lleg
666,2,el,el
666,3,día,da
666,4,de,de
666,5,su,su
666,6,nacimiento,nacimiento
666,8,dio,dio
666,9,a,a
666,10,luz,luz
666,11,la,la
666,12,joven,joven
666,13,que,que
666,14,se,se
666,15,llamaba,llamaba
666,16,Ixquic,ixquic
666,18,pero,pero
666,19,la,la
666,20,abuela,abuela
666,21,no,no
666,22,los,los
666,23,vio,vio
666,24,cuando,cuando
666,25,nacieron,nacieron
667,0,En,en
667,1,un,un
667,2,instante,instante
667,3,fueron,fueron
667,4,dados,dados
667,5,a,a
667,6,luz,luz
667,7,los,los
667,8,dos,dos
667,9,muchachos,muchachos
667,10,llamados,llamados
667,11,Hunahpú,hunahp
667,12,e,e
667,13,Ixbalanqué,ixbalanqu
668,0,Allá,all
668,1,en,en
668,2,el,el
668,3,monte,monte
668,4,fueron,fueron
668,5,dados,dados
668,6,a,a
668,7,luz,luz
669,0,Luego,luego
669,1,llegaron,llegaron
669,2,a,a
669,3,la,la
669,4,casa,casa
669,6,pero,pero
669,7,no,no
669,8,podían,podan
669,9,dormirse,dormirse
670,2,Anda,anda
670,3,a,a
670,4,botarlos,botarlos
670,5,afuera,afuera
670,8,dijo,dijo
670,9,la,la
670,10,vieja,vieja
670,12,porque,porque
670,13,verdaderamente,verdaderamente
670,14,es,es
670,15,mucho,mucho
670,16,lo,lo
670,17,que,que
670,18,gritan,gritan
671,0,Y,y
671,1,en,en
671,2,seguida,seguida
671,3,fueron,fueron
671,4,a,a
671,5,ponerlos,ponerlos
671,6,sobre,sobre
671,7,un,un
671,8,hormiguero,hormiguero
672,0,Allí,all
672,1,durmieron,durmieron
672,2,tranquilamente,tranquilamente
673,0,Luego,luego
673,1,los,los
673,2,quitaron,quitaron
673,3,de,de
673,4,ese,ese
673,5,lugar,lugar
673,6,y,y
673,7,los,los
673,8,pusieron,pusieron
673,9,sobre,sobre
673,10,las,las
673,11,espinas,espinas
674,0,Ahora,ahora
674,1,bien,bien
674,3,lo,lo
674,4,que,que
674,5,querían,queran
674,6,Hunbatz,hunbatz
674,7,y,y
674,8,Hunchouén,hunchoun
674,9,era,era
674,10,que,que
674,11,murieran,murieran
674,12,allí,all
674,13,mismo,mismo
674,14,en,en
674,15,el,el
674,16,hormiguero,hormiguero
674,18,o,o
674,19,que,que
674,20,murieran,murieran
674,21,sobre,sobre
674,22,las,las
674,23,espinas,espinas
675,0,Deseábanlo,desebanlo
675,1,así,as
675,2,a,a
675,3,causa,causa
675,4,del,del
675,5,odio,odio
675,6,y,y
675,7,de,de
675,8,la,la
675,9,envidia,envidia
675,10,que,que
675,11,por,por
675,12,ellos,ellos
675,13,sentían,sentan
675,14,Hunbatz,hunbatz
675,15,y,y
675,16,Hunchouén,hunchoun
676,0,Al,al
676,1,principio,principio
676,2,se,se
676,3,negaban,negaban
676,4,a,a
676,5,recibir,recibir
676,6,en,en
676,7,la,la
676,8,casa,casa
676,9,a,a
676,10,sus,sus
676,11,hermanos,hermanos
676,12,menores,menores
676,14,no,no
676,15,los,los
676,16,conocían,conocan
676,17,y,y
676,18,así,as
676,19,se,se
676,20,criaron,criaron
676,21,en,en
676,22,el,el
676,23,campo,campo
677,0,Hunbatz,hunbatz
677,1,y,y
677,2,Hunchouén,hunchoun
677,3,eran,eran
677,4,grandes,grandes
677,5,músicos,msicos
677,6,y,y
677,7,cantores,cantores
677,9,habían,haban
677,10,crecido,crecido
677,11,en,en
677,12,medio,medio
677,13,de,de
677,14,muchos,muchos
677,15,trabajos,trabajos
677,16,y,y
677,17,necesidades,necesidades
677,18,y,y
677,19,pasaron,pasaron
677,20,por,por
677,21,muchas,muchas
677,22,penas,penas
677,24,pero,pero
677,25,llegaron,llegaron
677,26,a,a
677,27,ser,ser
677,28,muy,muy
677,29,sabios,sabios
678,0,Eran,eran
678,1,a,a
678,2,un,un
678,3,tiempo,tiempo
678,4,flautistas,flautistas
678,6,cantores,cantores
678,8,pintores,pintores
678,9,y,y
678,10,talladores,talladores
678,12,todo,todo
678,13,lo,lo
678,14,sabían,saban
678,15,hacer,hacer
679,0,Tenían,tenan
679,1,noticia,noticia
679,2,de,de
679,3,su,su
679,4,nacimiento,nacimiento
679,5,y,y
679,6,sabían,saban
679,7,también,tambin
679,8,que,que
679,9,eran,eran
679,10,los,los
679,11,sucesores,sucesores
679,12,de,de
679,13,sus,sus
679,14,padres,padres
679,16,los,los
679,17,que,que
679,18,fueron,fueron
679,19,a,a
679,20,Xibalbá,xibalb
679,21,y,y
679,22,murieron,murieron
679,23,allá,all
680,0,Grandes,grandes
680,1,sabios,sabios
680,2,eran,eran
680,4,pues,pues
680,6,Hunbatz,hunbatz
680,7,y,y
680,8,Hunchouén,hunchoun
680,9,y,y
680,10,en,en
680,11,su,su
680,12,interior,interior
680,13,sabían,saban
680,14,todo,todo
680,15,lo,lo
680,16,relativo,relativo
680,17,al,al
680,18,nacimiento,nacimiento
680,19,de,de
680,20,sus,sus
680,21,hermanos,hermanos
680,22,menores,menores
681,0,Sin,sin
681,1,embargo,embargo
681,3,no,no
681,4,demostraban,demostraban
681,5,su,su
681,6,sabiduría,sabidura
681,8,por,por
681,9,la,la
681,10,envidia,envidia
681,11,que,que
681,12,les,les
681,13,tenían,tenan
681,15,pues,pues
681,16,sus,sus
681,17,corazones,corazones
681,18,estaban,estaban
681,19,llenos,llenos
681,20,de,de
681,21,mala,mala
681,22,voluntad,voluntad
681,23,para,para
681,24,ellos,ellos
681,26,sin,sin
681,27,que,que
681,28,Hunahpú,hunahp
681,29,e,e
681,30,Ixbalanqué,ixbalanqu
681,31,los,los
681,32,hubieran,hubieran
681,33,ofendido,ofendido
681,34,en,en
681,35,nada,nada
682,0,Estos,estos
682,1,últimos,ltimos
682,2,se,se
682,3,ocupaban,ocupaban
682,4,solamente,solamente
682,5,de,de
682,6,tirar,tirar
682,7,con,con
682,8,cerbatana,cerbatana
682,9,todos,todos
682,10,los,los
682,11,días,das
682,13,no,no
682,14,eran,eran
682,15,amados,amados
682,16,de,de
682,17,la,la
682,18,abuela,abuela
682,19,ni,ni
682,20,de,de
682,21,Hunbatz,hunbatz
682,23,ni,ni
682,24,de,de
682,25,Hunchouén,hunchoun
683,0,No,no
683,1,les,les
683,2,daban,daban
683,3,de,de
683,4,comer,comer
683,6,solamente,solamente
683,7,cuando,cuando
683,8,ya,ya
683,9,estaba,estaba
683,10,terminada,terminada
683,11,la,la
683,12,comida,comida
683,13,y,y
683,14,habían,haban
683,15,comido,comido
683,16,Hunbatz,hunbatz
683,17,y,y
683,18,Hunchouén,hunchoun
683,20,entonces,entonces
683,21,llegaban,llegaban
683,22,ellos,ellos
684,0,Pero,pero
684,1,no,no
684,2,se,se
684,3,enojaban,enojaban
684,5,ni,ni
684,6,se,se
684,7,encolerizaban,encolerizaban
684,8,y,y
684,9,sufrían,sufran
684,10,calladamente,calladamente
684,12,porque,porque
684,13,sabían,saban
684,14,su,su
684,15,condición,condicin
684,16,y,y
684,17,se,se
684,18,daban,daban
684,19,cuenta,cuenta
684,20,de,de
684,21,todo,todo
684,22,con,con
684,23,claridad,claridad
685,0,Traían,traan
685,1,sus,sus
685,2,pájaros,pjaros
685,3,cuando,cuando
685,4,venían,venan
685,5,cada,cada
685,6,día,da
685,8,y,y
685,9,Hunbatz,hunbatz
685,10,y,y
685,11,Hunchouén,hunchoun
685,12,se,se
685,13,los,los
685,14,comían,coman
685,16,sin,sin
685,17,darle,darle
685,18,nada,nada
685,19,a,a
685,20,ninguno,ninguno
685,21,de,de
685,22,los,los
685,23,dos,dos
685,25,Hunahpú,hunahp
685,26,e,e
685,27,Ixbalanqué,ixbalanqu
686,0,La,la
686,1,sola,sola
686,2,ocupación,ocupacin
686,3,de,de
686,4,Hunbatz,hunbatz
686,5,y,y
686,6,Hunchouén,hunchoun
686,7,era,era
686,8,tocar,tocar
686,9,la,la
686,10,flauta,flauta
686,11,y,y
686,12,cantar,cantar
687,0,Y,y
687,1,una,una
687,2,vez,vez
687,3,que,que
687,4,Hunahpú,hunahp
687,5,e,e
687,6,Ixbalanqué,ixbalanqu
687,7,llegaron,llegaron
687,8,sin,sin
687,9,traer,traer
687,10,ninguna,ninguna
687,11,clase,clase
687,12,de,de
687,13,pájaros,pjaros
687,15,entraron,entraron
687,17,en,en
687,18,la,la
687,19,casa,casa
687,21,y,y
687,22,se,se
687,23,enfureció,enfureci
687,24,la,la
687,25,abuela,abuela
688,2,Por,por
688,3,qué,qu
688,4,no,no
688,5,traéis,trais
688,6,pájaros,pjaros
688,9,les,les
688,10,dijo,dijo
688,11,a,a
688,12,Hunahpú,hunahp
688,13,e,e
688,14,Ixbalanqué,ixbalanqu
689,0,Y,y
689,1,ellos,ellos
689,2,contestaron,contestaron
689,4,Lo,lo
689,5,que,que
689,6,sucede,sucede
689,8,abuela,abuela
689,9,nuestra,nuestra
689,11,es,es
689,12,que,que
689,13,nuestros,nuestros
689,14,pájaros,pjaros
689,15,se,se
689,16,han,han
689,17,quedado,quedado
689,18,trabados,trabados
689,19,en,en
689,20,el,el
689,21,árbol,rbol
689,22,y,y
689,23,nosotros,nosotros
689,24,no,no
689,25,podemos,podemos
689,26,subir,subir
689,27,a,a
689,28,cogerlos,cogerlos
689,30,querida,querida
689,31,abuela,abuela
690,0,Si,si
690,1,nuestros,nuestros
690,2,hermanos,hermanos
690,3,mayores,mayores
690,4,así,as
690,5,lo,lo
690,6,quieren,quieren
690,8,que,que
690,9,vengan,vengan
690,10,con,con
690,11,nosotros,nosotros
690,12,y,y
690,13,que,que
690,14,vayan,vayan
690,15,a,a
690,16,bajar,bajar
690,17,los,los
690,18,pájaros,pjaros
690,20,dijeron,dijeron
691,1,-Está,est
691,2,bien,bien
691,4,dijeron,dijeron
691,5,los,los
691,6,hermanos,hermanos
691,7,mayores,mayores
691,9,contestando,contestando
691,11,iremos,iremos
691,12,con,con
691,13,vosotros,vosotros
691,14,al,al
691,15,amanecer,amanecer
692,0,Consultaron,consultaron
692,1,entonces,entonces
692,2,los,los
692,3,dos,dos
692,4,entre,entre
692,5,sí,s
692,6,la,la
692,7,manera,manera
692,8,de,de
692,9,vencer,vencer
692,10,a,a
692,11,Hunbatz,hunbatz
692,12,y,y
692,13,Hunchouén,hunchoun
693,1,Solamente,solamente
693,2,cambiaremos,cambiaremos
693,3,su,su
693,4,naturaleza,naturaleza
693,6,su,su
693,7,apariencia,apariencia
693,9,cúmplase,cmplase
693,10,así,as
693,11,nuestra,nuestra
693,12,palabra,palabra
693,14,por,por
693,15,los,los
693,16,muchos,muchos
693,17,sufrimientos,sufrimientos
693,18,que,que
693,19,nos,nos
693,20,han,han
693,21,causado,causado
694,0,Ellos,ellos
694,1,deseaban,deseaban
694,2,que,que
694,3,muriésemos,murisemos
694,5,que,que
694,6,nos,nos
694,7,perdiéramos,perdiramos
694,8,nosotros,nosotros
694,10,sus,sus
694,11,hermanos,hermanos
694,12,menores,menores
695,0,En,en
695,1,su,su
695,2,interior,interior
695,3,nos,nos
695,4,tenían,tenan
695,5,como,como
695,6,muchachos,muchachos
696,0,Por,por
696,1,todo,todo
696,2,esto,esto
696,3,los,los
696,4,venceremos,venceremos
696,5,y,y
696,6,daremos,daremos
696,7,un,un
696,8,ejemplo,ejemplo
697,0,Así,as
697,1,iban,iban
697,2,diciendo,diciendo
697,3,entre,entre
697,4,ellos,ellos
697,5,mientras,mientras
697,6,se,se
697,7,dirigían,dirigan
697,8,al,al
697,9,pie,pie
697,10,del,del
697,11,árbol,rbol
697,12,llamado,llamado
697,13,Canté,cant
698,0,Iban,iban
698,1,acompañados,acompaados
698,2,de,de
698,3,sus,sus
698,4,hermanos,hermanos
698,5,mayores,mayores
698,6,y,y
698,7,tirando,tirando
698,8,con,con
698,9,la,la
698,10,cerbatana,cerbatana
699,0,No,no
699,1,era,era
699,2,posible,posible
699,3,contar,contar
699,4,los,los
699,5,pájaros,pjaros
699,6,que,que
699,7,cantaban,cantaban
699,8,sobre,sobre
699,9,el,el
699,10,árbol,rbol
699,11,y,y
699,12,sus,sus
699,13,hermanos,hermanos
699,14,mayores,mayores
699,15,se,se
699,16,admiraban,admiraban
699,17,de,de
699,18,ver,ver
699,19,tantos,tantos
699,20,pájaros,pjaros
700,0,Había,haba
700,1,pájaros,pjaros
700,3,pero,pero
700,4,ni,ni
700,5,uno,uno
700,6,solo,solo
700,7,caía,caa
700,8,al,al
700,9,pie,pie
700,10,del,del
700,11,árbol,rbol
701,0,Nuestros,nuestros
701,1,pájaros,pjaros
701,2,no,no
701,3,caen,caen
701,4,al,al
701,5,suelo,suelo
702,0,Id,id
702,1,a,a
702,2,bajarlos,bajarlos
702,4,les,les
702,5,dijeron,dijeron
702,6,a,a
702,7,sus,sus
702,8,hermanos,hermanos
702,9,mayores,mayores
703,1,Muy,muy
703,2,bien,bien
703,4,contestaron,contestaron
703,5,éstos,stos
704,0,Y,y
704,1,en,en
704,2,seguida,seguida
704,3,subieron,subieron
704,4,al,al
704,5,árbol,rbol
704,6,pero,pero
704,7,el,el
704,8,árbol,rbol
704,9,aumentó,aument
704,10,de,de
704,11,tamaño,tamao
704,12,y,y
704,13,su,su
704,14,tronco,tronco
704,15,se,se
704,16,hinchó,hinch
705,0,Luego,luego
705,1,quisieron,quisieron
705,2,bajar,bajar
705,3,Hunbatz,hunbatz
705,4,y,y
705,5,Hunchouén,hunchoun
705,7,pero,pero
705,8,ya,ya
705,9,no,no
705,10,pudieron,pudieron
705,11,descender,descender
705,12,de,de
705,13,la,la
705,14,cima,cima
705,15,del,del
705,16,árbol,rbol
706,0,Entonces,entonces
706,1,exclamaron,exclamaron
706,2,desde,desde
706,3,lo,lo
706,4,alto,alto
706,5,del,del
706,6,árbol,rbol
706,9,Qué,qu
706,10,nos,nos
706,11,ha,ha
706,12,sucedido,sucedido
706,14,hermanos,hermanos
706,15,nuestros,nuestros
706,18,Desgraciados,desgraciados
706,19,de,de
706,20,nosotros,nosotros
706,22,este,este
706,23,árbol,rbol
706,24,nos,nos
706,25,causa,causa
706,26,espanto,espanto
706,27,de,de
706,28,sólo,slo
706,29,verlo,verlo
706,32,oh,oh
706,33,hermanos,hermanos
706,34,nuetros,nuetros
706,37,dijeron,dijeron
706,38,desde,desde
706,39,la,la
706,40,cima,cima
706,41,del,del
706,42,árbol,rbol
707,0,Hunahpú,hunahp
707,1,e,e
707,2,Ixbalanqué,ixbalanqu
707,3,les,les
707,4,contestaron,contestaron
707,7,Desatad,desatad
707,8,vuestros,vuestros
707,9,calzones,calzones
707,11,atadlos,atadlos
707,12,debajo,debajo
707,13,del,del
707,14,vientre,vientre
707,16,dejando,dejando
707,17,largas,largas
707,18,las,las
707,19,puntas,puntas
707,20,y,y
707,21,tirando,tirando
707,22,por,por
707,23,ellas,ellas
707,24,por,por
707,25,detrás,detrs
707,27,de,de
707,28,ese,ese
707,29,modo,modo
707,30,podréis,podris
707,31,andar,andar
707,32,fácilmente,fcilmente
708,0,Así,as
708,1,les,les
708,2,dijeron,dijeron
708,3,sus,sus
708,4,hermanos,hermanos
708,5,menores,menores
709,1,Está,est
709,2,bien,bien
709,4,contestaron,contestaron
709,6,tirando,tirando
709,7,la,la
709,8,punta,punta
709,9,de,de
709,10,sus,sus
709,11,ceñidores,ceidores
709,13,pero,pero
709,14,al,al
709,15,instante,instante
709,16,se,se
709,17,convirtieron,convirtieron
709,18,éstos,stos
709,19,en,en
709,20,colas,colas
709,21,y,y
709,22,ellos,ellos
709,23,tomaron,tomaron
709,24,la,la
709,25,apariencia,apariencia
709,26,de,de
709,27,monos,monos
710,0,En,en
710,1,seguida,seguida
710,2,se,se
710,3,fueron,fueron
710,4,sobre,sobre
710,5,las,las
710,6,ramas,ramas
710,7,de,de
710,8,los,los
710,9,árboles,rboles
710,11,por,por
710,12,entre,entre
710,13,los,los
710,14,montes,montes
710,15,grandes,grandes
710,16,y,y
710,17,pequeños,pequeos
710,18,y,y
710,19,se,se
710,20,internaron,internaron
710,21,en,en
710,22,el,el
710,23,bosque,bosque
710,25,haciendo,haciendo
710,26,muecas,muecas
710,27,columpiándose,columpindose
710,28,en,en
710,29,las,las
710,30,ramas,ramas
710,31,de,de
710,32,los,los
710,33,árboles,rboles
711,0,Así,as
711,1,fueron,fueron
711,2,vencidos,vencidos
711,3,Hunbatz,hunbatz
711,4,Hunchouén,hunchoun
711,5,por,por
711,6,Hunahpú,hunahp
711,7,e,e
711,8,Ixbalanqué,ixbalanqu
711,10,y,y
711,11,solo,solo
711,12,por,por
711,13,arte,arte
711,14,de,de
711,15,magia,magia
711,16,pudieron,pudieron
711,17,hacerlo,hacerlo
712,0,Volviéronse,volvironse
712,1,éstos,stos
712,2,a,a
712,3,su,su
712,4,casa,casa
712,5,al,al
712,6,llegar,llegar
712,7,hablaron,hablaron
712,8,con,con
712,9,su,su
712,10,abuela,abuela
712,11,y,y
712,12,con,con
712,13,su,su
712,14,madre,madre
712,16,diciéndoles,dicindoles
712,20,Qué,qu
712,21,será,ser
712,23,abuela,abuela
712,24,nuestra,nuestra
712,26,lo,lo
712,27,que,que
712,28,les,les
712,29,ha,ha
712,30,sucedido,sucedido
712,31,a,a
712,32,nuestros,nuestros
712,33,hermanos,hermanos
712,34,mayores,mayores
712,36,que,que
712,37,de,de
712,38,repente,repente
712,39,se,se
712,40,volvieron,volvieron
712,41,sus,sus
712,42,caras,caras
712,43,como,como
712,44,caras,caras
712,45,de,de
712,46,animales,animales
713,0,Así,as
713,1,dijeron,dijeron
714,1,Si,si
714,2,vosotros,vosotros
714,3,les,les
714,4,habéis,habis
714,5,hecho,hecho
714,6,algún,algn
714,7,daño,dao
714,8,a,a
714,9,vuestros,vuestros
714,10,hermanos,hermanos
714,12,me,me
714,13,habéis,habis
714,14,hecho,hecho
714,15,desgraciada,desgraciada
714,16,me,me
714,17,habéis,habis
714,18,llenado,llenado
714,19,de,de
714,20,tristeza,tristeza
715,0,No,no
715,1,hagáis,hagis
715,2,semejante,semejante
715,3,cosa,cosa
715,4,a,a
715,5,vuestros,vuestros
715,6,hermanos,hermanos
715,9,oh,oh
715,10,hijos,hijos
715,11,míos,mos
715,14,dijo,dijo
715,15,la,la
715,16,vieja,vieja
715,17,a,a
715,18,Hunahpú,hunahp
715,19,e,e
715,20,Ixbalanqué,ixbalanqu
716,0,Y,y
716,1,ellos,ellos
716,2,dijeron,dijeron
716,3,a,a
716,4,su,su
716,5,abuela,abuela
716,8,No,no
716,9,os,os
716,10,aflijáis,aflijis
716,12,abuela,abuela
716,13,nuestra,nuestra
717,0,Volveréis,volveris
717,1,a,a
717,2,ver,ver
717,3,la,la
717,4,cara,cara
717,5,de,de
717,6,nuestros,nuestros
717,7,hermanos,hermanos
717,9,ellos,ellos
717,10,volverán,volvern
717,12,pero,pero
717,13,será,ser
717,14,una,una
717,15,prueba,prueba
717,16,difícil,difcil
717,17,para,para
717,18,vos,vos
717,20,abuela,abuela
718,0,Y,y
718,1,tened,tened
718,2,cuidado,cuidado
718,3,de,de
718,4,no,no
718,5,reiros,reiros
719,0,Y,y
719,1,ahora,ahora
719,4,a,a
719,5,probar,probar
719,6,suerte,suerte
719,9,dijeron,dijeron
720,0,En,en
720,1,seguida,seguida
720,2,se,se
720,3,pusieron,pusieron
720,4,a,a
720,5,tocar,tocar
720,6,la,la
720,7,flauta,flauta
720,9,tocando,tocando
720,10,la,la
720,11,canción,cancin
720,12,de,de
720,13,Hunahpú-Qoy,hunahpqoy
721,0,Luego,luego
721,1,cantaron,cantaron
721,3,tocaron,tocaron
721,4,la,la
721,5,flauta,flauta
721,6,el,el
721,7,tambor,tambor
721,9,tomando,tomando
721,10,sus,sus
721,11,flautas,flautas
721,12,y,y
721,13,su,su
721,14,tambor,tambor
722,0,Después,despus
722,1,sentaron,sentaron
722,2,junto,junto
722,3,a,a
722,4,ellos,ellos
722,5,a,a
722,6,su,su
722,7,abuela,abuela
722,8,y,y
722,9,siguieron,siguieron
722,10,tocando,tocando
722,11,y,y
722,12,llamando,llamando
722,13,con,con
722,14,la,la
722,15,música,msica
722,16,y,y
722,17,el,el
722,18,canto,canto
722,20,entonando,entonando
722,21,la,la
722,22,canción,cancin
722,23,que,que
722,24,se,se
722,25,llama,llama
722,26,Hunaphú-Qoy,hunaphqoy
723,0,Por,por
723,1,fin,fin
723,2,llegaron,llegaron
723,3,Hunbatz,hunbatz
723,4,y,y
723,5,Hunchouén,hunchoun
723,6,y,y
723,7,al,al
723,8,llegar,llegar
723,9,se,se
723,10,pusieron,pusieron
723,11,a,a
723,12,bailar,bailar
723,14,pero,pero
723,15,cuando,cuando
723,16,la,la
723,17,vieja,vieja
723,18,vio,vio
723,19,sus,sus
723,20,feos,feos
723,21,visajes,visajes
723,22,se,se
723,23,echó,ech
723,24,a,a
723,25,reír,rer
723,26,al,al
723,27,verlos,verlos
723,28,la,la
723,29,vieja,vieja
723,31,sin,sin
723,32,poder,poder
723,33,contener,contener
723,34,la,la
723,35,risa,risa
723,37,y,y
723,38,ellos,ellos
723,39,se,se
723,40,fueron,fueron
723,41,al,al
723,42,instante,instante
723,43,no,no
723,44,se,se
723,45,les,les
723,46,volvió,volvi
723,47,a,a
723,48,ver,ver
723,49,la,la
723,50,cara,cara
724,2,Ya,ya
724,3,lo,lo
724,4,veis,veis
724,6,abuela,abuela
724,8,Se,se
724,9,han,han
724,10,ido,ido
724,11,para,para
724,12,el,el
724,13,bosque,bosque
725,1,Qué,qu
725,2,habéis,habis
725,3,hecho,hecho
725,5,abuela,abuela
725,6,nuestra?Sólo,nuestraslo
725,7,cuatro,cuatro
725,8,veces,veces
725,9,podemos,podemos
725,10,hacer,hacer
725,11,esta,esta
725,12,prueba,prueba
725,13,y,y
725,14,no,no
725,15,faltan,faltan
725,16,más,ms
725,17,que,que
725,18,tres,tres
726,0,Vamos,vamos
726,1,a,a
726,2,llamarlos,llamarlos
726,3,con,con
726,4,la,la
726,5,flauta,flauta
726,6,y,y
726,7,con,con
726,8,el,el
726,9,canto,canto
726,11,pero,pero
726,12,procurad,procurad
726,13,contener,contener
726,14,la,la
726,15,risa,risa
727,1,Que,que
727,2,comience,comience
727,3,la,la
727,4,prueba,prueba
727,7,dijeron,dijeron
727,8,Hunahpú,hunahp
727,9,e,e
727,10,Ixbalanqué,ixbalanqu
728,0,En,en
728,1,seguida,seguida
728,2,se,se
728,3,pusieron,pusieron
728,4,de,de
728,5,nuevo,nuevo
728,6,a,a
728,7,tocar,tocar
728,9,Hunbatz,hunbatz
728,10,Hunchouén,hunchoun
728,11,volvieron,volvieron
728,12,bailando,bailando
728,13,y,y
728,14,llegaron,llegaron
728,15,hasta,hasta
728,16,el,el
728,17,centro,centro
728,18,del,del
728,19,patio,patio
728,20,de,de
728,21,la,la
728,22,casa,casa
728,24,haciendo,haciendo
728,25,monerías,moneras
728,26,provocando,provocando
728,27,la,la
728,28,risa,risa
728,29,a,a
728,30,su,su
728,31,abuela,abuela
728,32,hasta,hasta
728,33,que,que
728,34,ésta,sta
728,35,soltó,solt
728,36,la,la
728,37,carcajada,carcajada
729,0,Realmente,realmente
729,1,eran,eran
729,2,muy,muy
729,3,divertidos,divertidos
729,4,cuando,cuando
729,5,llegaron,llegaron
729,6,con,con
729,7,sus,sus
729,8,caras,caras
729,9,de,de
729,10,mono,mono
729,12,sus,sus
729,13,anchas,anchas
729,14,posaderas,posaderas
729,16,suscolas,suscolas
729,17,delgadas,delgadas
729,18,y,y
729,19,el,el
729,20,agujero,agujero
729,21,de,de
729,22,su,su
729,23,vientre,vientre
729,25,todo,todo
729,26,lo,lo
729,27,cual,cual
729,28,obligaba,obligaba
729,29,a,a
729,30,la,la
729,31,vieja,vieja
729,32,a,a
729,33,reírse,rerse
730,0,Luego,luego
730,1,se,se
730,2,fueron,fueron
730,3,otra,otra
730,4,vez,vez
730,5,a,a
730,6,los,los
730,7,montes,montes
731,0,Y,y
731,1,Hunahpú,hunahp
731,2,e,e
731,3,Ixbalanqué,ixbalanqu
731,4,dijeron,dijeron
731,8,Y,y
731,9,ahora,ahora
731,10,qué,qu
731,11,hacemos,hacemos
731,13,abuela,abuela
732,0,Sólo,slo
732,1,esta,esta
732,2,tercera,tercera
732,3,vez,vez
732,4,probaremos,probaremos
733,0,Tocaron,tocaron
733,1,de,de
733,2,nuevo,nuevo
733,3,la,la
733,4,flauta,flauta
733,5,y,y
733,6,volvieron,volvieron
733,7,los,los
733,8,monos,monos
733,9,bailando,bailando
734,0,La,la
734,1,abuela,abuela
734,2,contuvo,contuvo
734,3,la,la
734,4,risa,risa
735,0,Luego,luego
735,1,subieron,subieron
735,2,sobre,sobre
735,3,la,la
735,4,cocina,cocina
735,6,sus,sus
735,7,ojos,ojos
735,8,despedían,despedan
735,9,una,una
735,10,luz,luz
735,11,roja,roja
735,13,alargaban,alargaban
735,14,y,y
735,15,se,se
735,16,restregaban,restregaban
735,17,los,los
735,18,hocicos,hocicos
735,19,y,y
735,20,espantaban,espantaban
735,21,de,de
735,22,las,las
735,23,muecas,muecas
735,24,que,que
735,25,se,se
735,26,hacían,hacan
735,27,uno,uno
735,28,al,al
735,29,otro,otro
736,0,En,en
736,1,cuanto,cuanto
736,2,la,la
736,3,abuela,abuela
736,4,vio,vio
736,5,todo,todo
736,6,esto,esto
736,7,se,se
736,8,echó,ech
736,9,a,a
736,10,reír,rer
736,11,violentamente,violentamente
736,13,pero,pero
736,14,ya,ya
736,15,no,no
736,16,se,se
736,17,les,les
736,18,volvieron,volvieron
736,19,a,a
736,20,ver,ver
736,21,las,las
736,22,caras,caras
736,24,a,a
736,25,causa,causa
736,26,de,de
736,27,la,la
736,28,risa,risa
736,29,de,de
736,30,la,la
736,31,vieja,vieja
737,1,Ya,ya
737,2,sólo,slo
737,3,esta,esta
737,4,vez,vez
737,5,los,los
737,6,llamaremos,llamaremos
737,8,abuela,abuela
737,10,para,para
737,11,que,que
737,12,salgan,salgan
737,13,acá,ac
737,14,por,por
737,15,la,la
737,16,cuarta,cuarta
737,17,vez,vez
737,19,dijeron,dijeron
737,20,los,los
737,21,muchachos,muchachos
738,0,Volvieron,volvieron
738,2,pues,pues
738,4,a,a
738,5,tocar,tocar
738,6,la,la
738,7,flauta,flauta
738,9,pero,pero
738,10,ellos,ellos
738,11,no,no
738,12,regresaron,regresaron
738,13,la,la
738,14,cuarta,cuarta
738,15,vez,vez
738,17,sino,sino
738,18,que,que
738,19,se,se
738,20,fueron,fueron
738,21,a,a
738,22,toda,toda
738,23,prisa,prisa
738,24,para,para
738,25,el,el
738,26,bosque,bosque
739,0,Los,los
739,1,muchachos,muchachos
739,2,le,le
739,3,dijeron,dijeron
739,4,a,a
739,5,la,la
739,6,abuela,abuela
739,9,Hemos,hemos
739,10,hecho,hecho
739,11,todo,todo
739,12,los,los
739,13,posible,posible
739,15,abuelita,abuelita
739,17,primero,primero
739,18,vinieron,vinieron
739,20,lue-,lue
739,21,go,go
739,22,probamos,probamos
739,23,a,a
739,24,llamarlos,llamarlos
739,25,de,de
739,26,nuevo,nuevo
740,0,Pero,pero
740,1,no,no
740,2,os,os
740,3,aflijáis,aflijis
740,5,aquí,aqu
740,6,estamos,estamos
740,7,nosotros,nosotros
740,9,vuestros,vuestros
740,10,nietos,nietos
740,12,a,a
740,13,nosotros,nosotros
740,14,debéis,debis
740,15,vernos,vernos
740,18,oh,oh
740,19,madre,madre
740,20,nuestra,nuestra
740,23,oh,oh
740,24,nuestra,nuestra
740,25,abuela,abuela
740,28,como,como
740,29,el,el
740,30,recuerdo,recuerdo
740,31,de,de
740,32,nuestros,nuestros
740,33,hermanos,hermanos
740,34,mayores,mayores
740,36,de,de
740,37,aquéllos,aqullos
740,38,que,que
740,39,se,se
740,40,llamaron,llamaron
740,41,y,y
740,42,tenían,tenan
740,43,por,por
740,44,nombre,nombre
740,45,Hunbatz,hunbatz
740,46,y,y
740,47,Hunchouén,hunchoun
740,49,dijeron,dijeron
740,50,Hunahpú,hunahp
740,51,e,e
740,52,Ixbalanqué,ixbalanqu
741,0,Aquellos,aquellos
741,1,eran,eran
741,2,invocados,invocados
741,3,por,por
741,4,los,los
741,5,músicos,msicos
741,6,y,y
741,7,los,los
741,8,cantores,cantores
741,10,por,por
741,11,las,las
741,12,gentes,gentes
741,13,antiguas,antiguas
742,0,Invocábanlos,invocbanlos
742,1,tambien,tambien
742,2,los,los
742,3,pintores,pintores
742,4,y,y
742,5,talladores,talladores
742,6,en,en
742,7,tiempos,tiempos
742,8,pasados,pasados
743,0,Pero,pero
743,1,fueron,fueron
743,2,convertidos,convertidos
743,3,en,en
743,4,animales,animales
743,5,y,y
743,6,se,se
743,7,volvieron,volvieron
743,8,monos,monos
743,9,porque,porque
743,10,se,se
743,11,ensoberbecieron,ensoberbecieron
743,12,y,y
743,13,maltrataron,maltrataron
743,14,a,a
743,15,sus,sus
743,16,hermanos,hermanos
744,0,De,de
744,1,esta,esta
744,2,manera,manera
744,3,sufrieron,sufrieron
744,4,sus,sus
744,5,corazones,corazones
744,7,así,as
744,8,fue,fue
744,9,su,su
744,10,pérdida,prdida
744,11,y,y
744,12,fueron,fueron
744,13,destruidos,destruidos
744,14,Hunbatz,hunbatz
744,15,y,y
744,16,Hunchouén,hunchoun
744,17,y,y
744,18,se,se
744,19,volvieron,volvieron
744,20,animales,animales
745,0,Habían,haban
745,1,vivido,vivido
745,2,siempre,siempre
745,3,en,en
745,4,su,su
745,5,casa,casa
745,7,fueron,fueron
745,8,músicos,msicos
745,9,y,y
745,10,cantores,cantores
745,11,e,e
745,12,hicieron,hicieron
745,13,también,tambin
745,14,grandes,grandes
745,15,cosas,cosas
745,16,cuando,cuando
745,17,vivían,vivan
745,18,con,con
745,19,la,la
745,20,abuela,abuela
745,21,y,y
745,22,con,con
745,23,su,su
745,24,madre,madre
746,0,Comenzaron,comenzaron
746,1,entonces,entonces
746,2,sus,sus
746,3,trabajos,trabajos
746,5,para,para
746,6,darse,darse
746,7,a,a
746,8,conocer,conocer
746,9,ante,ante
746,10,su,su
746,11,abuela,abuela
746,12,y,y
746,13,ante,ante
746,14,su,su
746,15,madre,madre
747,0,Lo,lo
747,1,primero,primero
747,2,que,que
747,3,harían,haran
747,4,era,era
747,5,la,la
747,6,milpa,milpa
748,0,Vamos,vamos
748,1,a,a
748,2,sembrar,sembrar
748,3,la,la
748,4,milpa,milpa
748,6,abuela,abuela
748,7,y,y
748,8,madre,madre
748,9,nuestra,nuestra
748,11,dijeron,dijeron
749,0,No,no
749,1,os,os
749,2,aflijáis,aflijis
749,4,aquí,aqu
749,5,estamos,estamos
749,6,nosotros,nosotros
749,8,vuestros,vuestros
749,9,nietos,nietos
749,11,nosotros,nosotros
749,12,los,los
749,13,que,que
749,14,estamos,estamos
749,15,en,en
749,16,lugar,lugar
749,17,de,de
749,18,nuestros,nuestros
749,19,hermanos,hermanos
749,21,dijeron,dijeron
749,22,Hunahpú,hunahp
749,23,e,e
749,24,Ixbalanqué,ixbalanqu
750,0,En,en
750,1,seguida,seguida
750,2,tomaron,tomaron
750,3,sus,sus
750,4,hachas,hachas
750,6,sus,sus
750,7,piochas,piochas
750,8,y,y
750,9,sus,sus
750,10,azadas,azadas
750,11,de,de
750,12,palo,palo
750,13,y,y
750,14,se,se
750,15,fueron,fueron
750,17,llevando,llevando
750,18,cada,cada
750,19,uno,uno
750,20,su,su
750,21,cerbatana,cerbatana
750,22,al,al
750,23,hombro,hombro
751,0,Al,al
751,1,salir,salir
751,2,de,de
751,3,su,su
751,4,casa,casa
751,6,le,le
751,7,encargaron,encargaron
751,8,a,a
751,9,su,su
751,10,abuela,abuela
751,11,que,que
751,12,les,les
751,13,llevara,llevara
751,14,su,su
751,15,comida,comida
752,1,A,a
752,2,mediodía,medioda
752,3,nos,nos
752,4,traeréis,traeris
752,5,la,la
752,6,comida,comida
752,8,abuela,abuela
752,10,le,le
752,11,dijeron,dijeron
753,1,Esta,esta
753,2,bien,bien
753,4,nietos,nietos
753,5,míos,mos
753,7,contestó,contest
753,8,la,la
753,9,vieja,vieja
754,0,Poco,poco
754,1,después,despus
754,2,llegaron,llegaron
754,3,al,al
754,4,lugar,lugar
754,5,de,de
754,6,la,la
754,7,siembra,siembra
755,0,Y,y
755,1,al,al
755,2,hundir,hundir
755,3,el,el
755,4,azadón,azadn
755,5,en,en
755,6,la,la
755,7,tierra,tierra
755,9,éste,ste
755,10,labraba,labraba
755,11,la,la
755,12,tierra,tierra
755,14,el,el
755,15,azadón,azadn
755,16,hacía,haca
755,17,el,el
755,18,trabajo,trabajo
755,19,por,por
755,20,sí,s
755,21,solo,solo
756,0,De,de
756,1,la,la
756,2,misma,misma
756,3,manera,manera
756,4,clavaban,clavaban
756,5,el,el
756,6,hacha,hacha
756,7,en,en
756,8,el,el
756,9,tronco,tronco
756,10,de,de
756,11,los,los
756,12,árboles,rboles
756,13,y,y
756,14,en,en
756,15,sus,sus
756,16,ramas,ramas
756,17,y,y
756,18,al,al
756,19,punto,punto
756,20,caían,caan
756,21,y,y
756,22,quedaban,quedaban
756,23,tendidos,tendidos
756,24,en,en
756,25,el,el
756,26,suelo,suelo
756,27,todos,todos
756,28,los,los
756,29,árboles,rboles
756,30,y,y
756,31,bejucos,bejucos
757,0,Rápidamente,rpidamente
757,1,caían,caan
757,2,los,los
757,3,árboles,rboles
757,5,cortados,cortados
757,6,de,de
757,7,un,un
757,8,solo,solo
757,9,hachazo,hachazo
758,0,Lo,lo
758,1,que,que
758,2,había,haba
758,3,arrancado,arrancado
758,4,el,el
758,5,azadón,azadn
758,6,era,era
758,7,mucho,mucho
758,8,también,tambin
759,0,No,no
759,1,se,se
759,2,podía,poda
759,3,contar,contar
759,4,las,las
759,5,zarzas,zarzas
759,6,ni,ni
759,7,las,las
759,8,espinas,espinas
759,9,que,que
759,10,habían,haban
759,11,cortado,cortado
759,12,con,con
759,13,un,un
759,14,solo,solo
759,15,golpe,golpe
759,16,del,del
759,17,azadón,azadn
760,0,Tampoco,tampoco
760,1,era,era
760,2,posible,posible
760,3,calcular,calcular
760,4,lo,lo
760,5,que,que
760,6,habían,haban
760,7,arrancado,arrancado
760,8,y,y
760,9,derribado,derribado
760,10,en,en
760,11,todos,todos
760,12,los,los
760,13,montes,montes
760,14,grandes,grandes
760,15,y,y
760,16,pequeños,pequeos
761,0,Y,y
761,1,habiendo,habiendo
761,2,aleccionado,aleccionado
761,3,a,a
761,4,un,un
761,5,animal,animal
761,6,llamado,llamado
761,7,Ixmucur,ixmucur
761,9,lo,lo
761,10,hicieron,hicieron
761,11,subir,subir
761,12,a,a
761,13,la,la
761,14,cima,cima
761,15,de,de
761,16,un,un
761,17,gran,gran
761,18,tronco,tronco
761,19,y,y
761,20,Hunahpú,hunahp
761,21,e,e
761,22,Ixbalanqué,ixbalanqu
761,23,le,le
761,24,dijeron,dijeron
761,27,Observa,observa
761,28,cuando,cuando
761,29,venga,venga
761,30,nuestra,nuestra
761,31,abuela,abuela
761,32,a,a
761,33,traernos,traernos
761,34,la,la
761,35,comida,comida
761,36,y,y
761,37,al,al
761,38,instante,instante
761,39,comienza,comienza
761,40,a,a
761,41,cantar,cantar
761,42,y,y
761,43,nosotros,nosotros
761,44,empuñaremos,empuaremos
761,45,la,la
761,46,azada,azada
761,47,y,y
761,48,el,el
761,49,hacha,hacha
762,1,Esta,esta
762,2,bien,bien
762,4,contestó,contest
762,5,Ixmucur,ixmucur
763,0,En,en
763,1,seguida,seguida
763,2,se,se
763,3,pusieron,pusieron
763,4,a,a
763,5,tirar,tirar
763,6,con,con
763,7,la,la
763,8,cerbatana,cerbatana
763,10,ciertamente,ciertamente
763,11,no,no
763,12,hacían,hacan
763,13,ningún,ningn
763,14,trabajo,trabajo
763,15,de,de
763,16,labranza,labranza
764,0,Poco,poco
764,1,después,despus
764,2,cantó,cant
764,3,la,la
764,4,paloma,paloma
764,5,e,e
764,6,inmediatamente,inmediatamente
764,7,corrió,corri
764,8,uno,uno
764,9,a,a
764,10,coger,coger
764,11,la,la
764,12,azada,azada
764,13,y,y
764,14,el,el
764,15,otro,otro
764,16,a,a
764,17,coger,coger
764,18,el,el
764,19,hacha,hacha
765,0,Y,y
765,1,envolviéndose,envolvindose
765,2,la,la
765,3,cabeza,cabeza
765,5,el,el
765,6,uno,uno
765,7,se,se
765,8,cubrió,cubri
765,9,de,de
765,10,tierra,tierra
765,11,las,las
765,12,manos,manos
765,13,intencionalmente,intencionalmente
765,14,y,y
765,15,se,se
765,16,ensució,ensuci
765,17,asimismo,asimismo
765,18,la,la
765,19,cara,cara
765,20,como,como
765,21,un,un
765,22,verdadero,verdadero
765,23,labrador,labrador
765,25,y,y
765,26,el,el
765,27,otro,otro
765,28,adrede,adrede
765,29,se,se
765,30,echó,ech
765,31,astillas,astillas
765,32,de,de
765,33,madera,madera
765,34,sobre,sobre
765,35,la,la
765,36,cabeza,cabeza
765,37,como,como
765,38,si,si
765,39,efectivamente,efectivamente
765,40,hubiera,hubiera
765,41,estado,estado
765,42,cortando,cortando
765,43,los,los
765,44,árboles,rboles
766,0,Así,as
766,1,fueron,fueron
766,2,vistos,vistos
766,3,por,por
766,4,su,su
766,5,abuela,abuela
767,0,En,en
767,1,seguida,seguida
767,2,comieron,comieron
767,4,pero,pero
767,5,realmente,realmente
767,6,no,no
767,7,habían,haban
767,8,hecho,hecho
767,9,trabajo,trabajo
767,10,de,de
767,11,labranza,labranza
767,12,y,y
767,13,sin,sin
767,14,merecerla,merecerla
767,15,les,les
767,16,dieron,dieron
767,17,su,su
767,18,comida,comida
768,0,Luego,luego
768,1,se,se
768,2,fueron,fueron
768,3,a,a
768,4,su,su
768,5,casa,casa
769,1,Estamos,estamos
769,2,verdaderamente,verdaderamente
769,3,cansados,cansados
769,5,abuela,abuela
769,7,dijeron,dijeron
769,8,al,al
769,9,llegar,llegar
769,11,estirando,estirando
769,12,sin,sin
769,13,motivo,motivo
769,14,las,las
769,15,piernas,piernas
769,16,y,y
769,17,los,los
769,18,brazos,brazos
769,19,ante,ante
769,20,su,su
769,21,abuela,abuela
770,0,Regresaron,regresaron
770,1,al,al
770,2,día,da
770,3,siguiente,siguiente
770,5,y,y
770,6,al,al
770,7,llegar,llegar
770,8,al,al
770,9,campo,campo
770,10,encontraron,encontraron
770,11,que,que
770,12,se,se
770,13,habían,haban
770,14,vuelto,vuelto
770,15,a,a
770,16,levantar,levantar
770,17,todos,todos
770,18,los,los
770,19,árboles,rboles
770,20,y,y
770,21,bejucos,bejucos
770,22,y,y
770,23,que,que
770,24,todas,todas
770,25,las,las
770,26,zarzas,zarzas
770,27,y,y
770,28,espinas,espinas
770,29,se,se
770,30,habían,haban
770,31,vuelto,vuelto
770,32,a,a
770,33,unir,unir
770,34,y,y
770,35,enlazar,enlazar
770,36,entre,entre
770,37,sí,s
771,2,Quién,quin
771,3,nos,nos
771,4,ha,ha
771,5,hecho,hecho
771,6,este,este
771,7,engaño,engao
771,10,dijeron,dijeron
772,0,Sin,sin
772,1,duda,duda
772,2,lo,lo
772,3,han,han
772,4,hecho,hecho
772,5,todos,todos
772,6,los,los
772,7,animales,animales
772,8,pequeños,pequeos
772,9,y,y
772,10,grandes,grandes
772,12,el,el
772,13,león,len
772,15,el,el
772,16,tigre,tigre
772,18,el,el
772,19,venado,venado
772,21,el,el
772,22,conejo,conejo
772,24,el,el
772,25,gato,gato
772,26,de,de
772,27,monte,monte
772,29,el,el
772,30,coyote,coyote
772,32,el,el
772,33,jabalí,jabal
772,35,el,el
772,36,pisote,pisote
772,38,los,los
772,39,pájaros,pjaros
772,40,chicos,chicos
772,42,los,los
772,43,pájaros,pjaros
772,44,grandes,grandes
772,46,éstos,stos
772,47,fueron,fueron
772,48,los,los
772,49,que,que
772,50,lo,lo
772,51,hicieron,hicieron
772,52,y,y
772,53,en,en
772,54,una,una
772,55,sola,sola
772,56,noche,noche
772,57,lo,lo
772,58,ejecutaron,ejecutaron
773,0,En,en
773,1,seguida,seguida
773,2,comenzaron,comenzaron
773,3,de,de
773,4,nuevo,nuevo
773,5,a,a
773,6,preparar,preparar
773,7,el,el
773,8,campo,campo
773,9,y,y
773,10,a,a
773,11,arreglar,arreglar
773,12,la,la
773,13,tierra,tierra
773,14,y,y
773,15,los,los
773,16,árboles,rboles
773,17,cortados,cortados
774,0,Luego,luego
774,1,discurrieron,discurrieron
774,2,acerca,acerca
774,3,de,de
774,4,lo,lo
774,5,que,que
774,6,habían,haban
774,7,de,de
774,8,hacer,hacer
774,9,con,con
774,10,los,los
774,11,palos,palos
774,12,cortados,cortados
774,13,y,y
774,14,las,las
774,15,hierbas,hierbas
774,16,arrancadas,arrancadas
775,1,Ahora,ahora
775,2,velaremos,velaremos
775,3,nuestra,nuestra
775,4,milpa,milpa
775,6,tal,tal
775,7,vez,vez
775,8,podamos,podamos
775,9,sorprender,sorprender
775,10,al,al
775,11,que,que
775,12,viene,viene
775,13,a,a
775,14,hacer,hacer
775,15,todo,todo
775,16,este,este
775,17,daño,dao
775,19,dijeron,dijeron
775,20,discurriendo,discurriendo
775,21,entre,entre
775,22,sí,s
776,0,Y,y
776,1,a,a
776,2,continuación,continuacin
776,3,regresaron,regresaron
776,4,a,a
776,5,la,la
776,6,casa,casa
777,2,Qué,qu
777,3,os,os
777,4,parece,parece
777,6,abuela,abuela
777,8,que,que
777,9,se,se
777,10,han,han
777,11,burlado,burlado
777,12,de,de
777,13,nosotros,nosotros
778,0,Nuestro,nuestro
778,1,campo,campo
778,2,que,que
778,3,habíamos,habamos
778,4,labrado,labrado
778,5,se,se
778,6,ha,ha
778,7,vuelto,vuelto
778,8,un,un
778,9,gran,gran
778,10,pajonal,pajonal
778,11,y,y
778,12,bosque,bosque
778,13,espeso,espeso
779,0,Así,as
779,1,lo,lo
779,2,hallamos,hallamos
779,3,cuando,cuando
779,4,llegamos,llegamos
779,5,hace,hace
779,6,un,un
779,7,rato,rato
779,9,abuela,abuela
779,11,le,le
779,12,dijeron,dijeron
779,13,a,a
779,14,su,su
779,15,abuela,abuela
779,16,y,y
779,17,a,a
779,18,su,su
779,19,madre,madre
780,0,Pero,pero
780,1,volveremos,volveremos
780,2,allá,all
780,3,y,y
780,4,velaremos,velaremos
780,6,porque,porque
780,7,no,no
780,8,es,es
780,9,justo,justo
780,10,que,que
780,11,nos,nos
780,12,hagan,hagan
780,13,tales,tales
780,14,cosas,cosas
780,16,dijeron,dijeron
781,0,Luego,luego
781,1,se,se
781,2,vistieron,vistieron
781,3,y,y
781,4,en,en
781,5,seguida,seguida
781,6,se,se
781,7,fueron,fueron
781,8,de,de
781,9,nuevo,nuevo
781,10,a,a
781,11,su,su
781,12,campo,campo
781,13,de,de
781,14,árboles,rboles
781,15,cortados,cortados
781,16,y,y
781,17,allí,all
781,18,se,se
781,19,escondieron,escondieron
781,21,recatándose,recatndose
781,22,en,en
781,23,la,la
781,24,sombra,sombra
782,0,Reuniéronse,reunironse
782,1,entonces,entonces
782,2,todos,todos
782,3,los,los
782,4,animales,animales
782,6,uno,uno
782,7,de,de
782,8,cada,cada
782,9,especie,especie
782,10,se,se
782,11,juntó,junt
782,12,con,con
782,13,todos,todos
782,14,los,los
782,15,demás,dems
782,16,animales,animales
782,17,chicos,chicos
782,18,y,y
782,19,animales,animales
782,20,grandes,grandes
783,0,Y,y
783,1,era,era
783,2,media,media
783,3,noche,noche
783,4,en,en
783,5,punto,punto
783,6,cuando,cuando
783,7,llegaron,llegaron
783,8,hablando,hablando
783,9,todos,todos
783,10,y,y
783,11,diciendo,diciendo
783,12,así,as
783,13,en,en
783,14,sus,sus
783,15,lenguas,lenguas
783,19,Levantaos,levantaos
783,20,árboles,rboles
783,23,Levantaos,levantaos
783,25,bejucos,bejucos
783,28,Esto,esto
783,29,decían,decan
783,30,cuando,cuando
783,31,llegaron,llegaron
783,32,y,y
783,33,se,se
783,34,agruparon,agruparon
783,35,bajo,bajo
783,36,los,los
783,37,árboles,rboles
783,38,y,y
783,39,bajo,bajo
783,40,los,los
783,41,bejucos,bejucos
783,42,y,y
783,43,fueron,fueron
783,44,acercándose,acercndose
783,45,hasta,hasta
783,46,manifestarse,manifestarse
783,47,ante,ante
783,48,sus,sus
783,49,ojos,ojos
783,51,de,de
783,52,Hunahpú,hunahp
783,53,e,e
783,54,Ixbalanqué,ixbalanqu
784,0,Eran,eran
784,1,los,los
784,2,primeros,primeros
784,3,el,el
784,4,león,len
784,5,y,y
784,6,el,el
784,7,tigre,tigre
784,9,y,y
784,10,quisieron,quisieron
784,11,cogerlos,cogerlos
784,12,pero,pero
784,13,no,no
784,14,se,se
784,15,dejaron,dejaron
785,0,Luego,luego
785,1,se,se
785,2,acercaron,acercaron
785,3,al,al
785,4,venado,venado
785,5,y,y
785,6,al,al
785,7,conejo,conejo
785,8,y,y
785,9,sólo,slo
785,10,les,les
785,11,pudieron,pudieron
785,12,coger,coger
785,13,las,las
785,14,colas,colas
785,16,solamente,solamente
785,17,se,se
785,18,las,las
785,19,arrancaron,arrancaron
786,0,La,la
786,1,cola,cola
786,2,del,del
786,3,venado,venado
786,4,les,les
786,5,quedó,qued
786,6,entre,entre
786,7,las,las
786,8,manos,manos
786,9,y,y
786,10,por,por
786,11,esta,esta
786,12,razón,razn
786,13,el,el
786,14,venado,venado
786,15,y,y
786,16,el,el
786,17,conejo,conejo
786,18,llevan,llevan
786,19,cortas,cortas
786,20,las,las
786,21,colas,colas
787,0,El,el
787,1,gato,gato
787,2,de,de
787,3,monte,monte
787,5,el,el
787,6,coyote,coyote
787,8,el,el
787,9,jabalí,jabal
787,10,y,y
787,11,el,el
787,12,pisóte,piste
787,13,tampoco,tampoco
787,14,se,se
787,15,entregaron,entregaron
788,0,Todos,todos
788,1,los,los
788,2,animales,animales
788,3,pasaron,pasaron
788,4,frente,frente
788,5,a,a
788,6,Hunahpú,hunahp
788,7,e,e
788,8,Ixbalanqué,ixbalanqu
788,10,cuyos,cuyos
788,11,corazones,corazones
788,12,ardían,ardan
788,13,de,de
788,14,cólera,clera
788,15,porque,porque
788,16,no,no
788,17,los,los
788,18,podían,podan
788,19,coger,coger
789,0,Pero,pero
789,2,por,por
789,3,último,ltimo
789,5,llegó,lleg
789,6,otro,otro
789,7,dando,dando
789,8,saltos,saltos
789,9,al,al
789,10,llegar,llegar
789,12,y,y
789,13,a,a
789,14,éste,ste
789,16,que,que
789,17,era,era
789,18,el,el
789,19,ratón,ratn
789,21,al,al
789,22,instante,instante
789,23,lo,lo
789,24,atraparon,atraparon
789,25,y,y
789,26,lo,lo
789,27,envolvieron,envolvieron
789,28,en,en
789,29,un,un
789,30,paño,pao
790,0,Y,y
790,1,luego,luego
790,2,que,que
790,3,lo,lo
790,4,cogieron,cogieron
790,6,le,le
790,7,apretaron,apretaron
790,8,la,la
790,9,cabeza,cabeza
790,10,y,y
790,11,lo,lo
790,12,quisieron,quisieron
790,13,ahogar,ahogar
790,15,y,y
790,16,le,le
790,17,quemaron,quemaron
790,18,la,la
790,19,cola,cola
790,20,en,en
790,21,el,el
790,22,fuego,fuego
790,24,de,de
790,25,donde,donde
790,26,viene,viene
790,27,que,que
790,28,la,la
790,29,cola,cola
790,30,del,del
790,31,ratón,ratn
790,32,no,no
790,33,tiene,tiene
790,34,pelo,pelo
790,36,y,y
790,37,así,as
790,38,también,tambin
790,39,le,le
790,40,quisieron,quisieron
790,41,pegar,pegar
790,42,en,en
790,43,los,los
790,44,ojos,ojos
790,45,los,los
790,46,dos,dos
790,47,muchachos,muchachos
790,48,Hunahpú,hunahp
790,49,e,e
790,50,Ixbalanqué,ixbalanqu
791,0,Y,y
791,1,dijo,dijo
791,2,el,el
791,3,ratón,ratn
791,6,Yo,yo
791,7,no,no
791,8,debo,debo
791,9,morir,morir
791,10,a,a
791,11,vuestras,vuestras
791,12,manos,manos
792,0,Y,y
792,1,vuestro,vuestro
792,2,oficio,oficio
792,3,tampoco,tampoco
792,4,es,es
792,5,el,el
792,6,de,de
792,7,sembrar,sembrar
792,8,milpa,milpa
793,2,Qué,qu
793,3,nos,nos
793,4,cuentas,cuentas
793,5,tú,t
793,6,ahora,ahora
793,9,le,le
793,10,dijeron,dijeron
793,11,los,los
793,12,muchachos,muchachos
793,13,al,al
793,14,ratón,ratn
794,1,Soltadme,soltadme
794,2,un,un
794,3,poco,poco
794,5,que,que
794,6,en,en
794,7,mi,mi
794,8,pecho,pecho
794,9,tengo,tengo
794,10,algo,algo
794,11,que,que
794,12,deciros,deciros
794,13,y,y
794,14,os,os
794,15,lo,lo
794,16,diré,dir
794,17,en,en
794,18,seguida,seguida
794,20,pero,pero
794,21,antes,antes
794,22,dadme,dadme
794,23,algo,algo
794,24,de,de
794,25,comer,comer
794,27,dijo,dijo
794,28,el,el
794,29,ratón,ratn
795,1,Después,despus
795,2,te,te
795,3,daremos,daremos
795,4,tu,tu
795,5,comida,comida
795,7,pero,pero
795,8,habla,habla
795,9,primero,primero
795,11,le,le
795,12,contestaron,contestaron
796,1,Está,est
796,2,bien,bien
797,0,Sabréis,sabris
797,2,pues,pues
797,4,que,que
797,5,los,los
797,6,bienes,bienes
797,7,de,de
797,8,vuestros,vuestros
797,9,padres,padres
797,10,Hun-Hunahpú,hunhunahp
797,11,y,y
797,12,Vucub-Hunahpú,vucubhunahp
797,14,así,as
797,15,llamados,llamados
797,17,aquellos,aquellos
797,18,que,que
797,19,murieron,murieron
797,20,en,en
797,21,Xibalbá,xibalb
797,23,o,o
797,24,sea,sea
797,25,los,los
797,26,instrumentos,instrumentos
797,27,con,con
797,28,que,que
797,29,jugaban,jugaban
797,31,han,han
797,32,quedado,quedado
797,33,y,y
797,34,están,estn
797,35,allí,all
797,36,colgados,colgados
797,37,en,en
797,38,el,el
797,39,techo,techo
797,40,de,de
797,41,la,la
797,42,casa,casa
797,44,el,el
797,45,anillo,anillo
797,47,los,los
797,48,guantes,guantes
797,49,y,y
797,50,la,la
797,51,pelota,pelota
798,0,Sin,sin
798,1,embargo,embargo
798,3,vuestra,vuestra
798,4,abuela,abuela
798,5,no,no
798,6,os,os
798,7,los,los
798,8,quiere,quiere
798,9,enseñar,ensear
798,10,porque,porque
798,11,a,a
798,12,causa,causa
798,13,de,de
798,14,ellos,ellos
798,15,murieron,murieron
798,16,vuestros,vuestros
798,17,padres,padres
799,2,Lo,lo
799,3,sabes,sabes
799,4,con,con
799,5,certeza,certeza
799,8,le,le
799,9,dijeron,dijeron
799,10,los,los
799,11,muchachos,muchachos
799,12,al,al
799,13,ratón,ratn
800,0,Y,y
800,1,sus,sus
800,2,corazones,corazones
800,3,se,se
800,4,alegraron,alegraron
800,5,grandemente,grandemente
800,6,cuando,cuando
800,7,oyeron,oyeron
800,8,la,la
800,9,noticia,noticia
800,10,de,de
800,11,la,la
800,12,pelota,pelota
800,13,de,de
800,14,goma,goma
801,0,Y,y
801,1,como,como
801,2,ya,ya
801,3,había,haba
801,4,hablado,hablado
801,5,el,el
801,6,ratón,ratn
801,8,le,le
801,9,señalaron,sealaron
801,10,su,su
801,11,comida,comida
801,12,al,al
801,13,raton,raton
802,1,Esta,esta
802,2,será,ser
802,3,la,la
802,4,comida,comida
802,6,el,el
802,7,maíz,maz
802,9,las,las
802,10,pepitas,pepitas
802,11,de,de
802,12,chile,chile
802,14,el,el
802,15,frijol,frijol
802,17,el,el
802,18,pataxte,pataxte
802,20,el,el
802,21,cacao,cacao
802,23,todo,todo
802,24,esto,esto
802,25,te,te
802,26,pertenece,pertenece
802,28,y,y
802,29,si,si
802,30,hay,hay
802,31,algo,algo
802,32,que,que
802,33,esté,est
802,34,guardado,guardado
802,35,u,u
802,36,olvidado,olvidado
802,38,tuyo,tuyo
802,39,será,ser
802,40,también,tambin
802,43,cómelo,cmelo
802,46,le,le
802,47,fue,fue
802,48,dicho,dicho
802,49,al,al
802,50,ratón,ratn
802,51,por,por
802,52,Hunahpú,hunahp
802,53,e,e
802,54,Ixbalanqué,ixbalanqu
803,1,Magnífico,magnfico
803,3,muchachos,muchachos
803,5,dijo,dijo
803,6,aquél,aqul
803,8,pero,pero
803,10,qué,qu
803,11,le,le
803,12,diré,dir
803,13,a,a
803,14,vuestra,vuestra
803,15,abuela,abuela
803,16,si,si
803,17,me,me
803,18,ve,ve
804,1,No,no
804,2,tengas,tengas
804,3,pena,pena
804,5,porque,porque
804,6,nosotros,nosotros
804,7,estamos,estamos
804,8,aquí,aqu
804,9,y,y
804,10,sabremos,sabremos
804,11,lo,lo
804,12,que,que
804,13,hay,hay
804,14,que,que
804,15,decirle,decirle
804,16,a,a
804,17,nuestra,nuestra
804,18,abuela,abuela
805,1,Vamos,vamos
805,4,lleguemos,lleguemos
805,5,pronto,pronto
805,6,a,a
805,7,esta,esta
805,8,esquina,esquina
805,9,de,de
805,10,la,la
805,11,casa,casa
805,13,llega,llega
805,14,pronto,pronto
805,15,a,a
805,16,donde,donde
805,17,están,estn
805,18,esas,esas
805,19,cosas,cosas
805,20,colgadas,colgadas
805,22,nosotros,nosotros
805,23,estaremos,estaremos
805,24,mirando,mirando
805,25,al,al
805,26,desván,desvn
805,27,de,de
805,28,la,la
805,29,casa,casa
805,30,y,y
805,31,atendiendo,atendiendo
805,32,únicamente,nicamente
805,33,a,a
805,34,nuestra,nuestra
805,35,comida,comida
805,37,le,le
805,38,dijeron,dijeron
805,39,al,al
805,40,ratón,ratn
806,0,Y,y
806,1,habiéndolo,habindolo
806,2,dispuesto,dispuesto
806,3,así,as
806,4,durante,durante
806,5,la,la
806,6,noche,noche
806,8,después,despus
806,9,de,de
806,10,consultarlo,consultarlo
806,11,entre,entre
806,12,sí,s
806,14,Hunahpú,hunahp
806,15,e,e
806,16,Ixbalanqué,ixbalanqu
806,17,llegaron,llegaron
806,18,a,a
806,19,mediodía,medioda
807,0,Cuando,cuando
807,1,llegaron,llegaron
807,2,llevaban,llevaban
807,3,consigo,consigo
807,4,al,al
807,5,ratón,ratn
807,7,pero,pero
807,8,no,no
807,9,lo,lo
807,10,enseñaban,enseaban
807,12,uno,uno
807,13,de,de
807,14,ellos,ellos
807,15,entró,entr
807,16,directamente,directamente
807,17,a,a
807,18,la,la
807,19,casa,casa
807,20,y,y
807,21,el,el
807,22,otro,otro
807,23,se,se
807,24,acercó,acerc
807,25,a,a
807,26,la,la
807,27,esquina,esquina
807,28,y,y
807,29,de,de
807,30,allí,all
807,31,hizo,hizo
807,32,subir,subir
807,33,al,al
807,34,instante,instante
807,35,al,al
807,36,ratón,ratn
808,0,En,en
808,1,seguida,seguida
808,2,pidieron,pidieron
808,3,su,su
808,4,comida,comida
808,5,a,a
808,6,su,su
808,7,abuela,abuela
809,1,Preparad,preparad
809,2,nuestra,nuestra
809,3,comida,comida
809,5,queremos,queremos
809,6,un,un
809,7,chil,chil
809,8,mol,mol
809,10,abuela,abuela
809,11,nuestra,nuestra
809,13,dijeron,dijeron
810,0,Y,y
810,1,al,al
810,2,punto,punto
810,3,les,les
810,4,prepararon,prepararon
810,5,la,la
810,6,comida,comida
810,7,y,y
810,8,les,les
810,9,pusieron,pusieron
810,10,delante,delante
810,11,un,un
810,12,plato,plato
810,13,de,de
810,14,caldo,caldo
811,0,Pero,pero
811,1,esto,esto
811,2,era,era
811,3,sólo,slo
811,4,para,para
811,5,engañar,engaar
811,6,a,a
811,7,su,su
811,8,abuela,abuela
811,9,y,y
811,10,a,a
811,11,su,su
811,12,madre,madre
812,0,Y,y
812,1,habiendo,habiendo
812,2,hecho,hecho
812,3,que,que
812,4,se,se
812,5,consumiera,consumiera
812,6,el,el
812,7,agua,agua
812,8,que,que
812,9,había,haba
812,10,en,en
812,11,la,la
812,12,tinaja,tinaja
812,15,Verdaderamente,verdaderamente
812,16,nos,nos
812,17,estamos,estamos
812,18,muriendo,muriendo
812,19,de,de
812,20,sed,sed
812,22,id,id
812,23,a,a
812,24,traemos,traemos
812,25,de,de
812,26,beber,beber
812,28,le,le
812,29,dijeron,dijeron
812,30,a,a
812,31,su,su
812,32,abuela,abuela
813,1,Bueno,bueno
813,3,contestó,contest
813,4,ella,ella
813,5,y,y
813,6,se,se
813,7,fue,fue
814,0,Pusiéronse,pusironse
814,1,entonces,entonces
814,2,a,a
814,3,comer,comer
814,5,pero,pero
814,6,la,la
814,7,verdad,verdad
814,8,es,es
814,9,que,que
814,10,no,no
814,11,tenían,tenan
814,12,hambre,hambre
814,14,sólo,slo
814,15,era,era
814,16,un,un
814,17,engaño,engao
814,18,lo,lo
814,19,que,que
814,20,hacían,hacan
815,0,Vieron,vieron
815,1,entonces,entonces
815,2,en,en
815,3,su,su
815,4,plato,plato
815,5,de,de
815,6,chile,chile
815,7,cómo,cmo
815,8,el,el
815,9,ratón,ratn
815,10,se,se
815,11,dirigía,diriga
815,12,rápidamente,rpidamente
815,13,hacia,hacia
815,14,la,la
815,15,pelota,pelota
815,16,que,que
815,17,estaba,estaba
815,18,colgada,colgada
815,19,del,del
815,20,techo,techo
815,21,de,de
815,22,la,la
815,23,casa,casa
816,0,Al,al
816,1,ver,ver
816,2,esto,esto
816,3,en,en
816,4,su,su
816,5,chilmol,chilmol
816,7,despacharon,despacharon
816,8,a,a
816,9,cierto,cierto
816,10,Xan,xan
816,12,el,el
816,13,animal,animal
816,14,llamado,llamado
816,15,Xan,xan
816,17,que,que
816,18,es,es
816,19,como,como
816,20,un,un
816,21,mosquito,mosquito
816,23,el,el
816,24,cual,cual
816,25,fue,fue
816,26,al,al
816,27,río,ro
816,28,y,y
816,29,perforó,perfor
816,30,la,la
816,31,pared,pared
816,32,del,del
816,33,cántaro,cntaro
816,34,de,de
816,35,la,la
816,36,abuela,abuela
816,38,y,y
816,39,aunque,aunque
816,40,ella,ella
816,41,trató,trat
816,42,de,de
816,43,contener,contener
816,44,el,el
816,45,agua,agua
816,46,que,que
816,47,se,se
816,48,salía,sala
816,50,no,no
816,51,pudo,pudo
816,52,cerrar,cerrar
816,53,la,la
816,54,picadura,picadura
816,55,hecha,hecha
816,56,en,en
816,57,el,el
816,58,cántaro,cntaro
817,2,Qué,qu
817,3,le,le
817,4,pasa,pasa
817,5,a,a
817,6,nuestra,nuestra
817,7,abuela,abuela
818,0,Tenemos,tenemos
818,1,la,la
818,2,boca,boca
818,3,seca,seca
818,4,por,por
818,5,falta,falta
818,6,de,de
818,7,agua,agua
818,9,nos,nos
818,10,estamos,estamos
818,11,muriendo,muriendo
818,12,de,de
818,13,sed,sed
818,15,le,le
818,16,dijeron,dijeron
818,17,a,a
818,18,su,su
818,19,madre,madre
818,20,y,y
818,21,la,la
818,22,mandaron,mandaron
818,23,fuera,fuera
819,0,En,en
819,1,seguida,seguida
819,2,fue,fue
819,3,el,el
819,4,ratón,ratn
819,5,a,a
819,6,cortar,cortar
819,8,la,la
819,9,cuerda,cuerda
819,10,que,que
819,11,sostenía,sostena
819,12,la,la
819,13,pelota,pelota
819,15,la,la
819,16,cual,cual
819,17,cayó,cay
819,18,del,del
819,19,techo,techo
819,20,de,de
819,21,la,la
819,22,casa,casa
819,23,junto,junto
819,24,con,con
819,25,el,el
819,26,anillo,anillo
819,28,los,los
819,29,guantes,guantes
819,30,y,y
819,31,los,los
819,32,cueros,cueros
820,0,Se,se
820,1,apoderaron,apoderaron
820,2,de,de
820,3,ellos,ellos
820,4,los,los
820,5,muchachos,muchachos
820,6,y,y
820,7,corrieron,corrieron
820,8,al,al
820,9,instante,instante
820,10,a,a
820,11,esconderlos,esconderlos
820,12,en,en
820,13,el,el
820,14,camino,camino
820,15,que,que
820,16,conducía,conduca
820,17,al,al
820,18,juego,juego
820,19,de,de
820,20,la,la
820,21,pelota,pelota
821,0,Después,despus
821,1,de,de
821,2,esto,esto
821,3,se,se
821,4,encaminaron,encaminaron
821,5,al,al
821,6,río,ro
821,8,a,a
821,9,reunirse,reunirse
821,10,con,con
821,11,su,su
821,12,abuela,abuela
821,13,y,y
821,14,su,su
821,15,madre,madre
821,17,que,que
821,18,estaban,estaban
821,19,atareadas,atareadas
821,20,tratando,tratando
821,21,de,de
821,22,tapar,tapar
821,23,el,el
821,24,agujero,agujero
821,25,del,del
821,26,cántaro,cntaro
822,0,Y,y
822,1,llegando,llegando
822,2,cada,cada
822,3,uno,uno
822,4,con,con
822,5,su,su
822,6,cerbatana,cerbatana
822,8,dijeron,dijeron
822,9,cuando,cuando
822,10,llegaron,llegaron
822,11,al,al
822,12,río,ro
822,15,Qué,qu
822,16,estás,ests
822,17,haciendo,haciendo
823,0,Nos,nos
823,1,cansamos,cansamos
823,3,de,de
823,4,esperar,esperar
823,6,y,y
823,7,nos,nos
823,8,vinimos,vinimos
823,10,les,les
823,11,dijeron,dijeron
824,1,Mirad,mirad
824,2,el,el
824,3,agujero,agujero
824,4,de,de
824,5,mi,mi
824,6,cántaro,cntaro
824,7,que,que
824,8,no,no
824,9,se,se
824,10,puede,puede
824,11,tapar,tapar
824,13,dijo,dijo
824,14,la,la
824,15,abuela,abuela
825,0,Al,al
825,1,instante,instante
825,2,lo,lo
825,3,taparon,taparon
825,4,y,y
825,5,juntos,juntos
825,6,regresaron,regresaron
825,8,marchando,marchando
825,9,ellos,ellos
825,10,delante,delante
825,11,de,de
825,12,su,su
825,13,abuela,abuela
826,0,Y,y
826,1,así,as
826,2,fue,fue
826,3,el,el
826,4,hallazgo,hallazgo
826,5,de,de
826,6,la,la
826,7,pelota,pelota
827,0,Muy,muy
827,1,contentos,contentos
827,2,se,se
827,3,fueron,fueron
827,4,a,a
827,5,jugar,jugar
827,6,al,al
827,7,patio,patio
827,8,del,del
827,9,juego,juego
827,10,de,de
827,11,pelota,pelota
827,13,estuvieron,estuvieron
827,14,jugando,jugando
827,15,solos,solos
827,16,largo,largo
827,17,tiempo,tiempo
827,18,y,y
827,19,limpiaron,limpiaron
827,20,el,el
827,21,patio,patio
827,22,donde,donde
827,23,jugaban,jugaban
827,24,sus,sus
827,25,padres,padres
828,0,Y,y
828,1,oyéndolos,oyndolos
828,3,los,los
828,4,Señores,seores
828,5,de,de
828,6,Xibalbá,xibalb
828,7,dijeron,dijeron
828,11,Quiénes,quines
828,12,son,son
828,13,esos,esos
828,14,que,que
828,15,vuelven,vuelven
828,16,a,a
828,17,jugar,jugar
828,18,sobre,sobre
828,19,nuestras,nuestras
828,20,cabezas,cabezas
828,21,y,y
828,22,que,que
828,23,nos,nos
828,24,molestan,molestan
828,25,con,con
828,26,el,el
828,27,tropel,tropel
828,28,que,que
828,29,hacen,hacen
829,1,Acaso,acaso
829,2,no,no
829,3,murieron,murieron
829,4,Hun-,hun
829,5,Hunahpú,hunahp
829,6,y,y
829,7,Vucub-Hu-nahpú,vucubhunahp
829,9,aquellos,aquellos
829,10,que,que
829,11,se,se
829,12,quisieron,quisieron
829,13,engrandecer,engrandecer
829,14,ante,ante
829,15,nosotros,nosotros
829,18,Id,id
829,19,a,a
829,20,llamarlos,llamarlos
829,21,al,al
829,22,instante,instante
830,0,Así,as
830,1,dijeron,dijeron
830,2,Hun-Camé,huncam
830,4,Vucub-Camé,vucubcam
830,5,y,y
830,6,todos,todos
830,7,los,los
830,8,Señores,seores
831,0,Y,y
831,1,enviándolos,envindolos
831,2,a,a
831,3,llamar,llamar
831,4,dijeron,dijeron
831,5,a,a
831,6,sus,sus
831,7,mensajeros,mensajeros
831,10,Id,id
831,11,y,y
831,12,decidles,decidles
831,13,cuando,cuando
831,14,lleguéis,lleguis
831,15,allá,all
832,1,Que,que
832,2,vengan,vengan
832,4,han,han
832,5,dicho,dicho
832,6,los,los
832,7,Señores,seores
832,9,aquí,aqu
832,10,deseamos,deseamos
832,11,jugar,jugar
832,12,a,a
832,13,la,la
832,14,pelota,pelota
832,15,con,con
832,16,ellos,ellos
832,18,dentro,dentro
832,19,de,de
832,20,siete,siete
832,21,días,das
832,22,queremos,queremos
832,23,jugar,jugar
832,25,así,as
832,26,dijeron,dijeron
832,27,los,los
832,28,Señores,seores
832,30,decidles,decidles
832,31,cuando,cuando
832,32,lleguéis,lleguis
832,35,fue,fue
832,36,la,la
832,37,orden,orden
832,38,que,que
832,39,dieron,dieron
832,40,a,a
832,41,los,los
832,42,mensajeros,mensajeros
833,0,Y,y
833,1,éstos,stos
833,2,vinieron,vinieron
833,3,entonces,entonces
833,4,por,por
833,5,el,el
833,6,camino,camino
833,7,ancho,ancho
833,8,de,de
833,9,los,los
833,10,muchachos,muchachos
833,11,que,que
833,12,conducía,conduca
833,13,directamente,directamente
833,14,a,a
833,15,su,su
833,16,casa,casa
833,18,por,por
833,19,él,l
833,20,llegaron,llegaron
833,21,los,los
833,22,mensajeros,mensajeros
833,23,directamente,directamente
833,24,ante,ante
833,25,la,la
833,26,abuela,abuela
833,27,de,de
833,28,aquellos,aquellos
834,0,Comiendo,comiendo
834,1,estaba,estaba
834,2,cuando,cuando
834,3,llegaron,llegaron
834,4,los,los
834,5,mensajeros,mensajeros
834,6,de,de
834,7,Xibalbá,xibalb
835,1,Que,que
835,2,vengan,vengan
835,4,con,con
835,5,seguridad,seguridad
835,7,dicen,dicen
835,8,los,los
835,9,Señores,seores
835,11,dijeron,dijeron
835,12,los,los
835,13,mensajeros,mensajeros
835,14,de,de
835,15,Xibalbá,xibalb
836,0,Y,y
836,1,señalaron,sealaron
836,2,el,el
836,3,día,da
836,4,los,los
836,5,mensajeros,mensajeros
836,6,de,de
836,7,Xibalbá,xibalb
836,10,Dentro,dentro
836,11,de,de
836,12,siete,siete
836,13,días,das
836,14,los,los
836,15,esperan,esperan
836,17,le,le
836,18,dijeron,dijeron
836,19,a,a
836,20,Ixmucané,ixmucan
837,1,Está,est
837,2,bien,bien
837,4,mensajeros,mensajeros
837,6,ellos,ellos
837,7,llegarán,llegarn
837,9,respondió,respondi
837,10,la,la
837,11,vieja,vieja
838,0,Y,y
838,1,los,los
838,2,mensajeros,mensajeros
838,3,se,se
838,4,fueron,fueron
838,5,de,de
838,6,regreso,regreso
839,0,Entonces,entonces
839,1,se,se
839,2,llenó,llen
839,3,de,de
839,4,angustia,angustia
839,5,el,el
839,6,corazón,corazn
839,7,de,de
839,8,la,la
839,9,vieja,vieja
840,1,A,a
840,2,quién,quin
840,3,mandaré,mandar
840,4,que,que
840,5,vaya,vaya
840,6,a,a
840,7,llamar,llamar
840,8,a,a
840,9,mis,mis
840,10,nietos,nietos
841,1,No,no
841,2,fue,fue
841,3,de,de
841,4,esta,esta
841,5,misma,misma
841,6,manera,manera
841,7,como,como
841,8,vinieron,vinieron
841,9,los,los
841,10,mensajeros,mensajeros
841,11,de,de
841,12,Xibalbá,xibalb
841,13,en,en
841,14,ocasión,ocasin
841,15,pasada,pasada
841,17,cuando,cuando
841,18,vinieron,vinieron
841,19,a,a
841,20,llevarse,llevarse
841,21,a,a
841,22,sus,sus
841,23,padres,padres
841,26,dijo,dijo
841,27,su,su
841,28,abuela,abuela
841,30,entrando,entrando
841,31,sola,sola
841,32,y,y
841,33,afligida,afligida
841,34,a,a
841,35,su,su
841,36,casa,casa
842,0,Y,y
842,1,en,en
842,2,seguida,seguida
842,3,le,le
842,4,cayó,cay
842,5,un,un
842,6,piojo,piojo
842,7,en,en
842,8,la,la
842,9,falda,falda
843,0,Lo,lo
843,1,cogió,cogi
843,2,y,y
843,3,se,se
843,4,lo,lo
843,5,puso,puso
843,6,en,en
843,7,la,la
843,8,palma,palma
843,9,de,de
843,10,la,la
843,11,mano,mano
843,13,y,y
843,14,el,el
843,15,piojo,piojo
843,16,se,se
843,17,meneó,mene
843,18,y,y
843,19,echó,ech
843,20,a,a
843,21,andar,andar
844,1,Hijo,hijo
844,2,mío,mo
844,5,te,te
844,6,gustaría,gustara
844,7,que,que
844,8,te,te
844,9,mandara,mandara
844,10,a,a
844,11,que,que
844,12,fueras,fueras
844,13,a,a
844,14,llamar,llamar
844,15,a,a
844,16,mis,mis
844,17,nietos,nietos
844,18,al,al
844,19,juego,juego
844,20,de,de
844,21,pelota,pelota
844,24,le,le
844,25,dijo,dijo
844,26,al,al
844,27,piojo,piojo
845,1,Han,han
845,2,llegado,llegado
845,3,mensajeros,mensajeros
845,4,ante,ante
845,5,vuestra,vuestra
845,6,abuela,abuela
845,9,dirás,dirs
845,12,que,que
845,13,vengan,vengan
845,14,dentro,dentro
845,15,de,de
845,16,siete,siete
845,17,días,das
845,19,que,que
845,20,vengan,vengan
845,22,dicenlos,dicenlos
845,23,mensajeros,mensajeros
845,24,de,de
845,25,Xibalbá,xibalb
845,27,así,as
845,28,lo,lo
845,29,manda,manda
845,30,decir,decir
845,31,vuestra,vuestra
845,32,abuela,abuela
845,35,le,le
845,36,dijo,dijo
845,37,está,est
845,38,al,al
845,39,piojo,piojo
846,0,Al,al
846,1,punto,punto
846,2,se,se
846,3,fue,fue
846,4,el,el
846,5,piojo,piojo
846,6,contoneándose,contonendose
847,0,Y,y
847,1,estaba,estaba
847,2,sentado,sentado
847,3,en,en
847,4,el,el
847,5,camino,camino
847,6,un,un
847,7,muchacho,muchacho
847,8,llamado,llamado
847,9,Tamazul,tamazul
847,11,o,o
847,12,sea,sea
847,13,el,el
847,14,sapo,sapo
848,2,A,a
848,3,dónde,dnde
848,4,vas,vas
848,7,le,le
848,8,dijo,dijo
848,9,el,el
848,10,sapo,sapo
848,11,al,al
848,12,piojo,piojo
849,1,Llevo,llevo
849,2,un,un
849,3,mandado,mandado
849,4,en,en
849,5,mi,mi
849,6,vientre,vientre
849,8,voy,voy
849,9,a,a
849,10,buscar,buscar
849,11,a,a
849,12,los,los
849,13,muchachos,muchachos
849,15,le,le
849,16,contestó,contest
849,17,el,el
849,18,piojo,piojo
849,19,al,al
849,20,Tamazul,tamazul
850,1,Está,est
850,2,bien,bien
850,4,pero,pero
850,5,veo,veo
850,6,que,que
850,7,no,no
850,8,te,te
850,9,das,das
850,10,prisa,prisa
850,12,le,le
850,13,dijo,dijo
850,14,el,el
850,15,sapo,sapo
850,16,al,al
850,17,piojo,piojo
851,1,No,no
851,2,quieres,quieres
851,3,que,que
851,4,te,te
851,5,trague,trague
852,0,Ya,ya
852,1,verás,vers
852,2,cómo,cmo
852,3,corro,corro
852,4,yo,yo
852,6,y,y
852,7,así,as
852,8,llegaremos,llegaremos
852,9,rápidamente,rpidamente
853,1,Muy,muy
853,2,bien,bien
853,4,le,le
853,5,contestó,contest
853,6,el,el
853,7,piojo,piojo
853,8,al,al
853,9,sapo,sapo
854,0,En,en
854,1,seguida,seguida
854,2,se,se
854,3,lo,lo
854,4,tragó,trag
854,5,el,el
854,6,sapo,sapo
855,0,Y,y
855,1,el,el
855,2,sapo,sapo
855,3,caminó,camin
855,4,mucho,mucho
855,5,tiempo,tiempo
855,6,pero,pero
855,7,sin,sin
855,8,apresurarse,apresurarse
856,0,Luego,luego
856,1,encontró,encontr
856,2,a,a
856,3,su,su
856,4,vez,vez
856,5,una,una
856,6,gran,gran
856,7,culebra,culebra
856,8,que,que
856,9,se,se
856,10,llamaba,llamaba
856,11,Zaquicaz,zaquicaz
857,2,A,a
857,3,dónde,dnde
857,4,vas,vas
857,6,joven,joven
857,7,Tamazul,tamazul
857,10,díjole,djole
857,11,al,al
857,12,sapo,sapo
857,13,Zaquicaz,zaquicaz
858,1,Voy,voy
858,2,de,de
858,3,mensajero,mensajero
858,5,llevo,llevo
858,6,un,un
858,7,mandado,mandado
858,8,en,en
858,9,mí,m
858,10,vientre,vientre
858,12,le,le
858,13,dijo,dijo
858,14,el,el
858,15,sapo,sapo
858,16,a,a
858,17,la,la
858,18,culebra,culebra
859,1,Veo,veo
859,2,que,que
859,3,no,no
859,4,caminas,caminas
859,5,aprisa,aprisa
860,1,No,no
860,2,llegaré,llegar
860,3,yo,yo
860,4,más,ms
860,5,pronto,pronto
860,8,le,le
860,9,dijo,dijo
860,10,la,la
860,11,culebra,culebra
860,12,al,al
860,13,sapo,sapo
861,0,—¡Ven,ven
861,1,acá,ac
861,4,contestó,contest
862,0,En,en
862,1,seguida,seguida
862,2,Zaquicaz,zaquicaz
862,3,se,se
862,4,tragó,trag
862,5,al,al
862,6,sapo,sapo
863,0,Y,y
863,1,desde,desde
863,2,entonces,entonces
863,3,fue,fue
863,4,ésta,sta
863,5,la,la
863,6,comida,comida
863,7,de,de
863,8,las,las
863,9,culebras,culebras
863,11,que,que
863,12,todavía,todava
863,13,hoy,hoy
863,14,se,se
863,15,tragan,tragan
863,16,a,a
863,17,los,los
863,18,sapos,sapos
864,0,Iba,iba
864,1,caminando,caminando
864,2,aprisa,aprisa
864,3,la,la
864,4,culebra,culebra
864,5,y,y
864,6,habiéndola,habindola
864,7,encontrado,encontrado
864,8,el,el
864,9,Vac,vac
864,11,que,que
864,12,es,es
864,13,un,un
864,14,pájaro,pjaro
864,15,grande,grande
864,17,al,al
864,18,instante,instante
864,19,se,se
864,20,tragó,trag
864,21,el,el
864,22,gavilán,gaviln
864,23,a,a
864,24,la,la
864,25,culebra,culebra
865,0,Poco,poco
865,1,después,despus
865,2,llegó,lleg
865,3,al,al
865,4,juego,juego
865,5,de,de
865,6,pelota,pelota
866,0,Desde,desde
866,1,entonces,entonces
866,2,fue,fue
866,3,ésta,sta
866,4,la,la
866,5,comida,comida
866,6,de,de
866,7,los,los
866,8,gavilanes,gavilanes
866,10,que,que
866,11,devoran,devoran
866,12,a,a
866,13,las,las
866,14,culebras,culebras
866,15,en,en
866,16,los,los
866,17,campos,campos
867,0,Y,y
867,1,al,al
867,2,llegar,llegar
867,3,el,el
867,4,gavilán,gaviln
867,6,se,se
867,7,paró,par
867,8,sobre,sobre
867,9,la,la
867,10,cornisa,cornisa
867,11,del,del
867,12,juego,juego
867,13,de,de
867,14,pelota,pelota
867,16,donde,donde
867,17,Hunahpú,hunahp
867,18,e,e
867,19,Ixbalanqué,ixbalanqu
867,20,se,se
867,21,divertían,divertan
867,22,jugando,jugando
867,23,a,a
867,24,la,la
867,25,pelota,pelota
868,0,Al,al
868,1,llegar,llegar
868,3,el,el
868,4,gavilán,gaviln
868,5,se,se
868,6,puso,puso
868,7,a,a
868,8,gritar,gritar
868,10,Vac-có,vacc
869,1,Vac-có,vacc
869,4,Aquí,aqu
869,5,está,est
869,6,el,el
869,7,gavilán,gaviln
869,10,decía,deca
869,11,en,en
869,12,su,su
869,13,graznido,graznido
870,1,Aquí,aqu
870,2,está,est
870,3,el,el
870,4,gavilán,gaviln
870,8,Quién,quin
870,9,está,est
870,10,gritando,gritando
871,1,Vengan,vengan
871,2,nuestras,nuestras
871,3,cerbatanas,cerbatanas
871,6,exclamaron,exclamaron
872,0,Y,y
872,1,disparándole,disparndole
872,2,en,en
872,3,seguida,seguida
872,4,al,al
872,5,gavilán,gaviln
872,7,le,le
872,8,dirigieron,dirigieron
872,9,el,el
872,10,bodoque,bodoque
872,11,a,a
872,12,la,la
872,13,niña,nia
872,14,del,del
872,15,ojo,ojo
872,17,y,y
872,18,dando,dando
872,19,vueltas,vueltas
872,20,se,se
872,21,vino,vino
872,22,al,al
872,23,suelo,suelo
873,0,Corrieron,corrieron
873,1,a,a
873,2,recogerlo,recogerlo
873,3,y,y
873,4,le,le
873,5,preguntaron—¿Qué,preguntaronqu
873,6,vienes,vienes
873,7,a,a
873,8,hacer,hacer
873,9,aquí,aqu
873,12,le,le
873,13,dijeron,dijeron
873,14,al,al
873,15,gavilán,gaviln
874,1,Traigo,traigo
874,2,un,un
874,3,mensaje,mensaje
874,4,en,en
874,5,mi,mi
874,6,vientre,vientre
875,0,Curadme,curadme
875,1,primero,primero
875,2,el,el
875,3,ojo,ojo
875,4,y,y
875,5,después,despus
875,6,os,os
875,7,diré,dir
875,9,contestó,contest
875,10,el,el
875,11,gavilán,gaviln
876,1,Muy,muy
876,2,bien,bien
876,4,dijeron,dijeron
876,5,ellos,ellos
876,7,y,y
876,8,sacando,sacando
876,9,un,un
876,10,poco,poco
876,11,de,de
876,12,la,la
876,13,goma,goma
876,14,de,de
876,15,la,la
876,16,pelota,pelota
876,17,con,con
876,18,que,que
876,19,jugaban,jugaban
876,21,se,se
876,22,la,la
876,23,pusieron,pusieron
876,24,en,en
876,25,el,el
876,26,ojo,ojo
876,27,al,al
876,28,gavilán,gaviln
877,0,Lotzquic,lotzquic
877,1,le,le
877,2,llamaron,llamaron
877,3,ellos,ellos
877,4,y,y
877,5,al,al
877,6,instante,instante
877,7,quedó,qued
877,8,curada,curada
877,9,perfectamente,perfectamente
877,10,por,por
877,11,ellos,ellos
877,12,la,la
877,13,vista,vista
877,14,del,del
877,15,gavilán,gaviln
878,1,Habla,habla
878,3,pues,pues
878,5,dijeron,dijeron
878,6,al,al
878,7,gavilán,gaviln
879,0,Y,y
879,1,en,en
879,2,seguida,seguida
879,3,vomitó,vomit
879,4,una,una
879,5,gran,gran
879,6,culebra,culebra
880,1,Habla,habla
880,2,tú,t
880,4,le,le
880,5,dijeron,dijeron
880,6,a,a
880,7,la,la
880,8,culebra,culebra
881,1,Bueno,bueno
881,3,dijo,dijo
881,4,ésta,sta
881,5,y,y
881,6,vomitó,vomit
881,7,al,al
881,8,sapo,sapo
882,2,Dónde,dnde
882,3,está,est
882,4,tu,tu
882,5,mandado,mandado
882,6,que,que
882,7,anunciabas,anunciabas
882,10,le,le
882,11,dijeron,dijeron
882,12,al,al
882,13,sapo,sapo
883,1,Aquí,aqu
883,2,está,est
883,3,el,el
883,4,mandado,mandado
883,5,en,en
883,6,mi,mi
883,7,vientre,vientre
883,9,contestó,contest
883,10,el,el
883,11,sapo,sapo
884,0,Y,y
884,1,enseguida,enseguida
884,2,hizo,hizo
884,3,esfuerzos,esfuerzos
884,5,pero,pero
884,6,no,no
884,7,pudo,pudo
884,8,vomitar,vomitar
884,10,solamente,solamente
884,11,se,se
884,12,le,le
884,13,llenaba,llenaba
884,14,la,la
884,15,boca,boca
884,16,como,como
884,17,de,de
884,18,baba,baba
884,20,y,y
884,21,no,no
884,22,le,le
884,23,venía,vena
884,24,el,el
884,25,vómito,vmito
885,0,Los,los
885,1,muchachos,muchachos
885,2,ya,ya
885,3,querían,queran
885,4,pegarle,pegarle
885,7,Eres,eres
885,8,un,un
885,9,mentiroso,mentiroso
885,11,le,le
885,12,dijeron,dijeron
885,14,dándole,dndole
885,15,de,de
885,16,puntapiés,puntapis
885,17,en,en
885,18,el,el
885,19,trasero,trasero
885,21,y,y
885,22,el,el
885,23,hueso,hueso
885,24,del,del
885,25,anca,anca
885,26,le,le
885,27,bajó,baj
885,28,a,a
885,29,las,las
885,30,piernas,piernas
886,0,Probó,prob
886,1,de,de
886,2,nuevo,nuevo
886,4,pero,pero
886,5,sólo,slo
886,6,la,la
886,7,baba,baba
886,8,le,le
886,9,llenaba,llenaba
886,10,la,la
886,11,boca,boca
887,0,Entonces,entonces
887,1,le,le
887,2,abrieron,abrieron
887,3,la,la
887,4,boca,boca
887,5,al,al
887,6,sapo,sapo
887,7,los,los
887,8,muchachos,muchachos
887,9,y,y
887,10,una,una
887,11,vez,vez
887,12,abierta,abierta
887,14,buscaron,buscaron
887,15,dentro,dentro
887,16,de,de
887,17,la,la
887,18,boca,boca
888,0,El,el
888,1,piojo,piojo
888,2,estaba,estaba
888,3,pegado,pegado
888,4,a,a
888,5,los,los
888,6,dientes,dientes
888,7,del,del
888,8,sapo,sapo
888,10,en,en
888,11,la,la
888,12,boca,boca
888,13,se,se
888,14,había,haba
888,15,quedado,quedado
888,17,no,no
888,18,lo,lo
888,19,había,haba
888,20,tragado,tragado
888,22,sólo,slo
888,23,había,haba
888,24,hecho,hecho
888,25,como,como
888,26,que,que
888,27,se,se
888,28,lo,lo
888,29,tragaba,tragaba
888,31,así,as
888,32,quedó,qued
888,33,burlado,burlado
888,34,el,el
888,35,sapo,sapo
888,37,y,y
888,38,no,no
888,39,se,se
888,40,conoce,conoce
888,41,la,la
888,42,clase,clase
888,43,de,de
888,44,comida,comida
888,45,que,que
888,46,le,le
888,47,dan,dan
888,49,no,no
888,50,puede,puede
888,51,correr,correr
888,52,y,y
888,53,se,se
888,54,volvió,volvi
888,55,comida,comida
888,56,de,de
888,57,culebras,culebras
889,2,Habla,habla
889,5,le,le
889,6,dijeron,dijeron
889,7,al,al
889,8,piojo,piojo
889,10,y,y
889,11,entonces,entonces
889,12,dijo,dijo
889,13,el,el
889,14,mandado,mandado
889,17,Ha,ha
889,18,dicho,dicho
889,19,vuestra,vuestra
889,20,abuela,abuela
889,22,muchachos,muchachos
889,24,Anda,anda
889,25,llamarlos,llamarlos
889,27,han,han
889,28,venido,venido
889,29,mensajeros,mensajeros
889,30,de,de
889,31,Hun-Camé,huncam
889,32,y,y
889,33,Vucub-Camé,vucubcam
889,34,para,para
889,35,que,que
889,36,vayan,vayan
889,37,a,a
889,38,Xibalbá,xibalb
889,40,diciendo,diciendo
889,42,Que,que
889,43,vengan,vengan
889,44,acá,ac
889,45,dentro,dentro
889,46,de,de
889,47,siete,siete
889,48,días,das
889,49,para,para
889,50,jugar,jugar
889,51,a,a
889,52,la,la
889,53,pelota,pelota
889,54,con,con
889,55,nosotros,nosotros
889,57,que,que
889,58,traigan,traigan
889,59,también,tambin
889,60,sus,sus
889,61,instrumentos,instrumentos
889,62,de,de
889,63,juego,juego
889,65,la,la
889,66,pelota,pelota
889,68,los,los
889,69,anillos,anillos
889,71,los,los
889,72,guantes,guantes
889,74,los,los
889,75,cueros,cueros
889,77,para,para
889,78,que,que
889,79,se,se
889,80,diviertan,diviertan
889,81,aquí,aqu
889,83,dicen,dicen
889,84,los,los
889,85,Señores,seores
890,2,De,de
890,3,veras,veras
890,4,han,han
890,5,venido,venido
890,8,dice,dice
890,9,vuestra,vuestra
890,10,abuela,abuela
891,0,Por,por
891,1,eso,eso
891,2,he,he
891,3,venido,venido
891,4,yo,yo
892,0,Porque,porque
892,1,de,de
892,2,verdad,verdad
892,3,dice,dice
892,4,esto,esto
892,5,vuestra,vuestra
892,6,abuela,abuela
892,7,y,y
892,8,llora,llora
892,9,y,y
892,10,se,se
892,11,lamenta,lamenta
892,12,vuestra,vuestra
892,13,abuela,abuela
892,15,por,por
892,16,eso,eso
892,17,he,he
892,18,venido,venido
893,2,Será,ser
893,3,cierto,cierto
893,6,dijeron,dijeron
893,7,los,los
893,8,muchachos,muchachos
893,9,para,para
893,10,sus,sus
893,11,adentros,adentros
893,13,cuando,cuando
893,14,oyeron,oyeron
893,15,esto,esto
894,0,Y,y
894,1,yéndose,yndose
894,2,al,al
894,3,instante,instante
894,4,llegaron,llegaron
894,5,al,al
894,6,lado,lado
894,7,de,de
894,8,su,su
894,9,abuela,abuela
895,1,Nos,nos
895,2,vamos,vamos
895,4,abuela,abuela
895,6,solamente,solamente
895,7,venimos,venimos
895,8,a,a
895,9,despedirnos,despedirnos
896,0,Pero,pero
896,1,ahí,ah
896,2,queda,queda
896,3,la,la
896,4,señal,seal
896,5,que,que
896,6,dejamos,dejamos
896,7,de,de
896,8,nuestra,nuestra
896,9,suerte,suerte
896,11,cada,cada
896,12,uno,uno
896,13,de,de
896,14,nosotros,nosotros
896,15,sembraremos,sembraremos
896,16,una,una
896,17,caña,caa
896,19,en,en
896,20,medio,medio
896,21,de,de
896,22,nuestra,nuestra
896,23,casa,casa
896,24,la,la
896,25,sembraremos,sembraremos
896,27,si,si
896,28,se,se
896,29,secan,secan
896,31,esa,esa
896,32,será,ser
896,33,la,la
896,34,señal,seal
896,35,de,de
896,36,nuestra,nuestra
896,37,muerte,muerte
897,1,Muertos,muertos
897,2,son,son
897,5,diréis,diris
897,7,si,si
897,8,llegan,llegan
897,9,a,a
897,10,secarse,secarse
898,0,Pero,pero
898,1,si,si
898,2,retoñan,retoan
898,5,Están,estn
898,6,vivos,vivos
898,9,diréis,diris
898,12,oh,oh
898,13,abuela,abuela
898,14,nuestra,nuestra
899,0,Y,y
899,1,vos,vos
899,3,madre,madre
899,5,no,no
899,6,lloréis,lloris
899,8,que,que
899,9,ahí,ah
899,10,os,os
899,11,dejamos,dejamos
899,12,la,la
899,13,señal,seal
899,14,de,de
899,15,nuestra,nuestra
899,16,suerte,suerte
899,18,dijeron,dijeron
900,0,Y,y
900,1,antes,antes
900,2,de,de
900,3,irse,irse
900,5,sembró,sembr
900,6,una,una
900,8,caña,caa
900,10,Hunahpú,hunahp
900,11,y,y
900,12,otra,otra
900,13,Ixbalanqué,ixbalanqu
900,15,las,las
900,16,sembraron,sembraron
900,17,en,en
900,18,la,la
900,19,casa,casa
900,20,y,y
900,21,no,no
900,22,en,en
900,23,el,el
900,24,campo,campo
900,26,ni,ni
900,27,tampoco,tampoco
900,28,en,en
900,29,tierra,tierra
900,30,húmeda,hmeda
900,32,sino,sino
900,33,en,en
900,34,tierra,tierra
900,35,seca,seca
900,37,en,en
900,38,medio,medio
900,39,de,de
900,40,su,su
900,41,casa,casa
900,42,las,las
900,43,dejaron,dejaron
900,44,sembradas,sembradas
901,0,Marcharon,marcharon
901,1,entonces,entonces
901,3,llevando,llevando
901,4,cada,cada
901,5,uno,uno
901,6,su,su
901,7,cerbatana,cerbatana
901,9,y,y
901,10,fueron,fueron
901,11,bajando,bajando
901,12,en,en
901,13,dirección,direccin
901,14,a,a
901,15,Xibalbá,xibalb
902,0,Bajaron,bajaron
902,1,rápidamente,rpidamente
902,2,los,los
902,3,escalones,escalones
902,4,y,y
902,5,pasaron,pasaron
902,6,entre,entre
902,7,varios,varios
902,8,ríos,ros
902,9,y,y
902,10,barrancas,barrancas
903,0,Pasaron,pasaron
903,1,entre,entre
903,2,unos,unos
903,3,pájaros,pjaros
903,4,y,y
903,5,estos,estos
903,6,pájaros,pjaros
903,7,llamábanse,llambanse
903,8,Molay,molay
904,0,Pasaron,pasaron
904,1,también,tambin
904,2,por,por
904,3,un,un
904,4,río,ro
904,5,de,de
904,6,podre,podre
904,7,y,y
904,8,por,por
904,9,un,un
904,10,río,ro
904,11,de,de
904,12,sangre,sangre
904,14,donde,donde
904,15,debían,deban
904,16,ser,ser
904,17,destruidos,destruidos
904,18,según,segn
904,19,pensaban,pensaban
904,20,los,los
904,21,de,de
904,22,Xibalbá,xibalb
904,24,pero,pero
904,25,no,no
904,26,los,los
904,27,tocaron,tocaron
904,28,con,con
904,29,sus,sus
904,30,pies,pies
904,32,sino,sino
904,33,que,que
904,34,los,los
904,35,atravesaron,atravesaron
904,36,sobre,sobre
904,37,sus,sus
904,38,cerbatanas,cerbatanas
905,0,Salieron,salieron
905,1,de,de
905,2,allí,all
905,3,y,y
905,4,llegaron,llegaron
905,5,a,a
905,6,una,una
905,7,encrucijada,encrucijada
905,8,de,de
905,9,cuatro,cuatro
905,10,caminos,caminos
906,0,Ellos,ellos
906,1,sabían,saban
906,2,muy,muy
906,3,bien,bien
906,4,cuáles,cules
906,5,eran,eran
906,6,los,los
906,7,caminos,caminos
906,8,de,de
906,9,Xibalbá,xibalb
906,10,el,el
906,11,camino,camino
906,12,negro,negro
906,14,el,el
906,15,camino,camino
906,16,blanco,blanco
906,18,el,el
906,19,camino,camino
906,20,rojo,rojo
906,21,y,y
906,22,el,el
906,23,camino,camino
906,24,verde,verde
907,0,Así,as
907,2,pues,pues
907,4,despa-,despa
907,5,charon,charon
907,6,a,a
907,7,un,un
907,8,animal,animal
907,9,llamado,llamado
907,10,Xan,xan
908,0,Este,este
908,1,debía,deba
908,2,ir,ir
908,3,a,a
908,4,recoger,recoger
908,5,las,las
908,6,noticias,noticias
908,7,que,que
908,8,lo,lo
908,9,enviaban,enviaban
908,10,a,a
908,11,buscar,buscar
909,1,Pícalos,pcalos
909,2,uno,uno
909,3,por,por
909,4,uno,uno
909,6,primero,primero
909,7,pica,pica
909,8,al,al
909,9,que,que
909,10,está,est
909,11,sentado,sentado
909,12,en,en
909,13,primer,primer
909,14,término,trmino
909,15,y,y
909,16,acaba,acaba
909,17,picándolos,picndolos
909,18,a,a
909,19,todos,todos
909,21,pues,pues
909,22,ésa,sa
909,23,es,es
909,24,la,la
909,25,parte,parte
909,26,que,que
909,27,te,te
909,28,corresponde,corresponde
909,30,chupar,chupar
909,31,la,la
909,32,sangre,sangre
909,33,de,de
909,34,los,los
909,35,hombres,hombres
909,36,en,en
909,37,los,los
909,38,caminos,caminos
909,40,le,le
909,41,dijeron,dijeron
909,42,al,al
909,43,mosquito,mosquito
910,1,Muy,muy
910,2,bien,bien
910,4,contestó,contest
910,5,el,el
910,6,mosquito,mosquito
911,0,Y,y
911,1,en,en
911,2,seguida,seguida
911,3,se,se
911,4,internó,intern
911,5,por,por
911,6,el,el
911,7,camino,camino
911,8,negro,negro
911,9,y,y
911,10,se,se
911,11,fue,fue
911,12,directamente,directamente
911,13,hacia,hacia
911,14,los,los
911,15,muñecos,muecos
911,16,de,de
911,17,palo,palo
911,18,que,que
911,19,estaban,estaban
911,20,sentados,sentados
911,21,primero,primero
911,22,y,y
911,23,cubiertos,cubiertos
911,24,de,de
911,25,adornos,adornos
912,0,Picó,pic
912,1,al,al
912,2,primero,primero
912,4,pero,pero
912,5,éste,ste
912,6,no,no
912,7,habló,habl
912,9,luego,luego
912,10,picó,pic
912,11,al,al
912,12,otro,otro
912,14,picó,pic
912,15,al,al
912,16,segundo,segundo
912,17,que,que
912,18,estaba,estaba
912,19,sentado,sentado
912,21,pero,pero
912,22,éste,ste
912,23,tampoco,tampoco
912,24,habló,habl
913,0,Picó,pic
913,1,después,despus
913,2,al,al
913,3,tercero,tercero
913,5,el,el
913,6,tercero,tercero
913,7,de,de
913,8,los,los
913,9,que,que
913,10,estaban,estaban
913,11,sentados,sentados
913,12,era,era
913,13,Hun-Camé,huncam
914,2,Ay,ay
914,5,dijo,dijo
914,6,cuando,cuando
914,7,lo,lo
914,8,picaron,picaron
915,2,Qué,qu
915,3,es,es
915,4,eso,eso
915,6,Hun-Camé,huncam
916,1,Qué,qu
916,2,es,es
916,3,lo,lo
916,4,que,que
916,5,os,os
916,6,ha,ha
916,7,picado,picado
917,1,No,no
917,2,sabéis,sabis
917,3,quién,quin
917,4,os,os
917,5,ha,ha
917,6,picado,picado
917,8,dijo,dijo
917,9,el,el
917,10,cuarto,cuarto
917,11,de,de
917,12,los,los
917,13,Señores,seores
917,14,que,que
917,15,estaban,estaban
917,16,sentados,sentados
918,2,Qué,qu
918,3,hay,hay
918,5,Vucub-Camé,vucubcam
919,1,Qué,qu
919,2,os,os
919,3,ha,ha
919,4,picado,picado
919,7,dijo,dijo
919,8,el,el
919,9,quinto,quinto
919,10,sentado,sentado
920,2,Ay,ay
920,5,Ay,ay
920,8,dijo,dijo
920,9,entonces,entonces
920,10,Xiquiripat,xiquiripat
921,0,Y,y
921,1,Vucub-Camé,vucubcam
921,2,le,le
921,3,preguntó,pregunt
921,7,Qué,qu
921,8,os,os
921,9,ha,ha
921,10,picado,picado
922,0,Y,y
922,1,dijo,dijo
922,2,cuando,cuando
922,3,lo,lo
922,4,picaron,picaron
922,6,el,el
922,7,sexto,sexto
922,8,que,que
922,9,estaba,estaba
922,10,sentados,sentados
922,14,Ay,ay
922,18,Qué,qu
922,19,es,es
922,20,eso,eso
922,22,Cuchumaquic,cuchumaquic
922,26,e,e
922,27,dijo,dijo
922,28,Xiquiripat,xiquiripat
923,1,Qué,qu
923,2,es,es
923,3,lo,lo
923,4,que,que
923,5,os,os
923,6,ha,ha
923,7,picado,picado
924,0,Y,y
924,1,dijo,dijo
924,2,el,el
924,3,séptimo,sptimo
924,4,sentado,sentado
924,5,cuando,cuando
924,6,lo,lo
924,7,picaron,picaron
924,11,Ay,ay
924,15,Qué,qu
924,16,hay,hay
924,18,Ahalpuh,ahalpuh
924,21,le,le
924,22,dijo,dijo
924,23,Cuchumaquic,cuchumaquic
925,1,Qué,qu
925,2,os,os
925,3,ha,ha
925,4,picado,picado
926,0,Y,y
926,1,dijo,dijo
926,3,cuando,cuando
926,4,lo,lo
926,5,picaron,picaron
926,7,el,el
926,8,octavo,octavo
926,9,de,de
926,10,los,los
926,11,sentados:—¡Ay,sentadosay
926,15,Qué,qu
926,16,pasa,pasa
926,18,Ahalcaná,ahalcan
926,21,le,le
926,22,dijo,dijo
926,23,Ahalpuh,ahalpuh
927,1,Qué,qu
927,2,os,os
927,3,ha,ha
927,4,picado,picado
928,0,Y,y
928,1,dijo,dijo
928,3,cuando,cuando
928,4,lo,lo
928,5,picaron,picaron
928,7,el,el
928,8,noveno,noveno
928,9,de,de
928,10,los,los
928,11,sentados:—¡Ay,sentadosay
928,15,Quées,ques
928,16,eso,eso
928,18,Chamiabac,chamiabac
928,20,le,le
928,21,dijo,dijo
928,22,Ahalcaná,ahalcan
929,1,Qué,qu
929,2,os,os
929,3,ha,ha
929,4,picado,picado
930,0,Y,y
930,1,dijo,dijo
930,2,cuando,cuando
930,3,lo,lo
930,4,picaron,picaron
930,6,el,el
930,7,décimo,dcimo
930,8,de,de
930,9,los,los
930,10,sentados,sentados
930,14,Ay,ay
930,18,Qué,qu
930,19,es,es
930,20,eso,eso
930,22,Chamiabac,chamiabac
930,24,le,le
930,25,dijo,dijo
930,26,Ahalcaná,ahalcan
931,1,Qué,qu
931,2,os,os
931,3,ha,ha
931,4,picado,picado
932,0,Y,y
932,1,dijo,dijo
932,2,cuando,cuando
932,3,lo,lo
932,4,picaron,picaron
932,6,el,el
932,7,décimo,dcimo
932,8,de,de
932,9,los,los
932,10,sentados,sentados
932,14,Ay,ay
932,18,Qué,qu
932,19,es,es
932,20,eso,eso
932,22,Chamiaholom,chamiaholom
932,25,le,le
932,26,dijo,dijo
932,27,Chamiabac,chamiabac
933,1,Qué,qu
933,2,os,os
933,3,ha,ha
933,4,picado,picado
934,0,Y,y
934,1,dijo,dijo
934,2,el,el
934,3,undécimo,undcimo
934,4,sentado,sentado
934,5,cuando,cuando
934,6,lo,lo
934,7,picaron,picaron
934,11,Ay,ay
934,15,Qué,qu
934,16,sucede,sucede
934,19,le,le
934,20,dijo,dijo
934,21,Chamiaholom,chamiaholom
935,1,Qué,qu
935,2,os,os
935,3,ha,ha
935,4,picado,picado
936,0,Y,y
936,1,dijo,dijo
936,2,el,el
936,3,duodécimo,duodcimo
936,4,de,de
936,5,los,los
936,6,sentados,sentados
936,7,cuando,cuando
936,8,lo,lo
936,9,picaron,picaron
936,13,Ay,ay
936,17,Qué,qu
936,18,es,es
936,19,eso,eso
936,21,Patán,patn
936,24,le,le
936,25,dijeron,dijeron
937,1,Qué,qu
937,2,os,os
937,3,ha,ha
937,4,picado,picado
938,0,Y,y
938,1,dijo,dijo
938,2,el,el
938,3,decimotercero,decimotercero
938,4,de,de
938,5,los,los
938,6,sentados,sentados
938,7,cuando,cuando
938,8,lo,lo
938,9,picaron,picaron
938,13,Ay,ay
938,17,Qué,qu
938,18,pasa,pasa
938,20,Quicxic,quicxic
938,23,le,le
938,24,dijo,dijo
938,25,Patán,patn
939,1,Qué,qu
939,2,os,os
939,3,ha,ha
939,4,picado,picado
940,0,Y,y
940,1,dijo,dijo
940,2,el,el
940,3,decimocuarto,decimocuarto
940,4,de,de
940,5,los,los
940,6,sentados,sentados
940,7,cuando,cuando
940,8,a,a
940,9,su,su
940,10,vez,vez
940,11,lo,lo
940,12,picaron,picaron
940,16,Ay,ay
940,20,Qué,qu
940,21,os,os
940,22,ha,ha
940,23,picado,picado
940,25,Quicrixcac,quicrixcac
940,28,le,le
940,29,dijo,dijo
940,30,Quiere,quiere
941,0,Así,as
941,1,fue,fue
941,2,la,la
941,3,declaración,declaracin
941,4,de,de
941,5,sus,sus
941,6,nombres,nombres
941,8,que,que
941,9,fueron,fueron
941,10,diciéndose,dicindose
941,11,todos,todos
941,12,los,los
941,13,unos,unos
941,14,a,a
941,15,los,los
941,16,otros,otros
941,18,así,as
941,19,se,se
941,20,dieron,dieron
941,21,a,a
941,22,conocer,conocer
941,23,al,al
941,24,declarar,declarar
941,25,sus,sus
941,26,nombres,nombres
941,28,llamándose,llamndose
941,29,uno,uno
941,30,a,a
941,31,uno,uno
941,32,cada,cada
941,33,jefe,jefe
942,0,Y,y
942,1,de,de
942,2,esta,esta
942,3,manera,manera
942,4,dijo,dijo
942,5,su,su
942,6,nombre,nombre
942,7,cada,cada
942,8,uno,uno
942,9,de,de
942,10,los,los
942,11,que,que
942,12,estaban,estaban
942,13,sentados,sentados
942,14,en,en
942,15,su,su
942,16,rincón,rincn
943,0,Ni,ni
943,1,uno,uno
943,2,solo,solo
943,3,de,de
943,4,los,los
943,5,nombres,nombres
943,6,se,se
943,7,perdió,perdi
944,0,Todos,todos
944,1,acabaron,acabaron
944,2,de,de
944,3,decir,decir
944,4,su,su
944,5,nombre,nombre
944,6,cuando,cuando
944,7,los,los
944,8,picó,pic
944,9,un,un
944,10,pelo,pelo
944,11,de,de
944,12,la,la
944,13,pierna,pierna
944,14,de,de
944,15,Hunahpú,hunahp
944,16,que,que
944,17,éste,ste
944,18,se,se
944,19,arranó,arran
945,0,En,en
945,1,realidad,realidad
945,3,no,no
945,4,era,era
945,5,un,un
945,6,mosquito,mosquito
945,7,el,el
945,8,que,que
945,9,los,los
945,10,picó,pic
945,11,y,y
945,12,fue,fue
945,13,a,a
945,14,oír,or
945,15,los,los
945,16,nombres,nombres
945,17,de,de
945,18,todos,todos
945,19,de,de
945,20,parte,parte
945,21,de,de
945,22,Hunahpú,hunahp
945,23,e,e
945,24,Ixbalanque,ixbalanque
946,0,Continuaron,continuaron
946,1,su,su
946,2,camino,camino
946,4,los,los
946,5,muchachos,muchachos
946,7,y,y
946,8,llegaron,llegaron
946,9,a,a
946,10,donde,donde
946,11,estaban,estaban
946,12,los,los
946,13,de,de
946,14,Xibalbá,xibalb
947,1,Saludad,saludad
947,2,al,al
947,3,Señor,seor
947,5,al,al
947,6,que,que
947,7,está,est
947,8,sentado,sentado
947,10,les,les
947,11,dijo,dijo
947,12,uno,uno
947,13,para,para
947,14,engañarlos,engaarlos
948,1,Ese,ese
948,2,no,no
948,3,es,es
948,4,Señor,seor
948,6,no,no
948,7,es,es
948,8,más,ms
948,9,que,que
948,10,un,un
948,11,muñeco,mueco
948,12,de,de
948,13,palo,palo
948,15,dijeron,dijeron
948,17,y,y
948,18,siguieron,siguieron
948,19,adelante,adelante
949,0,En,en
949,1,seguida,seguida
949,2,comenzaron,comenzaron
949,3,a,a
949,4,saludar,saludar
949,8,Salud,salud
949,10,Hun-Camé,huncam
949,13,Salud,salud
949,15,Vucub-Camé,vucubcam
949,18,Salud,salud
949,20,Xiquipat,xiquipat
949,23,Salud,salud
949,25,Cuchumaquic,cuchumaquic
949,28,Salud,salud
949,30,Ahal-,ahal
949,31,puh,puh
949,34,Salud,salud
949,36,Ahalcaná,ahalcan
949,39,Salud,salud
949,41,Chamiabac,chamiabac
949,44,Salud,salud
949,46,Chamiaholom,chamiaholom
949,49,Salud,salud
949,51,Quicxic,quicxic
949,54,Salud,salud
949,56,Patán,patn
949,59,Salud,salud
949,61,Quiere,quiere
949,64,Salud,salud
949,66,Quicrixcac,quicrixcac
949,69,dijeron,dijeron
949,70,llegando,llegando
949,71,ante,ante
949,72,ellos,ellos
950,0,Y,y
950,1,enseñando,enseando
950,2,todos,todos
950,3,la,la
950,4,cara,cara
950,5,les,les
950,6,dijeron,dijeron
950,7,sus,sus
950,8,nombres,nombres
950,9,a,a
950,10,todos,todos
950,12,sin,sin
950,13,que,que
950,14,se,se
950,15,les,les
950,16,escapara,escapara
950,17,el,el
950,18,nombre,nombre
950,19,de,de
950,20,uno,uno
950,21,solo,solo
951,0,Pero,pero
951,1,lo,lo
951,2,que,que
951,3,éstos,stos
951,4,deseaban,deseaban
951,5,era,era
951,6,que,que
951,7,no,no
951,8,descubrieran,descubrieran
951,9,sus,sus
951,10,nombres,nombres
952,1,Sentaos,sentaos
952,2,aquí,aqu
952,4,les,les
952,5,dijeron,dijeron
952,7,esperando,esperando
952,8,que,que
952,9,se,se
952,10,sentaran,sentaran
952,11,en,en
952,12,el,el
952,13,asiento,asiento
952,15,que,que
952,16,les,les
952,17,indicaban,indicaban
953,1,Este,este
953,2,no,no
953,3,es,es
953,4,asiento,asiento
953,5,para,para
953,6,nosotros,nosotros
953,8,es,es
953,9,sólo,slo
953,10,una,una
953,11,piedra,piedra
953,12,ardiente,ardiente
953,14,dijeron,dijeron
953,15,Hunahpú,hunahp
953,16,e,e
953,17,Ixbalanque,ixbalanque
953,19,y,y
953,20,no,no
953,21,pudieron,pudieron
953,22,vencerlos,vencerlos
954,1,Está,est
954,2,bien,bien
954,4,id,id
954,5,a,a
954,6,aquella,aquella
954,7,casa,casa
954,9,les,les
954,10,dijeron,dijeron
955,0,Y,y
955,1,a,a
955,2,continuación,continuacin
955,3,entraron,entraron
955,4,en,en
955,5,la,la
955,6,Casa,casa
955,7,Oscura,oscura
956,0,Y,y
956,1,allí,all
956,2,tampoco,tampoco
956,3,fueron,fueron
956,4,vencidos,vencidos
957,0,Esta,esta
957,1,era,era
957,2,la,la
957,3,primera,primera
957,4,prueba,prueba
957,5,de,de
957,6,Xibalbá,xibalb
958,0,Al,al
958,1,entrar,entrar
958,2,allí,all
958,4,los,los
958,5,muchachos,muchachos
958,8,pensaban,pensaban
958,9,los,los
958,10,de,de
958,11,Xibalbá,xibalb
958,12,que,que
958,13,sería,sera
958,14,el,el
958,15,principio,principio
958,16,de,de
958,17,su,su
958,18,derrota,derrota
959,0,Entraron,entraron
959,1,desde,desde
959,2,luego,luego
959,3,en,en
959,4,la,la
959,5,Casa,casa
959,6,Oscura,oscura
959,8,en,en
959,9,seguida,seguida
959,10,fueron,fueron
959,11,a,a
959,12,llevarles,llevarles
959,13,sus,sus
959,14,rajas,rajas
959,15,de,de
959,16,pino,pino
959,17,encendidas,encendidas
959,18,y,y
959,19,los,los
959,20,mensajeros,mensajeros
959,21,de,de
959,22,Hun-Camé,huncam
959,23,le,le
959,24,llevaron,llevaron
959,25,también,tambin
959,26,a,a
959,27,cada,cada
959,28,uno,uno
959,29,su,su
959,30,cigarro,cigarro
960,1,Estas,estas
960,2,son,son
960,3,sus,sus
960,4,rajas,rajas
960,5,de,de
960,6,pino,pino
960,8,dijo,dijo
960,9,el,el
960,10,Señor,seor
960,12,que,que
960,13,devuelvan,devuelvan
960,14,este,este
960,15,ocote,ocote
960,16,mañana,maana
960,17,al,al
960,18,amanecer,amanecer
960,19,junto,junto
960,20,con,con
960,21,los,los
960,22,cigarros,cigarros
960,24,y,y
960,25,que,que
960,26,los,los
960,27,traigan,traigan
960,28,enteros,enteros
960,30,dice,dice
960,31,el,el
960,32,Señor,seor
961,0,Asi,asi
961,1,hablaron,hablaron
961,2,los,los
961,3,mensajeros,mensajeros
961,4,cuando,cuando
961,5,llegaron,llegaron
962,1,Muy,muy
962,2,bien,bien
962,4,contestaron,contestaron
962,5,ellos,ellos
963,0,Pero,pero
963,2,en,en
963,3,realidad,realidad
963,5,no,no
963,7,encendieron,encendieron
963,9,la,la
963,10,raja,raja
963,11,de,de
963,12,ocote,ocote
963,14,sino,sino
963,15,que,que
963,16,pusieron,pusieron
963,17,una,una
963,18,cosa,cosa
963,19,roja,roja
963,20,en,en
963,21,su,su
963,22,lugar,lugar
963,24,o,o
963,25,sea,sea
963,26,unas,unas
963,27,plumas,plumas
963,28,de,de
963,29,la,la
963,30,cola,cola
963,31,de,de
963,32,la,la
963,33,guacamaya,guacamaya
963,35,que,que
963,36,a,a
963,37,los,los
963,38,veladores,veladores
963,39,les,les
963,40,pareció,pareci
963,41,que,que
963,42,era,era
963,43,ocote,ocote
963,44,encendido,encendido
964,0,Y,y
964,1,en,en
964,2,cuanto,cuanto
964,3,a,a
964,4,los,los
964,5,cigarros,cigarros
964,7,les,les
964,8,pusieron,pusieron
964,9,luciérnagas,lucirnagas
964,10,en,en
964,11,la,la
964,12,punta,punta
964,13,a,a
964,14,los,los
964,15,cigarros,cigarros
965,0,Toda,toda
965,1,la,la
965,2,noche,noche
965,3,los,los
965,4,dieron,dieron
965,5,por,por
965,6,vencidos,vencidos
966,1,Perdidos,perdidos
966,2,son,son
966,4,decían,decan
966,5,los,los
966,6,guardianes,guardianes
967,0,Pero,pero
967,1,el,el
967,2,ocote,ocote
967,3,no,no
967,4,se,se
967,5,había,haba
967,6,acabado,acabado
967,7,y,y
967,8,tenía,tena
967,9,la,la
967,10,misma,misma
967,11,apariencia,apariencia
967,13,y,y
967,14,los,los
967,15,cigarros,cigarros
967,16,no,no
967,17,los,los
967,18,habían,haban
967,19,encendido,encendido
967,20,y,y
967,21,tenían,tenan
967,22,el,el
967,23,mismo,mismo
967,24,aspecto,aspecto
968,0,Fueron,fueron
968,1,a,a
968,2,dar,dar
968,3,parte,parte
968,4,a,a
968,5,los,los
968,6,Señores,seores
969,2,Cómo,cmo
969,3,ha,ha
969,4,sido,sido
969,5,esto,esto
970,1,De,de
970,2,dónde,dnde
970,3,han,han
970,4,venido,venido
971,1,Quién,quin
971,2,los,los
971,3,engendró,engendr
972,1,Quién,quin
972,2,los,los
972,3,dio,dio
972,4,a,a
972,5,luz,luz
973,0,En,en
973,1,verdad,verdad
973,2,hacen,hacen
973,3,arder,arder
973,4,de,de
973,5,ira,ira
973,6,nuestros,nuestros
973,7,corazones,corazones
973,9,porque,porque
973,10,no,no
973,11,está,est
973,12,bien,bien
973,13,lo,lo
973,14,que,que
973,15,nos,nos
973,16,hacen,hacen
974,0,Sus,sus
974,1,caras,caras
974,2,son,son
974,3,extrañas,extraas
974,4,y,y
974,5,extraña,extraa
974,6,su,su
974,7,manera,manera
974,8,de,de
974,9,conducirse,conducirse
974,11,decían,decan
974,12,ellos,ellos
974,13,entre,entre
974,14,sí,s
975,0,Lueg,lueg
975,1,los,los
975,2,mandaron,mandaron
975,3,a,a
975,4,llamar,llamar
975,5,todos,todos
975,6,los,los
975,7,Señores,seores
976,2,Ea,ea
976,5,Vamos,vamos
976,6,a,a
976,7,jugar,jugar
976,8,a,a
976,9,la,la
976,10,pelota,pelota
976,12,muchachos,muchachos
976,15,les,les
976,16,dijeron,dijeron
977,0,Al,al
977,1,mismo,mismo
977,2,tiempo,tiempo
977,3,fueron,fueron
977,4,interrogados,interrogados
977,5,por,por
977,6,Hun-Camé,huncam
977,7,y,y
977,8,Vucub-Camé,vucubcam
978,2,De,de
978,3,dónde,dnde
978,4,venís,vens
978,7,Contadnos,contadnos
978,9,muchachos,muchachos
978,12,les,les
978,13,dijeron,dijeron
978,14,los,los
978,15,de,de
978,16,Xibalbá,xibalb
979,2,Quién,quin
979,3,sabe,sabe
979,4,de,de
979,5,dónde,dnde
979,6,venimos,venimos
979,8,Nosotros,nosotros
979,9,lo,lo
979,10,ignoramos,ignoramos
979,12,dijeron,dijeron
979,13,únicamente,nicamente
979,15,y,y
979,16,no,no
979,17,hablaron,hablaron
979,18,más,ms
980,1,Está,est
980,2,bien,bien
981,0,Vamos,vamos
981,1,a,a
981,2,jugar,jugar
981,3,a,a
981,4,la,la
981,5,pelota,pelota
981,7,muchachos,muchachos
981,9,les,les
981,10,dijeron,dijeron
981,11,los,los
981,12,de,de
981,13,Xibalbá,xibalb
982,1,Bueno,bueno
982,3,contestaron,contestaron
983,1,Usaremos,usaremos
983,2,esta,esta
983,3,nuestra,nuestra
983,4,pelota,pelota
983,6,dijeron,dijeron
983,7,los,los
983,8,de,de
983,9,Xibalbá,xibalb
984,1,De,de
984,2,ninguna,ninguna
984,3,manera,manera
984,4,usaréis,usaris
984,5,ésa,sa
984,7,sino,sino
984,8,la,la
984,9,nuestra,nuestra
984,11,contestáronlos,contestronlos
984,12,muchachos,muchachos
985,1,Esa,esa
985,2,no,no
985,3,sino,sino
985,4,la,la
985,5,nuestra,nuestra
985,6,será,ser
985,7,la,la
985,8,que,que
985,9,usaremos,usaremos
985,11,dijeron,dijeron
985,12,los,los
985,13,de,de
985,14,Xibalbá,xibalb
986,1,Está,est
986,2,bien,bien
986,4,dijeron,dijeron
986,5,los,los
986,6,muchachos,muchachos
987,1,Vaya,vaya
987,2,por,por
987,3,un,un
987,4,gusano,gusano
987,5,chil,chil
987,7,dijeron,dijeron
987,8,los,los
987,9,de,de
987,10,Xibalbá,xibalb
988,1,Eso,eso
988,2,no,no
988,4,sino,sino
988,5,que,que
988,6,hablará,hablar
988,7,la,la
988,8,cabeza,cabeza
988,9,del,del
988,10,león,len
988,12,dijeron,dijeron
988,13,los,los
988,14,muchachos,muchachos
989,1,Eso,eso
989,2,no,no
989,4,dijeron,dijeron
989,5,los,los
989,6,de,de
989,7,Xibalbá,xibalb
990,1,Está,est
990,2,bien,bien
990,4,dijo,dijo
990,5,Hunahpú,hunahp
991,0,Entonces,entonces
991,1,los,los
991,2,de,de
991,3,Xibalbá,xibalb
991,4,arrojaron,arrojaron
991,5,la,la
991,6,pelota,pelota
991,8,la,la
991,9,lanzaron,lanzaron
991,10,directamente,directamente
991,11,al,al
991,12,anillo,anillo
991,13,de,de
991,14,Hunahpú,hunahp
992,0,En,en
992,1,seguida,seguida
992,3,mientras,mientras
992,4,los,los
992,5,de,de
992,6,Xibalbá,xibalb
992,7,echaban,echaban
992,8,mano,mano
992,9,del,del
992,10,cuchillo,cuchillo
992,11,depedernal,depedernal
992,13,la,la
992,14,pelota,pelota
992,15,rebotó,rebot
992,16,y,y
992,17,se,se
992,18,fue,fue
992,19,saltando,saltando
992,20,por,por
992,21,todo,todo
992,22,el,el
992,23,suelo,suelo
992,24,del,del
992,25,juego,juego
992,26,de,de
992,27,pelota,pelota
993,2,Qué,qu
993,3,es,es
993,4,esto,esto
993,7,exclamaron,exclamaron
993,8,Hunahpú,hunahp
993,9,e,e
993,10,Ixbalanqué,ixbalanqu
994,1,Nos,nos
994,2,queréis,queris
994,3,dar,dar
994,4,la,la
994,5,muerte,muerte
995,1,Acaso,acaso
995,2,no,no
995,3,nos,nos
995,4,mandasteis,mandasteis
995,5,llamar,llamar
996,1,Y,y
996,2,no,no
996,3,vinieron,vinieron
996,4,vuestros,vuestros
996,5,propios,propios
996,6,mensajeros,mensajeros
997,0,En,en
997,1,verdad,verdad
997,4,desgraciados,desgraciados
997,5,de,de
997,6,nosotros,nosotros
997,8,Nos,nos
997,9,marcharemos,marcharemos
997,10,al,al
997,11,punto,punto
997,13,les,les
997,14,dijeron,dijeron
997,15,los,los
997,16,muchachos,muchachos
998,0,Eso,eso
998,1,era,era
998,2,precisamente,precisamente
998,3,lo,lo
998,4,que,que
998,5,querían,queran
998,6,que,que
998,7,les,les
998,8,pasara,pasara
998,9,a,a
998,10,los,los
998,11,muchachos,muchachos
998,13,que,que
998,14,murieran,murieran
998,15,inmediatamente,inmediatamente
998,16,y,y
998,17,allí,all
998,18,mismo,mismo
998,19,en,en
998,20,el,el
998,21,juego,juego
998,22,de,de
998,23,pelota,pelota
998,24,y,y
998,25,que,que
998,26,así,as
998,27,fueran,fueran
998,28,vencidos,vencidos
999,0,Pero,pero
999,1,no,no
999,2,fue,fue
999,3,así,as
999,5,y,y
999,6,fueron,fueron
999,7,los,los
999,8,de,de
999,9,Xibalbá,xibalb
999,10,los,los
999,11,que,que
999,12,salieron,salieron
999,13,vencidos,vencidos
999,14,por,por
999,15,los,los
999,16,muchachos,muchachos
1000,1,No,no
1000,2,os,os
1000,3,marchéis,marchis
1000,5,muchachos,muchachos
1000,7,sigamos,sigamos
1000,8,jugando,jugando
1000,9,a,a
1000,10,la,la
1000,11,pelota,pelota
1000,13,pero,pero
1000,14,usaremos,usaremos
1000,15,la,la
1000,16,vuestra,vuestra
1000,18,les,les
1000,19,dijeron,dijeron
1000,20,a,a
1000,21,los,los
1000,22,muchachos,muchachos
1001,1,Está,est
1001,2,bien,bien
1001,4,contestaron,contestaron
1001,6,y,y
1001,7,entonces,entonces
1001,8,metieron,metieron
1001,9,la,la
1001,10,pelota,pelota
1001,12,en,en
1001,13,el,el
1001,14,anillo,anillo
1001,15,de,de
1001,16,Xibalbá,xibalb
1001,19,con,con
1001,20,lo,lo
1001,21,cual,cual
1001,22,terminó,termin
1001,23,la,la
1001,24,partida,partida
1002,0,Y,y
1002,1,lastimados,lastimados
1002,2,por,por
1002,3,sus,sus
1002,4,derrotas,derrotas
1002,5,dijeron,dijeron
1002,6,en,en
1002,7,seguida,seguida
1002,8,los,los
1002,9,de,de
1002,10,Xibalbá,xibalb
1002,14,Cómo,cmo
1002,15,haremos,haremos
1002,16,para,para
1002,17,vencerlos,vencerlos
1003,0,Y,y
1003,1,dirigiéndose,dirigindose
1003,2,a,a
1003,3,los,los
1003,4,muchachos,muchachos
1003,5,les,les
1003,6,dijeron,dijeron
1003,8,Id,id
1003,9,a,a
1003,10,juntar,juntar
1003,11,y,y
1003,12,a,a
1003,13,traernos,traernos
1003,14,temprano,temprano
1003,15,cuatro,cuatro
1003,16,jicaras,jicaras
1003,17,de,de
1003,18,flores,flores
1004,0,Así,as
1004,1,dijeron,dijeron
1004,2,los,los
1004,3,muchachos,muchachos
1005,1,Muy,muy
1005,2,bien,bien
1006,1,Y,y
1006,2,qué,qu
1006,3,clase,clase
1006,4,de,de
1006,5,flores,flores
1006,8,les,les
1006,9,preguntaron,preguntaron
1006,10,los,los
1006,11,muchachos,muchachos
1006,12,a,a
1006,13,los,los
1006,14,de,de
1006,15,Xibalbá,xibalb
1007,1,Un,un
1007,2,ramo,ramo
1007,3,de,de
1007,4,chipilín,chipiln
1007,5,colorado,colorado
1007,7,un,un
1007,8,ramo,ramo
1007,9,de,de
1007,10,chipílín,chipln
1007,11,blanco,blanco
1007,13,un,un
1007,14,ramo,ramo
1007,15,de,de
1007,16,chipilín,chipiln
1007,17,amarillo,amarillo
1007,18,y,y
1007,19,un,un
1007,20,ramo,ramo
1007,21,de,de
1007,22,Carinimac,carinimac
1007,24,dijeron,dijeron
1007,25,los,los
1007,26,de,de
1007,27,Xibalbá,xibalb
1008,1,Está,est
1008,2,bien,bien
1008,4,dijeron,dijeron
1008,5,los,los
1008,6,muchachos,muchachos
1009,0,Así,as
1009,1,terminó,termin
1009,2,la,la
1009,3,plática,pltica
1009,5,igualmente,igualmente
1009,6,fuertes,fuertes
1009,7,y,y
1009,8,enérgicas,enrgicas
1009,9,eran,eran
1009,10,las,las
1009,11,palabras,palabras
1009,12,de,de
1009,13,los,los
1009,14,muchachos,muchachos
1010,0,Y,y
1010,1,sus,sus
1010,2,corazones,corazones
1010,3,estaban,estaban
1010,4,tranquilos,tranquilos
1010,5,cuando,cuando
1010,6,se,se
1010,7,entregaron,entregaron
1010,8,los,los
1010,9,muchachos,muchachos
1010,10,para,para
1010,11,que,que
1010,12,los,los
1010,13,vencieran,vencieran
1011,0,Los,los
1011,1,de,de
1011,2,Xibalbá,xibalb
1011,3,estaban,estaban
1011,4,felices,felices
1011,5,pensando,pensando
1011,6,que,que
1011,7,ya,ya
1011,8,los,los
1011,9,habían,haban
1011,10,vencido,vencido
1012,1,Esto,esto
1012,2,nos,nos
1012,3,ha,ha
1012,4,salido,salido
1012,5,bien,bien
1013,0,Primero,primero
1013,1,tienen,tienen
1013,2,que,que
1013,3,cortarlas,cortarlas
1013,5,dijeron,dijeron
1013,6,los,los
1013,7,de,de
1013,8,Xibalbá,xibalb
1014,2,A,a
1014,3,dónde,dnde
1014,4,irán,irn
1014,5,a,a
1014,6,traer,traer
1014,7,las,las
1014,8,flores,flores
1014,11,decían,decan
1014,12,en,en
1014,13,sus,sus
1014,14,adentros,adentros
1015,1,Con,con
1015,2,seguridad,seguridad
1015,3,nos,nos
1015,4,daréis,daris
1015,5,mañana,maana
1015,6,temprano,temprano
1015,7,nuestras,nuestras
1015,8,flores,flores
1015,10,id,id
1015,12,pues,pues
1015,14,a,a
1015,15,cortarlas,cortarlas
1015,17,les,les
1015,18,dijeron,dijeron
1015,19,a,a
1015,20,Hunahpú,hunahp
1015,21,e,e
1015,22,Ixbalanqué,ixbalanqu
1015,23,los,los
1015,24,de,de
1015,25,Xibalbá,xibalb
1016,1,Está,est
1016,2,bien,bien
1016,4,contestaron,contestaron
1017,0,De,de
1017,1,madrugada,madrugada
1017,2,jugaremos,jugaremos
1017,3,de,de
1017,4,nuevo,nuevo
1017,5,a,a
1017,6,la,la
1017,7,pelota,pelota
1017,9,dijeron,dijeron
1017,10,y,y
1017,11,se,se
1017,12,despidieron,despidieron
1018,0,Y,y
1018,1,en,en
1018,2,seguida,seguida
1018,3,entraron,entraron
1018,4,los,los
1018,5,muchachos,muchachos
1018,6,en,en
1018,7,la,la
1018,8,Casa,casa
1018,9,de,de
1018,10,las,las
1018,11,Navajas,navajas
1018,13,el,el
1018,14,segundo,segundo
1018,15,lugar,lugar
1018,16,de,de
1018,17,tormento,tormento
1018,18,de,de
1018,19,Xibalbá,xibalb
1019,0,Y,y
1019,1,lo,lo
1019,2,que,que
1019,3,deseaban,deseaban
1019,4,los,los
1019,5,Señores,seores
1019,6,era,era
1019,7,que,que
1019,8,fuesen,fuesen
1019,9,despedazados,despedazados
1019,10,por,por
1019,11,las,las
1019,12,navajas,navajas
1019,14,y,y
1019,15,fueran,fueran
1019,16,muertos,muertos
1019,17,rápidamente,rpidamente
1019,19,así,as
1019,20,lo,lo
1019,21,deseaban,deseaban
1019,22,sus,sus
1019,23,corazones,corazones
1020,0,Pero,pero
1020,1,no,no
1020,2,murieron,murieron
1021,0,Les,les
1021,1,hablaron,hablaron
1021,2,en,en
1021,3,seguida,seguida
1021,4,a,a
1021,5,las,las
1021,6,navajas,navajas
1021,7,y,y
1021,8,les,les
1021,9,advirtieron,advirtieron
1021,12,Vuestras,vuestras
1021,13,serán,sern
1021,14,las,las
1021,15,carnes,carnes
1021,16,de,de
1021,17,todos,todos
1021,18,los,los
1021,19,animales,animales
1021,21,les,les
1021,22,dijeron,dijeron
1021,23,a,a
1021,24,los,los
1021,25,cuchillos,cuchillos
1022,0,Y,y
1022,1,no,no
1022,2,se,se
1022,3,movieron,movieron
1022,4,más,ms
1022,6,sino,sino
1022,7,que,que
1022,8,estuvieron,estuvieron
1022,9,quietas,quietas
1022,10,todas,todas
1022,11,las,las
1022,12,navajas,navajas
1023,0,Así,as
1023,1,pasaron,pasaron
1023,2,la,la
1023,3,noche,noche
1023,4,en,en
1023,5,la,la
1023,6,Casa,casa
1023,7,de,de
1023,8,las,las
1023,9,Navajas,navajas
1023,11,y,y
1023,12,llamando,llamando
1023,13,a,a
1023,14,todas,todas
1023,15,las,las
1023,16,hormigas,hormigas
1023,18,les,les
1023,19,dijeron,dijeron
1023,22,Hormigas,hormigas
1023,23,cortadoras,cortadoras
1023,25,zompopos,zompopos
1023,28,venid,venid
1023,29,e,e
1023,30,inmediatamente,inmediatamente
1023,31,id,id
1023,32,todas,todas
1023,33,a,a
1023,34,traemos,traemos
1023,35,todas,todas
1023,36,las,las
1023,37,clases,clases
1023,38,de,de
1023,39,flores,flores
1023,40,que,que
1023,41,hay,hay
1023,42,que,que
1023,43,cortar,cortar
1023,44,para,para
1023,45,los,los
1023,46,Señores,seores
1023,49,Muy,muy
1023,50,bien,bien
1023,52,dijeron,dijeron
1023,53,ellas,ellas
1023,55,y,y
1023,56,se,se
1023,57,fueron,fueron
1023,58,todas,todas
1023,59,las,las
1023,60,hormigas,hormigas
1023,61,a,a
1023,62,traer,traer
1023,63,las,las
1023,64,flores,flores
1023,65,de,de
1023,66,los,los
1023,67,jardines,jardines
1023,68,de,de
1023,69,Hun-,hun
1023,70,Camé,cam
1023,71,y,y
1023,72,Vucub-Camé,vucubcam
1024,0,Previamente,previamente
1024,1,les,les
1024,2,habían,haban
1024,3,advertido,advertido
1024,5,los,los
1024,6,Señores,seores
1024,8,a,a
1024,9,los,los
1024,10,guardianes,guardianes
1024,11,de,de
1024,12,las,las
1024,13,flores,flores
1024,14,de,de
1024,15,Xibalbá,xibalb
1024,18,Tened,tened
1024,19,cuidado,cuidado
1024,20,con,con
1024,21,nuestras,nuestras
1024,22,flores,flores
1024,24,no,no
1024,25,os,os
1024,26,las,las
1024,27,dejéis,dejis
1024,28,robar,robar
1024,29,por,por
1024,30,los,los
1024,31,muchachos,muchachos
1024,32,que,que
1024,33,las,las
1024,34,irán,irn
1024,35,a,a
1024,36,cortar,cortar
1025,0,Aunque,aunque
1025,2,cómo,cmo
1025,3,podrían,podran
1025,4,ser,ser
1025,5,vistas,vistas
1025,6,y,y
1025,7,cortadas,cortadas
1025,8,por,por
1025,9,ellos,ellos
1026,0,De,de
1026,1,ninguna,ninguna
1026,2,manera,manera
1027,1,Velad,velad
1027,3,pues,pues
1027,5,toda,toda
1027,6,la,la
1027,7,noche,noche
1027,10,Está,est
1027,11,bien,bien
1027,13,contestaron,contestaron
1028,0,Pero,pero
1028,1,nada,nada
1028,2,sintieron,sintieron
1028,3,los,los
1028,4,guardianes,guardianes
1028,5,del,del
1028,6,jardín,jardn
1029,0,Inútilmente,intilmente
1029,1,lanzaban,lanzaban
1029,2,sus,sus
1029,3,gritos,gritos
1029,4,subidos,subidos
1029,5,en,en
1029,6,las,las
1029,7,ramas,ramas
1029,8,de,de
1029,9,los,los
1029,10,árboles,rboles
1029,11,del,del
1029,12,jardín,jardn
1030,0,Allí,all
1030,1,estuvieron,estuvieron
1030,2,toda,toda
1030,3,la,la
1030,4,noche,noche
1030,6,repitiendo,repitiendo
1030,7,sus,sus
1030,8,mismos,mismos
1030,9,gritos,gritos
1030,10,y,y
1030,11,cantos,cantos
1031,2,xpurpuved,xpurpuved
1031,5,Ixpurpuvec,ixpurpuvec
1031,8,decìa,deca
1032,0,el,el
1032,1,uno,uno
1032,2,en,en
1032,3,su,su
1032,4,grito,grito
1033,2,Puhuyúl!¡Puhuyù,puhuylpuhuy
1033,5,decía,deca
1033,6,en,en
1033,7,su,su
1033,8,grito,grito
1033,9,el,el
1033,10,llamado,llamado
1033,11,Puhuyù,puhuy
1034,0,Dos,dos
1034,1,eran,eran
1034,2,los,los
1034,3,guardianes,guardianes
1034,4,del,del
1034,5,jardín,jardn
1034,6,de,de
1034,7,Hun-Camé,huncam
1034,8,y,y
1034,9,Vucub-Camé,vucubcam
1035,0,Pero,pero
1035,1,no,no
1035,2,sentían,sentan
1035,3,a,a
1035,4,las,las
1035,5,hormigas,hormigas
1035,6,que,que
1035,7,les,les
1035,8,robaban,robaban
1035,9,lo,lo
1035,10,que,que
1035,11,estaban,estaban
1035,12,cuidando,cuidando
1035,14,dando,dando
1035,15,vueltas,vueltas
1035,16,y,y
1035,17,moviéndose,movindose
1035,18,cortando,cortando
1035,19,las,las
1035,20,flores,flores
1035,22,subiendo,subiendo
1035,23,sobre,sobre
1035,24,los,los
1035,25,árboles,rboles
1035,26,a,a
1035,27,cortar,cortar
1035,28,las,las
1035,29,flores,flores
1035,30,y,y
1035,31,recogiéndolas,recogindolas
1035,32,del,del
1035,33,suelo,suelo
1035,34,al,al
1035,35,pie,pie
1035,36,de,de
1035,37,los,los
1035,38,árboles,rboles
1036,0,Entre,entre
1036,1,tanto,tanto
1036,2,los,los
1036,3,guardias,guardias
1036,4,seguían,seguan
1036,5,dando,dando
1036,6,gritos,gritos
1036,8,y,y
1036,9,no,no
1036,10,sentían,sentan
1036,11,los,los
1036,12,dientes,dientes
1036,13,que,que
1036,14,les,les
1036,15,cortaban,cortaban
1036,16,las,las
1036,17,colas,colas
1036,18,y,y
1036,19,las,las
1036,20,alas,alas
1037,0,Y,y
1037,1,así,as
1037,2,acarreaban,acarreaban
1037,3,entre,entre
1037,4,los,los
1037,5,dientes,dientes
1037,6,las,las
1037,7,flores,flores
1037,8,que,que
1037,9,bajaban,bajaban
1037,11,y,y
1037,12,recogiéndolas,recogindolas
1037,13,se,se
1037,14,marchaban,marchaban
1037,15,llevándolas,llevndolas
1037,16,con,con
1037,17,los,los
1037,18,dientes,dientes
1038,0,Pronto,pronto
1038,1,llenaron,llenaron
1038,2,las,las
1038,3,Cuatro,cuatro
1038,4,jicaras,jicaras
1038,5,de,de
1038,6,flores,flores
1038,8,y,y
1038,9,estaban,estaban
1038,10,húmedas,hmedas
1038,12,de,de
1038,13,rocío,roco
1038,15,cuando,cuando
1038,16,amaneció,amaneci
1039,0,En,en
1039,1,seguida,seguida
1039,2,llegaron,llegaron
1039,3,los,los
1039,4,mensajeros,mensajeros
1039,5,para,para
1039,6,recogerlas,recogerlas
1040,1,Que,que
1040,2,vengan,vengan
1040,4,ha,ha
1040,5,dicho,dicho
1040,6,el,el
1040,7,Señor,seor
1040,9,y,y
1040,10,que,que
1040,11,traigan,traigan
1040,12,acá,ac
1040,13,al,al
1040,14,instante,instante
1040,15,lo,lo
1040,16,que,que
1040,17,han,han
1040,18,cortado,cortado
1040,20,les,les
1040,21,dijeron,dijeron
1040,22,a,a
1040,23,los,los
1040,24,muchachos,muchachos
1041,1,Muy,muy
1041,2,bien,bien
1041,4,contestaron,contestaron
1042,0,Y,y
1042,1,llevando,llevando
1042,2,las,las
1042,3,flores,flores
1042,4,en,en
1042,5,las,las
1042,6,cuatro,cuatro
1042,7,jicaras,jicaras
1042,9,se,se
1042,10,fueron,fueron
1042,12,y,y
1042,13,cuando,cuando
1042,14,llegaron,llegaron
1042,15,a,a
1042,16,presencia,presencia
1042,17,del,del
1042,18,Señor,seor
1042,19,y,y
1042,20,los,los
1042,21,demás,dems
1042,22,Señores,seores
1042,24,daba,daba
1042,25,gusto,gusto
1042,26,ver,ver
1042,27,las,las
1042,28,flores,flores
1042,29,que,que
1042,30,traían,traan
1043,0,Y,y
1043,1,de,de
1043,2,esta,esta
1043,3,manera,manera
1043,4,fueron,fueron
1043,5,vencidos,vencidos
1043,6,los,los
1043,7,de,de
1043,8,Xibalbá,xibalb
1044,0,Sólo,slo
1044,1,a,a
1044,2,las,las
1044,3,hormigas,hormigas
1044,4,habían,haban
1044,5,enviado,enviado
1044,6,los,los
1044,7,muchachos,muchachos
1044,9,a,a
1044,10,cortar,cortar
1044,11,las,las
1044,12,flores,flores
1044,15,y,y
1044,16,en,en
1044,17,una,una
1044,18,noche,noche
1044,19,las,las
1044,20,hormigas,hormigas
1044,21,las,las
1044,22,cogieron,cogieron
1044,23,y,y
1044,24,las,las
1044,25,pusieron,pusieron
1044,26,en,en
1044,27,las,las
1044,28,jicaras,jicaras
1045,0,Al,al
1045,1,punto,punto
1045,2,palidecieron,palidecieron
1045,3,todos,todos
1045,4,los,los
1045,5,de,de
1045,6,Xibalbá,xibalb
1045,7,y,y
1045,8,se,se
1045,9,les,les
1045,10,pusieron,pusieron
1045,11,lívidas,lvidas
1045,12,las,las
1045,13,caras,caras
1045,14,a,a
1045,15,causa,causa
1045,16,de,de
1045,17,las,las
1045,18,flores,flores
1046,0,Luego,luego
1046,1,mandaron,mandaron
1046,2,llamar,llamar
1046,3,a,a
1046,4,los,los
1046,5,guardianes,guardianes
1046,6,de,de
1046,7,las,las
1046,8,flores,flores
1047,2,Por,por
1047,3,que,que
1047,4,os,os
1047,5,habéis,habis
1047,6,dejado,dejado
1047,7,robar,robar
1047,8,nuestras,nuestras
1047,9,flores,flores
1048,0,Estas,estas
1048,1,que,que
1048,2,aquí,aqu
1048,3,vemos,vemos
1048,4,son,son
1048,5,nuestras,nuestras
1048,6,flores,flores
1048,8,les,les
1048,9,dijeron,dijeron
1048,10,a,a
1048,11,los,los
1048,12,guardianes,guardianes
1049,1,No,no
1049,2,sentimos,sentimos
1049,3,nada,nada
1049,5,Señor,seor
1050,0,Nuestras,nuestras
1050,1,colas,colas
1050,2,también,tambin
1050,3,han,han
1050,4,sufrido,sufrido
1050,6,contestaron,contestaron
1051,0,Y,y
1051,1,luego,luego
1051,2,les,les
1051,3,rasgaron,rasgaron
1051,4,la,la
1051,5,boca,boca
1051,6,en,en
1051,7,castigo,castigo
1051,8,de,de
1051,9,haberse,haberse
1051,10,dejado,dejado
1051,11,robar,robar
1051,12,lo,lo
1051,13,que,que
1051,14,estaba,estaba
1051,15,bajo,bajo
1051,16,su,su
1051,17,custodia,custodia
1052,0,Así,as
1052,1,fueron,fueron
1052,2,vencidos,vencidos
1052,3,Hun-Camé,huncam
1052,4,y,y
1052,5,Vucub-Camé,vucubcam
1052,6,por,por
1052,7,Hunahpú,hunahp
1052,8,e,e
1052,9,Ixbalanqué,ixbalanqu
1053,0,Y,y
1053,1,éste,ste
1053,2,fue,fue
1053,3,el,el
1053,4,principio,principio
1053,5,de,de
1053,6,sus,sus
1053,7,obras,obras
1054,0,Desde,desde
1054,1,entonces,entonces
1054,2,trae,trae
1054,3,partida,partida
1054,4,la,la
1054,5,boca,boca
1054,6,el,el
1054,7,mochuelo,mochuelo
1054,9,y,y
1054,10,así,as
1054,11,hendida,hendida
1054,12,la,la
1054,13,tiene,tiene
1054,14,hoy,hoy
1055,0,En,en
1055,1,seguida,seguida
1055,2,bajaron,bajaron
1055,3,a,a
1055,4,jugar,jugar
1055,5,a,a
1055,6,la,la
1055,7,pelota,pelota
1055,8,y,y
1055,9,jugaron,jugaron
1055,10,también,tambin
1055,11,tantos,tantos
1055,12,iguales,iguales
1056,0,Luego,luego
1056,1,acabaron,acabaron
1056,2,de,de
1056,3,jugar,jugar
1056,4,y,y
1056,5,quedaron,quedaron
1056,6,convenidos,convenidos
1056,7,para,para
1056,8,la,la
1056,9,madrugada,madrugada
1056,10,siguiente,siguiente
1057,0,Así,as
1057,1,dijeron,dijeron
1057,2,los,los
1057,3,de,de
1057,4,Xibalbá,xibalb
1058,1,Está,est
1058,2,bien,bien
1058,4,dijeron,dijeron
1058,5,los,los
1058,6,muchachos,muchachos
1058,7,al,al
1058,8,terminar,terminar
1059,0,Entraron,entraron
1059,1,después,despus
1059,2,en,en
1059,3,la,la
1059,4,Casa,casa
1059,5,del,del
1059,6,Frío,fro
1060,0,No,no
1060,1,es,es
1060,2,posible,posible
1060,3,describir,describir
1060,4,el,el
1060,5,frío,fro
1060,6,que,que
1060,7,hacía,haca
1061,0,La,la
1061,1,casa,casa
1061,2,estaba,estaba
1061,3,llena,llena
1061,4,de,de
1061,5,granizo,granizo
1061,6,era,era
1061,7,la,la
1061,8,mansión,mansin
1061,9,del,del
1061,10,frío,fro
1062,0,Pronto,pronto
1062,2,sin,sin
1062,3,embargo,embargo
1062,5,se,se
1062,6,quitó,quit
1062,7,el,el
1062,8,frío,fro
1062,9,porque,porque
1062,10,con,con
1062,11,troncos,troncos
1062,12,viejos,viejos
1062,13,lo,lo
1062,14,hicieron,hicieron
1062,15,desaparecer,desaparecer
1062,16,los,los
1062,17,muchachos,muchachos
1063,0,Así,as
1063,1,es,es
1063,2,que,que
1063,3,no,no
1063,4,murieron,murieron
1063,6,estaban,estaban
1063,7,vivos,vivos
1063,8,cuando,cuando
1063,9,amaneció,amaneci
1064,0,Ciertamente,ciertamente
1064,1,lo,lo
1064,2,que,que
1064,3,querían,queran
1064,4,los,los
1064,5,de,de
1064,6,Xibalbá,xibalb
1064,7,era,era
1064,8,que,que
1064,9,murieran,murieran
1064,11,pero,pero
1064,12,no,no
1064,13,fue,fue
1064,14,así,as
1064,16,sino,sino
1064,17,que,que
1064,18,cuando,cuando
1064,19,amaneció,amaneci
1064,20,estaban,estaban
1064,21,Llenos,llenos
1064,22,de,de
1064,23,salud,salud
1064,25,y,y
1064,26,salieron,salieron
1064,27,de,de
1064,28,nuevo,nuevo
1064,29,cuando,cuando
1064,30,los,los
1064,31,fueron,fueron
1064,32,a,a
1064,33,buscar,buscar
1064,34,los,los
1064,35,mensajeros,mensajeros
1065,2,Cómo,cmo
1065,3,es,es
1065,4,eso,eso
1065,7,No,no
1065,8,han,han
1065,9,muerto,muerto
1065,10,todavía,todava
1065,13,dijo,dijo
1065,14,el,el
1065,15,Señor,seor
1065,16,de,de
1065,17,Xibalbá,xibalb
1066,0,Admirábanse,admirbanse
1066,1,de,de
1066,2,ver,ver
1066,3,las,las
1066,4,obras,obras
1066,5,de,de
1066,6,Hunahpú,hunahp
1066,7,e,e
1066,8,Ixbalanqué,ixbalanqu
1067,0,En,en
1067,1,seguida,seguida
1067,2,entraron,entraron
1067,3,en,en
1067,4,la,la
1067,5,Casa,casa
1067,6,de,de
1067,7,los,los
1067,8,Tigres,tigres
1068,0,La,la
1068,1,casa,casa
1068,2,estaba,estaba
1068,3,llena,llena
1068,4,de,de
1068,5,tigres,tigres
1069,2,No,no
1069,3,nos,nos
1069,4,mordáis,mordis
1070,0,Aquí,aqu
1070,1,está,est
1070,2,lo,lo
1070,3,que,que
1070,4,os,os
1070,5,pertenece,pertenece
1070,7,les,les
1070,8,dijeron,dijeron
1070,9,a,a
1070,10,los,los
1070,11,tigres,tigres
1071,0,Y,y
1071,1,en,en
1071,2,seguida,seguida
1071,3,les,les
1071,4,arrojaron,arrojaron
1071,5,unos,unos
1071,6,huesos,huesos
1071,7,a,a
1071,8,los,los
1071,9,animales,animales
1072,0,Y,y
1072,1,éstos,stos
1072,2,se,se
1072,3,precipitaron,precipitaron
1072,4,sobre,sobre
1072,5,los,los
1072,6,huesos,huesos
1073,2,Ahora,ahora
1073,3,sí,s
1073,4,se,se
1073,5,acabaron,acabaron
1073,7,Ya,ya
1073,8,les,les
1073,9,comieron,comieron
1073,10,las,las
1073,11,entrañas,entraas
1074,0,Al,al
1074,1,fin,fin
1074,2,se,se
1074,3,han,han
1074,4,entregado,entregado
1075,0,Ahora,ahora
1075,1,les,les
1075,2,están,estn
1075,3,triturando,triturando
1075,4,los,los
1075,5,huesos,huesos
1076,0,Así,as
1076,1,decían,decan
1076,2,los,los
1076,3,guardas,guardas
1076,5,alegres,alegres
1076,6,todos,todos
1076,7,por,por
1076,8,este,este
1076,9,motivo,motivo
1077,0,Pero,pero
1077,1,no,no
1077,2,murieron,murieron
1078,0,Igualmente,igualmente
1078,1,buenos,buenos
1078,2,y,y
1078,3,sanos,sanos
1078,4,salieron,salieron
1078,5,de,de
1078,6,la,la
1078,7,Casa,casa
1078,8,de,de
1078,9,las,las
1078,10,Tigres,tigres
1079,2,De,de
1079,3,qué,qu
1079,4,raza,raza
1079,5,son,son
1079,6,éstos,stos
1080,1,De,de
1080,2,dónde,dnde
1080,3,han,han
1080,4,venido,venido
1080,7,decían,decan
1080,8,todos,todos
1080,9,los,los
1080,10,de,de
1080,11,Xibalbá,xibalb
1081,0,Luego,luego
1081,1,entraron,entraron
1081,2,en,en
1081,3,medio,medio
1081,4,del,del
1081,5,fuego,fuego
1081,6,a,a
1081,7,una,una
1081,8,Casa,casa
1081,9,de,de
1081,10,Fuego,fuego
1081,12,donde,donde
1081,13,sólo,slo
1081,14,fuego,fuego
1081,15,había,haba
1081,17,pero,pero
1081,18,no,no
1081,19,se,se
1081,20,quemaron,quemaron
1082,0,Sólo,slo
1082,1,ardían,ardan
1082,2,las,las
1082,3,brasas,brasas
1082,4,y,y
1082,5,la,la
1082,6,leña,lea
1083,0,Y,y
1083,1,asimismo,asimismo
1083,2,estaban,estaban
1083,3,sanos,sanos
1083,4,cuando,cuando
1083,5,amaneció,amaneci
1084,0,Pero,pero
1084,1,lo,lo
1084,2,que,que
1084,3,querían,queran
1084,5,los,los
1084,6,de,de
1084,7,Xibalbá,xibalb
1084,9,era,era
1084,10,que,que
1084,11,murieran,murieran
1084,12,allí,all
1084,13,dentro,dentro
1084,15,donde,donde
1084,16,habían,haban
1084,17,pasado,pasado
1085,0,Sin,sin
1085,1,embargo,embargo
1085,3,no,no
1085,4,sucedió,sucedi
1085,5,así,as
1085,7,con,con
1085,8,lo,lo
1085,9,cual,cual
1085,10,se,se
1085,11,descorazonaron,descorazonaron
1085,12,los,los
1085,13,de,de
1085,14,Xibalbá,xibalb
1086,0,Pusiéronlos,pusironlos
1086,1,entonces,entonces
1086,2,en,en
1086,3,la,la
1086,4,Casa,casa
1086,5,de,de
1086,6,los,los
1086,7,Murciélagos,murcilagos
1087,0,No,no
1087,1,había,haba
1087,2,más,ms
1087,3,que,que
1087,4,murciélagos,murcilagos
1087,5,dentro,dentro
1087,6,de,de
1087,7,esta,esta
1087,8,casa,casa
1087,10,la,la
1087,11,casa,casa
1087,12,de,de
1087,13,Camazotz,camazotz
1087,15,un,un
1087,16,gran,gran
1087,17,animal,animal
1087,19,cuyos,cuyos
1087,20,instrumentos,instrumentos
1087,21,de,de
1087,22,matar,matar
1087,23,eran,eran
1087,24,como,como
1087,25,una,una
1087,26,punta,punta
1087,27,seca,seca
1087,29,y,y
1087,30,al,al
1087,31,instante,instante
1087,32,perecían,perecan
1087,33,los,los
1087,34,que,que
1087,35,llegaban,llegaban
1087,36,a,a
1087,37,su,su
1087,38,presencia,presencia
1088,0,Estaban,estaban
1088,2,pues,pues
1088,4,allí,all
1088,5,dentro,dentro
1088,7,pero,pero
1088,8,durmieron,durmieron
1088,9,dentro,dentro
1088,10,de,de
1088,11,sus,sus
1088,12,cerbatanas,cerbatanas
1089,0,Y,y
1089,1,no,no
1089,2,fueron,fueron
1089,3,mordidos,mordidos
1089,4,por,por
1089,5,los,los
1089,6,que,que
1089,7,estaban,estaban
1089,8,en,en
1089,9,la,la
1089,10,casa,casa
1090,0,Sin,sin
1090,1,embargo,embargo
1090,3,uno,uno
1090,4,de,de
1090,5,ellos,ellos
1090,6,tuvo,tuvo
1090,7,que,que
1090,8,rendirse,rendirse
1090,9,a,a
1090,10,causa,causa
1090,11,de,de
1090,12,otro,otro
1090,13,Camazotz,camazotz
1090,14,que,que
1090,15,vino,vino
1090,16,del,del
1090,17,cielo,cielo
1090,18,y,y
1090,19,por,por
1090,20,el,el
1090,21,cual,cual
1090,22,tuvo,tuvo
1090,23,que,que
1090,24,hacer,hacer
1090,25,su,su
1090,26,aparición,aparicin
1091,0,Estuvieron,estuvieron
1091,1,apiñados,apiados
1091,2,y,y
1091,3,en,en
1091,4,consejo,consejo
1091,5,toda,toda
1091,6,la,la
1091,7,noche,noche
1091,8,los,los
1091,9,murciélagos,murcilagos
1091,10,y,y
1091,11,revoloteando,revoloteando
1091,13,Quilitz,quilitz
1091,15,quilitz,quilitz
1091,17,de-,de
1091,18,cían,can
1091,20,así,as
1091,21,estuvieron,estuvieron
1091,22,diciendo,diciendo
1091,23,toda,toda
1091,24,la,la
1091,25,noche,noche
1092,0,Pararon,pararon
1092,1,un,un
1092,2,poco,poco
1092,4,sin,sin
1092,5,embargo,embargo
1092,7,y,y
1092,8,ya,ya
1092,9,no,no
1092,10,se,se
1092,11,movieron,movieron
1092,12,los,los
1092,13,murciélagos,murcilagos
1092,14,y,y
1092,15,se,se
1092,16,estuvieron,estuvieron
1092,17,pegados,pegados
1092,18,a,a
1092,19,la,la
1092,20,punta,punta
1092,21,de,de
1092,22,una,una
1092,23,de,de
1092,24,las,las
1092,25,cerbatanas,cerbatanas
1093,0,Dijo,dijo
1093,1,entonces,entonces
1093,2,Ixbalanqué,ixbalanqu
1093,3,a,a
1093,4,Hunahpú,hunahp
1093,8,Comenzará,comenzar
1093,9,ya,ya
1093,10,a,a
1093,11,amanecer,amanecer
1093,14,mira,mira
1093,15,tú,t
1094,1,Tal,tal
1094,2,vez,vez
1094,3,sí,s
1094,5,voy,voy
1094,6,a,a
1094,7,ver,ver
1094,9,contestó,contest
1094,10,éste,ste
1095,0,Y,y
1095,1,como,como
1095,2,tenía,tena
1095,3,muchas,muchas
1095,4,ganas,ganas
1095,5,de,de
1095,6,ver,ver
1095,7,afuera,afuera
1095,8,de,de
1095,9,la,la
1095,10,boca,boca
1095,11,de,de
1095,12,la,la
1095,13,cerbatana,cerbatana
1095,15,y,y
1095,16,quería,quera
1095,17,ver,ver
1095,18,si,si
1095,19,había,haba
1095,20,amanecido,amanecido
1095,22,al,al
1095,23,instante,instante
1095,24,le,le
1095,25,cortó,cort
1095,26,la,la
1095,27,cabeza,cabeza
1095,28,Camazotz,camazotz
1095,29,y,y
1095,30,el,el
1095,31,cuerpo,cuerpo
1095,32,de,de
1095,33,Hunahpú,hunahp
1095,34,quedó,qued
1095,35,decapitado,decapitado
1096,0,Nuevamente,nuevamente
1096,1,preguntó,pregunt
1096,2,Ixbalanqué:—-¿No,ixbalanquno
1096,3,ha,ha
1096,4,amanecido,amanecido
1096,5,todavía,todava
1097,0,Pero,pero
1097,1,Hunahpú,hunahp
1097,2,no,no
1097,3,se,se
1097,4,movía,mova
1098,0,—¿A,a
1098,1,dónde,dnde
1098,2,se,se
1098,3,ha,ha
1098,4,ido,ido
1098,5,Hunahpú,hunahp
1099,1,Qué,qu
1099,2,es,es
1099,3,lo,lo
1099,4,que,que
1099,5,has,has
1099,6,hecho,hecho
1100,0,Pero,pero
1100,1,no,no
1100,2,se,se
1100,3,movía,mova
1100,5,y,y
1100,6,permanecía,permaneca
1100,7,callado,callado
1101,0,Entonces,entonces
1101,1,se,se
1101,2,sintió,sinti
1101,3,avergonzado,avergonzado
1101,4,Ixbalanqué,ixbalanqu
1101,5,y,y
1101,6,exclamó,exclam
1101,10,Desgraciados,desgraciados
1101,11,de,de
1101,12,nosotros,nosotros
1101,14,Estamos,estamos
1101,15,completamente,completamente
1101,16,vencidos,vencidos
1102,0,Fueron,fueron
1102,1,en,en
1102,2,seguida,seguida
1102,3,a,a
1102,4,colgar,colgar
1102,5,la,la
1102,6,cabeza,cabeza
1102,7,sobre,sobre
1102,8,el,el
1102,9,juego,juego
1102,10,de,de
1102,11,pelota,pelota
1102,12,por,por
1102,13,orden,orden
1102,14,expresa,expresa
1102,15,de,de
1102,16,Hun-,hun
1102,17,Camé,cam
1102,18,y,y
1102,19,Vucub-Camé,vucubcam
1102,21,y,y
1102,22,todos,todos
1102,23,los,los
1102,24,de,de
1102,25,Xibalbá,xibalb
1102,26,se,se
1102,27,regocijaron,regocijaron
1102,28,por,por
1102,29,lo,lo
1102,30,que,que
1102,31,había,haba
1102,32,sucedido,sucedido
1102,33,a,a
1102,34,la,la
1102,35,cabeza,cabeza
1102,36,de,de
1102,37,Hunahpú,hunahp
1103,0,En,en
1103,1,seguida,seguida
1103,2,llamó,llam
1103,4,Ixbalanqué,ixbalanqu
1103,6,a,a
1103,7,todos,todos
1103,8,los,los
1103,9,animales,animales
1103,11,al,al
1103,12,pisóte,piste
1103,14,al,al
1103,15,jabalí,jabal
1103,17,a,a
1103,18,todos,todos
1103,19,los,los
1103,20,animales,animales
1103,21,pequeños,pequeos
1103,22,y,y
1103,23,grandes,grandes
1103,25,durante,durante
1103,26,la,la
1103,27,noche,noche
1103,29,y,y
1103,30,a,a
1103,31,la,la
1103,32,madrugada,madrugada
1103,33,les,les
1103,34,preguntó,pregunt
1103,35,cuál,cul
1103,36,era,era
1103,37,su,su
1103,38,comida,comida
1104,2,Cuál,cul
1104,3,es,es
1104,4,la,la
1104,5,comida,comida
1104,6,de,de
1104,7,cada,cada
1104,8,uno,uno
1104,9,de,de
1104,10,vosotros,vosotros
1105,1,pues,pues
1105,2,yo,yo
1105,3,os,os
1105,4,he,he
1105,5,llamado,llamado
1105,6,para,para
1105,7,que,que
1105,8,escojáis,escojis
1105,9,vuestra,vuestra
1105,10,comida,comida
1105,12,les,les
1105,13,dijo,dijo
1105,14,Ixbalanqué,ixbalanqu
1106,1,Muy,muy
1106,2,bien,bien
1106,4,contestaron,contestaron
1107,0,Y,y
1107,1,en,en
1107,2,seguida,seguida
1107,3,se,se
1107,4,fueron,fueron
1107,5,a,a
1107,6,tomar,tomar
1107,7,cada,cada
1107,8,uno,uno
1107,9,lo,lo
1107,10,suyo,suyo
1107,12,y,y
1107,13,se,se
1107,14,marcharon,marcharon
1107,15,todos,todos
1107,16,fueron,fueron
1107,17,a,a
1107,18,coger,coger
1107,19,hierbas,hierbas
1107,21,otros,otros
1107,22,fueron,fueron
1107,23,a,a
1107,24,recoger,recoger
1107,25,piedras,piedras
1107,26,juntos,juntos
1108,0,Unos,unos
1108,1,fueron,fueron
1108,2,a,a
1108,3,tomarlas,tomarlas
1108,4,cosas,cosas
1108,5,podridas,podridas
1108,7,otros,otros
1109,0,Otros,otros
1109,1,fueron,fueron
1109,2,a,a
1109,3,recoger,recoger
1109,4,tierra,tierra
1110,0,Variadas,variadas
1110,1,eran,eran
1110,2,las,las
1110,3,comidas,comidas
1110,4,de,de
1110,5,los,los
1110,6,animales,animales
1110,8,pequeños,pequeos
1110,10,y,y
1110,11,de,de
1110,12,los,los
1110,13,animales,animales
1110,14,grandes,grandes
1111,0,Detrás,detrs
1111,1,de,de
1111,2,ellos,ellos
1111,3,se,se
1111,4,había,haba
1111,5,quedado,quedado
1111,6,la,la
1111,7,tortuga,tortuga
1111,9,la,la
1111,10,cual,cual
1111,11,llegó,lleg
1111,12,contoneándose,contonendose
1111,13,a,a
1111,14,tomar,tomar
1111,15,su,su
1111,16,comida,comida
1112,0,Y,y
1112,1,llegan-,llegan
1112,2,do,do
1112,3,al,al
1112,4,extremo,extremo
1112,6,del,del
1112,7,cuerpo,cuerpo
1112,9,tomó,tom
1112,10,la,la
1112,11,forma,forma
1112,12,de,de
1112,13,la,la
1112,14,cabeza,cabeza
1112,15,de,de
1112,16,Hunahpú,hunahp
1112,18,y,y
1112,19,al,al
1112,20,instante,instante
1112,21,le,le
1112,22,fueron,fueron
1112,23,labrados,labrados
1112,24,los,los
1112,25,ojos,ojos
1113,0,Muchos,muchos
1113,1,sabios,sabios
1113,2,vinieron,vinieron
1113,3,entonces,entonces
1113,4,del,del
1113,5,cielo,cielo
1114,0,El,el
1114,1,Corazón,corazn
1114,2,del,del
1114,3,Cielo,cielo
1114,5,Huracán,huracn
1114,7,vinieron,vinieron
1114,8,a,a
1114,9,cernerse,cernerse
1114,10,sobre,sobre
1114,11,la,la
1114,12,Casa,casa
1114,13,de,de
1114,14,los,los
1114,15,Murciélagos,murcilagos
1115,0,Y,y
1115,1,no,no
1115,2,fue,fue
1115,3,fácil,fcil
1115,4,acabar,acabar
1115,5,de,de
1115,6,hacerle,hacerle
1115,7,la,la
1115,8,cara,cara
1115,10,pero,pero
1115,11,salió,sali
1115,12,muy,muy
1115,13,buena,buena
1115,15,la,la
1115,16,cabellera,cabellera
1115,17,también,tambin
1115,18,tenía,tena
1115,19,una,una
1115,20,hermosa,hermosa
1115,21,apariencia,apariencia
1115,23,y,y
1115,24,asimismo,asimismo
1115,25,pudo,pudo
1115,26,hablar,hablar
1116,0,Pero,pero
1116,1,como,como
1116,2,ya,ya
1116,3,quería,quera
1116,4,amanecer,amanecer
1116,5,y,y
1116,6,el,el
1116,7,horizonte,horizonte
1116,8,se,se
1116,9,teñía,tea
1116,10,de,de
1116,11,rojo,rojo
1117,2,Oscurece,oscurece
1117,3,de,de
1117,4,nuevo,nuevo
1117,6,viejo,viejo
1117,9,le,le
1117,10,fue,fue
1117,11,dicho,dicho
1117,12,al,al
1117,13,zopilote,zopilote
1118,1,Está,est
1118,2,bien,bien
1118,4,contestó,contest
1118,5,el,el
1118,6,viejo,viejo
1118,8,y,y
1118,9,al,al
1118,10,instante,instante
1118,11,oscureció,oscureci
1118,12,el,el
1118,13,viejo,viejo
1119,1,Ya,ya
1119,2,oscureció,oscureci
1119,3,el,el
1119,4,zopilote,zopilote
1119,7,dice,dice
1119,8,ahora,ahora
1119,9,la,la
1119,10,gente,gente
1120,0,Y,y
1120,1,así,as
1120,3,durante,durante
1120,4,la,la
1120,5,frescura,frescura
1120,6,del,del
1120,7,amanecer,amanecer
1120,9,comenzó,comenz
1120,10,su,su
1120,11,existencia,existencia
1121,2,Estará,estar
1121,3,bien,bien
1121,6,dijeron,dijeron
1122,1,Saldrá,saldr
1122,2,parecido,parecido
1122,3,a,a
1122,4,Hunahpú,hunahp
1123,1,Está,est
1123,2,muy,muy
1123,3,bien,bien
1123,5,contestaron,contestaron
1124,0,Y,y
1124,1,efectivamente,efectivamente
1124,3,parecía,pareca
1124,4,de,de
1124,5,hueso,hueso
1124,6,la,la
1124,7,cabeza,cabeza
1124,9,se,se
1124,10,había,haba
1124,11,transformado,transformado
1124,12,en,en
1124,13,una,una
1124,14,cabeza,cabeza
1124,15,verdadera,verdadera
1125,0,Luego,luego
1125,1,hablaron,hablaron
1125,2,entre,entre
1125,3,sí,s
1125,4,y,y
1125,5,se,se
1125,6,pusieron,pusieron
1125,7,de,de
1125,8,acuerdo,acuerdo
1125,11,No,no
1125,12,juegues,juegues
1125,13,tú,t
1125,14,a,a
1125,15,la,la
1125,16,pelota,pelota
1125,18,haz,haz
1125,19,únicamente,nicamente
1125,20,como,como
1125,21,que,que
1125,22,juegas,juegas
1125,24,yo,yo
1125,25,solo,solo
1125,26,lo,lo
1125,27,haré,har
1125,28,todo,todo
1125,30,le,le
1125,31,dijo,dijo
1125,32,Ixbalanqué,ixbalanqu
1126,0,En,en
1126,1,seguida,seguida
1126,2,le,le
1126,3,dio,dio
1126,4,sus,sus
1126,5,órdenes,rdenes
1126,6,a,a
1126,7,un,un
1126,8,conejo,conejo
1126,11,Anda,anda
1126,12,a,a
1126,13,colocarte,colocarte
1126,14,sobre,sobre
1126,15,el,el
1126,16,juego,juego
1126,17,de,de
1126,18,pelota,pelota
1126,20,quédate,qudate
1126,21,allí,all
1126,22,entre,entre
1126,23,el,el
1126,24,encinal,encinal
1126,26,le,le
1126,27,fue,fue
1126,28,dicho,dicho
1126,29,al,al
1126,30,conejo,conejo
1126,31,por,por
1126,32,Ixbalanqué,ixbalanqu
1126,34,cuando,cuando
1126,35,te,te
1126,36,llegue,llegue
1126,37,la,la
1126,38,pelota,pelota
1126,39,sal,sal
1126,40,corriendo,corriendo
1126,41,inmediatamente,inmediatamente
1126,43,y,y
1126,44,yo,yo
1126,45,haré,har
1126,46,lo,lo
1126,47,demás,dems
1126,49,le,le
1126,50,fue,fue
1126,51,dicho,dicho
1126,52,al,al
1126,53,conejo,conejo
1126,54,cuando,cuando
1126,55,se,se
1126,56,le,le
1126,57,dieron,dieron
1126,58,estas,estas
1126,59,instrucciones,instrucciones
1126,60,durante,durante
1126,61,la,la
1126,62,noche,noche
1127,0,En,en
1127,1,seguida,seguida
1127,2,amaneció,amaneci
1127,3,y,y
1127,4,los,los
1127,5,dos,dos
1127,6,muchachos,muchachos
1127,7,estaban,estaban
1127,8,buenos,buenos
1127,9,y,y
1127,10,sanos,sanos
1128,0,Luego,luego
1128,1,bajaron,bajaron
1128,2,a,a
1128,3,jugar,jugar
1128,4,a,a
1128,5,la,la
1128,6,pelota,pelota
1129,0,La,la
1129,1,cabeza,cabeza
1129,2,de,de
1129,3,Hunahpú,hunahp
1129,4,estaba,estaba
1129,5,colgada,colgada
1129,6,sobre,sobre
1129,7,el,el
1129,8,juego,juego
1129,9,de,de
1129,10,pelota,pelota
1130,2,Hemos,hemos
1130,3,triunfado,triunfado
1130,6,Habéis,habis
1130,7,labrado,labrado
1130,8,vuestra,vuestra
1130,9,propia,propia
1130,10,ruina,ruina
1130,12,os,os
1130,13,habéis,habis
1130,14,entregado,entregado
1130,17,les,les
1130,18,decían,decan
1131,0,De,de
1131,1,esta,esta
1131,2,manera,manera
1131,3,provocaban,provocaban
1131,4,a,a
1131,5,Hunahpú,hunahp
1132,1,Pégale,pgale
1132,2,a,a
1132,3,la,la
1132,4,cabeza,cabeza
1132,5,con,con
1132,6,la,la
1132,7,pelota,pelota
1132,9,le,le
1132,10,decían,decan
1133,0,Pero,pero
1133,1,no,no
1133,2,lo,lo
1133,3,molestaban,molestaban
1133,4,con,con
1133,5,esto,esto
1133,7,él,l
1133,8,no,no
1133,9,se,se
1133,10,daba,daba
1133,11,por,por
1133,12,entendido,entendido
1134,0,Luego,luego
1134,1,arrojaron,arrojaron
1134,2,la,la
1134,3,pelota,pelota
1134,4,los,los
1134,5,Señores,seores
1134,6,de,de
1134,7,Xibalbá,xibalb
1135,0,Ixbalanqué,ixbalanqu
1135,1,le,le
1135,2,salió,sali
1135,3,al,al
1135,4,encuentro,encuentro
1135,6,la,la
1135,7,pelota,pelota
1135,8,iba,iba
1135,9,derecho,derecho
1135,10,al,al
1135,11,anillo,anillo
1135,13,pero,pero
1135,14,se,se
1135,15,detuvo,detuvo
1135,17,rebotando,rebotando
1135,19,pasó,pas
1135,20,rápidamente,rpidamente
1135,21,por,por
1135,22,encima,encima
1135,23,del,del
1135,24,juego,juego
1135,25,de,de
1135,26,pelota,pelota
1135,27,y,y
1135,28,de,de
1135,29,un,un
1135,30,salto,salto
1135,31,se,se
1135,32,dirigió,dirigi
1135,33,hasta,hasta
1135,34,el,el
1135,35,encinal,encinal
1136,0,El,el
1136,1,conejo,conejo
1136,2,salió,sali
1136,3,al,al
1136,4,instante,instante
1136,5,y,y
1136,6,se,se
1136,7,fue,fue
1136,8,saltando,saltando
1136,10,y,y
1136,11,los,los
1136,12,de,de
1136,13,Xibalbá,xibalb
1136,14,corrían,corran
1136,15,persiguiéndolo,persiguindolo
1137,0,Iban,iban
1137,1,haciendo,haciendo
1137,2,ruido,ruido
1137,3,y,y
1137,4,gritando,gritando
1137,5,tras,tras
1137,6,el,el
1137,7,conejo,conejo
1138,0,Acabaron,acabaron
1138,1,por,por
1138,2,irse,irse
1138,3,todos,todos
1138,4,los,los
1138,5,de,de
1138,6,Xibalbá,xibalb
1139,0,En,en
1139,1,seguida,seguida
1139,2,se,se
1139,3,apoderó,apoder
1139,4,Ixbalanqué,ixbalanqu
1139,5,de,de
1139,6,la,la
1139,7,cabeza,cabeza
1139,8,de,de
1139,9,Hunahpú,hunahp
1139,11,se,se
1139,12,llevó,llev
1139,13,de,de
1139,14,nuevo,nuevo
1139,15,la,la
1139,16,tortuga,tortuga
1139,17,y,y
1139,18,fue,fue
1139,19,a,a
1139,20,colocarla,colocarla
1139,21,sobre,sobre
1139,22,el,el
1139,23,juego,juego
1139,24,de,de
1139,25,pelota,pelota
1140,0,Y,y
1140,1,aquella,aquella
1140,2,cabeza,cabeza
1140,3,era,era
1140,4,verdaderamente,verdaderamente
1140,5,la,la
1140,6,cabeza,cabeza
1140,7,de,de
1140,8,Hunahpú,hunahp
1140,9,y,y
1140,10,los,los
1140,11,dos,dos
1140,12,muchachos,muchachos
1140,13,se,se
1140,14,pusieron,pusieron
1140,15,muy,muy
1140,16,contentos,contentos
1141,0,Corrieron,corrieron
1141,2,pues,pues
1141,4,los,los
1141,5,de,de
1141,6,Xibalbá,xibalb
1141,7,a,a
1141,8,buscar,buscar
1141,9,la,la
1141,10,pelota,pelota
1141,11,y,y
1141,12,habiéndola,habindola
1141,13,encontrado,encontrado
1141,14,entre,entre
1141,15,las,las
1141,16,encinas,encinas
1141,18,los,los
1141,19,llamaron,llamaron
1141,21,diciendo,diciendo
1141,24,Venid,venid
1141,25,acá,ac
1142,0,Aquí,aqu
1142,1,está,est
1142,2,la,la
1142,3,pelota,pelota
1142,5,nosotros,nosotros
1142,6,la,la
1142,7,encontramos,encontramos
1142,9,dijeron,dijeron
1142,11,y,y
1142,12,la,la
1142,13,tenían,tenan
1142,14,colgando,colgando
1143,0,Cuando,cuando
1143,1,regresaron,regresaron
1143,2,los,los
1143,3,de,de
1143,4,Xibalbá,xibalb
1143,5,exclamaron,exclamaron
1143,9,Qué,qu
1143,10,es,es
1143,11,lo,lo
1143,12,que,que
1143,13,vemos,vemos
1144,0,Luego,luego
1144,1,comenzaron,comenzaron
1144,2,nuevamente,nuevamente
1144,3,a,a
1144,4,jugar,jugar
1145,0,Tantos,tantos
1145,1,iguales,iguales
1145,2,hicieron,hicieron
1145,3,por,por
1145,4,ambas,ambas
1145,5,partes,partes
1146,0,En,en
1146,1,seguida,seguida
1146,2,Ixbalanqué,ixbalanqu
1146,3,le,le
1146,4,lanzó,lanz
1146,5,una,una
1146,6,piedra,piedra
1146,7,a,a
1146,8,la,la
1146,9,tortuga,tortuga
1146,11,ésta,sta
1146,12,se,se
1146,13,vino,vino
1146,14,al,al
1146,15,suelo,suelo
1146,16,y,y
1146,17,cayó,cay
1146,18,en,en
1146,19,el,el
1146,20,patio,patio
1146,21,del,del
1146,22,juego,juego
1146,23,de,de
1146,24,pelota,pelota
1146,25,hecha,hecha
1146,26,mil,mil
1146,27,pedazos,pedazos
1146,28,como,como
1146,29,pepitas,pepitas
1146,31,delante,delante
1146,32,de,de
1146,33,los,los
1146,34,Señores,seores
1147,2,Quién,quin
1147,3,de,de
1147,4,vosotras,vosotras
1147,5,irá,ir
1147,6,a,a
1147,7,buscarla,buscarla
1148,1,Dónde,dnde
1148,2,está,est
1148,3,el,el
1148,4,que,que
1148,5,irá,ir
1148,6,a,a
1148,7,traerla,traerla
1148,10,dijeran,dijeran
1148,11,los,los
1148,12,de,de
1148,13,Xibalbá,xibalb
1149,0,Y,y
1149,1,así,as
1149,2,fueron,fueron
1149,3,vencidos,vencidos
1149,4,los,los
1149,5,Señores,seores
1149,6,de,de
1149,7,Xibalbá,xibalb
1149,8,por,por
1149,9,Hunahpú,hunahp
1149,10,e,e
1149,11,Ixbalanqué,ixbalanqu
1150,0,Grandes,grandes
1150,1,trabajos,trabajos
1150,2,pasaron,pasaron
1150,3,éstos,stos
1150,5,pero,pero
1150,6,no,no
1150,7,murieron,murieron
1150,9,a,a
1150,10,pesar,pesar
1150,11,de,de
1150,12,todo,todo
1150,13,lo,lo
1150,14,que,que
1150,15,les,les
1150,16,hicieron,hicieron
1151,0,He,he
1151,1,aquí,aqu
1151,2,la,la
1151,3,memoria,memoria
1151,4,de,de
1151,5,la,la
1151,6,muerte,muerte
1151,7,de,de
1151,8,Hunahpú,hunahp
1151,9,e,e
1151,10,Ixbalanqué,ixbalanqu
1152,0,Ahora,ahora
1152,1,contaremos,contaremos
1152,2,la,la
1152,3,manera,manera
1152,4,como,como
1152,5,murieron,murieron
1153,0,Habiendo,habiendo
1153,1,sido,sido
1153,2,prevenidos,prevenidos
1153,3,de,de
1153,4,todos,todos
1153,5,los,los
1153,6,sufrimientos,sufrimientos
1153,7,que,que
1153,8,les,les
1153,9,querían,queran
1153,10,imponer,imponer
1153,12,no,no
1153,13,murieron,murieron
1153,14,de,de
1153,15,los,los
1153,16,tormentos,tormentos
1153,17,de,de
1153,18,Xibalbá,xibalb
1153,20,ni,ni
1153,21,fueron,fueron
1153,22,vencidos,vencidos
1153,23,por,por
1153,24,todos,todos
1153,25,los,los
1153,26,animales,animales
1153,27,feroces,feroces
1153,28,que,que
1153,29,había,haba
1153,30,en,en
1153,31,Xibalbá,xibalb
1154,0,Mandaron,mandaron
1154,1,llamar,llamar
1154,2,después,despus
1154,3,a,a
1154,4,dos,dos
1154,5,adivinos,adivinos
1154,7,que,que
1154,8,eran,eran
1154,9,como,como
1154,10,profetas,profetas
1154,12,llamábanse,llambanse
1154,13,Xulú,xul
1154,14,y,y
1154,15,Pacam,pacam
1154,16,y,y
1154,17,eran,eran
1154,18,sabios,sabios
1154,20,y,y
1154,21,les,les
1154,22,dijeron,dijeron
1154,25,Se,se
1154,26,os,os
1154,27,preguntará,preguntar
1154,28,por,por
1154,29,los,los
1154,30,Señores,seores
1154,31,de,de
1154,32,Xibalbá,xibalb
1154,33,acerca,acerca
1154,34,de,de
1154,35,nuestra,nuestra
1154,36,muerte,muerte
1154,38,que,que
1154,39,están,estn
1154,40,concertando,concertando
1154,41,y,y
1154,42,pre-,pre
1154,43,parando,parando
1154,44,por,por
1154,45,el,el
1154,46,hecho,hecho
1154,47,de,de
1154,48,que,que
1154,49,no,no
1154,50,hemos,hemos
1154,51,muerto,muerto
1154,53,ni,ni
1154,54,nos,nos
1154,55,han,han
1154,56,podido,podido
1154,57,vencer,vencer
1154,59,ni,ni
1154,60,hemos,hemos
1154,61,perecido,perecido
1154,62,en,en
1154,63,sus,sus
1154,64,tormentos,tormentos
1154,66,ni,ni
1154,67,nos,nos
1154,68,han,han
1154,69,atacado,atacado
1154,70,los,los
1154,71,animales,animales
1155,0,Tenemos,tenemos
1155,1,el,el
1155,2,presentí-miento,presentmiento
1155,3,en,en
1155,4,nuestro,nuestro
1155,5,corazón,corazn
1155,6,de,de
1155,7,que,que
1155,8,usarán,usarn
1155,9,la,la
1155,10,hoguera,hoguera
1155,11,para,para
1155,12,darnos,darnos
1155,13,muerte,muerte
1156,0,Todos,todos
1156,1,los,los
1156,2,de,de
1156,3,Xibalbá,xibalb
1156,4,se,se
1156,5,han,han
1156,6,reunido,reunido
1156,8,pero,pero
1156,9,la,la
1156,10,verdad,verdad
1156,11,es,es
1156,12,que,que
1156,13,no,no
1156,14,moriremos,moriremos
1157,0,He,he
1157,1,aquí,aqu
1157,3,pues,pues
1157,5,nuestras,nuestras
1157,6,instrucciones,instrucciones
1157,7,sobre,sobre
1157,8,lo,lo
1157,9,que,que
1157,10,debéis,debis
1157,11,decir,decir
1157,14,Sí,s
1157,15,os,os
1157,16,vinieren,vinieren
1157,17,a,a
1157,18,consultar,consultar
1157,19,acerca,acerca
1157,20,de,de
1157,21,nuestra,nuestra
1157,22,muerte,muerte
1157,23,y,y
1157,24,que,que
1157,25,seamos,seamos
1157,26,sacrificados,sacrificados
1157,29,qué,qu
1157,30,diréis,diris
1157,31,entonces,entonces
1157,32,vosotros,vosotros
1157,34,Xulú,xul
1157,35,y,y
1157,36,Pacam,pacam
1158,0,Si,si
1158,1,os,os
1158,2,dijeren,dijeren
1158,6,No,no
1158,7,será,ser
1158,8,bueno,bueno
1158,9,arrojar,arrojar
1158,10,sus,sus
1158,11,huesos,huesos
1158,12,en,en
1158,13,el,el
1158,14,barranco,barranco
1158,19,No,no
1158,20,conviene,conviene
1158,22,diréis,diris
1158,24,porque,porque
1158,25,resucitarán,resucitarn
1158,26,después,despus
1159,0,Si,si
1159,1,os,os
1159,2,dijeren,dijeren
1159,6,No,no
1159,7,será,ser
1159,8,bueno,bueno
1159,9,que,que
1159,10,los,los
1159,11,colguemos,colguemos
1159,12,de,de
1159,13,los,los
1159,14,árboles,rboles
1159,18,contestaréis,contestaris
1159,21,De,de
1159,22,ninguna,ninguna
1159,23,manera,manera
1159,24,conviene,conviene
1159,26,porque,porque
1159,27,entonces,entonces
1159,28,también,tambin
1159,29,les,les
1159,30,volveréis,volveris
1159,31,a,a
1159,32,ver,ver
1159,33,las,las
1159,34,caras,caras
1160,1,Y,y
1160,2,cuando,cuando
1160,3,por,por
1160,4,tercera,tercera
1160,5,vez,vez
1160,6,os,os
1160,7,digan,digan
1160,11,Será,ser
1160,12,bueno,bueno
1160,13,que,que
1160,14,arrojemos,arrojemos
1160,15,sus,sus
1160,16,huesos,huesos
1160,17,al,al
1160,18,río,ro
1161,2,si,si
1161,3,así,as
1161,4,os,os
1161,5,fuere,fuere
1161,6,dicho,dicho
1161,7,por,por
1161,8,ellos,ellos
1161,11,Así,as
1161,12,conviene,conviene
1161,13,que,que
1161,14,mueran,mueran
1161,17,diréis,diris
1161,20,luego,luego
1161,21,conviene,conviene
1161,22,moler,moler
1161,23,sus,sus
1161,24,huesos,huesos
1161,25,en,en
1161,26,la,la
1161,27,piedra,piedra
1161,29,como,como
1161,30,se,se
1161,31,muele,muele
1161,32,la,la
1161,33,harina,harina
1161,34,de,de
1161,35,maíz,maz
1161,37,que,que
1161,38,cada,cada
1161,39,uno,uno
1161,40,sea,sea
1161,41,molido,molido
1161,43,por,por
1161,44,separado,separado
1161,46,en,en
1161,47,seguida,seguida
1161,48,arrojadlos,arrojadlos
1161,49,al,al
1161,50,río,ro
1161,52,allí,all
1161,53,donde,donde
1161,54,brota,brota
1161,55,la,la
1161,56,fuente,fuente
1161,57,para,para
1161,58,que,que
1161,59,se,se
1161,60,vayan,vayan
1161,61,por,por
1161,62,todos,todos
1161,63,los,los
1161,64,cerros,cerros
1161,65,pequeños,pequeos
1161,66,y,y
1161,67,grandes,grandes
1162,1,Así,as
1162,2,les,les
1162,3,responderéis,responderis
1162,4,cuando,cuando
1162,5,pongáis,pongis
1162,6,en,en
1162,7,práctica,prctica
1162,8,el,el
1162,9,plan,plan
1162,10,que,que
1162,11,os,os
1162,12,hemos,hemos
1162,13,aconsejado,aconsejado
1162,15,dijeron,dijeron
1162,16,Hunahpú,hunahp
1162,17,e,e
1162,18,Ixbalanqué,ixbalanqu
1163,0,Y,y
1163,1,cuando,cuando
1163,2,se,se
1163,3,despidieron,despidieron
1163,4,de,de
1163,5,ellos,ellos
1163,7,ya,ya
1163,8,tenían,tenan
1163,9,conocimiento,conocimiento
1163,10,de,de
1163,11,su,su
1163,12,muerte,muerte
1164,0,Hicieron,hicieron
1164,1,entonces,entonces
1164,3,una,una
1164,4,gran,gran
1164,5,hoguera,hoguera
1164,7,una,una
1164,8,especie,especie
1164,9,de,de
1164,10,horno,horno
1164,11,hicieron,hicieron
1164,12,los,los
1164,13,de,de
1164,14,Xibalbá,xibalb
1164,15,y,y
1164,16,lo,lo
1164,17,llenaron,llenaron
1164,18,de,de
1164,19,ramas,ramas
1164,20,gruesas,gruesas
1165,0,Luego,luego
1165,1,llegaron,llegaron
1165,2,los,los
1165,3,mensajeros,mensajeros
1165,4,que,que
1165,5,habían,haban
1165,6,de,de
1165,7,acompañarlos,acompaarlos
1165,9,los,los
1165,10,mensajeros,mensajeros
1165,11,de,de
1165,12,Hun-Camé,huncam
1165,13,y,y
1165,14,de,de
1165,15,Vucub-Camé,vucubcam
1166,3,Que,que
1166,4,vengan,vengan
1167,0,Id,id
1168,0,a,a
1168,1,buscar,buscar
1168,2,a,a
1168,3,los,los
1168,4,muchachos,muchachos
1168,6,id,id
1168,7,allá,all
1168,8,para,para
1168,9,que,que
1168,10,sepan,sepan
1168,11,que,que
1168,12,los,los
1168,13,vamos,vamos
1168,14,a,a
1168,15,quemar,quemar
1169,1,Esto,esto
1169,2,dijeron,dijeron
1169,3,los,los
1169,4,Señores,seores
1169,7,oh,oh
1169,8,muchachos,muchachos
1169,11,exclamaron,exclamaron
1169,12,los,los
1169,13,mensajeros,mensajeros
1170,1,Está,est
1170,2,bien,bien
1170,4,contestaron,contestaron
1171,0,Y,y
1171,1,poniéndose,ponindose
1171,2,rápidamente,rpidamente
1171,3,en,en
1171,4,camino,camino
1171,6,llegaron,llegaron
1171,7,junto,junto
1171,8,a,a
1171,9,la,la
1171,10,hoguera,hoguera
1172,0,Allí,all
1172,1,quisieron,quisieron
1172,2,obligarlos,obligarlos
1172,3,a,a
1172,4,divertirse,divertirse
1172,5,con,con
1172,6,ellos,ellos
1173,2,Tomemos,tomemos
1173,3,nuestra,nuestra
1173,4,chicha,chicha
1173,5,y,y
1173,6,volemos,volemos
1173,7,cuatro,cuatro
1173,8,veces,veces
1173,9,cada,cada
1173,10,uno,uno
1173,12,encima,encima
1173,13,de,de
1173,14,la,la
1173,15,hoguera,hoguera
1173,18,muchachos,muchachos
1173,21,les,les
1173,22,fue,fue
1173,23,dicho,dicho
1173,24,por,por
1173,25,Hun-Camé,huncam
1174,1,No,no
1174,2,tratéis,tratis
1174,3,de,de
1174,4,engañamos,engaamos
1174,6,contestaron,contestaron
1175,1,Acaso,acaso
1175,2,no,no
1175,3,tenemos,tenemos
1175,4,conocimiento,conocimiento
1175,5,de,de
1175,6,nuestra,nuestra
1175,7,muerte,muerte
1175,10,oh,oh
1175,11,Señores,seores
1175,14,y,y
1175,15,de,de
1175,16,que,que
1175,17,eso,eso
1175,18,es,es
1175,19,lo,lo
1175,20,que,que
1175,21,aquí,aqu
1175,22,nos,nos
1175,23,espera,espera
1176,0,Y,y
1176,1,juntándose,juntndose
1176,2,frente,frente
1176,3,a,a
1176,4,frente,frente
1176,6,extendieron,extendieron
1176,7,ambos,ambos
1176,8,los,los
1176,9,brazos,brazos
1176,11,se,se
1176,12,inclinaron,inclinaron
1176,13,hacia,hacia
1176,14,el,el
1176,15,suelo,suelo
1176,16,y,y
1176,17,se,se
1176,18,precipitaron,precipitaron
1176,19,en,en
1176,20,la,la
1176,21,hoguera,hoguera
1176,23,y,y
1176,24,así,as
1176,25,murieron,murieron
1176,26,los,los
1176,27,dos,dos
1176,28,juntos,juntos
1177,0,Todos,todos
1177,1,los,los
1177,2,de,de
1177,3,Xibalbá,xibalb
1177,4,se,se
1177,5,llenaron,llenaron
1177,6,de,de
1177,7,alegría,alegra
1177,8,y,y
1177,9,dando,dando
1177,10,muchas,muchas
1177,11,voces,voces
1177,12,y,y
1177,13,subidos,subidos
1177,15,exclamaban,exclamaban
1177,18,Ahora,ahora
1177,19,sí,s
1177,20,los,los
1177,21,hemos,hemos
1177,22,vencido,vencido
1177,25,Por,por
1177,26,fin,fin
1177,27,se,se
1177,28,han,han
1177,29,entregado,entregado
1178,0,En,en
1178,1,seguida,seguida
1178,2,llamaron,llamaron
1178,3,a,a
1178,4,Xulú,xul
1178,5,y,y
1178,6,Pacam,pacam
1178,8,a,a
1178,9,quienes,quienes
1178,11,los,los
1178,12,muchachos,muchachos
1178,14,habían,haban
1178,15,dejado,dejado
1178,16,advertidos,advertidos
1178,18,y,y
1178,19,les,les
1178,20,preguntaron,preguntaron
1178,21,qué,qu
1178,22,debían,deban
1178,23,hacer,hacer
1178,24,con,con
1178,25,sus,sus
1178,26,huesos,huesos
1178,28,tal,tal
1178,29,como,como
1178,30,ellos,ellos
1178,31,les,les
1178,32,habían,haban
1178,33,pronosticado,pronosticado
1179,0,Los,los
1179,1,de,de
1179,2,Xibalbá,xibalb
1179,3,molieron,molieron
1179,4,entonces,entonces
1179,5,sus,sus
1179,6,huesos,huesos
1179,7,y,y
1179,8,fueron,fueron
1179,9,a,a
1179,10,arrojarlos,arrojarlos
1179,11,al,al
1179,12,río,ro
1180,0,Pero,pero
1180,1,éstos,stos
1180,2,no,no
1180,3,fueron,fueron
1180,4,muy,muy
1180,5,lejos,lejos
1180,7,pues,pues
1180,8,asentándose,asentndose
1180,9,al,al
1180,10,punto,punto
1180,11,en,en
1180,12,el,el
1180,13,fondo,fondo
1180,14,del,del
1180,15,agua,agua
1180,17,se,se
1180,18,convirtieron,convirtieron
1180,19,en,en
1180,20,hermosos,hermosos
1180,21,muchachos,muchachos
1181,0,Y,y
1181,1,cuando,cuando
1181,2,de,de
1181,3,nuevo,nuevo
1181,4,se,se
1181,5,manifestaron,manifestaron
1181,7,tenían,tenan
1181,8,en,en
1181,9,verdad,verdad
1181,10,sus,sus
1181,11,mismas,mismas
1181,12,caras,caras
1182,0,Al,al
1182,1,quinto,quinto
1182,2,día,da
1182,3,volvieron,volvieron
1182,4,a,a
1182,5,aparecer,aparecer
1182,6,y,y
1182,7,fueron,fueron
1182,8,vistos,vistos
1182,9,en,en
1182,10,el,el
1182,11,agua,agua
1182,12,por,por
1182,13,la,la
1182,14,gente,gente
1183,0,Tenían,tenan
1183,1,ambos,ambos
1183,2,la,la
1183,3,apariencia,apariencia
1183,4,de,de
1183,5,hombres-peces,hombrespeces
1183,6,cuando,cuando
1183,7,los,los
1183,8,vieron,vieron
1183,9,los,los
1183,10,de,de
1183,11,Xibalbá,xibalb
1183,13,después,despus
1183,14,de,de
1183,15,buscarlos,buscarlos
1183,16,por,por
1183,17,todo,todo
1183,18,el,el
1183,19,río,ro
1184,0,Y,y
1184,1,al,al
1184,2,día,da
1184,3,siguiente,siguiente
1184,4,se,se
1184,5,presentaron,presentaron
1184,6,dos,dos
1184,7,pobres,pobres
1184,8,de,de
1184,9,rostro,rostro
1184,10,avejentado,avejentado
1184,11,y,y
1184,12,aspecto,aspecto
1184,13,miserable,miserable
1184,15,vestidos,vestidos
1184,16,de,de
1184,17,harapos,harapos
1184,19,y,y
1184,20,cuya,cuya
1184,21,apariencia,apariencia
1184,22,no,no
1184,23,los,los
1184,24,recomendaba,recomendaba
1185,0,Así,as
1185,1,fueron,fueron
1185,2,vistos,vistos
1185,3,por,por
1185,4,los,los
1185,5,de,de
1185,6,Xibalbá,xibalb
1186,0,Y,y
1186,1,era,era
1186,2,poca,poca
1186,3,cosa,cosa
1186,4,lo,lo
1186,5,que,que
1186,6,hacían,hacan
1187,0,Solamente,solamente
1187,1,se,se
1187,2,ocupaban,ocupaban
1187,3,en,en
1187,4,bailar,bailar
1187,5,el,el
1187,6,baile,baile
1187,7,de,de
1187,8,Puhuy,puhuy
1187,10,lechuga,lechuga
1187,11,o,o
1187,12,chotacabra,chotacabra
1187,15,el,el
1187,16,baile,baile
1187,17,del,del
1187,18,Cux,cux
1187,20,comadreja,comadreja
1187,22,y,y
1187,23,el,el
1187,24,del,del
1187,25,Iboy,iboy
1187,27,armadillo,armadillo
1187,30,y,y
1187,31,bailaban,bailaban
1187,32,también,tambin
1187,33,el,el
1187,34,Ixtzul,ixtzul
1187,36,ciempiés,ciempis
1187,38,y,y
1187,39,el,el
1187,40,Chitic,chitic
1187,42,el,el
1187,43,que,que
1187,44,anda,anda
1187,45,sobre,sobre
1187,46,zancos,zancos
1188,0,Además,adems
1188,2,obraban,obraban
1188,3,muchos,muchos
1188,4,prodigios,prodigios
1189,0,Quemaban,quemaban
1189,1,las,las
1189,2,casas,casas
1189,3,como,como
1189,4,si,si
1189,5,de,de
1189,6,veras,veras
1189,7,ardieran,ardieran
1189,8,y,y
1189,9,al,al
1189,10,punto,punto
1189,11,las,las
1189,12,volvíana,volvana
1189,13,su,su
1189,14,estado,estado
1189,15,anterior,anterior
1190,0,Muchos,muchos
1190,1,de,de
1190,2,los,los
1190,3,de,de
1190,4,Xibalbá,xibalb
1190,5,los,los
1190,6,contemplaban,contemplaban
1190,7,con,con
1190,8,admiración,admiracin
1191,0,Luego,luego
1191,1,se,se
1191,2,despedazaban,despedazaban
1191,3,a,a
1191,4,sí,s
1191,5,mismos,mismos
1191,7,se,se
1191,8,mataban,mataban
1191,9,el,el
1191,10,uno,uno
1191,11,al,al
1191,12,otro,otro
1191,14,tendíase,tendase
1191,15,como,como
1191,16,muerto,muerto
1191,17,el,el
1191,18,primero,primero
1191,19,a,a
1191,20,quien,quien
1191,21,habían,haban
1191,22,matado,matado
1192,0,Y,y
1192,1,al,al
1192,2,instante,instante
1192,3,lo,lo
1192,4,resucitaba,resucitaba
1192,5,el,el
1192,6,otro,otro
1193,0,Los,los
1193,1,de,de
1193,2,Xibalbá,xibalb
1193,3,miraban,miraban
1193,4,con,con
1193,5,asombro,asombro
1193,6,todo,todo
1193,7,lo,lo
1193,8,que,que
1193,9,hacían,hacan
1193,11,y,y
1193,12,ellos,ellos
1193,13,lo,lo
1193,14,ejecutaban,ejecutaban
1193,15,como,como
1193,16,el,el
1193,17,principio,principio
1193,18,de,de
1193,19,su,su
1193,20,triunfo,triunfo
1193,21,sobre,sobre
1193,22,los,los
1193,23,de,de
1193,24,Xibalbá,xibalb
1194,0,Llegó,lleg
1194,1,en,en
1194,2,seguida,seguida
1194,3,la,la
1194,4,noticia,noticia
1194,5,de,de
1194,6,sus,sus
1194,7,bailes,bailes
1194,8,a,a
1194,9,oídos,odos
1194,10,de,de
1194,11,los,los
1194,12,Señores,seores
1194,13,Hun-Camé,huncam
1194,14,y,y
1194,15,Vucub-Camé,vucubcam
1195,0,Al,al
1195,1,oírla,orla
1195,2,exclamaron,exclamaron
1195,6,Quiénes,quines
1195,7,son,son
1195,8,esos,esos
1195,9,dos,dos
1195,10,huérfanos,hurfanos
1196,1,Realmente,realmente
1196,2,os,os
1196,3,causan,causan
1196,4,tanto,tanto
1196,5,placer,placer
1197,1,Ciertamente,ciertamente
1197,2,son,son
1197,3,muy,muy
1197,4,hermosos,hermosos
1197,5,sus,sus
1197,6,bailes,bailes
1197,7,y,y
1197,8,todo,todo
1197,9,lo,lo
1197,10,que,que
1197,11,hacen,hacen
1197,13,contestó,contest
1197,14,el,el
1197,15,que,que
1197,16,había,haba
1197,17,llevado,llevado
1197,18,la,la
1197,19,noticia,noticia
1197,20,a,a
1197,21,los,los
1197,22,Señores,seores
1198,0,Contentos,contentos
1198,1,con,con
1198,2,oír,or
1198,3,esto,esto
1198,5,enviaron,enviaron
1198,6,entonces,entonces
1198,7,a,a
1198,8,sus,sus
1198,9,mensajeros,mensajeros
1198,10,a,a
1198,11,que,que
1198,12,los,los
1198,13,llamaran,llamaran
1198,14,con,con
1198,15,halagos,halagos
1199,2,Que,que
1199,3,vengan,vengan
1199,4,acá,ac
1199,6,que,que
1199,7,vengan,vengan
1199,8,para,para
1199,9,que,que
1199,10,veamos,veamos
1199,11,lo,lo
1199,12,que,que
1199,13,hacen,hacen
1199,15,que,que
1199,16,los,los
1199,17,admiremos,admiremos
1199,18,y,y
1199,19,nos,nos
1199,20,maravillen,maravillen
1200,0,Esto,esto
1200,1,dicen,dicen
1200,2,los,los
1200,3,Señores,seores
1201,1,Así,as
1201,2,les,les
1201,3,diréis,diris
1201,4,a,a
1201,5,ellos,ellos
1201,7,les,les
1201,8,fue,fue
1201,9,dicho,dicho
1201,10,a,a
1201,11,los,los
1201,12,mensajeros,mensajeros
1202,0,Llegaron,llegaron
1202,1,estos,estos
1202,2,en,en
1202,3,seguida,seguida
1202,4,ante,ante
1202,5,los,los
1202,6,bailarines,bailarines
1202,7,y,y
1202,8,les,les
1202,9,comunicaron,comunicaron
1202,10,la,la
1202,11,orden,orden
1202,12,de,de
1202,13,los,los
1202,14,Señores,seores
1203,1,No,no
1203,2,queremos,queremos
1203,4,contestaron,contestaron
1203,6,porque,porque
1203,7,francamente,francamente
1203,8,nos,nos
1203,9,da,da
1203,10,vergüenza,vergenza
1204,1,Cómo,cmo
1204,2,no,no
1204,3,nos,nos
1204,4,ha,ha
1204,5,de,de
1204,6,dar,dar
1204,7,vergüenza,vergenza
1204,8,presentamos,presentamos
1204,9,en,en
1204,10,la,la
1204,11,casa,casa
1204,12,de,de
1204,13,los,los
1204,14,Señores,seores
1204,15,con,con
1204,16,nuestra,nuestra
1204,17,mala,mala
1204,18,catadura,catadura
1204,20,nuestros,nuestros
1204,21,tan,tan
1204,22,grandes,grandes
1204,23,y,y
1204,24,nuestra,nuestra
1204,25,pobre,pobre
1204,26,apariencia,apariencia
1205,1,No,no
1205,2,estáis,estis
1205,3,viendo,viendo
1205,4,que,que
1205,5,no,no
1205,6,somos,somos
1205,7,más,ms
1205,8,que,que
1205,9,unos,unos
1205,11,pobres,pobres
1205,13,bailarines,bailarines
1206,1,Qué,qu
1206,2,les,les
1206,3,diremos,diremos
1206,4,a,a
1206,5,nuestros,nuestros
1206,6,compañeros,compaeros
1206,7,de,de
1206,8,pobreza,pobreza
1206,9,que,que
1206,10,han,han
1206,11,venido,venido
1206,12,con,con
1206,13,nosotros,nosotros
1206,14,y,y
1206,15,desean,desean
1206,16,ver,ver
1206,17,nuestros,nuestros
1206,18,bailes,bailes
1206,19,y,y
1206,20,divertirse,divertirse
1206,21,con,con
1206,22,ellos,ellos
1207,1,Por,por
1207,2,ventura,ventura
1207,3,podríamos,podramos
1207,4,hacer,hacer
1207,5,lo,lo
1207,6,mismo,mismo
1207,7,con,con
1207,8,los,los
1207,9,Señores,seores
1208,0,Así,as
1208,1,pues,pues
1208,3,no,no
1208,4,queremos,queremos
1208,5,ir,ir
1208,7,mensajeros,mensajeros
1208,9,dijeron,dijeron
1208,10,Hunahpú,hunahp
1208,11,e,e
1208,12,Ixbalanqué,ixbalanqu
1209,0,Con,con
1209,1,el,el
1209,2,rostro,rostro
1209,3,abrumado,abrumado
1209,4,de,de
1209,5,contrariedad,contrariedad
1209,6,y,y
1209,7,de,de
1209,8,pena,pena
1209,9,se,se
1209,10,fueron,fueron
1209,11,al,al
1209,12,fin,fin
1209,14,pero,pero
1209,15,por,por
1209,16,algún,algn
1209,17,tiempo,tiempo
1209,18,no,no
1209,19,querían,queran
1209,20,caminar,caminar
1209,21,y,y
1209,22,los,los
1209,23,mensajeros,mensajeros
1209,24,tuvieron,tuvieron
1209,25,que,que
1209,26,pegarles,pegarles
1209,27,varias,varias
1209,28,veces,veces
1209,29,en,en
1209,30,la,la
1209,31,cara,cara
1209,32,cuando,cuando
1209,33,se,se
1209,34,dirigían,dirigan
1209,35,a,a
1209,36,la,la
1209,37,residencia,residencia
1209,38,de,de
1209,39,los,los
1209,40,Señores,seores
1210,0,Llegaron,llegaron
1210,2,pues,pues
1210,4,ante,ante
1210,5,los,los
1210,6,Señores,seores
1210,8,con,con
1210,9,aire,aire
1210,10,encogido,encogido
1210,11,e,e
1210,12,inclinando,inclinando
1210,13,la,la
1210,14,frente,frente
1210,16,llegaron,llegaron
1210,17,prosternándose,prosternndose
1210,19,haciendo,haciendo
1210,20,reverencias,reverencias
1210,21,y,y
1210,22,humillándose,humillndose
1211,0,Se,se
1211,1,veían,vean
1211,2,extenuados,extenuados
1211,4,andrajosos,andrajosos
1211,5,y,y
1211,6,su,su
1211,7,aspecto,aspecto
1211,8,era,era
1211,9,realmente,realmente
1211,10,de,de
1211,11,vagabundos,vagabundos
1211,12,cuando,cuando
1211,13,llegaron,llegaron
1212,0,Preguntáronles,preguntronles
1212,1,en,en
1212,2,seguida,seguida
1212,3,por,por
1212,4,su,su
1212,5,patria,patria
1212,6,y,y
1212,7,por,por
1212,8,su,su
1212,9,pueblo,pueblo
1212,11,preguntáronles,preguntronles
1212,12,también,tambin
1212,13,por,por
1212,14,su,su
1212,15,madre,madre
1212,16,y,y
1212,17,su,su
1212,18,padre,padre
1213,2,De,de
1213,3,dónde,dnde
1213,4,venís,vens
1213,7,les,les
1213,8,dijeron,dijeron
1214,1,No,no
1214,2,lo,lo
1214,3,sabemos,sabemos
1215,0,Señor,seor
1216,0,No,no
1216,1,conocemos,conocemos
1216,2,la,la
1216,3,cara,cara
1216,4,de,de
1216,5,nuestra,nuestra
1216,6,madre,madre
1216,7,ni,ni
1216,8,la,la
1216,9,de,de
1216,10,nuestro,nuestro
1216,11,padre,padre
1216,13,éramos,ramos
1216,14,pequeños,pequeos
1216,15,cuando,cuando
1216,16,murieron,murieron
1216,18,contestaron,contestaron
1216,20,y,y
1216,21,no,no
1216,22,dijeron,dijeron
1216,23,una,una
1216,24,palabra,palabra
1216,25,más,ms
1217,1,Está,est
1217,2,bien,bien
1218,0,Ahora,ahora
1218,1,haced,haced
1218,3,vuestros,vuestros
1218,4,juegos,juegos
1218,6,para,para
1218,7,que,que
1218,8,os,os
1218,9,admiremos,admiremos
1219,1,Qué,qu
1219,2,deseáis,deseis
1220,0,Os,os
1220,1,daremos,daremos
1220,2,vuestra,vuestra
1220,3,recompensa,recompensa
1220,5,les,les
1220,6,dijeron,dijeron
1221,1,No,no
1221,2,queremos,queremos
1221,3,nada,nada
1221,5,pero,pero
1221,6,verdaderamente,verdaderamente
1221,7,tenemos,tenemos
1221,8,mucho,mucho
1221,9,miedo,miedo
1221,11,le,le
1221,12,dijeron,dijeron
1221,13,al,al
1221,14,Señor,seor
1222,1,No,no
1222,2,os,os
1222,3,aflijáis,aflijis
1222,5,no,no
1222,6,tengáis,tengis
1222,7,miedo,miedo
1223,1,Bailad,bailad
1224,0,Y,y
1224,1,haced,haced
1224,2,primero,primero
1224,3,la,la
1224,4,parte,parte
1224,5,en,en
1224,6,que,que
1224,7,os,os
1224,8,matáis,matis
1224,10,quemad,quemad
1224,11,mi,mi
1224,12,casa,casa
1224,14,haced,haced
1224,15,todo,todo
1224,16,lo,lo
1224,17,que,que
1224,18,sabéis,sabis
1225,0,Nosotros,nosotros
1225,1,os,os
1225,2,admiraremos,admiraremos
1225,4,pues,pues
1225,5,eso,eso
1225,6,es,es
1225,7,lo,lo
1225,8,que,que
1225,9,desean,desean
1225,10,nuestros,nuestros
1225,11,corazones,corazones
1226,0,Y,y
1226,1,para,para
1226,2,que,que
1226,3,os,os
1226,4,vayáis,vayis
1226,5,después,despus
1226,7,pobres,pobres
1226,8,gentes,gentes
1226,10,os,os
1226,11,daremos,daremos
1226,12,vuestra,vuestra
1226,13,recompensa,recompensa
1226,15,les,les
1226,16,dijeron,dijeron
1227,0,Entonces,entonces
1227,1,dieron,dieron
1227,2,principio,principio
1227,3,a,a
1227,4,sus,sus
1227,5,cantos,cantos
1227,6,y,y
1227,7,a,a
1227,8,sus,sus
1227,9,bailes,bailes
1228,0,Todos,todos
1228,1,los,los
1228,2,de,de
1228,3,Xibalbá,xibalb
1228,4,llegaron,llegaron
1228,5,y,y
1228,6,se,se
1228,7,juntaron,juntaron
1228,8,para,para
1228,9,verlos,verlos
1229,0,Luego,luego
1229,1,representaron,representaron
1229,2,el,el
1229,3,baile,baile
1229,4,del,del
1229,5,Cux,cux
1229,7,bailaron,bailaron
1229,8,el,el
1229,9,Puhuy,puhuy
1229,10,y,y
1229,11,bailaron,bailaron
1229,12,el,el
1229,13,Jboy,jboy
1230,0,Y,y
1230,1,les,les
1230,2,dijo,dijo
1230,3,el,el
1230,4,Señor,seor
1230,7,Despedazad,despedazad
1230,8,a,a
1230,9,mi,mi
1230,10,perro,perro
1230,11,y,y
1230,12,que,que
1230,13,sea,sea
1230,14,resucitado,resucitado
1230,15,por,por
1230,16,vosotros,vosotros
1230,18,les,les
1230,19,dijo,dijo
1231,1,Está,est
1231,2,bien,bien
1231,4,contestaron,contestaron
1231,6,y,y
1231,7,despedazaron,despedazaron
1231,8,al,al
1231,9,perro,perro
1232,0,En,en
1232,1,seguida,seguida
1232,2,lo,lo
1232,3,resucitaron,resucitaron
1233,0,Verdaderamente,verdaderamente
1233,1,lleno,lleno
1233,2,de,de
1233,3,alegría,alegra
1233,4,estaba,estaba
1233,5,el,el
1233,6,perro,perro
1233,7,cuando,cuando
1233,8,fue,fue
1233,9,resucitado,resucitado
1233,11,y,y
1233,12,movía,mova
1233,13,la,la
1233,14,cola,cola
1233,15,cuando,cuando
1233,16,lo,lo
1233,17,revivieron,revivieron
1234,0,El,el
1234,1,Señor,seor
1234,2,les,les
1234,3,dijo,dijo
1234,4,entonces,entonces
1234,7,Quemad,quemad
1234,8,ahora,ahora
1234,9,mi,mi
1234,10,casa,casa
1235,0,Así,as
1235,1,les,les
1235,2,dijo,dijo
1236,0,Al,al
1236,1,momento,momento
1236,2,quemaron,quemaron
1236,3,la,la
1236,4,casa,casa
1236,5,del,del
1236,6,Señor,seor
1236,8,y,y
1236,9,aunque,aunque
1236,10,estaban,estaban
1236,11,juntos,juntos
1236,12,todos,todos
1236,13,los,los
1236,14,Señores,seores
1236,15,dentro,dentro
1236,16,de,de
1236,17,la,la
1236,18,casa,casa
1236,20,no,no
1236,21,se,se
1236,22,quemaron,quemaron
1237,0,Pronto,pronto
1237,1,volvió,volvi
1237,2,a,a
1237,3,quedar,quedar
1237,4,buena,buena
1237,5,y,y
1237,6,ni,ni
1237,7,un,un
1237,8,instante,instante
1237,9,estuvo,estuvo
1237,10,perdida,perdida
1237,11,la,la
1237,12,casa,casa
1237,13,de,de
1237,14,Hun-Camé,huncam
1238,0,Maravilláronse,maravillronse
1238,1,todos,todos
1238,2,los,los
1238,3,Señores,seores
1238,4,y,y
1238,5,asimismo,asimismo
1238,6,sus,sus
1238,7,bailes,bailes
1238,8,les,les
1238,9,causaban,causaban
1238,10,mucho,mucho
1238,11,placer,placer
1239,0,Luego,luego
1239,1,les,les
1239,2,fue,fue
1239,3,dicho,dicho
1239,4,por,por
1239,5,el,el
1239,6,Señor,seor
1239,9,Matad,matad
1239,10,ahora,ahora
1239,11,a,a
1239,12,un,un
1239,13,hombre,hombre
1239,15,sacrificadlo,sacrificadlo
1239,17,pero,pero
1239,18,que,que
1239,19,no,no
1239,20,muera,muera
1239,22,dijeron,dijeron
1240,1,Muy,muy
1240,2,bien,bien
1240,4,contestaron,contestaron
1241,0,Y,y
1241,1,cogiendo,cogiendo
1241,2,a,a
1241,3,un,un
1241,4,hombre,hombre
1241,5,lo,lo
1241,6,sacrificaron,sacrificaron
1241,7,en,en
1241,8,seguida,seguida
1241,10,y,y
1241,11,levantando,levantando
1241,12,en,en
1241,13,alto,alto
1241,14,el,el
1241,15,corazón,corazn
1241,16,de,de
1241,17,este,este
1241,18,hombre,hombre
1241,20,lo,lo
1241,21,suspendieron,suspendieron
1241,22,a,a
1241,23,la,la
1241,24,vista,vista
1241,25,de,de
1241,26,las,las
1241,27,Señores,seores
1242,0,Maravilláronse,maravillronse
1242,1,de,de
1242,2,nuevo,nuevo
1242,3,Hun-Camé,huncam
1242,4,y,y
1242,5,Vucub-Camé,vucubcam
1243,0,Un,un
1243,1,instante,instante
1243,2,después,despus
1243,3,fue,fue
1243,4,resucitado,resucitado
1243,5,el,el
1243,6,hombre,hombre
1243,7,por,por
1243,8,ellos,ellos
1243,10,por,por
1243,11,los,los
1243,12,muchachos,muchachos
1243,14,y,y
1243,15,su,su
1243,16,corazón,corazn
1243,17,se,se
1243,18,alegrógrandemente,alegrgrandemente
1243,19,cuando,cuando
1243,20,fue,fue
1243,21,resucitado,resucitado
1244,0,Los,los
1244,1,Señores,seores
1244,2,estaban,estaban
1244,3,asombrados,asombrados
1245,2,Sacrificaos,sacrificaos
1245,3,ahora,ahora
1245,4,a,a
1245,5,vosotros,vosotros
1245,6,mismos,mismos
1245,8,que,que
1245,9,lo,lo
1245,10,veamos,veamos
1245,11,nosotros,nosotros
1245,14,Nuestros,nuestros
1245,15,corazones,corazones
1245,16,desean,desean
1245,17,verdaderamente,verdaderamente
1245,18,vuestros,vuestros
1245,19,bailes,bailes
1245,22,dijeron,dijeron
1245,23,los,los
1245,24,Señores,seores
1246,1,Muy,muy
1246,2,bien,bien
1246,4,Señor,seor
1246,6,contestaron,contestaron
1247,0,Y,y
1247,1,a,a
1247,2,continuación,continuacin
1247,3,se,se
1247,4,sacrificaron,sacrificaron
1248,0,Hunahpú,hunahp
1248,1,fue,fue
1248,2,sacrificado,sacrificado
1248,3,por,por
1248,4,Ixbalanqué,ixbalanqu
1248,6,uno,uno
1248,7,por,por
1248,8,uno,uno
1248,9,fueron,fueron
1248,10,cercenados,cercenados
1248,11,sus,sus
1248,12,brazos,brazos
1248,13,y,y
1248,14,sus,sus
1248,15,piernas,piernas
1248,17,fue,fue
1248,18,separada,separada
1248,19,su,su
1248,20,cabeza,cabeza
1248,21,y,y
1248,22,llevada,llevada
1248,23,a,a
1248,24,distancia,distancia
1248,26,su,su
1248,27,corazón,corazn
1248,28,arrancado,arrancado
1248,29,del,del
1248,30,pecho,pecho
1248,31,y,y
1248,32,arrojado,arrojado
1248,33,sobre,sobre
1248,34,la,la
1248,35,hierba,hierba
1249,0,Todos,todos
1249,1,los,los
1249,2,Señores,seores
1249,3,de,de
1249,4,Xibalbá,xibalb
1249,5,estaban,estaban
1249,6,fascinados,fascinados
1250,0,Miraban,miraban
1250,1,con,con
1250,2,admiración,admiracin
1250,4,y,y
1250,5,sólo,slo
1250,6,uno,uno
1250,7,estaba,estaba
1250,8,bailando,bailando
1250,10,que,que
1250,11,era,era
1250,12,Ixbalanqué,ixbalanqu
1251,2,Levántate,levntate
1251,5,dijo,dijo
1251,6,éste,ste
1251,8,y,y
1251,9,al,al
1251,10,punto,punto
1251,11,volvió,volvi
1251,12,a,a
1251,13,la,la
1251,14,vida,vida
1252,1,Alegráronse,alegrronse
1252,2,mucho,mucho
1252,4,los,los
1252,5,jóvenes,jvenes
1252,7,y,y
1252,8,los,los
1252,9,Señores,seores
1252,10,se,se
1252,11,alegraron,alegraron
1252,12,también,tambin
1253,0,En,en
1253,1,verdad,verdad
1253,3,lo,lo
1253,4,que,que
1253,5,hacían,hacan
1253,6,alegraba,alegraba
1253,7,el,el
1253,8,corazón,corazn
1253,9,de,de
1253,10,Hun-Camé,huncam
1253,11,y,y
1253,12,Vucub-Camé,vucubcam
1253,13,y,y
1253,14,éstos,stos
1253,15,sentían,sentan
1253,16,como,como
1253,17,si,si
1253,18,ellos,ellos
1253,19,mismos,mismos
1253,20,estuvieran,estuvieran
1253,21,bailando,bailando
1254,0,Sus,sus
1254,1,corazones,corazones
1254,2,se,se
1254,3,llenaron,llenaron
1254,4,en,en
1254,5,seguida,seguida
1254,6,de,de
1254,7,deseo,deseo
1254,8,y,y
1254,9,ansiedad,ansiedad
1254,10,por,por
1254,11,los,los
1254,12,bailes,bailes
1254,13,de,de
1254,14,Hunahpú,hunahp
1254,15,e,e
1254,16,Ixbalanqué,ixbalanqu
1255,0,Dieron,dieron
1255,1,entonces,entonces
1255,2,sus,sus
1255,3,órd,rd
1255,4,enes,enes
1255,5,Hun-Caméy,huncamy
1255,6,Vucub-Camé,vucubcam
1256,2,Haced,haced
1256,3,lo,lo
1256,4,mismo,mismo
1256,5,con,con
1256,6,nosotros,nosotros
1256,9,Sacrificadnos,sacrificadnos
1256,12,dijeron,dijeron
1257,1,Despedazadnos,despedazadnos
1257,2,uno,uno
1257,3,por,por
1257,4,uno,uno
1257,7,les,les
1257,8,dijeron,dijeron
1257,9,Hun-Camé,huncam
1257,10,y,y
1257,11,Vucub-Camé,vucubcam
1257,12,a,a
1257,13,Hunahpú,hunahp
1257,14,e,e
1257,15,Ixbalanqué,ixbalanqu
1258,1,Está,est
1258,2,bien,bien
1258,4,después,despus
1258,5,resucitaréis,resucitaris
1259,1,Acaso,acaso
1259,2,no,no
1259,3,nos,nos
1259,4,habéis,habis
1259,5,traído,trado
1259,6,para,para
1259,7,que,que
1259,8,os,os
1259,9,divirtamos,divirtamos
1259,10,a,a
1259,11,vosotros,vosotros
1259,13,los,los
1259,14,Señores,seores
1259,16,y,y
1259,17,a,a
1259,18,vuestros,vuestros
1259,19,hijos,hijos
1259,20,y,y
1259,21,vasallos,vasallos
1261,0,les,les
1261,1,dijeron,dijeron
1261,2,a,a
1261,3,los,los
1261,4,Señores,seores
1262,0,Y,y
1262,1,he,he
1262,2,aquí,aqu
1262,3,que,que
1262,4,primero,primero
1262,5,sacrificaron,sacrificaron
1262,6,al,al
1262,7,que,que
1262,8,era,era
1262,9,su,su
1262,10,jefe,jefe
1262,11,y,y
1262,12,Señor,seor
1262,14,el,el
1262,15,llamado,llamado
1262,16,Hun-Camé,huncam
1262,18,rey,rey
1262,19,de,de
1262,20,Xibalbá,xibalb
1263,0,Y,y
1263,1,muerto,muerto
1263,2,Hun-Camé,huncam
1263,4,se,se
1263,5,apoderaron,apoderaron
1263,6,de,de
1263,7,Vucub-Camé,vucubcam
1264,0,Y,y
1264,1,no,no
1264,2,los,los
1264,3,resucitaron,resucitaron
1265,0,Los,los
1265,1,de,de
1265,2,Xibalbá,xibalb
1265,3,se,se
1265,4,pusieron,pusieron
1265,5,en,en
1265,6,fuga,fuga
1265,8,luego,luego
1265,9,que,que
1265,10,vieron,vieron
1265,11,a,a
1265,12,los,los
1265,13,señores,seores
1265,14,muertos,muertos
1265,15,y,y
1265,16,sacrificados,sacrificados
1266,0,En,en
1266,1,un,un
1266,2,instante,instante
1266,3,fueron,fueron
1266,4,sacrificados,sacrificados
1266,5,los,los
1266,6,dos,dos
1267,0,Y,y
1267,1,esto,esto
1267,2,se,se
1267,3,hizo,hizo
1267,4,para,para
1267,5,castigarlos,castigarlos
1268,0,Rápidamente,rpidamente
1268,1,fue,fue
1268,2,muerto,muerto
1268,3,el,el
1268,4,Señor,seor
1268,5,Principal,principal
1269,0,Y,y
1269,1,no,no
1269,2,lo,lo
1269,3,resucitaron,resucitaron
1270,0,Y,y
1270,1,un,un
1270,2,Señor,seor
1270,3,se,se
1270,4,humilló,humill
1270,5,entonces,entonces
1270,7,presentándose,presentndose
1270,8,ante,ante
1270,9,los,los
1270,10,bailarines,bailarines
1271,0,No,no
1271,1,lo,lo
1271,2,habían,haban
1271,3,descubierto,descubierto
1271,5,ni,ni
1271,6,lo,lo
1271,7,habían,haban
1271,8,encontrado,encontrado
1272,2,Tened,tened
1272,3,piedad,piedad
1272,4,de,de
1272,5,mí,m
1272,8,dijo,dijo
1272,9,cuando,cuando
1272,10,se,se
1272,11,dio,dio
1272,12,a,a
1272,13,conocer,conocer
1273,0,Huyeron,huyeron
1273,1,todos,todos
1273,2,los,los
1273,3,hijos,hijos
1273,4,y,y
1273,5,vasallos,vasallos
1273,6,de,de
1273,7,Xibalbá,xibalb
1273,8,a,a
1273,9,un,un
1273,10,gran,gran
1273,11,barranco,barranco
1273,13,y,y
1273,14,se,se
1273,15,metieron,metieron
1273,16,todos,todos
1273,17,en,en
1273,18,un,un
1273,19,hondo,hondo
1273,20,precipicio,precipicio
1274,0,Allí,all
1274,1,estaban,estaban
1274,2,amontonados,amontonados
1274,3,cuando,cuando
1274,4,llegaron,llegaron
1274,5,innumerables,innumerables
1274,6,hormigas,hormigas
1274,7,que,que
1274,8,los,los
1274,9,descubrieron,descubrieron
1274,10,y,y
1274,11,los,los
1274,12,desalojaron,desalojaron
1274,13,del,del
1274,14,barranco,barranco
1275,0,De,de
1275,1,esta,esta
1275,2,esta,esta
1275,3,manera,manera
1275,4,los,los
1275,5,sacaron,sacaron
1275,6,ai,ai
1275,7,camino,camino
1275,8,y,y
1275,9,cuando,cuando
1275,10,llegaron,llegaron
1275,11,se,se
1275,12,prosternaron,prosternaron
1275,13,y,y
1275,14,se,se
1275,15,entregaron,entregaron
1275,16,todos,todos
1275,18,se,se
1275,19,humillaron,humillaron
1275,20,y,y
1275,21,llegaron,llegaron
1275,22,afligidos,afligidos
1276,0,Así,as
1276,1,fueron,fueron
1276,2,vencidos,vencidos
1276,3,los,los
1276,4,Señores,seores
1276,5,de,de
1276,6,Xibalbá,xibalb
1277,0,Sólo,slo
1277,1,por,por
1277,2,un,un
1277,3,prodigio,prodigio
1277,4,y,y
1277,5,por,por
1277,6,su,su
1277,7,transformación,transformacin
1277,8,pudieron,pudieron
1277,9,hacerlo,hacerlo
1278,0,En,en
1278,1,seguida,seguida
1278,2,dijeron,dijeron
1278,3,sus,sus
1278,4,nombres,nombres
1278,5,y,y
1278,6,se,se
1278,7,ensalzaron,ensalzaron
1278,8,a,a
1278,9,sí,s
1278,10,mismos,mismos
1278,11,ante,ante
1278,12,todos,todos
1278,13,los,los
1278,14,de,de
1278,15,Xibalbá,xibalb
1279,1,Oíd,od
1279,2,nuestros,nuestros
1279,3,nombres,nombres
1280,0,Os,os
1280,1,diremos,diremos
1280,2,también,tambin
1280,3,los,los
1280,4,nombres,nombres
1280,5,de,de
1280,6,nuestros,nuestros
1280,7,padres,padres
1281,0,Nosotros,nosotros
1281,1,somos,somos
1281,2,Ixhunahpú,ixhunahp
1281,3,e,e
1281,4,Ixbalanqué,ixbalanqu
1281,6,éstos,stos
1281,7,son,son
1281,8,nuestros,nuestros
1281,9,nombres,nombres
1282,0,Y,y
1282,1,nuestros,nuestros
1282,2,padres,padres
1282,3,son,son
1282,4,aquéllos,aqullos
1282,5,que,que
1282,6,matasteis,matasteis
1282,7,y,y
1282,8,que,que
1282,9,se,se
1282,10,llamaban,llamaban
1282,11,Hun-Hunahpú,hunhunahp
1282,12,y,y
1282,13,Vucub-Hunahpú,vucubhunahp
1283,0,Nosotros,nosotros
1283,2,los,los
1283,3,que,que
1283,4,aquí,aqu
1283,5,veis,veis
1283,7,somos,somos
1283,9,pues,pues
1283,11,los,los
1283,12,vengadores,vengadores
1283,13,de,de
1283,14,los,los
1283,15,dolores,dolores
1283,16,y,y
1283,17,sufrimientos,sufrimientos
1283,18,de,de
1283,19,nuestros,nuestros
1283,20,padres,padres
1284,0,Por,por
1284,1,eso,eso
1284,2,nosotros,nosotros
1284,3,sufrimos,sufrimos
1284,4,todos,todos
1284,5,los,los
1284,6,males,males
1284,7,que,que
1284,8,les,les
1284,9,hicisteis,hicisteis
1285,0,En,en
1285,1,consecuencia,consecuencia
1285,3,os,os
1285,4,acabaremos,acabaremos
1285,5,a,a
1285,6,todos,todos
1285,7,vosotros,vosotros
1285,9,los,los
1285,10,daremos,daremos
1285,11,muerte,muerte
1285,12,y,y
1285,13,ninguno,ninguno
1285,14,escapará,escapar
1285,16,les,les
1285,17,dijeron,dijeron
1286,0,Al,al
1286,1,instante,instante
1286,2,cayeron,cayeron
1286,3,de,de
1286,4,rodillas,rodillas
1286,6,todos,todos
1286,7,los,los
1286,8,de,de
1286,9,Xibalbá,xibalb
1287,2,Tened,tened
1287,3,misericordia,misericordia
1287,4,de,de
1287,5,nosotros,nosotros
1287,7,Hunahpú,hunahp
1287,8,e,e
1287,9,Ixbalanqué,ixbalanqu
1287,11,Es,es
1287,12,cierto,cierto
1287,13,que,que
1287,14,pecamos,pecamos
1287,15,contra,contra
1287,16,vuestros,vuestros
1287,17,padres,padres
1287,18,que,que
1287,19,decís,decs
1287,20,y,y
1287,21,que,que
1287,22,están,estn
1287,23,enterrados,enterrados
1287,24,en,en
1287,25,Pucbal-Chah,pucbalchah
1287,27,dijeron,dijeron
1288,1,Está,est
1288,2,bien,bien
1289,0,Esta,esta
1289,1,es,es
1289,2,nuestra,nuestra
1289,3,sentencia,sentencia
1289,5,la,la
1289,6,que,que
1289,7,os,os
1289,8,vamos,vamos
1289,9,a,a
1289,10,comunicar,comunicar
1290,0,Oídla,odla
1290,1,todos,todos
1290,2,vosotros,vosotros
1290,3,los,los
1290,4,de,de
1290,5,Xibalbá,xibalb
1290,8,Puesto,puesto
1290,9,que,que
1290,10,ya,ya
1290,11,no,no
1290,12,existe,existe
1290,13,vuestro,vuestro
1290,14,gran,gran
1290,15,poder,poder
1290,16,ni,ni
1290,17,vuestra,vuestra
1290,18,estirpe,estirpe
1290,20,y,y
1290,21,tampoco,tampoco
1290,22,merecéis,merecis
1290,23,misericordia,misericordia
1290,25,será,ser
1290,26,rebajada,rebajada
1290,27,la,la
1290,28,condición,condicin
1290,29,de,de
1290,30,vuestra,vuestra
1290,31,sangre,sangre
1291,0,No,no
1291,1,será,ser
1291,2,para,para
1291,3,vosotros,vosotros
1291,4,el,el
1291,5,juego,juego
1291,6,de,de
1291,7,pelota,pelota
1292,0,Solamente,solamente
1292,1,os,os
1292,2,ocuparéis,ocuparis
1292,3,de,de
1292,4,hacer,hacer
1292,5,cacharros,cacharros
1292,7,apastes,apastes
1292,8,y,y
1292,9,piedras,piedras
1292,10,de,de
1292,11,moler,moler
1292,12,maíz,maz
1293,0,Sólo,slo
1293,1,los,los
1293,2,hijos,hijos
1293,3,de,de
1293,4,las,las
1293,5,malezas,malezas
1293,6,y,y
1293,7,del,del
1293,8,desierto,desierto
1293,9,hablarán,hablarn
1293,10,con,con
1293,11,vosotros,vosotros
1294,0,Los,los
1294,1,hijos,hijos
1294,2,esclarecidos,esclarecidos
1294,4,los,los
1294,5,vasallos,vasallos
1294,6,civilizados,civilizados
1294,7,no,no
1294,8,os,os
1294,9,pertenecerán,pertenecern
1294,10,y,y
1294,11,se,se
1294,12,alejarán,alejarn
1294,13,de,de
1294,14,vuestra,vuestra
1294,15,presencia,presencia
1295,0,Los,los
1295,1,pecadores,pecadores
1295,3,los,los
1295,4,malos,malos
1295,6,los,los
1295,7,tristes,tristes
1295,9,los,los
1295,10,desventurados,desventurados
1295,12,los,los
1295,13,que,que
1295,14,se,se
1295,15,entregan,entregan
1295,16,al,al
1295,17,vicio,vicio
1295,19,ésos,sos
1295,20,son,son
1295,21,los,los
1295,22,que,que
1295,23,os,os
1295,24,acogerán,acogern
1296,0,Ya,ya
1296,1,no,no
1296,2,os,os
1296,3,apoderaréis,apoderaris
1296,4,repentinamente,repentinamente
1296,5,de,de
1296,6,los,los
1296,7,hombres,hombres
1296,9,y,y
1296,10,tened,tened
1296,11,presente,presente
1296,12,la,la
1296,13,humildad,humildad
1296,14,de,de
1296,15,vuestra,vuestra
1296,16,sangre,sangre
1297,0,Así,as
1297,1,les,les
1297,2,dijeron,dijeron
1297,3,a,a
1297,4,todoslos,todoslos
1297,5,de,de
1297,6,Xibalbá,xibalb
1298,0,De,de
1298,1,esta,esta
1298,2,manera,manera
1298,3,comenzó,comenz
1298,4,su,su
1298,5,destrucción,destruccin
1298,6,y,y
1298,7,comenzaron,comenzaron
1298,8,sus,sus
1298,9,lamentos,lamentos
1299,0,No,no
1299,1,era,era
1299,2,mucho,mucho
1299,3,su,su
1299,4,poder,poder
1299,5,antiguamente,antiguamente
1300,0,Sólo,slo
1300,1,les,les
1300,2,gustaba,gustaba
1300,3,hacer,hacer
1300,4,el,el
1300,5,mal,mal
1300,6,a,a
1300,7,los,los
1300,8,hombres,hombres
1300,9,en,en
1300,10,aquel,aquel
1300,11,tiempo,tiempo
1301,0,En,en
1301,1,verdad,verdad
1301,2,no,no
1301,3,tenían,tenan
1301,4,antaño,antao
1301,5,la,la
1301,6,condición,condicin
1301,7,de,de
1301,8,dioses,dioses
1302,0,Además,adems
1302,2,sus,sus
1302,3,caras,caras
1302,4,horribles,horribles
1302,5,causaban,causaban
1302,6,espanto,espanto
1303,0,Eran,eran
1303,1,los,los
1303,2,Enemigos,enemigos
1303,4,los,los
1303,5,Buhos,buhos
1304,0,Incitaban,incitaban
1304,1,al,al
1304,2,mal,mal
1304,4,al,al
1304,5,pecado,pecado
1304,6,y,y
1304,7,a,a
1304,8,la,la
1304,9,discordia,discordia
1305,0,Eran,eran
1305,1,también,tambin
1305,2,falsos,falsos
1305,3,de,de
1305,4,corazón,corazn
1305,6,negros,negros
1305,7,y,y
1305,8,blancos,blancos
1305,9,a,a
1305,10,la,la
1305,11,vez,vez
1305,13,envidiosos,envidiosos
1305,14,y,y
1305,15,tiranos,tiranos
1305,17,según,segn
1305,18,contaban,contaban
1306,0,Además,adems
1306,2,se,se
1306,3,pintaban,pintaban
1306,4,y,y
1306,5,untaban,untaban
1306,6,la,la
1306,7,cara,cara
1307,0,Así,as
1307,2,fue,fue
1307,4,pues,pues
1307,6,la,la
1307,7,pérdida,prdida
1307,8,de,de
1307,9,su,su
1307,10,grandeza,grandeza
1307,11,y,y
1307,12,la,la
1307,13,decadencia,decadencia
1307,14,de,de
1307,15,su,su
1307,16,imperio,imperio
1308,0,Y,y
1308,1,esto,esto
1308,2,fue,fue
1308,3,lo,lo
1308,4,que,que
1308,5,hicieron,hicieron
1308,6,Hunahpú,hunahp
1308,7,e,e
1308,8,Ixbalanqué,ixbalanqu
1309,0,Mientras,mientras
1309,1,tanto,tanto
1309,2,la,la
1309,3,abuela,abuela
1309,4,lloraba,lloraba
1309,5,y,y
1309,6,se,se
1309,7,lamentaba,lamentaba
1309,8,frente,frente
1309,9,a,a
1309,10,las,las
1309,11,cañas,caas
1309,12,que,que
1309,13,ellos,ellos
1309,14,habían,haban
1309,15,dejado,dejado
1309,16,sembradas,sembradas
1310,0,Las,las
1310,1,cañas,caas
1310,2,retoñaron,retoaron
1310,4,luego,luego
1310,5,se,se
1310,6,secaron,secaron
1310,7,cuando,cuando
1310,8,los,los
1310,9,quemaron,quemaron
1310,10,en,en
1310,11,la,la
1310,12,hoguera,hoguera
1310,14,después,despus
1310,15,retoñaron,retoaron
1310,16,otra,otra
1310,17,vez,vez
1311,0,Entonces,entonces
1311,1,la,la
1311,2,abuela,abuela
1311,3,encendió,encendi
1311,4,el,el
1311,5,fuego,fuego
1311,6,y,y
1311,7,quemó,quem
1311,8,copal,copal
1311,9,ante,ante
1311,10,las,las
1311,11,cañas,caas
1311,12,en,en
1311,13,memoria,memoria
1311,14,de,de
1311,15,sus,sus
1311,16,nietos,nietos
1312,0,Y,y
1312,1,el,el
1312,2,corazón,corazn
1312,3,de,de
1312,4,su,su
1312,5,abuela,abuela
1312,6,se,se
1312,7,llenó,llen
1312,8,de,de
1312,9,alegría,alegra
1312,10,cuando,cuando
1312,11,por,por
1312,12,segunda,segunda
1312,13,vez,vez
1312,14,retoñaron,retoaron
1312,15,las,las
1312,16,cañas,caas
1313,0,Entonces,entonces
1313,1,fueron,fueron
1313,2,adoradas,adoradas
1313,3,por,por
1313,4,la,la
1313,5,abuela,abuela
1313,6,y,y
1313,7,ésta,sta
1313,8,las,las
1313,9,llamó,llam
1313,10,el,el
1313,11,Centro,centro
1313,12,de,de
1313,13,la,la
1313,14,Casa,casa
1313,16,Nicah,nicah
1313,18,el,el
1313,19,centro,centro
1313,21,se,se
1313,22,llamaron,llamaron
1314,0,Cañas,caas
1314,1,vivas,vivas
1314,2,en,en
1314,3,la,la
1314,4,tierra,tierra
1314,5,llana,llana
1314,7,Cazam,cazam
1314,8,Ah,ah
1314,9,Chatam,chatam
1314,10,Uleu,uleu
1314,12,fue,fue
1314,13,su,su
1314,14,nombre,nombre
1315,0,Y,y
1315,1,fueron,fueron
1315,2,llamadas,llamadas
1315,3,el,el
1315,4,centro,centro
1315,5,de,de
1315,6,la,la
1315,7,Casa,casa
1315,8,y,y
1315,9,el,el
1315,10,Centro,centro
1315,12,porque,porque
1315,13,en,en
1315,14,medio,medio
1315,15,de,de
1315,16,su,su
1315,17,casa,casa
1315,18,sembraron,sembraron
1315,19,ellos,ellos
1315,20,las,las
1315,21,cañas,caas
1316,0,Y,y
1316,1,se,se
1316,2,llamó,llam
1316,3,Tierra,tierra
1316,4,Allanada,allanada
1316,6,Cañas,caas
1316,7,Vivas,vivas
1316,8,en,en
1316,9,la,la
1316,10,Tierra,tierra
1316,11,Llana,llana
1316,13,a,a
1316,14,las,las
1316,15,cañas,caas
1316,16,que,que
1316,17,sembraron,sembraron
1317,0,Y,y
1317,1,también,tambin
1317,2,las,las
1317,3,llamó,llam
1317,4,Cañas,caas
1317,5,Vivas,vivas
1317,6,porque,porque
1317,7,retoñaron,retoaron
1318,0,Este,este
1318,1,nombre,nombre
1318,2,les,les
1318,3,fue,fue
1318,4,dado,dado
1318,5,por,por
1318,6,Ixmucané,ixmucan
1318,7,a,a
1318,8,las,las
1318,9,que,que
1318,10,dejaron,dejaron
1318,11,sembradas,sembradas
1318,12,Hunahpú,hunahp
1318,13,e,e
1318,14,Ixbalanqué,ixbalanqu
1318,15,para,para
1318,16,que,que
1318,17,fueran,fueran
1318,18,recordados,recordados
1318,19,por,por
1318,20,su,su
1318,21,abuela,abuela
1319,0,Ahora,ahora
1319,1,bien,bien
1319,3,sus,sus
1319,4,padres,padres
1319,6,los,los
1319,7,que,que
1319,8,murieron,murieron
1319,9,antiguamente,antiguamente
1319,11,fueron,fueron
1319,12,Hun-Hunahpú,hunhunahp
1319,13,y,y
1319,14,Vucub-Hunahpú,vucubhunahp
1320,0,Ellos,ellos
1320,1,vieron,vieron
1320,2,también,tambin
1320,3,las,las
1320,4,caras,caras
1320,5,de,de
1320,6,sus,sus
1320,7,padres,padres
1320,8,allá,all
1320,9,en,en
1320,10,Xibalbá,xibalb
1320,11,y,y
1320,12,sus,sus
1320,13,padres,padres
1320,14,hablaron,hablaron
1320,15,con,con
1320,16,sus,sus
1320,17,descendientes,descendientes
1320,19,los,los
1320,20,que,que
1320,21,vencieron,vencieron
1320,22,a,a
1320,23,los,los
1320,24,de,de
1320,25,Xibalbá,xibalb
1321,0,Y,y
1321,1,he,he
1321,2,aquí,aqu
1321,3,cómo,cmo
1321,4,fueron,fueron
1321,5,honrados,honrados
1321,6,sus,sus
1321,7,padres,padres
1321,8,por,por
1321,9,ellos,ellos
1322,0,Honraron,honraron
1322,1,a,a
1322,2,Vucub-Hunahpú,vucubhunahp
1322,4,fueron,fueron
1322,5,a,a
1322,6,honrarlo,honrarlo
1322,7,al,al
1322,8,Sacrificadero,sacrificadero
1322,9,del,del
1322,10,juego,juego
1322,11,de,de
1322,12,pelota,pelota
1323,0,Y,y
1323,1,asimismo,asimismo
1323,2,quisieron,quisieron
1323,3,hacerle,hacerle
1323,4,la,la
1323,5,cara,cara
1324,0,Buscaron,buscaron
1324,1,allí,all
1324,2,todo,todo
1324,3,su,su
1324,4,todo,todo
1324,5,su,su
1324,6,ser,ser
1324,8,la,la
1324,9,boca,boca
1324,11,la,la
1324,12,nariz,nariz
1324,14,los,los
1324,15,ojos,ojos
1325,0,Encontraron,encontraron
1325,1,su,su
1325,2,cuerpo,cuerpo
1325,4,pero,pero
1325,5,muy,muy
1325,6,poco,poco
1325,7,pudieron,pudieron
1325,8,hacer,hacer
1326,0,No,no
1326,1,pronunció,pronunci
1326,2,su,su
1326,3,nombre,nombre
1326,4,el,el
1326,5,Hunahpú,hunahp
1327,0,Ni,ni
1327,1,pudo,pudo
1327,2,decirlo,decirlo
1327,3,su,su
1327,4,boca,boca
1328,0,Y,y
1328,1,he,he
1328,2,aquí,aqu
1328,3,cómo,cmo
1328,4,ensalzaron,ensalzaron
1328,5,la,la
1328,6,memoria,memoria
1328,7,de,de
1328,8,sus,sus
1328,9,padres,padres
1328,11,a,a
1328,12,quienes,quienes
1328,13,habían,haban
1328,14,dejado,dejado
1328,15,y,y
1328,16,dejaron,dejaron
1328,17,allá,all
1328,18,en,en
1328,19,el,el
1328,20,Sacrificadero,sacrificadero
1328,21,del,del
1328,22,juego,juego
1328,23,de,de
1328,24,pelota,pelota
1328,27,Vosotros,vosotros
1328,28,seréis,seris
1328,29,invocados,invocados
1328,32,les,les
1328,33,dijeron,dijeron
1328,34,sus,sus
1328,35,hijos,hijos
1328,37,cuando,cuando
1328,38,se,se
1328,39,fotaleció,fotaleci
1328,40,su,su
1328,41,corazón,corazn
1328,43,Seréis,seris
1328,44,los,los
1328,45,primeros,primeros
1328,46,en,en
1328,47,levantaros,levantaros
1328,48,yseréis,yseris
1328,49,adorados,adorados
1328,50,los,los
1328,51,primeros,primeros
1328,52,por,por
1328,53,los,los
1328,54,hijos,hijos
1328,55,esclarecidos,esclarecidos
1328,57,por,por
1328,58,los,los
1328,59,vasallos,vasallos
1328,60,civilizados,civilizados
1329,0,Vuestros,vuestros
1329,1,nombres,nombres
1329,2,no,no
1329,3,se,se
1329,4,perderán,perdern
1330,1,Así,as
1330,2,será,ser
1330,6,dijeron,dijeron
1330,7,a,a
1330,8,sus,sus
1330,9,padres,padres
1330,10,y,y
1330,11,se,se
1330,12,consoló,consol
1330,13,su,su
1330,14,corazón,corazn
1331,1,Nosotros,nosotros
1331,2,somos,somos
1331,3,los,los
1331,4,vengadores,vengadores
1331,5,de,de
1331,6,vuestra,vuestra
1331,7,muerte,muerte
1331,9,de,de
1331,10,las,las
1331,11,penas,penas
1331,12,y,y
1331,13,dolores,dolores
1331,14,que,que
1331,15,os,os
1331,16,causaron,causaron
1332,0,Así,as
1332,1,fue,fue
1332,2,su,su
1332,3,despedida,despedida
1332,5,cuando,cuando
1332,6,ya,ya
1332,7,habían,haban
1332,8,vencido,vencido
1332,9,a,a
1332,10,todos,todos
1332,11,los,los
1332,12,de,de
1332,13,Xibalbá,xibalb
1333,0,Luego,luego
1333,1,subieron,subieron
1333,2,en,en
1333,3,medio,medio
1333,4,de,de
1333,5,la,la
1333,6,luz,luz
1333,7,y,y
1333,8,al,al
1333,9,instante,instante
1333,10,se,se
1333,11,elevaron,elevaron
1333,12,al,al
1333,13,cielo,cielo
1334,0,Al,al
1334,1,uno,uno
1334,2,le,le
1334,3,tocó,toc
1334,4,el,el
1334,5,sol,sol
1334,6,y,y
1334,7,al,al
1334,8,otro,otro
1334,9,la,la
1334,10,luna,luna
1335,0,Entonces,entonces
1335,1,se,se
1335,2,iluminó,ilumin
1335,3,la,la
1335,4,bóveda,bveda
1335,5,del,del
1335,6,cielo,cielo
1335,7,y,y
1335,8,la,la
1335,9,faz,faz
1335,10,de,de
1335,11,la,la
1335,12,tierra,tierra
1336,0,Y,y
1336,1,ellos,ellos
1336,2,moran,moran
1336,3,en,en
1336,4,el,el
1336,5,cielo,cielo
1337,0,Entonces,entonces
1337,1,subieron,subieron
1337,2,también,tambin
1337,3,los,los
1337,4,cuatrocientos,cuatrocientos
1337,5,muchachos,muchachos
1337,6,a,a
1337,7,quienes,quienes
1337,8,mató,mat
1337,9,Zipacná,zipacn
1337,11,y,y
1337,12,así,as
1337,13,se,se
1337,14,volvieron,volvieron
1337,15,compañeros,compaeros
1337,16,de,de
1337,17,aquéllos,aqullos
1337,18,y,y
1337,19,se,se
1337,20,convirtieron,convirtieron
1337,21,en,en
1337,22,estrellas,estrellas
1337,23,del,del
1337,24,cielo,cielo
1338,0,He,he
1338,1,aquí,aqu
1338,3,pues,pues
1338,5,el,el
1338,6,principio,principio
1338,7,de,de
1338,8,cuando,cuando
1338,9,se,se
1338,10,dispuso,dispuso
1338,11,hacer,hacer
1338,12,al,al
1338,13,hombre,hombre
1338,15,y,y
1338,16,cuando,cuando
1338,17,se,se
1338,18,buscó,busc
1338,19,lo,lo
1338,20,que,que
1338,21,debía,deba
1338,22,entrar,entrar
1338,23,en,en
1338,24,la,la
1338,25,carne,carne
1338,26,del,del
1338,27,nombre,nombre
1339,0,Y,y
1339,1,dijeron,dijeron
1339,2,los,los
1339,3,Progenitores,progenitores
1339,5,los,los
1339,6,Creadores,creadores
1339,7,y,y
1339,8,Formadores,formadores
1339,10,que,que
1339,11,se,se
1339,12,llaman,llaman
1339,13,Tepeu,tepeu
1339,14,y,y
1339,15,Gucumatz,gucumatz
1339,18,Ha,ha
1339,19,llegado,llegado
1339,20,el,el
1339,21,tiempo,tiempo
1339,22,del,del
1339,23,amanecer,amanecer
1339,25,de,de
1339,26,que,que
1339,27,se,se
1339,28,termine,termine
1339,29,la,la
1339,30,obra,obra
1339,31,y,y
1339,32,que,que
1339,33,aparezcan,aparezcan
1339,34,los,los
1339,35,que,que
1339,36,nos,nos
1339,37,han,han
1339,38,de,de
1339,39,sustentar,sustentar
1339,40,y,y
1339,41,nutrir,nutrir
1339,43,los,los
1339,44,hijos,hijos
1339,45,esclarecidos,esclarecidos
1339,47,los,los
1339,48,vasallos,vasallos
1339,49,civilizados,civilizados
1339,51,que,que
1339,52,aparezca,aparezca
1339,53,el,el
1339,54,hombre,hombre
1339,56,la,la
1339,57,humanidad,humanidad
1339,59,sobre,sobre
1339,60,la,la
1339,61,superficie,superficie
1339,62,de,de
1339,63,la,la
1339,64,tierra,tierra
1340,1,Así,as
1340,2,dijeron,dijeron
1341,0,Se,se
1341,1,juntaron,juntaron
1341,3,llegaron,llegaron
1341,4,y,y
1341,5,celebraron,celebraron
1341,6,consejo,consejo
1341,7,en,en
1341,8,la,la
1341,9,oscuridad,oscuridad
1341,10,y,y
1341,11,en,en
1341,12,la,la
1341,13,noche,noche
1341,15,luego,luego
1341,16,buscaron,buscaron
1341,17,y,y
1341,18,discutieron,discutieron
1341,20,y,y
1341,21,aquí,aqu
1341,22,reflexionaron,reflexionaron
1341,23,y,y
1341,24,pensaron,pensaron
1342,0,De,de
1342,1,esta,esta
1342,2,manera,manera
1342,3,salieron,salieron
1342,4,a,a
1342,5,luz,luz
1342,6,claramente,claramente
1342,7,sus,sus
1342,8,decisiones,decisiones
1342,9,y,y
1342,10,encontraron,encontraron
1342,11,y,y
1342,12,descubrieron,descubrieron
1342,13,lo,lo
1342,14,que,que
1342,15,debía,deba
1342,16,entrar,entrar
1342,17,en,en
1342,18,la,la
1342,19,carne,carne
1342,20,del,del
1342,21,hombre,hombre
1343,0,Poco,poco
1343,1,faltaba,faltaba
1343,2,para,para
1343,3,que,que
1343,4,el,el
1343,5,sol,sol
1343,7,la,la
1343,8,luna,luna
1343,9,y,y
1343,10,las,las
1343,11,estrellas,estrellas
1343,12,apareciaran,apareciaran
1343,13,sobre,sobre
1343,14,los,los
1343,15,Creadores,creadores
1343,16,y,y
1343,17,Formadores,formadores
1344,0,De,de
1344,1,Pixil,pixil
1344,3,de,de
1344,4,Cayalá,cayal
1344,6,así,as
1344,7,llamados,llamados
1344,9,vinieron,vinieron
1344,10,las,las
1344,11,mazorcas,mazorcas
1344,12,amarillas,amarillas
1344,13,y,y
1344,14,las,las
1344,15,mazorcas,mazorcas
1344,16,blancas,blancas
1345,0,Estos,estos
1345,1,son,son
1345,2,los,los
1345,3,nombres,nombres
1345,4,de,de
1345,5,los,los
1345,6,animales,animales
1345,7,que,que
1345,8,trajeron,trajeron
1345,9,la,la
1345,10,comida,comida
1345,12,Yac,yac
1345,14,el,el
1345,15,gato,gato
1345,16,de,de
1345,17,monte,monte
1345,20,Utiú,uti
1345,22,el,el
1345,23,coyote,coyote
1345,26,Quel,quel
1345,28,una,una
1345,29,cotorra,cotorra
1345,30,vulgarmente,vulgarmente
1345,31,llamada,llamada
1345,32,chocoyo,chocoyo
1345,34,y,y
1345,35,Hoh,hoh
1345,37,el,el
1345,38,cuervo,cuervo
1346,0,Estos,estos
1346,1,cuatro,cuatro
1346,2,animales,animales
1346,3,les,les
1346,4,dieron,dieron
1346,5,la,la
1346,6,noticia,noticia
1346,7,de,de
1346,8,las,las
1346,9,mazorcas,mazorcas
1346,10,amarillas,amarillas
1346,11,y,y
1346,12,las,las
1346,13,mazorcas,mazorcas
1346,14,blancas,blancas
1346,16,les,les
1346,17,dijeron,dijeron
1346,18,que,que
1346,19,fueran,fueran
1346,20,a,a
1346,21,Paxil,paxil
1346,22,y,y
1346,23,les,les
1346,24,enseñaron,ensearon
1346,25,el,el
1346,26,camino,camino
1346,27,de,de
1346,28,Paxil,paxil
1346,31,así,as
1346,32,encontraron,encontraron
1346,33,la,la
1346,34,comida,comida
1346,35,y,y
1346,36,ésta,sta
1346,37,fue,fue
1346,38,la,la
1346,39,que,que
1346,40,entró,entr
1346,41,en,en
1346,42,la,la
1346,43,carne,carne
1346,44,del,del
1346,45,hombre,hombre
1346,46,creado,creado
1346,48,del,del
1346,49,hombre,hombre
1346,50,formado,formado
1346,52,ésta,sta
1346,53,fue,fue
1346,54,su,su
1346,55,sangre,sangre
1346,57,de,de
1346,58,ésta,sta
1346,59,se,se
1346,60,hizo,hizo
1346,61,la,la
1346,62,sangre,sangre
1346,63,del,del
1346,64,hombre,hombre
1347,0,Así,as
1347,1,entró,entr
1347,2,el,el
1347,3,maíz,maz
1347,5,en,en
1347,6,la,la
1347,7,formación,formacin
1347,8,del,del
1347,9,hombre,hombre
1347,11,por,por
1347,12,obra,obra
1347,13,de,de
1347,14,los,los
1347,15,Progenitores,progenitores
1348,1,de,de
1348,2,esta,esta
1348,3,manera,manera
1348,4,se,se
1348,5,llenaron,llenaron
1348,6,de,de
1348,7,alegría,alegra
1348,9,porque,porque
1348,10,habían,haban
1348,11,descubierto,descubierto
1348,12,una,una
1348,13,hermosa,hermosa
1348,14,tierra,tierra
1348,16,llena,llena
1348,17,de,de
1348,18,deleites,deleites
1348,20,abundante,abundante
1348,21,en,en
1348,22,mazorcas,mazorcas
1348,23,amarillas,amarillas
1348,24,y,y
1348,25,mazorcas,mazorcas
1348,26,blancas,blancas
1348,27,y,y
1348,28,abundante,abundante
1348,29,también,tambin
1348,30,en,en
1348,31,pataxte,pataxte
1348,32,y,y
1348,33,cacao,cacao
1348,35,y,y
1348,36,en,en
1348,37,innumerables,innumerables
1348,38,zapotes,zapotes
1348,40,anonas,anonas
1348,42,jocotes,jocotes
1348,44,nances,nances
1348,46,matasanos,matasanos
1348,47,y,y
1348,48,miel,miel
1349,0,Abundancia,abundancia
1349,1,de,de
1349,2,sabrosos,sabrosos
1349,3,alimentos,alimentos
1349,4,había,haba
1349,5,en,en
1349,6,aquel,aquel
1349,7,pueblo,pueblo
1349,8,llamado,llamado
1349,9,de,de
1349,10,Paxil,paxil
1349,11,y,y
1349,12,Cayalá,cayal
1350,0,Había,haba
1350,1,alimentos,alimentos
1350,2,de,de
1350,3,todas,todas
1350,4,clases,clases
1350,6,alimentos,alimentos
1350,7,pequeños,pequeos
1350,8,y,y
1350,9,grandes,grandes
1350,11,plantas,plantas
1350,12,pequeñas,pequeas
1350,13,y,y
1350,14,plantas,plantas
1350,15,grandes,grandes
1351,0,Los,los
1351,1,animales,animales
1351,2,enseñaron,ensearon
1351,3,el,el
1351,4,camino,camino
1352,0,Y,y
1352,1,moliendo,moliendo
1352,2,entonces,entonces
1352,3,las,las
1352,4,mazorcas,mazorcas
1352,5,amarillas,amarillas
1352,6,y,y
1352,7,las,las
1352,8,mazorcas,mazorcas
1352,9,blancas,blancas
1352,11,hizo,hizo
1352,12,Ixmucané,ixmucan
1352,13,nueve,nueve
1352,14,bebidas,bebidas
1352,15,y,y
1352,16,de,de
1352,17,este,este
1352,18,alimento,alimento
1352,19,provinieron,provinieron
1352,20,la,la
1352,21,fuerza,fuerza
1352,22,y,y
1352,23,la,la
1352,24,gordura,gordura
1352,25,y,y
1352,26,con,con
1352,27,él,l
1352,28,crearon,crearon
1352,29,los,los
1352,30,músculos,msculos
1352,31,y,y
1352,32,el,el
1352,33,vigor,vigor
1352,34,del,del
1352,35,hombre,hombre
1353,0,Esto,esto
1353,1,hicieron,hicieron
1353,2,los,los
1353,3,Progenitores,progenitores
1353,5,Tepeu,tepeu
1353,6,y,y
1353,7,Gucumatz,gucumatz
1353,9,así,as
1353,10,llamados,llamados
1354,0,A,a
1354,1,continuación,continuacin
1354,2,entraron,entraron
1354,3,en,en
1354,4,pláticas,plticas
1354,5,acerca,acerca
1354,6,de,de
1354,7,la,la
1354,8,creación,creacin
1354,9,y,y
1354,10,la,la
1354,11,formación,formacin
1354,12,de,de
1354,13,nuestra,nuestra
1354,14,primera,primera
1354,15,madre,madre
1354,16,y,y
1354,17,padre,padre
1355,0,De,de
1355,1,maíz,maz
1355,2,amarillo,amarillo
1355,3,y,y
1355,4,de,de
1355,5,maíz,maz
1355,6,blanco,blanco
1355,7,se,se
1355,8,hizo,hizo
1355,9,su,su
1355,10,carne,carne
1355,12,de,de
1355,13,masa,masa
1355,14,de,de
1355,15,maíz,maz
1355,16,se,se
1355,17,hicieron,hicieron
1355,18,los,los
1355,19,brazos,brazos
1355,20,y,y
1355,21,las,las
1355,22,piernas,piernas
1355,23,del,del
1355,24,hombre,hombre
1356,0,Únicamente,nicamente
1356,1,masa,masa
1356,2,de,de
1356,3,maíz,maz
1356,4,entró,entr
1356,5,en,en
1356,6,la,la
1356,7,carne,carne
1356,8,de,de
1356,9,nuestros,nuestros
1356,10,padres,padres
1356,12,los,los
1356,13,cuatro,cuatro
1356,14,hombres,hombres
1356,15,que,que
1356,16,fueron,fueron
1356,17,creados,creados
1357,0,Estos,estos
1357,1,son,son
1357,2,los,los
1357,3,nombres,nombres
1357,4,de,de
1357,5,los,los
1357,6,primeros,primeros
1357,7,hombres,hombres
1357,8,que,que
1357,9,fueron,fueron
1357,10,creados,creados
1357,11,y,y
1357,12,formados,formados
1357,14,el,el
1357,15,primer,primer
1357,16,hombre,hombre
1357,17,fue,fue
1357,18,Balam-Quitzé,balamquitz
1357,20,el,el
1357,21,segundo,segundo
1357,22,Balam-Acab,balamacab
1357,24,el,el
1357,25,tercero,tercero
1357,26,Mahucutah,mahucutah
1357,27,y,y
1357,28,el,el
1357,29,cuarto,cuarto
1357,30,Iqui-Balam,iquibalam
1358,0,Estos,estos
1358,1,son,son
1358,2,los,los
1358,3,nombres,nombres
1358,4,de,de
1358,5,nuestras,nuestras
1358,6,primeras,primeras
1358,7,madres,madres
1358,8,y,y
1358,9,padres,padres
1359,0,Se,se
1359,1,dice,dice
1359,2,que,que
1359,3,ellos,ellos
1359,4,sólo,slo
1359,5,fueran,fueran
1359,6,hechos,hechos
1359,7,y,y
1359,8,formados,formados
1359,10,no,no
1359,11,tuvieran,tuvieran
1359,12,madre,madre
1359,14,no,no
1359,15,tuvieron,tuvieron
1359,16,padre,padre
1360,0,Solamente,solamente
1360,1,se,se
1360,2,les,les
1360,3,llamaba,llamaba
1360,4,varones,varones
1361,0,No,no
1361,1,nacieron,nacieron
1361,2,de,de
1361,3,mujer,mujer
1361,5,ni,ni
1361,6,fueronengendrados,fueronengendrados
1361,7,por,por
1361,8,el,el
1361,9,Creador,creador
1361,10,y,y
1361,11,el,el
1361,12,Formador,formador
1361,14,por,por
1361,15,los,los
1361,16,Progenitores,progenitores
1362,0,Sólo,slo
1362,1,por,por
1362,2,un,un
1362,3,prodigio,prodigio
1362,5,por,por
1362,6,obra,obra
1362,7,de,de
1362,8,encantamiento,encantamiento
1362,9,fueron,fueron
1362,10,creados,creados
1362,11,y,y
1362,12,formados,formados
1362,13,por,por
1362,14,el,el
1362,15,Creador,creador
1362,17,el,el
1362,18,Formador,formador
1362,20,los,los
1362,21,Progenitores,progenitores
1362,23,Tepeu,tepeu
1362,24,y,y
1362,25,Gucumatz,gucumatz
1363,0,Y,y
1363,1,como,como
1363,2,tenían,tenan
1363,3,la,la
1363,4,apariencia,apariencia
1363,5,de,de
1363,6,hombres,hombres
1363,8,hombres,hombres
1363,9,fueron,fueron
1363,11,hablaron,hablaron
1363,13,conversaron,conversaron
1363,15,vieron,vieron
1363,16,y,y
1363,17,oyeron,oyeron
1363,19,anduvieron,anduvieron
1363,21,agarraban,agarraban
1363,22,las,las
1363,23,cosas,cosas
1363,25,eran,eran
1363,26,hombres,hombres
1363,27,buenos,buenos
1363,28,y,y
1363,29,hermosos,hermosos
1363,30,y,y
1363,31,su,su
1363,32,figura,figura
1363,33,era,era
1363,34,figura,figura
1363,35,de,de
1363,36,varón,varn
1364,0,Fueran,fueran
1364,1,dotados,dotados
1364,2,de,de
1364,3,inteligencia,inteligencia
1364,5,vieron,vieron
1364,6,y,y
1364,7,al,al
1364,8,punto,punto
1364,9,se,se
1364,10,extendió,extendi
1364,11,su,su
1364,12,vista,vista
1364,14,alcanzaron,alcanzaron
1364,15,a,a
1364,16,ver,ver
1364,18,alcanzaron,alcanzaron
1364,19,a,a
1364,20,conocer,conocer
1364,21,todo,todo
1364,22,lo,lo
1364,23,que,que
1364,24,hay,hay
1364,25,en,en
1364,26,el,el
1364,27,mundo,mundo
1365,0,Cuando,cuando
1365,1,miraban,miraban
1365,3,al,al
1365,4,instante,instante
1365,5,veían,vean
1365,6,a,a
1365,7,su,su
1365,8,alrededor,alrededor
1365,9,y,y
1365,10,contemplaban,contemplaban
1365,11,en,en
1365,12,torno,torno
1365,13,a,a
1365,14,ellos,ellos
1365,15,la,la
1365,16,bóveda,bveda
1365,17,del,del
1365,18,cielo,cielo
1365,19,y,y
1365,20,la,la
1365,21,faz,faz
1365,22,redonda,redonda
1365,23,de,de
1365,24,la,la
1365,25,tierra,tierra
1366,0,Las,las
1366,1,cosas,cosas
1366,2,ocultas,ocultas
1366,4,por,por
1366,5,la,la
1366,6,distancia,distancia
1366,8,las,las
1366,9,veían,vean
1366,10,todas,todas
1366,12,sin,sin
1366,13,tener,tener
1366,14,primero,primero
1366,15,que,que
1366,16,moverse,moverse
1366,18,en,en
1366,19,seguida,seguida
1366,20,veían,vean
1366,21,el,el
1366,22,mundo,mundo
1366,23,y,y
1366,24,asimismo,asimismo
1366,25,desde,desde
1366,26,el,el
1366,27,lugar,lugar
1366,28,donde,donde
1366,29,estaban,estaban
1366,30,lo,lo
1366,31,veían,vean
1367,0,Grande,grande
1367,1,era,era
1367,2,su,su
1367,3,sabiduría,sabidura
1367,5,su,su
1367,6,vista,vista
1367,7,llegaba,llegaba
1367,8,hasta,hasta
1367,9,los,los
1367,10,bosques,bosques
1367,12,las,las
1367,13,rocas,rocas
1367,15,los,los
1367,16,lagos,lagos
1367,18,los,los
1367,19,mares,mares
1367,21,las,las
1367,22,montañas,montaas
1367,23,y,y
1367,24,los,los
1367,25,valles,valles
1368,0,En,en
1368,1,verdad,verdad
1368,2,eran,eran
1368,3,hombres,hombres
1368,4,admirables,admirables
1368,5,Balam-Quitzé,balamquitz
1368,7,Balam-Acab,balamacab
1368,9,Mahucutah,mahucutah
1368,10,e,e
1368,11,Iqui-Balam,iquibalam
1369,0,Entonces,entonces
1369,1,les,les
1369,2,preguntaron,preguntaron
1369,3,el,el
1369,4,Creador,creador
1369,5,y,y
1369,6,el,el
1369,7,Formador,formador
1369,11,Qué,qu
1369,12,pensáis,pensis
1369,13,de,de
1369,14,vuestro,vuestro
1369,15,estado,estado
1370,1,No,no
1370,2,miráis,miris
1371,1,No,no
1371,2,oís,os
1372,1,No,no
1372,2,son,son
1372,3,buenos,buenos
1372,4,vuestro,vuestro
1372,5,lenguaje,lenguaje
1372,6,y,y
1372,7,vuestra,vuestra
1372,8,manera,manera
1372,9,de,de
1372,10,andar,andar
1372,13,Mirad,mirad
1372,15,pues,pues
1372,18,Contemplad,contemplad
1372,19,el,el
1372,20,mundo,mundo
1372,22,ved,ved
1372,23,si,si
1372,24,aparecen,aparecen
1372,25,las,las
1372,26,montañas,montaas
1372,27,y,y
1372,28,los,los
1372,29,valles,valles
1372,32,Probad,probad
1372,34,pues,pues
1372,36,a,a
1372,37,ver,ver
1372,40,les,les
1372,41,dijeron,dijeron
1373,0,Y,y
1373,1,en,en
1373,2,seguida,seguida
1373,3,acabaron,acabaron
1373,4,de,de
1373,5,ver,ver
1373,6,cuanto,cuanto
1373,7,había,haba
1373,8,en,en
1373,9,el,el
1373,10,mundo,mundo
1374,0,Luego,luego
1374,1,dieron,dieron
1374,2,las,las
1374,3,gracias,gracias
1374,4,al,al
1374,5,Creador,creador
1374,6,al,al
1374,7,Formador,formador
1374,11,En,en
1374,12,verdad,verdad
1374,13,os,os
1374,14,damos,damos
1374,15,gracias,gracias
1374,16,dos,dos
1374,17,y,y
1374,18,tres,tres
1374,19,veces,veces
1374,21,Hemos,hemos
1374,22,sido,sido
1374,23,creados,creados
1374,25,se,se
1374,26,nos,nos
1374,27,ha,ha
1374,28,dado,dado
1374,29,una,una
1374,30,boca,boca
1374,31,y,y
1374,32,una,una
1374,33,cara,cara
1374,35,hablamos,hablamos
1374,37,oímos,omos
1374,39,pensamos,pensamos
1374,40,y,y
1374,41,andamos,andamos
1374,43,sentimos,sentimos
1374,44,perfectamente,perfectamente
1374,45,y,y
1374,46,conocemos,conocemos
1374,47,lo,lo
1374,48,que,que
1374,49,está,est
1374,50,lejos,lejos
1374,51,y,y
1374,52,lo,lo
1374,53,que,que
1374,54,está,est
1374,55,cerca,cerca
1375,0,Vemos,vemos
1375,1,también,tambin
1375,2,lo,lo
1375,3,grande,grande
1375,4,y,y
1375,5,lo,lo
1375,6,pequeño,pequeo
1375,7,en,en
1375,8,el,el
1375,9,cielo,cielo
1375,10,y,y
1375,11,en,en
1375,12,la,la
1375,13,tierra,tierra
1376,0,Os,os
1376,1,damos,damos
1376,2,gracias,gracias
1376,4,pues,pues
1376,6,por,por
1376,7,habernos,habernos
1376,8,creado,creado
1376,11,oh,oh
1376,12,Creador,creador
1376,13,y,y
1376,14,Formador,formador
1376,17,por,por
1376,18,habernos,habernos
1376,19,dado,dado
1376,20,el,el
1376,21,ser,ser
1376,24,oh,oh
1376,25,abuela,abuela
1376,26,nuestra,nuestra
1376,30,oh,oh
1376,31,nuestro,nuestro
1376,32,abuelo,abuelo
1376,35,dijeron,dijeron
1376,36,dando,dando
1376,37,las,las
1376,38,gracias,gracias
1376,39,por,por
1376,40,su,su
1376,41,creación,creacin
1376,42,y,y
1376,43,formación,formacin
1377,0,Acabaron,acabaron
1377,1,de,de
1377,2,conocerlo,conocerlo
1377,3,todo,todo
1377,4,y,y
1377,5,examinaron,examinaron
1377,6,los,los
1377,7,cuatro,cuatro
1377,8,rincones,rincones
1377,9,y,y
1377,10,los,los
1377,11,cuatro,cuatro
1377,12,puntos,puntos
1377,13,de,de
1377,14,la,la
1377,15,bóveda,bveda
1377,16,del,del
1377,17,cielo,cielo
1377,18,y,y
1377,19,de,de
1377,20,la,la
1377,21,faz,faz
1377,22,de,de
1377,23,la,la
1377,24,tierra,tierra
1378,0,Pero,pero
1378,1,el,el
1378,2,Creador,creador
1378,3,y,y
1378,4,el,el
1378,5,Formador,formador
1378,6,no,no
1378,7,oyeron,oyeron
1378,8,esto,esto
1378,9,con,con
1378,10,gusto,gusto
1379,1,No,no
1379,2,está,est
1379,3,bien,bien
1379,4,lo,lo
1379,5,que,que
1379,6,dicen,dicen
1379,7,nuestras,nuestras
1379,8,criaturas,criaturas
1379,10,nuestras,nuestras
1379,11,obras,obras
1379,13,todo,todo
1379,14,lo,lo
1379,15,saben,saben
1379,17,lo,lo
1379,18,grande,grande
1379,19,y,y
1379,20,lo,lo
1379,21,pequeño,pequeo
1379,23,dijeron,dijeron
1380,0,Y,y
1380,1,así,as
1380,2,celebraron,celebraron
1380,3,consejo,consejo
1380,4,nuevamente,nuevamente
1380,5,los,los
1380,6,Progenitores,progenitores
1380,10,Qué,qu
1380,11,haremos,haremos
1380,12,ahora,ahora
1380,13,con,con
1380,14,ellos,ellos
1380,17,Que,que
1380,18,su,su
1380,19,vista,vista
1380,20,sólo,slo
1380,21,alcance,alcance
1380,22,a,a
1380,23,lo,lo
1380,24,que,que
1380,25,está,est
1380,26,cerca,cerca
1380,28,que,que
1380,29,sólo,slo
1380,30,vean,vean
1380,31,un,un
1380,32,poco,poco
1380,33,de,de
1380,34,la,la
1380,35,faz,faz
1380,36,de,de
1380,37,la,la
1380,38,tierra,tierra
1381,0,No,no
1381,1,está,est
1381,2,bien,bien
1381,3,lo,lo
1381,4,que,que
1381,5,dicen,dicen
1382,1,Acaso,acaso
1382,2,no,no
1382,3,son,son
1382,4,por,por
1382,5,su,su
1382,6,naturaleza,naturaleza
1382,7,simples,simples
1382,8,criaturas,criaturas
1382,9,y,y
1382,10,hechuras,hechuras
1382,12,nuestras,nuestras
1383,1,Han,han
1383,2,de,de
1383,3,ser,ser
1383,4,ellos,ellos
1383,5,también,tambin
1383,6,dioses,dioses
1384,1,Y,y
1384,2,si,si
1384,3,no,no
1384,4,procrean,procrean
1384,5,y,y
1384,6,se,se
1384,7,multiplican,multiplican
1384,8,cuando,cuando
1384,9,amanezca,amanezca
1384,11,cuando,cuando
1384,12,salga,salga
1384,13,el,el
1384,14,sol,sol
1385,1,Y,y
1385,2,si,si
1385,3,no,no
1385,4,se,se
1385,5,propagan,propagan
1386,0,Así,as
1386,1,dijeron,dijeron
1387,1,Refrenemos,refrenemos
1387,2,un,un
1387,3,poco,poco
1387,4,sus,sus
1387,5,deseos,deseos
1387,7,pues,pues
1387,8,no,no
1387,9,está,est
1387,10,bien,bien
1387,11,lo,lo
1387,12,que,que
1387,13,vemos,vemos
1388,1,Por,por
1388,2,ventura,ventura
1388,3,se,se
1388,4,han,han
1388,5,de,de
1388,6,igualar,igualar
1388,7,ellos,ellos
1388,8,a,a
1388,9,nostros,nostros
1388,11,sus,sus
1388,12,autores,autores
1388,14,que,que
1388,15,podemos,podemos
1388,16,abarcar,abarcar
1388,17,grandes,grandes
1388,18,distancias,distancias
1388,20,que,que
1388,21,lo,lo
1388,22,sabemos,sabemos
1388,23,y,y
1388,24,vemos,vemos
1388,25,todos,todos
1389,0,Esto,esto
1389,1,dijeron,dijeron
1389,2,el,el
1389,3,Corazón,corazn
1389,4,del,del
1389,5,Cielo,cielo
1389,7,Huracán,huracn
1389,9,Chi-pi-Caculhá,chipicaculh
1389,11,Raxa-Caculhá,raxacaculh
1389,13,Tepeu,tepeu
1389,15,Gucumatz,gucumatz
1389,17,los,los
1389,18,Progenitores,progenitores
1389,20,Ixpiyacoc,ixpiyacoc
1389,22,Ixmucané,ixmucan
1389,24,el,el
1389,25,Creador,creador
1389,26,y,y
1389,27,el,el
1389,28,Formador,formador
1390,0,Así,as
1390,1,hablaron,hablaron
1390,2,y,y
1390,3,en,en
1390,4,seguida,seguida
1390,5,cambiaron,cambiaron
1390,6,la,la
1390,7,naturaleza,naturaleza
1390,8,de,de
1390,9,sus,sus
1390,10,obras,obras
1390,12,de,de
1390,13,sus,sus
1390,14,criaturas,criaturas
1391,0,Entonces,entonces
1391,1,el,el
1391,2,Corazón,corazn
1391,3,del,del
1391,4,cielo,cielo
1391,5,les,les
1391,6,echó,ech
1391,7,un,un
1391,8,vaho,vaho
1391,9,sobre,sobre
1391,10,los,los
1391,11,ojos,ojos
1391,13,los,los
1391,14,cuales,cuales
1391,15,se,se
1391,16,empañaron,empaaron
1391,17,como,como
1391,18,cuando,cuando
1391,19,se,se
1391,20,sopla,sopla
1391,21,sobre,sobre
1391,22,la,la
1391,23,luna,luna
1391,24,de,de
1391,25,un,un
1391,26,espejo,espejo
1392,0,Sus,sus
1392,1,ojos,ojos
1392,2,se,se
1392,3,velaron,velaron
1392,4,y,y
1392,5,sólo,slo
1392,6,pudieron,pudieron
1392,7,ver,ver
1392,8,lo,lo
1392,9,que,que
1392,10,estaba,estaba
1392,11,cerca,cerca
1392,13,sólo,slo
1392,14,esto,esto
1392,15,era,era
1392,16,claro,claro
1392,17,para,para
1392,18,ellos,ellos
1393,0,Así,as
1393,1,fue,fue
1393,2,destruida,destruida
1393,3,su,su
1393,4,sabiduría,sabidura
1393,5,y,y
1393,6,todos,todos
1393,7,los,los
1393,8,conocimientos,conocimientos
1393,9,de,de
1393,10,los,los
1393,11,cuatro,cuatro
1393,12,hombres,hombres
1393,14,origen,origen
1393,15,y,y
1393,16,principio,principio
1393,18,de,de
1393,19,la,la
1393,20,raza,raza
1393,21,quiché,quich
1394,0,Así,as
1394,1,fueron,fueron
1394,2,creados,creados
1394,3,y,y
1394,4,formados,formados
1394,5,nuestros,nuestros
1394,6,abuelos,abuelos
1394,8,nuestros,nuestros
1394,9,padres,padres
1394,11,por,por
1394,12,el,el
1394,13,Corazón,corazn
1394,14,del,del
1394,15,Cielo,cielo
1394,17,el,el
1394,18,Corazón,corazn
1394,19,de,de
1394,20,la,la
1394,21,Tierra,tierra
1395,0,Entonces,entonces
1395,1,existieron,existieron
1395,2,también,tambin
1395,3,sus,sus
1395,4,esposas,esposas
1395,5,y,y
1395,6,fueron,fueron
1395,7,hechas,hechas
1395,8,sus,sus
1395,9,mujeres,mujeres
1396,0,Dios,dios
1396,1,mismo,mismo
1396,2,las,las
1396,3,hizo,hizo
1396,4,cuidadosamente,cuidadosamente
1396,6,Y,y
1396,7,así,as
1396,9,durante,durante
1396,10,el,el
1396,11,sueño,sueo
1396,13,llegaron,llegaron
1396,15,verdaderamente,verdaderamente
1396,16,hermosas,hermosas
1396,18,sus,sus
1396,19,mujeres,mujeres
1396,21,al,al
1396,22,lado,lado
1396,23,de,de
1396,24,Balam-Quitzé,balamquitz
1396,26,Balam-Acab,balamacab
1396,28,Mahucutah,mahucutah
1396,29,e,e
1396,30,Iqui-Balam,iquibalam
1397,0,Allí,all
1397,1,estaban,estaban
1397,2,sus,sus
1397,3,mujeres,mujeres
1397,5,cuando,cuando
1397,6,despertaron,despertaron
1397,8,y,y
1397,9,al,al
1397,10,instante,instante
1397,11,se,se
1397,12,llenaron,llenaron
1397,13,de,de
1397,14,alegría,alegra
1397,15,sus,sus
1397,16,corazones,corazones
1397,17,a,a
1397,18,causa,causa
1397,19,de,de
1397,20,sus,sus
1397,21,esposas,esposas
1398,0,He,he
1398,1,aquí,aqu
1398,2,los,los
1398,3,nombres,nombres
1398,4,de,de
1398,5,sus,sus
1398,6,mujeres,mujeres
1398,8,Cahá-Paluna,cahpaluna
1398,10,era,era
1398,11,el,el
1398,12,nombre,nombre
1398,13,de,de
1398,14,la,la
1398,15,mujer,mujer
1398,16,de,de
1398,17,Balam-,balam
1398,18,Quitzé,quitz
1398,20,Chomihá,chomih
1398,21,se,se
1398,22,llamaba,llamaba
1398,23,la,la
1398,24,mujer,mujer
1398,25,de,de
1398,26,Balam-Acab,balamacab
1398,28,Tzununihá,tzununih
1398,30,la,la
1398,31,mujer,mujer
1398,32,de,de
1398,33,Mahucutah,mahucutah
1398,35,y,y
1398,36,Ca-,ca
1398,37,quixahá,quixah
1398,38,era,era
1398,39,el,el
1398,40,nombre,nombre
1398,41,de,de
1398,42,la,la
1398,43,mujer,mujer
1398,44,de,de
1398,45,Iqui-Balam,iquibalam
1399,0,Estos,estos
1399,1,son,son
1399,2,los,los
1399,3,nombres,nombres
1399,4,de,de
1399,5,sus,sus
1399,6,mujeres,mujeres
1399,8,las,las
1399,9,cuales,cuales
1399,10,eran,eran
1399,11,Señoras,seoras
1399,12,principales,principales
1400,0,Ellos,ellos
1400,1,engendraron,engendraron
1400,2,a,a
1400,3,los,los
1400,4,hombres,hombres
1400,6,a,a
1400,7,las,las
1400,8,tribus,tribus
1400,9,pequeñas,pequeas
1400,10,y,y
1400,11,a,a
1400,12,las,las
1400,13,tribus,tribus
1400,14,grandes,grandes
1400,16,y,y
1400,17,fueron,fueron
1400,18,el,el
1400,19,origen,origen
1400,20,de,de
1400,21,nosotros,nosotros
1400,23,la,la
1400,24,gente,gente
1400,25,del,del
1400,26,Quiché,quich
1401,0,Muchos,muchos
1401,1,eran,eran
1401,2,los,los
1401,3,sacerdotes,sacerdotes
1401,4,y,y
1401,5,sacrificadores,sacrificadores
1401,7,no,no
1401,8,eran,eran
1401,9,solamente,solamente
1401,10,cuatro,cuatro
1401,12,pero,pero
1401,13,estos,estos
1401,14,cuatro,cuatro
1401,15,fueron,fueron
1401,16,los,los
1401,17,progenitores,progenitores
1401,18,de,de
1401,19,nosotros,nosotros
1401,20,la,la
1401,21,gente,gente
1401,22,del,del
1401,23,Quiché,quich
1402,0,Diferentes,diferentes
1402,1,eran,eran
1402,2,los,los
1402,3,nombres,nombres
1402,4,de,de
1402,5,cada,cada
1402,6,uno,uno
1402,7,cuando,cuando
1402,8,se,se
1402,9,multiplicaron,multiplicaron
1402,10,allá,all
1402,11,en,en
1402,12,el,el
1402,13,Oriente,oriente
1402,15,y,y
1402,16,muchos,muchos
1402,17,eran,eran
1402,18,los,los
1402,19,nombres,nombres
1402,20,de,de
1402,21,la,la
1402,22,gente,gente
1402,24,Tepeu,tepeu
1402,26,Olomán,olomn
1402,28,Cohah,cohah
1402,30,Quenech,quenech
1402,32,Ahau,ahau
1402,34,que,que
1402,35,así,as
1402,36,se,se
1402,37,llamaban,llamaban
1402,38,estos,estos
1402,39,hombres,hombres
1402,40,allá,all
1402,41,en,en
1402,42,el,el
1402,43,Oriente,oriente
1402,45,donde,donde
1402,46,se,se
1402,47,multiplicaron,multiplicaron
1403,0,Se,se
1403,1,conoce,conoce
1403,2,también,tambin
1403,3,el,el
1403,4,principio,principio
1403,5,de,de
1403,6,los,los
1403,7,de,de
1403,8,Tamub,tamub
1403,9,y,y
1403,10,los,los
1403,11,de,de
1403,12,Uocab,uocab
1403,14,que,que
1403,15,vinieron,vinieron
1403,16,juntos,juntos
1403,17,de,de
1403,18,allá,all
1403,19,del,del
1403,20,Oriente,oriente
1404,0,Balam-Quitzé,balamquitz
1404,1,era,era
1404,2,el,el
1404,3,abuelo,abuelo
1404,4,y,y
1404,5,el,el
1404,6,padre,padre
1404,7,de,de
1404,8,las,las
1404,9,nueve,nueve
1404,10,casas,casas
1404,11,grandes,grandes
1404,12,de,de
1404,13,los,los
1404,14,Cavec,cavec
1404,16,Balam-Acab,balamacab
1404,17,era,era
1404,18,el,el
1404,19,abuelo,abuelo
1404,20,y,y
1404,21,padre,padre
1404,22,de,de
1404,23,las,las
1404,24,nueve,nueve
1404,25,casas,casas
1404,26,grandes,grandes
1404,27,de,de
1404,28,las,las
1404,29,Nihaib,nihaib
1404,31,Cahucutah,cahucutah
1404,33,el,el
1404,34,abuelo,abuelo
1404,35,y,y
1404,36,padre,padre
1404,37,de,de
1404,38,las,las
1404,39,cuatro,cuatro
1404,40,casas,casas
1404,41,grandes,grandes
1404,42,de,de
1404,43,Ahau-Quiché,ahauquich
1405,0,Tres,tres
1405,1,grupos,grupos
1405,2,de,de
1405,3,familias,familias
1405,4,existieron,existieron
1405,6,pero,pero
1405,7,no,no
1405,8,olvidaron,olvidaron
1405,9,el,el
1405,10,nombre,nombre
1405,11,de,de
1405,12,su,su
1405,13,abuelo,abuelo
1405,14,y,y
1405,15,padre,padre
1405,17,los,los
1405,18,que,que
1405,19,se,se
1405,20,propagaron,propagaron
1405,21,y,y
1405,22,multiplicaron,multiplicaron
1405,23,allá,all
1405,24,en,en
1405,25,el,el
1405,26,Oriente,oriente
1406,0,Vinieron,vinieron
1406,1,también,tambin
1406,2,los,los
1406,3,Tamub,tamub
1406,4,y,y
1406,5,los,los
1406,6,Ilocab,ilocab
1406,8,y,y
1406,9,trece,trece
1406,10,ramas,ramas
1406,11,de,de
1406,12,pueblos,pueblos
1406,14,los,los
1406,15,trece,trece
1406,16,de,de
1406,17,Tecpán,tecpn
1406,19,y,y
1406,20,los,los
1406,21,Rabinales,rabinales
1406,23,los,los
1406,24,Cakchiqueles,cakchiqueles
1406,26,los,los
1406,27,deTziquinahá,detziquinah
1406,29,y,y
1406,30,los,los
1406,31,Zacahá,zacah
1406,32,y,y
1406,33,los,los
1406,34,Lamaq,lamaq
1406,36,Cumatz,cumatz
1406,38,Tuhalhá,tuhalh
1406,40,Uchabahá,uchabah
1406,42,los,los
1406,43,de,de
1406,44,Chumil-ahá,chumilah
1406,46,los,los
1406,47,de,de
1406,48,Quibahá,quibah
1406,50,los,los
1406,51,de,de
1406,52,Batenabá,batenab
1406,54,Acul-Vinac,aculvinac
1406,56,Balamihá,balamih
1406,58,los,los
1406,59,Canchaheles,canchaheles
1406,60,y,y
1406,61,Balam-,balam
1406,62,Colob,colob
1407,0,Estas,estas
1407,1,son,son
1407,2,solamente,solamente
1407,3,las,las
1407,4,tribus,tribus
1407,5,principales,principales
1407,7,las,las
1407,8,ramas,ramas
1407,9,del,del
1407,10,pueblo,pueblo
1407,12,que,que
1407,13,nosotros,nosotros
1407,14,mencionamos,mencionamos
1407,16,sólo,slo
1407,17,de,de
1407,18,las,las
1407,19,principales,principales
1407,20,hablaremos,hablaremos
1408,0,Muchas,muchas
1408,1,otras,otras
1408,2,salieron,salieron
1408,3,de,de
1408,4,cada,cada
1408,5,grupo,grupo
1408,6,del,del
1408,7,pueblo,pueblo
1408,9,pero,pero
1408,10,no,no
1408,11,escribiremos,escribiremos
1408,12,sus,sus
1408,13,nombres,nombres
1409,0,Ellas,ellas
1409,1,también,tambin
1409,2,se,se
1409,3,multiplicaron,multiplicaron
1409,4,allá,all
1409,5,en,en
1409,6,el,el
1409,7,Oriente,oriente
1410,0,Muchos,muchos
1410,1,hombres,hombres
1410,2,fueron,fueron
1410,3,hechos,hechos
1410,4,y,y
1410,5,en,en
1410,6,la,la
1410,7,oscuridad,oscuridad
1410,8,se,se
1410,9,multiplicaron,multiplicaron
1411,0,No,no
1411,1,había,haba
1411,2,nacido,nacido
1411,3,el,el
1411,4,sol,sol
1411,5,ni,ni
1411,6,la,la
1411,7,luz,luz
1411,8,cuando,cuando
1411,9,se,se
1411,10,multiplicaron,multiplicaron
1412,0,Juntos,juntos
1412,1,vivían,vivan
1412,2,todos,todos
1412,4,en,en
1412,5,gran,gran
1412,6,número,nmero
1412,7,existían,existan
1412,8,y,y
1412,9,andaban,andaban
1412,10,allá,all
1412,11,en,en
1412,12,el,el
1412,13,Oriente,oriente
1413,0,Sin,sin
1413,1,embargo,embargo
1413,3,no,no
1413,4,sustentaban,sustentaban
1413,5,ni,ni
1413,6,mantenían,mantenan
1413,8,a,a
1413,9,su,su
1413,10,Dios,dios
1413,12,solamente,solamente
1413,13,alzaban,alzaban
1413,14,las,las
1413,15,caras,caras
1413,16,al,al
1413,17,cielo,cielo
1413,18,y,y
1413,19,no,no
1413,20,sabían,saban
1413,21,qué,qu
1413,22,habían,haban
1413,23,venido,venido
1413,24,a,a
1413,25,hacer,hacer
1413,26,tan,tan
1413,27,lejos,lejos
1414,0,Allí,all
1414,1,estuvieron,estuvieron
1414,2,entonces,entonces
1414,3,en,en
1414,4,gran,gran
1414,5,número,nmero
1414,6,los,los
1414,7,hombres,hombres
1414,8,negros,negros
1414,9,y,y
1414,10,los,los
1414,11,hombres,hombres
1414,12,blancos,blancos
1414,14,hombres,hombres
1414,15,de,de
1414,16,muchas,muchas
1414,17,clases,clases
1414,19,hombres,hombres
1414,20,de,de
1414,21,muchas,muchas
1414,22,lenguas,lenguas
1414,24,que,que
1414,25,causaba,causaba
1414,26,admiración,admiracin
1414,27,oírlas,orlas
1415,0,Hay,hay
1415,1,generaciones,generaciones
1415,2,en,en
1415,3,el,el
1415,4,mundo,mundo
1415,6,hay,hay
1415,7,gentes,gentes
1415,8,montaraces,montaraces
1415,10,a,a
1415,11,las,las
1415,12,que,que
1415,13,no,no
1415,14,se,se
1415,15,les,les
1415,16,ve,ve
1415,17,la,la
1415,18,cara,cara
1415,20,no,no
1415,21,tienen,tienen
1415,22,casas,casas
1415,24,sólo,slo
1415,25,andan,andan
1415,26,por,por
1415,27,los,los
1415,28,montes,montes
1415,29,pequeños,pequeos
1415,30,y,y
1415,31,grandes,grandes
1415,33,como,como
1415,34,locos,locos
1416,0,Así,as
1416,1,decían,decan
1416,2,despreciando,despreciando
1416,3,a,a
1416,4,la,la
1416,5,gente,gente
1416,6,del,del
1416,7,monte,monte
1417,0,Así,as
1417,1,decían,decan
1417,2,allá,all
1417,3,donde,donde
1417,4,veían,vean
1417,5,la,la
1417,6,salida,salida
1417,7,del,del
1417,8,sol,sol
1418,0,Una,una
1418,1,misma,misma
1418,2,era,era
1418,3,la,la
1418,4,lengua,lengua
1418,5,de,de
1418,6,todos,todos
1419,0,No,no
1419,1,invocaban,invocaban
1419,2,la,la
1419,3,madera,madera
1419,4,ni,ni
1419,5,la,la
1419,6,piedra,piedra
1419,8,y,y
1419,9,se,se
1419,10,acordaban,acordaban
1419,11,de,de
1419,12,la,la
1419,13,palabra,palabra
1419,14,del,del
1419,15,Creador,creador
1419,16,y,y
1419,17,Formador,formador
1419,19,del,del
1419,20,Corazón,corazn
1419,21,del,del
1419,22,Cielo,cielo
1419,24,del,del
1419,25,Corazón,corazn
1419,26,de,de
1419,27,la,la
1419,28,Tierra,tierra
1420,0,Así,as
1420,1,hablaban,hablaban
1420,2,y,y
1420,3,esperaban,esperaban
1420,4,con,con
1420,5,inquietud,inquietud
1420,6,la,la
1420,7,llegada,llegada
1420,8,de,de
1420,9,la,la
1420,10,aurora,aurora
1421,0,Y,y
1421,1,elevaban,elevaban
1421,2,sus,sus
1421,3,ruegos,ruegos
1421,5,aquellos,aquellos
1421,6,adoradores,adoradores
1421,7,de,de
1421,8,la,la
1421,9,palabra,palabra
1421,11,de,de
1421,12,Dios,dios
1421,15,amantes,amantes
1421,17,obedientes,obedientes
1421,18,y,y
1421,19,temerosos,temerosos
1421,21,levantando,levantando
1421,22,las,las
1421,23,caras,caras
1421,24,al,al
1421,25,cielo,cielo
1421,26,cuando,cuando
1421,27,pedían,pedan
1421,28,hijas,hijas
1421,29,e,e
1421,30,hijos,hijos
1421,34,Oh,oh
1421,35,tú,t
1421,37,Tzacol,tzacol
1421,39,Bitol,bitol
1421,42,Míranos,mranos
1421,44,escúchanos,escchanos
1421,47,No,no
1421,48,nos,nos
1421,49,dejes,dejes
1421,51,no,no
1421,52,nos,nos
1421,53,desampares,desampares
1421,55,oh,oh
1421,56,Dios,dios
1421,58,que,que
1421,59,estás,ests
1421,60,en,en
1421,61,el,el
1421,62,cielo,cielo
1421,63,y,y
1421,64,en,en
1421,65,la,la
1421,66,tierra,tierra
1421,68,Corazón,corazn
1421,69,del,del
1421,70,Cielo,cielo
1421,72,Corazón,corazn
1421,73,de,de
1421,74,la,la
1421,75,Tierra,tierra
1421,78,Danos,danos
1421,79,nuestra,nuestra
1421,80,descendencia,descendencia
1421,82,nuestra,nuestra
1421,83,sucesión,sucesin
1421,85,mientras,mientras
1421,86,camine,camine
1421,87,el,el
1421,88,sol,sol
1421,89,y,y
1421,90,haya,haya
1421,91,claridad,claridad
1421,94,Que,que
1421,95,amanezca,amanezca
1421,97,que,que
1421,98,llegue,llegue
1421,99,la,la
1421,100,aurora,aurora
1421,103,Danos,danos
1421,104,muchos,muchos
1421,105,buenos,buenos
1421,106,caminos,caminos
1421,108,caminos,caminos
1421,109,planos,planos
1421,112,Que,que
1421,113,los,los
1421,114,pueblos,pueblos
1421,115,tengan,tengan
1421,116,paz,paz
1421,118,mucha,mucha
1421,119,paz,paz
1421,121,y,y
1421,122,sean,sean
1421,123,felices,felices
1421,125,y,y
1421,126,danos,danos
1421,127,buena,buena
1421,128,vida,vida
1421,129,y,y
1421,130,útil,til
1421,131,existencia,existencia
1421,134,Oh,oh
1421,135,tú,t
1421,137,Huracán,huracn
1421,139,Chipi-Caculhá,chipicaculh
1421,141,Raxa-Caculhá,raxacaculh
1421,143,Chipi-Nanauac,chipinanauac
1421,145,Raxa-Nanauac,raxananauac
1421,147,Voc,voc
1421,148,Hunahpú,hunahp
1421,149,Tepeu,tepeu
1421,151,Gucumatz,gucumatz
1421,153,Alom,alom
1421,155,Qaholom,qaholom
1421,157,Ixpiyacoc,ixpiyacoc
1421,159,Ixmucané,ixmucan
1421,161,abuela,abuela
1421,162,del,del
1421,163,sol,sol
1421,165,abuela,abuela
1421,166,de,de
1421,167,la,la
1421,168,luz,luz
1421,171,Que,que
1421,172,amanezca,amanezca
1421,173,y,y
1421,174,que,que
1421,175,llegue,llegue
1421,176,la,la
1421,177,aurora,aurora
1421,180,Así,as
1421,181,decían,decan
1421,182,mientras,mientras
1421,183,veían,vean
1421,184,e,e
1421,185,invocaban,invocaban
1421,186,la,la
1421,187,salida,salida
1421,188,del,del
1421,189,sol,sol
1421,191,la,la
1421,192,llegada,llegada
1421,193,de,de
1421,194,la,la
1421,195,aurora,aurora
1421,197,y,y
1421,198,al,al
1421,199,mismo,mismo
1421,200,tiempo,tiempo
1421,201,que,que
1421,202,veían,vean
1421,203,la,la
1421,204,salida,salida
1421,205,del,del
1421,206,sol,sol
1421,208,contemplaban,contemplaban
1421,209,el,el
1421,210,lucero,lucero
1421,211,del,del
1421,212,alba,alba
1421,214,la,la
1421,215,gran,gran
1421,216,estrella,estrella
1421,217,precursora,precursora
1421,218,del,del
1421,219,sol,sol
1421,221,que,que
1421,222,alumbra,alumbra
1421,223,la,la
1421,224,bóveda,bveda
1421,225,de,de
1421,226,cielo,cielo
1421,227,y,y
1421,228,la,la
1421,229,superficie,superficie
1421,230,de,de
1421,231,la,la
1421,232,tierra,tierra
1421,234,e,e
1421,235,ilumina,ilumina
1421,236,los,los
1421,237,pasos,pasos
1421,238,de,de
1421,239,los,los
1421,240,hombres,hombres
1421,241,creados,creados
1421,242,y,y
1421,243,formados,formados
1422,0,Balam-Quitzé,balamquitz
1422,2,Balam-Acab,balamacab
1422,4,Mahucutah,mahucutah
1422,5,e,e
1422,6,Iqui-Balam,iquibalam
1422,7,dijeron,dijeron
1422,10,Aguardemos,aguardemos
1422,11,que,que
1422,12,amanezca,amanezca
1423,0,Así,as
1423,1,dijeron,dijeron
1423,2,aquellos,aquellos
1423,3,grandes,grandes
1423,4,sabios,sabios
1423,6,ios,ios
1423,7,varones,varones
1423,8,entendidos,entendidos
1423,10,los,los
1423,11,sacerdotes,sacerdotes
1423,12,y,y
1423,13,sacrificadores,sacrificadores
1424,0,Esto,esto
1424,1,dijeron,dijeron
1425,0,Nuestras,nuestras
1425,1,primeras,primeras
1425,2,madres,madres
1425,3,y,y
1425,4,padres,padres
1425,5,no,no
1425,6,tenían,tenan
1425,7,todavía,todava
1425,8,maderos,maderos
1425,9,ni,ni
1425,10,piedras,piedras
1425,11,que,que
1425,12,custodiar,custodiar
1425,14,pero,pero
1425,15,sus,sus
1425,16,corazones,corazones
1425,17,estaban,estaban
1425,18,cansados,cansados
1425,19,de,de
1425,20,esperar,esperar
1425,21,el,el
1425,22,sol,sol
1426,0,Y,y
1426,1,ya,ya
1426,2,eran,eran
1426,3,muy,muy
1426,4,numerosos,numerosos
1426,5,todos,todos
1426,6,los,los
1426,7,pueblos,pueblos
1426,8,y,y
1426,9,la,la
1426,10,gente,gente
1426,11,yaqui,yaqui
1426,13,los,los
1426,14,sacerdotes,sacerdotes
1426,15,y,y
1426,16,sacrificadores,sacrificadores
1427,2,Vamonos,vamonos
1427,4,vamos,vamos
1427,5,a,a
1427,6,buscar,buscar
1427,7,y,y
1427,8,a,a
1427,9,ver,ver
1427,10,si,si
1427,11,están,estn
1427,12,guardados,guardados
1427,13,nuestros,nuestros
1427,14,símbolos,smbolos
1427,17,si,si
1427,18,encontramos,encontramos
1427,19,lo,lo
1427,20,que,que
1427,21,pondremos,pondremos
1427,22,a,a
1427,23,arder,arder
1427,24,ante,ante
1427,25,ellos,ellos
1428,0,Pues,pues
1428,1,estando,estando
1428,2,de,de
1428,3,esta,esta
1428,4,manera,manera
1428,5,no,no
1428,6,tenemos,tenemos
1428,7,quien,quien
1428,8,vele,vele
1428,9,por,por
1428,10,nosotros,nosotros
1428,12,dijeron,dijeron
1428,13,Balam-Quitzé,balamquitz
1428,15,Balam-Acab,balamacab
1428,17,Mahucutah,mahucutah
1428,18,e,e
1428,19,Iqui-Balam,iquibalam
1429,0,Y,y
1429,1,habiendo,habiendo
1429,2,llegado,llegado
1429,3,a,a
1429,4,sus,sus
1429,5,oídos,odos
1429,6,la,la
1429,7,noticia,noticia
1429,8,de,de
1429,9,una,una
1429,10,ciudad,ciudad
1429,12,se,se
1429,13,dirigieron,dirigieron
1429,14,hacía,haca
1429,15,allá,all
1430,0,Ahora,ahora
1430,1,bien,bien
1430,3,el,el
1430,4,nombre,nombre
1430,5,del,del
1430,6,lugar,lugar
1430,7,a,a
1430,8,donde,donde
1430,9,se,se
1430,10,dirigieron,dirigieron
1430,11,Balam-Quitzé,balamquitz
1430,13,Balam-Acab,balamacab
1430,15,Mahucutah,mahucutah
1430,16,e,e
1430,17,Iqui-Balam,iquibalam
1430,18,y,y
1430,19,los,los
1430,20,de,de
1430,21,Tamub,tamub
1430,22,e,e
1430,23,üocab,ocab
1430,24,era,era
1430,25,Tulán-Zuiva,tulnzuiva
1430,27,Vucub-Psc,vucubpsc
1430,29,Vucub-Ziván,vucubzivn
1431,0,Este,este
1431,1,era,era
1431,2,el,el
1431,3,nombre,nombre
1431,4,de,de
1431,5,la,la
1431,6,ciudad,ciudad
1431,7,a,a
1431,8,donde,donde
1431,9,fueron,fueron
1431,10,a,a
1431,11,recibir,recibir
1431,12,a,a
1431,13,sus,sus
1431,14,dioses,dioses
1432,0,Así,as
1432,2,pues,pues
1432,4,llegaron,llegaron
1432,5,todos,todos
1432,6,a,a
1432,7,Tulán,tuln
1433,0,No,no
1433,1,era,era
1433,2,posible,posible
1433,3,contar,contar
1433,4,los,los
1433,5,hombres,hombres
1433,6,que,que
1433,7,llegaron,llegaron
1433,9,era,era
1433,10,muchísimos,muchsimos
1433,11,y,y
1433,12,caminaban,caminaban
1433,13,ordenadamente,ordenadamente
1434,0,Fue,fue
1434,1,entonces,entonces
1434,2,la,la
1434,3,salida,salida
1434,4,de,de
1434,5,sus,sus
1434,6,dioses,dioses
1434,8,primerolos,primerolos
1434,9,de,de
1434,10,Balam-Quitzé,balamquitz
1434,12,Balam-Acab,balamacab
1434,14,Mahucutah,mahucutah
1434,15,e,e
1434,16,Iqui-Balam,iquibalam
1434,18,quienes,quienes
1434,19,se,se
1434,20,llenaron,llenaron
1434,21,de,de
1434,22,alegría,alegra
1434,26,Por,por
1434,27,fin,fin
1434,28,hemos,hemos
1434,29,hallado,hallado
1434,30,lo,lo
1434,31,que,que
1434,32,buscábamos,buscbamos
1434,35,dijeron,dijeron
1435,0,Y,y
1435,1,el,el
1435,2,primero,primero
1435,3,que,que
1435,4,salió,sali
1435,5,fue,fue
1435,6,Tohil,tohil
1435,8,que,que
1435,9,así,as
1435,10,se,se
1435,11,llamaba,llamaba
1435,12,este,este
1435,13,dios,dios
1435,15,y,y
1435,16,lo,lo
1435,17,sacó,sac
1435,18,a,a
1435,19,cuestas,cuestas
1435,20,en,en
1435,21,su,su
1435,22,arca,arca
1435,23,Balam-Quitzé,balamquitz
1436,0,En,en
1436,1,seguida,seguida
1436,2,sacaron,sacaron
1436,3,al,al
1436,4,dios,dios
1436,5,que,que
1436,6,se,se
1436,7,llamaba,llamaba
1436,8,Avilix,avilix
1436,10,a,a
1436,11,quien,quien
1436,12,llevó,llev
1436,13,Balam-Acab,balamacab
1437,0,Al,al
1437,1,dios,dios
1437,2,que,que
1437,3,se,se
1437,4,llamaba,llamaba
1437,5,Hacavitz,hacavitz
1437,6,la,la
1437,7,llevaba,llevaba
1437,8,Mahucutah,mahucutah
1437,10,y,y
1437,11,al,al
1437,12,dios,dios
1437,13,llamado,llamado
1437,14,Nicahtacah,nicahtacah
1437,15,lo,lo
1437,16,condujo,condujo
1437,17,Iqui-,iqui
1437,18,Balam,balam
1438,0,Y,y
1438,1,junto,junto
1438,2,con,con
1438,3,la,la
1438,4,gente,gente
1438,5,del,del
1438,6,Quiché,quich
1438,8,lo,lo
1438,9,recibieron,recibieron
1438,10,también,tambin
1438,11,los,los
1438,12,de,de
1438,13,Tamub,tamub
1439,0,Y,y
1439,1,asimismo,asimismo
1439,2,Tohil,tohil
1439,3,fue,fue
1439,4,ei,ei
1439,5,nombre,nombre
1439,6,del,del
1439,7,dios,dios
1439,8,de,de
1439,9,los,los
1439,10,de,de
1439,11,Tamub,tamub
1439,13,que,que
1439,14,recibieron,recibieron
1439,15,el,el
1439,16,abuelo,abuelo
1439,17,y,y
1439,18,padre,padre
1439,19,de,de
1439,20,los,los
1439,21,Señores,seores
1439,22,de,de
1439,23,Tamub,tamub
1439,24,que,que
1439,25,conocemos,conocemos
1439,26,hoy,hoy
1439,27,día,da
1440,0,En,en
1440,1,tercer,tercer
1440,2,lugar,lugar
1440,3,estaban,estaban
1440,4,los,los
1440,5,de,de
1440,6,Ilocab,ilocab
1441,0,Tohil,tohil
1441,1,era,era
1441,2,también,tambin
1441,3,el,el
1441,4,nombre,nombre
1441,5,del,del
1441,6,dios,dios
1441,7,que,que
1441,8,recibieron,recibieron
1441,9,los,los
1441,10,abuelos,abuelos
1441,11,y,y
1441,12,los,los
1441,13,padres,padres
1441,14,de,de
1441,15,los,los
1441,16,Señores,seores
1441,17,a,a
1441,18,quienes,quienes
1441,19,igualmente,igualmente
1441,20,conocemos,conocemos
1441,21,ahora,ahora
1442,0,Así,as
1442,1,fueron,fueron
1442,2,llamadas,llamadas
1442,3,las,las
1442,4,tres,tres
1442,6,familias,familias
1442,8,quichés,quichs
1442,9,y,y
1442,10,no,no
1442,11,se,se
1442,12,separaron,separaron
1442,13,porque,porque
1442,14,era,era
1442,15,uno,uno
1442,16,el,el
1442,17,nombre,nombre
1442,18,de,de
1442,19,su,su
1442,20,dios,dios
1442,22,Tohil,tohil
1442,23,de,de
1442,24,los,los
1442,25,Quichés,quichs
1442,27,Tohil,tohil
1442,28,de,de
1442,29,los,los
1442,30,Tamub,tamub
1442,31,y,y
1442,32,de,de
1442,33,los,los
1442,34,Ilocab,ilocab
1442,36,uno,uno
1442,37,sólo,slo
1442,38,era,era
1442,39,el,el
1442,40,nombre,nombre
1442,41,del,del
1442,42,dios,dios
1442,44,y,y
1442,45,por,por
1442,46,eso,eso
1442,47,no,no
1442,48,se,se
1442,49,dividieron,dividieron
1442,50,las,las
1442,51,tres,tres
1442,53,familias,familias
1442,55,quichés,quichs
1443,0,Grande,grande
1443,1,era,era
1443,2,en,en
1443,3,verdad,verdad
1443,4,la,la
1443,5,naturaleza,naturaleza
1443,6,de,de
1443,7,los,los
1443,8,tres,tres
1443,10,Tohil,tohil
1443,12,Avilix,avilix
1443,13,y,y
1443,14,Hacavitz,hacavitz
1444,1,entonces,entonces
1444,2,llegaron,llegaron
1444,3,todos,todos
1444,4,los,los
1444,5,pueblos,pueblos
1444,7,los,los
1444,8,de,de
1444,9,Rabinal,rabinal
1444,11,los,los
1444,12,Cakchiqueles,cakchiqueles
1444,14,los,los
1444,15,de,de
1444,16,de,de
1444,17,Tziquinahá,tziquinah
1444,18,y,y
1444,19,las,las
1444,20,gentes,gentes
1444,21,que,que
1444,22,ahora,ahora
1444,23,se,se
1444,24,llaman,llaman
1444,25,Yaquis,yaquis
1445,0,Y,y
1445,1,allí,all
1445,2,fue,fue
1445,3,donde,donde
1445,4,se,se
1445,5,alteró,alter
1445,6,el,el
1445,7,lenguaje,lenguaje
1445,8,de,de
1445,9,las,las
1445,10,tribus,tribus
1445,12,diferentes,diferentes
1445,13,volviéronse,volvironse
1445,14,sus,sus
1445,15,lenguas,lenguas
1446,0,Ya,ya
1446,1,no,no
1446,2,podían,podan
1446,3,entenderse,entenderse
1446,4,claramente,claramente
1446,5,entre,entre
1446,6,sí,s
1446,7,después,despus
1446,8,de,de
1446,9,haber,haber
1446,10,llegado,llegado
1446,11,a,a
1446,12,Tulán,tuln
1447,0,Allí,all
1447,1,también,tambin
1447,2,se,se
1447,3,separaron,separaron
1447,5,algunas,algunas
1447,6,hubo,hubo
1447,7,quese,quese
1447,8,fueron,fueron
1447,9,para,para
1447,10,el,el
1447,11,Oriente,oriente
1447,13,pero,pero
1447,14,muchas,muchas
1447,15,se,se
1447,16,vinieron,vinieron
1447,17,para,para
1447,18,acá,ac
1448,1,sus,sus
1448,2,vestidos,vestidos
1448,3,eran,eran
1448,4,solamente,solamente
1448,5,pieles,pieles
1448,6,de,de
1448,7,animales,animales
1448,9,no,no
1448,10,tenían,tenan
1448,11,buenas,buenas
1448,12,ropas,ropas
1448,13,que,que
1448,14,ponerse,ponerse
1448,16,las,las
1448,17,pieles,pieles
1448,18,de,de
1448,19,animales,animales
1448,20,eran,eran
1448,21,su,su
1448,22,único,nico
1448,23,atavío,atavo
1449,0,Eran,eran
1449,1,pobres,pobres
1449,3,nada,nada
1449,4,poseían,posean
1449,6,pero,pero
1449,7,su,su
1449,8,naturaleza,naturaleza
1449,9,era,era
1449,10,de,de
1449,11,hombres,hombres
1449,12,prodigiosos,prodigiosos
1450,0,Cuando,cuando
1450,1,llegaron,llegaron
1450,2,a,a
1450,3,Tulán-Zuiva,tulnzuiva
1450,5,Vucub-Pec,vucubpec
1450,7,Vucub-Ziván,vucubzivn
1450,9,dicen,dicen
1450,10,las,las
1450,11,antiguas,antiguas
1450,12,tradiciones,tradiciones
1450,13,que,que
1450,14,habían,haban
1450,15,andado,andado
1450,16,mucho,mucho
1450,17,para,para
1450,18,llegar,llegar
1450,19,a,a
1450,20,Tulán,tuln
1451,0,Y,y
1451,1,no,no
1451,2,tenían,tenan
1451,3,fuego,fuego
1452,0,Solamente,solamente
1452,1,lo,lo
1452,2,tenían,tenan
1452,3,los,los
1452,4,de,de
1452,5,Tohil,tohil
1453,0,Este,este
1453,1,era,era
1453,2,el,el
1453,3,dios,dios
1453,4,de,de
1453,5,las,las
1453,6,tribus,tribus
1453,7,que,que
1453,8,fue,fue
1453,9,el,el
1453,10,primero,primero
1453,11,que,que
1453,12,creó,cre
1453,13,el,el
1453,14,fuego,fuego
1454,0,No,no
1454,1,se,se
1454,2,sabe,sabe
1454,3,cómo,cmo
1454,4,nació,naci
1454,6,porque,porque
1454,7,ya,ya
1454,8,estaba,estaba
1454,9,ardiendo,ardiendo
1454,10,el,el
1454,11,fuego,fuego
1454,12,cuando,cuando
1454,13,lo,lo
1454,14,vieron,vieron
1454,15,Balam-Quitzé,balamquitz
1454,16,y,y
1454,17,Balam-Acab,balamacab
1455,2,Ay,ay
1455,4,nuestro,nuestro
1455,5,fuego,fuego
1455,6,ya,ya
1455,7,no,no
1455,8,existe,existe
1455,10,Moriremos,moriremos
1455,11,de,de
1455,12,frío,fro
1455,14,dijeron,dijeron
1456,0,Entonces,entonces
1456,1,Tohil,tohil
1456,2,les,les
1456,3,contestó,contest
1456,7,No,no
1456,8,os,os
1456,9,aflijáis,aflijis
1457,0,Vuestro,vuestro
1457,1,será,ser
1457,2,el,el
1457,3,fuego,fuego
1457,4,perdido,perdido
1457,5,de,de
1457,6,que,que
1457,7,habláis,hablis
1457,9,les,les
1457,10,dijo,dijo
1457,11,entonces,entonces
1457,12,Tohil,tohil
1458,2,De,de
1458,3,veras,veras
1459,1,Oh,oh
1459,2,Dios,dios
1459,4,nuestro,nuestro
1459,5,sostén,sostn
1459,7,nuestro,nuestro
1459,8,mantenedor,mantenedor
1459,10,tú,t
1459,12,nuestro,nuestro
1459,13,Dios,dios
1459,16,dijeron,dijeron
1459,18,dándoles,dndoles
1459,19,sus,sus
1459,20,agradecimientos,agradecimientos
1460,0,Y,y
1460,1,Tohil,tohil
1460,2,les,les
1460,3,respondió,respondi
1460,6,Está,est
1460,7,bien,bien
1460,9,ciertamente,ciertamente
1460,10,yo,yo
1460,11,soy,soy
1460,12,vuestro,vuestro
1460,13,Dios,dios
1460,16,que,que
1460,17,así,as
1460,18,sea,sea
1460,20,Yo,yo
1460,21,soy,soy
1460,22,vuestro,vuestro
1460,23,Señor,seor
1460,26,que,que
1460,27,así,as
1460,28,sea,sea
1460,30,Así,as
1460,31,les,les
1460,32,fue,fue
1460,33,dicho,dicho
1460,34,a,a
1460,35,los,los
1460,36,sacerdotes,sacerdotes
1460,37,y,y
1460,38,sacrificad,sacrificad
1460,39,ores,ores
1460,40,por,por
1460,41,Tohil,tohil
1461,0,Y,y
1461,1,así,as
1461,2,recibieron,recibieron
1461,3,su,su
1461,4,fuego,fuego
1461,5,las,las
1461,6,tribus,tribus
1461,7,y,y
1461,8,se,se
1461,9,alegraron,alegraron
1461,10,a,a
1461,11,causa,causa
1461,12,del,del
1461,13,fuego,fuego
1462,0,En,en
1462,1,seguida,seguida
1462,2,comenzó,comenz
1462,3,a,a
1462,4,caer,caer
1462,5,un,un
1462,6,gran,gran
1462,7,aguacero,aguacero
1462,9,cuando,cuando
1462,10,ya,ya
1462,11,estaba,estaba
1462,12,ardiendo,ardiendo
1462,13,el,el
1462,14,fuego,fuego
1462,15,de,de
1462,16,las,las
1462,17,tribus,tribus
1463,0,Gran,gran
1463,1,cantidad,cantidad
1463,2,de,de
1463,3,granizo,granizo
1463,4,cayó,cay
1463,5,sobre,sobre
1463,6,las,las
1463,7,cabezas,cabezas
1463,8,de,de
1463,9,todas,todas
1463,10,las,las
1463,11,tribus,tribus
1463,13,y,y
1463,14,el,el
1463,15,fuego,fuego
1463,16,se,se
1463,17,apagó,apag
1463,18,a,a
1463,19,causa,causa
1463,20,de,de
1463,22,granizo,granizo
1463,24,y,y
1463,25,nuevamente,nuevamente
1463,26,se,se
1463,27,extinguió,extingui
1463,28,su,su
1463,29,fuego,fuego
1464,0,Entonces,entonces
1464,1,Balam,balam
1464,2,Quitzé,quitz
1464,3,y,y
1464,4,Balam-Acab,balamacab
1464,5,le,le
1464,6,pidieron,pidieron
1464,7,otra,otra
1464,8,vez,vez
1464,9,su,su
1464,10,fuego,fuego
1464,11,a,a
1464,12,Tohil,tohil
1464,16,Ah,ah
1464,18,Tohil,tohil
1464,20,verdadera-,verdadera
1464,21,mente,mente
1464,22,nos,nos
1464,23,morimos,morimos
1464,24,de,de
1464,25,frío,fro
1464,28,le,le
1464,29,dijeron,dijeron
1464,30,a,a
1464,31,Tohil,tohil
1465,1,Está,est
1465,2,bien,bien
1465,4,no,no
1465,5,os,os
1465,6,aflijáis,aflijis
1465,8,contestó,contest
1465,9,Tohil,tohil
1465,11,y,y
1465,12,al,al
1465,13,instante,instante
1465,14,sacó,sac
1465,15,fuego,fuego
1465,17,dando,dando
1465,18,vueltas,vueltas
1465,19,dentro,dentro
1465,20,de,de
1465,21,su,su
1465,22,zapato,zapato
1466,0,Alegrarónse,alegrarnse
1466,1,al,al
1466,2,punto,punto
1466,3,Balam-Quitzé,balamquitz
1466,5,Balam,balam
1466,6,Acab,acab
1466,8,Mahucutah,mahucutah
1466,9,e,e
1466,10,Iqui-Balam,iquibalam
1466,12,y,y
1466,13,en,en
1466,14,seguida,seguida
1466,15,se,se
1466,16,calentaron,calentaron
1467,0,Ahora,ahora
1467,1,bien,bien
1467,3,el,el
1467,4,fuego,fuego
1467,5,de,de
1467,6,los,los
1467,7,pueblos,pueblos
1467,9,de,de
1467,10,vucamag,vucamag
1467,12,se,se
1467,13,había,haba
1467,14,apagado,apagado
1467,15,igualmente,igualmente
1467,17,y,y
1467,18,aquéllos,aqullos
1467,19,se,se
1467,20,morían,moran
1467,21,de,de
1467,22,frío,fro
1468,0,En,en
1468,1,seguida,seguida
1468,2,llegaron,llegaron
1468,3,a,a
1468,4,pedir,pedir
1468,5,su,su
1468,6,fuego,fuego
1468,7,a,a
1468,8,Balam-Quitzé,balamquitz
1468,10,Balam-Acab,balamacab
1468,12,Mahucutah,mahucutah
1468,13,e,e
1468,14,Iqui-Balam,iquibalam
1469,0,Ya,ya
1469,1,no,no
1469,2,podían,podan
1469,3,soportar,soportar
1469,4,el,el
1469,5,frío,fro
1469,6,ni,ni
1469,7,la,la
1469,8,helada,helada
1469,10,estaban,estaban
1469,11,temblando,temblando
1469,12,y,y
1469,13,dando,dando
1469,14,diente,diente
1469,15,con,con
1469,16,diente,diente
1469,18,ya,ya
1469,19,no,no
1469,20,tenían,tenan
1469,21,vida,vida
1469,23,las,las
1469,24,piernas,piernas
1469,25,y,y
1469,26,las,las
1469,27,manos,manos
1469,28,les,les
1469,29,temblaban,temblaban
1469,30,y,y
1469,31,nada,nada
1469,32,podían,podan
1469,33,coger,coger
1469,34,con,con
1469,35,éstas,stas
1469,36,cuando,cuando
1469,37,llegaron,llegaron
1470,1,No,no
1470,2,nos,nos
1470,3,causa,causa
1470,4,vergüenza,vergenza
1470,5,venir,venir
1470,6,ante,ante
1470,7,vosotros,vosotros
1470,8,a,a
1470,9,pediros,pediros
1470,10,que,que
1470,11,nos,nos
1470,12,deis,deis
1470,13,un,un
1470,14,poco,poco
1470,15,de,de
1470,16,vuestro,vuestro
1470,17,fuego,fuego
1470,19,dijeron,dijeron
1470,20,al,al
1470,21,llegar,llegar
1471,0,Pero,pero
1471,1,no,no
1471,2,fueron,fueron
1471,3,bien,bien
1471,4,recibidos,recibidos
1472,0,Y,y
1472,1,entonces,entonces
1472,2,se,se
1472,3,llenó,llen
1472,4,de,de
1472,5,tristeza,tristeza
1472,6,el,el
1472,7,corazón,corazn
1472,8,de,de
1472,9,las,las
1472,10,tribus,tribus
1473,1,E,e
1473,2,lenguaje,lenguaje
1473,3,de,de
1473,4,Balam-Quitzé,balamquitz
1473,6,Balam-Acab,balamacab
1473,8,Mahucutah,mahucutah
1473,9,e,e
1473,10,Iqui-Balam,iquibalam
1473,11,es,es
1473,12,diferente,diferente
1474,1,Ay,ay
1474,4,Hemos,hemos
1474,5,abandonado,abandonado
1474,6,nuestra,nuestra
1474,7,lengua,lengua
1474,10,Qué,qu
1474,11,es,es
1474,12,lo,lo
1474,13,que,que
1474,14,hemos,hemos
1474,15,hecho,hecho
1475,0,Estamos,estamos
1475,1,perdidos,perdidos
1476,1,En,en
1476,2,dónde,dnde
1476,3,fuimos,fuimos
1476,4,engañados,engaados
1477,0,Una,una
1477,1,sola,sola
1477,2,era,era
1477,3,nuestra,nuestra
1477,4,lengua,lengua
1477,5,cuando,cuando
1477,6,llegamos,llegamos
1477,7,allá,all
1477,8,a,a
1477,9,Tulán,tuln
1477,11,de,de
1477,12,una,una
1477,13,sola,sola
1477,14,manera,manera
1477,15,habíamos,habamos
1477,16,sido,sido
1477,17,creados,creados
1477,18,y,y
1477,19,educados,educados
1478,0,No,no
1478,1,está,est
1478,2,bien,bien
1478,3,lo,lo
1478,4,que,que
1478,5,hemos,hemos
1478,6,hecho,hecho
1478,8,dijeron,dijeron
1478,9,todas,todas
1478,10,las,las
1478,11,tribus,tribus
1478,12,bajo,bajo
1478,13,los,los
1478,14,árboles,rboles
1478,15,y,y
1478,16,los,los
1478,17,bejucos,bejucos
1479,0,Entonces,entonces
1479,1,se,se
1479,2,presentó,present
1479,3,un,un
1479,4,hombre,hombre
1479,5,ante,ante
1479,6,Balam-Quitzé,balamquitz
1479,8,Balam-Acab,balamacab
1479,10,Mahucutah,mahucutah
1479,11,e,e
1479,12,Iqui-,iqui
1479,13,Balam,balam
1479,15,y,y
1479,16,habló,habl
1479,17,de,de
1479,18,esta,esta
1479,19,manera,manera
1479,20,el,el
1479,21,mensajero,mensajero
1479,22,de,de
1479,23,Xibalbá:—Este,xibalbeste
1479,24,es,es
1479,26,en,en
1479,27,verdad,verdad
1479,29,vuestro,vuestro
1479,30,Dios,dios
1479,32,éste,ste
1479,33,es,es
1479,34,vuestro,vuestro
1479,35,sostén,sostn
1479,37,ésta,sta
1479,38,es,es
1479,40,además,adems
1479,42,la,la
1479,43,representación,representacin
1479,45,el,el
1479,46,recuerdo,recuerdo
1479,47,de,de
1479,48,vuestro,vuestro
1479,49,Creador,creador
1479,50,y,y
1479,51,Formador,formador
1480,0,No,no
1480,1,les,les
1480,2,deis,deis
1480,4,pues,pues
1480,6,su,su
1480,7,fuego,fuego
1480,8,a,a
1480,9,los,los
1480,10,pueblos,pueblos
1480,12,hasta,hasta
1480,13,que,que
1480,14,ellos,ellos
1480,15,ofrenden,ofrenden
1480,16,a,a
1480,17,Tohil,tohil
1481,0,No,no
1481,1,es,es
1481,2,menester,menester
1481,3,que,que
1481,4,os,os
1481,5,den,den
1481,6,algo,algo
1481,7,a,a
1481,8,vosotros,vosotros
1482,0,Preguntad,preguntad
1482,1,a,a
1482,2,Tohil,tohil
1482,3,qué,qu
1482,4,es,es
1482,5,lo,lo
1482,6,que,que
1482,7,deben,deben
1482,8,dar,dar
1482,9,cuando,cuando
1482,10,vengan,vengan
1482,11,a,a
1482,12,recibir,recibir
1482,13,el,el
1482,14,fuego,fuego
1482,16,les,les
1482,17,dijo,dijo
1482,18,el,el
1482,19,de,de
1482,20,Xibalbá,xibalb
1483,0,Este,este
1483,1,tenía,tena
1483,2,alas,alas
1483,3,como,como
1483,4,las,las
1483,5,a,a
1483,6,las,las
1483,7,del,del
1483,8,murciélago,murcilago
1484,0,Yo,yo
1484,1,soy,soy
1484,2,enviado,enviado
1484,3,por,por
1484,4,vuestro,vuestro
1484,5,Creador,creador
1484,7,por,por
1484,8,vuestro,vuestro
1484,9,Formador,formador
1484,11,dijo,dijo
1484,12,el,el
1484,13,de,de
1484,14,Xibalbá,xibalb
1485,0,Llenáronse,llenronse
1485,1,entonces,entonces
1485,2,de,de
1485,3,alegría,alegra
1485,5,y,y
1485,6,se,se
1485,7,ensancharon,ensancharon
1485,8,también,tambin
1485,9,los,los
1485,10,corazones,corazones
1485,11,de,de
1485,12,Tohil,tohil
1485,14,Avilix,avilix
1485,15,y,y
1485,16,Hacavitz,hacavitz
1485,17,cuando,cuando
1485,18,habló,habl
1485,19,el,el
1485,20,de,de
1485,21,Xibalbá,xibalb
1485,23,el,el
1485,24,cual,cual
1485,25,desapareció,desapareci
1485,26,al,al
1485,27,instante,instante
1485,28,de,de
1485,29,su,su
1485,30,presencia,presencia
1486,0,Pero,pero
1486,1,no,no
1486,2,perecieron,perecieron
1486,3,las,las
1486,4,tribus,tribus
1486,5,cuando,cuando
1486,6,llegaron,llegaron
1486,8,aunque,aunque
1486,9,se,se
1486,10,morían,moran
1486,11,de,de
1486,12,frío,fro
1487,0,Había,haba
1487,1,mucho,mucho
1487,2,granizo,granizo
1487,4,lluvia,lluvia
1487,5,negra,negra
1487,6,y,y
1487,7,neblina,neblina
1487,9,y,y
1487,10,hacía,haca
1487,11,un,un
1487,12,frío,fro
1487,13,indescriptibie,indescriptibie
1488,0,Hallábanse,hallbanse
1488,1,todas,todas
1488,2,las,las
1488,3,tribus,tribus
1488,4,temblando,temblando
1488,5,y,y
1488,6,tiritando,tiritando
1488,7,de,de
1488,8,frío,fro
1488,9,cuando,cuando
1488,10,llegaron,llegaron
1488,11,a,a
1488,12,donde,donde
1488,13,estaban,estaban
1488,14,Balam-Quitzé,balamquitz
1488,16,Balam-Acab,balamacab
1488,18,Mahucutah,mahucutah
1488,19,e,e
1488,20,Iqui-,iqui
1488,21,Balam,balam
1489,0,Grande,grande
1489,1,era,era
1489,2,la,la
1489,3,aflicción,afliccin
1489,4,de,de
1489,5,sus,sus
1489,6,corazones,corazones
1489,7,y,y
1489,8,tristes,tristes
1489,9,estaban,estaban
1489,10,sus,sus
1489,11,bocas,bocas
1489,12,y,y
1489,13,sus,sus
1489,14,ojos,ojos
1490,0,En,en
1490,1,seguida,seguida
1490,2,llegaron,llegaron
1490,3,los,los
1490,4,suplicantes,suplicantes
1490,5,a,a
1490,6,presencia,presencia
1490,7,de,de
1490,8,Balam-Quitzé,balamquitz
1490,10,Balam-Acab,balamacab
1490,12,Mahucutah,mahucutah
1490,13,e,e
1490,14,Iqui-Balam,iquibalam
1490,17,No,no
1490,18,tendréis,tendris
1490,19,compasión,compasin
1490,20,de,de
1490,21,nosotros,nosotros
1490,23,que,que
1490,24,solamente,solamente
1490,25,os,os
1490,26,pedimos,pedimos
1490,27,un,un
1490,28,poco,poco
1490,29,de,de
1490,30,vuestro,vuestro
1490,31,fuego,fuego
1491,1,Acaso,acaso
1491,2,no,no
1491,3,estábamos,estbamos
1491,4,juntos,juntos
1491,5,y,y
1491,6,reunidos,reunidos
1492,1,No,no
1492,2,fue,fue
1492,3,una,una
1492,4,misma,misma
1492,5,nuestra,nuestra
1492,6,morada,morada
1492,7,y,y
1492,8,una,una
1492,9,sola,sola
1492,10,nuestra,nuestra
1492,11,patria,patria
1492,12,cuando,cuando
1492,13,fuisteis,fuisteis
1492,14,creados,creados
1492,16,cuando,cuando
1492,17,fuisteis,fuisteis
1492,18,formados,formados
1493,1,Tened,tened
1493,3,pues,pues
1493,5,misericordia,misericordia
1493,6,de,de
1493,7,nosotros,nosotros
1493,10,dijeron,dijeron
1494,2,Qué,qu
1494,3,nos,nos
1494,4,daréis,daris
1494,5,para,para
1494,6,que,que
1494,7,tengamos,tengamos
1494,8,misericordia,misericordia
1494,9,de,de
1494,10,vosotros,vosotros
1494,13,les,les
1494,14,preguntaron,preguntaron
1495,1,Pues,pues
1495,2,bien,bien
1495,4,os,os
1495,5,daremos,daremos
1495,6,dinero,dinero
1495,8,contestaron,contestaron
1495,9,las,las
1495,10,tribus,tribus
1496,1,No,no
1496,2,queremos,queremos
1496,3,dinero,dinero
1496,5,dijeron,dijeron
1496,6,Balam-Quitzé,balamquitz
1496,7,y,y
1496,8,Balam-Acab,balamacab
1497,2,Y,y
1497,3,qué,qu
1497,4,es,es
1497,5,lo,lo
1497,6,que,que
1497,7,queréis,queris
1498,1,Ahora,ahora
1498,2,lo,lo
1498,3,preguntaremos,preguntaremos
1499,1,Está,est
1499,2,bien,bien
1499,4,dijeron,dijeron
1499,5,las,las
1499,6,tribus,tribus
1500,1,Le,le
1500,2,preguntaremos,preguntaremos
1500,3,a,a
1500,4,Tohil,tohil
1500,5,y,y
1500,6,luego,luego
1500,7,os,os
1500,8,diremos,diremos
1500,10,les,les
1500,11,contestaron,contestaron
1501,2,Qué,qu
1501,3,deben,deben
1501,4,dar,dar
1501,5,las,las
1501,6,tribus,tribus
1501,9,oh,oh
1501,10,Tohil,tohil
1501,13,que,que
1501,14,han,han
1501,15,venido,venido
1501,16,a,a
1501,17,pedir,pedir
1501,18,tu,tu
1501,19,fuego,fuego
1501,22,dijeron,dijeron
1501,23,entonces,entonces
1501,24,Balam-,balam
1501,25,Quitzé,quitz
1501,27,Balam-Acab,balamacab
1501,29,Mahucutah,mahucutah
1501,30,e,e
1501,31,Iqui-Balam,iquibalam
1502,2,Bueno,bueno
1502,5,Querrán,querrn
1502,6,dar,dar
1502,7,su,su
1502,8,pecho,pecho
1502,9,y,y
1502,10,su,su
1502,11,sobaco,sobaco
1503,1,Quieren,quieren
1503,2,sus,sus
1503,3,corazones,corazones
1503,4,que,que
1503,5,yo,yo
1503,7,Tohil,tohil
1503,9,los,los
1503,10,estreche,estreche
1503,11,entre,entre
1503,12,mis,mis
1503,13,brazos,brazos
1504,0,Pero,pero
1504,1,si,si
1504,2,así,as
1504,3,no,no
1504,4,lo,lo
1504,5,desean,desean
1504,7,tampoco,tampoco
1504,8,les,les
1504,9,daré,dar
1504,10,su,su
1504,11,fuego,fuego
1504,13,respondió,respondi
1504,14,Tohil,tohil
1505,1,Decidles,decidles
1505,2,que,que
1505,3,eso,eso
1505,4,será,ser
1505,5,más,ms
1505,6,tarde,tarde
1505,8,que,que
1505,9,no,no
1505,10,tendrán,tendrn
1505,11,que,que
1505,12,venir,venir
1505,13,ahora,ahora
1505,14,a,a
1505,15,unir,unir
1505,16,su,su
1505,17,pecho,pecho
1505,18,y,y
1505,19,sus,sus
1505,20,sobacos,sobacos
1506,0,Esto,esto
1506,1,os,os
1506,2,manda,manda
1506,3,decir,decir
1506,5,les,les
1506,6,diréis,diris
1507,0,Esta,esta
1507,1,fue,fue
1507,2,la,la
1507,3,respuesta,respuesta
1507,4,a,a
1507,5,Balam-Quitzé,balamquitz
1507,7,Balam-Acab,balamacab
1507,9,Mahucutah,mahucutah
1507,10,e,e
1507,11,Iqui-Balam,iquibalam
1508,0,Entonces,entonces
1508,1,transmitieron,transmitieron
1508,2,la,la
1508,3,palabra,palabra
1508,4,de,de
1508,5,Tohil,tohil
1509,1,Está,est
1509,2,bien,bien
1509,4,nos,nos
1509,5,uniremos,uniremos
1509,6,y,y
1509,7,lo,lo
1509,8,abrazaremos,abrazaremos
1509,10,dijeron,dijeron
1509,12,los,los
1509,13,pueblos,pueblos
1509,16,cuando,cuando
1509,17,oyeron,oyeron
1509,18,y,y
1509,19,recibieron,recibieron
1509,20,la,la
1509,21,palabra,palabra
1509,22,de,de
1509,23,Tohil,tohil
1510,0,Y,y
1510,1,no,no
1510,2,obraron,obraron
1510,3,con,con
1510,4,tardanza,tardanza
1510,8,Bueno,bueno
1510,10,dijeron,dijeron
1510,12,pero,pero
1510,13,que,que
1510,14,sea,sea
1510,15,pronto,pronto
1511,0,Y,y
1511,1,en,en
1511,2,seguida,seguida
1511,3,recibieron,recibieron
1511,4,el,el
1511,5,fuego,fuego
1512,0,Luego,luego
1512,1,se,se
1512,2,calentaron,calentaron
1513,0,Hubo,hubo
1513,2,sin,sin
1513,3,embargo,embargo
1513,5,una,una
1513,6,tribu,tribu
1513,7,que,que
1513,8,hurtó,hurt
1513,9,el,el
1513,10,fuego,fuego
1513,11,entre,entre
1513,12,el,el
1513,13,humo,humo
1513,15,y,y
1513,16,fueron,fueron
1513,17,los,los
1513,18,de,de
1513,19,la,la
1513,20,casa,casa
1513,21,de,de
1513,22,Zotzü,zotz
1514,0,El,el
1514,1,dios,dios
1514,2,de,de
1514,3,los,los
1514,4,cakchiqueles,cakchiqueles
1514,5,se,se
1514,6,llamaba,llamaba
1514,7,Chamalcán,chamalcn
1514,8,y,y
1514,9,tenia,tenia
1514,10,la,la
1514,11,figura,figura
1514,12,de,de
1514,13,un,un
1514,14,murciélago,murcilago
1515,0,Cuando,cuando
1515,1,pasaron,pasaron
1515,2,entre,entre
1515,3,el,el
1515,4,humo,humo
1515,6,pasaron,pasaron
1515,7,suavemente,suavemente
1515,9,y,y
1515,10,luego,luego
1515,11,se,se
1515,12,apoderaron,apoderaron
1515,13,del,del
1515,14,fuego,fuego
1516,0,No,no
1516,1,pidieron,pidieron
1516,2,el,el
1516,3,fuego,fuego
1516,4,los,los
1516,5,cakchiqueles,cakchiqueles
1516,6,porque,porque
1516,7,no,no
1516,8,quisieron,quisieron
1516,9,entregarse,entregarse
1516,10,como,como
1516,11,vencidos,vencidos
1516,13,de,de
1516,14,la,la
1516,15,manera,manera
1516,16,como,como
1516,17,fueron,fueron
1516,18,vencidas,vencidas
1516,19,las,las
1516,20,demás,dems
1516,21,tribus,tribus
1516,22,cuando,cuando
1516,23,ofrecieron,ofrecieron
1516,24,su,su
1516,25,pecho,pecho
1516,26,y,y
1516,27,su,su
1516,28,sobaco,sobaco
1516,29,para,para
1516,30,que,que
1516,31,se,se
1516,32,los,los
1516,33,abrieran,abrieran
1517,0,Y,y
1517,1,ésta,sta
1517,2,era,era
1517,3,la,la
1517,4,abertura,abertura
1517,5,que,que
1517,6,había,haba
1517,7,dicho,dicho
1517,8,Tohil,tohil
1517,10,que,que
1517,11,sacrificaran,sacrificaran
1517,12,a,a
1517,13,todas,todas
1517,14,las,las
1517,15,tribus,tribus
1517,16,ante,ante
1517,17,él,l
1517,19,que,que
1517,20,se,se
1517,21,les,les
1517,22,arrancara,arrancara
1517,23,el,el
1517,24,corazón,corazn
1517,25,del,del
1517,26,pecho,pecho
1517,27,y,y
1517,28,del,del
1517,29,sobaco,sobaco
1518,0,Y,y
1518,1,esto,esto
1518,2,no,no
1518,3,se,se
1518,4,había,haba
1518,5,comenzado,comenzado
1518,6,a,a
1518,7,hacer,hacer
1518,8,cuando,cuando
1518,9,fue,fue
1518,10,profetizada,profetizada
1518,11,por,por
1518,12,Tohil,tohil
1518,13,la,la
1518,14,toma,toma
1518,15,del,del
1518,16,poder,poder
1518,17,y,y
1518,18,el,el
1518,19,señorío,seoro
1518,20,por,por
1518,21,Balam-Quitzé,balamquitz
1518,23,Balam-Acab,balamacab
1518,25,Mahucutah,mahucutah
1518,26,e,e
1518,27,Iqui-Balam,iquibalam
1519,0,Allá,all
1519,1,en,en
1519,2,Tulán-Zuiva,tulnzuiva
1519,4,de,de
1519,5,donde,donde
1519,6,habían,haban
1519,7,venido,venido
1519,9,acostumbraban,acostumbraban
1519,10,no,no
1519,11,comer,comer
1519,13,observaban,observaban
1519,14,un,un
1519,15,ayuno,ayuno
1519,16,perpetuo,perpetuo
1519,18,mientras,mientras
1519,19,aguardaban,aguardaban
1519,20,la,la
1519,21,llegada,llegada
1519,22,de,de
1519,23,la,la
1519,24,aurora,aurora
1519,25,y,y
1519,26,atisbaban,atisbaban
1519,27,la,la
1519,28,salida,salida
1519,29,del,del
1519,30,sol,sol
1520,0,Turnábanse,turnbanse
1520,1,para,para
1520,2,ver,ver
1520,3,la,la
1520,4,grande,grande
1520,5,estrella,estrella
1520,6,que,que
1520,7,se,se
1520,8,llama,llama
1520,9,Icoquih,icoquih
1520,11,y,y
1520,12,que,que
1520,13,sale,sale
1520,14,primero,primero
1520,15,delante,delante
1520,16,del,del
1520,17,sol,sol
1520,19,cuando,cuando
1520,20,nace,nace
1520,21,el,el
1520,22,sol,sol
1520,24,la,la
1520,25,brillante,brillante
1520,26,Icoquih,icoquih
1520,28,que,que
1520,29,siempre,siempre
1520,30,estaba,estaba
1520,31,allí,all
1520,32,frente,frente
1520,33,a,a
1520,34,ellos,ellos
1520,35,en,en
1520,36,el,el
1520,37,Oriente,oriente
1520,39,cuando,cuando
1520,40,estuvieron,estuvieron
1520,41,allá,all
1520,42,en,en
1520,43,la,la
1520,44,llamada,llamada
1520,45,Tulán-Zuiva,tulnzuiva
1520,47,de,de
1520,48,donde,donde
1520,49,vino,vino
1520,50,su,su
1520,51,dios,dios
1521,0,No,no
1521,1,fue,fue
1521,2,aquí,aqu
1521,4,pues,pues
1521,6,donde,donde
1521,7,recibieron,recibieron
1521,8,su,su
1521,9,poder,poder
1521,10,y,y
1521,11,señorío,seoro
1521,13,sino,sino
1521,14,que,que
1521,15,allá,all
1521,16,sometieron,sometieron
1521,17,y,y
1521,18,subyugaron,subyugaron
1521,19,a,a
1521,20,las,las
1521,21,tribus,tribus
1521,22,grandes,grandes
1521,23,y,y
1521,24,pequeñas,pequeas
1521,26,cuando,cuando
1521,27,las,las
1521,28,sacrificaron,sacrificaron
1521,29,ante,ante
1521,30,Tohil,tohil
1521,31,y,y
1521,32,le,le
1521,33,ofrendaron,ofrendaron
1521,34,la,la
1521,35,sangre,sangre
1521,37,la,la
1521,38,sustancia,sustancia
1521,40,el,el
1521,41,pecho,pecho
1521,42,y,y
1521,43,el,el
1521,44,costado,costado
1521,45,de,de
1521,46,todos,todos
1521,47,los,los
1521,48,hombres,hombres
1522,0,A,a
1522,1,Tulán,tuln
1522,2,les,les
1522,3,llegó,lleg
1522,4,al,al
1522,5,instante,instante
1522,6,su,su
1522,7,poder,poder
1522,9,grande,grande
1522,10,fue,fue
1522,11,su,su
1522,12,sabiduría,sabidura
1522,13,en,en
1522,14,la,la
1522,15,oscuridad,oscuridad
1522,16,y,y
1522,17,en,en
1522,18,la,la
1522,19,noche,noche
1523,0,Luego,luego
1523,1,se,se
1523,2,vinieron,vinieron
1523,4,se,se
1523,5,arrancaron,arrancaron
1523,6,de,de
1523,7,allá,all
1523,8,y,y
1523,9,abandonaron,abandonaron
1523,10,el,el
1523,11,Oriente,oriente
1524,1,Esta,esta
1524,2,no,no
1524,3,es,es
1524,4,nuestra,nuestra
1524,5,casa,casa
1524,7,vamonos,vamonos
1524,8,y,y
1524,9,veamos,veamos
1524,10,dónde,dnde
1524,11,nos,nos
1524,12,hemos,hemos
1524,13,de,de
1524,14,establecer,establecer
1524,16,dijo,dijo
1524,17,entonces,entonces
1524,18,Tohil,tohil
1525,0,En,en
1525,1,verdad,verdad
1525,2,les,les
1525,3,hablaba,hablaba
1525,4,a,a
1525,5,Balam-Quitzé,balamquitz
1525,7,Balam-Acab,balamacab
1525,9,Mahucutah,mahucutah
1525,10,e,e
1525,11,Iqui-Balam,iquibalam
1526,0,—Dejad,dejad
1526,1,hecha,hecha
1526,2,vuestra,vuestra
1526,3,acción,accin
1526,4,de,de
1526,5,gracias,gracias
1526,7,disponed,disponed
1526,8,lo,lo
1526,9,necesario,necesario
1526,10,para,para
1526,11,sangraros,sangraros
1526,12,las,las
1526,13,orejas,orejas
1526,15,picaos,picaos
1526,16,los,los
1526,17,codos,codos
1526,19,haced,haced
1526,20,vuestros,vuestros
1526,21,sacrificios,sacrificios
1526,23,éste,ste
1526,24,será,ser
1526,25,vuestro,vuestro
1526,26,agradecimiento,agradecimiento
1526,27,ante,ante
1526,28,Dios,dios
1527,1,Está,est
1527,2,bien,bien
1527,4,dijeron,dijeron
1527,6,y,y
1527,7,se,se
1527,8,sacaron,sacaron
1527,9,sangre,sangre
1527,10,de,de
1527,11,las,las
1527,12,orejas,orejas
1528,0,Y,y
1528,1,lloraron,lloraron
1528,2,en,en
1528,3,sus,sus
1528,4,cantos,cantos
1528,5,por,por
1528,6,su,su
1528,7,salida,salida
1528,8,de,de
1528,9,Tulán,tuln
1528,11,lloraron,lloraron
1528,12,sus,sus
1528,13,corazones,corazones
1528,14,cuando,cuando
1528,15,abandonaron,abandonaron
1528,16,a,a
1528,17,Tulán,tuln
1529,2,Ay,ay
1529,3,de,de
1529,4,nosotros,nosotros
1529,6,Ya,ya
1529,7,no,no
1529,8,veremos,veremos
1529,9,aquí,aqu
1529,10,el,el
1529,11,amanecer,amanecer
1529,12,cuando,cuando
1529,13,nazca,nazca
1529,14,el,el
1529,15,sol,sol
1529,16,y,y
1529,17,alumbre,alumbre
1529,18,la,la
1529,19,faz,faz
1529,20,de,de
1529,21,la,la
1529,22,tierra,tierra
1529,24,dijeron,dijeron
1529,25,al,al
1529,26,partir,partir
1530,0,Pero,pero
1530,1,dejaron,dejaron
1530,2,algunas,algunas
1530,3,gentes,gentes
1530,4,en,en
1530,5,el,el
1530,6,camino,camino
1530,7,por,por
1530,8,donde,donde
1530,9,iban,iban
1530,10,para,para
1530,11,que,que
1530,12,velaran,velaran
1531,0,Cada,cada
1531,1,una,una
1531,2,de,de
1531,3,las,las
1531,4,tribus,tribus
1531,5,se,se
1531,6,levantaba,levantaba
1531,7,continuamente,continuamente
1531,8,para,para
1531,9,ver,ver
1531,10,la,la
1531,11,estrella,estrella
1531,12,precursora,precursora
1531,13,del,del
1531,14,sol,sol
1532,0,Esta,esta
1532,1,señal,seal
1532,2,de,de
1532,3,la,la
1532,4,aurora,aurora
1532,5,la,la
1532,6,traían,traan
1532,7,en,en
1532,8,su,su
1532,9,corazón,corazn
1532,10,cuando,cuando
1532,11,vinieron,vinieron
1532,12,de,de
1532,13,allá,all
1532,14,del,del
1532,15,Oriente,oriente
1532,17,y,y
1532,18,con,con
1532,19,la,la
1532,20,misma,misma
1532,21,esperanza,esperanza
1532,22,partieron,partieron
1532,23,de,de
1532,24,allá,all
1532,26,de,de
1532,27,aquella,aquella
1532,28,gran,gran
1532,29,distancia,distancia
1532,31,según,segn
1532,32,dicen,dicen
1532,33,en,en
1532,34,sus,sus
1532,35,cantos,cantos
1532,36,hoy,hoy
1532,37,día,da
1533,0,Llegaron,llegaron
1533,1,por,por
1533,2,entonces,entonces
1533,3,a,a
1533,4,la,la
1533,5,cumbre,cumbre
1533,6,de,de
1533,7,una,una
1533,8,montaña,montaa
1533,9,y,y
1533,10,allí,all
1533,11,se,se
1533,12,reunieron,reunieron
1533,13,todo,todo
1533,14,el,el
1533,15,pueblo,pueblo
1533,16,quiché,quich
1533,17,y,y
1533,18,las,las
1533,19,tribus,tribus
1534,0,Allí,all
1534,1,celebraron,celebraron
1534,2,todos,todos
1534,3,consejo,consejo
1534,4,para,para
1534,5,tomar,tomar
1534,6,sus,sus
1534,7,disposiciones,disposiciones
1535,0,Llaman,llaman
1535,1,hoy,hoy
1535,2,día,da
1535,3,a,a
1535,4,esta,esta
1535,5,montaña,montaa
1535,6,Chi-Pixab,chipixab
1535,8,éste,ste
1535,9,es,es
1535,10,el,el
1535,11,nombre,nombre
1535,12,de,de
1535,13,la,la
1535,14,montaña,montaa
1536,0,Reuniéronse,reunironse
1536,1,allí,all
1536,2,y,y
1536,3,se,se
1536,4,ensalzaron,ensalzaron
1536,5,a,a
1536,6,sí,s
1536,7,mismos,mismos
1536,11,Yo,yo
1536,12,soy,soy
1536,14,yo,yo
1536,16,el,el
1536,17,pueblo,pueblo
1536,18,del,del
1536,19,QuichéY,quichy
1536,20,tú,t
1536,22,Ta-mub,tamub
1536,24,éste,ste
1536,25,será,ser
1536,26,tu,tu
1536,27,nombre,nombre
1537,0,Y,y
1537,1,a,a
1537,2,los,los
1537,3,Uocab,uocab
1537,4,les,les
1537,5,dijeron,dijeron
1537,8,Tú,t
1537,10,Ilocab,ilocab
1537,11,éste,ste
1537,12,será,ser
1537,13,tu,tu
1537,14,nombre,nombre
1538,0,Y,y
1538,1,estos,estos
1538,2,tres,tres
1538,4,pueblos,pueblos
1538,6,quichés,quichs
1538,7,no,no
1538,8,desaparecerán,desaparecern
1538,10,una,una
1538,11,misma,misma
1538,12,es,es
1538,13,nuestra,nuestra
1538,14,suerte,suerte
1538,16,dijeron,dijeron
1538,17,cuando,cuando
1538,18,designaron,designaron
1538,19,sus,sus
1538,20,nombres,nombres
1539,0,En,en
1539,1,seguida,seguida
1539,2,dieron,dieron
1539,3,su,su
1539,4,nombre,nombre
1539,5,a,a
1539,6,los,los
1539,7,Cakchiqueles,cakchiqueles
1539,9,Gagchecjueleb,gagchecjueleb
1539,10,fue,fue
1539,11,su,su
1539,12,nombre,nombre
1540,0,Asimismo,asimismo
1540,1,a,a
1540,2,los,los
1540,3,de,de
1540,4,Rabi-nal,rabinal
1540,6,que,que
1540,7,éste,ste
1540,8,fue,fue
1540,9,su,su
1540,10,nombre,nombre
1540,11,que,que
1540,12,hasta,hasta
1540,13,ahora,ahora
1540,14,no,no
1540,15,han,han
1540,16,perdido,perdido
1541,0,Y,y
1541,1,también,tambin
1541,2,a,a
1541,3,los,los
1541,4,de,de
1541,5,Tziquinahá,tziquinah
1541,7,que,que
1541,8,así,as
1541,9,se,se
1541,10,llaman,llaman
1541,11,hoy,hoy
1541,12,día,da
1542,0,Estos,estos
1542,1,son,son
1542,2,los,los
1542,3,nombres,nombres
1542,4,que,que
1542,5,se,se
1542,6,dieron,dieron
1542,7,entre,entre
1542,8,sí,s
1543,0,Allá,all
1543,1,se,se
1543,2,reunieron,reunieron
1543,3,a,a
1543,4,esperar,esperar
1543,5,que,que
1543,6,amaneciera,amaneciera
1543,7,y,y
1543,8,a,a
1543,9,observar,observar
1543,10,la,la
1543,11,salida,salida
1543,12,de,de
1543,13,la,la
1543,14,estrella,estrella
1543,15,que,que
1543,16,llega,llega
1543,17,primero,primero
1543,18,delante,delante
1543,19,del,del
1543,20,sol,sol
1543,22,cuando,cuando
1543,23,éste,ste
1543,24,está,est
1543,25,a,a
1543,26,punto,punto
1543,27,de,de
1543,28,nacer,nacer
1544,1,De,de
1544,2,allá,all
1544,3,venimos,venimos
1544,5,pero,pero
1544,6,nos,nos
1544,7,hemos,hemos
1544,8,separado,separado
1544,10,decían,decan
1544,11,entre,entre
1544,12,sí,s
1545,0,Y,y
1545,1,sus,sus
1545,2,corazones,corazones
1545,3,estaban,estaban
1545,4,afligidos,afligidos
1545,6,y,y
1545,7,estaban,estaban
1545,8,pasando,pasando
1545,9,grandes,grandes
1545,10,sufrimientos,sufrimientos
1545,12,no,no
1545,13,tenían,tenan
1545,14,comida,comida
1545,16,no,no
1545,17,tenían,tenan
1545,18,sustento,sustento
1545,20,solamente,solamente
1545,21,olían,olan
1545,22,la,la
1545,23,punta,punta
1545,24,de,de
1545,25,sus,sus
1545,26,bastones,bastones
1545,27,y,y
1545,28,así,as
1545,29,se,se
1545,30,imaginaban,imaginaban
1545,31,que,que
1545,32,comían,coman
1545,34,pero,pero
1545,35,no,no
1545,36,se,se
1545,37,alimentaban,alimentaban
1545,38,cuando,cuando
1545,39,venían,venan
1546,0,No,no
1546,1,está,est
1546,2,bien,bien
1546,3,claro,claro
1546,5,sin,sin
1546,6,embargo,embargo
1546,8,cómo,cmo
1546,9,fue,fue
1546,10,su,su
1546,11,paso,paso
1546,12,sobre,sobre
1546,13,el,el
1546,14,mar,mar
1546,16,como,como
1546,17,si,si
1546,18,no,no
1546,19,hubiera,hubiera
1546,20,mar,mar
1546,21,pasaron,pasaron
1546,22,hacía,haca
1546,23,este,este
1546,24,lado,lado
1546,26,sobre,sobre
1546,27,piedras,piedras
1546,28,pasaron,pasaron
1546,30,sobre,sobre
1546,31,piedras,piedras
1546,32,en,en
1546,33,hilera,hilera
1546,34,sobre,sobre
1546,35,la,la
1546,36,arena,arena
1547,0,Por,por
1547,1,esta,esta
1547,2,razón,razn
1547,3,fueron,fueron
1547,4,llamadas,llamadas
1547,5,Piedras,piedras
1547,6,en,en
1547,7,hilera,hilera
1547,9,Arenas,arenas
1547,10,arrancadas,arrancadas
1547,12,nombres,nombres
1547,13,que,que
1547,14,ellos,ellos
1547,15,les,les
1547,16,dieron,dieron
1547,17,cuando,cuando
1547,18,pasaron,pasaron
1547,19,entre,entre
1547,20,el,el
1547,21,mar,mar
1547,23,habiéndose,habindose
1547,24,dividido,dividido
1547,25,las,las
1547,26,aguas,aguas
1547,27,cuando,cuando
1547,28,pasaron,pasaron
1548,0,Y,y
1548,1,sus,sus
1548,2,corazones,corazones
1548,3,estaban,estaban
1548,4,afligidos,afligidos
1548,5,cuando,cuando
1548,6,conferenciaban,conferenciaban
1548,7,entre,entre
1548,8,sí,s
1548,10,porque,porque
1548,11,no,no
1548,12,tenían,tenan
1548,13,qué,qu
1548,14,comer,comer
1548,16,sólo,slo
1548,17,un,un
1548,18,trago,trago
1548,19,de,de
1548,20,agua,agua
1548,21,que,que
1548,22,bebían,beban
1548,23,y,y
1548,24,un,un
1548,25,puñado,puado
1548,26,de,de
1548,27,maíz,maz
1549,0,Allí,all
1549,1,estaban,estaban
1549,3,pues,pues
1549,5,congregados,congregados
1549,6,en,en
1549,7,la,la
1549,8,montaña,montaa
1549,9,llamada,llamada
1549,10,Chi-Pixab,chipixab
1550,0,Y,y
1550,1,habían,haban
1550,2,llevado,llevado
1550,3,también,tambin
1550,4,a,a
1550,5,Tohil,tohil
1550,7,Avilix,avilix
1550,8,y,y
1550,9,Hacavitz,hacavitz
1551,0,Un,un
1551,1,ayuno,ayuno
1551,2,completo,completo
1551,3,observaba,observaba
1551,4,Balam-Quitzé,balamquitz
1551,5,con,con
1551,6,su,su
1551,7,mujer,mujer
1551,8,Cahá-Paluma,cahpaluma
1551,10,que,que
1551,11,éste,ste
1551,12,era,era
1551,13,el,el
1551,14,nombre,nombre
1551,15,de,de
1551,16,su,su
1551,17,mujer,mujer
1552,0,Así,as
1552,1,lo,lo
1552,2,hacían,hacan
1552,3,también,tambin
1552,4,Balam-Acab,balamacab
1552,5,y,y
1552,6,su,su
1552,7,mujer,mujer
1552,9,la,la
1552,10,llamada,llamada
1552,11,Chomihá,chomih
1552,13,y,y
1552,14,también,tambin
1552,15,Mahucutah,mahucutah
1552,16,observaba,observaba
1552,17,un,un
1552,18,ayuno,ayuno
1552,19,absoluto,absoluto
1552,20,con,con
1552,21,su,su
1552,22,mujer,mujer
1552,24,la,la
1552,25,llamada,llamada
1552,26,Tzununihá,tzununih
1552,28,e,e
1552,29,Iqui-Balam,iquibalam
1552,30,con,con
1552,31,su,su
1552,32,mujer,mujer
1552,34,la,la
1552,35,llamada,llamada
1552,36,Caquixahá,caquixah
1553,0,Y,y
1553,1,ellos,ellos
1553,2,eran,eran
1553,3,los,los
1553,4,que,que
1553,5,ayunaban,ayunaban
1553,6,en,en
1553,7,la,la
1553,8,oscuridad,oscuridad
1553,9,y,y
1553,10,en,en
1553,11,la,la
1553,12,noche,noche
1554,0,Grande,grande
1554,1,era,era
1554,2,su,su
1554,3,tristeza,tristeza
1554,4,cuando,cuando
1554,5,estaban,estaban
1554,6,en,en
1554,7,el,el
1554,8,monte,monte
1554,9,que,que
1554,10,ahora,ahora
1554,11,se,se
1554,12,llama,llama
1554,13,Chi-Pixab,chipixab
1555,0,Y,y
1555,1,nuevamente,nuevamente
1555,2,les,les
1555,3,habló,habl
1555,4,su,su
1555,5,dios,dios
1556,0,Así,as
1556,1,les,les
1556,2,hablaron,hablaron
1556,3,entonces,entonces
1556,4,Tohil,tohil
1556,6,Avilix,avilix
1556,7,y,y
1556,8,Hacavitz,hacavitz
1556,9,a,a
1556,10,Balam-Quitzé,balamquitz
1556,12,Balam-Acab,balamacab
1556,14,Mahucutahelqui-Balam,mahucutahelquibalam
1556,18,Vamonos,vamonos
1556,19,ya,ya
1556,21,levantémonos,levantmonos
1556,22,ya,ya
1556,24,no,no
1556,25,permanezcamos,permanezcamos
1556,26,aquí,aqu
1556,28,llevadnos,llevadnos
1556,29,a,a
1556,30,un,un
1556,31,lugar,lugar
1556,32,escondido,escondido
1557,0,Ya,ya
1557,1,se,se
1557,2,acerca,acerca
1557,3,el,el
1557,4,amanecer,amanecer
1558,1,No,no
1558,2,sería,sera
1558,3,una,una
1558,4,desgracia,desgracia
1558,5,para,para
1558,6,vosotros,vosotros
1558,7,que,que
1558,8,fuéramos,furamos
1558,9,aprisionados,aprisionados
1558,10,por,por
1558,11,los,los
1558,12,enemigos,enemigos
1558,13,en,en
1558,14,estos,estos
1558,15,muros,muros
1558,16,donde,donde
1558,17,nos,nos
1558,18,tenéis,tenis
1558,19,vosotros,vosotros
1558,20,los,los
1558,21,sacerdotes,sacerdotes
1558,22,y,y
1558,23,sacrificadores,sacrificadores
1559,0,Ponednos,ponednos
1559,2,pues,pues
1559,4,a,a
1559,5,cada,cada
1559,6,uno,uno
1559,7,en,en
1559,8,lugar,lugar
1559,9,seguro,seguro
1559,11,dijeron,dijeron
1559,12,cuando,cuando
1559,13,hablaron,hablaron
1560,1,Muy,muy
1560,3,bien,bien
1561,0,Nos,nos
1561,1,marcharemos,marcharemos
1561,3,iremos,iremos
1561,4,en,en
1561,5,busca,busca
1561,6,de,de
1561,7,los,los
1561,8,bosques,bosques
1561,10,contestaron,contestaron
1561,11,todos,todos
1562,0,A,a
1562,1,continuación,continuacin
1562,2,cada,cada
1562,3,uno,uno
1562,4,tomó,tom
1562,5,y,y
1562,6,se,se
1562,7,echó,ech
1562,8,a,a
1562,9,cuestas,cuestas
1562,10,a,a
1562,11,su,su
1562,12,dios,dios
1563,0,Así,as
1563,1,llevaron,llevaron
1563,2,a,a
1563,3,Avilix,avilix
1563,4,al,al
1563,5,barranco,barranco
1563,6,llamado,llamado
1563,7,Euabal-Ziván,euabalzivn
1563,9,así,as
1563,10,nombrado,nombrado
1563,11,por,por
1563,12,ellos,ellos
1563,13,al,al
1563,14,gran,gran
1563,15,barranco,barranco
1563,16,del,del
1563,17,bosque,bosque
1563,18,que,que
1563,19,ahora,ahora
1563,20,llamamos,llamamos
1563,21,Pavüix,pavix
1563,23,y,y
1563,24,allí,all
1563,25,lo,lo
1563,26,dejaron,dejaron
1564,0,En,en
1564,1,este,este
1564,2,barranco,barranco
1564,3,fue,fue
1564,4,dejado,dejado
1564,5,por,por
1564,6,Balam-Acab,balamacab
1565,0,En,en
1565,1,orden,orden
1565,2,fueron,fueron
1565,3,dejándolos,dejndolos
1566,0,El,el
1566,1,primero,primero
1566,2,que,que
1566,3,dejaron,dejaron
1566,4,así,as
1566,5,fue,fue
1566,6,Hacavitz,hacavitz
1566,8,sobre,sobre
1566,9,una,una
1566,10,gran,gran
1566,11,pirámide,pirmide
1566,12,colorada,colorada
1566,14,en,en
1566,15,monte,monte
1566,16,que,que
1566,17,se,se
1566,18,llama,llama
1566,19,ahora,ahora
1566,20,Hacavitz,hacavitz
1567,0,Allí,all
1567,1,fue,fue
1567,2,fundado,fundado
1567,3,su,su
1567,4,pueblo,pueblo
1567,6,en,en
1567,7,el,el
1567,8,lugar,lugar
1567,9,donde,donde
1567,10,el,el
1567,11,estuvo,estuvo
1567,12,el,el
1567,13,dios,dios
1567,14,llamado,llamado
1567,15,Hacavitz,hacavitz
1568,0,Asimismo,asimismo
1568,1,se,se
1568,2,quedó,qued
1568,3,Mahucutah,mahucutah
1568,4,con,con
1568,5,su,su
1568,6,dios,dios
1568,8,que,que
1568,9,fue,fue
1568,10,el,el
1568,11,segundo,segundo
1568,12,dios,dios
1568,13,escondido,escondido
1568,14,por,por
1568,15,ellos,ellos
1569,0,No,no
1569,1,estuvo,estuvo
1569,2,Hacavitz,hacavitz
1569,3,en,en
1569,4,el,el
1569,5,bosque,bosque
1569,7,sino,sino
1569,8,que,que
1569,9,en,en
1569,10,un,un
1569,11,cerro,cerro
1569,12,desmontado,desmontado
1569,13,fue,fue
1569,14,escondido,escondido
1569,15,Hacavitz,hacavitz
1570,0,Luego,luego
1570,1,vino,vino
1570,2,Balam-Quitzé,balamquitz
1570,4,llegó,lleg
1570,5,allí,all
1570,6,al,al
1570,7,gran,gran
1570,8,bosque,bosque
1570,10,para,para
1570,11,esconder,esconder
1570,12,a,a
1570,13,Tohil,tohil
1570,14,llegó,lleg
1570,15,Balam-Quitzé,balamquitz
1570,17,al,al
1570,18,cerro,cerro
1570,19,que,que
1570,20,hoy,hoy
1570,21,se,se
1570,22,llama,llama
1570,23,Patohil,patohil
1571,0,Entonces,entonces
1571,1,celebraron,celebraron
1571,2,la,la
1571,3,ocultación,ocultacin
1571,4,de,de
1571,5,Tohil,tohil
1571,6,en,en
1571,7,la,la
1571,8,barranca,barranca
1571,10,en,en
1571,11,su,su
1571,12,refugio,refugio
1572,0,Gran,gran
1572,1,cantidad,cantidad
1572,2,de,de
1572,3,culebras,culebras
1572,5,de,de
1572,6,tigres,tigres
1572,8,víboras,vboras
1572,9,y,y
1572,10,cantiles,cantiles
1572,11,había,haba
1572,12,en,en
1572,13,el,el
1572,14,bosque,bosque
1572,15,en,en
1572,16,donde,donde
1572,17,estuvo,estuvo
1572,18,escondido,escondido
1572,19,por,por
1572,20,los,los
1572,21,sacerdotes,sacerdotes
1572,22,y,y
1572,23,sacrificadores,sacrificadores
1573,0,Juntos,juntos
1573,1,estaban,estaban
1573,2,Balam-Quitzé,balamquitz
1573,4,Balam-Acab,balamacab
1573,6,Mahucutah,mahucutah
1573,7,e,e
1573,8,Iqui-Balam,iquibalam
1573,10,juntos,juntos
1573,11,esperaban,esperaban
1573,12,el,el
1573,13,ama-,ama
1573,14,necer,necer
1573,15,allá,all
1573,16,sobre,sobre
1573,17,el,el
1573,18,cerro,cerro
1573,19,llamado,llamado
1573,20,Hacavitz,hacavitz
1574,0,Y,y
1574,1,a,a
1574,2,poca,poca
1574,3,distancia,distancia
1574,4,estaba,estaba
1574,5,el,el
1574,6,dios,dios
1574,7,de,de
1574,8,los,los
1574,9,Tamub,tamub
1574,10,y,y
1574,11,de,de
1574,12,los,los
1574,13,Ilocab,ilocab
1575,0,Amac-Tan,amactan
1575,1,se,se
1575,2,llamaba,llamaba
1575,3,el,el
1575,4,lugar,lugar
1575,5,donde,donde
1575,6,estaba,estaba
1575,7,el,el
1575,8,dios,dios
1575,9,de,de
1575,10,los,los
1575,11,Tamub,tamub
1575,13,y,y
1575,14,allí,all
1575,15,les,les
1575,16,amaneció,amaneci
1576,0,Amac-Uquincat,amacuquincat
1576,1,se,se
1576,2,llamana,llamana
1576,3,el,el
1576,4,lugar,lugar
1576,5,donde,donde
1576,6,les,les
1576,7,amaneció,amaneci
1576,8,a,a
1576,9,los,los
1576,10,Ilocab,ilocab
1576,12,allí,all
1576,13,estaba,estaba
1576,14,el,el
1576,15,dios,dios
1576,16,de,de
1576,17,los,los
1576,18,Ilocab,ilocab
1576,20,a,a
1576,21,corta,corta
1576,22,distancia,distancia
1576,23,de,de
1576,24,la,la
1576,25,montaña,montaa
1577,0,Allí,all
1577,1,estaban,estaban
1577,2,también,tambin
1577,3,todos,todos
1577,4,los,los
1577,5,de,de
1577,6,Rabinal,rabinal
1577,8,los,los
1577,9,Cakchiqueles,cakchiqueles
1577,11,los,los
1577,12,de,de
1577,13,Tziquinahá,tziquinah
1577,15,todas,todas
1577,16,las,las
1577,17,tribus,tribus
1577,18,pequeñas,pequeas
1577,19,y,y
1577,20,las,las
1577,21,tribus,tribus
1577,22,grandes,grandes
1578,0,Juntos,juntos
1578,1,se,se
1578,2,detuvieron,detuvieron
1578,3,aguardando,aguardando
1578,4,la,la
1578,5,llegada,llegada
1578,6,de,de
1578,7,la,la
1578,8,aurora,aurora
1578,9,y,y
1578,10,la,la
1578,11,salida,salida
1578,12,de,de
1578,13,la,la
1578,14,gran,gran
1578,15,estrella,estrella
1578,16,llamada,llamada
1578,17,Icoquih,icoquih
1578,19,que,que
1578,20,sale,sale
1578,21,primero,primero
1578,22,delante,delante
1578,23,del,del
1578,24,sol,sol
1578,26,cuando,cuando
1578,27,amanece,amanece
1578,29,según,segn
1578,30,cuentan,cuentan
1579,0,Juntos,juntos
1579,1,estaban,estaban
1579,3,pues,pues
1579,5,Balam-Quitzé,balamquitz
1579,7,Balam-Acab,balamacab
1579,9,Mahucutah,mahucutah
1579,10,e,e
1579,11,Iqui-Balam,iquibalam
1580,0,No,no
1580,1,dormían,dorman
1580,3,permanecian,permanecian
1580,4,de,de
1580,5,pie,pie
1580,6,y,y
1580,7,grande,grande
1580,8,era,era
1580,9,la,la
1580,10,anciedad,anciedad
1580,11,de,de
1580,12,sus,sus
1580,13,corazones,corazones
1580,14,y,y
1580,15,su,su
1580,16,vientre,vientre
1580,17,por,por
1580,18,la,la
1580,19,aurora,aurora
1580,20,y,y
1580,21,el,el
1580,22,amanece,amanece
1581,0,Allí,all
1581,1,también,tambin
1581,2,sintieron,sintieron
1581,3,vergüenza,vergenza
1581,5,les,les
1581,6,sobrevino,sobrevino
1581,7,una,una
1581,8,gran,gran
1581,9,aflicción,afliccin
1581,11,una,una
1581,12,gran,gran
1581,13,angustia,angustia
1581,14,y,y
1581,15,estaban,estaban
1581,16,abrumados,abrumados
1581,17,por,por
1581,18,el,el
1581,19,dolor,dolor
1582,0,Hasta,hasta
1582,1,allí,all
1582,2,habían,haban
1582,3,llegado,llegado
1583,1,Ay,ay
1583,3,que,que
1583,4,hemos,hemos
1583,5,venido,venido
1583,6,sin,sin
1583,7,alegría,alegra
1583,10,Si,si
1583,11,al,al
1583,12,menos,menos
1583,13,pudieramos,pudieramos
1583,14,ver,ver
1583,15,el,el
1583,16,nacimiento,nacimiento
1583,17,del,del
1583,18,sol,sol
1583,21,Qué,qu
1583,22,haremos,haremos
1583,23,ahora,ahora
1584,0,Si,si
1584,1,éramos,ramos
1584,2,de,de
1584,3,un,un
1584,4,mismo,mismo
1584,5,sentir,sentir
1584,6,en,en
1584,7,nuestra,nuestra
1584,8,patria,patria
1584,11,cómo,cmo
1584,12,nos,nos
1584,13,hemos,hemos
1584,14,ausentado,ausentado
1584,17,decían,decan
1584,18,hablando,hablando
1584,19,entre,entre
1584,20,ellos,ellos
1584,22,en,en
1584,23,medio,medio
1584,24,de,de
1584,25,la,la
1584,26,tristeza,tristeza
1584,27,y,y
1584,28,la,la
1584,29,aflicción,afliccin
1584,30,y,y
1584,31,con,con
1584,32,la,la
1584,33,lastimera,lastimera
1584,34,voz,voz
1585,0,Hablaban,hablaban
1585,2,pero,pero
1585,3,no,no
1585,4,se,se
1585,5,calmaba,calmaba
1585,6,la,la
1585,7,ansiedad,ansiedad
1585,8,de,de
1585,9,sus,sus
1585,10,corazones,corazones
1585,11,por,por
1585,12,ver,ver
1585,13,la,la
1585,14,llegada,llegada
1585,15,de,de
1585,16,la,la
1585,17,aurora,aurora
1585,19,Los,los
1585,20,dioses,dioses
1585,21,están,estn
1585,22,sentados,sentados
1585,23,en,en
1585,24,las,las
1585,25,barrancas,barrancas
1585,27,en,en
1585,28,los,los
1585,29,bosques,bosques
1585,31,están,estn
1585,32,entre,entre
1585,33,los,los
1585,34,parásitos,parsitos
1585,36,entre,entre
1585,37,el,el
1585,38,musgo,musgo
1585,40,ni,ni
1585,41,siquiera,siquiera
1585,42,un,un
1585,43,asiento,asiento
1585,44,de,de
1585,45,tablas,tablas
1585,46,se,se
1585,47,les,les
1585,48,dio,dio
1585,50,decían,decan
1586,0,Primeramente,primeramente
1586,1,estaban,estaban
1586,2,Tohil,tohil
1586,4,Avilix,avilix
1586,5,y,y
1586,6,Hacavitz,hacavitz
1587,0,Grande,grande
1587,1,era,era
1587,2,su,su
1587,3,gloria,gloria
1587,5,su,su
1587,6,fuerza,fuerza
1587,7,y,y
1587,8,su,su
1587,9,poder,poder
1587,10,sobre,sobre
1587,11,los,los
1587,12,dioses,dioses
1587,13,de,de
1587,14,todas,todas
1587,15,las,las
1587,16,tribus,tribus
1588,0,Muchos,muchos
1588,1,eran,eran
1588,2,sus,sus
1588,3,prodigios,prodigios
1588,4,e,e
1588,5,innumerables,innumerables
1588,6,sus,sus
1588,7,viajes,viajes
1588,8,y,y
1588,9,peregrinaciones,peregrinaciones
1588,10,en,en
1588,11,medio,medio
1588,12,del,del
1588,13,fríoy,froy
1588,14,el,el
1588,15,corazón,corazn
1588,16,de,de
1588,17,las,las
1588,18,tribus,tribus
1588,19,estaba,estaba
1588,20,lleno,lleno
1588,21,de,de
1588,22,temor,temor
1589,0,Tranquilos,tranquilos
1589,1,estaban,estaban
1589,2,respecto,respecto
1589,3,a,a
1589,4,ellos,ellos
1589,5,los,los
1589,6,corazones,corazones
1589,7,de,de
1589,8,Balam-Quitzé,balamquitz
1589,10,Balam-Acab,balamacab
1589,12,Mahucutah,mahucutah
1589,13,e,e
1589,14,Iqui-Balam,iquibalam
1590,0,No,no
1590,1,sentían,sentan
1590,2,ansiedad,ansiedad
1590,3,en,en
1590,4,su,su
1590,5,pecho,pecho
1590,6,por,por
1590,7,los,los
1590,8,dioses,dioses
1590,9,que,que
1590,10,habían,haban
1590,11,recibido,recibido
1590,12,y,y
1590,13,traído,trado
1590,14,a,a
1590,15,cuestas,cuestas
1590,16,cuando,cuando
1590,17,vinieron,vinieron
1590,18,de,de
1590,19,allá,all
1590,20,de,de
1590,21,Tulán-Zuiva,tulnzuiva
1590,23,de,de
1590,24,allá,all
1590,25,en,en
1590,26,el,el
1590,27,Oriente,oriente
1591,0,Estaban,estaban
1591,2,pues,pues
1591,4,allí,all
1591,5,en,en
1591,6,el,el
1591,7,bosque,bosque
1591,8,que,que
1591,9,ahora,ahora
1591,10,se,se
1591,11,llama,llama
1591,12,Zaquiribal,zaquiribal
1591,13,Pa-Tofri,patofri
1591,16,P'Avilix,p'avilix
1591,18,Pa-,pa
1591,19,Hacavitz,hacavitz
1592,0,Y,y
1592,1,entonces,entonces
1592,2,les,les
1592,3,amaneció,amaneci
1592,4,y,y
1592,5,les,les
1592,6,brilló,brill
1592,7,su,su
1592,8,aurora,aurora
1592,9,a,a
1592,10,nuestros,nuestros
1592,11,abuelos,abuelos
1592,12,y,y
1592,13,nuestros,nuestros
1592,14,padres,padres
1593,0,Ahora,ahora
1593,1,contaremos,contaremos
1593,2,la,la
1593,3,llegada,llegada
1593,4,de,de
1593,5,la,la
1593,6,aurora,aurora
1593,7,y,y
1593,8,la,la
1593,9,aparición,aparicin
1593,10,del,del
1593,11,sol,sol
1593,13,la,la
1593,14,luna,luna
1593,15,y,y
1593,16,las,las
1593,17,estrellas,estrellas
1594,0,He,he
1594,1,aquí,aqu
1594,3,pues,pues
1594,5,la,la
1594,6,aurora,aurora
1594,8,y,y
1594,9,la,la
1594,10,aparición,aparicin
1594,11,del,del
1594,12,sol,sol
1594,14,la,la
1594,15,luna,luna
1594,16,y,y
1594,17,las,las
1594,18,estrellas,estrellas
1595,0,Grandemente,grandemente
1595,1,se,se
1595,2,alegraron,alegraron
1595,3,Balam-Quitzé,balamquitz
1595,5,Balam-Acab,balamacab
1595,7,Mahucutah,mahucutah
1595,8,e,e
1595,9,Iqui-Balam,iquibalam
1595,10,cuando,cuando
1595,11,vieron,vieron
1595,12,a,a
1595,13,la,la
1595,14,Estrella,estrella
1595,15,de,de
1595,16,la,la
1595,17,mañana,maana
1596,0,Salió,sali
1596,1,primero,primero
1596,2,con,con
1596,3,la,la
1596,4,faz,faz
1596,5,resplandeciente,resplandeciente
1596,7,cuando,cuando
1596,8,salió,sali
1596,9,primero,primero
1596,10,delante,delante
1596,11,del,del
1596,12,sol,sol
1597,0,En,en
1597,1,seguida,seguida
1597,2,desenvolvieron,desenvolvieron
1597,3,el,el
1597,4,incienso,incienso
1597,5,que,que
1597,6,habían,haban
1597,7,traído,trado
1597,8,desde,desde
1597,9,el,el
1597,10,Oriente,oriente
1597,11,y,y
1597,12,que,que
1597,13,pensaban,pensaban
1597,14,quemar,quemar
1597,16,y,y
1597,17,entonces,entonces
1597,18,desatáronlos,desatronlos
1597,19,tres,tres
1597,20,presentes,presentes
1597,21,que,que
1597,22,pensaban,pensaban
1597,23,ofrecer,ofrecer
1598,0,El,el
1598,1,incienso,incienso
1598,2,que,que
1598,3,traía,traa
1598,4,Balam-Quitzé,balamquitz
1598,5,se,se
1598,6,llamaba,llamaba
1598,7,Mixtán-Pom,mixtnpom
1598,9,el,el
1598,10,incienso,incienso
1598,11,que,que
1598,12,traía,traa
1598,13,Balam-Acab,balamacab
1598,14,se,se
1598,15,llamaba,llamaba
1598,16,Cavíztán-Pom,cavztnpom
1598,18,y,y
1598,19,el,el
1598,20,que,que
1598,21,traía,traa
1598,22,Mahucutah,mahucutah
1598,23,se,se
1598,24,llamaba,llamaba
1598,25,Cahauü'Pom,cahau'pom
1599,0,Los,los
1599,1,tres,tres
1599,2,tenían,tenan
1599,3,su,su
1599,4,incienso,incienso
1600,0,Lo,lo
1600,1,quemaron,quemaron
1600,2,y,y
1600,3,en,en
1600,4,seguida,seguida
1600,5,se,se
1600,6,pusieron,pusieron
1600,7,a,a
1600,8,bailar,bailar
1600,9,en,en
1600,10,dirección,direccin
1600,11,al,al
1600,12,Oriente,oriente
1601,0,Lloraban,lloraban
1601,1,de,de
1601,2,alegría,alegra
1601,3,cuando,cuando
1601,4,estaban,estaban
1601,5,bailando,bailando
1601,6,y,y
1601,7,quemaban,quemaban
1601,8,su,su
1601,9,incienso,incienso
1601,11,su,su
1601,12,precioso,precioso
1601,13,incienso,incienso
1602,0,Luego,luego
1602,1,lloraron,lloraron
1602,2,porque,porque
1602,3,no,no
1602,4,veían,vean
1602,5,ni,ni
1602,6,contemplaban,contemplaban
1602,7,todavía,todava
1602,8,el,el
1602,9,nacimiento,nacimiento
1602,10,del,del
1602,11,sol,sol
1603,0,En,en
1603,1,seguida,seguida
1603,3,salió,sali
1603,4,el,el
1603,5,sol,sol
1604,0,Alegráronse,alegrronse
1604,1,los,los
1604,2,animales,animales
1604,3,chicos,chicos
1604,4,y,y
1604,5,grandes,grandes
1604,6,y,y
1604,7,se,se
1604,8,levantaron,levantaron
1604,9,en,en
1604,10,las,las
1604,11,vegas,vegas
1604,12,de,de
1604,13,los,los
1604,14,ríos,ros
1604,16,en,en
1604,17,las,las
1604,18,barrancas,barrancas
1604,20,y,y
1604,21,en,en
1604,22,la,la
1604,23,cima,cima
1604,24,de,de
1604,25,las,las
1604,26,montañas,montaas
1604,28,todos,todos
1604,29,dirigieron,dirigieron
1604,30,la,la
1604,31,vista,vista
1604,32,allá,all
1604,33,donde,donde
1604,34,sale,sale
1604,35,el,el
1604,36,sol,sol
1605,0,Luego,luego
1605,1,rugieron,rugieron
1605,2,el,el
1605,3,león,len
1605,4,y,y
1605,5,el,el
1605,6,tigre,tigre
1606,0,Pero,pero
1606,1,primero,primero
1606,2,cantó,cant
1606,3,el,el
1606,4,pájaro,pjaro
1606,5,que,que
1606,6,se,se
1606,7,llama,llama
1606,8,Quektzú,quektz
1607,0,Verdaderamente,verdaderamente
1607,1,se,se
1607,2,alegraron,alegraron
1607,3,todos,todos
1607,4,los,los
1607,5,animales,animales
1607,6,y,y
1607,7,extendieron,extendieron
1607,8,sus,sus
1607,9,alas,alas
1607,10,el,el
1607,11,águila,guila
1607,13,el,el
1607,14,rey,rey
1607,15,zope,zope
1607,17,las,las
1607,18,aves,aves
1607,19,pequeñas,pequeas
1607,20,y,y
1607,21,las,las
1607,22,aves,aves
1607,23,grandes,grandes
1608,0,Los,los
1608,1,sacerdotes,sacerdotes
1608,2,y,y
1608,3,sacrificadores,sacrificadores
1608,4,estaban,estaban
1608,5,arrodillados,arrodillados
1608,7,grande,grande
1608,8,era,era
1608,9,la,la
1608,10,alegría,alegra
1608,11,de,de
1608,12,los,los
1608,13,sacerdotes,sacerdotes
1608,14,y,y
1608,15,sacrificadores,sacrificadores
1608,16,y,y
1608,17,de,de
1608,18,los,los
1608,19,de,de
1608,20,Tamub,tamub
1608,21,e,e
1608,22,llocab,llocab
1608,23,y,y
1608,24,de,de
1608,25,los,los
1608,26,rabinaleros,rabinaleros
1608,28,los,los
1608,29,cakchiqueles,cakchiqueles
1608,31,los,los
1608,32,de,de
1608,33,Tziquinahá,tziquinah
1608,34,y,y
1608,35,los,los
1608,36,de,de
1608,37,Tuhalhá,tuhalh
1608,39,Ucliabahá,ucliabah
1608,41,Quibahá,quibah
1608,43,los,los
1608,44,de,de
1608,45,Batená,baten
1608,46,y,y
1608,47,los,los
1608,48,Yaqui,yaqui
1608,49,Tepeu,tepeu
1608,51,tribus,tribus
1608,52,todas,todas
1608,53,que,que
1608,54,existen,existen
1608,55,hoy,hoy
1608,56,día,da
1609,0,Y,y
1609,1,no,no
1609,2,era,era
1609,3,posible,posible
1609,4,contar,contar
1609,5,la,la
1609,6,gente,gente
1610,0,Aun,aun
1610,1,mismo,mismo
1610,2,tiempo,tiempo
1610,3,alumbró,alumbr
1610,4,la,la
1610,5,aurora,aurora
1610,6,a,a
1610,7,todas,todas
1610,8,las,las
1610,9,tribus,tribus
1611,0,En,en
1611,1,seguida,seguida
1611,2,se,se
1611,3,secó,sec
1611,4,la,la
1611,5,superficie,superficie
1611,6,de,de
1611,7,la,la
1611,8,tierra,tierra
1611,9,a,a
1611,10,causa,causa
1611,11,del,del
1611,12,sol,sol
1612,0,Semejante,semejante
1612,1,a,a
1612,2,un,un
1612,3,hombre,hombre
1612,4,era,era
1612,5,el,el
1612,6,sol,sol
1612,7,cuando,cuando
1612,8,se,se
1612,9,manifestó,manifest
1612,11,y,y
1612,12,su,su
1612,13,faz,faz
1612,14,ardía,arda
1612,15,cuando,cuando
1612,16,secó,sec
1612,17,la,la
1612,18,superficie,superficie
1612,19,de,de
1612,20,la,la
1612,21,tierra,tierra
1613,0,Antes,antes
1613,1,que,que
1613,2,saliera,saliera
1613,3,el,el
1613,4,sol,sol
1613,5,estaba,estaba
1613,6,húmeda,hmeda
1613,7,y,y
1613,8,fangosa,fangosa
1613,9,la,la
1613,10,superficie,superficie
1613,11,de,de
1613,12,la,la
1613,13,cierra,cierra
1613,15,antes,antes
1613,16,que,que
1613,17,saliera,saliera
1613,18,el,el
1613,19,sol,sol
1613,21,pero,pero
1613,22,el,el
1613,23,sol,sol
1613,24,se,se
1613,25,levantó,levant
1613,26,y,y
1613,27,subió,subi
1613,28,como,como
1613,29,un,un
1613,30,hombre,hombre
1614,0,Pero,pero
1614,1,no,no
1614,2,se,se
1614,3,soportaba,soportaba
1614,4,su,su
1614,5,calor,calor
1615,0,Sólo,slo
1615,1,se,se
1615,2,manifestó,manifest
1615,3,cuando,cuando
1615,4,nació,naci
1615,5,y,y
1615,6,se,se
1615,7,quedó,qued
1615,8,fijo,fijo
1615,9,como,como
1615,10,un,un
1615,11,espejo,espejo
1616,0,No,no
1616,1,era,era
1616,2,ciertamente,ciertamente
1616,3,el,el
1616,4,mismo,mismo
1616,5,sol,sol
1616,6,que,que
1616,7,nosotros,nosotros
1616,8,vemos,vemos
1616,10,se,se
1616,11,dice,dice
1616,12,en,en
1616,13,sus,sus
1616,14,historias,historias
1617,0,Inmediatamente,inmediatamente
1617,1,después,despus
1617,2,se,se
1617,3,convirtieron,convirtieron
1617,4,en,en
1617,5,piedra,piedra
1617,6,Tohil,tohil
1617,8,Avilix,avilix
1617,9,y,y
1617,10,Hacavitz,hacavitz
1617,12,junto,junto
1617,13,con,con
1617,14,los,los
1617,15,seres,seres
1617,16,deifica-,deifica
1617,17,dos,dos
1617,19,el,el
1617,20,león,len
1617,22,el,el
1617,23,tigre,tigre
1617,25,la,la
1617,26,culebra,culebra
1617,28,el,el
1617,29,cantily,cantily
1617,30,el,el
1617,31,duende,duende
1618,0,Sus,sus
1618,1,brazos,brazos
1618,2,se,se
1618,3,prendieron,prendieron
1618,4,de,de
1618,5,los,los
1618,6,árboles,rboles
1618,7,cuando,cuando
1618,8,aparecieron,aparecieron
1618,9,el,el
1618,10,sol,sol
1618,12,la,la
1618,13,luna,luna
1618,14,y,y
1618,15,las,las
1618,16,estrellas,estrellas
1619,0,Todos,todos
1619,1,se,se
1619,2,convirtieron,convirtieron
1619,3,igualmente,igualmente
1619,4,en,en
1619,5,piedras,piedras
1620,0,Tal,tal
1620,1,vez,vez
1620,2,no,no
1620,3,estaríamos,estaramos
1620,4,vivos,vivos
1620,5,nosotros,nosotros
1620,6,hoy,hoy
1620,7,día,da
1620,8,a,a
1620,9,causa,causa
1620,10,de,de
1620,11,los,los
1620,12,animales,animales
1620,13,voraces,voraces
1620,15,el,el
1620,16,león,len
1620,18,el,el
1620,19,tigre,tigre
1620,21,la,la
1620,22,culebra,culebra
1620,24,el,el
1620,25,cantil,cantil
1620,26,y,y
1620,27,el,el
1620,28,duende,duende
1620,30,quizás,quizs
1620,31,no,no
1620,32,existiría,existira
1620,33,ahora,ahora
1620,34,nuestra,nuestra
1620,35,gloria,gloria
1620,36,si,si
1620,37,los,los
1620,38,primeros,primeros
1620,39,animales,animales
1620,40,no,no
1620,41,se,se
1620,42,hubieran,hubieran
1620,43,vuelto,vuelto
1620,44,piedra,piedra
1620,45,por,por
1620,46,obra,obra
1620,47,del,del
1620,48,sol,sol
1621,0,Cuando,cuando
1621,1,éste,ste
1621,2,salió,sali
1621,3,se,se
1621,4,llenaron,llenaron
1621,5,de,de
1621,6,alegría,alegra
1621,7,los,los
1621,8,corazones,corazones
1621,9,de,de
1621,10,Balam-Quitzé,balamquitz
1621,12,Balam-Acab,balamacab
1621,14,Mahucutah,mahucutah
1621,15,e,e
1621,16,Iqui-Balam,iquibalam
1622,0,Grandemente,grandemente
1622,1,se,se
1622,2,alegraron,alegraron
1622,3,cuando,cuando
1622,4,amaneció,amaneci
1622,6,Y,y
1622,7,no,no
1622,8,eran,eran
1622,9,muchos,muchos
1622,10,los,los
1622,11,hombres,hombres
1622,12,que,que
1622,13,allí,all
1622,14,estaban,estaban
1622,16,sólo,slo
1622,17,eran,eran
1622,18,unos,unos
1622,19,pocos,pocos
1622,20,los,los
1622,21,que,que
1622,22,estaban,estaban
1622,23,sobre,sobre
1622,24,el,el
1622,25,monte,monte
1622,26,Hacavitz,hacavitz
1623,0,Allí,all
1623,1,les,les
1623,2,amaneció,amaneci
1623,4,allí,all
1623,5,quemaron,quemaron
1623,6,el,el
1623,7,incienso,incienso
1623,8,y,y
1623,9,bailaron,bailaron
1623,11,dirigiendo,dirigiendo
1623,12,la,la
1623,13,mirada,mirada
1623,14,hacia,hacia
1623,15,el,el
1623,16,Oriente,oriente
1623,18,de,de
1623,19,donde,donde
1623,20,habían,haban
1623,21,venido,venido
1624,0,Allá,all
1624,1,estaban,estaban
1624,2,sus,sus
1624,3,montañas,montaas
1624,4,y,y
1624,5,sus,sus
1624,6,valles,valles
1624,8,allá,all
1624,9,de,de
1624,10,donde,donde
1624,11,vinieron,vinieron
1624,12,Balam-Quitzé,balamquitz
1624,14,Balam-Acab,balamacab
1624,16,Mahucutah,mahucutah
1624,17,e,e
1624,18,Iqui-Balam,iquibalam
1624,20,así,as
1624,21,llamados,llamados
1625,0,Pero,pero
1625,1,fue,fue
1625,2,aquí,aqu
1625,3,donde,donde
1625,4,se,se
1625,5,multiplicaron,multiplicaron
1625,7,en,en
1625,8,la,la
1625,9,montaña,montaa
1625,11,y,y
1625,12,ésta,sta
1625,13,fue,fue
1625,14,su,su
1625,15,ciudad,ciudad
1625,17,aquí,aqu
1625,18,estaban,estaban
1625,20,además,adems
1625,22,cuando,cuando
1625,23,aparecieron,aparecieron
1625,24,el,el
1625,25,sol,sol
1625,27,la,la
1625,28,luna,luna
1625,29,y,y
1625,30,las,las
1625,31,estrellas,estrellas
1625,33,cuando,cuando
1625,34,amaneció,amaneci
1625,35,y,y
1625,36,se,se
1625,37,alumbró,alumbr
1625,38,la,la
1625,39,faz,faz
1625,40,de,de
1625,41,la,la
1625,42,tierra,tierra
1625,43,y,y
1625,44,el,el
1625,45,mundo,mundo
1625,46,entero,entero
1626,0,Aquí,aqu
1626,1,también,tambin
1626,2,comenzaron,comenzaron
1626,3,su,su
1626,4,canto,canto
1626,6,que,que
1626,7,se,se
1626,8,llama,llama
1626,9,Camacú,camac
1626,11,lo,lo
1626,12,cantaron,cantaron
1626,14,pero,pero
1626,15,solo,solo
1626,16,el,el
1626,17,dolor,dolor
1626,18,de,de
1626,19,sus,sus
1626,20,corazones,corazones
1626,21,y,y
1626,22,sus,sus
1626,23,entrañas,entraas
1626,24,expresaron,expresaron
1626,25,en,en
1626,26,su,su
1626,27,canto,canto
1627,1,Ay,ay
1627,2,de,de
1627,3,nosotros,nosotros
1628,0,En,en
1628,1,Tulán,tuln
1628,2,nos,nos
1628,3,perdimos,perdimos
1628,5,nos,nos
1628,6,separamos,separamos
1628,8,allá,all
1628,9,quedaron,quedaron
1628,10,nuestroshermanosmayores,nuestroshermanosmayores
1628,11,y,y
1628,12,menores,menores
1629,1,Ay,ay
1629,3,nosotros,nosotros
1629,4,hemos,hemos
1629,5,visto,visto
1629,6,el,el
1629,7,sol,sol
1629,10,perpo,perpo
1629,12,dónde,dnde
1629,13,estaán,estan
1629,14,ellos,ellos
1629,15,ahora,ahora
1629,16,que,que
1629,17,ya,ya
1629,18,ha,ha
1629,19,amanecido,amanecido
1629,22,les,les
1629,23,decían,decan
1629,24,los,los
1629,25,sacerdotes,sacerdotes
1629,26,y,y
1629,27,sacrificadores,sacrificadores
1629,28,de,de
1629,29,los,los
1629,30,yaquis,yaquis
1630,0,Porque,porque
1630,1,en,en
1630,2,verdad,verdad
1630,4,el,el
1630,5,llamado,llamado
1630,6,Tohil,tohil
1630,7,es,es
1630,8,el,el
1630,9,mismo,mismo
1630,10,dios,dios
1630,11,de,de
1630,12,los,los
1630,13,yaquis,yaquis
1630,15,cuyo,cuyo
1630,16,nombre,nombre
1630,17,es,es
1630,18,Yolcuat,yolcuat
1630,19,Quit-zakuat,quitzakuat
1631,0,Nos,nos
1631,1,separamos,separamos
1631,2,allá,all
1631,3,en,en
1631,4,Tulán,tuln
1631,6,en,en
1631,7,Zuiva,zuiva
1631,9,de,de
1631,10,allá,all
1631,11,salimos,salimos
1631,12,juntos,juntos
1631,13,y,y
1631,14,allí,all
1631,15,fue,fue
1631,16,creada,creada
1631,17,nuestra,nuestra
1631,18,raza,raza
1631,19,cuando,cuando
1631,20,vinimos,vinimos
1631,22,decían,decan
1631,23,entre,entre
1631,24,sí,s
1632,0,Entonces,entonces
1632,1,se,se
1632,2,acordaron,acordaron
1632,3,de,de
1632,4,sus,sus
1632,5,hermanos,hermanos
1632,6,mayores,mayores
1632,7,y,y
1632,8,de,de
1632,9,sus,sus
1632,10,hermanos,hermanos
1632,11,menores,menores
1632,13,los,los
1632,14,yaquis,yaquis
1632,16,a,a
1632,17,quienes,quienes
1632,18,les,les
1632,19,amaneció,amaneci
1632,20,allá,all
1632,21,en,en
1632,22,el,el
1632,23,país,pas
1632,24,que,que
1632,25,hoy,hoy
1632,26,se,se
1632,27,llama,llama
1632,28,México,mxico
1633,0,Había,haba
1633,1,también,tambin
1633,2,una,una
1633,3,parte,parte
1633,4,de,de
1633,5,la,la
1633,6,gente,gente
1633,7,que,que
1633,8,se,se
1633,9,quedó,qued
1633,10,allá,all
1633,11,en,en
1633,12,el,el
1633,13,Oriente,oriente
1633,15,los,los
1633,16,llamados,llamados
1633,17,Tepeu,tepeu
1633,18,Olimán,olimn
1633,20,que,que
1633,21,se,se
1633,22,quedaron,quedaron
1633,23,allí,all
1633,25,dijeron,dijeron
1634,0,Gran,gran
1634,1,aflicción,afliccin
1634,2,sentían,sentan
1634,3,en,en
1634,4,sus,sus
1634,5,corazones,corazones
1634,6,allá,all
1634,7,en,en
1634,8,el,el
1634,9,Hacavitz,hacavitz
1634,11,lo,lo
1634,12,mismo,mismo
1634,13,sentían,sentan
1634,14,los,los
1634,15,de,de
1634,16,Tamub,tamub
1634,17,y,y
1634,18,de,de
1634,19,llocab,llocab
1634,21,que,que
1634,22,estaban,estaban
1634,23,igualmente,igualmente
1634,24,allí,all
1634,25,en,en
1634,26,el,el
1634,27,bosque,bosque
1634,28,llamado,llamado
1634,29,Amac-Tan,amactan
1634,31,donde,donde
1634,32,les,les
1634,33,amaneció,amaneci
1634,34,a,a
1634,35,los,los
1634,36,sacerdotes,sacerdotes
1634,37,y,y
1634,38,sacrificadores,sacrificadores
1634,39,de,de
1634,40,Tamub,tamub
1634,41,y,y
1634,42,a,a
1634,43,su,su
1634,44,dios,dios
1634,46,que,que
1634,47,era,era
1634,48,también,tambin
1634,49,Tohil,tohil
1634,51,pues,pues
1634,52,era,era
1634,53,uno,uno
1634,54,mismo,mismo
1634,55,el,el
1634,56,nombre,nombre
1634,57,del,del
1634,58,dios,dios
1634,59,de,de
1634,60,las,las
1634,61,tres,tres
1634,62,ramas,ramas
1634,63,del,del
1634,64,pueblo,pueblo
1634,65,quiché,quich
1635,0,Y,y
1635,1,también,tambin
1635,2,es,es
1635,3,el,el
1635,4,nombre,nombre
1635,5,del,del
1635,6,dios,dios
1635,7,de,de
1635,8,los,los
1635,9,rabinaleros,rabinaleros
1635,11,pues,pues
1635,12,hay,hay
1635,13,poca,poca
1635,14,diferencia,diferencia
1635,15,con,con
1635,16,el,el
1635,17,nombre,nombre
1635,18,de,de
1635,19,Huntoh,huntoh
1635,21,que,que
1635,22,así,as
1635,23,se,se
1635,24,llama,llama
1635,26,el,el
1635,27,dios,dios
1635,28,de,de
1635,29,los,los
1635,30,rabinaleros,rabinaleros
1635,32,por,por
1635,33,eso,eso
1635,34,dicen,dicen
1635,35,que,que
1635,36,quisieron,quisieron
1635,37,igualar,igualar
1635,38,su,su
1635,39,lengua,lengua
1635,40,a,a
1635,41,la,la
1635,42,del,del
1635,43,Quiché,quich
1636,0,Ahora,ahora
1636,1,bien,bien
1636,3,la,la
1636,4,lengua,lengua
1636,5,de,de
1636,6,los,los
1636,7,cakchiqueles,cakchiqueles
1636,8,es,es
1636,9,diferente,diferente
1636,11,porque,porque
1636,12,era,era
1636,13,diferente,diferente
1636,14,el,el
1636,15,nombre,nombre
1636,16,de,de
1636,17,su,su
1636,18,dios,dios
1636,19,cuando,cuando
1636,20,vinieron,vinieron
1636,21,de,de
1636,22,allá,all
1636,23,de,de
1636,24,Tulán-Zuiva,tulnzuiva
1637,0,Tzotzihá,tzotzih
1637,1,Chimalcán,chimalcn
1637,2,era,era
1637,3,el,el
1637,4,nombre,nombre
1637,5,de,de
1637,6,su,su
1637,7,dios,dios
1637,9,y,y
1637,10,hablan,hablan
1637,11,hoy,hoy
1637,12,una,una
1637,13,lengua,lengua
1637,14,diferente,diferente
1637,16,y,y
1637,17,también,tambin
1637,18,de,de
1637,19,su,su
1637,20,dios,dios
1637,21,tomaron,tomaron
1637,22,su,su
1637,23,nombre,nombre
1637,24,las,las
1637,25,familias,familias
1637,26,Ahpozotzil,ahpozotzil
1637,27,y,y
1637,28,Ahpoxá,ahpox
1637,30,así,as
1637,31,llamadas,llamadas
1638,0,También,tambin
1638,1,se,se
1638,2,cambió,cambi
1638,3,la,la
1638,4,lengua,lengua
1638,5,del,del
1638,6,dios,dios
1638,8,cuando,cuando
1638,9,les,les
1638,10,dieron,dieron
1638,11,su,su
1638,12,dios,dios
1638,13,allá,all
1638,14,en,en
1638,15,Tulán,tuln
1638,17,junto,junto
1638,18,a,a
1638,19,la,la
1638,20,piedra,piedra
1638,22,su,su
1638,23,lengua,lengua
1638,24,fue,fue
1638,25,cambiada,cambiada
1638,26,cuando,cuando
1638,27,vinieron,vinieron
1638,28,de,de
1638,29,Tulán,tuln
1638,30,en,en
1638,31,la,la
1638,32,oscuridad,oscuridad
1639,0,Y,y
1639,1,estando,estando
1639,2,juntas,juntas
1639,3,les,les
1639,4,amaneció,amaneci
1639,5,y,y
1639,6,les,les
1639,7,brilló,brill
1639,8,su,su
1639,9,aurora,aurora
1639,10,a,a
1639,11,todas,todas
1639,12,las,las
1639,13,tribus,tribus
1639,15,estando,estando
1639,16,reunidos,reunidos
1639,17,los,los
1639,18,nombres,nombres
1639,19,de,de
1639,20,los,los
1639,21,dioses,dioses
1639,22,de,de
1639,23,cada,cada
1639,24,una,una
1639,25,de,de
1639,26,las,las
1639,27,tribus,tribus
1640,0,Y,y
1640,1,ahora,ahora
1640,2,referiremos,referiremos
1640,3,su,su
1640,4,estancia,estancia
1640,5,y,y
1640,6,su,su
1640,7,permanencia,permanencia
1640,8,allá,all
1640,9,en,en
1640,10,la,la
1640,11,montaña,montaa
1640,13,donde,donde
1640,14,se,se
1640,15,hallaban,hallaban
1640,16,juntos,juntos
1640,17,los,los
1640,18,cuatro,cuatro
1640,19,llamados,llamados
1640,20,Balam-Quitzé,balamquitz
1640,22,Balam-Acab,balamacab
1640,24,Mahucutah,mahucutah
1640,25,e,e
1640,26,Iqui-Balam,iquibalam
1641,0,Lloraban,lloraban
1641,1,sus,sus
1641,2,corazones,corazones
1641,3,por,por
1641,4,Tohil,tohil
1641,6,Avilix,avilix
1641,7,y,y
1641,8,Hacavitz,hacavitz
1641,9,a,a
1641,10,quienes,quienes
1641,11,habían,haban
1641,12,dejado,dejado
1641,13,entre,entre
1641,14,las,las
1641,15,parásitas,parsitas
1641,16,y,y
1641,17,el,el
1641,18,musgo,musgo
1642,0,He,he
1642,1,aquí,aqu
1642,2,como,como
1642,3,hicieron,hicieron
1642,4,los,los
1642,5,sacrificios,sacrificios
1642,6,al,al
1642,7,pie,pie
1642,8,del,del
1642,9,sitio,sitio
1642,10,donde,donde
1642,11,pusieron,pusieron
1642,12,a,a
1642,13,Tohil,tohil
1642,14,cuando,cuando
1642,15,llegaron,llegaron
1642,16,a,a
1642,17,pre-,pre
1642,18,sencia,sencia
1642,19,deTohily,detohily
1642,20,de,de
1642,21,Avilix,avilix
1642,23,Iban,iban
1642,24,a,a
1642,25,verlos,verlos
1642,26,y,y
1642,27,a,a
1642,28,saludarlos,saludarlos
1642,29,y,y
1642,30,darles,darles
1642,31,gracias,gracias
1642,32,también,tambin
1642,33,por,por
1642,34,la,la
1642,35,llegada,llegada
1642,36,de,de
1642,37,la,la
1642,38,aurora,aurora
1643,0,Ellos,ellos
1643,1,estaban,estaban
1643,2,en,en
1643,3,la,la
1643,4,espesura,espesura
1643,6,entre,entre
1643,7,las,las
1643,8,piedras,piedras
1643,10,allá,all
1643,11,en,en
1643,12,el,el
1643,13,bosque,bosque
1644,0,Y,y
1644,1,sólo,slo
1644,2,por,por
1644,3,arte,arte
1644,4,de,de
1644,5,magia,magia
1644,6,hablaron,hablaron
1644,7,cuando,cuando
1644,8,llegáron,llegron
1644,9,los,los
1644,10,sacerdotes,sacerdotes
1644,11,y,y
1644,12,sacrificadores,sacrificadores
1644,13,ante,ante
1644,14,Tohü,toh
1645,0,No,no
1645,1,traían,traan
1645,2,grandes,grandes
1645,3,presentes,presentes
1645,5,sólo,slo
1645,6,resina,resina
1645,8,restos,restos
1645,9,de,de
1645,10,goma,goma
1645,11,noh,noh
1645,12,y,y
1645,13,pericón,pericn
1645,14,quemaron,quemaron
1645,15,ante,ante
1645,16,su,su
1645,17,dios,dios
1646,0,Y,y
1646,1,entonces,entonces
1646,2,habló,habl
1646,3,Tohil,tohil
1646,5,sólo,slo
1646,6,por,por
1646,7,un,un
1646,8,prodigio,prodigio
1646,9,les,les
1646,10,dio,dio
1646,11,sus,sus
1646,12,consejos,consejos
1646,13,a,a
1646,14,los,los
1646,15,sacerdotes,sacerdotes
1646,16,y,y
1646,17,sacrificadores,sacrificadores
1647,0,Y,y
1647,1,ellos,ellos
1647,3,los,los
1647,4,dioses,dioses
1647,6,hablaron,hablaron
1647,7,entonces,entonces
1647,8,y,y
1647,9,dijeron,dijeron
1647,12,Verdaderamente,verdaderamente
1647,13,aquí,aqu
1647,14,serán,sern
1647,15,nuestras,nuestras
1647,16,montañas,montaas
1647,17,y,y
1647,18,nuestros,nuestros
1647,19,valles,valles
1648,0,Nosotros,nosotros
1648,1,somos,somos
1648,2,vuestros,vuestros
1648,4,grandes,grandes
1648,5,serán,sern
1648,6,nuestra,nuestra
1648,7,gloriay,gloriay
1648,8,nuestra,nuestra
1648,9,descendencia,descendencia
1648,10,por,por
1648,11,obra,obra
1648,12,de,de
1648,13,todos,todos
1648,14,los,los
1648,15,hombres,hombres
1649,0,Vuestras,vuestras
1649,1,son,son
1649,2,todas,todas
1649,3,las,las
1649,4,tribus,tribus
1649,5,y,y
1649,6,nosotros,nosotros
1649,8,vuestros,vuestros
1649,9,compañeros,compaeros
1650,0,Cuidad,cuidad
1650,1,de,de
1650,2,vuestra,vuestra
1650,3,ciudad,ciudad
1650,4,y,y
1650,5,nosotros,nosotros
1650,6,os,os
1650,7,daremos,daremos
1650,8,vuestra,vuestra
1650,9,instrucción,instruccin
1651,1,No,no
1651,2,nos,nos
1651,3,mostréis,mostris
1651,4,ante,ante
1651,5,las,las
1651,6,tribus,tribus
1651,7,cuando,cuando
1651,8,estemos,estemos
1651,9,enojados,enojados
1651,10,por,por
1651,11,las,las
1651,12,palabras,palabras
1651,13,de,de
1651,14,sus,sus
1651,15,bocas,bocas
1651,16,y,y
1651,17,por,por
1651,18,su,su
1651,19,comportamiento,comportamiento
1652,0,Tampoco,tampoco
1652,1,dejéis,dejis
1652,2,que,que
1652,3,caigamos,caigamos
1652,4,en,en
1652,5,el,el
1652,6,lazo,lazo
1653,0,Dadnos,dadnos
1653,1,a,a
1653,2,nosotros,nosotros
1653,3,en,en
1653,4,cambio,cambio
1653,5,los,los
1653,6,hijos,hijos
1653,7,de,de
1653,8,la,la
1653,9,hierba,hierba
1653,10,y,y
1653,11,los,los
1653,12,hijos,hijos
1653,13,del,del
1653,14,campo,campo
1653,15,y,y
1653,16,también,tambin
1653,17,las,las
1653,18,hembras,hembras
1653,19,de,de
1653,20,los,los
1653,21,venados,venados
1653,22,y,y
1653,23,las,las
1653,24,hembras,hembras
1653,25,de,de
1653,26,las,las
1653,27,aves,aves
1654,0,Venid,venid
1654,1,a,a
1654,2,darnos,darnos
1654,3,un,un
1654,4,poco,poco
1654,5,de,de
1654,6,vuestra,vuestra
1654,7,sangre,sangre
1654,9,tened,tened
1654,10,compasión,compasin
1654,11,de,de
1654,12,nosotros,nosotros
1655,0,Quedaos,quedaos
1655,1,con,con
1655,2,el,el
1655,3,pelo,pelo
1655,4,de,de
1655,5,los,los
1655,6,venados,venados
1655,7,y,y
1655,8,guardaos,guardaos
1655,9,de,de
1655,10,aquellos,aquellos
1655,11,cuyas,cuyas
1655,12,miradas,miradas
1655,13,nos,nos
1655,14,han,han
1655,15,engañado,engaado
1656,1,Así,as
1656,3,pues,pues
1656,5,el,el
1656,6,venado,venado
1656,8,la,la
1656,9,piel,piel
1656,11,será,ser
1656,12,nuestro,nuestro
1656,13,símbolo,smbolo
1656,14,que,que
1656,15,manifestaréis,manifestaris
1656,16,ante,ante
1656,17,las,las
1656,18,tribus,tribus
1657,0,Cuando,cuando
1657,1,se,se
1657,2,os,os
1657,3,pregunte,pregunte
1657,5,dónde,dnde
1657,6,está,est
1657,7,Tohil,tohil
1657,10,presentaréis,presentaris
1657,11,el,el
1657,12,venado,venado
1657,13,ante,ante
1657,14,sus,sus
1657,15,ojos,ojos
1658,0,Tampoco,tampoco
1658,1,os,os
1658,2,presentéis,presentis
1658,3,vosotros,vosotros
1658,4,mismos,mismos
1658,6,pues,pues
1658,7,tendréis,tendris
1658,8,otras,otras
1658,9,cosas,cosas
1658,10,que,que
1658,11,hacer,hacer
1659,0,Grande,grande
1659,1,será,ser
1659,2,vuestra,vuestra
1659,3,condición,condicin
1659,5,dominaréis,dominaris
1659,6,a,a
1659,7,todas,todas
1659,8,las,las
1659,9,tribus,tribus
1659,11,traeréis,traeris
1659,12,su,su
1659,13,sangre,sangre
1659,14,y,y
1659,15,su,su
1659,16,sustancia,sustancia
1659,17,ante,ante
1659,18,nosotros,nosotros
1659,20,y,y
1659,21,los,los
1659,22,que,que
1659,23,vengan,vengan
1659,24,a,a
1659,25,abrazarnos,abrazarnos
1659,27,nuestros,nuestros
1659,28,serán,sern
1659,29,también,tambin
1659,32,dijeron,dijeron
1659,33,entonces,entonces
1659,34,Tohil,tohil
1659,36,Avüix,avix
1659,37,y,y
1659,38,Hacavitz,hacavitz
1660,0,Apariencia,apariencia
1660,1,de,de
1660,2,muchachos,muchachos
1660,3,tenían,tenan
1660,5,cuando,cuando
1660,6,los,los
1660,7,vieron,vieron
1660,8,al,al
1660,9,llegar,llegar
1660,10,a,a
1660,11,ofrendarles,ofrendarles
1660,12,los,los
1660,13,presentes,presentes
1661,0,Entonces,entonces
1661,1,comenzó,comenz
1661,2,la,la
1661,3,persecución,persecucin
1661,4,de,de
1661,5,los,los
1661,6,hijos,hijos
1661,7,de,de
1661,8,las,las
1661,9,aves,aves
1661,10,y,y
1661,11,los,los
1661,12,hijos,hijos
1661,13,de,de
1661,14,los,los
1661,15,venados,venados
1661,16,y,y
1661,17,el,el
1661,18,producto,producto
1661,19,de,de
1661,20,la,la
1661,21,caza,caza
1661,22,era,era
1661,23,recibido,recibido
1661,24,por,por
1661,25,los,los
1661,26,sacerdotes,sacerdotes
1661,27,y,y
1661,28,sacrificadores,sacrificadores
1662,0,Y,y
1662,1,en,en
1662,2,cuanto,cuanto
1662,3,encontraban,encontraban
1662,4,a,a
1662,5,las,las
1662,6,aves,aves
1662,7,y,y
1662,8,a,a
1662,9,los,los
1662,10,hijos,hijos
1662,11,de,de
1662,12,los,los
1662,13,venados,venados
1662,15,al,al
1662,16,punto,punto
1662,17,iban,iban
1662,18,a,a
1662,19,depositar,depositar
1662,20,la,la
1662,21,sangre,sangre
1662,22,de,de
1662,23,los,los
1662,24,venados,venados
1662,25,y,y
1662,26,las,las
1662,27,aves,aves
1662,28,en,en
1662,29,la,la
1662,30,boca,boca
1662,31,de,de
1662,32,las,las
1662,33,piedras,piedras
1662,34,de,de
1662,35,Tohil,tohil
1662,36,y,y
1662,37,de,de
1662,38,Avilix,avilix
1663,0,Y,y
1663,1,cuando,cuando
1663,2,la,la
1663,3,sangre,sangre
1663,4,había,haba
1663,5,sido,sido
1663,6,bebida,bebida
1663,7,por,por
1663,8,los,los
1663,9,dioses,dioses
1663,11,al,al
1663,12,punto,punto
1663,13,hablaba,hablaba
1663,14,la,la
1663,15,piedra,piedra
1663,16,cuando,cuando
1663,17,llegaban,llegaban
1663,18,los,los
1663,19,sacerdotes,sacerdotes
1663,20,y,y
1663,21,sacrificadores,sacrificadores
1663,23,cuando,cuando
1663,24,iban,iban
1663,25,a,a
1663,26,llevarles,llevarles
1663,27,sus,sus
1663,28,ofrendas,ofrendas
1664,0,Y,y
1664,1,de,de
1664,2,igual,igual
1664,3,manera,manera
1664,4,lo,lo
1664,5,hacían,hacan
1664,6,delante,delante
1664,7,de,de
1664,8,sus,sus
1664,9,símbolos,smbolos
1664,11,quemando,quemando
1664,12,pericón,pericn
1664,13,y,y
1664,14,holom-ocox,holomocox
1665,0,Los,los
1665,1,símbolos,smbolos
1665,2,de,de
1665,3,cada,cada
1665,4,uno,uno
1665,5,estaban,estaban
1665,6,allá,all
1665,7,donde,donde
1665,8,habían,haban
1665,9,sido,sido
1665,10,colocados,colocados
1665,11,por,por
1665,12,ellos,ellos
1665,14,en,en
1665,15,la,la
1665,16,cumbre,cumbre
1665,17,de,de
1665,18,la,la
1665,19,montaña,montaa
1666,0,Pero,pero
1666,1,ellos,ellos
1666,3,los,los
1666,4,sacerdotes,sacerdotes
1666,6,no,no
1666,7,vivían,vivan
1666,8,en,en
1666,9,sus,sus
1666,10,casas,casas
1666,11,durante,durante
1666,12,el,el
1666,13,día,da
1666,15,sino,sino
1666,16,que,que
1666,17,andaban,andaban
1666,18,por,por
1666,19,los,los
1666,20,montes,montes
1666,22,y,y
1666,23,sólo,slo
1666,24,se,se
1666,25,alimentaban,alimentaban
1666,26,de,de
1666,27,los,los
1666,28,hijos,hijos
1666,29,de,de
1666,30,los,los
1666,31,tábanos,tbanos
1666,32,y,y
1666,33,de,de
1666,34,las,las
1666,35,avispas,avispas
1666,36,y,y
1666,37,de,de
1666,38,las,las
1666,39,abejas,abejas
1666,40,que,que
1666,41,buscaban,buscaban
1666,43,no,no
1666,44,tenían,tenan
1666,45,buena,buena
1666,46,comida,comida
1666,47,ni,ni
1666,48,buena,buena
1666,49,bebida,bebida
1667,0,Y,y
1667,1,tampoco,tampoco
1667,2,eran,eran
1667,3,conocidos,conocidos
1667,4,los,los
1667,5,caminos,caminos
1667,6,de,de
1667,7,sus,sus
1667,8,casas,casas
1667,10,ni,ni
1667,11,se,se
1667,12,sabía,saba
1667,13,dónde,dnde
1667,14,habían,haban
1667,15,quedado,quedado
1667,16,sus,sus
1667,17,mujeres,mujeres
1668,0,Ahora,ahora
1668,1,bien,bien
1668,3,muchos,muchos
1668,4,pueblos,pueblos
1668,5,fueron,fueron
1668,6,fundándose,fundndose
1668,7,uno,uno
1668,8,por,por
1668,9,uno,uno
1668,11,y,y
1668,12,las,las
1668,13,diferentes,diferentes
1668,14,ramas,ramas
1668,15,de,de
1668,16,las,las
1668,17,tribus,tribus
1668,18,se,se
1668,19,iban,iban
1668,20,reuniendo,reuniendo
1668,21,y,y
1668,22,agrupando,agrupando
1668,23,junto,junto
1668,24,a,a
1668,25,los,los
1668,26,caminos,caminos
1668,28,sus,sus
1668,29,caminos,caminos
1668,30,que,que
1668,31,habían,haban
1668,32,abierto,abierto
1669,0,En,en
1669,1,cuanto,cuanto
1669,2,a,a
1669,3,Balam-Quitzé,balamquitz
1669,5,Balam-Acab,balamacab
1669,7,Mahu-cutah,mahucutah
1669,8,e,e
1669,9,Iqui-Balam,iquibalam
1669,10,no,no
1669,11,se,se
1669,12,sabía,saba
1669,13,dónde,dnde
1669,14,estaban,estaban
1670,0,Pero,pero
1670,1,cuando,cuando
1670,2,veían,vean
1670,3,a,a
1670,4,las,las
1670,5,tribus,tribus
1670,6,que,que
1670,7,pasaban,pasaban
1670,8,por,por
1670,9,los,los
1670,10,caminos,caminos
1670,12,al,al
1670,13,instante,instante
1670,14,se,se
1670,15,ponían,ponan
1670,16,a,a
1670,17,gritar,gritar
1670,18,en,en
1670,19,la,la
1670,20,cumbre,cumbre
1670,21,de,de
1670,22,los,los
1670,23,montes,montes
1670,25,lanzando,lanzando
1670,26,el,el
1670,27,aullido,aullido
1670,28,del,del
1670,29,coyote,coyote
1670,30,y,y
1670,31,el,el
1670,32,grito,grito
1670,33,del,del
1670,34,gato,gato
1670,35,de,de
1670,36,monte,monte
1670,38,e,e
1670,39,imitando,imitando
1670,40,el,el
1670,41,rugido,rugido
1670,42,del,del
1670,43,león,len
1670,44,y,y
1670,45,del,del
1670,46,tigre,tigre
1671,0,Y,y
1671,1,viendo,viendo
1671,2,las,las
1671,3,tribus,tribus
1671,4,estas,estas
1671,5,cosas,cosas
1671,6,cuando,cuando
1671,7,caminaban,caminaban
1671,10,Sus,sus
1671,11,gritos,gritos
1671,12,son,son
1671,13,de,de
1671,14,coyote,coyote
1671,16,de,de
1671,17,gato,gato
1671,18,de,de
1671,19,monte,monte
1671,21,de,de
1671,22,león,len
1671,23,y,y
1671,24,de,de
1671,25,tigre,tigre
1671,27,decían,decan
1672,0,Quieren,quieren
1672,1,aparentar,aparentar
1672,2,que,que
1672,3,no,no
1672,4,son,son
1672,5,hombres,hombres
1672,6,ante,ante
1672,7,todas,todas
1672,8,las,las
1672,9,tribus,tribus
1672,11,y,y
1672,12,sólo,slo
1672,13,hacen,hacen
1672,14,esto,esto
1672,15,para,para
1672,16,engañarnos,engaarnos
1672,17,a,a
1672,18,nosotros,nosotros
1672,19,los,los
1672,20,pueblos,pueblos
1673,0,Algo,algo
1673,1,desean,desean
1673,2,sus,sus
1673,3,corazones,corazones
1674,0,Ciertamente,ciertamente
1674,1,no,no
1674,2,se,se
1674,3,espantan,espantan
1674,4,de,de
1674,5,lo,lo
1674,6,que,que
1674,7,hacen,hacen
1675,0,Algo,algo
1675,1,se,se
1675,2,proponen,proponen
1675,3,con,con
1675,4,el,el
1675,5,rugido,rugido
1675,6,del,del
1675,7,león,len
1675,9,con,con
1675,10,el,el
1675,11,rugido,rugido
1675,12,del,del
1675,13,tigre,tigre
1675,14,que,que
1675,15,lanzan,lanzan
1675,16,cuando,cuando
1675,17,ven,ven
1675,18,a,a
1675,19,uno,uno
1675,20,o,o
1675,21,dos,dos
1675,22,hombres,hombres
1675,23,caminando,caminando
1675,25,lo,lo
1675,26,que,que
1675,27,quieren,quieren
1675,28,es,es
1675,29,acabar,acabar
1675,30,con,con
1675,31,nosotros,nosotros
1676,0,Cada,cada
1676,1,día,da
1676,2,llegaban,llegaban
1676,4,los,los
1676,5,sacerdotes,sacerdotes
1676,7,a,a
1676,8,sus,sus
1676,9,casas,casas
1676,10,y,y
1676,11,al,al
1676,12,lado,lado
1676,13,de,de
1676,14,sus,sus
1676,15,mujeres,mujeres
1676,17,llevando,llevando
1676,18,solamente,solamente
1676,19,las,las
1676,20,crías,cras
1676,21,de,de
1676,22,los,los
1676,23,abejorros,abejorros
1676,24,y,y
1676,25,de,de
1676,26,las,las
1676,27,avispas,avispas
1676,28,y,y
1676,29,las,las
1676,30,crías,cras
1676,31,de,de
1676,32,las,las
1676,33,abejas,abejas
1676,34,para,para
1676,35,darles,darles
1676,36,a,a
1676,37,sus,sus
1676,38,mujeres,mujeres
1677,0,Cada,cada
1677,1,día,da
1677,2,también,tambin
1677,3,llegaban,llegaban
1677,4,ante,ante
1677,5,Tohil,tohil
1677,7,Avilix,avilix
1677,8,y,y
1677,9,Hacavitz,hacavitz
1677,10,y,y
1677,11,decían,decan
1677,12,en,en
1677,13,sus,sus
1677,14,corazones,corazones
1677,17,He,he
1677,18,aquí,aqu
1677,19,a,a
1677,20,Tohil,tohil
1677,22,Avilix,avilix
1677,23,y,y
1677,24,Hacavitz,hacavitz
1678,0,Sólo,slo
1678,1,la,la
1678,2,sangre,sangre
1678,3,de,de
1678,4,los,los
1678,5,venados,venados
1678,6,y,y
1678,7,de,de
1678,8,las,las
1678,9,aves,aves
1678,10,podemos,podemos
1678,11,ofrecerles,ofrecerles
1678,13,solamente,solamente
1678,14,nos,nos
1678,15,sacaremos,sacaremos
1678,16,sangre,sangre
1678,17,de,de
1678,18,las,las
1678,19,orejas,orejas
1678,20,y,y
1678,21,de,de
1678,22,los,los
1678,23,brazos,brazos
1679,0,Pidámosles,pidmosles
1679,1,fuerzas,fuerzas
1679,2,y,y
1679,3,vigor,vigor
1679,4,a,a
1679,5,Tohil,tohil
1679,7,Avilix,avilix
1679,8,y,y
1679,9,Hacavitz,hacavitz
1680,1,Qué,qu
1680,2,dirán,dirn
1680,3,de,de
1680,4,las,las
1680,5,muertes,muertes
1680,6,del,del
1680,7,pueblo,pueblo
1680,9,que,que
1680,10,uno,uno
1680,11,por,por
1680,12,uno,uno
1680,13,los,los
1680,14,vamos,vamos
1680,15,matando,matando
1680,18,decían,decan
1680,19,entre,entre
1680,20,sí,s
1680,21,cuando,cuando
1680,22,se,se
1680,23,dirigían,dirigan
1680,24,a,a
1680,25,la,la
1680,26,presencia,presencia
1680,27,de,de
1680,28,Tohil,tohil
1680,30,Avilix,avilix
1680,31,y,y
1680,32,Hacavitz,hacavitz
1681,0,Luego,luego
1681,1,se,se
1681,2,punzaban,punzaban
1681,3,las,las
1681,4,orejas,orejas
1681,5,y,y
1681,6,los,los
1681,7,brazos,brazos
1681,8,ante,ante
1681,9,la,la
1681,10,divinidad,divinidad
1681,12,recogían,recogan
1681,13,su,su
1681,14,sangre,sangre
1681,15,y,y
1681,16,la,la
1681,17,ponían,ponan
1681,18,en,en
1681,19,el,el
1681,20,vaso,vaso
1681,22,junto,junto
1681,23,a,a
1681,24,la,la
1681,25,piedra,piedra
1682,0,Pero,pero
1682,1,en,en
1682,2,realidad,realidad
1682,4,no,no
1682,5,eran,eran
1682,6,de,de
1682,7,piedra,piedra
1682,9,sino,sino
1682,10,que,que
1682,11,se,se
1682,12,presentaba,presentaba
1682,13,cada,cada
1682,14,uno,uno
1682,15,bajo,bajo
1682,16,la,la
1682,17,figura,figura
1682,18,de,de
1682,19,un,un
1682,20,muchacho,muchacho
1683,0,Alegrábanse,alegrbanse
1683,1,con,con
1683,2,la,la
1683,3,sangre,sangre
1683,4,de,de
1683,5,los,los
1683,6,sacerdotes,sacerdotes
1683,7,y,y
1683,8,sacrificadores,sacrificadores
1683,9,cuando,cuando
1683,10,llegaban,llegaban
1683,11,con,con
1683,12,esta,esta
1683,13,muestra,muestra
1683,14,de,de
1683,15,su,su
1683,16,trabajo,trabajo
1683,20,Seguid,seguid
1683,21,sus,sus
1683,22,huellas,huellas
1683,24,las,las
1683,25,de,de
1683,26,los,los
1683,27,animales,animales
1683,28,que,que
1683,29,sacrificaban,sacrificaban
1683,32,allá,all
1683,33,está,est
1683,34,vuestra,vuestra
1683,35,salvación,salvacin
1683,38,De,de
1683,39,allá,all
1683,40,vino,vino
1683,42,deTulán,detuln
1683,44,cuando,cuando
1683,45,nos,nos
1683,46,trajisteis,trajisteis
1683,48,les,les
1683,49,dijeron,dijeron
1683,51,cuando,cuando
1683,52,nos,nos
1683,53,trajisteis,trajisteis
1683,55,les,les
1683,56,dijeron,dijeron
1683,58,cuando,cuando
1683,59,os,os
1683,60,dieron,dieron
1683,61,la,la
1683,62,piel,piel
1683,63,llamada,llamada
1683,64,Pazilib,pazilib
1683,66,untada,untada
1683,67,de,de
1683,68,sangre,sangre
1683,70,que,que
1683,71,se,se
1683,72,derrame,derrame
1683,73,su,su
1683,74,sangre,sangre
1683,75,y,y
1683,76,que,que
1683,77,ésta,sta
1683,78,sea,sea
1683,79,la,la
1683,80,ofrenda,ofrenda
1683,81,de,de
1683,82,Tohil,tohil
1683,84,Avilix,avilix
1683,85,y,y
1683,86,Hacavitz,hacavitz
1684,0,He,he
1684,1,aquí,aqu
1684,2,cómo,cmo
1684,3,comenzó,comenz
1684,4,el,el
1684,5,robo,robo
1684,6,de,de
1684,7,los,los
1684,8,hombres,hombres
1684,9,de,de
1684,10,las,las
1684,11,tribus,tribus
1684,13,de,de
1684,14,Vuc,vuc
1684,15,Amag,amag
1684,17,por,por
1684,18,Balam-Quitzé,balamquitz
1684,20,Balam-Acab,balamacab
1684,22,Mahucutah,mahucutah
1684,23,e,e
1684,24,Iqui-Balam,iquibalam
1685,0,Luego,luego
1685,1,vino,vino
1685,2,la,la
1685,3,matanza,matanza
1685,4,de,de
1685,5,las,las
1685,6,tribus,tribus
1686,0,Cogían,cogan
1686,1,a,a
1686,2,uno,uno
1686,3,solo,solo
1686,4,cuando,cuando
1686,5,iba,iba
1686,6,caminando,caminando
1686,8,o,o
1686,9,a,a
1686,10,dos,dos
1686,11,cuando,cuando
1686,12,iban,iban
1686,13,caminando,caminando
1686,15,y,y
1686,16,no,no
1686,17,se,se
1686,18,sabía,saba
1686,19,cuándo,cundo
1686,20,los,los
1686,21,cogían,cogan
1686,23,y,y
1686,24,en,en
1686,25,seguida,seguida
1686,26,los,los
1686,27,iban,iban
1686,28,caminando,caminando
1686,30,y,y
1686,31,no,no
1686,32,se,se
1686,33,sabía,saba
1686,34,cuándo,cundo
1686,35,los,los
1686,36,cogían,cogan
1686,38,y,y
1686,39,en,en
1686,40,seguida,seguida
1686,41,los,los
1686,42,iban,iban
1686,43,a,a
1686,44,sacrificar,sacrificar
1686,45,ante,ante
1686,46,Tohil,tohil
1686,47,y,y
1686,48,Avilix,avilix
1687,0,Después,despus
1687,1,regaban,regaban
1687,2,la,la
1687,3,sangre,sangre
1687,4,en,en
1687,5,el,el
1687,6,camino,camino
1687,7,y,y
1687,8,ponían,ponan
1687,9,la,la
1687,10,cabeza,cabeza
1687,11,por,por
1687,12,separado,separado
1687,13,en,en
1687,14,el,el
1687,15,camino,camino
1688,0,Y,y
1688,1,decían,decan
1688,2,las,las
1688,3,tribus,tribus
1688,6,El,el
1688,7,tigre,tigre
1688,8,se,se
1688,9,los,los
1688,10,comió,comi
1689,1,Y,y
1689,2,lo,lo
1689,3,decían,decan
1689,4,así,as
1689,5,porque,porque
1689,6,eran,eran
1689,7,como,como
1689,8,pisadas,pisadas
1689,9,de,de
1689,10,tigre,tigre
1689,11,las,las
1689,12,huellas,huellas
1689,13,que,que
1689,14,dejaban,dejaban
1689,16,aunque,aunque
1689,17,ellos,ellos
1689,18,no,no
1689,19,se,se
1689,20,mostraban,mostraban
1690,0,Ya,ya
1690,1,eran,eran
1690,2,muchos,muchos
1690,3,los,los
1690,4,hombres,hombres
1690,5,que,que
1690,6,habían,haban
1690,7,robado,robado
1690,9,pero,pero
1690,10,no,no
1690,11,se,se
1690,12,dieron,dieron
1690,13,cuenta,cuenta
1690,14,las,las
1690,15,tribus,tribus
1690,16,hasta,hasta
1690,17,más,ms
1690,18,tarde,tarde
1691,2,Sí,s
1691,3,serán,sern
1691,4,Tohil,tohil
1691,5,y,y
1691,6,Avilix,avilix
1691,7,los,los
1691,8,que,que
1691,9,se,se
1691,10,introducen,introducen
1691,11,entre,entre
1691,12,nosotros,nosotros
1692,0,Ellos,ellos
1692,1,deben,deben
1692,2,ser,ser
1692,3,aquellos,aquellos
1692,4,a,a
1692,5,quienes,quienes
1692,6,alimentan,alimentan
1692,7,los,los
1692,8,sacerdotes,sacerdotes
1692,9,y,y
1692,10,sacrificadores,sacrificadores
1693,1,En,en
1693,2,dónde,dnde
1693,3,estarán,estarn
1693,4,sus,sus
1693,5,casas,casas
1694,1,Sigamos,sigamos
1694,2,sus,sus
1694,3,pisadas,pisadas
1694,6,dijeron,dijeron
1694,7,todos,todos
1694,8,los,los
1694,9,pueblos,pueblos
1695,0,Entonces,entonces
1695,1,celebraron,celebraron
1695,2,consejo,consejo
1695,3,entre,entre
1695,4,ellos,ellos
1696,0,A,a
1696,1,continuación,continuacin
1696,2,comenzaron,comenzaron
1696,3,a,a
1696,4,seguir,seguir
1696,5,las,las
1696,6,huellas,huellas
1696,7,de,de
1696,8,los,los
1696,9,sacer-,sacer
1696,10,dotes,dotes
1696,11,y,y
1696,12,sacrificadores,sacrificadores
1696,14,pero,pero
1696,15,éstas,stas
1696,16,no,no
1696,17,eran,eran
1696,18,claras,claras
1697,0,Sólo,slo
1697,1,eran,eran
1697,2,pisadas,pisadas
1697,3,defieras,defieras
1697,5,pisadas,pisadas
1697,6,de,de
1697,7,tigre,tigre
1697,8,lo,lo
1697,9,que,que
1697,10,veían,vean
1697,12,pero,pero
1697,13,las,las
1697,14,huellas,huellas
1697,15,no,no
1697,16,eran,eran
1697,17,claras,claras
1698,0,No,no
1698,1,estaban,estaban
1698,2,claras,claras
1698,3,las,las
1698,4,primeras,primeras
1698,5,huellas,huellas
1698,7,pues,pues
1698,8,estaban,estaban
1698,9,invertidas,invertidas
1698,11,como,como
1698,12,hechas,hechas
1698,13,para,para
1698,14,que,que
1698,15,se,se
1698,16,perdieran,perdieran
1698,18,y,y
1698,19,no,no
1698,20,estaba,estaba
1698,21,claro,claro
1698,22,su,su
1698,23,camino,camino
1699,0,Se,se
1699,1,formó,form
1699,2,una,una
1699,3,neblina,neblina
1699,5,se,se
1699,6,formó,form
1699,7,una,una
1699,8,lluvia,lluvia
1699,9,negra,negra
1699,10,y,y
1699,11,se,se
1699,12,hizo,hizo
1699,13,mucho,mucho
1699,14,lodo,lodo
1699,16,y,y
1699,17,empezó,empez
1699,18,a,a
1699,19,caer,caer
1699,20,una,una
1699,21,llovizna,llovizna
1700,0,Esto,esto
1700,1,era,era
1700,2,lo,lo
1700,3,que,que
1700,4,los,los
1700,5,pueblos,pueblos
1700,6,veían,vean
1700,7,ante,ante
1700,8,ellos,ellos
1701,0,Y,y
1701,1,sus,sus
1701,2,corazones,corazones
1701,3,se,se
1701,4,cansaban,cansaban
1701,5,de,de
1701,6,buscar,buscar
1701,7,y,y
1701,8,perseguirlos,perseguirlos
1701,9,por,por
1701,10,los,los
1701,11,caminos,caminos
1701,13,porque,porque
1701,14,como,como
1701,15,era,era
1701,16,tan,tan
1701,17,grande,grande
1701,18,el,el
1701,19,ser,ser
1701,20,de,de
1701,21,Tohil,tohil
1701,23,Avilix,avilix
1701,24,y,y
1701,25,Hacavitz,hacavitz
1701,27,se,se
1701,28,alejaban,alejaban
1701,29,hasta,hasta
1701,30,allá,all
1701,31,en,en
1701,32,la,la
1701,33,cima,cima
1701,34,de,de
1701,35,las,las
1701,36,montañas,montaas
1701,38,en,en
1701,39,la,la
1701,40,vecindad,vecindad
1701,41,de,de
1701,42,los,los
1701,43,pueblos,pueblos
1701,44,que,que
1701,45,mataban,mataban
1702,0,Así,as
1702,1,comenzó,comenz
1702,2,el,el
1702,3,rapto,rapto
1702,4,de,de
1702,5,la,la
1702,6,gente,gente
1702,7,cuando,cuando
1702,8,los,los
1702,9,brujos,brujos
1702,10,cogían,cogan
1702,11,a,a
1702,12,las,las
1702,13,tribus,tribus
1702,14,en,en
1702,15,los,los
1702,16,caminos,caminos
1702,17,y,y
1702,18,las,las
1702,19,sacri-,sacri
1702,20,ficaban,ficaban
1702,21,ante,ante
1702,22,Tohil,tohil
1702,24,Avilix,avilix
1702,25,y,y
1702,26,Hacavitz,hacavitz
1702,28,pero,pero
1702,29,a,a
1702,30,sus,sus
1702,32,propios,propios
1702,34,hijos,hijos
1702,35,los,los
1702,36,salvaron,salvaron
1702,37,allá,all
1702,38,en,en
1702,39,la,la
1702,40,montaña,montaa
1703,0,Tohil,tohil
1703,2,Avilix,avilix
1703,3,y,y
1703,4,Hacavitz,hacavitz
1703,5,tenían,tenan
1703,6,la,la
1703,7,apariencia,apariencia
1703,8,de,de
1703,9,tres,tres
1703,10,muchachos,muchachos
1703,11,y,y
1703,12,caminaban,caminaban
1703,13,por,por
1703,14,virtud,virtud
1703,15,mágica,mgica
1703,16,de,de
1703,17,la,la
1703,18,piedra,piedra
1704,0,Había,haba
1704,1,un,un
1704,2,río,ro
1704,3,donde,donde
1704,4,se,se
1704,5,bañaban,baaban
1704,6,a,a
1704,7,la,la
1704,8,orilla,orilla
1704,9,del,del
1704,10,agua,agua
1704,11,y,y
1704,12,allí,all
1704,13,únicamente,nicamente
1704,14,se,se
1704,15,aparecían,aparecan
1705,0,Se,se
1705,1,llamaba,llamaba
1705,2,por,por
1705,3,esto,esto
1705,4,En,en
1705,5,el,el
1705,6,Baño,bao
1705,7,de,de
1705,8,Tohil,tohil
1705,10,y,y
1705,11,éste,ste
1705,12,era,era
1705,13,el,el
1705,14,nombre,nombre
1705,15,del,del
1705,16,río,ro
1706,0,Muchas,muchas
1706,1,veces,veces
1706,2,los,los
1706,3,veían,vean
1706,4,las,las
1706,5,tribus,tribus
1706,7,pero,pero
1706,8,desaparecían,desaparecan
1706,9,inmediatamente,inmediatamente
1706,10,cuando,cuando
1706,11,eran,eran
1706,12,vistos,vistos
1706,13,por,por
1706,14,los,los
1706,15,pueblos,pueblos
1706,16,Se,se
1706,17,tuvo,tuvo
1706,18,entonces,entonces
1706,19,noticia,noticia
1706,20,de,de
1706,21,donde,donde
1706,22,estaban,estaban
1706,23,Ba-lam-Quitzé,balamquitz
1706,25,Balam-Acab,balamacab
1706,27,Mahucutah,mahucutah
1706,28,e,e
1706,29,Iqui-Balam,iquibalam
1706,31,y,y
1706,32,al,al
1706,33,instante,instante
1706,34,celebraron,celebraron
1706,35,consejo,consejo
1706,36,las,las
1706,37,tribus,tribus
1706,38,sobre,sobre
1706,39,la,la
1706,40,manera,manera
1706,41,de,de
1706,42,darles,darles
1706,43,muerte,muerte
1707,0,En,en
1707,1,primer,primer
1707,2,lugar,lugar
1707,3,quisieron,quisieron
1707,4,tratar,tratar
1707,5,las,las
1707,6,tribus,tribus
1707,7,sobre,sobre
1707,8,la,la
1707,9,maneta,maneta
1707,10,de,de
1707,11,vencer,vencer
1707,12,a,a
1707,13,Tohil,tohil
1707,15,Avilix,avilix
1707,16,y,y
1707,17,Hacavitz,hacavitz
1708,0,Y,y
1708,1,todos,todos
1708,2,los,los
1708,3,sacerdotes,sacerdotes
1708,4,y,y
1708,5,sacrificadores,sacrificadores
1708,7,de,de
1708,8,las,las
1708,9,tribus,tribus
1708,11,dijeron,dijeron
1708,12,ante,ante
1708,13,las,las
1708,14,tribus:—Que,tribusque
1708,15,todos,todos
1708,16,se,se
1708,17,levante,levante
1708,19,que,que
1708,20,se,se
1708,21,llame,llame
1708,22,a,a
1708,23,todos,todos
1708,25,que,que
1708,26,no,no
1708,27,haya,haya
1708,28,un,un
1708,29,grupo,grupo
1708,31,ni,ni
1708,32,dos,dos
1708,33,grupos,grupos
1708,34,de,de
1708,35,entre,entre
1708,36,nosotros,nosotros
1708,37,que,que
1708,38,se,se
1708,39,quede,quede
1708,40,atrás,atrs
1708,41,de,de
1708,42,los,los
1708,43,demás,dems
1709,0,Reuniéronse,reunironse
1709,1,todos,todos
1709,3,se,se
1709,4,reunieron,reunieron
1709,5,en,en
1709,6,gran,gran
1709,7,número,nmero
1709,8,y,y
1709,9,deliberaron,deliberaron
1709,10,entre,entre
1709,11,sí,s
1710,0,Y,y
1710,1,dijeron,dijeron
1710,3,preguntándose,preguntndose
1710,4,los,los
1710,5,unos,unos
1710,6,a,a
1710,7,los,los
1710,8,otros,otros
1710,12,Cómo,cmo
1710,13,haremos,haremos
1710,14,para,para
1710,15,vencer,vencer
1710,16,a,a
1710,17,los,los
1710,18,quichés,quichs
1710,19,de,de
1710,20,Cavec,cavec
1710,21,por,por
1710,22,cuya,cuya
1710,23,culpa,culpa
1710,24,se,se
1710,25,están,estn
1710,26,acabando,acabando
1710,27,nuestros,nuestros
1710,28,hijos,hijos
1710,29,y,y
1710,30,vasallos,vasallos
1711,0,No,no
1711,1,se,se
1711,2,sabe,sabe
1711,3,cómo,cmo
1711,4,es,es
1711,5,la,la
1711,6,destrucción,destruccin
1711,7,de,de
1711,8,la,la
1711,9,gente,gente
1712,0,Se,se
1712,1,debemos,debemos
1712,2,perecer,perecer
1712,3,por,por
1712,4,medio,medio
1712,5,de,de
1712,6,estos,estos
1712,7,raptos,raptos
1712,9,que,que
1712,10,así,as
1712,11,sea,sea
1712,13,y,y
1712,14,si,si
1712,15,es,es
1712,16,tan,tan
1712,17,grande,grande
1712,18,el,el
1712,19,poder,poder
1712,20,de,de
1712,21,Tohil,tohil
1712,23,Avilix,avilix
1712,24,y,y
1712,25,Hacavitz,hacavitz
1712,27,entonces,entonces
1712,28,que,que
1712,29,sea,sea
1712,30,nuestro,nuestro
1712,31,dios,dios
1712,32,este,este
1712,33,Tohil,tohil
1712,36,y,y
1712,37,ojalá,ojal
1712,38,que,que
1712,39,lo,lo
1712,40,hagáis,hagis
1712,41,vuestro,vuestro
1712,42,cautivo,cautivo
1713,0,No,no
1713,1,es,es
1713,2,posible,posible
1713,3,que,que
1713,4,ellos,ellos
1713,5,nos,nos
1713,6,venzan,venzan
1714,1,No,no
1714,2,hay,hay
1714,3,acaso,acaso
1714,4,bastantes,bastantes
1714,5,hombres,hombres
1714,6,entre,entre
1714,7,nosotros,nosotros
1715,0,Y,y
1715,1,los,los
1715,2,Cavec,cavec
1715,3,no,no
1715,4,son,son
1715,5,muchos,muchos
1715,7,dijeron,dijeron
1715,9,cuando,cuando
1715,10,estuvieron,estuvieron
1715,11,todos,todos
1715,12,reunidos,reunidos
1716,0,Y,y
1716,1,algunos,algunos
1716,2,dijeron,dijeron
1716,4,dirigiéndose,dirigindose
1716,5,a,a
1716,6,las,las
1716,7,tribu,tribu
1716,8,cuando,cuando
1716,9,hablaron,hablaron
1716,13,Quien,quien
1716,14,ha,ha
1716,15,visto,visto
1716,16,a,a
1716,17,esos,esos
1716,18,que,que
1716,19,se,se
1716,20,bañan,baan
1716,21,en,en
1716,22,el,el
1716,23,río,ro
1716,24,todos,todos
1716,25,los,los
1716,26,días,das
1717,0,Si,si
1717,1,ellos,ellos
1717,2,son,son
1717,3,Tohil,tohil
1717,5,Avilix,avilix
1717,6,y,y
1717,7,Hacavitz,hacavitz
1717,9,los,los
1717,10,venceremos,venceremos
1717,11,primero,primero
1717,12,a,a
1717,13,ellos,ellos
1717,14,y,y
1717,15,después,despus
1717,16,comenzaremos,comenzaremos
1717,17,la,la
1717,18,derrota,derrota
1717,19,de,de
1717,20,los,los
1717,21,sacerdotes,sacerdotes
1717,22,y,y
1717,23,sacrifica-dores,sacrificadores
1718,0,Esto,esto
1718,1,dijeron,dijeron
1718,2,varios,varios
1718,3,de,de
1718,4,ellos,ellos
1718,5,cuando,cuando
1718,6,hablaron,hablaron
1719,2,Pero,pero
1719,3,cómo,cmo
1719,4,los,los
1719,5,venceremos,venceremos
1719,8,preguntaron,preguntaron
1719,9,de,de
1719,10,nuevo,nuevo
1720,1,Esta,esta
1720,2,será,ser
1720,3,nuestra,nuestra
1720,4,manera,manera
1720,5,de,de
1720,6,vencerlos,vencerlos
1721,0,Como,como
1721,1,ellos,ellos
1721,2,tienen,tienen
1721,3,aspecto,aspecto
1721,4,de,de
1721,5,muchachos,muchachos
1721,6,cuando,cuando
1721,7,se,se
1721,8,dejan,dejan
1721,9,ver,ver
1721,10,entre,entre
1721,11,el,el
1721,12,agua,agua
1721,14,que,que
1721,15,vayan,vayan
1721,16,dos,dos
1721,17,doncellas,doncellas
1721,18,que,que
1721,19,sean,sean
1721,20,verdaderamente,verdaderamente
1721,21,hermosas,hermosas
1721,22,y,y
1721,23,amabilísimas,amabilsimas
1721,24,doncellas,doncellas
1721,26,y,y
1721,27,que,que
1721,28,les,les
1721,29,entren,entren
1721,30,deseos,deseos
1721,31,de,de
1721,32,poseerlas,poseerlas
1721,34,replicaron,replicaron
1722,1,Muy,muy
1722,2,bien,bien
1723,0,Vamos,vamos
1723,2,pues,pues
1723,4,busquemos,busquemos
1723,5,dos,dos
1723,6,preciosas,preciosas
1723,7,doncellas,doncellas
1723,9,exclamaron,exclamaron
1723,11,y,y
1723,12,en,en
1723,13,seguida,seguida
1723,14,fueron,fueron
1723,15,a,a
1723,16,buscar,buscar
1723,17,a,a
1723,18,sus,sus
1723,19,hijos,hijos
1724,0,Y,y
1724,1,verdaderamente,verdaderamente
1724,2,eran,eran
1724,3,bellísimas,bellsimas
1724,4,doncellas,doncellas
1725,0,Luego,luego
1725,1,les,les
1725,2,dieron,dieron
1725,3,instrucciones,instrucciones
1725,4,a,a
1725,5,las,las
1725,6,doncellas:—Id,doncellasid
1725,8,hijas,hijas
1725,10,nuestras,nuestras
1725,12,id,id
1725,13,a,a
1725,14,lavar,lavar
1725,15,la,la
1725,16,ropa,ropa
1725,17,al,al
1725,18,río,ro
1725,20,y,y
1725,21,si,si
1725,22,viereis,viereis
1725,23,a,a
1725,24,los,los
1725,25,tres,tres
1725,26,muchachos,muchachos
1725,28,desnudaos,desnudaos
1725,29,ante,ante
1725,30,ellos,ellos
1725,32,y,y
1725,33,si,si
1725,34,sus,sus
1725,35,corazones,corazones
1725,36,os,os
1725,37,desean,desean
1725,40,llamadlos,llamadlos
1725,42,Si,si
1725,43,os,os
1725,44,dijeren,dijeren
1725,46,Podemos,podemos
1725,47,llegar,llegar
1725,48,a,a
1725,49,vuestro,vuestro
1725,50,lado,lado
1725,54,Si,si
1725,57,les,les
1725,58,responderéis,responderis
1726,0,Y,y
1726,1,cuando,cuando
1726,2,os,os
1726,3,pregunten,pregunten
1726,7,De,de
1726,8,dónde,dnde
1726,9,venís,vens
1726,11,hijas,hijas
1726,12,de,de
1726,13,quién,quin
1726,14,sois,sois
1726,18,contestaréis,contestaris
1726,21,Somos,somos
1726,22,hijas,hijas
1726,23,de,de
1726,24,los,los
1726,25,Señores,seores
1727,1,Luego,luego
1727,2,les,les
1727,3,diréis,diris
1727,5,Venga,venga
1727,6,una,una
1727,7,prenda,prenda
1727,8,de,de
1727,9,vosotros,vosotros
1728,0,Y,y
1728,1,si,si
1728,2,después,despus
1728,3,que,que
1728,4,os,os
1728,5,hayan,hayan
1728,6,dado,dado
1728,7,alguna,alguna
1728,8,cosa,cosa
1728,9,os,os
1728,10,quierenbesar,quierenbesar
1728,11,la,la
1728,12,cara,cara
1728,14,entregaos,entregaos
1728,15,de,de
1728,16,veras,veras
1728,17,a,a
1728,18,ellos,ellos
1729,0,Y,y
1729,1,si,si
1729,2,no,no
1729,3,os,os
1729,4,entregáis,entregis
1729,6,os,os
1729,7,mataremos,mataremos
1730,0,Después,despus
1730,1,nuestro,nuestro
1730,2,corazón,corazn
1730,3,estará,estar
1730,4,satisfecho,satisfecho
1731,0,Cuando,cuando
1731,1,tengáis,tengis
1731,2,la,la
1731,3,prenda,prenda
1731,5,traedla,traedla
1731,6,para,para
1731,7,acá,ac
1731,8,y,y
1731,9,ésta,sta
1731,10,será,ser
1731,11,la,la
1731,12,prueba,prueba
1731,14,a,a
1731,15,nuestro,nuestro
1731,16,juicio,juicio
1731,18,de,de
1731,19,que,que
1731,20,ellos,ellos
1731,21,se,se
1731,22,allegaron,allegaron
1731,23,a,a
1731,24,vosotras,vosotras
1732,0,Así,as
1732,1,dijeron,dijeron
1732,2,los,los
1732,3,Señores,seores
1732,4,cuando,cuando
1732,5,aconsejaron,aconsejaron
1732,6,a,a
1732,7,las,las
1732,8,dos,dos
1732,9,doncellas,doncellas
1733,0,He,he
1733,1,aquí,aqu
1733,2,los,los
1733,3,nombres,nombres
1733,4,de,de
1733,5,éstas,stas
1733,7,Ixtah,ixtah
1733,8,se,se
1733,9,llamaba,llamaba
1733,10,una,una
1733,11,de,de
1733,12,las,las
1733,13,doncellas,doncellas
1733,14,y,y
1733,15,la,la
1733,16,otra,otra
1733,17,Ixpuch,ixpuch
1734,0,Y,y
1734,1,a,a
1734,2,las,las
1734,3,dos,dos
1734,4,llamadas,llamadas
1734,5,Ixtah,ixtah
1734,6,e,e
1734,7,Ixpuch,ixpuch
1734,8,las,las
1734,9,mandaron,mandaron
1734,10,al,al
1734,11,río,ro
1734,13,al,al
1734,14,baño,bao
1734,15,de,de
1734,16,Tohil,tohil
1734,18,Avilix,avilix
1734,19,y,y
1734,20,Hacavitz,hacavitz
1735,0,Esta,esta
1735,1,fue,fue
1735,2,lo,lo
1735,3,que,que
1735,4,dispusieron,dispusieron
1735,5,todas,todas
1735,6,las,las
1735,7,tribus,tribus
1736,0,Marcháronse,marchronse
1736,1,en,en
1736,2,seguida,seguida
1736,4,bien,bien
1736,5,adornadas,adornadas
1736,7,y,y
1736,8,verdaderamente,verdaderamente
1736,9,estaban,estaban
1736,10,muy,muy
1736,11,hermosas,hermosas
1736,12,cuando,cuando
1736,13,se,se
1736,14,fueron,fueron
1736,15,allá,all
1736,16,donde,donde
1736,17,se,se
1736,18,bañaba,baaba
1736,19,Tohil,tohil
1736,21,a,a
1736,22,que,que
1736,23,las,las
1736,24,vieran,vieran
1736,25,y,y
1736,26,a,a
1736,27,lavar,lavar
1737,0,Cuando,cuando
1737,1,ellas,ellas
1737,2,se,se
1737,3,fueron,fueron
1737,5,se,se
1737,6,alegraron,alegraron
1737,7,los,los
1737,8,Señores,seores
1737,9,porque,porque
1737,10,habían,haban
1737,11,enviado,enviado
1737,12,a,a
1737,13,sus,sus
1737,14,dos,dos
1737,15,hijas,hijas
1738,0,Luego,luego
1738,1,que,que
1738,2,éstas,stas
1738,3,llegaron,llegaron
1738,4,al,al
1738,5,río,ro
1738,6,comenzaron,comenzaron
1738,7,a,a
1738,8,lavar,lavar
1739,0,Ya,ya
1739,1,se,se
1739,2,habían,haban
1739,3,desnudado,desnudado
1739,4,las,las
1739,5,dos,dos
1739,6,y,y
1739,7,estaban,estaban
1739,8,arrimadas,arrimadas
1739,9,a,a
1739,10,las,las
1739,11,piedras,piedras
1739,12,cuando,cuando
1739,13,llegaron,llegaron
1739,14,Tohil,tohil
1739,16,Avilix,avilix
1739,17,y,y
1739,18,Hacavitz,hacavitz
1739,20,Llegaron,llegaron
1739,21,allá,all
1739,22,a,a
1739,23,la,la
1739,24,orilla,orilla
1739,25,del,del
1739,26,río,ro
1739,27,y,y
1739,28,quedaron,quedaron
1739,29,un,un
1739,30,poco,poco
1739,31,sorprendidos,sorprendidos
1739,32,al,al
1739,33,ver,ver
1739,34,a,a
1739,35,las,las
1739,36,dos,dos
1739,37,jóvenes,jvenes
1739,38,que,que
1739,39,estaban,estaban
1739,40,lavando,lavando
1739,42,y,y
1739,43,las,las
1739,44,muchachas,muchachas
1739,45,se,se
1739,46,avergonzaron,avergonzaron
1739,47,al,al
1739,48,punto,punto
1739,49,cuando,cuando
1739,50,llegó,lleg
1739,51,Tohil,tohil
1740,0,Pero,pero
1740,1,a,a
1740,2,Tohil,tohil
1740,3,no,no
1740,4,se,se
1740,5,le,le
1740,6,antojaron,antojaron
1740,7,las,las
1740,8,dos,dos
1740,9,doncellas,doncellas
1741,0,Y,y
1741,1,entonces,entonces
1741,2,les,les
1741,3,preguntó,pregunt
1741,7,De,de
1741,8,dónde,dnde
1741,9,venís,vens
1742,0,Así,as
1742,1,les,les
1742,2,dijo,dijo
1742,3,a,a
1742,4,las,las
1742,5,dos,dos
1742,6,doncellas,doncellas
1742,7,y,y
1742,8,agregó,agreg
1742,11,Qué,qu
1742,12,cosa,cosa
1742,13,queréis,queris
1742,14,que,que
1742,15,venís,vens
1742,16,aquí,aqu
1742,17,hasta,hasta
1742,18,la,la
1742,19,orilla,orilla
1742,20,de,de
1742,21,nuestra,nuestra
1742,22,agua,agua
1743,0,Y,y
1743,1,ellas,ellas
1743,2,contestaron,contestaron
1743,5,Se,se
1743,6,nos,nos
1743,7,ha,ha
1743,8,mandado,mandado
1743,9,por,por
1743,10,los,los
1743,11,Señores,seores
1743,12,que,que
1743,13,vengamos,vengamos
1743,14,acá,ac
1744,1,Id,id
1744,2,a,a
1744,3,verles,verles
1744,4,las,las
1744,5,caras,caras
1744,6,a,a
1744,7,los,los
1744,8,Tohil,tohil
1744,9,y,y
1744,10,hablad,hablad
1744,11,con,con
1744,12,ellos,ellos
1744,15,nos,nos
1744,16,dijeron,dijeron
1744,17,los,los
1744,18,Señores,seores
1744,20,y,y
1744,22,traed,traed
1744,23,luego,luego
1744,24,la,la
1744,25,prueba,prueba
1744,26,de,de
1744,27,que,que
1744,28,les,les
1744,29,habéis,habis
1744,30,visto,visto
1744,31,la,la
1744,32,cara,cara
1744,35,se,se
1744,36,nos,nos
1744,37,ha,ha
1744,38,dicho,dicho
1745,0,Así,as
1745,1,hablaron,hablaron
1745,2,las,las
1745,3,dos,dos
1745,4,muchachas,muchachas
1745,6,dando,dando
1745,7,a,a
1745,8,conocer,conocer
1745,9,el,el
1745,10,objeto,objeto
1745,11,de,de
1745,12,su,su
1745,13,llegada,llegada
1746,0,Ahora,ahora
1746,1,bien,bien
1746,3,lo,lo
1746,4,que,que
1746,5,querían,queran
1746,6,las,las
1746,7,tribus,tribus
1746,8,era,era
1746,9,que,que
1746,10,las,las
1746,11,doncellas,doncellas
1746,12,fueran,fueran
1746,13,violadas,violadas
1746,14,por,por
1746,15,los,los
1746,16,naguales,naguales
1746,17,de,de
1746,18,Tohil,tohil
1747,0,Pero,pero
1747,1,Tohil,tohil
1747,3,Avilix,avilix
1747,4,y,y
1747,5,Hacavitz,hacavitz
1747,6,les,les
1747,7,dijeron,dijeron
1747,9,hablando,hablando
1747,10,de,de
1747,11,nuevo,nuevo
1747,12,a,a
1747,13,Ixtah,ixtah
1747,14,e,e
1747,15,Ixpuch,ixpuch
1747,17,que,que
1747,18,así,as
1747,19,se,se
1747,20,llamaban,llamaban
1747,21,las,las
1747,22,dos,dos
1747,23,doncellas,doncellas
1747,26,Está,est
1747,27,bien,bien
1747,29,con,con
1747,30,vosotras,vosotras
1747,31,irá,ir
1747,32,la,la
1747,33,prueba,prueba
1747,34,de,de
1747,35,nuestra,nuestra
1747,36,plática,pltica
1748,0,Esperad,esperad
1748,1,un,un
1748,2,poco,poco
1748,3,y,y
1748,4,luego,luego
1748,5,se,se
1748,6,la,la
1748,7,daréis,daris
1748,8,a,a
1748,9,los,los
1748,10,Señores,seores
1748,12,les,les
1748,13,dijeron,dijeron
1749,0,Luego,luego
1749,1,entraron,entraron
1749,2,en,en
1749,3,consulta,consulta
1749,4,los,los
1749,5,sacerdotes,sacerdotes
1749,6,y,y
1749,7,sacrificadores,sacrificadores
1749,8,y,y
1749,9,les,les
1749,10,dijeron,dijeron
1749,11,a,a
1749,12,Balam-Quitzé,balamquitz
1749,14,Balam-,balam
1749,15,Acab,acab
1749,17,Mahucutah,mahucutah
1749,18,e,e
1749,19,Iqui-Balam,iquibalam
1749,22,Pintad,pintad
1749,23,tres,tres
1749,24,capas,capas
1749,26,pintad,pintad
1749,27,en,en
1749,28,ellas,ellas
1749,29,la,la
1749,30,señal,seal
1749,31,de,de
1749,32,vuestro,vuestro
1749,33,ser,ser
1749,34,para,para
1749,35,que,que
1749,36,les,les
1749,37,llegue,llegue
1749,38,a,a
1749,39,las,las
1749,40,tribus,tribus
1749,41,y,y
1749,42,se,se
1749,43,vayan,vayan
1749,44,con,con
1749,45,las,las
1749,46,dos,dos
1749,47,muchachas,muchachas
1749,48,que,que
1749,49,están,estn
1749,50,lavando,lavando
1750,0,Dádselas,ddselas
1750,1,a,a
1750,2,ellas,ellas
1750,4,les,les
1750,5,dijeron,dijeron
1750,6,a,a
1750,7,Balam-Quitzé,balamquitz
1750,9,Balam-Acab,balamacab
1750,11,Mahucutah,mahucutah
1751,0,En,en
1751,1,seguida,seguida
1751,2,se,se
1751,3,pusieron,pusieron
1751,4,los,los
1751,5,tres,tres
1751,6,a,a
1751,7,pintar,pintar
1752,0,Primero,primero
1752,1,pintó,pint
1752,2,un,un
1752,3,tigre,tigre
1752,4,Balam-Quitzé,balamquitz
1752,6,la,la
1752,7,figura,figura
1752,8,fue,fue
1752,9,hecha,hecha
1752,10,y,y
1752,11,pintada,pintada
1752,12,en,en
1752,13,la,la
1752,14,superficie,superficie
1752,15,de,de
1752,16,la,la
1752,17,manta,manta
1753,0,Luego,luego
1753,1,Balam-Acab,balamacab
1753,2,pintó,pint
1753,3,la,la
1753,4,figura,figura
1753,5,de,de
1753,6,un,un
1753,7,águila,guila
1753,8,sobre,sobre
1753,9,la,la
1753,10,superficie,superficie
1753,11,de,de
1753,12,la,la
1753,13,manta,manta
1753,15,y,y
1753,16,luego,luego
1753,17,Mahucutah,mahucutah
1753,18,pintó,pint
1753,19,por,por
1753,20,todas,todas
1753,21,partes,partes
1753,22,abejorros,abejorros
1753,23,y,y
1753,24,avispas,avispas
1753,26,cuya,cuya
1753,27,figura,figura
1753,28,y,y
1753,29,dibujos,dibujos
1753,30,pintó,pint
1753,31,sobre,sobre
1753,32,la,la
1753,33,tela,tela
1754,0,Y,y
1754,1,acabaron,acabaron
1754,2,sus,sus
1754,3,pinturas,pinturas
1754,4,los,los
1754,5,tres,tres
1754,7,tres,tres
1754,8,piezas,piezas
1754,9,pintaron,pintaron
1755,0,A,a
1755,1,continuación,continuacin
1755,2,fueron,fueron
1755,3,a,a
1755,4,entregar,entregar
1755,5,las,las
1755,6,mantas,mantas
1755,7,a,a
1755,8,Ixtah,ixtah
1755,9,e,e
1755,10,Ixpuch,ixpuch
1755,12,así,as
1755,13,llamadas,llamadas
1755,15,y,y
1755,16,les,les
1755,17,dijeron,dijeron
1755,18,Balam-,balam
1755,19,Quitzé,quitz
1755,21,Balam-Acab,balamacab
1755,22,y,y
1755,23,Mahucutah,mahucutah
1755,26,Aquí,aqu
1755,27,está,est
1755,28,la,la
1755,29,prueba,prueba
1755,30,de,de
1755,31,vuestra,vuestra
1755,32,conversación,conversacin
1755,34,llevadla,llevadla
1755,35,ante,ante
1755,36,los,los
1755,37,Señores,seores
1755,40,En,en
1755,41,verdad,verdad
1755,42,nos,nos
1755,43,ha,ha
1755,44,hablado,hablado
1755,45,Tohil,tohil
1755,47,diréis,diris
1755,49,he,he
1755,50,aquí,aqu
1755,51,la,la
1755,52,prueba,prueba
1755,53,que,que
1755,54,traemos,traemos
1755,57,les,les
1755,58,diréis,diris
1755,60,y,y
1755,61,que,que
1755,62,se,se
1755,63,vistan,vistan
1755,64,con,con
1755,65,las,las
1755,66,ropas,ropas
1755,67,que,que
1755,68,les,les
1755,69,daréis,daris
1756,0,Esto,esto
1756,1,les,les
1756,2,dijeron,dijeron
1756,3,a,a
1756,4,las,las
1756,5,doncellas,doncellas
1756,6,cuando,cuando
1756,7,las,las
1756,8,despidieron,despidieron
1757,0,Ellas,ellas
1757,1,se,se
1757,2,fueron,fueron
1757,3,en,en
1757,4,seguida,seguida
1757,6,llevando,llevando
1757,7,las,las
1757,8,llamadas,llamadas
1757,9,mantas,mantas
1757,10,pintadas,pintadas
1758,0,Cuando,cuando
1758,1,llegaron,llegaron
1758,3,se,se
1758,4,llenaron,llenaron
1758,5,de,de
1758,6,alegría,alegra
1758,7,los,los
1758,8,Señores,seores
1758,9,al,al
1758,10,ver,ver
1758,11,sus,sus
1758,12,rostros,rostros
1758,13,y,y
1758,14,sus,sus
1758,15,manos,manos
1758,17,de,de
1758,18,las,las
1758,19,cuales,cuales
1758,20,colgaba,colgaba
1758,21,lo,lo
1758,22,que,que
1758,23,habían,haban
1758,24,ido,ido
1758,25,a,a
1758,26,pedir,pedir
1758,27,la,la
1758,28,doncellas,doncellas
1759,2,Le,le
1759,3,visteis,visteis
1759,4,la,la
1759,5,cara,cara
1759,6,a,a
1759,7,Tohil,tohil
1759,10,les,les
1759,11,preguntaron,preguntaron
1760,1,Sí,s
1760,2,se,se
1760,3,la,la
1760,4,vimos,vimos
1760,6,respondieron,respondieron
1760,7,Ixtah,ixtah
1760,8,e,e
1760,9,Ixpuch,ixpuch
1761,1,Muy,muy
1761,2,bien,bien
1762,1,Y,y
1762,2,traéis,trais
1762,3,la,la
1762,4,prenda,prenda
1762,6,no,no
1762,7,es,es
1762,8,verdad,verdad
1762,11,preguntaron,preguntaron
1762,12,los,los
1762,13,Señores,seores
1762,15,pensando,pensando
1762,16,que,que
1762,17,ésta,sta
1762,18,era,era
1762,19,la,la
1762,20,señal,seal
1762,21,de,de
1762,22,su,su
1762,23,pecado,pecado
1763,0,Extendieron,extendieron
1763,1,entonces,entonces
1763,2,las,las
1763,3,jóvenes,jvenes
1763,4,las,las
1763,5,mantas,mantas
1763,6,pintadas,pintadas
1763,8,todas,todas
1763,9,llenas,llenas
1763,10,de,de
1763,11,tigres,tigres
1763,12,y,y
1763,13,de,de
1763,14,águilas,guilas
1763,15,y,y
1763,16,llenas,llenas
1763,17,de,de
1763,18,abejorros,abejorros
1763,19,y,y
1763,20,de,de
1763,21,avispas,avispas
1763,23,pintados,pintados
1763,24,en,en
1763,25,la,la
1763,26,superficie,superficie
1763,27,de,de
1763,28,la,la
1763,29,tela,tela
1763,30,y,y
1763,31,que,que
1763,32,brillaban,brillaban
1763,33,ante,ante
1763,34,la,la
1763,35,vista,vista
1764,0,En,en
1764,1,seguida,seguida
1764,2,les,les
1764,3,entraron,entraron
1764,4,deseos,deseos
1764,5,de,de
1764,6,ponérselas,ponrselas
1765,0,Nada,nada
1765,1,le,le
1765,2,hizo,hizo
1765,3,el,el
1765,4,tigre,tigre
1765,5,cuando,cuando
1765,6,el,el
1765,7,Señor,seor
1765,8,se,se
1765,9,echó,ech
1765,10,a,a
1765,11,las,las
1765,12,espaldas,espaldas
1765,13,la,la
1765,14,primera,primera
1765,15,pintura,pintura
1766,0,Luego,luego
1766,1,se,se
1766,2,puso,puso
1766,3,el,el
1766,4,Señor,seor
1766,5,la,la
1766,6,segunda,segunda
1766,7,pintura,pintura
1766,8,con,con
1766,9,el,el
1766,10,dibujo,dibujo
1766,11,del,del
1766,12,águila,guila
1767,0,El,el
1767,1,Señor,seor
1767,2,se,se
1767,3,sentía,senta
1767,4,muy,muy
1767,5,bien,bien
1767,7,metido,metido
1767,8,dentro,dentro
1767,9,de,de
1767,10,ella,ella
1768,0,Y,y
1768,1,así,as
1768,3,daba,daba
1768,4,vueltas,vueltas
1768,5,delante,delante
1768,6,de,de
1768,7,todos,todos
1769,0,Luego,luego
1769,1,se,se
1769,2,quitó,quit
1769,3,las,las
1769,4,faldas,faldas
1769,5,ante,ante
1769,6,todos,todos
1769,7,y,y
1769,8,se,se
1769,9,puso,puso
1769,10,el,el
1769,11,Señor,seor
1769,12,la,la
1769,13,tercera,tercera
1769,14,manta,manta
1769,15,pintada,pintada
1770,0,Y,y
1770,1,he,he
1770,2,aquí,aqu
1770,3,que,que
1770,4,se,se
1770,5,echó,ech
1770,6,encima,encima
1770,7,los,los
1770,8,abejorros,abejorros
1770,9,y,y
1770,10,las,las
1770,11,avispas,avispas
1770,12,que,que
1770,13,contenía,contena
1771,0,Al,al
1771,1,instante,instante
1771,2,le,le
1771,3,picaron,picaron
1771,4,las,las
1771,5,carnes,carnes
1771,6,los,los
1771,7,zánganos,znganos
1771,8,y,y
1771,9,las,las
1771,10,aspas,aspas
1772,0,Y,y
1772,1,no,no
1772,2,pudiendo,pudiendo
1772,3,sufrir,sufrir
1772,4,ni,ni
1772,5,tolerar,tolerar
1772,6,las,las
1772,7,picaduras,picaduras
1772,8,de,de
1772,9,los,los
1772,10,animales,animales
1772,12,el,el
1772,13,Señor,seor
1772,14,empezó,empez
1772,15,a,a
1772,16,dar,dar
1772,17,de,de
1772,18,gritos,gritos
1772,19,a,a
1772,20,causa,causa
1772,21,de,de
1772,22,los,los
1772,23,animales,animales
1772,24,cuya,cuya
1772,25,figuras,figuras
1772,26,estaban,estaban
1772,27,pintadas,pintadas
1772,28,en,en
1772,29,la,la
1772,30,tela,tela
1772,32,la,la
1772,33,pintura,pintura
1772,34,de,de
1772,35,Mahucutah,mahucutah
1772,36,que,que
1772,37,fue,fue
1772,38,la,la
1772,39,tercera,tercera
1772,40,que,que
1772,41,pintaron,pintaron
1773,0,Así,as
1773,1,fueron,fueron
1773,2,vencidos,vencidos
1774,0,En,en
1774,1,seguida,seguida
1774,2,los,los
1774,3,Señores,seores
1774,4,reprendieron,reprendieron
1774,5,a,a
1774,6,las,las
1774,7,doncellas,doncellas
1774,8,llamadas,llamadas
1774,9,Ixtah,ixtah
1774,10,e,e
1774,11,Ixpuch,ixpuch
1774,15,Qué,qu
1774,16,clase,clase
1774,17,de,de
1774,18,ropas,ropas
1774,19,son,son
1774,20,las,las
1774,21,que,que
1774,22,habéis,habis
1774,23,traído,trado
1775,1,Dónde,dnde
1775,2,fuisteis,fuisteis
1775,3,a,a
1775,4,traelas,traelas
1775,6,demonios,demonios
1775,9,les,les
1775,10,dijeron,dijeron
1775,11,a,a
1775,12,las,las
1775,13,doncellas,doncellas
1775,14,cuando,cuando
1775,15,las,las
1775,16,reprendieron,reprendieron
1776,0,Todos,todos
1776,1,los,los
1776,2,pueblos,pueblos
1776,3,fueron,fueron
1776,4,vencidos,vencidos
1776,5,por,por
1776,6,Tohil,tohil
1777,0,Ahora,ahora
1777,1,bien,bien
1777,3,lo,lo
1777,4,que,que
1777,5,querían,queran
1777,6,era,era
1777,7,que,que
1777,8,Tohil,tohil
1777,9,se,se
1777,10,hubiera,hubiera
1777,11,ido,ido
1777,12,a,a
1777,13,divertir,divertir
1777,14,con,con
1777,15,Ixtah,ixtah
1777,16,e,e
1777,17,Ixpuch,ixpuch
1777,18,y,y
1777,19,que,que
1777,20,éstas,stas
1777,21,se,se
1777,22,hubieran,hubieran
1777,23,vuelto,vuelto
1777,24,rameras,rameras
1777,26,pues,pues
1777,27,creíanlas,creanlas
1777,28,tribus,tribus
1777,29,que,que
1777,30,les,les
1777,31,servirían,serviran
1777,32,de,de
1777,33,tentación,tentacin
1778,0,Pero,pero
1778,1,no,no
1778,2,fue,fue
1778,3,posible,posible
1778,4,que,que
1778,5,lo,lo
1778,6,vencieran,vencieran
1778,8,gracias,gracias
1778,9,a,a
1778,10,aquellas,aquellas
1778,11,hombres,hombres
1778,12,prodigiosos,prodigiosos
1778,14,Balam-Quitzé,balamquitz
1778,16,Balam-Acab,balamacab
1778,17,Mahucutah,mahucutah
1778,18,e,e
1778,19,Iqui-,iqui
1778,20,Balam,balam
1779,0,Entonces,entonces
1779,1,celebraron,celebraron
1779,2,consejo,consejo
1779,3,nuevamente,nuevamente
1779,4,todas,todas
1779,5,las,las
1779,6,tribus,tribus
1780,2,Qué,qu
1780,3,haremos,haremos
1780,4,con,con
1780,5,ellos,ellos
1781,0,En,en
1781,1,verdad,verdad
1781,2,grande,grande
1781,3,es,es
1781,4,su,su
1781,5,condición,condicin
1781,7,dijeron,dijeron
1781,8,cuando,cuando
1781,9,se,se
1781,10,reunieron,reunieron
1781,11,de,de
1781,12,nuevo,nuevo
1781,13,en,en
1781,14,consejo,consejo
1782,1,Pues,pues
1782,2,bien,bien
1782,4,los,los
1782,5,acecharemos,acecharemos
1782,7,los,los
1782,8,mataremos,mataremos
1782,10,nos,nos
1782,11,armaremos,armaremos
1782,12,de,de
1782,13,arcos,arcos
1782,14,y,y
1782,15,de,de
1782,16,escudos,escudos
1783,1,No,no
1783,2,somos,somos
1783,3,acaso,acaso
1783,4,numerosos,numerosos
1783,6,Que,que
1783,7,no,no
1783,8,haya,haya
1783,9,uno,uno
1783,11,ni,ni
1783,12,dos,dos
1783,13,de,de
1783,14,entre,entre
1783,15,nosotros,nosotros
1783,16,que,que
1783,17,se,se
1783,18,quede,quede
1783,19,atrás,atrs
1784,0,Así,as
1784,1,hablaron,hablaron
1784,2,cuando,cuando
1784,3,celebraron,celebraron
1784,4,consejo,consejo
1785,0,Y,y
1785,1,armáronse,armronse
1785,2,todos,todos
1785,3,los,los
1785,4,pueblos,pueblos
1786,0,Muchos,muchos
1786,1,eran,eran
1786,2,los,los
1786,3,guerreros,guerreros
1786,4,cuando,cuando
1786,5,se,se
1786,6,reunieron,reunieron
1786,7,en,en
1786,8,todos,todos
1786,9,los,los
1786,10,pueblos,pueblos
1786,11,para,para
1786,12,darles,darles
1786,13,muerte,muerte
1787,0,Mientras,mientras
1787,1,tanto,tanto
1787,2,estaban,estaban
1787,3,Balam-Quitzé,balamquitz
1787,5,Balam-Acab,balamacab
1787,7,Mahucutah,mahucutah
1787,8,e,e
1787,9,Iqui-Balam,iquibalam
1787,11,estaban,estaban
1787,12,en,en
1787,13,el,el
1787,14,monte,monte
1787,15,Hacavitz,hacavitz
1787,17,en,en
1787,18,el,el
1787,19,cerro,cerro
1787,20,de,de
1787,21,este,este
1787,22,nombre,nombre
1788,0,Estaban,estaban
1788,1,allí,all
1788,2,para,para
1788,3,salvar,salvar
1788,4,a,a
1788,5,sus,sus
1788,6,hijos,hijos
1788,7,en,en
1788,8,la,la
1788,9,montaña,montaa
1789,0,Y,y
1789,1,no,no
1789,2,era,era
1789,3,mucha,mucha
1789,4,su,su
1789,5,gente,gente
1789,7,no,no
1789,8,tenían,tenan
1789,9,una,una
1789,10,muchedumbre,muchedumbre
1789,11,como,como
1789,12,la,la
1789,13,muchedumbre,muchedumbre
1789,14,de,de
1789,15,los,los
1789,16,pueblos,pueblos
1790,0,Era,era
1790,1,pequeña,pequea
1790,2,la,la
1790,3,cumbre,cumbre
1790,4,del,del
1790,5,monte,monte
1790,6,donde,donde
1790,7,tenían,tenan
1790,8,asiento,asiento
1790,9,y,y
1790,10,por,por
1790,11,eso,eso
1790,12,las,las
1790,13,tribus,tribus
1790,14,dispusieron,dispusieron
1790,15,matarlos,matarlos
1790,16,cuando,cuando
1790,17,se,se
1790,18,reunieron,reunieron
1790,19,todos,todos
1790,21,se,se
1790,22,congregaron,congregaron
1790,23,y,y
1790,24,levantaron,levantaron
1790,25,todos,todos
1791,0,Así,as
1791,1,fue,fue
1791,3,pues,pues
1791,5,la,la
1791,6,reunión,reunin
1791,7,de,de
1791,8,todos,todos
1791,9,los,los
1791,10,pueblos,pueblos
1791,12,todos,todos
1791,13,armados,armados
1791,14,de,de
1791,15,sus,sus
1791,16,arcos,arcos
1791,17,y,y
1791,18,sus,sus
1791,19,escudos,escudos
1792,0,No,no
1792,1,era,era
1792,2,posible,posible
1792,3,contar,contar
1792,4,la,la
1792,5,riqueza,riqueza
1792,6,de,de
1792,7,sus,sus
1792,8,armas,armas
1792,10,era,era
1792,11,muy,muy
1792,12,hermoso,hermoso
1792,13,el,el
1792,14,aspecto,aspecto
1792,15,de,de
1792,16,todos,todos
1792,17,los,los
1792,18,jefes,jefes
1792,19,y,y
1792,20,varones,varones
1792,21,y,y
1792,22,ciertamente,ciertamente
1792,23,todos,todos
1792,24,cumplían,cumplan
1792,25,sus,sus
1792,26,órdenes,rdenes
1793,1,Positivamente,positivamente
1793,2,serán,sern
1793,3,destruidos,destruidos
1793,5,y,y
1793,6,en,en
1793,7,cuanto,cuanto
1793,8,a,a
1793,9,Tohil,tohil
1793,11,será,ser
1793,12,nuestro,nuestro
1793,13,dios,dios
1793,15,lo,lo
1793,16,adoraremos,adoraremos
1793,18,si,si
1793,19,lo,lo
1793,20,hacemos,hacemos
1793,21,prisionero,prisionero
1793,23,dijeron,dijeron
1793,24,entre,entre
1793,25,ellos,ellos
1794,0,Pero,pero
1794,1,Tonillo,tonillo
1794,2,sabía,saba
1794,3,todo,todo
1794,4,y,y
1794,5,lo,lo
1794,6,sabían,saban
1794,7,también,tambin
1794,8,Balam-Quitzé,balamquitz
1794,10,Balam-,balam
1794,11,Acab,acab
1794,12,y,y
1794,13,Mahucutah,mahucutah
1795,0,Ellos,ellos
1795,1,oían,oan
1795,2,todo,todo
1795,3,lo,lo
1795,4,que,que
1795,5,proyectaban,proyectaban
1795,7,porque,porque
1795,8,no,no
1795,9,dormían,dorman
1795,11,ni,ni
1795,12,descansaban,descansaban
1795,13,desde,desde
1795,14,que,que
1795,15,se,se
1795,16,armaron,armaron
1795,17,de,de
1795,18,sus,sus
1795,19,armas,armas
1795,20,todos,todos
1795,21,los,los
1795,22,guerreros,guerreros
1796,0,En,en
1796,1,seguida,seguida
1796,2,se,se
1796,3,levantaron,levantaron
1796,4,todos,todos
1796,5,los,los
1796,6,guerreros,guerreros
1796,7,y,y
1796,8,se,se
1796,9,pusieron,pusieron
1796,10,en,en
1796,11,camino,camino
1796,12,con,con
1796,13,la,la
1796,14,intención,intencin
1796,15,de,de
1796,16,introducirse,introducirse
1796,17,por,por
1796,18,la,la
1796,19,noche,noche
1797,0,Pero,pero
1797,1,no,no
1797,2,llegaron,llegaron
1797,4,sino,sino
1797,5,que,que
1797,6,estuvieron,estuvieron
1797,7,en,en
1797,8,vela,vela
1797,9,en,en
1797,10,elcamino,elcamino
1797,11,todos,todos
1797,12,los,los
1797,13,guerreros,guerreros
1797,14,y,y
1797,15,luego,luego
1797,16,fueron,fueron
1797,17,derrotados,derrotados
1797,18,por,por
1797,19,Balam-Quitzé,balamquitz
1797,21,Balam-Acab,balamacab
1797,22,y,y
1797,23,Mahucutah,mahucutah
1798,0,Quedáronse,quedronse
1798,1,todos,todos
1798,2,en,en
1798,3,vela,vela
1798,4,en,en
1798,5,el,el
1798,6,camino,camino
1798,7,y,y
1798,8,nada,nada
1798,9,sintieron,sintieron
1798,10,hasta,hasta
1798,12,que,que
1798,13,acabaron,acabaron
1798,14,por,por
1798,15,dormirse,dormirse
1799,0,En,en
1799,1,seguida,seguida
1799,2,comenzaron,comenzaron
1799,3,a,a
1799,4,arrancarles,arrancarles
1799,5,las,las
1799,6,cejas,cejas
1799,7,y,y
1799,8,las,las
1799,9,barbas,barbas
1799,11,luego,luego
1799,12,les,les
1799,13,quitaron,quitaron
1799,14,los,los
1799,15,adornos,adornos
1799,16,de,de
1799,17,metal,metal
1799,18,del,del
1799,19,cuello,cuello
1799,21,sus,sus
1799,22,coronas,coronas
1799,23,y,y
1799,24,collar,collar
1800,0,Y,y
1800,1,les,les
1800,2,quitaron,quitaron
1800,3,el,el
1800,4,metal,metal
1800,5,del,del
1800,6,puño,puo
1800,7,de,de
1800,8,sus,sus
1800,9,picas,picas
1801,0,Hiriéronlo,hirironlo
1801,1,así,as
1801,2,para,para
1801,3,castigarlos,castigarlos
1801,4,y,y
1801,5,para,para
1801,6,humillarlos,humillarlos
1801,7,y,y
1801,8,para,para
1801,9,darles,darles
1801,10,una,una
1801,11,muestra,muestra
1801,12,del,del
1801,13,poderío,podero
1801,14,de,de
1801,15,la,la
1801,16,gente,gente
1801,17,quiché,quich
1802,0,En,en
1802,1,cuanto,cuanto
1802,2,despertaron,despertaron
1802,3,quisieron,quisieron
1802,4,tomar,tomar
1802,5,sus,sus
1802,6,coronas,coronas
1802,7,y,y
1802,8,sus,sus
1802,9,varas,varas
1802,11,pero,pero
1802,12,ya,ya
1802,13,no,no
1802,14,tenían,tenan
1802,15,el,el
1802,16,metal,metal
1802,17,en,en
1802,18,el,el
1802,19,puño,puo
1802,20,ni,ni
1802,21,sus,sus
1802,22,coronas,coronas
1803,0,—¿Quién,quin
1803,1,nos,nos
1803,2,ha,ha
1803,3,despojado,despojado
1804,1,Quién,quin
1804,2,nos,nos
1804,3,ha,ha
1804,4,arrancado,arrancado
1804,5,las,las
1804,6,barbas,barbas
1805,1,De,de
1805,2,dónde,dnde
1805,3,han,han
1805,4,venido,venido
1805,5,a,a
1805,6,robarnos,robarnos
1805,7,nuestros,nuestros
1805,8,metales,metales
1805,9,preciosos,preciosos
1805,12,decían,decan
1805,13,todos,todos
1805,14,los,los
1805,15,guerreros,guerreros
1806,1,Serán,sern
1806,2,esos,esos
1806,3,demonios,demonios
1806,4,que,que
1806,5,se,se
1806,6,roban,roban
1806,7,a,a
1806,8,los,los
1806,9,hombres,hombres
1807,0,Pero,pero
1807,1,no,no
1807,2,conseguirán,conseguirn
1807,3,infundirnos,infundirnos
1807,4,miedo,miedo
1808,0,Entremos,entremos
1808,1,por,por
1808,2,la,la
1808,3,fuerza,fuerza
1808,4,a,a
1808,5,su,su
1808,6,ciudad,ciudad
1808,7,y,y
1808,8,así,as
1808,9,volveremos,volveremos
1808,10,a,a
1808,11,verle,verle
1808,12,la,la
1808,13,cara,cara
1808,14,a,a
1808,15,nuestra,nuestra
1808,16,plata,plata
1808,18,esto,esto
1808,19,les,les
1808,20,haremos,haremos
1808,22,dijeron,dijeron
1808,23,todas,todas
1808,24,las,las
1808,25,tribus,tribus
1808,27,y,y
1808,28,todos,todos
1808,29,ciertamente,ciertamente
1808,30,cumplirían,cumpliran
1808,31,su,su
1808,32,palabra,palabra
1809,0,Entre,entre
1809,1,tanto,tanto
1809,2,estaban,estaban
1809,3,tranquilos,tranquilos
1809,4,los,los
1809,5,corazones,corazones
1809,6,de,de
1809,7,los,los
1809,8,sacerdotes,sacerdotes
1809,9,y,y
1809,10,sacrificadores,sacrificadores
1809,11,en,en
1809,12,la,la
1809,13,cumbre,cumbre
1809,14,de,de
1809,15,la,la
1809,16,montaña,montaa
1810,0,Y,y
1810,1,habiendo,habiendo
1810,2,consultado,consultado
1810,3,Balarn-Quitzé,balarnquitz
1810,5,Balam-Acab,balamacab
1810,7,Mahucutah,mahucutah
1810,8,e,e
1810,9,Iqui-Balam,iquibalam
1810,11,construyeron,construyeron
1810,12,una,una
1810,13,muralla,muralla
1810,14,en,en
1810,15,las,las
1810,16,orillas,orillas
1810,17,de,de
1810,18,su,su
1810,19,ciudad,ciudad
1810,20,y,y
1810,21,la,la
1810,22,cercaron,cercaron
1810,23,de,de
1810,24,tablas,tablas
1810,25,y,y
1810,26,aguijones,aguijones
1811,0,Luego,luego
1811,1,hicieron,hicieron
1811,2,unos,unos
1811,3,muñecos,muecos
1811,4,que,que
1811,5,tomaron,tomaron
1811,6,forma,forma
1811,7,de,de
1811,8,hombres,hombres
1811,10,y,y
1811,11,los,los
1811,12,pusieron,pusieron
1811,13,en,en
1811,14,fila,fila
1811,15,sobre,sobre
1811,16,la,la
1811,17,muralla,muralla
1811,19,los,los
1811,20,armaron,armaron
1811,21,de,de
1811,22,escudos,escudos
1811,23,y,y
1811,24,de,de
1811,25,flechas,flechas
1811,26,Hicieron,hicieron
1811,27,unos,unos
1811,28,fosos,fosos
1811,29,alrededor,alrededor
1811,30,de,de
1811,31,la,la
1811,32,ciudad,ciudad
1811,33,y,y
1811,34,en,en
1811,35,seguida,seguida
1811,36,le,le
1811,37,pidieron,pidieron
1811,38,consejo,consejo
1811,39,a,a
1811,40,Tohil,tohil
1811,44,Nos,nos
1811,45,matarán,matarn
1812,1,Nos,nos
1812,2,vencerán,vencern
1812,5,dijeron,dijeron
1812,6,sus,sus
1812,7,corazones,corazones
1812,8,a,a
1812,9,Tohil,tohil
1813,2,No,no
1813,3,os,os
1813,4,aflijáis,aflijis
1814,0,Yo,yo
1814,1,estoy,estoy
1814,2,aquí,aqu
1815,0,Y,y
1815,1,esto,esto
1815,2,les,les
1815,3,pondréis,pondris
1816,0,No,no
1816,1,tengáis,tengis
1816,2,miedo,miedo
1816,4,les,les
1816,5,dijo,dijo
1816,6,a,a
1816,7,Balam-Quitzé,balamquitz
1816,9,Balam-Acab,balamacab
1816,10,Mahucutah,mahucutah
1816,11,e,e
1816,12,Iqui-Balam,iquibalam
1816,14,luego,luego
1816,15,les,les
1816,16,dieron,dieron
1816,17,los,los
1816,18,zánganos,znganos
1816,19,y,y
1816,20,las,las
1816,21,avispas,avispas
1817,0,Esto,esto
1817,1,fue,fue
1817,2,lo,lo
1817,3,que,que
1817,4,les,les
1817,5,fueron,fueron
1817,6,a,a
1817,7,traer,traer
1818,0,Y,y
1818,1,cuando,cuando
1818,2,vinieron,vinieron
1818,3,los,los
1818,4,pusieron,pusieron
1818,5,entre,entre
1818,6,cuatro,cuatro
1818,7,grandes,grandes
1818,8,calabazas,calabazas
1818,9,que,que
1818,10,colocaron,colocaron
1818,11,alrededor,alrededor
1818,12,de,de
1818,13,la,la
1818,14,ciudad,ciudad
1819,0,Encerraron,encerraron
1819,1,los,los
1819,2,zánganos,znganos
1819,3,y,y
1819,4,las,las
1819,5,avispas,avispas
1819,6,dentro,dentro
1819,7,de,de
1819,8,las,las
1819,9,calabazas,calabazas
1819,11,para,para
1819,12,combatir,combatir
1819,13,con,con
1819,14,ellos,ellos
1819,15,a,a
1819,16,los,los
1819,17,pueblos,pueblos
1820,0,La,la
1820,1,ciudad,ciudad
1820,2,estaba,estaba
1820,3,vigilada,vigilada
1820,4,desde,desde
1820,5,lejos,lejos
1820,7,espiada,espiada
1820,8,y,y
1820,9,observada,observada
1820,10,por,por
1820,11,los,los
1820,12,agentes,agentes
1820,13,de,de
1820,14,las,las
1820,15,tribus,tribus
1821,0,—No,no
1821,1,son,son
1821,2,numerosos,numerosos
1821,4,decían,decan
1822,0,Pero,pero
1822,1,sólo,slo
1822,2,vieron,vieron
1822,3,a,a
1822,4,los,los
1822,5,muñecos,muecos
1822,6,y,y
1822,7,los,los
1822,8,maniquíes,maniques
1822,9,que,que
1822,10,meneaban,meneaban
1822,11,suavemente,suavemente
1822,12,sus,sus
1822,13,arcos,arcos
1822,14,y,y
1822,15,sus,sus
1822,16,escudos,escudos
1823,0,Verdaderamente,verdaderamente
1823,1,tenían,tenan
1823,2,la,la
1823,3,apariencia,apariencia
1823,4,de,de
1823,5,hombres,hombres
1823,7,tenían,tenan
1823,8,en,en
1823,9,verdad,verdad
1823,10,aspecto,aspecto
1823,11,de,de
1823,12,combatientes,combatientes
1823,13,cuando,cuando
1823,14,los,los
1823,15,vieron,vieron
1823,16,las,las
1823,17,tribus,tribus
1823,19,y,y
1823,20,todas,todas
1823,21,las,las
1823,22,tribus,tribus
1823,23,se,se
1823,24,alegraron,alegraron
1823,25,porque,porque
1823,26,vieron,vieron
1823,27,que,que
1823,28,no,no
1823,29,eran,eran
1823,30,muchos,muchos
1824,0,Las,las
1824,1,tribus,tribus
1824,2,eran,eran
1824,3,muy,muy
1824,4,numerosas,numerosas
1824,6,no,no
1824,7,era,era
1824,8,posible,posible
1824,9,contar,contar
1824,10,la,la
1824,11,gente,gente
1824,13,los,los
1824,14,guerreros,guerreros
1824,15,y,y
1824,16,soldados,soldados
1824,17,que,que
1824,18,iban,iban
1824,19,a,a
1824,20,matar,matar
1824,21,a,a
1824,22,Baíam-Quitzé,baamquitz
1824,24,Balam-Acab,balamacab
1824,25,y,y
1824,26,Mahucutah,mahucutah
1824,28,quienes,quienes
1824,29,estaban,estaban
1824,30,en,en
1824,31,el,el
1824,32,monte,monte
1824,33,Hacaviíz,hacaviz
1824,35,nombre,nombre
1824,36,del,del
1824,37,lugar,lugar
1824,38,donde,donde
1824,39,se,se
1824,40,hallaban,hallaban
1825,0,Ahora,ahora
1825,1,contaremos,contaremos
1825,2,cómo,cmo
1825,3,fue,fue
1825,4,su,su
1825,5,llegada,llegada
1826,0,Estaban,estaban
1826,2,pues,pues
1826,4,Balam-Quitzé,balamquitz
1826,6,Balam-Acab,balamacab
1826,8,Mahucutah,mahucutah
1826,9,e,e
1826,10,Iqui-Balam,iquibalam
1826,12,estaban,estaban
1826,13,todos,todos
1826,14,juntos,juntos
1826,15,en,en
1826,16,la,la
1826,17,montaña,montaa
1826,18,con,con
1826,19,sus,sus
1826,20,mujeres,mujeres
1826,21,y,y
1826,22,sus,sus
1826,23,hijos,hijos
1826,24,cuando,cuando
1826,25,llegaron,llegaron
1826,26,todos,todos
1826,27,los,los
1826,28,guerreros,guerreros
1826,29,y,y
1826,30,soldados,soldados
1827,0,Las,las
1827,1,tribus,tribus
1827,2,no,no
1827,3,se,se
1827,4,componían,componan
1827,5,de,de
1827,6,dieciséis,diecisis
1827,7,mil,mil
1827,9,ni,ni
1827,10,de,de
1827,11,veinticuatro,veinticuatro
1827,12,mil,mil
1827,13,hombres,hombres
1828,0,Rodearon,rodearon
1828,1,toda,toda
1828,2,la,la
1828,3,ciudad,ciudad
1828,5,lanzando,lanzando
1828,6,grandes,grandes
1828,7,gritos,gritos
1828,8,armados,armados
1828,9,de,de
1828,10,flechas,flechas
1828,11,y,y
1828,12,de,de
1828,13,escudos,escudos
1828,15,tañendo,taendo
1828,16,tambores,tambores
1828,18,dando,dando
1828,19,el,el
1828,20,grito,grito
1828,21,de,de
1828,22,guerra,guerra
1828,24,silbando,silbando
1828,26,vociferando,vociferando
1828,28,incitando,incitando
1828,29,a,a
1828,30,la,la
1828,31,pelea,pelea
1828,33,cuando,cuando
1828,34,llegaron,llegaron
1828,35,al,al
1828,36,pie,pie
1828,37,de,de
1828,38,la,la
1828,39,ciudad,ciudad
1829,0,Pero,pero
1829,1,no,no
1829,2,se,se
1829,3,amedrentaban,amedrentaban
1829,4,los,los
1829,5,sacerdotes,sacerdotes
1829,6,y,y
1829,7,sacríficadores,sacrficadores
1829,9,solamente,solamente
1829,10,los,los
1829,11,veían,vean
1829,12,desde,desde
1829,13,la,la
1829,14,orilla,orilla
1829,15,de,de
1829,16,la,la
1829,17,muralla,muralla
1829,18,donde,donde
1829,19,estaban,estaban
1829,20,en,en
1829,21,buen,buen
1829,22,orden,orden
1829,23,con,con
1829,24,sus,sus
1829,25,mujeres,mujeres
1829,26,y,y
1829,27,sus,sus
1829,28,hijos,hijos
1830,0,Sólo,slo
1830,1,pensaban,pensaban
1830,2,en,en
1830,3,los,los
1830,4,esfuerzos,esfuerzos
1830,5,y,y
1830,6,vociferaciones,vociferaciones
1830,7,de,de
1830,8,la,la
1830,9,tribus,tribus
1830,10,cuando,cuando
1830,11,subían,suban
1830,12,éstas,stas
1830,13,por,por
1830,14,las,las
1830,15,faldas,faldas
1830,16,del,del
1830,17,monte,monte
1831,0,Poco,poco
1831,1,faltaba,faltaba
1831,2,ya,ya
1831,3,para,para
1831,4,que,que
1831,5,se,se
1831,6,arrojaran,arrojaran
1831,7,sobre,sobre
1831,8,la,la
1831,9,entrada,entrada
1831,10,de,de
1831,11,la,la
1831,12,ciudad,ciudad
1831,14,cuando,cuando
1831,15,abrieron,abrieron
1831,16,las,las
1831,17,cuatro,cuatro
1831,18,calabazas,calabazas
1831,19,que,que
1831,20,estaban,estaban
1831,21,a,a
1831,22,las,las
1831,23,orillas,orillas
1831,24,de,de
1831,25,la,la
1831,26,ciudad,ciudad
1831,28,cuando,cuando
1831,29,salieron,salieron
1831,30,los,los
1831,31,zánganos,znganos
1831,32,y,y
1831,33,las,las
1831,34,avispas,avispas
1831,36,como,como
1831,37,una,una
1831,38,humareda,humareda
1831,39,salieron,salieron
1831,40,de,de
1831,41,la,la
1831,42,calabazas,calabazas
1832,0,Y,y
1832,1,así,as
1832,2,perecieron,perecieron
1832,3,los,los
1832,4,guerreros,guerreros
1832,5,a,a
1832,6,causa,causa
1832,7,de,de
1832,8,lo,lo
1832,9,insectos,insectos
1832,10,que,que
1832,11,les,les
1832,12,mordían,mordan
1832,13,las,las
1832,14,niñas,nias
1832,15,de,de
1832,16,los,los
1832,17,ojos,ojos
1832,19,y,y
1832,20,se,se
1832,21,le,le
1832,22,prendían,prendan
1832,23,de,de
1832,24,las,las
1832,25,narices,narices
1832,27,la,la
1832,28,boca,boca
1832,30,las,las
1832,31,piernas,piernas
1832,32,y,y
1832,33,los,los
1832,34,brazos,brazos
1833,2,En,en
1833,3,dónde,dnde
1833,4,están,estn
1833,6,decían,decan
1833,8,los,los
1833,9,que,que
1833,10,fueron,fueron
1833,11,a,a
1833,12,coger,coger
1833,14,los,los
1833,15,que,que
1833,16,fueron,fueron
1833,17,a,a
1833,18,sacar,sacar
1833,19,todos,todos
1833,20,los,los
1833,21,zánganos,znganos
1833,22,y,y
1833,23,avispas,avispas
1833,24,que,que
1833,25,aquí,aqu
1833,26,están,estn
1834,0,Directamente,directamente
1834,1,iban,iban
1834,2,a,a
1834,3,picarles,picarles
1834,4,las,las
1834,5,niñas,nias
1834,6,de,de
1834,7,los,los
1834,8,ojos,ojos
1834,10,zumbaban,zumbaban
1834,11,en,en
1834,12,bandadas,bandadas
1834,13,los,los
1834,14,animalejos,animalejos
1834,15,sobre,sobre
1834,16,cada,cada
1834,17,uno,uno
1834,18,de,de
1834,19,lo,lo
1834,20,hombres,hombres
1834,22,y,y
1834,23,aturdidos,aturdidos
1834,24,por,por
1834,25,los,los
1834,26,zánganos,znganos
1834,27,y,y
1834,28,las,las
1834,29,avispas,avispas
1834,31,ya,ya
1834,32,no,no
1834,33,pudieron,pudieron
1834,34,empuñar,empuar
1834,35,sus,sus
1834,36,arcos,arcos
1834,37,ni,ni
1834,38,sus,sus
1834,39,escudos,escudos
1834,41,que,que
1834,42,estaban,estaban
1834,43,doblados,doblados
1834,44,en,en
1834,45,el,el
1834,46,suelo,suelo
1835,0,Cuando,cuando
1835,1,caían,caan
1835,2,quedaban,quedaban
1835,3,tendidos,tendidos
1835,4,en,en
1835,5,las,las
1835,6,faldas,faldas
1835,7,de,de
1835,8,la,la
1835,9,montaña,montaa
1835,10,y,y
1835,11,ya,ya
1835,12,no,no
1835,13,sentían,sentan
1835,14,cuando,cuando
1835,15,les,les
1835,16,disparaban,disparaban
1835,17,las,las
1835,18,flechas,flechas
1835,19,y,y
1835,20,los,los
1835,21,herían,heran
1835,22,las,las
1835,23,hachas,hachas
1836,0,Solamente,solamente
1836,1,palos,palos
1836,2,sin,sin
1836,3,punta,punta
1836,4,usaron,usaron
1836,5,Balam-Quitzé,balamquitz
1836,6,y,y
1836,7,Balam-Acab,balamacab
1837,0,Sus,sus
1837,1,mujeres,mujeres
1837,2,también,tambin
1837,3,entraron,entraron
1837,4,a,a
1837,5,matar,matar
1838,0,Sólo,slo
1838,1,una,una
1838,2,parte,parte
1838,3,regresó,regres
1838,4,y,y
1838,5,todas,todas
1838,6,las,las
1838,7,tribus,tribus
1838,8,echaron,echaron
1838,9,a,a
1838,10,correr.-Pero,correrpero
1838,11,los,los
1838,12,primeros,primeros
1838,13,que,que
1838,14,cogieron,cogieron
1838,15,los,los
1838,16,acabaron,acabaron
1838,18,los,los
1838,19,mataron,mataron
1838,21,no,no
1838,22,fueron,fueron
1838,23,pocos,pocos
1838,24,los,los
1838,25,hombres,hombres
1838,26,que,que
1838,27,murieron,murieron
1838,29,y,y
1838,30,no,no
1838,31,murieron,murieron
1838,32,los,los
1838,33,que,que
1838,34,ellos,ellos
1838,35,pensaban,pensaban
1838,36,perseguir,perseguir
1838,38,sino,sino
1838,39,los,los
1838,40,que,que
1838,41,los,los
1838,42,insectos,insectos
1838,43,atacaban,atacaban
1839,0,Tampoco,tampoco
1839,1,fue,fue
1839,2,obra,obra
1839,3,de,de
1839,4,valentía,valenta
1839,6,porque,porque
1839,7,no,no
1839,8,murieron,murieron
1839,9,por,por
1839,10,las,las
1839,11,flechas,flechas
1839,12,ni,ni
1839,13,por,por
1839,14,los,los
1839,15,escudos,escudos
1840,0,Entonces,entonces
1840,1,se,se
1840,2,rindieron,rindieron
1840,3,todas,todas
1840,4,las,las
1840,5,tribus,tribus
1841,0,Humilláronse,humillronse
1841,1,los,los
1841,2,pueblos,pueblos
1841,3,ante,ante
1841,4,Balam-Quitzé,balamquitz
1841,6,Balam-Acab,balamacab
1841,7,y,y
1841,8,Mahucutah,mahucutah
1842,1,Tened,tened
1842,2,piedad,piedad
1842,3,de,de
1842,4,nosotros,nosotros
1842,6,no,no
1842,7,nos,nos
1842,8,matéis,matis
1842,10,exclamaron,exclamaron
1843,1,Muy,muy
1843,2,bien,bien
1844,0,Aunque,aunque
1844,1,sois,sois
1844,2,dignos,dignos
1844,3,de,de
1844,4,morir,morir
1844,6,os,os
1844,7,volveréis,volveris
1844,9,nuestros,nuestros
1844,11,vasallos,vasallos
1844,12,por,por
1844,13,toda,toda
1844,14,la,la
1844,15,vida,vida
1844,17,les,les
1844,18,dijeron,dijeron
1845,0,De,de
1845,1,esta,esta
1845,2,manera,manera
1845,3,fue,fue
1845,4,la,la
1845,5,derrota,derrota
1845,6,de,de
1845,7,todas,todas
1845,8,las,las
1845,9,tribus,tribus
1845,10,por,por
1845,11,nuestras,nuestras
1845,12,primeras,primeras
1845,13,madres,madres
1845,14,y,y
1845,15,padres,padres
1845,17,y,y
1845,18,esto,esto
1845,19,pasó,pas
1845,20,allá,all
1845,21,sobre,sobre
1845,22,el,el
1845,23,monte,monte
1845,24,Hacavhz,hacavhz
1845,26,como,como
1845,27,ahora,ahora
1845,28,se,se
1845,29,le,le
1845,30,llama,llama
1846,0,En,en
1846,1,éste,ste
1846,2,fue,fue
1846,3,donde,donde
1846,4,primero,primero
1846,5,estuvieron,estuvieron
1846,6,fundados,fundados
1846,7,donde,donde
1846,9,se,se
1846,10,multiplicaron,multiplicaron
1846,11,y,y
1846,12,aumentaron,aumentaron
1846,14,engendraron,engendraron
1846,15,sus,sus
1846,16,hijas,hijas
1846,18,dieron,dieron
1846,19,el,el
1846,20,ser,ser
1846,21,a,a
1846,22,sus,sus
1846,23,hijos,hijos
1846,25,sobre,sobre
1846,26,el,el
1846,27,monte,monte
1846,28,Hacavitz,hacavitz
1847,0,Estaban,estaban
1847,1,pues,pues
1847,2,muy,muy
1847,3,contentos,contentos
1847,5,cuando,cuando
1847,6,vencierona,vencierona
1847,7,todas,todas
1847,8,las,las
1847,9,tribus,tribus
1847,11,a,a
1847,12,los,los
1847,13,que,que
1847,14,derrotaron,derrotaron
1847,15,allá,all
1847,16,en,en
1847,17,la,la
1847,18,cumbre,cumbre
1847,19,del,del
1847,20,monte,monte
1848,0,Así,as
1848,1,fue,fue
1848,2,como,como
1848,3,llevaron,llevaron
1848,4,a,a
1848,5,cabo,cabo
1848,6,la,la
1848,7,derrota,derrota
1848,8,de,de
1848,9,las,las
1848,10,tribus,tribus
1848,11,de,de
1848,12,todas,todas
1848,13,las,las
1848,14,tribus,tribus
1849,0,Después,despus
1849,1,de,de
1849,2,esto,esto
1849,3,descansaron,descansaron
1849,4,sus,sus
1849,5,corazones,corazones
1850,0,Y,y
1850,1,les,les
1850,2,dijeron,dijeron
1850,3,a,a
1850,4,sus,sus
1850,5,hijos,hijos
1850,6,que,que
1850,7,cuando,cuando
1850,8,los,los
1850,9,quisieron,quisieron
1850,10,matar,matar
1850,12,ya,ya
1850,13,se,se
1850,14,acercaba,acercaba
1850,15,la,la
1850,16,hora,hora
1850,17,de,de
1850,18,su,su
1850,19,muerte,muerte
1850,20,Y,y
1850,21,ahora,ahora
1850,22,cantaremos,cantaremos
1850,23,la,la
1850,24,muerte,muerte
1850,25,de,de
1850,26,Balam-Quitzé,balamquitz
1850,28,Balam-Acab,balamacab
1850,30,Mahucutah,mahucutah
1850,31,e,e
1850,32,Iqui-Balam,iquibalam
1850,34,así,as
1850,35,llamados,llamados
1851,0,Y,y
1851,1,como,como
1851,2,ya,ya
1851,3,presentían,presentan
1851,4,su,su
1851,5,muerte,muerte
1851,6,y,y
1851,7,su,su
1851,8,fin,fin
1851,10,les,les
1851,11,dieron,dieron
1851,12,sus,sus
1851,13,consejos,consejos
1851,14,a,a
1851,15,sus,sus
1851,16,hijos,hijos
1852,0,No,no
1852,1,estaban,estaban
1852,2,enfermos,enfermos
1852,4,no,no
1852,5,sentían,sentan
1852,6,dolor,dolor
1852,7,ni,ni
1852,8,agonía,agona
1852,9,cuando,cuando
1852,10,dejaron,dejaron
1852,11,sus,sus
1852,12,recomendaciones,recomendaciones
1852,13,a,a
1852,14,sus,sus
1852,15,hijos,hijos
1853,0,Estos,estos
1853,1,son,son
1853,2,los,los
1853,3,nombres,nombres
1853,4,de,de
1853,5,sus,sus
1853,6,hijos,hijos
1853,8,Baíam-Quitzé,baamquitz
1853,9,tuvo,tuvo
1853,10,dos,dos
1853,11,hijos,hijos
1853,13,Qocaib,qocaib
1853,14,se,se
1853,15,llamaba,llamaba
1853,16,el,el
1853,17,primero,primero
1853,18,y,y
1853,19,Qocavib,qocavib
1853,20,era,era
1853,21,el,el
1853,22,nombre,nombre
1853,23,del,del
1853,24,segundo,segundo
1853,25,hijo,hijo
1853,26,de,de
1853,27,Balam-Quitzé,balamquitz
1853,29,el,el
1853,30,abuelo,abuelo
1853,31,y,y
1853,32,padre,padre
1853,33,de,de
1853,34,los,los
1853,35,de,de
1853,36,Cavec,cavec
1854,0,Y,y
1854,1,éstos,stos
1854,2,son,son
1854,3,los,los
1854,4,dos,dos
1854,5,hijos,hijos
1854,6,que,que
1854,7,engendró,engendr
1854,8,Balam-Acab,balamacab
1854,10,he,he
1854,11,aquí,aqu
1854,12,sus,sus
1854,13,nombres,nombres
1854,15,Qoacul,qoacul
1854,16,se,se
1854,17,llamaba,llamaba
1854,18,el,el
1854,19,rpimero,rpimero
1854,20,de,de
1854,21,sus,sus
1854,22,hijos,hijos
1854,23,y,y
1854,24,Qoacutec,qoacutec
1854,25,fue,fue
1854,26,llamado,llamado
1854,27,el,el
1854,28,segundo,segundo
1854,29,hijo,hijo
1854,30,de,de
1854,31,Balam-Acab,balamacab
1854,33,de,de
1854,34,los,los
1854,35,de,de
1854,36,Nihaib,nihaib
1855,0,Mahucutah,mahucutah
1855,1,tuvo,tuvo
1855,2,solamente,solamente
1855,3,un,un
1855,4,hijo,hijo
1855,5,que,que
1855,6,se,se
1855,7,llamaba,llamaba
1855,8,Qoahau,qoahau
1856,0,Aquellos,aquellos
1856,1,tres,tres
1856,2,tuvieron,tuvieron
1856,3,hijos,hijos
1856,4,pero,pero
1856,5,Iqui-Balam,iquibalam
1856,6,no,no
1856,7,tuvo,tuvo
1856,8,hijos,hijos
1857,0,Ellos,ellos
1857,1,eran,eran
1857,2,verdaderamente,verdaderamente
1857,3,los,los
1857,4,sacrificadores,sacrificadores
1857,5,y,y
1857,6,éstos,stos
1857,7,son,son
1857,8,los,los
1857,9,nombres,nombres
1857,10,de,de
1857,11,sus,sus
1857,12,hijos,hijos
1858,0,Así,as
1858,2,pues,pues
1858,4,se,se
1858,5,despidieron,despidieron
1858,6,de,de
1858,7,ellos,ellos
1859,0,Estaban,estaban
1859,1,juntos,juntos
1859,2,los,los
1859,3,cuatro,cuatro
1859,4,y,y
1859,5,se,se
1859,6,pusieron,pusieron
1859,7,a,a
1859,8,cantar,cantar
1859,10,sintiendo,sintiendo
1859,11,tristeza,tristeza
1859,12,en,en
1859,13,sus,sus
1859,14,corazones,corazones
1859,16,y,y
1859,17,sus,sus
1859,18,corazones,corazones
1859,19,lloraban,lloraban
1859,20,cuando,cuando
1859,21,cantaron,cantaron
1859,22,el,el
1859,23,Camucú,camuc
1859,25,que,que
1859,26,así,as
1859,27,se,se
1859,28,llamaba,llamaba
1859,29,la,la
1859,30,canción,cancin
1859,31,que,que
1859,32,cantaron,cantaron
1859,33,cuando,cuando
1859,34,se,se
1859,35,despidieron,despidieron
1859,36,de,de
1859,37,sus,sus
1859,38,hijos,hijos
1860,2,Oh,oh
1860,3,hijos,hijos
1860,4,nuestros,nuestros
1861,0,Nosotros,nosotros
1861,1,nos,nos
1861,2,vamos,vamos
1861,4,nosotros,nosotros
1861,5,regresamos,regresamos
1861,7,sanas,sanas
1861,8,recomendaciones,recomendaciones
1861,9,y,y
1861,10,sabios,sabios
1861,11,consejos,consejos
1861,12,os,os
1861,13,dejamos,dejamos
1862,0,Y,y
1862,1,vosotras,vosotras
1862,2,también,tambin
1862,3,que,que
1862,4,vinisteis,vinisteis
1862,5,de,de
1862,6,nuestra,nuestra
1862,7,lejana,lejana
1862,8,Patria,patria
1862,11,oh,oh
1862,12,es,es
1862,13,posas,posas
1862,14,nuestras,nuestras
1862,17,les,les
1862,18,dijeron,dijeron
1862,19,a,a
1862,20,sus,sus
1862,21,mujeres,mujeres
1862,23,y,y
1862,24,de,de
1862,25,cada,cada
1862,26,una,una
1862,27,de,de
1862,28,ellas,ellas
1862,29,se,se
1862,30,despidieron,despidieron
1863,0,Nosotros,nosotros
1863,1,nos,nos
1863,2,volvemos,volvemos
1863,3,a,a
1863,4,nuestro,nuestro
1863,5,pueblo,pueblo
1863,7,ya,ya
1863,8,está,est
1863,9,en,en
1863,10,su,su
1863,11,sitio,sitio
1863,12,Nuestro,nuestro
1863,13,Señor,seor
1863,14,de,de
1863,15,los,los
1863,16,Venados,venados
1863,18,manifiesto,manifiesto
1863,19,está,est
1863,20,en,en
1863,21,el,el
1863,22,cielo,cielo
1864,0,Vamos,vamos
1864,1,a,a
1864,2,emprender,emprender
1864,3,el,el
1864,4,regreso,regreso
1864,5,hemos,hemos
1864,6,cumplido,cumplido
1864,7,nuestra,nuestra
1864,8,misión,misin
1864,10,nuestros,nuestros
1864,11,dios,dios
1864,12,están,estn
1864,13,terminados,terminados
1865,0,Pensad,pensad
1865,2,pues,pues
1865,4,en,en
1865,5,nosotros,nosotros
1865,7,no,no
1865,8,nos,nos
1865,9,borréis,borris
1865,11,de,de
1865,12,la,la
1865,13,memoria,memoria
1865,16,ni,ni
1865,17,nos,nos
1865,18,olvidéis,olvidis
1866,0,Volveréis,volveris
1866,1,a,a
1866,2,ver,ver
1866,3,vuestros,vuestros
1866,4,hogares,hogares
1866,5,y,y
1866,6,vuestras,vuestras
1866,7,montañas,montaas
1866,9,estableceos,estableceos
1866,10,allí,all
1866,12,y,y
1866,13,que,que
1866,15,así,as
1866,16,sea,sea
1866,18,Continuad,continuad
1866,19,vuestro,vuestro
1866,20,camino,camino
1866,21,y,y
1866,22,veréis,veris
1866,23,de,de
1866,24,nuevo,nuevo
1866,25,el,el
1866,26,lugar,lugar
1866,27,de,de
1866,28,donde,donde
1866,29,vinimos,vinimos
1867,0,Estas,estas
1867,1,palabras,palabras
1867,2,pronunciaron,pronunciaron
1867,3,cuando,cuando
1867,4,se,se
1867,5,despidieron,despidieron
1868,0,Luego,luego
1868,1,dejó,dej
1868,2,Balam-Quitzé,balamquitz
1868,3,la,la
1868,4,señal,seal
1868,5,de,de
1868,6,su,su
1868,7,existencia,existencia
1868,10,Este,este
1868,11,es,es
1868,12,un,un
1868,13,recuerdo,recuerdo
1868,14,que,que
1868,15,dejo,dejo
1868,16,para,para
1868,17,vosotros,vosotros
1869,0,Este,este
1869,1,será,ser
1869,2,vuestro,vuestro
1869,3,poder,poder
1870,0,Yo,yo
1870,1,me,me
1870,2,despido,despido
1870,3,lleno,lleno
1870,4,de,de
1870,5,tristeza,tristeza
1870,7,agregó,agreg
1871,0,Entonces,entonces
1871,1,dejó,dej
1871,2,la,la
1871,3,señal,seal
1871,4,de,de
1871,5,su,su
1871,6,ser,ser
1871,8,el,el
1871,9,Pizom-Gogal,pizomgogal
1871,11,así,as
1871,12,llamado,llamado
1871,14,cuyo,cuyo
1871,15,contenido,contenido
1871,16,era,era
1871,17,invisible,invisible
1871,18,porque,porque
1871,19,estaba,estaba
1871,20,envuelto,envuelto
1871,21,y,y
1871,22,no,no
1871,23,podía,poda
1871,24,desenvolverse,desenvolverse
1871,26,no,no
1871,27,se,se
1871,28,veía,vea
1871,29,la,la
1871,30,costura,costura
1871,31,porque,porque
1871,32,no,no
1871,33,se,se
1871,34,vio,vio
1871,35,cuando,cuando
1871,36,lo,lo
1871,37,envolvieron,envolvieron
1872,0,De,de
1872,1,esta,esta
1872,2,manera,manera
1872,3,se,se
1872,4,despidieron,despidieron
1872,5,y,y
1872,6,en,en
1872,7,seguida,seguida
1872,8,desaparecieron,desaparecieron
1872,9,allá,all
1872,10,en,en
1872,11,la,la
1872,12,cima,cima
1872,13,del,del
1872,14,monte,monte
1872,15,Hacavitz,hacavitz
1873,0,No,no
1873,1,fueron,fueron
1873,2,enterrados,enterrados
1873,3,por,por
1873,4,sus,sus
1873,5,mujeres,mujeres
1873,7,ni,ni
1873,8,por,por
1873,9,sus,sus
1873,10,hijos,hijos
1873,12,porque,porque
1873,13,no,no
1873,14,se,se
1873,15,vio,vio
1873,16,qué,qu
1873,17,se,se
1873,18,hicieron,hicieron
1873,19,cuando,cuando
1873,20,desaparecieron,desaparecieron
1874,0,Sólo,slo
1874,1,se,se
1874,2,vio,vio
1874,3,claramente,claramente
1874,4,su,su
1874,5,despedida,despedida
1874,6,y,y
1874,7,así,as
1874,8,el,el
1874,9,envoltorio,envoltorio
1874,10,fue,fue
1874,11,muy,muy
1874,12,querido,querido
1874,13,para,para
1874,14,ellos,ellos
1875,0,Era,era
1875,1,el,el
1875,2,recuerdo,recuerdo
1875,3,de,de
1875,4,sus,sus
1875,5,padres,padres
1875,6,e,e
1875,7,inmediatamente,inmediatamente
1875,8,quemaron,quemaron
1875,9,copal,copal
1875,10,ante,ante
1875,11,este,este
1875,12,recuerdo,recuerdo
1875,13,de,de
1875,14,sus,sus
1875,15,padres,padres
1876,0,Y,y
1876,1,entonces,entonces
1876,2,fueron,fueron
1876,3,creados,creados
1876,4,los,los
1876,5,hombres,hombres
1876,6,por,por
1876,7,los,los
1876,8,Señores,seores
1876,9,que,que
1876,10,sucedieron,sucedieron
1876,11,a,a
1876,12,Balam-Quitzé,balamquitz
1876,13,cuando,cuando
1876,14,dieron,dieron
1876,15,principio,principio
1876,16,los,los
1876,17,abuelos,abuelos
1876,18,y,y
1876,19,padres,padres
1876,20,de,de
1876,21,los,los
1876,22,de,de
1876,23,Cavec,cavec
1876,25,pero,pero
1876,26,no,no
1876,27,desaparecieron,desaparecieron
1876,28,sus,sus
1876,29,hijos,hijos
1876,31,los,los
1876,32,llamados,llamados
1876,33,Qocaib,qocaib
1876,34,y,y
1876,35,Qocavib,qocavib
1877,0,Así,as
1877,1,murieron,murieron
1877,2,los,los
1877,3,cuatro,cuatro
1877,4,nuestros,nuestros
1877,5,primeros,primeros
1877,6,abuelos,abuelos
1877,7,y,y
1877,8,padres,padres
1877,10,así,as
1877,11,desaparecieron,desaparecieron
1877,12,dejando,dejando
1877,13,a,a
1877,14,sus,sus
1877,15,hijos,hijos
1877,16,sobre,sobre
1877,17,el,el
1877,18,monte,monte
1877,19,Hacavitz,hacavitz
1877,20,allá,all
1877,21,donde,donde
1877,22,permanecieron,permanecieron
1877,23,sus,sus
1877,24,hijos,hijos
1878,0,Y,y
1878,1,estando,estando
1878,2,ya,ya
1878,3,los,los
1878,4,pueblos,pueblos
1878,5,sometidos,sometidos
1878,6,y,y
1878,7,terminada,terminada
1878,8,su,su
1878,9,grandeza,grandeza
1878,11,las,las
1878,12,tribus,tribus
1878,13,ya,ya
1878,14,no,no
1878,15,tenían,tenan
1878,16,ningún,ningn
1878,17,poder,poder
1878,18,y,y
1878,19,vivían,vivan
1878,20,todas,todas
1878,21,dedicadas,dedicadas
1878,22,a,a
1878,23,servir,servir
1878,24,diariamente,diariamente
1879,0,Se,se
1879,1,acordaban,acordaban
1879,2,de,de
1879,3,sus,sus
1879,4,padres,padres
1879,6,grande,grande
1879,7,era,era
1879,8,para,para
1879,9,ellos,ellos
1879,10,la,la
1879,11,gloria,gloria
1879,12,del,del
1879,13,Envoltorio,envoltorio
1880,0,Jamás,jams
1880,1,lo,lo
1880,2,desataban,desataban
1880,3,sino,sino
1880,4,que,que
1880,5,estaba,estaba
1880,6,siempre,siempre
1880,7,enrollado,enrollado
1880,8,y,y
1880,9,con,con
1880,10,ellos,ellos
1881,0,Envoltorio,envoltorio
1881,1,de,de
1881,2,Grandeza,grandeza
1881,3,le,le
1881,4,llamaron,llamaron
1881,5,cuando,cuando
1881,6,ensalzaron,ensalzaron
1881,7,y,y
1881,8,pusieron,pusieron
1881,9,nombre,nombre
1881,10,a,a
1881,11,la,la
1881,12,custodia,custodia
1881,13,que,que
1881,14,les,les
1881,15,dejaron,dejaron
1881,16,sus,sus
1881,17,padres,padres
1881,18,como,como
1881,19,señal,seal
1881,20,de,de
1881,21,su,su
1881,22,existencia,existencia
1882,0,Así,as
1882,1,fue,fue
1882,2,pues,pues
1882,3,la,la
1882,4,desaparición,desaparicin
1882,5,y,y
1882,6,fin,fin
1882,7,de,de
1882,8,Balam-Quitzé,balamquitz
1882,9,Balam-Acab,balamacab
1882,11,Mahucutah,mahucutah
1882,12,e,e
1882,13,Iqui-Balam,iquibalam
1882,15,los,los
1882,16,primeros,primeros
1882,17,varones,varones
1882,18,que,que
1882,19,vinieron,vinieron
1882,20,de,de
1882,21,allá,all
1882,22,del,del
1882,23,otro,otro
1882,24,lado,lado
1882,25,del,del
1882,26,mar,mar
1882,28,de,de
1882,29,donde,donde
1882,30,nace,nace
1882,31,el,el
1882,32,sol,sol
1883,0,Hacía,haca
1883,1,mucho,mucho
1883,2,tiempo,tiempo
1883,3,que,que
1883,4,habían,haban
1883,5,venido,venido
1883,6,aquí,aqu
1883,7,cuando,cuando
1883,8,murieron,murieron
1883,9,siendo,siendo
1883,10,muy,muy
1883,11,viejos,viejos
1883,12,los,los
1883,13,jefes,jefes
1883,14,y,y
1883,15,sacrificadores,sacrificadores
1883,16,así,as
1883,17,llamados,llamados
1884,0,Luego,luego
1884,1,dispusieron,dispusieron
1884,2,irse,irse
1884,3,al,al
1884,4,Oriente,oriente
1884,6,pensando,pensando
1884,7,cumplir,cumplir
1884,8,así,as
1884,9,la,la
1884,10,recomendación,recomendacin
1884,11,de,de
1884,12,sus,sus
1884,13,padres,padres
1884,14,que,que
1884,15,no,no
1884,16,habían,haban
1884,17,olvidado,olvidado
1885,0,Hacía,haca
1885,1,mucho,mucho
1885,2,tiempo,tiempo
1885,3,que,que
1885,4,sus,sus
1885,5,padres,padres
1885,6,habían,haban
1885,7,muerto,muerto
1885,8,cuando,cuando
1885,9,las,las
1885,10,tribus,tribus
1885,11,les,les
1885,12,dieron,dieron
1885,13,sus,sus
1885,14,mujeres,mujeres
1885,16,y,y
1885,17,se,se
1885,18,emparentaron,emparentaron
1885,19,cuando,cuando
1885,20,los,los
1885,21,tres,tres
1885,22,tomaron,tomaron
1885,23,mujer,mujer
1886,0,Y,y
1886,1,al,al
1886,2,marcharse,marcharse
1886,3,dijeron,dijeron
1886,6,Vamos,vamos
1886,7,al,al
1886,8,Oriente,oriente
1886,10,allá,all
1886,11,de,de
1886,12,donde,donde
1886,13,vinieron,vinieron
1886,14,nuestros,nuestros
1886,15,padres,padres
1887,0,Así,as
1887,1,dijeron,dijeron
1887,2,cuando,cuando
1887,3,se,se
1887,4,pusieron,pusieron
1887,5,en,en
1887,6,camino,camino
1887,7,los,los
1887,8,tres,tres
1887,9,hijos,hijos
1888,0,Qocaib,qocaib
1888,1,llamábase,llambase
1888,2,el,el
1888,3,uno,uno
1888,4,y,y
1888,5,era,era
1888,6,hijo,hijo
1888,7,de,de
1888,8,Balam-Quitzé,balamquitz
1888,10,de,de
1888,11,los,los
1888,12,de,de
1888,13,Cavec,cavec
1889,0,El,el
1889,1,llamado,llamado
1889,2,Qoacutec,qoacutec
1889,3,era,era
1889,4,hijo,hijo
1889,5,de,de
1889,6,Balam-Acab,balamacab
1889,8,de,de
1889,9,los,los
1889,10,de,de
1889,11,Nihaib,nihaib
1889,13,y,y
1889,14,el,el
1889,15,otro,otro
1889,16,que,que
1889,17,se,se
1889,18,llamaba,llamaba
1889,19,Qoahau,qoahau
1889,20,era,era
1889,21,hijo,hijo
1889,22,de,de
1889,23,Mahucutah,mahucutah
1889,25,de,de
1889,26,los,los
1889,27,Ahau-Quiché,ahauquich
1890,0,Estos,estos
1890,1,son,son
1890,3,pues,pues
1890,5,los,los
1890,6,nombres,nombres
1890,7,de,de
1890,8,los,los
1890,9,que,que
1890,10,fueron,fueron
1890,11,allá,all
1890,12,al,al
1890,13,otro,otro
1890,14,lado,lado
1890,15,del,del
1890,16,mar,mar
1890,18,los,los
1890,19,tres,tres
1890,20,se,se
1890,21,fueron,fueron
1890,22,entonces,entonces
1890,24,y,y
1890,25,estaban,estaban
1890,26,dotados,dotados
1890,27,de,de
1890,28,inteligencia,inteligencia
1890,29,y,y
1890,30,de,de
1890,31,experiencia,experiencia
1890,33,su,su
1890,34,condición,condicin
1890,35,no,no
1890,36,era,era
1890,37,de,de
1890,38,hombres,hombres
1890,39,vanos,vanos
1891,0,Despidiéronse,despidironse
1891,1,de,de
1891,2,todos,todos
1891,3,sus,sus
1891,4,hermanosy,hermanosy
1891,5,parientes,parientes
1891,6,y,y
1891,7,se,se
1891,8,marcharon,marcharon
1891,9,alegremente,alegremente
1892,1,No,no
1892,2,moriremos,moriremos
1892,4,volveremos,volveremos
1892,7,dijeron,dijeron
1892,8,cuando,cuando
1892,9,se,se
1892,10,fueron,fueron
1892,11,los,los
1892,12,tres,tres
1893,0,Seguramente,seguramente
1893,1,pasaron,pasaron
1893,2,sobre,sobre
1893,3,el,el
1893,4,mar,mar
1893,5,cuando,cuando
1893,6,llegaron,llegaron
1893,7,allá,all
1893,8,al,al
1893,9,Oriente,oriente
1893,10,cuando,cuando
1893,11,fueron,fueron
1893,12,a,a
1893,13,recibir,recibir
1893,14,la,la
1893,15,investidura,investidura
1893,16,del,del
1893,17,reino,reino
1894,0,Y,y
1894,1,éste,ste
1894,2,era,era
1894,3,el,el
1894,4,nombre,nombre
1894,5,del,del
1894,6,Señor,seor
1894,8,Rey,rey
1894,9,del,del
1894,10,Oriente,oriente
1894,11,donde,donde
1894,12,llegaron,llegaron
1895,0,Cuando,cuando
1895,1,llegaron,llegaron
1895,2,ante,ante
1895,3,el,el
1895,4,Señor,seor
1895,5,Nacxit,nacxit
1895,7,que,que
1895,8,éste,ste
1895,9,era,era
1895,10,el,el
1895,11,nombre,nombre
1895,12,del,del
1895,13,gran,gran
1895,14,Señor,seor
1895,16,el,el
1895,17,único,nico
1895,18,juez,juez
1895,19,supremo,supremo
1895,20,de,de
1895,21,todos,todos
1895,22,los,los
1895,23,reinos,reinos
1895,25,aquél,aqul
1895,26,les,les
1895,27,dio,dio
1895,28,las,las
1895,29,insignias,insignias
1895,30,del,del
1895,31,reino,reino
1895,32,y,y
1895,33,todos,todos
1895,34,sus,sus
1895,35,distintivos,distintivos
1896,0,Entonces,entonces
1896,1,vinieron,vinieron
1896,2,las,las
1896,3,insignias,insignias
1896,4,de,de
1896,5,los,los
1896,6,Ahpop,ahpop
1896,7,y,y
1896,8,los,los
1896,9,Ahpop-Camhá,ahpopcamh
1896,10,y,y
1896,11,entonces,entonces
1896,12,vino,vino
1896,13,la,la
1896,14,insignia,insignia
1896,15,de,de
1896,16,la,la
1896,17,grandeza,grandeza
1896,18,y,y
1896,19,del,del
1896,20,señorío,seoro
1896,21,del,del
1896,22,Ahpop,ahpop
1896,23,y,y
1896,24,el,el
1896,25,Ahpop-Camhá,ahpopcamh
1896,26,y,y
1896,27,Nacxit,nacxit
1896,28,acabó,acab
1896,29,de,de
1896,30,darles,darles
1896,31,las,las
1896,32,insignias,insignias
1896,33,de,de
1896,34,la,la
1896,35,realeza,realeza
1896,37,cuyos,cuyos
1896,38,nombres,nombres
1896,39,son,son
1896,41,el,el
1896,42,dosel,dosel
1896,44,el,el
1896,45,trono,trono
1896,47,las,las
1896,48,flautas,flautas
1896,49,de,de
1896,50,hueso,hueso
1896,52,el,el
1896,53,cham-cham,chamcham
1896,55,cuentas,cuentas
1896,56,amarillas,amarillas
1896,58,garras,garras
1896,59,de,de
1896,60,león,len
1896,62,garras,garras
1896,63,tigre,tigre
1896,65,cabezas,cabezas
1896,66,y,y
1896,67,patas,patas
1896,68,de,de
1896,69,venado,venado
1896,71,palios,palios
1896,73,conchas,conchas
1896,74,de,de
1896,75,caracol,caracol
1896,77,tabaco,tabaco
1896,79,calabacillas,calabacillas
1896,81,plumas,plumas
1896,82,de,de
1896,83,papagayo,papagayo
1896,85,estandartes,estandartes
1896,86,de,de
1896,87,pluma,pluma
1896,88,de,de
1896,89,garza,garza
1896,90,real,real
1896,92,tatam,tatam
1896,93,y,y
1896,94,caxcón,caxcn
1897,0,Todo,todo
1897,1,esto,esto
1897,2,trajeron,trajeron
1897,3,los,los
1897,4,que,que
1897,5,vinieron,vinieron
1897,6,cuando,cuando
1897,7,fueron,fueron
1897,8,a,a
1897,9,recibir,recibir
1897,10,al,al
1897,11,lado,lado
1897,12,del,del
1897,13,mar,mar
1897,14,las,las
1897,15,pinturas,pinturas
1897,16,de,de
1897,17,Tulán,tuln
1897,19,las,las
1897,20,pinturas,pinturas
1897,22,como,como
1897,23,llamaban,llamaban
1897,24,a,a
1897,25,aquello,aquello
1897,26,en,en
1897,27,que,que
1897,28,ponían,ponan
1897,29,sus,sus
1897,30,historias,historias
1898,0,Luego,luego
1898,2,habiendo,habiendo
1898,3,llegado,llegado
1898,4,a,a
1898,5,su,su
1898,6,pueblo,pueblo
1898,7,llamado,llamado
1898,8,Hacavitz,hacavitz
1898,10,se,se
1898,11,juntaron,juntaron
1898,12,allí,all
1898,13,todos,todos
1898,14,los,los
1898,15,de,de
1898,16,Tamub,tamub
1898,17,y,y
1898,18,de,de
1898,19,Ilocab,ilocab
1898,21,todas,todas
1898,22,las,las
1898,23,tribus,tribus
1898,24,se,se
1898,25,juntaron,juntaron
1898,26,y,y
1898,27,se,se
1898,28,llenaron,llenaron
1898,29,de,de
1898,30,alegría,alegra
1898,31,cuando,cuando
1898,32,llegaron,llegaron
1898,33,Qocaib,qocaib
1898,35,Qoacutec,qoacutec
1898,36,y,y
1898,37,Qoahau,qoahau
1898,39,quienes,quienes
1898,40,tomaron,tomaron
1898,41,nuevamente,nuevamente
1898,42,allí,all
1898,43,el,el
1898,44,gobierno,gobierno
1898,45,de,de
1898,46,las,las
1898,47,tribus,tribus
1899,0,Alegráronse,alegrronse
1899,1,los,los
1899,2,de,de
1899,3,Rabinal,rabinal
1899,5,los,los
1899,6,cakchiqueles,cakchiqueles
1899,7,y,y
1899,8,los,los
1899,9,de,de
1899,10,Tziquinahá,tziquinah
1900,0,Ante,ante
1900,1,ellos,ellos
1900,2,se,se
1900,3,manifestaron,manifestaron
1900,4,las,las
1900,5,insignias,insignias
1900,6,de,de
1900,7,la,la
1900,8,grandeza,grandeza
1900,9,del,del
1900,10,reino,reino
1901,0,Grande,grande
1901,1,era,era
1901,2,también,tambin
1901,3,la,la
1901,4,existencia,existencia
1901,5,de,de
1901,6,las,las
1901,7,tribus,tribus
1901,9,aunque,aunque
1901,10,no,no
1901,11,se,se
1901,12,había,haba
1901,13,acabado,acabado
1901,14,de,de
1901,15,manifestar,manifestar
1901,16,su,su
1901,17,poderío,podero
1902,0,Y,y
1902,1,estaban,estaban
1902,2,allí,all
1902,3,en,en
1902,4,Hacavitz,hacavitz
1902,6,estaban,estaban
1902,7,todos,todos
1902,8,con,con
1902,9,lo,lo
1902,10,que,que
1902,11,vinieron,vinieron
1902,12,del,del
1902,13,Oriente,oriente
1903,0,Allí,all
1903,1,pasaron,pasaron
1903,2,mucho,mucho
1903,3,tiempo,tiempo
1903,5,allí,all
1903,6,en,en
1903,7,la,la
1903,8,cima,cima
1903,9,de,de
1903,10,la,la
1903,11,montaña,montaa
1903,12,estaban,estaban
1903,13,en,en
1903,14,gran,gran
1903,15,número,nmero
1904,0,Allí,all
1904,1,también,tambin
1904,2,murieron,murieron
1904,3,las,las
1904,4,mujeres,mujeres
1904,5,de,de
1904,6,Balam-Quitzé,balamquitz
1904,8,Balam-Acab,balamacab
1904,9,y,y
1904,10,Mahucutah,mahucutah
1905,0,Viniéronse,vinironse
1905,1,después,despus
1905,3,abandonando,abandonando
1905,4,su,su
1905,5,patria,patria
1905,6,y,y
1905,7,buscaron,buscaron
1905,8,otros,otros
1905,9,lugares,lugares
1905,10,donde,donde
1905,11,establecerse,establecerse
1906,0,Incontables,incontables
1906,1,son,son
1906,2,los,los
1906,3,sitios,sitios
1906,4,donde,donde
1906,5,se,se
1906,6,establecieron,establecieron
1906,7,donde,donde
1906,8,estuvieron,estuvieron
1906,10,y,y
1906,11,a,a
1906,12,los,los
1906,13,cuales,cuales
1906,14,les,les
1906,15,dieron,dieron
1906,16,nombre,nombre
1907,0,Allí,all
1907,1,se,se
1907,2,reunieron,reunieron
1907,3,y,y
1907,4,aumentaron,aumentaron
1907,5,nuestras,nuestras
1907,6,primeras,primeras
1907,7,madres,madres
1907,8,y,y
1907,9,nuestros,nuestros
1907,10,primeros,primeros
1907,11,padres,padres
1908,0,Así,as
1908,1,decían,decan
1908,2,los,los
1908,3,antiguos,antiguos
1908,4,cuando,cuando
1908,5,contaban,contaban
1908,6,cómo,cmo
1908,7,despoblaron,despoblaron
1908,8,su,su
1908,9,primera,primera
1908,10,ciudad,ciudad
1908,11,llamada,llamada
1908,12,Hacavitz,hacavitz
1908,13,y,y
1908,14,vinieron,vinieron
1908,15,a,a
1908,16,fundar,fundar
1908,17,otra,otra
1908,18,ciudad,ciudad
1908,19,que,que
1908,20,llamaron,llamaron
1908,21,CM-Quix,cmquix
1909,0,Mucho,mucho
1909,1,tiempo,tiempo
1909,2,estuvieron,estuvieron
1909,3,en,en
1909,4,esta,esta
1909,5,otra,otra
1909,6,ciudad,ciudad
1909,8,donde,donde
1909,9,tuvieron,tuvieron
1909,10,hijas,hijas
1909,11,y,y
1909,12,tuvieron,tuvieron
1909,13,hijos,hijos
1909,15,Allí,all
1909,16,estuvieron,estuvieron
1909,17,en,en
1909,18,gran,gran
1909,19,número,nmero
1909,21,y,y
1909,22,eran,eran
1909,23,cuatro,cuatro
1909,24,los,los
1909,25,montes,montes
1909,26,a,a
1909,27,cada,cada
1909,28,uno,uno
1909,29,de,de
1909,30,los,los
1909,31,cuales,cuales
1909,32,le,le
1909,33,dieron,dieron
1909,34,el,el
1909,35,nombre,nombre
1909,36,de,de
1909,37,su,su
1909,38,ciudad,ciudad
1910,0,Casaron,casaron
1910,1,a,a
1910,2,sus,sus
1910,3,hijas,hijas
1910,4,y,y
1910,5,a,a
1910,6,sus,sus
1910,7,hijos,hijos
1910,9,solamente,solamente
1910,10,las,las
1910,11,regalaban,regalaban
1910,12,y,y
1910,13,los,los
1910,14,regalos,regalos
1910,15,y,y
1910,16,mercedes,mercedes
1910,17,que,que
1910,18,les,les
1910,19,hacían,hacan
1910,20,los,los
1910,21,recibían,reciban
1910,22,como,como
1910,23,precio,precio
1910,24,de,de
1910,25,sus,sus
1910,26,hijas,hijas
1910,27,y,y
1910,28,así,as
1910,29,llevaban,llevaban
1910,30,una,una
1910,31,existencia,existencia
1910,32,feliz,feliz
1911,0,Pasaron,pasaron
1911,1,después,despus
1911,2,por,por
1911,3,cada,cada
1911,4,uno,uno
1911,5,de,de
1911,6,los,los
1911,7,barrios,barrios
1911,8,de,de
1911,9,la,la
1911,10,ciudad,ciudad
1911,11,cuyos,cuyos
1911,12,diversos,diversos
1911,13,nombres,nombres
1911,14,son,son
1911,16,Chi-Quix,chiquix
1911,18,Chichac,chichac
1911,20,Humetahá,humetah
1911,22,Culbd,culbd
1911,23,y,y
1911,24,Cavinal,cavinal
1912,0,Estos,estos
1912,1,eran,eran
1912,2,los,los
1912,3,nombres,nombres
1912,4,de,de
1912,5,los,los
1912,6,lugares,lugares
1912,7,donde,donde
1912,8,se,se
1912,9,detuvieron,detuvieron
1913,0,Y,y
1913,1,examinaban,examinaban
1913,2,los,los
1913,3,cerros,cerros
1913,4,y,y
1913,5,sus,sus
1913,6,ciudades,ciudades
1913,7,y,y
1913,8,buscaban,buscaban
1913,9,los,los
1913,10,lugares,lugares
1913,11,deshabitados,deshabitados
1913,13,porque,porque
1913,14,todos,todos
1913,15,juntos,juntos
1913,16,eran,eran
1913,17,ya,ya
1913,18,muy,muy
1913,19,numerosos,numerosos
1914,0,Ya,ya
1914,1,eran,eran
1914,2,muertos,muertos
1914,3,los,los
1914,4,que,que
1914,5,habían,haban
1914,6,ido,ido
1914,7,al,al
1914,8,Oriente,oriente
1914,9,a,a
1914,10,recibir,recibir
1914,11,el,el
1914,12,señorío,seoro
1915,0,Ya,ya
1915,1,eran,eran
1915,2,viejos,viejos
1915,3,cuando,cuando
1915,4,llegaron,llegaron
1915,5,a,a
1915,6,cada,cada
1915,7,una,una
1915,8,de,de
1915,9,las,las
1915,10,ciudades,ciudades
1916,0,No,no
1916,1,se,se
1916,2,acostumbraron,acostumbraron
1916,3,a,a
1916,4,los,los
1916,5,diferentes,diferentes
1916,6,lugares,lugares
1916,7,que,que
1916,8,atravesaron,atravesaron
1916,10,muchos,muchos
1916,11,trabajos,trabajos
1916,12,y,y
1916,13,penas,penas
1916,14,sufrieron,sufrieron
1916,15,y,y
1916,16,hasta,hasta
1916,17,después,despus
1916,18,de,de
1916,19,mucho,mucho
1916,20,tiempo,tiempo
1916,21,no,no
1916,22,llegaron,llegaron
1916,23,a,a
1916,24,su,su
1916,25,pueblo,pueblo
1916,26,los,los
1916,27,abuelos,abuelos
1916,28,y,y
1916,29,padres,padres
1917,0,He,he
1917,1,aquí,aqu
1917,2,el,el
1917,3,nombre,nombre
1917,4,de,de
1917,5,la,la
1917,6,ciudad,ciudad
1917,7,a,a
1917,8,donde,donde
1917,9,llegaron,llegaron
1918,0,Chi-lzmachí,chilzmach
1918,1,es,es
1918,2,el,el
1918,3,nombre,nombre
1918,4,del,del
1918,5,asiento,asiento
1918,6,de,de
1918,7,su,su
1918,8,ciudad,ciudad
1918,10,donde,donde
1918,11,estuvieron,estuvieron
1918,12,después,despus
1918,13,y,y
1918,14,se,se
1918,15,establecieron,establecieron
1919,0,Allí,all
1919,1,desarrollaron,desarrollaron
1919,2,su,su
1919,3,poder,poder
1919,4,y,y
1919,5,construyeron,construyeron
1919,6,edificios,edificios
1919,7,de,de
1919,8,cal,cal
1919,9,y,y
1919,10,canto,canto
1919,11,bajo,bajo
1919,12,la,la
1919,13,cuarta,cuarta
1919,14,generación,generacin
1919,15,de,de
1919,16,reyes,reyes
1920,0,Y,y
1920,1,gobernaron,gobernaron
1920,2,Conaché,conach
1920,3,y,y
1920,4,Beleheb-Queh,belehebqueh
1920,5,el,el
1920,6,Galel-Ahau,galelahau
1921,0,Enseguida,enseguida
1921,1,reinaron,reinaron
1921,2,el,el
1921,3,rey,rey
1921,4,Cotuhá,cotuh
1921,5,e,e
1921,6,ztayul,ztayul
1921,8,así,as
1921,9,llamados,llamados
1921,11,Ahpop,ahpop
1921,12,y,y
1921,13,Ahpop-Camhá,ahpopcamh
1921,15,quienes,quienes
1921,16,reinaron,reinaron
1921,17,allí,all
1921,18,en,en
1921,19,Izmachí,izmach
1921,21,que,que
1921,22,fue,fue
1921,23,la,la
1921,24,hermosa,hermosa
1921,25,ciudad,ciudad
1921,26,que,que
1921,27,construyeron,construyeron
1922,0,Solamente,solamente
1922,1,tres,tres
1922,2,Casas,casas
1922,3,grandes,grandes
1922,4,existieron,existieron
1922,5,allí,all
1922,6,en,en
1922,7,Izmachí,izmach
1923,0,No,no
1923,1,había,haba
1923,2,entonces,entonces
1923,3,las,las
1923,4,veinticuatro,veinticuatro
1923,5,Casas,casas
1923,6,grandes,grandes
1923,8,solamente,solamente
1923,9,tres,tres
1923,10,eran,eran
1923,11,sus,sus
1923,12,Casas,casas
1923,13,grandes,grandes
1923,15,una,una
1923,16,sola,sola
1923,17,Casa,casa
1923,18,grande,grande
1923,19,de,de
1923,20,los,los
1923,21,Cavec,cavec
1923,23,una,una
1923,24,sola,sola
1923,25,Casa,casa
1923,26,grande,grande
1923,27,de,de
1923,28,los,los
1923,29,Nihaib,nihaib
1923,30,y,y
1923,31,una,una
1923,32,sola,sola
1923,33,de,de
1923,34,los,los
1923,35,Ahau-Quiché,ahauquich
1924,0,Sólo,slo
1924,1,dos,dos
1924,2,tenían,tenan
1924,3,Casas,casas
1924,4,grandes,grandes
1924,6,las,las
1924,7,dos,dos
1924,8,ramas,ramas
1924,9,de,de
1924,10,la,la
1924,11,familia,familia
1924,13,ios,ios
1924,14,quichés,quichs
1924,15,y,y
1924,16,los,los
1924,17,Tamub,tamub
1925,0,Y,y
1925,1,estaban,estaban
1925,2,allí,all
1925,3,en,en
1925,4,Izmachí,izmach
1925,5,con,con
1925,6,un,un
1925,7,solo,solo
1925,8,pensamiento,pensamiento
1925,10,sin,sin
1925,11,animadversiones,animadversiones
1925,12,ni,ni
1925,13,dificultades,dificultades
1925,15,tran-,tran
1925,16,quilo,quilo
1925,17,estaba,estaba
1925,18,el,el
1925,19,reino,reino
1925,21,no,no
1925,22,tenían,tenan
1925,23,pleitos,pleitos
1925,24,ni,ni
1925,25,riñas,rias
1925,27,sólo,slo
1925,28,la,la
1925,29,paz,paz
1925,30,y,y
1925,31,la,la
1925,32,felicidad,felicidad
1925,33,estaban,estaban
1925,34,en,en
1925,35,sus,sus
1925,36,corazones,corazones
1926,0,No,no
1926,1,había,haba
1926,2,envidia,envidia
1926,3,ni,ni
1926,4,tenían,tenan
1926,5,celos,celos
1927,0,Su,su
1927,1,grandeza,grandeza
1927,2,era,era
1927,3,limitada,limitada
1927,5,no,no
1927,6,habían,haban
1927,7,pensado,pensado
1927,8,en,en
1927,9,engrandecerse,engrandecerse
1927,10,ni,ni
1927,11,en,en
1927,12,aumentar,aumentar
1928,0,Cuando,cuando
1928,1,trataron,trataron
1928,2,dehacerlo,dehacerlo
1928,4,empuñaron,empuaron
1928,5,el,el
1928,6,escudo,escudo
1928,7,allí,all
1928,8,en,en
1928,9,Izmachí,izmach
1928,10,y,y
1928,11,sólo,slo
1928,12,para,para
1928,13,dar,dar
1928,14,muestras,muestras
1928,15,de,de
1928,16,su,su
1928,17,imperio,imperio
1928,18,en,en
1928,19,señal,seal
1928,20,de,de
1928,21,su,su
1928,22,poder,poder
1928,23,y,y
1928,24,señal,seal
1928,25,de,de
1928,26,su,su
1928,27,grandeza,grandeza
1929,0,Viendo,viendo
1929,1,esto,esto
1929,2,los,los
1929,3,de,de
1929,4,Ilocab,ilocab
1929,6,comenzó,comenz
1929,7,la,la
1929,8,guerra,guerra
1929,9,por,por
1929,10,parte,parte
1929,11,de,de
1929,12,los,los
1929,13,de,de
1929,14,Ilocab,ilocab
1929,16,quienes,quienes
1929,17,quisieron,quisieron
1929,18,ir,ir
1929,19,a,a
1929,20,matar,matar
1929,21,al,al
1929,22,rey,rey
1929,23,Cotuhá,cotuh
1929,25,deseando,deseando
1929,26,tener,tener
1929,27,solamente,solamente
1929,28,un,un
1929,29,jefe,jefe
1929,30,suyo,suyo
1930,0,Y,y
1930,1,en,en
1930,2,cuanto,cuanto
1930,3,al,al
1930,4,Señor,seor
1930,5,Iztayul,iztayul
1930,7,querían,queran
1930,8,castigarlo,castigarlo
1930,10,que,que
1930,11,fuera,fuera
1930,12,castigado,castigado
1930,13,por,por
1930,14,los,los
1930,15,de,de
1930,16,Ilocab,ilocab
1930,17,y,y
1930,18,que,que
1930,19,le,le
1930,20,diesen,diesen
1930,21,muerte,muerte
1931,0,Pero,pero
1931,1,su,su
1931,2,envidia,envidia
1931,3,no,no
1931,4,les,les
1931,5,dio,dio
1931,6,resultado,resultado
1931,7,contra,contra
1931,8,el,el
1931,9,rey,rey
1931,10,Cotuhá,cotuh
1931,12,quien,quien
1931,13,cayó,cay
1931,14,sobre,sobre
1931,15,ellos,ellos
1931,16,antes,antes
1931,17,que,que
1931,18,los,los
1931,19,de,de
1931,20,Ilocab,ilocab
1931,21,pudiesen,pudiesen
1931,22,darle,darle
1931,23,muerte,muerte
1931,24,al,al
1931,25,rey,rey
1932,0,Así,as
1932,1,fue,fue
1932,2,el,el
1932,3,principio,principio
1932,4,de,de
1932,5,la,la
1932,6,revuelta,revuelta
1932,7,y,y
1932,8,de,de
1932,9,las,las
1932,10,disensiones,disensiones
1932,11,de,de
1932,12,la,la
1932,13,guerra,guerra
1933,0,Primero,primero
1933,1,atacaron,atacaron
1933,2,la,la
1933,3,ciudad,ciudad
1933,4,y,y
1933,5,llegáronlos,llegronlos
1933,6,guerreros,guerreros
1934,0,Y,y
1934,1,lo,lo
1934,2,que,que
1934,3,querían,queran
1934,4,era,era
1934,5,la,la
1934,6,ruina,ruina
1934,7,de,de
1934,8,la,la
1934,9,raza,raza
1934,10,quiché,quich
1934,12,deseando,deseando
1934,13,reinar,reinar
1934,14,ellos,ellos
1934,15,solos,solos
1935,0,Pero,pero
1935,1,sólo,slo
1935,2,llegaron,llegaron
1935,3,a,a
1935,4,morir,morir
1935,5,fueron,fueron
1935,6,capturados,capturados
1935,7,y,y
1935,8,cayeron,cayeron
1935,9,en,en
1935,10,cautividad,cautividad
1935,11,y,y
1935,12,no,no
1935,13,fueron,fueron
1935,14,muchos,muchos
1935,15,de,de
1935,16,entre,entre
1935,17,ellos,ellos
1935,18,los,los
1935,19,que,que
1935,20,lograron,lograron
1935,21,escapar,escapar
1936,0,En,en
1936,1,seguida,seguida
1936,2,comenzaron,comenzaron
1936,3,a,a
1936,4,sacrificarlos,sacrificarlos
1936,6,los,los
1936,7,de,de
1936,8,Ilocab,ilocab
1936,9,fueron,fueron
1936,10,sacrificados,sacrificados
1936,11,ante,ante
1936,12,el,el
1936,13,dios,dios
1936,15,y,y
1936,16,éste,ste
1936,17,fue,fue
1936,18,el,el
1936,19,pago,pago
1936,20,de,de
1936,21,sus,sus
1936,22,pecados,pecados
1936,23,por,por
1936,24,orden,orden
1936,25,del,del
1936,26,rey,rey
1936,27,Cotuhá,cotuh
1937,0,Muchos,muchos
1937,1,fueron,fueron
1937,2,también,tambin
1937,3,los,los
1937,4,que,que
1937,5,cayeron,cayeron
1937,6,en,en
1937,7,esclavitud,esclavitud
1937,8,y,y
1937,9,en,en
1937,10,servidumbre,servidumbre
1937,12,sólo,slo
1937,13,fueron,fueron
1937,14,a,a
1937,15,entregarse,entregarse
1937,16,y,y
1937,17,ser,ser
1937,18,vencidos,vencidos
1937,19,por,por
1937,20,haber,haber
1937,21,dispuesto,dispuesto
1937,22,la,la
1937,23,guerra,guerra
1937,24,contra,contra
1937,25,los,los
1937,26,Señores,seores
1937,27,y,y
1937,28,contra,contra
1937,29,la,la
1937,30,ciudad,ciudad
1938,0,La,la
1938,1,destrucción,destruccin
1938,2,y,y
1938,3,la,la
1938,4,ruina,ruina
1938,5,de,de
1938,6,la,la
1938,7,raza,raza
1938,8,y,y
1938,9,del,del
1938,10,rey,rey
1938,11,del,del
1938,12,Quiché,quich
1938,13,era,era
1938,14,lo,lo
1938,15,que,que
1938,16,deseaban,deseaban
1938,17,sus,sus
1938,18,corazones,corazones
1938,20,pero,pero
1938,21,no,no
1938,22,lo,lo
1938,23,consiguieron,consiguieron
1939,0,De,de
1939,1,esta,esta
1939,2,manera,manera
1939,3,nacieron,nacieron
1939,4,los,los
1939,5,sacrificios,sacrificios
1939,6,de,de
1939,7,los,los
1939,8,hombres,hombres
1939,9,ante,ante
1939,10,los,los
1939,11,dioses,dioses
1939,13,cuando,cuando
1939,14,se,se
1939,15,libró,libr
1939,16,la,la
1939,17,guerra,guerra
1939,18,de,de
1939,19,los,los
1939,20,escudos,escudos
1939,22,que,que
1939,23,fue,fue
1939,24,la,la
1939,25,causa,causa
1939,26,de,de
1939,27,que,que
1939,28,se,se
1939,29,comenzaran,comenzaran
1939,30,a,a
1939,31,hacer,hacer
1939,32,las,las
1939,33,fortificaciones,fortificaciones
1939,34,de,de
1939,35,la,la
1939,36,ciudad,ciudad
1939,37,de,de
1939,38,Izmachí,izmach
1940,0,Allí,all
1940,1,comenzó,comenz
1940,2,y,y
1940,3,se,se
1940,4,originó,origin
1940,5,su,su
1940,6,poderío,podero
1940,8,porque,porque
1940,9,era,era
1940,10,realmente,realmente
1940,11,grande,grande
1940,12,el,el
1940,13,imperio,imperio
1940,14,del,del
1940,15,rey,rey
1940,16,del,del
1940,17,Quiché,quich
1941,0,En,en
1941,1,todo,todo
1941,2,sentido,sentido
1941,3,eran,eran
1941,4,reyes,reyes
1941,5,prodigiosos,prodigiosos
1941,7,no,no
1941,8,había,haba
1941,9,quien,quien
1941,10,pudiera,pudiera
1941,11,dominarlos,dominarlos
1941,13,ni,ni
1941,14,había,haba
1941,15,nadie,nadie
1941,16,que,que
1941,17,los,los
1941,18,pudiera,pudiera
1941,19,humillar,humillar
1942,0,Y,y
1942,1,fueron,fueron
1942,2,asimismo,asimismo
1942,3,los,los
1942,4,creadores,creadores
1942,5,de,de
1942,6,la,la
1942,7,grandeza,grandeza
1942,8,del,del
1942,9,reino,reino
1942,10,que,que
1942,11,se,se
1942,12,fundó,fund
1942,13,allí,all
1942,14,en,en
1942,15,Izmachí,izmach
1943,0,Allí,all
1943,1,creció,creci
1943,2,el,el
1943,3,temor,temor
1943,4,a,a
1943,5,su,su
1943,6,dios,dios
1943,8,sentían,sentan
1943,9,temor,temor
1943,10,y,y
1943,11,se,se
1943,12,llenaron,llenaron
1943,13,de,de
1943,14,espanto,espanto
1943,15,todas,todas
1943,16,las,las
1943,17,tribus,tribus
1943,19,grandes,grandes
1943,20,y,y
1943,21,pequeñas,pequeas
1943,22,que,que
1943,23,presenciaban,presenciaban
1943,24,la,la
1943,25,llegada,llegada
1943,26,de,de
1943,27,los,los
1943,28,cautivos,cautivos
1943,30,los,los
1943,31,cuales,cuales
1943,32,eran,eran
1943,33,sacrificados,sacrificados
1943,34,y,y
1943,35,matados,matados
1943,36,por,por
1943,37,obra,obra
1943,38,del,del
1943,39,poder,poder
1943,40,y,y
1943,41,señorío,seoro
1943,42,del,del
1943,43,rey,rey
1943,44,Cotuhá,cotuh
1943,46,del,del
1943,47,rey,rey
1943,48,Iztayul,iztayul
1943,49,y,y
1943,50,los,los
1943,51,de,de
1943,52,Nihaib,nihaib
1943,53,y,y
1943,54,de,de
1943,55,Ahau-,ahau
1943,56,Quiché,quich
1944,0,Solamente,solamente
1944,1,tres,tres
1944,2,ramas,ramas
1944,3,de,de
1944,4,la,la
1944,5,familia,familia
1944,7,quiché,quich
1944,9,estuvieron,estuvieron
1944,10,allí,all
1944,11,en,en
1944,12,Izmachí,izmach
1944,14,que,que
1944,15,así,as
1944,16,se,se
1944,17,llamaba,llamaba
1944,18,la,la
1944,19,ciudad,ciudad
1944,21,y,y
1944,22,allí,all
1944,23,comenzaron,comenzaron
1944,24,también,tambin
1944,25,los,los
1944,26,festines,festines
1944,27,y,y
1944,28,orgías,orgas
1944,29,con,con
1944,30,motivo,motivo
1944,31,de,de
1944,32,sus,sus
1944,33,hijas,hijas
1944,35,cuando,cuando
1944,36,llegaban,llegaban
1944,37,a,a
1944,38,pedirlas,pedirlas
1944,39,en,en
1944,40,matrimonio,matrimonio
1945,0,Y,y
1945,1,así,as
1945,2,se,se
1945,3,juntaban,juntaban
1945,4,las,las
1945,5,tres,tres
1945,6,Casas,casas
1945,7,grandes,grandes
1945,9,por,por
1945,10,ellos,ellos
1945,11,así,as
1945,12,llamadas,llamadas
1945,14,y,y
1945,15,allí,all
1945,16,bebían,beban
1945,17,sus,sus
1945,18,bebidas,bebidas
1945,20,allí,all
1945,21,comían,coman
1945,22,también,tambin
1945,23,su,su
1945,24,comida,comida
1945,26,que,que
1945,27,era,era
1945,28,el,el
1945,29,precio,precio
1945,30,de,de
1945,31,sus,sus
1945,32,hermanas,hermanas
1945,34,el,el
1945,35,precio,precio
1945,36,de,de
1945,37,sus,sus
1945,38,hijas,hijas
1945,40,y,y
1945,41,sus,sus
1945,42,corazones,corazones
1945,43,se,se
1945,44,alegraban,alegraban
1945,45,cuando,cuando
1945,46,lo,lo
1945,47,hacían,hacan
1945,48,y,y
1945,49,comían,coman
1945,50,y,y
1945,51,bebían,beban
1945,52,en,en
1945,53,las,las
1945,54,Casas,casas
1945,55,grandes,grandes
1946,1,Estos,estos
1946,2,son,son
1946,3,nuestros,nuestros
1946,4,agradecimientos,agradecimientos
1946,5,y,y
1946,6,así,as
1946,7,abrimos,abrimos
1946,8,el,el
1946,9,camino,camino
1946,10,a,a
1946,11,nuestra,nuestra
1946,12,posteridad,posteridad
1946,13,y,y
1946,14,a,a
1946,15,nuestra,nuestra
1946,16,descendencia,descendencia
1946,18,ésta,sta
1946,19,es,es
1946,20,la,la
1946,21,demostración,demostracin
1946,22,de,de
1946,23,nuestro,nuestro
1946,24,consentimiento,consentimiento
1946,25,para,para
1946,26,que,que
1946,27,sean,sean
1946,28,esposas,esposas
1946,29,y,y
1946,30,maridos,maridos
1946,32,decían,decan
1947,0,Allí,all
1947,1,se,se
1947,2,identificaron,identificaron
1947,4,y,y
1947,5,allí,all
1947,6,les,les
1947,7,dieron,dieron
1947,8,sus,sus
1947,9,nombres,nombres
1947,11,se,se
1947,12,distribuyeron,distribuyeron
1947,13,en,en
1947,14,parcialidades,parcialidades
1947,16,en,en
1947,17,las,las
1947,18,siete,siete
1947,19,tribus,tribus
1947,20,principales,principales
1947,21,y,y
1947,22,en,en
1947,23,cantones,cantones
1948,1,Unámonos,unmonos
1948,2,nosotros,nosotros
1948,3,los,los
1948,4,de,de
1948,5,Cavec,cavec
1948,7,nosotros,nosotros
1948,8,los,los
1948,9,de,de
1948,10,Nihaib,nihaib
1948,11,y,y
1948,12,nosotros,nosotros
1948,13,los,los
1948,14,de,de
1948,15,Ahau-Quiché,ahauquich
1948,17,dije-,dije
1948,18,ron,ron
1948,19,las,las
1948,20,tres,tres
1948,21,familias,familias
1948,22,y,y
1948,23,las,las
1948,24,tres,tres
1948,25,Casas,casas
1948,26,grandes,grandes
1949,0,Por,por
1949,1,largo,largo
1949,2,tiempo,tiempo
1949,3,estuvieron,estuvieron
1949,4,allí,all
1949,5,en,en
1949,6,Izmachí,izmach
1949,8,hasta,hasta
1949,9,que,que
1949,10,encontraron,encontraron
1949,11,y,y
1949,12,vieron,vieron
1949,13,otra,otra
1949,14,ciudad,ciudad
1949,15,y,y
1949,16,abandonaran,abandonaran
1949,17,la,la
1949,18,de,de
1949,19,Izmachí,izmach
1950,0,Después,despus
1950,1,de,de
1950,2,haberse,haberse
1950,3,levantado,levantado
1950,4,de,de
1950,5,allá,all
1950,6,vinieron,vinieron
1950,8,aquí,aqu
1950,9,a,a
1950,10,la,la
1950,11,ciudad,ciudad
1950,12,de,de
1950,13,Gumarcaah,gumarcaah
1950,15,nombre,nombre
1950,16,que,que
1950,17,le,le
1950,18,dieron,dieron
1950,19,los,los
1950,20,quichés,quichs
1950,21,cuando,cuando
1950,22,vinieron,vinieron
1950,23,los,los
1950,24,reyes,reyes
1950,25,Cotuhá,cotuh
1950,26,y,y
1950,27,Gucu-matz,gucumatz
1950,28,y,y
1950,29,todos,todos
1950,30,los,los
1950,31,Señores,seores
1951,0,Habían,haban
1951,1,entrado,entrado
1951,2,entonces,entonces
1951,3,en,en
1951,4,la,la
1951,5,quinta,quinta
1951,6,generación,generacin
1951,7,de,de
1951,8,hombres,hombres
1951,9,desde,desde
1951,10,el,el
1951,11,principio,principio
1951,12,de,de
1951,13,la,la
1951,14,civilización,civilizacin
1951,15,y,y
1951,16,de,de
1951,17,la,la
1951,18,población,poblacin
1951,20,el,el
1951,21,principio,principio
1951,22,de,de
1951,23,la,la
1951,24,existencia,existencia
1951,25,de,de
1951,26,la,la
1951,27,nación,nacin
1952,0,Allí,all
1952,2,pues,pues
1952,4,hicieron,hicieron
1952,5,muchos,muchos
1952,6,sus,sus
1952,7,casas,casas
1952,8,y,y
1952,9,asimismo,asimismo
1952,10,construyeron,construyeron
1952,11,el,el
1952,12,templo,templo
1952,13,del,del
1952,14,dios,dios
1952,16,en,en
1952,17,el,el
1952,18,centro,centro
1952,19,de,de
1952,20,la,la
1952,21,parte,parte
1952,22,alta,alta
1952,23,de,de
1952,24,la,la
1952,25,ciudad,ciudad
1952,26,lo,lo
1952,27,pusieron,pusieron
1952,28,cuando,cuando
1952,29,llegaron,llegaron
1952,30,y,y
1952,31,se,se
1952,32,establecieron,establecieron
1953,0,Luego,luego
1953,1,fue,fue
1953,2,el,el
1953,3,crecimiento,crecimiento
1953,4,de,de
1953,5,su,su
1953,6,imperio,imperio
1954,0,Eran,eran
1954,1,muchos,muchos
1954,2,y,y
1954,3,numerosos,numerosos
1954,4,cuando,cuando
1954,5,celebraron,celebraron
1954,6,consejo,consejo
1954,7,en,en
1954,8,sus,sus
1954,9,Casas,casas
1954,10,grandes,grandes
1955,0,Se,se
1955,1,reunieron,reunieron
1955,2,y,y
1955,3,se,se
1955,4,dividieron,dividieron
1955,6,porque,porque
1955,7,habían,haban
1955,8,surgido,surgido
1955,9,disensiones,disensiones
1955,10,y,y
1955,11,existían,existan
1955,12,celos,celos
1955,13,entre,entre
1955,14,ellos,ellos
1955,15,por,por
1955,16,el,el
1955,17,precio,precio
1955,18,de,de
1955,19,sus,sus
1955,20,hermanas,hermanas
1955,21,y,y
1955,22,de,de
1955,23,sus,sus
1955,24,hijas,hijas
1955,26,y,y
1955,27,porque,porque
1955,28,ya,ya
1955,29,no,no
1955,30,hacían,hacan
1955,31,sus,sus
1955,32,bebidas,bebidas
1955,33,en,en
1955,34,su,su
1955,35,presencia,presencia
1956,0,Esta,esta
1956,1,fue,fue
1956,3,pues,pues
1956,5,la,la
1956,6,causa,causa
1956,7,de,de
1956,8,que,que
1956,9,se,se
1956,10,dividieran,dividieran
1956,11,y,y
1956,12,que,que
1956,13,se,se
1956,14,volvieran,volvieran
1956,15,unos,unos
1956,16,contra,contra
1956,17,otros,otros
1956,18,y,y
1956,19,se,se
1956,20,arrojaran,arrojaran
1956,21,las,las
1956,22,calaveras,calaveras
1956,23,de,de
1956,24,los,los
1956,25,muertos,muertos
1956,27,se,se
1956,28,las,las
1956,29,arrojaran,arrojaran
1956,30,entre,entre
1956,31,sí,s
1957,0,Entonces,entonces
1957,1,se,se
1957,2,dividieron,dividieron
1957,3,en,en
1957,4,nueve,nueve
1957,5,familias,familias
1957,6,y,y
1957,7,habiendo,habiendo
1957,8,terminado,terminado
1957,9,el,el
1957,10,pleito,pleito
1957,11,de,de
1957,12,las,las
1957,13,hermanas,hermanas
1957,14,y,y
1957,15,de,de
1957,16,las,las
1957,17,hijas,hijas
1957,19,ejecutaron,ejecutaron
1957,20,la,la
1957,21,disposición,disposicin
1957,22,de,de
1957,23,dividir,dividir
1957,24,el,el
1957,25,reino,reino
1957,26,en,en
1957,27,veinticuatro,veinticuatro
1957,28,Casas,casas
1957,29,grandes,grandes
1957,31,lo,lo
1957,32,que,que
1957,33,así,as
1957,34,se,se
1957,35,hizo,hizo
1958,0,Hace,hace
1958,1,mucho,mucho
1958,2,tiempo,tiempo
1958,3,que,que
1958,4,vinieron,vinieron
1958,5,todos,todos
1958,6,aquí,aqu
1958,7,a,a
1958,8,su,su
1958,9,ciudad,ciudad
1958,11,cuando,cuando
1958,12,terminaron,terminaron
1958,13,las,las
1958,14,veinticuatro,veinticuatro
1958,15,Casas,casas
1958,16,grandes,grandes
1958,18,allí,all
1958,19,en,en
1958,20,la,la
1958,21,ciudad,ciudad
1958,22,de,de
1958,23,Gumarcaah,gumarcaah
1958,25,que,que
1958,26,fue,fue
1958,27,bendecida,bendecida
1958,28,por,por
1958,29,el,el
1958,30,Señor,seor
1958,31,Obispo,obispo
1959,0,Posteriormente,posteriormente
1959,1,la,la
1959,2,ciudad,ciudad
1959,3,fue,fue
1959,4,abandonada,abandonada
1960,0,Allí,all
1960,1,se,se
1960,2,engrandecieron,engrandecieron
1960,4,allí,all
1960,5,instalaron,instalaron
1960,6,con,con
1960,7,esplendor,esplendor
1960,8,sus,sus
1960,9,tronos,tronos
1960,10,y,y
1960,11,sitiales,sitiales
1960,13,y,y
1960,14,se,se
1960,15,distribuyeron,distribuyeron
1960,16,sus,sus
1960,17,honores,honores
1960,18,entre,entre
1960,19,todos,todos
1960,20,los,los
1960,21,Señores,seores
1960,23,Formáronse,formronse
1960,24,nueve,nueve
1960,25,familias,familias
1960,26,con,con
1960,27,los,los
1960,28,nueve,nueve
1960,29,Señores,seores
1960,30,de,de
1960,31,Cavec,cavec
1960,33,nueve,nueve
1960,34,con,con
1960,35,los,los
1960,36,señores,seores
1960,37,de,de
1960,38,Nihaib,nihaib
1960,40,cuatro,cuatro
1960,41,de,de
1960,42,los,los
1960,43,Señores,seores
1960,44,de,de
1960,45,Ahau-Quiché,ahauquich
1960,46,y,y
1960,47,dos,dos
1960,48,con,con
1960,49,los,los
1960,50,señores,seores
1960,51,de,de
1960,52,Zaquic,zaquic
1961,0,Volviéronse,volvironse
1961,1,muy,muy
1961,2,numerosos,numerosos
1961,3,y,y
1961,4,muchos,muchos
1961,5,eran,eran
1961,6,también,tambin
1961,7,los,los
1961,8,que,que
1961,9,seguían,seguan
1961,10,a,a
1961,11,cada,cada
1961,12,uno,uno
1961,13,de,de
1961,14,los,los
1961,15,Señores,seores
1961,17,éstos,stos
1961,18,eran,eran
1961,19,los,los
1961,20,primeros,primeros
1961,21,entre,entre
1961,22,sus,sus
1961,23,vasallos,vasallos
1961,24,y,y
1961,25,muchísimas,muchsimas
1961,26,eran,eran
1961,27,las,las
1961,28,familias,familias
1961,29,de,de
1961,30,cada,cada
1961,31,uno,uno
1961,32,de,de
1961,33,los,los
1961,34,Señores,seores
1962,0,Diremos,diremos
1962,1,ahora,ahora
1962,2,los,los
1962,3,nombres,nombres
1962,4,de,de
1962,5,cada,cada
1962,6,uno,uno
1962,7,de,de
1962,8,los,los
1962,9,Señores,seores
1962,10,de,de
1962,11,cada,cada
1962,12,una,una
1962,13,de,de
1962,14,la,la
1962,15,Casas,casas
1962,16,grandes,grandes
1963,0,He,he
1963,1,aquí,aqu
1963,3,pues,pues
1963,5,los,los
1963,6,nombres,nombres
1963,7,de,de
1963,8,los,los
1963,9,Señores,seores
1963,10,de,de
1963,11,Cavec,cavec
1964,0,El,el
1964,1,primero,primero
1964,2,de,de
1964,3,los,los
1964,4,Señores,seores
1964,5,era,era
1964,6,el,el
1964,7,Ahpop,ahpop
1964,10,luego,luego
1964,12,el,el
1964,13,Ahpop-Camhd,ahpopcamhd
1964,15,el,el
1964,16,Ah-Tohil,ahtohil
1964,18,el,el
1964,19,Ah-Gucumatz,ahgucumatz
1964,21,el,el
1964,22,Nim-Cho-Coh-Caveh,nimchocohcaveh
1964,24,el,el
1964,25,Popol-Vinac-Chituy,popolvinacchituy
1964,27,el,el
1964,28,Lolmet-Quehnay-,lolmetquehnay
1964,29,El,el
1964,30,Popol-Vinac,popolvinac
1964,31,Pa,pa
1964,32,Hom,hom
1964,33,Tzalatz,tzalatz
1964,34,y,y
1964,35,el,el
1964,36,Uchuch-Camhá,uchuchcamh
1965,0,Estos,estos
1965,1,eran,eran
1965,3,pues,pues
1965,5,los,los
1965,6,Señores,seores
1965,7,de,de
1965,8,los,los
1965,9,de,de
1965,10,Cavec,cavec
1965,12,nueve,nueve
1965,13,Señores,seores
1966,0,Cada,cada
1966,1,uno,uno
1966,2,tenía,tena
1966,3,su,su
1966,4,Casa,casa
1966,5,grande,grande
1967,0,Más,ms
1967,1,adelante,adelante
1967,2,apareceran,apareceran
1967,3,de,de
1967,4,nuevo,nuevo
1968,0,He,he
1968,1,aquí,aqu
1968,2,los,los
1968,3,Señores,seores
1968,4,de,de
1968,5,los,los
1968,6,de,de
1968,7,Nihaib,nihaib
1969,0,El,el
1969,1,primero,primero
1969,2,erael,erael
1969,3,Ahau-Galel,ahaugalel
1969,5,luego,luego
1969,6,vienen,vienen
1969,7,el,el
1969,8,Ahau,ahau
1969,10,Ahtzi-,ahtzi
1969,11,Vinac,vinac
1969,13,el,el
1969,14,Gales-Camhá,galescamh
1969,16,el,el
1969,17,Nimá-Camhá,nimcamh
1969,19,el,el
1969,20,Uchuch-Camahá,uchuchcamah
1969,22,el,el
1969,23,Nim-Chocoh-Ahau,nimchocohahau
1969,24,y,y
1969,25,Ahau-Hacavitz,ahauhacavitz
1969,27,cuatro,cuatro
1969,28,señores,seores
1969,29,de,de
1969,30,los,los
1969,31,Ahau-Quiché,ahauquich
1969,33,en,en
1969,34,el,el
1969,35,orden,orden
1969,36,de,de
1969,37,sus,sus
1969,38,Casas,casas
1969,39,grandes,grandes
1970,0,Dos,dos
1970,1,eran,eran
1970,2,las,las
1970,3,familias,familias
1970,4,de,de
1970,5,los,los
1970,6,Zaquic,zaquic
1970,8,los,los
1970,9,Señores,seores
1970,10,Tzutuhá,tzutuh
1970,11,y,y
1970,12,Gales-Zaquic,galeszaquic
1971,0,Estos,estos
1971,1,dos,dos
1971,2,señores,seores
1971,3,sólo,slo
1971,4,tenían,tenan
1971,5,una,una
1971,6,Casa,casa
1971,7,Grande,grande
1972,0,De,de
1972,1,esta,esta
1972,2,manera,manera
1972,3,se,se
1972,4,completaron,completaron
1972,5,los,los
1972,6,veinticuatro,veinticuatro
1972,7,Señores,seores
1972,8,y,y
1972,9,existieron,existieron
1972,10,las,las
1972,11,Veinticuatro,veinticuatro
1972,12,Casas,casas
1972,13,grandes,grandes
1973,0,Así,as
1973,1,crecieron,crecieron
1973,2,la,la
1973,3,grandeza,grandeza
1973,4,y,y
1973,5,el,el
1973,6,poderío,podero
1973,7,del,del
1973,8,Quiché,quich
1974,0,Entonces,entonces
1974,1,se,se
1974,2,engrandeció,engrandeci
1974,3,y,y
1974,4,dominó,domin
1974,5,la,la
1974,6,superioridad,superioridad
1974,7,de,de
1974,8,los,los
1974,9,hijos,hijos
1974,10,del,del
1974,11,Quiché,quich
1974,13,cuando,cuando
1974,14,construyeron,construyeron
1974,15,de,de
1974,16,cal,cal
1974,17,y,y
1974,18,canto,canto
1974,19,la,la
1974,20,ciudad,ciudad
1974,21,de,de
1974,22,los,los
1974,23,barrancos,barrancos
1975,0,Viniéronlos,vinironlos
1975,1,pueblos,pueblos
1975,2,pequeños,pequeos
1975,4,los,los
1975,5,pueblos,pueblos
1975,6,grandes,grandes
1975,7,ante,ante
1975,8,la,la
1975,9,persona,persona
1975,10,del,del
1975,11,rey,rey
1976,0,Se,se
1976,1,engrandeció,engrandeci
1976,2,el,el
1976,3,Quiché,quich
1976,4,cuando,cuando
1976,5,surgió,surgi
1976,6,su,su
1976,7,gloría,glora
1976,8,y,y
1976,9,majestad,majestad
1976,11,cuando,cuando
1976,12,se,se
1976,13,levantaron,levantaron
1976,14,la,la
1976,15,casa,casa
1976,16,del,del
1976,17,dios,dios
1976,18,y,y
1976,19,la,la
1976,20,casa,casa
1976,21,de,de
1976,22,los,los
1976,23,Señores,seores
1977,0,Pero,pero
1977,1,no,no
1977,2,fueron,fueron
1977,3,éstos,stos
1977,4,los,los
1977,5,que,que
1977,6,las,las
1977,7,hicieron,hicieron
1977,8,ni,ni
1977,9,las,las
1977,10,trabajaron,trabajaron
1977,12,ni,ni
1977,13,tampoco,tampoco
1977,14,construyeron,construyeron
1977,15,sus,sus
1977,16,casas,casas
1977,18,ni,ni
1977,19,hicieron,hicieron
1977,20,la,la
1977,21,casa,casa
1977,22,del,del
1977,23,dios,dios
1977,25,pues,pues
1977,26,fueron,fueron
1977,28,hechas,hechas
1977,30,por,por
1977,31,sus,sus
1977,32,hijos,hijos
1977,33,y,y
1977,34,vasallos,vasallos
1977,36,que,que
1977,37,se,se
1977,38,habían,haban
1977,39,multiplicado,multiplicado
1978,0,Y,y
1978,1,no,no
1978,2,fue,fue
1978,3,engañándolos,engandolos
1978,5,ni,ni
1978,6,robándolos,robndolos
1978,8,ni,ni
1978,9,arrebatándolos,arrebatndolos
1978,10,violentamente,violentamente
1978,12,porque,porque
1978,13,en,en
1978,14,realidad,realidad
1978,15,pertenecía,perteneca
1978,16,cada,cada
1978,17,uno,uno
1978,18,a,a
1978,19,los,los
1978,20,Señores,seores
1978,22,y,y
1978,23,fueron,fueron
1978,24,muchos,muchos
1978,25,sus,sus
1978,26,hermanos,hermanos
1978,27,y,y
1978,28,parientes,parientes
1978,29,que,que
1978,30,se,se
1978,31,habían,haban
1978,32,juntado,juntado
1978,33,y,y
1978,34,se,se
1978,35,reunían,reunan
1978,36,para,para
1978,37,oír,or
1978,38,las,las
1978,39,órdenes,rdenes
1978,40,de,de
1978,41,cada,cada
1978,42,uno,uno
1978,43,de,de
1978,44,los,los
1978,45,Señores,seores
1979,0,Verdaderamente,verdaderamente
1979,1,los,los
1979,2,amaban,amaban
1979,3,y,y
1979,4,grande,grande
1979,5,era,era
1979,6,la,la
1979,7,gloria,gloria
1979,8,de,de
1979,9,los,los
1979,10,Señores,seores
1979,12,y,y
1979,13,era,era
1979,14,tenido,tenido
1979,15,en,en
1979,16,gran,gran
1979,17,respeto,respeto
1979,18,el,el
1979,19,día,da
1979,20,en,en
1979,21,que,que
1979,22,habían,haban
1979,23,nacido,nacido
1979,24,los,los
1979,25,Señores,seores
1979,26,por,por
1979,27,sus,sus
1979,28,hijos,hijos
1979,29,y,y
1979,30,vasallos,vasallos
1979,32,cuando,cuando
1979,33,se,se
1979,34,multiplicaron,multiplicaron
1979,35,los,los
1979,36,habitantes,habitantes
1979,37,del,del
1979,38,campo,campo
1979,39,y,y
1979,40,de,de
1979,41,la,la
1979,42,ciudad,ciudad
1980,0,Pero,pero
1980,1,no,no
1980,2,fue,fue
1980,3,que,que
1980,4,llegaran,llegaran
1980,5,a,a
1980,6,entregarse,entregarse
1980,7,todas,todas
1980,8,las,las
1980,9,tribus,tribus
1980,11,ni,ni
1980,12,que,que
1980,13,cayeran,cayeran
1980,14,en,en
1980,15,batalla,batalla
1980,16,los,los
1980,17,habitantes,habitantes
1980,18,de,de
1980,19,los,los
1980,20,campos,campos
1980,21,y,y
1980,22,las,las
1980,23,ciudades,ciudades
1980,25,sino,sino
1980,26,que,que
1980,27,se,se
1980,28,engrandecieron,engrandecieron
1980,29,acausa,acausa
1980,30,de,de
1980,31,los,los
1980,32,Señores,seores
1980,33,prodigiosos,prodigiosos
1980,35,del,del
1980,36,rey,rey
1980,37,Gucumatz,gucumatz
1980,38,y,y
1980,39,del,del
1980,40,rey,rey
1980,41,Cotuhá,cotuh
1981,0,Verdaderamente,verdaderamente
1981,2,Gucumatz,gucumatz
1981,3,era,era
1981,4,un,un
1981,5,rey,rey
1981,6,prodigioso,prodigioso
1982,0,Siete,siete
1982,1,días,das
1982,2,subía,suba
1982,3,al,al
1982,4,cielo,cielo
1982,5,y,y
1982,6,siete,siete
1982,7,días,das
1982,8,caminaba,caminaba
1982,9,para,para
1982,10,descender,descender
1982,11,a,a
1982,12,Xibalbá,xibalb
1982,14,siete,siete
1982,15,días,das
1982,16,se,se
1982,17,convertía,converta
1982,18,en,en
1982,19,culebra,culebra
1982,20,y,y
1982,21,verdaderamente,verdaderamente
1982,22,se,se
1982,23,volvía,volva
1982,24,serpiente,serpiente
1982,26,siete,siete
1982,27,días,das
1982,28,se,se
1982,29,convertía,converta
1982,30,en,en
1982,31,águila,guila
1982,33,siete,siete
1982,34,días,das
1982,35,se,se
1982,36,convertía,converta
1982,37,en,en
1982,38,tigre,tigre
1982,40,verdaderamente,verdaderamente
1982,41,su,su
1982,42,apariencia,apariencia
1982,43,era,era
1982,44,de,de
1982,45,águila,guila
1982,46,y,y
1982,47,de,de
1982,48,tigre,tigre
1983,0,Otros,otros
1983,1,siete,siete
1983,2,días,das
1983,3,se,se
1983,4,convertía,converta
1983,5,en,en
1983,6,sangre,sangre
1983,7,coagulada,coagulada
1983,8,y,y
1983,9,solamente,solamente
1983,10,era,era
1983,11,sangre,sangre
1983,12,en,en
1983,13,reposo,reposo
1984,0,En,en
1984,1,verdad,verdad
1984,2,era,era
1984,3,maravillosa,maravillosa
1984,4,la,la
1984,5,naturaleza,naturaleza
1984,6,de,de
1984,7,este,este
1984,8,rey,rey
1984,10,y,y
1984,11,todos,todos
1984,12,los,los
1984,13,demás,dems
1984,14,Señores,seores
1984,15,se,se
1984,16,llenaban,llenaban
1984,17,de,de
1984,18,espanto,espanto
1984,19,ante,ante
1984,20,él,l
1985,0,Esparcióse,esparcise
1985,1,la,la
1985,2,noticia,noticia
1985,3,de,de
1985,4,la,la
1985,5,naturaleza,naturaleza
1985,6,prodigiosa,prodigiosa
1985,7,del,del
1985,8,rey,rey
1985,9,y,y
1985,10,la,la
1985,11,oyeron,oyeron
1985,12,todos,todos
1985,13,los,los
1985,14,Señores,seores
1985,15,de,de
1985,16,los,los
1985,17,pueblos,pueblos
1986,0,Y,y
1986,1,éste,ste
1986,2,fue,fue
1986,3,el,el
1986,4,principio,principio
1986,5,de,de
1986,6,la,la
1986,7,grandeza,grandeza
1986,8,del,del
1986,9,Quiché,quich
1986,11,cuando,cuando
1986,12,el,el
1986,13,rey,rey
1986,14,Gucumatz,gucumatz
1986,15,dio,dio
1986,16,estas,estas
1986,17,muestras,muestras
1986,18,de,de
1986,19,su,su
1986,20,poder,poder
1987,0,No,no
1987,1,se,se
1987,2,perdió,perdi
1987,3,su,su
1987,4,imagen,imagen
1987,5,en,en
1987,6,la,la
1987,7,memoria,memoria
1987,8,de,de
1987,9,sus,sus
1987,10,hijos,hijos
1987,11,y,y
1987,12,sus,sus
1987,13,nietos,nietos
1988,0,Y,y
1988,1,no,no
1988,2,hizo,hizo
1988,3,esto,esto
1988,4,para,para
1988,5,que,que
1988,6,hubiera,hubiera
1988,7,un,un
1988,8,rey,rey
1988,9,prodigioso,prodigioso
1988,11,lo,lo
1988,12,hizo,hizo
1988,13,solamente,solamente
1988,14,para,para
1988,15,que,que
1988,16,hubiera,hubiera
1988,17,un,un
1988,18,medio,medio
1988,19,de,de
1988,20,dominar,dominar
1988,21,a,a
1988,22,todos,todos
1988,23,los,los
1988,24,pueblos,pueblos
1988,26,como,como
1988,27,una,una
1988,28,demostración,demostracin
1988,29,de,de
1988,30,que,que
1988,31,sólo,slo
1988,32,uno,uno
1988,33,era,era
1988,34,llamado,llamado
1988,35,a,a
1988,36,ser,ser
1988,37,el,el
1988,38,jefe,jefe
1988,39,de,de
1988,40,los,los
1988,41,pueblos,pueblos
1989,0,Fue,fue
1989,1,la,la
1989,2,cuarta,cuarta
1989,3,generación,generacin
1989,4,de,de
1989,5,reyes,reyes
1989,7,la,la
1989,8,del,del
1989,9,rey,rey
1989,10,prodigioso,prodigioso
1989,11,llamado,llamado
1989,12,Gucumatz,gucumatz
1989,14,quien,quien
1989,15,fue,fue
1989,16,asimismo,asimismo
1989,17,Ahpop,ahpop
1989,18,y,y
1989,19,Ahpop-Camhá,ahpopcamh
1990,0,Quedaron,quedaron
1990,1,sucesores,sucesores
1990,2,y,y
1990,3,descendientes,descendientes
1990,4,que,que
1990,5,reinaron,reinaron
1990,6,y,y
1990,7,dominaron,dominaron
1990,9,y,y
1990,10,que,que
1990,11,engendraron,engendraron
1990,12,a,a
1990,13,sus,sus
1990,14,hijos,hijos
1990,16,e,e
1990,17,hicieron,hicieron
1990,18,muchas,muchas
1990,19,cosas,cosas
1991,0,Fueron,fueron
1991,1,engendrados,engendrados
1991,2,Tepepul,tepepul
1991,3,e,e
1991,4,Iztayul,iztayul
1991,6,cuyo,cuyo
1991,7,reinado,reinado
1991,8,fue,fue
1991,9,la,la
1991,10,quinta,quinta
1991,11,generación,generacin
1991,12,de,de
1991,13,reyes,reyes
1991,15,y,y
1991,16,asimismo,asimismo
1991,17,cada,cada
1991,18,una,una
1991,19,de,de
1991,20,las,las
1991,21,generaciones,generaciones
1991,22,de,de
1991,23,estos,estos
1991,24,Señores,seores
1991,25,tuvo,tuvo
1991,26,sucesión,sucesin
1992,0,He,he
1992,1,aquí,aqu
1992,2,ahora,ahora
1992,3,los,los
1992,4,nombres,nombres
1992,5,de,de
1992,6,la,la
1992,7,sexta,sexta
1992,8,generación,generacin
1992,9,de,de
1992,10,reyes,reyes
1993,0,Fueron,fueron
1993,1,dos,dos
1993,2,grandes,grandes
1993,3,reyes,reyes
1993,5,Gag-,gag
1993,6,Quícab,qucab
1993,7,se,se
1993,8,llamaba,llamaba
1993,9,el,el
1993,10,primer,primer
1993,11,rey,rey
1993,12,y,y
1993,13,el,el
1993,14,otro,otro
1993,15,Cavizimah,cavizimah
1993,17,e,e
1993,18,hicieron,hicieron
1993,19,grandes,grandes
1993,20,cosas,cosas
1993,21,y,y
1993,22,engrandecieron,engrandecieron
1993,23,el,el
1993,24,Quiché,quich
1993,26,porque,porque
1993,27,ciertamente,ciertamente
1993,28,eran,eran
1993,29,de,de
1993,30,naturaleza,naturaleza
1993,31,portentosa,portentosa
1994,0,He,he
1994,1,aquí,aqu
1994,2,la,la
1994,3,destrucción,destruccin
1994,4,y,y
1994,5,división,divisin
1994,6,de,de
1994,7,los,los
1994,8,campos,campos
1994,9,y,y
1994,10,los,los
1994,11,pueblos,pueblos
1994,12,de,de
1994,13,las,las
1994,14,naciones,naciones
1994,15,vecinas,vecinas
1994,17,pequeñas,pequeas
1994,18,y,y
1994,19,grandes,grandes
1995,0,Entre,entre
1995,1,ellas,ellas
1995,2,estaba,estaba
1995,3,la,la
1995,4,que,que
1995,5,antiguamente,antiguamente
1995,6,fue,fue
1995,7,la,la
1995,8,patria,patria
1995,9,de,de
1995,10,los,los
1995,11,cakchiqueles,cakchiqueles
1995,13,la,la
1995,14,actual,actual
1995,15,Chuvilá,chuvil
1995,17,y,y
1995,18,los,los
1995,19,de,de
1995,20,Rabí-nal,rabnal
1995,22,Pamacá,pamac
1995,24,la,la
1995,25,patria,patria
1995,26,de,de
1995,27,los,los
1995,28,Caoque,caoque
1995,30,Zaccabahá,zaccabah
1995,32,y,y
1995,33,las,las
1995,34,ciudades,ciudades
1995,35,de,de
1995,36,los,los
1995,37,de,de
1995,38,Zaculeu,zaculeu
1995,39,de,de
1995,40,Chuvi-Miquiná,chuvimiquin
1995,41,Xela-hú,xelah
1995,43,Chuvá~Tzac,chuvtzac
1995,44,y,y
1995,45,Tzolohcké,tzolohck
1996,0,Estos,estos
1996,2,pueblos,pueblos
1996,4,aborrecían,aborrecan
1996,5,a,a
1996,6,Quicab,quicab
1997,0,El,el
1997,1,les,les
1997,2,hizo,hizo
1997,3,la,la
1997,4,guerra,guerra
1997,5,y,y
1997,6,ciertamente,ciertamente
1997,7,conquistó,conquist
1997,8,y,y
1997,9,destruyó,destruy
1997,10,los,los
1997,11,campos,campos
1997,12,y,y
1997,13,ciudades,ciudades
1997,14,délos,dlos
1997,15,rabinaleros,rabinaleros
1997,17,los,los
1997,18,cakchiqueles,cakchiqueles
1997,19,y,y
1997,20,los,los
1997,21,de,de
1997,22,Zaculeu,zaculeu
1997,24,llegó,lleg
1997,25,y,y
1997,26,venció,venci
1997,27,a,a
1997,28,todos,todos
1997,29,los,los
1997,30,pueblos,pueblos
1997,32,y,y
1997,33,lejos,lejos
1997,34,llevaron,llevaron
1997,35,sus,sus
1997,36,armas,armas
1997,37,los,los
1997,38,soldados,soldados
1997,39,de,de
1997,40,Quicab,quicab
1998,0,Una,una
1998,1,o,o
1998,2,dos,dos
1998,3,tribus,tribus
1998,4,no,no
1998,5,trajeron,trajeron
1998,6,el,el
1998,7,tributo,tributo
1998,9,y,y
1998,10,entonces,entonces
1998,11,cayó,cay
1998,12,sobre,sobre
1998,13,todas,todas
1998,14,las,las
1998,15,ciudades,ciudades
1998,16,y,y
1998,17,tuvieron,tuvieron
1998,18,que,que
1998,19,llevar,llevar
1998,20,el,el
1998,21,tributo,tributo
1998,22,ante,ante
1998,23,Quicab,quicab
1998,24,y,y
1998,25,Cavizimah,cavizimah
1999,0,Los,los
1999,1,hicieron,hicieron
1999,2,esclavos,esclavos
1999,4,fueron,fueron
1999,5,heridos,heridos
1999,6,y,y
1999,7,asaeteados,asaeteados
1999,8,contra,contra
1999,9,los,los
1999,10,árboles,rboles
1999,11,y,y
1999,12,ya,ya
1999,13,no,no
1999,14,tuvieron,tuvieron
1999,15,gloria,gloria
1999,17,no,no
1999,18,tuvieron,tuvieron
1999,19,poder,poder
2000,0,Así,as
2000,1,fue,fue
2000,2,la,la
2000,3,destrucción,destruccin
2000,4,de,de
2000,5,las,las
2000,6,ciudades,ciudades
2000,7,que,que
2000,8,fueron,fueron
2000,9,al,al
2000,10,instante,instante
2000,11,arrasadas,arrasadas
2000,12,hasta,hasta
2000,13,los,los
2000,14,ci-,ci
2000,15,mientos,mientos
2001,0,Semejante,semejante
2001,1,al,al
2001,2,rayo,rayo
2001,3,que,que
2001,4,hiere,hiere
2001,5,y,y
2001,6,destroza,destroza
2001,7,la,la
2001,8,roca,roca
2001,10,así,as
2001,11,llenó,llen
2001,12,de,de
2001,13,terror,terror
2001,14,en,en
2001,15,un,un
2001,16,momento,momento
2001,17,a,a
2001,18,los,los
2001,19,pueblos,pueblos
2001,20,vencidos,vencidos
2002,0,Frente,frente
2002,1,a,a
2002,2,Colché,colch
2002,4,como,como
2002,5,señal,seal
2002,6,de,de
2002,7,una,una
2002,8,ciudad,ciudad
2002,10,destruida,destruida
2002,12,por,por
2002,13,él,l
2002,15,hay,hay
2002,16,ahora,ahora
2002,17,un,un
2002,18,volcán,volcn
2002,19,de,de
2002,20,piedras,piedras
2002,22,que,que
2002,23,casi,casi
2002,24,fueron,fueron
2002,25,cortadas,cortadas
2002,26,como,como
2002,27,con,con
2002,28,el,el
2002,29,filo,filo
2002,30,de,de
2002,31,un,un
2002,32,hacha,hacha
2003,0,Está,est
2003,1,allá,all
2003,2,en,en
2003,3,la,la
2003,4,costa,costa
2003,5,llamada,llamada
2003,6,de,de
2003,7,Petatayub,petatayub
2003,9,y,y
2003,10,pueden,pueden
2003,11,verlo,verlo
2003,12,claramente,claramente
2003,13,hoy,hoy
2003,14,día,da
2003,15,las,las
2003,16,gentes,gentes
2003,17,que,que
2003,18,pasan,pasan
2003,20,como,como
2003,21,testimonio,testimonio
2003,22,del,del
2003,23,valor,valor
2003,24,de,de
2003,25,Quicab,quicab
2004,0,No,no
2004,1,pudieron,pudieron
2004,2,matarlo,matarlo
2004,3,ni,ni
2004,4,vencerlo,vencerlo
2004,6,porque,porque
2004,7,verdaderamente,verdaderamente
2004,8,era,era
2004,9,un,un
2004,10,hombre,hombre
2004,11,valiente,valiente
2004,13,y,y
2004,14,todos,todos
2004,15,los,los
2004,16,pue-,pue
2004,17,blos,blos
2004,18,le,le
2004,19,rendían,rendan
2004,20,tributo,tributo
2005,0,Y,y
2005,1,habiendo,habiendo
2005,2,celebrado,celebrado
2005,3,consejo,consejo
2005,4,todos,todos
2005,5,los,los
2005,6,Señores,seores
2005,8,se,se
2005,9,fueron,fueron
2005,10,a,a
2005,11,fortificar,fortificar
2005,12,las,las
2005,13,barrancas,barrancas
2005,14,y,y
2005,15,las,las
2005,16,ciudades,ciudades
2005,18,habiendo,habiendo
2005,19,conquistado,conquistado
2005,20,las,las
2005,21,ciudades,ciudades
2005,22,de,de
2005,23,todas,todas
2005,24,las,las
2005,25,tribus,tribus
2006,0,Luego,luego
2006,1,salieron,salieron
2006,2,los,los
2006,3,vigías,vigas
2006,4,para,para
2006,5,observar,observar
2006,6,al,al
2006,7,enemigo,enemigo
2006,8,y,y
2006,9,fundaron,fundaron
2006,10,a,a
2006,11,manera,manera
2006,12,de,de
2006,13,pueblos,pueblos
2006,14,en,en
2006,15,los,los
2006,16,lugares,lugares
2006,17,ocupados,ocupados
2006,19,Por,por
2006,20,si,si
2006,21,acaso,acaso
2006,22,vuelven,vuelven
2006,23,las,las
2006,24,tribus,tribus
2006,25,a,a
2006,26,ocupar,ocupar
2006,27,la,la
2006,28,ciudad,ciudad
2006,30,dijeron,dijeron
2006,31,cuando,cuando
2006,32,se,se
2006,33,reunieron,reunieron
2006,34,en,en
2006,35,consejo,consejo
2006,36,todos,todos
2006,37,los,los
2006,38,Señores,seores
2007,0,En,en
2007,1,seguida,seguida
2007,2,salieron,salieron
2007,3,a,a
2007,4,sus,sus
2007,5,puestos,puestos
2008,1,Estos,estos
2008,2,serán,sern
2008,3,como,como
2008,4,nuestros,nuestros
2008,5,fortines,fortines
2008,6,y,y
2008,7,nuestros,nuestros
2008,8,pueblos,pueblos
2008,10,nuestras,nuestras
2008,11,murallas,murallas
2008,12,y,y
2008,13,defensas,defensas
2008,15,aquí,aqu
2008,16,se,se
2008,17,probarán,probarn
2008,18,nuestro,nuestro
2008,19,valor,valor
2008,20,y,y
2008,21,nuestra,nuestra
2008,22,hombría,hombra
2008,24,dijeron,dijeron
2008,25,todos,todos
2008,26,los,los
2008,27,Señores,seores
2008,28,cuando,cuando
2008,29,se,se
2008,30,dirigieron,dirigieron
2008,31,al,al
2008,32,puesto,puesto
2008,33,señalado,sealado
2008,34,a,a
2008,35,cada,cada
2008,36,parcialidad,parcialidad
2008,37,para,para
2008,38,pelear,pelear
2008,39,con,con
2008,40,los,los
2008,41,enemigos,enemigos
2009,0,Y,y
2009,1,habiendo,habiendo
2009,2,celebrado,celebrado
2009,3,consejo,consejo
2009,4,todos,todos
2009,5,los,los
2009,6,Señores,seores
2009,8,se,se
2009,9,fuerona,fuerona
2009,10,fortificar,fortificar
2009,11,las,las
2009,12,barrancas,barrancas
2009,13,y,y
2009,14,las,las
2009,15,ciudades,ciudades
2010,2,Id,id
2010,3,allá,all
2010,5,porque,porque
2010,6,ya,ya
2010,7,son,son
2010,8,tierra,tierra
2010,9,nuestra,nuestra
2010,12,No,no
2010,13,tengáis,tengis
2010,14,miedo,miedo
2010,15,si,si
2010,16,hay,hay
2010,17,todavía,todava
2010,18,enemigos,enemigos
2010,19,que,que
2010,20,vengan,vengan
2010,21,a,a
2010,22,vosotros,vosotros
2010,23,para,para
2010,24,mataros,mataros
2010,26,venid,venid
2010,27,aprisa,aprisa
2010,28,a,a
2010,29,dar,dar
2010,30,parte,parte
2010,31,y,y
2010,32,yo,yo
2010,33,iré,ir
2010,34,a,a
2010,35,darles,darles
2010,36,muerte,muerte
2010,39,les,les
2010,40,dijo,dijo
2010,41,Quicab,quicab
2010,42,cuando,cuando
2010,43,los,los
2010,44,despidió,despidi
2010,45,a,a
2010,46,todos,todos
2010,47,en,en
2010,48,presencia,presencia
2010,49,del,del
2010,50,Galel,galel
2010,51,y,y
2010,52,el,el
2010,53,Ahtzic-Vinac,ahtzicvinac
2011,0,Marcháronse,marchronse
2011,1,entonces,entonces
2011,2,los,los
2011,3,flecheros,flecheros
2011,4,y,y
2011,5,los,los
2011,6,honderos,honderos
2011,8,así,as
2011,9,llamados,llamados
2011,11,Entonces,entonces
2011,12,se,se
2011,13,repartieron,repartieron
2011,14,los,los
2011,15,abuelos,abuelos
2011,16,y,y
2011,17,padres,padres
2011,18,de,de
2011,19,toda,toda
2011,20,la,la
2011,21,nación,nacin
2011,22,quiché,quich
2012,0,Estaban,estaban
2012,1,en,en
2012,2,cada,cada
2012,3,uno,uno
2012,4,de,de
2012,5,los,los
2012,6,montes,montes
2012,7,y,y
2012,8,eran,eran
2012,9,como,como
2012,10,guardias,guardias
2012,11,de,de
2012,12,los,los
2012,13,montes,montes
2012,15,como,como
2012,16,guardianes,guardianes
2012,17,de,de
2012,18,las,las
2012,19,flechas,flechas
2012,20,y,y
2012,21,las,las
2012,22,hondas,hondas
2012,23,y,y
2012,24,centinelas,centinelas
2012,25,de,de
2012,26,la,la
2012,27,guerra,guerra
2013,0,No,no
2013,1,eran,eran
2013,2,de,de
2013,3,distinto,distinto
2013,4,origen,origen
2013,5,ni,ni
2013,6,tenían,tenan
2013,7,diferente,diferente
2013,8,dios,dios
2013,10,cuando,cuando
2013,11,se,se
2013,12,fueron,fueron
2014,0,Solamente,solamente
2014,1,iban,iban
2014,2,a,a
2014,3,fortificar,fortificar
2014,4,sus,sus
2014,5,ciudades,ciudades
2015,0,Salieron,salieron
2015,1,entonces,entonces
2015,2,todos,todos
2015,3,los,los
2015,4,de,de
2015,5,Uvilá,uvil
2015,7,los,los
2015,8,de,de
2015,9,Chulimal,chulimal
2015,11,Zaquiyá,zaquiy
2015,13,Xahbaquieh,xahbaquieh
2015,15,Chi-Temah,chitemah
2015,17,Vahxal-ahuh,vahxalahuh
2015,19,y,y
2015,20,los,los
2015,21,de,de
2015,22,Cabracán,cabracn
2015,24,Chabicac-Chi-Hunahpú,chabicacchihunahp
2015,26,y,y
2015,27,los,los
2015,28,de,de
2015,29,Maca,maca
2015,31,los,los
2015,32,de,de
2015,33,Xoyabah,xoyabah
2015,35,los,los
2015,36,de,de
2015,37,Zaccabahá,zaccabah
2015,39,los,los
2015,40,de,de
2015,41,Ziyahá,ziyah
2015,43,los,los
2015,44,de,de
2015,45,Miquiná,miquin
2015,47,los,los
2015,48,de,de
2015,49,Xelahuh,xelahuh
2015,51,y,y
2015,52,los,los
2015,53,de,de
2015,54,la,la
2015,55,costa,costa
2016,0,Salieron,salieron
2016,1,a,a
2016,2,vigilar,vigilar
2016,3,la,la
2016,4,guerra,guerra
2016,5,y,y
2016,6,a,a
2016,7,guardar,guardar
2016,8,la,la
2016,9,tierra,tierra
2016,11,cuando,cuando
2016,12,se,se
2016,13,fueron,fueron
2016,14,de,de
2016,15,orden,orden
2016,16,de,de
2016,17,Quicab,quicab
2016,18,y,y
2016,19,Cavizimah,cavizimah
2016,22,que,que
2016,23,eran,eran
2016,25,el,el
2016,26,Ahpop,ahpop
2016,27,y,y
2016,28,el,el
2016,29,Ahpop-Camhá,ahpopcamh
2016,31,y,y
2016,32,del,del
2016,33,Galel,galel
2016,34,y,y
2016,35,el,el
2016,36,Ahtzic-Vinac,ahtzicvinac
2016,38,que,que
2016,39,eran,eran
2016,40,los,los
2016,41,cuatro,cuatro
2016,42,Señores,seores
2017,0,Fueron,fueron
2017,1,enviados,enviados
2017,2,para,para
2017,3,vigilar,vigilar
2017,4,a,a
2017,5,los,los
2017,6,enemigos,enemigos
2017,7,de,de
2017,8,Quicab,quicab
2017,9,y,y
2017,10,Cavizimah,cavizimah
2017,12,nombres,nombres
2017,13,de,de
2017,14,los,los
2017,15,reyes,reyes
2017,17,ambos,ambos
2017,18,de,de
2017,19,la,la
2017,20,Casa,casa
2017,21,de,de
2017,22,Cavec,cavec
2017,24,de,de
2017,25,Queerná,queern
2017,27,nombre,nombre
2017,28,del,del
2017,29,Señor,seor
2017,30,de,de
2017,31,los,los
2017,32,de,de
2017,33,Nihaib,nihaib
2017,35,y,y
2017,36,de,de
2017,37,Achac-lboy,achaclboy
2017,39,nombre,nombre
2017,40,del,del
2017,41,Señor,seor
2017,42,de,de
2017,43,los,los
2017,44,Ahau-Quiché,ahauquich
2018,0,Estos,estos
2018,1,eran,eran
2018,2,los,los
2018,3,nombres,nombres
2018,4,dé,d
2018,5,los,los
2018,6,Señores,seores
2018,7,que,que
2018,8,los,los
2018,9,enviaron,enviaron
2018,10,y,y
2018,11,despacharon,despacharon
2018,12,cuando,cuando
2018,13,se,se
2018,14,fueron,fueron
2018,15,sus,sus
2018,16,hijos,hijos
2018,17,y,y
2018,18,vasallos,vasallos
2018,19,a,a
2018,20,las,las
2018,21,montañas,montaas
2018,23,a,a
2018,24,cada,cada
2018,25,una,una
2018,26,de,de
2018,27,las,las
2018,28,montañas,montaas
2019,0,Fuéronse,furonse
2019,1,en,en
2019,2,seguida,seguida
2019,3,y,y
2019,4,trajeron,trajeron
2019,5,cautivos,cautivos
2019,7,trajeron,trajeron
2019,8,prisioneros,prisioneros
2019,9,a,a
2019,10,presencia,presencia
2019,11,de,de
2019,12,Quicab,quicab
2019,14,Cavizimah,cavizimah
2019,16,el,el
2019,17,Galel,galel
2019,18,y,y
2019,19,el,el
2019,20,Ahtzic-Vinac,ahtzicvinac
2019,22,Hicieron,hicieron
2019,23,la,la
2019,24,guerra,guerra
2019,25,los,los
2019,26,flecheros,flecheros
2019,27,y,y
2019,28,los,los
2019,29,honderos,honderos
2019,31,haciendo,haciendo
2019,32,cautivos,cautivos
2019,33,y,y
2019,34,prisioneros,prisioneros
2020,0,Fueron,fueron
2020,1,unos,unos
2020,2,héroes,hroes
2020,3,los,los
2020,4,defensores,defensores
2020,5,de,de
2020,6,los,los
2020,7,puestos,puestos
2020,9,y,y
2020,10,los,los
2020,11,Señores,seores
2020,12,les,les
2020,13,dieron,dieron
2020,14,y,y
2020,15,prodigaron,prodigaron
2020,16,sus,sus
2020,17,premios,premios
2020,18,cuando,cuando
2020,19,aquellos,aquellos
2020,20,vinieron,vinieron
2020,21,a,a
2020,22,entregar,entregar
2020,23,todos,todos
2020,24,sus,sus
2020,25,cautivos,cautivos
2020,26,y,y
2020,27,prisioneros,prisioneros
2021,0,A,a
2021,1,continuación,continuacin
2021,2,se,se
2021,3,reunieron,reunieron
2021,4,en,en
2021,5,consejo,consejo
2021,6,de,de
2021,7,orden,orden
2021,8,de,de
2021,9,los,los
2021,10,Señores,seores
2021,12,el,el
2021,13,Ahpop,ahpop
2021,15,el,el
2021,16,Ahpop-Camhá,ahpopcamh
2021,18,el,el
2021,19,Galel,galel
2021,20,y,y
2021,21,el,el
2021,22,Ahtzic-Vinac,ahtzicvinac
2021,24,y,y
2021,25,dispusieron,dispusieron
2021,26,y,y
2021,27,dijeron,dijeron
2021,28,que,que
2021,29,los,los
2021,30,que,que
2021,31,allí,all
2021,32,estaban,estaban
2021,33,primero,primero
2021,34,tendrían,tendran
2021,35,la,la
2021,36,dignidad,dignidad
2021,37,de,de
2021,38,representartes,representartes
2021,39,de,de
2021,40,su,su
2021,41,familia,familia
2022,1,Yo,yo
2022,2,soy,soy
2022,3,el,el
2022,4,Ahpop,ahpop
2022,7,Yo,yo
2022,8,soy,soy
2022,9,el,el
2022,10,Ahpop-Camhá,ahpopcamh
2022,13,mía,ma
2022,14,será,ser
2022,15,la,la
2022,16,dignidad,dignidad
2022,17,de,de
2022,18,Ahpop,ahpop
2022,20,mientras,mientras
2022,21,que,que
2022,22,la,la
2022,23,tuya,tuya
2022,25,Ahau-Gale,ahaugale
2022,27,será,ser
2022,28,la,la
2022,29,dignidad,dignidad
2022,30,de,de
2022,31,Gales,gales
2022,33,dijeron,dijeron
2022,34,todos,todos
2022,35,los,los
2022,36,señores,seores
2022,37,cuando,cuando
2022,38,celebraron,celebraron
2022,39,su,su
2022,40,consejo,consejo
2023,0,Lo,lo
2023,1,mismo,mismo
2023,2,hicieron,hicieron
2023,3,los,los
2023,4,de,de
2023,5,Tamub,tamub
2023,6,y,y
2023,7,los,los
2023,8,Ilocab,ilocab
2023,10,igual,igual
2023,11,fue,fue
2023,12,la,la
2023,13,condición,condicin
2023,14,de,de
2023,15,las,las
2023,16,tres,tres
2023,17,parcialidades,parcialidades
2023,18,del,del
2023,19,Quiché,quich
2023,20,cuando,cuando
2023,21,nombraron,nombraron
2023,22,capitanes,capitanes
2023,23,y,y
2023,24,ennoblecieron,ennoblecieron
2023,25,por,por
2023,26,primera,primera
2023,27,vez,vez
2023,28,a,a
2023,29,sus,sus
2023,30,hijos,hijos
2023,31,vasallos,vasallos
2024,0,Tal,tal
2024,1,fue,fue
2024,2,el,el
2024,3,resultado,resultado
2024,4,de,de
2024,5,la,la
2024,6,conquista,conquista
2025,0,Pero,pero
2025,1,no,no
2025,2,furon,furon
2025,3,hechos,hechos
2025,4,capitanes,capitanes
2025,5,aquí,aqu
2025,6,en,en
2025,7,el,el
2025,8,Quiché,quich
2026,0,Tiene,tiene
2026,1,su,su
2026,2,nombre,nombre
2026,3,el,el
2026,4,monte,monte
2026,5,donde,donde
2026,6,fueron,fueron
2026,7,hechos,hechos
2026,8,capitanes,capitanes
2026,9,por,por
2026,10,primera,primera
2026,11,vez,vez
2026,12,los,los
2026,13,hijos,hijos
2026,14,y,y
2026,15,vasallos,vasallos
2026,17,cuando,cuando
2026,18,los,los
2026,19,enviaron,enviaron
2026,20,a,a
2026,21,todos,todos
2027,0,Xebalax,xebalax
2027,1,y,y
2027,2,Xecamax,xecamax
2027,3,son,son
2027,4,los,los
2027,5,nombres,nombres
2027,6,de,de
2027,7,los,los
2027,8,montes,montes
2027,9,donde,donde
2027,10,fueron,fueron
2027,11,hechos,hechos
2027,12,capitanes,capitanes
2027,13,y,y
2027,14,recibieron,recibieron
2027,15,sus,sus
2027,16,cargos,cargos
2028,0,Esto,esto
2028,1,pasó,pas
2028,2,en,en
2028,3,Chilimal,chilimal
2029,0,Así,as
2029,1,fue,fue
2029,2,el,el
2029,3,nombramiento,nombramiento
2029,5,la,la
2029,6,promoción,promocin
2029,7,distinción,distincin
2029,8,de,de
2029,9,los,los
2029,10,veinte,veinte
2029,11,Galel,galel
2029,13,de,de
2029,14,los,los
2029,15,veinte,veinte
2029,16,Ahpop,ahpop
2029,18,que,que
2029,19,fueron,fueron
2029,20,nombrados,nombrados
2029,21,por,por
2029,22,el,el
2029,23,Ahpop,ahpop
2029,24,el,el
2029,25,Ahpop-Camhá,ahpopcamh
2029,26,y,y
2029,27,por,por
2029,28,el,el
2029,29,Galel,galel
2029,30,y,y
2029,31,el,el
2029,32,Ahtzic-Vinac,ahtzicvinac
2030,0,Recibieron,recibieron
2030,1,sus,sus
2030,2,dignidades,dignidades
2030,3,todos,todos
2030,4,los,los
2030,5,Gales-Ahpop,galesahpop
2030,7,once,once
2030,8,Nim-Choco,nimchoco
2030,10,Galel-Ahau,galelahau
2030,12,Gale-Zaquic,galezaquic
2030,14,el,el
2030,15,Gales-Achi,galesachi
2030,17,Rahpop-Achih,rahpopachih
2030,19,Rahtzalam-Achih,rahtzalamachih
2030,21,Utzam-Achih,utzamachih
2030,23,nombres,nombres
2030,24,que,que
2030,25,recibieron,recibieron
2030,26,los,los
2030,27,guerreros,guerreros
2030,28,cuando,cuando
2030,29,les,les
2030,30,confirieron,confirieron
2030,31,los,los
2030,32,títulos,ttulos
2030,33,y,y
2030,34,distinciones,distinciones
2030,35,en,en
2030,36,sus,sus
2030,37,tronos,tronos
2030,38,y,y
2030,39,asientos,asientos
2030,41,siendo,siendo
2030,42,los,los
2030,43,primeros,primeros
2030,44,hijos,hijos
2030,45,y,y
2030,46,vasallos,vasallos
2030,47,de,de
2030,48,la,la
2030,49,nación,nacin
2030,50,quiché,quich
2030,52,sus,sus
2030,53,vigías,vigas
2030,55,sus,sus
2030,56,escuchas,escuchas
2030,58,los,los
2030,59,flecheros,flecheros
2030,61,los,los
2030,62,honderos,honderos
2030,64,murallas,murallas
2030,66,puertas,puertas
2030,68,fortines,fortines
2030,69,y,y
2030,70,bastiones,bastiones
2030,71,del,del
2030,72,Quiché,quich
2031,0,Así,as
2031,1,también,tambin
2031,2,lo,lo
2031,3,hicieron,hicieron
2031,4,los,los
2031,5,de,de
2031,6,Tamub,tamub
2031,7,e,e
2031,8,Ilocab,ilocab
2031,10,nombraron,nombraron
2031,11,y,y
2031,12,ennoblecieron,ennoblecieron
2031,13,a,a
2031,14,los,los
2031,15,primeros,primeros
2031,16,hijos,hijos
2031,17,y,y
2031,18,vasallos,vasallos
2031,19,que,que
2031,20,había,haba
2031,21,en,en
2031,22,cada,cada
2031,23,lugar,lugar
2032,0,Este,este
2032,1,fue,fue
2032,3,pues,pues
2032,5,el,el
2032,6,origen,origen
2032,7,de,de
2032,8,los,los
2032,9,Galel-Ahpop,galelahpop
2032,10,y,y
2032,11,de,de
2032,12,las,las
2032,13,dignidades,dignidades
2032,14,que,que
2032,15,existen,existen
2032,16,ahora,ahora
2032,17,en,en
2032,18,cada,cada
2032,19,uno,uno
2032,20,de,de
2032,21,estos,estos
2032,22,lugares,lugares
2033,0,Así,as
2033,1,fue,fue
2033,2,su,su
2033,3,origen,origen
2033,4,cuando,cuando
2033,5,surgieron,surgieron
2034,0,Por,por
2034,1,el,el
2034,2,Ahpop,ahpop
2034,3,y,y
2034,4,el,el
2034,5,Ahpop-Camhá,ahpopcamh
2034,7,por,por
2034,8,el,el
2034,9,Galel,galel
2034,10,y,y
2034,11,el,el
2034,12,Ahtzic-Vinac,ahtzicvinac
2034,13,aparecieron,aparecieron
2035,0,Diremos,diremos
2035,1,ahora,ahora
2035,2,el,el
2035,3,nombre,nombre
2035,4,de,de
2035,5,la,la
2035,6,casa,casa
2035,7,del,del
2035,8,Dios,dios
2036,0,La,la
2036,1,casa,casa
2036,2,era,era
2036,3,designada,designada
2036,4,asimismo,asimismo
2036,5,con,con
2036,6,el,el
2036,7,nombre,nombre
2036,8,del,del
2036,9,dios,dios
2037,0,El,el
2037,1,Gran,gran
2037,2,Edificio,edificio
2037,3,de,de
2037,4,Tohil,tohil
2037,5,era,era
2037,6,el,el
2037,7,nombre,nombre
2037,8,del,del
2037,9,edificio,edificio
2037,10,del,del
2037,11,templo,templo
2037,12,de,de
2037,13,Tohü,toh
2037,15,de,de
2037,16,los,los
2037,17,de,de
2037,18,Cavec,cavec
2038,0,AvÜíx,avx
2038,1,era,era
2038,2,el,el
2038,3,nombre,nombre
2038,4,del,del
2038,5,edificio,edificio
2038,6,del,del
2038,7,templo,templo
2038,8,de,de
2038,9,Avilix,avilix
2038,11,de,de
2038,12,los,los
2038,13,de,de
2038,14,Nihaib,nihaib
2038,16,y,y
2038,17,Hacavitz,hacavitz
2038,18,era,era
2038,19,el,el
2038,20,nombre,nombre
2038,21,del,del
2038,22,edificio,edificio
2038,23,del,del
2038,24,templo,templo
2038,25,del,del
2038,26,Dios,dios
2038,27,de,de
2038,28,los,los
2038,29,Ahau-Quiché,ahauquich
2039,0,Tzutuhá,tzutuh
2039,2,que,que
2039,3,se,se
2039,4,ve,ve
2039,5,en,en
2039,6,Cahbahá,cahbah
2039,8,es,es
2039,9,el,el
2039,10,nombre,nombre
2039,11,de,de
2039,12,un,un
2039,13,gran,gran
2039,14,edificio,edificio
2039,16,en,en
2039,17,el,el
2039,18,cual,cual
2039,19,había,haba
2039,20,una,una
2039,21,piedra,piedra
2039,22,que,que
2039,23,adoraban,adoraban
2039,24,todos,todos
2039,25,los,los
2039,26,Señores,seores
2039,27,del,del
2039,28,Quiché,quich
2039,29,y,y
2039,30,que,que
2039,31,era,era
2039,32,adorada,adorada
2039,33,también,tambin
2039,34,por,por
2039,35,todos,todos
2039,36,los,los
2039,37,pueblos,pueblos
2040,0,Los,los
2040,1,pueblos,pueblos
2040,2,hacían,hacan
2040,3,primero,primero
2040,4,sus,sus
2040,5,sacrificios,sacrificios
2040,6,ante,ante
2040,7,Tohíl,tohl
2040,8,y,y
2040,9,después,despus
2040,10,iban,iban
2040,11,a,a
2040,12,ofrecer,ofrecer
2040,13,sus,sus
2040,14,respetos,respetos
2040,15,al,al
2040,16,Ahpop,ahpop
2040,17,y,y
2040,18,al,al
2040,19,Ahpop-Camhá,ahpopcamh
2040,21,Luego,luego
2040,22,iban,iban
2040,23,a,a
2040,24,presentar,presentar
2040,25,sus,sus
2040,26,plumas,plumas
2040,27,ricas,ricas
2040,28,y,y
2040,29,su,su
2040,30,tributo,tributo
2040,31,ante,ante
2040,32,el,el
2040,33,rey,rey
2041,0,Y,y
2041,1,los,los
2041,2,reyes,reyes
2041,3,a,a
2041,4,quienes,quienes
2041,5,sostenían,sostenan
2041,6,eran,eran
2041,7,el,el
2041,8,Ahpop,ahpop
2041,9,y,y
2041,10,el,el
2041,11,Ahpop-Camhá,ahpopcamh
2041,13,que,que
2041,14,habían,haban
2041,15,conquistado,conquistado
2041,16,sus,sus
2041,17,ciudades,ciudades
2042,0,Grandes,grandes
2042,1,Señores,seores
2042,2,y,y
2042,3,hombres,hombres
2042,4,prodigiosos,prodigiosos
2042,5,eran,eran
2042,6,los,los
2042,7,reyes,reyes
2042,8,portentosos,portentosos
2042,9,Gucumatz,gucumatz
2042,10,y,y
2042,11,Cotuhá,cotuh
2042,13,y,y
2042,14,los,los
2042,15,reyes,reyes
2042,16,portentosos,portentosos
2042,17,Quicab,quicab
2042,18,y,y
2042,19,Cavizimah,cavizimah
2043,0,Ellos,ellos
2043,1,sabían,saban
2043,2,si,si
2043,3,se,se
2043,4,haría,hara
2043,5,la,la
2043,6,guerra,guerra
2043,7,y,y
2043,8,todo,todo
2043,9,era,era
2043,10,claro,claro
2043,11,ante,ante
2043,12,sus,sus
2043,13,ojos,ojos
2043,15,veían,vean
2043,16,si,si
2043,17,habría,habra
2043,18,mortandad,mortandad
2043,19,o,o
2043,20,hambre,hambre
2043,22,si,si
2043,23,habría,habra
2043,24,pleitos,pleitos
2044,0,Sabían,saban
2044,1,bien,bien
2044,2,que,que
2044,3,había,haba
2044,4,donde,donde
2044,5,podían,podan
2044,6,verlo,verlo
2044,8,que,que
2044,9,existía,exista
2044,10,un,un
2044,11,libro,libro
2044,12,por,por
2044,13,ellos,ellos
2044,14,llamado,llamado
2044,15,Popol,popol
2044,16,Vuh,vuh
2045,0,Pero,pero
2045,1,no,no
2045,2,sólo,slo
2045,3,de,de
2045,4,esta,esta
2045,5,manera,manera
2045,6,era,era
2045,7,grande,grande
2045,8,la,la
2045,9,condición,condicin
2045,10,de,de
2045,11,los,los
2045,12,Señores,seores
2046,0,Grandes,grandes
2046,1,eran,eran
2046,2,también,tambin
2046,3,sus,sus
2046,4,ayunos,ayunos
2047,0,Y,y
2047,1,esto,esto
2047,2,era,era
2047,3,en,en
2047,4,pago,pago
2047,5,de,de
2047,6,haber,haber
2047,7,sido,sido
2047,8,creados,creados
2047,9,y,y
2047,10,en,en
2047,11,pago,pago
2047,12,de,de
2047,13,su,su
2047,14,reino,reino
2048,0,Ayunaban,ayunaban
2048,1,mucho,mucho
2048,2,tiempo,tiempo
2048,3,y,y
2048,4,hadan,hadan
2048,5,sacrificios,sacrificios
2048,6,a,a
2048,7,sus,sus
2048,8,dioses,dioses
2049,0,He,he
2049,1,aquí,aqu
2049,2,cómo,cmo
2049,3,ayunaban,ayunaban
2049,5,Nueve,nueve
2049,6,hombres,hombres
2049,7,ayunaban,ayunaban
2049,8,y,y
2049,9,otros,otros
2049,10,nueve,nueve
2049,11,harían,haran
2049,12,sacrificios,sacrificios
2049,13,y,y
2049,14,quemaban,quemaban
2049,15,incienso,incienso
2050,0,Trece,trece
2050,1,hombres,hombres
2050,2,más,ms
2050,3,ayunaban,ayunaban
2050,5,otros,otros
2050,6,trece,trece
2050,7,hacían,hacan
2050,8,ofrendas,ofrendas
2050,9,y,y
2050,10,quemaban,quemaban
2050,11,incienso,incienso
2050,12,ante,ante
2050,13,Tohil,tohil
2051,0,Delante,delante
2051,1,de,de
2051,2,su,su
2051,3,dios,dios
2051,4,se,se
2051,5,alimentaban,alimentaban
2051,6,únicamente,nicamente
2051,7,de,de
2051,8,frutas,frutas
2051,10,de,de
2051,11,zapotes,zapotes
2051,13,de,de
2051,14,matasanos,matasanos
2051,15,y,y
2051,16,de,de
2051,17,jocotes,jocotes
2052,0,Y,y
2052,1,no,no
2052,2,tenían,tenan
2052,3,tortillas,tortillas
2052,4,que,que
2052,5,comer,comer
2053,0,Ya,ya
2053,1,fuesen,fuesen
2053,2,diecisiete,diecisiete
2053,3,hombres,hombres
2053,4,los,los
2053,5,que,que
2053,6,hacían,hacan
2053,7,el,el
2053,8,sacrificio,sacrificio
2053,10,o,o
2053,11,diez,diez
2053,12,los,los
2053,13,que,que
2053,14,ayunaban,ayunaban
2053,16,de,de
2053,17,verdad,verdad
2053,18,no,no
2053,19,comían,coman
2054,0,Cumplían,cumplan
2054,1,con,con
2054,2,sus,sus
2054,3,grandes,grandes
2054,4,preceptos,preceptos
2054,6,y,y
2054,7,así,as
2054,8,demostraban,demostraban
2054,9,su,su
2054,10,condición,condicin
2054,11,de,de
2054,12,Señores,seores
2055,0,Tampoco,tampoco
2055,1,tenían,tenan
2055,2,mujeres,mujeres
2055,3,con,con
2055,4,quienes,quienes
2055,5,dormir,dormir
2055,7,sino,sino
2055,8,que,que
2055,9,se,se
2055,10,mantenían,mantenan
2055,11,solos,solos
2055,13,ayunando,ayunando
2056,0,Estaban,estaban
2056,1,en,en
2056,2,la,la
2056,3,casa,casa
2056,4,del,del
2056,5,dios,dios
2056,7,estaban,estaban
2056,8,todo,todo
2056,9,el,el
2056,10,día,da
2056,11,en,en
2056,12,oración,oracin
2056,14,quemando,quemando
2056,15,incienso,incienso
2056,16,y,y
2056,17,haciendo,haciendo
2056,18,sacrificios,sacrificios
2057,0,Así,as
2057,1,permanecían,permanecan
2057,2,del,del
2057,3,anochecer,anochecer
2057,4,a,a
2057,5,la,la
2057,6,madrugada,madrugada
2057,8,gimiendo,gimiendo
2057,9,en,en
2057,10,sus,sus
2057,11,corazones,corazones
2057,12,y,y
2057,13,en,en
2057,14,su,su
2057,15,pecho,pecho
2057,16,y,y
2057,17,pidiendo,pidiendo
2057,18,por,por
2057,19,la,la
2057,20,felicidad,felicidad
2057,21,y,y
2057,22,la,la
2057,23,vida,vida
2057,24,de,de
2057,25,sus,sus
2057,26,hijos,hijos
2057,27,y,y
2057,28,vasallos,vasallos
2057,29,y,y
2057,30,asimismo,asimismo
2057,31,por,por
2057,32,su,su
2057,33,reino,reino
2057,35,y,y
2057,36,levantando,levantando
2057,37,sus,sus
2057,38,rostros,rostros
2057,39,al,al
2057,40,cielo,cielo
2058,0,He,he
2058,1,aquí,aqu
2058,2,sus,sus
2058,3,peticiones,peticiones
2058,4,a,a
2058,5,su,su
2058,6,dios,dios
2058,8,cuando,cuando
2058,9,oraban,oraban
2058,10,y,y
2058,11,ésta,sta
2058,12,era,era
2058,13,la,la
2058,14,súplica,splica
2058,15,de,de
2058,16,sus,sus
2058,17,corazones,corazones
2058,21,Oh,oh
2058,22,tú,t
2058,24,hermosura,hermosura
2058,25,del,del
2058,26,día,da
2058,29,Tú,t
2058,31,Huracán,huracn
2058,33,tú,t
2058,34,Corazón,corazn
2058,35,del,del
2058,36,Cielo,cielo
2058,37,y,y
2058,38,de,de
2058,39,la,la
2058,40,Tierra,tierra
2058,43,Tú,t
2058,45,dador,dador
2058,46,de,de
2058,47,la,la
2058,48,riqueza,riqueza
2058,49,y,y
2058,50,dador,dador
2058,51,de,de
2058,52,las,las
2058,53,hijas,hijas
2058,54,y,y
2058,55,de,de
2058,56,los,los
2058,57,hijos,hijos
2058,59,Vuelve,vuelve
2058,60,hacia,hacia
2058,61,acá,ac
2058,62,tu,tu
2058,63,gloria,gloria
2058,64,y,y
2058,65,tu,tu
2058,66,riqueza,riqueza
2058,68,concédeles,concdeles
2058,69,la,la
2058,70,vida,vida
2058,71,y,y
2058,72,el,el
2058,73,desarrollo,desarrollo
2058,74,a,a
2058,75,mis,mis
2058,76,hijos,hijos
2058,77,y,y
2058,78,vasallos,vasallos
2058,80,que,que
2058,81,se,se
2058,82,multipliquen,multipliquen
2058,83,y,y
2058,84,crézcanlos,crzcanlos
2058,85,que,que
2058,86,han,han
2058,87,de,de
2058,88,alimentarte,alimentarte
2058,89,y,y
2058,90,mantenerte,mantenerte
2058,92,los,los
2058,93,que,que
2058,94,te,te
2058,95,invocan,invocan
2058,96,en,en
2058,97,los,los
2058,98,caminos,caminos
2058,100,en,en
2058,101,los,los
2058,102,campos,campos
2058,104,a,a
2058,105,la,la
2058,106,orilla,orilla
2058,107,de,de
2058,108,los,los
2058,109,ríos,ros
2058,111,en,en
2058,112,los,los
2058,113,barrancos,barrancos
2058,115,bajo,bajo
2058,116,los,los
2058,117,árboles,rboles
2058,119,bajo,bajo
2058,120,los,los
2058,121,bejucos,bejucos
2059,1,Dales,dales
2059,2,sus,sus
2059,3,hijas,hijas
2059,4,y,y
2059,5,sus,sus
2059,6,hijos,hijos
2060,0,Que,que
2060,1,no,no
2060,2,encuentren,encuentren
2060,3,desgracia,desgracia
2060,4,ni,ni
2060,5,infortunio,infortunio
2060,7,que,que
2060,8,no,no
2060,9,se,se
2060,10,introduzca,introduzca
2060,11,el,el
2060,12,engañador,engaador
2060,13,ni,ni
2060,14,detrás,detrs
2060,15,ni,ni
2060,16,delante,delante
2060,17,de,de
2060,18,ellos,ellos
2061,0,Que,que
2061,1,no,no
2061,2,caigan,caigan
2061,4,que,que
2061,5,nosean,nosean
2061,6,heridos,heridos
2061,8,que,que
2061,9,no,no
2061,10,forniquen,forniquen
2061,12,ni,ni
2061,13,sean,sean
2061,14,condenados,condenados
2061,15,por,por
2061,16,la,la
2061,17,justicia,justicia
2062,0,Que,que
2062,1,no,no
2062,2,se,se
2062,3,caigan,caigan
2062,4,en,en
2062,5,la,la
2062,6,bajada,bajada
2062,7,ni,ni
2062,8,en,en
2062,9,la,la
2062,10,subida,subida
2062,11,del,del
2062,12,camino,camino
2063,0,Que,que
2063,1,no,no
2063,2,encuentren,encuentren
2063,3,obstáculos,obstculos
2063,4,ni,ni
2063,5,detrás,detrs
2063,6,ni,ni
2063,7,delante,delante
2063,8,de,de
2063,9,ellos,ellos
2063,11,ni,ni
2063,12,cosa,cosa
2063,13,que,que
2063,14,los,los
2063,15,golpee,golpee
2064,0,Concédeles,concdeles
2064,1,buenos,buenos
2064,2,caminos,caminos
2064,4,herbosos,herbosos
2064,5,caminos,caminos
2064,6,planos,planos
2065,0,Queno,queno
2065,1,tengan,tengan
2065,2,infortunio,infortunio
2065,4,ni,ni
2065,5,desgracia,desgracia
2065,7,por,por
2065,8,tu,tu
2065,9,culpa,culpa
2065,11,por,por
2065,12,tu,tu
2065,13,hechicería,hechicera
2066,1,Que,que
2066,2,sea,sea
2066,3,buena,buena
2066,4,la,la
2066,5,existencia,existencia
2066,6,de,de
2066,7,los,los
2066,8,que,que
2066,9,te,te
2066,10,dan,dan
2066,11,el,el
2066,12,sustento,sustento
2066,13,y,y
2066,14,el,el
2066,15,alimento,alimento
2066,16,en,en
2066,17,tu,tu
2066,18,boca,boca
2066,20,en,en
2066,21,tu,tu
2066,22,presencia,presencia
2066,24,a,a
2066,25,ti,ti
2066,27,Corazón,corazn
2066,28,del,del
2066,29,Cielo,cielo
2066,31,Corazón,corazn
2066,32,de,de
2066,33,la,la
2066,34,Tierra,tierra
2066,36,Envoltorio,envoltorio
2066,37,de,de
2066,38,la,la
2066,39,Majestad,majestad
2066,41,y,y
2066,42,tú,t
2066,44,Tohil,tohil
2066,46,tú,t
2066,48,Avilix,avilix
2066,50,tú,t
2066,52,Hacavitz,hacavitz
2066,54,bóveda,bveda
2066,55,del,del
2066,56,cielo,cielo
2066,58,superficie,superficie
2066,59,de,de
2066,60,la,la
2066,61,tierra,tierra
2066,63,los,los
2066,64,cuatro,cuatro
2066,65,rincones,rincones
2066,67,los,los
2066,68,cuatro,cuatro
2066,69,puntos,puntos
2066,70,cardinales,cardinales
2067,1,Que,que
2067,2,sólo,slo
2067,3,haya,haya
2067,4,paz,paz
2067,5,y,y
2067,6,tranquilidad,tranquilidad
2067,7,ante,ante
2067,8,tu,tu
2067,9,boca,boca
2067,11,en,en
2067,12,tu,tu
2067,13,presencia,presencia
2067,15,oh,oh
2067,16,Dios,dios
2068,0,Así,as
2068,2,hablaban,hablaban
2068,4,los,los
2068,5,Señores,seores
2068,7,mientras,mientras
2068,8,en,en
2068,9,el,el
2068,10,inferior,inferior
2068,11,ayunaban,ayunaban
2068,12,los,los
2068,13,nueve,nueve
2068,14,hombres,hombres
2068,16,los,los
2068,17,trece,trece
2068,18,hombres,hombres
2068,19,y,y
2068,20,los,los
2068,21,diecisiete,diecisiete
2068,22,hombres,hombres
2069,0,Ayunaban,ayunaban
2069,1,durante,durante
2069,2,el,el
2069,3,día,da
2069,4,y,y
2069,5,gemían,geman
2069,6,sus,sus
2069,7,corazones,corazones
2069,8,por,por
2069,9,sus,sus
2069,10,hijos,hijos
2069,11,y,y
2069,12,vasallos,vasallos
2069,13,y,y
2069,14,por,por
2069,15,todas,todas
2069,16,sus,sus
2069,17,mujeres,mujeres
2069,18,y,y
2069,19,sus,sus
2069,20,hijos,hijos
2069,21,cuando,cuando
2069,22,hadan,hadan
2069,23,su,su
2069,24,ofrenda,ofrenda
2069,25,cada,cada
2069,26,uno,uno
2069,27,de,de
2069,28,los,los
2069,29,Señores,seores
2070,0,Este,este
2070,1,era,era
2070,2,el,el
2070,3,precio,precio
2070,4,de,de
2070,5,la,la
2070,6,vida,vida
2070,7,feliz,feliz
2070,9,el,el
2070,10,precio,precio
2070,11,del,del
2070,12,poder,poder
2070,14,o,o
2070,15,sea,sea
2070,16,el,el
2070,17,mando,mando
2070,18,del,del
2070,19,Ahpop,ahpop
2070,21,el,el
2070,22,Ahpop-,ahpop
2070,23,Camhá,camh
2070,25,el,el
2070,26,Galel,galel
2070,27,y,y
2070,28,el,el
2070,29,Ahtzic-Vinac,ahtzicvinac
2071,0,De,de
2071,1,dos,dos
2071,2,en,en
2071,3,dos,dos
2071,4,entraban,entraban
2071,6,al,al
2071,7,gobierno,gobierno
2071,9,y,y
2071,10,se,se
2071,11,sucedían,sucedan
2071,12,unos,unos
2071,13,a,a
2071,14,otros,otros
2071,15,para,para
2071,16,llevar,llevar
2071,17,la,la
2071,18,carga,carga
2071,19,del,del
2071,20,pueblo,pueblo
2071,21,y,y
2071,22,de,de
2071,23,toda,toda
2071,24,la,la
2071,25,nación,nacin
2071,26,quiché,quich
2072,0,Un,un
2072,1,solo,solo
2072,2,fue,fue
2072,3,el,el
2072,4,origen,origen
2072,5,de,de
2072,6,su,su
2072,7,tradición,tradicin
2072,8,y,y
2072,9,el,el
2072,10,origen,origen
2072,11,de,de
2072,12,la,la
2072,13,costumbre,costumbre
2072,14,de,de
2072,15,mantener,mantener
2072,16,y,y
2072,17,alimentar,alimentar
2072,19,y,y
2072,20,uno,uno
2072,21,también,tambin
2072,22,el,el
2072,23,origen,origen
2072,24,de,de
2072,25,la,la
2072,26,tradición,tradicin
2072,27,y,y
2072,28,de,de
2072,29,las,las
2072,30,costumbres,costumbres
2072,31,semejantes,semejantes
2072,32,de,de
2072,33,los,los
2072,34,de,de
2072,35,Tamub,tamub
2072,36,e,e
2072,37,Ilocab,ilocab
2072,38,y,y
2072,39,los,los
2072,40,rabinaleros,rabinaleros
2072,41,y,y
2072,42,cakchiqueles,cakchiqueles
2072,44,los,los
2072,45,de,de
2072,46,Tziquinahá,tziquinah
2072,48,de,de
2072,49,Tuhalahá,tuhalah
2072,50,y,y
2072,51,Uchabahá,uchabah
2073,0,Y,y
2073,1,eran,eran
2073,2,un,un
2073,3,solo,solo
2073,4,tronco,tronco
2073,6,una,una
2073,7,sola,sola
2073,8,familia,familia
2073,11,cuando,cuando
2073,12,escuchaban,escuchaban
2073,13,allí,all
2073,14,en,en
2073,15,el,el
2073,16,Quiché,quich
2073,17,lo,lo
2073,18,que,que
2073,19,todos,todos
2073,20,ellos,ellos
2073,21,hacían,hacan
2074,0,Pero,pero
2074,1,no,no
2074,2,fue,fue
2074,3,sólo,slo
2074,4,así,as
2074,5,como,como
2074,6,reinaron,reinaron
2075,0,No,no
2075,1,derrochaban,derrochaban
2075,2,los,los
2075,3,dones,dones
2075,4,de,de
2075,5,los,los
2075,6,que,que
2075,7,los,los
2075,8,alimentaban,alimentaban
2075,9,y,y
2075,10,sostenían,sostenan
2075,12,sino,sino
2075,13,que,que
2075,14,se,se
2075,15,los,los
2075,16,comían,coman
2075,17,y,y
2075,18,bebían,beban
2076,0,Tampoco,tampoco
2076,1,los,los
2076,2,compraban,compraban
2076,4,habían,haban
2076,5,ganadoy,ganadoy
2076,6,arrebatado,arrebatado
2076,7,su,su
2076,8,imperio,imperio
2076,10,su,su
2076,11,poder,poder
2076,12,y,y
2076,13,su,su
2076,14,señorío,seoro
2077,0,Y,y
2077,1,no,no
2077,2,fue,fue
2077,3,así,as
2077,4,no,no
2077,5,más,ms
2077,6,como,como
2077,7,conquistaron,conquistaron
2077,8,los,los
2077,9,campos,campos
2077,10,y,y
2077,11,ciudades,ciudades
2077,13,los,los
2077,14,pueblos,pueblos
2077,15,pequeños,pequeos
2077,16,y,y
2077,17,los,los
2077,18,pueblos,pueblos
2077,19,grandes,grandes
2077,20,pagaron,pagaron
2077,21,cuantiosos,cuantiosos
2077,22,rescates,rescates
2077,24,trajeron,trajeron
2077,25,piedras,piedras
2077,26,preciosas,preciosas
2077,27,y,y
2077,28,metales,metales
2077,30,trajeron,trajeron
2077,31,miel,miel
2077,32,de,de
2077,33,abejas,abejas
2077,35,pulseras,pulseras
2077,37,pulseras,pulseras
2077,38,de,de
2077,39,esmeraldas,esmeraldas
2077,40,y,y
2077,41,otras,otras
2077,42,piedras,piedras
2077,43,y,y
2077,44,trajeron,trajeron
2077,45,guirnaldas,guirnaldas
2077,46,hechas,hechas
2077,47,de,de
2077,48,plumas,plumas
2077,49,azules,azules
2077,51,el,el
2077,52,tributo,tributo
2077,53,de,de
2077,54,todos,todos
2077,55,los,los
2077,56,pueblos,pueblos
2078,0,Llegaron,llegaron
2078,1,a,a
2078,2,presencia,presencia
2078,3,de,de
2078,4,los,los
2078,5,reyes,reyes
2078,6,portentosos,portentosos
2078,7,Gucumatz,gucumatz
2078,8,y,y
2078,9,Cotuhá,cotuh
2078,10,y,y
2078,11,ante,ante
2078,12,Quicab,quicab
2078,13,y,y
2078,14,Cavizimah,cavizimah
2078,16,el,el
2078,17,Ahpop,ahpop
2078,19,el,el
2078,20,Ahpop-Camhá,ahpopcamh
2078,22,el,el
2078,23,Galel,galel
2078,24,y,y
2078,25,el,el
2078,26,Ahtzic-Vinac,ahtzicvinac
2079,0,No,no
2079,1,fue,fue
2079,2,poco,poco
2079,3,lo,lo
2079,4,que,que
2079,5,hicieron,hicieron
2079,7,ni,ni
2079,8,fueron,fueron
2079,9,pocos,pocos
2079,10,los,los
2079,11,pueblos,pueblos
2079,12,que,que
2079,13,conquistaron,conquistaron
2080,0,Muchas,muchas
2080,1,ramas,ramas
2080,2,de,de
2080,3,los,los
2080,4,pueblos,pueblos
2080,5,vinieron,vinieron
2080,6,a,a
2080,7,pagar,pagar
2080,8,tributo,tributo
2080,9,al,al
2080,10,Quiché,quich
2080,12,llenos,llenos
2080,13,de,de
2080,14,dolor,dolor
2080,15,llegaron,llegaron
2080,16,a,a
2080,17,entregarlo,entregarlo
2081,0,Sin,sin
2081,1,embargo,embargo
2081,3,su,su
2081,4,poder,poder
2081,5,no,no
2081,6,creció,creci
2081,7,rápidamente,rpidamente
2082,0,Gucumatz,gucumatz
2082,1,fue,fue
2082,2,quien,quien
2082,3,dio,dio
2082,4,principio,principio
2082,5,al,al
2082,6,en-grandecimiento,engrandecimiento
2082,7,del,del
2082,8,reino,reino
2083,0,Así,as
2083,1,fue,fue
2083,2,el,el
2083,3,principio,principio
2083,4,de,de
2083,5,su,su
2083,6,engrandecimiento,engrandecimiento
2083,7,y,y
2083,8,del,del
2083,9,engrandecimiento,engrandecimiento
2083,10,del,del
2083,11,Quiché,quich
2084,0,Y,y
2084,1,ahora,ahora
2084,2,enumeraremos,enumeraremos
2084,3,las,las
2084,4,generaciones,generaciones
2084,5,de,de
2084,6,los,los
2084,7,Señores,seores
2084,8,y,y
2084,9,sus,sus
2084,10,nombres,nombres
2084,12,de,de
2084,13,nuevo,nuevo
2084,14,nombraremos,nombraremos
2084,15,a,a
2084,16,todos,todos
2084,17,los,los
2084,18,Señores,seores
2085,0,He,he
2085,1,aquí,aqu
2085,3,pues,pues
2085,5,las,las
2085,6,generaciones,generaciones
2085,7,y,y
2085,8,el,el
2085,9,orden,orden
2085,10,de,de
2085,11,todos,todos
2085,12,los,los
2085,13,reinados,reinados
2085,14,que,que
2085,15,nacieron,nacieron
2085,16,con,con
2085,17,nuestros,nuestros
2085,18,primeros,primeros
2085,19,abuelos,abuelos
2085,20,y,y
2085,21,nuestros,nuestros
2085,22,primeros,primeros
2085,23,padres,padres
2085,25,Balam-Quitzé,balamquitz
2085,27,Balam-Acab,balamacab
2085,29,Mahucutah,mahucutah
2085,30,e,e
2085,31,Iqui-,iqui
2085,32,Balam,balam
2085,34,cuando,cuando
2085,35,apareció,apareci
2085,36,el,el
2085,37,sol,sol
2085,38,y,y
2085,39,aparecieron,aparecieron
2085,40,la,la
2085,41,luna,luna
2085,42,y,y
2085,43,las,las
2085,44,estrellas,estrellas
2086,0,Ahora,ahora
2086,2,pues,pues
2086,4,daremos,daremos
2086,5,principio,principio
2086,6,a,a
2086,7,las,las
2086,8,generaciones,generaciones
2086,10,al,al
2086,11,orden,orden
2086,12,de,de
2086,13,los,los
2086,14,reinados,reinados
2086,16,desde,desde
2086,17,el,el
2086,18,principio,principio
2086,19,de,de
2086,20,su,su
2086,21,descendencia,descendencia
2086,23,cómo,cmo
2086,24,fueron,fueron
2086,25,entrando,entrando
2086,26,los,los
2086,27,Señores,seores
2086,29,desde,desde
2086,30,su,su
2086,31,entrada,entrada
2086,32,hasta,hasta
2086,33,su,su
2086,34,muerte,muerte
2086,36,cada,cada
2086,37,generación,generacin
2086,38,de,de
2086,39,Señores,seores
2086,40,y,y
2086,41,antepasados,antepasados
2086,43,así,as
2086,44,como,como
2086,45,el,el
2086,46,Señor,seor
2086,47,de,de
2086,48,la,la
2086,49,ciudad,ciudad
2086,51,todos,todos
2086,52,y,y
2086,53,cada,cada
2086,54,uno,uno
2086,55,de,de
2086,56,los,los
2086,57,Señores,seores
2087,0,Aquí,aqu
2087,2,pues,pues
2087,4,se,se
2087,5,manifestará,manifestar
2087,6,la,la
2087,7,persona,persona
2087,8,de,de
2087,9,cada,cada
2087,10,uno,uno
2087,11,de,de
2087,12,los,los
2087,13,Señores,seores
2087,14,del,del
2087,15,Quiché,quich
2088,1,Balam-Quitzé,balamquitz
2088,3,tronco,tronco
2088,4,de,de
2088,5,los,los
2088,6,de,de
2088,7,Cavec,cavec
2089,0,Qocavib,qocavib
2089,2,segunda,segunda
2089,3,generación,generacin
2089,4,de,de
2089,5,Balam-Quitzé,balamquitz
2090,0,Balam-Conaché,balamconach
2090,2,con,con
2090,3,quien,quien
2090,4,comenzó,comenz
2090,5,el,el
2090,6,título,ttulo
2090,7,de,de
2090,8,Ahpop,ahpop
2090,10,tercera,tercera
2090,11,generación,generacin
2091,0,Cotuhá,cotuh
2091,1,e,e
2091,2,htayub,htayub
2091,4,cuarta,cuarta
2091,5,generación,generacin
2092,0,Gucumatz,gucumatz
2092,1,y,y
2092,2,Cotuhá,cotuh
2092,4,principio,principio
2092,5,de,de
2092,6,los,los
2092,7,reyes,reyes
2092,8,portentosos,portentosos
2092,10,que,que
2092,11,fueron,fueron
2092,12,la,la
2092,13,quinta,quinta
2092,14,generación,generacin
2093,0,Tepepul,tepepul
2093,1,e,e
2093,2,Iztayul,iztayul
2093,4,del,del
2093,5,sexto,sexto
2093,6,orden,orden
2094,0,Quicab,quicab
2094,1,y,y
2094,2,Cavízimah,cavzimah
2094,4,la,la
2094,5,séptima,sptima
2094,6,sucesión,sucesin
2094,7,del,del
2094,8,reino,reino
2095,0,Tepepul,tepepul
2095,1,e,e
2095,2,Jztayub,jztayub
2095,4,octava,octava
2095,5,generación,generacin
2096,0,Tecum,tecum
2096,1,y,y
2096,2,Tepepul,tepepul
2096,4,novena,novena
2096,5,generación,generacin
2097,0,Vahxaqui-Caam,vahxaquicaam
2097,1,y,y
2097,2,Quicab,quicab
2097,4,décima,dcima
2097,5,generación,generacin
2097,6,de,de
2097,7,reyes,reyes
2098,0,Vucub-Noh,vucubnoh
2098,1,y,y
2098,2,Cauutepech,cauutepech
2098,4,el,el
2098,5,undécimo,undcimo
2098,6,orden,orden
2098,7,de,de
2098,8,reyes,reyes
2099,0,Oxib-Queh,oxibqueh
2099,1,y,y
2099,2,Beleheb-Tzi,belehebtzi
2099,4,la,la
2099,5,duodécima,duodcima
2099,6,generación,generacin
2099,7,de,de
2099,8,reyes,reyes
2100,0,Estos,estos
2100,1,eran,eran
2100,2,los,los
2100,3,que,que
2100,4,reinaban,reinaban
2100,5,cuando,cuando
2100,6,llegó,lleg
2100,7,Donadiú,donadi
2100,8,y,y
2100,9,fueron,fueron
2100,10,ahorcados,ahorcados
2100,11,por,por
2100,12,los,los
2100,13,castellanos,castellanos
2101,0,Tecum,tecum
2101,1,y,y
2101,2,Tepepul,tepepul
2101,4,que,que
2101,5,tributaron,tributaron
2101,6,a,a
2101,7,los,los
2101,8,castellanos,castellanos
2101,10,éstos,stos
2101,11,dejaron,dejaron
2101,12,hijos,hijos
2101,13,y,y
2101,14,fueron,fueron
2101,15,la,la
2101,16,decimotercera,decimotercera
2101,17,generación,generacin
2101,18,de,de
2101,19,reyes,reyes
2102,0,Don,don
2102,1,Juan,juan
2102,2,de,de
2102,3,Rojas,rojas
2102,4,y,y
2102,5,don,don
2102,6,Juan,juan
2102,7,Cortés,corts
2102,9,decimocuarta,decimocuarta
2102,10,generación,generacin
2102,11,de,de
2102,12,reyes,reyes
2102,14,fueron,fueron
2102,15,hijos,hijos
2102,16,de,de
2102,17,Tecum,tecum
2102,18,y,y
2102,19,Tepepul,tepepul
2103,0,Estas,estas
2103,1,son,son
2103,3,pues,pues
2103,5,las,las
2103,6,generaciones,generaciones
2103,7,y,y
2103,8,el,el
2103,9,orden,orden
2103,10,del,del
2103,11,reinado,reinado
2103,12,de,de
2103,13,los,los
2103,14,Señores,seores
2103,15,Ahpop,ahpop
2103,16,y,y
2103,17,Ahpop-,ahpop
2103,18,Camhá,camh
2103,19,de,de
2103,20,los,los
2103,21,Quichés,quichs
2103,22,de,de
2103,23,Cavec,cavec
2104,0,Y,y
2104,1,ahora,ahora
2104,2,nombraremos,nombraremos
2104,3,de,de
2104,4,nuevo,nuevo
2104,5,las,las
2104,6,familias,familias
2105,0,Estas,estas
2105,1,son,son
2105,2,las,las
2105,3,Casas,casas
2105,4,grandes,grandes
2105,5,de,de
2105,6,cadauno,cadauno
2105,7,délos,dlos
2105,8,Señores,seores
2105,9,que,que
2105,10,siguen,siguen
2105,11,al,al
2105,12,Ahpop,ahpop
2105,13,y,y
2105,14,al,al
2105,15,Ahpop-Camhá,ahpopcamh
2106,0,Estos,estos
2106,1,son,son
2106,2,los,los
2106,3,nombres,nombres
2106,4,de,de
2106,5,las,las
2106,6,nueve,nueve
2106,7,familias,familias
2106,8,de,de
2106,9,los,los
2106,10,Cavec,cavec
2106,12,de,de
2106,13,las,las
2106,14,nueve,nueve
2106,15,Casas,casas
2106,16,grandes,grandes
2106,17,y,y
2106,18,éstos,stos
2106,19,son,son
2106,20,los,los
2106,21,títulos,ttulos
2106,22,de,de
2106,23,los,los
2106,24,Señores,seores
2106,25,de,de
2106,26,cada,cada
2106,27,una,una
2106,28,de,de
2106,29,las,las
2106,30,Casas,casas
2106,31,grandes,grandes
2106,33,Ahau-Ahpop,ahauahpop
2106,35,una,una
2106,36,Casa,casa
2106,37,grande,grande
2107,0,Cuhá,cuh
2107,1,era,era
2107,2,el,el
2107,3,nombre,nombre
2107,4,de,de
2107,5,la,la
2107,6,Casa,casa
2107,7,grande,grande
2108,0,Ahau-Ahpop-Camhá,ahauahpopcamh
2108,2,cuya,cuya
2108,3,Casa,casa
2108,4,grande,grande
2108,5,se,se
2108,6,llamaba,llamaba
2108,7,Tziquinahá,tziquinah
2109,0,Nim-Chocoh-Cavec,nimchocohcavec
2109,2,una,una
2109,3,Casa,casa
2109,4,grande,grande
2110,0,Ahau-Ah-Tohil,ahauahtohil
2110,2,una,una
2110,3,Casa,casa
2110,4,grande,grande
2111,0,Ahau-Ah-Gucumatzr,ahauahgucumatzr
2111,1,una,una
2111,2,Casa,casa
2111,3,grande,grande
2112,0,Popol-Vinac,popolvinac
2112,1,Chituy,chituy
2112,3,una,una
2112,4,Casa,casa
2112,5,grande,grande
2113,0,Lolmet-Quehnay,lolmetquehnay
2113,2,una,una
2113,3,Casa,casa
2113,4,grande,grande
2114,0,Popol-Vinac,popolvinac
2114,1,Pahom,pahom
2114,2,Tzalaiz,tzalaiz
2114,3,Ixcuxebá,ixcuxeb
2114,5,una,una
2114,6,Casa,casa
2114,7,grande,grande
2115,0,Tepeu-Yaqui,tepeuyaqui
2115,2,una,una
2115,3,Casa,casa
2115,4,grande,grande
2116,0,Estas,estas
2116,1,son,son
2116,3,pues,pues
2116,5,las,las
2116,6,nueve,nueve
2116,7,familias,familias
2116,8,de,de
2116,9,Cavec,cavec
2117,0,Y,y
2117,1,eran,eran
2117,2,muy,muy
2117,3,numerosos,numerosos
2117,4,los,los
2117,5,hijos,hijos
2117,6,y,y
2117,7,vasallos,vasallos
2117,8,de,de
2117,9,las,las
2117,10,tribus,tribus
2117,11,que,que
2117,12,seguían,seguan
2117,13,a,a
2117,14,estas,estas
2117,15,nueve,nueve
2117,16,Casas,casas
2117,17,grandes,grandes
2118,0,He,he
2118,1,aquí,aqu
2118,2,las,las
2118,3,nueve,nueve
2118,4,Casas,casas
2118,5,grandes,grandes
2118,6,de,de
2118,7,los,los
2118,8,de,de
2118,9,Nihaib,nihaib
2119,0,Pero,pero
2119,1,primero,primero
2119,2,diremos,diremos
2119,3,las,las
2119,4,descendencia,descendencia
2119,5,del,del
2119,6,reino,reino
2120,0,De,de
2120,1,un,un
2120,2,sol,sol
2120,3,tronco,tronco
2120,4,se,se
2120,5,originaron,originaron
2120,6,estos,estos
2120,7,nombres,nombres
2120,8,cuando,cuando
2120,9,comenzó,comenz
2120,10,a,a
2120,11,brilla,brilla
2120,12,el,el
2120,13,sol,sol
2120,15,al,al
2120,16,principio,principio
2120,17,de,de
2120,18,la,la
2120,19,luz,luz
2121,0,Balam-Acab,balamacab
2121,2,primer,primer
2121,3,abuelo,abuelo
2121,4,y,y
2121,5,padre,padre
2122,0,Qoacul,qoacul
2122,1,y,y
2122,2,Qoacutec,qoacutec
2122,4,la,la
2122,5,segunda,segunda
2122,6,generación,generacin
2123,0,Cochahuh,cochahuh
2123,1,y,y
2123,2,Cotzibahá,cotzibah
2123,4,la,la
2123,5,tercera,tercera
2123,6,generación,generacin
2124,0,Beleheb-Queh,belehebqueh
2124,2,I,i
2124,5,la,la
2124,6,cuarta,cuarta
2124,7,generación,generacin
2125,0,Cotuhá,cotuh
2125,2,I,i
2125,5,la,la
2125,6,quinta,quinta
2125,7,generación,generacin
2125,8,de,de
2125,9,reyes,reyes
2126,0,Batzá,batz
2126,2,la,la
2126,3,sexta,sexta
2126,4,generación,generacin
2127,0,Iztayul,iztayul
2127,2,la,la
2127,3,séptima,sptima
2127,4,generación,generacin
2127,5,de,de
2127,6,reyes,reyes
2128,0,Cotuhá,cotuh
2128,2,li,li
2128,5,el,el
2128,6,octavo,octavo
2128,7,orden,orden
2128,8,del,del
2128,9,reino,reino
2129,0,Beleheb-Queh,belehebqueh
2129,2,II,ii
2129,5,el,el
2129,6,noveno,noveno
2129,7,orden,orden
2130,0,Quema,quema
2130,2,así,as
2130,3,llamado,llamado
2130,5,décima,dcima
2130,6,generación,generacin
2131,0,Ahau-Cotuhá,ahaucotuh
2131,2,la,la
2131,3,undécima,undcima
2131,4,generación,generacin
2132,0,Don,don
2132,1,Christóval,christval
2132,3,así,as
2132,4,llamado,llamado
2132,6,que,que
2132,7,reinó,rein
2132,8,en,en
2132,9,tiempo,tiempo
2132,10,de,de
2132,11,los,los
2132,12,castellanos,castellanos
2133,0,Don,don
2133,1,Pedro,pedro
2133,2,de,de
2133,3,Robles,robles
2133,5,el,el
2133,6,actual,actual
2133,7,Ahau-Galel,ahaugalel
2134,0,Estos,estos
2134,1,son,son
2134,3,pues,pues
2134,5,todos,todos
2134,6,los,los
2134,7,reyes,reyes
2134,8,que,que
2134,9,descendieron,descendieron
2134,10,de,de
2134,11,los,los
2134,12,Ahau-Galel,ahaugalel
2135,0,Ahora,ahora
2135,1,nombraremos,nombraremos
2135,2,a,a
2135,3,los,los
2135,4,Señores,seores
2135,5,de,de
2135,6,cada,cada
2135,7,una,una
2135,8,de,de
2135,9,las,las
2135,10,Casas,casas
2135,11,grandes,grandes
2136,0,Ahau-Galel,ahaugalel
2136,2,el,el
2136,3,primer,primer
2136,4,Señor,seor
2136,5,de,de
2136,6,los,los
2136,7,de,de
2136,8,Nihaib,nihaib
2136,10,jefe,jefe
2136,11,de,de
2136,12,una,una
2136,13,Casa,casa
2136,14,grande,grande
2137,0,Ahau-Ahtzic-Vinac,ahauahtzicvinac
2137,2,una,una
2137,3,Casa,casa
2137,4,grande,grande
2138,0,Ahau-Galel,ahaugalel
2138,1,Camhá,camh
2138,3,una,una
2138,4,Casa,casa
2138,5,grande,grande
2139,0,Nimá-Camhá,nimcamh
2139,2,una,una
2139,3,Casa,casa
2139,4,grande,grande
2140,0,Uchuch-Camhá,uchuchcamh
2140,2,una,una
2140,3,Casa,casa
2140,4,grande,grande
2141,0,Nim-Chocoh-Nihaib,nimchocohnihaib
2141,2,una,una
2141,3,Casa,casa
2141,4,grande,grande
2142,0,Ahau-Avilix,ahauavilix
2142,2,una,una
2142,3,Casa,casa
2142,4,grande,grande
2143,0,Yacolatam,yacolatam
2143,2,una,una
2143,3,Casa,casa
2143,4,grande,grande
2144,0,Nimá-Lolmet-Ycolrux,nimlolmetycolrux
2144,2,una,una
2144,3,Casa,casa
2144,4,grande,grande
2145,0,Estas,estas
2145,1,son,son
2145,3,pues,pues
2145,5,las,las
2145,6,Casas,casas
2145,7,grandes,grandes
2145,8,de,de
2145,9,los,los
2145,10,de,de
2145,11,Nihaib,nihaib
2145,13,éstos,stos
2145,14,eran,eran
2145,15,los,los
2145,16,nombres,nombres
2145,17,de,de
2145,18,las,las
2145,19,nueve,nueve
2145,20,familias,familias
2145,21,de,de
2145,22,los,los
2145,23,de,de
2145,24,Nihaib,nihaib
2145,26,así,as
2145,27,llamados,llamados
2146,0,Numerosas,numerosas
2146,1,fueron,fueron
2146,2,las,las
2146,3,familias,familias
2146,4,de,de
2146,5,cada,cada
2146,6,uno,uno
2146,7,de,de
2146,8,los,los
2146,9,Señores,seores
2146,11,cuyos,cuyos
2146,12,nombres,nombres
2146,13,hemos,hemos
2146,14,consignado,consignado
2146,15,primero,primero
2147,0,Comahcun,comahcun
2148,0,Vucub-Ah,vucubah
2149,0,Cocamel,cocamel
2150,0,Coyobacoh,coyobacoh
2151,0,VinaC-Bam,vinacbam
2152,0,Estos,estos
2152,1,fueron,fueron
2152,2,los,los
2152,3,reyes,reyes
2152,4,de,de
2152,5,los,los
2152,6,de,de
2152,7,Ahau-Quiché,ahauquich
2152,9,éste,ste
2152,10,es,es
2152,11,el,el
2152,12,orden,orden
2152,13,de,de
2152,14,sus,sus
2152,15,generaciones,generaciones
2153,0,He,he
2153,1,aquí,aqu
2153,2,ahora,ahora
2153,3,los,los
2153,4,nombres,nombres
2153,5,de,de
2153,6,los,los
2153,7,Señores,seores
2153,8,que,que
2153,9,componen,componen
2153,10,las,las
2153,11,Casas,casas
2153,12,grandes,grandes
2153,14,sólo,slo
2153,15,había,haba
2153,16,cuatro,cuatro
2153,17,Casas,casas
2153,18,grandes,grandes
2153,20,Ahtzic-Vinac-Ahau,ahtzicvinacahau
2153,21,se,se
2153,22,llamaba,llamaba
2153,23,el,el
2153,24,primer,primer
2153,25,Señor,seor
2153,26,de,de
2153,27,una,una
2153,28,Casa,casa
2153,29,grande,grande
2154,0,Lolmet-Ahau,lolmetahau
2154,2,segundo,segundo
2154,3,Señor,seor
2154,4,de,de
2154,5,una,una
2154,6,Casa,casa
2154,7,grande,grande
2155,0,Nim-Chocoh-Ahau,nimchocohahau
2155,2,tercer,tercer
2155,3,Señor,seor
2155,4,deuna,deuna
2155,5,Casa,casa
2155,6,grande,grande
2156,0,Hacavitz,hacavitz
2156,2,el,el
2156,3,cuarto,cuarto
2156,4,Señor,seor
2156,5,de,de
2156,6,una,una
2156,7,Casa,casa
2156,8,grande,grande
2157,0,Cuatro,cuatro
2157,1,eran,eran
2157,3,pues,pues
2157,5,las,las
2157,6,Casas,casas
2157,7,grandes,grandes
2157,8,de,de
2157,9,los,los
2157,10,Ahau-Quiché,ahauquich
2158,0,Había,haba
2158,2,pues,pues
2158,4,tres,tres
2158,5,Nim-Chocoh,nimchocoh
2158,7,que,que
2158,8,eran,eran
2158,9,como,como
2158,10,los,los
2158,11,padres,padres
2158,13,investidos,investidos
2158,14,de,de
2158,15,autoridad,autoridad
2158,17,por,por
2158,18,todos,todos
2158,19,los,los
2158,20,Señores,seores
2158,21,del,del
2158,22,Quiché,quich
2159,0,Reúnanse,renanse
2159,1,los,los
2159,2,tres,tres
2159,3,Chocoh,chocoh
2159,4,para,para
2159,5,dar,dar
2159,6,a,a
2159,7,conocer,conocer
2159,8,las,las
2159,9,disposiciones,disposiciones
2159,10,de,de
2159,11,las,las
2159,12,madres,madres
2159,14,las,las
2159,15,disposiciones,disposiciones
2159,16,de,de
2159,17,los,los
2159,18,padres,padres
2160,0,Grande,grande
2160,1,era,era
2160,2,la,la
2160,3,condición,condicin
2160,4,de,de
2160,5,los,los
2160,6,tres,tres
2160,7,Chocoh,chocoh
2161,0,Eran,eran
2161,2,pues,pues
2161,4,el,el
2161,5,Nim-Chocoh,nimchocoh
2161,6,de,de
2161,7,los,los
2161,8,Cavec,cavec
2161,10,el,el
2161,11,Nim-Chocoh,nimchocoh
2161,12,de,de
2161,13,los,los
2161,14,Nihaib,nihaib
2161,16,que,que
2161,17,era,era
2161,18,el,el
2161,19,segundo,segundo
2161,21,y,y
2161,22,el,el
2161,23,Nim-Chocoh-Ahau,nimchocohahau
2161,24,de,de
2161,25,los,los
2161,26,Ahau-Quiché,ahauquich
2161,28,que,que
2161,29,era,era
2161,30,el,el
2161,31,tercer,tercer
2161,32,Nim-Chocoh,nimchocoh
2161,34,o,o
2161,35,sean,sean
2161,36,los,los
2161,37,tres,tres
2161,38,Chocoh,chocoh
2161,40,que,que
2161,41,representaba,representaba
2161,42,cada,cada
2161,43,uno,uno
2161,44,a,a
2161,45,su,su
2161,46,familia,familia
2162,0,Y,y
2162,1,ésta,sta
2162,2,fue,fue
2162,3,la,la
2162,4,existencia,existencia
2162,5,de,de
2162,6,los,los
2162,7,quichés,quichs
2162,9,porque,porque
2162,10,ya,ya
2162,11,no,no
2162,12,puede,puede
2162,13,verse,verse
2162,14,el,el
2162,16,libro,libro
2162,17,Popol,popol
2162,18,Vuh,vuh
2162,20,que,que
2162,21,tenían,tenan
2162,22,antiguamente,antiguamente
2162,23,los,los
2162,24,reyes,reyes
2162,26,pues,pues
2162,27,ha,ha
2162,28,desaparecido,desaparecido
2163,0,Así,as
2163,2,pues,pues
2163,4,se,se
2163,5,han,han
2163,6,acabado,acabado
2163,7,todos,todos
2163,8,los,los
2163,9,del,del
2163,10,Quiché,quich
2163,11,que,que
2163,12,se,se
2163,13,llama,llama
2163,14,Santa,santa
2163,15,Cruz,cruz
